; generated by PrusaSlicer 2.9.1 on 2025-03-13 at 22:17:10 UTC

; 

; external perimeters extrusion width = 0.63mm
; perimeters extrusion width = 0.66mm
; infill extrusion width = 0.66mm
; solid infill extrusion width = 0.66mm
; top infill extrusion width = 0.60mm
; first layer extrusion width = 0.63mm

M201 X500 Y500 Z100 E5000 ; sets maximum accelerations, mm/sec^2
M203 X500 Y500 Z10 E60 ; sets maximum feedrates, mm / sec
M204 S500 T1000 ; sets acceleration (S) and retract acceleration (R), mm/sec^2
M205 X8.00 Y8.00 Z0.40 E5.00 ; sets the jerk limits, mm/sec
M205 S0 T0 ; sets the minimum extruding and travel feed rate, mm/sec

; printing object antenna-magnetometer-holder_2 id:0 copy 0
; stop printing object antenna-magnetometer-holder_2 id:0 copy 0

;TYPE:Custom
G90 ; use absolute coordinates
M83 ; extruder relative mode
M104 S150 ; set temporary nozzle temp to prevent oozing during homing and auto bed leveling
M140 S60 ; set final bed temp
G4 S30 ; allow partial nozzle warmup
G28 ; home all axis
G29 ; auto bed levelling
M420 S1 ; use bed mesh
G1 Z50 F240
G1 X2.0 Y10 F3000
M104 S205 ; set final nozzle temp
M190 S60 ; wait for bed temp to stabilize
M109 S205 ; wait for nozzle temp to stabilize
G1 Z0.28 F240
G92 E0
G1 X2.0 Y140 E10 F1500 ; prime the nozzle
G1 X2.3 Y140 F5000
G92 E0
G1 X2.3 Y10 E10 F1200 ; prime the nozzle
G92 E0
G21 ; set units to millimeters
G90 ; use absolute coordinates
M83 ; use relative distances for extrusion
; Filament gcode
M107
;LAYER_CHANGE
;Z:0.3
;HEIGHT:0.3
G1 E-2 F3600
G1 Z2.3 F9000
G1 X100.938 Y92.068
G1 Z.3
G1 E2 F2400
M204 S500
;TYPE:Skirt/Brim
;WIDTH:0.63
G1 F1200
G1 X102.025 Y90.883 E.11344
G1 X103.827 Y90.345 E.13267
G1 X127.281 Y90.345 E1.65461
G1 X128.84 Y90.738 E.11342
G1 X130.025 Y91.826 E.11349
G1 X130.564 Y93.627 E.13262
G1 X130.564 Y125.012 E2.21412
G1 X130.17 Y126.571 E.11344
G1 X129.083 Y127.756 E.11344
G1 X127.281 Y128.295 E.13269
G1 X103.827 Y128.295 E1.65461
G1 X102.268 Y127.901 E.11344
G1 X101.083 Y126.813 E.11349
G1 X100.544 Y125.012 E.13262
G1 X100.544 Y93.627 E2.21412
G1 X100.916 Y92.155 E.10711
G1 E-1.4 F3600
;WIPE_START
G1 F7200
G1 X100.938 Y92.068 E-.04263
G1 X101.732 Y91.203 E-.55737
;WIPE_END
G1 Z2.3 F9000
; printing object antenna-magnetometer-holder_2 id:0 copy 0
G1 X104.808 Y94.608
G1 Z.3
G1 E2 F2400
;TYPE:Perimeter
;WIDTH:0.63
G1 F1200
G1 X126.301 Y94.608 E1.51627
G1 X126.301 Y105.354 E.7581
G1 X126.301 Y124.031 E1.31761
G1 X104.808 Y124.031 E1.51627
G1 X104.808 Y94.698 E2.06936
G1 X104.242 Y94.042 F9000
;TYPE:External perimeter
G1 F1200
G1 X126.866 Y94.042 E1.59606
G1 X126.866 Y105.354 E.79803
G1 X126.866 Y124.597 E1.35754
G1 X104.242 Y124.597 E1.59606
G1 X104.242 Y94.132 E2.14922
G1 E-1.4 F3600
;WIPE_START
G1 F7200
G1 X104.242 Y94.042 E-.04275
G1 X105.415 Y94.042 E-.55725
;WIPE_END
G1 Z2.3 F9000
G1 X126.12 Y95.95
G1 Z.3
G1 E2 F2400
;TYPE:Solid infill
;WIDTH:0.638107
G1 F1200
G1 X125.214 Y95.044 E.09169
G1 X124.402 Y95.044 E.05811
G1 X125.865 Y96.506 E.148
G1 X125.865 Y97.318 E.05811
G1 X123.591 Y95.044 E.23013
G1 X122.779 Y95.044 E.05811
G1 X125.865 Y98.129 E.31225
G1 X125.865 Y98.941 E.05811
G1 X121.968 Y95.044 E.39437
G1 X121.157 Y95.044 E.05803
G1 X125.865 Y99.752 E.47644
G1 X125.865 Y100.563 E.05803
G1 X120.345 Y95.044 E.55857
G1 X119.534 Y95.044 E.05803
G1 X125.865 Y101.375 E.64069
G1 X125.865 Y102.186 E.05803
G1 X118.723 Y95.044 E.72276
G1 X117.911 Y95.044 E.05811
G1 X125.865 Y102.997 E.80488
G1 X125.865 Y103.809 E.05811
G1 X117.1 Y95.044 E.88701
G1 X116.288 Y95.044 E.05811
G1 X125.865 Y104.62 E.96913
G1 X125.865 Y105.431 E.05803
G1 X115.477 Y95.044 E1.0512
G1 X114.666 Y95.044 E.05803
G1 X125.865 Y106.243 E1.13332
G1 X125.865 Y107.054 E.05803
G1 X113.854 Y95.044 E1.21545
G1 X113.043 Y95.044 E.05803
G1 X125.865 Y107.866 E1.29757
G1 X125.865 Y108.677 E.05803
G1 X112.232 Y95.044 E1.37964
G1 X111.42 Y95.044 E.05811
G1 X125.865 Y109.488 E1.46176
G1 X125.865 Y110.3 E.05811
G1 X110.609 Y95.044 E1.54389
G1 X109.797 Y95.044 E.05811
G1 X125.865 Y111.111 E1.62601
G1 X125.865 Y111.922 E.05803
G1 X108.986 Y95.044 E1.70808
G1 X108.175 Y95.044 E.05803
G1 X125.865 Y112.734 E1.7902
G1 X125.865 Y113.545 E.05803
G1 X107.363 Y95.044 E1.87233
G1 X106.552 Y95.044 E.05803
G1 X125.865 Y114.357 E1.95445
G1 X125.865 Y115.168 E.05803
G1 X105.741 Y95.044 E2.03652
G1 X105.243 Y95.044 E.03564
G1 X105.243 Y95.358 E.02247
G1 X125.865 Y115.979 E2.08687
G1 X125.865 Y116.791 E.05811
G1 X105.243 Y96.169 E2.08692
G1 X105.243 Y96.98 E.05803
G1 X125.865 Y117.602 E2.08692
G1 X125.865 Y118.413 E.05803
G1 X105.243 Y97.792 E2.08687
G1 X105.243 Y98.603 E.05803
G1 X125.865 Y119.225 E2.08692
G1 X125.865 Y120.036 E.05803
G1 X105.243 Y99.414 E2.08692
G1 X105.243 Y100.226 E.05811
G1 X125.865 Y120.848 E2.08692
G1 X125.865 Y121.659 E.05803
G1 X105.243 Y101.037 E2.08692
G1 X105.243 Y101.849 E.05811
G1 X125.865 Y122.47 E2.08687
G1 X125.865 Y123.282 E.05811
G1 X105.243 Y102.66 E2.08692
G1 X105.243 Y103.471 E.05803
G1 X125.368 Y123.596 E2.03662
G1 X124.556 Y123.596 E.05811
G1 X105.243 Y104.283 E1.95445
G1 X105.243 Y105.094 E.05803
G1 X123.745 Y123.596 E1.87238
G1 X122.934 Y123.596 E.05803
G1 X105.243 Y105.905 E1.79031
G1 X105.243 Y106.717 E.05811
G1 X122.122 Y123.596 E1.70813
G1 X121.311 Y123.596 E.05803
G1 X105.243 Y107.528 E1.62606
G1 X105.243 Y108.34 E.05811
G1 X120.499 Y123.596 E1.54389
G1 X119.688 Y123.596 E.05803
G1 X105.243 Y109.151 E1.46181
G1 X105.243 Y109.962 E.05803
G1 X118.877 Y123.596 E1.37974
G1 X118.065 Y123.596 E.05811
G1 X105.243 Y110.774 E1.29757
G1 X105.243 Y111.585 E.05803
G1 X117.254 Y123.596 E1.2155
G1 X116.443 Y123.596 E.05803
G1 X105.243 Y112.396 E1.13343
G1 X105.243 Y113.208 E.05811
G1 X115.631 Y123.596 E1.05125
G1 X114.82 Y123.596 E.05803
G1 X105.243 Y114.019 E.96918
G1 X105.243 Y114.83 E.05803
G1 X114.008 Y123.596 E.88706
G1 X113.197 Y123.596 E.05803
G1 X105.243 Y115.642 E.80493
G1 X105.243 Y116.453 E.05803
G1 X112.386 Y123.596 E.72286
G1 X111.574 Y123.596 E.05811
G1 X105.243 Y117.265 E.64069
G1 X105.243 Y118.076 E.05803
G1 X110.763 Y123.596 E.55862
G1 X109.952 Y123.596 E.05803
G1 X105.243 Y118.887 E.47654
G1 X105.243 Y119.699 E.05811
G1 X109.14 Y123.596 E.39437
G1 X108.329 Y123.596 E.05803
G1 X105.243 Y120.51 E.3123
G1 X105.243 Y121.321 E.05803
G1 X107.517 Y123.596 E.23018
G1 X106.706 Y123.596 E.05803
G1 X105.243 Y122.133 E.14805
G1 X105.243 Y122.944 E.05803
G1 X106.149 Y123.85 E.09169
M106 S255
;LAYER_CHANGE
;Z:0.5
;HEIGHT:0.2
;BEFORE_LAYER_CHANGE
G92 E0
;0.5


G1 E-1.4 F3600
;WIPE_START
G1 F7200
G1 X105.256 Y122.957 E-.6
;WIPE_END
G1 Z.5 F9000
;AFTER_LAYER_CHANGE
;0.5
M104 S200 ; set temperature
M140 S55 ; set bed temperature
; stop printing object antenna-magnetometer-holder_2 id:0 copy 0
G1 Z2.5
G1 X106.149 Y128.295
G1 Z.5
G1 E2 F2400
;TYPE:Skirt/Brim
;WIDTH:0.63
G1 X103.827 Y128.295 E.11335
G1 X102.268 Y127.901 E.0785
G1 X101.083 Y126.813 E.07853
G1 X100.544 Y125.012 E.09177
G1 X100.544 Y93.627 E1.53209
G1 X100.938 Y92.068 E.0785
G1 X102.025 Y90.883 E.0785
G1 X103.827 Y90.345 E.0918
G1 X127.281 Y90.345 E1.14493
G1 X128.84 Y90.738 E.07848
G1 X130.025 Y91.826 E.07853
G1 X130.564 Y93.627 E.09177
G1 X130.564 Y125.012 E1.53209
G1 X130.17 Y126.571 E.0785
G1 X129.083 Y127.756 E.0785
G1 X127.281 Y128.295 E.09182
G1 X106.239 Y128.295 E1.02718
G1 E-1.4 F3600
;WIPE_START
G1 F7200
G1 X106.149 Y128.295 E-.04275
G1 X104.976 Y128.295 E-.55725
;WIPE_END
G1 Z2.5 F9000
; printing object antenna-magnetometer-holder_2 id:0 copy 0
G1 X104.744 Y124.095
G1 Z.5
G1 E2 F2400
;TYPE:Perimeter
;WIDTH:0.659999
G1 X104.744 Y94.544 E1.51627
G1 X126.364 Y94.544 E1.10933
G1 X126.364 Y105.354 E.55466
G1 X126.364 Y124.095 E.96161
G1 X104.834 Y124.095 E1.10471
G1 X104.142 Y124.697 F9000
;TYPE:External perimeter
;WIDTH:0.629999
G1 F1500
G1 X104.142 Y93.942 E1.50133
G1 X126.966 Y93.942 E1.11417
G1 X126.966 Y105.354 E.55709
G1 X126.966 Y124.697 E.94424
G1 X104.232 Y124.697 E1.10978
G1 E-1.4 F3600
;WIPE_START
G1 F7200
G1 X104.142 Y124.697 E-.04275
G1 X104.142 Y123.524 E-.55725
;WIPE_END
G1 Z2.5 F9000
G1 X105.387 Y95.07
G1 Z.5
G1 E2 F2400
;TYPE:Solid infill
;WIDTH:0.80972
G1 X105.319 Y95.002 E.00613
G1 X105.226 Y95.027 E.00614
G1 X105.202 Y95.119 E.00606
G1 X105.269 Y95.187 E.00609
G1 X105.362 Y95.162 E.00614
;WIDTH:0.659999
G1 X106.348 Y95.02 E.05111
G1 X105.152 Y96.221 E.08697
;WIDTH:0.624306
G1 X105.085 Y96.295 E.00483
;WIDTH:0.588613
G1 X105.018 Y96.368 E.0045
;WIDTH:0.55292
G1 X104.973 Y96.323 E.0027
G1 X104.911 Y96.34 E.00273
G1 X104.894 Y96.401 E.00269
G1 X104.94 Y96.446 E.00273
G1 X105.001 Y96.43 E.00267
;WIDTH:0.659999
G1 X105.219 Y97.021 E.03232
G1 X107.22 Y95.02 E.1452
G1 X108.093 Y95.02 E.04479
G1 X105.219 Y97.893 E.20851
G1 X105.219 Y98.766 E.04479
G1 X108.966 Y95.02 E.27186
G1 X109.838 Y95.02 E.04474
G1 X105.219 Y99.639 E.33517
G1 X105.219 Y100.511 E.04474
G1 X110.711 Y95.02 E.39848
G1 X111.584 Y95.02 E.04479
G1 X105.219 Y101.384 E.46183
G1 X105.219 Y102.257 E.04479
G1 X112.456 Y95.02 E.52514
G1 X113.329 Y95.02 E.04479
G1 X105.219 Y103.129 E.58846
G1 X105.219 Y104.002 E.04479
G1 X114.202 Y95.02 E.6518
G1 X115.074 Y95.02 E.04474
G1 X105.219 Y104.875 E.71512
G1 X105.219 Y105.747 E.04474
G1 X115.947 Y95.02 E.77843
G1 X116.82 Y95.02 E.04479
G1 X105.219 Y106.62 E.84178
G1 X105.219 Y107.493 E.04479
G1 X117.693 Y95.02 E.90512
G1 X118.565 Y95.02 E.04474
G1 X105.219 Y108.365 E.9684
G1 X105.219 Y109.238 E.04479
G1 X119.438 Y95.02 E1.03175
G1 X120.311 Y95.02 E.04479
G1 X105.219 Y110.111 E1.0951
G1 X105.219 Y110.983 E.04474
G1 X121.183 Y95.02 E1.15837
G1 X122.056 Y95.02 E.04479
G1 X105.219 Y111.856 E1.22172
G1 X105.219 Y112.729 E.04479
G1 X122.929 Y95.02 E1.28507
G1 X123.801 Y95.02 E.04474
G1 X105.219 Y113.602 E1.34838
G1 X105.219 Y114.474 E.04474
G1 X124.674 Y95.02 E1.41169
G1 X125.547 Y95.02 E.04479
G1 X105.219 Y115.347 E1.47504
G1 X105.219 Y116.22 E.04479
G1 X125.889 Y95.55 E1.49989
G1 X125.889 Y96.423 E.04479
G1 X105.219 Y117.092 E1.49986
G1 X105.219 Y117.965 E.04479
G1 X125.889 Y97.295 E1.49989
G1 X125.889 Y98.168 E.04479
G1 X105.219 Y118.838 E1.49989
G1 X105.219 Y119.71 E.04474
G1 X125.889 Y99.041 E1.49986
G1 X125.889 Y99.913 E.04474
G1 X105.219 Y120.583 E1.49989
G1 X105.219 Y121.456 E.04479
G1 X125.889 Y100.786 E1.49989
G1 X125.889 Y101.659 E.04479
G1 X105.219 Y122.328 E1.49986
G1 X105.136 Y123.793 F9000
;WIDTH:0.55292
G1 F2400
G1 X105.075 Y123.809 E.00267
G1 X105.03 Y123.764 E.0027
G1 X105.046 Y123.703 E.00267
G1 X105.108 Y123.686 E.00273
G1 X105.153 Y123.731 E.0027
;WIDTH:0.588613
G1 X105.175 Y123.554 E.00809
;WIDTH:0.624306
G1 X105.197 Y123.378 E.00857
;WIDTH:0.659999
G1 X105.219 Y123.201 E.00915
G1 X125.889 Y102.531 E1.49989
G1 X125.889 Y103.404 E.04479
G1 X105.674 Y123.62 E1.46691
G1 X106.546 Y123.62 E.04474
G1 X125.889 Y104.277 E1.4036
G1 X125.889 Y105.15 E.04479
G1 X107.419 Y123.62 E1.34025
G1 X108.292 Y123.62 E.04479
G1 X125.889 Y106.022 E1.27694
G1 X125.889 Y106.895 E.04479
G1 X109.164 Y123.62 E1.21363
G1 X110.037 Y123.62 E.04479
G1 X125.889 Y107.768 E1.15028
G1 X125.889 Y108.64 E.04474
G1 X110.91 Y123.62 E1.08697
G1 X111.782 Y123.62 E.04474
G1 X125.889 Y109.513 E1.02366
G1 X125.889 Y110.386 E.04479
G1 X112.655 Y123.62 E.96031
G1 X113.528 Y123.62 E.04479
G1 X125.889 Y111.258 E.897
G1 X125.889 Y112.131 E.04479
G1 X114.4 Y123.62 E.83369
G1 X115.273 Y123.62 E.04479
G1 X125.889 Y113.004 E.77034
G1 X125.889 Y113.876 E.04474
G1 X116.146 Y123.62 E.70703
G1 X117.018 Y123.62 E.04474
G1 X125.889 Y114.749 E.64371
G1 X125.889 Y115.622 E.04479
G1 X117.891 Y123.62 E.58036
G1 X118.764 Y123.62 E.04479
G1 X125.889 Y116.494 E.51705
G1 X125.889 Y117.367 E.04479
G1 X119.636 Y123.62 E.45374
G1 X120.509 Y123.62 E.04479
G1 X125.889 Y118.24 E.39039
G1 X125.889 Y119.112 E.04474
G1 X121.382 Y123.62 E.32708
G1 X122.254 Y123.62 E.04474
G1 X125.889 Y119.985 E.26377
G1 X125.889 Y120.858 E.04479
G1 X123.127 Y123.62 E.20042
G1 X124 Y123.62 E.04479
G1 X125.889 Y121.73 E.13711
G1 X125.894 Y122.59 E.04413
;WIDTH:0.649153
G1 X125.894 Y123.625 E.05217
G1 X124.859 Y123.625 E.05217
G1 X125.676 Y122.808 E.05824
;LAYER_CHANGE
;Z:0.7
;HEIGHT:0.2
;BEFORE_LAYER_CHANGE
G92 E0
;0.7


G1 E-1.4 F3600
;WIPE_START
G1 F7200
G1 X124.859 Y123.625 E-.54882
G1 X124.967 Y123.625 E-.05118
;WIPE_END
G1 Z.7 F9000
;AFTER_LAYER_CHANGE
;0.7
G1 Z.7
G1 X126.364 Y124.095
G1 E2 F2400
;TYPE:Perimeter
;WIDTH:0.659999
G1 X104.744 Y124.095 E1.10933
G1 X104.744 Y94.544 E1.51627
G1 X126.364 Y94.544 E1.10933
G1 X126.364 Y105.354 E.55466
G1 X126.364 Y124.005 E.95699
G1 X126.966 Y124.697 F9000
;TYPE:External perimeter
;WIDTH:0.629999
G1 F1500
G1 X104.142 Y124.697 E1.11417
G1 X104.142 Y93.942 E1.50133
G1 X126.966 Y93.942 E1.11417
G1 X126.966 Y105.354 E.55709
G1 X126.966 Y124.607 E.93985
G1 E-1.4 F3600
;WIPE_START
G1 F7200
G1 X126.966 Y124.697 E-.04275
G1 X125.793 Y124.697 E-.55725
;WIPE_END
G1 Z2.7 F9000
G1 X105.269 Y123.452
G1 Z.7
G1 E2 F2400
;TYPE:Solid infill
;WIDTH:0.80972
G1 X105.202 Y123.52 E.00609
G1 X105.226 Y123.612 E.00606
G1 X105.319 Y123.637 E.00614
G1 X105.387 Y123.569 E.00613
G1 X105.362 Y123.477 E.00608
;WIDTH:0.659999
G1 X106.348 Y123.62 E.05112
G1 X105.219 Y122.491 E.08192
G1 X105.147 Y122.397 E.00608
;WIDTH:0.624306
G1 X105.074 Y122.303 E.00575
;WIDTH:0.588613
G1 X105.001 Y122.209 E.0054
;WIDTH:0.55292
G1 X105.018 Y122.271 E.00273
G1 X104.973 Y122.316 E.0027
G1 X104.911 Y122.299 E.00273
G1 X104.894 Y122.238 E.00269
G1 X104.94 Y122.193 E.00273
;WIDTH:0.659999
G1 X105.219 Y121.619 E.03275
G1 X107.22 Y123.62 E.1452
G1 X108.093 Y123.62 E.04479
G1 X105.219 Y120.746 E.20855
G1 X105.219 Y119.873 E.04479
G1 X108.966 Y123.62 E.2719
G1 X109.838 Y123.62 E.04474
G1 X105.219 Y119.001 E.33517
G1 X105.219 Y118.128 E.04479
G1 X110.711 Y123.62 E.39852
G1 X111.584 Y123.62 E.04479
G1 X105.219 Y117.255 E.46187
G1 X105.219 Y116.382 E.04479
G1 X112.456 Y123.62 E.52518
G1 X113.329 Y123.62 E.04479
G1 X105.219 Y115.51 E.58849
G1 X105.219 Y114.637 E.04479
G1 X114.202 Y123.62 E.65184
G1 X115.074 Y123.62 E.04474
G1 X105.219 Y113.764 E.71515
G1 X105.219 Y112.892 E.04474
G1 X115.947 Y123.62 E.77846
G1 X116.82 Y123.62 E.04479
G1 X105.219 Y112.019 E.84181
G1 X105.219 Y111.146 E.04479
G1 X117.693 Y123.62 E.90516
G1 X118.565 Y123.62 E.04474
G1 X105.219 Y110.274 E.96844
G1 X105.219 Y109.401 E.04479
G1 X119.438 Y123.62 E1.03178
G1 X120.311 Y123.62 E.04479
G1 X105.219 Y108.528 E1.09513
G1 X105.219 Y107.656 E.04474
G1 X121.183 Y123.62 E1.15841
G1 X122.056 Y123.62 E.04479
G1 X105.219 Y106.783 E1.22176
G1 X105.219 Y105.91 E.04479
G1 X122.929 Y123.62 E1.2851
G1 X123.801 Y123.62 E.04474
G1 X105.219 Y105.038 E1.34838
G1 X105.219 Y104.165 E.04479
G1 X124.674 Y123.62 E1.41173
G1 X126.069 Y123.71 F9000
;WIDTH:0.55292
G1 F2400
G1 X126.086 Y123.771 E.00269
G1 X126.041 Y123.817 E.00273
G1 X125.979 Y123.8 E.00273
G1 X125.963 Y123.738 E.00272
G1 X126.008 Y123.693 E.0027
;WIDTH:0.588613
G1 X125.854 Y123.669 E.00707
;WIDTH:0.624306
G1 X125.7 Y123.644 E.00754
;WIDTH:0.659999
G1 X125.547 Y123.62 E.00795
G1 X105.219 Y103.292 E1.47508
G1 X105.219 Y102.42 E.04474
G1 X125.889 Y123.089 E1.49986
G1 X125.889 Y122.216 E.04479
G1 X105.219 Y101.547 E1.49986
G1 X105.219 Y100.674 E.04479
G1 X125.889 Y121.344 E1.49989
G1 X125.889 Y120.471 E.04479
G1 X105.219 Y99.802 E1.49986
G1 X105.219 Y98.929 E.04479
G1 X125.889 Y119.598 E1.49986
G1 X125.889 Y118.726 E.04474
G1 X105.219 Y98.056 E1.49989
G1 X105.219 Y97.184 E.04474
G1 X125.889 Y117.853 E1.49986
G1 X125.889 Y116.98 E.04479
G1 X105.219 Y96.311 E1.49986
G1 X105.075 Y94.83 F9000
;WIDTH:0.55292
G1 F2400
G1 X105.03 Y94.875 E.0027
G1 X105.046 Y94.937 E.00272
G1 X105.108 Y94.953 E.00272
G1 X105.153 Y94.908 E.0027
G1 X105.136 Y94.846 E.00273
;WIDTH:0.588613
G1 X105.164 Y95.044 E.00907
;WIDTH:0.624306
G1 X105.192 Y95.241 E.00962
;WIDTH:0.659999
G1 X105.219 Y95.438 E.0102
G1 X125.889 Y116.108 E1.49989
G1 X125.889 Y115.235 E.04479
G1 X105.674 Y95.02 E1.46688
G1 X106.546 Y95.02 E.04474
G1 X125.889 Y114.362 E1.40356
G1 X125.889 Y113.49 E.04474
G1 X107.419 Y95.02 E1.34025
G1 X108.292 Y95.02 E.04479
G1 X125.889 Y112.617 E1.2769
G1 X125.889 Y111.744 E.04479
G1 X109.164 Y95.02 E1.21359
G1 X110.037 Y95.02 E.04479
G1 X125.889 Y110.872 E1.15028
G1 X125.889 Y109.999 E.04479
G1 X110.91 Y95.02 E1.08693
G1 X111.782 Y95.02 E.04474
G1 X125.889 Y109.126 E1.02362
G1 X125.889 Y108.254 E.04474
G1 X112.655 Y95.02 E.96031
G1 X113.528 Y95.02 E.04479
G1 X125.889 Y107.381 E.89696
G1 X125.889 Y106.508 E.04479
G1 X114.4 Y95.02 E.83365
G1 X115.273 Y95.02 E.04479
G1 X125.889 Y105.636 E.77034
G1 X125.889 Y104.763 E.04479
G1 X116.146 Y95.02 E.70699
G1 X117.018 Y95.02 E.04474
G1 X125.889 Y103.89 E.64368
G1 X125.889 Y103.017 E.04479
G1 X117.891 Y95.02 E.58033
G1 X118.764 Y95.02 E.04479
G1 X125.889 Y102.145 E.51702
G1 X125.889 Y101.272 E.04479
G1 X119.636 Y95.02 E.4537
G1 X120.509 Y95.02 E.04479
G1 X125.889 Y100.399 E.39036
G1 X125.889 Y99.527 E.04474
G1 X121.382 Y95.02 E.32704
G1 X122.254 Y95.02 E.04474
G1 X125.889 Y98.654 E.26373
G1 X125.889 Y97.781 E.04479
G1 X123.127 Y95.02 E.20038
G1 X124 Y95.02 E.04479
G1 X125.889 Y96.909 E.13707
G1 X125.078 Y95.232 F9000
;WIDTH:0.649153
G1 F2400
G1 X125.894 Y96.049 E.05821
G1 X125.894 Y95.014 E.05217
G1 X124.859 Y95.014 E.05217
;LAYER_CHANGE
;Z:0.9
;HEIGHT:0.2
;BEFORE_LAYER_CHANGE
G92 E0
;0.9


G1 E-1.4 F3600
;WIPE_START
G1 F7200
G1 X125.894 Y95.014 E-.49162
G1 X125.894 Y95.242 E-.10838
;WIPE_END
G1 Z.9 F9000
;AFTER_LAYER_CHANGE
;0.9
G1 Z.9
G1 X126.364 Y94.544
G1 E2 F2400
;TYPE:Perimeter
;WIDTH:0.659999
G1 X126.364 Y105.354 E.55466
G1 X126.364 Y124.095 E.96161
G1 X104.744 Y124.095 E1.10933
G1 X104.744 Y94.544 E1.51627
G1 X126.274 Y94.544 E1.10471
G1 X126.966 Y93.942 F9000
;TYPE:External perimeter
;WIDTH:0.629999
G1 F1500
G1 X126.966 Y105.354 E.55709
G1 X126.966 Y124.697 E.94424
G1 X104.142 Y124.697 E1.11417
G1 X104.142 Y93.942 E1.50133
G1 X126.876 Y93.942 E1.10978
G1 E-1.4 F3600
;WIPE_START
G1 F7200
G1 X126.966 Y93.942 E-.04275
G1 X126.966 Y95.115 E-.55725
;WIPE_END
G1 Z2.9 F9000
G1 X105.387 Y95.07
G1 Z.9
G1 E2 F2400
;TYPE:Solid infill
;WIDTH:0.80972
G1 X105.319 Y95.002 E.00613
G1 X105.226 Y95.027 E.00614
G1 X105.202 Y95.119 E.00606
G1 X105.269 Y95.187 E.00609
G1 X105.362 Y95.162 E.00614
;WIDTH:0.659999
G1 X106.348 Y95.02 E.05111
G1 X105.152 Y96.221 E.08697
;WIDTH:0.624306
G1 X105.085 Y96.295 E.00483
;WIDTH:0.588613
G1 X105.018 Y96.368 E.0045
;WIDTH:0.55292
G1 X104.973 Y96.323 E.0027
G1 X104.911 Y96.34 E.00273
G1 X104.894 Y96.401 E.00269
G1 X104.94 Y96.446 E.00273
G1 X105.001 Y96.43 E.00267
;WIDTH:0.659999
G1 X105.219 Y97.021 E.03232
G1 X107.22 Y95.02 E.1452
G1 X108.093 Y95.02 E.04479
G1 X105.219 Y97.893 E.20851
G1 X105.219 Y98.766 E.04479
G1 X108.966 Y95.02 E.27186
G1 X109.838 Y95.02 E.04474
G1 X105.219 Y99.639 E.33517
G1 X105.219 Y100.511 E.04474
G1 X110.711 Y95.02 E.39848
G1 X111.584 Y95.02 E.04479
G1 X105.219 Y101.384 E.46183
G1 X105.219 Y102.257 E.04479
G1 X112.456 Y95.02 E.52514
G1 X113.329 Y95.02 E.04479
G1 X105.219 Y103.129 E.58846
G1 X105.219 Y104.002 E.04479
G1 X114.202 Y95.02 E.6518
G1 X115.074 Y95.02 E.04474
G1 X105.219 Y104.875 E.71512
G1 X105.219 Y105.747 E.04474
G1 X115.947 Y95.02 E.77843
G1 X116.82 Y95.02 E.04479
G1 X105.219 Y106.62 E.84178
G1 X105.219 Y107.493 E.04479
G1 X117.693 Y95.02 E.90512
G1 X118.565 Y95.02 E.04474
G1 X105.219 Y108.365 E.9684
G1 X105.219 Y109.238 E.04479
G1 X119.438 Y95.02 E1.03175
G1 X120.311 Y95.02 E.04479
G1 X105.219 Y110.111 E1.0951
G1 X105.219 Y110.983 E.04474
G1 X121.183 Y95.02 E1.15837
G1 X122.056 Y95.02 E.04479
G1 X105.219 Y111.856 E1.22172
G1 X105.219 Y112.729 E.04479
G1 X122.929 Y95.02 E1.28507
G1 X123.801 Y95.02 E.04474
G1 X105.219 Y113.602 E1.34838
G1 X105.219 Y114.474 E.04474
G1 X124.674 Y95.02 E1.41169
G1 X125.547 Y95.02 E.04479
G1 X105.219 Y115.347 E1.47504
G1 X105.219 Y116.22 E.04479
G1 X125.889 Y95.55 E1.49989
G1 X125.889 Y96.423 E.04479
G1 X105.219 Y117.092 E1.49986
G1 X105.219 Y117.965 E.04479
G1 X125.889 Y97.295 E1.49989
G1 X125.889 Y98.168 E.04479
G1 X105.219 Y118.838 E1.49989
G1 X105.219 Y119.71 E.04474
G1 X125.889 Y99.041 E1.49986
G1 X125.889 Y99.913 E.04474
G1 X105.219 Y120.583 E1.49989
G1 X105.219 Y121.456 E.04479
G1 X125.889 Y100.786 E1.49989
G1 X125.889 Y101.659 E.04479
G1 X105.219 Y122.328 E1.49986
G1 X105.136 Y123.793 F9000
;WIDTH:0.55292
G1 F2400
G1 X105.075 Y123.809 E.00267
G1 X105.03 Y123.764 E.0027
G1 X105.046 Y123.703 E.00267
G1 X105.108 Y123.686 E.00273
G1 X105.153 Y123.731 E.0027
;WIDTH:0.588613
G1 X105.175 Y123.554 E.00809
;WIDTH:0.624306
G1 X105.197 Y123.378 E.00857
;WIDTH:0.659999
G1 X105.219 Y123.201 E.00915
G1 X125.889 Y102.531 E1.49989
G1 X125.889 Y103.404 E.04479
G1 X105.674 Y123.62 E1.46691
G1 X106.546 Y123.62 E.04474
G1 X125.889 Y104.277 E1.4036
G1 X125.889 Y105.15 E.04479
G1 X107.419 Y123.62 E1.34025
G1 X108.292 Y123.62 E.04479
G1 X125.889 Y106.022 E1.27694
G1 X125.889 Y106.895 E.04479
G1 X109.164 Y123.62 E1.21363
G1 X110.037 Y123.62 E.04479
G1 X125.889 Y107.768 E1.15028
G1 X125.889 Y108.64 E.04474
G1 X110.91 Y123.62 E1.08697
G1 X111.782 Y123.62 E.04474
G1 X125.889 Y109.513 E1.02366
G1 X125.889 Y110.386 E.04479
G1 X112.655 Y123.62 E.96031
G1 X113.528 Y123.62 E.04479
G1 X125.889 Y111.258 E.897
G1 X125.889 Y112.131 E.04479
G1 X114.4 Y123.62 E.83369
G1 X115.273 Y123.62 E.04479
G1 X125.889 Y113.004 E.77034
G1 X125.889 Y113.876 E.04474
G1 X116.146 Y123.62 E.70703
G1 X117.018 Y123.62 E.04474
G1 X125.889 Y114.749 E.64371
G1 X125.889 Y115.622 E.04479
G1 X117.891 Y123.62 E.58036
G1 X118.764 Y123.62 E.04479
G1 X125.889 Y116.494 E.51705
G1 X125.889 Y117.367 E.04479
G1 X119.636 Y123.62 E.45374
G1 X120.509 Y123.62 E.04479
G1 X125.889 Y118.24 E.39039
G1 X125.889 Y119.112 E.04474
G1 X121.382 Y123.62 E.32708
G1 X122.254 Y123.62 E.04474
G1 X125.889 Y119.985 E.26377
G1 X125.889 Y120.858 E.04479
G1 X123.127 Y123.62 E.20042
G1 X124 Y123.62 E.04479
G1 X125.889 Y121.73 E.13711
G1 X125.894 Y122.59 E.04413
;WIDTH:0.649153
G1 X125.894 Y123.625 E.05217
G1 X124.859 Y123.625 E.05217
G1 X125.676 Y122.808 E.05824
;LAYER_CHANGE
;Z:1.1
;HEIGHT:0.2
;BEFORE_LAYER_CHANGE
G92 E0
;1.1


G1 E-1.4 F3600
;WIPE_START
G1 F7200
G1 X124.859 Y123.625 E-.54882
G1 X124.967 Y123.625 E-.05118
;WIPE_END
G1 Z1.1 F9000
;AFTER_LAYER_CHANGE
;1.1
G1 Z1.1
G1 X126.364 Y124.095
G1 E2 F2400
;TYPE:Perimeter
;WIDTH:0.659999
G1 F1210
G1 X104.744 Y124.095 E1.10933
G1 X104.744 Y94.544 E1.51627
G1 X126.364 Y94.544 E1.10933
G1 X126.364 Y105.354 E.55466
G1 X126.364 Y124.005 E.95699
G1 X126.966 Y124.697 F9000
;TYPE:External perimeter
;WIDTH:0.629999
G1 F1210
G1 X104.142 Y124.697 E1.11417
G1 X104.142 Y93.942 E1.50133
G1 X126.966 Y93.942 E1.11417
G1 X126.966 Y105.354 E.55709
G1 X126.966 Y124.607 E.93985
G1 E-1.4 F3600
;WIPE_START
G1 F7200
G1 X126.966 Y124.697 E-.04275
G1 X125.793 Y124.697 E-.55725
;WIPE_END
G1 Z3.1 F9000
G1 X120.823 Y95.02
G1 Z1.1
G1 E2 F2400
;TYPE:Internal infill
;WIDTH:0.66
G1 F1210
G1 X124.526 Y95.02 E.19
G1 X125.889 Y96.383 E.0989
G1 X125.889 Y98.985 E.13351
G1 X105.219 Y119.654 E1.49986
G1 X105.219 Y122.256 E.13351
G1 X106.583 Y123.62 E.09898
G1 X112.89 Y123.62 E.32361
G1 X125.889 Y110.621 E.94326
G1 X125.889 Y108.019 E.13351
G1 X112.89 Y95.02 E.94326
G1 X118.218 Y95.02 E.27338
G1 X105.219 Y108.019 E.94326
G1 X105.219 Y110.621 E.13351
G1 X118.218 Y123.62 E.94326
G1 X124.526 Y123.62 E.32367
G1 X125.889 Y122.256 E.09894
G1 X125.889 Y119.654 E.13351
G1 X105.219 Y98.985 E1.49986
G1 X105.219 Y96.383 E.13351
G1 X106.583 Y95.02 E.09894
G1 X110.285 Y95.02 E.18995
;LAYER_CHANGE
;Z:1.3
;HEIGHT:0.2
;BEFORE_LAYER_CHANGE
G92 E0
;1.3


G1 E-1.4 F3600
;WIPE_START
G1 F7200
G1 X109.022 Y95.02 E-.6
;WIPE_END
G1 Z1.3 F9000
;AFTER_LAYER_CHANGE
;1.3
G1 Z3.3
G1 X104.744 Y94.544
G1 Z1.3
G1 E2 F2400
;TYPE:Perimeter
;WIDTH:0.659999
G1 F1204
G1 X126.364 Y94.544 E1.10933
G1 X126.364 Y105.354 E.55466
G1 X126.364 Y124.095 E.96161
G1 X104.744 Y124.095 E1.10933
G1 X104.744 Y94.634 E1.51165
G1 X104.142 Y93.942 F9000
;TYPE:External perimeter
;WIDTH:0.629999
G1 F1204
G1 X126.966 Y93.942 E1.11417
G1 X126.966 Y105.354 E.55709
G1 X126.966 Y124.697 E.94424
G1 X104.142 Y124.697 E1.11417
G1 X104.142 Y94.032 E1.49694
G1 E-1.4 F3600
;WIPE_START
G1 F7200
G1 X104.142 Y93.942 E-.04275
G1 X105.315 Y93.942 E-.55725
;WIPE_END
G1 Z3.3 F9000
G1 X110.285 Y95.02
G1 Z1.3
G1 E2 F2400
;TYPE:Internal infill
;WIDTH:0.66
G1 F1204
G1 X106.583 Y95.02 E.18995
G1 X105.219 Y96.383 E.09894
G1 X105.219 Y98.985 E.13351
G1 X125.889 Y119.654 E1.49986
G1 X125.889 Y122.256 E.13351
G1 X124.526 Y123.62 E.09894
G1 X118.218 Y123.62 E.32367
G1 X105.219 Y110.621 E.94326
G1 X105.219 Y108.019 E.13351
G1 X118.218 Y95.02 E.94326
G1 X112.89 Y95.02 E.27338
G1 X125.889 Y108.019 E.94326
G1 X125.889 Y110.621 E.13351
G1 X112.89 Y123.62 E.94326
G1 X106.583 Y123.62 E.32361
G1 X105.219 Y122.256 E.09898
G1 X105.219 Y119.654 E.13351
G1 X125.889 Y98.985 E1.49986
G1 X125.889 Y96.383 E.13351
G1 X124.526 Y95.02 E.0989
G1 X120.823 Y95.02 E.19
;LAYER_CHANGE
;Z:1.5
;HEIGHT:0.2
;BEFORE_LAYER_CHANGE
G92 E0
;1.5


G1 E-1.4 F3600
;WIPE_START
G1 F7200
G1 X122.086 Y95.02 E-.6
;WIPE_END
G1 Z1.5 F9000
;AFTER_LAYER_CHANGE
;1.5
G1 Z3.5
G1 X126.364 Y94.544
G1 Z1.5
G1 E2 F2400
;TYPE:Perimeter
;WIDTH:0.659999
G1 F1203
G1 X126.364 Y105.354 E.55466
G1 X126.364 Y124.095 E.96161
G1 X104.744 Y124.095 E1.10933
G1 X104.744 Y94.544 E1.51627
G1 X126.274 Y94.544 E1.10471
G1 X126.966 Y93.942 F9000
;TYPE:External perimeter
;WIDTH:0.629999
G1 F1203
G1 X126.966 Y105.354 E.55709
G1 X126.966 Y124.697 E.94424
G1 X104.142 Y124.697 E1.11417
G1 X104.142 Y93.942 E1.50133
G1 X126.876 Y93.942 E1.10978
G1 E-1.4 F3600
;WIPE_START
G1 F7200
G1 X126.966 Y93.942 E-.04275
G1 X126.966 Y95.115 E-.55725
;WIPE_END
G1 Z3.5 F9000
G1 X120.823 Y95.02
G1 Z1.5
G1 E2 F2400
;TYPE:Internal infill
;WIDTH:0.66
G1 F1203
G1 X124.526 Y95.02 E.19
G1 X125.889 Y96.383 E.0989
G1 X125.889 Y98.985 E.13351
G1 X105.219 Y119.654 E1.49986
G1 X105.219 Y122.256 E.13351
G1 X106.583 Y123.62 E.09898
G1 X112.89 Y123.62 E.32361
G1 X125.889 Y110.621 E.94326
G1 X125.889 Y108.019 E.13351
G1 X112.89 Y95.02 E.94326
G1 X118.218 Y95.02 E.27338
G1 X105.219 Y108.019 E.94326
G1 X105.219 Y110.621 E.13351
G1 X118.218 Y123.62 E.94326
G1 X124.526 Y123.62 E.32367
G1 X125.889 Y122.256 E.09894
G1 X125.889 Y119.654 E.13351
G1 X105.219 Y98.985 E1.49986
G1 X105.219 Y96.383 E.13351
G1 X106.583 Y95.02 E.09894
G1 X110.285 Y95.02 E.18995
;LAYER_CHANGE
;Z:1.7
;HEIGHT:0.2
;BEFORE_LAYER_CHANGE
G92 E0
;1.7


G1 E-1.4 F3600
;WIPE_START
G1 F7200
G1 X109.022 Y95.02 E-.6
;WIPE_END
G1 Z1.7 F9000
;AFTER_LAYER_CHANGE
;1.7
G1 Z3.7
G1 X104.744 Y94.544
G1 Z1.7
G1 E2 F2400
;TYPE:Perimeter
;WIDTH:0.659999
G1 F1204
G1 X126.364 Y94.544 E1.10933
G1 X126.364 Y105.354 E.55466
G1 X126.364 Y124.095 E.96161
G1 X104.744 Y124.095 E1.10933
G1 X104.744 Y94.634 E1.51165
G1 X104.142 Y93.942 F9000
;TYPE:External perimeter
;WIDTH:0.629999
G1 F1204
G1 X126.966 Y93.942 E1.11417
G1 X126.966 Y105.354 E.55709
G1 X126.966 Y124.697 E.94424
G1 X104.142 Y124.697 E1.11417
G1 X104.142 Y94.032 E1.49694
G1 E-1.4 F3600
;WIPE_START
G1 F7200
G1 X104.142 Y93.942 E-.04275
G1 X105.315 Y93.942 E-.55725
;WIPE_END
G1 Z3.7 F9000
G1 X110.285 Y95.02
G1 Z1.7
G1 E2 F2400
;TYPE:Internal infill
;WIDTH:0.66
G1 F1204
G1 X106.583 Y95.02 E.18995
G1 X105.219 Y96.383 E.09894
G1 X105.219 Y98.985 E.13351
G1 X125.889 Y119.654 E1.49986
G1 X125.889 Y122.256 E.13351
G1 X124.526 Y123.62 E.09894
G1 X118.218 Y123.62 E.32367
G1 X105.219 Y110.621 E.94326
G1 X105.219 Y108.019 E.13351
G1 X118.218 Y95.02 E.94326
G1 X112.89 Y95.02 E.27338
G1 X125.889 Y108.019 E.94326
G1 X125.889 Y110.621 E.13351
G1 X112.89 Y123.62 E.94326
G1 X106.583 Y123.62 E.32361
G1 X105.219 Y122.256 E.09898
G1 X105.219 Y119.654 E.13351
G1 X125.889 Y98.985 E1.49986
G1 X125.889 Y96.383 E.13351
G1 X124.526 Y95.02 E.0989
G1 X120.823 Y95.02 E.19
;LAYER_CHANGE
;Z:1.9
;HEIGHT:0.2
;BEFORE_LAYER_CHANGE
G92 E0
;1.9


G1 E-1.4 F3600
;WIPE_START
G1 F7200
G1 X122.086 Y95.02 E-.6
;WIPE_END
G1 Z1.9 F9000
;AFTER_LAYER_CHANGE
;1.9
G1 Z3.9
G1 X126.364 Y94.544
G1 Z1.9
G1 E2 F2400
;TYPE:Perimeter
;WIDTH:0.659999
G1 F1203
G1 X126.364 Y105.354 E.55466
G1 X126.364 Y124.095 E.96161
G1 X104.744 Y124.095 E1.10933
G1 X104.744 Y94.544 E1.51627
G1 X126.274 Y94.544 E1.10471
G1 X126.966 Y93.942 F9000
;TYPE:External perimeter
;WIDTH:0.629999
G1 F1203
G1 X126.966 Y105.354 E.55709
G1 X126.966 Y124.697 E.94424
G1 X104.142 Y124.697 E1.11417
G1 X104.142 Y93.942 E1.50133
G1 X126.876 Y93.942 E1.10978
G1 E-1.4 F3600
;WIPE_START
G1 F7200
G1 X126.966 Y93.942 E-.04275
G1 X126.966 Y95.115 E-.55725
;WIPE_END
G1 Z3.9 F9000
G1 X120.823 Y95.02
G1 Z1.9
G1 E2 F2400
;TYPE:Internal infill
;WIDTH:0.66
G1 F1203
G1 X124.526 Y95.02 E.19
G1 X125.889 Y96.383 E.0989
G1 X125.889 Y98.985 E.13351
G1 X105.219 Y119.654 E1.49986
G1 X105.219 Y122.256 E.13351
G1 X106.583 Y123.62 E.09898
G1 X112.89 Y123.62 E.32361
G1 X125.889 Y110.621 E.94326
G1 X125.889 Y108.019 E.13351
G1 X112.89 Y95.02 E.94326
G1 X118.218 Y95.02 E.27338
G1 X105.219 Y108.019 E.94326
G1 X105.219 Y110.621 E.13351
G1 X118.218 Y123.62 E.94326
G1 X124.526 Y123.62 E.32367
G1 X125.889 Y122.256 E.09894
G1 X125.889 Y119.654 E.13351
G1 X105.219 Y98.985 E1.49986
G1 X105.219 Y96.383 E.13351
G1 X106.583 Y95.02 E.09894
G1 X110.285 Y95.02 E.18995
;LAYER_CHANGE
;Z:2.1
;HEIGHT:0.2
;BEFORE_LAYER_CHANGE
G92 E0
;2.1


G1 E-1.4 F3600
;WIPE_START
G1 F7200
G1 X109.022 Y95.02 E-.6
;WIPE_END
G1 Z2.1 F9000
;AFTER_LAYER_CHANGE
;2.1
G1 Z4.1
G1 X104.744 Y94.544
G1 Z2.1
G1 E2 F2400
;TYPE:Perimeter
;WIDTH:0.659999
G1 F1463
G1 X126.364 Y94.544 E1.10933
G1 X126.364 Y105.354 E.55466
G1 X126.364 Y124.095 E.96161
G1 X104.744 Y124.095 E1.10933
G1 X104.744 Y94.634 E1.51165
G1 X104.142 Y93.942 F9000
;TYPE:External perimeter
;WIDTH:0.629999
G1 F1463
G1 X126.966 Y93.942 E1.11417
G1 X126.966 Y105.354 E.55709
G1 X126.966 Y124.697 E.94424
G1 X104.142 Y124.697 E1.11417
G1 X104.142 Y94.032 E1.49694
G1 E-1.4 F3600
;WIPE_START
G1 F7200
G1 X104.142 Y93.942 E-.04275
G1 X105.315 Y93.942 E-.55725
;WIPE_END
G1 Z4.1 F9000
G1 X105.836 Y95.899
G1 Z2.1
G1 E2 F2400
;TYPE:Internal infill
;WIDTH:0.66
G1 F1463
G1 X105.836 Y99.602 E.19
G1 X125.272 Y119.037 E1.41031
G1 X125.272 Y123.002 E.20345
G1 X117.601 Y123.002 E.3936
G1 X105.836 Y111.238 E.85368
G1 X105.836 Y107.401 E.19688
G1 X117.601 Y95.637 E.85368
G1 X113.507 Y95.637 E.21006
G1 X125.272 Y107.401 E.85368
G1 X125.272 Y111.238 E.19688
G1 X113.507 Y123.002 E.85368
G1 X105.836 Y123.002 E.3936
G1 X105.836 Y119.037 E.20345
G1 X125.272 Y99.602 E1.41031
G1 X125.272 Y95.899 E.19
G1 X125.58 Y95.02 F9000
;TYPE:Solid infill
;WIDTH:0.6953
G1 F1463
G1 X125.666 Y95.037 E.00476
;WIDTH:0.730592
G1 X125.751 Y95.055 E.00497
;WIDTH:0.765884
G1 X125.836 Y95.073 E.00522
G1 X125.854 Y95.158 E.00522
;WIDTH:0.730592
G1 X125.871 Y95.243 E.00496
;WIDTH:0.6953
G1 X125.889 Y95.328 E.00471
;WIDTH:0.660008
G1 X125.889 Y123.311 E1.43584
;WIDTH:0.695301
G1 X125.871 Y123.396 E.00471
;WIDTH:0.730594
G1 X125.854 Y123.481 E.00496
;WIDTH:0.765886
G1 X125.836 Y123.567 E.00528
G1 X125.769 Y123.583 E.00414
;WIDTH:0.732153
G1 X125.701 Y123.6 E.00402
;WIDTH:0.69842
G1 X125.634 Y123.617 E.00377
;WIDTH:0.664686
G1 X125.58 Y123.62 E.0028
;WIDTH:0.660008
G1 X105.528 Y123.62 E1.02889
;WIDTH:0.695298
G1 X105.443 Y123.602 E.00471
;WIDTH:0.73059
G1 X105.358 Y123.584 E.00497
;WIDTH:0.765882
G1 X105.272 Y123.567 E.00527
G1 X105.255 Y123.481 E.00527
;WIDTH:0.730591
G1 X105.237 Y123.396 E.00497
;WIDTH:0.6953
G1 X105.219 Y123.311 E.00471
;WIDTH:0.660008
G1 X105.219 Y95.328 E1.43584
;WIDTH:0.695301
G1 X105.237 Y95.243 E.00471
;WIDTH:0.730594
G1 X105.255 Y95.158 E.00497
;WIDTH:0.765886
G1 X105.272 Y95.073 E.00521
G1 X105.358 Y95.055 E.00528
;WIDTH:0.730594
G1 X105.443 Y95.037 E.00497
;WIDTH:0.695302
G1 X105.528 Y95.02 E.0047
;WIDTH:0.66001
G1 X125.272 Y95.02 E1.01309
;LAYER_CHANGE
;Z:2.3
;HEIGHT:0.2
;BEFORE_LAYER_CHANGE
G92 E0
;2.3


G1 E-1.4 F3600
;WIPE_START
G1 F7200
G1 X124.009 Y95.02 E-.6
;WIPE_END
G1 Z2.3 F9000
;AFTER_LAYER_CHANGE
;2.3
G1 Z4.3
G1 X126.364 Y94.544
G1 Z2.3
G1 E2 F2400
;TYPE:Perimeter
;WIDTH:0.659999
G1 X126.364 Y105.354 E.55466
G1 X126.364 Y124.095 E.96161
G1 X104.744 Y124.095 E1.10933
G1 X104.744 Y94.544 E1.51627
G1 X126.274 Y94.544 E1.10471
G1 X126.966 Y93.942 F9000
;TYPE:External perimeter
;WIDTH:0.629999
G1 F1500
G1 X126.966 Y105.354 E.55709
G1 X126.966 Y124.697 E.94424
G1 X104.142 Y124.697 E1.11417
G1 X104.142 Y93.942 E1.50133
G1 X126.876 Y93.942 E1.10978
G1 E-1.4 F3600
;WIPE_START
G1 F7200
G1 X126.966 Y93.942 E-.04275
G1 X126.966 Y95.115 E-.55725
;WIPE_END
G1 Z4.3 F9000
G1 X115.879 Y103.759
G1 Z2.3
G1 E2 F2400
;TYPE:Internal infill
;WIDTH:0.66
G1 F3000
G1 X118.497 Y106.377 E.18997
G1 X112.649 Y112.225 E.42435
G1 X107.463 Y107.038 E.37635
G1 X110.368 Y104.133 E.2108
G1 X120.74 Y114.506 E.75267
G1 X123.358 Y111.888 E.18997
G1 E-1.4 F3600
;WIPE_START
G1 F7200
G1 X122.465 Y112.781 E-.6
;WIPE_END
G1 Z4.3 F9000
G1 X104.943 Y122.607
G1 Z2.3
G1 E2 F2400
M204 S250
;TYPE:Bridge infill
;WIDTH:0.587704
;HEIGHT:0.584808
G1 F1500
G1 X105.946 Y123.611 E.16006
G1 X106.848 Y123.611 E.10173
G1 X105.228 Y121.991 E.25839
G1 X105.228 Y121.089 E.10173
G1 X107.75 Y123.611 E.40225
G1 X108.652 Y123.611 E.10173
G1 X105.228 Y120.187 E.54612
G1 X105.228 Y119.285 E.10173
G1 X109.554 Y123.611 E.68999
G1 X110.456 Y123.611 E.10173
G1 X105.228 Y118.383 E.83386
G1 X105.228 Y117.482 E.10162
G1 X111.357 Y123.611 E.97757
G1 X112.259 Y123.611 E.10173
G1 X105.228 Y116.58 E1.12143
G1 X105.228 Y115.678 E.10173
G1 X113.161 Y123.611 E1.2653
G1 X114.063 Y123.611 E.10173
G1 X105.228 Y114.776 E1.40917
G1 X105.228 Y113.874 E.10173
G1 X114.965 Y123.611 E1.55304
G1 X115.867 Y123.611 E.10173
G1 X105.228 Y112.972 E1.6969
G1 X105.228 Y112.07 E.10173
G1 X116.768 Y123.611 E1.84069
G1 X117.67 Y123.611 E.10173
G1 X105.228 Y111.169 E1.98448
G1 X105.228 Y110.267 E.10173
G1 X118.572 Y123.611 E2.12835
G1 X119.474 Y123.611 E.10173
G1 X105.228 Y109.365 E2.27221
G1 X105.228 Y108.463 E.10173
G1 X120.376 Y123.611 E2.41608
G1 X121.278 Y123.611 E.10173
G1 X105.228 Y107.561 E2.55995
G1 X105.228 Y106.659 E.10173
G1 X122.18 Y123.611 E2.70382
G1 X123.081 Y123.611 E.10162
G1 X105.228 Y105.757 E2.8476
G1 X105.228 Y104.856 E.10162
G1 X106.994 Y106.622 E.28167
G1 X106.578 Y107.038 E.06635
G1 X117.835 Y118.296 E1.79555
G1 X118.252 Y117.879 E.06651
G1 X123.983 Y123.611 E.91416
G1 X124.885 Y123.611 E.10173
G1 X118.703 Y117.428 E.9861
G1 X119.154 Y116.978 E.07185
G1 X125.787 Y123.611 E1.05795
G1 X125.88 Y123.611 E.01049
G1 X125.88 Y122.802 E.09124
G1 X119.605 Y116.527 E1.00085
G1 X120.056 Y116.076 E.07193
G1 X125.88 Y121.9 E.92892
G1 X125.88 Y120.998 E.10173
G1 X120.507 Y115.625 E.85698
G1 X120.958 Y115.174 E.07193
G1 X125.88 Y120.096 E.78505
G1 X125.88 Y119.195 E.10162
G1 X121.408 Y114.723 E.71328
G1 X121.859 Y114.272 E.07193
G1 X125.88 Y118.293 E.64134
G1 X125.88 Y117.391 E.10173
G1 X122.31 Y113.821 E.56941
G1 X122.761 Y113.37 E.07193
G1 X125.88 Y116.489 E.49748
G1 X125.88 Y115.587 E.10173
G1 X123.212 Y112.919 E.42554
G1 X123.663 Y112.468 E.07193
G1 X125.88 Y114.685 E.35361
G1 X125.88 Y113.783 E.10173
G1 X123.912 Y111.815 E.31389
M204 S500
G1 E-1.4 F3600
;WIPE_START
G1 F7200
G1 X124.805 Y112.708 E-.6
;WIPE_END
G1 Z4.3 F9000
G1 X107.647 Y106.373
G1 Z2.3
G1 E2 F2400
M204 S250
G1 F1500
G1 X105.228 Y103.954 E.38583
G1 X105.228 Y103.052 E.10173
G1 X107.896 Y105.72 E.42554
G1 X108.347 Y105.269 E.07193
G1 X105.228 Y102.15 E.49748
G1 X105.228 Y101.248 E.10173
G1 X108.798 Y104.818 E.56941
G1 X109.249 Y104.367 E.07193
G1 X105.228 Y100.346 E.64134
G1 X105.228 Y99.445 E.10162
G1 X109.7 Y103.916 E.7132
G1 X110.151 Y103.465 E.07193
G1 X105.228 Y98.543 E.78513
G1 X105.228 Y97.641 E.10173
G1 X110.602 Y103.014 E.85706
G1 X111.053 Y102.563 E.07193
G1 X105.228 Y96.739 E.929
G1 X105.228 Y95.837 E.10173
G1 X111.504 Y102.113 E1.00101
G1 X111.955 Y101.662 E.07193
G1 X105.321 Y95.028 E1.05811
G1 X106.223 Y95.028 E.10173
G1 X112.405 Y101.211 E.9861
G1 X112.856 Y100.76 E.07193
G1 X107.125 Y95.028 E.91416
G1 X108.027 Y95.028 E.10173
G1 X125.88 Y112.882 E2.8476
G1 X125.88 Y111.98 E.10173
G1 X108.929 Y95.028 E2.70374
G1 X109.831 Y95.028 E.10173
G1 X125.88 Y111.078 E2.55987
G1 X125.88 Y110.176 E.10173
G1 X110.733 Y95.028 E2.416
G1 X111.634 Y95.028 E.10162
G1 X125.88 Y109.274 E2.27221
G1 X125.88 Y108.372 E.10173
G1 X112.536 Y95.028 E2.12835
G1 X113.438 Y95.028 E.10173
G1 X125.88 Y107.47 E1.98448
G1 X125.88 Y106.569 E.10162
G1 X114.34 Y95.028 E1.84069
G1 X115.242 Y95.028 E.10173
G1 X125.88 Y105.667 E1.69682
G1 X125.88 Y104.765 E.10173
G1 X116.144 Y95.028 E1.55296
G1 X117.045 Y95.028 E.10162
G1 X125.88 Y103.863 E1.40917
G1 X125.88 Y102.961 E.10173
G1 X117.947 Y95.028 E1.2653
G1 X118.849 Y95.028 E.10173
G1 X125.88 Y102.059 E1.12143
G1 X125.88 Y101.158 E.10162
G1 X119.751 Y95.028 E.97765
G1 X120.653 Y95.028 E.10173
G1 X125.88 Y100.256 E.83378
G1 X125.88 Y99.354 E.10173
G1 X121.555 Y95.028 E.68991
G1 X122.457 Y95.028 E.10173
G1 X125.88 Y98.452 E.54604
G1 X125.88 Y97.55 E.10173
G1 X123.358 Y95.028 E.40225
G1 X124.26 Y95.028 E.10173
G1 X125.88 Y96.648 E.25839
G1 X125.88 Y95.746 E.10173
G1 X124.876 Y94.743 E.16006
M204 S500
;LAYER_CHANGE
;Z:2.5
;HEIGHT:0.2
;BEFORE_LAYER_CHANGE
G92 E0
;2.5


G1 E-1.4 F3600
;WIPE_START
G1 F7200
G1 X125.77 Y95.636 E-.6
;WIPE_END
G1 Z2.5 F9000
;AFTER_LAYER_CHANGE
;2.5
G1 Z2.5
G1 X126.364 Y94.544
G1 E2 F2400
;TYPE:Perimeter
;WIDTH:0.659999
G1 X126.364 Y105.354 E.55466
G1 X126.364 Y124.095 E.96161
G1 X104.744 Y124.095 E1.10933
G1 X104.744 Y94.544 E1.51627
G1 X126.274 Y94.544 E1.10471
G1 X126.966 Y93.942 F9000
;TYPE:External perimeter
;WIDTH:0.629999
G1 F1500
G1 X126.966 Y105.354 E.55709
G1 X126.966 Y124.697 E.94424
G1 X104.142 Y124.697 E1.11417
G1 X104.142 Y93.942 E1.50133
G1 X126.876 Y93.942 E1.10978
G1 E-1.4 F3600
;WIPE_START
G1 F7200
G1 X126.966 Y93.942 E-.04275
G1 X126.966 Y95.115 E-.55725
;WIPE_END
G1 Z4.5 F9000
G1 X121.48 Y102.912
G1 Z2.5
G1 E2 F2400
;TYPE:Internal infill
;WIDTH:0.66
G1 F3000
G1 X121.728 Y103.145 E.01746
G1 X109.38 Y115.494 E.89605
G1 X109.628 Y115.728 E.0175
G1 E-1.4 F3600
;WIPE_START
G1 F7200
G1 X109.38 Y115.494 E-.16196
G1 X110.032 Y114.842 E-.43804
;WIPE_END
G1 Z4.5 F9000
G1 X106.827 Y109.511
G1 Z2.5
G1 E2 F2400
G1 F3000
G1 X106.861 Y110.189 E.03483
G1 X106.991 Y111.051 E.04473
G1 X107.206 Y111.895 E.04469
G1 X107.682 Y113.083 E.06567
G1 X111.795 Y117.196 E.29846
G1 X113.188 Y117.73 E.07655
G1 X114.037 Y117.923 E.04467
G1 X114.901 Y118.032 E.04468
G1 X115.772 Y118.053 E.0447
G1 X116.641 Y117.988 E.04471
G1 X117.498 Y117.837 E.04465
G1 X118.337 Y117.601 E.04472
G1 X119.311 Y117.199 E.05407
G1 X123.427 Y113.083 E.29867
G1 X123.903 Y111.895 E.06567
G1 X124.117 Y111.051 E.04468
G1 X124.247 Y110.189 E.04473
G1 X124.291 Y109.32 E.04465
G1 X124.247 Y108.45 E.0447
G1 X124.117 Y107.588 E.04473
G1 X123.903 Y106.744 E.04468
G1 X123.427 Y105.556 E.06567
G1 X119.313 Y101.443 E.29849
G1 X117.92 Y100.91 E.07653
G1 X117.068 Y100.715 E.04485
G1 X115.786 Y100.587 E.06611
G1 X114.903 Y100.607 E.04532
G1 X114.037 Y100.716 E.04479
G1 X113.188 Y100.91 E.04469
G1 X111.795 Y101.443 E.07653
G1 X107.682 Y105.556 E.29846
G1 X107.206 Y106.744 E.06567
G1 X106.991 Y107.588 E.04469
G1 X106.861 Y108.45 E.04473
G1 X106.827 Y109.128 E.03483
G1 E-1.4 F3600
;WIPE_START
G1 F7200
G1 X106.861 Y108.45 E-.32245
G1 X106.948 Y107.872 E-.27755
;WIPE_END
G1 Z4.5 F9000
G1 X109.628 Y102.912
G1 Z2.5
G1 E2 F2400
G1 F3000
G1 X109.38 Y103.145 E.01746
G1 X121.725 Y115.49 E.8958
G1 X122.025 Y115.182 E.02206
G1 E-1.4 F3600
;WIPE_START
G1 F7200
G1 X121.725 Y115.49 E-.20423
G1 X121.136 Y114.901 E-.39577
;WIPE_END
G1 Z4.5 F9000
G1 X105.387 Y95.07
G1 Z2.5
G1 E2 F2400
;TYPE:Solid infill
;WIDTH:0.80972
G1 X105.319 Y95.002 E.00613
G1 X105.226 Y95.027 E.00614
G1 X105.202 Y95.119 E.00606
G1 X105.269 Y95.187 E.00609
G1 X105.362 Y95.162 E.00614
;WIDTH:0.659999
G1 X106.348 Y95.02 E.05111
G1 X105.152 Y96.221 E.08697
;WIDTH:0.624306
G1 X105.085 Y96.295 E.00483
;WIDTH:0.588613
G1 X105.018 Y96.368 E.0045
;WIDTH:0.55292
G1 X104.973 Y96.323 E.0027
G1 X104.911 Y96.34 E.00273
G1 X104.894 Y96.401 E.00269
G1 X104.94 Y96.446 E.00273
G1 X105.001 Y96.43 E.00267
;WIDTH:0.659999
G1 X105.219 Y97.021 E.03232
G1 X107.22 Y95.02 E.1452
G1 X108.093 Y95.02 E.04479
G1 X105.219 Y97.893 E.20851
G1 X105.219 Y98.766 E.04479
G1 X108.966 Y95.02 E.27186
G1 X109.838 Y95.02 E.04474
G1 X105.219 Y99.639 E.33517
G1 X105.219 Y100.511 E.04474
G1 X110.711 Y95.02 E.39848
G1 X111.584 Y95.02 E.04479
G1 X105.219 Y101.384 E.46183
G1 X105.219 Y102.257 E.04479
G1 X112.456 Y95.02 E.52514
G1 X113.329 Y95.02 E.04479
G1 X105.219 Y103.129 E.58846
G1 X105.219 Y104.002 E.04479
G1 X114.202 Y95.02 E.6518
G1 X115.074 Y95.02 E.04474
G1 X105.219 Y104.875 E.71512
G1 X105.084 Y106.229 F9000
;WIDTH:0.55292
G1 F2400
G1 X105.022 Y106.245 E.00272
G1 X104.977 Y106.2 E.0027
G1 X104.994 Y106.139 E.00269
G1 X105.055 Y106.122 E.00269
G1 X105.1 Y106.167 E.0027
;WIDTH:0.588613
G1 X105.14 Y106.027 E.00661
;WIDTH:0.624306
G1 X105.18 Y105.887 E.00704
;WIDTH:0.659999
G1 X105.219 Y105.747 E.00746
G1 X115.947 Y95.02 E.77843
G1 X116.82 Y95.02 E.04479
G1 X110.119 Y101.72 E.48621
G1 X109.901 Y101.914 E.01497
;WIDTH:0.625199
G1 X109.683 Y102.108 E.01413
;WIDTH:0.590398
G1 X109.087 Y102.656 E.03686
;WIDTH:0.558088
G1 X108.432 Y103.335 E.04041
;WIDTH:0.580676
G1 X108.317 Y103.466 E.00779
;WIDTH:0.659999
G1 X107.937 Y103.902 E.02968
G1 X105.266 Y106.573 E.19382
G1 X105.968 Y107.556 E.06198
;WIDTH:0.891861
G1 X105.868 Y107.582 E.00729
G1 X105.573 Y107.369 E.02568
G1 X105.335 Y107.293 E.01764
G1 X105.311 Y109.287 E.14077
;WIDTH:0.865327
G1 X105.322 Y110.268 E.06709
;WIDTH:0.888176
G1 X105.333 Y110.599 E.02328
G1 X105.311 Y110.719 E.00857
;WIDTH:0.842541
G1 X105.288 Y110.838 E.00806
;WIDTH:0.796906
G1 X105.265 Y110.958 E.00766
;WIDTH:0.75127
G1 X105.242 Y111.078 E.0072
;WIDTH:0.705635
G1 X105.219 Y111.197 E.00668
;WIDTH:0.659999
G1 X105.219 Y117.092 E.30247
G1 X107.787 Y114.525 E.18631
G1 X107.35 Y113.812 E.04291
G1 X106.944 Y112.973 E.04782
G1 X106.623 Y112.098 E.04782
G1 X106.391 Y111.195 E.04784
;WIDTH:0.705634
G1 X106.347 Y111.063 E.00767
;WIDTH:0.75127
G1 X106.304 Y110.931 E.00818
;WIDTH:0.796905
G1 X106.261 Y110.799 E.0087
;WIDTH:0.842541
G1 X106.217 Y110.667 E.00925
;WIDTH:0.888176
G1 X106.174 Y110.536 E.00969
G1 X106.11 Y109.346 E.08376
;WIDTH:0.864656
G1 X106.143 Y108.405 E.06434
;WIDTH:0.891861
G1 X106.266 Y107.476 E.06615
;WIDTH:0.659999
G1 X105.977 Y106.736 E.04076
G1 X106.997 Y105.7 E.0746
;WIDTH:0.624306
G1 X107.112 Y105.57 E.00839
;WIDTH:0.588613
G1 X107.227 Y105.439 E.00791
;WIDTH:0.55292
G1 X107.165 Y105.456 E.00273
G1 X107.12 Y105.411 E.0027
G1 X107.137 Y105.349 E.00273
G1 X107.198 Y105.332 E.00269
G1 X107.243 Y105.378 E.00273
G1 E-1.4 F3600
;WIPE_START
G1 F7200
G1 X107.198 Y105.332 E-.03057
G1 X107.137 Y105.349 E-.03008
G1 X107.12 Y105.411 E-.03054
G1 X107.165 Y105.456 E-.03023
G1 X107.227 Y105.439 E-.03054
G1 X107.112 Y105.57 E-.0828
G1 X106.997 Y105.7 E-.08244
G1 X106.579 Y106.124 E-.2828
;WIPE_END
G1 Z4.5 F9000
G1 X111.679 Y100.988
G1 Z2.5
G1 E2 F2400
G1 X111.618 Y101.005 E.00269
G1 X111.573 Y100.96 E.0027
G1 X111.589 Y100.898 E.00272
G1 X111.651 Y100.882 E.00272
G1 X111.696 Y100.927 E.0027
;WIDTH:0.588613
G1 X111.821 Y100.832 E.00712
;WIDTH:0.624306
G1 X111.946 Y100.737 E.00759
;WIDTH:0.659999
G1 X112.07 Y100.642 E.00802
G1 X117.693 Y95.02 E.40799
G1 X118.565 Y95.02 E.04474
G1 X113.344 Y100.241 E.37886
G1 X113.22 Y100.319 E.00752
;WIDTH:0.624306
G1 X113.096 Y100.397 E.00708
;WIDTH:0.588613
G1 X112.972 Y100.476 E.00667
;WIDTH:0.55292
G1 X112.927 Y100.431 E.0027
G1 X112.865 Y100.447 E.00272
G1 X112.849 Y100.509 E.00272
G1 X112.894 Y100.554 E.0027
G1 X112.955 Y100.537 E.00269
G1 X114.41 Y100.047 F9000
;WIDTH:0.659999
G1 F2400
G1 X119.438 Y95.02 E.36481
G1 X120.311 Y95.02 E.04479
G1 X115.355 Y99.975 E.35959
G1 X116.203 Y100 E.04353
G1 X121.183 Y95.02 E.36137
G1 X122.056 Y95.02 E.04479
G1 X116.996 Y100.08 E.36717
G1 X117.718 Y100.23 E.03784
G1 X122.929 Y95.02 E.37809
G1 X123.801 Y95.02 E.04474
G1 X118.401 Y100.42 E.39184
G1 X119.048 Y100.646 E.03516
G1 X124.674 Y95.02 E.40824
G1 X125.547 Y95.02 E.04479
G1 X119.649 Y100.917 E.42794
G1 X120.216 Y101.223 E.03306
G1 X125.889 Y95.55 E.41165
G1 X125.889 Y96.423 E.04479
G1 X120.758 Y101.554 E.37232
G1 X121.265 Y101.919 E.03205
G1 X125.889 Y97.295 E.33553
G1 X125.889 Y98.168 E.04479
G1 X121.739 Y102.318 E.30114
G1 X122.192 Y102.738 E.0317
G1 X125.889 Y99.041 E.26827
G1 X125.889 Y99.913 E.04474
G1 X122.612 Y103.19 E.23779
G1 X122.999 Y103.676 E.03188
G1 X125.889 Y100.786 E.20971
G1 X125.889 Y101.659 E.04479
G1 X123.365 Y104.183 E.18315
G1 X123.696 Y104.725 E.03259
G1 X125.889 Y102.531 E.15917
G1 X125.889 Y107.442 E.25199
;WIDTH:0.705635
G1 X125.866 Y107.562 E.00673
;WIDTH:0.75127
G1 X125.843 Y107.681 E.00714
;WIDTH:0.796906
G1 X125.82 Y107.801 E.00766
;WIDTH:0.842541
G1 X125.798 Y107.921 E.00811
;WIDTH:0.888176
G1 X125.775 Y108.04 E.00852
G1 X125.786 Y108.371 E.02328
;WIDTH:0.86533
G1 X125.798 Y109.352 E.06709
;WIDTH:0.892
G1 X125.773 Y111.365 E.14213
G1 X125.683 Y111.337 E.00665
G1 X125.523 Y111.188 E.01544
G1 X125.286 Y111.068 E.01876
G1 X124.923 Y111.188 E.02699
G1 X124.81 Y111.301 E.01128
G1 X124.965 Y110.234 E.07612
;WIDTH:0.864658
G1 X124.999 Y109.293 E.06434
;WIDTH:0.888176
G1 X124.934 Y108.104 E.08369
G1 X124.891 Y107.972 E.00976
;WIDTH:0.842541
G1 X124.848 Y107.84 E.00923
;WIDTH:0.796906
G1 X124.804 Y107.708 E.00872
;WIDTH:0.75127
G1 X124.761 Y107.576 E.00818
;WIDTH:0.705635
G1 X124.718 Y107.445 E.0076
;WIDTH:0.659999
G1 X124.485 Y106.542 E.04785
G1 X124.211 Y105.789 E.04112
G1 X123.99 Y105.303 E.02739
G1 X125.671 Y103.622 E.12198
G1 X125.302 Y104.821 F9000
;WIDTH:0.599537
G1 F2400
G1 X125.302 Y106.396 E.0729
;WIDTH:0.601068
G1 X125.301 Y107.366 E.04502
G1 X125.287 Y107.299 E.00318
;WIDTH:0.600891
G1 X125.037 Y106.34 E.04598
;WIDTH:0.599537
G1 X124.699 Y105.424 E.04519
G1 X125.084 Y105.039 E.0252
G1 E-1.4 F3600
;WIPE_START
G1 F7200
G1 X124.699 Y105.424 E-.25862
G1 X124.948 Y106.099 E-.34138
;WIPE_END
G1 Z4.5 F9000
G1 X125.223 Y111.924
G1 Z2.5
G1 E2 F2400
;WIDTH:0.659999
G1 X124.155 Y112.992 E.0775
G1 X124.065 Y113.152 E.00942
;WIDTH:0.624306
G1 X123.975 Y113.313 E.00892
;WIDTH:0.588613
G1 X123.885 Y113.473 E.00833
;WIDTH:0.55292
G1 X123.823 Y113.49 E.00273
G1 X123.778 Y113.445 E.0027
G1 X123.795 Y113.383 E.00273
G1 X123.856 Y113.367 E.00267
G1 X123.901 Y113.412 E.0027
G1 E-1.4 F3600
;WIPE_START
G1 F7200
G1 X123.856 Y113.367 E-.03023
G1 X123.795 Y113.383 E-.02996
G1 X123.778 Y113.445 E-.03054
G1 X123.823 Y113.49 E-.03023
G1 X123.885 Y113.473 E-.03054
G1 X123.975 Y113.313 E-.0872
G1 X124.065 Y113.152 E-.08761
G1 X124.155 Y112.992 E-.0872
G1 X124.433 Y112.714 E-.18649
;WIPE_END
G1 Z4.5 F9000
G1 X108.157 Y115.027
G1 Z2.5
G1 E2 F2400
;WIDTH:0.659999
G1 X105.152 Y118.038 E.21827
;WIDTH:0.624306
G1 X105.085 Y118.112 E.00483
;WIDTH:0.588613
G1 X105.018 Y118.185 E.0045
;WIDTH:0.55292
G1 X104.973 Y118.14 E.0027
G1 X104.911 Y118.157 E.00273
G1 X104.894 Y118.218 E.00269
G1 X104.94 Y118.263 E.00273
G1 X105.001 Y118.247 E.00267
;WIDTH:0.659999
G1 X105.219 Y118.838 E.03232
G1 X108.55 Y115.507 E.24171
G1 X108.97 Y115.96 E.0317
G1 X105.219 Y119.71 E.27215
G1 X105.219 Y120.583 E.04479
G1 X109.428 Y116.374 E.30542
G1 X109.908 Y116.767 E.03183
G1 X105.219 Y121.456 E.34025
G1 X105.219 Y122.328 E.04474
G1 X110.416 Y117.132 E.37708
G1 X110.963 Y117.457 E.03265
G1 X105.219 Y123.201 E.41681
G1 X105.197 Y123.378 E.00915
;WIDTH:0.624306
G1 X105.175 Y123.554 E.00857
;WIDTH:0.588613
G1 X105.153 Y123.731 E.00809
;WIDTH:0.55292
G1 X105.108 Y123.686 E.0027
G1 X105.046 Y123.703 E.00273
G1 X105.03 Y123.764 E.00267
G1 X105.075 Y123.809 E.0027
G1 X105.136 Y123.793 E.00267
;WIDTH:0.659999
G1 X105.674 Y123.62 E.029
G1 X111.537 Y117.757 E.42544
G1 X112.138 Y118.027 E.03381
G1 X106.546 Y123.62 E.40581
G1 X107.419 Y123.62 E.04479
G1 X112.791 Y118.247 E.38985
G1 X113.482 Y118.43 E.03668
G1 X108.292 Y123.62 E.37661
G1 X109.164 Y123.62 E.04474
G1 X114.216 Y118.568 E.36659
G1 X115.005 Y118.652 E.04071
G1 X110.037 Y123.62 E.3605
G1 X110.91 Y123.62 E.04479
G1 X115.864 Y118.665 E.35952
G1 X116.818 Y118.584 E.04913
G1 X111.782 Y123.62 E.36543
G1 X112.655 Y123.62 E.04479
G1 X117.913 Y118.361 E.38158
G1 X118.058 Y118.276 E.00862
;WIDTH:0.624306
G1 X118.202 Y118.19 E.00811
;WIDTH:0.588613
G1 X118.347 Y118.105 E.00763
;WIDTH:0.55292
G1 X118.206 Y118.068 E.00618
G1 X118.016 Y118.09 E.00811
G1 X119.734 Y117.587 F9000
G1 F2400
G1 X119.689 Y117.542 E.0027
G1 X119.627 Y117.559 E.00273
G1 X119.611 Y117.62 E.00267
G1 X119.656 Y117.665 E.0027
G1 X119.718 Y117.649 E.00272
;WIDTH:0.588613
G1 X119.557 Y117.736 E.0083
;WIDTH:0.624306
G1 X119.397 Y117.824 E.00883
;WIDTH:0.659999
G1 X119.236 Y117.911 E.00939
G1 X113.528 Y123.62 E.41423
G1 X114.4 Y123.62 E.04474
G1 X121.46 Y116.56 E.5123
G1 X121.897 Y116.151 E.03071
;WIDTH:0.621496
G1 X122.38 Y115.676 E.03259
;WIDTH:0.608984
G1 X122.395 Y115.661 E.001
;WIDTH:0.634492
G1 X122.596 Y115.442 E.01462
;WIDTH:0.659999
G1 X125.889 Y112.131 E.23961
G1 X125.889 Y113.004 E.04479
G1 X115.273 Y123.62 E.77034
G1 X116.146 Y123.62 E.04479
G1 X125.889 Y113.876 E.70703
G1 X125.889 Y114.749 E.04479
G1 X117.018 Y123.62 E.64371
G1 X117.891 Y123.62 E.04479
G1 X125.889 Y115.622 E.58036
G1 X125.889 Y116.494 E.04474
G1 X118.764 Y123.62 E.51705
G1 X119.636 Y123.62 E.04474
G1 X125.889 Y117.367 E.45374
G1 X125.889 Y118.24 E.04479
G1 X120.509 Y123.62 E.39039
G1 X121.382 Y123.62 E.04479
G1 X125.889 Y119.112 E.32708
G1 X125.889 Y119.985 E.04479
G1 X122.254 Y123.62 E.26377
G1 X123.127 Y123.62 E.04479
G1 X125.889 Y120.858 E.20042
G1 X125.889 Y121.73 E.04474
G1 X124 Y123.62 E.13711
G1 X125.676 Y122.808 F9000
;WIDTH:0.649153
G1 F2400
G1 X124.859 Y123.625 E.05824
G1 X125.894 Y123.625 E.05217
G1 X125.894 Y122.59 E.05217
G1 E-1.4 F3600
;WIPE_START
G1 F7200
G1 X125.894 Y123.625 E-.49162
G1 X125.666 Y123.625 E-.10838
;WIPE_END
G1 Z4.5 F9000
G1 X105.942 Y112.654
G1 Z2.5
G1 E2 F2400
;WIDTH:0.868605
G1 X105.941 Y115.351 E.18517
G1 X106.875 Y114.417 E.09069
G1 X106.294 Y113.287 E.08724
G1 X105.943 Y112.346 E.06895
;LAYER_CHANGE
;Z:2.7
;HEIGHT:0.2
;BEFORE_LAYER_CHANGE
G92 E0
;2.7


G1 E-1.4 F3600
;WIPE_START
G1 F7200
G1 X106.294 Y113.287 E-.47706
G1 X106.412 Y113.517 E-.12294
;WIPE_END
G1 Z2.7 F9000
;AFTER_LAYER_CHANGE
;2.7
G1 Z4.7
G1 X104.744 Y124.095
G1 Z2.7
G1 E2 F2400
;TYPE:Perimeter
;WIDTH:0.659999
G1 X104.744 Y94.544 E1.51627
G1 X126.364 Y94.544 E1.10933
G1 X126.364 Y105.354 E.55466
G1 X126.364 Y124.095 E.96161
G1 X104.834 Y124.095 E1.10471
G1 X104.142 Y124.697 F9000
;TYPE:External perimeter
;WIDTH:0.629999
G1 F1500
G1 X104.142 Y93.942 E1.50133
G1 X126.966 Y93.942 E1.11417
G1 X126.966 Y105.354 E.55709
G1 X126.966 Y124.697 E.94424
G1 X104.232 Y124.697 E1.10978
G1 X105.269 Y123.452 F9000
;TYPE:Solid infill
;WIDTH:0.80972
G1 F2400
G1 X105.202 Y123.52 E.00609
G1 X105.226 Y123.612 E.00606
G1 X105.319 Y123.637 E.00614
G1 X105.387 Y123.569 E.00613
G1 X105.362 Y123.477 E.00608
;WIDTH:0.659999
G1 X106.348 Y123.62 E.05112
G1 X105.219 Y122.491 E.08192
;WIDTH:0.665314
G1 X105.011 Y122.199 E.01855
G1 X105.031 Y122.275 E.00407
G1 X104.976 Y122.33 E.00403
G1 X104.901 Y122.309 E.00403
G1 X104.881 Y122.234 E.00402
G1 X104.936 Y122.179 E.00403
;WIDTH:0.659999
G1 X105.219 Y121.619 E.03219
G1 X107.22 Y123.62 E.1452
G1 X108.093 Y123.62 E.04479
G1 X105.219 Y120.746 E.20855
G1 X105.219 Y119.873 E.04479
G1 X108.966 Y123.62 E.2719
G1 X109.838 Y123.62 E.04474
G1 X105.219 Y119.001 E.33517
G1 X105.219 Y118.128 E.04479
G1 X110.711 Y123.62 E.39852
G1 X111.584 Y123.62 E.04479
G1 X105.219 Y117.255 E.46187
G1 X105.219 Y116.382 E.04479
G1 X112.456 Y123.62 E.52518
G1 X113.329 Y123.62 E.04479
G1 X105.219 Y115.51 E.58849
G1 X105.219 Y114.637 E.04479
G1 X114.202 Y123.62 E.65184
G1 X115.074 Y123.62 E.04474
G1 X105.219 Y113.764 E.71515
G1 X105.219 Y112.892 E.04474
G1 X115.947 Y123.62 E.77846
G1 X117.301 Y123.755 F9000
;WIDTH:0.55292
G1 F2400
G1 X117.318 Y123.817 E.00273
G1 X117.273 Y123.862 E.0027
G1 X117.211 Y123.845 E.00273
G1 X117.195 Y123.784 E.00267
G1 X117.24 Y123.739 E.0027
;WIDTH:0.588613
G1 X117.1 Y123.699 E.00661
;WIDTH:0.624306
G1 X116.96 Y123.659 E.00704
;WIDTH:0.659999
G1 X116.82 Y123.62 E.00746
G1 X105.219 Y112.019 E.84181
G1 X105.472 Y111.399 E.03436
G1 X107.324 Y113.251 E.13439
G1 X107.433 Y113.397 E.00935
;WIDTH:0.624306
G1 X107.541 Y113.542 E.00874
;WIDTH:0.588613
G1 X107.649 Y113.688 E.00824
;WIDTH:0.55292
G1 X108.465 Y114.703 E.05523
G1 E-1.4 F3600
;WIPE_START
G1 F7200
G1 X107.673 Y113.718 E-.6
;WIPE_END
G1 Z4.7 F9000
G1 X110.349 Y116.562
G1 Z2.7
G1 E2 F2400
G1 X111.171 Y117.217 E.04457
;WIDTH:0.588613
G1 X111.317 Y117.323 E.00819
;WIDTH:0.624306
G1 X111.462 Y117.429 E.00868
;WIDTH:0.659999
G1 X111.608 Y117.535 E.00926
G1 X117.693 Y123.62 E.44155
G1 X118.565 Y123.62 E.04474
G1 X113.016 Y118.07 E.40269
G1 X112.996 Y117.983 E.00458
;WIDTH:0.624306
G1 X112.977 Y117.897 E.00426
;WIDTH:0.588613
G1 X112.957 Y117.81 E.00405
;WIDTH:0.55292
G1 X112.815 Y117.774 E.00621
G1 X112.579 Y117.808 E.01011
G1 X114.14 Y118.322 F9000
;WIDTH:0.659999
G1 F2400
G1 X119.438 Y123.62 E.38444
G1 X120.311 Y123.62 E.04479
G1 X115.114 Y118.423 E.37711
G1 X115.986 Y118.423 E.04474
G1 X121.183 Y123.62 E.37711
G1 X122.056 Y123.62 E.04479
G1 X116.784 Y118.348 E.38256
G1 X117.524 Y118.215 E.03858
G1 X122.929 Y123.62 E.39221
G1 X123.801 Y123.62 E.04474
G1 X118.218 Y118.036 E.40516
G1 X118.871 Y117.817 E.03534
G1 X124.674 Y123.62 E.42109
G1 X126.069 Y123.71 F9000
;WIDTH:0.55292
G1 F2400
G1 X126.086 Y123.771 E.00269
G1 X126.041 Y123.817 E.00273
G1 X125.979 Y123.8 E.00273
G1 X125.963 Y123.738 E.00272
G1 X126.008 Y123.693 E.0027
;WIDTH:0.588613
G1 X125.854 Y123.669 E.00707
;WIDTH:0.624306
G1 X125.7 Y123.644 E.00754
;WIDTH:0.659999
G1 X125.547 Y123.62 E.00795
G1 X119.474 Y117.546 E.44072
G1 X120.046 Y117.246 E.03314
G1 X125.889 Y123.089 E.42399
G1 X125.889 Y122.216 E.04479
G1 X120.592 Y116.919 E.38437
G1 X121.099 Y116.554 E.03205
G1 X125.889 Y121.344 E.34758
G1 X125.889 Y120.471 E.04479
G1 X121.575 Y116.157 E.31304
G1 X122.028 Y115.737 E.0317
G1 X125.889 Y119.598 E.28017
G1 X125.889 Y118.726 E.04474
G1 X122.448 Y115.285 E.24969
G1 X122.834 Y114.798 E.03189
G1 X125.889 Y117.853 E.22168
G1 X125.889 Y116.98 E.04479
G1 X123.196 Y114.287 E.19541
G1 X123.527 Y113.746 E.03254
G1 X125.889 Y116.108 E.1714
G1 E-1.4 F3600
;WIPE_START
G1 F7200
G1 X124.996 Y115.215 E-.6
;WIPE_END
G1 Z4.7 F9000
G1 X124.573 Y108.08
G1 Z2.7
G1 E2 F2400
G1 X124.654 Y108.755 E.03488
G1 X124.665 Y109.752 E.05116
G1 X124.577 Y110.657 E.04665
G1 X124.399 Y111.549 E.04667
G1 X124.128 Y112.432 E.04739
G1 X123.807 Y113.153 E.0405
G1 X125.889 Y115.235 E.15108
G1 X125.889 Y107.766 E.38324
G1 X125.374 Y107.87 E.02696
G1 X125.092 Y108.1 E.01867
G1 X124.785 Y108.023 E.01624
G1 X124.537 Y107.774 E.01803
G1 X125.004 Y107.368 E.03175
G1 X124.256 Y106.621 E.05424
G1 E-1.4 F3600
;WIPE_START
G1 F7200
G1 X125.004 Y107.368 E-.50213
G1 X124.848 Y107.503 E-.09787
;WIPE_END
G1 Z4.7 F9000
G1 X125.27 Y108.693
G1 Z2.7
G1 E2 F2400
;WIDTH:0.663952
G1 X125.277 Y108.873 E.0093
;WIDTH:0.654318
G1 X125.275 Y109.844 E.04936
;WIDTH:0.688132
G1 X125.258 Y110.169 E.01746
;WIDTH:0.721945
G1 X125.241 Y110.494 E.01837
;WIDTH:0.755758
G1 X125.224 Y110.819 E.01929
G1 X125.242 Y111.258 E.02604
;WIDTH:0.719419
G1 X125.26 Y111.697 E.02471
;WIDTH:0.683079
G1 X125.26 Y113.717 E.10752
G1 X124.558 Y113.015 E.05285
G1 X124.729 Y112.617 E.02306
G1 X125.015 Y111.673 E.0525
;WIDTH:0.730256
G1 X125.151 Y111.119 E.0326
G1 E-1.4 F3600
;WIPE_START
G1 F7200
G1 X125.015 Y111.673 E-.27096
G1 X124.814 Y112.336 E-.32904
;WIPE_END
G1 Z4.7 F9000
G1 X105.522 Y110.812
G1 Z2.7
G1 E2 F2400
;WIDTH:0.659999
G1 X105.827 Y110.75 E.01597
G1 X106.079 Y110.531 E.01713
G1 X106.416 Y110.598 E.01763
G1 X106.538 Y110.701 E.00819
G1 X106.456 Y109.897 E.04147
G1 X106.443 Y108.887 E.05183
G1 X106.532 Y107.982 E.04666
G1 X106.71 Y107.09 E.04667
G1 X106.976 Y106.221 E.04663
G1 X107.327 Y105.382 E.04666
G1 X107.76 Y104.582 E.04668
G1 X107.959 Y104.287 E.01826
G1 X105.219 Y101.547 E.19882
G1 X105.219 Y110.873 E.47852
G1 X106.198 Y111.252 E.05387
G1 X106.802 Y111.857 E.04386
G1 X106.885 Y111.982 E.0077
;WIDTH:0.624306
G1 X106.967 Y112.106 E.00719
;WIDTH:0.588613
G1 X107.049 Y112.231 E.00678
;WIDTH:0.55292
G1 X107.004 Y112.276 E.0027
G1 X107.02 Y112.338 E.00272
G1 X107.082 Y112.355 E.00273
G1 X107.127 Y112.309 E.00273
G1 X107.111 Y112.248 E.00267
G1 E-1.4 F3600
;WIPE_START
G1 F7200
G1 X107.127 Y112.309 E-.02996
G1 X107.082 Y112.355 E-.03057
G1 X107.02 Y112.338 E-.03054
G1 X107.004 Y112.276 E-.03041
G1 X107.049 Y112.231 E-.03023
G1 X106.967 Y112.106 E-.07101
G1 X106.885 Y111.982 E-.07061
G1 X106.802 Y111.857 E-.07127
G1 X106.452 Y111.506 E-.2354
;WIPE_END
G1 Z4.7 F9000
G1 X105.839 Y109.96
G1 Z2.7
G1 E2 F2400
;WIDTH:0.665314
G1 X105.831 Y108.887 E.05553
;WIDTH:0.695562
G1 X105.854 Y108.402 E.02635
;WIDTH:0.741322
G1 X105.877 Y107.917 E.0282
;WIDTH:0.755756
G1 X105.86 Y107.381 E.03179
;WIDTH:0.707878
G1 X105.836 Y106.942 E.02431
;WIDTH:0.659999
G1 X105.836 Y103.037 E.20037
G1 X107.172 Y104.372 E.09691
G1 X106.758 Y105.143 E.0449
G1 X106.386 Y106.039 E.04978
G1 X106.105 Y106.968 E.0498
;WIDTH:0.691089
G1 X106.033 Y107.245 E.01543
;WIDTH:0.722178
G1 X105.962 Y107.522 E.01615
G1 E-1.4 F3600
;WIPE_START
G1 F7200
G1 X106.033 Y107.245 E-.13583
G1 X106.105 Y106.968 E-.13595
G1 X106.305 Y106.307 E-.32822
;WIPE_END
G1 Z4.7 F9000
G1 X108.316 Y103.771
G1 Z2.7
G1 E2 F2400
;WIDTH:0.659999
G1 X105.219 Y100.674 E.22473
G1 X105.219 Y99.802 E.04474
G1 X108.715 Y103.297 E.25365
G1 X109.14 Y102.849 E.03169
G1 X105.219 Y98.929 E.28449
G1 X105.219 Y98.056 E.04479
G1 X109.588 Y102.424 E.31699
G1 X110.073 Y102.037 E.03184
G1 X105.219 Y97.184 E.35219
G1 X105.219 Y96.311 E.04479
G1 X110.589 Y101.68 E.38963
G1 X111.13 Y101.349 E.03254
G1 X105.219 Y95.438 E.42892
G1 X105.192 Y95.241 E.0102
;WIDTH:0.624306
G1 X105.164 Y95.044 E.00962
;WIDTH:0.588613
G1 X105.136 Y94.846 E.00907
;WIDTH:0.55292
G1 X105.153 Y94.908 E.00273
G1 X105.108 Y94.953 E.0027
G1 X105.046 Y94.937 E.00272
G1 X105.03 Y94.875 E.00272
G1 X105.075 Y94.83 E.0027
;WIDTH:0.659999
G1 X105.674 Y95.02 E.03224
G1 X111.707 Y101.053 E.43778
G1 X112.326 Y100.799 E.03433
G1 X106.546 Y95.02 E.41938
G1 X107.419 Y95.02 E.04479
G1 X112.979 Y100.58 E.40345
G1 X113.672 Y100.4 E.03674
G1 X108.292 Y95.02 E.39039
G1 X109.164 Y95.02 E.04474
G1 X114.414 Y100.27 E.38096
G1 X115.225 Y100.208 E.04173
G1 X110.037 Y95.02 E.37646
G1 X110.91 Y95.02 E.04479
G1 X116.123 Y100.233 E.37827
G1 X117.104 Y100.341 E.05064
G1 X111.782 Y95.02 E.38615
G1 X112.655 Y95.02 E.04479
G1 X118.248 Y100.613 E.40585
G1 X118.257 Y100.696 E.00428
;WIDTH:0.624306
G1 X118.265 Y100.78 E.00408
;WIDTH:0.588613
G1 X118.274 Y100.863 E.00379
;WIDTH:0.55292
G1 X118.55 Y100.915 E.01191
G1 X118.685 Y100.888 E.00584
G1 E-1.4 F3600
;WIPE_START
G1 F7200
G1 X118.55 Y100.915 E-.06539
G1 X118.274 Y100.863 E-.13341
G1 X118.265 Y100.78 E-.03966
G1 X118.257 Y100.696 E-.04008
G1 X118.248 Y100.613 E-.03966
G1 X117.828 Y100.193 E-.2818
;WIPE_END
G1 Z4.7 F9000
G1 X123.331 Y104.713
G1 Z2.7
G1 E2 F2400
G1 X122.682 Y103.92 E.04345
G1 X122.079 Y103.262 E.03785
G1 X121.448 Y102.639 E.0376
G1 X120.784 Y102.046 E.03775
G1 X120.167 Y101.547 E.03365
;WIDTH:0.588613
G1 X120.021 Y101.439 E.00824
;WIDTH:0.624306
G1 X119.876 Y101.33 E.00877
;WIDTH:0.659999
G1 X119.73 Y101.222 E.00932
G1 X113.528 Y95.02 E.45004
G1 E-1.4 F3600
;WIPE_START
G1 F7200
G1 X114.421 Y95.913 E-.6
;WIPE_END
G1 Z4.7 F9000
G1 X123.657 Y105.149
G1 Z2.7
G1 E2 F2400
G1 X125.73 Y107.221 E.15039
G1 X125.837 Y107.109 E.00795
;WIDTH:0.624306
G1 X125.945 Y106.996 E.00756
;WIDTH:0.588613
G1 X126.053 Y106.883 E.00709
;WIDTH:0.55292
G1 X126.008 Y106.928 E.0027
G1 X126.025 Y106.99 E.00273
G1 X126.086 Y107.006 E.00267
G1 X126.131 Y106.961 E.0027
G1 X126.115 Y106.899 E.00272
;WIDTH:0.659999
G1 X125.889 Y106.508 E.02317
G1 X114.4 Y95.02 E.83365
G1 X115.273 Y95.02 E.04479
G1 X125.889 Y105.636 E.77034
G1 X125.889 Y104.763 E.04479
G1 X116.146 Y95.02 E.70699
G1 X117.018 Y95.02 E.04474
G1 X125.889 Y103.89 E.64368
G1 X125.889 Y103.017 E.04479
G1 X117.891 Y95.02 E.58033
G1 X118.764 Y95.02 E.04479
G1 X125.889 Y102.145 E.51702
G1 X125.889 Y101.272 E.04479
G1 X119.636 Y95.02 E.4537
G1 X120.509 Y95.02 E.04479
G1 X125.889 Y100.399 E.39036
G1 X125.889 Y99.527 E.04474
G1 X121.382 Y95.02 E.32704
G1 X122.254 Y95.02 E.04474
G1 X125.889 Y98.654 E.26373
G1 X125.889 Y97.781 E.04479
G1 X123.127 Y95.02 E.20038
G1 X124 Y95.02 E.04479
G1 X125.889 Y96.909 E.13707
G1 X125.971 Y96.967 E.00515
;WIDTH:0.624306
G1 X126.054 Y97.026 E.00492
;WIDTH:0.588613
G1 X126.136 Y97.084 E.00456
;WIDTH:0.55292
G1 X126.091 Y97.129 E.0027
G1 X126.107 Y97.191 E.00272
G1 X126.169 Y97.207 E.00272
G1 X126.214 Y97.162 E.0027
G1 X126.197 Y97.101 E.00269
G1 E-1.4 F3600
;WIPE_START
G1 F7200
G1 X126.214 Y97.162 E-.03008
G1 X126.169 Y97.207 E-.03023
G1 X126.107 Y97.191 E-.03041
G1 X126.091 Y97.129 E-.03041
G1 X126.136 Y97.084 E-.03023
G1 X126.054 Y97.026 E-.04771
G1 X125.971 Y96.967 E-.04837
G1 X125.889 Y96.909 E-.04771
G1 X125.435 Y96.455 E-.30485
;WIPE_END
G1 Z4.7 F9000
G1 X125.078 Y95.232
G1 Z2.7
G1 E2 F2400
;WIDTH:0.649153
G1 X125.894 Y96.049 E.05821
G1 X125.894 Y95.014 E.05217
G1 X124.859 Y95.014 E.05217
G1 E-1.4 F3600
;WIPE_START
G1 F7200
G1 X125.894 Y95.014 E-.49162
G1 X125.894 Y95.242 E-.10838
;WIPE_END
G1 Z4.7 F9000
G1 X123.543 Y112.235
G1 Z2.7
G1 E2 F2400
;TYPE:Internal infill
;WIDTH:0.66
G1 F3000
G1 X123.03 Y113.374 E.0641
G1 X122.581 Y114.11 E.04424
G1 X122.069 Y114.786 E.04351
G1 X121.564 Y115.33 E.03809
G1 X109.548 Y103.313 E.87196
G1 X110.59 Y102.415 E.07058
G1 X111.302 Y101.955 E.04349
G1 X112.056 Y101.568 E.04349
G1 X112.846 Y101.258 E.04354
G1 X113.662 Y101.028 E.0435
G1 X114.497 Y100.881 E.0435
G1 X115.357 Y100.817 E.04425
G1 X116.612 Y100.881 E.06448
G1 X117.447 Y101.028 E.0435
G1 X118.263 Y101.258 E.0435
G1 X119.052 Y101.568 E.0435
G1 X119.806 Y101.955 E.04349
G1 X120.519 Y102.415 E.04354
G1 X121.561 Y103.313 E.07058
G1 X109.548 Y115.326 E.87171
G1 X108.775 Y114.455 E.05975
G1 X108.297 Y113.754 E.04353
G1 X107.892 Y113.009 E.04351
G1 X107.565 Y112.234 E.04316
;LAYER_CHANGE
;Z:2.9
;HEIGHT:0.2
;BEFORE_LAYER_CHANGE
G92 E0
;2.9


G1 E-1.4 F3600
;WIPE_START
G1 F7200
G1 X107.892 Y113.009 E-.39955
G1 X108.094 Y113.38 E-.20045
;WIPE_END
G1 Z2.9 F9000
;AFTER_LAYER_CHANGE
;2.9
G1 Z4.9
G1 X104.744 Y124.095
G1 Z2.9
G1 E2 F2400
;TYPE:Perimeter
;WIDTH:0.659999
G1 X104.744 Y94.544 E1.51627
G1 X126.364 Y94.544 E1.10933
G1 X126.364 Y105.354 E.55466
G1 X126.364 Y124.095 E.96161
G1 X104.834 Y124.095 E1.10471
G1 X104.142 Y124.697 F9000
;TYPE:External perimeter
;WIDTH:0.629999
G1 F1500
G1 X104.142 Y93.942 E1.50133
G1 X126.966 Y93.942 E1.11417
G1 X126.966 Y105.354 E.55709
G1 X126.966 Y124.697 E.94424
G1 X104.232 Y124.697 E1.10978
G1 E-1.4 F3600
;WIPE_START
G1 F7200
G1 X104.142 Y124.697 E-.04275
G1 X104.142 Y123.524 E-.55725
;WIPE_END
G1 Z4.9 F9000
G1 X107.682 Y112.125
G1 Z2.9
G1 E2 F2400
;TYPE:Internal infill
;WIDTH:0.66
G1 F3000
G1 X108.022 Y112.947 E.04564
G1 X108.421 Y113.679 E.04278
G1 X108.89 Y114.367 E.04272
G1 X109.65 Y115.224 E.05877
G1 X121.458 Y103.415 E.85687
G1 X120.434 Y102.532 E.06938
G1 X119.734 Y102.08 E.04275
G1 X118.992 Y101.7 E.04277
G1 X118.217 Y101.395 E.04273
G1 X117.414 Y101.169 E.0428
G1 X116.592 Y101.025 E.04282
G1 X115.355 Y100.962 E.06355
G1 X114.515 Y101.025 E.04322
G1 X113.694 Y101.169 E.04277
G1 X112.892 Y101.395 E.04275
G1 X112.116 Y101.7 E.04278
G1 X111.374 Y102.08 E.04277
G1 X110.674 Y102.532 E.04275
G1 X109.65 Y103.415 E.06938
G1 X121.462 Y115.228 E.85716
G1 X121.958 Y114.693 E.03743
G1 X122.461 Y114.029 E.04274
G1 X122.898 Y113.314 E.043
G1 X123.426 Y112.125 E.06675
G1 E-1.4 F3600
;WIPE_START
G1 F7200
G1 X122.913 Y113.28 E-.6
;WIPE_END
G1 Z4.9 F9000
G1 X105.387 Y95.07
G1 Z2.9
G1 E2 F2400
;TYPE:Solid infill
;WIDTH:0.80972
G1 X105.319 Y95.002 E.00613
G1 X105.226 Y95.027 E.00614
G1 X105.202 Y95.119 E.00606
G1 X105.269 Y95.187 E.00609
G1 X105.362 Y95.162 E.00614
;WIDTH:0.659999
G1 X106.348 Y95.02 E.05111
G1 X105.152 Y96.221 E.08697
;WIDTH:0.624306
G1 X105.085 Y96.295 E.00483
;WIDTH:0.588613
G1 X105.018 Y96.368 E.0045
;WIDTH:0.55292
G1 X104.973 Y96.323 E.0027
G1 X104.911 Y96.34 E.00273
G1 X104.894 Y96.401 E.00269
G1 X104.94 Y96.446 E.00273
G1 X105.001 Y96.43 E.00267
;WIDTH:0.659999
G1 X105.219 Y97.021 E.03232
G1 X107.22 Y95.02 E.1452
G1 X108.093 Y95.02 E.04479
G1 X105.219 Y97.893 E.20851
G1 X105.219 Y98.766 E.04479
G1 X108.966 Y95.02 E.27186
G1 X109.838 Y95.02 E.04474
G1 X105.219 Y99.639 E.33517
G1 X105.219 Y100.511 E.04474
G1 X110.711 Y95.02 E.39848
G1 X111.584 Y95.02 E.04479
G1 X105.219 Y101.384 E.46183
G1 X105.219 Y102.257 E.04479
G1 X112.456 Y95.02 E.52514
G1 X113.329 Y95.02 E.04479
G1 X105.219 Y103.129 E.58846
G1 X105.219 Y104.002 E.04479
G1 X114.202 Y95.02 E.6518
G1 X115.074 Y95.02 E.04474
G1 X105.219 Y104.875 E.71512
G1 X105.219 Y105.747 E.04474
G1 X115.947 Y95.02 E.77843
G1 X116.82 Y95.02 E.04479
G1 X105.219 Y106.62 E.84178
G1 X105.18 Y106.76 E.00746
;WIDTH:0.624306
G1 X105.14 Y106.9 E.00704
;WIDTH:0.588613
G1 X105.1 Y107.04 E.00661
;WIDTH:0.55292
G1 X105.055 Y106.995 E.0027
G1 X104.994 Y107.011 E.00267
G1 X104.977 Y107.073 E.00273
G1 X105.022 Y107.118 E.0027
G1 X105.084 Y107.101 E.00273
G1 E-1.4 F3600
;WIPE_START
G1 F7200
G1 X105.022 Y107.118 E-.03054
G1 X104.977 Y107.073 E-.03023
G1 X104.994 Y107.011 E-.03054
G1 X105.055 Y106.995 E-.02996
G1 X105.1 Y107.04 E-.03023
G1 X105.14 Y106.9 E-.06916
G1 X105.18 Y106.76 E-.06916
G1 X105.219 Y106.62 E-.06903
G1 X105.578 Y106.261 E-.24115
;WIPE_END
G1 Z4.9 F9000
G1 X108.011 Y104.597
G1 Z2.9
G1 E2 F2400
G1 X108.517 Y103.987 E.03361
G1 X109.109 Y103.34 E.03719
G1 X109.733 Y102.724 E.03718
G1 X110.392 Y102.136 E.03745
G1 X110.838 Y101.775 E.02433
;WIDTH:0.588613
G1 X110.984 Y101.663 E.00835
;WIDTH:0.624306
G1 X111.129 Y101.55 E.00889
;WIDTH:0.659999
G1 X111.275 Y101.438 E.00944
G1 X117.693 Y95.02 E.46571
G1 X118.565 Y95.02 E.04474
G1 X112.807 Y100.778 E.41782
G1 X112.661 Y100.871 E.00888
;WIDTH:0.624306
G1 X112.516 Y100.964 E.00833
;WIDTH:0.588613
G1 X112.37 Y101.057 E.00785
;WIDTH:0.55292
G1 X112.609 Y101.081 E.01019
G1 X112.831 Y101.014 E.00983
G1 X113.962 Y100.496 F9000
;WIDTH:0.659999
G1 F2400
G1 X119.438 Y95.02 E.39736
G1 X120.311 Y95.02 E.04479
G1 X114.957 Y100.373 E.38847
G1 X115.844 Y100.359 E.04552
G1 X121.183 Y95.02 E.38742
G1 X122.056 Y95.02 E.04479
G1 X116.664 Y100.412 E.39126
G1 X117.407 Y100.542 E.0387
G1 X122.929 Y95.02 E.4007
G1 X123.801 Y95.02 E.04474
G1 X118.1 Y100.721 E.41369
G1 X118.751 Y100.942 E.03528
G1 X124.674 Y95.02 E.42976
G1 X125.547 Y95.02 E.04479
G1 X119.368 Y101.199 E.44837
G1 X119.945 Y101.494 E.03325
G1 X125.889 Y95.55 E.43132
G1 X125.889 Y96.423 E.04479
G1 X120.483 Y101.829 E.39228
G1 X120.995 Y102.19 E.03214
G1 X125.889 Y97.295 E.35516
G1 X125.889 Y98.168 E.04479
G1 X121.48 Y102.577 E.31993
G1 X121.923 Y103.007 E.03168
G1 X125.889 Y99.041 E.28779
G1 X125.889 Y99.913 E.04474
G1 X122.342 Y103.46 E.25738
G1 X122.737 Y103.938 E.03182
G1 X125.889 Y100.786 E.22872
G1 X125.889 Y101.659 E.04479
G1 X123.091 Y104.457 E.20303
G1 X123.415 Y105.006 E.03271
G1 X125.889 Y102.531 E.17956
G1 X125.889 Y110.489 E.40833
G1 X125.612 Y110.226 E.0196
G1 X125.335 Y110.141 E.01487
G1 X125.176 Y110.226 E.00925
G1 X124.351 Y111.051 E.05987
G1 X124.434 Y110.636 E.02172
G1 X124.52 Y109.47 E.05999
G1 X124.518 Y108.85 E.03181
G1 X124.427 Y107.96 E.0459
G1 X124.248 Y107.083 E.04593
G1 X123.982 Y106.229 E.0459
G1 X123.709 Y105.584 E.03594
G1 X125.671 Y103.622 E.14237
G1 X125.235 Y104.982 F9000
;WIDTH:0.732775
G1 F2400
G1 X125.235 Y106.949 E.11283
;WIDTH:0.7739
G1 X125.215 Y107.172 E.01361
;WIDTH:0.815025
G1 X125.194 Y107.395 E.01438
;WIDTH:0.85615
G1 X125.174 Y107.618 E.01514
;WIDTH:0.897274
G1 X125.153 Y107.841 E.01591
G1 X125.144 Y107.814 E.00202
;WIDTH:0.889628
G1 X125.076 Y107.583 E.01695
;WIDTH:0.850415
G1 X125.008 Y107.352 E.01617
;WIDTH:0.811202
G1 X124.94 Y107.121 E.01538
;WIDTH:0.771989
G1 X124.872 Y106.89 E.0146
;WIDTH:0.732775
G1 X124.482 Y105.735 E.06993
G1 X125.017 Y105.2 E.0434
G1 E-1.4 F3600
;WIPE_START
G1 F7200
G1 X124.482 Y105.735 E-.35939
G1 X124.644 Y106.215 E-.24061
;WIPE_END
G1 Z4.9 F9000
G1 X125.153 Y107.841
G1 Z2.9
G1 E2 F2400
;WIDTH:0.897274
G1 X125.178 Y108.311 E.03344
;WIDTH:0.848587
G1 X125.202 Y108.781 E.03153
;WIDTH:0.7999
G1 X125.205 Y109.47 E.04337
G1 X125.394 Y110.881 F9000
;WIDTH:0.659999
G1 F2400
G1 X124.037 Y112.237 E.09843
G1 X123.964 Y112.377 E.0081
;WIDTH:0.624306
G1 X123.891 Y112.517 E.00763
;WIDTH:0.588613
G1 X123.818 Y112.657 E.00716
;WIDTH:0.55292
G1 X123.773 Y112.612 E.0027
G1 X123.712 Y112.628 E.00267
G1 X123.695 Y112.69 E.00273
G1 X123.74 Y112.735 E.0027
G1 X123.802 Y112.718 E.00273
G1 E-1.4 F3600
;WIPE_START
G1 F7200
G1 X123.74 Y112.735 E-.03054
G1 X123.695 Y112.69 E-.03023
G1 X123.712 Y112.628 E-.03054
G1 X123.773 Y112.612 E-.02996
G1 X123.818 Y112.657 E-.03023
G1 X123.891 Y112.517 E-.075
G1 X123.964 Y112.377 E-.075
G1 X124.037 Y112.237 E-.075
G1 X124.37 Y111.904 E-.2235
;WIPE_END
G1 Z4.9 F9000
G1 X107.678 Y105.034
G1 Z2.9
G1 E2 F2400
;WIDTH:0.659999
G1 X105.219 Y107.493 E.17843
G1 X106.51 Y107.947 F9000
G1 F2400
G1 X106.03 Y108.428 E.03487
G1 X105.84 Y108.517 E.01077
G1 X105.593 Y108.428 E.01347
G1 X105.394 Y108.238 E.01412
G1 X105.219 Y108.156 E.00992
G1 X105.219 Y116.22 E.41377
G1 X107.733 Y113.706 E.18243
G1 X107.476 Y113.234 E.02758
G1 X107.127 Y112.41 E.04592
G1 X106.861 Y111.556 E.0459
G1 X106.681 Y110.679 E.04594
G1 X106.59 Y109.789 E.0459
G1 X106.588 Y109.198 E.03032
G1 X106.675 Y108.004 E.06143
G1 X106.728 Y107.729 E.01437
G1 X105.812 Y107.773 E.04705
G1 X107.021 Y106.564 E.08773
G1 X107.128 Y106.433 E.00868
;WIDTH:0.624306
G1 X107.235 Y106.303 E.00814
;WIDTH:0.588613
G1 X107.342 Y106.173 E.00764
;WIDTH:0.55292
G1 X107.28 Y106.189 E.00272
G1 X107.235 Y106.144 E.0027
G1 X107.252 Y106.082 E.00273
G1 X107.313 Y106.066 E.00267
G1 X107.358 Y106.111 E.0027
G1 E-1.4 F3600
;WIPE_START
G1 F7200
G1 X107.313 Y106.066 E-.03023
G1 X107.252 Y106.082 E-.02996
G1 X107.235 Y106.144 E-.03054
G1 X107.28 Y106.189 E-.03023
G1 X107.342 Y106.173 E-.03041
G1 X107.235 Y106.303 E-.07998
G1 X107.128 Y106.433 E-.07998
G1 X107.021 Y106.564 E-.08034
G1 X106.711 Y106.874 E-.20833
;WIPE_END
G1 Z4.9 F9000
G1 X105.904 Y109.198
G1 Z2.9
G1 E2 F2400
;WIDTH:0.794882
G1 X105.904 Y109.759 E.03508
;WIDTH:0.840844
G1 X105.927 Y110.241 E.03202
;WIDTH:0.886806
G1 X105.95 Y110.722 E.03379
;WIDTH:0.897274
G1 X105.951 Y111.135 E.02934
;WIDTH:0.885447
G1 X105.94 Y111.69 E.03889
;WIDTH:0.866701
G1 X105.94 Y114.48 E.19111
G1 X106.843 Y113.577 E.08747
G1 X106.463 Y112.691 E.06604
G1 X106.172 Y111.769 E.06623
;WIDTH:0.895853
G1 X105.958 Y110.826 E.06858
G1 E-1.4 F3600
;WIPE_START
G1 F7200
G1 X106.172 Y111.769 E-.45931
G1 X106.261 Y112.051 E-.14069
;WIPE_END
G1 Z4.9 F9000
G1 X108.063 Y114.249
G1 Z2.9
G1 E2 F2400
;WIDTH:0.659999
G1 X105.219 Y117.092 E.20634
G1 X105.219 Y117.965 E.04479
G1 X108.419 Y114.765 E.2322
G1 X108.817 Y115.24 E.0318
G1 X105.219 Y118.838 E.26108
G1 X105.219 Y119.71 E.04474
G1 X109.242 Y115.688 E.29189
G1 X109.69 Y116.112 E.03165
G1 X105.219 Y120.583 E.32443
G1 X105.219 Y121.456 E.04479
G1 X110.176 Y116.499 E.3597
G1 X110.694 Y116.854 E.03222
G1 X105.219 Y122.328 E.39725
G1 X105.136 Y123.793 F9000
;WIDTH:0.55292
G1 F2400
G1 X105.075 Y123.809 E.00267
G1 X105.03 Y123.764 E.0027
G1 X105.046 Y123.703 E.00267
G1 X105.108 Y123.686 E.00273
G1 X105.153 Y123.731 E.0027
;WIDTH:0.588613
G1 X105.175 Y123.554 E.00809
;WIDTH:0.624306
G1 X105.197 Y123.378 E.00857
;WIDTH:0.659999
G1 X105.219 Y123.201 E.00915
G1 X111.238 Y117.183 E.43673
G1 X111.815 Y117.478 E.03325
G1 X105.674 Y123.62 E.44565
G1 X106.546 Y123.62 E.04474
G1 X112.437 Y117.728 E.42751
G1 X113.096 Y117.942 E.03555
G1 X107.419 Y123.62 E.41198
G1 X108.292 Y123.62 E.04479
G1 X113.797 Y118.114 E.3995
G1 X114.548 Y118.236 E.03904
G1 X109.164 Y123.62 E.39068
G1 X110.037 Y123.62 E.04479
G1 X115.363 Y118.294 E.38647
G1 X116.262 Y118.267 E.04615
G1 X110.91 Y123.62 E.3884
G1 X111.782 Y123.62 E.04474
G1 X117.279 Y118.123 E.39888
G1 X117.439 Y118.057 E.00888
;WIDTH:0.624306
G1 X117.598 Y117.991 E.00832
;WIDTH:0.588613
G1 X117.758 Y117.926 E.00784
;WIDTH:0.55292
G1 X117.696 Y117.942 E.00272
G1 X117.651 Y117.897 E.0027
G1 X117.667 Y117.836 E.00267
G1 X117.729 Y117.819 E.00273
G1 X117.774 Y117.864 E.0027
G1 X118.977 Y117.494 F9000
G1 F2400
G1 X118.931 Y117.449 E.00273
G1 X118.87 Y117.465 E.00267
G1 X118.853 Y117.527 E.00273
G1 X118.898 Y117.572 E.0027
G1 X118.96 Y117.555 E.00273
;WIDTH:0.588613
G1 X118.8 Y117.635 E.00812
;WIDTH:0.624306
G1 X118.639 Y117.716 E.00871
;WIDTH:0.659999
G1 X118.479 Y117.796 E.00918
G1 X112.655 Y123.62 E.42261
G1 X113.528 Y123.62 E.04479
G1 X120.097 Y117.05 E.47671
G1 X120.533 Y116.698 E.02875
;WIDTH:0.55292
G1 X121.062 Y116.255 E.02926
G1 X121.717 Y115.64 E.0381
G1 X122.328 Y115.006 E.03734
G1 X122.945 Y114.295 E.03992
;WIDTH:0.588613
G1 X123.059 Y114.15 E.00837
;WIDTH:0.624306
G1 X123.174 Y114.005 E.00895
;WIDTH:0.659999
G1 X123.288 Y113.859 E.0095
G1 X125.889 Y111.258 E.18874
G1 X125.964 Y111.419 E.00911
;WIDTH:0.624306
G1 X126.039 Y111.579 E.00854
;WIDTH:0.588613
G1 X126.115 Y111.74 E.00808
;WIDTH:0.55292
G1 X126.053 Y111.756 E.00272
G1 X126.008 Y111.711 E.0027
G1 X126.025 Y111.65 E.00269
G1 X126.086 Y111.633 E.00269
G1 X126.131 Y111.678 E.0027
;WIDTH:0.659999
G1 X125.889 Y112.131 E.02635
G1 X114.4 Y123.62 E.83369
G1 X115.273 Y123.62 E.04479
G1 X125.889 Y113.004 E.77034
G1 X125.889 Y113.876 E.04474
G1 X116.146 Y123.62 E.70703
G1 X117.018 Y123.62 E.04474
G1 X125.889 Y114.749 E.64371
G1 X125.889 Y115.622 E.04479
G1 X117.891 Y123.62 E.58036
G1 X118.764 Y123.62 E.04479
G1 X125.889 Y116.494 E.51705
G1 X125.889 Y117.367 E.04479
G1 X119.636 Y123.62 E.45374
G1 X120.509 Y123.62 E.04479
G1 X125.889 Y118.24 E.39039
G1 X125.889 Y119.112 E.04474
G1 X121.382 Y123.62 E.32708
G1 X122.254 Y123.62 E.04474
G1 X125.889 Y119.985 E.26377
G1 X125.889 Y120.858 E.04479
G1 X123.127 Y123.62 E.20042
G1 X124 Y123.62 E.04479
G1 X125.889 Y121.73 E.13711
G1 X125.992 Y121.667 E.0062
;WIDTH:0.624306
G1 X126.095 Y121.603 E.00586
;WIDTH:0.588613
G1 X126.197 Y121.539 E.00546
;WIDTH:0.55292
G1 X126.136 Y121.555 E.00267
G1 X126.091 Y121.51 E.0027
G1 X126.107 Y121.448 E.00272
G1 X126.169 Y121.432 E.00272
G1 X126.214 Y121.477 E.0027
;WIDTH:0.659999
G1 X125.894 Y122.59 E.05942
;WIDTH:0.649153
G1 X125.894 Y123.625 E.05217
G1 X124.859 Y123.625 E.05217
G1 X125.676 Y122.808 E.05824
;LAYER_CHANGE
;Z:3.1
;HEIGHT:0.2
;BEFORE_LAYER_CHANGE
G92 E0
;3.1


G1 E-1.4 F3600
;WIPE_START
G1 F7200
G1 X124.859 Y123.625 E-.54882
G1 X124.967 Y123.625 E-.05118
;WIPE_END
G1 Z3.1 F9000
;AFTER_LAYER_CHANGE
;3.1
G1 Z3.1
G1 X126.364 Y124.095
G1 E2 F2400
;TYPE:Perimeter
;WIDTH:0.659999
G1 X104.744 Y124.095 E1.10933
G1 X104.744 Y94.544 E1.51627
G1 X126.364 Y94.544 E1.10933
G1 X126.364 Y105.354 E.55466
G1 X126.364 Y124.005 E.95699
G1 X126.966 Y124.697 F9000
;TYPE:External perimeter
;WIDTH:0.629999
G1 F1500
G1 X104.142 Y124.697 E1.11417
G1 X104.142 Y93.942 E1.50133
G1 X126.966 Y93.942 E1.11417
G1 X126.966 Y105.354 E.55709
G1 X126.966 Y124.607 E.93985
G1 E-1.4 F3600
;WIPE_START
G1 F7200
G1 X126.966 Y124.697 E-.04275
G1 X125.793 Y124.697 E-.55725
;WIPE_END
G1 Z5.1 F9000
G1 X123.351 Y112.055
G1 Z3.1
G1 E2 F2400
;TYPE:Internal infill
;WIDTH:0.66
G1 F3000
G1 X123.003 Y112.907 E.04722
G1 X122.609 Y113.63 E.04225
G1 X122.144 Y114.311 E.04231
G1 X121.399 Y115.164 E.05811
G1 X109.715 Y103.481 E.8478
G1 X110.728 Y102.607 E.06865
G1 X111.421 Y102.16 E.04231
G1 X112.154 Y101.784 E.04227
G1 X112.921 Y101.483 E.04228
G1 X113.715 Y101.26 E.04232
G1 X114.526 Y101.116 E.04226
G1 X115.365 Y101.054 E.04317
G1 X116.583 Y101.117 E.06258
G1 X117.394 Y101.26 E.04225
G1 X118.187 Y101.483 E.04227
G1 X118.954 Y101.784 E.04228
G1 X119.688 Y102.16 E.04232
G1 X120.38 Y102.607 E.04227
G1 X121.393 Y103.481 E.06865
G1 X109.715 Y115.159 E.8474
G1 X108.964 Y114.311 E.05812
G1 X108.5 Y113.63 E.04228
G1 X108.106 Y112.907 E.04225
G1 X107.757 Y112.055 E.04724
G1 E-1.4 F3600
;WIPE_START
G1 F7200
G1 X108.106 Y112.907 E-.43734
G1 X108.27 Y113.208 E-.16266
;WIPE_END
G1 Z5.1 F9000
G1 X125.042 Y94.739
G1 Z3.1
G1 E2 F2400
;TYPE:Top solid infill
;WIDTH:0.600912
G1 F1800
G1 X125.919 Y95.616 E.05754
G1 X125.919 Y96.405 E.03661
G1 X124.503 Y94.99 E.09288
G1 X123.714 Y94.99 E.03661
G1 X125.919 Y97.195 E.14468
G1 X125.919 Y97.984 E.03661
G1 X122.925 Y94.99 E.19645
G1 X122.136 Y94.99 E.03661
G1 X125.919 Y98.773 E.24822
G1 X125.919 Y99.562 E.03661
G1 X121.347 Y94.99 E.29999
G1 X120.558 Y94.99 E.03661
G1 X125.919 Y100.351 E.35177
G1 X125.919 Y101.14 E.03661
G1 X119.768 Y94.99 E.40357
G1 X118.979 Y94.99 E.03661
G1 X125.919 Y101.929 E.45534
G1 X125.919 Y102.718 E.03661
G1 X118.19 Y94.99 E.50711
G1 X117.401 Y94.99 E.03661
G1 X125.919 Y103.507 E.55888
G1 X125.919 Y104.297 E.03665
G1 X116.612 Y94.99 E.61068
G1 X115.823 Y94.99 E.03661
G1 X125.919 Y105.086 E.66245
G1 X125.919 Y105.875 E.03661
G1 X115.034 Y94.99 E.71423
G1 X114.245 Y94.99 E.03661
G1 X125.919 Y106.664 E.766
G1 X125.919 Y107.453 E.03661
G1 X113.455 Y94.99 E.8178
G1 X112.666 Y94.99 E.03661
G1 X118.75 Y101.073 E.39917
G1 X118.362 Y100.922 E.01932
G1 X117.594 Y100.706 E.03702
G1 X111.877 Y94.99 E.37509
G1 X111.088 Y94.99 E.03661
G1 X116.63 Y100.531 E.36361
G1 X115.789 Y100.48 E.03909
G1 X110.299 Y94.99 E.36023
G1 X109.51 Y94.99 E.03661
G1 X115.012 Y100.491 E.36098
G1 X114.293 Y100.562 E.03352
G1 X108.721 Y94.99 E.36561
G1 X107.932 Y94.99 E.03661
G1 X113.622 Y100.68 E.37335
G1 X113.003 Y100.85 E.02978
G1 X107.143 Y94.99 E.38451
G1 X106.353 Y94.99 E.03665
G1 X112.415 Y101.051 E.39773
G1 X111.853 Y101.278 E.02812
G1 X105.564 Y94.99 E.41262
G1 X105.189 Y94.99 E.0174
G1 X105.189 Y95.404 E.01921
G1 X111.331 Y101.546 E.40301
G1 X111.115 Y101.658 E.01129
G1 X110.835 Y101.839 E.01547
G1 X105.189 Y96.193 E.37047
G1 X105.189 Y96.982 E.03661
G1 X110.358 Y102.151 E.33917
G1 X109.919 Y102.501 E.02605
G1 X105.189 Y97.771 E.31036
G1 X105.189 Y98.56 E.03661
G1 X109.5 Y102.871 E.28287
G1 X109.1 Y103.26 E.02589
G1 X105.189 Y99.349 E.25662
G1 X105.189 Y100.139 E.03665
G1 X108.736 Y103.686 E.23274
G1 X108.39 Y104.128 E.02604
G1 X105.189 Y100.928 E.21
G1 X105.189 Y101.717 E.03661
G1 X108.07 Y104.597 E.18901
G1 X107.782 Y105.099 E.02685
G1 X105.189 Y102.506 E.17014
G1 X105.189 Y103.295 E.03661
G1 X107.515 Y105.621 E.15262
G1 X107.281 Y106.176 E.02795
G1 X105.189 Y104.084 E.13727
G1 X105.189 Y104.873 E.03661
G1 X107.086 Y106.769 E.12444
G1 X106.977 Y107.122 E.01714
G1 X106.921 Y107.394 E.01288
G1 X105.189 Y105.662 E.11365
G1 X105.189 Y106.451 E.03661
G1 X106.793 Y108.055 E.10525
G1 X106.721 Y108.772 E.03343
G1 X105.189 Y107.241 E.10049
G1 X105.189 Y108.03 E.03661
G1 X106.71 Y109.55 E.09977
G1 X106.711 Y109.774 E.01039
G1 X106.774 Y110.404 E.02938
G1 X105.189 Y108.819 E.104
G1 X105.189 Y109.608 E.03661
G1 X106.944 Y111.363 E.11516
G1 X107.229 Y112.335 E.047
G1 X107.301 Y112.508 E.00869
G1 X104.939 Y110.146 E.15498
G1 E-1.4 F3600
;WIPE_START
G1 F7200
G1 X105.832 Y111.039 E-.6
;WIPE_END
G1 Z5.1 F9000
G1 X126.17 Y108.493
G1 Z3.1
G1 E2 F2400
G1 F1800
G1 X123.808 Y106.131 E.15498
G1 X123.879 Y106.304 E.00868
G1 X124.164 Y107.276 E.047
G1 X125.919 Y109.031 E.11516
G1 X125.919 Y109.82 E.03661
G1 X124.334 Y108.235 E.104
G1 X124.397 Y108.865 E.02938
G1 X124.398 Y109.089 E.01039
G1 X125.919 Y110.61 E.0998
G1 X125.919 Y111.399 E.03661
G1 X124.388 Y109.867 E.10049
G1 X124.316 Y110.585 E.03348
G1 X125.919 Y112.188 E.10518
G1 X125.919 Y112.977 E.03661
G1 X124.188 Y111.246 E.11358
G1 X124.132 Y111.517 E.01284
G1 X124.023 Y111.87 E.01714
G1 X125.919 Y113.766 E.12441
G1 X125.919 Y114.555 E.03661
G1 X123.827 Y112.463 E.13727
G1 X123.593 Y113.018 E.02795
G1 X125.919 Y115.344 E.15262
G1 X125.919 Y116.133 E.03661
G1 X123.326 Y113.54 E.17014
G1 X123.038 Y114.042 E.02685
G1 X125.919 Y116.923 E.18904
G1 X125.919 Y117.712 E.03661
G1 X122.719 Y114.511 E.21
G1 X122.372 Y114.954 E.02611
G1 X125.919 Y118.501 E.23274
G1 X125.919 Y119.29 E.03661
G1 X122.009 Y115.38 E.25656
G1 X121.611 Y115.771 E.02589
G1 X125.919 Y120.079 E.28267
G1 X125.919 Y120.868 E.03661
G1 X121.191 Y116.141 E.3102
G1 X120.743 Y116.481 E.02609
G1 X125.919 Y121.657 E.33963
G1 X125.919 Y122.446 E.03661
G1 X120.277 Y116.805 E.37017
G1 X119.777 Y117.094 E.02679
G1 X125.919 Y123.235 E.40298
G1 X125.919 Y123.65 E.01925
G1 X125.544 Y123.65 E.0174
G1 X119.249 Y117.355 E.41305
G1 X118.698 Y117.593 E.02785
G1 X124.755 Y123.65 E.39743
G1 X123.966 Y123.65 E.03661
G1 X118.108 Y117.792 E.38438
G1 X117.479 Y117.952 E.03011
G1 X123.177 Y123.65 E.37388
G1 X122.387 Y123.65 E.03665
G1 X116.813 Y118.075 E.36577
G1 X116.102 Y118.153 E.03319
G1 X121.598 Y123.65 E.36066
G1 X120.809 Y123.65 E.03661
G1 X115.331 Y118.171 E.35947
G1 X114.478 Y118.108 E.03968
G1 X120.02 Y123.65 E.36364
G1 X119.231 Y123.65 E.03661
G1 X113.515 Y117.933 E.37509
G1 X112.747 Y117.717 E.03702
G1 X112.358 Y117.566 E.01936
G1 X118.442 Y123.65 E.39921
G1 X117.653 Y123.65 E.03661
G1 X105.189 Y111.186 E.81783
G1 X105.189 Y111.975 E.03661
G1 X116.864 Y123.65 E.76606
G1 X116.074 Y123.65 E.03665
G1 X105.189 Y112.764 E.71426
G1 X105.189 Y113.554 E.03665
G1 X115.285 Y123.65 E.66245
G1 X114.496 Y123.65 E.03661
G1 X105.189 Y114.343 E.61068
G1 X105.189 Y115.132 E.03661
G1 X113.707 Y123.65 E.55891
G1 X112.918 Y123.65 E.03661
G1 X105.189 Y115.921 E.50714
G1 X105.189 Y116.71 E.03661
G1 X112.129 Y123.65 E.45537
G1 X111.34 Y123.65 E.03661
G1 X105.189 Y117.499 E.4036
G1 X105.189 Y118.288 E.03661
G1 X110.551 Y123.65 E.35183
G1 X109.762 Y123.65 E.03661
G1 X105.189 Y119.077 E.30006
G1 X105.189 Y119.867 E.03665
G1 X108.972 Y123.65 E.24822
G1 X108.183 Y123.65 E.03661
G1 X105.189 Y120.656 E.19645
G1 X105.189 Y121.445 E.03661
G1 X107.394 Y123.65 E.14468
G1 X106.605 Y123.65 E.03661
G1 X105.189 Y122.234 E.09291
G1 X105.189 Y123.023 E.03661
G1 X106.067 Y123.9 E.05758
;LAYER_CHANGE
;Z:3.3
;HEIGHT:0.2
;BEFORE_LAYER_CHANGE
G92 E0
;3.3


G1 E-1.4 F3600
;WIPE_START
G1 F7200
G1 X105.189 Y123.023 E-.58946
G1 X105.189 Y123.001 E-.01054
;WIPE_END
G1 Z3.3 F9000
;AFTER_LAYER_CHANGE
;3.3
G1 Z5.3
G1 X110.467 Y117.154
G1 Z3.3
G1 E2 F2400
;TYPE:Perimeter
;WIDTH:0.659999
G1 F900
G1 X109.915 Y116.764 E.03468
G1 X109.373 Y116.324 E.03582
G1 X108.869 Y115.84 E.03585
G1 X108.398 Y115.324 E.03585
G1 X107.971 Y114.771 E.03585
G1 X107.583 Y114.191 E.03581
G1 X107.244 Y113.58 E.03585
G1 X106.946 Y112.948 E.03585
G1 X106.702 Y112.294 E.03582
G1 X106.501 Y111.625 E.03584
G1 X106.357 Y110.941 E.03587
G1 X106.259 Y110.25 E.03581
G1 X106.218 Y109.553 E.03583
G1 X106.224 Y108.854 E.03587
G1 X106.288 Y108.158 E.03586
G1 X106.398 Y107.469 E.0358
G1 X106.564 Y106.79 E.03587
G1 X106.776 Y106.125 E.03581
G1 X107.042 Y105.478 E.03589
G1 X107.35 Y104.852 E.0358
G1 X107.71 Y104.252 E.0359
G1 X108.108 Y103.679 E.0358
G1 X108.553 Y103.14 E.03586
G1 X109.031 Y102.632 E.03579
G1 X109.552 Y102.165 E.0359
G1 X110.101 Y101.735 E.03578
G1 X110.686 Y101.35 E.03593
G1 X111.292 Y101.007 E.03573
G1 X111.929 Y100.713 E.036
G1 X112.579 Y100.464 E.03572
G1 X113.255 Y100.268 E.03611
G1 X113.932 Y100.12 E.03556
G1 X114.613 Y100.028 E.03526
G1 X115.112 Y99.991 E.02567
G1 X115.81 Y99.982 E.03582
G1 X116.727 Y100.052 E.04719
G1 X117.356 Y100.156 E.03271
G1 X117.87 Y100.272 E.02704
G1 X118.529 Y100.464 E.03522
G1 X119.185 Y100.716 E.03606
G1 X119.816 Y101.007 E.03565
G1 X120.425 Y101.352 E.03591
G1 X121.007 Y101.735 E.03575
G1 X121.558 Y102.166 E.03589
G1 X122.077 Y102.632 E.03579
G1 X122.557 Y103.141 E.0359
G1 X123.001 Y103.679 E.03579
G1 X123.399 Y104.253 E.03584
G1 X123.758 Y104.852 E.03583
G1 X124.067 Y105.479 E.03587
G1 X124.333 Y106.125 E.03585
G1 X124.544 Y106.79 E.0358
G1 X124.711 Y107.469 E.03588
G1 X124.821 Y108.158 E.0358
G1 X124.884 Y108.854 E.03586
G1 X124.89 Y109.553 E.03587
G1 X124.867 Y110.018 E.02389
G1 X124.792 Y110.712 E.03582
G1 X124.659 Y111.398 E.03585
G1 X124.481 Y112.073 E.03582
G1 X124.247 Y112.733 E.03593
G1 X123.971 Y113.373 E.03576
G1 X123.641 Y113.991 E.03595
G1 X123.273 Y114.582 E.03572
G1 X122.852 Y115.146 E.03611
G1 X122.402 Y115.674 E.0356
G1 X121.915 Y116.157 E.03519
G1 X121.519 Y116.505 E.02705
G1 X121.016 Y116.898 E.03275
G1 X120.245 Y117.397 E.04712
G1 X119.628 Y117.723 E.03581
G1 X119.171 Y117.93 E.02574
G1 X118.529 Y118.175 E.03526
G1 X117.855 Y118.371 E.03602
G1 X117.176 Y118.519 E.03566
G1 X116.482 Y118.612 E.03593
G1 X115.787 Y118.658 E.03574
G1 X115.087 Y118.647 E.03592
G1 X114.393 Y118.589 E.03573
G1 X113.703 Y118.473 E.0359
G1 X113.024 Y118.312 E.03581
G1 X112.36 Y118.095 E.03584
G1 X111.712 Y117.835 E.03583
G1 X111.088 Y117.521 E.03584
G1 X110.544 Y117.201 E.03238
G1 X110.23 Y117.714 F9000
;TYPE:External perimeter
;WIDTH:0.629999
G1 F900
G1 X110.159 Y117.673 E.004
G1 X109.552 Y117.244 E.03628
G1 X108.974 Y116.775 E.03634
G1 X108.438 Y116.26 E.03629
G1 X107.937 Y115.711 E.03628
G1 X107.483 Y115.122 E.0363
G1 X107.069 Y114.505 E.03627
G1 X106.708 Y113.854 E.03634
G1 X106.391 Y113.182 E.03627
G1 X106.131 Y112.485 E.03631
G1 X105.918 Y111.773 E.03628
G1 X105.764 Y111.045 E.03632
G1 X105.66 Y110.31 E.03624
G1 X105.616 Y109.568 E.03628
G1 X105.623 Y108.824 E.03632
G1 X105.69 Y108.083 E.03632
G1 X105.807 Y107.349 E.03628
G1 X105.985 Y106.627 E.0363
G1 X106.21 Y105.919 E.03626
G1 X106.493 Y105.231 E.03632
G1 X106.821 Y104.564 E.03628
G1 X107.204 Y103.926 E.03633
G1 X107.627 Y103.315 E.03628
G1 X108.101 Y102.741 E.03634
G1 X108.611 Y102.201 E.03626
G1 X109.165 Y101.704 E.03633
G1 X109.749 Y101.246 E.03623
G1 X110.372 Y100.836 E.03641
G1 X111.018 Y100.471 E.03622
G1 X111.691 Y100.16 E.03619
G1 X112.157 Y99.977 E.02444
G1 X112.861 Y99.747 E.03615
G1 X113.579 Y99.577 E.03602
G1 X114.084 Y99.488 E.02503
G1 X114.585 Y99.426 E.02464
G1 X115.306 Y99.379 E.03527
G1 X115.834 Y99.38 E.02577
G1 X116.794 Y99.453 E.047
G1 X117.475 Y99.566 E.0337
G1 X117.987 Y99.681 E.02562
G1 X118.473 Y99.817 E.02464
G1 X118.959 Y99.98 E.02502
G1 X119.644 Y100.256 E.03605
G1 X120.306 Y100.588 E.03615
G1 X120.739 Y100.838 E.02441
G1 X121.359 Y101.246 E.03623
G1 X121.945 Y101.705 E.03634
G1 X122.497 Y102.201 E.03623
G1 X123.008 Y102.742 E.03633
G1 X123.481 Y103.315 E.03627
G1 X123.905 Y103.927 E.03634
G1 X124.287 Y104.564 E.03626
G1 X124.616 Y105.231 E.03631
G1 X124.898 Y105.919 E.0363
G1 X125.124 Y106.627 E.03628
G1 X125.301 Y107.349 E.03629
G1 X125.418 Y108.084 E.03633
G1 X125.486 Y108.824 E.03628
G1 X125.492 Y109.568 E.03632
G1 X125.467 Y110.063 E.02419
G1 X125.387 Y110.802 E.03629
G1 X125.246 Y111.532 E.03629
G1 X125.056 Y112.251 E.0363
G1 X124.807 Y112.953 E.03636
G1 X124.513 Y113.634 E.03621
G1 X124.164 Y114.288 E.03619
G1 X123.903 Y114.716 E.02447
G1 X123.481 Y115.324 E.03613
G1 X123.011 Y115.894 E.03606
G1 X122.662 Y116.269 E.02501
G1 X122.3 Y116.621 E.02465
G1 X121.906 Y116.967 E.0256
G1 X121.362 Y117.391 E.03367
G1 X120.553 Y117.915 E.04705
G1 X120.09 Y118.169 E.02578
G1 X119.435 Y118.472 E.03523
G1 X118.965 Y118.657 E.02466
G1 X118.479 Y118.82 E.02502
G1 X117.767 Y119.014 E.03602
G1 X117.038 Y119.149 E.03619
G1 X116.542 Y119.211 E.0244
G1 X115.802 Y119.261 E.03621
G1 X115.057 Y119.248 E.03637
G1 X114.318 Y119.186 E.0362
G1 X113.584 Y119.063 E.03633
G1 X112.861 Y118.892 E.03627
G1 X112.154 Y118.661 E.03631
G1 X111.464 Y118.384 E.0363
G1 X110.8 Y118.05 E.03628
G1 X110.307 Y117.76 E.02792
G1 E-1.4 F3600
;WIPE_START
G1 F7200
G1 X110.23 Y117.714 E-.0426
G1 X110.159 Y117.673 E-.03894
G1 X109.552 Y117.244 E-.35307
G1 X109.282 Y117.025 E-.16539
;WIPE_END
G1 Z5.3 F9000
G1 X107.803 Y112.014
G1 Z3.3
G1 E2 F2400
;TYPE:Internal infill
;WIDTH:0.66
G1 F900
G1 X108.339 Y113.249 E.06908
G1 X108.766 Y113.948 E.04203
G1 X109.261 Y114.601 E.04204
G1 X109.748 Y115.126 E.03674
G1 X121.357 Y103.517 E.84239
G1 X120.35 Y102.649 E.06822
G1 X119.662 Y102.205 E.04201
G1 X118.933 Y101.831 E.04204
G1 X118.171 Y101.532 E.042
G1 X117.382 Y101.31 E.04206
G1 X116.568 Y101.166 E.04242
G1 X115.354 Y101.106 E.06237
G1 X114.533 Y101.168 E.04225
G1 X113.726 Y101.31 E.04204
G1 X112.938 Y101.532 E.04201
G1 X112.175 Y101.831 E.04205
G1 X111.446 Y102.205 E.04204
G1 X110.758 Y102.649 E.04201
G1 X109.752 Y103.517 E.06818
G1 X121.357 Y115.122 E.8421
G1 X122.103 Y114.28 E.05772
G1 X122.565 Y113.604 E.04201
G1 X122.956 Y112.884 E.04204
G1 X123.309 Y112.016 E.04808
G1 E-1.4 F3600
;WIPE_START
G1 F7200
G1 X122.956 Y112.884 E-.44509
G1 X122.8 Y113.17 E-.15491
;WIPE_END
G1 Z5.3 F9000
G1 X115.52 Y100.475
G1 Z3.3
G1 E2 F2400
;TYPE:Solid infill
;WIDTH:0.695412
G1 F900
G1 X116.041 Y100.495 E.02829
;WIDTH:0.692966
G1 X116.666 Y100.541 E.03387
G1 X117.53 Y100.705 E.04753
;WIDTH:0.682824
G1 X118.38 Y100.939 E.04691
G1 X119.2 Y101.262 E.04689
G1 X119.984 Y101.665 E.0469
G1 X120.724 Y102.144 E.0469
G1 X121.413 Y102.695 E.04694
G1 X122.043 Y103.311 E.04688
G1 X122.609 Y103.987 E.04691
G1 X123.105 Y104.716 E.04692
G1 X123.526 Y105.491 E.04693
G1 X123.868 Y106.303 E.04688
G1 X124.127 Y107.146 E.04692
G1 X124.301 Y108.011 E.04695
G1 X124.387 Y108.888 E.04689
G1 X124.387 Y109.77 E.04693
G1 X124.298 Y110.647 E.0469
G1 X124.122 Y111.511 E.04692
G1 X123.862 Y112.353 E.04689
G1 X123.518 Y113.165 E.04692
G1 X123.091 Y113.936 E.04689
;WIDTH:0.693354
G1 X122.602 Y114.67 E.0477
;WIDTH:0.693506
G1 X122.035 Y115.345 E.04769
;WIDTH:0.693368
G1 X121.402 Y115.961 E.04777
G1 X120.712 Y116.51 E.04769
;WIDTH:0.69229
G1 X119.97 Y116.987 E.04763
;WIDTH:0.693362
G1 X119.185 Y117.39 E.04772
G1 X118.363 Y117.711 E.04773
G1 X117.514 Y117.949 E.04769
G1 X116.645 Y118.101 E.04771
G1 X115.765 Y118.166 E.04772
G1 X114.883 Y118.143 E.04772
G1 X114.008 Y118.033 E.0477
G1 X113.148 Y117.835 E.04773
G1 X112.312 Y117.554 E.0477
G1 X111.509 Y117.19 E.04768
G1 X110.745 Y116.748 E.04774
G1 X110.029 Y116.232 E.04773
G1 X109.369 Y115.648 E.04766
G1 X108.769 Y115 E.04776
G1 X108.237 Y114.297 E.04768
G1 X107.778 Y113.543 E.04774
G1 X107.396 Y112.748 E.0477
G1 X107.095 Y111.919 E.0477
G1 X106.879 Y111.064 E.0477
G1 X106.748 Y110.188 E.0479
;WIDTH:0.700784
G1 X106.708 Y109.32 E.04753
;WIDTH:0.703978
G1 X106.754 Y108.439 E.04849
G1 X106.885 Y107.567 E.04847
G1 X107.103 Y106.713 E.04845
G1 X107.404 Y105.884 E.04848
G1 X107.787 Y105.09 E.04846
G1 X108.247 Y104.337 E.0485
G1 X108.779 Y103.635 E.04842
G1 X109.379 Y102.988 E.0485
G1 X110.04 Y102.405 E.04845
G1 X110.756 Y101.89 E.04848
G1 X111.519 Y101.449 E.04844
G1 X112.323 Y101.087 E.04847
G1 X113.159 Y100.806 E.04848
G1 X114.018 Y100.61 E.04843
G1 X114.894 Y100.5 E.04853
G1 X115.212 Y100.487 E.01749
;LAYER_CHANGE
;Z:3.5
;HEIGHT:0.2
;BEFORE_LAYER_CHANGE
G92 E0
;3.5


G1 E-1.4 F3600
;WIPE_START
G1 F7200
G1 X114.894 Y100.5 E-.15118
G1 X114.018 Y100.61 E-.41937
G1 X113.958 Y100.624 E-.02945
;WIPE_END
G1 Z3.5 F9000
;AFTER_LAYER_CHANGE
;3.5
G1 Z3.5
G1 X115.199 Y100.236
G1 E2 F2400
;TYPE:Perimeter
;WIDTH:0.659999
G1 F900
G1 X115.6 Y100.213 E.02061
G1 X116.247 Y100.247 E.03324
G1 X117.134 Y100.359 E.04587
G1 X118.018 Y100.561 E.04653
G1 X118.878 Y100.85 E.04655
G1 X119.705 Y101.223 E.04655
G1 X120.491 Y101.677 E.04657
G1 X121.227 Y102.206 E.04651
G1 X121.907 Y102.806 E.04653
G1 X122.524 Y103.471 E.04655
G1 X123.072 Y104.194 E.04655
G1 X123.545 Y104.968 E.04654
G1 X123.938 Y105.785 E.04652
G1 X124.248 Y106.638 E.04657
G1 X124.472 Y107.517 E.04654
G1 X124.607 Y108.414 E.04654
G1 X124.653 Y109.319 E.0465
G1 X124.653 Y109.774 E.02335
G1 X124.562 Y110.677 E.04657
G1 X124.382 Y111.567 E.04659
G1 X124.114 Y112.436 E.04666
G1 X123.873 Y113.012 E.03204
G1 X123.559 Y113.669 E.03736
G1 X123.081 Y114.451 E.04703
G1 X122.533 Y115.175 E.04659
G1 X121.915 Y115.841 E.04662
G1 X121.234 Y116.442 E.0466
G1 X120.497 Y116.972 E.04658
G1 X119.71 Y117.426 E.04662
G1 X118.882 Y117.8 E.04662
G1 X118.021 Y118.089 E.0466
G1 X117.136 Y118.291 E.04658
G1 X116.235 Y118.404 E.04659
G1 X115.327 Y118.427 E.0466
G1 X114.421 Y118.359 E.04662
G1 X113.527 Y118.201 E.04658
G1 X112.653 Y117.955 E.04659
G1 X111.807 Y117.623 E.04663
G1 X110.999 Y117.209 E.04658
G1 X110.236 Y116.716 E.04661
G1 X109.526 Y116.15 E.04659
G1 X108.876 Y115.516 E.04659
G1 X108.292 Y114.82 E.04662
G1 X107.781 Y114.07 E.04657
G1 X107.346 Y113.272 E.04663
G1 X106.994 Y112.435 E.04659
G1 X106.726 Y111.568 E.04656
G1 X106.546 Y110.677 E.04664
G1 X106.456 Y109.774 E.04656
G1 X106.456 Y108.865 E.04664
G1 X106.546 Y107.962 E.04656
G1 X106.726 Y107.072 E.04659
G1 X106.994 Y106.204 E.04661
G1 X107.346 Y105.367 E.04659
G1 X107.781 Y104.569 E.04663
G1 X108.292 Y103.819 E.04657
G1 X108.876 Y103.123 E.04662
G1 X109.526 Y102.489 E.04659
G1 X110.236 Y101.923 E.04659
G1 X110.999 Y101.43 E.04661
G1 X111.807 Y101.016 E.04658
G1 X112.653 Y100.684 E.04663
G1 X113.527 Y100.438 E.04659
G1 X114.421 Y100.28 E.04658
G1 X115.11 Y100.241 E.03541
G1 X115.079 Y99.629 F9000
;TYPE:External perimeter
;WIDTH:0.629999
G1 F900
G1 X115.603 Y99.611 E.02559
G1 X116.293 Y99.646 E.03373
G1 X117.239 Y99.766 E.04655
G1 X118.182 Y99.982 E.04723
G1 X119.098 Y100.29 E.04718
G1 X119.98 Y100.687 E.04722
G1 X120.817 Y101.171 E.0472
G1 X121.602 Y101.735 E.04719
G1 X122.327 Y102.375 E.04721
G1 X122.985 Y103.084 E.04722
G1 X123.569 Y103.855 E.04722
G1 X124.073 Y104.68 E.04719
G1 X124.493 Y105.552 E.04725
G1 X124.824 Y106.46 E.04718
G1 X125.062 Y107.397 E.04719
G1 X125.207 Y108.354 E.04725
G1 X125.255 Y109.319 E.04717
G1 X125.255 Y109.804 E.02368
G1 X125.158 Y110.767 E.04725
G1 X124.966 Y111.716 E.04726
G1 X124.681 Y112.642 E.0473
G1 X124.33 Y113.479 E.04431
G1 X124.086 Y113.962 E.02642
G1 X123.579 Y114.791 E.04744
G1 X122.994 Y115.563 E.04728
G1 X122.336 Y116.273 E.04725
G1 X121.61 Y116.913 E.04724
G1 X120.824 Y117.478 E.04725
G1 X119.985 Y117.963 E.04731
G1 X119.103 Y118.361 E.04724
G1 X118.185 Y118.669 E.04727
G1 X117.241 Y118.885 E.04727
G1 X116.28 Y119.005 E.04728
G1 X115.312 Y119.029 E.04727
G1 X114.346 Y118.957 E.04729
G1 X113.393 Y118.789 E.04724
G1 X112.461 Y118.526 E.04727
G1 X111.559 Y118.173 E.04728
G1 X110.698 Y117.731 E.04725
G1 X109.884 Y117.206 E.04728
G1 X109.127 Y116.602 E.04727
G1 X108.434 Y115.926 E.04726
G1 X107.812 Y115.184 E.04726
G1 X107.266 Y114.384 E.04728
G1 X106.803 Y113.534 E.04725
G1 X106.427 Y112.641 E.0473
G1 X106.142 Y111.716 E.04725
G1 X105.95 Y110.767 E.04726
G1 X105.854 Y109.804 E.04724
G1 X105.854 Y108.835 E.0473
G1 X105.95 Y107.872 E.04724
G1 X106.142 Y106.923 E.04726
G1 X106.427 Y105.998 E.04725
G1 X106.803 Y105.105 E.0473
G1 X107.266 Y104.255 E.04725
G1 X107.812 Y103.455 E.04728
G1 X108.434 Y102.713 E.04726
G1 X109.127 Y102.037 E.04726
G1 X109.884 Y101.433 E.04727
G1 X110.698 Y100.908 E.04728
G1 X111.559 Y100.466 E.04725
G1 X112.461 Y100.113 E.04728
G1 X113.393 Y99.85 E.04727
G1 X114.346 Y99.682 E.04724
G1 X114.989 Y99.634 E.03148
G1 X115.104 Y100.706 F9000
;TYPE:Internal infill
;WIDTH:0.66
G1 F900
G1 X113.633 Y100.902 E.07614
G1 X112.804 Y101.135 E.04418
G1 X111.563 Y101.675 E.06944
G1 X107.907 Y105.331 E.26529
G1 X107.441 Y106.367 E.05829
G1 X107.187 Y107.189 E.04414
G1 X107.017 Y108.033 E.04418
G1 X106.931 Y108.889 E.04414
G1 X106.931 Y109.75 E.04418
G1 X107.017 Y110.606 E.04414
G1 X107.187 Y111.45 E.04418
G1 X107.441 Y112.273 E.04419
G1 X107.907 Y113.308 E.05824
G1 X111.563 Y116.964 E.26529
G1 X112.804 Y117.504 E.06944
G1 X113.633 Y117.737 E.04418
G1 X114.481 Y117.887 E.04419
G1 X115.339 Y117.951 E.04415
G1 X116.199 Y117.93 E.04414
G1 X117.053 Y117.823 E.04416
G1 X117.893 Y117.631 E.04421
G1 X118.709 Y117.357 E.04417
G1 X119.525 Y116.984 E.04604
G1 X123.217 Y113.292 E.26791
G1 X123.667 Y112.274 E.05711
G1 X123.921 Y111.45 E.04424
G1 X124.092 Y110.606 E.04419
G1 X124.177 Y109.75 E.04414
G1 X124.177 Y108.889 E.04418
G1 X124.092 Y108.033 E.04414
G1 X123.921 Y107.189 E.04419
G1 X123.668 Y106.367 E.04413
G1 X123.201 Y105.331 E.05831
G1 X119.546 Y101.675 E.26526
G1 X118.304 Y101.135 E.06949
G1 X117.475 Y100.902 E.04418
G1 X116.628 Y100.752 E.04414
G1 X116.004 Y100.714 E.03208
G1 E-1.4 F3600
;WIPE_START
G1 F7200
G1 X116.628 Y100.752 E-.29695
G1 X117.257 Y100.863 E-.30305
;WIPE_END
G1 Z5.5 F9000
G1 X121.652 Y103.221
G1 Z3.5
G1 E2 F2400
G1 F900
G1 X109.456 Y115.418 E.88502
G1 E-1.4 F3600
;WIPE_START
G1 F7200
G1 X110.349 Y114.525 E-.6
;WIPE_END
G1 Z5.5 F9000
G1 X109.456 Y103.221
G1 Z3.5
G1 E2 F2400
G1 F900
G1 X121.656 Y115.421 E.88528
;LAYER_CHANGE
;Z:3.7
;HEIGHT:0.2
;BEFORE_LAYER_CHANGE
G92 E0
;3.7


G1 E-1.4 F3600
;WIPE_START
G1 F7200
G1 X120.763 Y114.528 E-.6
;WIPE_END
G1 Z3.7 F9000
;AFTER_LAYER_CHANGE
;3.7
G1 Z3.7
G1 X121.893 Y115.652
G1 E2 F2400
;TYPE:Perimeter
;WIDTH:0.659999
G1 F900
G1 X121.814 Y115.737 E.00595
G1 X121.144 Y116.329 E.04588
G1 X120.418 Y116.851 E.04588
G1 X119.644 Y117.297 E.04584
G1 X118.83 Y117.665 E.04584
G1 X117.982 Y117.95 E.0459
G1 X117.111 Y118.149 E.04584
G1 X116.224 Y118.26 E.04587
G1 X115.331 Y118.282 E.04583
G1 X114.439 Y118.215 E.0459
G1 X113.559 Y118.06 E.04585
G1 X112.699 Y117.818 E.04584
G1 X111.867 Y117.491 E.04587
G1 X111.072 Y117.084 E.04583
G1 X110.321 Y116.599 E.04587
G1 X109.622 Y116.042 E.04586
G1 X108.982 Y115.417 E.0459
G1 X108.408 Y114.733 E.04582
G1 X107.904 Y113.994 E.0459
G1 X107.477 Y113.209 E.04585
G1 X107.13 Y112.386 E.04583
G1 X106.866 Y111.532 E.04587
G1 X106.689 Y110.656 E.04586
G1 X106.6 Y109.766 E.04589
G1 X106.6 Y108.873 E.04582
G1 X106.689 Y107.983 E.04589
G1 X106.866 Y107.107 E.04586
G1 X107.13 Y106.253 E.04587
G1 X107.477 Y105.43 E.04583
G1 X107.904 Y104.645 E.04585
G1 X108.408 Y103.906 E.0459
G1 X108.982 Y103.222 E.04582
G1 X109.622 Y102.598 E.04586
G1 X110.321 Y102.04 E.04589
G1 X111.072 Y101.556 E.04584
G1 X111.867 Y101.148 E.04585
G1 X112.699 Y100.821 E.04587
G1 X113.559 Y100.579 E.04584
G1 X114.439 Y100.424 E.04585
G1 X115.008 Y100.381 E.02928
G1 X115.666 Y100.361 E.03378
G1 X116.258 Y100.391 E.03041
G1 X117.109 Y100.502 E.04403
G1 X117.979 Y100.7 E.04578
G1 X118.825 Y100.985 E.04581
G1 X119.639 Y101.352 E.04582
G1 X120.412 Y101.798 E.04579
G1 X121.137 Y102.319 E.04581
G1 X121.806 Y102.91 E.0458
G1 X122.413 Y103.564 E.04578
G1 X122.952 Y104.276 E.04582
G1 X123.418 Y105.037 E.04579
G1 X123.805 Y105.842 E.04583
G1 X124.11 Y106.68 E.04576
G1 X124.331 Y107.545 E.04581
G1 X124.464 Y108.428 E.04582
G1 X124.508 Y109.32 E.04582
G1 X124.508 Y109.766 E.02288
G1 X124.419 Y110.656 E.04589
G1 X124.242 Y111.532 E.04586
G1 X123.977 Y112.391 E.04613
G1 X123.757 Y112.932 E.02997
G1 X123.429 Y113.605 E.03841
G1 X122.962 Y114.37 E.04599
G1 X122.422 Y115.082 E.04585
G1 X121.954 Y115.586 E.03529
G1 X122.385 Y116.007 F9000
;TYPE:External perimeter
;WIDTH:0.629999
G1 F900
G1 X122.235 Y116.169 E.01078
G1 X121.52 Y116.8 E.04655
G1 X120.745 Y117.357 E.04659
G1 X119.919 Y117.834 E.04656
G1 X119.05 Y118.226 E.04654
G1 X118.146 Y118.53 E.04656
G1 X117.216 Y118.742 E.04656
G1 X116.269 Y118.861 E.04659
G1 X115.316 Y118.885 E.04654
G1 X114.364 Y118.813 E.04661
G1 X113.425 Y118.648 E.04654
G1 X112.507 Y118.389 E.04656
G1 X111.619 Y118.041 E.04656
G1 X110.77 Y117.606 E.04657
G1 X109.969 Y117.088 E.04657
G1 X109.223 Y116.493 E.04658
G1 X108.54 Y115.827 E.04657
G1 X107.927 Y115.097 E.04653
G1 X107.39 Y114.309 E.04655
G1 X106.934 Y113.471 E.04657
G1 X106.563 Y112.592 E.04657
G1 X106.282 Y111.681 E.04654
G1 X106.093 Y110.746 E.04657
G1 X105.998 Y109.797 E.04656
G1 X105.998 Y108.843 E.04657
G1 X106.093 Y107.894 E.04656
G1 X106.282 Y106.959 E.04657
G1 X106.563 Y106.047 E.04659
G1 X106.934 Y105.168 E.04657
G1 X107.39 Y104.33 E.04657
G1 X107.927 Y103.542 E.04655
G1 X108.54 Y102.812 E.04653
G1 X109.223 Y102.146 E.04657
G1 X109.969 Y101.551 E.04658
G1 X110.77 Y101.033 E.04657
G1 X111.619 Y100.598 E.04657
G1 X112.507 Y100.25 E.04656
G1 X113.425 Y99.991 E.04656
G1 X114.364 Y99.826 E.04654
G1 X114.963 Y99.781 E.02932
G1 X115.673 Y99.759 E.03468
G1 X116.306 Y99.791 E.03094
G1 X117.214 Y99.909 E.0447
G1 X118.142 Y100.121 E.04647
G1 X119.045 Y100.424 E.0465
G1 X119.914 Y100.816 E.04654
G1 X120.739 Y101.292 E.0465
G1 X121.512 Y101.848 E.04648
G1 X122.227 Y102.479 E.04655
G1 X122.875 Y103.177 E.04649
G1 X123.45 Y103.936 E.04648
G1 X123.947 Y104.749 E.04652
G1 X124.36 Y105.608 E.04653
G1 X124.686 Y106.503 E.0465
G1 X124.921 Y107.426 E.04649
G1 X125.063 Y108.368 E.0465
G1 X125.11 Y109.32 E.04653
G1 X125.11 Y109.797 E.02329
G1 X125.015 Y110.746 E.04656
G1 X124.826 Y111.681 E.04657
G1 X124.545 Y112.594 E.04663
G1 X124.307 Y113.178 E.03078
G1 X123.957 Y113.895 E.03895
G1 X123.46 Y114.709 E.04656
G1 X122.884 Y115.47 E.04659
G1 X122.446 Y115.941 E.0314
G1 E-1.4 F3600
;WIPE_START
G1 F7200
G1 X122.385 Y116.007 E-.04269
G1 X122.235 Y116.169 E-.10487
G1 X121.521 Y116.799 E-.45244
;WIPE_END
G1 Z5.7 F9000
G1 X123.532 Y112.223
G1 Z3.7
G1 E2 F2400
;TYPE:Internal infill
;WIDTH:0.66
G1 F900
G1 X123.012 Y113.377 E.06495
G1 X122.568 Y114.102 E.04362
G1 X122.057 Y114.776 E.0434
G1 X121.554 Y115.319 E.03798
G1 X109.558 Y103.324 E.87044
G1 X110.599 Y102.427 E.07051
G1 X111.309 Y101.968 E.04338
G1 X112.063 Y101.581 E.04349
G1 X112.85 Y101.272 E.04338
G1 X113.665 Y101.043 E.04344
G1 X114.499 Y100.896 E.04345
G1 X115.351 Y100.832 E.04384
G1 X116.608 Y100.896 E.06458
G1 X117.443 Y101.043 E.0435
G1 X118.258 Y101.272 E.04344
G1 X119.046 Y101.581 E.04343
G1 X119.799 Y101.968 E.04344
G1 X120.51 Y102.427 E.04342
G1 X121.55 Y103.324 E.07047
G1 X109.558 Y115.316 E.87019
G1 X108.787 Y114.446 E.05965
G1 X108.31 Y113.746 E.04346
G1 X107.905 Y113.003 E.04342
G1 X107.577 Y112.223 E.04342
;LAYER_CHANGE
;Z:3.9
;HEIGHT:0.2
;BEFORE_LAYER_CHANGE
G92 E0
;3.9


G1 E-1.4 F3600
;WIPE_START
G1 F7200
G1 X107.905 Y113.003 E-.40193
G1 X108.105 Y113.369 E-.19807
;WIPE_END
G1 Z3.9 F9000
;AFTER_LAYER_CHANGE
;3.9
G1 Z3.9
G1 X107.24 Y112.355
G1 E2 F2400
;TYPE:Perimeter
;WIDTH:0.659999
G1 F900
G1 X107.086 Y111.932 E.0231
G1 X106.868 Y111.075 E.04537
G1 X106.736 Y110.202 E.0453
G1 X106.692 Y109.32 E.04531
G1 X106.736 Y108.437 E.04536
G1 X106.868 Y107.564 E.0453
G1 X107.086 Y106.708 E.04532
G1 X107.388 Y105.877 E.04537
G1 X107.772 Y105.081 E.04535
G1 X108.232 Y104.328 E.04528
G1 X108.766 Y103.623 E.04538
G1 X109.367 Y102.976 E.04531
G1 X110.029 Y102.391 E.04533
G1 X110.746 Y101.875 E.04533
G1 X111.511 Y101.434 E.04531
G1 X112.317 Y101.07 E.04538
G1 X113.154 Y100.789 E.0453
G1 X114.015 Y100.592 E.04532
G1 X114.9 Y100.482 E.04576
G1 X115.58 Y100.45 E.03493
G1 X116.223 Y100.483 E.03304
G1 X117.093 Y100.592 E.04499
G1 X117.954 Y100.789 E.04532
G1 X118.792 Y101.07 E.04535
G1 X119.597 Y101.434 E.04533
G1 X120.362 Y101.875 E.04531
G1 X121.079 Y102.391 E.04533
G1 X121.742 Y102.976 E.04537
G1 X122.343 Y103.623 E.04531
G1 X122.876 Y104.328 E.04535
G1 X123.337 Y105.081 E.0453
G1 X123.72 Y105.877 E.04532
G1 X124.022 Y106.708 E.04537
G1 X124.24 Y107.564 E.04532
G1 X124.372 Y108.437 E.0453
G1 X124.416 Y109.32 E.04536
G1 X124.372 Y110.202 E.04531
G1 X124.24 Y111.075 E.0453
G1 X124.022 Y111.932 E.04537
G1 X123.72 Y112.762 E.04532
G1 X123.337 Y113.558 E.04532
G1 X122.876 Y114.312 E.04535
G1 X122.337 Y115.022 E.04574
G1 X121.886 Y115.531 E.03489
G1 X121.413 Y115.969 E.03308
G1 X120.727 Y116.515 E.04499
G1 X119.985 Y116.994 E.04532
G1 X119.199 Y117.397 E.04532
G1 X118.377 Y117.72 E.04532
G1 X117.526 Y117.959 E.04535
G1 X116.656 Y118.113 E.04533
G1 X115.775 Y118.179 E.04533
G1 X114.892 Y118.157 E.04532
G1 X114.015 Y118.047 E.04535
G1 X113.154 Y117.85 E.04532
G1 X112.317 Y117.569 E.0453
G1 X111.511 Y117.205 E.04538
G1 X110.746 Y116.764 E.04531
G1 X110.029 Y116.248 E.04533
G1 X109.367 Y115.663 E.04533
G1 X108.766 Y115.016 E.04531
G1 X108.232 Y114.312 E.04534
G1 X107.772 Y113.558 E.04532
G1 X107.388 Y112.762 E.04535
G1 X107.271 Y112.44 E.01758
G1 X106.695 Y112.666 F9000
;TYPE:External perimeter
;WIDTH:0.629999
G1 F900
G1 X106.65 Y112.56 E.00562
G1 X106.372 Y111.658 E.04608
G1 X106.184 Y110.732 E.04613
G1 X106.09 Y109.792 E.04612
G1 X106.09 Y108.847 E.04613
G1 X106.184 Y107.907 E.04612
G1 X106.372 Y106.981 E.04613
G1 X106.65 Y106.079 E.04608
G1 X107.017 Y105.208 E.04614
G1 X107.469 Y104.379 E.04609
G1 X108.001 Y103.598 E.04613
G1 X108.608 Y102.875 E.04608
G1 X109.284 Y102.215 E.04612
G1 X110.023 Y101.626 E.04613
G1 X110.816 Y101.113 E.0461
G1 X111.657 Y100.683 E.04611
G1 X112.536 Y100.337 E.04611
G1 X113.446 Y100.082 E.04613
G1 X114.376 Y99.918 E.0461
G1 X115.582 Y99.848 E.05897
G1 X116.269 Y99.882 E.03358
G1 X117.198 Y100 E.04571
G1 X118.117 Y100.209 E.04601
G1 X119.012 Y100.51 E.04609
G1 X119.872 Y100.898 E.04606
G1 X120.689 Y101.37 E.04606
G1 X121.455 Y101.92 E.04603
G1 X122.162 Y102.545 E.04607
G1 X122.804 Y103.236 E.04604
G1 X123.374 Y103.988 E.04606
G1 X123.865 Y104.793 E.04603
G1 X124.275 Y105.644 E.04611
G1 X124.598 Y106.53 E.04604
G1 X124.83 Y107.444 E.04603
G1 X124.971 Y108.377 E.04606
G1 X125.018 Y109.32 E.04609
G1 X125.018 Y109.792 E.02304
G1 X124.924 Y110.732 E.04612
G1 X124.737 Y111.658 E.04612
G1 X124.458 Y112.56 E.04609
G1 X124.091 Y113.431 E.04614
G1 X123.64 Y114.26 E.04607
G1 X123.107 Y115.041 E.04616
G1 X122.498 Y115.767 E.04626
G1 X122.147 Y116.125 E.02447
G1 X121.462 Y116.728 E.04455
G1 X120.695 Y117.279 E.0461
G1 X119.877 Y117.752 E.04613
G1 X119.016 Y118.14 E.0461
G1 X118.121 Y118.441 E.04609
G1 X117.2 Y118.651 E.04611
G1 X116.262 Y118.769 E.04615
G1 X115.318 Y118.792 E.0461
G1 X114.376 Y118.722 E.04611
G1 X113.446 Y118.558 E.0461
G1 X112.536 Y118.302 E.04615
G1 X111.657 Y117.957 E.0461
G1 X110.816 Y117.526 E.04613
G1 X110.023 Y117.013 E.0461
G1 X109.284 Y116.424 E.04613
G1 X108.608 Y115.765 E.04609
G1 X108.001 Y115.041 E.04612
G1 X107.469 Y114.26 E.04613
G1 X107.017 Y113.431 E.04609
G1 X106.73 Y112.749 E.03612
G1 X107.652 Y112.153 F9000
;TYPE:Internal infill
;WIDTH:0.66
G1 F900
G1 X107.989 Y112.963 E.04501
G1 X108.389 Y113.698 E.04294
G1 X108.861 Y114.39 E.04298
G1 X109.623 Y115.25 E.05896
G1 X121.485 Y103.389 E.86072
G1 X120.456 Y102.502 E.06971
G1 X119.753 Y102.048 E.04294
G1 X119.008 Y101.666 E.04296
G1 X118.228 Y101.36 E.04299
G1 X117.423 Y101.133 E.04292
G1 X116.599 Y100.988 E.04293
G1 X115.36 Y100.924 E.06366
G1 X114.51 Y100.988 E.04374
G1 X113.686 Y101.133 E.04293
G1 X112.88 Y101.36 E.04297
G1 X112.101 Y101.666 E.04294
G1 X111.356 Y102.048 E.04296
G1 X110.652 Y102.502 E.04298
G1 X109.623 Y103.389 E.06971
G1 X121.49 Y115.256 E.86112
G1 X122.248 Y114.39 E.05905
G1 X122.719 Y113.698 E.04295
G1 X123.12 Y112.963 E.04296
G1 X123.457 Y112.153 E.04501
;LAYER_CHANGE
;Z:4.1
;HEIGHT:0.2
;BEFORE_LAYER_CHANGE
G92 E0
;4.1


G1 E-1.4 F3600
;WIPE_START
G1 F7200
G1 X123.12 Y112.963 E-.41672
G1 X122.935 Y113.302 E-.18328
;WIPE_END
G1 Z4.1 F9000
;AFTER_LAYER_CHANGE
;4.1
G1 Z4.1
G1 X123.858 Y112.288
G1 E2 F2400
;TYPE:Perimeter
;WIDTH:0.659999
G1 F900
G1 X123.843 Y112.337 E.00263
G1 X123.502 Y113.147 E.04509
G1 X123.081 Y113.919 E.04512
G1 X122.586 Y114.646 E.04513
G1 X122.021 Y115.32 E.04513
G1 X121.391 Y115.934 E.04514
G1 X120.703 Y116.482 E.04513
G1 X119.965 Y116.959 E.04509
G1 X119.182 Y117.36 E.04514
G1 X118.364 Y117.681 E.04509
G1 X117.517 Y117.92 E.04516
G1 X116.651 Y118.072 E.04511
G1 X115.774 Y118.138 E.04513
G1 X114.895 Y118.116 E.04512
G1 X114.022 Y118.007 E.04514
G1 X113.165 Y117.811 E.04511
G1 X112.331 Y117.531 E.04514
G1 X111.53 Y117.169 E.0451
G1 X110.768 Y116.73 E.04512
G1 X110.054 Y116.216 E.04514
G1 X109.395 Y115.634 E.04511
G1 X108.797 Y114.99 E.04509
G1 X108.266 Y114.289 E.04512
G1 X107.807 Y113.538 E.04516
G1 X107.426 Y112.746 E.0451
G1 X107.125 Y111.92 E.04511
G1 X106.908 Y111.067 E.04516
G1 X106.829 Y110.541 E.02729
G1 X106.755 Y109.842 E.03607
G1 X106.741 Y109.275 E.0291
G1 X106.788 Y108.442 E.04281
G1 X106.919 Y107.574 E.04504
G1 X107.135 Y106.723 E.04505
G1 X107.436 Y105.897 E.04511
G1 X107.817 Y105.106 E.04505
G1 X108.275 Y104.357 E.04505
G1 X108.805 Y103.656 E.04509
G1 X109.403 Y103.013 E.04506
G1 X110.061 Y102.431 E.04507
G1 X110.774 Y101.919 E.04504
G1 X111.535 Y101.48 E.04508
G1 X112.335 Y101.118 E.04506
G1 X113.168 Y100.839 E.04508
G1 X114.024 Y100.643 E.04506
G1 X114.946 Y100.53 E.04766
G1 X115.772 Y100.509 E.0424
G1 X116.296 Y100.536 E.02692
G1 X117.084 Y100.643 E.0408
G1 X117.94 Y100.839 E.04506
G1 X118.773 Y101.118 E.04508
G1 X119.574 Y101.48 E.0451
G1 X120.334 Y101.919 E.04503
G1 X121.047 Y102.431 E.04504
G1 X121.706 Y103.013 E.04511
G1 X122.303 Y103.656 E.04502
G1 X122.834 Y104.357 E.04512
G1 X123.291 Y105.106 E.04502
G1 X123.673 Y105.897 E.04507
G1 X123.973 Y106.723 E.04509
G1 X124.19 Y107.574 E.04506
G1 X124.321 Y108.442 E.04504
G1 X124.364 Y109.32 E.0451
G1 X124.364 Y109.759 E.02253
G1 X124.277 Y110.634 E.04512
G1 X124.103 Y111.496 E.04512
G1 X123.885 Y112.202 E.03791
G1 X124.456 Y112.394 F9000
;TYPE:External perimeter
;WIDTH:0.629999
G1 F900
G1 X124.41 Y112.543 E.00761
G1 X124.045 Y113.409 E.04588
G1 X123.596 Y114.234 E.04585
G1 X123.066 Y115.01 E.04587
G1 X122.462 Y115.73 E.04588
G1 X121.79 Y116.386 E.04584
G1 X121.055 Y116.971 E.04586
G1 X120.266 Y117.481 E.04586
G1 X119.43 Y117.91 E.04587
G1 X118.556 Y118.253 E.04583
G1 X117.651 Y118.507 E.04589
G1 X116.726 Y118.67 E.04585
G1 X115.789 Y118.741 E.04587
G1 X114.85 Y118.717 E.04585
G1 X113.918 Y118.6 E.04585
G1 X113.002 Y118.391 E.04586
G1 X112.111 Y118.092 E.04588
G1 X111.255 Y117.706 E.04584
G1 X110.441 Y117.236 E.04588
G1 X109.678 Y116.688 E.04586
G1 X108.974 Y116.066 E.04586
G1 X108.335 Y115.377 E.04587
G1 X107.768 Y114.628 E.04586
G1 X107.278 Y113.827 E.04584
G1 X106.87 Y112.98 E.04589
G1 X106.549 Y112.097 E.04586
G1 X106.317 Y111.187 E.04584
G1 X106.177 Y110.256 E.04596
G1 X106.137 Y109.596 E.03228
G1 X106.142 Y108.851 E.03637
G1 X106.235 Y107.915 E.04592
G1 X106.422 Y106.994 E.04588
G1 X106.698 Y106.096 E.04586
G1 X107.063 Y105.231 E.04583
G1 X107.513 Y104.406 E.04587
G1 X108.042 Y103.629 E.04589
G1 X108.646 Y102.91 E.04584
G1 X109.318 Y102.254 E.04584
G1 X110.053 Y101.668 E.04589
G1 X110.842 Y101.158 E.04586
G1 X111.678 Y100.73 E.04585
G1 X112.553 Y100.386 E.0459
G1 X113.457 Y100.132 E.04584
G1 X114.382 Y99.969 E.04585
G1 X114.901 Y99.93 E.02541
G1 X115.783 Y99.907 E.04307
G1 X116.347 Y99.936 E.02757
G1 X117.189 Y100.05 E.04148
G1 X118.103 Y100.259 E.04577
G1 X118.993 Y100.558 E.04583
G1 X119.848 Y100.944 E.04579
G1 X120.661 Y101.413 E.04582
G1 X121.423 Y101.961 E.04582
G1 X122.126 Y102.582 E.04579
G1 X122.764 Y103.269 E.04577
G1 X123.331 Y104.017 E.04582
G1 X123.82 Y104.818 E.04581
G1 X124.227 Y105.664 E.04583
G1 X124.548 Y106.545 E.04577
G1 X124.78 Y107.455 E.04584
G1 X124.92 Y108.382 E.04577
G1 X124.966 Y109.32 E.04584
G1 X124.966 Y109.789 E.02289
G1 X124.873 Y110.724 E.04587
G1 X124.687 Y111.645 E.04587
G1 X124.482 Y112.308 E.03388
G1 X122.914 Y111.645 F9000
;TYPE:Internal infill
;WIDTH:0.66
G1 F900
G1 X122.516 Y112.672 E.05651
G1 X122.148 Y113.349 E.03954
G1 X121.714 Y113.986 E.03955
G1 X121.012 Y114.777 E.05427
G1 X110.096 Y103.862 E.79207
G1 X111.043 Y103.045 E.06417
G1 X111.69 Y102.627 E.03952
G1 X112.376 Y102.276 E.03954
G1 X113.093 Y101.994 E.03953
G1 X113.835 Y101.786 E.03954
G1 X114.593 Y101.652 E.0395
G1 X115.368 Y101.594 E.03988
G1 X116.505 Y101.65 E.05841
G1 X117.274 Y101.786 E.04007
G1 X118.015 Y101.994 E.03949
G1 X118.732 Y102.276 E.03953
G1 X119.418 Y102.627 E.03954
G1 X120.065 Y103.045 E.03952
G1 X121.012 Y103.862 E.06417
G1 X110.093 Y114.781 E.79232
G1 X109.169 Y113.673 E.07403
G1 X108.768 Y113.015 E.03954
G1 X108.188 Y111.647 E.07624
G1 E-1.4 F3600
;WIPE_START
G1 F7200
G1 X108.681 Y112.81 E-.6
;WIPE_END
G1 Z6.1 F9000
G1 X115.365 Y100.985
G1 Z4.1
G1 E2 F2400
;TYPE:Solid infill
;WIDTH:0.64235
G1 F900
G1 X116.019 Y101 E.03261
;WIDTH:0.638764
G1 X116.596 Y101.053 E.02871
;WIDTH:0.633272
G1 X117.422 Y101.2 E.04118
G1 X118.222 Y101.427 E.04082
G1 X118.994 Y101.732 E.04075
G1 X119.733 Y102.112 E.04079
G1 X120.429 Y102.564 E.04074
G1 X121.078 Y103.083 E.04079
G1 X121.671 Y103.664 E.04075
G1 X122.204 Y104.301 E.04077
G1 X122.671 Y104.988 E.04078
G1 X123.067 Y105.718 E.04077
G1 X123.388 Y106.484 E.04077
G1 X123.631 Y107.278 E.04076
G1 X123.795 Y108.092 E.04076
G1 X123.876 Y108.919 E.04079
G1 X123.874 Y109.75 E.04079
G1 X123.79 Y110.576 E.04076
G1 X123.624 Y111.39 E.04078
G1 X123.378 Y112.183 E.04076
G1 X123.054 Y112.948 E.04078
G1 X122.65 Y113.673 E.04074
;WIDTH:0.642886
G1 X122.189 Y114.366 E.04152
;WIDTH:0.643266
G1 X121.655 Y115.001 E.04142
;WIDTH:0.642892
G1 X121.059 Y115.58 E.04145
G1 X120.408 Y116.097 E.04147
G1 X119.709 Y116.546 E.04145
G1 X118.969 Y116.924 E.04145
G1 X118.195 Y117.226 E.04145
G1 X117.395 Y117.45 E.04145
G1 X116.576 Y117.593 E.04148
G1 X115.747 Y117.653 E.04147
G1 X114.916 Y117.631 E.04147
G1 X114.092 Y117.526 E.04144
G1 X113.282 Y117.34 E.04146
G1 X112.495 Y117.074 E.04144
G1 X111.738 Y116.731 E.04146
G1 X111.019 Y116.314 E.04147
G1 X110.345 Y115.828 E.04145
G1 X109.723 Y115.277 E.04145
G1 X109.159 Y114.666 E.04148
G1 X108.658 Y114.003 E.04146
G1 X108.226 Y113.293 E.04146
G1 X107.867 Y112.544 E.04144
G1 X107.584 Y111.762 E.04149
G1 X107.38 Y110.957 E.04143
G1 X107.257 Y110.129 E.04176
;WIDTH:0.64203
G1 X107.226 Y109.557 E.02854
;WIDTH:0.636748
G1 X107.234 Y108.895 E.03269
;WIDTH:0.63327
G1 X107.318 Y108.063 E.04105
G1 X107.484 Y107.25 E.04073
G1 X107.73 Y106.456 E.0408
G1 X108.054 Y105.691 E.04078
G1 X108.453 Y104.963 E.04075
G1 X108.922 Y104.277 E.04079
G1 X109.461 Y103.647 E.0407
;WIDTH:0.64289
G1 X110.051 Y103.058 E.04159
G1 X110.7 Y102.542 E.04136
G1 X111.399 Y102.093 E.04145
G1 X112.139 Y101.715 E.04145
G1 X112.913 Y101.413 E.04145
G1 X113.714 Y101.189 E.04149
G1 X114.532 Y101.046 E.04143
G1 X115.057 Y101.008 E.02626
;LAYER_CHANGE
;Z:4.3
;HEIGHT:0.2
;BEFORE_LAYER_CHANGE
G92 E0
;4.3


G1 E-1.4 F3600
;WIPE_START
G1 F7200
G1 X114.532 Y101.046 E-.25003
G1 X113.806 Y101.173 E-.34997
;WIPE_END
G1 Z4.3 F9000
;AFTER_LAYER_CHANGE
;4.3
G1 Z4.3
G1 X115.034 Y100.548
G1 E2 F2400
;TYPE:Perimeter
;WIDTH:0.659999
G1 F1421
G1 X115.776 Y100.529 E.03808
G1 X116.649 Y100.595 E.04492
G1 X117.512 Y100.747 E.04496
G1 X118.356 Y100.985 E.04499
G1 X119.172 Y101.305 E.04497
G1 X119.952 Y101.705 E.04498
G1 X120.688 Y102.181 E.04497
G1 X121.373 Y102.727 E.04495
G1 X122.001 Y103.34 E.04503
G1 X122.564 Y104.011 E.04494
G1 X123.058 Y104.736 E.04501
G1 X123.477 Y105.506 E.04498
G1 X123.818 Y106.314 E.045
G1 X124.076 Y107.152 E.04499
G1 X124.25 Y108.012 E.04502
G1 X124.337 Y108.886 E.04507
G1 X124.337 Y109.753 E.04449
G1 X124.314 Y110.196 E.02276
G1 X124.184 Y111.064 E.04503
G1 X123.967 Y111.915 E.04506
G1 X123.667 Y112.739 E.04499
G1 X123.291 Y113.52 E.04448
G1 X122.565 Y114.644 E.06866
G1 X122.008 Y115.308 E.04447
G1 X121.38 Y115.921 E.04503
G1 X120.693 Y116.468 E.04506
G1 X119.956 Y116.944 E.04502
G1 X119.175 Y117.345 E.04505
G1 X118.358 Y117.665 E.04502
G1 X117.513 Y117.903 E.04504
G1 X116.649 Y118.055 E.04501
G1 X115.774 Y118.121 E.04502
G1 X114.896 Y118.099 E.04506
G1 X114.025 Y117.99 E.04504
G1 X113.17 Y117.795 E.045
G1 X112.338 Y117.515 E.04504
G1 X111.538 Y117.154 E.04503
G1 X110.778 Y116.715 E.04503
G1 X110.065 Y116.203 E.04504
G1 X109.407 Y115.622 E.04504
G1 X108.81 Y114.979 E.04502
G1 X108.28 Y114.279 E.04505
G1 X107.822 Y113.53 E.04505
G1 X107.441 Y112.739 E.04505
G1 X107.141 Y111.915 E.04499
G1 X106.925 Y111.064 E.04505
G1 X106.794 Y110.196 E.04504
G1 X106.75 Y109.32 E.045
G1 X106.794 Y108.443 E.04506
G1 X106.925 Y107.575 E.04504
G1 X107.141 Y106.725 E.045
G1 X107.441 Y105.9 E.04504
G1 X107.822 Y105.109 E.04505
G1 X108.28 Y104.36 E.04505
G1 X108.803 Y103.669 E.04447
G1 X109.737 Y102.711 E.06865
G1 X110.114 Y102.411 E.02472
G1 X110.801 Y101.922 E.04327
G1 X111.552 Y101.49 E.04445
G1 X112.348 Y101.132 E.04478
G1 X113.177 Y100.854 E.04486
G1 X114.031 Y100.659 E.04495
G1 X114.9 Y100.551 E.04493
G1 X114.944 Y100.55 E.00226
G1 X114.914 Y99.949 F9000
;TYPE:External perimeter
;WIDTH:0.629999
G1 F1421
G1 X115.791 Y99.927 E.04282
G1 X116.724 Y99.998 E.04568
G1 X117.646 Y100.16 E.0457
G1 X118.548 Y100.414 E.04574
G1 X119.419 Y100.756 E.04568
G1 X120.253 Y101.184 E.04576
G1 X121.039 Y101.692 E.04569
G1 X121.772 Y102.276 E.04575
G1 X122.442 Y102.93 E.04571
G1 X123.044 Y103.648 E.04574
G1 X123.572 Y104.422 E.04574
G1 X124.02 Y105.245 E.04574
G1 X124.383 Y106.108 E.0457
G1 X124.659 Y107.004 E.04577
G1 X124.845 Y107.923 E.04577
G1 X124.938 Y108.856 E.04577
G1 X124.938 Y109.783 E.04525
G1 X124.914 Y110.256 E.02312
G1 X124.775 Y111.184 E.04581
G1 X124.543 Y112.092 E.04575
G1 X124.222 Y112.974 E.04582
G1 X123.817 Y113.815 E.04557
G1 X123.05 Y115.002 E.06899
G1 X122.45 Y115.718 E.0456
G1 X121.779 Y116.373 E.04577
G1 X121.045 Y116.957 E.04579
G1 X120.258 Y117.466 E.04575
G1 X119.423 Y117.894 E.0458
G1 X118.55 Y118.237 E.04579
G1 X117.647 Y118.491 E.04579
G1 X116.724 Y118.653 E.04575
G1 X115.789 Y118.724 E.04577
G1 X114.851 Y118.7 E.0458
G1 X113.921 Y118.584 E.04575
G1 X113.006 Y118.375 E.04582
G1 X112.117 Y118.076 E.04579
G1 X111.263 Y117.69 E.04575
G1 X110.45 Y117.222 E.04579
G1 X109.689 Y116.674 E.04578
G1 X108.986 Y116.054 E.04576
G1 X108.348 Y115.366 E.0458
G1 X107.782 Y114.619 E.04575
G1 X107.293 Y113.818 E.04581
G1 X106.886 Y112.974 E.04574
G1 X106.565 Y112.092 E.04582
G1 X106.334 Y111.184 E.04574
G1 X106.194 Y110.256 E.04581
G1 X106.147 Y109.32 E.04575
G1 X106.194 Y108.383 E.0458
G1 X106.334 Y107.456 E.04577
G1 X106.565 Y106.547 E.04578
G1 X106.886 Y105.666 E.04577
G1 X107.293 Y104.821 E.04578
G1 X107.782 Y104.021 E.04577
G1 X108.346 Y103.276 E.04561
G1 X109.333 Y102.264 E.06901
G1 X109.738 Y101.941 E.02529
G1 X110.474 Y101.416 E.04413
G1 X111.278 Y100.954 E.04527
G1 X112.128 Y100.571 E.04551
G1 X113.014 Y100.274 E.04562
G1 X113.926 Y100.067 E.04565
G1 X114.824 Y99.954 E.04418
G1 E-1.4 F3600
;WIPE_START
G1 F7200
G1 X114.914 Y99.949 E-.04282
G1 X115.791 Y99.927 E-.41671
G1 X116.086 Y99.949 E-.14047
;WIPE_END
G1 Z6.3 F9000
G1 X122.958 Y113.671
G1 Z4.3
G1 E2 F2400
M204 S250
;TYPE:Bridge infill
;WIDTH:0.588894
;HEIGHT:0.584808
G1 F1500
G1 X121.059 Y115.557 E.30308
G1 X120.411 Y116.074 E.09387
G1 X119.714 Y116.524 E.09395
G1 X118.976 Y116.903 E.09395
G1 X118.722 Y117.002 E.03087
G1 X123.247 Y112.478 E.72458
G1 X123.504 Y111.772 E.08508
G1 X123.659 Y111.162 E.07127
G1 X117.388 Y117.434 E1.00435
G1 X116.589 Y117.574 E.09186
G1 X116.323 Y117.594 E.03021
G1 X123.836 Y110.082 E1.20309
G1 X123.874 Y109.32 E.0864
G1 X123.865 Y109.149 E.01939
G1 X115.387 Y117.627 E1.35771
G1 X114.932 Y117.616 E.05154
G1 X114.544 Y117.567 E.04429
G1 X123.804 Y108.306 E1.48302
G1 X123.674 Y107.533 E.08876
G1 X113.772 Y117.435 E1.58575
G1 X113.301 Y117.328 E.05469
G1 X113.057 Y117.246 E.02915
G1 X123.486 Y106.818 E1.67007
G1 X123.245 Y106.155 E.07988
G1 X112.392 Y117.008 E1.73805
G1 X111.769 Y116.727 E.07739
G1 X122.956 Y105.54 E1.79154
G1 X122.86 Y105.341 E.02502
G1 X122.63 Y104.963 E.05011
G1 X111.195 Y116.398 E1.83126
G1 X111.04 Y116.308 E.0203
G1 X110.657 Y116.032 E.05346
G1 X122.268 Y104.422 E1.85936
G1 X121.873 Y103.913 E.07296
G1 X110.152 Y115.634 E1.87706
G1 X109.679 Y115.204 E.07239
G1 X121.438 Y103.445 E1.88314
G1 X120.966 Y103.013 E.07246
G1 X109.244 Y114.735 E1.87722
G1 X108.848 Y114.227 E.07294
G1 X120.461 Y102.614 E1.85976
G1 X120.068 Y102.331 E.05484
G1 X119.924 Y102.248 E.01882
G1 X108.485 Y113.687 E1.8319
G1 X108.248 Y113.298 E.05158
G1 X108.157 Y113.111 E.02355
G1 X119.351 Y101.917 E1.79266
G1 X118.729 Y101.636 E.07729
G1 X107.868 Y112.497 E1.73933
G1 X107.627 Y111.834 E.07988
G1 X118.064 Y101.397 E1.67143
G1 X117.807 Y101.311 E.03069
G1 X117.351 Y101.207 E.05296
G1 X107.438 Y111.119 E1.58744
G1 X107.306 Y110.348 E.08858
G1 X116.58 Y101.074 E1.48518
G1 X116.176 Y101.023 E.04611
G1 X115.738 Y101.012 E.04961
G1 X107.244 Y109.506 E1.36027
G1 X107.235 Y109.32 E.02109
G1 X107.272 Y108.575 E.08447
G1 X114.804 Y101.043 E1.20621
G1 X114.52 Y101.065 E.03226
G1 X113.742 Y101.202 E.08946
G1 X107.443 Y107.5 E1.00867
G1 X107.604 Y106.867 E.07396
G1 X107.851 Y106.188 E.08182
G1 X112.414 Y101.626 E.73066
G1 X112.132 Y101.736 E.03428
G1 X111.394 Y102.115 E.09395
G1 X110.698 Y102.565 E.09385
G1 X110.075 Y103.061 E.09018
G1 X108.098 Y105.039 E.31669
M204 S500
;LAYER_CHANGE
;Z:4.5
;HEIGHT:0.2
;BEFORE_LAYER_CHANGE
G92 E0
;4.5


G1 E-1.4 F3600
;WIPE_START
G1 F7200
G1 X108.991 Y104.146 E-.6
;WIPE_END
G1 Z4.5 F9000
;AFTER_LAYER_CHANGE
;4.5
G1 Z4.5
G1 X107.935 Y104.945
G1 E2 F2400
;TYPE:Perimeter
;WIDTH:0.659999
G1 F1278
G1 X108.289 Y104.366 E.03482
G1 X108.819 Y103.667 E.04501
G1 X109.415 Y103.025 E.04495
G1 X110.072 Y102.445 E.04497
G1 X110.784 Y101.933 E.045
G1 X111.543 Y101.495 E.04496
G1 X112.342 Y101.134 E.04499
G1 X113.173 Y100.855 E.04498
G1 X114.028 Y100.66 E.045
G1 X114.925 Y100.549 E.04638
G1 X115.749 Y100.527 E.04229
G1 X116.347 Y100.556 E.03072
G1 X117.081 Y100.66 E.03804
G1 X117.936 Y100.855 E.045
G1 X118.767 Y101.134 E.04498
G1 X119.566 Y101.495 E.04499
G1 X120.325 Y101.933 E.04496
G1 X121.037 Y102.445 E.045
G1 X121.694 Y103.025 E.04497
G1 X122.29 Y103.668 E.04499
G1 X122.82 Y104.367 E.04501
G1 X123.277 Y105.115 E.04498
G1 X123.657 Y105.904 E.04493
G1 X123.957 Y106.728 E.04499
G1 X124.173 Y107.578 E.045
G1 X124.304 Y108.445 E.04499
G1 X124.347 Y109.319 E.0449
G1 X124.347 Y109.758 E.02253
G1 X124.26 Y110.632 E.04507
G1 X124.086 Y111.492 E.04502
G1 X123.827 Y112.331 E.04505
G1 X123.486 Y113.139 E.045
G1 X123.067 Y113.91 E.04502
G1 X122.572 Y114.635 E.04504
G1 X122.008 Y115.308 E.04505
G1 X121.38 Y115.921 E.04503
G1 X120.693 Y116.468 E.04506
G1 X119.956 Y116.944 E.04502
G1 X119.175 Y117.345 E.04505
G1 X118.358 Y117.665 E.04502
G1 X117.513 Y117.903 E.04504
G1 X116.649 Y118.055 E.04501
G1 X115.774 Y118.121 E.04502
G1 X114.907 Y118.099 E.0445
G1 X113.584 Y117.9 E.06865
G1 X113.121 Y117.769 E.02469
G1 X112.322 Y117.497 E.04331
G1 X111.533 Y117.139 E.04446
G1 X110.778 Y116.702 E.04476
G1 X110.068 Y116.191 E.04488
G1 X109.412 Y115.612 E.0449
G1 X108.817 Y114.97 E.04491
G1 X108.288 Y114.271 E.04498
G1 X107.831 Y113.523 E.04498
G1 X107.451 Y112.734 E.04493
G1 X107.151 Y111.91 E.04499
G1 X106.935 Y111.061 E.04495
G1 X106.805 Y110.194 E.04498
G1 X106.761 Y109.319 E.04495
G1 X106.805 Y108.443 E.045
G1 X106.936 Y107.577 E.04494
G1 X107.152 Y106.727 E.045
G1 X107.452 Y105.903 E.04499
G1 X107.832 Y105.114 E.04493
G1 X107.888 Y105.022 E.00553
G1 X107.362 Y104.718 F9000
;TYPE:External perimeter
;WIDTH:0.629999
G1 F1278
G1 X107.527 Y104.414 E.01688
G1 X108.056 Y103.64 E.04577
G1 X108.658 Y102.921 E.04578
G1 X109.33 Y102.266 E.04581
G1 X110.063 Y101.682 E.04575
G1 X110.851 Y101.173 E.04579
G1 X111.685 Y100.745 E.04576
G1 X112.558 Y100.403 E.04577
G1 X113.461 Y100.149 E.04579
G1 X114.384 Y99.986 E.04575
G1 X115.32 Y99.916 E.04582
G1 X116.401 Y99.956 E.05281
G1 X117.186 Y100.067 E.0387
G1 X118.099 Y100.276 E.04572
G1 X118.987 Y100.574 E.04572
G1 X119.841 Y100.959 E.04573
G1 X120.652 Y101.428 E.04573
G1 X121.412 Y101.974 E.04568
G1 X122.114 Y102.594 E.04572
G1 X122.752 Y103.281 E.04577
G1 X123.317 Y104.027 E.04568
G1 X123.805 Y104.827 E.04574
G1 X124.212 Y105.671 E.04574
G1 X124.532 Y106.551 E.04571
G1 X124.763 Y107.459 E.04574
G1 X124.903 Y108.385 E.04572
G1 X124.949 Y109.319 E.04565
G1 X124.949 Y109.788 E.02289
G1 X124.856 Y110.722 E.04582
G1 X124.67 Y111.641 E.04577
G1 X124.394 Y112.537 E.04577
G1 X124.029 Y113.401 E.04579
G1 X123.581 Y114.225 E.04578
G1 X123.053 Y114.999 E.04574
G1 X122.45 Y115.718 E.04581
G1 X121.779 Y116.373 E.04577
G1 X121.045 Y116.957 E.04579
G1 X120.258 Y117.466 E.04575
G1 X119.423 Y117.894 E.0458
G1 X118.55 Y118.237 E.04579
G1 X117.647 Y118.491 E.04579
G1 X116.724 Y118.653 E.04575
G1 X115.789 Y118.724 E.04577
G1 X114.855 Y118.7 E.04561
G1 X113.457 Y118.49 E.06901
G1 X112.558 Y118.237 E.04559
G1 X111.685 Y117.894 E.04579
G1 X110.851 Y117.466 E.04576
G1 X110.063 Y116.957 E.04579
G1 X109.33 Y116.373 E.04575
G1 X108.658 Y115.718 E.04581
G1 X108.056 Y114.999 E.04578
G1 X107.527 Y114.225 E.04577
G1 X107.079 Y113.401 E.04578
G1 X106.715 Y112.537 E.04577
G1 X106.438 Y111.641 E.04578
G1 X106.252 Y110.722 E.04577
G1 X106.159 Y109.788 E.04582
G1 X106.159 Y108.851 E.04574
G1 X106.252 Y107.918 E.04577
G1 X106.438 Y106.998 E.04582
G1 X106.715 Y106.102 E.04578
G1 X107.079 Y105.238 E.04577
G1 X107.319 Y104.797 E.02451
G1 E-1.4 F3600
;WIPE_START
G1 F7200
G1 X107.362 Y104.718 E-.04272
G1 X107.527 Y104.414 E-.1643
G1 X107.994 Y103.731 E-.39298
;WIPE_END
G1 Z6.5 F9000
G1 X110.571 Y102.389
G1 Z4.5
G1 E2 F2400
;TYPE:Solid infill
;WIDTH:0.55292
G1 F1278
G1 X109.938 Y102.955 E.03601
G1 X109.336 Y103.55 E.03589
G1 X108.763 Y104.175 E.03596
G1 X108.028 Y105.712 F9000
G1 F1278
G1 X107.967 Y105.728 E.00267
G1 X107.922 Y105.683 E.0027
G1 X107.938 Y105.622 E.00267
G1 X108 Y105.605 E.00273
G1 X108.045 Y105.65 E.0027
;WIDTH:0.588613
G1 X108.133 Y105.51 E.0075
;WIDTH:0.624306
G1 X108.221 Y105.37 E.00799
;WIDTH:0.659999
G1 X108.31 Y105.23 E.00851
G1 X111.478 Y102.062 E.22988
G1 X113.022 Y101.391 F9000
G1 F1278
G1 X107.633 Y106.78 E.39105
G1 X107.529 Y106.861 E.00676
;WIDTH:0.624306
G1 X107.426 Y106.943 E.00636
;WIDTH:0.588613
G1 X107.322 Y107.024 E.00598
;WIDTH:0.55292
G1 X107.126 Y107.855 E.03621
;WIDTH:0.659999
G1 X107.347 Y107.938 E.01211
G1 X114.168 Y101.118 E.49492
G1 X114.133 Y101.045 E.00415
;WIDTH:0.624306
G1 X114.097 Y100.972 E.00393
;WIDTH:0.588613
G1 X114.062 Y100.899 E.00367
;WIDTH:0.55292
G1 X113.265 Y101.085 E.03471
G1 X115.15 Y101.009 F9000
;WIDTH:0.659999
G1 F1278
G1 X107.236 Y108.922 E.57423
G1 X107.197 Y109.062 E.00746
;WIDTH:0.624306
G1 X107.157 Y109.202 E.00704
;WIDTH:0.588613
G1 X107.117 Y109.342 E.00661
;WIDTH:0.55292
G1 X107.072 Y109.297 E.0027
G1 X107.01 Y109.313 E.00272
G1 X106.994 Y109.375 E.00272
G1 X107.039 Y109.42 E.0027
G1 X107.101 Y109.403 E.00273
G1 E-1.4 F3600
;WIPE_START
G1 F7200
G1 X107.039 Y109.42 E-.03054
G1 X106.994 Y109.375 E-.03023
G1 X107.01 Y109.313 E-.03041
G1 X107.072 Y109.297 E-.03041
G1 X107.117 Y109.342 E-.03023
G1 X107.157 Y109.202 E-.06916
G1 X107.197 Y109.062 E-.06916
G1 X107.236 Y108.922 E-.06903
G1 X107.595 Y108.563 E-.24083
;WIPE_END
G1 Z6.5 F9000
G1 X110.541 Y106.376
G1 Z4.5
G1 E2 F2400
G1 F1278
G1 X110.973 Y105.848 E.02893
G1 X111.359 Y105.427 E.02422
G1 X111.765 Y105.025 E.02423
G1 X112.208 Y104.63 E.02517
G1 X112.608 Y104.317 E.02154
;WIDTH:0.588613
G1 X112.753 Y104.207 E.00826
;WIDTH:0.624306
G1 X112.899 Y104.097 E.00884
;WIDTH:0.659999
G1 X113.044 Y103.986 E.00937
G1 X116.023 Y101.008 E.21613
G1 X116.809 Y101.095 E.04058
G1 X114.354 Y103.55 E.17814
G1 X114.23 Y103.627 E.00749
;WIDTH:0.624306
G1 X114.106 Y103.705 E.00708
;WIDTH:0.588613
G1 X113.982 Y103.783 E.00665
;WIDTH:0.55292
G1 X113.937 Y103.738 E.0027
G1 X113.875 Y103.754 E.00272
G1 X113.859 Y103.816 E.00272
G1 X113.904 Y103.861 E.0027
G1 X113.965 Y103.844 E.00269
G1 X115.348 Y103.428 F9000
;WIDTH:0.659999
G1 F1278
G1 X117.539 Y101.237 E.15899
G1 X117.975 Y101.673 E.03164
G1 X116.185 Y103.464 E.12993
G1 X116.845 Y103.565 E.03426
G1 X117.411 Y103.723 E.03015
G1 X117.959 Y103.935 E.03015
G1 X118.483 Y104.202 E.03018
G1 X118.978 Y104.519 E.03016
G1 X119.439 Y104.883 E.03014
G1 X119.862 Y105.292 E.03019
G1 X120.241 Y105.741 E.03015
G1 X120.574 Y106.226 E.03019
G1 X120.858 Y106.741 E.03018
G1 X121.088 Y107.282 E.03016
G1 X121.263 Y107.843 E.03015
G1 X121.382 Y108.419 E.03018
G1 X121.443 Y109.003 E.03013
G1 X121.445 Y109.591 E.03017
G1 X121.389 Y110.177 E.0302
G1 X121.314 Y110.552 E.01962
G1 X123.651 Y108.216 E.16955
G1 X123.749 Y108.15 E.00606
G1 X123.798 Y108.159 E.00256
G1 X123.66 Y107.439 E.03762
G1 X123.418 Y106.594 E.0451
G1 X123.108 Y105.824 E.04259
G1 X122.722 Y105.09 E.04255
G1 X122.265 Y104.397 E.04259
G1 X121.742 Y103.753 E.04257
G1 X121.157 Y103.165 E.04256
G1 X120.516 Y102.638 E.04258
G1 X119.826 Y102.177 E.04258
G1 X119.094 Y101.787 E.04256
G1 X118.253 Y101.443 E.04662
G1 X118.194 Y101.455 E.00309
G1 X118.37 Y102.152 E.03689
G1 X118.725 Y102.291 E.01956
G1 X119.409 Y102.642 E.03945
G1 X120.055 Y103.059 E.03945
G1 X120.656 Y103.538 E.03943
G1 X121.206 Y104.075 E.03944
G1 X121.7 Y104.664 E.03944
G1 X122.133 Y105.299 E.03944
G1 X122.501 Y105.974 E.03945
G1 X122.8 Y106.682 E.03943
G1 X122.993 Y107.31 E.03371
G1 X123.119 Y107.875 E.0297
G1 X122.056 Y108.937 E.0771
G1 X121.987 Y108.296 E.03308
G1 X121.853 Y107.66 E.03335
G1 X121.656 Y107.041 E.03333
G1 X121.399 Y106.445 E.0333
G1 X121.084 Y105.878 E.03328
G1 X120.714 Y105.344 E.03333
G1 X120.292 Y104.85 E.03334
G1 X119.824 Y104.401 E.03328
G1 X119.313 Y104 E.03333
G1 X118.764 Y103.652 E.03335
G1 X118.184 Y103.361 E.0333
G1 X117.434 Y103.088 E.04095
G1 X118.152 Y102.37 E.0521
G1 X118.513 Y102.853 E.03094
;WIDTH:0.61984
G1 X119.036 Y103.121 E.02819
;WIDTH:0.618842
G1 X119.636 Y103.498 E.03393
G1 X120.195 Y103.934 E.03395
G1 X120.708 Y104.423 E.03394
G1 X121.17 Y104.96 E.03392
G1 X121.576 Y105.541 E.03394
G1 X121.923 Y106.159 E.03394
G1 X122.206 Y106.809 E.03395
G1 X122.423 Y107.484 E.03395
;WIDTH:0.61943
G1 X122.47 Y107.679 E.00962
G1 X123.869 Y108.87 F9000
;WIDTH:0.659999
G1 F1278
G1 X120.872 Y111.867 E.21747
G1 X120.761 Y112.013 E.00941
;WIDTH:0.624306
G1 X120.649 Y112.158 E.00886
;WIDTH:0.588613
G1 X120.538 Y112.304 E.00832
;WIDTH:0.55292
G1 X120.319 Y112.587 E.01517
G1 X119.951 Y113.01 E.02378
G1 X119.555 Y113.422 E.02423
G1 X119.137 Y113.814 E.0243
G1 X118.546 Y114.303 E.03253
G1 E-1.4 F3600
;WIPE_START
G1 F7200
G1 X119.137 Y113.814 E-.36436
G1 X119.498 Y113.474 E-.23564
;WIPE_END
G1 Z6.5 F9000
G1 X123.776 Y111.648
G1 Z4.5
G1 E2 F2400
G1 F1278
G1 X123.98 Y110.796 E.03715
G1 E-1.4 F3600
;WIPE_START
G1 F7200
G1 X123.776 Y111.648 E-.41614
;WIPE_END
G1 E-.18386 F3600
G1 Z6.5 F9000
G1 X110.218 Y106.813
G1 Z4.5
G1 E2 F2400
;WIDTH:0.659999
G1 F1278
G1 X107.242 Y109.789 E.21595
G1 X107.323 Y110.581 E.04085
G1 X109.788 Y108.116 E.17887
G1 X109.886 Y107.986 E.00835
;WIDTH:0.624306
G1 X109.984 Y107.855 E.00791
;WIDTH:0.588613
G1 X110.083 Y107.725 E.00741
;WIDTH:0.55292
G1 X110.021 Y107.741 E.00272
G1 X109.976 Y107.696 E.0027
G1 X109.993 Y107.635 E.00269
G1 X110.054 Y107.618 E.00269
G1 X110.099 Y107.663 E.0027
G1 X109.663 Y109.113 F9000
;WIDTH:0.659999
G1 F1278
G1 X107.47 Y111.307 E.15917
G1 E-1.4 F3600
;WIPE_START
G1 F7200
G1 X108.363 Y110.414 E-.6
;WIPE_END
G1 Z6.5 F9000
G1 X109.487 Y110.162
G1 Z4.5
G1 E2 F2400
G1 F1278
G1 X107.688 Y111.961 E.13054
G1 X107.734 Y112.182 E.01158
G1 X108.051 Y112.933 E.04183
G1 X108.448 Y113.662 E.04259
G1 X108.915 Y114.348 E.04258
G1 X109.449 Y114.984 E.04261
G1 X110.043 Y115.564 E.0426
G1 X110.693 Y116.082 E.04265
G1 X111.39 Y116.532 E.04257
G1 X112.129 Y116.911 E.04261
G1 X112.902 Y117.214 E.0426
G1 X113.684 Y117.434 E.04168
G1 X114.456 Y117.551 E.04006
G1 X114.456 Y117.411 E.00718
G1 X116.786 Y115.08 E.16911
G1 X116.017 Y115.198 E.03992
G1 X115.429 Y115.215 E.03018
G1 X114.843 Y115.174 E.03014
G1 X114.264 Y115.074 E.03015
G1 X113.697 Y114.917 E.03019
G1 X113.149 Y114.704 E.03017
G1 X112.625 Y114.438 E.03015
G1 X112.13 Y114.121 E.03016
G1 X111.669 Y113.756 E.03017
G1 X111.246 Y113.347 E.03019
G1 X110.867 Y112.898 E.03015
G1 X110.534 Y112.413 E.03019
G1 X110.251 Y111.898 E.03015
G1 X110.02 Y111.357 E.03018
G1 X109.845 Y110.796 E.03015
G1 X109.724 Y110.207 E.03085
G1 X109.705 Y109.943 E.01358
G1 X109.323 Y111.198 F9000
G1 F1278
G1 X109.452 Y111.598 E.02157
G1 X109.709 Y112.194 E.0333
G1 X110.024 Y112.762 E.03333
G1 X110.395 Y113.295 E.03332
G1 X110.816 Y113.789 E.0333
G1 X111.285 Y114.239 E.03335
G1 X111.796 Y114.639 E.0333
G1 X112.344 Y114.987 E.03331
G1 X112.924 Y115.279 E.03332
G1 X113.531 Y115.511 E.03334
G1 X114.157 Y115.682 E.0333
G1 X115.177 Y115.817 E.05279
G1 X114.118 Y116.876 E.07685
G1 X113.815 Y116.83 E.01573
G1 X113.099 Y116.629 E.03816
G1 X112.383 Y116.348 E.03947
G1 X111.699 Y115.997 E.03945
G1 X111.053 Y115.58 E.03945
G1 X110.452 Y115.101 E.03943
G1 X109.902 Y114.564 E.03944
G1 X109.408 Y113.975 E.03944
G1 X108.975 Y113.34 E.03944
G1 X108.607 Y112.665 E.03945
G1 X108.385 Y112.137 E.02939
G1 X109.105 Y111.416 E.05228
G1 X109.091 Y112.275 E.04408
;WIDTH:0.619496
G1 X109.452 Y112.969 E.0375
G1 X109.846 Y113.558 E.03397
G1 X110.296 Y114.106 E.034
G1 X110.799 Y114.605 E.03397
G1 X111.349 Y115.053 E.03401
G1 X111.941 Y115.443 E.03399
G1 X112.568 Y115.772 E.03395
G1 X113.226 Y116.037 E.03401
G1 X113.912 Y116.237 E.03426
G1 E-1.4 F3600
;WIPE_START
G1 F7200
G1 X113.226 Y116.037 E-.33942
G1 X112.717 Y115.832 E-.26058
;WIPE_END
G1 Z6.5 F9000
G1 X115.608 Y117.8
G1 Z4.5
G1 E2 F2400
;WIDTH:0.55292
G1 F1278
G1 X115.563 Y117.754 E.00273
G1 X115.502 Y117.771 E.00269
G1 X115.485 Y117.833 E.00273
G1 X115.53 Y117.878 E.0027
G1 X115.592 Y117.861 E.00273
;WIDTH:0.588613
G1 X115.431 Y117.784 E.0081
;WIDTH:0.624306
G1 X115.271 Y117.706 E.0086
;WIDTH:0.659999
G1 X115.11 Y117.629 E.00916
G1 X118.11 Y114.629 E.21769
G1 E-1.4 F3600
;WIPE_START
G1 F7200
G1 X117.217 Y115.522 E-.6
;WIPE_END
G1 Z6.5 F9000
G1 X115.983 Y117.629
G1 Z4.5
G1 E2 F2400
G1 F1278
G1 X123.872 Y109.74 E.57246
G1 X123.755 Y110.729 E.0511
G1 X116.968 Y117.517 E.49253
G1 X116.999 Y117.59 E.00407
;WIDTH:0.624306
G1 X117.03 Y117.664 E.00388
;WIDTH:0.588613
G1 X117.061 Y117.737 E.0036
;WIDTH:0.55292
G1 X117.875 Y117.545 E.03547
;WIDTH:0.659999
G1 X118.118 Y117.239 E.02005
G1 X123.465 Y111.892 E.388
G1 X123.098 Y113.022 E.06096
;WIDTH:0.55292
G1 X123.087 Y113.293 E.0115
G1 X122.766 Y113.726 E.02286
;WIDTH:0.57125
G1 X122.228 Y114.375 E.03703
;WIDTH:0.607614
G1 X121.947 Y114.682 E.01954
;WIDTH:0.643978
G1 X121.665 Y114.99 E.02087
G1 X121.074 Y115.574 E.04153
;WIDTH:0.633612
G1 X120.762 Y115.852 E.02052
;WIDTH:0.593266
G1 X120.451 Y116.13 E.01909
;WIDTH:0.55292
G1 X119.793 Y116.662 E.03588
G1 X119.49 Y116.875 E.01571
G1 X119.24 Y116.872 E.0106
;WIDTH:0.588613
G1 X119.385 Y116.766 E.00815
;WIDTH:0.624306
G1 X119.531 Y116.66 E.00872
;WIDTH:0.659999
G1 X119.676 Y116.554 E.00922
G1 X122.772 Y113.458 E.22466
G1 E-1.4 F3600
;WIPE_START
G1 F7200
G1 X121.879 Y114.351 E-.6
;WIPE_END
G1 Z6.5 F9000
G1 X115.997 Y114.579
G1 Z4.5
G1 E2 F2400
;TYPE:Internal infill
;WIDTH:0.66
G1 F1278
G1 X116.984 Y114.402 E.05145
G1 X117.963 Y114.018 E.05396
G1 X118.846 Y113.448 E.05393
G1 X119.286 Y113.051 E.03041
G1 X111.825 Y105.59 E.5414
G1 X112.472 Y105.032 E.04384
G1 X113.382 Y104.507 E.05391
G1 X114.379 Y104.172 E.05397
G1 X115.404 Y104.042 E.05301
G1 X116.229 Y104.084 E.04239
G1 X117.236 Y104.314 E.053
G1 X118.194 Y104.747 E.05394
G1 X119.048 Y105.361 E.05397
G1 X119.284 Y105.59 E.01687
G1 X111.825 Y113.049 E.54125
G1 X111.345 Y112.508 E.03711
G1 X110.797 Y111.611 E.05393
G1 X110.437 Y110.623 E.05396
G1 X110.298 Y109.762 E.04475
;LAYER_CHANGE
;Z:4.7
;HEIGHT:0.2
;BEFORE_LAYER_CHANGE
G92 E0
;4.7


G1 E-1.4 F3600
;WIPE_START
G1 F7200
G1 X110.437 Y110.623 E-.41427
G1 X110.571 Y110.99 E-.18573
;WIPE_END
G1 Z4.7 F9000
;AFTER_LAYER_CHANGE
;4.7
G1 Z6.7
G1 X106.785 Y110.025
G1 Z4.7
G1 E2 F2400
;TYPE:Perimeter
;WIDTH:0.659999
G1 F1284
G1 X106.75 Y109.32 E.03622
G1 X106.794 Y108.443 E.04506
G1 X106.925 Y107.575 E.04504
G1 X107.141 Y106.725 E.045
G1 X107.441 Y105.9 E.04504
G1 X107.822 Y105.109 E.04505
G1 X108.28 Y104.36 E.04505
G1 X108.81 Y103.66 E.04505
G1 X109.407 Y103.017 E.04502
G1 X110.065 Y102.436 E.04504
G1 X110.769 Y101.93 E.04448
G1 X111.944 Y101.291 E.06863
G1 X112.392 Y101.115 E.0247
G1 X113.193 Y100.849 E.04331
G1 X114.038 Y100.658 E.04445
G1 X114.904 Y100.551 E.04477
G1 X115.778 Y100.529 E.04486
G1 X116.651 Y100.595 E.04492
G1 X117.513 Y100.748 E.04492
G1 X118.357 Y100.985 E.04498
G1 X119.172 Y101.305 E.04493
G1 X119.952 Y101.705 E.04498
G1 X120.688 Y102.181 E.04497
G1 X121.373 Y102.727 E.04495
G1 X122.001 Y103.34 E.04503
G1 X122.564 Y104.011 E.04494
G1 X123.058 Y104.736 E.04501
G1 X123.477 Y105.506 E.04498
G1 X123.818 Y106.314 E.045
G1 X124.076 Y107.152 E.04499
G1 X124.25 Y108.012 E.04502
G1 X124.337 Y108.886 E.04507
G1 X124.337 Y109.753 E.04449
G1 X124.314 Y110.196 E.02276
G1 X124.184 Y111.064 E.04503
G1 X123.967 Y111.915 E.04506
G1 X123.667 Y112.739 E.04499
G1 X123.291 Y113.52 E.04448
G1 X122.565 Y114.644 E.06866
G1 X122.008 Y115.308 E.04447
G1 X121.38 Y115.921 E.04503
G1 X120.693 Y116.468 E.04506
G1 X119.956 Y116.944 E.04502
G1 X119.175 Y117.345 E.04505
G1 X118.358 Y117.665 E.04502
G1 X117.513 Y117.903 E.04504
G1 X116.649 Y118.055 E.04501
G1 X115.774 Y118.121 E.04502
G1 X114.896 Y118.099 E.04506
G1 X114.025 Y117.99 E.04504
G1 X113.17 Y117.795 E.045
G1 X112.338 Y117.515 E.04504
G1 X111.538 Y117.154 E.04503
G1 X110.778 Y116.715 E.04503
G1 X110.065 Y116.203 E.04504
G1 X109.407 Y115.622 E.04504
G1 X108.81 Y114.979 E.04502
G1 X108.28 Y114.279 E.04505
G1 X107.822 Y113.53 E.04505
G1 X107.441 Y112.739 E.04505
G1 X107.141 Y111.915 E.04499
G1 X106.925 Y111.064 E.04505
G1 X106.794 Y110.196 E.04504
G1 X106.79 Y110.115 E.00416
G1 X106.189 Y110.16 F9000
;TYPE:External perimeter
;WIDTH:0.629999
G1 F1284
G1 X106.147 Y109.32 E.04106
G1 X106.194 Y108.383 E.0458
G1 X106.334 Y107.456 E.04577
G1 X106.565 Y106.547 E.04578
G1 X106.886 Y105.666 E.04577
G1 X107.293 Y104.821 E.04578
G1 X107.782 Y104.021 E.04577
G1 X108.348 Y103.273 E.04579
G1 X108.986 Y102.586 E.04577
G1 X109.689 Y101.965 E.04579
G1 X110.448 Y101.42 E.04561
G1 X111.689 Y100.744 E.06899
G1 X112.172 Y100.554 E.02534
G1 X113.03 Y100.27 E.04412
G1 X113.934 Y100.065 E.04525
G1 X114.859 Y99.95 E.0455
G1 X115.793 Y99.927 E.04561
G1 X116.726 Y99.998 E.04568
G1 X117.647 Y100.161 E.04566
G1 X118.548 Y100.414 E.04568
G1 X119.42 Y100.757 E.04574
G1 X120.253 Y101.184 E.04569
G1 X121.04 Y101.692 E.04573
G1 X121.772 Y102.276 E.04571
G1 X122.442 Y102.93 E.04571
G1 X123.044 Y103.648 E.04574
G1 X123.572 Y104.422 E.04574
G1 X124.02 Y105.245 E.04574
G1 X124.383 Y106.108 E.0457
G1 X124.659 Y107.004 E.04577
G1 X124.845 Y107.923 E.04577
G1 X124.938 Y108.856 E.04577
G1 X124.938 Y109.783 E.04525
G1 X124.914 Y110.256 E.02312
G1 X124.775 Y111.184 E.04581
G1 X124.543 Y112.092 E.04575
G1 X124.222 Y112.974 E.04582
G1 X123.817 Y113.815 E.04557
G1 X123.05 Y115.002 E.06899
G1 X122.45 Y115.718 E.0456
G1 X121.779 Y116.373 E.04577
G1 X121.045 Y116.957 E.04579
G1 X120.258 Y117.466 E.04575
G1 X119.423 Y117.894 E.0458
G1 X118.55 Y118.237 E.04579
G1 X117.647 Y118.491 E.04579
G1 X116.724 Y118.653 E.04575
G1 X115.789 Y118.724 E.04577
G1 X114.851 Y118.7 E.0458
G1 X113.921 Y118.584 E.04575
G1 X113.006 Y118.375 E.04582
G1 X112.117 Y118.076 E.04579
G1 X111.263 Y117.69 E.04575
G1 X110.45 Y117.222 E.04579
G1 X109.689 Y116.674 E.04578
G1 X108.986 Y116.054 E.04576
G1 X108.348 Y115.366 E.0458
G1 X107.782 Y114.619 E.04575
G1 X107.293 Y113.818 E.04581
G1 X106.886 Y112.974 E.04574
G1 X106.565 Y112.092 E.04582
G1 X106.334 Y111.184 E.04574
G1 X106.194 Y110.256 E.04581
G1 X106.194 Y110.25 E.00029
G1 E-1.4 F3600
;WIPE_START
G1 F7200
G1 X106.189 Y110.16 E-.04282
G1 X106.147 Y109.32 E-.3995
G1 X106.164 Y108.988 E-.15768
;WIPE_END
G1 Z6.7 F9000
G1 X110.298 Y108.878
G1 Z4.7
G1 E2 F2400
;TYPE:Internal infill
;WIDTH:0.66
G1 F1284
G1 X110.437 Y108.017 E.04475
G1 X110.797 Y107.029 E.05396
G1 X111.345 Y106.131 E.05398
G1 X111.825 Y105.59 E.03711
G1 X119.286 Y113.051 E.5414
G1 X119.906 Y112.309 E.04961
G1 X120.521 Y111.108 E.06923
G1 X120.775 Y110.107 E.05299
G1 X120.828 Y109.583 E.02702
G1 X120.775 Y108.533 E.05394
G1 X120.516 Y107.514 E.05395
G1 X120.06 Y106.566 E.05398
G1 X119.425 Y105.728 E.05395
G1 X119.284 Y105.59 E.01012
G1 X111.825 Y113.049 E.54125
G1 X112.472 Y113.607 E.04384
G1 X113.382 Y114.133 E.05393
G1 X114.379 Y114.467 E.05395
G1 X115.112 Y114.575 E.03802
G1 E-1.4 F3600
;WIPE_START
G1 F7200
G1 X114.379 Y114.467 E-.35193
G1 X113.884 Y114.301 E-.24807
;WIPE_END
G1 Z6.7 F9000
G1 X108.484 Y114.14
G1 Z4.7
G1 E2 F2400
;TYPE:Solid infill
;WIDTH:0.55292
G1 F1284
G1 X109.044 Y114.782 E.03613
G1 X109.631 Y115.392 E.0359
G1 X110.249 Y115.972 E.03594
G1 X110.74 Y116.39 E.02735
G1 X111.927 Y116.831 F9000
G1 F1284
G1 X111.943 Y116.892 E.00267
G1 X111.898 Y116.937 E.0027
G1 X111.837 Y116.921 E.00267
G1 X111.82 Y116.859 E.00273
G1 X111.865 Y116.814 E.0027
;WIDTH:0.588613
G1 X111.725 Y116.727 E.00748
;WIDTH:0.624306
G1 X111.585 Y116.639 E.00799
;WIDTH:0.659999
G1 X111.446 Y116.552 E.00841
G1 X108.309 Y113.416 E.2276
G1 X107.628 Y111.862 F9000
G1 F1284
G1 X113.004 Y117.237 E.39007
G1 X113.085 Y117.342 E.0068
;WIDTH:0.624306
G1 X113.167 Y117.447 E.00644
;WIDTH:0.588613
G1 X113.248 Y117.552 E.00602
;WIDTH:0.55292
G1 X114.116 Y117.757 E.03782
;WIDTH:0.659999
G1 X114.168 Y117.529 E.012
G1 X107.352 Y110.714 E.49456
G1 X107.278 Y110.742 E.00406
;WIDTH:0.624306
G1 X107.204 Y110.77 E.00382
;WIDTH:0.588613
G1 X107.129 Y110.798 E.00363
;WIDTH:0.55292
G1 X107.321 Y111.618 E.03571
G1 X107.247 Y109.735 F9000
;WIDTH:0.659999
G1 F1284
G1 X115.141 Y117.63 E.57285
G1 X115.281 Y117.67 E.00747
;WIDTH:0.624306
G1 X115.421 Y117.71 E.00704
;WIDTH:0.588613
G1 X115.561 Y117.751 E.00662
;WIDTH:0.55292
G1 X115.516 Y117.796 E.0027
G1 X115.532 Y117.857 E.00267
G1 X115.594 Y117.874 E.00273
G1 X115.639 Y117.829 E.0027
G1 X115.623 Y117.767 E.00272
G1 E-1.4 F3600
;WIPE_START
G1 F7200
G1 X115.639 Y117.829 E-.03041
G1 X115.594 Y117.874 E-.03023
G1 X115.532 Y117.857 E-.03054
G1 X115.516 Y117.796 E-.02996
G1 X115.561 Y117.751 E-.03023
G1 X115.421 Y117.71 E-.06929
G1 X115.281 Y117.67 E-.06916
G1 X115.141 Y117.63 E-.06916
G1 X114.782 Y117.271 E-.24102
;WIPE_END
G1 Z6.7 F9000
G1 X112.592 Y114.322
G1 Z4.7
G1 E2 F2400
G1 F1284
G1 X112.189 Y113.997 E.02195
G1 X111.751 Y113.604 E.02495
G1 X111.242 Y113.09 E.03068
G1 X110.554 Y112.276 E.0452
;WIDTH:0.588613
G1 X110.444 Y112.131 E.00826
;WIDTH:0.624306
G1 X110.334 Y111.985 E.00884
;WIDTH:0.659999
G1 X110.224 Y111.84 E.00934
G1 X107.249 Y108.865 E.21588
G1 X107.33 Y108.073 E.04085
G1 X109.789 Y110.533 E.17847
G1 X109.867 Y110.658 E.00756
;WIDTH:0.624306
G1 X109.944 Y110.783 E.0071
;WIDTH:0.588613
G1 X110.021 Y110.907 E.00662
;WIDTH:0.55292
G1 X109.976 Y110.953 E.00273
G1 X109.993 Y111.014 E.00269
G1 X110.054 Y111.031 E.00269
G1 X110.099 Y110.986 E.0027
G1 X110.083 Y110.924 E.00272
G1 X109.663 Y109.534 F9000
;WIDTH:0.659999
G1 F1284
G1 X107.474 Y107.344 E.15888
G1 X107.886 Y106.897 E.03119
G1 X109.697 Y108.695 E.13094
G1 X109.834 Y107.886 E.0421
G1 X110.005 Y107.324 E.03014
G1 X110.206 Y106.841 E.02684
G1 X110.511 Y106.264 E.03349
G1 X110.84 Y105.777 E.03016
G1 X111.216 Y105.325 E.03017
G1 X111.636 Y104.913 E.03019
G1 X112.094 Y104.545 E.03015
G1 X112.586 Y104.224 E.03014
G1 X113.109 Y103.954 E.0302
G1 X113.655 Y103.737 E.03015
G1 X114.22 Y103.575 E.03016
G1 X114.799 Y103.471 E.03018
G1 X115.369 Y103.426 E.02934
G1 X116.271 Y103.468 E.04633
G1 X116.773 Y103.553 E.02612
G1 X114.45 Y101.23 E.16857
G1 X114.423 Y101.073 E.00817
G1 X113.701 Y101.2 E.03761
G1 X112.902 Y101.425 E.04259
G1 X112.145 Y101.722 E.04172
G1 X111.022 Y102.333 E.0656
G1 X110.362 Y102.808 E.04172
G1 X109.739 Y103.358 E.04264
G1 X109.174 Y103.966 E.04259
G1 X108.673 Y104.628 E.0426
G1 X108.24 Y105.337 E.04263
G1 X107.88 Y106.085 E.04259
G1 X107.661 Y106.686 E.03282
G1 X108.383 Y106.508 E.03816
G1 X108.449 Y106.325 E.00998
G1 X108.783 Y105.632 E.03947
G1 X109.183 Y104.976 E.03942
G1 X109.648 Y104.363 E.03948
G1 X110.17 Y103.8 E.03939
G1 X110.747 Y103.291 E.03948
G1 X111.32 Y102.879 E.03621
G1 X112.474 Y102.256 E.06729
G1 X113.192 Y101.984 E.0394
G1 X114.103 Y101.756 E.04819
G1 X115.169 Y102.822 E.07735
G1 X114.691 Y102.864 E.02462
G1 X114.053 Y102.982 E.03329
G1 X113.429 Y103.163 E.03334
G1 X112.826 Y103.405 E.03334
G1 X112.251 Y103.706 E.0333
G1 X111.708 Y104.063 E.03334
G1 X111.204 Y104.472 E.0333
G1 X110.743 Y104.929 E.03331
G1 X110.33 Y105.43 E.03331
G1 X109.968 Y105.969 E.03331
G1 X109.638 Y106.602 E.03663
G1 X109.322 Y107.447 E.04629
G1 X108.601 Y106.726 E.05232
G1 X109.088 Y106.371 E.03092
;WIDTH:0.628002
G1 X109.311 Y105.92 E.02448
G1 X109.681 Y105.315 E.0345
G1 X110.109 Y104.75 E.03448
G1 X110.591 Y104.231 E.03446
G1 X111.122 Y103.762 E.03447
G1 X111.671 Y103.366 E.03293
;WIDTH:0.62643
G1 X112.555 Y102.877 E.04902
;WIDTH:0.61884
G1 X113.21 Y102.608 E.03391
G1 X113.906 Y102.403 E.03475
G1 X115.104 Y101.012 F9000
;WIDTH:0.659999
G1 F1284
G1 X118.094 Y104.002 E.21697
G1 X118.24 Y104.11 E.00932
;WIDTH:0.624306
G1 X118.385 Y104.218 E.00874
;WIDTH:0.588613
G1 X118.531 Y104.325 E.00821
;WIDTH:0.55292
G1 X118.921 Y104.641 E.02129
G1 X119.348 Y105.022 E.02427
G1 X119.754 Y105.423 E.0242
G1 X120.155 Y105.862 E.02521
G1 X120.543 Y106.351 E.02647
G1 E-1.4 F3600
;WIPE_START
G1 F7200
G1 X120.155 Y105.862 E-.29651
G1 X119.754 Y105.423 E-.28242
G1 X119.722 Y105.392 E-.02107
;WIPE_END
G1 Z6.7 F9000
G1 X117.87 Y101.09
G1 Z4.7
G1 E2 F2400
G1 F1284
G1 X116.998 Y100.883 E.03801
G1 E-1.4 F3600
;WIPE_START
G1 F7200
G1 X117.87 Y101.09 E-.42571
;WIPE_END
G1 E-.17429 F3600
G1 Z6.7 F9000
G1 X113.029 Y114.645
G1 Z4.7
G1 E2 F2400
;WIDTH:0.659999
G1 F1284
G1 X116.011 Y117.627 E.21639
G1 X116.802 Y117.546 E.0408
G1 X114.345 Y115.088 E.17833
G1 X114.214 Y114.99 E.00839
;WIDTH:0.624306
G1 X114.084 Y114.892 E.00787
;WIDTH:0.588613
G1 X113.953 Y114.793 E.00745
;WIDTH:0.55292
G1 X113.97 Y114.855 E.00273
G1 X113.925 Y114.9 E.0027
G1 X113.863 Y114.884 E.00272
G1 X113.847 Y114.822 E.00272
G1 X113.892 Y114.777 E.0027
G1 X115.34 Y115.211 F9000
;WIDTH:0.659999
G1 F1284
G1 X117.533 Y117.404 E.15913
G1 E-1.4 F3600
;WIPE_START
G1 F7200
G1 X116.64 Y116.511 E-.6
;WIPE_END
G1 Z6.7 F9000
G1 X116.398 Y115.396
G1 Z4.7
G1 E2 F2400
G1 F1284
G1 X118.188 Y117.186 E.12989
G1 X118.248 Y117.198 E.00314
G1 X118.979 Y116.911 E.0403
G1 X119.718 Y116.532 E.04261
G1 X120.416 Y116.082 E.04261
G1 X121.065 Y115.564 E.04261
G1 X121.659 Y114.984 E.0426
G1 X122.182 Y114.361 E.04174
G1 X122.876 Y113.287 E.06561
G1 X123.228 Y112.555 E.04168
G1 X123.512 Y111.774 E.04264
G1 X123.716 Y110.973 E.04241
G1 X123.786 Y110.422 E.0285
G1 X123.642 Y110.422 E.00739
G1 X121.317 Y108.097 E.16871
G1 X121.443 Y109.003 E.04693
G1 X121.445 Y109.591 E.03017
G1 X121.389 Y110.177 E.0302
G1 X121.28 Y110.724 E.02862
G1 X121.108 Y111.3 E.03084
G1 X120.802 Y111.985 E.0385
G1 X120.435 Y112.627 E.03794
G1 X120.086 Y113.093 E.02987
G1 X119.688 Y113.526 E.03018
G1 X119.248 Y113.916 E.03017
G1 X118.772 Y114.261 E.03016
G1 X118.264 Y114.557 E.03017
G1 X117.729 Y114.801 E.03017
G1 X117.173 Y114.99 E.03013
G1 X116.6 Y115.123 E.03018
G1 X116.18 Y115.178 E.02173
G1 X117.43 Y115.555 F9000
G1 F1284
G1 X117.984 Y115.363 E.03008
G1 X118.573 Y115.091 E.03329
G1 X119.133 Y114.762 E.03333
G1 X119.657 Y114.378 E.03333
G1 X120.14 Y113.945 E.03328
G1 X120.579 Y113.465 E.03338
G1 X120.969 Y112.935 E.03376
G1 X121.365 Y112.238 E.04113
G1 X121.698 Y111.481 E.04243
G1 X121.885 Y110.846 E.03397
G1 X122.003 Y110.237 E.03183
G1 X122.055 Y109.708 E.02727
G1 X123.12 Y110.773 E.07728
G1 X122.922 Y111.592 E.04323
G1 X122.659 Y112.315 E.03948
G1 X122.336 Y112.985 E.03816
G1 X121.871 Y113.705 E.04398
G1 X121.41 Y114.321 E.03948
G1 X120.883 Y114.88 E.03942
G1 X120.303 Y115.382 E.03936
G1 X119.676 Y115.825 E.03939
G1 X119.007 Y116.203 E.03943
G1 X118.364 Y116.489 E.03611
G1 X117.648 Y115.773 E.05196
G1 X118.508 Y115.784 E.04413
;WIDTH:0.62799
G1 X119.108 Y115.476 E.03281
G1 X119.704 Y115.091 E.03452
G1 X120.258 Y114.65 E.03445
G1 X120.765 Y114.155 E.03447
G1 X121.2 Y113.637 E.03291
;WIDTH:0.634158
G1 X121.808 Y112.689 E.05537
;WIDTH:0.636608
G1 X122.101 Y112.079 E.03341
G1 X122.347 Y111.415 E.03496
;WIDTH:0.627984
G1 X122.468 Y110.963 E.02276
G1 E-1.4 F3600
;WIPE_START
G1 F7200
G1 X122.347 Y111.415 E-.22226
G1 X122.101 Y112.079 E-.33635
G1 X122.063 Y112.158 E-.04139
;WIPE_END
G1 Z6.7 F9000
G1 X124.038 Y109.271
G1 Z4.7
G1 E2 F2400
;WIDTH:0.55292
G1 F1284
G1 X123.993 Y109.316 E.0027
G1 X124.009 Y109.378 E.00272
G1 X124.071 Y109.394 E.00272
G1 X124.116 Y109.349 E.0027
G1 X124.099 Y109.288 E.00269
;WIDTH:0.588613
G1 X124.02 Y109.448 E.0081
;WIDTH:0.624306
G1 X123.94 Y109.608 E.00865
;WIDTH:0.659999
G1 X123.86 Y109.768 E.00918
G1 X120.879 Y106.787 E.21631
G1 E-1.4 F3600
;WIPE_START
G1 F7200
G1 X121.772 Y107.68 E-.6
;WIPE_END
G1 Z6.7 F9000
G1 X123.861 Y108.896
G1 Z4.7
G1 E2 F2400
G1 F1284
G1 X115.975 Y101.01 E.57224
G1 X116.949 Y101.111 E.05024
G1 X123.755 Y107.917 E.49387
G1 X123.829 Y107.891 E.00402
;WIDTH:0.624306
G1 X123.904 Y107.865 E.00384
;WIDTH:0.588613
G1 X123.979 Y107.838 E.00362
;WIDTH:0.55292
G1 X123.784 Y107.01 E.03607
;WIDTH:0.659999
G1 X123.477 Y106.766 E.02012
G1 X118.116 Y101.405 E.38901
G1 X119.244 Y101.772 E.06086
;WIDTH:0.55292
G1 X119.435 Y101.75 E.00815
G1 X119.544 Y101.796 E.00502
G1 X120.125 Y102.242 E.03106
;WIDTH:0.602652
G1 X120.765 Y102.786 E.03909
;WIDTH:0.628583
G1 X121.068 Y103.071 E.02026
;WIDTH:0.654514
G1 X121.371 Y103.356 E.02115
G1 X121.948 Y103.954 E.04226
;WIDTH:0.623424
G1 X122.223 Y104.27 E.02022
;WIDTH:0.588172
G1 X122.498 Y104.585 E.01896
;WIDTH:0.55292
G1 X123.106 Y105.375 E.04227
G1 X123.107 Y105.641 E.01128
;WIDTH:0.588613
G1 X123 Y105.495 E.00821
;WIDTH:0.624306
G1 X122.894 Y105.35 E.00868
;WIDTH:0.659999
G1 X122.788 Y105.205 E.00922
G1 X119.68 Y102.097 E.22553
;LAYER_CHANGE
;Z:4.9
;HEIGHT:0.2
;BEFORE_LAYER_CHANGE
G92 E0
;4.9


G1 E-1.4 F3600
;WIPE_START
G1 F7200
G1 X120.573 Y102.99 E-.6
;WIPE_END
G1 Z4.9 F9000
;AFTER_LAYER_CHANGE
;4.9
G1 Z4.9
G1 X119.902 Y101.689
G1 E2 F2400
;TYPE:Perimeter
G1 F1299
G1 X120.325 Y101.933 E.02506
G1 X121.037 Y102.445 E.045
G1 X121.694 Y103.025 E.04497
G1 X122.291 Y103.668 E.04502
G1 X122.82 Y104.367 E.04498
G1 X123.277 Y105.115 E.04498
G1 X123.657 Y105.905 E.04498
G1 X123.957 Y106.729 E.04499
G1 X124.173 Y107.579 E.045
G1 X124.304 Y108.446 E.04499
G1 X124.347 Y109.318 E.0448
G1 X124.347 Y109.758 E.02258
G1 X124.26 Y110.632 E.04507
G1 X124.086 Y111.492 E.04502
G1 X123.827 Y112.331 E.04505
G1 X123.486 Y113.139 E.045
G1 X123.067 Y113.91 E.04502
G1 X122.572 Y114.635 E.04504
G1 X122.008 Y115.308 E.04505
G1 X121.388 Y115.913 E.04445
G1 X120.321 Y116.721 E.06867
G1 X119.571 Y117.154 E.04444
G1 X118.771 Y117.515 E.04503
G1 X117.939 Y117.795 E.04504
G1 X117.083 Y117.99 E.04505
G1 X116.212 Y118.099 E.04504
G1 X115.335 Y118.121 E.04501
G1 X114.459 Y118.055 E.04508
G1 X113.595 Y117.903 E.04501
G1 X112.75 Y117.665 E.04504
G1 X111.933 Y117.345 E.04502
G1 X111.152 Y116.944 E.04505
G1 X110.415 Y116.468 E.04502
G1 X109.729 Y115.921 E.04502
G1 X109.1 Y115.308 E.04507
G1 X108.536 Y114.635 E.04505
G1 X108.042 Y113.91 E.04501
G1 X107.622 Y113.139 E.04505
G1 X107.281 Y112.331 E.045
G1 X107.022 Y111.492 E.04505
G1 X106.848 Y110.632 E.04502
G1 X106.761 Y109.758 E.04507
G1 X106.761 Y108.881 E.045
G1 X106.848 Y108.007 E.04507
G1 X107.022 Y107.147 E.04502
G1 X107.281 Y106.308 E.04505
G1 X107.622 Y105.5 E.045
G1 X108.042 Y104.729 E.04505
G1 X108.536 Y104.004 E.04501
G1 X109.1 Y103.331 E.04505
G1 X109.729 Y102.718 E.04507
G1 X110.415 Y102.171 E.04502
G1 X111.152 Y101.695 E.04502
G1 X111.933 Y101.295 E.04502
G1 X112.75 Y100.974 E.04504
G1 X113.595 Y100.736 E.04504
G1 X114.459 Y100.584 E.04501
G1 X115.046 Y100.54 E.0302
G1 X115.638 Y100.521 E.03039
G1 X116.236 Y100.551 E.03072
G1 X117.082 Y100.66 E.04377
G1 X117.936 Y100.855 E.04495
G1 X118.767 Y101.134 E.04498
G1 X119.566 Y101.495 E.04499
G1 X119.824 Y101.644 E.01529
G1 X120.112 Y101.116 F9000
;TYPE:External perimeter
;WIDTH:0.629999
G1 F1299
G1 X120.652 Y101.428 E.03044
G1 X121.412 Y101.975 E.04571
G1 X122.115 Y102.594 E.04572
G1 X122.752 Y103.281 E.04573
G1 X123.317 Y104.028 E.04572
G1 X123.806 Y104.827 E.04573
G1 X124.212 Y105.671 E.04572
G1 X124.532 Y106.552 E.04576
G1 X124.763 Y107.459 E.04569
G1 X124.903 Y108.386 E.04577
G1 X124.949 Y109.318 E.04555
G1 X124.949 Y109.788 E.02294
G1 X124.856 Y110.722 E.04582
G1 X124.67 Y111.641 E.04577
G1 X124.394 Y112.537 E.04577
G1 X124.029 Y113.401 E.04579
G1 X123.581 Y114.225 E.04578
G1 X123.053 Y114.999 E.04574
G1 X122.45 Y115.718 E.04581
G1 X121.781 Y116.37 E.0456
G1 X120.655 Y117.223 E.06896
G1 X119.846 Y117.69 E.0456
G1 X118.991 Y118.076 E.04579
G1 X118.102 Y118.375 E.04579
G1 X117.188 Y118.584 E.04577
G1 X116.257 Y118.7 E.0458
G1 X115.32 Y118.724 E.04576
G1 X114.384 Y118.653 E.04582
G1 X113.461 Y118.491 E.04575
G1 X112.558 Y118.237 E.04579
G1 X111.685 Y117.894 E.04579
G1 X110.851 Y117.466 E.04576
G1 X110.063 Y116.957 E.04579
G1 X109.33 Y116.373 E.04575
G1 X108.658 Y115.718 E.04581
G1 X108.056 Y114.999 E.04578
G1 X107.527 Y114.225 E.04577
G1 X107.079 Y113.401 E.04578
G1 X106.715 Y112.537 E.04577
G1 X106.438 Y111.641 E.04578
G1 X106.252 Y110.722 E.04577
G1 X106.159 Y109.788 E.04582
G1 X106.159 Y108.851 E.04574
G1 X106.252 Y107.918 E.04577
G1 X106.438 Y106.998 E.04582
G1 X106.715 Y106.102 E.04578
G1 X107.079 Y105.238 E.04577
G1 X107.527 Y104.414 E.04578
G1 X108.056 Y103.64 E.04577
G1 X108.658 Y102.921 E.04578
G1 X109.33 Y102.266 E.04581
G1 X110.063 Y101.682 E.04575
G1 X110.851 Y101.173 E.04579
G1 X111.685 Y100.745 E.04576
G1 X112.558 Y100.403 E.04577
G1 X113.461 Y100.149 E.04579
G1 X114.384 Y99.986 E.04575
G1 X115.001 Y99.94 E.0302
G1 X115.644 Y99.919 E.03141
G1 X116.283 Y99.951 E.03123
G1 X117.186 Y100.067 E.04444
G1 X118.099 Y100.276 E.04572
G1 X118.987 Y100.574 E.04572
G1 X119.841 Y100.959 E.04573
G1 X120.034 Y101.071 E.01089
G1 E-1.4 F3600
;WIPE_START
G1 F7200
G1 X120.112 Y101.116 E-.04277
G1 X120.652 Y101.428 E-.29624
G1 X121.098 Y101.749 E-.26099
;WIPE_END
G1 Z6.9 F9000
G1 X110.571 Y102.389
G1 Z4.9
G1 E2 F2400
;TYPE:Solid infill
;WIDTH:0.55292
G1 F1299
G1 X109.938 Y102.955 E.03601
G1 X109.336 Y103.55 E.03589
G1 X108.763 Y104.175 E.03596
G1 X108.028 Y105.712 F9000
G1 F1299
G1 X107.967 Y105.728 E.00267
G1 X107.922 Y105.683 E.0027
G1 X107.938 Y105.622 E.00267
G1 X108 Y105.605 E.00273
G1 X108.045 Y105.65 E.0027
;WIDTH:0.588613
G1 X108.133 Y105.51 E.0075
;WIDTH:0.624306
G1 X108.221 Y105.37 E.00799
;WIDTH:0.659999
G1 X108.31 Y105.23 E.00851
G1 X111.478 Y102.062 E.22988
G1 X113.022 Y101.391 F9000
G1 F1299
G1 X107.633 Y106.78 E.39105
G1 X107.529 Y106.861 E.00676
;WIDTH:0.624306
G1 X107.426 Y106.943 E.00636
;WIDTH:0.588613
G1 X107.322 Y107.024 E.00598
;WIDTH:0.55292
G1 X107.126 Y107.855 E.03621
;WIDTH:0.659999
G1 X107.347 Y107.938 E.01211
G1 X114.168 Y101.118 E.49492
G1 X114.133 Y101.045 E.00415
;WIDTH:0.624306
G1 X114.097 Y100.972 E.00393
;WIDTH:0.588613
G1 X114.062 Y100.899 E.00367
;WIDTH:0.55292
G1 X113.265 Y101.085 E.03471
G1 X115.15 Y101.009 F9000
;WIDTH:0.659999
G1 F1299
G1 X107.236 Y108.922 E.57423
G1 X107.197 Y109.062 E.00746
;WIDTH:0.624306
G1 X107.157 Y109.202 E.00704
;WIDTH:0.588613
G1 X107.117 Y109.342 E.00661
;WIDTH:0.55292
G1 X107.072 Y109.297 E.0027
G1 X107.01 Y109.313 E.00272
G1 X106.994 Y109.375 E.00272
G1 X107.039 Y109.42 E.0027
G1 X107.101 Y109.403 E.00273
G1 E-1.4 F3600
;WIPE_START
G1 F7200
G1 X107.039 Y109.42 E-.03054
G1 X106.994 Y109.375 E-.03023
G1 X107.01 Y109.313 E-.03041
G1 X107.072 Y109.297 E-.03041
G1 X107.117 Y109.342 E-.03023
G1 X107.157 Y109.202 E-.06916
G1 X107.197 Y109.062 E-.06916
G1 X107.236 Y108.922 E-.06903
G1 X107.595 Y108.563 E-.24083
;WIPE_END
G1 Z6.9 F9000
G1 X110.541 Y106.376
G1 Z4.9
G1 E2 F2400
G1 F1299
G1 X110.973 Y105.848 E.02893
G1 X111.359 Y105.427 E.02422
G1 X111.766 Y105.025 E.02426
G1 X112.608 Y104.317 E.04665
;WIDTH:0.588613
G1 X112.753 Y104.207 E.00826
;WIDTH:0.624306
G1 X112.899 Y104.097 E.00884
;WIDTH:0.659999
G1 X113.044 Y103.986 E.00937
G1 X116.011 Y101.02 E.21526
G1 X116.809 Y101.095 E.04113
G1 X114.354 Y103.55 E.17814
G1 X114.23 Y103.627 E.00749
;WIDTH:0.624306
G1 X114.106 Y103.705 E.00708
;WIDTH:0.588613
G1 X113.982 Y103.783 E.00665
;WIDTH:0.55292
G1 X113.937 Y103.738 E.0027
G1 X113.875 Y103.754 E.00272
G1 X113.859 Y103.816 E.00272
G1 X113.904 Y103.861 E.0027
G1 X113.965 Y103.844 E.00269
G1 X115.348 Y103.428 F9000
;WIDTH:0.659999
G1 F1299
G1 X117.539 Y101.237 E.15899
G1 X117.975 Y101.673 E.03164
G1 X116.185 Y103.464 E.12993
G1 X116.845 Y103.565 E.03426
G1 X117.411 Y103.723 E.03015
G1 X117.959 Y103.935 E.03015
G1 X118.483 Y104.202 E.03018
G1 X118.937 Y104.492 E.02764
G1 X119.438 Y104.882 E.03258
G1 X119.862 Y105.292 E.03026
G1 X120.241 Y105.741 E.03015
G1 X120.574 Y106.226 E.03019
G1 X120.858 Y106.741 E.03018
G1 X121.088 Y107.282 E.03016
G1 X121.263 Y107.843 E.03015
G1 X121.382 Y108.419 E.03018
G1 X121.443 Y109.003 E.03013
G1 X121.445 Y109.591 E.03017
G1 X121.389 Y110.177 E.0302
G1 X121.315 Y110.552 E.01961
G1 X123.651 Y108.216 E.16951
G1 X123.749 Y108.15 E.00606
G1 X123.798 Y108.159 E.00256
G1 X123.66 Y107.439 E.03762
G1 X123.418 Y106.594 E.0451
G1 X123.108 Y105.824 E.04259
G1 X122.722 Y105.09 E.04255
G1 X122.265 Y104.397 E.04259
G1 X121.742 Y103.753 E.04257
G1 X121.157 Y103.165 E.04256
G1 X120.469 Y102.6 E.04568
G1 X119.826 Y102.177 E.03949
G1 X119.094 Y101.787 E.04256
G1 X118.253 Y101.443 E.04662
G1 X118.194 Y101.455 E.00309
G1 X118.37 Y102.152 E.03689
G1 X118.725 Y102.291 E.01956
G1 X119.409 Y102.642 E.03945
G1 X120.055 Y103.059 E.03945
G1 X120.656 Y103.538 E.03943
G1 X121.206 Y104.075 E.03944
G1 X121.7 Y104.664 E.03944
G1 X122.133 Y105.299 E.03944
G1 X122.501 Y105.974 E.03945
G1 X122.8 Y106.682 E.03943
G1 X122.993 Y107.31 E.03371
G1 X123.119 Y107.875 E.0297
G1 X122.056 Y108.937 E.0771
G1 X121.987 Y108.296 E.03308
G1 X121.853 Y107.66 E.03335
G1 X121.656 Y107.041 E.03333
G1 X121.399 Y106.445 E.0333
G1 X121.084 Y105.878 E.03328
G1 X120.714 Y105.344 E.03333
G1 X120.292 Y104.85 E.03334
G1 X119.818 Y104.396 E.03368
G1 X119.272 Y103.973 E.03544
G1 X118.764 Y103.652 E.03083
G1 X118.184 Y103.361 E.0333
G1 X117.434 Y103.088 E.04095
G1 X118.152 Y102.37 E.0521
G1 X118.513 Y102.853 E.03094
;WIDTH:0.61984
G1 X119.036 Y103.121 E.02819
;WIDTH:0.618844
G1 X119.595 Y103.472 E.03161
G1 X120.186 Y103.926 E.03569
G1 X120.708 Y104.423 E.03452
G1 X121.17 Y104.96 E.03392
G1 X121.576 Y105.541 E.03394
G1 X121.923 Y106.159 E.03394
G1 X122.206 Y106.809 E.03395
G1 X122.423 Y107.484 E.03395
;WIDTH:0.619432
G1 X122.47 Y107.679 E.00962
G1 X123.869 Y108.87 F9000
;WIDTH:0.659999
G1 F1299
G1 X120.843 Y111.897 E.21961
G1 X120.733 Y112.042 E.00934
;WIDTH:0.624306
G1 X120.624 Y112.187 E.00877
;WIDTH:0.588613
G1 X120.515 Y112.333 E.00827
;WIDTH:0.55292
G1 X119.951 Y113.01 E.03737
G1 X119.555 Y113.422 E.02423
G1 X119.137 Y113.814 E.0243
G1 X118.546 Y114.303 E.03253
G1 E-1.4 F3600
;WIPE_START
G1 F7200
G1 X119.137 Y113.814 E-.36436
G1 X119.498 Y113.474 E-.23564
;WIPE_END
G1 Z6.9 F9000
G1 X110.218 Y106.813
G1 Z4.9
G1 E2 F2400
;WIDTH:0.659999
G1 F1299
G1 X107.242 Y109.789 E.21595
G1 X107.323 Y110.581 E.04085
G1 X109.788 Y108.116 E.17887
G1 X109.884 Y108.058 E.00575
;WIDTH:0.624306
G1 X109.98 Y108 E.00542
;WIDTH:0.588613
G1 X110.076 Y107.942 E.00509
;WIDTH:0.55292
G1 X110.035 Y107.68 E.01125
G1 X109.663 Y109.113 F9000
;WIDTH:0.659999
G1 F1299
G1 X107.47 Y111.307 E.15917
G1 E-1.4 F3600
;WIPE_START
G1 F7200
G1 X108.363 Y110.414 E-.6
;WIPE_END
G1 Z6.9 F9000
G1 X109.487 Y110.162
G1 Z4.9
G1 E2 F2400
G1 F1299
G1 X107.688 Y111.961 E.13054
G1 X107.734 Y112.182 E.01158
G1 X108.051 Y112.933 E.04183
G1 X108.448 Y113.662 E.04259
G1 X108.915 Y114.348 E.04258
G1 X109.449 Y114.984 E.04261
G1 X110.043 Y115.564 E.0426
G1 X110.693 Y116.082 E.04265
G1 X111.39 Y116.532 E.04257
G1 X112.129 Y116.911 E.04261
G1 X112.902 Y117.214 E.0426
G1 X113.701 Y117.439 E.04259
G1 X114.427 Y117.567 E.03783
G1 X114.457 Y117.409 E.00825
G1 X116.786 Y115.08 E.169
G1 X116.017 Y115.198 E.03992
G1 X115.441 Y115.215 E.02957
G1 X114.844 Y115.174 E.0307
G1 X114.264 Y115.074 E.0302
G1 X113.697 Y114.917 E.03019
G1 X113.149 Y114.704 E.03017
G1 X112.625 Y114.438 E.03015
G1 X112.13 Y114.121 E.03016
G1 X111.669 Y113.756 E.03017
G1 X111.246 Y113.347 E.03019
G1 X110.867 Y112.898 E.03015
G1 X110.534 Y112.413 E.03019
G1 X110.251 Y111.898 E.03015
G1 X110.02 Y111.357 E.03018
G1 X109.845 Y110.796 E.03015
G1 X109.724 Y110.207 E.03085
G1 X109.705 Y109.943 E.01358
G1 X109.323 Y111.198 F9000
G1 F1299
G1 X109.452 Y111.598 E.02157
G1 X109.709 Y112.194 E.0333
G1 X110.024 Y112.762 E.03333
G1 X110.395 Y113.295 E.03332
G1 X110.816 Y113.789 E.0333
G1 X111.285 Y114.239 E.03335
G1 X111.796 Y114.639 E.0333
G1 X112.344 Y114.987 E.03331
G1 X112.924 Y115.279 E.03332
G1 X113.531 Y115.511 E.03334
G1 X114.157 Y115.682 E.0333
G1 X114.706 Y115.778 E.0286
G1 X115.177 Y115.816 E.02425
G1 X114.109 Y116.884 E.0775
G1 X113.838 Y116.837 E.01411
G1 X113.098 Y116.629 E.03944
G1 X112.383 Y116.348 E.03942
G1 X111.699 Y115.997 E.03945
G1 X111.053 Y115.58 E.03945
G1 X110.452 Y115.101 E.03943
G1 X109.902 Y114.564 E.03944
G1 X109.408 Y113.975 E.03944
G1 X108.975 Y113.34 E.03944
G1 X108.607 Y112.665 E.03945
G1 X108.385 Y112.137 E.02939
G1 X109.105 Y111.416 E.05228
G1 X109.091 Y112.275 E.04408
;WIDTH:0.619496
G1 X109.452 Y112.969 E.0375
G1 X109.846 Y113.558 E.03397
G1 X110.296 Y114.106 E.034
G1 X110.799 Y114.605 E.03397
G1 X111.349 Y115.053 E.03401
G1 X111.941 Y115.443 E.03399
G1 X112.568 Y115.772 E.03395
G1 X113.226 Y116.037 E.03401
G1 X113.912 Y116.237 E.03426
G1 E-1.4 F3600
;WIPE_START
G1 F7200
G1 X113.226 Y116.037 E-.33942
G1 X112.717 Y115.832 E-.26058
;WIPE_END
G1 Z6.9 F9000
G1 X115.608 Y117.8
G1 Z4.9
G1 E2 F2400
;WIDTH:0.55292
G1 F1299
G1 X115.562 Y117.755 E.00273
G1 X115.501 Y117.771 E.00267
G1 X115.484 Y117.833 E.00273
G1 X115.529 Y117.878 E.0027
G1 X115.591 Y117.862 E.00272
;WIDTH:0.588613
G1 X115.431 Y117.784 E.00808
;WIDTH:0.624306
G1 X115.271 Y117.706 E.0086
;WIDTH:0.659999
G1 X115.111 Y117.628 E.00913
G1 X118.11 Y114.629 E.21762
G1 E-1.4 F3600
;WIPE_START
G1 F7200
G1 X117.217 Y115.522 E-.6
;WIPE_END
G1 Z6.9 F9000
G1 X115.982 Y117.629
G1 Z4.9
G1 E2 F2400
G1 F1299
G1 X123.872 Y109.74 E.57249
G1 X123.755 Y110.729 E.0511
G1 X116.958 Y117.527 E.49325
G1 X116.973 Y117.603 E.00397
;WIDTH:0.624306
G1 X116.988 Y117.679 E.00374
;WIDTH:0.588613
G1 X117.003 Y117.756 E.00356
;WIDTH:0.55292
G1 X117.884 Y117.539 E.03848
G1 E-1.4 F3600
;WIPE_START
G1 F7200
G1 X117.003 Y117.756 E-.43098
G1 X116.988 Y117.679 E-.03726
G1 X116.973 Y117.603 E-.0368
G1 X116.958 Y117.527 E-.0368
G1 X117.045 Y117.44 E-.05816
;WIPE_END
G1 Z6.9 F9000
G1 X123.776 Y111.648
G1 Z4.9
G1 E2 F2400
G1 F1299
G1 X123.98 Y110.796 E.03715
;WIDTH:0.659999
G1 X123.465 Y111.892 E.06214
G1 X118.127 Y117.23 E.38735
G1 E-1.4 F3600
;WIPE_START
G1 F7200
G1 X119.02 Y116.337 E-.6
;WIPE_END
G1 Z6.9 F9000
G1 X122.772 Y113.458
G1 Z4.9
G1 E2 F2400
G1 F1299
G1 X119.698 Y116.532 E.22306
G1 X119.552 Y116.641 E.00935
;WIDTH:0.624306
G1 X119.407 Y116.749 E.00874
;WIDTH:0.588613
G1 X119.262 Y116.858 E.00823
;WIDTH:0.55292
G1 X119.431 Y116.881 E.00723
G1 X119.562 Y116.832 E.00593
G1 X120.114 Y116.409 E.02949
;WIDTH:0.593371
G1 X120.6 Y115.985 E.02952
;WIDTH:0.633822
G1 X121.086 Y115.562 E.03166
;WIDTH:0.64398
G1 X121.665 Y114.99 E.04068
G1 X121.947 Y114.682 E.02087
;WIDTH:0.607615
G1 X122.228 Y114.375 E.01954
;WIDTH:0.57125
G1 X122.766 Y113.726 E.03703
;WIDTH:0.55292
G1 X123.087 Y113.293 E.02286
G1 X123.098 Y113.022 E.0115
G1 E-1.4 F3600
;WIPE_START
G1 F7200
G1 X123.087 Y113.293 E-.12883
G1 X122.766 Y113.726 E-.25603
G1 X122.477 Y114.075 E-.21514
;WIPE_END
G1 Z6.9 F9000
G1 X115.112 Y114.575
G1 Z4.9
G1 E2 F2400
;TYPE:Internal infill
;WIDTH:0.66
G1 F1299
G1 X114.379 Y114.467 E.03802
G1 X113.382 Y114.133 E.05395
G1 X112.472 Y113.607 E.05393
G1 X111.825 Y113.049 E.04384
G1 X119.284 Y105.59 E.54125
G1 X119.425 Y105.728 E.01012
G1 X120.06 Y106.566 E.05395
G1 X120.516 Y107.514 E.05398
G1 X120.775 Y108.533 E.05395
G1 X120.828 Y109.583 E.05394
G1 X120.775 Y110.107 E.02702
G1 X120.521 Y111.108 E.05299
G1 X119.906 Y112.309 E.06923
G1 X119.286 Y113.051 E.04961
G1 X111.825 Y105.59 E.5414
G1 X111.345 Y106.131 E.03711
G1 X110.797 Y107.029 E.05398
G1 X110.437 Y108.017 E.05396
G1 X110.298 Y108.878 E.04475
;LAYER_CHANGE
;Z:5.1
;HEIGHT:0.2
;BEFORE_LAYER_CHANGE
G92 E0
;5.1


G1 E-1.4 F3600
;WIPE_START
G1 F7200
G1 X110.437 Y108.017 E-.41427
G1 X110.571 Y107.649 E-.18573
;WIPE_END
G1 Z5.1 F9000
;AFTER_LAYER_CHANGE
;5.1
G1 Z7.1
G1 X106.785 Y108.614
G1 Z5.1
G1 E2 F2400
;TYPE:Perimeter
;WIDTH:0.659999
G1 F1235
G1 X106.794 Y108.443 E.00879
G1 X106.925 Y107.575 E.04504
G1 X107.141 Y106.725 E.045
G1 X107.441 Y105.9 E.04504
G1 X107.822 Y105.109 E.04505
G1 X108.28 Y104.36 E.04505
G1 X108.803 Y103.669 E.04447
G1 X109.737 Y102.711 E.06865
G1 X110.114 Y102.411 E.02472
G1 X110.801 Y101.922 E.04327
G1 X111.552 Y101.49 E.04445
G1 X112.348 Y101.132 E.04478
G1 X113.177 Y100.854 E.04486
G1 X114.031 Y100.659 E.04495
G1 X114.9 Y100.551 E.04493
G1 X115.776 Y100.529 E.04496
G1 X116.649 Y100.595 E.04492
G1 X117.512 Y100.747 E.04496
G1 X118.356 Y100.985 E.04499
G1 X119.172 Y101.305 E.04497
G1 X119.952 Y101.705 E.04498
G1 X120.688 Y102.181 E.04497
G1 X121.373 Y102.727 E.04495
G1 X122.001 Y103.34 E.04503
G1 X122.564 Y104.011 E.04494
G1 X123.058 Y104.736 E.04501
G1 X123.477 Y105.506 E.04498
G1 X123.818 Y106.314 E.045
G1 X124.076 Y107.152 E.04499
G1 X124.25 Y108.012 E.04502
G1 X124.337 Y108.886 E.04507
G1 X124.337 Y109.753 E.04449
G1 X124.314 Y110.196 E.02276
G1 X124.184 Y111.064 E.04503
G1 X123.967 Y111.915 E.04506
G1 X123.667 Y112.739 E.04499
G1 X123.291 Y113.52 E.04448
G1 X122.565 Y114.644 E.06866
G1 X122.008 Y115.308 E.04447
G1 X121.38 Y115.921 E.04503
G1 X120.693 Y116.468 E.04506
G1 X119.956 Y116.944 E.04502
G1 X119.175 Y117.345 E.04505
G1 X118.358 Y117.665 E.04502
G1 X117.513 Y117.903 E.04504
G1 X116.649 Y118.055 E.04501
G1 X115.774 Y118.121 E.04502
G1 X114.896 Y118.099 E.04506
G1 X114.025 Y117.99 E.04504
G1 X113.17 Y117.795 E.045
G1 X112.338 Y117.515 E.04504
G1 X111.538 Y117.154 E.04503
G1 X110.778 Y116.715 E.04503
G1 X110.065 Y116.203 E.04504
G1 X109.407 Y115.622 E.04504
G1 X108.81 Y114.979 E.04502
G1 X108.28 Y114.279 E.04505
G1 X107.822 Y113.53 E.04505
G1 X107.441 Y112.739 E.04505
G1 X107.141 Y111.915 E.04499
G1 X106.925 Y111.064 E.04505
G1 X106.794 Y110.196 E.04504
G1 X106.75 Y109.32 E.045
G1 X106.781 Y108.704 E.03165
G1 X106.18 Y108.659 F9000
;TYPE:External perimeter
;WIDTH:0.629999
G1 F1235
G1 X106.194 Y108.383 E.01349
G1 X106.334 Y107.456 E.04577
G1 X106.565 Y106.547 E.04578
G1 X106.886 Y105.666 E.04577
G1 X107.293 Y104.821 E.04578
G1 X107.782 Y104.021 E.04577
G1 X108.346 Y103.276 E.04561
G1 X109.333 Y102.264 E.06901
G1 X109.738 Y101.941 E.02529
G1 X110.474 Y101.416 E.04413
G1 X111.278 Y100.954 E.04527
G1 X112.128 Y100.571 E.04551
G1 X113.014 Y100.274 E.04562
G1 X113.926 Y100.067 E.04565
G1 X114.855 Y99.95 E.04571
G1 X115.791 Y99.927 E.04571
G1 X116.724 Y99.998 E.04568
G1 X117.646 Y100.16 E.0457
G1 X118.548 Y100.414 E.04574
G1 X119.419 Y100.756 E.04568
G1 X120.253 Y101.184 E.04576
G1 X121.039 Y101.692 E.04569
G1 X121.772 Y102.276 E.04575
G1 X122.442 Y102.93 E.04571
G1 X123.044 Y103.648 E.04574
G1 X123.572 Y104.422 E.04574
G1 X124.02 Y105.245 E.04574
G1 X124.383 Y106.108 E.0457
G1 X124.659 Y107.004 E.04577
G1 X124.845 Y107.923 E.04577
G1 X124.938 Y108.856 E.04577
G1 X124.938 Y109.783 E.04525
G1 X124.914 Y110.256 E.02312
G1 X124.775 Y111.184 E.04581
G1 X124.543 Y112.092 E.04575
G1 X124.222 Y112.974 E.04582
G1 X123.817 Y113.815 E.04557
G1 X123.05 Y115.002 E.06899
G1 X122.45 Y115.718 E.0456
G1 X121.779 Y116.373 E.04577
G1 X121.045 Y116.957 E.04579
G1 X120.258 Y117.466 E.04575
G1 X119.423 Y117.894 E.0458
G1 X118.55 Y118.237 E.04579
G1 X117.647 Y118.491 E.04579
G1 X116.724 Y118.653 E.04575
G1 X115.789 Y118.724 E.04577
G1 X114.851 Y118.7 E.0458
G1 X113.921 Y118.584 E.04575
G1 X113.006 Y118.375 E.04582
G1 X112.117 Y118.076 E.04579
G1 X111.263 Y117.69 E.04575
G1 X110.45 Y117.222 E.04579
G1 X109.689 Y116.674 E.04578
G1 X108.986 Y116.054 E.04576
G1 X108.348 Y115.366 E.0458
G1 X107.782 Y114.619 E.04575
G1 X107.293 Y113.818 E.04581
G1 X106.886 Y112.974 E.04574
G1 X106.565 Y112.092 E.04582
G1 X106.334 Y111.184 E.04574
G1 X106.194 Y110.256 E.04581
G1 X106.147 Y109.32 E.04575
G1 X106.176 Y108.749 E.02791
G1 E-1.4 F3600
;WIPE_START
G1 F7200
G1 X106.18 Y108.659 E-.04279
G1 X106.194 Y108.383 E-.13127
G1 X106.328 Y107.496 E-.42594
;WIPE_END
G1 Z7.1 F9000
G1 X110.298 Y108.878
G1 Z5.1
G1 E2 F2400
;TYPE:Internal infill
;WIDTH:0.66
G1 F1235
G1 X110.437 Y108.017 E.04475
G1 X110.797 Y107.029 E.05396
G1 X111.345 Y106.131 E.05398
G1 X111.825 Y105.59 E.03711
G1 X119.286 Y113.051 E.5414
G1 X119.904 Y112.311 E.04947
G1 X120.521 Y111.108 E.06937
G1 X120.775 Y110.107 E.05299
G1 X120.828 Y109.583 E.02702
G1 X120.775 Y108.533 E.05394
G1 X120.516 Y107.514 E.05395
G1 X120.06 Y106.566 E.05398
G1 X119.425 Y105.728 E.05395
G1 X119.284 Y105.59 E.01012
G1 X111.825 Y113.049 E.54125
G1 X112.472 Y113.607 E.04384
G1 X113.382 Y114.133 E.05393
G1 X114.379 Y114.467 E.05395
G1 X115.112 Y114.575 E.03802
G1 E-1.4 F3600
;WIPE_START
G1 F7200
G1 X114.379 Y114.467 E-.35193
G1 X113.884 Y114.301 E-.24807
;WIPE_END
G1 Z7.1 F9000
G1 X118.507 Y101.241
G1 Z5.1
G1 E2 F2400
;TYPE:Top solid infill
;WIDTH:0.600117
G1 F1235
G1 X123.179 Y105.912 E.30609
G1 X123.256 Y106.073 E.00827
G1 X123.541 Y106.856 E.03861
G1 X123.612 Y107.133 E.01325
G1 X117.733 Y101.254 E.3852
G1 X117.006 Y101.088 E.03455
G1 X116.746 Y101.056 E.01214
G1 X123.817 Y108.126 E.46327
G1 X123.871 Y108.487 E.01691
G1 X123.896 Y108.994 E.02352
G1 X115.88 Y100.977 E.52526
G1 X115.346 Y100.964 E.02475
G1 X115.097 Y100.982 E.01157
G1 X118.209 Y104.095 E.20394
G1 X118.499 Y104.245 E.01513
G1 X118.99 Y104.563 E.0271
G1 X119.447 Y104.929 E.02713
G1 X119.846 Y105.319 E.02585
G1 X120.239 Y105.787 E.02831
G1 X120.554 Y106.249 E.02591
G1 X120.785 Y106.671 E.02229
G1 X123.89 Y109.775 E.20341
G1 X123.871 Y110.152 E.01749
G1 X123.82 Y110.493 E.01597
G1 X121.252 Y107.925 E.16826
G1 X121.354 Y108.432 E.02396
G1 X121.398 Y108.86 E.01993
G1 X123.7 Y111.161 E.1508
G1 X123.541 Y111.783 E.02974
G1 X121.41 Y109.66 E.13937
G1 X121.358 Y110.181 E.02426
G1 X121.323 Y110.361 E.0085
G1 X123.329 Y112.366 E.1314
G1 X123.256 Y112.566 E.00986
G1 X123.089 Y112.914 E.01788
G1 X121.17 Y110.996 E.1257
G1 X121.077 Y111.3 E.01473
G1 X120.957 Y111.57 E.01369
G1 X122.818 Y113.432 E.12197
G1 X122.509 Y113.91 E.02637
G1 X120.7 Y112.102 E.1185
G1 X120.413 Y112.603 E.02675
G1 X122.199 Y114.388 E.11699
G1 X121.839 Y114.817 E.02595
G1 X120.077 Y113.055 E.11545
G1 X119.701 Y113.467 E.02584
G1 X121.457 Y115.223 E.11506
G1 X121.056 Y115.609 E.02579
G1 X119.288 Y113.841 E.11584
G1 X118.837 Y114.178 E.02608
G1 X120.618 Y115.959 E.11669
G1 X120.433 Y116.106 E.01095
G1 X120.156 Y116.285 E.01528
G1 X118.346 Y114.475 E.11859
G1 X117.813 Y114.73 E.02738
G1 X119.672 Y116.59 E.12184
G1 X119.151 Y116.857 E.02712
G1 X117.233 Y114.938 E.1257
G1 X116.599 Y115.093 E.03024
G1 X118.599 Y117.092 E.13101
G1 X118.216 Y117.243 E.01907
G1 X118.017 Y117.299 E.00958
G1 X115.892 Y115.174 E.13923
G1 X115.421 Y115.185 E.02183
G1 X115.093 Y115.162 E.01523
G1 X117.401 Y117.471 E.15126
G1 X116.731 Y117.589 E.03152
G1 X113.795 Y114.653 E.19237
G1 E-1.4 F3600
;WIPE_START
G1 F7200
G1 X114.688 Y115.546 E-.6
;WIPE_END
G1 Z7.1 F9000
G1 X117.313 Y103.987
G1 Z5.1
G1 E2 F2400
G1 F1235
G1 X114.377 Y101.05 E.19241
G1 X113.707 Y101.169 E.03153
G1 X116.024 Y103.485 E.15178
G1 X115.413 Y103.455 E.02834
G1 X115.218 Y103.468 E.00905
G1 X113.091 Y101.341 E.13937
G1 X112.892 Y101.396 E.00957
G1 X112.509 Y101.547 E.01907
G1 X114.514 Y103.552 E.13137
G1 X114.235 Y103.602 E.01313
G1 X113.877 Y103.703 E.01723
G1 X111.957 Y101.783 E.1258
G1 X111.436 Y102.05 E.02712
G1 X113.296 Y103.91 E.12187
G1 X112.763 Y104.164 E.02736
G1 X110.952 Y102.354 E.11863
G1 X110.675 Y102.533 E.01528
G1 X110.491 Y102.68 E.01091
G1 X112.273 Y104.462 E.11676
G1 X111.822 Y104.8 E.02611
G1 X110.052 Y103.03 E.11597
G1 X109.661 Y103.427 E.02582
G1 X111.41 Y105.175 E.11457
G1 X111.244 Y105.339 E.01081
G1 X111.035 Y105.588 E.01506
G1 X109.272 Y103.826 E.11548
G1 X109.141 Y103.96 E.00868
G1 X108.916 Y104.258 E.0173
G1 X110.698 Y106.039 E.11673
G1 X110.541 Y106.272 E.01302
G1 X110.4 Y106.53 E.01362
G1 X108.585 Y104.714 E.11896
G1 X108.286 Y105.204 E.0266
G1 X110.145 Y107.063 E.12181
G1 X110.036 Y107.325 E.01315
G1 X109.938 Y107.643 E.01542
G1 X108.02 Y105.725 E.12567
G1 X107.852 Y106.073 E.0179
G1 X107.779 Y106.273 E.00986
G1 X109.785 Y108.279 E.13144
G1 X109.75 Y108.458 E.00845
G1 X109.698 Y108.98 E.0243
G1 X107.567 Y106.856 E.1394
G1 X107.409 Y107.478 E.02973
G1 X109.71 Y109.78 E.1508
G1 X109.754 Y110.207 E.01989
G1 X109.857 Y110.714 E.02397
G1 X107.289 Y108.146 E.16826
G1 X107.237 Y108.487 E.01598
G1 X107.219 Y108.864 E.01749
G1 X110.323 Y111.969 E.20341
G1 X110.554 Y112.39 E.02225
G1 X110.869 Y112.852 E.02591
G1 X111.262 Y113.32 E.02831
G1 X111.662 Y113.71 E.02588
G1 X112.118 Y114.076 E.02709
G1 X112.609 Y114.394 E.0271
G1 X112.899 Y114.544 E.01513
G1 X116.011 Y117.657 E.20394
G1 X115.763 Y117.675 E.01152
G1 X115.229 Y117.662 E.02475
G1 X107.212 Y109.646 E.52526
G1 X107.237 Y110.152 E.02347
G1 X107.292 Y110.513 E.01692
G1 X114.362 Y117.583 E.46324
G1 X114.103 Y117.551 E.01209
G1 X113.376 Y117.385 E.03455
G1 X107.497 Y111.506 E.3852
G1 X107.567 Y111.783 E.01324
G1 X107.852 Y112.566 E.03861
G1 X107.93 Y112.727 E.00829
G1 X112.601 Y117.398 E.30605
;LAYER_CHANGE
;Z:5.3
;HEIGHT:0.2
;BEFORE_LAYER_CHANGE
G92 E0
;5.3


G1 E-1.4 F3600
;WIPE_START
G1 F7200
G1 X111.708 Y116.505 E-.6
;WIPE_END
G1 Z5.3 F9000
;AFTER_LAYER_CHANGE
;5.3
G1 Z7.3
G1 X113.532 Y114.841
G1 Z5.3
G1 E2 F2400
;TYPE:Perimeter
;WIDTH:0.659999
G1 F900
G1 X113.133 Y114.684 E.022
G1 X112.611 Y114.417 E.03008
G1 X112.118 Y114.098 E.03013
G1 X111.66 Y113.733 E.03005
G1 X111.24 Y113.323 E.03012
G1 X110.862 Y112.873 E.03015
G1 X110.532 Y112.389 E.03006
G1 X110.251 Y111.873 E.03015
G1 X110.023 Y111.333 E.03008
G1 X109.85 Y110.772 E.03012
G1 X109.734 Y110.197 E.0301
G1 X109.676 Y109.613 E.03011
G1 X109.676 Y109.026 E.03012
G1 X109.734 Y108.442 E.03011
G1 X109.85 Y107.867 E.0301
G1 X110.023 Y107.307 E.03007
G1 X110.251 Y106.766 E.03012
G1 X110.532 Y106.251 E.0301
G1 X110.862 Y105.766 E.0301
G1 X111.24 Y105.316 E.03015
G1 X111.66 Y104.907 E.03008
G1 X112.118 Y104.541 E.03008
G1 X112.611 Y104.222 E.03013
G1 X113.133 Y103.955 E.03008
G1 X113.68 Y103.74 E.03016
G1 X114.244 Y103.581 E.03007
G1 X114.822 Y103.479 E.03012
G1 X115.396 Y103.436 E.02953
G1 X115.978 Y103.465 E.0299
G1 X116.612 Y103.537 E.03274
G1 X117.16 Y103.665 E.02887
G1 X117.709 Y103.85 E.02973
G1 X118.24 Y104.091 E.02992
G1 X118.746 Y104.383 E.02998
G1 X119.221 Y104.725 E.03003
G1 X119.66 Y105.113 E.03006
G1 X120.058 Y105.542 E.03003
G1 X120.412 Y106.009 E.03007
G1 X120.717 Y106.509 E.03005
G1 X120.972 Y107.037 E.03009
G1 X121.172 Y107.589 E.03013
G1 X121.317 Y108.157 E.03008
G1 X121.404 Y108.738 E.03014
G1 X121.433 Y109.316 E.02969
G1 X121.433 Y109.613 E.01524
G1 X121.374 Y110.197 E.03012
G1 X121.258 Y110.772 E.0301
G1 X121.085 Y111.333 E.03012
G1 X120.861 Y111.863 E.02952
G1 X120.41 Y112.644 E.04628
G1 X120.063 Y113.103 E.02952
G1 X119.664 Y113.533 E.0301
G1 X119.224 Y113.921 E.0301
G1 X118.747 Y114.264 E.03015
G1 X118.239 Y114.557 E.03009
G1 X117.704 Y114.798 E.03011
G1 X117.148 Y114.985 E.0301
G1 X116.576 Y115.116 E.03011
G1 X115.994 Y115.189 E.0301
G1 X115.407 Y115.204 E.03013
G1 X114.822 Y115.16 E.0301
G1 X114.244 Y115.058 E.03012
G1 X113.68 Y114.899 E.03007
G1 X113.616 Y114.874 E.00353
G1 X113.41 Y115.44 F9000
;TYPE:External perimeter
;WIDTH:0.629999
G1 F900
G1 X112.886 Y115.234 E.02749
G1 X112.31 Y114.939 E.03159
G1 X111.767 Y114.588 E.03156
G1 X111.261 Y114.185 E.03158
G1 X110.798 Y113.733 E.03159
G1 X110.382 Y113.237 E.0316
G1 X110.018 Y112.703 E.03155
G1 X109.708 Y112.135 E.03159
G1 X109.457 Y111.539 E.03157
G1 X109.266 Y110.921 E.03158
G1 X109.138 Y110.287 E.03157
G1 X109.074 Y109.643 E.03159
G1 X109.074 Y108.996 E.03158
G1 X109.138 Y108.353 E.03154
G1 X109.266 Y107.718 E.03162
G1 X109.457 Y107.1 E.03158
G1 X109.708 Y106.504 E.03157
G1 X110.018 Y105.936 E.03159
G1 X110.382 Y105.402 E.03155
G1 X110.798 Y104.906 E.0316
G1 X111.261 Y104.455 E.03155
G1 X111.766 Y104.051 E.03157
G1 X112.31 Y103.7 E.0316
G1 X112.886 Y103.405 E.03159
G1 X113.488 Y103.169 E.03156
G1 X114.11 Y102.994 E.03154
G1 X114.747 Y102.881 E.03158
G1 X115.389 Y102.833 E.03143
G1 X116.008 Y102.864 E.03025
G1 X116.717 Y102.944 E.03483
G1 X117.323 Y103.085 E.03037
G1 X117.929 Y103.29 E.03123
G1 X118.515 Y103.555 E.0314
G1 X119.073 Y103.878 E.03147
G1 X119.597 Y104.254 E.03148
G1 X120.08 Y104.682 E.0315
G1 X120.519 Y105.155 E.0315
G1 X120.909 Y105.67 E.03154
G1 X121.246 Y106.221 E.03153
G1 X121.526 Y106.804 E.03157
G1 X121.747 Y107.411 E.03153
G1 X121.907 Y108.038 E.03159
G1 X122.003 Y108.678 E.03159
G1 X122.035 Y109.316 E.03118
G1 X122.035 Y109.643 E.01596
G1 X121.97 Y110.287 E.0316
G1 X121.842 Y110.921 E.03157
G1 X121.651 Y111.539 E.03158
G1 X121.402 Y112.132 E.0314
G1 X120.913 Y112.978 E.0477
G1 X120.525 Y113.49 E.03136
G1 X120.085 Y113.965 E.03161
G1 X119.6 Y114.393 E.03158
G1 X119.075 Y114.77 E.03155
G1 X118.514 Y115.094 E.03162
G1 X117.925 Y115.36 E.03155
G1 X117.312 Y115.566 E.03157
G1 X116.681 Y115.71 E.03159
G1 X116.039 Y115.79 E.03158
G1 X115.392 Y115.806 E.03159
G1 X114.747 Y115.758 E.03157
G1 X114.11 Y115.645 E.03158
G1 X113.494 Y115.472 E.03123
G1 E-1.4 F3600
;WIPE_START
G1 F7200
G1 X113.41 Y115.44 E-.0427
G1 X112.886 Y115.234 E-.26744
G1 X112.343 Y114.956 E-.28986
;WIPE_END
G1 Z7.3 F9000
G1 X116.098 Y114.697
G1 Z5.3
G1 E2 F2400
;TYPE:Internal infill
;WIDTH:0.66
G1 F900
G1 X117.019 Y114.527 E.04806
G1 X118.022 Y114.134 E.05527
G1 X118.927 Y113.549 E.05529
G1 X119.378 Y113.143 E.03114
G1 X111.733 Y105.499 E.55471
G1 X112.396 Y104.927 E.04493
G1 X113.329 Y104.388 E.05529
G1 X114.35 Y104.045 E.05527
G1 X115.402 Y103.913 E.0544
G1 X116.244 Y103.955 E.04326
G1 X117.277 Y104.191 E.05437
G1 X118.259 Y104.634 E.05528
G1 X119.134 Y105.263 E.05529
G1 X119.375 Y105.499 E.01731
G1 X111.733 Y113.141 E.55453
G1 X111.242 Y112.586 E.03802
G1 X110.68 Y111.667 E.05527
G1 X110.311 Y110.655 E.05527
G1 X110.178 Y109.863 E.04121
;LAYER_CHANGE
;Z:5.5
;HEIGHT:0.2
;BEFORE_LAYER_CHANGE
G92 E0
;5.5


G1 E-1.4 F3600
;WIPE_START
G1 F7200
G1 X110.311 Y110.655 E-.38147
G1 X110.469 Y111.087 E-.21853
;WIPE_END
G1 Z5.5 F9000
;AFTER_LAYER_CHANGE
;5.5
G1 Z5.5
G1 X109.707 Y109.922
G1 E2 F2400
;TYPE:Perimeter
;WIDTH:0.659999
G1 F900
G1 X109.676 Y109.613 E.01593
G1 X109.676 Y109.026 E.03012
G1 X109.734 Y108.442 E.03011
G1 X109.85 Y107.867 E.0301
G1 X110.023 Y107.307 E.03007
G1 X110.251 Y106.766 E.03012
G1 X110.532 Y106.251 E.0301
G1 X110.862 Y105.766 E.0301
G1 X111.24 Y105.316 E.03015
G1 X111.66 Y104.907 E.03008
G1 X112.118 Y104.541 E.03008
G1 X112.611 Y104.222 E.03013
G1 X113.133 Y103.955 E.03008
G1 X113.68 Y103.74 E.03016
G1 X114.244 Y103.581 E.03007
G1 X114.822 Y103.479 E.03012
G1 X115.396 Y103.436 E.02953
G1 X115.978 Y103.465 E.0299
G1 X116.612 Y103.537 E.03274
G1 X117.16 Y103.665 E.02887
G1 X117.709 Y103.85 E.02973
G1 X118.24 Y104.091 E.02992
G1 X118.746 Y104.383 E.02998
G1 X119.221 Y104.725 E.03003
G1 X119.66 Y105.113 E.03006
G1 X120.058 Y105.542 E.03003
G1 X120.412 Y106.009 E.03007
G1 X120.717 Y106.51 E.0301
G1 X120.972 Y107.038 E.03009
G1 X121.172 Y107.589 E.03008
G1 X121.317 Y108.158 E.03013
G1 X121.404 Y108.739 E.03014
G1 X121.433 Y109.315 E.02959
G1 X121.433 Y109.613 E.01529
G1 X121.374 Y110.197 E.03012
G1 X121.258 Y110.772 E.0301
G1 X121.088 Y111.322 E.02954
G1 X120.717 Y112.144 E.04627
G1 X120.417 Y112.635 E.02952
G1 X120.063 Y113.103 E.03011
G1 X119.664 Y113.533 E.0301
G1 X119.224 Y113.921 E.0301
G1 X118.747 Y114.264 E.03015
G1 X118.239 Y114.557 E.03009
G1 X117.704 Y114.798 E.03011
G1 X117.148 Y114.985 E.0301
G1 X116.576 Y115.116 E.03011
G1 X115.994 Y115.189 E.0301
G1 X115.407 Y115.204 E.03013
G1 X114.822 Y115.16 E.0301
G1 X114.244 Y115.058 E.03012
G1 X113.68 Y114.899 E.03007
G1 X113.133 Y114.684 E.03016
G1 X112.611 Y114.417 E.03008
G1 X112.118 Y114.098 E.03013
G1 X111.66 Y113.733 E.03005
G1 X111.24 Y113.323 E.03012
G1 X110.862 Y112.873 E.03015
G1 X110.532 Y112.389 E.03006
G1 X110.251 Y111.873 E.03015
G1 X110.023 Y111.333 E.03008
G1 X109.85 Y110.772 E.03012
G1 X109.734 Y110.197 E.0301
G1 X109.716 Y110.012 E.00954
G1 X109.118 Y110.087 F9000
;TYPE:External perimeter
;WIDTH:0.629999
G1 F900
G1 X109.074 Y109.643 E.02178
G1 X109.074 Y108.996 E.03158
G1 X109.138 Y108.353 E.03154
G1 X109.266 Y107.718 E.03162
G1 X109.457 Y107.1 E.03158
G1 X109.708 Y106.504 E.03157
G1 X110.018 Y105.936 E.03159
G1 X110.382 Y105.402 E.03155
G1 X110.798 Y104.906 E.0316
G1 X111.261 Y104.455 E.03155
G1 X111.766 Y104.051 E.03157
G1 X112.31 Y103.7 E.0316
G1 X112.886 Y103.405 E.03159
G1 X113.488 Y103.169 E.03156
G1 X114.11 Y102.994 E.03154
G1 X114.747 Y102.881 E.03158
G1 X115.389 Y102.833 E.03143
G1 X116.008 Y102.864 E.03025
G1 X116.717 Y102.944 E.03483
G1 X117.323 Y103.085 E.03037
G1 X117.929 Y103.29 E.03123
G1 X118.515 Y103.555 E.0314
G1 X119.073 Y103.878 E.03147
G1 X119.597 Y104.254 E.03148
G1 X120.08 Y104.682 E.0315
G1 X120.519 Y105.155 E.0315
G1 X120.909 Y105.67 E.03154
G1 X121.246 Y106.222 E.03157
G1 X121.526 Y106.804 E.03153
G1 X121.747 Y107.412 E.03158
G1 X121.907 Y108.039 E.03159
G1 X122.003 Y108.679 E.03159
G1 X122.035 Y109.315 E.03109
G1 X122.035 Y109.643 E.01601
G1 X121.97 Y110.287 E.0316
G1 X121.842 Y110.921 E.03157
G1 X121.652 Y111.536 E.03142
G1 X121.251 Y112.426 E.04765
G1 X120.915 Y112.975 E.03142
G1 X120.525 Y113.49 E.03154
G1 X120.085 Y113.965 E.03161
G1 X119.6 Y114.393 E.03158
G1 X119.075 Y114.77 E.03155
G1 X118.514 Y115.094 E.03162
G1 X117.925 Y115.36 E.03155
G1 X117.312 Y115.566 E.03157
G1 X116.681 Y115.71 E.03159
G1 X116.039 Y115.79 E.03158
G1 X115.392 Y115.806 E.03159
G1 X114.747 Y115.758 E.03157
G1 X114.11 Y115.645 E.03158
G1 X113.488 Y115.47 E.03154
G1 X112.886 Y115.234 E.03156
G1 X112.31 Y114.939 E.03159
G1 X111.767 Y114.588 E.03156
G1 X111.261 Y114.185 E.03158
G1 X110.798 Y113.733 E.03159
G1 X110.382 Y113.237 E.0316
G1 X110.018 Y112.703 E.03155
G1 X109.708 Y112.135 E.03159
G1 X109.457 Y111.539 E.03157
G1 X109.266 Y110.921 E.03158
G1 X109.138 Y110.287 E.03157
G1 X109.127 Y110.176 E.00545
G1 X110.178 Y109.863 F9000
;TYPE:Internal infill
;WIDTH:0.66
G1 F900
G1 X110.311 Y110.655 E.04121
G1 X110.68 Y111.667 E.05527
G1 X111.242 Y112.586 E.05527
G1 X111.733 Y113.141 E.03802
G1 X119.375 Y105.499 E.55453
G1 X119.134 Y105.263 E.01731
G1 X118.259 Y104.634 E.05529
G1 X117.277 Y104.191 E.05528
G1 X116.244 Y103.955 E.05437
G1 X115.402 Y103.913 E.04326
G1 X114.35 Y104.045 E.0544
G1 X113.329 Y104.388 E.05527
G1 X112.396 Y104.927 E.05529
G1 X111.733 Y105.499 E.04493
G1 X119.378 Y113.143 E.55471
G1 X118.927 Y113.549 E.03114
G1 X118.022 Y114.134 E.05529
G1 X117.019 Y114.527 E.05527
G1 X116.098 Y114.697 E.04806
;LAYER_CHANGE
;Z:5.7
;HEIGHT:0.2
;BEFORE_LAYER_CHANGE
G92 E0
;5.7


G1 E-1.4 F3600
;WIPE_START
G1 F7200
G1 X117.019 Y114.527 E-.44487
G1 X117.323 Y114.408 E-.15513
;WIPE_END
G1 Z5.7 F9000
;AFTER_LAYER_CHANGE
;5.7
G1 Z5.7
G1 X116.145 Y115.17
G1 E2 F2400
;TYPE:Perimeter
;WIDTH:0.659999
G1 F900
G1 X115.994 Y115.189 E.00781
G1 X115.407 Y115.204 E.03013
G1 X114.822 Y115.16 E.0301
G1 X114.244 Y115.058 E.03012
G1 X113.68 Y114.899 E.03007
G1 X113.133 Y114.684 E.03016
G1 X112.611 Y114.417 E.03008
G1 X112.118 Y114.098 E.03013
G1 X111.66 Y113.733 E.03005
G1 X111.24 Y113.323 E.03012
G1 X110.862 Y112.873 E.03015
G1 X110.532 Y112.389 E.03006
G1 X110.251 Y111.873 E.03015
G1 X110.023 Y111.333 E.03008
G1 X109.85 Y110.772 E.03012
G1 X109.734 Y110.197 E.0301
G1 X109.676 Y109.613 E.03011
G1 X109.676 Y109.026 E.03012
G1 X109.734 Y108.442 E.03011
G1 X109.85 Y107.867 E.0301
G1 X110.023 Y107.307 E.03007
G1 X110.251 Y106.766 E.03012
G1 X110.532 Y106.251 E.0301
G1 X110.862 Y105.766 E.0301
G1 X111.24 Y105.316 E.03015
G1 X111.66 Y104.907 E.03008
G1 X112.118 Y104.541 E.03008
G1 X112.611 Y104.222 E.03013
G1 X113.133 Y103.955 E.03008
G1 X113.68 Y103.74 E.03016
G1 X114.244 Y103.581 E.03007
G1 X114.822 Y103.479 E.03012
G1 X115.396 Y103.436 E.02953
G1 X115.978 Y103.465 E.0299
G1 X116.612 Y103.537 E.03274
G1 X117.16 Y103.665 E.02887
G1 X117.709 Y103.85 E.02973
G1 X118.24 Y104.091 E.02992
G1 X118.746 Y104.383 E.02998
G1 X119.221 Y104.725 E.03003
G1 X119.66 Y105.113 E.03006
G1 X120.058 Y105.542 E.03003
G1 X120.412 Y106.009 E.03007
G1 X120.717 Y106.509 E.03005
G1 X120.972 Y107.037 E.03009
G1 X121.172 Y107.589 E.03013
G1 X121.317 Y108.157 E.03008
G1 X121.404 Y108.738 E.03014
G1 X121.433 Y109.316 E.02969
G1 X121.433 Y109.613 E.01524
G1 X121.374 Y110.197 E.03012
G1 X121.258 Y110.772 E.0301
G1 X121.085 Y111.333 E.03012
G1 X120.861 Y111.863 E.02952
G1 X120.41 Y112.644 E.04628
G1 X120.063 Y113.103 E.02952
G1 X119.664 Y113.533 E.0301
G1 X119.224 Y113.921 E.0301
G1 X118.747 Y114.264 E.03015
G1 X118.239 Y114.557 E.03009
G1 X117.704 Y114.798 E.03011
G1 X117.148 Y114.985 E.0301
G1 X116.576 Y115.116 E.03011
G1 X116.234 Y115.159 E.01769
G1 X116.294 Y115.758 F9000
;TYPE:External perimeter
;WIDTH:0.629999
G1 F900
G1 X116.039 Y115.79 E.01255
G1 X115.392 Y115.806 E.03159
G1 X114.747 Y115.758 E.03157
G1 X114.11 Y115.645 E.03158
G1 X113.488 Y115.47 E.03154
G1 X112.885 Y115.234 E.03161
G1 X112.31 Y114.939 E.03155
G1 X111.767 Y114.588 E.03156
G1 X111.261 Y114.185 E.03158
G1 X110.798 Y113.733 E.03159
G1 X110.382 Y113.237 E.0316
G1 X110.018 Y112.703 E.03155
G1 X109.708 Y112.135 E.03159
G1 X109.457 Y111.539 E.03157
G1 X109.266 Y110.921 E.03158
G1 X109.138 Y110.287 E.03157
G1 X109.074 Y109.643 E.03159
G1 X109.074 Y108.996 E.03158
G1 X109.138 Y108.353 E.03154
G1 X109.266 Y107.718 E.03162
G1 X109.457 Y107.1 E.03158
G1 X109.708 Y106.504 E.03157
G1 X110.018 Y105.936 E.03159
G1 X110.382 Y105.402 E.03155
G1 X110.798 Y104.906 E.0316
G1 X111.261 Y104.455 E.03155
G1 X111.766 Y104.051 E.03157
G1 X112.31 Y103.7 E.0316
G1 X112.886 Y103.405 E.03159
G1 X113.488 Y103.169 E.03156
G1 X114.11 Y102.994 E.03154
G1 X114.747 Y102.881 E.03158
G1 X115.389 Y102.833 E.03143
G1 X116.008 Y102.864 E.03025
G1 X116.716 Y102.944 E.03478
G1 X117.323 Y103.085 E.03042
G1 X117.929 Y103.29 E.03123
G1 X118.515 Y103.555 E.0314
G1 X119.073 Y103.878 E.03147
G1 X119.597 Y104.254 E.03148
G1 X120.08 Y104.682 E.0315
G1 X120.519 Y105.155 E.0315
G1 X120.909 Y105.67 E.03154
G1 X121.246 Y106.221 E.03153
G1 X121.526 Y106.804 E.03157
G1 X121.747 Y107.411 E.03153
G1 X121.907 Y108.038 E.03159
G1 X122.003 Y108.678 E.03159
G1 X122.035 Y109.316 E.03118
G1 X122.035 Y109.643 E.01596
G1 X121.97 Y110.287 E.0316
G1 X121.842 Y110.921 E.03157
G1 X121.651 Y111.539 E.03158
G1 X121.402 Y112.132 E.0314
G1 X120.913 Y112.978 E.0477
G1 X120.525 Y113.49 E.03136
G1 X120.085 Y113.965 E.03161
G1 X119.6 Y114.393 E.03158
G1 X119.075 Y114.77 E.03155
G1 X118.514 Y115.094 E.03162
G1 X117.925 Y115.36 E.03155
G1 X117.312 Y115.566 E.03157
G1 X116.681 Y115.71 E.03159
G1 X116.384 Y115.747 E.01461
G1 X116.098 Y114.697 F9000
;TYPE:Internal infill
;WIDTH:0.66
G1 F900
G1 X117.019 Y114.527 E.04806
G1 X118.022 Y114.134 E.05527
G1 X118.927 Y113.549 E.05529
G1 X119.378 Y113.143 E.03114
G1 X111.733 Y105.499 E.55471
G1 X112.396 Y104.927 E.04493
G1 X113.329 Y104.388 E.05529
G1 X114.35 Y104.045 E.05527
G1 X115.402 Y103.913 E.0544
G1 X116.244 Y103.955 E.04326
G1 X117.277 Y104.191 E.05437
G1 X118.259 Y104.634 E.05528
G1 X119.134 Y105.263 E.05529
G1 X119.375 Y105.499 E.01731
G1 X111.733 Y113.141 E.55453
G1 X111.242 Y112.586 E.03802
G1 X110.68 Y111.667 E.05527
G1 X110.311 Y110.655 E.05527
G1 X110.178 Y109.863 E.04121
;LAYER_CHANGE
;Z:5.9
;HEIGHT:0.2
;BEFORE_LAYER_CHANGE
G92 E0
;5.9


G1 E-1.4 F3600
;WIPE_START
G1 F7200
G1 X110.311 Y110.655 E-.38147
G1 X110.469 Y111.087 E-.21853
;WIPE_END
G1 Z5.9 F9000
;AFTER_LAYER_CHANGE
;5.9
G1 Z5.9
G1 X109.707 Y109.922
G1 E2 F2400
;TYPE:Perimeter
;WIDTH:0.659999
G1 F900
G1 X109.676 Y109.613 E.01593
G1 X109.676 Y109.026 E.03012
G1 X109.734 Y108.442 E.03011
G1 X109.85 Y107.867 E.0301
G1 X110.023 Y107.307 E.03007
G1 X110.251 Y106.766 E.03012
G1 X110.532 Y106.251 E.0301
G1 X110.862 Y105.766 E.0301
G1 X111.24 Y105.316 E.03015
G1 X111.66 Y104.907 E.03008
G1 X112.118 Y104.541 E.03008
G1 X112.611 Y104.222 E.03013
G1 X113.133 Y103.955 E.03008
G1 X113.68 Y103.74 E.03016
G1 X114.244 Y103.581 E.03007
G1 X114.822 Y103.479 E.03012
G1 X115.396 Y103.436 E.02953
G1 X115.978 Y103.465 E.0299
G1 X116.612 Y103.537 E.03274
G1 X117.16 Y103.665 E.02887
G1 X117.709 Y103.85 E.02973
G1 X118.24 Y104.091 E.02992
G1 X118.746 Y104.383 E.02998
G1 X119.221 Y104.725 E.03003
G1 X119.66 Y105.113 E.03006
G1 X120.058 Y105.542 E.03003
G1 X120.412 Y106.009 E.03007
G1 X120.717 Y106.51 E.0301
G1 X120.972 Y107.038 E.03009
G1 X121.172 Y107.589 E.03008
G1 X121.317 Y108.158 E.03013
G1 X121.404 Y108.738 E.03009
G1 X121.433 Y109.316 E.02969
G1 X121.433 Y109.613 E.01524
G1 X121.374 Y110.197 E.03012
G1 X121.258 Y110.772 E.0301
G1 X121.085 Y111.333 E.03012
G1 X120.876 Y111.83 E.02766
G1 X120.409 Y112.645 E.0482
G1 X120.063 Y113.103 E.02945
G1 X119.664 Y113.533 E.0301
G1 X119.224 Y113.921 E.0301
G1 X118.747 Y114.264 E.03015
G1 X118.239 Y114.557 E.03009
G1 X117.704 Y114.798 E.03011
G1 X117.148 Y114.985 E.0301
G1 X116.576 Y115.116 E.03011
G1 X115.994 Y115.189 E.0301
G1 X115.407 Y115.204 E.03013
G1 X114.822 Y115.16 E.0301
G1 X114.244 Y115.058 E.03012
G1 X113.68 Y114.899 E.03007
G1 X113.133 Y114.684 E.03016
G1 X112.611 Y114.417 E.03008
G1 X112.118 Y114.098 E.03013
G1 X111.66 Y113.733 E.03005
G1 X111.24 Y113.323 E.03012
G1 X110.862 Y112.873 E.03015
G1 X110.532 Y112.389 E.03006
G1 X110.251 Y111.873 E.03015
G1 X110.023 Y111.333 E.03008
G1 X109.85 Y110.772 E.03012
G1 X109.734 Y110.197 E.0301
G1 X109.716 Y110.012 E.00954
G1 X109.118 Y110.087 F9000
;TYPE:External perimeter
;WIDTH:0.629999
G1 F900
G1 X109.074 Y109.643 E.02178
G1 X109.074 Y108.996 E.03158
G1 X109.138 Y108.353 E.03154
G1 X109.266 Y107.718 E.03162
G1 X109.457 Y107.1 E.03158
G1 X109.708 Y106.504 E.03157
G1 X110.018 Y105.936 E.03159
G1 X110.382 Y105.402 E.03155
G1 X110.798 Y104.906 E.0316
G1 X111.261 Y104.455 E.03155
G1 X111.766 Y104.051 E.03157
G1 X112.31 Y103.7 E.0316
G1 X112.886 Y103.405 E.03159
G1 X113.488 Y103.169 E.03156
G1 X114.11 Y102.994 E.03154
G1 X114.747 Y102.881 E.03158
G1 X115.389 Y102.833 E.03143
G1 X116.008 Y102.864 E.03025
G1 X116.717 Y102.944 E.03483
G1 X117.323 Y103.085 E.03037
G1 X117.929 Y103.29 E.03123
G1 X118.515 Y103.555 E.0314
G1 X119.073 Y103.878 E.03147
G1 X119.597 Y104.254 E.03148
G1 X120.08 Y104.682 E.0315
G1 X120.519 Y105.155 E.0315
G1 X120.909 Y105.67 E.03154
G1 X121.246 Y106.222 E.03157
G1 X121.526 Y106.804 E.03153
G1 X121.747 Y107.412 E.03158
G1 X121.907 Y108.038 E.03154
G1 X122.003 Y108.678 E.03159
G1 X122.035 Y109.316 E.03118
G1 X122.035 Y109.643 E.01596
G1 X121.97 Y110.287 E.0316
G1 X121.842 Y110.921 E.03157
G1 X121.651 Y111.539 E.03158
G1 X121.417 Y112.097 E.02954
G1 X120.913 Y112.978 E.04955
G1 X120.525 Y113.49 E.03136
G1 X120.085 Y113.965 E.03161
G1 X119.6 Y114.393 E.03158
G1 X119.075 Y114.77 E.03155
G1 X118.514 Y115.094 E.03162
G1 X117.925 Y115.36 E.03155
G1 X117.312 Y115.566 E.03157
G1 X116.681 Y115.71 E.03159
G1 X116.039 Y115.79 E.03158
G1 X115.392 Y115.806 E.03159
G1 X114.747 Y115.758 E.03157
G1 X114.11 Y115.645 E.03158
G1 X113.488 Y115.47 E.03154
G1 X112.886 Y115.234 E.03156
G1 X112.31 Y114.939 E.03159
G1 X111.767 Y114.588 E.03156
G1 X111.261 Y114.185 E.03158
G1 X110.798 Y113.733 E.03159
G1 X110.382 Y113.237 E.0316
G1 X110.018 Y112.703 E.03155
G1 X109.708 Y112.135 E.03159
G1 X109.457 Y111.539 E.03157
G1 X109.266 Y110.921 E.03158
G1 X109.138 Y110.287 E.03157
G1 X109.127 Y110.176 E.00545
G1 X110.178 Y108.776 F9000
;TYPE:Internal infill
;WIDTH:0.66
G1 F900
G1 X110.311 Y107.985 E.04116
G1 X110.68 Y106.972 E.05532
G1 X111.242 Y106.053 E.05527
G1 X111.733 Y105.499 E.03798
G1 X119.378 Y113.143 E.55471
G1 X120.012 Y112.383 E.05078
G1 X120.449 Y111.619 E.04516
G1 X120.797 Y110.655 E.05259
G1 X120.957 Y109.589 E.05531
G1 X120.904 Y108.513 E.05528
G1 X120.638 Y107.469 E.05528
G1 X120.17 Y106.499 E.05526
G1 X119.867 Y106.053 E.02767
G1 X119.375 Y105.499 E.03802
G1 X111.733 Y113.141 E.55453
G1 X112.396 Y113.712 E.0449
G1 X113.329 Y114.251 E.05529
G1 X114.35 Y114.594 E.05527
G1 X115.011 Y114.697 E.03433
;LAYER_CHANGE
;Z:6.1
;HEIGHT:0.2
;BEFORE_LAYER_CHANGE
G92 E0
;6.1


G1 E-1.4 F3600
;WIPE_START
G1 F7200
G1 X114.35 Y114.594 E-.31776
G1 X113.787 Y114.405 E-.28224
;WIPE_END
G1 Z6.1 F9000
;AFTER_LAYER_CHANGE
;6.1
G1 Z6.1
G1 X114.963 Y115.17
G1 E2 F2400
;TYPE:Perimeter
;WIDTH:0.659999
G1 F900
G1 X114.822 Y115.16 E.00725
G1 X114.244 Y115.058 E.03012
G1 X113.68 Y114.899 E.03007
G1 X113.133 Y114.684 E.03016
G1 X112.611 Y114.417 E.03008
G1 X112.118 Y114.098 E.03013
G1 X111.66 Y113.733 E.03005
G1 X111.24 Y113.323 E.03012
G1 X110.862 Y112.873 E.03015
G1 X110.532 Y112.389 E.03006
G1 X110.251 Y111.873 E.03015
G1 X110.023 Y111.333 E.03008
G1 X109.85 Y110.772 E.03012
G1 X109.734 Y110.197 E.0301
G1 X109.676 Y109.613 E.03011
G1 X109.676 Y109.026 E.03012
G1 X109.734 Y108.442 E.03011
G1 X109.85 Y107.867 E.0301
G1 X110.023 Y107.307 E.03007
G1 X110.251 Y106.766 E.03012
G1 X110.532 Y106.251 E.0301
G1 X110.862 Y105.766 E.0301
G1 X111.24 Y105.316 E.03015
G1 X111.66 Y104.907 E.03008
G1 X112.118 Y104.541 E.03008
G1 X112.611 Y104.222 E.03013
G1 X113.133 Y103.955 E.03008
G1 X113.68 Y103.74 E.03016
G1 X114.244 Y103.581 E.03007
G1 X114.822 Y103.479 E.03012
G1 X115.396 Y103.436 E.02953
G1 X115.978 Y103.465 E.0299
G1 X116.612 Y103.537 E.03274
G1 X117.16 Y103.665 E.02887
G1 X117.709 Y103.85 E.02973
G1 X118.24 Y104.091 E.02992
G1 X118.746 Y104.383 E.02998
G1 X119.221 Y104.725 E.03003
G1 X119.66 Y105.113 E.03006
G1 X120.058 Y105.542 E.03003
G1 X120.412 Y106.009 E.03007
G1 X120.717 Y106.51 E.0301
G1 X120.972 Y107.038 E.03009
G1 X121.172 Y107.589 E.03008
G1 X121.317 Y108.158 E.03013
G1 X121.404 Y108.739 E.03014
G1 X121.433 Y109.315 E.02959
G1 X121.433 Y109.613 E.01529
G1 X121.374 Y110.197 E.03012
G1 X121.258 Y110.772 E.0301
G1 X121.088 Y111.322 E.02954
G1 X120.717 Y112.144 E.04627
G1 X120.417 Y112.635 E.02952
G1 X120.063 Y113.103 E.03011
G1 X119.664 Y113.533 E.0301
G1 X119.224 Y113.921 E.0301
G1 X118.747 Y114.264 E.03015
G1 X118.239 Y114.557 E.03009
G1 X117.704 Y114.798 E.03011
G1 X117.148 Y114.985 E.0301
G1 X116.576 Y115.116 E.03011
G1 X115.994 Y115.189 E.0301
G1 X115.407 Y115.204 E.03013
G1 X115.053 Y115.177 E.01822
G1 X114.993 Y115.776 F9000
;TYPE:External perimeter
;WIDTH:0.629999
G1 F900
G1 X114.747 Y115.758 E.01204
G1 X114.11 Y115.645 E.03158
G1 X113.488 Y115.47 E.03154
G1 X112.886 Y115.234 E.03156
G1 X112.31 Y114.939 E.03159
G1 X111.767 Y114.588 E.03156
G1 X111.261 Y114.185 E.03158
G1 X110.798 Y113.733 E.03159
G1 X110.382 Y113.237 E.0316
G1 X110.018 Y112.703 E.03155
G1 X109.708 Y112.135 E.03159
G1 X109.457 Y111.539 E.03157
G1 X109.266 Y110.921 E.03158
G1 X109.138 Y110.287 E.03157
G1 X109.074 Y109.643 E.03159
G1 X109.074 Y108.996 E.03158
G1 X109.138 Y108.353 E.03154
G1 X109.266 Y107.718 E.03162
G1 X109.457 Y107.1 E.03158
G1 X109.708 Y106.504 E.03157
G1 X110.018 Y105.936 E.03159
G1 X110.382 Y105.402 E.03155
G1 X110.798 Y104.906 E.0316
G1 X111.261 Y104.455 E.03155
G1 X111.766 Y104.051 E.03157
G1 X112.31 Y103.7 E.0316
G1 X112.886 Y103.405 E.03159
G1 X113.488 Y103.169 E.03156
G1 X114.11 Y102.994 E.03154
G1 X114.747 Y102.881 E.03158
G1 X115.389 Y102.833 E.03143
G1 X116.008 Y102.864 E.03025
G1 X116.716 Y102.944 E.03478
G1 X117.323 Y103.085 E.03042
G1 X117.929 Y103.29 E.03123
G1 X118.515 Y103.555 E.0314
G1 X119.073 Y103.878 E.03147
G1 X119.597 Y104.254 E.03148
G1 X120.08 Y104.682 E.0315
G1 X120.519 Y105.155 E.0315
G1 X120.909 Y105.67 E.03154
G1 X121.246 Y106.222 E.03157
G1 X121.527 Y106.804 E.03155
G1 X121.747 Y107.412 E.03156
G1 X121.907 Y108.039 E.03159
G1 X122.003 Y108.679 E.03159
G1 X122.035 Y109.315 E.03109
G1 X122.035 Y109.643 E.01601
G1 X121.97 Y110.287 E.0316
G1 X121.842 Y110.921 E.03157
G1 X121.652 Y111.536 E.03142
G1 X121.251 Y112.426 E.04765
G1 X120.915 Y112.975 E.03142
G1 X120.525 Y113.49 E.03154
G1 X120.085 Y113.965 E.03161
G1 X119.6 Y114.393 E.03158
G1 X119.075 Y114.77 E.03155
G1 X118.514 Y115.094 E.03162
G1 X117.925 Y115.36 E.03155
G1 X117.312 Y115.566 E.03157
G1 X116.681 Y115.71 E.03159
G1 X116.039 Y115.79 E.03158
G1 X115.392 Y115.806 E.03159
G1 X115.083 Y115.783 E.01513
G1 X116.098 Y114.697 F9000
;TYPE:Internal infill
;WIDTH:0.66
G1 F900
G1 X117.019 Y114.527 E.04806
G1 X118.022 Y114.134 E.05527
G1 X118.927 Y113.549 E.05529
G1 X119.378 Y113.143 E.03114
G1 X111.733 Y105.499 E.55471
G1 X112.396 Y104.927 E.04493
G1 X113.329 Y104.388 E.05529
G1 X114.35 Y104.045 E.05527
G1 X115.402 Y103.913 E.0544
G1 X116.244 Y103.955 E.04326
G1 X117.277 Y104.191 E.05437
G1 X118.259 Y104.634 E.05528
G1 X119.134 Y105.263 E.05529
G1 X119.375 Y105.499 E.01731
G1 X111.733 Y113.141 E.55453
G1 X111.242 Y112.586 E.03802
G1 X110.68 Y111.667 E.05527
G1 X110.311 Y110.655 E.05527
G1 X110.178 Y109.863 E.04121
;LAYER_CHANGE
;Z:6.3
;HEIGHT:0.2
;BEFORE_LAYER_CHANGE
G92 E0
;6.3


G1 E-1.4 F3600
;WIPE_START
G1 F7200
G1 X110.311 Y110.655 E-.38147
G1 X110.469 Y111.087 E-.21853
;WIPE_END
G1 Z6.3 F9000
;AFTER_LAYER_CHANGE
;6.3
G1 Z6.3
G1 X109.707 Y109.922
G1 E2 F2400
;TYPE:Perimeter
;WIDTH:0.659999
G1 F900
G1 X109.676 Y109.613 E.01593
G1 X109.676 Y109.026 E.03012
G1 X109.734 Y108.442 E.03011
G1 X109.85 Y107.867 E.0301
G1 X110.023 Y107.307 E.03007
G1 X110.251 Y106.766 E.03012
G1 X110.532 Y106.251 E.0301
G1 X110.862 Y105.766 E.0301
G1 X111.24 Y105.316 E.03015
G1 X111.66 Y104.907 E.03008
G1 X112.118 Y104.541 E.03008
G1 X112.611 Y104.222 E.03013
G1 X113.133 Y103.955 E.03008
G1 X113.68 Y103.74 E.03016
G1 X114.244 Y103.581 E.03007
G1 X114.822 Y103.479 E.03012
G1 X115.396 Y103.436 E.02953
G1 X115.978 Y103.465 E.0299
G1 X116.612 Y103.537 E.03274
G1 X117.16 Y103.665 E.02887
G1 X117.709 Y103.85 E.02973
G1 X118.24 Y104.091 E.02992
G1 X118.746 Y104.383 E.02998
G1 X119.221 Y104.725 E.03003
G1 X119.66 Y105.113 E.03006
G1 X120.058 Y105.542 E.03003
G1 X120.412 Y106.009 E.03007
G1 X120.718 Y106.51 E.03012
G1 X120.972 Y107.038 E.03006
G1 X121.172 Y107.589 E.03008
G1 X121.317 Y108.158 E.03013
G1 X121.404 Y108.739 E.03014
G1 X121.433 Y109.315 E.02959
G1 X121.433 Y109.613 E.01529
G1 X121.374 Y110.197 E.03012
G1 X121.258 Y110.772 E.0301
G1 X121.085 Y111.334 E.03017
G1 X120.884 Y111.813 E.02665
G1 X120.409 Y112.646 E.0492
G1 X120.063 Y113.103 E.02941
G1 X119.664 Y113.533 E.0301
G1 X119.224 Y113.921 E.0301
G1 X118.747 Y114.264 E.03015
G1 X118.239 Y114.557 E.03009
G1 X117.704 Y114.798 E.03011
G1 X117.148 Y114.985 E.0301
G1 X116.576 Y115.116 E.03011
G1 X115.994 Y115.189 E.0301
G1 X115.407 Y115.203 E.03013
G1 X114.822 Y115.16 E.0301
G1 X114.244 Y115.058 E.03012
G1 X113.68 Y114.899 E.03007
G1 X113.133 Y114.684 E.03016
G1 X112.611 Y114.417 E.03008
G1 X112.118 Y114.098 E.03013
G1 X111.66 Y113.733 E.03005
G1 X111.24 Y113.323 E.03012
G1 X110.862 Y112.873 E.03015
G1 X110.532 Y112.389 E.03006
G1 X110.251 Y111.873 E.03015
G1 X110.023 Y111.333 E.03008
G1 X109.85 Y110.772 E.03012
G1 X109.734 Y110.197 E.0301
G1 X109.716 Y110.012 E.00954
G1 X109.118 Y110.087 F9000
;TYPE:External perimeter
;WIDTH:0.629999
G1 F900
G1 X109.074 Y109.643 E.02178
G1 X109.074 Y108.996 E.03158
G1 X109.138 Y108.353 E.03154
G1 X109.266 Y107.718 E.03162
G1 X109.457 Y107.1 E.03158
G1 X109.708 Y106.504 E.03157
G1 X110.018 Y105.936 E.03159
G1 X110.382 Y105.402 E.03155
G1 X110.798 Y104.906 E.0316
G1 X111.261 Y104.455 E.03155
G1 X111.766 Y104.051 E.03157
G1 X112.31 Y103.7 E.0316
G1 X112.885 Y103.405 E.03155
G1 X113.488 Y103.169 E.03161
G1 X114.11 Y102.994 E.03154
G1 X114.747 Y102.881 E.03158
G1 X115.389 Y102.833 E.03143
G1 X116.008 Y102.864 E.03025
G1 X116.717 Y102.944 E.03483
G1 X117.323 Y103.085 E.03037
G1 X117.929 Y103.29 E.03123
G1 X118.515 Y103.555 E.0314
G1 X119.073 Y103.878 E.03147
G1 X119.597 Y104.254 E.03148
G1 X120.08 Y104.682 E.0315
G1 X120.519 Y105.155 E.0315
G1 X120.909 Y105.67 E.03154
G1 X121.246 Y106.222 E.03157
G1 X121.527 Y106.804 E.03155
G1 X121.747 Y107.412 E.03156
G1 X121.907 Y108.039 E.03159
G1 X122.003 Y108.679 E.03159
G1 X122.035 Y109.315 E.03109
G1 X122.035 Y109.643 E.01601
G1 X121.97 Y110.287 E.0316
G1 X121.842 Y110.921 E.03157
G1 X121.651 Y111.539 E.03158
G1 X121.425 Y112.08 E.02862
G1 X120.913 Y112.978 E.05046
G1 X120.525 Y113.49 E.03136
G1 X120.085 Y113.965 E.03161
G1 X119.6 Y114.393 E.03158
G1 X119.075 Y114.77 E.03155
G1 X118.514 Y115.094 E.03162
G1 X117.925 Y115.36 E.03155
G1 X117.312 Y115.566 E.03157
G1 X116.681 Y115.71 E.03159
G1 X116.039 Y115.79 E.03158
G1 X115.392 Y115.806 E.03159
G1 X114.747 Y115.758 E.03157
G1 X114.11 Y115.645 E.03158
G1 X113.488 Y115.47 E.03154
G1 X112.885 Y115.234 E.03161
G1 X112.31 Y114.939 E.03155
G1 X111.767 Y114.588 E.03156
G1 X111.261 Y114.185 E.03158
G1 X110.798 Y113.733 E.03159
G1 X110.382 Y113.237 E.0316
G1 X110.018 Y112.703 E.03155
G1 X109.708 Y112.135 E.03159
G1 X109.457 Y111.539 E.03157
G1 X109.266 Y110.921 E.03158
G1 X109.138 Y110.287 E.03157
G1 X109.127 Y110.176 E.00545
G1 X110.178 Y108.776 F9000
;TYPE:Internal infill
;WIDTH:0.66
G1 F900
G1 X110.311 Y107.985 E.04116
G1 X110.68 Y106.972 E.05532
G1 X111.242 Y106.053 E.05527
G1 X111.733 Y105.499 E.03798
G1 X119.378 Y113.143 E.55471
G1 X120.012 Y112.384 E.05074
G1 X120.457 Y111.603 E.04612
G1 X120.797 Y110.655 E.05168
G1 X120.957 Y109.589 E.05531
G1 X120.904 Y108.513 E.05528
G1 X120.638 Y107.469 E.05528
G1 X120.17 Y106.499 E.05526
G1 X119.867 Y106.053 E.02767
G1 X119.375 Y105.499 E.03802
G1 X111.733 Y113.141 E.55453
G1 X112.396 Y113.712 E.0449
G1 X113.329 Y114.251 E.05529
G1 X114.35 Y114.594 E.05527
G1 X115.011 Y114.697 E.03433
;LAYER_CHANGE
;Z:6.5
;HEIGHT:0.2
;BEFORE_LAYER_CHANGE
G92 E0
;6.5


G1 E-1.4 F3600
;WIPE_START
G1 F7200
G1 X114.35 Y114.594 E-.31776
G1 X113.787 Y114.405 E-.28224
;WIPE_END
G1 Z6.5 F9000
;AFTER_LAYER_CHANGE
;6.5
G1 Z6.5
G1 X114.963 Y115.17
G1 E2 F2400
;TYPE:Perimeter
;WIDTH:0.659999
G1 F900
G1 X114.822 Y115.16 E.00725
G1 X114.244 Y115.058 E.03012
G1 X113.68 Y114.899 E.03007
G1 X113.133 Y114.684 E.03016
G1 X112.611 Y114.417 E.03008
G1 X112.118 Y114.098 E.03013
G1 X111.66 Y113.733 E.03005
G1 X111.24 Y113.323 E.03012
G1 X110.862 Y112.873 E.03015
G1 X110.532 Y112.389 E.03006
G1 X110.251 Y111.873 E.03015
G1 X110.023 Y111.333 E.03008
G1 X109.85 Y110.772 E.03012
G1 X109.734 Y110.197 E.0301
G1 X109.676 Y109.613 E.03011
G1 X109.676 Y109.026 E.03012
G1 X109.734 Y108.442 E.03011
G1 X109.85 Y107.867 E.0301
G1 X110.023 Y107.307 E.03007
G1 X110.251 Y106.766 E.03012
G1 X110.532 Y106.251 E.0301
G1 X110.862 Y105.766 E.0301
G1 X111.24 Y105.316 E.03015
G1 X111.66 Y104.907 E.03008
G1 X112.118 Y104.541 E.03008
G1 X112.611 Y104.222 E.03013
G1 X113.133 Y103.955 E.03008
G1 X113.68 Y103.74 E.03016
G1 X114.244 Y103.581 E.03007
G1 X114.822 Y103.479 E.03012
G1 X115.396 Y103.436 E.02953
G1 X115.978 Y103.465 E.0299
G1 X116.612 Y103.537 E.03274
G1 X117.16 Y103.665 E.02887
G1 X117.709 Y103.85 E.02973
G1 X118.24 Y104.091 E.02992
G1 X118.746 Y104.383 E.02998
G1 X119.221 Y104.725 E.03003
G1 X119.66 Y105.113 E.03006
G1 X120.058 Y105.542 E.03003
G1 X120.412 Y106.009 E.03007
G1 X120.717 Y106.51 E.0301
G1 X120.972 Y107.038 E.03009
G1 X121.172 Y107.589 E.03008
G1 X121.317 Y108.158 E.03013
G1 X121.404 Y108.739 E.03014
G1 X121.433 Y109.315 E.02959
G1 X121.433 Y109.613 E.01529
G1 X121.374 Y110.197 E.03012
G1 X121.258 Y110.772 E.0301
G1 X121.088 Y111.322 E.02954
G1 X120.717 Y112.144 E.04627
G1 X120.417 Y112.635 E.02952
G1 X120.063 Y113.103 E.03011
G1 X119.664 Y113.533 E.0301
G1 X119.224 Y113.921 E.0301
G1 X118.747 Y114.264 E.03015
G1 X118.239 Y114.557 E.03009
G1 X117.704 Y114.798 E.03011
G1 X117.148 Y114.985 E.0301
G1 X116.576 Y115.116 E.03011
G1 X115.994 Y115.189 E.0301
G1 X115.407 Y115.204 E.03013
G1 X115.053 Y115.177 E.01822
G1 X114.993 Y115.776 F9000
;TYPE:External perimeter
;WIDTH:0.629999
G1 F900
G1 X114.747 Y115.758 E.01204
G1 X114.11 Y115.645 E.03158
G1 X113.488 Y115.47 E.03154
G1 X112.886 Y115.234 E.03156
G1 X112.31 Y114.939 E.03159
G1 X111.767 Y114.588 E.03156
G1 X111.261 Y114.185 E.03158
G1 X110.798 Y113.733 E.03159
G1 X110.382 Y113.237 E.0316
G1 X110.018 Y112.703 E.03155
G1 X109.708 Y112.135 E.03159
G1 X109.457 Y111.539 E.03157
G1 X109.266 Y110.921 E.03158
G1 X109.138 Y110.287 E.03157
G1 X109.074 Y109.643 E.03159
G1 X109.074 Y108.996 E.03158
G1 X109.138 Y108.353 E.03154
G1 X109.266 Y107.718 E.03162
G1 X109.457 Y107.1 E.03158
G1 X109.708 Y106.504 E.03157
G1 X110.018 Y105.936 E.03159
G1 X110.382 Y105.402 E.03155
G1 X110.798 Y104.906 E.0316
G1 X111.261 Y104.455 E.03155
G1 X111.766 Y104.051 E.03157
G1 X112.31 Y103.7 E.0316
G1 X112.885 Y103.405 E.03155
G1 X113.488 Y103.169 E.03161
G1 X114.11 Y102.994 E.03154
G1 X114.747 Y102.881 E.03158
G1 X115.389 Y102.833 E.03143
G1 X116.008 Y102.864 E.03025
G1 X116.716 Y102.944 E.03478
G1 X117.323 Y103.085 E.03042
G1 X117.929 Y103.29 E.03123
G1 X118.515 Y103.555 E.0314
G1 X119.073 Y103.878 E.03147
G1 X119.597 Y104.254 E.03148
G1 X120.08 Y104.682 E.0315
G1 X120.519 Y105.155 E.0315
G1 X120.909 Y105.67 E.03154
G1 X121.246 Y106.222 E.03157
G1 X121.527 Y106.804 E.03155
G1 X121.747 Y107.412 E.03156
G1 X121.907 Y108.039 E.03159
G1 X122.003 Y108.679 E.03159
G1 X122.035 Y109.315 E.03109
G1 X122.035 Y109.643 E.01601
G1 X121.97 Y110.287 E.0316
G1 X121.842 Y110.921 E.03157
G1 X121.652 Y111.536 E.03142
G1 X121.251 Y112.426 E.04765
G1 X120.915 Y112.975 E.03142
G1 X120.525 Y113.49 E.03154
G1 X120.085 Y113.965 E.03161
G1 X119.6 Y114.393 E.03158
G1 X119.075 Y114.77 E.03155
G1 X118.514 Y115.094 E.03162
G1 X117.925 Y115.36 E.03155
G1 X117.312 Y115.566 E.03157
G1 X116.681 Y115.71 E.03159
G1 X116.039 Y115.79 E.03158
G1 X115.392 Y115.806 E.03159
G1 X115.083 Y115.783 E.01513
G1 X116.098 Y114.697 F9000
;TYPE:Internal infill
;WIDTH:0.66
G1 F900
G1 X117.019 Y114.527 E.04806
G1 X118.022 Y114.134 E.05527
G1 X118.927 Y113.549 E.05529
G1 X119.378 Y113.143 E.03114
G1 X111.733 Y105.499 E.55471
G1 X112.396 Y104.927 E.04493
G1 X113.329 Y104.388 E.05529
G1 X114.35 Y104.045 E.05527
G1 X115.402 Y103.913 E.0544
G1 X116.244 Y103.955 E.04326
G1 X117.277 Y104.191 E.05437
G1 X118.259 Y104.634 E.05528
G1 X119.134 Y105.263 E.05529
G1 X119.375 Y105.499 E.01731
G1 X111.733 Y113.141 E.55453
G1 X111.242 Y112.586 E.03802
G1 X110.68 Y111.667 E.05527
G1 X110.311 Y110.655 E.05527
G1 X110.178 Y109.863 E.04121
;LAYER_CHANGE
;Z:6.7
;HEIGHT:0.2
;BEFORE_LAYER_CHANGE
G92 E0
;6.7


G1 E-1.4 F3600
;WIPE_START
G1 F7200
G1 X110.311 Y110.655 E-.38147
G1 X110.469 Y111.087 E-.21853
;WIPE_END
G1 Z6.7 F9000
;AFTER_LAYER_CHANGE
;6.7
G1 Z6.7
G1 X109.707 Y109.922
G1 E2 F2400
;TYPE:Perimeter
;WIDTH:0.659999
G1 F900
G1 X109.676 Y109.613 E.01593
G1 X109.676 Y109.026 E.03012
G1 X109.734 Y108.442 E.03011
G1 X109.85 Y107.867 E.0301
G1 X110.023 Y107.307 E.03007
G1 X110.251 Y106.766 E.03012
G1 X110.532 Y106.251 E.0301
G1 X110.862 Y105.766 E.0301
G1 X111.24 Y105.316 E.03015
G1 X111.66 Y104.907 E.03008
G1 X112.118 Y104.541 E.03008
G1 X112.611 Y104.222 E.03013
G1 X113.133 Y103.955 E.03008
G1 X113.68 Y103.74 E.03016
G1 X114.244 Y103.581 E.03007
G1 X114.822 Y103.479 E.03012
G1 X115.396 Y103.436 E.02953
G1 X115.978 Y103.465 E.0299
G1 X116.612 Y103.537 E.03274
G1 X117.16 Y103.665 E.02887
G1 X117.709 Y103.85 E.02973
G1 X118.24 Y104.091 E.02992
G1 X118.746 Y104.383 E.02998
G1 X119.221 Y104.725 E.03003
G1 X119.66 Y105.113 E.03006
G1 X120.058 Y105.542 E.03003
G1 X120.412 Y106.009 E.03007
G1 X120.717 Y106.51 E.0301
G1 X120.972 Y107.038 E.03009
G1 X121.172 Y107.589 E.03008
G1 X121.317 Y108.158 E.03013
G1 X121.404 Y108.739 E.03014
G1 X121.433 Y109.315 E.02959
G1 X121.433 Y109.613 E.01529
G1 X121.374 Y110.197 E.03012
G1 X121.258 Y110.772 E.0301
G1 X121.088 Y111.322 E.02954
G1 X120.717 Y112.144 E.04627
G1 X120.417 Y112.635 E.02952
G1 X120.063 Y113.103 E.03011
G1 X119.664 Y113.533 E.0301
G1 X119.224 Y113.921 E.0301
G1 X118.747 Y114.264 E.03015
G1 X118.239 Y114.557 E.03009
G1 X117.704 Y114.798 E.03011
G1 X117.148 Y114.985 E.0301
G1 X116.576 Y115.116 E.03011
G1 X115.994 Y115.189 E.0301
G1 X115.407 Y115.204 E.03013
G1 X114.822 Y115.16 E.0301
G1 X114.244 Y115.058 E.03012
G1 X113.68 Y114.899 E.03007
G1 X113.133 Y114.684 E.03016
G1 X112.611 Y114.417 E.03008
G1 X112.118 Y114.098 E.03013
G1 X111.66 Y113.733 E.03005
G1 X111.24 Y113.323 E.03012
G1 X110.862 Y112.873 E.03015
G1 X110.532 Y112.389 E.03006
G1 X110.251 Y111.873 E.03015
G1 X110.023 Y111.333 E.03008
G1 X109.85 Y110.772 E.03012
G1 X109.734 Y110.197 E.0301
G1 X109.716 Y110.012 E.00954
G1 X109.118 Y110.087 F9000
;TYPE:External perimeter
;WIDTH:0.629999
G1 F900
G1 X109.074 Y109.643 E.02178
G1 X109.074 Y108.996 E.03158
G1 X109.138 Y108.353 E.03154
G1 X109.266 Y107.718 E.03162
G1 X109.457 Y107.1 E.03158
G1 X109.708 Y106.504 E.03157
G1 X110.018 Y105.936 E.03159
G1 X110.382 Y105.402 E.03155
G1 X110.798 Y104.906 E.0316
G1 X111.261 Y104.455 E.03155
G1 X111.766 Y104.051 E.03157
G1 X112.31 Y103.7 E.0316
G1 X112.885 Y103.405 E.03155
G1 X113.488 Y103.169 E.03161
G1 X114.11 Y102.994 E.03154
G1 X114.747 Y102.881 E.03158
G1 X115.389 Y102.833 E.03143
G1 X116.008 Y102.864 E.03025
G1 X116.717 Y102.944 E.03483
G1 X117.323 Y103.085 E.03037
G1 X117.929 Y103.29 E.03123
G1 X118.515 Y103.555 E.0314
G1 X119.073 Y103.878 E.03147
G1 X119.597 Y104.254 E.03148
G1 X120.08 Y104.682 E.0315
G1 X120.519 Y105.155 E.0315
G1 X120.909 Y105.67 E.03154
G1 X121.246 Y106.222 E.03157
G1 X121.526 Y106.804 E.03153
G1 X121.747 Y107.412 E.03158
G1 X121.907 Y108.039 E.03159
G1 X122.003 Y108.679 E.03159
G1 X122.035 Y109.315 E.03109
G1 X122.035 Y109.643 E.01601
G1 X121.97 Y110.287 E.0316
G1 X121.842 Y110.921 E.03157
G1 X121.652 Y111.536 E.03142
G1 X121.251 Y112.426 E.04765
G1 X120.915 Y112.975 E.03142
G1 X120.525 Y113.49 E.03154
G1 X120.085 Y113.965 E.03161
G1 X119.6 Y114.393 E.03158
G1 X119.075 Y114.77 E.03155
G1 X118.514 Y115.094 E.03162
G1 X117.925 Y115.36 E.03155
G1 X117.312 Y115.566 E.03157
G1 X116.681 Y115.71 E.03159
G1 X116.039 Y115.79 E.03158
G1 X115.392 Y115.806 E.03159
G1 X114.747 Y115.758 E.03157
G1 X114.11 Y115.645 E.03158
G1 X113.488 Y115.47 E.03154
G1 X112.886 Y115.234 E.03156
G1 X112.31 Y114.939 E.03159
G1 X111.767 Y114.588 E.03156
G1 X111.261 Y114.185 E.03158
G1 X110.798 Y113.733 E.03159
G1 X110.382 Y113.237 E.0316
G1 X110.018 Y112.703 E.03155
G1 X109.708 Y112.135 E.03159
G1 X109.457 Y111.539 E.03157
G1 X109.266 Y110.921 E.03158
G1 X109.138 Y110.287 E.03157
G1 X109.127 Y110.176 E.00545
G1 X110.178 Y109.863 F9000
;TYPE:Internal infill
;WIDTH:0.66
G1 F900
G1 X110.311 Y110.655 E.04121
G1 X110.68 Y111.667 E.05527
G1 X111.242 Y112.586 E.05527
G1 X111.733 Y113.141 E.03802
G1 X119.375 Y105.499 E.55453
G1 X119.134 Y105.263 E.01731
G1 X118.259 Y104.634 E.05529
G1 X117.277 Y104.191 E.05528
G1 X116.244 Y103.955 E.05437
G1 X115.402 Y103.913 E.04326
G1 X114.35 Y104.045 E.0544
G1 X113.329 Y104.388 E.05527
G1 X112.396 Y104.927 E.05529
G1 X111.733 Y105.499 E.04493
G1 X119.378 Y113.143 E.55471
G1 X118.927 Y113.549 E.03114
G1 X118.022 Y114.134 E.05529
G1 X117.019 Y114.527 E.05527
G1 X116.098 Y114.697 E.04806
;LAYER_CHANGE
;Z:6.9
;HEIGHT:0.2
;BEFORE_LAYER_CHANGE
G92 E0
;6.9


G1 E-1.4 F3600
;WIPE_START
G1 F7200
G1 X117.019 Y114.527 E-.44487
G1 X117.323 Y114.408 E-.15513
;WIPE_END
G1 Z6.9 F9000
;AFTER_LAYER_CHANGE
;6.9
G1 Z6.9
G1 X116.145 Y115.17
G1 E2 F2400
;TYPE:Perimeter
;WIDTH:0.659999
G1 F900
G1 X115.994 Y115.189 E.00781
G1 X115.407 Y115.204 E.03013
G1 X114.822 Y115.16 E.0301
G1 X114.244 Y115.058 E.03012
G1 X113.68 Y114.899 E.03007
G1 X113.133 Y114.684 E.03016
G1 X112.611 Y114.417 E.03008
G1 X112.118 Y114.098 E.03013
G1 X111.66 Y113.733 E.03005
G1 X111.24 Y113.323 E.03012
G1 X110.862 Y112.873 E.03015
G1 X110.532 Y112.389 E.03006
G1 X110.251 Y111.873 E.03015
G1 X110.023 Y111.333 E.03008
G1 X109.85 Y110.772 E.03012
G1 X109.734 Y110.197 E.0301
G1 X109.676 Y109.613 E.03011
G1 X109.676 Y109.026 E.03012
G1 X109.734 Y108.442 E.03011
G1 X109.85 Y107.867 E.0301
G1 X110.023 Y107.307 E.03007
G1 X110.251 Y106.766 E.03012
G1 X110.532 Y106.251 E.0301
G1 X110.862 Y105.766 E.0301
G1 X111.24 Y105.316 E.03015
G1 X111.66 Y104.907 E.03008
G1 X112.118 Y104.541 E.03008
G1 X112.611 Y104.222 E.03013
G1 X113.133 Y103.955 E.03008
G1 X113.68 Y103.74 E.03016
G1 X114.244 Y103.581 E.03007
G1 X114.822 Y103.479 E.03012
G1 X115.396 Y103.436 E.02953
G1 X115.978 Y103.465 E.0299
G1 X116.612 Y103.537 E.03274
G1 X117.16 Y103.665 E.02887
G1 X117.709 Y103.85 E.02973
G1 X118.24 Y104.091 E.02992
G1 X118.746 Y104.383 E.02998
G1 X119.221 Y104.725 E.03003
G1 X119.66 Y105.113 E.03006
G1 X120.058 Y105.542 E.03003
G1 X120.412 Y106.009 E.03007
G1 X120.718 Y106.51 E.03012
G1 X120.972 Y107.038 E.03006
G1 X121.172 Y107.589 E.03008
G1 X121.317 Y108.158 E.03013
G1 X121.404 Y108.739 E.03014
G1 X121.433 Y109.315 E.02959
G1 X121.402 Y109.916 E.03088
G1 X121.312 Y110.506 E.03062
G1 X121.149 Y111.126 E.03289
G1 X120.895 Y111.789 E.03643
G1 X120.408 Y112.647 E.05062
G1 X120.063 Y113.103 E.02934
G1 X119.664 Y113.533 E.0301
G1 X119.224 Y113.921 E.0301
G1 X118.747 Y114.264 E.03015
G1 X118.239 Y114.557 E.03009
G1 X117.704 Y114.798 E.03011
G1 X117.148 Y114.985 E.0301
G1 X116.576 Y115.116 E.03011
G1 X116.234 Y115.159 E.01769
G1 X116.294 Y115.758 F9000
;TYPE:External perimeter
;WIDTH:0.629999
G1 F900
G1 X116.039 Y115.79 E.01255
G1 X115.392 Y115.806 E.03159
G1 X114.747 Y115.758 E.03157
G1 X114.11 Y115.645 E.03158
G1 X113.488 Y115.47 E.03154
G1 X112.886 Y115.234 E.03156
G1 X112.31 Y114.939 E.03159
G1 X111.767 Y114.588 E.03156
G1 X111.261 Y114.185 E.03158
G1 X110.798 Y113.733 E.03159
G1 X110.382 Y113.237 E.0316
G1 X110.018 Y112.703 E.03155
G1 X109.708 Y112.135 E.03159
G1 X109.457 Y111.539 E.03157
G1 X109.266 Y110.921 E.03158
G1 X109.138 Y110.287 E.03157
G1 X109.074 Y109.643 E.03159
G1 X109.074 Y108.996 E.03158
G1 X109.138 Y108.353 E.03154
G1 X109.266 Y107.718 E.03162
G1 X109.457 Y107.1 E.03158
G1 X109.708 Y106.504 E.03157
G1 X110.018 Y105.936 E.03159
G1 X110.382 Y105.402 E.03155
G1 X110.798 Y104.906 E.0316
G1 X111.261 Y104.455 E.03155
G1 X111.766 Y104.051 E.03157
G1 X112.31 Y103.7 E.0316
G1 X112.885 Y103.405 E.03155
G1 X113.488 Y103.169 E.03161
G1 X114.11 Y102.994 E.03154
G1 X114.747 Y102.881 E.03158
G1 X115.389 Y102.833 E.03143
G1 X116.008 Y102.864 E.03025
G1 X116.717 Y102.944 E.03483
G1 X117.323 Y103.085 E.03037
G1 X117.929 Y103.29 E.03123
G1 X118.515 Y103.555 E.0314
G1 X119.073 Y103.878 E.03147
G1 X119.597 Y104.254 E.03148
G1 X120.08 Y104.682 E.0315
G1 X120.519 Y105.155 E.0315
G1 X120.909 Y105.67 E.03154
G1 X121.246 Y106.222 E.03157
G1 X121.527 Y106.804 E.03155
G1 X121.748 Y107.412 E.03158
G1 X121.907 Y108.039 E.03158
G1 X122.003 Y108.679 E.03159
G1 X122.035 Y109.315 E.03109
G1 X122.035 Y109.643 E.01601
G1 X121.97 Y110.287 E.0316
G1 X121.842 Y110.921 E.03157
G1 X121.651 Y111.539 E.03158
G1 X121.437 Y112.054 E.02722
G1 X120.912 Y112.979 E.05192
G1 X120.525 Y113.49 E.03129
G1 X120.085 Y113.965 E.03161
G1 X119.6 Y114.393 E.03158
G1 X119.075 Y114.77 E.03155
G1 X118.514 Y115.094 E.03162
G1 X117.925 Y115.36 E.03155
G1 X117.312 Y115.566 E.03157
G1 X116.681 Y115.71 E.03159
G1 X116.384 Y115.747 E.01461
G1 X115.011 Y114.697 F9000
;TYPE:Internal infill
;WIDTH:0.66
G1 F900
G1 X114.35 Y114.594 E.03433
G1 X113.329 Y114.251 E.05527
G1 X112.396 Y113.712 E.05529
G1 X111.733 Y113.141 E.0449
G1 X119.375 Y105.499 E.55453
G1 X119.867 Y106.053 E.03802
G1 X120.428 Y106.972 E.05525
G1 X120.797 Y107.985 E.05532
G1 X120.957 Y109.05 E.05526
G1 X120.957 Y109.589 E.02766
G1 X120.797 Y110.655 E.05531
G1 X120.467 Y111.579 E.05034
G1 X120.011 Y112.385 E.04752
G1 X119.378 Y113.143 E.05067
G1 X111.733 Y105.499 E.55471
G1 X111.242 Y106.053 E.03798
G1 X110.68 Y106.972 E.05527
G1 X110.311 Y107.985 E.05532
G1 X110.178 Y108.776 E.04116
;LAYER_CHANGE
;Z:7.1
;HEIGHT:0.2
;BEFORE_LAYER_CHANGE
G92 E0
;7.1


G1 E-1.4 F3600
;WIPE_START
G1 F7200
G1 X110.311 Y107.985 E-.381
G1 X110.469 Y107.552 E-.219
;WIPE_END
G1 Z7.1 F9000
;AFTER_LAYER_CHANGE
;7.1
G1 Z7.1
G1 X109.707 Y108.717
G1 E2 F2400
;TYPE:Perimeter
;WIDTH:0.659999
G1 F900
G1 X109.734 Y108.442 E.01418
G1 X109.85 Y107.867 E.0301
G1 X110.023 Y107.307 E.03007
G1 X110.251 Y106.766 E.03012
G1 X110.532 Y106.251 E.0301
G1 X110.862 Y105.766 E.0301
G1 X111.24 Y105.316 E.03015
G1 X111.66 Y104.907 E.03008
G1 X112.118 Y104.541 E.03008
G1 X112.611 Y104.222 E.03013
G1 X113.133 Y103.955 E.03008
G1 X113.68 Y103.74 E.03016
G1 X114.244 Y103.581 E.03007
G1 X114.822 Y103.479 E.03012
G1 X115.396 Y103.436 E.02953
G1 X115.978 Y103.465 E.0299
G1 X116.612 Y103.537 E.03274
G1 X117.16 Y103.665 E.02887
G1 X117.709 Y103.85 E.02973
G1 X118.24 Y104.091 E.02992
G1 X118.746 Y104.383 E.02998
G1 X119.221 Y104.725 E.03003
G1 X119.66 Y105.113 E.03006
G1 X120.058 Y105.542 E.03003
G1 X120.412 Y106.009 E.03007
G1 X120.717 Y106.51 E.0301
G1 X120.972 Y107.038 E.03009
G1 X121.172 Y107.589 E.03008
G1 X121.317 Y108.158 E.03013
G1 X121.404 Y108.739 E.03014
G1 X121.433 Y109.315 E.02959
G1 X121.433 Y109.613 E.01529
G1 X121.374 Y110.197 E.03012
G1 X121.258 Y110.772 E.0301
G1 X121.088 Y111.322 E.02954
G1 X120.717 Y112.144 E.04627
G1 X120.417 Y112.635 E.02952
G1 X120.063 Y113.103 E.03011
G1 X119.664 Y113.533 E.0301
G1 X119.224 Y113.921 E.0301
G1 X118.747 Y114.264 E.03015
G1 X118.239 Y114.557 E.03009
G1 X117.704 Y114.798 E.03011
G1 X117.148 Y114.985 E.0301
G1 X116.576 Y115.116 E.03011
G1 X115.994 Y115.189 E.0301
G1 X115.407 Y115.204 E.03013
G1 X114.822 Y115.16 E.0301
G1 X114.244 Y115.058 E.03012
G1 X113.68 Y114.899 E.03007
G1 X113.133 Y114.684 E.03016
G1 X112.611 Y114.417 E.03008
G1 X112.118 Y114.098 E.03013
G1 X111.66 Y113.733 E.03005
G1 X111.24 Y113.323 E.03012
G1 X110.862 Y112.873 E.03015
G1 X110.532 Y112.389 E.03006
G1 X110.251 Y111.873 E.03015
G1 X110.023 Y111.333 E.03008
G1 X109.85 Y110.772 E.03012
G1 X109.734 Y110.197 E.0301
G1 X109.676 Y109.613 E.03011
G1 X109.676 Y109.026 E.03012
G1 X109.698 Y108.807 E.01129
G1 X109.097 Y108.762 F9000
;TYPE:External perimeter
;WIDTH:0.629999
G1 F900
G1 X109.138 Y108.353 E.02007
G1 X109.266 Y107.718 E.03162
G1 X109.457 Y107.1 E.03158
G1 X109.708 Y106.504 E.03157
G1 X110.018 Y105.936 E.03159
G1 X110.382 Y105.402 E.03155
G1 X110.798 Y104.906 E.0316
G1 X111.261 Y104.455 E.03155
G1 X111.766 Y104.051 E.03157
G1 X112.31 Y103.7 E.0316
G1 X112.886 Y103.405 E.03159
G1 X113.488 Y103.169 E.03156
G1 X114.11 Y102.994 E.03154
G1 X114.747 Y102.881 E.03158
G1 X115.389 Y102.833 E.03143
G1 X116.008 Y102.864 E.03025
G1 X116.717 Y102.944 E.03483
G1 X117.323 Y103.085 E.03037
G1 X117.929 Y103.29 E.03123
G1 X118.515 Y103.555 E.0314
G1 X119.073 Y103.878 E.03147
G1 X119.597 Y104.254 E.03148
G1 X120.08 Y104.682 E.0315
G1 X120.519 Y105.155 E.0315
G1 X120.909 Y105.67 E.03154
G1 X121.246 Y106.222 E.03157
G1 X121.526 Y106.804 E.03153
G1 X121.747 Y107.412 E.03158
G1 X121.907 Y108.039 E.03159
G1 X122.003 Y108.679 E.03159
G1 X122.035 Y109.315 E.03109
G1 X122.035 Y109.643 E.01601
G1 X121.97 Y110.287 E.0316
G1 X121.842 Y110.921 E.03157
G1 X121.652 Y111.536 E.03142
G1 X121.251 Y112.426 E.04765
G1 X120.915 Y112.975 E.03142
G1 X120.525 Y113.49 E.03154
G1 X120.085 Y113.965 E.03161
G1 X119.6 Y114.393 E.03158
G1 X119.075 Y114.77 E.03155
G1 X118.514 Y115.094 E.03162
G1 X117.925 Y115.36 E.03155
G1 X117.312 Y115.566 E.03157
G1 X116.681 Y115.71 E.03159
G1 X116.039 Y115.79 E.03158
G1 X115.392 Y115.806 E.03159
G1 X114.747 Y115.758 E.03157
G1 X114.11 Y115.645 E.03158
G1 X113.488 Y115.47 E.03154
G1 X112.886 Y115.234 E.03156
G1 X112.31 Y114.939 E.03159
G1 X111.767 Y114.588 E.03156
G1 X111.261 Y114.185 E.03158
G1 X110.798 Y113.733 E.03159
G1 X110.382 Y113.237 E.0316
G1 X110.018 Y112.703 E.03155
G1 X109.708 Y112.135 E.03159
G1 X109.457 Y111.539 E.03157
G1 X109.266 Y110.921 E.03158
G1 X109.138 Y110.287 E.03157
G1 X109.074 Y109.643 E.03159
G1 X109.074 Y108.996 E.03158
G1 X109.088 Y108.851 E.00711
G1 X110.178 Y109.863 F9000
;TYPE:Internal infill
;WIDTH:0.66
G1 F900
G1 X110.311 Y110.655 E.04121
G1 X110.68 Y111.667 E.05527
G1 X111.242 Y112.586 E.05527
G1 X111.733 Y113.141 E.03802
G1 X119.375 Y105.499 E.55453
G1 X119.134 Y105.263 E.01731
G1 X118.259 Y104.634 E.05529
G1 X117.277 Y104.191 E.05528
G1 X116.244 Y103.955 E.05437
G1 X115.402 Y103.913 E.04326
G1 X114.35 Y104.045 E.0544
G1 X113.329 Y104.388 E.05527
G1 X112.396 Y104.927 E.05529
G1 X111.733 Y105.499 E.04493
G1 X119.378 Y113.143 E.55471
G1 X118.927 Y113.549 E.03114
G1 X118.022 Y114.134 E.05529
G1 X117.019 Y114.527 E.05527
G1 X116.098 Y114.697 E.04806
;LAYER_CHANGE
;Z:7.3
;HEIGHT:0.2
;BEFORE_LAYER_CHANGE
G92 E0
;7.3


G1 E-1.4 F3600
;WIPE_START
G1 F7200
G1 X117.019 Y114.527 E-.44487
G1 X117.323 Y114.408 E-.15513
;WIPE_END
G1 Z7.3 F9000
;AFTER_LAYER_CHANGE
;7.3
G1 Z7.3
G1 X116.145 Y115.17
G1 E2 F2400
;TYPE:Perimeter
;WIDTH:0.659999
G1 F900
G1 X115.994 Y115.189 E.00781
G1 X115.407 Y115.204 E.03013
G1 X114.822 Y115.16 E.0301
G1 X114.244 Y115.058 E.03012
G1 X113.68 Y114.899 E.03007
G1 X113.133 Y114.684 E.03016
G1 X112.611 Y114.417 E.03008
G1 X112.118 Y114.098 E.03013
G1 X111.66 Y113.733 E.03005
G1 X111.24 Y113.323 E.03012
G1 X110.862 Y112.873 E.03015
G1 X110.532 Y112.389 E.03006
G1 X110.251 Y111.873 E.03015
G1 X110.023 Y111.333 E.03008
G1 X109.85 Y110.772 E.03012
G1 X109.734 Y110.197 E.0301
G1 X109.676 Y109.613 E.03011
G1 X109.676 Y109.026 E.03012
G1 X109.734 Y108.442 E.03011
G1 X109.85 Y107.867 E.0301
G1 X110.023 Y107.307 E.03007
G1 X110.251 Y106.766 E.03012
G1 X110.532 Y106.251 E.0301
G1 X110.862 Y105.766 E.0301
G1 X111.24 Y105.316 E.03015
G1 X111.66 Y104.907 E.03008
G1 X112.118 Y104.541 E.03008
G1 X112.611 Y104.222 E.03013
G1 X113.133 Y103.955 E.03008
G1 X113.68 Y103.74 E.03016
G1 X114.244 Y103.581 E.03007
G1 X114.822 Y103.479 E.03012
G1 X115.396 Y103.436 E.02953
G1 X115.978 Y103.465 E.0299
G1 X116.612 Y103.537 E.03274
G1 X117.16 Y103.665 E.02887
G1 X117.709 Y103.85 E.02973
G1 X118.24 Y104.091 E.02992
G1 X118.746 Y104.383 E.02998
G1 X119.221 Y104.725 E.03003
G1 X119.66 Y105.113 E.03006
G1 X120.058 Y105.542 E.03003
G1 X120.412 Y106.009 E.03007
G1 X120.717 Y106.51 E.0301
G1 X120.972 Y107.038 E.03009
G1 X121.172 Y107.589 E.03008
G1 X121.317 Y108.158 E.03013
G1 X121.404 Y108.739 E.03014
G1 X121.433 Y109.315 E.02959
G1 X121.433 Y109.613 E.01529
G1 X121.374 Y110.197 E.03012
G1 X121.258 Y110.772 E.0301
G1 X121.088 Y111.322 E.02954
G1 X120.717 Y112.144 E.04627
G1 X120.417 Y112.635 E.02952
G1 X120.063 Y113.103 E.03011
G1 X119.664 Y113.533 E.0301
G1 X119.224 Y113.921 E.0301
G1 X118.747 Y114.264 E.03015
G1 X118.239 Y114.557 E.03009
G1 X117.704 Y114.798 E.03011
G1 X117.148 Y114.985 E.0301
G1 X116.576 Y115.116 E.03011
G1 X116.234 Y115.159 E.01769
G1 X116.294 Y115.758 F9000
;TYPE:External perimeter
;WIDTH:0.629999
G1 F900
G1 X116.039 Y115.79 E.01255
G1 X115.392 Y115.806 E.03159
G1 X114.747 Y115.758 E.03157
G1 X114.11 Y115.645 E.03158
G1 X113.488 Y115.47 E.03154
G1 X112.886 Y115.234 E.03156
G1 X112.31 Y114.939 E.03159
G1 X111.767 Y114.588 E.03156
G1 X111.261 Y114.185 E.03158
G1 X110.798 Y113.733 E.03159
G1 X110.382 Y113.237 E.0316
G1 X110.018 Y112.703 E.03155
G1 X109.708 Y112.135 E.03159
G1 X109.457 Y111.539 E.03157
G1 X109.266 Y110.921 E.03158
G1 X109.138 Y110.287 E.03157
G1 X109.074 Y109.643 E.03159
G1 X109.074 Y108.996 E.03158
G1 X109.138 Y108.353 E.03154
G1 X109.266 Y107.718 E.03162
G1 X109.457 Y107.1 E.03158
G1 X109.708 Y106.504 E.03157
G1 X110.018 Y105.936 E.03159
G1 X110.382 Y105.402 E.03155
G1 X110.798 Y104.906 E.0316
G1 X111.261 Y104.455 E.03155
G1 X111.766 Y104.051 E.03157
G1 X112.31 Y103.7 E.0316
G1 X112.886 Y103.405 E.03159
G1 X113.488 Y103.169 E.03156
G1 X114.11 Y102.994 E.03154
G1 X114.747 Y102.881 E.03158
G1 X115.389 Y102.833 E.03143
G1 X116.008 Y102.864 E.03025
G1 X116.717 Y102.944 E.03483
G1 X117.323 Y103.085 E.03037
G1 X117.929 Y103.29 E.03123
G1 X118.515 Y103.555 E.0314
G1 X119.073 Y103.878 E.03147
G1 X119.597 Y104.254 E.03148
G1 X120.08 Y104.682 E.0315
G1 X120.519 Y105.155 E.0315
G1 X120.909 Y105.67 E.03154
G1 X121.246 Y106.222 E.03157
G1 X121.526 Y106.804 E.03153
G1 X121.747 Y107.412 E.03158
G1 X121.907 Y108.039 E.03159
G1 X122.003 Y108.679 E.03159
G1 X122.035 Y109.315 E.03109
G1 X122.035 Y109.643 E.01601
G1 X121.97 Y110.287 E.0316
G1 X121.842 Y110.921 E.03157
G1 X121.652 Y111.536 E.03142
G1 X121.251 Y112.426 E.04765
G1 X120.915 Y112.975 E.03142
G1 X120.525 Y113.49 E.03154
G1 X120.085 Y113.965 E.03161
G1 X119.6 Y114.393 E.03158
G1 X119.075 Y114.77 E.03155
G1 X118.514 Y115.094 E.03162
G1 X117.925 Y115.36 E.03155
G1 X117.312 Y115.566 E.03157
G1 X116.681 Y115.71 E.03159
G1 X116.384 Y115.747 E.01461
G1 X116.098 Y114.697 F9000
;TYPE:Internal infill
;WIDTH:0.66
G1 F900
G1 X117.019 Y114.527 E.04806
G1 X118.022 Y114.134 E.05527
G1 X118.927 Y113.549 E.05529
G1 X119.378 Y113.143 E.03114
G1 X111.733 Y105.499 E.55471
G1 X112.396 Y104.927 E.04493
G1 X113.329 Y104.388 E.05529
G1 X114.35 Y104.045 E.05527
G1 X115.402 Y103.913 E.0544
G1 X116.244 Y103.955 E.04326
G1 X117.277 Y104.191 E.05437
G1 X118.259 Y104.634 E.05528
G1 X119.134 Y105.263 E.05529
G1 X119.375 Y105.499 E.01731
G1 X111.733 Y113.141 E.55453
G1 X111.242 Y112.586 E.03802
G1 X110.68 Y111.667 E.05527
G1 X110.311 Y110.655 E.05527
G1 X110.178 Y109.863 E.04121
;LAYER_CHANGE
;Z:7.5
;HEIGHT:0.2
;BEFORE_LAYER_CHANGE
G92 E0
;7.5


G1 E-1.4 F3600
;WIPE_START
G1 F7200
G1 X110.311 Y110.655 E-.38147
G1 X110.469 Y111.087 E-.21853
;WIPE_END
G1 Z7.5 F9000
;AFTER_LAYER_CHANGE
;7.5
G1 Z7.5
G1 X109.707 Y109.922
G1 E2 F2400
;TYPE:Perimeter
;WIDTH:0.659999
G1 F900
G1 X109.676 Y109.613 E.01593
G1 X109.676 Y109.026 E.03012
G1 X109.734 Y108.442 E.03011
G1 X109.85 Y107.867 E.0301
G1 X110.023 Y107.307 E.03007
G1 X110.251 Y106.766 E.03012
G1 X110.532 Y106.251 E.0301
G1 X110.862 Y105.766 E.0301
G1 X111.24 Y105.316 E.03015
G1 X111.66 Y104.907 E.03008
G1 X112.118 Y104.541 E.03008
G1 X112.611 Y104.222 E.03013
G1 X113.133 Y103.955 E.03008
G1 X113.68 Y103.74 E.03016
G1 X114.244 Y103.581 E.03007
G1 X114.822 Y103.479 E.03012
G1 X115.396 Y103.436 E.02953
G1 X115.978 Y103.465 E.0299
G1 X116.612 Y103.537 E.03274
G1 X117.16 Y103.665 E.02887
G1 X117.709 Y103.85 E.02973
G1 X118.24 Y104.091 E.02992
G1 X118.746 Y104.383 E.02998
G1 X119.221 Y104.725 E.03003
G1 X119.66 Y105.113 E.03006
G1 X120.058 Y105.542 E.03003
G1 X120.412 Y106.009 E.03007
G1 X120.717 Y106.51 E.0301
G1 X120.972 Y107.038 E.03009
G1 X121.172 Y107.589 E.03008
G1 X121.317 Y108.158 E.03013
G1 X121.404 Y108.739 E.03014
G1 X121.433 Y109.315 E.02959
G1 X121.433 Y109.613 E.01529
G1 X121.374 Y110.197 E.03012
G1 X121.258 Y110.772 E.0301
G1 X121.088 Y111.322 E.02954
G1 X120.717 Y112.144 E.04627
G1 X120.417 Y112.635 E.02952
G1 X120.063 Y113.103 E.03011
G1 X119.664 Y113.533 E.0301
G1 X119.224 Y113.921 E.0301
G1 X118.747 Y114.264 E.03015
G1 X118.239 Y114.557 E.03009
G1 X117.704 Y114.798 E.03011
G1 X117.148 Y114.985 E.0301
G1 X116.576 Y115.116 E.03011
G1 X115.994 Y115.189 E.0301
G1 X115.407 Y115.204 E.03013
G1 X114.822 Y115.16 E.0301
G1 X114.244 Y115.058 E.03012
G1 X113.68 Y114.899 E.03007
G1 X113.133 Y114.684 E.03016
G1 X112.611 Y114.417 E.03008
G1 X112.118 Y114.098 E.03013
G1 X111.66 Y113.733 E.03005
G1 X111.24 Y113.323 E.03012
G1 X110.862 Y112.873 E.03015
G1 X110.532 Y112.389 E.03006
G1 X110.251 Y111.873 E.03015
G1 X110.023 Y111.333 E.03008
G1 X109.85 Y110.772 E.03012
G1 X109.734 Y110.197 E.0301
G1 X109.716 Y110.012 E.00954
G1 X109.118 Y110.087 F9000
;TYPE:External perimeter
;WIDTH:0.629999
G1 F900
G1 X109.074 Y109.643 E.02178
G1 X109.074 Y108.996 E.03158
G1 X109.138 Y108.353 E.03154
G1 X109.266 Y107.718 E.03162
G1 X109.457 Y107.1 E.03158
G1 X109.708 Y106.504 E.03157
G1 X110.018 Y105.936 E.03159
G1 X110.382 Y105.402 E.03155
G1 X110.798 Y104.906 E.0316
G1 X111.261 Y104.455 E.03155
G1 X111.766 Y104.051 E.03157
G1 X112.31 Y103.7 E.0316
G1 X112.886 Y103.405 E.03159
G1 X113.488 Y103.169 E.03156
G1 X114.11 Y102.994 E.03154
G1 X114.747 Y102.881 E.03158
G1 X115.389 Y102.833 E.03143
G1 X116.008 Y102.864 E.03025
G1 X116.717 Y102.944 E.03483
G1 X117.323 Y103.085 E.03037
G1 X117.929 Y103.29 E.03123
G1 X118.515 Y103.555 E.0314
G1 X119.073 Y103.878 E.03147
G1 X119.597 Y104.254 E.03148
G1 X120.08 Y104.682 E.0315
G1 X120.519 Y105.155 E.0315
G1 X120.909 Y105.67 E.03154
G1 X121.246 Y106.222 E.03157
G1 X121.526 Y106.804 E.03153
G1 X121.747 Y107.412 E.03158
G1 X121.907 Y108.039 E.03159
G1 X122.003 Y108.679 E.03159
G1 X122.035 Y109.315 E.03109
G1 X122.035 Y109.643 E.01601
G1 X121.97 Y110.287 E.0316
G1 X121.842 Y110.921 E.03157
G1 X121.652 Y111.536 E.03142
G1 X121.251 Y112.426 E.04765
G1 X120.915 Y112.975 E.03142
G1 X120.525 Y113.49 E.03154
G1 X120.085 Y113.965 E.03161
G1 X119.6 Y114.393 E.03158
G1 X119.075 Y114.77 E.03155
G1 X118.514 Y115.094 E.03162
G1 X117.925 Y115.36 E.03155
G1 X117.312 Y115.566 E.03157
G1 X116.681 Y115.71 E.03159
G1 X116.039 Y115.79 E.03158
G1 X115.392 Y115.806 E.03159
G1 X114.747 Y115.758 E.03157
G1 X114.11 Y115.645 E.03158
G1 X113.488 Y115.47 E.03154
G1 X112.886 Y115.234 E.03156
G1 X112.31 Y114.939 E.03159
G1 X111.766 Y114.588 E.0316
G1 X111.261 Y114.185 E.03154
G1 X110.798 Y113.733 E.03159
G1 X110.382 Y113.237 E.0316
G1 X110.018 Y112.703 E.03155
G1 X109.708 Y112.135 E.03159
G1 X109.457 Y111.539 E.03157
G1 X109.266 Y110.921 E.03158
G1 X109.138 Y110.287 E.03157
G1 X109.127 Y110.176 E.00545
G1 X110.178 Y109.863 F9000
;TYPE:Internal infill
;WIDTH:0.66
G1 F900
G1 X110.311 Y110.655 E.04121
G1 X110.68 Y111.667 E.05527
G1 X111.242 Y112.586 E.05527
G1 X111.733 Y113.141 E.03802
G1 X119.375 Y105.499 E.55453
G1 X119.134 Y105.263 E.01731
G1 X118.259 Y104.634 E.05529
G1 X117.277 Y104.191 E.05528
G1 X116.244 Y103.955 E.05437
G1 X115.402 Y103.913 E.04326
G1 X114.35 Y104.045 E.0544
G1 X113.329 Y104.388 E.05527
G1 X112.396 Y104.927 E.05529
G1 X111.733 Y105.499 E.04493
G1 X119.378 Y113.143 E.55471
G1 X118.927 Y113.549 E.03114
G1 X118.022 Y114.134 E.05529
G1 X117.019 Y114.527 E.05527
G1 X116.098 Y114.697 E.04806
;LAYER_CHANGE
;Z:7.7
;HEIGHT:0.2
;BEFORE_LAYER_CHANGE
G92 E0
;7.7


G1 E-1.4 F3600
;WIPE_START
G1 F7200
G1 X117.019 Y114.527 E-.44487
G1 X117.323 Y114.408 E-.15513
;WIPE_END
G1 Z7.7 F9000
;AFTER_LAYER_CHANGE
;7.7
G1 Z7.7
G1 X116.145 Y115.17
G1 E2 F2400
;TYPE:Perimeter
;WIDTH:0.659999
G1 F900
G1 X115.994 Y115.189 E.00781
G1 X115.407 Y115.204 E.03013
G1 X114.822 Y115.16 E.0301
G1 X114.244 Y115.058 E.03012
G1 X113.68 Y114.899 E.03007
G1 X113.133 Y114.684 E.03016
G1 X112.611 Y114.417 E.03008
G1 X112.118 Y114.098 E.03013
G1 X111.66 Y113.733 E.03005
G1 X111.24 Y113.323 E.03012
G1 X110.862 Y112.873 E.03015
G1 X110.532 Y112.389 E.03006
G1 X110.251 Y111.873 E.03015
G1 X110.023 Y111.333 E.03008
G1 X109.85 Y110.772 E.03012
G1 X109.734 Y110.197 E.0301
G1 X109.676 Y109.613 E.03011
G1 X109.676 Y109.026 E.03012
G1 X109.734 Y108.442 E.03011
G1 X109.85 Y107.867 E.0301
G1 X110.023 Y107.307 E.03007
G1 X110.251 Y106.766 E.03012
G1 X110.532 Y106.251 E.0301
G1 X110.862 Y105.766 E.0301
G1 X111.24 Y105.316 E.03015
G1 X111.66 Y104.907 E.03008
G1 X112.118 Y104.541 E.03008
G1 X112.611 Y104.222 E.03013
G1 X113.133 Y103.955 E.03008
G1 X113.68 Y103.74 E.03016
G1 X114.244 Y103.581 E.03007
G1 X114.822 Y103.479 E.03012
G1 X115.396 Y103.436 E.02953
G1 X115.978 Y103.465 E.0299
G1 X116.612 Y103.537 E.03274
G1 X117.16 Y103.665 E.02887
G1 X117.709 Y103.85 E.02973
G1 X118.24 Y104.091 E.02992
G1 X118.746 Y104.383 E.02998
G1 X119.221 Y104.725 E.03003
G1 X119.66 Y105.113 E.03006
G1 X120.058 Y105.542 E.03003
G1 X120.412 Y106.009 E.03007
G1 X120.717 Y106.51 E.0301
G1 X120.972 Y107.038 E.03009
G1 X121.172 Y107.589 E.03008
G1 X121.317 Y108.158 E.03013
G1 X121.404 Y108.739 E.03014
G1 X121.433 Y109.315 E.02959
G1 X121.433 Y109.613 E.01529
G1 X121.374 Y110.197 E.03012
G1 X121.258 Y110.772 E.0301
G1 X121.088 Y111.322 E.02954
G1 X120.717 Y112.144 E.04627
G1 X120.417 Y112.635 E.02952
G1 X120.063 Y113.103 E.03011
G1 X119.664 Y113.533 E.0301
G1 X119.224 Y113.921 E.0301
G1 X118.747 Y114.264 E.03015
G1 X118.239 Y114.557 E.03009
G1 X117.704 Y114.798 E.03011
G1 X117.148 Y114.985 E.0301
G1 X116.576 Y115.116 E.03011
G1 X116.234 Y115.159 E.01769
G1 X116.294 Y115.758 F9000
;TYPE:External perimeter
;WIDTH:0.629999
G1 F900
G1 X116.039 Y115.79 E.01255
G1 X115.392 Y115.806 E.03159
G1 X114.747 Y115.758 E.03157
G1 X114.11 Y115.645 E.03158
G1 X113.488 Y115.47 E.03154
G1 X112.886 Y115.234 E.03156
G1 X112.31 Y114.939 E.03159
G1 X111.767 Y114.588 E.03156
G1 X111.261 Y114.185 E.03158
G1 X110.798 Y113.733 E.03159
G1 X110.382 Y113.237 E.0316
G1 X110.018 Y112.703 E.03155
G1 X109.708 Y112.135 E.03159
G1 X109.457 Y111.539 E.03157
G1 X109.266 Y110.921 E.03158
G1 X109.138 Y110.287 E.03157
G1 X109.074 Y109.643 E.03159
G1 X109.074 Y108.996 E.03158
G1 X109.138 Y108.353 E.03154
G1 X109.266 Y107.718 E.03162
G1 X109.457 Y107.1 E.03158
G1 X109.708 Y106.504 E.03157
G1 X110.018 Y105.936 E.03159
G1 X110.382 Y105.402 E.03155
G1 X110.798 Y104.906 E.0316
G1 X111.261 Y104.455 E.03155
G1 X111.766 Y104.051 E.03157
G1 X112.31 Y103.7 E.0316
G1 X112.886 Y103.405 E.03159
G1 X113.488 Y103.169 E.03156
G1 X114.11 Y102.994 E.03154
G1 X114.747 Y102.881 E.03158
G1 X115.389 Y102.833 E.03143
G1 X116.008 Y102.864 E.03025
G1 X116.717 Y102.944 E.03483
G1 X117.323 Y103.085 E.03037
G1 X117.929 Y103.29 E.03123
G1 X118.515 Y103.555 E.0314
G1 X119.073 Y103.878 E.03147
G1 X119.597 Y104.254 E.03148
G1 X120.08 Y104.682 E.0315
G1 X120.519 Y105.155 E.0315
G1 X120.909 Y105.67 E.03154
G1 X121.246 Y106.222 E.03157
G1 X121.526 Y106.804 E.03153
G1 X121.747 Y107.412 E.03158
G1 X121.907 Y108.039 E.03159
G1 X122.003 Y108.679 E.03159
G1 X122.035 Y109.315 E.03109
G1 X122.035 Y109.643 E.01601
G1 X121.97 Y110.287 E.0316
G1 X121.842 Y110.921 E.03157
G1 X121.652 Y111.536 E.03142
G1 X121.251 Y112.426 E.04765
G1 X120.915 Y112.975 E.03142
G1 X120.525 Y113.49 E.03154
G1 X120.085 Y113.965 E.03161
G1 X119.6 Y114.393 E.03158
G1 X119.075 Y114.77 E.03155
G1 X118.514 Y115.094 E.03162
G1 X117.925 Y115.36 E.03155
G1 X117.312 Y115.566 E.03157
G1 X116.681 Y115.71 E.03159
G1 X116.384 Y115.747 E.01461
G1 X116.098 Y114.697 F9000
;TYPE:Internal infill
;WIDTH:0.66
G1 F900
G1 X117.019 Y114.527 E.04806
G1 X118.022 Y114.134 E.05527
G1 X118.927 Y113.549 E.05529
G1 X119.378 Y113.143 E.03114
G1 X111.733 Y105.499 E.55471
G1 X112.396 Y104.927 E.04493
G1 X113.329 Y104.388 E.05529
G1 X114.35 Y104.045 E.05527
G1 X115.402 Y103.913 E.0544
G1 X116.244 Y103.955 E.04326
G1 X117.277 Y104.191 E.05437
G1 X118.259 Y104.634 E.05528
G1 X119.134 Y105.263 E.05529
G1 X119.375 Y105.499 E.01731
G1 X111.733 Y113.141 E.55453
G1 X111.242 Y112.586 E.03802
G1 X110.68 Y111.667 E.05527
G1 X110.311 Y110.655 E.05527
G1 X110.178 Y109.863 E.04121
;LAYER_CHANGE
;Z:7.9
;HEIGHT:0.2
;BEFORE_LAYER_CHANGE
G92 E0
;7.9


G1 E-1.4 F3600
;WIPE_START
G1 F7200
G1 X110.311 Y110.655 E-.38147
G1 X110.469 Y111.087 E-.21853
;WIPE_END
G1 Z7.9 F9000
;AFTER_LAYER_CHANGE
;7.9
G1 Z7.9
G1 X109.707 Y109.922
G1 E2 F2400
;TYPE:Perimeter
;WIDTH:0.659999
G1 F900
G1 X109.676 Y109.613 E.01593
G1 X109.676 Y109.026 E.03012
G1 X109.734 Y108.442 E.03011
G1 X109.85 Y107.867 E.0301
G1 X110.023 Y107.307 E.03007
G1 X110.251 Y106.766 E.03012
G1 X110.532 Y106.251 E.0301
G1 X110.862 Y105.766 E.0301
G1 X111.24 Y105.316 E.03015
G1 X111.66 Y104.907 E.03008
G1 X112.118 Y104.541 E.03008
G1 X112.611 Y104.222 E.03013
G1 X113.133 Y103.955 E.03008
G1 X113.68 Y103.74 E.03016
G1 X114.244 Y103.581 E.03007
G1 X114.822 Y103.479 E.03012
G1 X115.396 Y103.436 E.02953
G1 X115.978 Y103.465 E.0299
G1 X116.612 Y103.537 E.03274
G1 X117.16 Y103.665 E.02887
G1 X117.709 Y103.85 E.02973
G1 X118.24 Y104.091 E.02992
G1 X118.746 Y104.383 E.02998
G1 X119.221 Y104.725 E.03003
G1 X119.66 Y105.113 E.03006
G1 X120.058 Y105.542 E.03003
G1 X120.412 Y106.009 E.03007
G1 X120.717 Y106.51 E.0301
G1 X120.972 Y107.038 E.03009
G1 X121.172 Y107.589 E.03008
G1 X121.317 Y108.158 E.03013
G1 X121.404 Y108.739 E.03014
G1 X121.433 Y109.315 E.02959
G1 X121.433 Y109.613 E.01529
G1 X121.374 Y110.197 E.03012
G1 X121.258 Y110.772 E.0301
G1 X121.088 Y111.322 E.02954
G1 X120.717 Y112.144 E.04627
G1 X120.417 Y112.635 E.02952
G1 X120.063 Y113.103 E.03011
G1 X119.664 Y113.533 E.0301
G1 X119.224 Y113.921 E.0301
G1 X118.747 Y114.264 E.03015
G1 X118.239 Y114.557 E.03009
G1 X117.704 Y114.798 E.03011
G1 X117.148 Y114.985 E.0301
G1 X116.576 Y115.116 E.03011
G1 X115.994 Y115.189 E.0301
G1 X115.407 Y115.204 E.03013
G1 X114.822 Y115.16 E.0301
G1 X114.244 Y115.058 E.03012
G1 X113.68 Y114.899 E.03007
G1 X113.133 Y114.684 E.03016
G1 X112.611 Y114.417 E.03008
G1 X112.118 Y114.098 E.03013
G1 X111.66 Y113.733 E.03005
G1 X111.24 Y113.323 E.03012
G1 X110.862 Y112.873 E.03015
G1 X110.532 Y112.389 E.03006
G1 X110.251 Y111.873 E.03015
G1 X110.023 Y111.333 E.03008
G1 X109.85 Y110.772 E.03012
G1 X109.734 Y110.197 E.0301
G1 X109.716 Y110.012 E.00954
G1 X109.118 Y110.087 F9000
;TYPE:External perimeter
;WIDTH:0.629999
G1 F900
G1 X109.074 Y109.643 E.02178
G1 X109.074 Y108.996 E.03158
G1 X109.138 Y108.353 E.03154
G1 X109.266 Y107.718 E.03162
G1 X109.457 Y107.1 E.03158
G1 X109.708 Y106.504 E.03157
G1 X110.018 Y105.936 E.03159
G1 X110.382 Y105.402 E.03155
G1 X110.798 Y104.906 E.0316
G1 X111.261 Y104.455 E.03155
G1 X111.766 Y104.051 E.03157
G1 X112.31 Y103.7 E.0316
G1 X112.886 Y103.405 E.03159
G1 X113.488 Y103.169 E.03156
G1 X114.11 Y102.994 E.03154
G1 X114.747 Y102.881 E.03158
G1 X115.389 Y102.833 E.03143
G1 X116.008 Y102.864 E.03025
G1 X116.717 Y102.944 E.03483
G1 X117.323 Y103.085 E.03037
G1 X117.929 Y103.29 E.03123
G1 X118.515 Y103.555 E.0314
G1 X119.073 Y103.878 E.03147
G1 X119.597 Y104.254 E.03148
G1 X120.08 Y104.682 E.0315
G1 X120.519 Y105.155 E.0315
G1 X120.909 Y105.67 E.03154
G1 X121.246 Y106.222 E.03157
G1 X121.526 Y106.804 E.03153
G1 X121.747 Y107.412 E.03158
G1 X121.907 Y108.039 E.03159
G1 X122.003 Y108.679 E.03159
G1 X122.035 Y109.315 E.03109
G1 X122.035 Y109.643 E.01601
G1 X121.97 Y110.287 E.0316
G1 X121.842 Y110.921 E.03157
G1 X121.652 Y111.536 E.03142
G1 X121.251 Y112.426 E.04765
G1 X120.915 Y112.975 E.03142
G1 X120.525 Y113.49 E.03154
G1 X120.085 Y113.965 E.03161
G1 X119.6 Y114.393 E.03158
G1 X119.075 Y114.77 E.03155
G1 X118.514 Y115.094 E.03162
G1 X117.925 Y115.36 E.03155
G1 X117.312 Y115.566 E.03157
G1 X116.681 Y115.71 E.03159
G1 X116.039 Y115.79 E.03158
G1 X115.392 Y115.806 E.03159
G1 X114.747 Y115.758 E.03157
G1 X114.11 Y115.645 E.03158
G1 X113.488 Y115.47 E.03154
G1 X112.886 Y115.234 E.03156
G1 X112.31 Y114.939 E.03159
G1 X111.766 Y114.588 E.0316
G1 X111.261 Y114.185 E.03154
G1 X110.798 Y113.733 E.03159
G1 X110.382 Y113.237 E.0316
G1 X110.018 Y112.703 E.03155
G1 X109.708 Y112.135 E.03159
G1 X109.457 Y111.539 E.03157
G1 X109.266 Y110.921 E.03158
G1 X109.138 Y110.287 E.03157
G1 X109.127 Y110.176 E.00545
G1 X110.178 Y109.863 F9000
;TYPE:Internal infill
;WIDTH:0.66
G1 F900
G1 X110.311 Y110.655 E.04121
G1 X110.68 Y111.667 E.05527
G1 X111.242 Y112.586 E.05527
G1 X111.733 Y113.141 E.03802
G1 X119.375 Y105.499 E.55453
G1 X119.134 Y105.263 E.01731
G1 X118.259 Y104.634 E.05529
G1 X117.277 Y104.191 E.05528
G1 X116.244 Y103.955 E.05437
G1 X115.402 Y103.913 E.04326
G1 X114.35 Y104.045 E.0544
G1 X113.329 Y104.388 E.05527
G1 X112.396 Y104.927 E.05529
G1 X111.733 Y105.499 E.04493
G1 X119.378 Y113.143 E.55471
G1 X118.927 Y113.549 E.03114
G1 X118.022 Y114.134 E.05529
G1 X117.019 Y114.527 E.05527
G1 X116.098 Y114.697 E.04806
;LAYER_CHANGE
;Z:8.1
;HEIGHT:0.2
;BEFORE_LAYER_CHANGE
G92 E0
;8.1


G1 E-1.4 F3600
;WIPE_START
G1 F7200
G1 X117.019 Y114.527 E-.44487
G1 X117.323 Y114.408 E-.15513
;WIPE_END
G1 Z8.1 F9000
;AFTER_LAYER_CHANGE
;8.1
G1 Z8.1
G1 X116.145 Y115.17
G1 E2 F2400
;TYPE:Perimeter
;WIDTH:0.659999
G1 F900
G1 X115.994 Y115.189 E.00781
G1 X115.407 Y115.204 E.03013
G1 X114.822 Y115.16 E.0301
G1 X114.244 Y115.058 E.03012
G1 X113.68 Y114.899 E.03007
G1 X113.133 Y114.684 E.03016
G1 X112.611 Y114.417 E.03008
G1 X112.118 Y114.098 E.03013
G1 X111.66 Y113.733 E.03005
G1 X111.24 Y113.323 E.03012
G1 X110.862 Y112.873 E.03015
G1 X110.532 Y112.389 E.03006
G1 X110.251 Y111.873 E.03015
G1 X110.023 Y111.333 E.03008
G1 X109.85 Y110.772 E.03012
G1 X109.734 Y110.197 E.0301
G1 X109.676 Y109.613 E.03011
G1 X109.676 Y109.026 E.03012
G1 X109.734 Y108.442 E.03011
G1 X109.85 Y107.867 E.0301
G1 X110.023 Y107.307 E.03007
G1 X110.251 Y106.766 E.03012
G1 X110.532 Y106.251 E.0301
G1 X110.862 Y105.766 E.0301
G1 X111.24 Y105.316 E.03015
G1 X111.66 Y104.907 E.03008
G1 X112.118 Y104.541 E.03008
G1 X112.611 Y104.222 E.03013
G1 X113.133 Y103.955 E.03008
G1 X113.68 Y103.74 E.03016
G1 X114.244 Y103.581 E.03007
G1 X114.822 Y103.479 E.03012
G1 X115.396 Y103.436 E.02953
G1 X115.978 Y103.465 E.0299
G1 X116.612 Y103.537 E.03274
G1 X117.16 Y103.665 E.02887
G1 X117.709 Y103.85 E.02973
G1 X118.24 Y104.091 E.02992
G1 X118.746 Y104.383 E.02998
G1 X119.221 Y104.725 E.03003
G1 X119.66 Y105.113 E.03006
G1 X120.058 Y105.542 E.03003
G1 X120.412 Y106.009 E.03007
G1 X120.717 Y106.51 E.0301
G1 X120.972 Y107.038 E.03009
G1 X121.172 Y107.589 E.03008
G1 X121.317 Y108.158 E.03013
G1 X121.404 Y108.739 E.03014
G1 X121.433 Y109.315 E.02959
G1 X121.433 Y109.613 E.01529
G1 X121.374 Y110.197 E.03012
G1 X121.258 Y110.772 E.0301
G1 X121.088 Y111.322 E.02954
G1 X120.717 Y112.144 E.04627
G1 X120.417 Y112.635 E.02952
G1 X120.063 Y113.103 E.03011
G1 X119.664 Y113.533 E.0301
G1 X119.224 Y113.921 E.0301
G1 X118.747 Y114.264 E.03015
G1 X118.239 Y114.557 E.03009
G1 X117.704 Y114.798 E.03011
G1 X117.148 Y114.985 E.0301
G1 X116.576 Y115.116 E.03011
G1 X116.234 Y115.159 E.01769
G1 X116.294 Y115.758 F9000
;TYPE:External perimeter
;WIDTH:0.629999
G1 F900
G1 X116.039 Y115.79 E.01255
G1 X115.392 Y115.806 E.03159
G1 X114.747 Y115.758 E.03157
G1 X114.11 Y115.645 E.03158
G1 X113.488 Y115.47 E.03154
G1 X112.886 Y115.234 E.03156
G1 X112.31 Y114.939 E.03159
G1 X111.767 Y114.588 E.03156
G1 X111.261 Y114.185 E.03158
G1 X110.798 Y113.733 E.03159
G1 X110.382 Y113.237 E.0316
G1 X110.018 Y112.703 E.03155
G1 X109.708 Y112.135 E.03159
G1 X109.457 Y111.539 E.03157
G1 X109.266 Y110.921 E.03158
G1 X109.138 Y110.287 E.03157
G1 X109.074 Y109.643 E.03159
G1 X109.074 Y108.996 E.03158
G1 X109.138 Y108.353 E.03154
G1 X109.266 Y107.718 E.03162
G1 X109.457 Y107.1 E.03158
G1 X109.708 Y106.504 E.03157
G1 X110.018 Y105.936 E.03159
G1 X110.382 Y105.402 E.03155
G1 X110.798 Y104.906 E.0316
G1 X111.261 Y104.455 E.03155
G1 X111.766 Y104.051 E.03157
G1 X112.31 Y103.7 E.0316
G1 X112.886 Y103.405 E.03159
G1 X113.488 Y103.169 E.03156
G1 X114.11 Y102.994 E.03154
G1 X114.747 Y102.881 E.03158
G1 X115.389 Y102.833 E.03143
G1 X116.008 Y102.864 E.03025
G1 X116.717 Y102.944 E.03483
G1 X117.323 Y103.085 E.03037
G1 X117.929 Y103.29 E.03123
G1 X118.515 Y103.555 E.0314
G1 X119.073 Y103.878 E.03147
G1 X119.597 Y104.254 E.03148
G1 X120.08 Y104.682 E.0315
G1 X120.519 Y105.155 E.0315
G1 X120.909 Y105.67 E.03154
G1 X121.246 Y106.222 E.03157
G1 X121.526 Y106.804 E.03153
G1 X121.747 Y107.412 E.03158
G1 X121.907 Y108.039 E.03159
G1 X122.003 Y108.679 E.03159
G1 X122.035 Y109.315 E.03109
G1 X122.035 Y109.643 E.01601
G1 X121.97 Y110.287 E.0316
G1 X121.842 Y110.921 E.03157
G1 X121.652 Y111.536 E.03142
G1 X121.251 Y112.426 E.04765
G1 X120.915 Y112.975 E.03142
G1 X120.525 Y113.49 E.03154
G1 X120.085 Y113.965 E.03161
G1 X119.6 Y114.393 E.03158
G1 X119.075 Y114.77 E.03155
G1 X118.514 Y115.094 E.03162
G1 X117.925 Y115.36 E.03155
G1 X117.312 Y115.566 E.03157
G1 X116.681 Y115.71 E.03159
G1 X116.384 Y115.747 E.01461
G1 X116.098 Y114.697 F9000
;TYPE:Internal infill
;WIDTH:0.66
G1 F900
G1 X117.019 Y114.527 E.04806
G1 X118.022 Y114.134 E.05527
G1 X118.927 Y113.549 E.05529
G1 X119.378 Y113.143 E.03114
G1 X111.733 Y105.499 E.55471
G1 X112.396 Y104.927 E.04493
G1 X113.329 Y104.388 E.05529
G1 X114.35 Y104.045 E.05527
G1 X115.402 Y103.913 E.0544
G1 X116.244 Y103.955 E.04326
G1 X117.277 Y104.191 E.05437
G1 X118.259 Y104.634 E.05528
G1 X119.134 Y105.263 E.05529
G1 X119.375 Y105.499 E.01731
G1 X111.733 Y113.141 E.55453
G1 X111.242 Y112.586 E.03802
G1 X110.68 Y111.667 E.05527
G1 X110.311 Y110.655 E.05527
G1 X110.178 Y109.863 E.04121
;LAYER_CHANGE
;Z:8.3
;HEIGHT:0.2
;BEFORE_LAYER_CHANGE
G92 E0
;8.3


G1 E-1.4 F3600
;WIPE_START
G1 F7200
G1 X110.311 Y110.655 E-.38147
G1 X110.469 Y111.087 E-.21853
;WIPE_END
G1 Z8.3 F9000
;AFTER_LAYER_CHANGE
;8.3
G1 Z8.3
G1 X109.707 Y109.922
G1 E2 F2400
;TYPE:Perimeter
;WIDTH:0.659999
G1 F900
G1 X109.676 Y109.613 E.01593
G1 X109.676 Y109.026 E.03012
G1 X109.734 Y108.442 E.03011
G1 X109.85 Y107.867 E.0301
G1 X110.023 Y107.307 E.03007
G1 X110.251 Y106.766 E.03012
G1 X110.532 Y106.251 E.0301
G1 X110.862 Y105.766 E.0301
G1 X111.24 Y105.316 E.03015
G1 X111.66 Y104.907 E.03008
G1 X112.118 Y104.541 E.03008
G1 X112.611 Y104.222 E.03013
G1 X113.133 Y103.955 E.03008
G1 X113.68 Y103.74 E.03016
G1 X114.244 Y103.581 E.03007
G1 X114.822 Y103.479 E.03012
G1 X115.396 Y103.436 E.02953
G1 X115.978 Y103.465 E.0299
G1 X116.612 Y103.537 E.03274
G1 X117.16 Y103.665 E.02887
G1 X117.709 Y103.85 E.02973
G1 X118.24 Y104.091 E.02992
G1 X118.746 Y104.383 E.02998
G1 X119.221 Y104.725 E.03003
G1 X119.66 Y105.113 E.03006
G1 X120.058 Y105.542 E.03003
G1 X120.412 Y106.009 E.03007
G1 X120.717 Y106.509 E.03005
G1 X120.971 Y107.037 E.03006
G1 X121.172 Y107.588 E.03009
G1 X121.316 Y108.155 E.03002
G1 X121.403 Y108.735 E.03009
G1 X121.433 Y109.319 E.03
G1 X121.403 Y109.905 E.03011
G1 X121.316 Y110.485 E.03009
G1 X121.16 Y111.09 E.03206
G1 X120.98 Y111.587 E.02712
G1 X120.725 Y112.131 E.03083
G1 X120.417 Y112.635 E.03031
G1 X120.063 Y113.103 E.03011
G1 X119.664 Y113.533 E.0301
G1 X119.224 Y113.921 E.0301
G1 X118.747 Y114.264 E.03015
G1 X118.239 Y114.557 E.03009
G1 X117.704 Y114.798 E.03011
G1 X117.148 Y114.985 E.0301
G1 X116.576 Y115.116 E.03011
G1 X115.994 Y115.189 E.0301
G1 X115.407 Y115.204 E.03013
G1 X114.822 Y115.16 E.0301
G1 X114.244 Y115.058 E.03012
G1 X113.68 Y114.899 E.03007
G1 X113.133 Y114.684 E.03016
G1 X112.611 Y114.417 E.03008
G1 X112.118 Y114.098 E.03013
G1 X111.66 Y113.733 E.03005
G1 X111.24 Y113.323 E.03012
G1 X110.862 Y112.873 E.03015
G1 X110.532 Y112.389 E.03006
G1 X110.251 Y111.873 E.03015
G1 X110.023 Y111.333 E.03008
G1 X109.85 Y110.772 E.03012
G1 X109.734 Y110.197 E.0301
G1 X109.716 Y110.012 E.00954
G1 X109.118 Y110.087 F9000
;TYPE:External perimeter
;WIDTH:0.629999
G1 F900
G1 X109.074 Y109.643 E.02178
G1 X109.074 Y108.996 E.03158
G1 X109.138 Y108.353 E.03154
G1 X109.266 Y107.718 E.03162
G1 X109.457 Y107.1 E.03158
G1 X109.708 Y106.504 E.03157
G1 X110.018 Y105.936 E.03159
G1 X110.382 Y105.402 E.03155
G1 X110.798 Y104.906 E.0316
G1 X111.261 Y104.455 E.03155
G1 X111.767 Y104.051 E.03161
G1 X112.31 Y103.7 E.03156
G1 X112.886 Y103.405 E.03159
G1 X113.488 Y103.169 E.03156
G1 X114.11 Y102.994 E.03154
G1 X114.747 Y102.881 E.03158
G1 X115.389 Y102.833 E.03143
G1 X116.008 Y102.864 E.03025
G1 X116.717 Y102.944 E.03483
G1 X117.323 Y103.085 E.03037
G1 X117.929 Y103.29 E.03123
G1 X118.515 Y103.555 E.0314
G1 X119.073 Y103.878 E.03147
G1 X119.597 Y104.254 E.03148
G1 X120.08 Y104.682 E.0315
G1 X120.519 Y105.155 E.0315
G1 X120.909 Y105.67 E.03154
G1 X121.246 Y106.221 E.03153
G1 X121.526 Y106.803 E.03153
G1 X121.747 Y107.41 E.03153
G1 X121.906 Y108.036 E.03153
G1 X122.003 Y108.675 E.03155
G1 X122.035 Y109.319 E.03148
G1 X122.002 Y109.965 E.03158
G1 X121.906 Y110.604 E.03154
G1 X121.735 Y111.268 E.03347
G1 X121.537 Y111.817 E.02849
G1 X121.253 Y112.422 E.03263
G1 X120.915 Y112.975 E.03164
G1 X120.525 Y113.49 E.03154
G1 X120.085 Y113.965 E.03161
G1 X119.6 Y114.393 E.03158
G1 X119.075 Y114.77 E.03155
G1 X118.514 Y115.094 E.03162
G1 X117.925 Y115.36 E.03155
G1 X117.312 Y115.566 E.03157
G1 X116.681 Y115.71 E.03159
G1 X116.039 Y115.79 E.03158
G1 X115.392 Y115.806 E.03159
G1 X114.747 Y115.758 E.03157
G1 X114.11 Y115.645 E.03158
G1 X113.488 Y115.47 E.03154
G1 X112.886 Y115.234 E.03156
G1 X112.31 Y114.939 E.03159
G1 X111.767 Y114.588 E.03156
G1 X111.261 Y114.185 E.03158
G1 X110.798 Y113.733 E.03159
G1 X110.382 Y113.237 E.0316
G1 X110.018 Y112.703 E.03155
G1 X109.708 Y112.135 E.03159
G1 X109.457 Y111.539 E.03157
G1 X109.266 Y110.921 E.03158
G1 X109.138 Y110.287 E.03157
G1 X109.127 Y110.176 E.00545
G1 X110.178 Y109.863 F9000
;TYPE:Internal infill
;WIDTH:0.66
G1 F900
G1 X110.311 Y110.655 E.04121
G1 X110.68 Y111.667 E.05527
G1 X111.242 Y112.586 E.05527
G1 X111.733 Y113.141 E.03802
G1 X119.375 Y105.499 E.55453
G1 X118.712 Y104.927 E.04493
G1 X117.779 Y104.388 E.05529
G1 X116.758 Y104.045 E.05527
G1 X116.244 Y103.955 E.02677
G1 X115.402 Y103.913 E.04326
G1 X114.35 Y104.045 E.0544
G1 X113.329 Y104.388 E.05527
G1 X112.396 Y104.927 E.05529
G1 X111.733 Y105.499 E.04493
G1 X119.378 Y113.143 E.55471
G1 X120.024 Y112.367 E.05181
G1 X120.479 Y111.556 E.04771
G1 X120.797 Y110.655 E.04903
G1 X120.93 Y109.863 E.04121
;LAYER_CHANGE
;Z:8.5
;HEIGHT:0.2
;BEFORE_LAYER_CHANGE
G92 E0
;8.5


G1 E-1.4 F3600
;WIPE_START
G1 F7200
G1 X120.797 Y110.655 E-.38147
G1 X120.644 Y111.089 E-.21853
;WIPE_END
G1 Z8.5 F9000
;AFTER_LAYER_CHANGE
;8.5
G1 Z8.5
G1 X121.402 Y109.922
G1 E2 F2400
;TYPE:Perimeter
;WIDTH:0.659999
G1 F900
G1 X121.374 Y110.197 E.01418
G1 X121.258 Y110.772 E.0301
G1 X121.085 Y111.333 E.03012
G1 X120.861 Y111.863 E.02952
G1 X120.41 Y112.644 E.04628
G1 X120.063 Y113.103 E.02952
G1 X119.664 Y113.533 E.0301
G1 X119.224 Y113.921 E.0301
G1 X118.747 Y114.264 E.03015
G1 X118.239 Y114.557 E.03009
G1 X117.704 Y114.798 E.03011
G1 X117.148 Y114.985 E.0301
G1 X116.576 Y115.116 E.03011
G1 X115.994 Y115.189 E.0301
G1 X115.407 Y115.204 E.03013
G1 X114.822 Y115.16 E.0301
G1 X114.244 Y115.058 E.03012
G1 X113.68 Y114.899 E.03007
G1 X113.133 Y114.684 E.03016
G1 X112.611 Y114.417 E.03008
G1 X112.118 Y114.098 E.03013
G1 X111.66 Y113.733 E.03005
G1 X111.24 Y113.323 E.03012
G1 X110.862 Y112.873 E.03015
G1 X110.532 Y112.389 E.03006
G1 X110.251 Y111.873 E.03015
G1 X110.023 Y111.333 E.03008
G1 X109.85 Y110.772 E.03012
G1 X109.734 Y110.197 E.0301
G1 X109.676 Y109.613 E.03011
G1 X109.676 Y109.026 E.03012
G1 X109.734 Y108.442 E.03011
G1 X109.85 Y107.867 E.0301
G1 X110.023 Y107.307 E.03007
G1 X110.251 Y106.766 E.03012
G1 X110.532 Y106.251 E.0301
G1 X110.862 Y105.766 E.0301
G1 X111.24 Y105.316 E.03015
G1 X111.66 Y104.907 E.03008
G1 X112.118 Y104.541 E.03008
G1 X112.611 Y104.222 E.03013
G1 X113.133 Y103.955 E.03008
G1 X113.68 Y103.74 E.03016
G1 X114.244 Y103.581 E.03007
G1 X114.822 Y103.479 E.03012
G1 X115.411 Y103.435 E.03031
G1 X116.029 Y103.458 E.03173
G1 X116.575 Y103.531 E.02826
G1 X117.147 Y103.661 E.0301
G1 X117.702 Y103.848 E.03005
G1 X118.236 Y104.089 E.03006
G1 X118.744 Y104.382 E.03009
G1 X119.22 Y104.724 E.03007
G1 X119.659 Y105.112 E.03006
G1 X120.058 Y105.542 E.0301
G1 X120.412 Y106.009 E.03007
G1 X120.717 Y106.509 E.03005
G1 X120.972 Y107.037 E.03009
G1 X121.172 Y107.589 E.03013
G1 X121.317 Y108.157 E.03008
G1 X121.404 Y108.738 E.03014
G1 X121.433 Y109.316 E.02969
G1 X121.433 Y109.613 E.01524
G1 X121.411 Y109.833 E.01134
G1 X122.011 Y109.878 F9000
;TYPE:External perimeter
;WIDTH:0.629999
G1 F900
G1 X121.97 Y110.287 E.02007
G1 X121.842 Y110.921 E.03157
G1 X121.651 Y111.539 E.03158
G1 X121.402 Y112.132 E.0314
G1 X120.913 Y112.978 E.0477
G1 X120.525 Y113.49 E.03136
G1 X120.085 Y113.965 E.03161
G1 X119.6 Y114.393 E.03158
G1 X119.075 Y114.77 E.03155
G1 X118.514 Y115.094 E.03162
G1 X117.925 Y115.36 E.03155
G1 X117.312 Y115.566 E.03157
G1 X116.681 Y115.71 E.03159
G1 X116.039 Y115.79 E.03158
G1 X115.392 Y115.806 E.03159
G1 X114.747 Y115.758 E.03157
G1 X114.11 Y115.645 E.03158
G1 X113.488 Y115.47 E.03154
G1 X112.886 Y115.234 E.03156
G1 X112.31 Y114.939 E.03159
G1 X111.767 Y114.588 E.03156
G1 X111.261 Y114.185 E.03158
G1 X110.798 Y113.733 E.03159
G1 X110.382 Y113.237 E.0316
G1 X110.018 Y112.703 E.03155
G1 X109.708 Y112.135 E.03159
G1 X109.457 Y111.539 E.03157
G1 X109.266 Y110.921 E.03158
G1 X109.138 Y110.287 E.03157
G1 X109.074 Y109.643 E.03159
G1 X109.074 Y108.996 E.03158
G1 X109.138 Y108.353 E.03154
G1 X109.266 Y107.718 E.03162
G1 X109.457 Y107.1 E.03158
G1 X109.708 Y106.504 E.03157
G1 X110.018 Y105.936 E.03159
G1 X110.382 Y105.402 E.03155
G1 X110.798 Y104.906 E.0316
G1 X111.261 Y104.455 E.03155
G1 X111.766 Y104.051 E.03157
G1 X112.31 Y103.7 E.0316
G1 X112.886 Y103.405 E.03159
G1 X113.488 Y103.169 E.03156
G1 X114.11 Y102.994 E.03154
G1 X114.747 Y102.881 E.03158
G1 X115.394 Y102.833 E.03167
G1 X116.079 Y102.858 E.03346
G1 X116.68 Y102.938 E.0296
G1 X117.31 Y103.081 E.03154
G1 X117.922 Y103.287 E.03152
G1 X118.511 Y103.553 E.03155
G1 X119.071 Y103.876 E.03156
G1 X119.595 Y104.253 E.03151
G1 X120.08 Y104.681 E.03158
G1 X120.519 Y105.155 E.03154
G1 X120.909 Y105.67 E.03154
G1 X121.246 Y106.221 E.03153
G1 X121.526 Y106.804 E.03157
G1 X121.747 Y107.411 E.03153
G1 X121.907 Y108.038 E.03159
G1 X122.003 Y108.678 E.03159
G1 X122.035 Y109.316 E.03118
G1 X122.035 Y109.643 E.01596
G1 X122.02 Y109.788 E.00712
G1 E-1.4 F3600
;WIPE_START
G1 F7200
G1 X122.011 Y109.878 E-.04296
G1 X121.97 Y110.287 E-.19525
G1 X121.842 Y110.921 E-.30723
G1 X121.808 Y111.031 E-.05456
;WIPE_END
G1 Z10.5 F9000
G1 X115.011 Y114.697
G1 Z8.5
G1 E2 F2400
;TYPE:Internal infill
;WIDTH:0.66
G1 F900
G1 X114.35 Y114.594 E.03433
G1 X113.329 Y114.251 E.05527
G1 X112.396 Y113.712 E.05529
G1 X111.733 Y113.141 E.0449
G1 X119.375 Y105.499 E.55453
G1 X119.867 Y106.053 E.03802
G1 X120.17 Y106.499 E.02767
G1 X120.638 Y107.469 E.05526
G1 X120.904 Y108.513 E.05528
G1 X120.957 Y109.589 E.05528
G1 X120.797 Y110.655 E.05531
G1 X120.435 Y111.651 E.05438
G1 X120.014 Y112.381 E.04324
G1 X119.378 Y113.143 E.05093
G1 X111.733 Y105.499 E.55471
G1 X111.242 Y106.053 E.03798
G1 X110.68 Y106.972 E.05527
G1 X110.311 Y107.985 E.05532
G1 X110.178 Y108.776 E.04116
;LAYER_CHANGE
;Z:8.7
;HEIGHT:0.2
;BEFORE_LAYER_CHANGE
G92 E0
;8.7


G1 E-1.4 F3600
;WIPE_START
G1 F7200
G1 X110.311 Y107.985 E-.381
G1 X110.469 Y107.552 E-.219
;WIPE_END
G1 Z8.7 F9000
;AFTER_LAYER_CHANGE
;8.7
G1 Z8.7
G1 X109.707 Y108.717
G1 E2 F2400
;TYPE:Perimeter
;WIDTH:0.659999
G1 F900
G1 X109.734 Y108.442 E.01418
G1 X109.85 Y107.867 E.0301
G1 X110.023 Y107.307 E.03007
G1 X110.251 Y106.766 E.03012
G1 X110.532 Y106.251 E.0301
G1 X110.862 Y105.766 E.0301
G1 X111.24 Y105.316 E.03015
G1 X111.66 Y104.907 E.03008
G1 X112.118 Y104.541 E.03008
G1 X112.611 Y104.222 E.03013
G1 X113.133 Y103.955 E.03008
G1 X113.68 Y103.74 E.03016
G1 X114.244 Y103.581 E.03007
G1 X114.822 Y103.479 E.03012
G1 X115.411 Y103.435 E.03031
G1 X116.033 Y103.458 E.03194
G1 X116.575 Y103.53 E.02805
G1 X117.146 Y103.661 E.03006
G1 X117.702 Y103.848 E.0301
G1 X118.236 Y104.089 E.03006
G1 X118.744 Y104.382 E.03009
G1 X119.22 Y104.724 E.03007
G1 X119.659 Y105.112 E.03006
G1 X120.057 Y105.541 E.03003
G1 X120.411 Y106.008 E.03007
G1 X120.717 Y106.509 E.03012
G1 X120.971 Y107.036 E.03002
G1 X121.172 Y107.587 E.03009
G1 X121.316 Y108.155 E.03007
G1 X121.403 Y108.735 E.03009
G1 X121.433 Y109.319 E.03
G1 X121.433 Y109.613 E.01509
G1 X121.374 Y110.197 E.03012
G1 X121.258 Y110.772 E.0301
G1 X121.085 Y111.333 E.03012
G1 X120.857 Y111.873 E.03008
G1 X120.576 Y112.389 E.03015
G1 X120.246 Y112.873 E.03006
G1 X119.869 Y113.323 E.03012
G1 X119.449 Y113.733 E.03012
G1 X118.99 Y114.098 E.03009
G1 X118.497 Y114.417 E.03013
G1 X117.975 Y114.684 E.03008
G1 X117.429 Y114.899 E.03011
G1 X116.864 Y115.058 E.03012
G1 X116.286 Y115.16 E.03012
G1 X115.701 Y115.204 E.0301
G1 X115.114 Y115.189 E.03013
G1 X114.532 Y115.116 E.0301
G1 X113.96 Y114.985 E.03011
G1 X113.404 Y114.798 E.0301
G1 X112.879 Y114.562 E.02953
G1 X112.11 Y114.091 E.04627
G1 X111.66 Y113.733 E.02951
G1 X111.24 Y113.323 E.03012
G1 X110.862 Y112.873 E.03015
G1 X110.532 Y112.389 E.03006
G1 X110.251 Y111.873 E.03015
G1 X110.023 Y111.333 E.03008
G1 X109.85 Y110.772 E.03012
G1 X109.734 Y110.197 E.0301
G1 X109.676 Y109.613 E.03011
G1 X109.676 Y109.026 E.03012
G1 X109.698 Y108.807 E.01129
G1 X109.097 Y108.762 F9000
;TYPE:External perimeter
;WIDTH:0.629999
G1 F900
G1 X109.138 Y108.353 E.02007
G1 X109.266 Y107.718 E.03162
G1 X109.457 Y107.1 E.03158
G1 X109.708 Y106.504 E.03157
G1 X110.018 Y105.936 E.03159
G1 X110.382 Y105.402 E.03155
G1 X110.798 Y104.906 E.0316
G1 X111.261 Y104.455 E.03155
G1 X111.766 Y104.051 E.03157
G1 X112.31 Y103.7 E.0316
G1 X112.886 Y103.405 E.03159
G1 X113.488 Y103.169 E.03156
G1 X114.11 Y102.994 E.03154
G1 X114.747 Y102.881 E.03158
G1 X115.394 Y102.833 E.03167
G1 X116.084 Y102.858 E.03371
G1 X116.68 Y102.938 E.02936
G1 X117.31 Y103.081 E.03154
G1 X117.922 Y103.287 E.03152
G1 X118.511 Y103.553 E.03155
G1 X119.07 Y103.876 E.03152
G1 X119.595 Y104.253 E.03155
G1 X120.079 Y104.681 E.03154
G1 X120.519 Y105.154 E.03154
G1 X120.909 Y105.669 E.03154
G1 X121.246 Y106.221 E.03157
G1 X121.526 Y106.803 E.03153
G1 X121.747 Y107.41 E.03153
G1 X121.906 Y108.036 E.03153
G1 X122.003 Y108.675 E.03155
G1 X122.035 Y109.319 E.03148
G1 X122.035 Y109.643 E.01582
G1 X121.97 Y110.287 E.0316
G1 X121.842 Y110.921 E.03157
G1 X121.651 Y111.539 E.03158
G1 X121.4 Y112.135 E.03157
G1 X121.091 Y112.703 E.03156
G1 X120.726 Y113.237 E.03158
G1 X120.311 Y113.733 E.03157
G1 X119.848 Y114.185 E.03159
G1 X119.342 Y114.588 E.03158
G1 X118.798 Y114.939 E.0316
G1 X118.223 Y115.234 E.03155
G1 X117.621 Y115.47 E.03156
G1 X116.998 Y115.645 E.03159
G1 X116.361 Y115.758 E.03158
G1 X115.716 Y115.806 E.03157
G1 X115.069 Y115.79 E.03159
G1 X114.427 Y115.71 E.03158
G1 X113.797 Y115.566 E.03155
G1 X113.184 Y115.36 E.03157
G1 X112.597 Y115.095 E.03144
G1 X111.764 Y114.586 E.04765
G1 X111.261 Y114.185 E.0314
G1 X110.798 Y113.733 E.03159
G1 X110.382 Y113.237 E.0316
G1 X110.018 Y112.703 E.03155
G1 X109.708 Y112.135 E.03159
G1 X109.457 Y111.539 E.03157
G1 X109.266 Y110.921 E.03158
G1 X109.138 Y110.287 E.03157
G1 X109.074 Y109.643 E.03159
G1 X109.074 Y108.996 E.03158
G1 X109.088 Y108.851 E.00711
G1 X110.178 Y108.776 F9000
;TYPE:Internal infill
;WIDTH:0.66
G1 F900
G1 X110.311 Y107.985 E.04116
G1 X110.68 Y106.972 E.05532
G1 X111.242 Y106.053 E.05527
G1 X111.733 Y105.499 E.03798
G1 X119.375 Y113.141 E.55453
G1 X118.712 Y113.712 E.0449
G1 X117.779 Y114.251 E.05529
G1 X116.758 Y114.594 E.05527
G1 X115.689 Y114.728 E.05528
G1 X114.615 Y114.647 E.05526
G1 X113.578 Y114.356 E.05526
G1 X113.101 Y114.141 E.02685
G1 X112.383 Y113.702 E.04318
G1 X111.733 Y113.141 E.04406
G1 X119.375 Y105.499 E.55453
G1 X119.867 Y106.053 E.03802
G1 X120.428 Y106.972 E.05525
G1 X120.797 Y107.985 E.05532
G1 X120.93 Y108.776 E.04116
;LAYER_CHANGE
;Z:8.9
;HEIGHT:0.2
;BEFORE_LAYER_CHANGE
G92 E0
;8.9


G1 E-1.4 F3600
;WIPE_START
G1 F7200
G1 X120.797 Y107.985 E-.381
G1 X120.639 Y107.552 E-.219
;WIPE_END
G1 Z8.9 F9000
;AFTER_LAYER_CHANGE
;8.9
G1 Z8.9
G1 X121.401 Y108.717
G1 E2 F2400
;TYPE:Perimeter
;WIDTH:0.659999
G1 F900
G1 X121.403 Y108.735 E.00093
G1 X121.433 Y109.319 E.03
G1 X121.433 Y109.613 E.01509
G1 X121.374 Y110.197 E.03012
G1 X121.258 Y110.772 E.0301
G1 X121.085 Y111.333 E.03012
G1 X120.857 Y111.873 E.03008
G1 X120.576 Y112.389 E.03015
G1 X120.246 Y112.873 E.03006
G1 X119.869 Y113.323 E.03012
G1 X119.449 Y113.733 E.03012
G1 X118.99 Y114.098 E.03009
G1 X118.497 Y114.417 E.03013
G1 X117.975 Y114.684 E.03008
G1 X117.429 Y114.899 E.03011
G1 X116.864 Y115.058 E.03012
G1 X116.286 Y115.16 E.03012
G1 X115.701 Y115.204 E.0301
G1 X115.114 Y115.189 E.03013
G1 X114.532 Y115.116 E.0301
G1 X113.96 Y114.985 E.03011
G1 X113.404 Y114.798 E.0301
G1 X112.879 Y114.562 E.02953
G1 X112.11 Y114.091 E.04627
G1 X111.66 Y113.733 E.02951
G1 X111.24 Y113.323 E.03012
G1 X110.862 Y112.873 E.03015
G1 X110.532 Y112.389 E.03006
G1 X110.251 Y111.873 E.03015
G1 X110.023 Y111.333 E.03008
G1 X109.85 Y110.772 E.03012
G1 X109.734 Y110.197 E.0301
G1 X109.676 Y109.613 E.03011
G1 X109.676 Y109.026 E.03012
G1 X109.734 Y108.442 E.03011
G1 X109.85 Y107.867 E.0301
G1 X110.023 Y107.307 E.03007
G1 X110.251 Y106.766 E.03012
G1 X110.532 Y106.251 E.0301
G1 X110.862 Y105.766 E.0301
G1 X111.24 Y105.316 E.03015
G1 X111.66 Y104.907 E.03008
G1 X112.118 Y104.541 E.03008
G1 X112.611 Y104.222 E.03013
G1 X113.133 Y103.955 E.03008
G1 X113.68 Y103.74 E.03016
G1 X114.244 Y103.581 E.03007
G1 X114.822 Y103.479 E.03012
G1 X115.411 Y103.435 E.03031
G1 X116.039 Y103.458 E.03224
G1 X116.575 Y103.53 E.02775
G1 X117.146 Y103.661 E.03006
G1 X117.702 Y103.848 E.0301
G1 X118.236 Y104.089 E.03006
G1 X118.744 Y104.382 E.03009
G1 X119.22 Y104.724 E.03007
G1 X119.659 Y105.112 E.03006
G1 X120.057 Y105.541 E.03003
G1 X120.411 Y106.008 E.03007
G1 X120.717 Y106.509 E.03012
G1 X120.971 Y107.036 E.03002
G1 X121.172 Y107.587 E.03009
G1 X121.316 Y108.155 E.03007
G1 X121.387 Y108.628 E.02454
G1 X121.984 Y108.553 F9000
;TYPE:External perimeter
;WIDTH:0.629999
G1 F900
G1 X122.003 Y108.675 E.00603
G1 X122.035 Y109.319 E.03148
G1 X122.035 Y109.643 E.01582
G1 X121.97 Y110.287 E.0316
G1 X121.842 Y110.921 E.03157
G1 X121.651 Y111.539 E.03158
G1 X121.4 Y112.135 E.03157
G1 X121.091 Y112.703 E.03156
G1 X120.726 Y113.237 E.03158
G1 X120.311 Y113.733 E.03157
G1 X119.848 Y114.185 E.03159
G1 X119.342 Y114.588 E.03158
G1 X118.798 Y114.939 E.0316
G1 X118.223 Y115.234 E.03155
G1 X117.621 Y115.47 E.03156
G1 X116.998 Y115.645 E.03159
G1 X116.361 Y115.758 E.03158
G1 X115.716 Y115.806 E.03157
G1 X115.069 Y115.79 E.03159
G1 X114.427 Y115.71 E.03158
G1 X113.797 Y115.566 E.03155
G1 X113.184 Y115.36 E.03157
G1 X112.597 Y115.095 E.03144
G1 X111.764 Y114.586 E.04765
G1 X111.261 Y114.185 E.0314
G1 X110.798 Y113.733 E.03159
G1 X110.382 Y113.237 E.0316
G1 X110.018 Y112.703 E.03155
G1 X109.708 Y112.135 E.03159
G1 X109.457 Y111.539 E.03157
G1 X109.266 Y110.921 E.03158
G1 X109.138 Y110.287 E.03157
G1 X109.074 Y109.643 E.03159
G1 X109.074 Y108.996 E.03158
G1 X109.138 Y108.353 E.03154
G1 X109.266 Y107.718 E.03162
G1 X109.457 Y107.1 E.03158
G1 X109.708 Y106.504 E.03157
G1 X110.018 Y105.936 E.03159
G1 X110.382 Y105.402 E.03155
G1 X110.798 Y104.906 E.0316
G1 X111.261 Y104.455 E.03155
G1 X111.766 Y104.051 E.03157
G1 X112.31 Y103.7 E.0316
G1 X112.886 Y103.405 E.03159
G1 X113.488 Y103.169 E.03156
G1 X114.11 Y102.994 E.03154
G1 X114.747 Y102.881 E.03158
G1 X115.394 Y102.833 E.03167
G1 X116.09 Y102.858 E.034
G1 X116.68 Y102.938 E.02906
G1 X117.31 Y103.081 E.03154
G1 X117.922 Y103.287 E.03152
G1 X118.511 Y103.553 E.03155
G1 X119.07 Y103.876 E.03152
G1 X119.595 Y104.253 E.03155
G1 X120.079 Y104.681 E.03154
G1 X120.519 Y105.154 E.03154
G1 X120.909 Y105.669 E.03154
G1 X121.246 Y106.221 E.03157
G1 X121.526 Y106.803 E.03153
G1 X121.747 Y107.41 E.03153
G1 X121.906 Y108.036 E.03153
G1 X121.971 Y108.464 E.02113
G1 X120.93 Y108.776 F9000
;TYPE:Internal infill
;WIDTH:0.66
G1 F900
G1 X120.797 Y107.985 E.04116
G1 X120.428 Y106.972 E.05532
G1 X119.867 Y106.053 E.05525
G1 X119.375 Y105.499 E.03802
G1 X111.733 Y113.141 E.55453
G1 X112.383 Y113.702 E.04406
G1 X113.101 Y114.141 E.04318
G1 X113.578 Y114.356 E.02685
G1 X114.615 Y114.647 E.05526
G1 X115.689 Y114.728 E.05526
G1 X116.758 Y114.594 E.05528
G1 X117.779 Y114.251 E.05527
G1 X118.712 Y113.712 E.05529
G1 X119.375 Y113.141 E.0449
G1 X111.733 Y105.499 E.55453
G1 X111.242 Y106.053 E.03798
G1 X110.68 Y106.972 E.05527
G1 X110.311 Y107.985 E.05532
G1 X110.178 Y108.776 E.04116
;LAYER_CHANGE
;Z:9.1
;HEIGHT:0.200001
;BEFORE_LAYER_CHANGE
G92 E0
;9.1


G1 E-1.4 F3600
;WIPE_START
G1 F7200
G1 X110.311 Y107.985 E-.381
G1 X110.469 Y107.552 E-.219
;WIPE_END
G1 Z9.1 F9000
;AFTER_LAYER_CHANGE
;9.1
G1 Z9.1
G1 X109.707 Y108.717
G1 E2 F2400
;TYPE:Perimeter
;WIDTH:0.659999
G1 F900
G1 X109.734 Y108.442 E.01418
G1 X109.85 Y107.867 E.0301
G1 X110.023 Y107.307 E.03007
G1 X110.251 Y106.766 E.03012
G1 X110.532 Y106.251 E.0301
G1 X110.862 Y105.766 E.0301
G1 X111.24 Y105.316 E.03015
G1 X111.66 Y104.907 E.03008
G1 X112.118 Y104.541 E.03008
G1 X112.611 Y104.222 E.03013
G1 X113.133 Y103.955 E.03008
G1 X113.68 Y103.74 E.03016
G1 X114.244 Y103.581 E.03007
G1 X114.822 Y103.479 E.03012
G1 X115.411 Y103.435 E.03031
G1 X116.045 Y103.459 E.03255
G1 X116.575 Y103.53 E.02744
G1 X117.146 Y103.661 E.03006
G1 X117.702 Y103.848 E.0301
G1 X118.236 Y104.089 E.03006
G1 X118.744 Y104.382 E.03009
G1 X119.22 Y104.724 E.03007
G1 X119.659 Y105.112 E.03006
G1 X120.057 Y105.541 E.03003
G1 X120.411 Y106.008 E.03007
G1 X120.717 Y106.509 E.03012
G1 X120.971 Y107.036 E.03002
G1 X121.172 Y107.587 E.03009
G1 X121.316 Y108.155 E.03007
G1 X121.403 Y108.735 E.03009
G1 X121.433 Y109.319 E.03
G1 X121.433 Y109.613 E.01509
G1 X121.374 Y110.197 E.03012
G1 X121.258 Y110.772 E.0301
G1 X121.085 Y111.333 E.03012
G1 X120.857 Y111.873 E.03008
G1 X120.576 Y112.389 E.03015
G1 X120.246 Y112.873 E.03006
G1 X119.869 Y113.323 E.03012
G1 X119.449 Y113.733 E.03012
G1 X118.99 Y114.098 E.03009
G1 X118.497 Y114.417 E.03013
G1 X117.975 Y114.684 E.03008
G1 X117.429 Y114.899 E.03011
G1 X116.864 Y115.058 E.03012
G1 X116.286 Y115.16 E.03012
G1 X115.701 Y115.204 E.0301
G1 X115.114 Y115.189 E.03013
G1 X114.532 Y115.116 E.0301
G1 X113.96 Y114.985 E.03011
G1 X113.404 Y114.798 E.0301
G1 X112.879 Y114.562 E.02953
G1 X112.11 Y114.091 E.04627
G1 X111.66 Y113.733 E.02951
G1 X111.24 Y113.323 E.03012
G1 X110.862 Y112.873 E.03015
G1 X110.532 Y112.389 E.03006
G1 X110.251 Y111.873 E.03015
G1 X110.023 Y111.333 E.03008
G1 X109.85 Y110.772 E.03012
G1 X109.734 Y110.197 E.0301
G1 X109.676 Y109.613 E.03011
G1 X109.676 Y109.026 E.03012
G1 X109.698 Y108.807 E.01129
G1 X109.097 Y108.762 F9000
;TYPE:External perimeter
;WIDTH:0.629999
G1 F900
G1 X109.138 Y108.353 E.02007
G1 X109.266 Y107.718 E.03162
G1 X109.457 Y107.1 E.03158
G1 X109.708 Y106.504 E.03157
G1 X110.018 Y105.936 E.03159
G1 X110.382 Y105.402 E.03155
G1 X110.798 Y104.906 E.0316
G1 X111.261 Y104.455 E.03155
G1 X111.766 Y104.051 E.03157
G1 X112.31 Y103.7 E.0316
G1 X112.886 Y103.405 E.03159
G1 X113.488 Y103.169 E.03156
G1 X114.11 Y102.994 E.03154
G1 X114.747 Y102.881 E.03158
G1 X115.393 Y102.833 E.03162
G1 X116.096 Y102.859 E.03434
G1 X116.68 Y102.938 E.02877
G1 X117.31 Y103.081 E.03154
G1 X117.922 Y103.287 E.03152
G1 X118.511 Y103.553 E.03155
G1 X119.07 Y103.876 E.03152
G1 X119.595 Y104.253 E.03155
G1 X120.079 Y104.681 E.03154
G1 X120.519 Y105.154 E.03154
G1 X120.909 Y105.669 E.03154
G1 X121.246 Y106.221 E.03157
G1 X121.526 Y106.803 E.03153
G1 X121.747 Y107.41 E.03153
G1 X121.906 Y108.036 E.03153
G1 X122.003 Y108.675 E.03155
G1 X122.035 Y109.319 E.03148
G1 X122.035 Y109.643 E.01582
G1 X121.97 Y110.287 E.0316
G1 X121.842 Y110.921 E.03157
G1 X121.651 Y111.539 E.03158
G1 X121.4 Y112.135 E.03157
G1 X121.091 Y112.703 E.03156
G1 X120.726 Y113.237 E.03158
G1 X120.311 Y113.733 E.03157
G1 X119.848 Y114.185 E.03159
G1 X119.342 Y114.588 E.03158
G1 X118.798 Y114.939 E.0316
G1 X118.223 Y115.234 E.03155
G1 X117.621 Y115.47 E.03156
G1 X116.998 Y115.645 E.03159
G1 X116.361 Y115.758 E.03158
G1 X115.716 Y115.806 E.03157
G1 X115.069 Y115.79 E.03159
G1 X114.427 Y115.71 E.03158
G1 X113.797 Y115.566 E.03155
G1 X113.184 Y115.36 E.03157
G1 X112.597 Y115.095 E.03144
G1 X111.764 Y114.586 E.04765
G1 X111.261 Y114.185 E.0314
G1 X110.798 Y113.733 E.03159
G1 X110.382 Y113.237 E.0316
G1 X110.018 Y112.703 E.03155
G1 X109.708 Y112.135 E.03159
G1 X109.457 Y111.539 E.03157
G1 X109.266 Y110.921 E.03158
G1 X109.138 Y110.287 E.03157
G1 X109.074 Y109.643 E.03159
G1 X109.074 Y108.996 E.03158
G1 X109.088 Y108.851 E.00711
G1 X110.178 Y108.776 F9000
;TYPE:Internal infill
;WIDTH:0.66
G1 F900
G1 X110.311 Y107.985 E.04116
G1 X110.68 Y106.972 E.05532
G1 X111.242 Y106.053 E.05527
G1 X111.733 Y105.499 E.03798
G1 X119.375 Y113.141 E.55453
G1 X118.712 Y113.712 E.0449
G1 X117.779 Y114.251 E.05529
G1 X116.758 Y114.594 E.05527
G1 X115.689 Y114.728 E.05528
G1 X114.615 Y114.647 E.05526
G1 X113.578 Y114.356 E.05526
G1 X113.101 Y114.141 E.02685
G1 X112.383 Y113.702 E.04318
G1 X111.733 Y113.141 E.04406
G1 X119.375 Y105.499 E.55453
G1 X119.867 Y106.053 E.03802
G1 X120.428 Y106.972 E.05525
G1 X120.797 Y107.985 E.05532
G1 X120.93 Y108.776 E.04116
;LAYER_CHANGE
;Z:9.3
;HEIGHT:0.2
;BEFORE_LAYER_CHANGE
G92 E0
;9.3


G1 E-1.4 F3600
;WIPE_START
G1 F7200
G1 X120.797 Y107.985 E-.381
G1 X120.639 Y107.552 E-.219
;WIPE_END
G1 Z9.3 F9000
;AFTER_LAYER_CHANGE
;9.3
G1 Z9.3
G1 X121.401 Y108.717
G1 E2 F2400
;TYPE:Perimeter
;WIDTH:0.659999
G1 F900
G1 X121.403 Y108.735 E.00093
G1 X121.433 Y109.319 E.03
G1 X121.433 Y109.613 E.01509
G1 X121.374 Y110.197 E.03012
G1 X121.258 Y110.772 E.0301
G1 X121.085 Y111.333 E.03012
G1 X120.857 Y111.873 E.03008
G1 X120.576 Y112.389 E.03015
G1 X120.246 Y112.873 E.03006
G1 X119.869 Y113.323 E.03012
G1 X119.449 Y113.733 E.03012
G1 X118.99 Y114.098 E.03009
G1 X118.497 Y114.417 E.03013
G1 X117.975 Y114.684 E.03008
G1 X117.429 Y114.899 E.03011
G1 X116.864 Y115.058 E.03012
G1 X116.286 Y115.16 E.03012
G1 X115.701 Y115.204 E.0301
G1 X115.114 Y115.189 E.03013
G1 X114.532 Y115.116 E.0301
G1 X113.96 Y114.985 E.03011
G1 X113.404 Y114.798 E.0301
G1 X112.879 Y114.562 E.02953
G1 X112.383 Y114.258 E.02985
G1 X111.86 Y113.892 E.03275
G1 X111.439 Y113.518 E.02889
G1 X111.046 Y113.092 E.02974
G1 X110.694 Y112.627 E.02992
G1 X110.39 Y112.128 E.02998
G1 X110.136 Y111.601 E.03002
G1 X109.936 Y111.051 E.03003
G1 X109.792 Y110.483 E.03007
G1 X109.705 Y109.904 E.03004
G1 X109.676 Y109.319 E.03005
G1 X109.705 Y108.733 E.0301
G1 X109.792 Y108.154 E.03004
G1 X109.937 Y107.586 E.03008
G1 X110.138 Y107.035 E.03009
G1 X110.392 Y106.507 E.03006
G1 X110.698 Y106.007 E.03008
G1 X111.052 Y105.54 E.03007
G1 X111.451 Y105.11 E.0301
G1 X111.891 Y104.722 E.0301
G1 X112.368 Y104.379 E.03015
G1 X112.877 Y104.086 E.03013
G1 X113.414 Y103.845 E.0302
G1 X113.975 Y103.657 E.03036
G1 X114.559 Y103.526 E.03071
G1 X115.215 Y103.45 E.03388
G1 X115.856 Y103.444 E.03289
G1 X116.553 Y103.541 E.03611
G1 X117.197 Y103.675 E.03375
G1 X117.722 Y103.855 E.02848
G1 X118.246 Y104.094 E.02955
G1 X118.75 Y104.386 E.02989
G1 X119.223 Y104.727 E.02992
G1 X119.661 Y105.114 E.02999
G1 X120.059 Y105.543 E.03003
G1 X120.412 Y106.01 E.03004
G1 X120.718 Y106.51 E.03008
G1 X120.972 Y107.038 E.03006
G1 X121.172 Y107.588 E.03003
G1 X121.316 Y108.156 E.03007
G1 X121.387 Y108.628 E.02449
G1 X121.984 Y108.553 F9000
;TYPE:External perimeter
;WIDTH:0.629999
G1 F900
G1 X122.003 Y108.675 E.00603
G1 X122.035 Y109.319 E.03148
G1 X122.035 Y109.643 E.01582
G1 X121.97 Y110.287 E.0316
G1 X121.842 Y110.921 E.03157
G1 X121.651 Y111.539 E.03158
G1 X121.4 Y112.135 E.03157
G1 X121.091 Y112.703 E.03156
G1 X120.726 Y113.237 E.03158
G1 X120.311 Y113.733 E.03157
G1 X119.848 Y114.185 E.03159
G1 X119.342 Y114.588 E.03158
G1 X118.798 Y114.939 E.0316
G1 X118.223 Y115.234 E.03155
G1 X117.621 Y115.47 E.03156
G1 X116.998 Y115.645 E.03159
G1 X116.361 Y115.758 E.03158
G1 X115.716 Y115.806 E.03157
G1 X115.069 Y115.79 E.03159
G1 X114.427 Y115.71 E.03158
G1 X113.797 Y115.566 E.03155
G1 X113.184 Y115.36 E.03157
G1 X112.597 Y115.095 E.03144
G1 X111.764 Y114.586 E.04765
G1 X111.261 Y114.185 E.0314
G1 X110.798 Y113.733 E.03159
G1 X110.382 Y113.237 E.0316
G1 X110.018 Y112.703 E.03155
G1 X109.708 Y112.135 E.03159
G1 X109.457 Y111.539 E.03157
G1 X109.266 Y110.921 E.03158
G1 X109.138 Y110.287 E.03157
G1 X109.074 Y109.643 E.03159
G1 X109.074 Y108.996 E.03158
G1 X109.138 Y108.353 E.03154
G1 X109.266 Y107.718 E.03162
G1 X109.457 Y107.1 E.03158
G1 X109.708 Y106.504 E.03157
G1 X110.018 Y105.936 E.03159
G1 X110.382 Y105.402 E.03155
G1 X110.798 Y104.906 E.0316
G1 X111.261 Y104.455 E.03155
G1 X111.766 Y104.051 E.03157
G1 X112.31 Y103.7 E.0316
G1 X112.886 Y103.405 E.03159
G1 X113.488 Y103.169 E.03156
G1 X114.11 Y102.994 E.03154
G1 X114.747 Y102.881 E.03158
G1 X115.393 Y102.833 E.03162
G1 X115.903 Y102.842 E.0249
G1 X117.003 Y102.995 E.05421
G1 X117.36 Y103.096 E.01811
G1 X117.942 Y103.295 E.03003
G1 X118.521 Y103.558 E.03104
G1 X119.076 Y103.88 E.03132
G1 X119.599 Y104.256 E.03144
G1 X120.082 Y104.683 E.03147
G1 X120.52 Y105.156 E.03147
G1 X120.91 Y105.671 E.03154
G1 X121.246 Y106.222 E.0315
G1 X121.526 Y106.804 E.03153
G1 X121.747 Y107.411 E.03153
G1 X121.906 Y108.037 E.03153
G1 X121.971 Y108.464 E.02108
G1 X120.93 Y109.863 F9000
;TYPE:Internal infill
;WIDTH:0.66
G1 F900
G1 X120.797 Y110.655 E.04121
G1 X120.428 Y111.667 E.05527
G1 X119.867 Y112.586 E.05525
G1 X119.375 Y113.141 E.03806
G1 X111.733 Y105.499 E.55453
G1 X112.396 Y104.927 E.04493
G1 X113.329 Y104.388 E.05529
G1 X114.35 Y104.045 E.05527
G1 X115.424 Y103.911 E.05553
G1 X116.782 Y104.052 E.07005
G1 X117.779 Y104.388 E.05398
G1 X118.712 Y104.927 E.05529
G1 X119.375 Y105.499 E.04493
G1 X111.733 Y113.141 E.55453
G1 X111.242 Y112.586 E.03802
G1 X110.68 Y111.667 E.05527
G1 X110.311 Y110.655 E.05527
G1 X110.178 Y109.863 E.04121
;LAYER_CHANGE
;Z:9.5
;HEIGHT:0.2
;BEFORE_LAYER_CHANGE
G92 E0
;9.5


G1 E-1.4 F3600
;WIPE_START
G1 F7200
G1 X110.311 Y110.655 E-.38147
G1 X110.469 Y111.087 E-.21853
;WIPE_END
G1 Z9.5 F9000
;AFTER_LAYER_CHANGE
;9.5
G1 Z9.5
G1 X109.708 Y109.922
G1 E2 F2400
;TYPE:Perimeter
;WIDTH:0.659999
G1 F900
G1 X109.705 Y109.904 E.00094
G1 X109.676 Y109.319 E.03005
G1 X109.705 Y108.733 E.0301
G1 X109.792 Y108.154 E.03004
G1 X109.937 Y107.586 E.03008
G1 X110.138 Y107.035 E.03009
G1 X110.392 Y106.507 E.03006
G1 X110.698 Y106.007 E.03008
G1 X111.052 Y105.54 E.03007
G1 X111.451 Y105.11 E.0301
G1 X111.891 Y104.722 E.0301
G1 X112.368 Y104.379 E.03015
G1 X112.877 Y104.086 E.03013
G1 X113.414 Y103.845 E.0302
G1 X113.974 Y103.657 E.03031
G1 X114.558 Y103.526 E.03071
G1 X115.21 Y103.45 E.03368
G1 X115.865 Y103.444 E.03361
G1 X116.554 Y103.54 E.03569
G1 X117.196 Y103.675 E.03366
G1 X117.721 Y103.855 E.02848
G1 X118.246 Y104.094 E.0296
G1 X118.75 Y104.385 E.02986
G1 X119.223 Y104.727 E.02995
G1 X119.661 Y105.114 E.02999
G1 X120.059 Y105.543 E.03003
G1 X120.412 Y106.01 E.03004
G1 X120.718 Y106.51 E.03008
G1 X120.972 Y107.038 E.03006
G1 X121.172 Y107.588 E.03003
G1 X121.316 Y108.156 E.03007
G1 X121.403 Y108.735 E.03004
G1 X121.433 Y109.319 E.03
G1 X121.433 Y109.613 E.01509
G1 X121.374 Y110.197 E.03012
G1 X121.258 Y110.772 E.0301
G1 X121.085 Y111.333 E.03012
G1 X120.857 Y111.873 E.03008
G1 X120.576 Y112.389 E.03015
G1 X120.246 Y112.873 E.03006
G1 X119.869 Y113.323 E.03012
G1 X119.449 Y113.733 E.03012
G1 X118.99 Y114.098 E.03009
G1 X118.497 Y114.417 E.03013
G1 X117.975 Y114.684 E.03008
G1 X117.429 Y114.899 E.03011
G1 X116.864 Y115.058 E.03012
G1 X116.286 Y115.16 E.03012
G1 X115.701 Y115.204 E.0301
G1 X115.114 Y115.189 E.03013
G1 X114.532 Y115.116 E.0301
G1 X113.96 Y114.985 E.03011
G1 X113.404 Y114.798 E.0301
G1 X112.879 Y114.562 E.02953
G1 X112.383 Y114.258 E.02985
G1 X111.86 Y113.892 E.03275
G1 X111.439 Y113.518 E.02889
G1 X111.046 Y113.092 E.02974
G1 X110.694 Y112.627 E.02992
G1 X110.39 Y112.128 E.02998
G1 X110.136 Y111.601 E.03002
G1 X109.936 Y111.051 E.03003
G1 X109.792 Y110.483 E.03007
G1 X109.721 Y110.011 E.02449
G1 X109.118 Y110.087 F9000
;TYPE:External perimeter
;WIDTH:0.629999
G1 F900
G1 X109.074 Y109.643 E.02178
G1 X109.074 Y108.996 E.03158
G1 X109.138 Y108.353 E.03154
G1 X109.266 Y107.718 E.03162
G1 X109.457 Y107.1 E.03158
G1 X109.708 Y106.504 E.03157
G1 X110.018 Y105.936 E.03159
G1 X110.382 Y105.402 E.03155
G1 X110.798 Y104.906 E.0316
G1 X111.261 Y104.455 E.03155
G1 X111.766 Y104.051 E.03157
G1 X112.31 Y103.7 E.0316
G1 X112.886 Y103.405 E.03159
G1 X113.488 Y103.169 E.03156
G1 X114.11 Y102.994 E.03154
G1 X114.747 Y102.881 E.03158
G1 X115.393 Y102.833 E.03162
G1 X115.912 Y102.843 E.02534
G1 X117.003 Y102.995 E.05377
G1 X117.359 Y103.095 E.01805
G1 X117.941 Y103.295 E.03004
G1 X118.521 Y103.558 E.03109
G1 X119.076 Y103.88 E.03132
G1 X119.599 Y104.256 E.03144
G1 X120.082 Y104.683 E.03147
G1 X120.52 Y105.156 E.03147
G1 X120.91 Y105.671 E.03154
G1 X121.246 Y106.222 E.0315
G1 X121.526 Y106.804 E.03153
G1 X121.747 Y107.411 E.03153
G1 X121.906 Y108.037 E.03153
G1 X122.003 Y108.675 E.0315
G1 X122.035 Y109.319 E.03148
G1 X122.035 Y109.643 E.01582
G1 X121.97 Y110.287 E.0316
G1 X121.842 Y110.921 E.03157
G1 X121.651 Y111.539 E.03158
G1 X121.4 Y112.135 E.03157
G1 X121.091 Y112.703 E.03156
G1 X120.726 Y113.237 E.03158
G1 X120.311 Y113.733 E.03157
G1 X119.848 Y114.185 E.03159
G1 X119.342 Y114.588 E.03158
G1 X118.798 Y114.939 E.0316
G1 X118.223 Y115.234 E.03155
G1 X117.621 Y115.47 E.03156
G1 X116.998 Y115.645 E.03159
G1 X116.361 Y115.758 E.03158
G1 X115.716 Y115.806 E.03157
G1 X115.069 Y115.79 E.03159
G1 X114.427 Y115.71 E.03158
G1 X113.797 Y115.566 E.03155
G1 X113.184 Y115.36 E.03157
G1 X112.597 Y115.095 E.03144
G1 X111.764 Y114.586 E.04765
G1 X111.261 Y114.185 E.0314
G1 X110.798 Y113.733 E.03159
G1 X110.382 Y113.237 E.0316
G1 X110.018 Y112.703 E.03155
G1 X109.708 Y112.135 E.03159
G1 X109.457 Y111.539 E.03157
G1 X109.266 Y110.921 E.03158
G1 X109.138 Y110.287 E.03157
G1 X109.127 Y110.176 E.00545
G1 X110.178 Y109.863 F9000
;TYPE:Internal infill
;WIDTH:0.66
G1 F900
G1 X110.311 Y110.655 E.04121
G1 X110.68 Y111.667 E.05527
G1 X111.242 Y112.586 E.05527
G1 X111.733 Y113.141 E.03802
G1 X119.375 Y105.499 E.55453
G1 X118.712 Y104.927 E.04493
G1 X117.779 Y104.388 E.05529
G1 X116.782 Y104.052 E.05398
G1 X115.423 Y103.911 E.07011
G1 X114.35 Y104.045 E.05548
G1 X113.329 Y104.388 E.05527
G1 X112.396 Y104.927 E.05529
G1 X111.733 Y105.499 E.04493
G1 X119.375 Y113.141 E.55453
G1 X119.867 Y112.586 E.03806
G1 X120.428 Y111.667 E.05525
G1 X120.797 Y110.655 E.05527
G1 X120.93 Y109.863 E.04121
;LAYER_CHANGE
;Z:9.7
;HEIGHT:0.2
;BEFORE_LAYER_CHANGE
G92 E0
;9.7


G1 E-1.4 F3600
;WIPE_START
G1 F7200
G1 X120.797 Y110.655 E-.38147
G1 X120.64 Y111.087 E-.21853
;WIPE_END
G1 Z9.7 F9000
;AFTER_LAYER_CHANGE
;9.7
G1 Z9.7
G1 X121.402 Y109.922
G1 E2 F2400
;TYPE:Perimeter
;WIDTH:0.659999
G1 F900
G1 X121.374 Y110.197 E.01418
G1 X121.258 Y110.772 E.0301
G1 X121.085 Y111.333 E.03012
G1 X120.857 Y111.873 E.03008
G1 X120.576 Y112.389 E.03015
G1 X120.246 Y112.873 E.03006
G1 X119.869 Y113.323 E.03012
G1 X119.449 Y113.733 E.03012
G1 X118.99 Y114.098 E.03009
G1 X118.497 Y114.417 E.03013
G1 X117.975 Y114.684 E.03008
G1 X117.429 Y114.899 E.03011
G1 X116.864 Y115.058 E.03012
G1 X116.286 Y115.16 E.03012
G1 X115.701 Y115.204 E.0301
G1 X115.114 Y115.189 E.03013
G1 X114.532 Y115.116 E.0301
G1 X113.96 Y114.985 E.03011
G1 X113.404 Y114.798 E.0301
G1 X112.879 Y114.562 E.02953
G1 X112.383 Y114.258 E.02985
G1 X111.86 Y113.892 E.03275
G1 X111.439 Y113.518 E.02889
G1 X111.046 Y113.092 E.02974
G1 X110.694 Y112.627 E.02992
G1 X110.39 Y112.128 E.02998
G1 X110.136 Y111.601 E.03002
G1 X109.936 Y111.05 E.03008
G1 X109.792 Y110.483 E.03002
G1 X109.705 Y109.904 E.03004
G1 X109.676 Y109.319 E.03005
G1 X109.705 Y108.733 E.0301
G1 X109.792 Y108.154 E.03004
G1 X109.937 Y107.586 E.03008
G1 X110.138 Y107.035 E.03009
G1 X110.392 Y106.507 E.03006
G1 X110.698 Y106.007 E.03008
G1 X111.052 Y105.54 E.03007
G1 X111.451 Y105.11 E.0301
G1 X111.891 Y104.722 E.0301
G1 X112.368 Y104.38 E.03012
G1 X112.877 Y104.086 E.03016
G1 X113.414 Y103.845 E.0302
G1 X113.974 Y103.657 E.03031
G1 X114.557 Y103.526 E.03066
G1 X115.205 Y103.451 E.03347
G1 X115.874 Y103.445 E.03433
G1 X116.554 Y103.54 E.03523
G1 X117.195 Y103.675 E.03361
G1 X117.721 Y103.855 E.02853
G1 X118.246 Y104.094 E.0296
G1 X118.749 Y104.385 E.02982
G1 X119.223 Y104.727 E.02999
G1 X119.661 Y105.114 E.02999
G1 X120.059 Y105.543 E.03003
G1 X120.412 Y106.01 E.03004
G1 X120.718 Y106.51 E.03008
G1 X120.972 Y107.038 E.03006
G1 X121.172 Y107.588 E.03003
G1 X121.316 Y108.156 E.03007
G1 X121.403 Y108.735 E.03004
G1 X121.433 Y109.319 E.03
G1 X121.433 Y109.613 E.01509
G1 X121.411 Y109.833 E.01134
G1 X122.011 Y109.878 F9000
;TYPE:External perimeter
;WIDTH:0.629999
G1 F900
G1 X121.97 Y110.287 E.02007
G1 X121.842 Y110.921 E.03157
G1 X121.651 Y111.539 E.03158
G1 X121.4 Y112.135 E.03157
G1 X121.091 Y112.703 E.03156
G1 X120.726 Y113.237 E.03158
G1 X120.311 Y113.733 E.03157
G1 X119.848 Y114.185 E.03159
G1 X119.342 Y114.588 E.03158
G1 X118.798 Y114.939 E.0316
G1 X118.223 Y115.234 E.03155
G1 X117.621 Y115.47 E.03156
G1 X116.998 Y115.645 E.03159
G1 X116.361 Y115.758 E.03158
G1 X115.716 Y115.806 E.03157
G1 X115.069 Y115.79 E.03159
G1 X114.427 Y115.71 E.03158
G1 X113.797 Y115.566 E.03155
G1 X113.184 Y115.36 E.03157
G1 X112.597 Y115.095 E.03144
G1 X111.764 Y114.586 E.04765
G1 X111.261 Y114.185 E.0314
G1 X110.798 Y113.733 E.03159
G1 X110.382 Y113.237 E.0316
G1 X110.018 Y112.703 E.03155
G1 X109.708 Y112.135 E.03159
G1 X109.457 Y111.539 E.03157
G1 X109.266 Y110.921 E.03158
G1 X109.138 Y110.287 E.03157
G1 X109.074 Y109.643 E.03159
G1 X109.074 Y108.996 E.03158
G1 X109.138 Y108.353 E.03154
G1 X109.266 Y107.718 E.03162
G1 X109.457 Y107.1 E.03158
G1 X109.708 Y106.504 E.03157
G1 X110.018 Y105.936 E.03159
G1 X110.382 Y105.402 E.03155
G1 X110.798 Y104.906 E.0316
G1 X111.261 Y104.455 E.03155
G1 X111.767 Y104.051 E.03161
G1 X112.31 Y103.7 E.03156
G1 X112.886 Y103.405 E.03159
G1 X113.488 Y103.169 E.03156
G1 X114.11 Y102.994 E.03154
G1 X114.747 Y102.881 E.03158
G1 X115.393 Y102.833 E.03162
G1 X115.922 Y102.843 E.02583
G1 X116.638 Y102.944 E.0353
G1 X117.358 Y103.095 E.03591
G1 X117.941 Y103.295 E.03009
G1 X118.521 Y103.558 E.03109
G1 X119.076 Y103.88 E.03132
G1 X119.599 Y104.256 E.03144
G1 X120.082 Y104.683 E.03147
G1 X120.52 Y105.156 E.03147
G1 X120.91 Y105.671 E.03154
G1 X121.246 Y106.222 E.0315
G1 X121.526 Y106.804 E.03153
G1 X121.747 Y107.411 E.03153
G1 X121.906 Y108.037 E.03153
G1 X122.003 Y108.675 E.0315
G1 X122.035 Y109.319 E.03148
G1 X122.035 Y109.643 E.01582
G1 X122.02 Y109.788 E.00712
G1 X120.93 Y109.863 F9000
;TYPE:Internal infill
;WIDTH:0.66
G1 F900
G1 X120.797 Y110.655 E.04121
G1 X120.428 Y111.667 E.05527
G1 X119.867 Y112.586 E.05525
G1 X119.375 Y113.141 E.03806
G1 X111.733 Y105.499 E.55453
G1 X112.396 Y104.927 E.04493
G1 X113.329 Y104.388 E.05529
G1 X114.35 Y104.045 E.05527
G1 X115.423 Y103.911 E.05548
G1 X116.781 Y104.052 E.07005
G1 X117.779 Y104.388 E.05403
G1 X118.712 Y104.927 E.05529
G1 X119.375 Y105.499 E.04493
G1 X111.733 Y113.141 E.55453
G1 X111.242 Y112.586 E.03802
G1 X110.68 Y111.667 E.05527
G1 X110.311 Y110.655 E.05527
G1 X110.178 Y109.863 E.04121
;LAYER_CHANGE
;Z:9.9
;HEIGHT:0.2
;BEFORE_LAYER_CHANGE
G92 E0
;9.9


G1 E-1.4 F3600
;WIPE_START
G1 F7200
G1 X110.311 Y110.655 E-.38147
G1 X110.469 Y111.087 E-.21853
;WIPE_END
G1 Z9.9 F9000
;AFTER_LAYER_CHANGE
;9.9
G1 Z9.9
G1 X109.708 Y109.922
G1 E2 F2400
;TYPE:Perimeter
;WIDTH:0.659999
G1 F900
G1 X109.705 Y109.904 E.00094
G1 X109.676 Y109.319 E.03005
G1 X109.705 Y108.733 E.0301
G1 X109.792 Y108.154 E.03004
G1 X109.937 Y107.586 E.03008
G1 X110.138 Y107.035 E.03009
G1 X110.392 Y106.507 E.03006
G1 X110.698 Y106.007 E.03008
G1 X111.052 Y105.54 E.03007
G1 X111.451 Y105.11 E.0301
G1 X111.891 Y104.722 E.0301
G1 X112.368 Y104.38 E.03012
G1 X112.877 Y104.086 E.03016
G1 X113.413 Y103.845 E.03015
G1 X113.974 Y103.658 E.03034
G1 X114.556 Y103.526 E.03062
G1 X115.201 Y103.451 E.03332
G1 X115.883 Y103.445 E.03499
G1 X116.554 Y103.54 E.03477
G1 X117.194 Y103.674 E.03355
G1 X117.721 Y103.855 E.02859
G1 X118.246 Y104.093 E.02958
G1 X118.749 Y104.385 E.02984
G1 X119.223 Y104.727 E.02999
G1 X119.661 Y105.114 E.02999
G1 X120.059 Y105.543 E.03003
G1 X120.412 Y106.01 E.03004
G1 X120.718 Y106.51 E.03008
G1 X120.972 Y107.037 E.03002
G1 X121.172 Y107.588 E.03008
G1 X121.316 Y108.156 E.03007
G1 X121.403 Y108.735 E.03004
G1 X121.433 Y109.319 E.03
G1 X121.433 Y109.613 E.01509
G1 X121.374 Y110.197 E.03012
G1 X121.258 Y110.772 E.0301
G1 X121.085 Y111.333 E.03012
G1 X120.857 Y111.873 E.03008
G1 X120.576 Y112.389 E.03015
G1 X120.246 Y112.873 E.03006
G1 X119.869 Y113.323 E.03012
G1 X119.449 Y113.733 E.03012
G1 X118.99 Y114.098 E.03009
G1 X118.497 Y114.417 E.03013
G1 X117.975 Y114.684 E.03008
G1 X117.429 Y114.899 E.03011
G1 X116.864 Y115.058 E.03012
G1 X116.286 Y115.16 E.03012
G1 X115.701 Y115.204 E.0301
G1 X115.114 Y115.189 E.03013
G1 X114.532 Y115.116 E.0301
G1 X113.96 Y114.985 E.03011
G1 X113.404 Y114.798 E.0301
G1 X112.879 Y114.562 E.02953
G1 X112.383 Y114.258 E.02985
G1 X111.86 Y113.892 E.03275
G1 X111.439 Y113.518 E.02889
G1 X111.046 Y113.092 E.02974
G1 X110.694 Y112.627 E.02992
G1 X110.39 Y112.128 E.02998
G1 X110.136 Y111.601 E.03002
G1 X109.936 Y111.051 E.03003
G1 X109.792 Y110.483 E.03007
G1 X109.721 Y110.011 E.02449
G1 X109.118 Y110.087 F9000
;TYPE:External perimeter
;WIDTH:0.629999
G1 F900
G1 X109.074 Y109.643 E.02178
G1 X109.074 Y108.996 E.03158
G1 X109.138 Y108.353 E.03154
G1 X109.266 Y107.718 E.03162
G1 X109.457 Y107.1 E.03158
G1 X109.708 Y106.504 E.03157
G1 X110.018 Y105.936 E.03159
G1 X110.382 Y105.402 E.03155
G1 X110.798 Y104.906 E.0316
G1 X111.261 Y104.455 E.03155
G1 X111.766 Y104.051 E.03157
G1 X112.31 Y103.7 E.0316
G1 X112.886 Y103.405 E.03159
G1 X113.488 Y103.169 E.03156
G1 X114.11 Y102.994 E.03154
G1 X114.747 Y102.881 E.03158
G1 X115.393 Y102.833 E.03162
G1 X115.931 Y102.844 E.02627
G1 X116.638 Y102.944 E.03486
G1 X117.357 Y103.095 E.03586
G1 X117.941 Y103.294 E.03012
G1 X118.52 Y103.558 E.03106
G1 X119.076 Y103.879 E.03134
G1 X119.598 Y104.256 E.03143
G1 X120.082 Y104.683 E.03151
G1 X120.52 Y105.156 E.03147
G1 X120.91 Y105.671 E.03154
G1 X121.246 Y106.222 E.0315
G1 X121.526 Y106.804 E.03153
G1 X121.747 Y107.411 E.03153
G1 X121.906 Y108.037 E.03153
G1 X122.003 Y108.675 E.0315
G1 X122.035 Y109.319 E.03148
G1 X122.035 Y109.643 E.01582
G1 X121.97 Y110.287 E.0316
G1 X121.842 Y110.921 E.03157
G1 X121.651 Y111.539 E.03158
G1 X121.4 Y112.135 E.03157
G1 X121.091 Y112.703 E.03156
G1 X120.726 Y113.237 E.03158
G1 X120.311 Y113.733 E.03157
G1 X119.848 Y114.185 E.03159
G1 X119.342 Y114.588 E.03158
G1 X118.798 Y114.939 E.0316
G1 X118.223 Y115.234 E.03155
G1 X117.621 Y115.47 E.03156
G1 X116.998 Y115.645 E.03159
G1 X116.361 Y115.758 E.03158
G1 X115.716 Y115.806 E.03157
G1 X115.069 Y115.79 E.03159
G1 X114.427 Y115.71 E.03158
G1 X113.797 Y115.566 E.03155
G1 X113.184 Y115.36 E.03157
G1 X112.597 Y115.095 E.03144
G1 X111.764 Y114.586 E.04765
G1 X111.261 Y114.185 E.0314
G1 X110.798 Y113.733 E.03159
G1 X110.382 Y113.237 E.0316
G1 X110.018 Y112.703 E.03155
G1 X109.708 Y112.135 E.03159
G1 X109.457 Y111.539 E.03157
G1 X109.266 Y110.921 E.03158
G1 X109.138 Y110.287 E.03157
G1 X109.127 Y110.176 E.00545
G1 X110.178 Y109.863 F9000
;TYPE:Internal infill
;WIDTH:0.66
G1 F900
G1 X110.311 Y110.655 E.04121
G1 X110.68 Y111.667 E.05527
G1 X111.242 Y112.586 E.05527
G1 X111.733 Y113.141 E.03802
G1 X119.375 Y105.499 E.55453
G1 X118.712 Y104.927 E.04493
G1 X117.779 Y104.388 E.05529
G1 X116.781 Y104.052 E.05403
G1 X115.423 Y103.911 E.07005
G1 X114.35 Y104.045 E.05548
G1 X113.329 Y104.388 E.05527
G1 X112.396 Y104.927 E.05529
G1 X111.733 Y105.499 E.04493
G1 X119.375 Y113.141 E.55453
G1 X119.867 Y112.586 E.03806
G1 X120.428 Y111.667 E.05525
G1 X120.797 Y110.655 E.05527
G1 X120.93 Y109.863 E.04121
;LAYER_CHANGE
;Z:10.1
;HEIGHT:0.200001
;BEFORE_LAYER_CHANGE
G92 E0
;10.1


G1 E-1.4 F3600
;WIPE_START
G1 F7200
G1 X120.797 Y110.655 E-.38147
G1 X120.64 Y111.087 E-.21853
;WIPE_END
G1 Z10.1 F9000
;AFTER_LAYER_CHANGE
;10.1
G1 Z10.1
G1 X121.402 Y109.922
G1 E2 F2400
;TYPE:Perimeter
;WIDTH:0.659999
G1 F900
G1 X121.374 Y110.197 E.01418
G1 X121.258 Y110.772 E.0301
G1 X121.085 Y111.333 E.03012
G1 X120.857 Y111.873 E.03008
G1 X120.576 Y112.389 E.03015
G1 X120.246 Y112.873 E.03006
G1 X119.869 Y113.323 E.03012
G1 X119.449 Y113.733 E.03012
G1 X118.99 Y114.098 E.03009
G1 X118.497 Y114.417 E.03013
G1 X117.975 Y114.684 E.03008
G1 X117.429 Y114.899 E.03011
G1 X116.864 Y115.058 E.03012
G1 X116.286 Y115.16 E.03012
G1 X115.701 Y115.204 E.0301
G1 X115.114 Y115.189 E.03013
G1 X114.532 Y115.116 E.0301
G1 X113.96 Y114.985 E.03011
G1 X113.404 Y114.798 E.0301
G1 X112.879 Y114.562 E.02953
G1 X112.383 Y114.258 E.02985
G1 X111.86 Y113.892 E.03275
G1 X111.439 Y113.518 E.02889
G1 X111.046 Y113.092 E.02974
G1 X110.694 Y112.627 E.02992
G1 X110.39 Y112.128 E.02998
G1 X110.136 Y111.601 E.03002
G1 X109.936 Y111.05 E.03008
G1 X109.792 Y110.483 E.03002
G1 X109.705 Y109.904 E.03004
G1 X109.676 Y109.319 E.03005
G1 X109.705 Y108.733 E.0301
G1 X109.792 Y108.154 E.03004
G1 X109.937 Y107.586 E.03008
G1 X110.138 Y107.035 E.03009
G1 X110.392 Y106.507 E.03006
G1 X110.698 Y106.007 E.03008
G1 X111.052 Y105.54 E.03007
G1 X111.451 Y105.11 E.0301
G1 X111.891 Y104.722 E.0301
G1 X112.368 Y104.38 E.03012
G1 X112.877 Y104.086 E.03016
G1 X113.413 Y103.845 E.03015
G1 X113.973 Y103.658 E.03029
G1 X114.555 Y103.527 E.03061
G1 X115.196 Y103.451 E.03312
G1 X115.892 Y103.446 E.03571
G1 X116.555 Y103.54 E.03436
G1 X117.193 Y103.674 E.03345
G1 X117.72 Y103.855 E.02859
G1 X118.245 Y104.093 E.02958
G1 X118.749 Y104.385 E.02989
G1 X119.223 Y104.727 E.02999
G1 X119.661 Y105.114 E.02999
G1 X120.059 Y105.543 E.03003
G1 X120.412 Y106.01 E.03004
G1 X120.718 Y106.51 E.03008
G1 X120.972 Y107.037 E.03002
G1 X121.172 Y107.588 E.03008
G1 X121.316 Y108.156 E.03007
G1 X121.403 Y108.735 E.03004
G1 X121.433 Y109.319 E.03
G1 X121.433 Y109.613 E.01509
G1 X121.411 Y109.833 E.01134
G1 X122.011 Y109.878 F9000
;TYPE:External perimeter
;WIDTH:0.629999
G1 F900
G1 X121.97 Y110.287 E.02007
G1 X121.842 Y110.921 E.03157
G1 X121.651 Y111.539 E.03158
G1 X121.4 Y112.135 E.03157
G1 X121.091 Y112.703 E.03156
G1 X120.726 Y113.237 E.03158
G1 X120.311 Y113.733 E.03157
G1 X119.848 Y114.185 E.03159
G1 X119.342 Y114.588 E.03158
G1 X118.798 Y114.939 E.0316
G1 X118.223 Y115.234 E.03155
G1 X117.621 Y115.47 E.03156
G1 X116.998 Y115.645 E.03159
G1 X116.361 Y115.758 E.03158
G1 X115.716 Y115.806 E.03157
G1 X115.069 Y115.79 E.03159
G1 X114.427 Y115.71 E.03158
G1 X113.797 Y115.566 E.03155
G1 X113.184 Y115.36 E.03157
G1 X112.597 Y115.095 E.03144
G1 X111.764 Y114.586 E.04765
G1 X111.261 Y114.185 E.0314
G1 X110.798 Y113.733 E.03159
G1 X110.382 Y113.237 E.0316
G1 X110.018 Y112.703 E.03155
G1 X109.708 Y112.135 E.03159
G1 X109.457 Y111.539 E.03157
G1 X109.266 Y110.921 E.03158
G1 X109.138 Y110.287 E.03157
G1 X109.074 Y109.643 E.03159
G1 X109.074 Y108.996 E.03158
G1 X109.138 Y108.353 E.03154
G1 X109.266 Y107.718 E.03162
G1 X109.457 Y107.1 E.03158
G1 X109.708 Y106.504 E.03157
G1 X110.018 Y105.936 E.03159
G1 X110.382 Y105.402 E.03155
G1 X110.798 Y104.906 E.0316
G1 X111.261 Y104.455 E.03155
G1 X111.766 Y104.051 E.03157
G1 X112.31 Y103.7 E.0316
G1 X112.886 Y103.405 E.03159
G1 X113.488 Y103.169 E.03156
G1 X114.11 Y102.994 E.03154
G1 X114.747 Y102.881 E.03158
G1 X115.393 Y102.833 E.03162
G1 X115.941 Y102.844 E.02676
G1 X116.639 Y102.943 E.03441
G1 X117.356 Y103.094 E.03577
G1 X117.94 Y103.294 E.03013
G1 X118.52 Y103.558 E.03111
G1 X119.076 Y103.879 E.03134
G1 X119.598 Y104.256 E.03143
G1 X120.081 Y104.683 E.03147
G1 X120.52 Y105.156 E.0315
G1 X120.91 Y105.671 E.03154
G1 X121.246 Y106.222 E.0315
G1 X121.526 Y106.804 E.03153
G1 X121.747 Y107.411 E.03153
G1 X121.906 Y108.037 E.03153
G1 X122.003 Y108.675 E.0315
G1 X122.035 Y109.319 E.03148
G1 X122.035 Y109.643 E.01582
G1 X122.02 Y109.788 E.00712
G1 X120.93 Y109.863 F9000
;TYPE:Internal infill
;WIDTH:0.66
G1 F900
G1 X120.797 Y110.655 E.04121
G1 X120.428 Y111.667 E.05527
G1 X119.867 Y112.586 E.05525
G1 X119.375 Y113.141 E.03806
G1 X111.733 Y105.499 E.55453
G1 X112.396 Y104.927 E.04493
G1 X113.329 Y104.388 E.05529
G1 X114.35 Y104.045 E.05527
G1 X115.422 Y103.911 E.05543
G1 X116.78 Y104.051 E.07005
G1 X117.779 Y104.388 E.0541
G1 X118.712 Y104.927 E.05529
G1 X119.375 Y105.499 E.04493
G1 X111.733 Y113.141 E.55453
G1 X111.242 Y112.586 E.03802
G1 X110.68 Y111.667 E.05527
G1 X110.311 Y110.655 E.05527
G1 X110.178 Y109.863 E.04121
;LAYER_CHANGE
;Z:10.3
;HEIGHT:0.2
;BEFORE_LAYER_CHANGE
G92 E0
;10.3


G1 E-1.4 F3600
;WIPE_START
G1 F7200
G1 X110.311 Y110.655 E-.38147
G1 X110.469 Y111.087 E-.21853
;WIPE_END
G1 Z10.3 F9000
;AFTER_LAYER_CHANGE
;10.3
G1 Z10.3
G1 X109.708 Y109.922
G1 E2 F2400
;TYPE:Perimeter
;WIDTH:0.659999
G1 F900
G1 X109.705 Y109.904 E.00094
G1 X109.676 Y109.319 E.03005
G1 X109.705 Y108.733 E.0301
G1 X109.792 Y108.154 E.03004
G1 X109.937 Y107.586 E.03008
G1 X110.138 Y107.035 E.03009
G1 X110.392 Y106.507 E.03006
G1 X110.698 Y106.007 E.03008
G1 X111.052 Y105.54 E.03007
G1 X111.451 Y105.11 E.0301
G1 X111.891 Y104.722 E.0301
G1 X112.368 Y104.38 E.03012
G1 X112.877 Y104.086 E.03016
G1 X113.413 Y103.845 E.03015
G1 X113.973 Y103.658 E.03029
G1 X114.555 Y103.527 E.03061
G1 X115.191 Y103.452 E.03286
G1 X115.901 Y103.446 E.03643
G1 X116.555 Y103.539 E.03389
G1 X117.192 Y103.674 E.03341
G1 X117.72 Y103.855 E.02864
G1 X118.245 Y104.093 E.02958
G1 X118.749 Y104.385 E.02989
G1 X119.223 Y104.726 E.02996
G1 X119.661 Y105.114 E.03002
G1 X120.059 Y105.543 E.03003
G1 X120.412 Y106.01 E.03004
G1 X120.718 Y106.51 E.03008
G1 X120.972 Y107.037 E.03002
G1 X121.172 Y107.588 E.03008
G1 X121.316 Y108.156 E.03007
G1 X121.403 Y108.735 E.03004
G1 X121.433 Y109.319 E.03
G1 X121.433 Y109.613 E.01509
G1 X121.374 Y110.197 E.03012
G1 X121.258 Y110.772 E.0301
G1 X121.085 Y111.333 E.03012
G1 X120.857 Y111.873 E.03008
G1 X120.576 Y112.389 E.03015
G1 X120.246 Y112.873 E.03006
G1 X119.869 Y113.323 E.03012
G1 X119.449 Y113.733 E.03012
G1 X118.99 Y114.098 E.03009
G1 X118.497 Y114.417 E.03013
G1 X117.975 Y114.684 E.03008
G1 X117.429 Y114.899 E.03011
G1 X116.864 Y115.058 E.03012
G1 X116.286 Y115.16 E.03012
G1 X115.701 Y115.204 E.0301
G1 X115.114 Y115.189 E.03013
G1 X114.532 Y115.116 E.0301
G1 X113.96 Y114.985 E.03011
G1 X113.404 Y114.798 E.0301
G1 X112.879 Y114.562 E.02953
G1 X112.383 Y114.258 E.02985
G1 X111.86 Y113.892 E.03275
G1 X111.439 Y113.518 E.02889
G1 X111.046 Y113.092 E.02974
G1 X110.694 Y112.627 E.02992
G1 X110.39 Y112.128 E.02998
G1 X110.136 Y111.601 E.03002
G1 X109.936 Y111.051 E.03003
G1 X109.792 Y110.483 E.03007
G1 X109.721 Y110.011 E.02449
G1 X109.118 Y110.087 F9000
;TYPE:External perimeter
;WIDTH:0.629999
G1 F900
G1 X109.074 Y109.643 E.02178
G1 X109.074 Y108.996 E.03158
G1 X109.138 Y108.353 E.03154
G1 X109.266 Y107.718 E.03162
G1 X109.457 Y107.1 E.03158
G1 X109.708 Y106.504 E.03157
G1 X110.018 Y105.936 E.03159
G1 X110.382 Y105.402 E.03155
G1 X110.798 Y104.906 E.0316
G1 X111.261 Y104.455 E.03155
G1 X111.766 Y104.051 E.03157
G1 X112.31 Y103.7 E.0316
G1 X112.886 Y103.405 E.03159
G1 X113.488 Y103.169 E.03156
G1 X114.11 Y102.994 E.03154
G1 X114.747 Y102.881 E.03158
G1 X115.393 Y102.833 E.03162
G1 X115.95 Y102.845 E.0272
G1 X116.64 Y102.943 E.03402
G1 X117.355 Y103.094 E.03567
G1 X117.94 Y103.294 E.03018
G1 X118.52 Y103.557 E.03109
G1 X119.076 Y103.879 E.03136
G1 X119.598 Y104.256 E.03143
G1 X120.081 Y104.683 E.03147
G1 X120.52 Y105.156 E.0315
G1 X120.91 Y105.671 E.03154
G1 X121.246 Y106.222 E.0315
G1 X121.526 Y106.804 E.03153
G1 X121.747 Y107.411 E.03153
G1 X121.906 Y108.037 E.03153
G1 X122.003 Y108.675 E.0315
G1 X122.035 Y109.319 E.03148
G1 X122.035 Y109.643 E.01582
G1 X121.97 Y110.287 E.0316
G1 X121.842 Y110.921 E.03157
G1 X121.651 Y111.539 E.03158
G1 X121.4 Y112.135 E.03157
G1 X121.091 Y112.703 E.03156
G1 X120.726 Y113.237 E.03158
G1 X120.311 Y113.733 E.03157
G1 X119.848 Y114.185 E.03159
G1 X119.342 Y114.588 E.03158
G1 X118.798 Y114.939 E.0316
G1 X118.223 Y115.234 E.03155
G1 X117.621 Y115.47 E.03156
G1 X116.998 Y115.645 E.03159
G1 X116.361 Y115.758 E.03158
G1 X115.716 Y115.806 E.03157
G1 X115.069 Y115.79 E.03159
G1 X114.427 Y115.71 E.03158
G1 X113.797 Y115.566 E.03155
G1 X113.184 Y115.36 E.03157
G1 X112.597 Y115.095 E.03144
G1 X111.764 Y114.586 E.04765
G1 X111.261 Y114.185 E.0314
G1 X110.798 Y113.733 E.03159
G1 X110.382 Y113.237 E.0316
G1 X110.018 Y112.703 E.03155
G1 X109.708 Y112.135 E.03159
G1 X109.457 Y111.539 E.03157
G1 X109.266 Y110.921 E.03158
G1 X109.138 Y110.287 E.03157
G1 X109.127 Y110.176 E.00545
G1 X110.178 Y109.863 F9000
;TYPE:Internal infill
;WIDTH:0.66
G1 F900
G1 X110.311 Y110.655 E.04121
G1 X110.68 Y111.667 E.05527
G1 X111.242 Y112.586 E.05527
G1 X111.733 Y113.141 E.03802
G1 X119.375 Y105.499 E.55453
G1 X118.712 Y104.927 E.04493
G1 X117.779 Y104.388 E.05529
G1 X116.78 Y104.051 E.0541
G1 X115.422 Y103.911 E.07005
G1 X114.35 Y104.045 E.05543
G1 X113.329 Y104.388 E.05527
G1 X112.396 Y104.927 E.05529
G1 X111.733 Y105.499 E.04493
G1 X119.375 Y113.141 E.55453
G1 X119.867 Y112.586 E.03806
G1 X120.428 Y111.667 E.05525
G1 X120.797 Y110.655 E.05527
G1 X120.93 Y109.863 E.04121
;LAYER_CHANGE
;Z:10.5
;HEIGHT:0.2
;BEFORE_LAYER_CHANGE
G92 E0
;10.5


G1 E-1.4 F3600
;WIPE_START
G1 F7200
G1 X120.797 Y110.655 E-.38147
G1 X120.64 Y111.087 E-.21853
;WIPE_END
G1 Z10.5 F9000
;AFTER_LAYER_CHANGE
;10.5
G1 Z10.5
G1 X121.402 Y109.922
G1 E2 F2400
;TYPE:Perimeter
;WIDTH:0.659999
G1 F900
G1 X121.374 Y110.197 E.01418
G1 X121.258 Y110.772 E.0301
G1 X121.085 Y111.333 E.03012
G1 X120.857 Y111.873 E.03008
G1 X120.576 Y112.389 E.03015
G1 X120.246 Y112.873 E.03006
G1 X119.869 Y113.323 E.03012
G1 X119.449 Y113.733 E.03012
G1 X118.99 Y114.098 E.03009
G1 X118.497 Y114.417 E.03013
G1 X117.975 Y114.684 E.03008
G1 X117.429 Y114.899 E.03011
G1 X116.864 Y115.058 E.03012
G1 X116.286 Y115.16 E.03012
G1 X115.701 Y115.204 E.0301
G1 X115.114 Y115.189 E.03013
G1 X114.532 Y115.116 E.0301
G1 X113.96 Y114.985 E.03011
G1 X113.404 Y114.798 E.0301
G1 X112.879 Y114.562 E.02953
G1 X112.11 Y114.091 E.04627
G1 X111.66 Y113.733 E.02951
G1 X111.24 Y113.323 E.03012
G1 X110.862 Y112.873 E.03015
G1 X110.532 Y112.389 E.03006
G1 X110.251 Y111.873 E.03015
G1 X110.023 Y111.333 E.03008
G1 X109.85 Y110.772 E.03012
G1 X109.734 Y110.197 E.0301
G1 X109.676 Y109.613 E.03011
G1 X109.676 Y109.026 E.03012
G1 X109.734 Y108.442 E.03011
G1 X109.85 Y107.867 E.0301
G1 X110.023 Y107.307 E.03007
G1 X110.251 Y106.766 E.03012
G1 X110.532 Y106.251 E.0301
G1 X110.862 Y105.766 E.0301
G1 X111.24 Y105.316 E.03015
G1 X111.66 Y104.907 E.03008
G1 X112.118 Y104.541 E.03008
G1 X112.611 Y104.222 E.03013
G1 X113.133 Y103.955 E.03008
G1 X113.68 Y103.74 E.03016
G1 X114.244 Y103.581 E.03007
G1 X114.822 Y103.479 E.03012
G1 X115.409 Y103.436 E.0302
G1 X115.91 Y103.446 E.02571
G1 X116.555 Y103.539 E.03344
G1 X117.191 Y103.674 E.03336
G1 X117.719 Y103.854 E.02862
G1 X118.245 Y104.093 E.02964
G1 X118.749 Y104.385 E.02989
G1 X119.223 Y104.726 E.02996
G1 X119.661 Y105.114 E.03002
G1 X120.059 Y105.543 E.03003
G1 X120.412 Y106.01 E.03004
G1 X120.718 Y106.51 E.03008
G1 X120.972 Y107.037 E.03002
G1 X121.172 Y107.588 E.03008
G1 X121.316 Y108.156 E.03007
G1 X121.403 Y108.735 E.03004
G1 X121.433 Y109.319 E.03
G1 X121.433 Y109.613 E.01509
G1 X121.411 Y109.833 E.01134
G1 X122.011 Y109.878 F9000
;TYPE:External perimeter
;WIDTH:0.629999
G1 F900
G1 X121.97 Y110.287 E.02007
G1 X121.842 Y110.921 E.03157
G1 X121.651 Y111.539 E.03158
G1 X121.4 Y112.135 E.03157
G1 X121.091 Y112.703 E.03156
G1 X120.726 Y113.237 E.03158
G1 X120.311 Y113.733 E.03157
G1 X119.848 Y114.185 E.03159
G1 X119.342 Y114.588 E.03158
G1 X118.798 Y114.939 E.0316
G1 X118.223 Y115.234 E.03155
G1 X117.621 Y115.47 E.03156
G1 X116.998 Y115.645 E.03159
G1 X116.361 Y115.758 E.03158
G1 X115.716 Y115.806 E.03157
G1 X115.069 Y115.79 E.03159
G1 X114.427 Y115.71 E.03158
G1 X113.797 Y115.566 E.03155
G1 X113.184 Y115.36 E.03157
G1 X112.597 Y115.095 E.03144
G1 X111.764 Y114.586 E.04765
G1 X111.261 Y114.185 E.0314
G1 X110.798 Y113.733 E.03159
G1 X110.382 Y113.237 E.0316
G1 X110.018 Y112.703 E.03155
G1 X109.708 Y112.135 E.03159
G1 X109.457 Y111.539 E.03157
G1 X109.266 Y110.921 E.03158
G1 X109.138 Y110.287 E.03157
G1 X109.074 Y109.643 E.03159
G1 X109.074 Y108.996 E.03158
G1 X109.138 Y108.353 E.03154
G1 X109.266 Y107.718 E.03162
G1 X109.457 Y107.1 E.03158
G1 X109.708 Y106.504 E.03157
G1 X110.018 Y105.936 E.03159
G1 X110.382 Y105.402 E.03155
G1 X110.798 Y104.906 E.0316
G1 X111.261 Y104.455 E.03155
G1 X111.766 Y104.051 E.03157
G1 X112.31 Y103.7 E.0316
G1 X112.886 Y103.405 E.03159
G1 X113.488 Y103.169 E.03156
G1 X114.11 Y102.994 E.03154
G1 X114.747 Y102.881 E.03158
G1 X115.393 Y102.833 E.03162
G1 X115.96 Y102.845 E.02768
G1 X116.641 Y102.943 E.03359
G1 X117.354 Y103.094 E.03558
G1 X117.939 Y103.294 E.03018
G1 X118.52 Y103.557 E.03113
G1 X119.075 Y103.879 E.03132
G1 X119.598 Y104.256 E.03147
G1 X120.081 Y104.683 E.03147
G1 X120.52 Y105.156 E.0315
G1 X120.91 Y105.671 E.03154
G1 X121.246 Y106.222 E.0315
G1 X121.526 Y106.803 E.03148
G1 X121.747 Y107.41 E.03153
G1 X121.906 Y108.036 E.03153
G1 X122.003 Y108.675 E.03155
G1 X122.035 Y109.319 E.03148
G1 X122.035 Y109.643 E.01582
G1 X122.02 Y109.788 E.00712
G1 X120.93 Y109.863 F9000
;TYPE:Internal infill
;WIDTH:0.66
G1 F900
G1 X120.797 Y110.655 E.04121
G1 X120.428 Y111.667 E.05527
G1 X119.867 Y112.586 E.05525
G1 X119.375 Y113.141 E.03806
G1 X111.733 Y105.499 E.55453
G1 X112.396 Y104.927 E.04493
G1 X113.329 Y104.388 E.05529
G1 X114.35 Y104.045 E.05527
G1 X115.422 Y103.911 E.05543
G1 X116.779 Y104.051 E.07
G1 X117.779 Y104.388 E.05415
G1 X118.712 Y104.927 E.05529
G1 X119.375 Y105.499 E.04493
G1 X111.733 Y113.141 E.55453
G1 X111.242 Y112.586 E.03802
G1 X110.68 Y111.667 E.05527
G1 X110.311 Y110.655 E.05527
G1 X110.178 Y109.863 E.04121
;LAYER_CHANGE
;Z:10.7
;HEIGHT:0.2
;BEFORE_LAYER_CHANGE
G92 E0
;10.7


G1 E-1.4 F3600
;WIPE_START
G1 F7200
G1 X110.311 Y110.655 E-.38147
G1 X110.469 Y111.087 E-.21853
;WIPE_END
G1 Z10.7 F9000
;AFTER_LAYER_CHANGE
;10.7
G1 Z10.7
G1 X109.707 Y109.922
G1 E2 F2400
;TYPE:Perimeter
;WIDTH:0.659999
G1 F900
G1 X109.676 Y109.613 E.01593
G1 X109.676 Y109.026 E.03012
G1 X109.734 Y108.442 E.03011
G1 X109.85 Y107.867 E.0301
G1 X110.023 Y107.307 E.03007
G1 X110.251 Y106.766 E.03012
G1 X110.532 Y106.251 E.0301
G1 X110.862 Y105.766 E.0301
G1 X111.24 Y105.316 E.03015
G1 X111.66 Y104.907 E.03008
G1 X112.118 Y104.541 E.03008
G1 X112.611 Y104.222 E.03013
G1 X113.133 Y103.955 E.03008
G1 X113.68 Y103.74 E.03016
G1 X114.244 Y103.581 E.03007
G1 X114.822 Y103.479 E.03012
G1 X115.409 Y103.436 E.0302
G1 X115.919 Y103.447 E.02617
G1 X116.556 Y103.539 E.03302
G1 X117.19 Y103.673 E.03325
G1 X117.719 Y103.854 E.02869
G1 X118.245 Y104.093 E.02964
G1 X118.749 Y104.385 E.02989
G1 X119.223 Y104.726 E.02996
G1 X119.661 Y105.114 E.03002
G1 X120.059 Y105.543 E.03003
G1 X120.412 Y106.01 E.03004
G1 X120.718 Y106.51 E.03008
G1 X120.971 Y107.037 E.03
G1 X121.172 Y107.588 E.03009
G1 X121.316 Y108.156 E.03007
G1 X121.403 Y108.735 E.03004
G1 X121.433 Y109.319 E.03
G1 X121.433 Y109.613 E.01509
G1 X121.374 Y110.197 E.03012
G1 X121.258 Y110.772 E.0301
G1 X121.085 Y111.333 E.03012
G1 X120.857 Y111.873 E.03008
G1 X120.576 Y112.389 E.03015
G1 X120.246 Y112.873 E.03006
G1 X119.869 Y113.323 E.03012
G1 X119.449 Y113.733 E.03012
G1 X118.99 Y114.098 E.03009
G1 X118.497 Y114.417 E.03013
G1 X117.975 Y114.684 E.03008
G1 X117.429 Y114.899 E.03011
G1 X116.864 Y115.058 E.03012
G1 X116.286 Y115.16 E.03012
G1 X115.701 Y115.204 E.0301
G1 X115.114 Y115.189 E.03013
G1 X114.532 Y115.116 E.0301
G1 X113.96 Y114.985 E.03011
G1 X113.404 Y114.798 E.0301
G1 X112.879 Y114.562 E.02953
G1 X112.11 Y114.091 E.04627
G1 X111.66 Y113.733 E.02951
G1 X111.24 Y113.323 E.03012
G1 X110.862 Y112.873 E.03015
G1 X110.532 Y112.389 E.03006
G1 X110.251 Y111.873 E.03015
G1 X110.023 Y111.333 E.03008
G1 X109.85 Y110.772 E.03012
G1 X109.734 Y110.197 E.0301
G1 X109.716 Y110.012 E.00954
G1 X109.118 Y110.087 F9000
;TYPE:External perimeter
;WIDTH:0.629999
G1 F900
G1 X109.074 Y109.643 E.02178
G1 X109.074 Y108.996 E.03158
G1 X109.138 Y108.353 E.03154
G1 X109.266 Y107.718 E.03162
G1 X109.457 Y107.1 E.03158
G1 X109.708 Y106.504 E.03157
G1 X110.018 Y105.936 E.03159
G1 X110.382 Y105.402 E.03155
G1 X110.798 Y104.906 E.0316
G1 X111.261 Y104.455 E.03155
G1 X111.767 Y104.051 E.03161
G1 X112.31 Y103.7 E.03156
G1 X112.886 Y103.405 E.03159
G1 X113.488 Y103.169 E.03156
G1 X114.11 Y102.994 E.03154
G1 X114.747 Y102.881 E.03158
G1 X115.393 Y102.833 E.03162
G1 X115.969 Y102.846 E.02813
G1 X116.642 Y102.943 E.03319
G1 X117.353 Y103.094 E.03548
G1 X117.939 Y103.294 E.03023
G1 X118.519 Y103.557 E.03109
G1 X119.075 Y103.879 E.03136
G1 X119.598 Y104.256 E.03147
G1 X120.081 Y104.683 E.03147
G1 X120.52 Y105.156 E.0315
G1 X120.91 Y105.671 E.03154
G1 X121.246 Y106.222 E.0315
G1 X121.526 Y106.803 E.03148
G1 X121.747 Y107.41 E.03153
G1 X121.906 Y108.036 E.03153
G1 X122.003 Y108.675 E.03155
G1 X122.035 Y109.319 E.03148
G1 X122.035 Y109.643 E.01582
G1 X121.97 Y110.287 E.0316
G1 X121.842 Y110.921 E.03157
G1 X121.651 Y111.539 E.03158
G1 X121.4 Y112.135 E.03157
G1 X121.091 Y112.703 E.03156
G1 X120.726 Y113.237 E.03158
G1 X120.311 Y113.733 E.03157
G1 X119.848 Y114.185 E.03159
G1 X119.342 Y114.588 E.03158
G1 X118.798 Y114.939 E.0316
G1 X118.223 Y115.234 E.03155
G1 X117.621 Y115.47 E.03156
G1 X116.998 Y115.645 E.03159
G1 X116.361 Y115.758 E.03158
G1 X115.716 Y115.806 E.03157
G1 X115.069 Y115.79 E.03159
G1 X114.427 Y115.71 E.03158
G1 X113.797 Y115.566 E.03155
G1 X113.184 Y115.36 E.03157
G1 X112.597 Y115.095 E.03144
G1 X111.764 Y114.586 E.04765
G1 X111.261 Y114.185 E.0314
G1 X110.798 Y113.733 E.03159
G1 X110.382 Y113.237 E.0316
G1 X110.018 Y112.703 E.03155
G1 X109.708 Y112.135 E.03159
G1 X109.457 Y111.539 E.03157
G1 X109.266 Y110.921 E.03158
G1 X109.138 Y110.287 E.03157
G1 X109.127 Y110.176 E.00545
G1 X110.178 Y109.863 F9000
;TYPE:Internal infill
;WIDTH:0.66
G1 F900
G1 X110.311 Y110.655 E.04121
G1 X110.68 Y111.667 E.05527
G1 X111.242 Y112.586 E.05527
G1 X111.733 Y113.141 E.03802
G1 X119.375 Y105.499 E.55453
G1 X118.712 Y104.927 E.04493
G1 X117.779 Y104.388 E.05529
G1 X116.779 Y104.051 E.05415
G1 X115.421 Y103.911 E.07005
G1 X114.35 Y104.045 E.05538
G1 X113.329 Y104.388 E.05527
G1 X112.396 Y104.927 E.05529
G1 X111.733 Y105.499 E.04493
G1 X119.375 Y113.141 E.55453
G1 X119.867 Y112.586 E.03806
G1 X120.428 Y111.667 E.05525
G1 X120.797 Y110.655 E.05527
G1 X120.93 Y109.863 E.04121
;LAYER_CHANGE
;Z:10.9
;HEIGHT:0.2
;BEFORE_LAYER_CHANGE
G92 E0
;10.9


G1 E-1.4 F3600
;WIPE_START
G1 F7200
G1 X120.797 Y110.655 E-.38147
G1 X120.64 Y111.087 E-.21853
;WIPE_END
G1 Z10.9 F9000
;AFTER_LAYER_CHANGE
;10.9
G1 Z10.9
G1 X121.402 Y109.922
G1 E2 F2400
;TYPE:Perimeter
;WIDTH:0.659999
G1 F900
G1 X121.374 Y110.197 E.01418
G1 X121.258 Y110.772 E.0301
G1 X121.085 Y111.333 E.03012
G1 X120.857 Y111.873 E.03008
G1 X120.576 Y112.389 E.03015
G1 X120.246 Y112.873 E.03006
G1 X119.869 Y113.323 E.03012
G1 X119.449 Y113.733 E.03012
G1 X118.99 Y114.098 E.03009
G1 X118.497 Y114.417 E.03013
G1 X117.975 Y114.684 E.03008
G1 X117.429 Y114.899 E.03011
G1 X116.864 Y115.058 E.03012
G1 X116.286 Y115.16 E.03012
G1 X115.701 Y115.204 E.0301
G1 X115.114 Y115.189 E.03013
G1 X114.532 Y115.116 E.0301
G1 X113.96 Y114.985 E.03011
G1 X113.404 Y114.798 E.0301
G1 X112.879 Y114.562 E.02953
G1 X112.11 Y114.091 E.04627
G1 X111.66 Y113.733 E.02951
G1 X111.24 Y113.323 E.03012
G1 X110.862 Y112.873 E.03015
G1 X110.532 Y112.389 E.03006
G1 X110.251 Y111.873 E.03015
G1 X110.023 Y111.333 E.03008
G1 X109.85 Y110.772 E.03012
G1 X109.734 Y110.197 E.0301
G1 X109.676 Y109.613 E.03011
G1 X109.676 Y109.026 E.03012
G1 X109.734 Y108.442 E.03011
G1 X109.85 Y107.867 E.0301
G1 X110.023 Y107.307 E.03007
G1 X110.251 Y106.766 E.03012
G1 X110.532 Y106.251 E.0301
G1 X110.862 Y105.766 E.0301
G1 X111.24 Y105.316 E.03015
G1 X111.66 Y104.907 E.03008
G1 X112.118 Y104.541 E.03008
G1 X112.611 Y104.222 E.03013
G1 X113.133 Y103.955 E.03008
G1 X113.68 Y103.74 E.03016
G1 X114.244 Y103.581 E.03007
G1 X114.822 Y103.479 E.03012
G1 X115.408 Y103.436 E.03015
G1 X115.929 Y103.447 E.02674
G1 X116.556 Y103.538 E.03251
G1 X117.189 Y103.673 E.03321
G1 X117.718 Y103.854 E.02869
G1 X118.244 Y104.093 E.02964
G1 X118.748 Y104.385 E.02989
G1 X119.223 Y104.726 E.03
G1 X119.661 Y105.113 E.02999
G1 X120.059 Y105.543 E.03006
G1 X120.412 Y106.01 E.03004
G1 X120.717 Y106.51 E.03005
G1 X120.971 Y107.037 E.03002
G1 X121.172 Y107.588 E.03009
G1 X121.316 Y108.156 E.03007
G1 X121.403 Y108.735 E.03004
G1 X121.433 Y109.319 E.03
G1 X121.433 Y109.613 E.01509
G1 X121.411 Y109.833 E.01134
G1 X122.011 Y109.878 F9000
;TYPE:External perimeter
;WIDTH:0.629999
G1 F900
G1 X121.97 Y110.287 E.02007
G1 X121.842 Y110.921 E.03157
G1 X121.651 Y111.539 E.03158
G1 X121.4 Y112.135 E.03157
G1 X121.091 Y112.703 E.03156
G1 X120.726 Y113.237 E.03158
G1 X120.311 Y113.733 E.03157
G1 X119.848 Y114.185 E.03159
G1 X119.342 Y114.588 E.03158
G1 X118.798 Y114.939 E.0316
G1 X118.223 Y115.234 E.03155
G1 X117.621 Y115.47 E.03156
G1 X116.998 Y115.645 E.03159
G1 X116.361 Y115.758 E.03158
G1 X115.716 Y115.806 E.03157
G1 X115.069 Y115.79 E.03159
G1 X114.427 Y115.71 E.03158
G1 X113.797 Y115.566 E.03155
G1 X113.184 Y115.36 E.03157
G1 X112.597 Y115.095 E.03144
G1 X111.764 Y114.586 E.04765
G1 X111.261 Y114.185 E.0314
G1 X110.798 Y113.733 E.03159
G1 X110.382 Y113.237 E.0316
G1 X110.018 Y112.703 E.03155
G1 X109.708 Y112.135 E.03159
G1 X109.457 Y111.539 E.03157
G1 X109.266 Y110.921 E.03158
G1 X109.138 Y110.287 E.03157
G1 X109.074 Y109.643 E.03159
G1 X109.074 Y108.996 E.03158
G1 X109.138 Y108.353 E.03154
G1 X109.266 Y107.718 E.03162
G1 X109.457 Y107.1 E.03158
G1 X109.708 Y106.504 E.03157
G1 X110.018 Y105.936 E.03159
G1 X110.382 Y105.402 E.03155
G1 X110.798 Y104.906 E.0316
G1 X111.261 Y104.455 E.03155
G1 X111.766 Y104.051 E.03157
G1 X112.31 Y103.7 E.0316
G1 X112.886 Y103.405 E.03159
G1 X113.488 Y103.169 E.03156
G1 X114.11 Y102.994 E.03154
G1 X114.747 Y102.881 E.03158
G1 X115.393 Y102.833 E.03162
G1 X115.979 Y102.846 E.02861
G1 X116.642 Y102.943 E.03271
G1 X117.352 Y103.093 E.03542
G1 X117.938 Y103.294 E.03024
G1 X118.519 Y103.557 E.03113
G1 X119.075 Y103.879 E.03136
G1 X119.598 Y104.256 E.03147
G1 X120.081 Y104.682 E.03144
G1 X120.52 Y105.156 E.03154
G1 X120.91 Y105.67 E.0315
G1 X121.246 Y106.222 E.03155
G1 X121.526 Y106.803 E.03148
G1 X121.747 Y107.41 E.03153
G1 X121.906 Y108.036 E.03153
G1 X122.003 Y108.675 E.03155
G1 X122.035 Y109.319 E.03148
G1 X122.035 Y109.643 E.01582
G1 X122.02 Y109.788 E.00712
G1 X120.93 Y109.863 F9000
;TYPE:Internal infill
;WIDTH:0.66
G1 F900
G1 X120.797 Y110.655 E.04121
G1 X120.428 Y111.667 E.05527
G1 X119.867 Y112.586 E.05525
G1 X119.375 Y113.141 E.03806
G1 X111.733 Y105.499 E.55453
G1 X112.396 Y104.927 E.04493
G1 X113.329 Y104.388 E.05529
G1 X114.35 Y104.045 E.05527
G1 X115.421 Y103.911 E.05538
G1 X116.778 Y104.051 E.07
G1 X117.779 Y104.388 E.05419
G1 X118.712 Y104.927 E.05529
G1 X119.375 Y105.499 E.04493
G1 X111.733 Y113.141 E.55453
G1 X111.242 Y112.586 E.03802
G1 X110.68 Y111.667 E.05527
G1 X110.311 Y110.655 E.05527
G1 X110.178 Y109.863 E.04121
;LAYER_CHANGE
;Z:11.1
;HEIGHT:0.200001
;BEFORE_LAYER_CHANGE
G92 E0
;11.1


G1 E-1.4 F3600
;WIPE_START
G1 F7200
G1 X110.311 Y110.655 E-.38147
G1 X110.469 Y111.087 E-.21853
;WIPE_END
G1 Z11.1 F9000
;AFTER_LAYER_CHANGE
;11.1
G1 Z11.1
G1 X109.707 Y109.922
G1 E2 F2400
;TYPE:Perimeter
;WIDTH:0.659999
G1 F900
G1 X109.676 Y109.613 E.01593
G1 X109.676 Y109.026 E.03012
G1 X109.734 Y108.442 E.03011
G1 X109.85 Y107.867 E.0301
G1 X110.023 Y107.307 E.03007
G1 X110.251 Y106.766 E.03012
G1 X110.532 Y106.251 E.0301
G1 X110.862 Y105.766 E.0301
G1 X111.24 Y105.316 E.03015
G1 X111.66 Y104.907 E.03008
G1 X112.118 Y104.541 E.03008
G1 X112.611 Y104.222 E.03013
G1 X113.133 Y103.955 E.03008
G1 X113.68 Y103.74 E.03016
G1 X114.244 Y103.581 E.03007
G1 X114.822 Y103.479 E.03012
G1 X115.408 Y103.436 E.03015
G1 X115.938 Y103.448 E.0272
G1 X116.556 Y103.538 E.03204
G1 X117.188 Y103.673 E.03316
G1 X117.718 Y103.854 E.02874
G1 X118.244 Y104.093 E.02964
G1 X118.748 Y104.385 E.02989
G1 X119.222 Y104.726 E.02996
G1 X119.661 Y105.113 E.03003
G1 X120.059 Y105.543 E.03006
G1 X120.412 Y106.01 E.03004
G1 X120.717 Y106.51 E.03005
G1 X120.971 Y107.037 E.03002
G1 X121.172 Y107.588 E.03009
G1 X121.316 Y108.156 E.03007
G1 X121.403 Y108.735 E.03004
G1 X121.433 Y109.319 E.03
G1 X121.433 Y109.613 E.01509
G1 X121.374 Y110.197 E.03012
G1 X121.258 Y110.772 E.0301
G1 X121.085 Y111.333 E.03012
G1 X120.857 Y111.873 E.03008
G1 X120.576 Y112.389 E.03015
G1 X120.246 Y112.873 E.03006
G1 X119.869 Y113.323 E.03012
G1 X119.449 Y113.733 E.03012
G1 X118.99 Y114.098 E.03009
G1 X118.497 Y114.417 E.03013
G1 X117.975 Y114.684 E.03008
G1 X117.429 Y114.899 E.03011
G1 X116.864 Y115.058 E.03012
G1 X116.286 Y115.16 E.03012
G1 X115.701 Y115.203 E.0301
G1 X115.114 Y115.189 E.03013
G1 X114.532 Y115.116 E.0301
G1 X113.96 Y114.985 E.03011
G1 X113.404 Y114.798 E.0301
G1 X112.879 Y114.562 E.02953
G1 X112.11 Y114.091 E.04627
G1 X111.66 Y113.733 E.02951
G1 X111.24 Y113.323 E.03012
G1 X110.862 Y112.873 E.03015
G1 X110.532 Y112.389 E.03006
G1 X110.251 Y111.873 E.03015
G1 X110.023 Y111.333 E.03008
G1 X109.85 Y110.772 E.03012
G1 X109.734 Y110.197 E.0301
G1 X109.716 Y110.012 E.00954
G1 X109.118 Y110.087 F9000
;TYPE:External perimeter
;WIDTH:0.629999
G1 F900
G1 X109.074 Y109.643 E.02178
G1 X109.074 Y108.996 E.03158
G1 X109.138 Y108.353 E.03154
G1 X109.266 Y107.718 E.03162
G1 X109.457 Y107.1 E.03158
G1 X109.708 Y106.504 E.03157
G1 X110.018 Y105.936 E.03159
G1 X110.382 Y105.402 E.03155
G1 X110.798 Y104.906 E.0316
G1 X111.261 Y104.455 E.03155
G1 X111.766 Y104.051 E.03157
G1 X112.31 Y103.7 E.0316
G1 X112.886 Y103.405 E.03159
G1 X113.488 Y103.169 E.03156
G1 X114.11 Y102.994 E.03154
G1 X114.747 Y102.881 E.03158
G1 X115.393 Y102.833 E.03162
G1 X115.988 Y102.847 E.02905
G1 X116.643 Y102.942 E.03231
G1 X117.351 Y103.093 E.03534
G1 X117.938 Y103.293 E.03027
G1 X118.519 Y103.557 E.03115
G1 X119.075 Y103.879 E.03136
G1 X119.598 Y104.255 E.03144
G1 X120.081 Y104.682 E.03147
G1 X120.52 Y105.156 E.03154
G1 X120.91 Y105.67 E.0315
G1 X121.246 Y106.222 E.03155
G1 X121.526 Y106.803 E.03148
G1 X121.747 Y107.41 E.03153
G1 X121.906 Y108.036 E.03153
G1 X122.003 Y108.675 E.03155
G1 X122.035 Y109.319 E.03148
G1 X122.035 Y109.643 E.01582
G1 X121.97 Y110.287 E.0316
G1 X121.842 Y110.921 E.03157
G1 X121.651 Y111.539 E.03158
G1 X121.4 Y112.135 E.03157
G1 X121.091 Y112.703 E.03156
G1 X120.726 Y113.237 E.03158
G1 X120.311 Y113.733 E.03157
G1 X119.848 Y114.185 E.03159
G1 X119.342 Y114.588 E.03158
G1 X118.798 Y114.939 E.0316
G1 X118.223 Y115.234 E.03155
G1 X117.621 Y115.47 E.03156
G1 X116.998 Y115.645 E.03159
G1 X116.361 Y115.758 E.03158
G1 X115.716 Y115.806 E.03157
G1 X115.069 Y115.79 E.03159
G1 X114.427 Y115.71 E.03158
G1 X113.797 Y115.566 E.03155
G1 X113.184 Y115.36 E.03157
G1 X112.597 Y115.095 E.03144
G1 X111.764 Y114.586 E.04765
G1 X111.261 Y114.185 E.0314
G1 X110.798 Y113.733 E.03159
G1 X110.382 Y113.237 E.0316
G1 X110.018 Y112.703 E.03155
G1 X109.708 Y112.135 E.03159
G1 X109.457 Y111.539 E.03157
G1 X109.266 Y110.921 E.03158
G1 X109.138 Y110.287 E.03157
G1 X109.127 Y110.176 E.00545
G1 X110.178 Y109.863 F9000
;TYPE:Internal infill
;WIDTH:0.66
G1 F900
G1 X110.311 Y110.655 E.04121
G1 X110.68 Y111.667 E.05527
G1 X111.242 Y112.586 E.05527
G1 X111.733 Y113.141 E.03802
G1 X119.375 Y105.499 E.55453
G1 X118.712 Y104.927 E.04493
G1 X117.779 Y104.388 E.05529
G1 X116.777 Y104.051 E.05424
G1 X115.898 Y103.922 E.04558
G1 X115.421 Y103.911 E.02448
G1 X114.35 Y104.045 E.05538
G1 X113.329 Y104.388 E.05527
G1 X112.396 Y104.927 E.05529
G1 X111.733 Y105.499 E.04493
G1 X119.375 Y113.141 E.55453
G1 X119.867 Y112.586 E.03806
G1 X120.428 Y111.667 E.05525
G1 X120.797 Y110.655 E.05527
G1 X120.93 Y109.863 E.04121
;LAYER_CHANGE
;Z:11.3
;HEIGHT:0.2
;BEFORE_LAYER_CHANGE
G92 E0
;11.3


G1 E-1.4 F3600
;WIPE_START
G1 F7200
G1 X120.797 Y110.655 E-.38147
G1 X120.64 Y111.087 E-.21853
;WIPE_END
G1 Z11.3 F9000
;AFTER_LAYER_CHANGE
;11.3
G1 Z11.3
G1 X121.402 Y109.922
G1 E2 F2400
;TYPE:Perimeter
;WIDTH:0.659999
G1 F900
G1 X121.374 Y110.197 E.01418
G1 X121.258 Y110.772 E.0301
G1 X121.085 Y111.333 E.03012
G1 X120.857 Y111.873 E.03008
G1 X120.576 Y112.389 E.03015
G1 X120.246 Y112.873 E.03006
G1 X119.869 Y113.323 E.03012
G1 X119.449 Y113.733 E.03012
G1 X118.99 Y114.098 E.03009
G1 X118.497 Y114.417 E.03013
G1 X117.975 Y114.684 E.03008
G1 X117.429 Y114.899 E.03011
G1 X116.864 Y115.058 E.03012
G1 X116.286 Y115.16 E.03012
G1 X115.701 Y115.204 E.0301
G1 X115.114 Y115.189 E.03013
G1 X114.532 Y115.116 E.0301
G1 X113.96 Y114.985 E.03011
G1 X113.404 Y114.798 E.0301
G1 X112.879 Y114.562 E.02953
G1 X112.11 Y114.091 E.04627
G1 X111.66 Y113.733 E.02951
G1 X111.24 Y113.323 E.03012
G1 X110.862 Y112.873 E.03015
G1 X110.532 Y112.389 E.03006
G1 X110.251 Y111.873 E.03015
G1 X110.023 Y111.333 E.03008
G1 X109.85 Y110.772 E.03012
G1 X109.734 Y110.197 E.0301
G1 X109.676 Y109.613 E.03011
G1 X109.676 Y109.026 E.03012
G1 X109.734 Y108.442 E.03011
G1 X109.85 Y107.867 E.0301
G1 X110.023 Y107.307 E.03007
G1 X110.251 Y106.766 E.03012
G1 X110.532 Y106.251 E.0301
G1 X110.862 Y105.766 E.0301
G1 X111.24 Y105.316 E.03015
G1 X111.66 Y104.907 E.03008
G1 X112.118 Y104.541 E.03008
G1 X112.611 Y104.222 E.03013
G1 X113.133 Y103.955 E.03008
G1 X113.68 Y103.74 E.03016
G1 X114.244 Y103.581 E.03007
G1 X114.822 Y103.479 E.03012
G1 X115.408 Y103.436 E.03015
G1 X115.947 Y103.448 E.02766
G1 X116.557 Y103.538 E.03164
G1 X117.187 Y103.672 E.03305
G1 X117.717 Y103.854 E.02875
G1 X118.244 Y104.093 E.02969
G1 X118.748 Y104.385 E.02989
G1 X119.222 Y104.726 E.02996
G1 X119.661 Y105.113 E.03003
G1 X120.059 Y105.543 E.03006
G1 X120.412 Y106.01 E.03004
G1 X120.717 Y106.509 E.03001
G1 X120.971 Y107.037 E.03006
G1 X121.172 Y107.588 E.03009
G1 X121.316 Y108.156 E.03007
G1 X121.403 Y108.735 E.03004
G1 X121.433 Y109.319 E.03
G1 X121.433 Y109.613 E.01509
G1 X121.411 Y109.833 E.01134
G1 X122.011 Y109.878 F9000
;TYPE:External perimeter
;WIDTH:0.629999
G1 F900
G1 X121.97 Y110.287 E.02007
G1 X121.842 Y110.921 E.03157
G1 X121.651 Y111.539 E.03158
G1 X121.4 Y112.135 E.03157
G1 X121.091 Y112.703 E.03156
G1 X120.726 Y113.237 E.03158
G1 X120.311 Y113.733 E.03157
G1 X119.848 Y114.185 E.03159
G1 X119.342 Y114.588 E.03158
G1 X118.798 Y114.939 E.0316
G1 X118.223 Y115.234 E.03155
G1 X117.621 Y115.47 E.03156
G1 X116.998 Y115.645 E.03159
G1 X116.361 Y115.758 E.03158
G1 X115.716 Y115.806 E.03157
G1 X115.069 Y115.79 E.03159
G1 X114.427 Y115.71 E.03158
G1 X113.797 Y115.566 E.03155
G1 X113.184 Y115.36 E.03157
G1 X112.597 Y115.095 E.03144
G1 X111.764 Y114.586 E.04765
G1 X111.261 Y114.185 E.0314
G1 X110.798 Y113.733 E.03159
G1 X110.382 Y113.237 E.0316
G1 X110.018 Y112.703 E.03155
G1 X109.708 Y112.135 E.03159
G1 X109.457 Y111.539 E.03157
G1 X109.266 Y110.921 E.03158
G1 X109.138 Y110.287 E.03157
G1 X109.074 Y109.643 E.03159
G1 X109.074 Y108.996 E.03158
G1 X109.138 Y108.353 E.03154
G1 X109.266 Y107.718 E.03162
G1 X109.457 Y107.1 E.03158
G1 X109.708 Y106.504 E.03157
G1 X110.018 Y105.936 E.03159
G1 X110.382 Y105.402 E.03155
G1 X110.798 Y104.906 E.0316
G1 X111.261 Y104.455 E.03155
G1 X111.766 Y104.051 E.03157
G1 X112.31 Y103.7 E.0316
G1 X112.886 Y103.405 E.03159
G1 X113.488 Y103.169 E.03156
G1 X114.11 Y102.994 E.03154
G1 X114.747 Y102.881 E.03158
G1 X115.393 Y102.833 E.03162
G1 X115.998 Y102.847 E.02954
G1 X116.644 Y102.942 E.03187
G1 X117.35 Y103.093 E.03524
G1 X117.937 Y103.293 E.03027
G1 X118.519 Y103.557 E.0312
G1 X119.075 Y103.879 E.03136
G1 X119.598 Y104.255 E.03144
G1 X120.081 Y104.682 E.03147
G1 X120.52 Y105.156 E.03154
G1 X120.91 Y105.67 E.0315
G1 X121.246 Y106.222 E.03155
G1 X121.526 Y106.803 E.03148
G1 X121.747 Y107.41 E.03153
G1 X121.906 Y108.036 E.03153
G1 X122.003 Y108.675 E.03155
G1 X122.035 Y109.319 E.03148
G1 X122.035 Y109.643 E.01582
G1 X122.02 Y109.788 E.00712
G1 X120.93 Y108.776 F9000
;TYPE:Internal infill
;WIDTH:0.66
G1 F900
G1 X120.797 Y107.985 E.04116
G1 X120.428 Y106.972 E.05532
G1 X119.867 Y106.053 E.05525
G1 X119.375 Y105.499 E.03802
G1 X112.392 Y112.482 E.50671
G1 X112.028 Y111.786 E.0403
G1 X111.839 Y111.206 E.0313
G1 X111.652 Y110.192 E.05291
G1 X111.626 Y109.386 E.04138
G1 X111.723 Y108.618 E.03972
G1 X111.927 Y107.927 E.03697
G1 X112.242 Y107.266 E.03757
G1 X112.693 Y106.618 E.04051
G1 X112.767 Y106.532 E.00582
G1 X119.375 Y113.141 E.47954
G1 X118.712 Y113.712 E.0449
G1 X117.779 Y114.251 E.05529
G1 X116.758 Y114.594 E.05527
G1 X116.098 Y114.697 E.03427
G1 E-1.4 F3600
;WIPE_START
G1 F7200
G1 X116.758 Y114.594 E-.31729
G1 X117.322 Y114.404 E-.28271
;WIPE_END
G1 Z13.3 F9000
G1 X114.67 Y103.932
G1 Z11.3
G1 E2 F2400
;TYPE:Solid infill
;WIDTH:0.597809
G1 F900
G1 X114.749 Y103.948 E.00372
;WIDTH:0.647524
G1 X114.828 Y103.965 E.00406
;WIDTH:0.697239
G1 X114.907 Y103.981 E.00439
;WIDTH:0.746953
G1 X114.986 Y103.998 E.00473
;WIDTH:0.796668
G1 X115.065 Y104.014 E.00505
;WIDTH:0.846383
G1 X115.144 Y104.031 E.0054
;WIDTH:0.896098
G1 X115.223 Y104.047 E.00572
;WIDTH:0.945812
G1 X115.302 Y104.063 E.00605
G1 X115.252 Y104.092 E.00434
;WIDTH:0.910367
G1 X115.202 Y104.12 E.00413
;WIDTH:0.874922
G1 X115.143 Y104.163 E.00505
;WIDTH:0.828233
G1 X115.084 Y104.206 E.00477
;WIDTH:0.781543
G1 X115.026 Y104.249 E.00443
;WIDTH:0.734853
G1 X114.967 Y104.292 E.0042
;WIDTH:0.688163
G1 X114.908 Y104.335 E.00392
;WIDTH:0.641474
G1 X114.849 Y104.378 E.00363
;WIDTH:0.594784
G1 X114.79 Y104.421 E.00335
;WIDTH:0.560114
G1 X114.677 Y104.453 E.00505
;WIDTH:0.593926
G1 X114.377 Y104.577 E.01487
;WIDTH:0.627738
G1 X114.076 Y104.7 E.01581
;WIDTH:0.655474
G1 X113.814 Y104.851 E.0154
;WIDTH:0.68321
G1 X113.552 Y105.001 E.01607
;WIDTH:0.72575
G1 X113.068 Y105.341 E.03358
;WIDTH:0.755834
G1 X112.634 Y105.706 E.03362
;WIDTH:0.778027
G1 X112.236 Y106.112 E.03475
;WIDTH:0.792517
G1 X111.892 Y106.547 E.03457
;WIDTH:0.799374
G1 X111.592 Y107.023 E.03539
;WIDTH:0.802852
G1 X111.352 Y107.518 E.03476
G1 X111.162 Y108.04 E.0351
;WIDTH:0.801592
G1 X111.035 Y108.564 E.03401
;WIDTH:0.798135
G1 X110.963 Y109.095 E.03365
;WIDTH:0.790194
G1 X110.946 Y109.639 E.03382
;WIDTH:0.773282
G1 X110.992 Y110.239 E.03654
;WIDTH:0.748825
G1 X111.083 Y110.769 E.03156
;WIDTH:0.718779
G1 X111.172 Y111.101 E.01932
;WIDTH:0.692814
G1 X111.261 Y111.433 E.01857
;WIDTH:0.666848
G1 X111.377 Y111.73 E.01654
;WIDTH:0.632859
G1 X111.493 Y112.027 E.01564
;WIDTH:0.598869
G1 X111.704 Y112.386 E.01925
;WIDTH:0.56177
G1 X111.914 Y112.745 E.01794
;WIDTH:0.570972
G1 X111.935 Y112.816 E.00325
;WIDTH:0.617274
G1 X111.956 Y112.887 E.00354
;WIDTH:0.663576
G1 X111.978 Y112.958 E.00384
;WIDTH:0.709878
G1 X111.999 Y113.029 E.00411
;WIDTH:0.75618
G1 X112.02 Y113.1 E.00439
;WIDTH:0.802482
G1 X112.041 Y113.171 E.00468
;WIDTH:0.848784
G1 X112.063 Y113.242 E.00498
;WIDTH:0.895086
G1 X112.084 Y113.313 E.00525
G1 X112.032 Y113.292 E.00397
;WIDTH:0.861057
G1 X111.96 Y113.255 E.00551
;WIDTH:0.813002
G1 X111.889 Y113.219 E.0051
;WIDTH:0.764947
G1 X111.817 Y113.182 E.00486
;WIDTH:0.716891
G1 X111.746 Y113.146 E.00446
;WIDTH:0.668836
G1 X111.674 Y113.109 E.00421
;WIDTH:0.620781
G1 X111.603 Y113.073 E.00382
;WIDTH:0.572726
G1 X111.531 Y113.036 E.00357
;WIDTH:0.549952
G1 X111.366 Y112.819 E.01149
;WIDTH:0.575233
G1 X111.2 Y112.601 E.01213
;WIDTH:0.619804
G1 X110.914 Y112.138 E.0261
;WIDTH:0.666848
G1 X110.677 Y111.651 E.0281
;WIDTH:0.709399
G1 X110.489 Y111.146 E.02986
;WIDTH:0.740787
G1 X110.347 Y110.627 E.03122
;WIDTH:0.763961
G1 X110.254 Y110.1 E.03208
;WIDTH:0.778128
G1 X110.21 Y109.568 E.03263
;WIDTH:0.789971
G1 X110.221 Y109.002 E.03517
;WIDTH:0.800099
G1 X110.278 Y108.505 E.0315
;WIDTH:0.805813
G1 X110.388 Y107.984 E.03378
;WIDTH:0.808629
G1 X110.548 Y107.477 E.03385
G1 X110.755 Y106.988 E.03381
;WIDTH:0.807387
G1 X111.009 Y106.52 E.03385
;WIDTH:0.801558
G1 X111.306 Y106.079 E.03354
;WIDTH:0.792236
G1 X111.646 Y105.669 E.03319
;WIDTH:0.782295
G1 X112.024 Y105.292 E.03282
;WIDTH:0.767661
G1 X112.436 Y104.952 E.03219
;WIDTH:0.74604
G1 X112.878 Y104.651 E.03126
;WIDTH:0.716319
G1 X113.347 Y104.39 E.03005
;WIDTH:0.676676
G1 X113.641 Y104.265 E.01684
;WIDTH:0.646221
G1 X113.934 Y104.139 E.016
;WIDTH:0.615766
G1 X114.373 Y104.016 E.02172
;WIDTH:0.659999
G1 X115.302 Y104.063 E.04773
;WIDTH:0.945812
G1 X115.501 Y104.047 E.01499
;WIDTH:0.91113
G1 X115.7 Y104.03 E.01442
;WIDTH:0.876447
G1 X115.899 Y104.013 E.01384
;WIDTH:0.841764
G1 X116.118 Y104.026 E.01457
;WIDTH:0.803738
G1 X116.336 Y104.039 E.01382
;WIDTH:0.765712
G1 X116.555 Y104.052 E.01319
;WIDTH:0.727686
G1 X116.774 Y104.065 E.01249
;WIDTH:0.68966
G1 X117.031 Y104.112 E.01405
;WIDTH:0.641293
G1 X117.288 Y104.159 E.013
G1 E-1.4 F3600
;WIPE_START
G1 F7200
G1 X117.031 Y104.112 E-.1241
G1 X116.774 Y104.065 E-.1241
G1 X116.555 Y104.052 E-.10421
G1 X116.336 Y104.039 E-.10421
G1 X116.118 Y104.026 E-.10373
G1 X116.035 Y104.021 E-.03965
;WIPE_END
G1 Z13.3 F9000
G1 X112.084 Y113.313
G1 Z11.3
G1 E2 F2400
;WIDTH:0.895086
G1 F900
G1 X112.268 Y113.487 E.01794
;WIDTH:0.848982
G1 X112.453 Y113.661 E.01702
;WIDTH:0.802878
G1 X112.633 Y113.795 E.01418
;WIDTH:0.761012
G1 X112.814 Y113.93 E.01348
;WIDTH:0.719146
G1 X112.994 Y114.065 E.01265
;WIDTH:0.67728
G1 X113.1 Y114.136 E.00673
;LAYER_CHANGE
;Z:11.5
;HEIGHT:0.2
;BEFORE_LAYER_CHANGE
G92 E0
;11.5


G1 E-1.4 F3600
;WIPE_START
G1 F7200
G1 X112.994 Y114.065 E-.0606
G1 X112.814 Y113.93 E-.10687
G1 X112.633 Y113.795 E-.10726
G1 X112.453 Y113.661 E-.10659
G1 X112.268 Y113.487 E-.12064
G1 X112.118 Y113.345 E-.09804
;WIPE_END
G1 Z11.5 F9000
;AFTER_LAYER_CHANGE
;11.5
G1 Z11.5
G1 X112.892 Y114.568
G1 E2 F2400
;TYPE:Perimeter
;WIDTH:0.659999
G1 F900
G1 X112.879 Y114.562 E.00073
G1 X112.11 Y114.091 E.04627
G1 X111.66 Y113.733 E.02951
G1 X111.24 Y113.323 E.03012
G1 X110.862 Y112.873 E.03015
G1 X110.532 Y112.389 E.03006
G1 X110.251 Y111.873 E.03015
G1 X110.023 Y111.333 E.03008
G1 X109.85 Y110.772 E.03012
G1 X109.734 Y110.197 E.0301
G1 X109.676 Y109.613 E.03011
G1 X109.676 Y109.026 E.03012
G1 X109.734 Y108.442 E.03011
G1 X109.85 Y107.867 E.0301
G1 X110.023 Y107.307 E.03007
G1 X110.251 Y106.766 E.03012
G1 X110.532 Y106.251 E.0301
G1 X110.862 Y105.766 E.0301
G1 X111.24 Y105.316 E.03015
G1 X111.66 Y104.907 E.03008
G1 X112.118 Y104.541 E.03008
G1 X112.611 Y104.222 E.03013
G1 X113.133 Y103.955 E.03008
G1 X113.68 Y103.74 E.03016
G1 X114.244 Y103.581 E.03007
G1 X114.822 Y103.479 E.03012
G1 X115.408 Y103.436 E.03015
G1 X115.956 Y103.449 E.02813
G1 X116.557 Y103.538 E.03117
G1 X117.186 Y103.672 E.033
G1 X117.717 Y103.853 E.02879
G1 X118.244 Y104.092 E.02969
G1 X118.748 Y104.384 E.02989
G1 X119.222 Y104.726 E.02999
G1 X119.661 Y105.113 E.03003
G1 X120.059 Y105.543 E.03006
G1 X120.412 Y106.009 E.03
G1 X120.717 Y106.509 E.03005
G1 X120.971 Y107.037 E.03006
G1 X121.172 Y107.588 E.03009
G1 X121.316 Y108.156 E.03007
G1 X121.403 Y108.735 E.03004
G1 X121.433 Y109.319 E.03
G1 X121.433 Y109.613 E.01509
G1 X121.374 Y110.197 E.03012
G1 X121.258 Y110.772 E.0301
G1 X121.085 Y111.333 E.03012
G1 X120.857 Y111.873 E.03008
G1 X120.576 Y112.389 E.03015
G1 X120.246 Y112.873 E.03006
G1 X119.869 Y113.323 E.03012
G1 X119.449 Y113.733 E.03012
G1 X118.99 Y114.098 E.03009
G1 X118.497 Y114.417 E.03013
G1 X117.975 Y114.684 E.03008
G1 X117.429 Y114.899 E.03011
G1 X116.864 Y115.058 E.03012
G1 X116.286 Y115.16 E.03012
G1 X115.701 Y115.204 E.0301
G1 X115.114 Y115.189 E.03013
G1 X114.532 Y115.116 E.0301
G1 X113.96 Y114.985 E.03011
G1 X113.404 Y114.798 E.0301
G1 X112.974 Y114.605 E.02418
G1 X112.713 Y115.147 F9000
;TYPE:External perimeter
;WIDTH:0.629999
G1 F900
G1 X112.597 Y115.095 E.00621
G1 X111.764 Y114.586 E.04765
G1 X111.261 Y114.185 E.0314
G1 X110.798 Y113.733 E.03159
G1 X110.382 Y113.237 E.0316
G1 X110.018 Y112.703 E.03155
G1 X109.708 Y112.135 E.03159
G1 X109.457 Y111.539 E.03157
G1 X109.266 Y110.921 E.03158
G1 X109.138 Y110.287 E.03157
G1 X109.074 Y109.643 E.03159
G1 X109.074 Y108.996 E.03158
G1 X109.138 Y108.353 E.03154
G1 X109.266 Y107.718 E.03162
G1 X109.457 Y107.1 E.03158
G1 X109.708 Y106.504 E.03157
G1 X110.018 Y105.936 E.03159
G1 X110.382 Y105.402 E.03155
G1 X110.798 Y104.906 E.0316
G1 X111.261 Y104.455 E.03155
G1 X111.767 Y104.051 E.03161
G1 X112.31 Y103.7 E.03156
G1 X112.886 Y103.405 E.03159
G1 X113.488 Y103.169 E.03156
G1 X114.11 Y102.994 E.03154
G1 X114.747 Y102.881 E.03158
G1 X115.393 Y102.833 E.03162
G1 X116.007 Y102.848 E.02998
G1 X116.645 Y102.942 E.03148
G1 X117.349 Y103.092 E.03514
G1 X117.937 Y103.293 E.03033
G1 X118.518 Y103.557 E.03115
G1 X119.075 Y103.879 E.03141
G1 X119.598 Y104.255 E.03144
G1 X120.081 Y104.682 E.03147
G1 X120.52 Y105.156 E.03154
G1 X120.91 Y105.67 E.0315
G1 X121.246 Y106.222 E.03155
G1 X121.526 Y106.803 E.03148
G1 X121.747 Y107.41 E.03153
G1 X121.906 Y108.036 E.03153
G1 X122.003 Y108.675 E.03155
G1 X122.035 Y109.319 E.03148
G1 X122.035 Y109.643 E.01582
G1 X121.97 Y110.287 E.0316
G1 X121.842 Y110.921 E.03157
G1 X121.651 Y111.539 E.03158
G1 X121.4 Y112.135 E.03157
G1 X121.091 Y112.703 E.03156
G1 X120.726 Y113.237 E.03158
G1 X120.311 Y113.733 E.03157
G1 X119.848 Y114.185 E.03159
G1 X119.342 Y114.588 E.03158
G1 X118.798 Y114.939 E.0316
G1 X118.223 Y115.234 E.03155
G1 X117.621 Y115.47 E.03156
G1 X116.998 Y115.645 E.03159
G1 X116.361 Y115.758 E.03158
G1 X115.716 Y115.806 E.03157
G1 X115.069 Y115.79 E.03159
G1 X114.427 Y115.71 E.03158
G1 X113.797 Y115.566 E.03155
G1 X113.184 Y115.36 E.03157
G1 X112.795 Y115.184 E.02084
G1 E-1.4 F3600
;WIPE_START
G1 F7200
G1 X112.713 Y115.147 E-.04273
G1 X112.597 Y115.095 E-.06038
G1 X111.764 Y114.586 E-.4637
G1 X111.709 Y114.542 E-.03319
;WIPE_END
G1 Z13.5 F9000
G1 X110.151 Y109.541
G1 Z11.5
G1 E2 F2400
;TYPE:Solid infill
;WIDTH:0.659999
G1 F900
G1 X110.156 Y109.002 E.02766
G1 X110.214 Y108.465 E.02771
G1 X110.326 Y107.938 E.02764
G1 X110.49 Y107.424 E.02768
G1 X110.703 Y106.929 E.02765
G1 X110.965 Y106.458 E.02765
G1 X111.273 Y106.016 E.02764
G1 X111.623 Y105.606 E.02766
G1 X112.012 Y105.234 E.02762
G1 X112.435 Y104.902 E.02759
G1 X112.889 Y104.614 E.02759
G1 X113.4 Y104.361 E.02926
G1 X113.87 Y104.18 E.02584
G1 X114.388 Y104.039 E.02755
G1 X114.917 Y103.949 E.02753
G1 X115.453 Y103.912 E.02757
G1 X116.271 Y103.976 E.0421
;WIDTH:0.707186
G1 X116.4 Y104.019 E.00751
;WIDTH:0.754373
G1 X116.528 Y104.063 E.00801
;WIDTH:0.80156
G1 X116.656 Y104.107 E.00854
;WIDTH:0.848746
G1 X116.784 Y104.151 E.00907
;WIDTH:0.854569
G1 X117.766 Y104.463 E.06954
;WIDTH:0.80504
G1 X118.249 Y104.689 E.03379
;WIDTH:0.76284
G1 X118.48 Y104.823 E.01599
;WIDTH:0.735426
G1 X118.711 Y104.957 E.01538
;WIDTH:0.708011
G1 X119.145 Y105.274 E.02972
;WIDTH:0.660203
G1 X119.547 Y105.634 E.0277
;WIDTH:0.610366
G1 X119.91 Y106.037 E.02559
;WIDTH:0.620255
G1 X119.931 Y106.114 E.00383
;WIDTH:0.669632
G1 X119.952 Y106.19 E.00411
;WIDTH:0.719008
G1 X119.973 Y106.267 E.00449
;WIDTH:0.768384
G1 X119.994 Y106.344 E.00481
;WIDTH:0.81776
G1 X120.016 Y106.421 E.00516
;WIDTH:0.867136
G1 X120.037 Y106.497 E.0054
;WIDTH:0.916512
G1 X120.058 Y106.574 E.0058
;WIDTH:0.965888
G1 X120.079 Y106.651 E.00613
G1 X120.041 Y106.63 E.00333
;WIDTH:0.937428
G1 X120.003 Y106.608 E.00327
;WIDTH:0.908967
G1 X119.933 Y106.575 E.00557
;WIDTH:0.860669
G1 X119.863 Y106.542 E.00526
;WIDTH:0.812371
G1 X119.792 Y106.51 E.00498
;WIDTH:0.764072
G1 X119.722 Y106.477 E.00464
;WIDTH:0.715774
G1 X119.652 Y106.444 E.00433
;WIDTH:0.667476
G1 X119.581 Y106.411 E.00407
;WIDTH:0.619178
G1 X119.511 Y106.378 E.00371
;WIDTH:0.600107
G1 X119.228 Y106.097 E.01848
;WIDTH:0.630155
G1 X119.007 Y105.933 E.01344
;WIDTH:0.660203
G1 X118.785 Y105.768 E.0142
;WIDTH:0.691408
G1 X118.504 Y105.605 E.01752
;WIDTH:0.722613
G1 X118.223 Y105.443 E.01833
;WIDTH:0.763827
G1 X117.851 Y105.304 E.0238
;WIDTH:0.80504
G1 X117.478 Y105.166 E.0252
;WIDTH:0.854569
G1 X117.069 Y105.072 E.02832
G1 X116.667 Y105.037 E.02723
;WIDTH:0.848746
G1 X116.518 Y105.064 E.01015
;WIDTH:0.80156
G1 X116.369 Y105.09 E.00954
;WIDTH:0.754373
G1 X116.22 Y105.117 E.00896
;WIDTH:0.707186
G1 X116.071 Y105.144 E.00836
;WIDTH:0.659999
G1 X115.255 Y105.315 E.04278
G1 X114.877 Y105.461 E.02079
G1 X114.196 Y105.851 E.04027
G1 X113.59 Y106.338 E.03989
G1 X113.032 Y106.897 E.04053
G1 X112.591 Y107.543 E.04013
G1 X112.296 Y108.206 E.03723
G1 X112.23 Y108.438 E.01238
G1 X112.088 Y109.119 E.03569
G1 X112.076 Y110.016 E.04603
G1 X112.178 Y110.652 E.03305
G1 X112.391 Y111.496 E.04466
G1 X112.725 Y112.186 E.03933
;WIDTH:0.672493
G1 X113.24 Y112.864 E.04457
;WIDTH:0.716252
G1 X113.301 Y112.948 E.00581
;WIDTH:0.760011
G1 X113.362 Y113.032 E.00619
;WIDTH:0.803769
G1 X113.423 Y113.116 E.00657
;WIDTH:0.847528
G1 X113.484 Y113.199 E.00689
;WIDTH:0.891286
G1 X113.545 Y113.283 E.00732
G1 X113.988 Y113.564 E.03701
;WIDTH:0.84668
G1 X114.362 Y113.751 E.02795
;WIDTH:0.798137
G1 X114.682 Y113.872 E.02148
;WIDTH:0.760856
G1 X115.002 Y113.992 E.0204
;WIDTH:0.723575
G1 X115.268 Y114.048 E.01538
;WIDTH:0.693447
G1 X115.534 Y114.104 E.0147
;WIDTH:0.663319
G1 X115.866 Y114.129 E.01718
;WIDTH:0.634516
G1 X116.197 Y114.154 E.01633
;WIDTH:0.605713
G1 X116.714 Y114.134 E.02421
;WIDTH:0.596905
G1 X116.801 Y114.154 E.00411
;WIDTH:0.635237
G1 X116.887 Y114.174 E.00435
;WIDTH:0.68117
G1 X116.953 Y114.186 E.00356
;WIDTH:0.727103
G1 X117.019 Y114.198 E.00382
;WIDTH:0.773035
G1 X117.085 Y114.211 E.00408
;WIDTH:0.818968
G1 X117.151 Y114.223 E.00433
;WIDTH:0.864901
G1 X117.217 Y114.235 E.00458
;WIDTH:0.910834
G1 X117.283 Y114.248 E.00485
;WIDTH:0.956766
G1 X117.349 Y114.26 E.0051
G1 X117.294 Y114.301 E.00521
;WIDTH:0.913418
G1 X117.238 Y114.341 E.00498
;WIDTH:0.870069
G1 X117.182 Y114.381 E.00473
;WIDTH:0.82672
G1 X117.127 Y114.422 E.00447
;WIDTH:0.783371
G1 X117.071 Y114.462 E.00424
;WIDTH:0.740022
G1 X117.016 Y114.502 E.00394
;WIDTH:0.696673
G1 X116.929 Y114.55 E.0054
;WIDTH:0.65064
G1 X116.843 Y114.598 E.00498
;WIDTH:0.604606
G1 X116.757 Y114.646 E.0046
;WIDTH:0.605713
G1 X116.216 Y114.716 E.02553
;WIDTH:0.651177
G1 X115.674 Y114.732 E.02742
;WIDTH:0.698182
G1 X115.135 Y114.693 E.02944
;WIDTH:0.724444
G1 X114.87 Y114.646 E.01525
;WIDTH:0.750706
G1 X114.605 Y114.599 E.01584
;WIDTH:0.798137
G1 X114.09 Y114.455 E.03358
;WIDTH:0.84668
G1 X113.594 Y114.26 E.03562
;WIDTH:0.873178
G1 X112.935 Y113.937 E.05067
;WIDTH:0.833041
G1 X112.835 Y113.9 E.00701
;WIDTH:0.792904
G1 X112.736 Y113.863 E.00659
;WIDTH:0.752767
G1 X112.637 Y113.826 E.00624
;WIDTH:0.71263
G1 X112.538 Y113.789 E.00589
;WIDTH:0.672493
G1 X112.343 Y113.67 E.01196
;WIDTH:0.659999
G1 X111.951 Y113.353 E.02587
G1 X111.566 Y112.972 E.02779
G1 X111.22 Y112.555 E.0278
G1 X110.919 Y112.106 E.02774
G1 X110.663 Y111.627 E.02787
G1 X110.457 Y111.127 E.02775
G1 X110.302 Y110.61 E.02769
G1 X110.197 Y110.054 E.02903
G1 X110.179 Y109.848 E.01061
G1 E-1.4 F3600
;WIPE_START
G1 F7200
G1 X110.197 Y110.054 E-.09822
G1 X110.302 Y110.61 E-.26877
G1 X110.443 Y111.08 E-.23301
;WIPE_END
G1 Z13.5 F9000
G1 X111.825 Y112.085
G1 Z11.5
G1 E2 F2400
;WIDTH:0.953986
G1 F900
G1 X111.899 Y112.202 E.01049
;WIDTH:0.920214
G1 X111.973 Y112.319 E.0101
;WIDTH:0.886441
G1 X112.047 Y112.436 E.00971
;WIDTH:0.852668
G1 X112.231 Y112.656 E.01931
;WIDTH:0.80458
G1 X112.415 Y112.876 E.01816
;WIDTH:0.756492
G1 X112.551 Y113.009 E.01129
;WIDTH:0.707604
G1 X112.686 Y113.141 E.01044
;WIDTH:0.658716
G1 X112.821 Y113.274 E.0097
G1 E-1.4 F3600
;WIPE_START
G1 F7200
G1 X112.686 Y113.141 E-.09002
G1 X112.551 Y113.009 E-.08968
G1 X112.415 Y112.876 E-.09036
G1 X112.231 Y112.656 E-.13623
G1 X112.047 Y112.436 E-.13623
G1 X111.982 Y112.334 E-.05748
;WIPE_END
G1 Z13.5 F9000
G1 X110.811 Y109.849
G1 Z11.5
G1 E2 F2400
;WIDTH:0.683787
G1 F900
G1 X110.825 Y110.048 E.01063
;WIDTH:0.67371
G1 X110.932 Y110.6 E.02949
;WIDTH:0.643113
G1 X111.066 Y111.001 E.0211
;WIDTH:0.617336
G1 X111.2 Y111.401 E.02015
;WIDTH:0.591558
G1 X111.327 Y111.674 E.01374
;WIDTH:0.605749
G1 X111.39 Y111.726 E.00382
;WIDTH:0.655498
G1 X111.452 Y111.777 E.00409
;WIDTH:0.705246
G1 X111.514 Y111.828 E.00442
;WIDTH:0.754994
G1 X111.576 Y111.88 E.00479
;WIDTH:0.804742
G1 X111.638 Y111.931 E.00509
;WIDTH:0.85449
G1 X111.7 Y111.982 E.00542
;WIDTH:0.904238
G1 X111.763 Y112.034 E.00585
;WIDTH:0.953986
G1 X111.825 Y112.085 E.00608
G1 X111.82 Y112.013 E.00547
;WIDTH:0.905667
G1 X111.816 Y111.94 E.00524
;WIDTH:0.857348
G1 X111.811 Y111.868 E.00489
;WIDTH:0.809029
G1 X111.806 Y111.796 E.0046
;WIDTH:0.76071
G1 X111.802 Y111.724 E.0043
;WIDTH:0.712391
G1 X111.797 Y111.651 E.00407
;WIDTH:0.664072
G1 X111.793 Y111.579 E.00372
;WIDTH:0.615752
G1 X111.797 Y111.535 E.0021
;WIDTH:0.585877
G1 X111.802 Y111.491 E.002
;WIDTH:0.591787
G1 X111.698 Y111.143 E.01658
;WIDTH:0.627573
G1 X111.595 Y110.795 E.01764
;WIDTH:0.664057
G1 X111.461 Y110.087 E.03722
;WIDTH:0.699333
G1 X111.444 Y109.546 E.02954
;WIDTH:0.70088
G1 X111.455 Y109.03 E.02824
;WIDTH:0.719578
G1 X111.598 Y108.3 E.04185
G1 X111.705 Y107.944 E.02092
;WIDTH:0.718747
G1 X112.004 Y107.282 E.04082
;WIDTH:0.711517
G1 X112.295 Y106.833 E.02975
;WIDTH:0.71043
G1 X112.625 Y106.407 E.02991
;WIDTH:0.685867
G1 X113.155 Y105.899 E.03925
;WIDTH:0.660614
G1 X113.5 Y105.643 E.02207
;WIDTH:0.62501
G1 X113.846 Y105.387 E.02083
;WIDTH:0.589406
G1 X114.602 Y104.97 E.03923
;WIDTH:0.595413
G1 X114.687 Y104.914 E.00468
;WIDTH:0.640301
G1 X114.772 Y104.858 E.00506
;WIDTH:0.685189
G1 X114.857 Y104.802 E.00544
;WIDTH:0.730078
G1 X114.942 Y104.746 E.00582
;WIDTH:0.774966
G1 X115.027 Y104.689 E.00623
;WIDTH:0.819854
G1 X115.111 Y104.633 E.00652
G1 X115.007 Y104.626 E.00673
;WIDTH:0.774966
G1 X114.903 Y104.62 E.00634
;WIDTH:0.730078
G1 X114.798 Y104.613 E.00601
;WIDTH:0.685189
G1 X114.694 Y104.606 E.00557
;WIDTH:0.640301
G1 X114.59 Y104.599 E.00518
;WIDTH:0.595413
G1 X114.485 Y104.592 E.00483
;WIDTH:0.550524
G1 X113.999 Y104.73 E.02132
;WIDTH:0.589492
G1 X113.581 Y104.939 E.02124
;WIDTH:0.628459
G1 X113.163 Y105.149 E.02278
;WIDTH:0.660614
G1 X112.745 Y105.438 E.0261
;WIDTH:0.685867
G1 X112.174 Y105.948 E.04093
;WIDTH:0.71043
G1 X111.765 Y106.429 E.03504
G1 X111.478 Y106.848 E.02819
;WIDTH:0.718747
G1 X111.085 Y107.675 E.05145
;WIDTH:0.719578
G1 X110.936 Y108.161 E.0286
G1 X110.817 Y108.819 E.03762
;WIDTH:0.705092
G1 X110.788 Y109.541 E.03979
G1 E-1.4 F3600
;WIPE_START
G1 F7200
G1 X110.817 Y108.819 E-.34323
G1 X110.913 Y108.287 E-.25677
;WIPE_END
G1 Z13.5 F9000
G1 X115.111 Y104.633
G1 Z11.5
G1 E2 F2400
;WIDTH:0.819854
G1 F900
G1 X115.362 Y104.605 E.01632
;WIDTH:0.772592
G1 X115.612 Y104.576 E.01527
;WIDTH:0.725329
G1 X115.862 Y104.548 E.01427
;WIDTH:0.678066
G1 X116.024 Y104.55 E.00856
;WIDTH:0.635576
G1 X116.186 Y104.553 E.00798
G1 E-1.4 F3600
;WIPE_START
G1 F7200
G1 X116.024 Y104.55 E-.07696
G1 X115.862 Y104.548 E-.07696
G1 X115.612 Y104.576 E-.11949
G1 X115.362 Y104.605 E-.11955
G1 X115.111 Y104.633 E-.11996
;WIPE_END
G1 E-.08708 F3600
G1 Z13.5 F9000
G1 X120.079 Y106.651
G1 Z11.5
G1 E2 F2400
;WIDTH:0.965888
G1 F900
G1 X120.198 Y106.838 E.01701
;WIDTH:0.936036
G1 X120.317 Y107.026 E.01652
;WIDTH:0.906184
G1 X120.403 Y107.181 E.01272
;WIDTH:0.870028
G1 X120.488 Y107.337 E.01222
;WIDTH:0.833872
G1 X120.573 Y107.493 E.01168
;WIDTH:0.797716
G1 X120.671 Y107.742 E.01679
;WIDTH:0.757656
G1 X120.769 Y107.992 E.01596
;WIDTH:0.717596
G1 X120.822 Y108.164 E.0101
;WIDTH:0.681826
G1 X120.875 Y108.337 E.00961
;WIDTH:0.646056
G1 X120.928 Y108.51 E.00907
G1 E-1.4 F3600
;WIPE_START
G1 F7200
G1 X120.875 Y108.337 E-.08594
G1 X120.822 Y108.164 E-.08594
G1 X120.769 Y107.992 E-.08549
G1 X120.671 Y107.742 E-.12755
G1 X120.573 Y107.493 E-.12711
G1 X120.488 Y107.337 E-.08439
G1 X120.484 Y107.33 E-.00358
;WIPE_END
G1 Z13.5 F9000
G1 X118.701 Y113.706
G1 Z11.5
G1 E2 F2400
;WIDTH:0.718538
G1 F900
G1 X118.543 Y113.787 E.00997
;WIDTH:0.754303
G1 X118.385 Y113.868 E.0105
;WIDTH:0.790068
G1 X118.227 Y113.948 E.011
;WIDTH:0.833656
G1 X117.981 Y114.05 E.01751
;WIDTH:0.877244
G1 X117.734 Y114.152 E.01854
;WIDTH:0.917005
G1 X117.542 Y114.206 E.0145
;WIDTH:0.956766
G1 X117.349 Y114.26 E.01523
G1 E-1.4 F3600
;WIPE_START
G1 F7200
G1 X117.542 Y114.206 E-.0952
G1 X117.734 Y114.152 E-.09474
G1 X117.981 Y114.05 E-.12694
G1 X118.227 Y113.948 E-.1265
G1 X118.385 Y113.868 E-.08412
G1 X118.521 Y113.798 E-.0725
;WIPE_END
G1 Z13.5 F9000
G1 X120.866 Y110.311
G1 Z11.5
G1 E2 F2400
;TYPE:Internal infill
;WIDTH:0.66
G1 F900
G1 X120.638 Y111.17 E.0456
G1 X120.428 Y111.667 E.02768
G1 X119.867 Y112.586 E.05525
G1 X119.606 Y112.897 E.02083
G1 X119.4 Y112.592 E.01888
G1 X119.033 Y112.799 E.02162
G1 X113.516 Y107.281 E.40037
G1 X112.975 Y108.152 E.05261
G1 X112.703 Y109.16 E.05357
G1 X112.73 Y110.311 E.05907
G1 X112.957 Y111.249 E.04952
G1 X113.171 Y111.703 E.02575
G1 X118.538 Y106.335 E.38949
G1 X117.675 Y105.927 E.04898
G1 X116.921 Y105.76 E.03963
G1 X116.168 Y105.753 E.03864
G1 X115.798 Y105.808 E.01919
G1 X115.007 Y106.095 E.04318
;LAYER_CHANGE
;Z:11.7
;HEIGHT:0.2
;BEFORE_LAYER_CHANGE
G92 E0
;11.7


G1 E-1.4 F3600
;WIPE_START
G1 F7200
G1 X115.798 Y105.808 E-.39969
G1 X116.168 Y105.753 E-.17768
G1 X116.216 Y105.753 E-.02263
;WIPE_END
G1 Z11.7 F9000
;AFTER_LAYER_CHANGE
;11.7
G1 Z13.7
G1 X114.619 Y103.515
G1 Z11.7
G1 E2 F2400
;TYPE:Perimeter
;WIDTH:0.659999
G1 F900
G1 X114.822 Y103.479 E.01058
G1 X115.408 Y103.436 E.03015
G1 X115.965 Y103.449 E.02859
G1 X116.558 Y103.537 E.03076
G1 X117.185 Y103.672 E.03291
G1 X117.716 Y103.853 E.02879
G1 X118.243 Y104.092 E.02969
G1 X118.748 Y104.384 E.02993
G1 X119.222 Y104.726 E.02999
G1 X119.661 Y105.113 E.03003
G1 X120.059 Y105.543 E.03006
G1 X120.412 Y106.009 E.03
G1 X120.717 Y106.509 E.03005
G1 X120.971 Y107.037 E.03006
G1 X121.172 Y107.588 E.03009
G1 X121.316 Y108.156 E.03007
G1 X121.403 Y108.735 E.03004
G1 X121.433 Y109.319 E.03
G1 X121.433 Y109.613 E.01509
G1 X121.374 Y110.197 E.03012
G1 X121.258 Y110.772 E.0301
G1 X121.085 Y111.333 E.03012
G1 X120.857 Y111.873 E.03008
G1 X120.576 Y112.389 E.03015
G1 X120.246 Y112.873 E.03006
G1 X119.869 Y113.323 E.03012
G1 X119.449 Y113.733 E.03012
G1 X118.99 Y114.098 E.03009
G1 X118.497 Y114.417 E.03013
G1 X117.975 Y114.684 E.03008
G1 X117.429 Y114.899 E.03011
G1 X116.864 Y115.058 E.03012
G1 X116.286 Y115.16 E.03012
G1 X115.701 Y115.204 E.0301
G1 X115.114 Y115.189 E.03013
G1 X114.532 Y115.116 E.0301
G1 X113.96 Y114.985 E.03011
G1 X113.404 Y114.798 E.0301
G1 X112.879 Y114.562 E.02953
G1 X112.11 Y114.091 E.04627
G1 X111.66 Y113.733 E.02951
G1 X111.24 Y113.323 E.03012
G1 X110.862 Y112.873 E.03015
G1 X110.532 Y112.389 E.03006
G1 X110.251 Y111.873 E.03015
G1 X110.023 Y111.333 E.03008
G1 X109.85 Y110.772 E.03012
G1 X109.734 Y110.197 E.0301
G1 X109.676 Y109.613 E.03011
G1 X109.676 Y109.026 E.03012
G1 X109.734 Y108.442 E.03011
G1 X109.85 Y107.867 E.0301
G1 X110.023 Y107.307 E.03007
G1 X110.251 Y106.766 E.03012
G1 X110.532 Y106.251 E.0301
G1 X110.862 Y105.766 E.0301
G1 X111.24 Y105.316 E.03015
G1 X111.66 Y104.907 E.03008
G1 X112.118 Y104.541 E.03008
G1 X112.611 Y104.222 E.03013
G1 X113.133 Y103.955 E.03008
G1 X113.68 Y103.74 E.03016
G1 X114.244 Y103.581 E.03007
G1 X114.53 Y103.531 E.0149
G1 X114.411 Y102.941 F9000
;TYPE:External perimeter
;WIDTH:0.629999
G1 F900
G1 X114.747 Y102.881 E.01666
G1 X115.393 Y102.833 E.03162
G1 X116.017 Y102.848 E.03047
G1 X116.646 Y102.942 E.03105
G1 X117.348 Y103.092 E.03504
G1 X117.936 Y103.293 E.03033
G1 X118.518 Y103.557 E.0312
G1 X119.074 Y103.879 E.03136
G1 X119.598 Y104.255 E.03148
G1 X120.081 Y104.682 E.03147
G1 X120.52 Y105.156 E.03154
G1 X120.91 Y105.67 E.0315
G1 X121.246 Y106.221 E.0315
G1 X121.526 Y106.803 E.03153
G1 X121.747 Y107.41 E.03153
G1 X121.906 Y108.036 E.03153
G1 X122.003 Y108.675 E.03155
G1 X122.035 Y109.319 E.03148
G1 X122.035 Y109.643 E.01582
G1 X121.97 Y110.287 E.0316
G1 X121.842 Y110.921 E.03157
G1 X121.651 Y111.539 E.03158
G1 X121.4 Y112.135 E.03157
G1 X121.091 Y112.703 E.03156
G1 X120.726 Y113.237 E.03158
G1 X120.311 Y113.733 E.03157
G1 X119.848 Y114.185 E.03159
G1 X119.342 Y114.588 E.03158
G1 X118.798 Y114.939 E.0316
G1 X118.223 Y115.234 E.03155
G1 X117.621 Y115.47 E.03156
G1 X116.998 Y115.645 E.03159
G1 X116.361 Y115.758 E.03158
G1 X115.716 Y115.806 E.03157
G1 X115.069 Y115.79 E.03159
G1 X114.427 Y115.71 E.03158
G1 X113.797 Y115.566 E.03155
G1 X113.184 Y115.36 E.03157
G1 X112.597 Y115.095 E.03144
G1 X111.764 Y114.586 E.04765
G1 X111.261 Y114.185 E.0314
G1 X110.798 Y113.733 E.03159
G1 X110.382 Y113.237 E.0316
G1 X110.018 Y112.703 E.03155
G1 X109.708 Y112.135 E.03159
G1 X109.457 Y111.539 E.03157
G1 X109.266 Y110.921 E.03158
G1 X109.138 Y110.287 E.03157
G1 X109.074 Y109.643 E.03159
G1 X109.074 Y108.996 E.03158
G1 X109.138 Y108.353 E.03154
G1 X109.266 Y107.718 E.03162
G1 X109.457 Y107.1 E.03158
G1 X109.708 Y106.504 E.03157
G1 X110.018 Y105.936 E.03159
G1 X110.382 Y105.402 E.03155
G1 X110.798 Y104.906 E.0316
G1 X111.261 Y104.455 E.03155
G1 X111.766 Y104.051 E.03157
G1 X112.31 Y103.7 E.0316
G1 X112.886 Y103.405 E.03159
G1 X113.488 Y103.169 E.03156
G1 X114.11 Y102.994 E.03154
G1 X114.322 Y102.956 E.01051
G1 E-1.4 F3600
;WIPE_START
G1 F7200
G1 X114.411 Y102.941 E-.04287
G1 X114.747 Y102.881 E-.16212
G1 X115.393 Y102.833 E-.3077
G1 X115.577 Y102.837 E-.08731
;WIPE_END
G1 Z13.7 F9000
G1 X112.286 Y104.773
G1 Z11.7
G1 E2 F2400
;TYPE:Solid infill
;WIDTH:0.55292
G1 F900
G1 X111.87 Y105.145 E.02367
G1 X111.475 Y105.535 E.02354
G1 X111.099 Y105.945 E.02359
G1 X110.423 Y107.475 F9000
G1 F900
G1 X110.361 Y107.491 E.00272
G1 X110.316 Y107.446 E.0027
G1 X110.332 Y107.384 E.00272
G1 X110.394 Y107.368 E.00272
G1 X110.439 Y107.413 E.0027
;WIDTH:0.588613
G1 X110.516 Y107.273 E.00725
;WIDTH:0.624306
G1 X110.594 Y107.133 E.00775
;WIDTH:0.659999
G1 X110.671 Y106.993 E.0082
G1 X113.22 Y104.444 E.18497
G1 X113.38 Y104.361 E.00925
;WIDTH:0.624306
G1 X113.539 Y104.278 E.00867
;WIDTH:0.588613
G1 X113.699 Y104.196 E.00816
;WIDTH:0.55292
G1 X113.637 Y104.212 E.00272
G1 X113.592 Y104.167 E.0027
G1 X113.609 Y104.105 E.00273
G1 X113.67 Y104.089 E.00267
G1 X113.715 Y104.134 E.0027
;WIDTH:0.659999
G1 X114.522 Y104.015 E.04186
G1 X110.25 Y108.287 E.30999
G1 X110.151 Y109.259 E.05013
G1 X115.497 Y103.913 E.38793
G1 X116.056 Y104.226 E.03287
G1 X114.336 Y105.946 E.12481
G1 X114.118 Y106.128 E.01457
;WIDTH:0.624306
G1 X113.9 Y106.31 E.01373
;WIDTH:0.588613
G1 X113.682 Y106.493 E.01291
G1 X113.913 Y106.326 E.01293
;WIDTH:0.624306
G1 X114.143 Y106.16 E.01371
;WIDTH:0.659999
G1 X114.373 Y105.993 E.01458
G1 X115.278 Y105.653 E.0496
G1 X116.199 Y105.473 E.04815
G1 X116.827 Y105.481 E.03223
G1 X117.418 Y105.577 E.03072
;WIDTH:0.702058
G1 X117.69 Y105.65 E.01544
;WIDTH:0.744117
G1 X117.963 Y105.723 E.01648
;WIDTH:0.786175
G1 X118.235 Y105.796 E.01741
;WIDTH:0.819764
G1 X118.313 Y105.81 E.00512
;WIDTH:0.853353
G1 X118.39 Y105.823 E.00526
G1 X118.681 Y106.029 E.02403
;WIDTH:0.821354
G1 X118.971 Y106.234 E.02299
;WIDTH:0.789354
G1 X119.173 Y106.408 E.01655
;WIDTH:0.759607
G1 X119.374 Y106.582 E.01584
;WIDTH:0.72986
G1 X119.646 Y106.917 E.02465
;WIDTH:0.68585
G1 X119.918 Y107.252 E.02307
;WIDTH:0.64184
G1 X120.179 Y107.7 E.02582
;WIDTH:0.621283
G1 X120.42 Y108.125 E.0235
;WIDTH:0.670464
G1 X120.467 Y108.184 E.00394
;WIDTH:0.719644
G1 X120.515 Y108.243 E.00428
;WIDTH:0.768824
G1 X120.562 Y108.301 E.00451
;WIDTH:0.818004
G1 X120.61 Y108.36 E.0049
;WIDTH:0.867184
G1 X120.657 Y108.419 E.00517
;WIDTH:0.916364
G1 X120.705 Y108.477 E.00547
;WIDTH:0.965544
G1 X120.753 Y108.536 E.00583
G1 X120.762 Y108.458 E.00602
;WIDTH:0.916364
G1 X120.771 Y108.38 E.0057
;WIDTH:0.867184
G1 X120.78 Y108.302 E.00538
;WIDTH:0.818004
G1 X120.79 Y108.224 E.00507
;WIDTH:0.768824
G1 X120.799 Y108.146 E.00474
;WIDTH:0.719644
G1 X120.808 Y108.068 E.00442
;WIDTH:0.670464
G1 X120.818 Y107.99 E.0041
;WIDTH:0.621283
G1 X120.818 Y107.931 E.00284
;WIDTH:0.586234
G1 X120.819 Y107.871 E.00271
;WIDTH:0.59195
G1 X120.641 Y107.445 E.02108
;WIDTH:0.632716
G1 X120.463 Y107.019 E.02264
;WIDTH:0.663281
G1 X120.313 Y106.77 E.01499
;WIDTH:0.693845
G1 X120.164 Y106.522 E.01566
;WIDTH:0.72986
G1 X119.868 Y106.117 E.02865
;WIDTH:0.759607
G1 X119.676 Y105.907 E.01696
;WIDTH:0.789354
G1 X119.485 Y105.698 E.01757
;WIDTH:0.830525
G1 X118.694 Y104.993 E.06939
;WIDTH:0.786175
G1 X118.557 Y104.879 E.01101
;WIDTH:0.744117
G1 X118.42 Y104.764 E.01043
;WIDTH:0.702058
G1 X118.284 Y104.65 E.00973
;WIDTH:0.659999
G1 X117.807 Y104.403 E.02756
G1 X117.309 Y104.204 E.02752
G1 X116.82 Y104.063 E.02611
G1 X116.151 Y103.957 E.03475
G1 X116.557 Y104.75 E.04571
;WIDTH:0.874766
G1 X116.77 Y104.782 E.0149
;WIDTH:0.830013
G1 X116.984 Y104.815 E.01417
;WIDTH:0.78526
G1 X117.163 Y104.863 E.01144
;WIDTH:0.749388
G1 X117.342 Y104.911 E.01089
;WIDTH:0.713516
G1 X117.521 Y104.96 E.01035
;WIDTH:0.677644
G1 X117.745 Y105.049 E.01272
;WIDTH:0.633582
G1 X117.968 Y105.139 E.01181
G1 E-1.4 F3600
;WIPE_START
G1 F7200
G1 X117.745 Y105.049 E-.11423
G1 X117.521 Y104.96 E-.11449
G1 X117.342 Y104.911 E-.08815
G1 X117.163 Y104.863 E-.08803
G1 X116.984 Y104.815 E-.08803
G1 X116.77 Y104.782 E-.10285
G1 X116.761 Y104.781 E-.00422
;WIPE_END
G1 Z13.7 F9000
G1 X120.753 Y108.536
G1 Z11.7
G1 E2 F2400
;WIDTH:0.965544
G1 F900
G1 X120.788 Y108.709 E.01354
;WIDTH:0.92904
G1 X120.824 Y108.882 E.01302
;WIDTH:0.892535
G1 X120.859 Y109.055 E.01247
;WIDTH:0.85603
G1 X120.88 Y109.321 E.01804
;WIDTH:0.815277
G1 X120.9 Y109.586 E.01707
;WIDTH:0.774524
G1 X120.902 Y109.756 E.01034
;WIDTH:0.737545
G1 X120.903 Y109.925 E.00976
;WIDTH:0.700566
G1 X120.905 Y110.095 E.0093
;WIDTH:0.663586
G1 X120.876 Y110.35 E.01325
;WIDTH:0.623398
G1 X120.846 Y110.605 E.01239
G1 E-1.4 F3600
;WIPE_START
G1 F7200
G1 X120.876 Y110.35 E-.12196
G1 X120.905 Y110.095 E-.12191
G1 X120.903 Y109.925 E-.08076
G1 X120.902 Y109.756 E-.08028
G1 X120.9 Y109.586 E-.08076
G1 X120.882 Y109.346 E-.11433
;WIPE_END
G1 Z13.7 F9000
G1 X113.682 Y106.493
G1 Z11.7
G1 E2 F2400
;WIDTH:0.55292
G1 F900
G1 X113.299 Y106.843 E.022
G1 X112.709 Y107.481 E.03685
;WIDTH:0.58334
G1 X112.603 Y107.613 E.00761
;WIDTH:0.61376
G1 X112.497 Y107.745 E.00804
;WIDTH:0.652972
G1 X112.361 Y107.916 E.01108
;WIDTH:0.659999
G1 X110.369 Y109.913 E.14473
G1 X110.285 Y109.973 E.0053
G1 X110.188 Y109.956 E.00505
G1 X110.294 Y110.569 E.03192
G1 X110.457 Y111.127 E.02983
G1 X110.663 Y111.627 E.02775
G1 X110.919 Y112.105 E.02782
G1 X111.22 Y112.555 E.02778
G1 X111.566 Y112.972 E.0278
G1 X111.951 Y113.353 E.02779
G1 X112.343 Y113.67 E.02587
;WIDTH:0.672493
G1 X112.538 Y113.789 E.01196
;WIDTH:0.71263
G1 X112.637 Y113.826 E.00589
;WIDTH:0.752767
G1 X112.736 Y113.863 E.00624
;WIDTH:0.792904
G1 X112.835 Y113.9 E.00659
;WIDTH:0.833041
G1 X112.935 Y113.937 E.00701
;WIDTH:0.873178
G1 X113.594 Y114.26 E.05067
;WIDTH:0.846677
G1 X114.09 Y114.455 E.03562
;WIDTH:0.798136
G1 X114.605 Y114.599 E.03358
;WIDTH:0.750705
G1 X114.87 Y114.646 E.01584
;WIDTH:0.724442
G1 X115.135 Y114.693 E.01525
;WIDTH:0.698178
G1 X115.674 Y114.732 E.02944
;WIDTH:0.651174
G1 X116.216 Y114.716 E.02742
;WIDTH:0.60571
G1 X116.757 Y114.646 E.02553
;WIDTH:0.604607
G1 X116.843 Y114.598 E.0046
;WIDTH:0.650644
G1 X116.929 Y114.55 E.00498
;WIDTH:0.696681
G1 X117.016 Y114.502 E.0054
;WIDTH:0.740028
G1 X117.071 Y114.462 E.00394
;WIDTH:0.783375
G1 X117.127 Y114.422 E.00424
;WIDTH:0.826722
G1 X117.182 Y114.381 E.00447
;WIDTH:0.870069
G1 X117.238 Y114.341 E.00473
;WIDTH:0.913416
G1 X117.294 Y114.301 E.00498
;WIDTH:0.956762
G1 X117.349 Y114.26 E.00521
G1 X117.283 Y114.248 E.0051
;WIDTH:0.910829
G1 X117.217 Y114.235 E.00485
;WIDTH:0.864896
G1 X117.151 Y114.223 E.00458
;WIDTH:0.818962
G1 X117.085 Y114.211 E.00433
;WIDTH:0.773029
G1 X117.019 Y114.198 E.00408
;WIDTH:0.727096
G1 X116.953 Y114.186 E.00382
;WIDTH:0.681163
G1 X116.887 Y114.174 E.00356
;WIDTH:0.635229
G1 X116.801 Y114.154 E.00435
;WIDTH:0.5969
G1 X116.714 Y114.134 E.00411
;WIDTH:0.60571
G1 X116.197 Y114.154 E.02421
;WIDTH:0.634513
G1 X115.866 Y114.129 E.01633
;WIDTH:0.663316
G1 X115.534 Y114.104 E.01718
;WIDTH:0.688864
G1 X115.287 Y114.053 E.01355
;WIDTH:0.714412
G1 X115.041 Y114.002 E.01403
;WIDTH:0.756274
G1 X114.701 Y113.876 E.02151
;WIDTH:0.798136
G1 X114.362 Y113.751 E.02269
;WIDTH:0.846677
G1 X113.988 Y113.564 E.02795
;WIDTH:0.891287
G1 X113.545 Y113.283 E.03701
G1 X113.484 Y113.199 E.00732
;WIDTH:0.847529
G1 X113.423 Y113.116 E.00689
;WIDTH:0.80377
G1 X113.362 Y113.032 E.00657
;WIDTH:0.760011
G1 X113.301 Y112.948 E.00619
;WIDTH:0.716252
G1 X113.24 Y112.864 E.00581
;WIDTH:0.672493
G1 X112.725 Y112.186 E.04457
;WIDTH:0.659999
G1 X112.391 Y111.496 E.03933
G1 X112.178 Y110.652 E.04466
G1 X112.076 Y110.016 E.03305
G1 X112.086 Y109.138 E.04505
G1 X112.162 Y108.665 E.02458
G1 X112.4 Y107.94 E.03915
;WIDTH:0.652972
G1 X112.545 Y107.722 E.01328
;WIDTH:0.605669
G1 X112.691 Y107.505 E.01224
G1 E-1.4 F3600
;WIPE_START
G1 F7200
G1 X112.545 Y107.722 E-.12423
G1 X112.4 Y107.94 E-.12436
G1 X112.169 Y108.642 E-.35141
;WIPE_END
G1 Z13.7 F9000
G1 X111.465 Y109.685
G1 Z11.7
G1 E2 F2400
;WIDTH:0.652748
G1 F900
G1 X111.467 Y110.086 E.02033
G1 X111.595 Y110.795 E.03653
;WIDTH:0.627574
G1 X111.698 Y111.143 E.01764
;WIDTH:0.591788
G1 X111.802 Y111.491 E.01658
;WIDTH:0.585874
G1 X111.797 Y111.535 E.002
;WIDTH:0.615747
G1 X111.793 Y111.579 E.0021
;WIDTH:0.664067
G1 X111.797 Y111.651 E.00372
;WIDTH:0.712386
G1 X111.802 Y111.724 E.00407
;WIDTH:0.760706
G1 X111.806 Y111.796 E.0043
;WIDTH:0.809026
G1 X111.811 Y111.868 E.0046
;WIDTH:0.857345
G1 X111.816 Y111.94 E.00489
;WIDTH:0.905665
G1 X111.82 Y112.013 E.00524
;WIDTH:0.953984
G1 X111.825 Y112.085 E.00547
G1 X111.763 Y112.034 E.00608
;WIDTH:0.904236
G1 X111.7 Y111.982 E.00585
;WIDTH:0.854489
G1 X111.638 Y111.931 E.00542
;WIDTH:0.804741
G1 X111.576 Y111.88 E.00509
;WIDTH:0.754993
G1 X111.514 Y111.828 E.00479
;WIDTH:0.705245
G1 X111.452 Y111.777 E.00442
;WIDTH:0.655497
G1 X111.39 Y111.726 E.00409
;WIDTH:0.605749
G1 X111.327 Y111.674 E.00382
;WIDTH:0.591558
G1 X111.212 Y111.426 E.01247
;WIDTH:0.627574
G1 X111.031 Y110.95 E.02476
;WIDTH:0.652748
G1 X110.863 Y110.287 E.03468
G1 X111.246 Y109.903 E.0275
G1 E-1.4 F3600
;WIPE_START
G1 F7200
G1 X110.863 Y110.287 E-.25762
G1 X111.031 Y110.95 E-.32488
G1 X111.044 Y110.984 E-.0175
;WIPE_END
G1 Z13.7 F9000
G1 X111.825 Y112.085
G1 Z11.7
G1 E2 F2400
;WIDTH:0.953984
G1 F900
G1 X111.918 Y112.23 E.01305
;WIDTH:0.91319
G1 X112.011 Y112.375 E.01247
;WIDTH:0.872396
G1 X112.104 Y112.521 E.01194
;WIDTH:0.831602
G1 X112.259 Y112.688 E.01494
;WIDTH:0.785732
G1 X112.414 Y112.856 E.01412
;WIDTH:0.739861
G1 X112.569 Y113.024 E.01325
;WIDTH:0.693991
G1 X112.724 Y113.192 E.01237
;WIDTH:0.64812
G1 X112.821 Y113.274 E.00639
G1 E-1.4 F3600
;WIPE_START
G1 F7200
G1 X112.724 Y113.192 E-.06033
G1 X112.569 Y113.024 E-.10858
G1 X112.414 Y112.856 E-.10858
G1 X112.259 Y112.688 E-.10858
G1 X112.104 Y112.521 E-.10823
G1 X112.011 Y112.375 E-.08222
G1 X111.984 Y112.333 E-.02348
;WIPE_END
G1 Z13.7 F9000
G1 X117.349 Y114.26
G1 Z11.7
G1 E2 F2400
;WIDTH:0.956762
G1 F900
G1 X117.521 Y114.209 E.01363
;WIDTH:0.917489
G1 X117.694 Y114.157 E.01314
;WIDTH:0.878216
G1 X117.866 Y114.106 E.01246
;WIDTH:0.838942
G1 X118.117 Y113.988 E.01836
;WIDTH:0.790242
G1 X118.367 Y113.871 E.01715
;WIDTH:0.741542
G1 X118.618 Y113.753 E.01611
;WIDTH:0.692842
G1 X118.701 Y113.706 E.00515
G1 E-1.4 F3600
;WIPE_START
G1 F7200
G1 X118.618 Y113.753 E-.04531
G1 X118.367 Y113.871 E-.13174
G1 X118.117 Y113.988 E-.13111
G1 X117.866 Y114.106 E-.13174
G1 X117.694 Y114.157 E-.08522
G1 X117.543 Y114.202 E-.07488
;WIPE_END
G1 Z13.7 F9000
G1 X120.266 Y110.632
G1 Z11.7
G1 E2 F2400
;TYPE:Internal infill
;WIDTH:0.66
G1 F900
G1 X120.244 Y111.113 E.02471
G1 X120.64 Y111.162 E.02047
G1 X120.17 Y112.141 E.05572
G1 X119.606 Y112.897 E.0484
G1 X119.4 Y112.592 E.01888
G1 X119.033 Y112.799 E.02162
G1 X113.563 Y107.328 E.39696
G1 X113.164 Y107.795 E.03152
G1 X112.975 Y108.152 E.02073
G1 X112.703 Y109.16 E.05357
G1 X112.73 Y110.311 E.05907
G1 X112.957 Y111.249 E.04952
G1 X113.171 Y111.703 E.02575
G1 X118.29 Y106.584 E.37145
G1 X117.374 Y106.194 E.05108
G1 X116.619 Y106.08 E.03918
G1 X115.961 Y106.123 E.03383
G1 X114.742 Y106.505 E.06555
;LAYER_CHANGE
;Z:11.9
;HEIGHT:0.2
;BEFORE_LAYER_CHANGE
G92 E0
;11.9


G1 E-1.4 F3600
;WIPE_START
G1 F7200
G1 X115.947 Y106.127 E-.6
;WIPE_END
G1 Z11.9 F9000
;AFTER_LAYER_CHANGE
;11.9
G1 Z13.9
G1 X113.873 Y103.686
G1 Z11.9
G1 E2 F2400
;TYPE:Perimeter
;WIDTH:0.659999
G1 F900
G1 X114.244 Y103.581 E.01978
G1 X114.822 Y103.479 E.03012
G1 X115.408 Y103.436 E.03015
G1 X115.974 Y103.45 E.02905
G1 X116.558 Y103.537 E.0303
G1 X117.184 Y103.671 E.03285
G1 X117.716 Y103.853 E.02885
G1 X118.243 Y104.092 E.02969
G1 X118.748 Y104.384 E.02993
G1 X119.222 Y104.726 E.02999
G1 X119.66 Y105.113 E.02999
G1 X120.059 Y105.542 E.03006
G1 X120.412 Y106.009 E.03004
G1 X120.717 Y106.509 E.03005
G1 X120.971 Y107.037 E.03006
G1 X121.172 Y107.588 E.03009
G1 X121.316 Y108.156 E.03007
G1 X121.403 Y108.735 E.03004
G1 X121.433 Y109.319 E.03
G1 X121.433 Y109.613 E.01509
G1 X121.374 Y110.197 E.03012
G1 X121.258 Y110.772 E.0301
G1 X121.085 Y111.333 E.03012
G1 X120.857 Y111.873 E.03008
G1 X120.576 Y112.389 E.03015
G1 X120.246 Y112.873 E.03006
G1 X119.869 Y113.323 E.03012
G1 X119.449 Y113.733 E.03012
G1 X118.99 Y114.098 E.03009
G1 X118.497 Y114.417 E.03013
G1 X117.975 Y114.684 E.03008
G1 X117.429 Y114.899 E.03011
G1 X116.864 Y115.058 E.03012
G1 X116.286 Y115.16 E.03012
G1 X115.701 Y115.204 E.0301
G1 X115.114 Y115.189 E.03013
G1 X114.532 Y115.116 E.0301
G1 X113.96 Y114.985 E.03011
G1 X113.404 Y114.798 E.0301
G1 X112.887 Y114.566 E.02908
G1 X112.109 Y114.091 E.04677
G1 X111.66 Y113.733 E.02947
G1 X111.24 Y113.323 E.03012
G1 X110.862 Y112.873 E.03015
G1 X110.532 Y112.389 E.03006
G1 X110.251 Y111.873 E.03015
G1 X110.023 Y111.333 E.03008
G1 X109.85 Y110.772 E.03012
G1 X109.734 Y110.197 E.0301
G1 X109.676 Y109.613 E.03011
G1 X109.676 Y109.026 E.03012
G1 X109.734 Y108.442 E.03011
G1 X109.85 Y107.867 E.0301
G1 X110.023 Y107.307 E.03007
G1 X110.251 Y106.766 E.03012
G1 X110.532 Y106.251 E.0301
G1 X110.862 Y105.766 E.0301
G1 X111.24 Y105.316 E.03015
G1 X111.66 Y104.907 E.03008
G1 X112.118 Y104.541 E.03008
G1 X112.611 Y104.222 E.03013
G1 X113.133 Y103.955 E.03008
G1 X113.68 Y103.74 E.03016
G1 X113.786 Y103.71 E.00565
G1 X113.609 Y103.135 F9000
;TYPE:External perimeter
;WIDTH:0.629999
G1 F900
G1 X114.11 Y102.994 E.02541
G1 X114.747 Y102.881 E.03158
G1 X115.392 Y102.833 E.03157
G1 X116.026 Y102.849 E.03096
G1 X116.647 Y102.942 E.03065
G1 X117.347 Y103.092 E.03495
G1 X117.936 Y103.293 E.03038
G1 X118.518 Y103.556 E.03118
G1 X119.074 Y103.878 E.03136
G1 X119.597 Y104.255 E.03147
G1 X120.081 Y104.682 E.03151
G1 X120.52 Y105.155 E.0315
G1 X120.909 Y105.67 E.03151
G1 X121.246 Y106.221 E.03153
G1 X121.526 Y106.803 E.03153
G1 X121.747 Y107.41 E.03153
G1 X121.906 Y108.036 E.03153
G1 X122.003 Y108.675 E.03155
G1 X122.035 Y109.319 E.03148
G1 X122.035 Y109.643 E.01582
G1 X121.97 Y110.287 E.0316
G1 X121.842 Y110.921 E.03157
G1 X121.651 Y111.539 E.03158
G1 X121.4 Y112.135 E.03157
G1 X121.091 Y112.703 E.03156
G1 X120.726 Y113.237 E.03158
G1 X120.311 Y113.733 E.03157
G1 X119.848 Y114.185 E.03159
G1 X119.342 Y114.588 E.03158
G1 X118.798 Y114.939 E.0316
G1 X118.223 Y115.234 E.03155
G1 X117.621 Y115.47 E.03156
G1 X116.998 Y115.645 E.03159
G1 X116.361 Y115.758 E.03158
G1 X115.716 Y115.806 E.03157
G1 X115.069 Y115.79 E.03159
G1 X114.427 Y115.71 E.03158
G1 X113.797 Y115.566 E.03155
G1 X113.184 Y115.36 E.03157
G1 X112.606 Y115.099 E.03096
G1 X111.764 Y114.586 E.04813
G1 X111.261 Y114.185 E.0314
G1 X110.798 Y113.733 E.03159
G1 X110.382 Y113.237 E.0316
G1 X110.018 Y112.703 E.03155
G1 X109.708 Y112.135 E.03159
G1 X109.457 Y111.539 E.03157
G1 X109.266 Y110.921 E.03158
G1 X109.138 Y110.287 E.03157
G1 X109.074 Y109.643 E.03159
G1 X109.074 Y108.996 E.03158
G1 X109.138 Y108.353 E.03154
G1 X109.266 Y107.718 E.03162
G1 X109.457 Y107.1 E.03158
G1 X109.708 Y106.504 E.03157
G1 X110.018 Y105.936 E.03159
G1 X110.382 Y105.402 E.03155
G1 X110.798 Y104.906 E.0316
G1 X111.261 Y104.455 E.03155
G1 X111.767 Y104.051 E.03161
G1 X112.31 Y103.7 E.03156
G1 X112.886 Y103.405 E.03159
G1 X113.488 Y103.169 E.03156
G1 X113.522 Y103.159 E.00173
G1 E-1.4 F3600
;WIPE_START
G1 F7200
G1 X113.609 Y103.135 E-.04287
G1 X114.11 Y102.994 E-.24722
G1 X114.747 Y102.881 E-.3073
G1 X114.752 Y102.881 E-.00261
;WIPE_END
G1 Z13.9 F9000
G1 X114.458 Y106.726
G1 Z11.9
G1 E2 F2400
;TYPE:Internal infill
;WIDTH:0.66
G1 F900
G1 X115.285 Y106.455 E.04465
G1 X116.095 Y106.39 E.0417
G1 X116.986 Y106.461 E.04586
G1 X117.604 Y106.628 E.03285
G1 X118.038 Y106.836 E.02469
G1 X113.171 Y111.703 E.35317
G1 X112.957 Y111.249 E.02575
G1 X112.73 Y110.311 E.04952
G1 X112.703 Y109.16 E.05907
G1 X112.975 Y108.152 E.05357
G1 X113.164 Y107.795 E.02073
G1 X113.563 Y107.328 E.03152
G1 X119.033 Y112.799 E.39696
G1 X119.362 Y112.614 E.01937
G1 X119.805 Y111.394 E.0666
G1 X119.917 Y110.776 E.03223
G1 X119.934 Y109.944 E.0427
G1 X119.86 Y109.403 E.02802
G1 E-1.4 F3600
;WIPE_START
G1 F7200
G1 X119.934 Y109.944 E-.25937
G1 X119.92 Y110.661 E-.34063
;WIPE_END
G1 Z13.9 F9000
G1 X110.154 Y109.407
G1 Z11.9
G1 E2 F2400
;TYPE:Solid infill
;WIDTH:0.659999
G1 F900
G1 X110.156 Y109.637 E.0118
G1 X110.214 Y110.172 E.02761
G1 X110.325 Y110.698 E.02758
G1 X110.488 Y111.211 E.02762
G1 X110.7 Y111.704 E.02754
G1 X110.96 Y112.174 E.02756
G1 X111.266 Y112.615 E.02754
G1 X111.588 Y112.999 E.02571
G1 X111.974 Y113.376 E.02769
G1 X112.382 Y113.701 E.02676
;WIDTH:0.703252
G1 X112.517 Y113.758 E.00805
;WIDTH:0.746504
G1 X112.651 Y113.814 E.0085
;WIDTH:0.789756
G1 X112.785 Y113.871 E.00904
;WIDTH:0.833008
G1 X112.92 Y113.927 E.0096
;WIDTH:0.846732
G1 X113.593 Y114.26 E.05019
G1 X114.09 Y114.455 E.03568
;WIDTH:0.798137
G1 X114.605 Y114.599 E.03358
;WIDTH:0.750704
G1 X114.87 Y114.646 E.01584
;WIDTH:0.724443
G1 X115.135 Y114.693 E.01525
;WIDTH:0.698182
G1 X115.674 Y114.732 E.02944
;WIDTH:0.651176
G1 X116.216 Y114.716 E.02742
;WIDTH:0.605711
G1 X116.757 Y114.646 E.02553
;WIDTH:0.604608
G1 X116.843 Y114.598 E.0046
;WIDTH:0.650643
G1 X116.929 Y114.55 E.00498
;WIDTH:0.696677
G1 X117.016 Y114.502 E.0054
;WIDTH:0.740026
G1 X117.071 Y114.462 E.00394
;WIDTH:0.783374
G1 X117.127 Y114.422 E.00424
;WIDTH:0.826723
G1 X117.182 Y114.381 E.00447
;WIDTH:0.870071
G1 X117.238 Y114.341 E.00473
;WIDTH:0.91342
G1 X117.294 Y114.301 E.00498
;WIDTH:0.956768
G1 X117.349 Y114.26 E.00521
G1 X117.283 Y114.248 E.0051
;WIDTH:0.910836
G1 X117.217 Y114.235 E.00485
;WIDTH:0.864903
G1 X117.151 Y114.223 E.00458
;WIDTH:0.818971
G1 X117.085 Y114.211 E.00433
;WIDTH:0.773039
G1 X117.019 Y114.198 E.00408
;WIDTH:0.727106
G1 X116.953 Y114.186 E.00382
;WIDTH:0.681174
G1 X116.887 Y114.174 E.00356
;WIDTH:0.635241
G1 X116.801 Y114.154 E.00435
;WIDTH:0.596907
G1 X116.714 Y114.134 E.00411
;WIDTH:0.605711
G1 X116.197 Y114.154 E.02421
;WIDTH:0.634515
G1 X115.866 Y114.129 E.01633
;WIDTH:0.663319
G1 X115.534 Y114.104 E.01718
;WIDTH:0.693447
G1 X115.268 Y114.048 E.0147
;WIDTH:0.723575
G1 X115.002 Y113.992 E.01538
;WIDTH:0.760856
G1 X114.682 Y113.872 E.0204
;WIDTH:0.798137
G1 X114.362 Y113.751 E.02148
;WIDTH:0.846732
G1 X113.988 Y113.564 E.02795
;WIDTH:0.891044
G1 X113.541 Y113.28 E.03735
G1 X113.481 Y113.197 E.00722
;WIDTH:0.847801
G1 X113.421 Y113.114 E.00685
;WIDTH:0.804558
G1 X113.36 Y113.031 E.00652
;WIDTH:0.761315
G1 X113.3 Y112.948 E.00612
;WIDTH:0.718072
G1 X113.24 Y112.865 E.00575
;WIDTH:0.674828
G1 X112.725 Y112.186 E.04478
;WIDTH:0.659999
G1 X112.391 Y111.496 E.03933
G1 X112.178 Y110.652 E.04466
G1 X112.076 Y110.016 E.03305
G1 X112.086 Y109.138 E.04505
G1 X112.205 Y108.53 E.03179
G1 X112.396 Y107.938 E.03192
G1 X112.636 Y107.476 E.02671
G1 X113.244 Y106.76 E.0482
G1 X113.649 Y106.444 E.02636
G1 X114.46 Y106.043 E.04642
G1 X115.148 Y105.854 E.03661
G1 X115.928 Y105.785 E.04018
G1 X117.051 Y105.847 E.05771
G1 X117.689 Y106.012 E.03381
G1 X118.285 Y106.264 E.0332
G1 X118.724 Y106.561 E.0272
;WIDTH:0.690255
G1 X119.054 Y106.834 E.02305
;WIDTH:0.72051
G1 X119.384 Y107.108 E.02417
;WIDTH:0.769985
G1 X119.51 Y107.204 E.00958
;WIDTH:0.819459
G1 X119.636 Y107.299 E.01019
G1 X119.786 Y107.545 E.0186
;WIDTH:0.792374
G1 X119.935 Y107.791 E.01792
;WIDTH:0.765289
G1 X120.097 Y108.165 E.02448
;WIDTH:0.721699
G1 X120.259 Y108.539 E.023
;WIDTH:0.678108
G1 X120.332 Y108.841 E.01641
;WIDTH:0.651242
G1 X120.405 Y109.143 E.01572
;WIDTH:0.624375
G1 X120.447 Y109.515 E.0181
;WIDTH:0.583764
G1 X120.49 Y109.887 E.01684
;WIDTH:0.543153
G1 X120.483 Y110.095 E.00866
;WIDTH:0.57853
G1 X120.504 Y110.226 E.00591
;WIDTH:0.626434
G1 X120.526 Y110.357 E.00645
;WIDTH:0.674338
G1 X120.547 Y110.489 E.00702
;WIDTH:0.722242
G1 X120.569 Y110.62 E.0075
;WIDTH:0.767708
G1 X120.588 Y110.703 E.00513
;WIDTH:0.813173
G1 X120.608 Y110.785 E.00541
;WIDTH:0.858638
G1 X120.627 Y110.868 E.00578
G1 X120.674 Y110.793 E.006
;WIDTH:0.813173
G1 X120.721 Y110.717 E.00572
;WIDTH:0.767708
G1 X120.768 Y110.642 E.00533
;WIDTH:0.722242
G1 X120.817 Y110.518 E.00753
;WIDTH:0.674338
G1 X120.867 Y110.395 E.00697
;WIDTH:0.626434
G1 X120.916 Y110.271 E.00647
;WIDTH:0.57853
G1 X120.965 Y110.147 E.00594
;WIDTH:0.574497
G1 X120.999 Y109.605 E.024
;WIDTH:0.624375
G1 X120.975 Y109.064 E.02618
;WIDTH:0.66927
G1 X120.901 Y108.53 E.02808
;WIDTH:0.715627
G1 X120.773 Y108.008 E.03006
;WIDTH:0.765289
G1 X120.594 Y107.504 E.03213
;WIDTH:0.811182
G1 X120.262 Y106.779 E.05094
;WIDTH:0.765846
G1 X120.156 Y106.536 E.01594
;WIDTH:0.72051
G1 X120.019 Y106.306 E.01508
;WIDTH:0.690255
G1 X119.882 Y106.076 E.01441
;WIDTH:0.659999
G1 X119.54 Y105.663 E.02751
G1 X119.157 Y105.286 E.02758
G1 X118.74 Y104.949 E.02751
G1 X118.291 Y104.655 E.02754
G1 X117.815 Y104.407 E.02754
G1 X117.316 Y104.207 E.02758
G1 X116.829 Y104.065 E.02603
G1 X116.311 Y103.981 E.02693
G1 X115.875 Y103.922 E.02258
G1 X115.372 Y103.915 E.02581
G1 X114.834 Y103.96 E.0277
G1 X114.303 Y104.058 E.02771
G1 X113.786 Y104.209 E.02764
G1 X113.285 Y104.411 E.02772
G1 X112.808 Y104.661 E.02763
G1 X112.358 Y104.958 E.02767
G1 X111.939 Y105.297 E.02765
G1 X111.557 Y105.678 E.02768
G1 X111.214 Y106.094 E.02767
G1 X110.914 Y106.542 E.02766
G1 X110.661 Y107.017 E.02761
G1 X110.456 Y107.516 E.02768
G1 X110.302 Y108.033 E.02768
G1 X110.2 Y108.562 E.02764
G1 X110.151 Y109.098 E.02762
G1 E-1.4 F3600
;WIPE_START
G1 F7200
G1 X110.2 Y108.562 E-.25566
G1 X110.302 Y108.033 E-.2559
G1 X110.355 Y107.855 E-.08844
;WIPE_END
G1 Z13.9 F9000
G1 X111.825 Y112.085
G1 Z11.9
G1 E2 F2400
;WIDTH:0.953986
G1 F900
G1 X111.899 Y112.202 E.01049
;WIDTH:0.920213
G1 X111.973 Y112.319 E.0101
;WIDTH:0.88644
G1 X112.047 Y112.436 E.00971
;WIDTH:0.852666
G1 X112.231 Y112.656 E.01931
;WIDTH:0.804579
G1 X112.415 Y112.876 E.01816
;WIDTH:0.756492
G1 X112.549 Y113.008 E.01116
;WIDTH:0.707842
G1 X112.683 Y113.139 E.01036
;WIDTH:0.659191
G1 X112.818 Y113.271 E.00968
G1 E-1.4 F3600
;WIPE_START
G1 F7200
G1 X112.683 Y113.139 E-.08968
G1 X112.549 Y113.008 E-.08901
G1 X112.415 Y112.876 E-.08935
G1 X112.231 Y112.656 E-.13623
G1 X112.047 Y112.436 E-.13623
G1 X111.98 Y112.33 E-.0595
;WIPE_END
G1 Z13.9 F9000
G1 X110.8 Y109.433
G1 Z11.9
G1 E2 F2400
;WIDTH:0.692409
G1 F900
G1 X110.819 Y109.994 E.03031
;WIDTH:0.67493
G1 X110.903 Y110.488 E.02633
;WIDTH:0.650983
G1 X111.041 Y110.978 E.02574
;WIDTH:0.627572
G1 X111.184 Y111.326 E.01829
;WIDTH:0.591787
G1 X111.327 Y111.674 E.01717
;WIDTH:0.605749
G1 X111.39 Y111.726 E.00382
;WIDTH:0.655498
G1 X111.452 Y111.777 E.00409
;WIDTH:0.705246
G1 X111.514 Y111.828 E.00442
;WIDTH:0.754994
G1 X111.576 Y111.88 E.00479
;WIDTH:0.804742
G1 X111.638 Y111.931 E.00509
;WIDTH:0.85449
G1 X111.7 Y111.982 E.00542
;WIDTH:0.904238
G1 X111.763 Y112.034 E.00585
;WIDTH:0.953986
G1 X111.825 Y112.085 E.00608
G1 X111.82 Y112.013 E.00547
;WIDTH:0.905667
G1 X111.816 Y111.94 E.00524
;WIDTH:0.857347
G1 X111.811 Y111.868 E.00489
;WIDTH:0.809028
G1 X111.806 Y111.796 E.0046
;WIDTH:0.760709
G1 X111.802 Y111.724 E.0043
;WIDTH:0.712389
G1 X111.797 Y111.651 E.00407
;WIDTH:0.66407
G1 X111.793 Y111.579 E.00372
;WIDTH:0.61575
G1 X111.797 Y111.535 E.0021
;WIDTH:0.585876
G1 X111.802 Y111.491 E.002
;WIDTH:0.591787
G1 X111.698 Y111.143 E.01658
;WIDTH:0.627572
G1 X111.595 Y110.795 E.01764
;WIDTH:0.664057
G1 X111.461 Y110.087 E.03722
;WIDTH:0.698998
G1 X111.443 Y109.546 E.02953
;WIDTH:0.702069
G1 X111.46 Y108.994 E.03027
;WIDTH:0.711728
G1 X111.55 Y108.467 E.02973
;WIDTH:0.722468
G1 X111.723 Y107.912 E.03285
G1 X111.863 Y107.557 E.02156
;WIDTH:0.716185
G1 X112.123 Y107.085 E.03017
;WIDTH:0.724595
G1 X112.575 Y106.535 E.04035
G1 X112.846 Y106.253 E.02217
;WIDTH:0.715327
G1 X113.3 Y105.904 E.03202
;WIDTH:0.723979
G1 X113.889 Y105.596 E.03764
G1 X114.29 Y105.423 E.02473
;WIDTH:0.710605
G1 X114.98 Y105.241 E.03962
;WIDTH:0.69626
G1 X115.877 Y105.166 E.0489
;WIDTH:0.66729
G1 X116.566 Y105.209 E.03584
;WIDTH:0.622695
G1 X116.83 Y105.244 E.01284
;WIDTH:0.593594
G1 X117.095 Y105.279 E.01224
;WIDTH:0.564492
G1 X117.386 Y105.357 E.01307
;WIDTH:0.580869
G1 X117.499 Y105.364 E.00506
;WIDTH:0.626548
G1 X117.612 Y105.37 E.00549
;WIDTH:0.672228
G1 X117.726 Y105.377 E.00598
;WIDTH:0.717907
G1 X117.839 Y105.383 E.00635
;WIDTH:0.763586
G1 X117.952 Y105.39 E.00678
;WIDTH:0.811379
G1 X118.04 Y105.396 E.00564
;WIDTH:0.859172
G1 X118.128 Y105.403 E.00599
G1 X118.063 Y105.332 E.00653
;WIDTH:0.810296
G1 X117.998 Y105.261 E.00614
;WIDTH:0.761419
G1 X117.932 Y105.19 E.00579
;WIDTH:0.712542
G1 X117.834 Y105.115 E.00687
;WIDTH:0.668204
G1 X117.736 Y105.04 E.00642
;WIDTH:0.623866
G1 X117.638 Y104.965 E.00596
;WIDTH:0.579528
G1 X117.539 Y104.89 E.00554
;WIDTH:0.578942
G1 X117.103 Y104.766 E.0202
;WIDTH:0.622695
G1 X116.667 Y104.641 E.02187
;WIDTH:0.652065
G1 X116.03 Y104.558 E.03254
;WIDTH:0.688898
G1 X115.451 Y104.544 E.03111
;WIDTH:0.693507
G1 X114.944 Y104.584 E.02751
;WIDTH:0.710605
G1 X114.111 Y104.78 E.04751
;WIDTH:0.723979
G1 X113.612 Y104.974 E.03032
G1 X113.159 Y105.206 E.02882
;WIDTH:0.721988
G1 X112.76 Y105.462 E.02677
;WIDTH:0.717135
G1 X112.302 Y105.842 E.03336
;WIDTH:0.723067
G1 X111.77 Y106.432 E.04493
G1 X111.48 Y106.85 E.02877
;WIDTH:0.714705
G1 X111.242 Y107.298 E.02834
;WIDTH:0.719659
G1 X110.944 Y108.128 E.04962
G1 X110.839 Y108.626 E.02864
;WIDTH:0.710364
G1 X110.789 Y109.124 E.02778
G1 E-1.4 F3600
;WIPE_START
G1 F7200
G1 X110.839 Y108.626 E-.23774
G1 X110.944 Y108.128 E-.24175
G1 X111.03 Y107.889 E-.12051
;WIPE_END
G1 Z13.9 F9000
G1 X118.128 Y105.403
G1 Z11.9
G1 E2 F2400
;WIDTH:0.859172
G1 F900
G1 X118.273 Y105.488 E.01141
;WIDTH:0.825059
G1 X118.418 Y105.574 E.01096
;WIDTH:0.790946
G1 X118.563 Y105.659 E.01045
;WIDTH:0.756832
G1 X118.732 Y105.792 E.01277
;WIDTH:0.721051
G1 X118.902 Y105.924 E.01214
;WIDTH:0.68527
G1 X119.071 Y106.057 E.01149
;WIDTH:0.649488
G1 X119.187 Y106.168 E.0081
;WIDTH:0.61422
G1 X119.304 Y106.279 E.00766
;WIDTH:0.578951
G1 X119.421 Y106.391 E.00722
G1 E-1.4 F3600
;WIPE_START
G1 F7200
G1 X119.304 Y106.279 E-.07693
G1 X119.187 Y106.168 E-.07661
G1 X119.071 Y106.057 E-.07626
G1 X118.902 Y105.924 E-.10215
G1 X118.732 Y105.792 E-.10223
G1 X118.563 Y105.659 E-.10215
G1 X118.447 Y105.591 E-.06367
;WIPE_END
G1 Z13.9 F9000
G1 X120.627 Y110.868
G1 Z11.9
G1 E2 F2400
;WIDTH:0.858638
G1 F900
G1 X120.561 Y111.142 E.01912
;WIDTH:0.824256
G1 X120.508 Y111.312 E.01157
;WIDTH:0.789505
G1 X120.454 Y111.483 E.01113
;WIDTH:0.754754
G1 X120.401 Y111.654 E.0106
;WIDTH:0.720002
G1 X120.294 Y111.902 E.01521
;WIDTH:0.672157
G1 X120.186 Y112.15 E.01415
G1 E-1.4 F3600
;WIPE_START
G1 F7200
G1 X120.294 Y111.902 E-.12849
G1 X120.401 Y111.654 E-.1283
G1 X120.454 Y111.483 E-.08504
G1 X120.508 Y111.312 E-.08518
G1 X120.561 Y111.142 E-.08458
G1 X120.605 Y110.961 E-.08841
;WIPE_END
G1 Z13.9 F9000
G1 X118.701 Y113.706
G1 Z11.9
G1 E2 F2400
;WIDTH:0.718536
G1 F900
G1 X118.543 Y113.787 E.00997
;WIDTH:0.754302
G1 X118.385 Y113.868 E.0105
;WIDTH:0.790068
G1 X118.227 Y113.948 E.011
;WIDTH:0.833658
G1 X117.981 Y114.05 E.01751
;WIDTH:0.877248
G1 X117.734 Y114.152 E.01854
;WIDTH:0.917008
G1 X117.542 Y114.206 E.0145
;WIDTH:0.956768
G1 X117.349 Y114.26 E.01523
;LAYER_CHANGE
;Z:12.1
;HEIGHT:0.200001
;BEFORE_LAYER_CHANGE
G92 E0
;12.1


G1 E-1.4 F3600
;WIPE_START
G1 F7200
G1 X117.542 Y114.206 E-.0952
G1 X117.734 Y114.152 E-.09474
G1 X117.981 Y114.05 E-.12694
G1 X118.227 Y113.948 E-.1265
G1 X118.385 Y113.868 E-.08412
G1 X118.521 Y113.798 E-.0725
;WIPE_END
G1 Z12.1 F9000
;AFTER_LAYER_CHANGE
;12.1
G1 Z12.1
G1 X117.563 Y114.846
G1 E2 F2400
;TYPE:Perimeter
;WIDTH:0.659999
G1 F900
G1 X117.429 Y114.899 E.00739
G1 X116.864 Y115.058 E.03012
G1 X116.286 Y115.16 E.03012
G1 X115.701 Y115.203 E.0301
G1 X115.114 Y115.189 E.03013
G1 X114.532 Y115.116 E.0301
G1 X113.96 Y114.985 E.03011
G1 X113.404 Y114.798 E.0301
G1 X112.869 Y114.557 E.03011
G1 X112.361 Y114.264 E.03009
G1 X111.884 Y113.921 E.03015
G1 X111.444 Y113.533 E.0301
G1 X111.045 Y113.103 E.0301
G1 X110.691 Y112.635 E.03011
G1 X110.385 Y112.134 E.03012
G1 X110.131 Y111.606 E.03006
G1 X109.93 Y111.054 E.03014
G1 X109.785 Y110.486 E.03008
G1 X109.698 Y109.906 E.03009
G1 X109.668 Y109.32 E.03011
G1 X109.698 Y108.734 E.03011
G1 X109.785 Y108.153 E.03014
G1 X109.93 Y107.585 E.03008
G1 X110.131 Y107.033 E.03014
G1 X110.385 Y106.505 E.03006
G1 X110.691 Y106.004 E.03012
G1 X111.045 Y105.536 E.03011
G1 X111.444 Y105.106 E.0301
G1 X111.876 Y104.725 E.02956
G1 X112.357 Y104.397 E.02987
G1 X112.906 Y104.071 E.03276
G1 X113.42 Y103.842 E.02887
G1 X113.969 Y103.659 E.02969
G1 X114.538 Y103.53 E.02994
G1 X115.118 Y103.457 E.02999
G1 X115.703 Y103.443 E.03003
G1 X116.287 Y103.487 E.03005
G1 X116.864 Y103.589 E.03007
G1 X117.428 Y103.748 E.03007
G1 X117.973 Y103.962 E.03004
G1 X118.494 Y104.229 E.03004
G1 X118.986 Y104.547 E.03006
G1 X119.444 Y104.912 E.03005
G1 X119.864 Y105.322 E.03012
G1 X120.24 Y105.771 E.03005
G1 X120.57 Y106.255 E.03006
G1 X120.851 Y106.77 E.0301
G1 X121.078 Y107.31 E.03006
G1 X121.251 Y107.87 E.03007
G1 X121.367 Y108.444 E.03005
G1 X121.425 Y109.028 E.03011
G1 X121.425 Y109.611 E.02991
G1 X121.411 Y109.906 E.01515
G1 X121.323 Y110.486 E.0301
G1 X121.178 Y111.054 E.03008
G1 X120.978 Y111.606 E.03013
G1 X120.723 Y112.134 E.03009
G1 X120.417 Y112.635 E.03012
G1 X120.063 Y113.103 E.03011
G1 X119.664 Y113.533 E.0301
G1 X119.232 Y113.914 E.02956
G1 X118.487 Y114.422 E.04627
G1 X117.975 Y114.684 E.02951
G1 X117.646 Y114.813 E.01813
G1 X117.852 Y115.379 F9000
;TYPE:External perimeter
;WIDTH:0.629999
G1 F900
G1 X117.621 Y115.47 E.01212
G1 X116.998 Y115.645 E.03159
G1 X116.361 Y115.758 E.03158
G1 X115.716 Y115.806 E.03157
G1 X115.069 Y115.79 E.03159
G1 X114.427 Y115.71 E.03158
G1 X113.797 Y115.566 E.03155
G1 X113.184 Y115.36 E.03157
G1 X112.594 Y115.094 E.03159
G1 X112.034 Y114.77 E.03158
G1 X111.509 Y114.393 E.03155
G1 X111.024 Y113.965 E.03158
G1 X110.584 Y113.49 E.03161
G1 X110.193 Y112.975 E.03156
G1 X109.856 Y112.423 E.03157
G1 X109.575 Y111.84 E.03159
G1 X109.354 Y111.232 E.03158
G1 X109.194 Y110.605 E.03159
G1 X109.098 Y109.966 E.03154
G1 X109.066 Y109.32 E.03157
G1 X109.098 Y108.674 E.03157
G1 X109.194 Y108.034 E.03159
G1 X109.354 Y107.407 E.03159
G1 X109.575 Y106.799 E.03158
G1 X109.856 Y106.216 E.03159
G1 X110.193 Y105.664 E.03157
G1 X110.584 Y105.149 E.03156
G1 X111.024 Y104.675 E.03157
G1 X111.506 Y104.249 E.0314
G1 X112.018 Y103.9 E.03025
G1 X112.631 Y103.536 E.0348
G1 X113.2 Y103.282 E.03042
G1 X113.806 Y103.079 E.0312
G1 X114.434 Y102.937 E.03143
G1 X115.073 Y102.857 E.03144
G1 X115.718 Y102.841 E.0315
G1 X116.362 Y102.89 E.03153
G1 X116.998 Y103.002 E.03152
G1 X117.619 Y103.177 E.0315
G1 X118.22 Y103.413 E.03152
G1 X118.795 Y103.708 E.03155
G1 X119.338 Y104.058 E.03154
G1 X119.843 Y104.461 E.03154
G1 X120.305 Y104.912 E.03152
G1 X120.72 Y105.407 E.03153
G1 X121.084 Y105.941 E.03155
G1 X121.393 Y106.508 E.03152
G1 X121.644 Y107.104 E.03157
G1 X121.835 Y107.721 E.03153
G1 X121.962 Y108.355 E.03156
G1 X122.027 Y108.998 E.03155
G1 X122.027 Y109.641 E.03139
G1 X122.011 Y109.966 E.01588
G1 X121.914 Y110.605 E.03155
G1 X121.754 Y111.232 E.03159
G1 X121.533 Y111.84 E.03158
G1 X121.253 Y112.423 E.03157
G1 X120.915 Y112.975 E.0316
G1 X120.525 Y113.49 E.03154
G1 X120.085 Y113.965 E.03161
G1 X119.602 Y114.39 E.03141
G1 X118.795 Y114.941 E.0477
G1 X118.223 Y115.234 E.03137
G1 X117.936 Y115.346 E.01504
G1 X116.058 Y114.982 F9000
;TYPE:Top solid infill
;WIDTH:0.618828
G1 F900
G1 X116.883 Y114.157 E.05587
G1 X116.075 Y114.15 E.03869
G1 X115.473 Y114.753 E.0408
G1 X115.148 Y114.744 E.01557
G1 X114.72 Y114.691 E.02065
G1 X115.378 Y114.033 E.04456
G1 X115.073 Y113.952 E.01511
G1 X114.759 Y113.837 E.01601
G1 X114.05 Y114.546 E.04802
G1 X113.451 Y114.331 E.03048
G1 X114.211 Y113.571 E.05147
G1 X113.732 Y113.236 E.02799
G1 X112.904 Y114.063 E.05604
G1 X112.603 Y113.889 E.01665
G1 X112.405 Y113.747 E.01167
G1 X113.29 Y112.862 E.05993
G1 X113.027 Y112.568 E.01889
G1 X112.921 Y112.417 E.00883
G1 X111.952 Y113.387 E.06566
G1 X111.756 Y113.214 E.01252
G1 X111.541 Y112.983 E.01511
G1 X112.617 Y111.906 E.0729
G1 X112.412 Y111.47 E.02307
G1 X112.374 Y111.335 E.00672
G1 X111.174 Y112.535 E.08127
G1 X111.059 Y112.384 E.00909
G1 X110.851 Y112.044 E.01909
G1 X112.215 Y110.68 E.09237
G1 X112.149 Y110.396 E.01396
G1 X112.103 Y109.977 E.02019
G1 X110.576 Y111.505 E.10345
G1 X110.353 Y110.913 E.03029
G1 X112.411 Y108.855 E.13937
G1 E-1.4 F3600
;WIPE_START
G1 F7200
G1 X111.518 Y109.748 E-.6
;WIPE_END
G1 Z14.1 F9000
G1 X119.067 Y107.086
G1 Z12.1
G1 E2 F2400
G1 F900
G1 X119.984 Y106.169 E.0621
G1 X119.622 Y105.716 E.02777
G1 X118.599 Y106.739 E.06928
G1 X118.433 Y106.671 E.00859
G1 X118.062 Y106.462 E.02039
G1 X119.218 Y105.306 E.07829
G1 X118.946 Y105.066 E.01737
G1 X118.77 Y104.94 E.01037
G1 X117.48 Y106.23 E.08736
G1 X116.832 Y106.063 E.03204
G1 X118.277 Y104.618 E.09786
G1 X118.036 Y104.479 E.01332
G1 X117.737 Y104.344 E.01571
G1 X116.153 Y105.928 E.10727
G1 X115.825 Y105.904 E.01575
G1 X115.352 Y105.914 E.02266
G1 X117.144 Y104.122 E.12136
G1 X116.49 Y103.961 E.03225
G1 X114.307 Y106.145 E.14787
G1 X113.664 Y106.47 E.0345
G1 X113.458 Y106.617 E.01212
G1 X113.23 Y106.813 E.0144
G1 X112.678 Y107.465 E.04091
G1 X112.443 Y107.902 E.02376
G1 X112.375 Y108.077 E.00899
G1 X110.2 Y110.252 E.1473
G1 X110.141 Y109.861 E.01894
G1 X110.124 Y109.513 E.01668
G1 X115.748 Y103.889 E.38087
G1 X115.419 Y103.881 E.01576
G1 X114.903 Y103.92 E.02478
G1 X110.158 Y108.664 E.32131
G1 X110.222 Y108.242 E.02044
G1 X110.392 Y107.616 E.03106
G1 X113.855 Y104.153 E.23452
G1 X113.317 Y104.361 E.02762
G1 X112.849 Y104.601 E.02519
G1 X112.15 Y105.077 E.0405
G1 X111.865 Y105.329 E.01822
G1 X110.519 Y106.675 E.09115
G1 E-1.4 F3600
;WIPE_START
G1 F7200
G1 X111.412 Y105.782 E-.6
;WIPE_END
G1 Z14.1 F9000
G1 X112.99 Y108.121
G1 Z12.1
G1 E2 F2400
;TYPE:Internal infill
;WIDTH:0.66
G1 F900
G1 X112.756 Y108.83 E.03831
G1 X112.69 Y109.957 E.05793
G1 X112.957 Y111.249 E.06769
G1 X113.171 Y111.703 E.02575
G1 X117.786 Y107.087 E.33492
G1 X117.175 Y106.796 E.03472
G1 X116.403 Y106.56 E.04142
G1 X116.023 Y106.502 E.01972
G1 X115.288 Y106.503 E.03771
G1 X114.633 Y106.638 E.03431
G1 X113.983 Y106.963 E.03729
G1 X113.563 Y107.328 E.02855
G1 X118.877 Y112.642 E.3856
G1 X118.562 Y113.064 E.02702
G1 X117.674 Y113.426 E.0492
G1 X116.864 Y113.57 E.04221
G1 X116.085 Y113.563 E.03997
G1 X115.484 Y113.454 E.03134
G1 E-1.4 F3600
;WIPE_START
G1 F7200
G1 X116.085 Y113.563 E-.29013
G1 X116.737 Y113.569 E-.30987
;WIPE_END
G1 Z14.1 F9000
G1 X119.448 Y107.538
G1 Z12.1
G1 E2 F2400
;TYPE:Solid infill
;WIDTH:0.919184
G1 F900
G1 X120.074 Y107.418 E.04644
G1 X120.416 Y107.27 E.02715
G1 X120.608 Y107.783 E.03991
;WIDTH:0.9138
G1 X120.757 Y108.289 E.0382
;WIDTH:0.870645
G1 X120.808 Y108.548 E.01817
;WIDTH:0.843798
G1 X120.86 Y108.808 E.01766
;WIDTH:0.81695
G1 X120.905 Y109.338 E.03423
;WIDTH:0.775771
G1 X120.905 Y109.607 E.01639
;WIDTH:0.747872
G1 X120.904 Y109.875 E.01571
;WIDTH:0.719972
G1 X120.842 Y110.405 E.03004
;WIDTH:0.68263
G1 X120.787 Y110.675 E.01466
;WIDTH:0.65316
G1 X120.732 Y110.945 E.01398
;WIDTH:0.62369
G1 X120.571 Y111.449 E.02555
;WIDTH:0.578622
G1 X120.353 Y111.947 E.02422
;WIDTH:0.586271
G1 X120.277 Y112.019 E.00473
;WIDTH:0.634931
G1 X120.202 Y112.09 E.00508
;WIDTH:0.683591
G1 X120.127 Y112.162 E.00554
;WIDTH:0.732251
G1 X120.051 Y112.234 E.006
;WIDTH:0.780911
G1 X119.976 Y112.305 E.00634
;WIDTH:0.82957
G1 X119.901 Y112.377 E.0068
;WIDTH:0.87823
G1 X119.825 Y112.449 E.00727
G1 X119.831 Y112.388 E.00426
;WIDTH:0.844113
G1 X119.837 Y112.327 E.00408
;WIDTH:0.809995
G1 X119.842 Y112.266 E.0039
;WIDTH:0.775877
G1 X119.856 Y112.159 E.00658
;WIDTH:0.728224
G1 X119.869 Y112.053 E.00609
;WIDTH:0.680571
G1 X119.882 Y111.946 E.00571
;WIDTH:0.632918
G1 X119.896 Y111.84 E.00525
;WIDTH:0.585265
G1 X119.909 Y111.733 E.00486
;WIDTH:0.560212
G1 X120.032 Y111.418 E.01455
;WIDTH:0.592997
G1 X120.101 Y111.122 E.0139
;WIDTH:0.625782
G1 X120.17 Y110.825 E.01478
;WIDTH:0.673165
G1 X120.203 Y110.352 E.02485
;WIDTH:0.720548
G1 X120.236 Y109.879 E.02672
;WIDTH:0.768749
G1 X120.174 Y109.423 E.02777
;WIDTH:0.81695
G1 X120.112 Y108.966 E.02968
;WIDTH:0.851028
G1 X120.006 Y108.671 E.02106
;WIDTH:0.885106
G1 X119.9 Y108.376 E.02195
;WIDTH:0.919184
G1 X119.794 Y108.081 E.02284
G1 X119.614 Y107.798 E.02444
G1 E-1.4 F3600
;WIPE_START
G1 F7200
G1 X119.794 Y108.081 E-.15931
G1 X119.9 Y108.376 E-.1489
G1 X120.006 Y108.671 E-.1489
G1 X120.108 Y108.955 E-.14289
;WIPE_END
G1 Z14.1 F9000
G1 X119.825 Y112.449
G1 Z12.1
G1 E2 F2400
;WIDTH:0.87823
G1 F900
G1 X119.683 Y112.661 E.01772
;WIDTH:0.832571
G1 X119.541 Y112.873 E.01675
;WIDTH:0.786912
G1 X119.368 Y113.072 E.01631
;WIDTH:0.742556
G1 X119.195 Y113.271 E.01534
;WIDTH:0.698199
G1 X119.022 Y113.469 E.01433
;WIDTH:0.679486
G1 X118.616 Y113.747 E.02604
;WIDTH:0.717934
G1 X118.436 Y113.834 E.01122
;WIDTH:0.756381
G1 X118.256 Y113.92 E.01183
;WIDTH:0.794829
G1 X118.076 Y114.007 E.0125
;WIDTH:0.833276
G1 X117.896 Y114.093 E.01311
;WIDTH:0.838206
G1 X117.868 Y114.105 E.00201
;LAYER_CHANGE
;Z:12.3
;HEIGHT:0.2
;BEFORE_LAYER_CHANGE
G92 E0
;12.3


G1 E-1.4 F3600
;WIPE_START
G1 F7200
G1 X117.896 Y114.093 E-.01447
G1 X118.076 Y114.007 E-.09476
G1 X118.256 Y113.92 E-.09496
G1 X118.436 Y113.834 E-.09476
G1 X118.616 Y113.747 E-.09496
G1 X118.974 Y113.502 E-.20609
;WIPE_END
G1 Z12.3 F9000
;AFTER_LAYER_CHANGE
;12.3
G1 Z12.3
G1 X117.836 Y113.997
G1 E2 F2400
;TYPE:Perimeter
;WIDTH:0.659999
G1 F900
G1 X117.464 Y114.091 E.01969
G1 X116.898 Y114.175 E.02936
G1 X116.34 Y114.17 E.02863
G1 X115.736 Y114.121 E.03109
G1 X115.235 Y114.013 E.0263
G1 X114.693 Y113.831 E.02934
G1 X114.218 Y113.597 E.02717
G1 X113.777 Y113.289 E.0276
G1 X113.37 Y112.962 E.02679
G1 X113.003 Y112.567 E.02767
G1 X112.707 Y112.138 E.02674
G1 X112.384 Y111.451 E.03895
G1 X112.184 Y110.623 E.04371
G1 X112.085 Y109.987 E.03303
G1 X112.095 Y109.346 E.03289
G1 X112.164 Y108.704 E.03313
G1 X112.354 Y108.082 E.03337
G1 X112.622 Y107.508 E.0325
G1 X113.048 Y106.894 E.03834
G1 X113.589 Y106.344 E.03958
G1 X114.025 Y105.995 E.02866
G1 X114.611 Y105.624 E.03559
G1 X115.087 Y105.388 E.02726
G1 X115.675 Y105.215 E.03145
G1 X116.345 Y105.14 E.03459
G1 X116.986 Y105.158 E.0329
G1 X117.564 Y105.272 E.03023
G1 X118.043 Y105.42 E.02572
G1 X118.653 Y105.712 E.0347
G1 X119.245 Y106.087 E.03596
G1 X119.763 Y106.556 E.03585
G1 X120.096 Y106.934 E.02585
G1 X120.462 Y107.451 E.0325
G1 X120.704 Y107.899 E.02613
G1 X120.9 Y108.363 E.02584
G1 X121.114 Y109.111 E.03992
G1 X121.131 Y109.438 E.0168
G1 X121.092 Y109.975 E.02763
G1 X120.976 Y110.617 E.03347
G1 X120.806 Y111.195 E.03091
G1 X120.595 Y111.701 E.02813
G1 X120.33 Y112.199 E.02895
G1 X120.012 Y112.672 E.02924
G1 X119.676 Y113.08 E.02712
G1 X119.363 Y113.307 E.01984
G1 X118.644 Y113.712 E.04234
G1 X118.025 Y113.949 E.03401
G1 X117.923 Y113.974 E.00539
G1 X118.094 Y114.551 F9000
;TYPE:External perimeter
;WIDTH:0.629999
G1 F900
G1 X117.592 Y114.679 E.02529
G1 X116.931 Y114.777 E.03262
G1 X116.334 Y114.772 E.02914
G1 X115.644 Y114.716 E.03379
G1 X115.081 Y114.595 E.02811
G1 X114.454 Y114.385 E.03228
G1 X113.91 Y114.117 E.0296
G1 X113.41 Y113.767 E.02979
G1 X112.959 Y113.401 E.02835
G1 X112.527 Y112.937 E.03095
G1 X112.183 Y112.439 E.02955
G1 X111.813 Y111.652 E.04245
G1 X111.539 Y110.521 E.05681
G1 X111.482 Y110.016 E.02481
G1 X111.498 Y109.055 E.04692
G1 X111.643 Y108.323 E.03643
G1 X111.869 Y107.664 E.03401
G1 X112.103 Y107.199 E.02541
G1 X112.577 Y106.518 E.0405
G1 X112.96 Y106.099 E.02771
G1 X113.348 Y105.752 E.02541
G1 X113.924 Y105.318 E.03521
G1 X114.654 Y104.91 E.04082
G1 X115.318 Y104.687 E.03419
G1 X115.822 Y104.584 E.02511
G1 X116.544 Y104.529 E.03535
G1 X117.258 Y104.591 E.03499
G1 X117.768 Y104.703 E.02549
G1 X118.258 Y104.858 E.02509
G1 X118.935 Y105.18 E.0366
G1 X119.426 Y105.479 E.02806
G1 X119.829 Y105.792 E.02491
G1 X120.21 Y106.152 E.02559
G1 X120.565 Y106.556 E.02625
G1 X120.978 Y107.141 E.03496
G1 X121.248 Y107.638 E.02761
G1 X121.469 Y108.162 E.02776
G1 X121.708 Y109 E.04254
G1 X121.732 Y109.466 E.02278
G1 X121.712 Y109.889 E.02067
G1 X121.621 Y110.52 E.03112
G1 X121.47 Y111.122 E.0303
G1 X121.299 Y111.608 E.02515
G1 X121.048 Y112.16 E.0296
G1 X120.753 Y112.669 E.02872
G1 X120.422 Y113.134 E.02786
G1 X120.087 Y113.525 E.02513
G1 X119.689 Y113.815 E.02404
G1 X118.908 Y114.254 E.04374
G1 X118.209 Y114.522 E.03654
G1 X118.181 Y114.529 E.00141
G1 E-1.4 F3600
;WIPE_START
G1 F7200
G1 X118.094 Y114.551 E-.04263
G1 X117.592 Y114.679 E-.24608
G1 X116.944 Y114.775 E-.31129
;WIPE_END
G1 Z14.3 F9000
G1 X115.788 Y113.648
G1 Z12.3
G1 E2 F2400
;TYPE:Internal infill
;WIDTH:0.66
G1 F900
G1 X116.871 Y113.699 E.05563
G1 X117.708 Y113.551 E.04361
G1 X118.223 Y113.372 E.02798
G1 X118.066 Y113.201 E.01191
G1 X118.619 Y112.385 E.05058
G1 X113.423 Y107.188 E.37708
G1 X112.856 Y108.099 E.05506
G1 X112.573 Y109.149 E.0558
G1 X112.602 Y110.333 E.06077
G1 X112.834 Y111.293 E.05068
G1 X113.073 Y111.801 E.02881
G1 X117.622 Y107.251 E.33013
G1 X118.516 Y108.109 E.06358
G1 X118.88 Y108.668 E.03423
G1 X119.124 Y109.282 E.0339
G1 X119.247 Y109.947 E.0347
G1 X119.244 Y110.404 E.02345
G1 E-1.4 F3600
;WIPE_START
G1 F7200
G1 X119.247 Y109.947 E-.21708
G1 X119.124 Y109.282 E-.32123
G1 X119.076 Y109.161 E-.06169
;WIPE_END
G1 Z14.3 F9000
G1 X115.108 Y105.902
G1 Z12.3
G1 E2 F2400
;TYPE:Solid infill
;WIDTH:0.726433
G1 F900
G1 X115.281 Y105.871 E.00999
;WIDTH:0.772831
G1 X115.455 Y105.841 E.01072
;WIDTH:0.81923
G1 X115.628 Y105.811 E.01133
;WIDTH:0.865628
G1 X115.801 Y105.781 E.01201
;WIDTH:0.871308
G1 X115.922 Y105.745 E.0087
;WIDTH:0.829731
G1 X116.004 Y105.712 E.00578
;WIDTH:0.788153
G1 X116.086 Y105.679 E.00548
;WIDTH:0.746575
G1 X116.169 Y105.646 E.00523
;WIDTH:0.704997
G1 X116.337 Y105.621 E.00935
;WIDTH:0.659761
G1 X116.506 Y105.597 E.00876
;WIDTH:0.614525
G1 X116.675 Y105.573 E.00811
;WIDTH:0.576042
G1 X116.792 Y105.586 E.00522
;WIDTH:0.610489
G1 X117.096 Y105.649 E.01465
;WIDTH:0.644936
G1 X117.401 Y105.713 E.0156
;WIDTH:0.680142
G1 X117.731 Y105.84 E.01874
;WIDTH:0.715348
G1 X118.061 Y105.968 E.01979
;WIDTH:0.758484
G1 X118.619 Y106.293 E.03842
;WIDTH:0.784605
G1 X119.255 Y106.808 E.05047
;WIDTH:0.797244
G1 X119.799 Y107.442 E.0524
G1 X120.163 Y108.045 E.04418
;WIDTH:0.800334
G1 X120.391 Y108.567 E.03587
G1 X120.572 Y109.247 E.04432
;WIDTH:0.796504
G1 X120.591 Y109.815 E.03561
;WIDTH:0.746974
G1 X120.536 Y110.323 E.02991
;WIDTH:0.70583
G1 X120.468 Y110.632 E.01744
;WIDTH:0.668829
G1 X120.399 Y110.94 E.01643
;WIDTH:0.631827
G1 X120.268 Y111.308 E.01913
;WIDTH:0.596294
G1 X120.137 Y111.677 E.01802
;WIDTH:0.560761
G1 X119.897 Y112.132 E.02215
;WIDTH:0.572875
G1 X119.826 Y112.187 E.00396
;WIDTH:0.621707
G1 X119.754 Y112.242 E.00436
;WIDTH:0.670539
G1 X119.683 Y112.297 E.00469
;WIDTH:0.719371
G1 X119.611 Y112.352 E.0051
;WIDTH:0.768204
G1 X119.54 Y112.407 E.00542
;WIDTH:0.817036
G1 X119.468 Y112.462 E.00583
;WIDTH:0.865868
G1 X119.397 Y112.517 E.00615
G1 X119.407 Y112.463 E.00376
;WIDTH:0.834756
G1 X119.417 Y112.382 E.00537
;WIDTH:0.790369
G1 X119.428 Y112.301 E.00508
;WIDTH:0.745981
G1 X119.438 Y112.221 E.00471
;WIDTH:0.701593
G1 X119.449 Y112.14 E.00448
;WIDTH:0.657205
G1 X119.459 Y112.059 E.00417
;WIDTH:0.612818
G1 X119.469 Y111.978 E.00387
;WIDTH:0.56843
G1 X119.48 Y111.897 E.00357
;WIDTH:0.560761
G1 X119.644 Y111.526 E.01747
;WIDTH:0.604864
G1 X119.749 Y111.118 E.01969
;WIDTH:0.648967
G1 X119.853 Y110.71 E.02122
;WIDTH:0.697971
G1 X119.875 Y110.27 E.024
;WIDTH:0.746974
G1 X119.897 Y109.829 E.02585
;WIDTH:0.796504
G1 X119.825 Y109.315 E.03252
;WIDTH:0.800334
G1 X119.676 Y108.812 E.03304
G1 X119.459 Y108.311 E.03439
;WIDTH:0.78588
G1 X119.028 Y107.664 E.04803
;WIDTH:0.781483
G1 X118.645 Y107.25 E.03464
;WIDTH:0.776374
G1 X118.166 Y106.847 E.03818
;WIDTH:0.758484
G1 X117.733 Y106.554 E.03111
;WIDTH:0.715348
G1 X117.429 Y106.4 E.01905
;WIDTH:0.675359
G1 X117.124 Y106.246 E.01797
;WIDTH:0.63537
G1 X116.874 Y106.168 E.0129
;WIDTH:0.60233
G1 X116.623 Y106.091 E.01221
;WIDTH:0.617176
G1 X116.499 Y106.041 E.00638
;WIDTH:0.665063
G1 X116.375 Y105.991 E.00692
;WIDTH:0.71295
G1 X116.25 Y105.942 E.00748
;WIDTH:0.760836
G1 X116.126 Y105.892 E.00798
;LAYER_CHANGE
;Z:12.5
;HEIGHT:0.2
;BEFORE_LAYER_CHANGE
G92 E0
;12.5


G1 E-1.4 F3600
;WIPE_START
G1 F7200
G1 X116.25 Y105.942 E-.06351
G1 X116.375 Y105.991 E-.06377
G1 X116.499 Y106.041 E-.06351
G1 X116.623 Y106.091 E-.06351
G1 X116.874 Y106.168 E-.12471
G1 X117.124 Y106.246 E-.1244
G1 X117.305 Y106.338 E-.09659
;WIPE_END
G1 Z12.5 F9000
;AFTER_LAYER_CHANGE
;12.5
G1 Z12.5
G1 X116.088 Y105.507
G1 E2 F2400
;TYPE:Perimeter
;WIDTH:0.659999
G1 F900
G1 X116.439 Y105.478 E.01807
G1 X116.951 Y105.505 E.02631
G1 X117.548 Y105.613 E.03113
G1 X118.328 Y105.912 E.04286
G1 X118.875 Y106.244 E.03283
G1 X119.363 Y106.633 E.03202
G1 X119.792 Y107.1 E.03254
G1 X120.144 Y107.605 E.03159
G1 X120.388 Y108.043 E.02573
G1 X120.653 Y108.694 E.03606
G1 X120.813 Y109.38 E.03614
G1 X120.878 Y109.889 E.02633
G1 X120.881 Y110.414 E.02694
G1 X120.823 Y111.143 E.03752
G1 X120.461 Y111.976 E.0466
G1 X120.09 Y112.54 E.03464
G1 X119.715 Y113.032 E.03174
G1 X119.277 Y113.478 E.03207
G1 X118.664 Y113.953 E.03979
G1 X118.083 Y114.29 E.03446
G1 X117.412 Y114.449 E.03538
G1 X116.868 Y114.516 E.02812
G1 X116.231 Y114.526 E.03269
G1 X115.565 Y114.442 E.03444
G1 X115.047 Y114.314 E.02738
G1 X114.439 Y114.094 E.03318
G1 X113.83 Y113.758 E.03569
G1 X113.377 Y113.431 E.02867
G1 X112.78 Y112.829 E.0435
G1 X112.325 Y112.154 E.04177
G1 X112.147 Y111.733 E.02345
G1 X111.946 Y111.163 E.03101
G1 X111.852 Y110.648 E.02686
G1 X111.838 Y110.081 E.0291
G1 X111.892 Y109.567 E.02652
G1 X111.985 Y109.056 E.02665
G1 X112.164 Y108.449 E.03247
G1 X112.37 Y107.963 E.02708
G1 X112.674 Y107.437 E.03117
G1 X113.232 Y106.784 E.04407
G1 X113.637 Y106.443 E.02717
G1 X114.128 Y106.152 E.02929
G1 X114.67 Y105.879 E.03114
G1 X115.299 Y105.659 E.03419
G1 X115.853 Y105.527 E.02922
G1 X115.998 Y105.515 E.00747
G1 X115.912 Y104.917 F9000
;TYPE:External perimeter
;WIDTH:0.629999
G1 F900
G1 X115.971 Y104.906 E.00293
G1 X116.67 Y104.872 E.03416
G1 X117.23 Y104.927 E.02747
G1 X117.721 Y105.035 E.02454
G1 X118.584 Y105.365 E.0451
G1 X119.218 Y105.749 E.03618
G1 X119.774 Y106.192 E.0347
G1 X120.261 Y106.722 E.03514
G1 X120.652 Y107.282 E.03334
G1 X120.929 Y107.779 E.02778
G1 X121.136 Y108.265 E.02579
G1 X121.291 Y108.748 E.02476
G1 X121.408 Y109.284 E.02678
G1 X121.478 Y109.849 E.02779
G1 X121.483 Y110.441 E.0289
G1 X121.407 Y111.31 E.04258
G1 X120.992 Y112.264 E.05079
G1 X120.593 Y112.871 E.03546
G1 X120.169 Y113.427 E.03413
G1 X119.672 Y113.934 E.03466
G1 X119.001 Y114.454 E.04144
G1 X118.317 Y114.85 E.03858
G1 X117.647 Y115.019 E.03373
G1 X117.042 Y115.106 E.02984
G1 X116.506 Y115.131 E.02619
G1 X115.962 Y115.105 E.02659
G1 X115.454 Y115.034 E.02504
G1 X114.94 Y114.909 E.02582
G1 X114.419 Y114.734 E.02683
G1 X113.951 Y114.521 E.0251
G1 X113.51 Y114.268 E.02482
G1 X112.979 Y113.885 E.03196
G1 X112.313 Y113.213 E.04619
G1 X111.793 Y112.442 E.0454
G1 X111.546 Y111.858 E.03095
G1 X111.362 Y111.313 E.02808
G1 X111.251 Y110.7 E.03041
G1 X111.235 Y110.057 E.0314
G1 X111.296 Y109.481 E.02828
G1 X111.397 Y108.923 E.02768
G1 X111.528 Y108.438 E.02452
G1 X111.698 Y107.968 E.0244
G1 X111.918 Y107.513 E.02467
G1 X112.187 Y107.081 E.02484
G1 X112.807 Y106.355 E.04661
G1 X113.287 Y105.951 E.03063
G1 X114.118 Y105.458 E.04717
G1 X114.822 Y105.181 E.03693
G1 X115.342 Y105.03 E.02643
G1 X115.824 Y104.935 E.02398
G1 X116.803 Y105.978 F9000
;TYPE:Solid infill
;WIDTH:0.678443
G1 F900
G1 X117.416 Y106.081 E.03285
G1 X118.115 Y106.349 E.03956
G1 X118.723 Y106.73 E.03792
;WIDTH:0.703991
G1 X119.033 Y107.01 E.02296
;WIDTH:0.731549
G1 X119.283 Y107.315 E.02258
;WIDTH:0.759106
G1 X119.532 Y107.621 E.02349
;WIDTH:0.782136
G1 X119.814 Y108.096 E.03395
;WIDTH:0.800016
G1 X120.143 Y108.895 E.0544
G1 X120.302 Y109.605 E.0458
;WIDTH:0.800569
G1 X120.347 Y110.163 E.03527
G1 X120.318 Y110.833 E.04225
;WIDTH:0.796566
G1 X120.179 Y111.313 E.03132
;WIDTH:0.755256
G1 X119.962 Y111.824 E.03288
;WIDTH:0.711149
G1 X119.752 Y112.171 E.02254
;WIDTH:0.675796
G1 X119.542 Y112.518 E.02134
;WIDTH:0.640443
G1 X119.455 Y112.625 E.00685
;WIDTH:0.62097
G1 X119.23 Y112.885 E.01653
;WIDTH:0.592416
G1 X119.006 Y113.144 E.01565
;WIDTH:0.595561
G1 X118.919 Y113.193 E.00459
;WIDTH:0.62726
G1 X118.832 Y113.243 E.00488
;WIDTH:0.675179
G1 X118.762 Y113.267 E.00389
;WIDTH:0.723098
G1 X118.692 Y113.291 E.00419
;WIDTH:0.771016
G1 X118.622 Y113.315 E.00448
;WIDTH:0.818935
G1 X118.552 Y113.339 E.00477
;WIDTH:0.866853
G1 X118.482 Y113.363 E.00507
;WIDTH:0.914772
G1 X118.411 Y113.387 E.00543
;WIDTH:0.96269
G1 X118.341 Y113.411 E.00566
G1 X118.374 Y113.337 E.0062
;WIDTH:0.912837
G1 X118.406 Y113.264 E.00577
;WIDTH:0.862983
G1 X118.438 Y113.19 E.0055
;WIDTH:0.813129
G1 X118.47 Y113.116 E.00516
;WIDTH:0.763276
G1 X118.503 Y113.042 E.00485
;WIDTH:0.713422
G1 X118.535 Y112.969 E.00444
;WIDTH:0.663569
G1 X118.567 Y112.895 E.00416
;WIDTH:0.613715
G1 X118.6 Y112.821 E.00385
;WIDTH:0.602152
G1 X118.824 Y112.51 E.01782
;WIDTH:0.640443
G1 X119.049 Y112.198 E.01911
;WIDTH:0.675796
G1 X119.212 Y111.855 E.01998
;WIDTH:0.711149
G1 X119.374 Y111.511 E.02113
;WIDTH:0.738455
G1 X119.447 Y111.276 E.01423
;WIDTH:0.76576
G1 X119.52 Y111.041 E.01479
;WIDTH:0.787469
G1 X119.598 Y110.431 E.03807
;WIDTH:0.798266
G1 X119.571 Y109.83 E.03779
;WIDTH:0.798663
G1 X119.511 Y109.457 E.02374
G1 X119.313 Y108.79 E.04372
;WIDTH:0.778549
G1 X119.045 Y108.208 E.03919
;WIDTH:0.766304
G1 X118.764 Y107.75 E.03232
;WIDTH:0.726383
G1 X118.326 Y107.221 E.03903
;WIDTH:0.678443
G1 X117.802 Y106.692 E.03935
G1 X117.091 Y106.22 E.0451
G1 X116.776 Y106.088 E.01805
G1 X116.304 Y105.966 E.02576
G1 X116.494 Y105.971 E.01004
G1 E-1.4 F3600
;WIPE_START
G1 F7200
G1 X116.304 Y105.966 E-.09028
G1 X116.776 Y106.088 E-.23157
G1 X117.091 Y106.22 E-.16223
G1 X117.294 Y106.355 E-.11592
;WIPE_END
G1 Z14.5 F9000
G1 X118.341 Y113.411
G1 Z12.5
G1 E2 F2400
;WIDTH:0.96269
G1 F900
G1 X118.315 Y113.434 E.00265
;WIDTH:0.958326
G1 X118.168 Y113.544 E.01397
;WIDTH:0.915295
G1 X118.021 Y113.654 E.01332
;WIDTH:0.872264
G1 X117.874 Y113.764 E.01266
G1 E-1.4 F3600
;WIPE_START
G1 F7200
G1 X118.021 Y113.654 E-.08721
G1 X118.168 Y113.544 E-.08721
G1 X118.315 Y113.434 E-.08721
G1 X118.341 Y113.411 E-.01649
;WIPE_END
G1 E-.32188 F3600
G1 Z14.5 F9000
G1 X115.715 Y113.986
G1 Z12.5
G1 E2 F2400
;TYPE:Internal infill
;WIDTH:0.66
G1 F900
G1 X116.622 Y114.054 E.04667
G1 X116.527 Y113.797 E.01406
G1 X117.489 Y113.179 E.05867
G1 X118.057 Y112.611 E.04122
G1 X118.373 Y112.138 E.02919
G1 X113.471 Y107.236 E.35571
G1 X113.913 Y106.832 E.03073
G1 X114.603 Y106.422 E.04118
G1 X115.372 Y106.135 E.04212
G1 X115.36 Y106.404 E.01382
G1 X116.49 Y106.647 E.05931
G1 X116.763 Y106.754 E.01505
G1 X117.127 Y106.968 E.02167
G1 X117.552 Y107.321 E.02835
G1 X112.826 Y112.048 E.34297
G1 X112.458 Y111.25 E.04509
G1 X112.327 Y110.608 E.03362
G1 X112.363 Y109.634 E.05001
G1 X112.657 Y108.485 E.06086
;LAYER_CHANGE
;Z:12.7
;HEIGHT:0.2
;BEFORE_LAYER_CHANGE
G92 E0
;12.7


G1 E-1.4 F3600
;WIPE_START
G1 F7200
G1 X112.363 Y109.634 E-.56336
G1 X112.36 Y109.711 E-.03664
;WIPE_END
G1 Z12.7 F9000
;AFTER_LAYER_CHANGE
;12.7
G1 Z12.7
G1 X112.108 Y108.164
G1 E2 F2400
;TYPE:Perimeter
;WIDTH:0.659999
G1 F900
G1 X112.274 Y107.884 E.0167
G1 X112.558 Y107.47 E.02576
G1 X113.032 Y106.973 E.03524
G1 X113.504 Y106.562 E.03211
G1 X114.051 Y106.253 E.03224
G1 X114.623 Y106.001 E.03207
G1 X115.194 Y105.856 E.03023
G1 X116.094 Y105.784 E.04633
G1 X117.09 Y105.862 E.05126
G1 X117.812 Y106.058 E.03839
G1 X118.314 Y106.291 E.0284
G1 X118.973 Y106.747 E.04112
G1 X119.556 Y107.345 E.04285
G1 X119.868 Y107.802 E.02839
G1 X120.16 Y108.364 E.0325
G1 X120.386 Y108.995 E.03439
G1 X120.5 Y109.599 E.03154
G1 X120.533 Y110.228 E.03232
G1 X120.521 Y110.836 E.0312
G1 X120.437 Y111.302 E.0243
G1 X120.291 Y111.87 E.03009
G1 X120.091 Y112.387 E.02844
G1 X119.778 Y112.963 E.03364
G1 X119.106 Y113.617 E.04811
G1 X118.685 Y113.933 E.02701
G1 X118.234 Y114.212 E.02721
G1 X117.779 Y114.432 E.02593
G1 X117.241 Y114.636 E.02952
G1 X116.737 Y114.769 E.02675
G1 X116.187 Y114.862 E.02862
G1 X115.408 Y114.759 E.04032
G1 X114.797 Y114.601 E.03238
G1 X114.194 Y114.351 E.03349
G1 X113.741 Y114.105 E.02645
G1 X113.211 Y113.737 E.03311
G1 X112.717 Y113.272 E.03481
G1 X112.318 Y112.792 E.03203
G1 X112.038 Y112.346 E.02702
G1 X111.771 Y111.753 E.03337
G1 X111.577 Y111.099 E.035
G1 X111.495 Y110.296 E.04142
G1 X111.566 Y109.508 E.0406
G1 X111.767 Y108.852 E.0352
G1 X112.006 Y108.334 E.02927
G1 X112.061 Y108.241 E.00554
G1 X111.531 Y107.943 F9000
;TYPE:External perimeter
;WIDTH:0.629999
G1 F900
G1 X111.564 Y107.88 E.00347
G1 X111.844 Y107.437 E.02558
G1 X112.253 Y106.885 E.03354
G1 X112.953 Y106.214 E.04733
G1 X113.361 Y105.925 E.02441
G1 X113.956 Y105.627 E.03248
G1 X114.606 Y105.371 E.0341
G1 X115.103 Y105.259 E.02487
G1 X116.094 Y105.18 E.04853
G1 X117.193 Y105.267 E.05382
G1 X118.019 Y105.49 E.04177
G1 X118.614 Y105.766 E.03202
G1 X119.363 Y106.285 E.04448
G1 X119.835 Y106.769 E.033
G1 X120.17 Y107.165 E.02532
G1 X120.472 Y107.647 E.02777
G1 X120.712 Y108.123 E.02602
G1 X120.905 Y108.643 E.02708
G1 X121.063 Y109.252 E.03071
G1 X121.143 Y109.881 E.03095
G1 X121.135 Y110.241 E.01758
G1 X121.122 Y110.896 E.03198
G1 X120.98 Y111.681 E.03894
G1 X120.802 Y112.254 E.02929
G1 X120.563 Y112.816 E.02981
G1 X120.26 Y113.331 E.02917
G1 X119.854 Y113.747 E.02838
G1 X119.384 Y114.167 E.03077
G1 X118.934 Y114.491 E.02707
G1 X118.479 Y114.763 E.02588
G1 X117.939 Y115.019 E.02917
G1 X117.43 Y115.207 E.02649
G1 X116.818 Y115.369 E.0309
G1 X116.202 Y115.468 E.03046
G1 X115.476 Y115.385 E.03567
G1 X114.918 Y115.261 E.0279
G1 X114.408 Y115.096 E.02617
G1 X113.93 Y114.892 E.02537
G1 X113.463 Y114.64 E.0259
G1 X113.015 Y114.341 E.02629
G1 X112.461 Y113.879 E.03521
G1 X111.983 Y113.341 E.03513
G1 X111.641 Y112.847 E.02933
G1 X111.395 Y112.404 E.02474
G1 X111.128 Y111.756 E.03421
G1 X110.983 Y111.208 E.02767
G1 X110.89 Y110.3 E.04456
G1 X110.949 Y109.643 E.0322
G1 X111.072 Y108.989 E.03249
G1 X111.301 Y108.384 E.03158
G1 X111.489 Y108.023 E.01987
G1 E-1.4 F3600
;WIPE_START
G1 F7200
G1 X111.531 Y107.943 E-.04292
G1 X111.564 Y107.88 E-.03378
G1 X111.844 Y107.437 E-.24893
G1 X112.188 Y106.973 E-.27437
;WIPE_END
G1 Z14.7 F9000
G1 X112.731 Y110.316
G1 Z12.7
G1 E2 F2400
;TYPE:Internal infill
;WIDTH:0.66
G1 F900
G1 X112.711 Y108.625 E.08677
G1 X112.419 Y108.569 E.01526
G1 X112.836 Y107.885 E.0411
G1 X113.457 Y107.223 E.04657
G1 X118.126 Y111.891 E.33876
G1 X118.328 Y111.51 E.02213
G1 X118.531 Y110.822 E.03681
G1 X118.582 Y110.367 E.02349
G1 X118.529 Y109.434 E.04795
G1 X118.358 Y108.673 E.04002
G1 X118.053 Y107.98 E.03885
G1 X117.552 Y107.321 E.04248
G1 X113.171 Y111.703 E.31794
G1 X113.682 Y112.425 E.04539
G1 X114.527 Y113.075 E.0547
G1 X115.238 Y113.388 E.03986
G1 X116.085 Y113.563 E.04438
G1 X116.18 Y113.53 E.00516
G1 X116.786 Y114.101 F9000
;TYPE:Solid infill
;WIDTH:0.956686
G1 F900
G1 X116.833 Y114.061 E.00469
;WIDTH:0.916772
G1 X116.881 Y114.02 E.00459
;WIDTH:0.876858
G1 X116.929 Y113.979 E.00438
;WIDTH:0.836943
G1 X116.973 Y113.924 E.00465
;WIDTH:0.791822
G1 X117.017 Y113.869 E.00439
;WIDTH:0.746701
G1 X117.061 Y113.815 E.00408
;WIDTH:0.701579
G1 X117.104 Y113.76 E.00382
;WIDTH:0.656458
G1 X117.148 Y113.705 E.00359
;WIDTH:0.611337
G1 X117.192 Y113.65 E.00333
;WIDTH:0.604685
G1 X117.498 Y113.447 E.01715
;WIDTH:0.643155
G1 X117.805 Y113.243 E.0184
;WIDTH:0.688788
G1 X118.105 Y112.95 E.02252
;WIDTH:0.734421
G1 X118.404 Y112.657 E.02407
;WIDTH:0.75987
G1 X118.604 Y112.376 E.02056
;WIDTH:0.785318
G1 X118.803 Y112.094 E.02131
;WIDTH:0.796807
G1 X119.009 Y111.624 E.03217
G1 X119.206 Y110.912 E.04631
;WIDTH:0.78633
G1 X119.259 Y110.366 E.03391
;WIDTH:0.779569
G1 X119.243 Y109.816 E.0337
;WIDTH:0.774407
G1 X119.166 Y109.355 E.02843
;WIDTH:0.74841
G1 X119.09 Y108.893 E.02747
;WIDTH:0.722412
G1 X118.933 Y108.433 E.02746
;WIDTH:0.673883
G1 X118.802 Y108.18 E.01495
;WIDTH:0.640462
G1 X118.67 Y107.927 E.01418
;WIDTH:0.607041
G1 X118.538 Y107.674 E.01339
;WIDTH:0.573619
G1 X118.126 Y107.113 E.03071
;WIDTH:0.546725
G1 X117.919 Y106.896 E.01256
G1 X117.584 Y106.611 E.01843
G1 X117.175 Y106.324 E.02093
G1 X117.661 Y106.451 E.02104
G1 X118.116 Y106.663 E.02103
G1 X118.719 Y107.085 E.03083
;WIDTH:0.589942
G1 X118.966 Y107.374 E.01729
;WIDTH:0.633159
G1 X119.212 Y107.663 E.01863
;WIDTH:0.675172
G1 X119.497 Y108.15 E.02966
;WIDTH:0.715036
G1 X119.714 Y108.637 E.0298
;WIDTH:0.740856
G1 X119.797 Y108.903 E.01617
;WIDTH:0.766675
G1 X119.88 Y109.169 E.01677
;WIDTH:0.787219
G1 X119.999 Y109.983 E.05091
;WIDTH:0.793729
G1 X119.975 Y110.811 E.05171
;WIDTH:0.800221
G1 X119.856 Y111.43 E.03969
G1 X119.55 Y112.277 E.05671
;WIDTH:0.792091
G1 X119.315 Y112.666 E.02831
;WIDTH:0.788376
G1 X119.121 Y112.884 E.01809
;WIDTH:0.761399
G1 X118.927 Y113.103 E.01748
;WIDTH:0.734421
G1 X118.548 Y113.437 E.02905
;WIDTH:0.689845
G1 X118.233 Y113.647 E.02036
;WIDTH:0.646627
G1 X117.919 Y113.858 E.01899
;WIDTH:0.611343
G1 X117.351 Y114.122 E.0296
;WIDTH:0.650619
G1 X117.287 Y114.12 E.00324
;WIDTH:0.689894
G1 X117.223 Y114.118 E.00344
;WIDTH:0.72917
G1 X117.158 Y114.115 E.00371
;WIDTH:0.768445
G1 X117.094 Y114.113 E.00386
;WIDTH:0.815506
G1 X117.017 Y114.11 E.00495
;WIDTH:0.862566
G1 X116.94 Y114.107 E.00525
;WIDTH:0.909626
G1 X116.863 Y114.104 E.00555
;WIDTH:0.956686
G1 X116.786 Y114.101 E.00585
G1 X116.539 Y114.18 E.0197
;WIDTH:0.916699
G1 X116.292 Y114.258 E.01882
;WIDTH:0.876712
G1 X116.082 Y114.272 E.01459
;WIDTH:0.86002
G1 X115.382 Y114.168 E.04808
;WIDTH:0.876526
G1 X114.599 Y113.898 E.05741
G1 X114.15 Y113.673 E.03481
;WIDTH:0.841478
G1 X113.518 Y113.234 E.0511
;WIDTH:0.842394
G1 X113.138 Y112.877 E.03466
;WIDTH:0.87524
G1 X112.79 Y112.448 E.03823
G1 X112.549 Y112.072 E.03091
;WIDTH:0.867188
G1 X112.301 Y111.524 E.04123
;WIDTH:0.874392
G1 X112.152 Y110.994 E.03806
G1 X112.096 Y110.644 E.02451
;WIDTH:0.834663
G1 X112.04 Y110.293 E.0234
;WIDTH:0.794934
G1 X112.049 Y109.947 E.02164
;WIDTH:0.749724
G1 X112.057 Y109.601 E.02034
;LAYER_CHANGE
;Z:12.9
;HEIGHT:0.2
;BEFORE_LAYER_CHANGE
G92 E0
;12.9


G1 E-1.4 F3600
;WIPE_START
G1 F7200
G1 X112.049 Y109.947 E-.16439
G1 X112.04 Y110.293 E-.16441
G1 X112.096 Y110.644 E-.16883
G1 X112.13 Y110.857 E-.10237
;WIPE_END
G1 Z12.9 F9000
;AFTER_LAYER_CHANGE
;12.9
G1 Z14.9
G1 X112.142 Y107.601
G1 Z12.9
G1 E2 F2400
;TYPE:Perimeter
;WIDTH:0.659999
G1 F900
G1 X112.415 Y107.293 E.02112
G1 X112.812 Y106.957 E.02669
G1 X113.297 Y106.596 E.03102
G1 X113.849 Y106.302 E.03209
G1 X114.419 Y106.065 E.03167
G1 X114.957 Y105.954 E.02819
G1 X115.479 Y105.887 E.027
G1 X116.084 Y105.899 E.03105
G1 X116.752 Y106.025 E.03488
G1 X117.237 Y106.177 E.02608
G1 X117.805 Y106.412 E.03154
G1 X118.302 Y106.677 E.0289
G1 X118.74 Y106.995 E.02777
G1 X119.29 Y107.557 E.04035
G1 X119.578 Y107.98 E.02626
G1 X119.833 Y108.468 E.02825
G1 X120.049 Y109.055 E.03209
G1 X120.161 Y109.63 E.03006
G1 X120.204 Y110.137 E.02611
G1 X120.19 Y110.647 E.02618
G1 X120.114 Y111.187 E.02798
G1 X119.923 Y111.91 E.03837
G1 X119.723 Y112.383 E.02635
G1 X119.471 Y112.845 E.027
G1 X119.166 Y113.288 E.0276
G1 X118.814 Y113.7 E.0278
G1 X118.306 Y114.168 E.03544
G1 X117.513 Y114.545 E.04505
G1 X117.034 Y114.689 E.02566
G1 X116.463 Y114.821 E.03007
G1 X115.837 Y114.894 E.03234
G1 X115.308 Y114.896 E.02714
G1 X114.798 Y114.85 E.02627
G1 X114.222 Y114.739 E.0301
G1 X113.728 Y114.484 E.02853
G1 X113.29 Y114.218 E.02629
G1 X112.78 Y113.818 E.03326
G1 X112.306 Y113.331 E.03487
G1 X111.908 Y112.782 E.03479
G1 X111.659 Y112.348 E.02567
G1 X111.457 Y111.888 E.02578
G1 X111.275 Y111.305 E.03134
G1 X111.158 Y110.514 E.04103
G1 X111.174 Y109.874 E.03285
G1 X111.266 Y109.283 E.03069
G1 X111.521 Y108.538 E.0404
G1 X111.913 Y107.86 E.04018
G1 X112.083 Y107.669 E.01312
G1 X111.69 Y107.204 F9000
;TYPE:External perimeter
;WIDTH:0.629999
G1 F900
G1 X111.992 Y106.861 E.02231
G1 X112.423 Y106.497 E.02754
G1 X112.981 Y106.082 E.03395
G1 X113.784 Y105.655 E.0444
G1 X114.254 Y105.484 E.02441
G1 X115.139 Y105.302 E.04411
G1 X115.866 Y105.285 E.0355
G1 X116.372 Y105.334 E.02482
G1 X116.9 Y105.441 E.0263
G1 X117.435 Y105.609 E.02737
G1 X118.068 Y105.87 E.03342
G1 X118.622 Y106.166 E.03066
G1 X119.135 Y106.538 E.03093
G1 X119.75 Y107.167 E.04294
G1 X120.163 Y107.789 E.03645
G1 X120.475 Y108.428 E.03471
G1 X120.673 Y109.078 E.03317
G1 X120.765 Y109.605 E.02612
G1 X120.805 Y110.122 E.02531
G1 X120.813 Y110.407 E.01392
G1 X120.77 Y110.955 E.02683
G1 X120.654 Y111.578 E.03093
G1 X120.49 Y112.115 E.02741
G1 X120.266 Y112.645 E.02809
G1 X119.984 Y113.161 E.02871
G1 X119.644 Y113.655 E.02927
G1 X119.249 Y114.119 E.02975
G1 X118.647 Y114.673 E.03994
G1 X117.73 Y115.108 E.04955
G1 X116.933 Y115.348 E.04063
G1 X116.354 Y115.452 E.02872
G1 X115.651 Y115.497 E.03439
G1 X115.074 Y115.479 E.02818
G1 X114.563 Y115.419 E.02512
G1 X114.007 Y115.306 E.0277
G1 X113.451 Y115.019 E.03054
G1 X113.014 Y114.758 E.02485
G1 X112.57 Y114.426 E.02706
G1 X112.038 Y113.919 E.03587
G1 X111.687 Y113.516 E.02609
G1 X111.363 Y113.047 E.02783
G1 X111.108 Y112.591 E.0255
G1 X110.896 Y112.106 E.02584
G1 X110.685 Y111.431 E.03452
G1 X110.597 Y110.834 E.02946
G1 X110.553 Y110.286 E.02684
G1 X110.59 Y109.624 E.03237
G1 X110.682 Y109.13 E.02453
G1 X110.971 Y108.288 E.04346
G1 X111.422 Y107.507 E.04403
G1 X111.63 Y107.271 E.01536
G1 X112.308 Y108.144 F9000
;TYPE:Solid infill
;WIDTH:0.72449
G1 F900
G1 X112.244 Y108.303 E.00971
;WIDTH:0.771576
G1 X112.179 Y108.462 E.01041
;WIDTH:0.818662
G1 X112.114 Y108.62 E.01102
;WIDTH:0.865748
G1 X112.05 Y108.779 E.01173
;WIDTH:0.915474
G1 X111.96 Y109.117 E.02538
G1 E-1.4 F3600
;WIPE_START
G1 F7200
G1 X112.05 Y108.779 E-.16614
G1 X112.114 Y108.62 E-.08141
G1 X112.179 Y108.462 E-.08115
G1 X112.244 Y108.303 E-.08159
G1 X112.308 Y108.144 E-.08141
;WIPE_END
G1 E-.1083 F3600
G1 Z14.9 F9000
G1 X118.413 Y107.383
G1 Z12.9
G1 E2 F2400
;WIDTH:0.767258
G1 F900
G1 X118.623 Y107.632 E.01962
G1 X118.895 Y107.889 E.02254
;WIDTH:0.734618
G1 X119.295 Y108.495 E.04176
;WIDTH:0.713224
G1 X119.564 Y109.191 E.04159
G1 X119.69 Y109.914 E.0409
;WIDTH:0.718417
G1 X119.687 Y110.188 E.01539
;WIDTH:0.744528
G1 X119.665 Y110.502 E.01836
;WIDTH:0.770639
G1 X119.644 Y110.816 E.01904
;WIDTH:0.787293
G1 X119.535 Y111.325 E.03222
G1 X119.344 Y111.86 E.03516
;WIDTH:0.793176
G1 X119.018 Y112.544 E.04727
G1 X118.737 Y112.959 E.03127
;WIDTH:0.795059
G1 X118.406 Y113.339 E.03152
G1 X117.949 Y113.739 E.03798
;WIDTH:0.79106
G1 X117.587 Y113.924 E.02529
;WIDTH:0.751205
G1 X117.226 Y114.108 E.02386
;WIDTH:0.711349
G1 X116.698 Y114.291 E.03106
;WIDTH:0.666538
G1 X116.201 Y114.404 E.02643
;WIDTH:0.617698
G1 X115.812 Y114.44 E.01867
;WIDTH:0.578099
G1 X115.423 Y114.477 E.01739
;WIDTH:0.559617
G1 X114.895 Y114.41 E.02287
;WIDTH:0.592868
G1 X114.613 Y114.345 E.01323
;WIDTH:0.626119
G1 X114.331 Y114.28 E.01403
G1 X113.755 Y113.978 E.03154
G1 X113.069 Y113.461 E.04166
;WIDTH:0.627086
G1 X112.645 Y113.016 E.02986
G1 X112.145 Y112.291 E.04278
;WIDTH:0.624126
G1 X111.884 Y111.713 E.03065
;WIDTH:0.629885
G1 X111.723 Y111.19 E.02671
G1 X111.603 Y110.425 E.03779
;WIDTH:0.594926
G1 X111.626 Y109.651 E.03554
;WIDTH:0.598114
G1 X111.668 Y109.584 E.00365
;WIDTH:0.643452
G1 X111.71 Y109.517 E.00395
;WIDTH:0.688789
G1 X111.751 Y109.451 E.00417
;WIDTH:0.734126
G1 X111.793 Y109.384 E.00454
;WIDTH:0.779463
G1 X111.835 Y109.317 E.00484
;WIDTH:0.8248
G1 X111.877 Y109.251 E.00509
;WIDTH:0.870137
G1 X111.918 Y109.184 E.0054
;WIDTH:0.915474
G1 X111.96 Y109.117 E.00574
G1 X111.981 Y109.19 E.00551
;WIDTH:0.870137
G1 X112.003 Y109.263 E.00524
;WIDTH:0.8248
G1 X112.024 Y109.336 E.00494
;WIDTH:0.779463
G1 X112.046 Y109.409 E.00467
;WIDTH:0.734126
G1 X112.067 Y109.482 E.00437
;WIDTH:0.688789
G1 X112.089 Y109.555 E.00409
;WIDTH:0.643452
G1 X112.11 Y109.628 E.00379
;WIDTH:0.598114
G1 X112.132 Y109.701 E.00352
;WIDTH:0.559962
G1 X112.127 Y109.787 E.0037
;WIDTH:0.599195
G1 X112.157 Y110.438 E.03014
;WIDTH:0.616461
G1 X112.411 Y111.487 E.05147
G1 X112.744 Y112.172 E.03632
;WIDTH:0.627086
G1 X113.116 Y112.672 E.03027
G1 X113.583 Y113.141 E.03215
;WIDTH:0.615087
G1 X114.263 Y113.607 E.03922
G1 X114.649 Y113.762 E.01979
;WIDTH:0.587352
G1 X115.035 Y113.917 E.01883
;WIDTH:0.559617
G1 X115.456 Y113.976 E.01826
;WIDTH:0.581049
G1 X115.785 Y113.908 E.01503
;WIDTH:0.617698
G1 X116.115 Y113.839 E.01611
;WIDTH:0.666538
G1 X116.472 Y113.712 E.01965
;WIDTH:0.695898
G1 X116.758 Y113.585 E.01699
;WIDTH:0.725258
G1 X117.044 Y113.458 E.01775
;WIDTH:0.75512
G1 X117.377 Y113.218 E.02431
;WIDTH:0.784982
G1 X117.711 Y112.979 E.02534
;WIDTH:0.788941
G1 X118.103 Y112.554 E.03587
;WIDTH:0.793176
G1 X118.355 Y112.194 E.02741
G1 X118.688 Y111.513 E.04729
;WIDTH:0.779241
G1 X118.924 Y110.705 E.05154
;WIDTH:0.770639
G1 X118.974 Y110.333 E.02271
;WIDTH:0.741932
G1 X119.025 Y109.962 E.02177
;WIDTH:0.713224
G1 X119.041 Y109.203 E.04231
G1 X118.9 Y108.407 E.04506
;WIDTH:0.747003
G1 X118.727 Y107.923 E.03009
G1 E-1.4 F3600
;WIPE_START
G1 F7200
G1 X118.9 Y108.407 E-.24414
G1 X119.03 Y109.145 E-.35586
;WIPE_END
G1 Z14.9 F9000
G1 X116.163 Y113.184
G1 Z12.9
G1 E2 F2400
;TYPE:Internal infill
;WIDTH:0.66
G1 F900
G1 X115.37 Y113.423 E.0425
G1 X114.527 Y113.075 E.0468
G1 X113.682 Y112.425 E.0547
G1 X113.171 Y111.703 E.04539
G1 X117.566 Y107.307 E.31895
G1 X118.073 Y108.027 E.04518
G1 X118.291 Y108.617 E.03227
G1 X118.402 Y109.28 E.03449
G1 X118.38 Y110.009 E.03742
G1 X118.236 Y110.715 E.03697
G1 X118.049 Y111.29 E.03102
G1 X117.872 Y111.637 E.01999
G1 X113.364 Y107.13 E.32708
G1 X112.923 Y107.485 E.02905
G1 X113.172 Y107.636 E.01494
G1 X112.852 Y108.473 E.04598
G1 X112.703 Y109.16 E.03607
G1 X112.69 Y109.957 E.0409
G1 X112.752 Y110.399 E.0229
;LAYER_CHANGE
;Z:13.1
;HEIGHT:0.200001
;BEFORE_LAYER_CHANGE
G92 E0
;13.1


G1 E-1.4 F3600
;WIPE_START
G1 F7200
G1 X112.69 Y109.957 E-.21201
G1 X112.703 Y109.16 E-.37863
G1 X112.707 Y109.141 E-.00936
;WIPE_END
G1 Z13.1 F9000
;AFTER_LAYER_CHANGE
;13.1
G1 Z15.1
G1 X112.681 Y114.093
G1 Z13.1
G1 E2 F2400
;TYPE:Perimeter
;WIDTH:0.659999
G1 F900
G1 X112.35 Y113.88 E.0202
G1 X111.966 Y113.451 E.02954
G1 X111.655 Y113.023 E.02715
G1 X111.387 Y112.567 E.02714
G1 X111.171 Y112.095 E.02663
G1 X110.988 Y111.529 E.03052
G1 X110.869 Y110.994 E.02812
G1 X110.81 Y110.349 E.03323
G1 X110.852 Y109.679 E.03445
G1 X110.98 Y109.023 E.03429
G1 X111.201 Y108.424 E.03276
G1 X111.533 Y107.824 E.03518
G1 X111.858 Y107.377 E.02836
G1 X112.425 Y106.843 E.03996
G1 X113.082 Y106.429 E.03985
G1 X113.898 Y106.115 E.04486
G1 X114.504 Y105.954 E.03217
G1 X115.021 Y105.881 E.02679
G1 X115.876 Y105.896 E.04388
G1 X116.665 Y106.066 E.04141
G1 X117.158 Y106.259 E.02717
G1 X117.635 Y106.541 E.02843
G1 X118.134 Y106.886 E.03113
G1 X118.62 Y107.322 E.0335
G1 X118.997 Y107.738 E.02881
G1 X119.42 Y108.389 E.03984
G1 X119.708 Y109.114 E.04003
G1 X119.852 Y109.893 E.04065
G1 X119.85 Y110.275 E.0196
G1 X119.848 Y110.723 E.02299
G1 X119.739 Y111.32 E.03114
G1 X119.572 Y111.856 E.02881
G1 X119.296 Y112.464 E.03426
G1 X118.792 Y113.208 E.04611
G1 X118.314 Y113.716 E.03579
G1 X117.917 Y114.047 E.02652
G1 X117.472 Y114.347 E.02754
G1 X116.993 Y114.603 E.02787
G1 X116.412 Y114.832 E.03204
G1 X116.057 Y114.879 E.01837
G1 X115.519 Y114.89 E.02761
G1 X114.939 Y114.861 E.0298
G1 X114.337 Y114.767 E.03126
G1 X113.819 Y114.625 E.02756
G1 X113.334 Y114.441 E.02662
G1 X112.79 Y114.164 E.03132
G1 X112.757 Y114.142 E.00204
G1 X112.459 Y114.665 F9000
;TYPE:External perimeter
;WIDTH:0.629999
G1 F900
G1 X112.42 Y114.644 E.00216
G1 X111.944 Y114.328 E.02789
G1 X111.583 Y113.939 E.02591
G1 X111.253 Y113.513 E.02631
G1 X110.951 Y113.037 E.02752
G1 X110.707 Y112.558 E.02624
G1 X110.512 Y112.065 E.02588
G1 X110.318 Y111.361 E.03565
G1 X110.224 Y110.624 E.03627
G1 X110.216 Y110.091 E.02602
G1 X110.284 Y109.371 E.0353
G1 X110.399 Y108.861 E.02552
G1 X110.652 Y108.176 E.03565
G1 X111.018 Y107.511 E.03705
G1 X111.413 Y106.97 E.0327
G1 X112.054 Y106.364 E.04306
G1 X112.804 Y105.893 E.04323
G1 X113.393 Y105.646 E.03118
G1 X113.899 Y105.481 E.02598
G1 X114.391 Y105.362 E.02471
G1 X114.984 Y105.278 E.02924
G1 X115.945 Y105.295 E.04692
G1 X116.839 Y105.487 E.04464
G1 X117.422 Y105.716 E.03058
G1 X118.239 Y106.2 E.04636
G1 X118.668 Y106.541 E.02675
G1 X119.049 Y106.9 E.02555
G1 X119.475 Y107.37 E.03097
G1 X119.957 Y108.111 E.04315
G1 X120.289 Y108.947 E.04391
G1 X120.454 Y109.84 E.04433
G1 X120.452 Y110.278 E.02138
G1 X120.449 Y110.77 E.02402
G1 X120.373 Y111.269 E.02464
G1 X120.243 Y111.777 E.0256
G1 X120.057 Y112.28 E.02618
G1 X119.818 Y112.767 E.02648
G1 X119.263 Y113.586 E.0483
G1 X118.727 Y114.155 E.03816
G1 X118.279 Y114.529 E.02849
G1 X117.783 Y114.863 E.02919
G1 X117.246 Y115.15 E.02972
G1 X116.564 Y115.42 E.03581
G1 X116.102 Y115.48 E.02274
G1 X115.532 Y115.492 E.02783
G1 X114.931 Y115.465 E.02937
G1 X114.417 Y115.394 E.02533
G1 X113.852 Y115.258 E.02837
G1 X113.368 Y115.098 E.02488
G1 X112.878 Y114.889 E.026
G1 X112.538 Y114.707 E.01883
G1 E-1.4 F3600
;WIPE_START
G1 F7200
G1 X112.459 Y114.665 E-.0425
G1 X112.42 Y114.644 E-.02104
G1 X111.944 Y114.328 E-.27139
G1 X111.583 Y113.939 E-.25208
G1 X111.566 Y113.917 E-.01299
;WIPE_END
G1 Z15.1 F9000
G1 X116.055 Y112.86
G1 Z13.1
G1 E2 F2400
;TYPE:Internal infill
;WIDTH:0.66
G1 F900
G1 X115.237 Y113.104 E.0438
G1 X114.477 Y113.157 E.03909
G1 X113.937 Y113.097 E.02788
G1 X113.25 Y112.444 E.04863
G1 X112.92 Y111.954 E.03031
G1 X117.715 Y107.159 E.34794
G1 X118.29 Y107.666 E.03933
G1 X117.995 Y107.815 E.01696
G1 X118.291 Y108.617 E.04386
G1 X118.386 Y109.302 E.03548
G1 X118.197 Y110.399 E.05712
G1 X117.915 Y111.042 E.03603
G1 X117.668 Y111.433 E.02373
G1 X113.563 Y107.328 E.29787
G1 X113.969 Y106.852 E.0321
G1 X113.793 Y106.649 E.01379
G1 X114.193 Y106.518 E.0216
G1 X115.05 Y106.357 E.04474
G1 X115.821 Y106.371 E.03957
G1 X116.546 Y106.53 E.03808
G1 E-1.4 F3600
;WIPE_START
G1 F7200
G1 X115.821 Y106.371 E-.35256
G1 X115.3 Y106.362 E-.24744
;WIPE_END
G1 Z15.1 F9000
G1 X111.292 Y110.33
G1 Z13.1
G1 E2 F2400
;TYPE:Solid infill
;WIDTH:0.611034
G1 F900
G1 X111.299 Y110.677 E.0164
;WIDTH:0.627542
G1 X111.364 Y111.166 E.02398
G1 X111.514 Y111.713 E.02757
;WIDTH:0.626266
G1 X111.821 Y112.387 E.03592
;WIDTH:0.62999
G1 X112.111 Y112.878 E.02784
G1 X112.631 Y113.502 E.03965
;WIDTH:0.62775
G1 X112.845 Y113.66 E.01294
;WIDTH:0.602705
G1 X113.059 Y113.817 E.01235
;WIDTH:0.57766
G1 X113.499 Y114.058 E.02231
;WIDTH:0.578035
G1 X113.966 Y114.214 E.02191
;WIDTH:0.622189
G1 X114.386 Y114.29 E.02056
;WIDTH:0.666343
G1 X114.807 Y114.365 E.02217
;WIDTH:0.701366
G1 X115.324 Y114.396 E.02836
;WIDTH:0.744118
G1 X115.774 Y114.351 E.02637
;WIDTH:0.78687
G1 X116.224 Y114.305 E.02798
;WIDTH:0.791669
G1 X116.745 Y114.119 E.03444
;WIDTH:0.800872
G1 X117.19 Y113.879 E.03186
G1 X117.606 Y113.6 E.03157
;WIDTH:0.794756
G1 X118.266 Y112.981 E.05657
;WIDTH:0.787394
G1 X118.756 Y112.318 E.05103
;WIDTH:0.767897
G1 X119.077 Y111.686 E.04273
;WIDTH:0.72521
G1 X119.19 Y111.412 E.01681
;WIDTH:0.720443
G1 X119.269 Y111.109 E.01764
;WIDTH:0.687519
G1 X119.349 Y110.806 E.0168
;WIDTH:0.654594
G1 X119.382 Y109.957 E.04321
;WIDTH:0.648161
G1 X119.257 Y109.257 E.03579
G1 X119.004 Y108.613 E.03482
G1 X118.872 Y108.42 E.01177
G1 X118.986 Y109.074 E.03341
G1 X118.975 Y109.671 E.03005
G1 X118.785 Y110.564 E.04595
;WIDTH:0.684302
G1 X118.666 Y110.885 E.01826
;WIDTH:0.720443
G1 X118.548 Y111.207 E.01932
;WIDTH:0.767798
G1 X118.206 Y111.838 E.04326
;WIDTH:0.789042
G1 X117.782 Y112.407 E.04402
;WIDTH:0.799391
G1 X117.164 Y112.994 E.05361
;WIDTH:0.794756
G1 X116.544 Y113.384 E.04579
;WIDTH:0.790048
G1 X116.108 Y113.574 E.02955
;WIDTH:0.78687
G1 X115.741 Y113.652 E.02321
;WIDTH:0.747795
G1 X115.375 Y113.73 E.02193
;WIDTH:0.708719
G1 X114.856 Y113.751 E.02876
;WIDTH:0.666343
G1 X114.646 Y113.746 E.01089
;WIDTH:0.633229
G1 X114.435 Y113.742 E.01036
;WIDTH:0.600115
G1 X114.123 Y113.693 E.01463
;WIDTH:0.573476
G1 X113.811 Y113.644 E.01393
;WIDTH:0.57766
G1 X113.391 Y113.402 E.02155
;WIDTH:0.613443
G1 X112.816 Y112.85 E.03781
G1 X112.358 Y112.183 E.03838
;WIDTH:0.626266
G1 X112.064 Y111.521 E.03513
;WIDTH:0.627542
G1 X111.933 Y111.03 E.0247
G1 X111.85 Y110.329 E.03431
;WIDTH:0.623813
G1 X111.895 Y109.633 E.03369
;WIDTH:0.616412
G1 X112.009 Y109.067 E.02753
;WIDTH:0.58627
G1 X112.16 Y108.613 E.02162
;WIDTH:0.61434
G1 X112.152 Y108.56 E.00255
;WIDTH:0.661186
G1 X112.144 Y108.508 E.0027
;WIDTH:0.708032
G1 X112.136 Y108.455 E.00296
;WIDTH:0.754878
G1 X112.128 Y108.402 E.00317
;WIDTH:0.801724
G1 X112.121 Y108.35 E.00331
;WIDTH:0.84857
G1 X112.113 Y108.297 E.00359
;WIDTH:0.895416
G1 X112.105 Y108.245 E.00373
;WIDTH:0.942262
G1 X112.097 Y108.192 E.00401
;WIDTH:0.989108
G1 X112.089 Y108.139 E.00422
G1 X112.043 Y108.171 E.00441
;WIDTH:0.942262
G1 X111.996 Y108.203 E.00425
;WIDTH:0.895416
G1 X111.95 Y108.235 E.00397
;WIDTH:0.84857
G1 X111.903 Y108.267 E.00381
;WIDTH:0.801724
G1 X111.857 Y108.298 E.0035
;WIDTH:0.754878
G1 X111.81 Y108.33 E.00337
;WIDTH:0.708032
G1 X111.764 Y108.362 E.0031
;WIDTH:0.661186
G1 X111.717 Y108.394 E.00292
;WIDTH:0.61434
G1 X111.671 Y108.426 E.00266
;WIDTH:0.585139
G1 X111.492 Y108.897 E.02272
;WIDTH:0.609406
G1 X111.355 Y109.436 E.0262
;WIDTH:0.610901
G1 X111.287 Y110.021 E.02781
G1 E-1.4 F3600
;WIPE_START
G1 F7200
G1 X111.355 Y109.436 E-.27975
G1 X111.492 Y108.897 E-.26417
G1 X111.534 Y108.787 E-.05608
;WIPE_END
G1 Z15.1 F9000
G1 X112.089 Y108.139
G1 Z13.1
G1 E2 F2400
;WIDTH:0.989108
G1 F900
G1 X112.199 Y107.965 E.0162
;WIDTH:0.959786
G1 X112.31 Y107.791 E.01573
;WIDTH:0.930464
G1 X112.419 Y107.658 E.01269
;WIDTH:0.887337
G1 X112.528 Y107.525 E.01207
;WIDTH:0.844209
G1 X112.638 Y107.392 E.0115
;WIDTH:0.801082
G1 X112.747 Y107.259 E.01084
;LAYER_CHANGE
;Z:13.3
;HEIGHT:0.2
;BEFORE_LAYER_CHANGE
G92 E0
;13.3


G1 E-1.4 F3600
;WIPE_START
G1 F7200
G1 X112.638 Y107.392 E-.08168
G1 X112.528 Y107.525 E-.08198
G1 X112.419 Y107.658 E-.08168
G1 X112.31 Y107.791 E-.08168
G1 X112.199 Y107.965 E-.09804
G1 X112.089 Y108.139 E-.09778
;WIPE_END
G1 E-.07716 F3600
G1 Z13.3 F9000
;AFTER_LAYER_CHANGE
;13.3
G1 Z15.3
G1 X114.149 Y105.773
G1 Z13.3
G1 E2 F2400
;TYPE:Perimeter
;WIDTH:0.659999
G1 F900
G1 X114.355 Y105.737 E.01073
G1 X115.028 Y105.744 E.03453
G1 X115.566 Y105.776 E.02765
G1 X116.201 Y105.896 E.03316
G1 X116.697 Y106.059 E.02679
G1 X117.301 Y106.369 E.03483
G1 X117.831 Y106.74 E.0332
G1 X118.221 Y107.143 E.02878
G1 X118.617 Y107.621 E.03185
G1 X118.904 Y108.089 E.02817
G1 X119.191 Y108.691 E.03422
G1 X119.371 Y109.166 E.02606
G1 X119.483 Y109.675 E.02674
G1 X119.499 Y109.976 E.01547
G1 X119.523 Y110.472 E.02548
G1 X119.452 Y111.061 E.03044
G1 X119.265 Y111.703 E.03431
G1 X119.018 Y112.261 E.03131
G1 X118.536 Y112.983 E.04454
G1 X118.036 Y113.499 E.03687
G1 X117.641 Y113.818 E.02605
G1 X117.047 Y114.193 E.03604
G1 X116.19 Y114.549 E.04762
G1 X115.696 Y114.678 E.0262
G1 X115.114 Y114.756 E.03013
G1 X114.455 Y114.785 E.03385
G1 X114.158 Y114.724 E.01556
G1 X113.616 Y114.554 E.02915
G1 X113.118 Y114.341 E.02779
G1 X112.668 Y114.083 E.02662
G1 X112.181 Y113.76 E.02998
G1 X111.692 Y113.35 E.03274
G1 X111.339 Y112.978 E.02631
G1 X110.978 Y112.506 E.03049
G1 X110.772 Y111.977 E.02913
G1 X110.621 Y111.497 E.02582
G1 X110.502 Y110.859 E.0333
G1 X110.48 Y110.347 E.0263
G1 X110.503 Y109.688 E.03383
G1 X110.599 Y109.195 E.02577
G1 X110.736 Y108.676 E.02754
G1 X110.981 Y108.081 E.03302
G1 X111.282 Y107.604 E.02894
G1 X111.605 Y107.157 E.0283
G1 X112.036 Y106.716 E.03164
G1 X112.572 Y106.326 E.03401
G1 X113.07 Y106.057 E.02904
G1 X113.605 Y105.867 E.02913
G1 X114.06 Y105.788 E.0237
G1 X114.075 Y105.174 F9000
;TYPE:External perimeter
;WIDTH:0.629999
G1 F900
G1 X114.306 Y105.134 E.01144
G1 X115.372 Y105.146 E.05204
G1 X116.11 Y105.261 E.03646
G1 X116.701 Y105.427 E.02997
G1 X117.325 Y105.683 E.03292
G1 X117.798 Y105.962 E.02681
G1 X118.231 Y106.287 E.02643
G1 X118.903 Y106.982 E.04719
G1 X119.251 Y107.475 E.02946
G1 X119.535 Y107.987 E.02858
G1 X119.741 Y108.445 E.02452
G1 X119.951 Y109 E.02897
G1 X120.082 Y109.594 E.02969
G1 X120.1 Y109.946 E.01721
G1 X120.127 Y110.493 E.02673
G1 X120.077 Y110.907 E.02036
G1 X119.981 Y111.428 E.02586
G1 X119.76 Y112.106 E.03481
G1 X119.542 Y112.56 E.02458
G1 X119.013 Y113.353 E.04653
G1 X118.66 Y113.746 E.02579
G1 X118.255 Y114.114 E.02671
G1 X117.805 Y114.445 E.02727
G1 X117.317 Y114.733 E.02766
G1 X116.382 Y115.121 E.04942
G1 X115.812 Y115.269 E.02875
G1 X114.998 Y115.38 E.0401
G1 X114.397 Y115.388 E.02934
G1 X114.007 Y115.307 E.01944
G1 X113.407 Y115.12 E.03068
G1 X112.849 Y114.881 E.02963
G1 X112.122 Y114.464 E.04091
G1 X111.656 Y114.121 E.02825
G1 X111.274 Y113.784 E.02487
G1 X110.88 Y113.369 E.02793
G1 X110.448 Y112.804 E.03472
G1 X110.115 Y111.949 E.04479
G1 X109.986 Y111.445 E.0254
G1 X109.902 Y110.92 E.02595
G1 X109.867 Y110.121 E.03904
G1 X109.905 Y109.608 E.02511
G1 X110.063 Y108.796 E.04038
G1 X110.233 Y108.279 E.02657
G1 X110.449 Y107.796 E.02583
G1 X110.956 Y106.991 E.04644
G1 X111.434 Y106.46 E.03488
G1 X111.822 Y106.119 E.02522
G1 X112.249 Y105.818 E.0255
G1 X112.833 Y105.502 E.03241
G1 X113.451 Y105.282 E.03202
G1 X113.987 Y105.19 E.02655
G1 X113.734 Y106.361 F9000
;TYPE:Solid infill
;WIDTH:0.768942
G1 F900
G1 X113.585 Y106.436 E.01007
;WIDTH:0.809411
G1 X113.435 Y106.512 E.01072
;WIDTH:0.84988
G1 X113.285 Y106.587 E.01125
;WIDTH:0.885123
G1 X113.17 Y106.671 E.00997
;WIDTH:0.920366
G1 X113.056 Y106.754 E.01029
;WIDTH:0.955608
G1 X112.941 Y106.838 E.01081
G1 X112.914 Y106.897 E.00492
;WIDTH:0.91076
G1 X112.886 Y106.957 E.00478
;WIDTH:0.865911
G1 X112.858 Y107.016 E.00447
;WIDTH:0.821063
G1 X112.83 Y107.075 E.00423
;WIDTH:0.776214
G1 X112.803 Y107.135 E.00401
;WIDTH:0.731366
G1 X112.775 Y107.194 E.00374
;WIDTH:0.686517
G1 X112.747 Y107.253 E.00349
;WIDTH:0.641668
G1 X112.719 Y107.313 E.0033
;WIDTH:0.59682
G1 X112.691 Y107.372 E.00301
;WIDTH:0.577459
G1 X112.394 Y107.784 E.02257
;WIDTH:0.602947
G1 X112.097 Y108.196 E.02365
;WIDTH:0.612866
G1 X111.852 Y108.659 E.02482
;WIDTH:0.61923
G1 X111.645 Y109.217 E.02852
;WIDTH:0.629341
G1 X111.542 Y109.813 E.02949
G1 X111.508 Y110.337 E.0256
;WIDTH:0.617269
G1 X111.589 Y111.085 E.03593
;WIDTH:0.629269
G1 X111.855 Y111.945 E.04389
;WIDTH:0.612499
G1 X112.108 Y112.379 E.02379
;WIDTH:0.583671
G1 X112.347 Y112.696 E.01785
;WIDTH:0.578246
G1 X112.648 Y112.881 E.01573
;WIDTH:0.616928
G1 X112.948 Y113.066 E.01682
;WIDTH:0.650231
G1 X113.264 Y113.19 E.01714
;WIDTH:0.683534
G1 X113.58 Y113.314 E.01808
;WIDTH:0.732639
G1 X113.945 Y113.403 E.02155
;WIDTH:0.772586
G1 X114.479 Y113.489 E.03282
;WIDTH:0.786982
G1 X114.958 Y113.483 E.02964
;WIDTH:0.792054
G1 X115.461 Y113.407 E.03169
G1 X115.904 Y113.282 E.02867
;WIDTH:0.785036
G1 X116.615 Y112.955 E.04829
;WIDTH:0.779667
G1 X117.138 Y112.618 E.03811
;WIDTH:0.764944
G1 X117.651 Y112.175 E.04069
;WIDTH:0.731263
G1 X117.869 Y111.923 E.01907
;WIDTH:0.699311
G1 X118.087 Y111.671 E.01819
;WIDTH:0.667358
G1 X118.405 Y111.272 E.02649
;WIDTH:0.716138
G1 X118.506 Y111.129 E.0098
;WIDTH:0.764917
G1 X118.606 Y110.986 E.01048
;WIDTH:0.813696
G1 X118.707 Y110.843 E.01122
;WIDTH:0.862475
G1 X118.807 Y110.7 E.01189
;WIDTH:0.911254
G1 X118.908 Y110.557 E.01264
G1 X118.915 Y110.66 E.00745
;WIDTH:0.872015
G1 X118.921 Y110.763 E.00711
;WIDTH:0.832776
G1 X118.928 Y110.866 E.00678
;WIDTH:0.793537
G1 X118.935 Y110.969 E.00644
;WIDTH:0.754297
G1 X118.868 Y111.262 E.01778
;WIDTH:0.710828
G1 X118.801 Y111.555 E.01669
;WIDTH:0.667358
G1 X118.588 Y112.042 E.0276
;WIDTH:0.699311
G1 X118.351 Y112.363 E.02178
;WIDTH:0.731263
G1 X118.113 Y112.685 E.02292
;WIDTH:0.771521
G1 X117.494 Y113.262 E.05127
;WIDTH:0.79408
G1 X116.762 Y113.724 E.05406
G1 X116.099 Y114.003 E.04493
;WIDTH:0.792054
G1 X115.569 Y114.149 E.03424
G1 X115.065 Y114.219 E.0317
;WIDTH:0.788307
G1 X114.572 Y114.244 E.03059
G1 X114.337 Y114.203 E.01479
;WIDTH:0.772586
G1 X113.788 Y114.071 E.03426
;WIDTH:0.732639
G1 X113.319 Y113.895 E.02873
;WIDTH:0.683534
G1 X112.916 Y113.676 E.02443
;WIDTH:0.637179
G1 X112.513 Y113.458 E.02264
;WIDTH:0.590823
G1 X112.269 Y113.263 E.01423
;WIDTH:0.563557
G1 X112.024 Y113.067 E.01358
;WIDTH:0.583671
G1 X111.656 Y112.673 E.02424
;WIDTH:0.612499
G1 X111.325 Y112.152 E.02923
;WIDTH:0.629269
G1 X111.139 Y111.653 E.02596
G1 X111.05 Y111.285 E.01846
;WIDTH:0.629533
G1 X110.959 Y110.782 E.02493
G1 X110.931 Y110.12 E.03232
;WIDTH:0.626757
G1 X111.008 Y109.461 E.03221
;WIDTH:0.615106
G1 X111.128 Y108.958 E.0246
;WIDTH:0.619428
G1 X111.402 Y108.266 E.03568
G1 X111.82 Y107.6 E.03769
;WIDTH:0.607318
G1 X112.058 Y107.327 E.017
;WIDTH:0.579645
G1 X112.296 Y107.054 E.01616
;WIDTH:0.593269
G1 X112.378 Y107.018 E.0041
;WIDTH:0.634567
G1 X112.459 Y106.983 E.00434
;WIDTH:0.676051
G1 X112.521 Y106.964 E.00341
;WIDTH:0.717534
G1 X112.584 Y106.945 E.00369
;WIDTH:0.759018
G1 X112.646 Y106.927 E.00384
G1 E-1.4 F3600
;WIPE_START
G1 F7200
G1 X112.584 Y106.945 E-.03067
G1 X112.521 Y106.964 E-.03126
G1 X112.459 Y106.983 E-.0308
G1 X112.378 Y107.018 E-.04191
G1 X112.296 Y107.054 E-.04254
G1 X112.058 Y107.327 E-.17203
G1 X111.82 Y107.6 E-.17203
G1 X111.732 Y107.74 E-.07876
;WIPE_END
G1 Z15.3 F9000
G1 X112.132 Y110.583
G1 Z13.3
G1 E2 F2400
;TYPE:Internal infill
;WIDTH:0.66
G1 F900
G1 X112.102 Y110.293 E.01496
G1 X112.164 Y109.606 E.03539
G1 X112.404 Y108.878 E.03933
G1 X112.942 Y107.96 E.0546
G1 X113.549 Y107.314 E.04548
G1 X117.565 Y111.331 E.29145
G1 X117.871 Y110.957 E.02479
G1 X118.231 Y110.242 E.04107
G1 X118.366 Y109.63 E.03216
G1 X118.419 Y108.774 E.04401
G1 X118.698 Y108.752 E.01436
G1 X118.337 Y108.048 E.04059
G1 X118.071 Y107.671 E.02367
G1 X117.644 Y107.23 E.0315
G1 X112.665 Y112.208 E.36126
G1 X112.754 Y112.315 E.00714
G1 X113.451 Y112.629 E.03922
G1 X114.537 Y112.819 E.05657
G1 X115.379 Y112.73 E.04344
G1 X116.16 Y112.422 E.04308
;LAYER_CHANGE
;Z:13.5
;HEIGHT:0.2
;BEFORE_LAYER_CHANGE
G92 E0
;13.5


G1 E-1.4 F3600
;WIPE_START
G1 F7200
G1 X115.379 Y112.73 E-.39878
G1 X114.958 Y112.774 E-.20122
;WIPE_END
G1 Z13.5 F9000
;AFTER_LAYER_CHANGE
;13.5
G1 Z15.5
G1 X116.995 Y113.826
G1 Z13.5
G1 E2 F2400
;TYPE:Perimeter
;WIDTH:0.659999
G1 F900
G1 X116.923 Y113.872 E.00438
G1 X116.339 Y114.119 E.03254
G1 X115.649 Y114.338 E.03714
G1 X114.945 Y114.436 E.03647
G1 X114.433 Y114.445 E.02627
G1 X113.902 Y114.4 E.02734
G1 X113.381 Y114.302 E.0272
G1 X112.572 Y114.033 E.04374
G1 X112.13 Y113.727 E.02758
G1 X111.615 Y113.271 E.03529
G1 X111.147 Y112.717 E.03721
G1 X110.756 Y112.171 E.03446
G1 X110.507 Y111.705 E.02711
G1 X110.313 Y111.24 E.02585
G1 X110.148 Y110.686 E.02966
G1 X110.134 Y110.304 E.01961
G1 X110.161 Y109.667 E.03271
G1 X110.26 Y109.09 E.03004
G1 X110.546 Y108.207 E.04762
G1 X110.909 Y107.525 E.03964
G1 X111.208 Y107.1 E.02666
G1 X111.639 Y106.618 E.03318
G1 X112.122 Y106.235 E.03163
G1 X112.537 Y105.952 E.02577
G1 X113.092 Y105.678 E.03176
G1 X113.728 Y105.487 E.03407
G1 X114.292 Y105.398 E.0293
G1 X114.824 Y105.395 E.0273
G1 X115.432 Y105.479 E.03149
G1 X115.992 Y105.649 E.03003
G1 X116.592 Y105.892 E.03322
G1 X117.07 Y106.15 E.02787
G1 X117.766 Y106.667 E.04449
G1 X118.089 Y106.993 E.02355
G1 X118.465 Y107.501 E.03243
G1 X118.787 Y108.147 E.03704
G1 X118.995 Y108.704 E.03051
G1 X119.129 Y109.351 E.0339
G1 X119.18 Y110.017 E.03427
G1 X119.187 Y110.395 E.0194
G1 X119.126 Y110.942 E.02824
G1 X118.949 Y111.544 E.0322
G1 X118.739 Y112.059 E.02854
G1 X118.285 Y112.751 E.04247
G1 X117.884 Y113.176 E.02998
G1 X117.466 Y113.524 E.02791
G1 X117.071 Y113.777 E.02407
G1 X117.357 Y114.314 F9000
;TYPE:External perimeter
;WIDTH:0.629999
G1 F900
G1 X117.197 Y114.41 E.00911
G1 X116.299 Y114.79 E.0476
G1 X115.768 Y114.93 E.02681
G1 X114.992 Y115.038 E.03825
G1 X114.413 Y115.048 E.02827
G1 X113.82 Y114.998 E.02905
G1 X113.229 Y114.886 E.02936
G1 X112.301 Y114.577 E.04775
G1 X111.759 Y114.202 E.03217
G1 X111.183 Y113.693 E.03752
G1 X110.687 Y113.105 E.03755
G1 X110.236 Y112.477 E.03774
G1 X109.963 Y111.963 E.02841
G1 X109.746 Y111.443 E.02751
G1 X109.549 Y110.785 E.03353
G1 X109.525 Y110.139 E.03156
G1 X109.562 Y109.596 E.02657
G1 X109.673 Y108.945 E.03224
G1 X109.987 Y107.981 E.04949
G1 X110.235 Y107.47 E.02773
G1 X110.531 Y106.993 E.0274
G1 X110.866 Y106.558 E.0268
G1 X111.231 Y106.173 E.0259
G1 X111.979 Y105.58 E.0466
G1 X112.658 Y105.214 E.03765
G1 X113.332 Y104.961 E.03514
G1 X114.002 Y104.828 E.03334
G1 X114.619 Y104.794 E.03017
G1 X115.14 Y104.823 E.02547
G1 X115.766 Y104.936 E.03105
G1 X116.366 Y105.14 E.03094
G1 X116.854 Y105.35 E.02593
G1 X117.394 Y105.641 E.02994
G1 X117.917 Y106.029 E.03179
G1 X118.376 Y106.428 E.02969
G1 X118.756 Y106.87 E.02845
G1 X119.121 Y107.413 E.03194
G1 X119.496 Y108.264 E.0454
G1 X119.663 Y108.926 E.03333
G1 X119.746 Y109.483 E.02749
G1 X119.782 Y110.005 E.02554
G1 X119.79 Y110.423 E.02041
G1 X119.719 Y111.061 E.03134
G1 X119.526 Y111.714 E.03324
G1 X119.266 Y112.353 E.03368
G1 X118.764 Y113.118 E.04467
G1 X118.439 Y113.484 E.02389
G1 X118.065 Y113.828 E.02481
G1 X117.648 Y114.139 E.02539
G1 X117.434 Y114.268 E.0122
G1 E-1.4 F3600
;WIPE_START
G1 F7200
G1 X117.357 Y114.314 E-.0426
G1 X117.197 Y114.41 E-.08863
G1 X116.299 Y114.79 E-.46317
G1 X116.288 Y114.793 E-.0056
;WIPE_END
G1 Z15.5 F9000
G1 X116.443 Y112.063
G1 Z13.5
G1 E2 F2400
;TYPE:Internal infill
;WIDTH:0.66
G1 F900
G1 X115.652 Y112.33 E.04284
G1 X115.051 Y112.444 E.03139
G1 X114.375 Y112.466 E.0347
G1 X113.587 Y112.315 E.04117
G1 X112.886 Y111.988 E.03969
G1 X117.649 Y107.225 E.34562
G1 X118.167 Y107.919 E.04443
G1 X118.48 Y108.629 E.03981
G1 X118.658 Y109.416 E.0414
G1 X118.703 Y109.915 E.02571
G1 X118.428 Y109.838 E.01465
G1 X118.035 Y110.684 E.04786
G1 X117.553 Y111.318 E.04086
G1 X113.457 Y107.223 E.29719
G1 X112.839 Y107.726 E.04089
G1 X112.407 Y108.215 E.03348
G1 X112.074 Y108.79 E.03409
G1 X111.852 Y109.437 E.0351
G1 X111.761 Y110.334 E.04626
G1 X110.62 Y109.707 F9000
;TYPE:Solid infill
;WIDTH:0.628208
G1 F900
G1 X110.735 Y109.094 E.03035
;WIDTH:0.616753
G1 X111.04 Y108.25 E.04282
G1 X111.499 Y107.48 E.04277
G1 X112.1 Y106.829 E.04228
;WIDTH:0.61275
G1 X112.593 Y106.444 E.02964
G1 X112.934 Y106.256 E.01845
;WIDTH:0.58743
G1 X113.275 Y106.068 E.01763
;WIDTH:0.609864
G1 X113.359 Y106.069 E.00396
;WIDTH:0.657619
G1 X113.443 Y106.07 E.00429
;WIDTH:0.705373
G1 X113.527 Y106.071 E.00463
;WIDTH:0.753128
G1 X113.61 Y106.072 E.0049
;WIDTH:0.800882
G1 X113.694 Y106.073 E.00529
;WIDTH:0.848637
G1 X113.778 Y106.074 E.00563
;WIDTH:0.896392
G1 X113.862 Y106.075 E.00596
;WIDTH:0.944146
G1 X113.945 Y106.076 E.00622
G1 X113.932 Y106.089 E.00138
;WIDTH:0.932701
G1 X113.874 Y106.146 E.00602
;WIDTH:0.886377
G1 X113.816 Y106.204 E.00575
;WIDTH:0.840053
G1 X113.758 Y106.261 E.00539
;WIDTH:0.793729
G1 X113.7 Y106.318 E.00508
;WIDTH:0.747405
G1 X113.643 Y106.375 E.00472
;WIDTH:0.701081
G1 X113.585 Y106.432 E.00445
;WIDTH:0.654757
G1 X113.527 Y106.49 E.00417
;WIDTH:0.608433
G1 X113.469 Y106.547 E.00382
;WIDTH:0.563151
G1 X113.323 Y106.624 E.00714
;WIDTH:0.61275
G1 X112.901 Y106.921 E.02445
;WIDTH:0.622361
G1 X112.373 Y107.351 E.03281
G1 X111.894 Y107.907 E.03536
G1 X111.509 Y108.595 E.03799
;WIDTH:0.622045
G1 X111.265 Y109.329 E.03725
;WIDTH:0.619752
G1 X111.165 Y110.08 E.03634
;WIDTH:0.618751
G1 X111.172 Y110.541 E.02208
;WIDTH:0.615786
G1 X111.258 Y110.937 E.0193
;WIDTH:0.577644
G1 X111.345 Y111.332 E.01798
;WIDTH:0.577323
G1 X111.649 Y111.747 E.02286
;WIDTH:0.604571
G1 X111.815 Y111.92 E.0112
;WIDTH:0.631818
G1 X111.981 Y112.094 E.01178
;WIDTH:0.665169
G1 X112.211 Y112.27 E.01498
;WIDTH:0.698519
G1 X112.44 Y112.447 E.01578
;WIDTH:0.731869
G1 X112.669 Y112.624 E.01658
;WIDTH:0.762012
G1 X112.903 Y112.743 E.0157
;WIDTH:0.792155
G1 X113.136 Y112.862 E.0163
G1 X113.795 Y113.072 E.04309
;WIDTH:0.795913
G1 X114.451 Y113.149 E.04136
G1 X115.166 Y113.114 E.04482
;WIDTH:0.785096
G1 X115.855 Y112.968 E.04346
;WIDTH:0.765076
G1 X116.4 Y112.772 E.03478
;WIDTH:0.743902
G1 X116.705 Y112.619 E.01989
;WIDTH:0.710943
G1 X117.01 Y112.467 E.01893
;WIDTH:0.677983
G1 X117.275 Y112.28 E.01713
;WIDTH:0.636188
G1 X117.54 Y112.093 E.016
;WIDTH:0.594392
G1 X118.059 Y111.64 E.03159
G1 X118.374 Y111.252 E.02292
G1 X118.718 Y110.577 E.03474
G1 X118.691 Y110.851 E.01263
G1 X118.553 Y111.323 E.02255
G1 X118.352 Y111.843 E.02556
G1 X117.952 Y112.452 E.03341
;WIDTH:0.60766
G1 X117.772 Y112.633 E.01199
;WIDTH:0.642822
G1 X117.582 Y112.8 E.01262
;WIDTH:0.677983
G1 X117.393 Y112.967 E.01332
;WIDTH:0.689061
G1 X117.102 Y113.163 E.01885
;WIDTH:0.716482
G1 X116.875 Y113.295 E.01471
;WIDTH:0.743902
G1 X116.649 Y113.426 E.01523
;WIDTH:0.779291
G1 X115.905 Y113.718 E.04894
;WIDTH:0.786586
G1 X115.173 Y113.861 E.04612
;WIDTH:0.795913
G1 X114.47 Y113.902 E.04409
G1 X113.995 Y113.863 E.02984
G1 X113.493 Y113.769 E.03198
;WIDTH:0.792155
G1 X112.867 Y113.56 E.04112
G1 X112.438 Y113.3 E.03125
;WIDTH:0.758367
G1 X112.196 Y113.102 E.0186
;WIDTH:0.730014
G1 X111.955 Y112.905 E.01778
;WIDTH:0.701661
G1 X111.743 Y112.685 E.01673
;WIDTH:0.662706
G1 X111.532 Y112.464 E.01575
;WIDTH:0.623751
G1 X111.209 Y112.048 E.02544
;WIDTH:0.577323
G1 X110.916 Y111.582 E.02446
;WIDTH:0.584766
G1 X110.722 Y111.079 E.02429
;WIDTH:0.616475
G1 X110.595 Y110.517 E.02748
;WIDTH:0.623741
G1 X110.61 Y110.015 E.02426
;LAYER_CHANGE
;Z:13.7
;HEIGHT:0.2
;BEFORE_LAYER_CHANGE
G92 E0
;13.7


G1 E-1.4 F3600
;WIPE_START
G1 F7200
G1 X110.595 Y110.517 E-.23856
G1 X110.722 Y111.079 E-.27368
G1 X110.788 Y111.251 E-.08776
;WIPE_END
G1 Z13.7 F9000
;AFTER_LAYER_CHANGE
;13.7
G1 Z13.7
G1 X110.036 Y110.101
G1 E2 F2400
;TYPE:Perimeter
;WIDTH:0.659999
G1 F900
G1 X109.987 Y109.655 E.02302
G1 X109.977 Y109.1 E.02848
G1 X110.04 Y108.599 E.02591
G1 X110.308 Y107.918 E.03755
G1 X110.596 Y107.383 E.03118
G1 X111.013 Y106.81 E.03636
G1 X111.378 Y106.404 E.02801
G1 X111.757 Y106.069 E.02595
G1 X112.182 Y105.767 E.02675
G1 X112.751 Y105.453 E.03335
G1 X113.342 Y105.249 E.03208
G1 X113.836 Y105.119 E.02621
G1 X114.418 Y105.05 E.03007
G1 X115.285 Y105.103 E.04457
G1 X116.022 Y105.297 E.0391
G1 X116.396 Y105.479 E.02134
G1 X116.906 Y105.76 E.02988
G1 X117.331 Y106.104 E.02806
G1 X117.747 Y106.502 E.02954
G1 X118.181 Y107.007 E.03417
G1 X118.595 Y107.696 E.04124
G1 X118.878 Y108.461 E.04185
G1 X118.957 Y108.933 E.02456
G1 X119.012 Y109.447 E.02652
G1 X118.98 Y110.093 E.03319
G1 X118.821 Y110.869 E.04064
G1 X118.609 Y111.523 E.03528
G1 X118.259 Y112.207 E.03942
G1 X117.946 Y112.613 E.0263
G1 X117.482 Y113.079 E.03374
G1 X116.999 Y113.436 E.03082
G1 X116.431 Y113.727 E.03275
G1 X115.956 Y113.901 E.02596
G1 X115.332 Y114.049 E.03291
G1 X114.446 Y114.103 E.04555
G1 X113.776 Y114.029 E.03459
G1 X113.242 Y113.906 E.02812
G1 X112.527 Y113.634 E.03925
G1 X112.006 Y113.365 E.03009
G1 X111.513 Y113.03 E.03058
G1 X111.113 Y112.696 E.02674
G1 X110.867 Y112.351 E.02174
G1 X110.6 Y111.888 E.02742
G1 X110.225 Y110.976 E.0506
G1 X110.049 Y110.213 E.04018
G1 X110.046 Y110.191 E.00114
G1 X109.451 Y110.28 F9000
;TYPE:External perimeter
;WIDTH:0.629999
G1 F900
G1 X109.387 Y109.705 E.02824
G1 X109.375 Y109.062 E.03139
G1 X109.451 Y108.458 E.02972
G1 X109.656 Y107.886 E.02966
G1 X109.92 Y107.334 E.02987
G1 X110.232 Y106.825 E.02914
G1 X110.731 Y106.197 E.03916
G1 X111.139 Y105.794 E.02799
G1 X111.577 Y105.441 E.02746
G1 X112.04 Y105.141 E.02693
G1 X112.514 Y104.898 E.026
G1 X113.146 Y104.68 E.03264
G1 X113.721 Y104.528 E.02903
G1 X114.409 Y104.446 E.03382
G1 X115.382 Y104.505 E.04759
G1 X116.232 Y104.73 E.04292
G1 X116.817 Y105.014 E.03174
G1 X117.388 Y105.361 E.03262
G1 X117.876 Y105.777 E.0313
G1 X118.338 Y106.242 E.032
G1 X118.676 Y106.662 E.02632
G1 X119.141 Y107.434 E.04399
G1 X119.462 Y108.305 E.04531
G1 X119.562 Y108.899 E.0294
G1 X119.614 Y109.43 E.02605
G1 X119.619 Y109.632 E.00986
G1 X119.578 Y110.177 E.02668
G1 X119.405 Y111.023 E.04215
G1 X119.167 Y111.755 E.03757
G1 X118.884 Y112.308 E.03032
G1 X118.522 Y112.875 E.03284
G1 X118.068 Y113.37 E.03279
G1 X117.506 Y113.817 E.03505
G1 X116.885 Y114.188 E.03531
G1 X116.42 Y114.387 E.02469
G1 X115.925 Y114.542 E.02532
G1 X115.411 Y114.647 E.02561
G1 X114.44 Y114.707 E.04749
G1 X113.892 Y114.663 E.02684
G1 X113.334 Y114.56 E.0277
G1 X112.78 Y114.398 E.02818
G1 X112.29 Y114.188 E.02602
G1 X111.703 Y113.886 E.03222
G1 X111.129 Y113.496 E.03388
G1 X110.663 Y113.102 E.02979
G1 X110.36 Y112.677 E.02548
G1 X110.058 Y112.155 E.02944
G1 X109.778 Y111.473 E.03599
G1 X109.559 Y110.812 E.03399
G1 X109.466 Y110.369 E.0221
G1 E-1.4 F3600
;WIPE_START
G1 F7200
G1 X109.451 Y110.28 E-.04287
G1 X109.387 Y109.705 E-.27481
G1 X109.376 Y109.11 E-.28232
;WIPE_END
G1 Z15.7 F9000
G1 X111.591 Y110.03
G1 Z13.7
G1 E2 F2400
;TYPE:Internal infill
;WIDTH:0.66
G1 F900
G1 X111.46 Y109.694 E.0185
G1 X111.474 Y109.579 E.00594
G1 X111.563 Y109.186 E.02068
G1 X111.833 Y108.493 E.03816
G1 X112.305 Y107.787 E.04358
G1 X112.797 Y107.323 E.0347
G1 X113.264 Y107.029 E.02832
G1 X117.553 Y111.318 E.31123
G1 X117.118 Y111.687 E.02927
G1 X116.81 Y111.857 E.01805
G1 X116.094 Y112.11 E.03896
G1 X115.02 Y112.209 E.05534
G1 X114.037 Y112.077 E.05089
G1 X113.135 Y111.738 E.04944
G1 X117.703 Y107.171 E.33144
G1 X118.165 Y107.903 E.04441
G1 X118.417 Y108.583 E.03721
G1 X118.541 Y109.606 E.05287
G1 X118.377 Y110.669 E.05519
G1 E-1.4 F3600
;WIPE_START
G1 F7200
G1 X118.541 Y109.606 E-.5109
G1 X118.518 Y109.42 E-.0891
;WIPE_END
G1 Z15.7 F9000
G1 X114.458 Y105.485
G1 Z13.7
G1 E2 F2400
;TYPE:Solid infill
;WIDTH:0.623672
G1 F900
G1 X114.522 Y105.514 E.00339
;WIDTH:0.67367
G1 X114.587 Y105.543 E.00373
;WIDTH:0.723668
G1 X114.652 Y105.572 E.00403
;WIDTH:0.773667
G1 X114.717 Y105.601 E.00432
;WIDTH:0.823665
G1 X114.782 Y105.63 E.00462
;WIDTH:0.873664
G1 X114.847 Y105.659 E.00492
;WIDTH:0.923662
G1 X114.912 Y105.688 E.00521
;WIDTH:0.97366
G1 X114.976 Y105.717 E.00544
G1 X114.945 Y105.735 E.00277
;WIDTH:0.947972
G1 X114.888 Y105.769 E.00499
;WIDTH:0.901185
G1 X114.831 Y105.803 E.00474
;WIDTH:0.854398
G1 X114.775 Y105.838 E.00446
;WIDTH:0.80761
G1 X114.718 Y105.872 E.00422
;WIDTH:0.760823
G1 X114.661 Y105.907 E.00399
;WIDTH:0.714035
G1 X114.604 Y105.941 E.0037
;WIDTH:0.667248
G1 X114.547 Y105.976 E.00347
;WIDTH:0.620461
G1 X114.49 Y106.01 E.00319
;WIDTH:0.61169
G1 X113.85 Y106.153 E.03101
;WIDTH:0.614542
G1 X113.077 Y106.447 E.03931
G1 X112.401 Y106.879 E.03813
;WIDTH:0.623403
G1 X111.928 Y107.322 E.03128
G1 X111.586 Y107.749 E.02641
;WIDTH:0.621788
G1 X111.288 Y108.252 E.02814
;WIDTH:0.623215
G1 X111.041 Y108.879 E.03252
G1 X110.966 Y109.2 E.01591
;WIDTH:0.594584
G1 X110.912 Y109.774 E.02645
;WIDTH:0.583897
G1 X111.074 Y110.294 E.0245
;WIDTH:0.613956
G1 X111.174 Y110.518 E.01165
;WIDTH:0.644014
G1 X111.275 Y110.743 E.01233
;WIDTH:0.690504
G1 X111.512 Y111.106 E.02334
;WIDTH:0.736994
G1 X111.75 Y111.468 E.025
;WIDTH:0.762399
G1 X112.032 Y111.747 E.02373
;WIDTH:0.787803
G1 X112.314 Y112.025 E.02453
;WIDTH:0.795497
G1 X112.894 Y112.383 E.04265
;WIDTH:0.799301
G1 X113.409 Y112.599 E.03512
G1 X113.931 Y112.748 E.03414
;WIDTH:0.782934
G1 X114.523 Y112.827 E.03675
G1 X114.861 Y112.843 E.02082
;WIDTH:0.755791
G1 X115.2 Y112.86 E.02012
;WIDTH:0.728647
G1 X115.545 Y112.812 E.01986
;WIDTH:0.698789
G1 X115.891 Y112.765 E.01904
;WIDTH:0.66893
G1 X116.211 Y112.668 E.01741
;WIDTH:0.628795
G1 X116.531 Y112.571 E.01629
;WIDTH:0.633866
G1 X116.608 Y112.567 E.00379
;WIDTH:0.679071
G1 X116.685 Y112.563 E.00408
;WIDTH:0.724276
G1 X116.762 Y112.559 E.00437
;WIDTH:0.769481
G1 X116.839 Y112.556 E.00466
;WIDTH:0.814687
G1 X116.916 Y112.552 E.00495
;WIDTH:0.859892
G1 X116.994 Y112.548 E.00531
;WIDTH:0.905097
G1 X117.071 Y112.544 E.00553
;WIDTH:0.950302
G1 X117.148 Y112.54 E.00582
G1 X117.108 Y112.596 E.00519
;WIDTH:0.91075
G1 X117.062 Y112.66 E.00569
;WIDTH:0.864737
G1 X117.017 Y112.724 E.00535
;WIDTH:0.818725
G1 X116.971 Y112.788 E.00508
;WIDTH:0.772712
G1 X116.925 Y112.852 E.00478
;WIDTH:0.726699
G1 X116.879 Y112.916 E.00448
;WIDTH:0.680686
G1 X116.834 Y112.98 E.00415
;WIDTH:0.634673
G1 X116.788 Y113.045 E.00392
;WIDTH:0.60534
G1 X116.479 Y113.192 E.016
;WIDTH:0.637135
G1 X116.246 Y113.285 E.0124
;WIDTH:0.66893
G1 X116.013 Y113.378 E.01306
;WIDTH:0.701281
G1 X115.503 Y113.493 E.02862
;WIDTH:0.740065
G1 X114.938 Y113.557 E.03296
;WIDTH:0.782934
G1 X114.425 Y113.56 E.03157
;WIDTH:0.795777
G1 X113.563 Y113.434 E.05453
G1 X112.814 Y113.172 E.04967
;WIDTH:0.788641
G1 X112.303 Y112.914 E.0355
G1 X111.884 Y112.634 E.03125
;WIDTH:0.79712
G1 X111.499 Y112.291 E.03234
G1 X111.27 Y111.961 E.02519
;WIDTH:0.759761
G1 X111.041 Y111.63 E.02399
;WIDTH:0.722402
G1 X110.889 Y111.315 E.01976
;WIDTH:0.681283
G1 X110.737 Y111 E.01857
;WIDTH:0.640163
G1 X110.575 Y110.517 E.0253
;WIDTH:0.591516
G1 X110.442 Y109.994 E.02462
;WIDTH:0.561949
G1 X110.402 Y109.484 E.02208
;WIDTH:0.608197
G1 X110.46 Y108.856 E.02964
;WIDTH:0.628643
G1 X110.643 Y108.282 E.02934
G1 X110.859 Y107.828 E.02449
;WIDTH:0.622853
G1 X111.186 Y107.321 E.02909
;WIDTH:0.623403
G1 X111.535 Y106.894 E.02662
;WIDTH:0.626078
G1 X112.226 Y106.287 E.0446
G1 X112.964 Y105.862 E.0413
;WIDTH:0.621319
G1 X113.658 Y105.618 E.03538
;WIDTH:0.61169
G1 X113.942 Y105.559 E.01372
;WIDTH:0.586333
G1 X114.152 Y105.529 E.00959
G1 E-1.4 F3600
;WIPE_START
G1 F7200
G1 X113.942 Y105.559 E-.10076
G1 X113.658 Y105.618 E-.13778
G1 X112.964 Y105.862 E-.34943
G1 X112.942 Y105.875 E-.01203
;WIPE_END
G1 Z15.7 F9000
G1 X117.632 Y112.153
G1 Z13.7
G1 E2 F2400
;WIDTH:0.832539
G1 F900
G1 X117.511 Y112.25 E.01018
;WIDTH:0.871793
G1 X117.39 Y112.347 E.01069
;WIDTH:0.911048
G1 X117.269 Y112.444 E.01119
;WIDTH:0.950302
G1 X117.148 Y112.54 E.01165
;LAYER_CHANGE
;Z:13.9
;HEIGHT:0.2
;BEFORE_LAYER_CHANGE
G92 E0
;13.9


G1 E-1.4 F3600
;WIPE_START
G1 F7200
G1 X117.269 Y112.444 E-.07337
G1 X117.39 Y112.347 E-.07366
G1 X117.511 Y112.25 E-.07366
G1 X117.632 Y112.153 E-.07366
;WIPE_END
G1 E-.30565 F3600
G1 Z13.9 F9000
;AFTER_LAYER_CHANGE
;13.9
G1 Z13.9
G1 X117.329 Y112.742
G1 E2 F2400
;TYPE:Perimeter
;WIDTH:0.659999
G1 F900
G1 X117.153 Y112.91 E.01248
G1 X116.475 Y113.336 E.04109
G1 X115.888 Y113.566 E.03235
G1 X115.321 Y113.705 E.02995
G1 X114.475 Y113.763 E.04351
G1 X113.863 Y113.698 E.03158
G1 X113.331 Y113.577 E.02799
G1 X112.854 Y113.41 E.02593
G1 X112.23 Y113.107 E.03559
G1 X111.492 Y112.578 E.04659
G1 X110.879 Y111.951 E.04499
G1 X110.487 Y111.383 E.03541
G1 X110.212 Y110.926 E.02737
G1 X110.088 Y110.447 E.02539
G1 X109.985 Y109.694 E.039
G1 X109.983 Y109.11 E.02997
G1 X110.036 Y108.511 E.03085
G1 X110.146 Y107.961 E.02878
G1 X110.333 Y107.359 E.03234
G1 X110.575 Y106.806 E.03097
G1 X111.155 Y106.138 E.04539
G1 X111.878 Y105.552 E.04775
G1 X112.316 Y105.287 E.02627
G1 X112.782 Y105.067 E.02644
G1 X113.257 Y104.9 E.02583
G1 X113.966 Y104.753 E.03715
G1 X114.531 Y104.712 E.02907
G1 X115.048 Y104.725 E.02654
G1 X115.698 Y104.843 E.0339
G1 X116.179 Y104.993 E.02585
G1 X116.691 Y105.222 E.02878
G1 X117.342 Y105.664 E.04037
G1 X117.765 Y106.091 E.03084
G1 X118.107 Y106.509 E.02771
G1 X118.401 Y107.023 E.03038
G1 X118.639 Y107.542 E.0293
G1 X118.902 Y108.386 E.04536
G1 X118.981 Y109.049 E.03426
G1 X118.966 Y109.714 E.03413
G1 X118.842 Y110.281 E.02978
G1 X118.664 Y110.863 E.03123
G1 X118.442 Y111.34 E.027
G1 X118.123 Y111.845 E.03065
G1 X117.695 Y112.394 E.03572
G1 X117.395 Y112.68 E.02127
G1 X117.798 Y113.127 F9000
;TYPE:External perimeter
;WIDTH:0.629999
G1 F900
G1 X117.524 Y113.387 E.01844
G1 X116.758 Y113.87 E.04421
G1 X116.072 Y114.139 E.03597
G1 X115.405 Y114.303 E.03353
G1 X114.473 Y114.367 E.0456
G1 X113.964 Y114.328 E.02492
G1 X113.443 Y114.235 E.02584
G1 X112.923 Y114.086 E.02641
G1 X112.41 Y113.881 E.02697
G1 X111.914 Y113.621 E.02734
G1 X111.099 Y113.037 E.04894
G1 X110.413 Y112.336 E.04788
G1 X109.894 Y111.584 E.0446
G1 X109.646 Y111.144 E.02466
G1 X109.496 Y110.564 E.02924
G1 X109.424 Y110.036 E.02601
G1 X109.376 Y109.498 E.02637
G1 X109.393 Y108.88 E.03018
G1 X109.481 Y108.156 E.0356
G1 X109.609 Y107.616 E.02709
G1 X109.815 Y107.015 E.03101
G1 X110.064 Y106.476 E.02898
G1 X110.734 Y105.704 E.0499
G1 X111.531 Y105.058 E.05008
G1 X112.031 Y104.756 E.02851
G1 X112.553 Y104.509 E.02819
G1 X113.086 Y104.322 E.02757
G1 X113.624 Y104.192 E.02702
G1 X114.159 Y104.119 E.02636
G1 X114.86 Y104.114 E.03422
G1 X115.381 Y104.166 E.02556
G1 X115.887 Y104.27 E.02522
G1 X116.385 Y104.427 E.02549
G1 X116.992 Y104.699 E.03247
G1 X117.728 Y105.199 E.04343
G1 X118.193 Y105.667 E.03221
G1 X118.613 Y106.181 E.0324
G1 X118.937 Y106.748 E.03188
G1 X119.202 Y107.326 E.03104
G1 X119.49 Y108.249 E.0472
G1 X119.583 Y109.026 E.0382
G1 X119.564 Y109.798 E.0377
G1 X119.355 Y110.751 E.04763
G1 X119.225 Y111.083 E.01741
G1 X118.966 Y111.637 E.02985
G1 X118.616 Y112.192 E.03203
G1 X118.142 Y112.8 E.03763
G1 X117.863 Y113.065 E.01878
G1 E-1.4 F3600
;WIPE_START
G1 F7200
G1 X117.798 Y113.127 E-.04267
G1 X117.524 Y113.387 E-.17942
G1 X116.851 Y113.811 E-.37791
;WIPE_END
G1 Z15.9 F9000
G1 X118.287 Y108.011
G1 Z13.9
G1 E2 F2400
;TYPE:Internal infill
;WIDTH:0.66
G1 F900
G1 X118.5 Y108.892 E.04651
G1 X118.494 Y109.648 E.03879
G1 X118.321 Y110.437 E.04145
G1 X118.028 Y111.106 E.03747
G1 X117.762 Y111.527 E.02555
G1 X113.003 Y106.769 E.3453
G1 X113.759 Y106.454 E.04202
G1 X114.403 Y106.342 E.03354
G1 X115.65 Y106.396 E.06404
G1 X116.042 Y106.481 E.02058
G1 X116.767 Y106.756 E.03979
G1 X117.572 Y107.302 E.04991
G1 X113.38 Y111.493 E.30415
G1 X112.601 Y110.916 E.04974
G1 X112.16 Y110.37 E.03601
G1 X111.739 Y109.443 E.05224
G1 X111.591 Y108.449 E.05156
G1 X110.46 Y109.248 F9000
;TYPE:Solid infill
;WIDTH:0.64245
G1 F900
G1 X110.462 Y108.735 E.02557
;WIDTH:0.616154
G1 X110.526 Y108.315 E.02025
;WIDTH:0.579685
G1 X110.59 Y107.895 E.01896
;WIDTH:0.568551
G1 X110.685 Y107.656 E.01124
;WIDTH:0.593887
G1 X110.781 Y107.418 E.01176
;WIDTH:0.613727
G1 X111.026 Y106.976 E.02399
;WIDTH:0.624449
G1 X111.493 Y106.453 E.0339
G1 X112.083 Y105.97 E.03687
;WIDTH:0.627362
G1 X112.52 Y105.7 E.02496
G1 X112.97 Y105.486 E.02422
;WIDTH:0.629698
G1 X113.807 Y105.242 E.04254
G1 X114.264 Y105.175 E.02254
;WIDTH:0.62214
G1 X114.811 Y105.173 E.02634
;WIDTH:0.621727
G1 X115.491 Y105.248 E.03293
;WIDTH:0.586911
G1 X116.012 Y105.39 E.02443
;WIDTH:0.590687
G1 X116.054 Y105.423 E.00243
;WIDTH:0.629294
G1 X116.096 Y105.457 E.00263
;WIDTH:0.667901
G1 X116.139 Y105.49 E.00282
;WIDTH:0.713079
G1 X116.199 Y105.547 E.00461
;WIDTH:0.758256
G1 X116.259 Y105.605 E.00496
;WIDTH:0.803434
G1 X116.319 Y105.663 E.00528
;WIDTH:0.848611
G1 X116.379 Y105.72 E.00554
;WIDTH:0.893789
G1 X116.44 Y105.778 E.00596
;WIDTH:0.938966
G1 X116.5 Y105.835 E.00617
G1 X116.428 Y105.83 E.00538
;WIDTH:0.903488
G1 X116.356 Y105.825 E.00516
;WIDTH:0.868009
G1 X116.29 Y105.834 E.00457
;WIDTH:0.822877
G1 X116.224 Y105.842 E.00431
;WIDTH:0.777744
G1 X116.158 Y105.851 E.00407
;WIDTH:0.732611
G1 X116.092 Y105.859 E.00381
;WIDTH:0.687478
G1 X116.026 Y105.868 E.00357
;WIDTH:0.642346
G1 X115.96 Y105.876 E.00331
;WIDTH:0.597213
G1 X115.894 Y105.884 E.00306
;WIDTH:0.593529
G1 X115.322 Y105.769 E.02671
;WIDTH:0.622491
G1 X114.313 Y105.751 E.04863
G1 X113.62 Y105.878 E.03395
;WIDTH:0.621908
G1 X113.15 Y106.036 E.02387
;WIDTH:0.627362
G1 X112.816 Y106.204 E.01817
G1 X112.36 Y106.477 E.02583
;WIDTH:0.624449
G1 X111.867 Y106.898 E.03135
G1 X111.436 Y107.379 E.03123
;WIDTH:0.614665
G1 X111.264 Y107.682 E.01656
;WIDTH:0.582333
G1 X111.092 Y107.985 E.01563
;WIDTH:0.557846
G1 X111.021 Y108.356 E.01617
;WIDTH:0.59881
G1 X111.038 Y108.773 E.01929
;WIDTH:0.639774
G1 X111.055 Y109.19 E.02071
;WIDTH:0.672271
G1 X111.099 Y109.431 E.01282
;WIDTH:0.704767
G1 X111.142 Y109.673 E.01353
;WIDTH:0.748366
G1 X111.293 Y110.087 E.02585
;WIDTH:0.791965
G1 X111.445 Y110.5 E.02741
;WIDTH:0.799356
G1 X111.887 Y111.123 E.04805
G1 X112.334 Y111.585 E.04043
;WIDTH:0.797659
G1 X112.901 Y112.003 E.04421
;WIDTH:0.791375
G1 X113.377 Y112.262 E.03372
;WIDTH:0.76281
G1 X113.913 Y112.477 E.03457
;WIDTH:0.74315
G1 X114.238 Y112.561 E.01954
;WIDTH:0.711402
G1 X114.564 Y112.646 E.01873
;WIDTH:0.679653
G1 X114.895 Y112.679 E.01761
;WIDTH:0.638495
G1 X115.225 Y112.712 E.01642
;WIDTH:0.597337
G1 X115.843 Y112.723 E.02849
G1 X116.327 Y112.651 E.02256
G1 X117.031 Y112.399 E.03447
G1 X116.879 Y112.557 E.01011
G1 X116.421 Y112.846 E.02497
G1 X115.905 Y113.077 E.02606
G1 X115.278 Y113.26 E.03011
;WIDTH:0.615168
G1 X114.961 Y113.276 E.0151
;WIDTH:0.647411
G1 X114.708 Y113.274 E.01272
;WIDTH:0.679653
G1 X114.454 Y113.272 E.01345
;WIDTH:0.711402
G1 X114.059 Y113.201 E.02231
;WIDTH:0.74315
G1 X113.663 Y113.131 E.02341
;WIDTH:0.782875
G1 X112.853 Y112.828 E.05321
G1 X112.246 Y112.458 E.04374
;WIDTH:0.784871
G1 X111.654 Y111.975 E.04714
;WIDTH:0.799356
G1 X111.283 Y111.577 E.03422
G1 X110.77 Y110.828 E.0571
;WIDTH:0.79087
G1 X110.605 Y110.324 E.03298
;WIDTH:0.767083
G1 X110.548 Y110.037 E.01762
;WIDTH:0.731609
G1 X110.49 Y109.749 E.01682
;WIDTH:0.696135
G1 X110.479 Y109.556 E.0105
G1 E-1.4 F3600
;WIPE_START
G1 F7200
G1 X110.49 Y109.749 E-.09182
G1 X110.548 Y110.037 E-.13955
G1 X110.605 Y110.324 E-.13899
G1 X110.756 Y110.783 E-.22964
;WIPE_END
G1 Z15.9 F9000
G1 X116.5 Y105.835
G1 Z13.9
G1 E2 F2400
;WIDTH:0.938966
G1 F900
G1 X116.661 Y105.923 E.01367
;WIDTH:0.902988
G1 X116.821 Y106.01 E.01302
;WIDTH:0.867009
G1 X116.982 Y106.097 E.01254
;WIDTH:0.83103
G1 X117.096 Y106.182 E.00932
;WIDTH:0.788259
G1 X117.209 Y106.266 E.00873
;WIDTH:0.745488
G1 X117.323 Y106.35 E.00827
;WIDTH:0.702717
G1 X117.437 Y106.435 E.0078
;WIDTH:0.659946
G1 X117.548 Y106.529 E.00746
;LAYER_CHANGE
;Z:14.1
;HEIGHT:0.200001
;BEFORE_LAYER_CHANGE
G92 E0
;14.1


G1 E-1.4 F3600
;WIPE_START
G1 F7200
G1 X117.437 Y106.435 E-.06909
G1 X117.323 Y106.35 E-.06755
G1 X117.209 Y106.266 E-.06726
G1 X117.096 Y106.182 E-.06688
G1 X116.982 Y106.097 E-.06755
G1 X116.821 Y106.01 E-.08693
G1 X116.661 Y105.923 E-.08651
G1 X116.5 Y105.835 E-.08715
;WIPE_END
G1 E-.00108 F3600
G1 Z14.1 F9000
;AFTER_LAYER_CHANGE
;14.1
G1 Z16.1
G1 X118.854 Y107.313
G1 Z14.1
G1 E2 F2400
;TYPE:Perimeter
;WIDTH:0.659999
G1 F900
G1 X118.869 Y107.349 E.002
G1 X118.974 Y107.83 E.02526
G1 X119.046 Y108.47 E.03305
G1 X119.064 Y109.06 E.03029
G1 X119.053 Y109.308 E.01274
G1 X118.907 Y110.127 E.04269
G1 X118.641 Y110.815 E.03785
G1 X118.366 Y111.306 E.02888
G1 X117.825 Y111.968 E.04387
G1 X117.487 Y112.277 E.0235
G1 X117.072 Y112.587 E.02658
G1 X116.552 Y112.909 E.03138
G1 X115.844 Y113.227 E.03982
G1 X115.351 Y113.346 E.02602
G1 X114.702 Y113.419 E.03351
G1 X114.108 Y113.395 E.0305
G1 X113.489 Y113.267 E.03243
G1 X113.013 Y113.107 E.02577
G1 X112.439 Y112.833 E.03264
G1 X111.729 Y112.332 E.04459
G1 X111.168 Y111.764 E.04096
G1 X110.653 Y111.027 E.04613
G1 X110.446 Y110.602 E.02426
G1 X110.229 Y110.06 E.02996
G1 X110.07 Y109.46 E.03185
G1 X109.988 Y108.938 E.02711
G1 X110.05 Y108.423 E.02662
G1 X110.188 Y107.803 E.03259
G1 X110.368 Y107.269 E.02891
G1 X110.613 Y106.737 E.03005
G1 X110.929 Y106.195 E.03219
G1 X111.236 Y105.783 E.02636
G1 X111.59 Y105.393 E.02703
G1 X111.908 Y105.132 E.02111
G1 X112.428 Y104.857 E.03018
G1 X113.065 Y104.615 E.03496
G1 X113.564 Y104.478 E.02655
G1 X114.263 Y104.392 E.03614
G1 X114.832 Y104.374 E.02921
G1 X115.532 Y104.451 E.03613
G1 X116.215 Y104.644 E.03642
G1 X116.695 Y104.846 E.02672
G1 X117.218 Y105.143 E.03086
G1 X117.721 Y105.557 E.03343
G1 X118.119 Y105.955 E.02888
G1 X118.578 Y106.643 E.04244
G1 X118.82 Y107.23 E.03258
G1 X119.417 Y107.143 F9000
;TYPE:External perimeter
;WIDTH:0.629999
G1 F900
G1 X119.504 Y107.409 E.01366
G1 X119.599 Y107.937 E.02619
G1 X119.654 Y108.535 E.02932
G1 X119.665 Y109.085 E.02685
G1 X119.653 Y109.373 E.01407
G1 X119.543 Y109.993 E.03074
G1 X119.401 Y110.548 E.02797
G1 X119.187 Y111.068 E.02745
G1 X118.86 Y111.653 E.03272
G1 X118.264 Y112.383 E.046
G1 X117.871 Y112.741 E.02595
G1 X117.411 Y113.085 E.02804
G1 X116.836 Y113.442 E.03304
G1 X116.266 Y113.698 E.0305
G1 X115.635 Y113.911 E.03251
G1 X114.975 Y114.013 E.0326
G1 X114.262 Y114.009 E.03481
G1 X113.552 Y113.91 E.03499
G1 X113.068 Y113.775 E.02453
G1 X112.59 Y113.588 E.02506
G1 X112.126 Y113.349 E.02548
G1 X111.339 Y112.793 E.04704
G1 X110.704 Y112.151 E.04408
G1 X110.132 Y111.333 E.04873
G1 X109.784 Y110.616 E.03891
G1 X109.589 Y110.05 E.02922
G1 X109.45 Y109.452 E.02997
G1 X109.382 Y108.949 E.02478
G1 X109.416 Y108.602 E.01702
G1 X109.51 Y108.043 E.02767
G1 X109.634 Y107.555 E.02458
G1 X109.807 Y107.05 E.02606
G1 X110.075 Y106.467 E.03132
G1 X110.329 Y106.02 E.0251
G1 X110.651 Y105.56 E.02741
G1 X111.052 Y105.09 E.03016
G1 X111.415 Y104.726 E.02509
G1 X111.837 Y104.472 E.02404
G1 X112.392 Y104.207 E.03002
G1 X113.168 Y103.945 E.03998
G1 X113.74 Y103.826 E.02852
G1 X114.342 Y103.782 E.02947
G1 X115.097 Y103.782 E.03686
G1 X115.646 Y103.859 E.02706
G1 X116.173 Y103.989 E.0265
G1 X116.672 Y104.168 E.02588
G1 X117.14 Y104.391 E.02531
G1 X117.568 Y104.651 E.02445
G1 X118.104 Y105.093 E.03391
G1 X118.594 Y105.583 E.03383
G1 X119.112 Y106.359 E.04555
G1 X119.345 Y106.925 E.02988
G1 X119.389 Y107.057 E.00679
G1 E-1.4 F3600
;WIPE_START
G1 F7200
G1 X119.417 Y107.143 E-.04296
G1 X119.504 Y107.409 E-.13294
G1 X119.599 Y107.937 E-.25483
G1 X119.631 Y108.292 E-.16927
;WIPE_END
G1 Z16.1 F9000
G1 X114.633 Y104.828
G1 Z14.1
G1 E2 F2400
;TYPE:Solid infill
;WIDTH:0.625744
G1 F900
G1 X115.415 Y104.899 E.03805
;WIDTH:0.624996
G1 X115.814 Y105.005 E.01998
;WIDTH:0.624842
G1 X116.29 Y105.163 E.02427
G1 X116.99 Y105.523 E.03809
;WIDTH:0.586885
G1 X117.589 Y105.988 E.0343
;WIDTH:0.537128
G1 X117.989 Y106.506 E.02689
G1 X118.258 Y106.952 E.0214
G1 X118.502 Y107.591 E.02811
G1 X118.473 Y107.624 E.00181
G1 X118.073 Y107.054 E.02862
G1 X117.738 Y106.712 E.01967
G1 X117.488 Y106.523 E.01288
;WIDTH:0.548444
G1 X117.022 Y106.174 E.02447
;WIDTH:0.589191
G1 X116.554 Y105.902 E.02459
;WIDTH:0.624842
G1 X116.049 Y105.691 E.02648
;WIDTH:0.624996
G1 X115.338 Y105.476 E.03595
;WIDTH:0.625744
G1 X114.599 Y105.409 E.03596
;WIDTH:0.627652
G1 X113.979 Y105.457 E.03024
G1 X113.479 Y105.558 E.0248
;WIDTH:0.615964
G1 X112.731 Y105.856 E.03837
;WIDTH:0.611379
G1 X112.305 Y106.108 E.0234
;WIDTH:0.607457
G1 X112.067 Y106.317 E.01487
;WIDTH:0.576413
G1 X111.829 Y106.525 E.01402
;WIDTH:0.572954
G1 X111.71 Y106.771 E.01204
;WIDTH:0.600539
G1 X111.592 Y107.017 E.01265
;WIDTH:0.642267
G1 X111.406 Y107.529 E.02715
;WIDTH:0.684283
G1 X111.341 Y107.945 E.02245
;WIDTH:0.726299
G1 X111.277 Y108.36 E.02386
;WIDTH:0.7599
G1 X111.28 Y108.614 E.01514
;WIDTH:0.793501
G1 X111.282 Y108.869 E.01592
;WIDTH:0.794442
G1 X111.42 Y109.554 E.04367
;WIDTH:0.7953
G1 X111.542 Y109.897 E.02278
;WIDTH:0.797995
G1 X111.773 Y110.363 E.03266
G1 X112.159 Y110.942 E.04369
;WIDTH:0.788046
G1 X112.556 Y111.388 E.03699
;WIDTH:0.766508
G1 X112.854 Y111.643 E.0236
;WIDTH:0.73249
G1 X113.152 Y111.898 E.02249
;WIDTH:0.698472
G1 X113.521 Y112.107 E.02312
;WIDTH:0.651196
G1 X113.89 Y112.316 E.02145
;WIDTH:0.60392
G1 X114.649 Y112.612 E.038
;WIDTH:0.639647
G1 X114.743 Y112.654 E.00511
;WIDTH:0.683571
G1 X114.837 Y112.696 E.00548
;WIDTH:0.727496
G1 X114.931 Y112.738 E.00586
;WIDTH:0.77142
G1 X115.025 Y112.78 E.00624
;WIDTH:0.815344
G1 X115.119 Y112.822 E.00661
G1 X115.003 Y112.854 E.00773
;WIDTH:0.768095
G1 X114.886 Y112.885 E.0073
;WIDTH:0.720845
G1 X114.77 Y112.917 E.00678
;WIDTH:0.673596
G1 X114.653 Y112.949 E.00636
;WIDTH:0.626346
G1 X114.394 Y112.954 E.01257
;WIDTH:0.598727
G1 X114.134 Y112.96 E.01202
;WIDTH:0.611399
G1 X113.758 Y112.851 E.0185
;WIDTH:0.65169
G1 X113.381 Y112.742 E.01987
;WIDTH:0.683313
G1 X113.024 Y112.561 E.02131
;WIDTH:0.714935
G1 X112.667 Y112.379 E.02239
;WIDTH:0.764902
G1 X111.97 Y111.825 E.05345
;WIDTH:0.788046
G1 X111.606 Y111.44 E.03283
G1 X111.412 Y111.178 E.0202
;WIDTH:0.797995
G1 X111.11 Y110.723 E.03429
G1 X110.854 Y110.199 E.03662
;WIDTH:0.7953
G1 X110.686 Y109.714 E.03211
;WIDTH:0.794442
G1 X110.542 Y108.993 E.04594
;WIDTH:0.793501
G1 X110.557 Y108.711 E.01762
;WIDTH:0.766583
G1 X110.637 Y108.071 E.03881
;WIDTH:0.719137
G1 X110.758 Y107.656 E.02431
;WIDTH:0.676855
G1 X110.878 Y107.241 E.02277
;WIDTH:0.634572
G1 X111.091 Y106.831 E.02273
;WIDTH:0.589214
G1 X111.303 Y106.421 E.02097
;WIDTH:0.568222
G1 X111.583 Y106.039 E.02069
;WIDTH:0.593382
G1 X111.833 Y105.8 E.01583
;WIDTH:0.618541
G1 X112.084 Y105.561 E.01659
;WIDTH:0.628575
G1 X112.82 Y105.183 E.04029
G1 X113.391 Y104.985 E.02943
;WIDTH:0.627652
G1 X113.907 Y104.878 E.02562
G1 X114.325 Y104.849 E.02037
G1 E-1.4 F3600
;WIPE_START
G1 F7200
G1 X113.907 Y104.878 E-.19903
G1 X113.391 Y104.985 E-.25031
G1 X113.091 Y105.089 E-.15066
;WIPE_END
G1 Z16.1 F9000
G1 X115.119 Y112.822
G1 Z14.1
G1 E2 F2400
;WIDTH:0.815344
G1 F900
G1 X115.395 Y112.803 E.01777
G1 E-1.4 F3600
;WIPE_START
G1 F7200
G1 X115.119 Y112.822 E-.13141
;WIPE_END
G1 E-.46859 F3600
G1 Z16.1 F9000
G1 X112.275 Y109.867
G1 Z14.1
G1 E2 F2400
;TYPE:Internal infill
;WIDTH:0.66
G1 F900
G1 X112.088 Y109.412 E.02524
G1 X111.942 Y108.684 E.0381
G1 X111.947 Y107.989 E.03566
G1 X112.219 Y106.93 E.0561
G1 X112.758 Y106.523 E.03466
G1 X117.657 Y111.423 E.35553
G1 X117.184 Y111.91 E.03483
G1 X116.483 Y112.393 E.04368
G1 X116.386 Y112.058 E.0179
G1 X115.463 Y112.15 E.04759
G1 X114.838 Y112.059 E.03241
G1 X114.134 Y111.78 E.03886
G1 X113.506 Y111.367 E.03857
G1 X117.557 Y107.316 E.29396
G1 X116.745 Y106.662 E.0535
G1 X115.933 Y106.268 E.04631
G1 X115.159 Y106.038 E.04143
G1 X114.217 Y106.017 E.04835
;LAYER_CHANGE
;Z:14.3
;HEIGHT:0.2
;BEFORE_LAYER_CHANGE
G92 E0
;14.3


G1 E-1.4 F3600
;WIPE_START
G1 F7200
G1 X115.159 Y106.038 E-.44756
G1 X115.467 Y106.129 E-.15244
;WIPE_END
G1 Z14.3 F9000
;AFTER_LAYER_CHANGE
;14.3
G1 Z16.3
G1 X113.185 Y104.281
G1 Z14.3
G1 E2 F2400
;TYPE:Perimeter
;WIDTH:0.659999
G1 F900
G1 X113.46 Y104.148 E.01567
G1 X113.942 Y104.071 E.02505
G1 X114.473 Y104.022 E.02736
G1 X115.387 Y104.08 E.04699
G1 X115.817 Y104.176 E.02261
G1 X116.336 Y104.325 E.02771
G1 X116.822 Y104.529 E.02704
G1 X117.397 Y104.852 E.03384
G1 X118.076 Y105.405 E.04493
G1 X118.487 Y105.877 E.03211
G1 X118.773 Y106.299 E.02616
G1 X119.047 Y106.831 E.0307
G1 X119.233 Y107.391 E.03028
G1 X119.305 Y107.864 E.02455
G1 X119.357 Y108.39 E.02712
G1 X119.302 Y109.03 E.03296
G1 X119.184 Y109.554 E.02756
G1 X119.007 Y110.128 E.03082
G1 X118.715 Y110.763 E.03586
G1 X118.375 Y111.302 E.0327
G1 X117.933 Y111.792 E.03386
G1 X117.45 Y112.196 E.03231
G1 X116.714 Y112.61 E.04333
G1 X115.806 Y112.916 E.04916
G1 X115.118 Y113.047 E.03594
G1 X114.343 Y113.072 E.03979
G1 X113.778 Y112.993 E.02927
G1 X113.171 Y112.803 E.03264
G1 X112.648 Y112.559 E.02961
G1 X111.955 Y112.077 E.04331
G1 X111.522 Y111.647 E.03131
G1 X111.175 Y111.206 E.02879
G1 X110.829 Y110.633 E.03435
G1 X110.594 Y110.034 E.03302
G1 X110.385 Y109.314 E.03847
G1 X110.303 Y108.591 E.03734
G1 X110.306 Y108.062 E.02714
G1 X110.366 Y107.517 E.02813
G1 X110.475 Y107.021 E.02606
G1 X110.778 Y106.464 E.03253
G1 X111.089 Y105.979 E.02956
G1 X111.475 Y105.509 E.03121
G1 X111.893 Y105.106 E.02979
G1 X112.377 Y104.736 E.03126
G1 X112.871 Y104.433 E.02974
G1 X113.104 Y104.32 E.01329
G1 X112.834 Y103.771 F9000
;TYPE:External perimeter
;WIDTH:0.629999
G1 F900
G1 X113.291 Y103.565 E.02447
G1 X113.88 Y103.471 E.02912
G1 X114.476 Y103.419 E.0292
G1 X115.472 Y103.483 E.04872
G1 X116.243 Y103.654 E.03855
G1 X116.778 Y103.842 E.02768
G1 X117.282 Y104.08 E.02721
G1 X117.744 Y104.358 E.02632
G1 X118.489 Y104.965 E.04691
G1 X119.003 Y105.561 E.03842
G1 X119.288 Y105.987 E.02502
G1 X119.606 Y106.606 E.03397
G1 X119.821 Y107.25 E.03314
G1 X119.9 Y107.773 E.02582
G1 X119.959 Y108.389 E.03021
G1 X119.959 Y108.562 E.00845
G1 X119.897 Y109.129 E.02784
G1 X119.766 Y109.709 E.02903
G1 X119.574 Y110.334 E.03192
G1 X119.269 Y111.004 E.03594
G1 X118.999 Y111.453 E.02558
G1 X118.684 Y111.869 E.02547
G1 X118.199 Y112.374 E.03418
G1 X117.786 Y112.698 E.02562
G1 X116.96 Y113.163 E.04627
G1 X115.959 Y113.5 E.05156
G1 X115.185 Y113.647 E.03846
G1 X114.311 Y113.676 E.04269
G1 X113.657 Y113.584 E.03224
G1 X112.956 Y113.366 E.03584
G1 X112.339 Y113.078 E.03324
G1 X111.575 Y112.546 E.04545
G1 X111.205 Y112.2 E.02473
G1 X110.86 Y111.804 E.02564
G1 X110.55 Y111.366 E.02619
G1 X110.283 Y110.892 E.02656
G1 X109.921 Y109.969 E.0484
G1 X109.791 Y109.418 E.02764
G1 X109.7 Y108.623 E.03906
G1 X109.705 Y108.026 E.02914
G1 X109.771 Y107.419 E.02981
G1 X109.905 Y106.809 E.03049
G1 X110.249 Y106.176 E.03517
G1 X110.561 Y105.682 E.02852
G1 X110.891 Y105.265 E.02596
G1 X111.334 Y104.809 E.03103
G1 X111.879 Y104.346 E.03491
G1 X112.346 Y104.032 E.02747
G1 X112.754 Y103.812 E.02263
G1 E-1.4 F3600
;WIPE_START
G1 F7200
G1 X112.834 Y103.771 E-.0427
G1 X113.291 Y103.565 E-.23811
G1 X113.88 Y103.471 E-.28332
G1 X113.955 Y103.464 E-.03587
;WIPE_END
G1 Z16.3 F9000
G1 X116.083 Y105.999
G1 Z14.3
G1 E2 F2400
;TYPE:Internal infill
;WIDTH:0.66
G1 F900
G1 X115.811 Y105.867 E.01551
G1 X115.189 Y105.703 E.03301
G1 X114.086 Y105.687 E.0566
G1 X113.269 Y105.914 E.04351
G1 X112.788 Y106.553 E.04104
G1 X117.644 Y111.41 E.35241
G1 X117.186 Y111.8 E.03087
G1 X116.52 Y112.174 E.03919
G1 X115.341 Y112.521 E.06306
G1 X115.382 Y112.238 E.01467
G1 X114.211 Y111.816 E.06387
G1 X113.553 Y111.32 E.04228
G1 X117.611 Y107.263 E.29443
G1 X118.048 Y107.959 E.04217
G1 X118.291 Y108.617 E.03599
G1 X118.414 Y109.35 E.03814
G1 X118.745 Y109.341 E.01699
G1 X118.381 Y110.38 E.05649
G1 E-1.4 F3600
;WIPE_START
G1 F7200
G1 X118.745 Y109.341 E-.52294
G1 X118.583 Y109.345 E-.07706
;WIPE_END
G1 Z16.3 F9000
G1 X110.845 Y108.54
G1 Z14.3
G1 E2 F2400
;TYPE:Solid infill
;WIDTH:0.79414
G1 F900
G1 X110.89 Y107.698 E.05267
;WIDTH:0.795923
G1 X111.014 Y107.166 E.0342
G1 X111.18 Y106.831 E.02341
;WIDTH:0.76158
G1 X111.345 Y106.496 E.02231
;WIDTH:0.727237
G1 X111.59 Y106.154 E.02394
;WIDTH:0.686279
G1 X111.835 Y105.812 E.02251
;WIDTH:0.64532
G1 X112.156 Y105.506 E.02221
;WIDTH:0.597746
G1 X112.477 Y105.2 E.02046
;WIDTH:0.558618
G1 X112.897 Y104.902 E.02208
;WIDTH:0.589989
G1 X113.26 Y104.743 E.01803
;WIDTH:0.62136
G1 X113.623 Y104.584 E.01906
;WIDTH:0.625708
G1 X114.154 Y104.501 E.02604
G1 X114.648 Y104.491 E.02394
;WIDTH:0.622366
G1 X115.413 Y104.552 E.03698
;WIDTH:0.628151
G1 X115.919 Y104.669 E.02527
G1 X116.261 Y104.796 E.01775
;WIDTH:0.628559
G1 X116.806 Y105.032 E.02892
G1 X117.382 Y105.42 E.03382
;WIDTH:0.614689
G1 X117.777 Y105.752 E.02453
G1 X117.897 Y105.886 E.00855
;WIDTH:0.601731
G1 X118.291 Y106.358 E.02857
;WIDTH:0.589956
G1 X118.48 Y106.674 E.01675
;WIDTH:0.558322
G1 X118.669 Y106.99 E.01578
;WIDTH:0.526687
G1 X118.835 Y107.487 E.02108
G1 X118.947 Y108.225 E.03003
G1 X118.91 Y108.775 E.02217
G1 X118.872 Y108.76 E.00164
G1 X118.747 Y108.265 E.02054
G1 X118.528 Y107.689 E.02479
G1 X118.239 Y107.211 E.02247
;WIDTH:0.558322
G1 X118.044 Y106.941 E.01427
;WIDTH:0.589956
G1 X117.848 Y106.672 E.01514
;WIDTH:0.605525
G1 X117.451 Y106.226 E.02793
;WIDTH:0.610667
G1 X116.995 Y105.836 E.02833
;WIDTH:0.628559
G1 X116.528 Y105.547 E.02674
G1 X115.782 Y105.238 E.03932
;WIDTH:0.628151
G1 X115.243 Y105.107 E.02699
;WIDTH:0.625708
G1 X114.241 Y105.078 E.04858
G1 X113.569 Y105.191 E.03302
;WIDTH:0.59996
G1 X113.268 Y105.32 E.01517
;WIDTH:0.569632
G1 X112.967 Y105.448 E.01433
;WIDTH:0.571592
G1 X112.779 Y105.638 E.01175
;WIDTH:0.60388
G1 X112.591 Y105.827 E.01243
;WIDTH:0.653314
G1 X112.237 Y106.278 E.0291
;WIDTH:0.697179
G1 X112.04 Y106.651 E.02295
;WIDTH:0.741043
G1 X111.843 Y107.023 E.02444
;WIDTH:0.790118
G1 X111.629 Y107.805 E.05037
;WIDTH:0.791597
G1 X111.596 Y108.591 E.04897
;WIDTH:0.791877
G1 X111.659 Y109.107 E.03237
;WIDTH:0.795292
G1 X111.736 Y109.402 E.01907
G1 X111.964 Y110.079 E.04469
;WIDTH:0.770971
G1 X112.317 Y110.751 E.04595
;WIDTH:0.730164
G1 X112.515 Y111.017 E.01895
;WIDTH:0.697456
G1 X112.712 Y111.282 E.01797
;WIDTH:0.664748
G1 X112.947 Y111.514 E.01707
;WIDTH:0.622881
G1 X113.182 Y111.746 E.01592
;WIDTH:0.623925
G1 X113.253 Y111.832 E.00539
;WIDTH:0.666835
G1 X113.323 Y111.917 E.00571
;WIDTH:0.709745
G1 X113.394 Y112.002 E.00614
;WIDTH:0.752655
G1 X113.465 Y112.088 E.00658
;WIDTH:0.795566
G1 X113.535 Y112.173 E.00689
;WIDTH:0.838476
G1 X113.606 Y112.259 E.00738
;WIDTH:0.881386
G1 X113.677 Y112.344 E.00772
G1 X113.583 Y112.338 E.00657
;WIDTH:0.835225
G1 X113.49 Y112.332 E.00614
;WIDTH:0.789064
G1 X113.397 Y112.325 E.00579
;WIDTH:0.742903
G1 X113.303 Y112.319 E.00548
;WIDTH:0.696742
G1 X113.21 Y112.313 E.00507
;WIDTH:0.65058
G1 X113.049 Y112.253 E.00868
;WIDTH:0.615797
G1 X112.888 Y112.193 E.00818
;WIDTH:0.589806
G1 X112.699 Y112.059 E.01054
;WIDTH:0.627277
G1 X112.47 Y111.873 E.01433
;WIDTH:0.664748
G1 X112.241 Y111.687 E.01525
;WIDTH:0.697456
G1 X111.98 Y111.387 E.02164
;WIDTH:0.730164
G1 X111.719 Y111.086 E.02277
;WIDTH:0.771659
G1 X111.256 Y110.268 E.05696
;WIDTH:0.795292
G1 X111.026 Y109.651 E.04119
G1 X110.916 Y109.199 E.0291
;WIDTH:0.793087
G1 X110.878 Y108.847 E.02208
G1 E-1.4 F3600
;WIPE_START
G1 F7200
G1 X110.916 Y109.199 E-.16817
G1 X111.026 Y109.651 E-.22097
G1 X111.181 Y110.067 E-.21086
;WIPE_END
G1 Z16.3 F9000
G1 X113.677 Y112.344
G1 Z14.3
G1 E2 F2400
;WIDTH:0.881386
G1 F900
G1 X113.902 Y112.438 E.017
;LAYER_CHANGE
;Z:14.5
;HEIGHT:0.2
;BEFORE_LAYER_CHANGE
G92 E0
;14.5


G1 E-1.4 F3600
;WIPE_START
G1 F7200
G1 X113.677 Y112.344 E-.11583
;WIPE_END
G1 E-.48417 F3600
G1 Z14.5 F9000
;AFTER_LAYER_CHANGE
;14.5
G1 Z14.5
G1 X113.852 Y112.653
G1 E2 F2400
;TYPE:Perimeter
;WIDTH:0.659999
G1 F900
G1 X113.176 Y112.44 E.03637
G1 X112.671 Y112.179 E.02917
G1 X112.163 Y111.8 E.03252
G1 X111.753 Y111.399 E.02943
G1 X111.26 Y110.715 E.04326
G1 X110.996 Y110.169 E.03112
G1 X110.816 Y109.639 E.02872
G1 X110.68 Y108.987 E.03417
G1 X110.657 Y108.345 E.03296
G1 X110.699 Y107.6 E.03829
G1 X110.862 Y106.892 E.03728
G1 X111.041 Y106.396 E.02706
G1 X111.278 Y105.903 E.02807
G1 X111.546 Y105.468 E.02622
G1 X111.866 Y105.133 E.02377
G1 X112.66 Y104.548 E.0506
G1 X113.368 Y104.189 E.04073
G1 X113.849 Y104.01 E.02633
G1 X114.426 Y103.859 E.0306
G1 X114.927 Y103.78 E.02602
G1 X115.46 Y103.747 E.0274
G1 X115.952 Y103.845 E.02574
G1 X116.43 Y104.002 E.02582
G1 X116.901 Y104.189 E.026
G1 X117.357 Y104.43 E.02646
G1 X117.946 Y104.847 E.03703
G1 X118.355 Y105.208 E.02799
G1 X118.792 Y105.706 E.034
G1 X119.25 Y106.455 E.04505
G1 X119.502 Y107.102 E.03563
G1 X119.651 Y107.718 E.03252
G1 X119.684 Y108.36 E.03298
G1 X119.67 Y108.719 E.01843
G1 X119.579 Y109.358 E.03312
G1 X119.382 Y109.899 E.02954
G1 X119.151 Y110.389 E.0278
G1 X118.748 Y110.985 E.03692
G1 X118.424 Y111.377 E.02609
G1 X117.765 Y111.981 E.04587
G1 X117.346 Y112.252 E.0256
G1 X116.867 Y112.489 E.02742
G1 X116.222 Y112.702 E.03485
G1 X115.655 Y112.782 E.02938
G1 X114.98 Y112.814 E.03467
G1 X113.939 Y112.674 E.05389
G1 X113.831 Y113.267 F9000
;TYPE:External perimeter
;WIDTH:0.629999
G1 F900
G1 X113.773 Y113.26 E.00285
G1 X112.945 Y112.999 E.04238
G1 X112.361 Y112.696 E.03212
G1 X111.774 Y112.26 E.03569
G1 X111.289 Y111.786 E.0331
G1 X110.746 Y111.032 E.04536
G1 X110.513 Y110.584 E.02465
G1 X110.32 Y110.098 E.02553
G1 X110.174 Y109.584 E.02608
G1 X110.08 Y109.05 E.02647
G1 X110.045 Y108.061 E.04831
G1 X110.104 Y107.5 E.02754
G1 X110.283 Y106.722 E.03897
G1 X110.485 Y106.163 E.02902
G1 X110.749 Y105.614 E.02974
G1 X111.066 Y105.098 E.02956
G1 X111.467 Y104.679 E.02831
G1 X112.337 Y104.038 E.05275
G1 X112.89 Y103.738 E.03071
G1 X113.364 Y103.536 E.02515
G1 X113.876 Y103.367 E.02632
G1 X114.495 Y103.226 E.03099
G1 X114.993 Y103.166 E.02449
G1 X115.516 Y103.144 E.02555
G1 X116.105 Y103.262 E.02932
G1 X116.886 Y103.518 E.04012
G1 X117.423 Y103.768 E.02892
G1 X117.922 Y104.066 E.02837
G1 X118.543 Y104.547 E.03834
G1 X118.939 Y104.938 E.02717
G1 X119.283 Y105.356 E.02643
G1 X119.785 Y106.177 E.04698
G1 X119.99 Y106.651 E.02521
G1 X120.145 Y107.137 E.0249
G1 X120.267 Y107.819 E.03382
G1 X120.286 Y108.384 E.0276
G1 X120.261 Y109.001 E.03014
G1 X120.161 Y109.519 E.02575
G1 X119.948 Y110.105 E.03044
G1 X119.667 Y110.702 E.03221
G1 X119.23 Y111.346 E.03799
G1 X118.862 Y111.793 E.02826
G1 X118.142 Y112.452 E.04765
G1 X117.541 Y112.832 E.03471
G1 X116.881 Y113.136 E.03547
G1 X116.35 Y113.292 E.02702
G1 X115.472 Y113.415 E.04328
G1 X114.94 Y113.416 E.02597
G1 X113.92 Y113.279 E.05024
G1 X114.284 Y112.183 F9000
;TYPE:Internal infill
;WIDTH:0.66
G1 F900
G1 X114.255 Y112.238 E.00319
G1 X115.011 Y112.339 E.03914
G1 X116.122 Y112.237 E.05725
G1 X116.866 Y111.974 E.04049
G1 X117.228 Y111.775 E.0212
G1 X117.664 Y111.429 E.02856
G1 X113.043 Y106.809 E.33528
G1 X112.786 Y107.362 E.03129
G1 X112.639 Y107.981 E.03264
G1 X112.601 Y108.835 E.04386
G1 X112.698 Y109.687 E.044
G1 X112.798 Y110.052 E.01942
G1 X113.117 Y110.755 E.03961
G1 X113.553 Y111.32 E.03662
G1 X117.758 Y107.116 E.30509
G1 X117.443 Y106.625 E.02993
G1 X116.954 Y106.131 E.03567
G1 X116.388 Y105.747 E.03509
G1 X115.748 Y105.48 E.03558
G1 X114.719 Y105.32 E.05343
G1 X114.987 Y104.213 F9000
;TYPE:Solid infill
;WIDTH:0.627357
G1 F900
G1 X115.601 Y104.243 E.02987
G1 X116.155 Y104.388 E.02783
;WIDTH:0.620047
G1 X116.9 Y104.691 E.0386
;WIDTH:0.629714
G1 X117.336 Y104.956 E.02489
G1 X117.854 Y105.36 E.03205
;WIDTH:0.626772
G1 X118.286 Y105.822 E.03071
;WIDTH:0.613576
G1 X118.587 Y106.234 E.02421
;WIDTH:0.609981
G1 X118.909 Y106.821 E.03157
;WIDTH:0.605177
G1 X119.141 Y107.428 E.03038
;WIDTH:0.585097
G1 X119.209 Y107.772 E.01581
;WIDTH:0.559549
G1 X119.276 Y108.116 E.01506
;WIDTH:0.581322
G1 X119.25 Y108.312 E.00885
;WIDTH:0.629132
G1 X119.222 Y108.397 E.00436
;WIDTH:0.676942
G1 X119.195 Y108.481 E.00465
;WIDTH:0.724752
G1 X119.168 Y108.565 E.005
;WIDTH:0.772562
G1 X119.141 Y108.65 E.00541
;WIDTH:0.820372
G1 X119.113 Y108.734 E.00572
;WIDTH:0.868182
G1 X119.086 Y108.818 E.00605
G1 X119.045 Y108.734 E.00641
;WIDTH:0.820442
G1 X119.004 Y108.65 E.00604
;WIDTH:0.772702
G1 X118.963 Y108.566 E.00567
;WIDTH:0.724962
G1 X118.922 Y108.481 E.00535
;WIDTH:0.677222
G1 X118.881 Y108.397 E.00493
;WIDTH:0.629482
G1 X118.841 Y108.313 E.00454
;WIDTH:0.581741
G1 X118.8 Y108.229 E.00419
;WIDTH:0.559805
G1 X118.702 Y107.878 E.01566
;WIDTH:0.585609
G1 X118.605 Y107.527 E.01643
;WIDTH:0.608242
G1 X118.38 Y107.013 E.02637
;WIDTH:0.609981
G1 X118.099 Y106.523 E.02663
;WIDTH:0.613576
G1 X117.874 Y106.216 E.01806
;WIDTH:0.617439
G1 X117.302 Y105.648 E.03851
;WIDTH:0.619805
G1 X116.695 Y105.236 E.03519
;WIDTH:0.628245
G1 X116.274 Y105.049 E.02242
G1 X115.703 Y104.86 E.02927
;WIDTH:0.627614
G1 X115.134 Y104.757 E.02811
;WIDTH:0.604291
G1 X114.72 Y104.764 E.01933
;WIDTH:0.566979
G1 X114.363 Y104.82 E.01575
;WIDTH:0.599051
G1 X113.994 Y105.023 E.01948
;WIDTH:0.641941
G1 X113.625 Y105.226 E.02098
;WIDTH:0.67675
G1 X113.325 Y105.477 E.02062
;WIDTH:0.711558
G1 X113.026 Y105.729 E.02174
;WIDTH:0.744428
G1 X112.893 Y105.878 E.01165
;WIDTH:0.777297
G1 X112.761 Y106.028 E.0122
;WIDTH:0.796945
G1 X112.43 Y106.502 E.03625
G1 X112.112 Y107.238 E.05027
;WIDTH:0.795681
G1 X111.972 Y107.837 E.0385
;WIDTH:0.796556
G1 X111.946 Y108.131 E.0185
G1 X111.935 Y108.898 E.04807
;WIDTH:0.762583
G1 X112.005 Y109.345 E.02707
;WIDTH:0.727219
G1 X112.075 Y109.792 E.02574
;WIDTH:0.691855
G1 X112.159 Y110.041 E.01418
;WIDTH:0.662557
G1 X112.243 Y110.289 E.01349
;WIDTH:0.633259
G1 X112.384 Y110.549 E.01452
;WIDTH:0.597229
G1 X112.526 Y110.809 E.01365
;WIDTH:0.561199
G1 X112.667 Y111.069 E.01275
;WIDTH:0.572732
G1 X112.714 Y111.174 E.00507
;WIDTH:0.620295
G1 X112.761 Y111.279 E.00552
;WIDTH:0.667858
G1 X112.808 Y111.384 E.00598
;WIDTH:0.715422
G1 X112.855 Y111.489 E.00643
;WIDTH:0.762985
G1 X112.902 Y111.594 E.00689
;WIDTH:0.810548
G1 X112.949 Y111.7 E.0074
G1 X112.879 Y111.668 E.00491
;WIDTH:0.775047
G1 X112.768 Y111.615 E.00749
;WIDTH:0.725072
G1 X112.657 Y111.561 E.007
;WIDTH:0.675096
G1 X112.546 Y111.507 E.00649
;WIDTH:0.62512
G1 X112.435 Y111.454 E.00595
;WIDTH:0.575144
G1 X112.324 Y111.4 E.00546
;WIDTH:0.571906
G1 X112.073 Y111.106 E.017
;WIDTH:0.609556
G1 X111.863 Y110.777 E.01839
;WIDTH:0.647205
G1 X111.653 Y110.448 E.01961
;WIDTH:0.685515
G1 X111.509 Y110.078 E.02121
;WIDTH:0.723825
G1 X111.365 Y109.708 E.02248
;WIDTH:0.768777
G1 X111.205 Y108.838 E.05339
;WIDTH:0.796556
G1 X111.193 Y108.128 E.0445
G1 X111.24 Y107.667 E.02904
;WIDTH:0.794218
G1 X111.458 Y106.834 E.05379
;WIDTH:0.796945
G1 X111.748 Y106.181 E.0448
;WIDTH:0.79705
G1 X112.006 Y105.773 E.03027
G1 X112.251 Y105.536 E.02137
;WIDTH:0.761439
G1 X112.496 Y105.3 E.02032
;WIDTH:0.725828
G1 X112.944 Y104.952 E.03221
;WIDTH:0.690783
G1 X113.182 Y104.811 E.0149
;WIDTH:0.66008
G1 X113.42 Y104.671 E.01417
;WIDTH:0.629377
G1 X113.78 Y104.516 E.01911
;WIDTH:0.592769
G1 X114.14 Y104.361 E.01792
;WIDTH:0.55616
G1 X114.452 Y104.282 E.01374
;WIDTH:0.561328
G1 X114.681 Y104.252 E.00996
G1 E-1.4 F3600
;WIPE_START
G1 F7200
G1 X114.452 Y104.282 E-.1097
G1 X114.14 Y104.361 E-.15288
G1 X113.78 Y104.516 E-.18618
G1 X113.487 Y104.642 E-.15124
;WIPE_END
G1 Z16.5 F9000
G1 X119.086 Y108.818
G1 Z14.5
G1 E2 F2400
;WIDTH:0.868182
G1 F900
G1 X119.063 Y108.988 E.01177
;WIDTH:0.822723
G1 X119.04 Y109.157 E.01106
;WIDTH:0.777263
G1 X119.017 Y109.326 E.01041
;WIDTH:0.731804
G1 X118.995 Y109.496 E.00982
;WIDTH:0.686344
G1 X118.972 Y109.665 E.00913
;WIDTH:0.640884
G1 X118.906 Y109.906 E.01242
G1 E-1.4 F3600
;WIPE_START
G1 F7200
G1 X118.972 Y109.665 E-.11869
G1 X118.995 Y109.496 E-.08102
G1 X119.017 Y109.326 E-.08142
G1 X119.04 Y109.157 E-.08102
G1 X119.063 Y108.988 E-.08102
G1 X119.086 Y108.818 E-.08149
;WIPE_END
G1 E-.07534 F3600
G1 Z16.5 F9000
G1 X113.362 Y111.989
G1 Z14.5
G1 E2 F2400
;WIDTH:0.724836
G1 F900
G1 X113.224 Y111.893 E.00953
;WIDTH:0.767692
G1 X113.087 Y111.796 E.01012
;WIDTH:0.810548
G1 X112.949 Y111.7 E.01073
;LAYER_CHANGE
;Z:14.7
;HEIGHT:0.2
;BEFORE_LAYER_CHANGE
G92 E0
;14.7


G1 E-1.4 F3600
;WIPE_START
G1 F7200
G1 X113.087 Y111.796 E-.07985
G1 X113.224 Y111.893 E-.07973
G1 X113.362 Y111.989 E-.07985
;WIPE_END
G1 E-.36057 F3600
G1 Z14.7 F9000
;AFTER_LAYER_CHANGE
;14.7
G1 Z14.7
G1 X112.837 Y111.875
G1 E2 F2400
;TYPE:Perimeter
;WIDTH:0.659999
G1 F900
G1 X112.751 Y111.825 E.0051
G1 X112.169 Y111.343 E.03877
G1 X111.78 Y110.863 E.0317
G1 X111.474 Y110.396 E.02865
G1 X111.255 Y109.858 E.0298
G1 X111.062 Y109.226 E.03391
G1 X110.991 Y108.58 E.03335
G1 X110.998 Y108.049 E.02725
G1 X111.086 Y107.391 E.03406
G1 X111.271 Y106.802 E.03168
G1 X111.479 Y106.272 E.02921
G1 X111.723 Y105.831 E.02586
G1 X112.033 Y105.384 E.02791
G1 X112.409 Y104.95 E.02946
G1 X112.811 Y104.576 E.02817
G1 X113.345 Y104.199 E.03354
G1 X114.408 Y103.861 E.05723
G1 X114.932 Y103.78 E.02721
G1 X115.432 Y103.744 E.02572
G1 X116.085 Y103.764 E.03352
G1 X116.869 Y103.909 E.04091
G1 X117.389 Y104.051 E.02766
G1 X117.758 Y104.272 E.02207
G1 X118.355 Y104.731 E.03864
G1 X118.733 Y105.101 E.02714
G1 X119.057 Y105.491 E.02602
G1 X119.393 Y106.035 E.03281
G1 X119.652 Y106.526 E.02848
G1 X119.884 Y107.176 E.03541
G1 X120.004 Y107.824 E.03381
G1 X120.024 Y108.343 E.02665
G1 X120.005 Y108.933 E.03029
G1 X119.913 Y109.429 E.02588
G1 X119.64 Y110.19 E.04148
G1 X119.246 Y110.853 E.03957
G1 X118.735 Y111.422 E.03924
G1 X118.102 Y111.903 E.04079
G1 X117.649 Y112.182 E.0273
G1 X117.126 Y112.437 E.02986
G1 X116.292 Y112.683 E.04462
G1 X115.633 Y112.749 E.03398
G1 X115.014 Y112.725 E.03178
G1 X114.199 Y112.541 E.04287
G1 X113.375 Y112.192 E.04592
G1 X112.915 Y111.921 E.02739
G1 X112.617 Y112.445 F9000
;TYPE:External perimeter
;WIDTH:0.629999
G1 F900
G1 X112.405 Y112.319 E.01204
G1 X111.739 Y111.769 E.04216
G1 X111.312 Y111.241 E.03315
G1 X110.933 Y110.664 E.0337
G1 X110.588 Y109.817 E.04465
G1 X110.47 Y109.341 E.02394
G1 X110.399 Y108.837 E.02485
G1 X110.378 Y108.316 E.02545
G1 X110.411 Y107.784 E.02602
G1 X110.499 Y107.252 E.02632
G1 X110.794 Y106.309 E.04823
G1 X111.037 Y105.799 E.02758
G1 X111.34 Y105.302 E.02841
G1 X111.699 Y104.828 E.02903
G1 X112.113 Y104.385 E.0296
G1 X112.577 Y103.982 E.03
G1 X113.078 Y103.654 E.02923
G1 X113.774 Y103.414 E.03594
G1 X114.476 Y103.23 E.03543
G1 X115.108 Y103.151 E.03109
G1 X115.62 Y103.136 E.025
G1 X116.156 Y103.165 E.0262
G1 X117.047 Y103.33 E.04423
G1 X117.639 Y103.499 E.03005
G1 X118.097 Y103.773 E.02605
G1 X118.751 Y104.275 E.04025
G1 X119.176 Y104.692 E.02907
G1 X119.547 Y105.138 E.02832
G1 X119.906 Y105.718 E.0333
G1 X120.203 Y106.283 E.03116
G1 X120.385 Y106.768 E.02529
G1 X120.518 Y107.261 E.02493
G1 X120.603 Y107.758 E.02461
G1 X120.626 Y108.363 E.02955
G1 X120.605 Y108.999 E.03106
G1 X120.496 Y109.586 E.02914
G1 X120.188 Y110.447 E.04464
G1 X119.733 Y111.212 E.04345
G1 X119.15 Y111.862 E.04262
G1 X118.385 Y112.438 E.04675
G1 X117.948 Y112.705 E.025
G1 X117.338 Y113.002 E.03312
G1 X116.692 Y113.192 E.03287
G1 X116.138 Y113.312 E.02767
G1 X115.442 Y113.359 E.03405
G1 X114.926 Y113.322 E.02525
G1 X114.013 Y113.117 E.04568
G1 X113.104 Y112.731 E.04821
G1 X112.695 Y112.49 E.02317
G1 E-1.4 F3600
;WIPE_START
G1 F7200
G1 X112.617 Y112.445 E-.04277
G1 X112.405 Y112.319 E-.11714
G1 X111.739 Y111.769 E-.41028
G1 X111.7 Y111.72 E-.02981
;WIPE_END
G1 Z16.7 F9000
G1 X111.488 Y108.565
G1 Z14.7
G1 E2 F2400
;TYPE:Solid infill
;WIDTH:0.716697
G1 F900
G1 X111.508 Y108.247 E.01785
;WIDTH:0.75029
G1 X111.529 Y107.929 E.01874
;WIDTH:0.76307
G1 X111.623 Y107.44 E.02982
;WIDTH:0.792716
G1 X111.847 Y106.772 E.04393
G1 X112.029 Y106.411 E.02521
;WIDTH:0.799041
G1 X112.281 Y105.966 E.03215
G1 X112.589 Y105.553 E.03239
;WIDTH:0.796828
G1 X113.135 Y105.01 E.04827
;WIDTH:0.791372
G1 X113.585 Y104.688 E.03444
G1 X113.827 Y104.588 E.0163
;WIDTH:0.760233
G1 X114.069 Y104.488 E.01562
;WIDTH:0.729094
G1 X114.591 Y104.334 E.03105
;WIDTH:0.679359
G1 X115.171 Y104.218 E.0313
;WIDTH:0.636327
G1 X115.55 Y104.189 E.01876
;WIDTH:0.590174
G1 X116.107 Y104.193 E.02535
;WIDTH:0.557407
G1 X116.623 Y104.295 E.0225
;WIDTH:0.591988
G1 X116.895 Y104.378 E.01298
;WIDTH:0.626568
G1 X117.167 Y104.461 E.0138
G1 X117.579 Y104.707 E.02329
;WIDTH:0.628057
G1 X118.066 Y105.09 E.03014
G1 X118.276 Y105.289 E.01408
;WIDTH:0.6268
G1 X118.695 Y105.777 E.03123
G1 X119.14 Y106.504 E.04138
;WIDTH:0.623814
G1 X119.447 Y107.324 E.04229
;WIDTH:0.621046
G1 X119.58 Y108.192 E.04221
;WIDTH:0.608659
G1 X119.574 Y108.835 E.03025
;WIDTH:0.576869
G1 X119.52 Y109.239 E.0181
;WIDTH:0.58556
G1 X119.487 Y109.298 E.00305
;WIDTH:0.620009
G1 X119.455 Y109.357 E.00322
;WIDTH:0.667248
G1 X119.408 Y109.417 E.00396
;WIDTH:0.714486
G1 X119.362 Y109.477 E.00422
;WIDTH:0.761725
G1 X119.315 Y109.536 E.00451
;WIDTH:0.808963
G1 X119.269 Y109.596 E.00482
;WIDTH:0.856201
G1 X119.222 Y109.656 E.00515
;WIDTH:0.90344
G1 X119.176 Y109.716 E.00541
;WIDTH:0.950678
G1 X119.129 Y109.776 E.00575
G1 X119.118 Y109.709 E.00512
;WIDTH:0.906547
G1 X119.106 Y109.643 E.00482
;WIDTH:0.862416
G1 X119.095 Y109.576 E.00463
;WIDTH:0.818285
G1 X119.083 Y109.51 E.00432
;WIDTH:0.774154
G1 X119.072 Y109.443 E.00413
;WIDTH:0.730023
G1 X119.06 Y109.377 E.00383
;WIDTH:0.685892
G1 X119.049 Y109.311 E.00358
;WIDTH:0.641761
G1 X119.037 Y109.244 E.00339
;WIDTH:0.59763
G1 X119.041 Y108.844 E.01845
;WIDTH:0.612901
G1 X119.013 Y108.168 E.03207
;WIDTH:0.614206
G1 X118.853 Y107.342 E.03997
;WIDTH:0.615283
G1 X118.546 Y106.613 E.03765
;WIDTH:0.617921
G1 X118.09 Y105.937 E.03899
;WIDTH:0.628057
G1 X117.676 Y105.525 E.02842
G1 X117.213 Y105.152 E.02893
;WIDTH:0.618387
G1 X116.746 Y104.903 E.02532
;WIDTH:0.606875
G1 X116.474 Y104.803 E.01359
;WIDTH:0.570576
G1 X116.202 Y104.703 E.01271
;WIDTH:0.576423
G1 X115.803 Y104.712 E.0177
;WIDTH:0.606375
G1 X115.555 Y104.753 E.01178
;WIDTH:0.636327
G1 X115.308 Y104.794 E.01235
;WIDTH:0.679359
G1 X114.737 Y104.951 E.03134
;WIDTH:0.709392
G1 X114.512 Y105.046 E.01353
;WIDTH:0.739425
G1 X114.287 Y105.141 E.01414
;WIDTH:0.765373
G1 X113.944 Y105.368 E.02471
;WIDTH:0.79132
G1 X113.602 Y105.595 E.02554
;WIDTH:0.796828
G1 X113.136 Y106.073 E.04185
;WIDTH:0.799041
G1 X112.931 Y106.35 E.02167
G1 X112.552 Y107.026 E.04873
;WIDTH:0.792716
G1 X112.3 Y107.684 E.04393
;WIDTH:0.76307
G1 X112.227 Y108.011 E.02006
;WIDTH:0.75029
G1 X112.172 Y108.364 E.02101
;WIDTH:0.713142
G1 X112.116 Y108.717 E.01992
;WIDTH:0.675993
G1 X112.105 Y109.55 E.04385
G1 X112.264 Y110.378 E.04438
G1 X112.549 Y111.025 E.03722
G1 X112.094 Y110.482 E.03729
G1 X111.908 Y110.182 E.01858
G1 X111.626 Y109.488 E.03943
G1 X111.508 Y108.871 E.03307
G1 E-1.4 F3600
;WIPE_START
G1 F7200
G1 X111.626 Y109.488 E-.29839
G1 X111.865 Y110.076 E-.30161
;WIPE_END
G1 Z16.7 F9000
G1 X114.991 Y105.525
G1 Z14.7
G1 E2 F2400
;TYPE:Internal infill
;WIDTH:0.66
G1 F900
G1 X115.682 Y105.309 E.03715
G1 X116.067 Y105.248 E.02
G1 X116.208 Y105.283 E.00745
G1 X116.867 Y105.637 E.03838
G1 X117.445 Y106.114 E.03845
G1 X118.003 Y106.871 E.04825
G1 X113.51 Y111.363 E.32599
G1 X113.117 Y110.755 E.03715
G1 X112.854 Y110.175 E.03268
G1 X112.725 Y109.471 E.03672
G1 X112.738 Y108.753 E.03685
G1 X112.81 Y108.336 E.02171
G1 X113.068 Y107.53 E.04342
G1 X113.292 Y107.058 E.02681
G1 X117.781 Y111.547 E.32574
G1 X118.008 Y111.394 E.01405
G1 X117.731 Y111.189 E.01768
G1 X118.035 Y110.684 E.03024
G1 X118.32 Y109.977 E.03911
G1 X118.451 Y109.242 E.03831
G1 X118.426 Y108.258 E.05051
;LAYER_CHANGE
;Z:14.9
;HEIGHT:0.2
;BEFORE_LAYER_CHANGE
G92 E0
;14.9


G1 E-1.4 F3600
;WIPE_START
G1 F7200
G1 X118.451 Y109.242 E-.46755
G1 X118.402 Y109.517 E-.13245
;WIPE_END
G1 Z14.9 F9000
;AFTER_LAYER_CHANGE
;14.9
G1 Z16.9
G1 X118.899 Y104.876
G1 Z14.9
G1 E2 F2400
;TYPE:Perimeter
;WIDTH:0.659999
G1 F900
G1 X119.12 Y105.036 E.014
G1 X119.648 Y105.761 E.04602
G1 X120.047 Y106.578 E.04665
G1 X120.204 Y107.054 E.02572
G1 X120.345 Y107.757 E.03679
G1 X120.377 Y108.473 E.03677
G1 X120.321 Y109.087 E.03164
G1 X120.189 Y109.717 E.03303
G1 X119.981 Y110.262 E.02993
G1 X119.616 Y110.885 E.03705
G1 X119.261 Y111.371 E.03088
G1 X118.842 Y111.782 E.03012
G1 X118.205 Y112.213 E.03946
G1 X117.512 Y112.505 E.03859
G1 X117.011 Y112.634 E.02654
G1 X116.491 Y112.737 E.0272
G1 X115.909 Y112.79 E.02999
G1 X115.105 Y112.736 E.04135
G1 X114.468 Y112.574 E.03373
G1 X113.841 Y112.311 E.03489
G1 X113.388 Y112.016 E.02774
G1 X112.952 Y111.687 E.02803
G1 X112.515 Y111.256 E.03149
G1 X112.099 Y110.748 E.03369
G1 X111.701 Y110.087 E.03959
G1 X111.505 Y109.582 E.02779
G1 X111.34 Y108.757 E.04317
G1 X111.336 Y108.105 E.03345
G1 X111.412 Y107.503 E.03113
G1 X111.664 Y106.678 E.04426
G1 X111.953 Y106.109 E.03275
G1 X112.24 Y105.675 E.0267
G1 X112.702 Y105.147 E.036
G1 X113.11 Y104.772 E.02843
G1 X113.551 Y104.454 E.0279
G1 X114.043 Y104.174 E.02905
G1 X114.597 Y103.934 E.03098
G1 X115.184 Y103.753 E.03152
G1 X115.666 Y103.74 E.02474
G1 X116.672 Y103.852 E.05194
G1 X117.326 Y104.032 E.0348
G1 X117.817 Y104.222 E.02701
G1 X118.409 Y104.524 E.0341
G1 X118.826 Y104.824 E.02636
G1 X119.179 Y104.336 F9000
;TYPE:External perimeter
;WIDTH:0.629999
G1 F900
G1 X119.551 Y104.603 E.02235
G1 X120.166 Y105.45 E.0511
G1 X120.471 Y106.074 E.03391
G1 X120.702 Y106.642 E.02993
G1 X120.883 Y107.379 E.03705
G1 X120.965 Y107.98 E.02961
G1 X120.978 Y108.488 E.02481
G1 X120.918 Y109.169 E.03337
G1 X120.818 Y109.681 E.02547
G1 X120.668 Y110.169 E.02492
G1 X120.408 Y110.772 E.03206
G1 X120.036 Y111.344 E.03331
G1 X119.591 Y111.908 E.03507
G1 X119.217 Y112.255 E.0249
G1 X118.493 Y112.744 E.04265
G1 X117.706 Y113.077 E.04172
G1 X117.161 Y113.217 E.02747
G1 X116.584 Y113.332 E.02872
G1 X115.908 Y113.394 E.03314
G1 X115.318 Y113.354 E.02887
G1 X114.73 Y113.27 E.029
G1 X114.055 Y113.071 E.03435
G1 X113.55 Y112.84 E.02711
G1 X113.059 Y112.52 E.02861
G1 X112.557 Y112.141 E.03071
G1 X112.065 Y111.657 E.03369
G1 X111.605 Y111.095 E.03545
G1 X111.159 Y110.353 E.04226
G1 X110.925 Y109.751 E.03153
G1 X110.797 Y109.11 E.03191
G1 X110.728 Y108.547 E.02769
G1 X110.746 Y107.863 E.0334
G1 X110.823 Y107.368 E.02445
G1 X111.101 Y106.46 E.04636
G1 X111.325 Y105.985 E.02564
G1 X111.605 Y105.519 E.02654
G1 X111.937 Y105.076 E.02702
G1 X112.478 Y104.511 E.03819
G1 X112.926 Y104.145 E.02824
G1 X113.42 Y103.819 E.02889
G1 X113.957 Y103.54 E.02954
G1 X114.53 Y103.312 E.0301
G1 X115.092 Y103.154 E.0285
G1 X115.691 Y103.137 E.02925
G1 X116.455 Y103.222 E.03753
G1 X117.094 Y103.336 E.03169
G1 X117.591 Y103.486 E.02534
G1 X118.235 Y103.747 E.03392
G1 X118.729 Y104.012 E.02737
G1 X119.106 Y104.284 E.02269
G1 E-1.4 F3600
;WIPE_START
G1 F7200
G1 X119.179 Y104.336 E-.04257
G1 X119.551 Y104.603 E-.2175
G1 X119.971 Y105.182 E-.33993
;WIPE_END
G1 Z16.9 F9000
G1 X115.73 Y104.273
G1 Z14.9
G1 E2 F2400
;TYPE:Solid infill
;WIDTH:0.742049
G1 F900
G1 X115.992 Y104.286 E.01525
;WIDTH:0.715929
G1 X116.253 Y104.298 E.01462
;WIDTH:0.689808
G1 X116.764 Y104.369 E.02775
;WIDTH:0.653688
G1 X117.114 Y104.459 E.01835
;WIDTH:0.619144
G1 X117.465 Y104.549 E.01736
;WIDTH:0.5846
G1 X117.989 Y104.781 E.02581
;WIDTH:0.571149
G1 X118.439 Y105.076 E.02363
;WIDTH:0.59725
G1 X118.63 Y105.239 E.01157
;WIDTH:0.623351
G1 X118.821 Y105.401 E.01209
;WIDTH:0.62457
G1 X119.266 Y106.021 E.03691
G1 X119.63 Y106.769 E.04023
;WIDTH:0.622663
G1 X119.787 Y107.281 E.02582
;WIDTH:0.629446
G1 X119.882 Y107.788 E.02516
G1 X119.908 Y108.212 E.02072
;WIDTH:0.628764
G1 X119.907 Y108.727 E.02509
G1 X119.838 Y109.235 E.02497
;WIDTH:0.620089
G1 X119.702 Y109.719 E.02413
;WIDTH:0.602959
G1 X119.505 Y110.25 E.02637
;WIDTH:0.583467
G1 X119.244 Y110.691 E.02303
;WIDTH:0.58712
G1 X119.193 Y110.73 E.00291
;WIDTH:0.628716
G1 X119.142 Y110.769 E.00313
;WIDTH:0.670311
G1 X119.091 Y110.809 E.00338
;WIDTH:0.711907
G1 X119.04 Y110.848 E.00357
;WIDTH:0.753502
G1 X118.989 Y110.888 E.00383
;WIDTH:0.793963
G1 X118.918 Y110.931 E.00518
;WIDTH:0.834424
G1 X118.848 Y110.974 E.00541
;WIDTH:0.874885
G1 X118.778 Y111.017 E.00568
;WIDTH:0.915346
G1 X118.707 Y111.059 E.00598
G1 X118.733 Y110.976 E.00631
;WIDTH:0.871887
G1 X118.744 Y110.9 E.00529
;WIDTH:0.825264
G1 X118.754 Y110.824 E.00499
;WIDTH:0.778641
G1 X118.765 Y110.748 E.0047
;WIDTH:0.732017
G1 X118.775 Y110.672 E.00439
;WIDTH:0.685394
G1 X118.786 Y110.596 E.0041
;WIDTH:0.638771
G1 X118.796 Y110.521 E.00375
;WIDTH:0.592148
G1 X118.807 Y110.445 E.00351
;WIDTH:0.583467
G1 X119.001 Y110.057 E.0195
;WIDTH:0.603669
G1 X119.172 Y109.535 E.02561
;WIDTH:0.617509
G1 X119.297 Y108.993 E.02658
G1 X119.343 Y108.253 E.03542
;WIDTH:0.629446
G1 X119.304 Y107.889 E.01785
G1 X119.208 Y107.336 E.02737
;WIDTH:0.621702
G1 X119.019 Y106.799 E.0274
;WIDTH:0.612762
G1 X118.62 Y106.076 E.03913
;WIDTH:0.610016
G1 X118.082 Y105.459 E.0386
;WIDTH:0.571149
G1 X117.73 Y105.202 E.01914
;WIDTH:0.566578
G1 X117.49 Y105.125 E.01097
;WIDTH:0.592758
G1 X117.251 Y105.047 E.01149
;WIDTH:0.633803
G1 X116.883 Y105.001 E.01822
;WIDTH:0.674848
G1 X116.515 Y104.954 E.01949
;WIDTH:0.712635
G1 X116.131 Y104.963 E.02139
;WIDTH:0.750422
G1 X115.747 Y104.972 E.0226
;WIDTH:0.791299
G1 X114.954 Y105.177 E.05097
;WIDTH:0.796878
G1 X114.362 Y105.47 E.04141
;WIDTH:0.79965
G1 X114.064 Y105.674 E.02272
G1 X113.639 Y106.021 E.03452
;WIDTH:0.785234
G1 X113.155 Y106.556 E.04453
;WIDTH:0.77208
G1 X112.908 Y106.937 E.02753
;WIDTH:0.733026
G1 X112.66 Y107.317 E.02604
;WIDTH:0.693971
G1 X112.339 Y108.055 E.04357
;WIDTH:0.655055
G1 X112.141 Y108.867 E.04254
G1 X112.121 Y109.428 E.02857
G1 X112.193 Y109.988 E.02874
G1 X111.96 Y109.449 E.02989
G1 X111.813 Y108.708 E.03845
G1 X111.817 Y107.995 E.03629
G1 X111.88 Y107.589 E.02091
;WIDTH:0.687852
G1 X112.015 Y107.214 E.02137
;WIDTH:0.720649
G1 X112.15 Y106.839 E.02246
;WIDTH:0.746365
G1 X112.344 Y106.505 E.02259
;WIDTH:0.77208
G1 X112.539 Y106.17 E.0235
;WIDTH:0.787302
G1 X112.824 Y105.8 E.02891
;WIDTH:0.789064
G1 X113.18 Y105.429 E.0319
;WIDTH:0.79965
G1 X113.591 Y105.083 E.03381
G1 X114.019 Y104.799 E.03232
;WIDTH:0.796878
G1 X114.708 Y104.47 E.04787
;WIDTH:0.798356
G1 X115.208 Y104.312 E.03294
G1 X115.422 Y104.296 E.01348
G1 E-1.4 F3600
;WIPE_START
G1 F7200
G1 X115.208 Y104.312 E-.10193
G1 X114.708 Y104.47 E-.24908
G1 X114.235 Y104.696 E-.24899
;WIPE_END
G1 Z16.9 F9000
G1 X118.707 Y111.059
G1 Z14.9
G1 E2 F2400
;WIDTH:0.915346
G1 F900
G1 X118.472 Y111.332 E.02613
;WIDTH:0.869404
G1 X118.347 Y111.444 E.01153
;WIDTH:0.823943
G1 X118.221 Y111.557 E.01099
;WIDTH:0.778481
G1 X118.096 Y111.669 E.01027
;WIDTH:0.73302
G1 X117.971 Y111.781 E.00963
G1 E-1.4 F3600
;WIPE_START
G1 F7200
G1 X118.096 Y111.669 E-.07972
G1 X118.221 Y111.557 E-.07972
G1 X118.347 Y111.444 E-.08039
G1 X118.472 Y111.332 E-.07972
G1 X118.707 Y111.059 E-.1711
;WIPE_END
G1 E-.10935 F3600
G1 Z16.9 F9000
G1 X118.703 Y107.929
G1 Z14.9
G1 E2 F2400
;TYPE:Internal infill
;WIDTH:0.66
G1 F900
G1 X118.752 Y108.497 E.02925
G1 X118.705 Y108.93 E.02235
G1 X118.438 Y109.922 E.05271
G1 X118.099 Y110.631 E.04032
G1 X117.553 Y111.318 E.04503
G1 X113.484 Y107.249 E.29526
G1 X113.064 Y107.904 E.03992
G1 X112.803 Y108.653 E.0407
G1 X112.732 Y109.51 E.04412
G1 X112.926 Y110.587 E.05615
G1 X112.663 Y110.687 E.01444
G1 X113.414 Y111.459 E.05526
G1 X118.258 Y106.616 E.35146
G1 X117.661 Y105.847 E.04995
G1 X117.47 Y105.692 E.01262
G1 X117.19 Y105.628 E.01474
G1 X116.236 Y105.574 E.04903
G1 X115.91 Y105.614 E.01685
G1 X115.049 Y105.892 E.04642
;LAYER_CHANGE
;Z:15.1
;HEIGHT:0.200001
;BEFORE_LAYER_CHANGE
G92 E0
;15.1


G1 E-1.4 F3600
;WIPE_START
G1 F7200
G1 X115.91 Y105.614 E-.42976
G1 X116.236 Y105.574 E-.15601
G1 X116.266 Y105.576 E-.01423
;WIPE_END
G1 Z15.1 F9000
;AFTER_LAYER_CHANGE
;15.1
G1 Z17.1
G1 X114.266 Y104.441
G1 Z15.1
G1 E2 F2400
;TYPE:Perimeter
;WIDTH:0.659999
G1 F900
G1 X114.318 Y104.413 E.00303
G1 X114.782 Y104.226 E.02567
G1 X115.69 Y103.998 E.04804
G1 X116.212 Y103.943 E.02693
G1 X116.745 Y103.941 E.02735
G1 X117.246 Y104.003 E.0259
G1 X117.871 Y104.248 E.03444
G1 X118.41 Y104.53 E.03121
G1 X118.869 Y104.834 E.02825
G1 X119.329 Y105.217 E.03071
G1 X119.76 Y105.649 E.03131
G1 X120.082 Y106.055 E.02659
G1 X120.402 Y106.562 E.03076
G1 X120.612 Y107.317 E.04021
G1 X120.7 Y107.928 E.03167
G1 X120.708 Y108.466 E.02761
G1 X120.692 Y108.767 E.01547
G1 X120.621 Y109.36 E.03064
G1 X120.451 Y110.014 E.03467
G1 X120.174 Y110.645 E.03536
G1 X119.845 Y111.194 E.03284
G1 X119.423 Y111.698 E.03373
G1 X118.907 Y112.166 E.03574
G1 X118.213 Y112.592 E.04178
G1 X117.485 Y112.865 E.03989
G1 X116.741 Y112.987 E.03868
G1 X116.118 Y112.963 E.03199
G1 X115.447 Y112.888 E.03464
G1 X114.805 Y112.74 E.03381
G1 X114.331 Y112.546 E.02628
G1 X113.709 Y112.222 E.03599
G1 X113.297 Y111.911 E.02649
G1 X112.838 Y111.441 E.03371
G1 X112.448 Y110.912 E.03372
G1 X112.137 Y110.279 E.03619
G1 X111.882 Y109.642 E.03521
G1 X111.744 Y109.153 E.02607
G1 X111.672 Y108.608 E.02821
G1 X111.705 Y107.796 E.0417
G1 X111.823 Y107.268 E.02776
G1 X111.996 Y106.781 E.02652
G1 X112.266 Y106.242 E.03093
G1 X112.773 Y105.554 E.04385
G1 X113.164 Y105.169 E.02816
G1 X113.889 Y104.64 E.04605
G1 X114.187 Y104.483 E.01728
G1 X113.928 Y103.938 F9000
;TYPE:External perimeter
;WIDTH:0.629999
G1 F900
G1 X114.064 Y103.867 E.00749
G1 X114.595 Y103.652 E.02797
G1 X115.585 Y103.404 E.04982
G1 X116.179 Y103.341 E.02916
G1 X116.781 Y103.339 E.02939
G1 X117.388 Y103.414 E.02986
G1 X117.79 Y103.56 E.02088
G1 X118.254 Y103.764 E.02474
G1 X118.724 Y104.016 E.02603
G1 X119.224 Y104.348 E.0293
G1 X119.729 Y104.766 E.032
G1 X120.215 Y105.255 E.03366
G1 X120.574 Y105.706 E.02814
G1 X120.954 Y106.308 E.03475
G1 X121.101 Y106.787 E.02446
G1 X121.234 Y107.367 E.02905
G1 X121.3 Y107.878 E.02515
G1 X121.309 Y108.497 E.03022
G1 X121.276 Y109.134 E.03114
G1 X121.165 Y109.724 E.02931
G1 X121.02 Y110.212 E.02485
G1 X120.832 Y110.681 E.02467
G1 X120.479 Y111.321 E.03568
G1 X120.173 Y111.752 E.0258
G1 X119.702 Y112.278 E.03447
G1 X119.263 Y112.654 E.02822
G1 X118.479 Y113.135 E.0449
G1 X117.641 Y113.449 E.04369
G1 X116.779 Y113.591 E.04265
G1 X115.794 Y113.553 E.04812
G1 X115.127 Y113.447 E.03297
G1 X114.614 Y113.312 E.0259
G1 X114.103 Y113.103 E.02695
G1 X113.579 Y112.844 E.02853
G1 X113.108 Y112.523 E.02782
G1 X112.723 Y112.196 E.02466
G1 X112.235 Y111.663 E.03528
G1 X111.927 Y111.218 E.02642
G1 X111.596 Y110.544 E.03666
G1 X111.31 Y109.829 E.03759
G1 X111.152 Y109.269 E.0284
G1 X111.068 Y108.636 E.03117
G1 X111.106 Y107.726 E.04446
G1 X111.247 Y107.095 E.03156
G1 X111.44 Y106.551 E.02818
G1 X111.756 Y105.919 E.03449
G1 X112.316 Y105.158 E.04612
G1 X112.773 Y104.709 E.03127
G1 X113.569 Y104.128 E.04811
G1 X113.849 Y103.98 E.01546
G1 E-1.4 F3600
;WIPE_START
G1 F7200
G1 X113.928 Y103.938 E-.0425
G1 X114.064 Y103.867 E-.07287
G1 X114.595 Y103.652 E-.27212
G1 X115.029 Y103.543 E-.21251
;WIPE_END
G1 Z17.1 F9000
G1 X116.844 Y105.933
G1 Z15.1
G1 E2 F2400
;TYPE:Internal infill
;WIDTH:0.66
G1 F900
G1 X115.951 Y105.953 E.04583
G1 X115.292 Y106.138 E.03512
G1 X114.365 Y106.617 E.05354
G1 X113.543 Y107.308 E.0551
G1 X117.572 Y111.338 E.2924
G1 X117.159 Y111.665 E.02703
G1 X116.81 Y111.857 E.02044
G1 X115.966 Y112.211 E.04696
G1 X116.015 Y112.484 E.01423
G1 X114.956 Y112.288 E.05526
G1 X114.311 Y112.024 E.03576
G1 X113.462 Y111.412 E.0537
G1 X118.413 Y106.46 E.3593
G1 X118.65 Y106.633 E.01506
G1 X118.859 Y107.074 E.02504
G1 X119.088 Y108.14 E.05594
G1 X118.994 Y109.196 E.0544
G1 X118.723 Y109.909 E.03914
G1 E-1.4 F3600
;WIPE_START
G1 F7200
G1 X118.994 Y109.196 E-.36231
G1 X119.038 Y108.698 E-.23769
;WIPE_END
G1 Z17.1 F9000
G1 X112.303 Y107.877
G1 Z15.1
G1 E2 F2400
;TYPE:Solid infill
;WIDTH:0.953458
G1 F900
G1 X112.387 Y107.626 E.02004
G1 X112.376 Y107.571 E.00425
;WIDTH:0.904217
G1 X112.364 Y107.515 E.0041
;WIDTH:0.854975
G1 X112.353 Y107.46 E.00379
;WIDTH:0.805734
G1 X112.341 Y107.405 E.00357
;WIDTH:0.756492
G1 X112.329 Y107.349 E.0034
;WIDTH:0.70725
G1 X112.318 Y107.294 E.0031
;WIDTH:0.658009
G1 X112.306 Y107.239 E.00288
;WIDTH:0.608767
G1 X112.295 Y107.183 E.00269
;WIDTH:0.569984
G1 X112.371 Y107.022 E.0078
;WIDTH:0.613475
G1 X112.593 Y106.659 E.02019
;WIDTH:0.656965
G1 X112.815 Y106.295 E.02177
;WIDTH:0.689035
G1 X112.995 Y106.081 E.01502
;WIDTH:0.721105
G1 X113.175 Y105.867 E.01577
;WIDTH:0.749027
G1 X113.674 Y105.44 E.03856
;WIDTH:0.792117
G1 X114.201 Y105.091 E.03938
;WIDTH:0.794564
G1 X114.994 Y104.732 E.0544
G1 X115.76 Y104.538 E.04939
;WIDTH:0.792588
G1 X116.261 Y104.484 E.03141
G1 X116.967 Y104.512 E.04404
;WIDTH:0.788741
G1 X117.543 Y104.67 E.03704
;WIDTH:0.756402
G1 X117.782 Y104.773 E.01544
;WIDTH:0.729473
G1 X118.022 Y104.876 E.01491
;WIDTH:0.702543
G1 X118.395 Y105.101 E.02389
;WIDTH:0.658964
G1 X118.769 Y105.325 E.02233
;WIDTH:0.615384
G1 X118.794 Y105.346 E.00155
;WIDTH:0.61257
G1 X119.063 Y105.585 E.01704
;WIDTH:0.579831
G1 X119.333 Y105.824 E.0161
;WIDTH:0.567929
G1 X119.681 Y106.247 E.02391
;WIDTH:0.596923
G1 X119.821 Y106.484 E.01268
;WIDTH:0.625916
G1 X119.961 Y106.722 E.01339
G1 X120.121 Y107.196 E.02425
;WIDTH:0.627981
G1 X120.22 Y107.719 E.02589
G1 X120.263 Y108.223 E.02461
;WIDTH:0.623224
G1 X120.216 Y109.048 E.03987
;WIDTH:0.619587
G1 X120.107 Y109.559 E.02505
;WIDTH:0.61819
G1 X119.797 Y110.371 E.04158
;WIDTH:0.619572
G1 X119.473 Y110.93 E.03098
G1 X119.146 Y111.33 E.02477
;WIDTH:0.591971
G1 X118.655 Y111.82 E.03167
;WIDTH:0.563313
G1 X118.025 Y112.207 E.03199
G1 X117.385 Y112.446 E.02956
G1 X116.615 Y112.555 E.03365
G1 X117.282 Y112.235 E.03201
G1 X117.809 Y111.89 E.02726
;WIDTH:0.589184
G1 X118.574 Y111.158 E.04809
;WIDTH:0.619572
G1 X118.998 Y110.601 E.03357
;WIDTH:0.622244
G1 X119.33 Y110.022 E.03215
G1 X119.565 Y109.366 E.03357
;WIDTH:0.618333
G1 X119.654 Y108.902 E.02261
;WIDTH:0.623224
G1 X119.683 Y108.197 E.03405
;WIDTH:0.627981
G1 X119.644 Y107.819 E.01849
G1 X119.545 Y107.272 E.02704
;WIDTH:0.617062
G1 X119.262 Y106.564 E.0364
;WIDTH:0.578831
G1 X119.073 Y106.274 E.01542
;WIDTH:0.579253
G1 X118.823 Y106.062 E.01462
;WIDTH:0.62155
G1 X118.398 Y105.766 E.02492
;WIDTH:0.662047
G1 X118.059 Y105.612 E.01917
;WIDTH:0.702543
G1 X117.719 Y105.458 E.02047
;WIDTH:0.729473
G1 X117.524 Y105.401 E.0116
;WIDTH:0.756402
G1 X117.329 Y105.343 E.01207
;WIDTH:0.790513
G1 X116.808 Y105.245 E.03295
;WIDTH:0.792588
G1 X116.255 Y105.234 E.03448
G1 X115.778 Y105.295 E.02998
;WIDTH:0.784881
G1 X115.008 Y105.524 E.04956
;WIDTH:0.792117
G1 X114.531 Y105.764 E.03326
G1 X114.043 Y106.039 E.0349
;WIDTH:0.749027
G1 X113.621 Y106.377 E.03174
;WIDTH:0.721105
G1 X113.39 Y106.609 E.01846
;WIDTH:0.684932
G1 X113.159 Y106.842 E.01752
;WIDTH:0.648758
G1 X112.973 Y107.092 E.0157
;WIDTH:0.605422
G1 X112.788 Y107.342 E.01455
;WIDTH:0.610517
G1 X112.738 Y107.377 E.00288
;WIDTH:0.658949
G1 X112.689 Y107.413 E.00311
;WIDTH:0.707381
G1 X112.639 Y107.448 E.00337
;LAYER_CHANGE
;Z:15.3
;HEIGHT:0.2
;BEFORE_LAYER_CHANGE
G92 E0
;15.3


G1 E-1.4 F3600
;WIPE_START
G1 F7200
G1 X112.689 Y107.413 E-.02899
G1 X112.738 Y107.377 E-.02888
G1 X112.788 Y107.342 E-.02899
G1 X112.973 Y107.092 E-.14773
G1 X113.159 Y106.842 E-.14801
G1 X113.39 Y106.609 E-.15585
G1 X113.481 Y106.517 E-.06155
;WIPE_END
G1 Z15.3 F9000
;AFTER_LAYER_CHANGE
;15.3
G1 Z15.3
G1 X112.178 Y107.304
G1 E2 F2400
;TYPE:Perimeter
;WIDTH:0.659999
G1 F900
G1 X112.212 Y107.163 E.00744
G1 X112.549 Y106.437 E.04107
G1 X112.876 Y105.987 E.02854
G1 X113.304 Y105.497 E.03338
G1 X113.808 Y105.102 E.03286
G1 X114.258 Y104.83 E.02698
G1 X114.855 Y104.562 E.03358
G1 X115.452 Y104.409 E.03162
G1 X116.004 Y104.308 E.02879
G1 X116.665 Y104.282 E.03394
G1 X117.186 Y104.337 E.02688
G1 X117.72 Y104.43 E.02781
G1 X118.296 Y104.612 E.031
G1 X118.926 Y104.877 E.03507
G1 X119.461 Y105.333 E.03607
G1 X119.918 Y105.846 E.03525
G1 X120.237 Y106.292 E.02814
G1 X120.565 Y106.861 E.0337
G1 X120.786 Y107.375 E.02871
G1 X120.947 Y107.966 E.03143
G1 X121.052 Y108.458 E.02581
G1 X121.062 Y108.581 E.00633
G1 X120.999 Y109.188 E.03131
G1 X120.834 Y109.922 E.0386
G1 X120.605 Y110.55 E.0343
G1 X120.28 Y111.146 E.03483
G1 X119.991 Y111.561 E.02595
G1 X119.558 Y112.053 E.03363
G1 X119.107 Y112.444 E.03063
G1 X118.526 Y112.813 E.03532
G1 X118.023 Y113.049 E.02851
G1 X117.191 Y113.279 E.04429
G1 X116.636 Y113.33 E.0286
G1 X115.98 Y113.284 E.03374
G1 X115.421 Y113.183 E.02915
G1 X114.902 Y112.985 E.0285
G1 X114.427 Y112.754 E.0271
G1 X113.96 Y112.473 E.02797
G1 X113.397 Y112.045 E.03629
G1 X112.918 Y111.527 E.0362
G1 X112.585 Y111.046 E.03002
G1 X112.228 Y110.258 E.04439
G1 X112.103 Y109.802 E.02426
G1 X111.994 Y108.856 E.04886
G1 X112.037 Y107.896 E.04931
G1 X112.157 Y107.392 E.02658
G1 X111.575 Y107.24 F9000
;TYPE:External perimeter
;WIDTH:0.629999
G1 F900
G1 X111.64 Y106.965 E.01379
G1 X112.027 Y106.131 E.04488
G1 X112.556 Y105.401 E.04401
G1 X112.895 Y105.055 E.02365
G1 X113.281 Y104.732 E.02457
G1 X113.707 Y104.443 E.02513
G1 X114.171 Y104.194 E.02571
G1 X114.665 Y103.99 E.02609
G1 X115.615 Y103.745 E.04789
G1 X116.171 Y103.684 E.0273
G1 X116.694 Y103.68 E.02553
G1 X117.544 Y103.769 E.04172
G1 X118.123 Y103.907 E.02906
G1 X118.791 Y104.153 E.03475
G1 X119.259 Y104.37 E.02518
G1 X119.705 Y104.75 E.0286
G1 X120.136 Y105.175 E.02955
G1 X120.565 Y105.694 E.03287
G1 X120.856 Y106.136 E.02583
G1 X121.108 Y106.598 E.02569
G1 X121.355 Y107.177 E.03073
G1 X121.582 Y108.007 E.04201
G1 X121.653 Y108.412 E.02007
G1 X121.635 Y108.958 E.02667
G1 X121.542 Y109.561 E.02978
G1 X121.412 Y110.092 E.02669
G1 X121.239 Y110.584 E.02546
G1 X121.024 Y111.055 E.02527
G1 X120.775 Y111.49 E.02447
G1 X120.486 Y111.905 E.02469
G1 X120.157 Y112.294 E.02487
G1 X119.672 Y112.751 E.03253
G1 X119.254 Y113.073 E.02576
G1 X118.819 Y113.339 E.02489
G1 X118.225 Y113.618 E.03204
G1 X117.567 Y113.8 E.03333
G1 X116.859 Y113.927 E.03511
G1 X116.351 Y113.939 E.02481
G1 X115.902 Y113.88 E.02211
G1 X115.256 Y113.762 E.03206
G1 X114.67 Y113.541 E.03057
G1 X114.146 Y113.287 E.02843
G1 X113.632 Y112.978 E.02928
G1 X113.179 Y112.645 E.02745
G1 X112.788 Y112.287 E.02588
G1 X112.45 Y111.906 E.02486
G1 X112.055 Y111.335 E.03389
G1 X111.66 Y110.463 E.04673
G1 X111.51 Y109.916 E.02769
G1 X111.391 Y108.877 E.05105
G1 X111.438 Y107.812 E.05204
G1 X111.554 Y107.327 E.02434
G1 X112.871 Y108.43 F9000
;TYPE:Internal infill
;WIDTH:0.66
G1 F900
G1 X112.82 Y108.55 E.00669
G1 X112.489 Y108.44 E.0179
G1 X112.471 Y108.84 E.02054
G1 X112.571 Y109.711 E.04498
G1 X112.676 Y110.096 E.02048
G1 X113.003 Y110.817 E.04062
G1 X113.449 Y111.424 E.03865
G1 X118.164 Y106.71 E.3421
G1 X117.68 Y106.473 E.02765
G1 X116.986 Y106.287 E.03687
G1 X116.546 Y106.249 E.02266
G1 X115.643 Y106.323 E.04649
G1 X114.836 Y106.526 E.0427
G1 X114.423 Y106.702 E.02304
G1 X113.89 Y107.032 E.03217
G1 X113.565 Y107.33 E.02262
G1 X117.688 Y111.453 E.29918
G1 X118.318 Y110.981 E.04039
G1 X118.756 Y110.493 E.03365
G1 X119.091 Y109.931 E.03357
G1 X119.327 Y109.27 E.03601
G1 X119.418 Y108.375 E.04616
G1 E-1.4 F3600
;WIPE_START
G1 F7200
G1 X119.327 Y109.27 E-.42732
G1 X119.205 Y109.612 E-.17268
;WIPE_END
G1 Z17.3 F9000
G1 X116.679 Y104.827
G1 Z15.3
G1 E2 F2400
;TYPE:Solid infill
;WIDTH:0.795363
G1 F900
G1 X117.374 Y104.906 E.04376
G1 X118.176 Y105.141 E.05229
;WIDTH:0.798024
G1 X118.66 Y105.365 E.03349
G1 X118.888 Y105.544 E.0182
;WIDTH:0.769839
G1 X119.116 Y105.722 E.01748
;WIDTH:0.741653
G1 X119.428 Y106.061 E.02677
;WIDTH:0.695572
G1 X119.741 Y106.4 E.02504
;WIDTH:0.64949
G1 X119.961 Y106.737 E.0203
;WIDTH:0.615551
G1 X120.182 Y107.074 E.01919
;WIDTH:0.581611
G1 X120.417 Y107.604 E.02597
;WIDTH:0.579245
G1 X120.502 Y108.01 E.0185
;WIDTH:0.617213
G1 X120.587 Y108.415 E.01976
;WIDTH:0.620265
G1 X120.562 Y109.047 E.03036
G1 X120.442 Y109.627 E.02843
;WIDTH:0.618413
G1 X120.12 Y110.485 E.04385
;WIDTH:0.617694
G1 X119.659 Y111.235 E.04207
;WIDTH:0.625221
G1 X119.218 Y111.742 E.03254
;WIDTH:0.627347
G1 X118.811 Y112.088 E.02596
G1 X118.227 Y112.466 E.03381
;WIDTH:0.599061
G1 X117.857 Y112.64 E.01891
;WIDTH:0.587105
G1 X117.475 Y112.76 E.01812
;WIDTH:0.554481
G1 X117.094 Y112.88 E.01699
;WIDTH:0.535567
G1 X116.384 Y112.92 E.02913
;WIDTH:0.575014
G1 X116.251 Y112.883 E.00611
;WIDTH:0.614461
G1 X116.118 Y112.845 E.00657
;WIDTH:0.653908
G1 X115.985 Y112.808 E.00701
;WIDTH:0.693354
G1 X115.853 Y112.771 E.00741
G1 X115.979 Y112.731 E.00715
;WIDTH:0.653908
G1 X116.106 Y112.691 E.00676
;WIDTH:0.614461
G1 X116.233 Y112.651 E.00633
;WIDTH:0.575014
G1 X116.359 Y112.611 E.00585
;WIDTH:0.535567
G1 X117.142 Y112.37 E.03356
;WIDTH:0.563477
G1 X117.529 Y112.188 E.01851
;WIDTH:0.599061
G1 X117.916 Y112.006 E.01978
;WIDTH:0.627347
G1 X118.484 Y111.605 E.03379
G1 X118.81 Y111.328 E.02079
;WIDTH:0.625221
G1 X119.279 Y110.785 E.03474
;WIDTH:0.623432
G1 X119.649 Y110.146 E.03564
;WIDTH:0.622276
G1 X119.911 Y109.393 E.03841
;WIDTH:0.620037
G1 X119.998 Y108.9 E.02402
;WIDTH:0.618889
G1 X120.013 Y108.399 E.024
;WIDTH:0.617213
G1 X119.971 Y108.053 E.01664
;WIDTH:0.579245
G1 X119.93 Y107.707 E.01554
;WIDTH:0.581611
G1 X119.719 Y107.341 E.01892
;WIDTH:0.621287
G1 X119.477 Y107.038 E.01865
;WIDTH:0.660962
G1 X119.234 Y106.735 E.01996
;WIDTH:0.706466
G1 X118.904 Y106.457 E.02381
;WIDTH:0.75197
G1 X118.573 Y106.179 E.02548
;WIDTH:0.79767
G1 X118.131 Y105.933 E.03175
;WIDTH:0.800971
G1 X117.583 Y105.737 E.03668
G1 X117.06 Y105.611 E.03391
;WIDTH:0.785649
G1 X116.526 Y105.57 E.03308
;WIDTH:0.783922
G1 X115.932 Y105.604 E.03666
G1 X115.43 Y105.713 E.03165
;WIDTH:0.755446
G1 X114.929 Y105.822 E.03038
;WIDTH:0.72697
G1 X114.114 Y106.13 E.04956
G1 X113.475 Y106.532 E.04294
;WIDTH:0.758063
G1 X113.159 Y106.807 E.02491
;WIDTH:0.789156
G1 X112.844 Y107.083 E.02599
G1 X113.003 Y106.694 E.02608
;WIDTH:0.746778
G1 X113.402 Y106.127 E.04058
;WIDTH:0.72697
G1 X113.95 Y105.622 E.04239
G1 X114.633 Y105.209 E.0454
;WIDTH:0.752185
G1 X115.045 Y105.052 E.026
;WIDTH:0.780556
G1 X115.959 Y104.86 E.05728
;WIDTH:0.786028
G1 X116.371 Y104.841 E.02548
G1 E-1.4 F3600
;WIPE_START
G1 F7200
G1 X115.959 Y104.86 E-.19591
G1 X115.126 Y105.035 E-.40409
;WIPE_END
G1 Z17.3 F9000
G1 X112.844 Y107.083
G1 Z15.3
G1 E2 F2400
;WIDTH:0.789156
G1 F900
G1 X112.704 Y107.33 E.01762
;LAYER_CHANGE
;Z:15.5
;HEIGHT:0.2
;BEFORE_LAYER_CHANGE
G92 E0
;15.5


G1 E-1.4 F3600
;WIPE_START
G1 F7200
G1 X112.844 Y107.083 E-.13486
;WIPE_END
G1 E-.46514 F3600
G1 Z15.5 F9000
;AFTER_LAYER_CHANGE
;15.5
G1 Z15.5
G1 X112.528 Y107.258
G1 E2 F2400
;TYPE:Perimeter
;WIDTH:0.659999
G1 F900
G1 X112.717 Y106.834 E.02382
G1 X113.132 Y106.189 E.03935
G1 X113.687 Y105.619 E.04082
G1 X114.082 Y105.346 E.02464
G1 X114.559 Y105.059 E.02856
G1 X115.121 Y104.831 E.03112
G1 X115.767 Y104.683 E.03401
G1 X116.359 Y104.632 E.03049
G1 X116.952 Y104.649 E.03044
G1 X117.639 Y104.756 E.03568
G1 X118.509 Y105.053 E.04717
G1 X118.963 Y105.283 E.02611
G1 X119.415 Y105.574 E.02758
G1 X119.844 Y105.918 E.02821
G1 X120.212 Y106.28 E.02649
G1 X120.488 Y106.722 E.02674
G1 X120.705 Y107.183 E.02614
G1 X120.907 Y107.735 E.03016
G1 X121.052 Y108.385 E.03417
G1 X121.105 Y108.926 E.02789
G1 X121.111 Y109.787 E.04418
G1 X121.024 Y110.417 E.03263
G1 X120.696 Y111.125 E.04004
G1 X120.336 Y111.672 E.0336
G1 X120.019 Y112.059 E.02567
G1 X119.661 Y112.421 E.02612
G1 X119.145 Y112.838 E.03404
G1 X118.542 Y113.188 E.03577
G1 X117.946 Y113.441 E.03322
G1 X117.275 Y113.607 E.03547
G1 X116.689 Y113.674 E.03026
G1 X115.968 Y113.645 E.03702
G1 X115.189 Y113.469 E.04098
G1 X114.484 Y113.158 E.03954
G1 X113.845 Y112.71 E.04004
G1 X113.368 Y112.228 E.03479
G1 X113.036 Y111.826 E.02675
G1 X112.741 Y111.397 E.02671
G1 X112.431 Y110.803 E.03438
G1 X112.262 Y110.314 E.02655
G1 X112.168 Y109.792 E.02721
G1 X112.108 Y109.091 E.0361
G1 X112.182 Y108.416 E.03484
G1 X112.301 Y107.907 E.02682
G1 X112.494 Y107.341 E.03068
G1 X111.929 Y107.131 F9000
;TYPE:External perimeter
;WIDTH:0.629999
G1 F900
G1 X111.95 Y107.075 E.00292
G1 X112.186 Y106.547 E.02823
G1 X112.658 Y105.813 E.0426
G1 X113.297 Y105.157 E.0447
G1 X114.037 Y104.646 E.0439
G1 X114.469 Y104.432 E.02353
G1 X114.938 Y104.256 E.02445
G1 X115.434 Y104.126 E.02503
G1 X115.951 Y104.045 E.02555
G1 X116.613 Y104.02 E.03234
G1 X117.249 Y104.068 E.03114
G1 X117.794 Y104.173 E.02709
G1 X118.744 Y104.497 E.049
G1 X119.263 Y104.76 E.0284
G1 X119.767 Y105.085 E.02927
G1 X120.244 Y105.467 E.02983
G1 X120.635 Y105.851 E.02675
G1 X120.847 Y106.129 E.01707
G1 X121.179 Y106.763 E.03494
G1 X121.393 Y107.293 E.0279
G1 X121.539 Y107.785 E.02505
G1 X121.647 Y108.289 E.02516
G1 X121.707 Y108.904 E.03016
G1 X121.724 Y109.367 E.02262
G1 X121.693 Y110.037 E.03274
G1 X121.603 Y110.599 E.02778
G1 X121.226 Y111.412 E.04375
G1 X120.94 Y111.872 E.02644
G1 X120.612 Y112.303 E.02644
G1 X120.249 Y112.699 E.02622
G1 X119.715 Y113.16 E.03444
G1 X119.289 Y113.458 E.02538
G1 X118.847 Y113.709 E.02481
G1 X118.386 Y113.915 E.02465
G1 X117.881 Y114.085 E.02601
G1 X117.384 Y114.199 E.02489
G1 X116.703 Y114.277 E.03346
G1 X115.889 Y114.244 E.03977
G1 X115 Y114.043 E.04449
G1 X114.186 Y113.685 E.04341
G1 X113.459 Y113.174 E.04338
G1 X113.161 Y112.883 E.02033
G1 X112.711 Y112.394 E.03244
G1 X112.373 Y111.947 E.02736
G1 X112.103 Y111.509 E.02512
G1 X111.874 Y111.033 E.02579
G1 X111.678 Y110.467 E.02924
G1 X111.576 Y109.899 E.02817
G1 X111.512 Y109.292 E.0298
G1 X111.538 Y108.608 E.03341
G1 X111.631 Y108.072 E.02656
G1 X111.776 Y107.549 E.02649
G1 X111.898 Y107.216 E.01731
G1 X112.772 Y107.987 F9000
;TYPE:Internal infill
;WIDTH:0.66
G1 F900
G1 X112.609 Y108.737 E.03938
G1 X112.595 Y109.485 E.03839
G1 X112.723 Y110.194 E.03697
G1 X112.871 Y110.622 E.02324
G1 X113.38 Y111.493 E.05176
G1 X117.914 Y106.96 E.32897
G1 X117.053 Y106.631 E.04729
G1 X115.948 Y106.458 E.05739
G1 X115.46 Y106.47 E.02505
G1 X114.816 Y106.588 E.03359
G1 X114.187 Y106.832 E.03462
G1 X113.565 Y107.33 E.04088
G1 X117.914 Y111.679 E.31558
G1 X118.725 Y111.066 E.05216
G1 X119.35 Y110.186 E.05538
G1 X119.665 Y109.318 E.04738
G1 X119.452 Y108.678 E.03461
G1 E-1.4 F3600
;WIPE_START
G1 F7200
G1 X119.665 Y109.318 E-.32039
G1 X119.464 Y109.871 E-.27961
;WIPE_END
G1 Z17.5 F9000
G1 X115.379 Y112.894
G1 Z15.5
G1 E2 F2400
;TYPE:Solid infill
;WIDTH:0.95391
G1 F900
G1 X115.627 Y112.93 E.01898
G1 E-1.4 F3600
;WIPE_START
G1 F7200
G1 X115.379 Y112.894 E-.11903
;WIPE_END
G1 E-.48097 F3600
G1 Z17.5 F9000
G1 X113.376 Y106.677
G1 Z15.5
G1 E2 F2400
;WIDTH:0.644288
G1 F900
G1 X113.502 Y106.478 E.01178
G1 X114.001 Y105.97 E.03561
G1 X114.594 Y105.566 E.03588
;WIDTH:0.649861
G1 X115.374 Y105.257 E.04234
;WIDTH:0.687011
G1 X115.812 Y105.201 E.02365
;WIDTH:0.72416
G1 X116.249 Y105.144 E.02496
;WIDTH:0.76704
G1 X116.943 Y105.179 E.04184
;WIDTH:0.793285
G1 X117.524 Y105.289 E.03689
G1 X118.01 Y105.449 E.03192
;WIDTH:0.795069
G1 X118.675 Y105.746 E.04555
;WIDTH:0.800605
G1 X119.096 Y106.018 E.03158
G1 X119.498 Y106.337 E.03233
;WIDTH:0.792137
G1 X119.877 Y106.736 E.03428
;WIDTH:0.79096
G1 X120.033 Y107.005 E.01934
;WIDTH:0.759199
G1 X120.19 Y107.274 E.01855
;WIDTH:0.727437
G1 X120.294 Y107.525 E.01546
;WIDTH:0.699891
G1 X120.398 Y107.776 E.01484
;WIDTH:0.672345
G1 X120.566 Y108.286 E.0281
;WIDTH:0.634666
G1 X120.66 Y108.733 E.02248
;WIDTH:0.586102
G1 X120.683 Y109.004 E.01228
;WIDTH:0.558496
G1 X120.707 Y109.275 E.01166
;WIDTH:0.569079
G1 X120.666 Y109.826 E.02417
;WIDTH:0.595996
G1 X120.614 Y110.076 E.01174
;WIDTH:0.622913
G1 X120.562 Y110.326 E.01231
;WIDTH:0.625795
G1 X120.281 Y110.921 E.03189
G1 X119.78 Y111.643 E.04259
;WIDTH:0.620801
G1 X119.151 Y112.256 E.0422
;WIDTH:0.618492
G1 X118.416 Y112.735 E.04199
;WIDTH:0.617848
G1 X117.634 Y113.05 E.0403
;WIDTH:0.613633
G1 X116.822 Y113.219 E.03936
;WIDTH:0.593173
G1 X116.213 Y113.231 E.02787
;WIDTH:0.606121
G1 X116.14 Y113.193 E.00385
;WIDTH:0.655806
G1 X116.067 Y113.156 E.00417
;WIDTH:0.70549
G1 X115.993 Y113.118 E.00458
;WIDTH:0.755174
G1 X115.92 Y113.08 E.00487
;WIDTH:0.804858
G1 X115.847 Y113.043 E.00519
;WIDTH:0.854542
G1 X115.774 Y113.005 E.00555
;WIDTH:0.904226
G1 X115.7 Y112.968 E.00593
;WIDTH:0.95391
G1 X115.627 Y112.93 E.00623
G1 X115.694 Y112.913 E.00524
;WIDTH:0.912134
G1 X115.76 Y112.897 E.00491
;WIDTH:0.870358
G1 X115.827 Y112.88 E.00476
;WIDTH:0.828582
G1 X115.893 Y112.864 E.00444
;WIDTH:0.786805
G1 X115.953 Y112.835 E.00412
;WIDTH:0.740732
G1 X116.014 Y112.806 E.00392
;WIDTH:0.694658
G1 X116.074 Y112.777 E.00361
;WIDTH:0.648585
G1 X116.134 Y112.748 E.00336
;WIDTH:0.602511
G1 X116.194 Y112.719 E.0031
;WIDTH:0.581541
G1 X116.556 Y112.681 E.0163
;WIDTH:0.606645
G1 X116.918 Y112.642 E.01707
;WIDTH:0.622921
G1 X117.593 Y112.464 E.03367
G1 X118.236 Y112.183 E.03384
;WIDTH:0.621764
G1 X118.87 Y111.744 E.03712
;WIDTH:0.61832
G1 X119.407 Y111.187 E.03702
;WIDTH:0.616222
G1 X119.889 Y110.434 E.04262
;WIDTH:0.613768
G1 X120.149 Y109.737 E.03531
;WIDTH:0.573941
G1 X120.219 Y109.335 E.01802
;WIDTH:0.560345
G1 X120.173 Y109.074 E.0114
;WIDTH:0.586102
G1 X120.126 Y108.813 E.01198
;WIDTH:0.634666
G1 X120.012 Y108.49 E.01685
;WIDTH:0.672345
G1 X119.809 Y107.993 E.0281
;WIDTH:0.70481
G1 X119.688 Y107.776 E.01367
;WIDTH:0.737274
G1 X119.567 Y107.56 E.01429
;WIDTH:0.764117
G1 X119.416 Y107.36 E.01503
;WIDTH:0.79096
G1 X119.265 Y107.16 E.01559
G1 X118.886 Y106.798 E.0326
;WIDTH:0.795069
G1 X118.294 Y106.392 E.04489
G1 X117.997 Y106.244 E.02075
;WIDTH:0.794492
G1 X117.305 Y106.006 E.04573
;WIDTH:0.793285
G1 X116.778 Y105.883 E.03376
;WIDTH:0.761324
G1 X116.108 Y105.821 E.04019
;WIDTH:0.71795
G1 X115.746 Y105.844 E.02036
;WIDTH:0.681119
G1 X115.385 Y105.866 E.01919
;WIDTH:0.644288
G1 X114.622 Y106.01 E.03883
G1 X113.887 Y106.303 E.03957
G1 X113.625 Y106.495 E.01624
;LAYER_CHANGE
;Z:15.7
;HEIGHT:0.2
;BEFORE_LAYER_CHANGE
G92 E0
;15.7


G1 E-1.4 F3600
;WIPE_START
G1 F7200
G1 X113.887 Y106.303 E-.15429
G1 X114.622 Y106.01 E-.37584
G1 X114.766 Y105.983 E-.06987
;WIPE_END
G1 Z15.7 F9000
;AFTER_LAYER_CHANGE
;15.7
G1 Z15.7
G1 X113.439 Y106.342
G1 E2 F2400
;TYPE:Perimeter
;WIDTH:0.659999
G1 F900
G1 X113.716 Y106.048 E.02073
G1 X114.317 Y105.58 E.03908
G1 X115.027 Y105.228 E.04066
G1 X115.794 Y105.019 E.04079
G1 X116.5 Y104.963 E.03634
G1 X117.283 Y105.029 E.04032
G1 X117.894 Y105.187 E.03238
G1 X118.423 Y105.396 E.02918
G1 X119.025 Y105.724 E.03518
G1 X119.746 Y106.292 E.0471
G1 X120.096 Y106.658 E.02598
G1 X120.424 Y107.081 E.02746
G1 X120.709 Y107.538 E.02763
G1 X121.019 Y108.21 E.03797
G1 X121.124 Y109.034 E.04262
G1 X121.122 Y109.642 E.0312
G1 X121.057 Y110.251 E.03143
G1 X120.846 Y111.094 E.04459
G1 X120.617 Y111.658 E.03123
G1 X120.29 Y112.268 E.03551
G1 X119.915 Y112.637 E.02699
G1 X119.532 Y112.972 E.02611
G1 X118.945 Y113.352 E.03588
G1 X118.492 Y113.589 E.02623
G1 X117.863 Y113.825 E.03447
G1 X117.2 Y113.964 E.03476
G1 X116.594 Y114.011 E.03119
G1 X115.939 Y113.988 E.03363
G1 X115.262 Y113.846 E.03549
G1 X114.741 Y113.667 E.02827
G1 X114.171 Y113.353 E.03339
G1 X113.659 Y113 E.03191
G1 X113.117 Y112.433 E.04025
G1 X112.818 Y111.991 E.02738
G1 X112.53 Y111.351 E.03601
G1 X112.347 Y110.874 E.02621
G1 X112.213 Y110.388 E.02587
G1 X112.12 Y109.772 E.03197
G1 X112.141 Y108.92 E.04373
G1 X112.262 Y108.347 E.03005
G1 X112.453 Y107.798 E.02983
G1 X112.707 Y107.291 E.0291
G1 X113.246 Y106.548 E.0471
G1 X113.377 Y106.408 E.00984
G1 X112.923 Y106.011 F9000
;TYPE:External perimeter
;WIDTH:0.629999
G1 F900
G1 X113.31 Y105.601 E.02752
G1 X113.995 Y105.068 E.04237
G1 X114.812 Y104.663 E.04451
G1 X115.408 Y104.5 E.03016
G1 X115.981 Y104.39 E.02848
G1 X116.519 Y104.36 E.0263
G1 X117.375 Y104.432 E.04193
G1 X117.88 Y104.547 E.02528
G1 X118.388 Y104.718 E.02617
G1 X118.887 Y104.945 E.02676
G1 X119.366 Y105.225 E.02708
G1 X120.152 Y105.846 E.0489
G1 X120.553 Y106.265 E.02831
G1 X120.919 Y106.737 E.02916
G1 X121.239 Y107.251 E.02956
G1 X121.602 Y108.036 E.04222
G1 X121.726 Y109.008 E.04783
G1 X121.723 Y109.67 E.03232
G1 X121.65 Y110.364 E.03407
G1 X121.484 Y111.023 E.03317
G1 X121.304 Y111.585 E.02881
G1 X121.036 Y112.174 E.03159
G1 X120.768 Y112.643 E.02637
G1 X120.123 Y113.277 E.04415
G1 X119.699 Y113.602 E.02608
G1 X119.005 Y114.018 E.0395
G1 X118.526 Y114.234 E.02565
G1 X118.031 Y114.403 E.02553
G1 X117.528 Y114.525 E.02527
G1 X117.022 Y114.598 E.02496
G1 X116.351 Y114.622 E.03278
G1 X115.601 Y114.541 E.03682
G1 X115.105 Y114.427 E.02484
G1 X114.489 Y114.215 E.0318
G1 X113.661 Y113.759 E.04614
G1 X113.256 Y113.45 E.02487
G1 X112.646 Y112.813 E.04305
G1 X112.291 Y112.286 E.03102
G1 X111.981 Y111.599 E.03679
G1 X111.743 Y110.963 E.03315
G1 X111.58 Y110.317 E.03252
G1 X111.517 Y109.801 E.02538
G1 X111.534 Y109.142 E.03218
G1 X111.59 Y108.582 E.02747
G1 X111.715 Y108.073 E.02559
G1 X111.898 Y107.566 E.02631
G1 X112.195 Y106.971 E.03246
G1 X112.781 Y106.163 E.04872
G1 X112.862 Y106.077 E.00577
G1 E-1.4 F3600
;WIPE_START
G1 F7200
G1 X112.923 Y106.011 E-.04269
G1 X113.31 Y105.601 E-.2678
G1 X113.791 Y105.227 E-.28951
;WIPE_END
G1 Z17.7 F9000
G1 X112.758 Y108.345
G1 Z15.7
G1 E2 F2400
;TYPE:Internal infill
;WIDTH:0.66
G1 F900
G1 X112.615 Y108.967 E.03275
G1 X112.596 Y109.748 E.04009
G1 X112.721 Y110.484 E.03831
G1 X112.984 Y111.202 E.03923
G1 X113.219 Y111.002 E.01583
G1 X113.553 Y111.32 E.02366
G1 X117.683 Y107.183 E.29994
G1 X116.642 Y106.669 E.05957
G1 X116.261 Y106.567 E.02024
G1 X115.564 Y106.489 E.03599
G1 X114.816 Y106.588 E.03871
G1 X113.977 Y106.864 E.04532
G1 X113.841 Y106.608 E.01487
G1 X113.391 Y107.157 E.03642
G1 X118.153 Y111.919 E.34555
G1 X118.87 Y111.402 E.04536
G1 X119.402 Y110.764 E.04262
G1 X119.419 Y109.921 E.04326
G1 X119.284 Y109.204 E.03744
G1 X119.144 Y108.819 E.02102
G1 E-1.4 F3600
;WIPE_START
G1 F7200
G1 X119.284 Y109.204 E-.19459
G1 X119.419 Y109.921 E-.34656
G1 X119.417 Y110.045 E-.05885
;WIPE_END
G1 Z17.7 F9000
G1 X116.519 Y105.438
G1 Z15.7
G1 E2 F2400
;TYPE:Solid infill
;WIDTH:0.654299
G1 F900
G1 X116.843 Y105.477 E.01659
;WIDTH:0.695847
G1 X117.167 Y105.516 E.01772
;WIDTH:0.705894
G1 X117.485 Y105.603 E.01817
;WIDTH:0.732332
G1 X117.745 Y105.694 E.01579
;WIDTH:0.758769
G1 X118.005 Y105.785 E.0164
;WIDTH:0.788736
G1 X118.728 Y106.176 E.05097
G1 X119.146 Y106.502 E.03287
;WIDTH:0.795598
G1 X119.671 Y106.999 E.04525
;WIDTH:0.800469
G1 X119.986 Y107.41 E.03262
G1 X120.267 Y107.87 E.03395
;WIDTH:0.793939
G1 X120.503 Y108.42 E.03737
G1 X120.554 Y108.708 E.01826
;WIDTH:0.763381
G1 X120.605 Y108.996 E.01752
;WIDTH:0.732823
G1 X120.622 Y109.383 E.02222
;WIDTH:0.696254
G1 X120.639 Y109.77 E.02104
;WIDTH:0.659685
G1 X120.599 Y110.181 E.02118
;WIDTH:0.632001
G1 X120.542 Y110.483 E.01505
;WIDTH:0.595279
G1 X120.486 Y110.786 E.01415
;WIDTH:0.558557
G1 X120.307 Y111.295 E.02313
;WIDTH:0.569344
G1 X120.189 Y111.529 E.01147
;WIDTH:0.599693
G1 X120.07 Y111.763 E.01215
;WIDTH:0.619086
G1 X119.903 Y112.011 E.01432
;WIDTH:0.626308
G1 X119.439 Y112.463 E.03142
G1 X119.088 Y112.732 E.02145
G1 X118.402 Y113.123 E.0383
;WIDTH:0.618105
G1 X117.57 Y113.42 E.04225
;WIDTH:0.624359
G1 X116.897 Y113.542 E.03307
;WIDTH:0.630825
G1 X116.356 Y113.555 E.02645
G1 X115.59 Y113.466 E.0377
;WIDTH:0.610747
G1 X114.941 Y113.278 E.0319
;WIDTH:0.59332
G1 X114.702 Y113.141 E.01261
;WIDTH:0.639921
G1 X114.656 Y113.089 E.00345
;WIDTH:0.686521
G1 X114.61 Y113.037 E.00372
;WIDTH:0.733122
G1 X114.565 Y112.985 E.00395
;WIDTH:0.779722
G1 X114.519 Y112.933 E.00425
;WIDTH:0.826323
G1 X114.473 Y112.882 E.00447
;WIDTH:0.872923
G1 X114.427 Y112.83 E.00479
;WIDTH:0.919524
G1 X114.381 Y112.778 E.00506
;WIDTH:0.966124
G1 X114.335 Y112.726 E.00533
G1 X114.4 Y112.727 E.00499
;WIDTH:0.919524
G1 X114.465 Y112.727 E.00474
;WIDTH:0.872923
G1 X114.529 Y112.728 E.00442
;WIDTH:0.826323
G1 X114.594 Y112.728 E.00423
;WIDTH:0.779722
G1 X114.659 Y112.729 E.00398
;WIDTH:0.733122
G1 X114.723 Y112.729 E.00367
;WIDTH:0.686521
G1 X114.788 Y112.73 E.00348
;WIDTH:0.639921
G1 X114.853 Y112.73 E.00323
;WIDTH:0.59332
G1 X115.074 Y112.765 E.01024
;WIDTH:0.607562
G1 X115.865 Y112.939 E.03803
;WIDTH:0.624359
G1 X116.839 Y112.965 E.04711
G1 X117.55 Y112.834 E.03495
;WIDTH:0.623334
G1 X118.242 Y112.566 E.03581
;WIDTH:0.626218
G1 X118.785 Y112.234 E.03087
G1 X119.034 Y112.043 E.01522
G1 X119.592 Y111.486 E.03824
;WIDTH:0.599693
G1 X119.736 Y111.267 E.01213
;WIDTH:0.569344
G1 X119.881 Y111.047 E.01153
;WIDTH:0.558557
G1 X119.978 Y110.721 E.01458
;WIDTH:0.592267
G1 X119.994 Y110.423 E.01363
;WIDTH:0.625976
G1 X120.011 Y110.124 E.01452
;WIDTH:0.659685
G1 X120.027 Y109.826 E.0153
;WIDTH:0.696254
G1 X119.974 Y109.442 E.02106
;WIDTH:0.732823
G1 X119.921 Y109.059 E.02218
;WIDTH:0.763381
G1 X119.852 Y108.838 E.01387
;WIDTH:0.793939
G1 X119.783 Y108.617 E.01446
;WIDTH:0.794182
G1 X119.586 Y108.182 E.02983
G1 X119.206 Y107.612 E.04279
;WIDTH:0.799593
G1 X118.855 Y107.244 E.032
G1 X118.307 Y106.794 E.04461
;WIDTH:0.788736
G1 X117.67 Y106.418 E.04587
;WIDTH:0.758769
G1 X117.36 Y106.285 E.02008
;WIDTH:0.727308
G1 X117.049 Y106.153 E.01923
;WIDTH:0.695847
G1 X116.707 Y106.07 E.01911
;WIDTH:0.650105
G1 X116.365 Y105.987 E.01777
;WIDTH:0.604362
G1 X115.744 Y105.913 E.0292
;WIDTH:0.604193
G1 X115.185 Y105.921 E.02609
;WIDTH:0.652061
G1 X114.906 Y105.95 E.01421
;WIDTH:0.699928
G1 X114.628 Y105.979 E.01527
G1 X114.666 Y105.956 E.00243
;WIDTH:0.692314
G1 X114.926 Y105.8 E.01637
;WIDTH:0.645214
G1 X115.185 Y105.645 E.01512
;WIDTH:0.598113
G1 X115.687 Y105.508 E.02402
G1 X116.197 Y105.417 E.02392
;WIDTH:0.598751
G1 X116.211 Y105.418 E.00065
G1 E-1.4 F3600
;WIPE_START
G1 F7200
G1 X116.197 Y105.417 E-.00667
G1 X115.687 Y105.508 E-.24608
G1 X115.185 Y105.645 E-.24717
G1 X115.004 Y105.754 E-.10008
;WIPE_END
G1 Z17.7 F9000
G1 X113.512 Y112.115
G1 Z15.7
G1 E2 F2400
;WIDTH:0.758873
G1 F900
G1 X113.641 Y112.223 E.01002
;WIDTH:0.796777
G1 X113.771 Y112.331 E.01059
;WIDTH:0.834682
G1 X113.9 Y112.439 E.01108
;WIDTH:0.872586
G1 X114.03 Y112.547 E.01166
;WIDTH:0.919355
G1 X114.183 Y112.636 E.0129
;WIDTH:0.966124
G1 X114.335 Y112.726 E.01356
;LAYER_CHANGE
;Z:15.9
;HEIGHT:0.2
;BEFORE_LAYER_CHANGE
G92 E0
;15.9


G1 E-1.4 F3600
;WIPE_START
G1 F7200
G1 X114.183 Y112.636 E-.08391
G1 X114.03 Y112.547 E-.08408
G1 X113.9 Y112.439 E-.08028
G1 X113.771 Y112.331 E-.07991
G1 X113.641 Y112.223 E-.08028
G1 X113.512 Y112.115 E-.07991
;WIPE_END
G1 E-.11163 F3600
G1 Z15.9 F9000
;AFTER_LAYER_CHANGE
;15.9
G1 Z15.9
G1 X112.088 Y110.951
G1 E2 F2400
;TYPE:Perimeter
;WIDTH:0.659999
G1 F900
G1 X112.033 Y110.721 E.01213
G1 X111.996 Y110.224 E.02557
G1 X112.013 Y109.668 E.02854
G1 X112.064 Y109.064 E.0311
G1 X112.209 Y108.439 E.03292
G1 X112.424 Y107.941 E.02783
G1 X112.673 Y107.456 E.02797
G1 X113.023 Y106.976 E.03048
G1 X113.502 Y106.509 E.03433
G1 X114.041 Y106.106 E.03453
G1 X114.603 Y105.788 E.03313
G1 X115.084 Y105.569 E.02712
G1 X115.545 Y105.439 E.02458
G1 X116.036 Y105.332 E.02578
G1 X116.63 Y105.304 E.03051
G1 X117.193 Y105.359 E.02903
G1 X117.777 Y105.508 E.03093
G1 X118.252 Y105.692 E.02614
G1 X118.806 Y105.988 E.03223
G1 X119.499 Y106.528 E.04508
G1 X119.942 Y107.017 E.03386
G1 X120.25 Y107.446 E.0271
G1 X120.51 Y107.905 E.02707
G1 X120.718 Y108.398 E.02746
G1 X120.924 Y109.057 E.03543
G1 X121.003 Y109.562 E.02623
G1 X121.06 Y110.218 E.03379
G1 X120.992 Y110.58 E.0189
G1 X120.844 Y111.097 E.02759
G1 X120.447 Y112.004 E.0508
G1 X120.179 Y112.445 E.02648
G1 X119.794 Y112.941 E.03222
G1 X119.334 Y113.421 E.03411
G1 X118.861 Y113.796 E.03097
G1 X118.192 Y114.073 E.03715
G1 X117.516 Y114.249 E.03584
G1 X116.796 Y114.354 E.03733
G1 X116.172 Y114.347 E.03202
G1 X115.67 Y114.288 E.02594
G1 X115.034 Y114.139 E.03352
G1 X114.402 Y113.882 E.03501
G1 X113.856 Y113.576 E.03212
G1 X113.444 Y113.265 E.02649
G1 X112.871 Y112.671 E.04235
G1 X112.436 Y112.001 E.04099
G1 X112.216 Y111.491 E.0285
G1 X112.108 Y111.039 E.02385
G1 X111.495 Y111.063 F9000
;TYPE:External perimeter
;WIDTH:0.629999
G1 F900
G1 X111.436 Y110.814 E.01249
G1 X111.393 Y110.237 E.02824
G1 X111.423 Y109.267 E.04737
G1 X111.502 Y108.757 E.02519
G1 X111.638 Y108.241 E.02605
G1 X112.012 Y107.38 E.04582
G1 X112.428 Y106.762 E.03637
G1 X112.903 Y106.231 E.03478
G1 X113.288 Y105.899 E.02482
G1 X113.719 Y105.596 E.02572
G1 X114.329 Y105.251 E.03421
G1 X114.876 Y105.002 E.02934
G1 X115.709 Y104.767 E.04225
G1 X116.419 Y104.706 E.03479
G1 X117.025 Y104.738 E.02962
G1 X117.545 Y104.82 E.0257
G1 X118.23 Y105.023 E.03488
G1 X118.695 Y105.23 E.02485
G1 X119.142 Y105.487 E.02517
G1 X119.902 Y106.079 E.04703
G1 X120.277 Y106.468 E.02638
G1 X120.622 Y106.908 E.02729
G1 X120.926 Y107.391 E.02786
G1 X121.184 Y107.91 E.02829
G1 X121.369 Y108.433 E.02708
G1 X121.511 Y108.924 E.02495
G1 X121.602 Y109.51 E.02895
G1 X121.667 Y110.248 E.03617
G1 X121.579 Y110.718 E.02334
G1 X121.412 Y111.302 E.02965
G1 X120.983 Y112.282 E.05222
G1 X120.68 Y112.78 E.02846
G1 X120.382 Y113.185 E.02455
G1 X119.998 Y113.621 E.02836
G1 X119.606 Y113.992 E.02635
G1 X119.169 Y114.317 E.02659
G1 X118.68 Y114.54 E.02624
G1 X118.165 Y114.72 E.02663
G1 X117.364 Y114.9 E.04008
G1 X116.833 Y114.955 E.02606
G1 X116.12 Y114.947 E.03481
G1 X115.614 Y114.889 E.02486
G1 X115.114 Y114.783 E.02495
G1 X114.635 Y114.634 E.02449
G1 X114.142 Y114.425 E.02614
G1 X113.519 Y114.075 E.03488
G1 X113.044 Y113.717 E.02904
G1 X112.398 Y113.048 E.0454
G1 X111.903 Y112.286 E.04436
G1 X111.642 Y111.681 E.03216
G1 X111.516 Y111.15 E.02664
G1 X112.995 Y111.803 F9000
;TYPE:Solid infill
;WIDTH:0.86422
G1 F900
G1 X113.027 Y111.82 E.00247
;WIDTH:0.844463
G1 X113.101 Y111.857 E.00551
;WIDTH:0.799651
G1 X113.176 Y111.895 E.00529
;WIDTH:0.754838
G1 X113.251 Y111.932 E.00495
;WIDTH:0.710026
G1 X113.325 Y111.969 E.00459
;WIDTH:0.665213
G1 X113.4 Y112.006 E.00433
;WIDTH:0.6204
G1 X113.475 Y112.044 E.00404
;WIDTH:0.575588
G1 X113.549 Y112.081 E.00366
;WIDTH:0.547058
G1 X113.803 Y112.317 E.01453
;WIDTH:0.575882
G1 X114.094 Y112.516 E.01562
;WIDTH:0.604706
G1 X114.385 Y112.714 E.01644
;WIDTH:0.622929
G1 X115.021 Y113.028 E.03421
G1 X115.662 Y113.235 E.03249
;WIDTH:0.622001
G1 X116.429 Y113.327 E.0372
;WIDTH:0.618488
G1 X117.2 Y113.266 E.03701
;WIDTH:0.6175
G1 X118.059 Y113.02 E.04269
;WIDTH:0.611544
G1 X118.757 Y112.646 E.03744
;WIDTH:0.57271
G1 X119.144 Y112.293 E.02308
;WIDTH:0.594954
G1 X119.329 Y111.9 E.01994
;WIDTH:0.637876
G1 X119.515 Y111.508 E.02146
;WIDTH:0.683851
G1 X119.62 Y111.094 E.02276
;WIDTH:0.729825
G1 X119.725 Y110.68 E.02439
;WIDTH:0.756146
G1 X119.735 Y110.243 E.02592
;WIDTH:0.782466
G1 X119.745 Y109.806 E.02688
;WIDTH:0.786187
G1 X119.597 Y109.073 E.04622
;WIDTH:0.788916
G1 X119.365 Y108.486 E.03915
;WIDTH:0.796013
G1 X119.066 Y108 E.03573
G1 X118.615 Y107.411 E.04645
;WIDTH:0.76321
G1 X118.377 Y107.172 E.0202
;WIDTH:0.732426
G1 X118.14 Y106.932 E.01934
;WIDTH:0.701641
G1 X117.856 Y106.74 E.01878
;WIDTH:0.669932
G1 X117.573 Y106.548 E.01783
;WIDTH:0.638223
G1 X117.275 Y106.403 E.0164
;WIDTH:0.594031
G1 X116.978 Y106.258 E.01515
;WIDTH:0.549839
G1 X116.429 Y106.039 E.02491
G1 X115.429 Y105.925 E.04242
G1 X115.906 Y105.773 E.0211
G1 X116.54 Y105.731 E.02678
G1 X117.099 Y105.772 E.02363
;WIDTH:0.561661
G1 X117.326 Y105.837 E.01018
;WIDTH:0.599942
G1 X117.571 Y105.924 E.01204
;WIDTH:0.638223
G1 X117.816 Y106.012 E.01289
;WIDTH:0.666557
G1 X118.27 Y106.252 E.02663
;WIDTH:0.711409
G1 X118.722 Y106.558 E.03034
;WIDTH:0.73731
G1 X118.941 Y106.75 E.01682
;WIDTH:0.76321
G1 X119.161 Y106.941 E.01745
;WIDTH:0.768781
G1 X119.455 Y107.285 E.02731
;WIDTH:0.797272
G1 X119.915 Y107.936 E.05
G1 X120.136 Y108.378 E.031
;WIDTH:0.793146
G1 X120.359 Y109.014 E.04204
;WIDTH:0.792538
G1 X120.476 Y109.703 E.04356
;WIDTH:0.793818
G1 X120.498 Y110.241 E.03362
G1 X120.426 Y110.6 E.02286
;WIDTH:0.756944
G1 X120.354 Y110.958 E.02168
;WIDTH:0.72007
G1 X120.18 Y111.398 E.02664
;WIDTH:0.674081
G1 X120.007 Y111.838 E.02481
;WIDTH:0.628091
G1 X119.798 Y112.186 E.01975
;WIDTH:0.590061
G1 X119.59 Y112.533 E.01841
;WIDTH:0.552031
G1 X119.393 Y112.767 E.01295
;WIDTH:0.582677
G1 X119.024 Y113.113 E.0227
;WIDTH:0.625268
G1 X118.597 Y113.409 E.02516
;WIDTH:0.630097
G1 X117.843 Y113.704 E.03953
G1 X117.176 Y113.854 E.03338
;WIDTH:0.620908
G1 X116.301 Y113.896 E.0421
;WIDTH:0.618329
G1 X115.429 Y113.768 E.04217
;WIDTH:0.622929
G1 X114.772 Y113.551 E.03337
G1 X114.121 Y113.21 E.03544
;WIDTH:0.604706
G1 X113.72 Y112.921 E.02309
;WIDTH:0.583421
G1 X113.45 Y112.658 E.01694
;WIDTH:0.557098
G1 X113.181 Y112.395 E.01608
;WIDTH:0.572701
G1 X113.158 Y112.32 E.00346
;WIDTH:0.614627
G1 X113.134 Y112.246 E.0037
;WIDTH:0.656552
G1 X113.111 Y112.171 E.004
;WIDTH:0.698478
G1 X113.088 Y112.097 E.00422
G1 E-1.4 F3600
;WIPE_START
G1 F7200
G1 X113.111 Y112.171 E-.03681
G1 X113.134 Y112.246 E-.03726
G1 X113.158 Y112.32 E-.03695
G1 X113.181 Y112.395 E-.03726
G1 X113.45 Y112.658 E-.1787
G1 X113.72 Y112.921 E-.17904
G1 X113.88 Y113.037 E-.09398
;WIPE_END
G1 Z17.9 F9000
G1 X116.844 Y112.713
G1 Z15.9
G1 E2 F2400
;TYPE:Internal infill
;WIDTH:0.66
G1 F900
G1 X116.416 Y112.731 E.02198
G1 X115.722 Y112.64 E.03591
G1 X114.986 Y112.365 E.04031
G1 X114.128 Y111.861 E.05106
G1 X113.541 Y111.333 E.04051
G1 X117.583 Y107.29 E.29334
G1 X116.925 Y106.845 E.04076
G1 X116.302 Y106.586 E.03462
G1 X115.564 Y106.489 E.03819
G1 X114.956 Y106.518 E.03123
G1 X114.9 Y106.175 E.01783
G1 X113.951 Y106.75 E.05693
G1 X113.451 Y107.216 E.03507
G1 X118.416 Y112.182 E.36032
G1 X118.648 Y112.025 E.01437
G1 X118.796 Y111.721 E.01735
G1 X118.931 Y111.351 E.02021
G1 X119.074 Y110.648 E.03681
G1 X119.028 Y109.584 E.05465
G1 X118.725 Y108.734 E.0463
;LAYER_CHANGE
;Z:16.1
;HEIGHT:0.200001
;BEFORE_LAYER_CHANGE
G92 E0
;16.1


G1 E-1.4 F3600
;WIPE_START
G1 F7200
G1 X119.028 Y109.584 E-.42864
G1 X119.044 Y109.944 E-.17136
;WIPE_END
G1 Z16.1 F9000
;AFTER_LAYER_CHANGE
;16.1
G1 Z18.1
G1 X120.122 Y107.92
G1 Z16.1
G1 E2 F2400
;TYPE:Perimeter
;WIDTH:0.659999
G1 F900
G1 X120.301 Y108.249 E.01922
G1 X120.539 Y108.908 E.03595
G1 X120.673 Y109.606 E.03647
G1 X120.704 Y110.241 E.03262
G1 X120.69 Y110.859 E.03172
G1 X120.577 Y111.419 E.02931
G1 X120.409 Y112.066 E.0343
G1 X120.048 Y112.63 E.03436
G1 X119.711 Y113.027 E.02672
G1 X119.306 Y113.444 E.02983
G1 X118.824 Y113.844 E.03214
G1 X118.376 Y114.136 E.02744
G1 X117.781 Y114.433 E.03412
G1 X117.183 Y114.655 E.03273
G1 X116.691 Y114.683 E.02529
G1 X116.125 Y114.685 E.02904
G1 X115.61 Y114.623 E.02662
G1 X114.957 Y114.473 E.03438
G1 X114.31 Y114.217 E.0357
G1 X113.859 Y113.976 E.02624
G1 X113.346 Y113.625 E.03189
G1 X112.932 Y113.232 E.02929
G1 X112.592 Y112.866 E.02563
G1 X112.261 Y112.391 E.02971
G1 X111.983 Y111.835 E.0319
G1 X111.797 Y111.222 E.03287
G1 X111.68 Y110.628 E.03106
G1 X111.687 Y109.838 E.04054
G1 X111.78 Y109.36 E.02499
G1 X111.961 Y108.768 E.03176
G1 X112.208 Y108.175 E.03296
G1 X112.48 Y107.688 E.02862
G1 X112.891 Y107.128 E.03564
G1 X113.319 Y106.735 E.02981
G1 X113.862 Y106.321 E.03504
G1 X114.325 Y106.086 E.02664
G1 X114.848 Y105.89 E.02866
G1 X115.373 Y105.762 E.02773
G1 X115.996 Y105.669 E.03232
G1 X116.558 Y105.643 E.02887
G1 X117.091 Y105.689 E.02745
G1 X117.475 Y105.792 E.0204
G1 X118.093 Y105.993 E.03334
G1 X118.586 Y106.253 E.0286
G1 X119.251 Y106.764 E.04303
G1 X119.659 Y107.208 E.03094
G1 X119.971 Y107.643 E.02747
G1 X120.079 Y107.841 E.01157
G1 X120.599 Y107.508 F9000
;TYPE:External perimeter
;WIDTH:0.629999
G1 F900
G1 X120.611 Y107.528 E.00114
G1 X120.855 Y108.011 E.02642
G1 X121.117 Y108.737 E.03768
G1 X121.236 Y109.25 E.02571
G1 X121.315 Y109.893 E.03162
G1 X121.306 Y110.255 E.01768
G1 X121.29 Y110.926 E.03276
G1 X121.115 Y111.795 E.04327
G1 X120.956 Y112.327 E.02711
G1 X120.533 Y112.988 E.03831
G1 X120.17 Y113.416 E.0274
G1 X119.788 Y113.818 E.02707
G1 X119.347 Y114.199 E.02845
G1 X118.864 Y114.536 E.02875
G1 X118.331 Y114.84 E.02995
G1 X117.77 Y115.09 E.02998
G1 X117.294 Y115.252 E.02455
G1 X116.358 Y115.305 E.04576
G1 X115.822 Y115.268 E.02623
G1 X115.293 Y115.182 E.02616
G1 X114.779 Y115.048 E.02593
G1 X114.284 Y114.87 E.02568
G1 X113.813 Y114.648 E.02542
G1 X113.369 Y114.386 E.02517
G1 X112.961 Y114.089 E.02463
G1 X112.503 Y113.656 E.03077
G1 X112.123 Y113.243 E.0274
G1 X111.738 Y112.692 E.03281
G1 X111.421 Y112.058 E.0346
G1 X111.221 Y111.397 E.03371
G1 X111.077 Y110.669 E.03623
G1 X111.084 Y110.021 E.03163
G1 X111.151 Y109.376 E.03166
G1 X111.323 Y108.755 E.03146
G1 X111.54 Y108.176 E.03018
G1 X111.777 Y107.68 E.02683
G1 X112.094 Y107.166 E.02948
G1 X112.449 Y106.717 E.02794
G1 X113.14 Y106.082 E.04581
G1 X113.707 Y105.719 E.03286
G1 X114.193 Y105.488 E.02627
G1 X114.887 Y105.248 E.03585
G1 X115.444 Y105.132 E.02777
G1 X115.944 Y105.069 E.0246
G1 X116.571 Y105.039 E.03064
G1 X117.196 Y105.094 E.03063
G1 X117.812 Y105.259 E.03113
G1 X118.333 Y105.441 E.02694
G1 X118.919 Y105.75 E.03234
G1 X119.653 Y106.313 E.04516
G1 X120.002 Y106.672 E.02444
G1 X120.325 Y107.08 E.0254
G1 X120.551 Y107.433 E.02046
G1 E-1.4 F3600
;WIPE_START
G1 F7200
G1 X120.599 Y107.508 E-.0423
G1 X120.611 Y107.528 E-.01108
G1 X120.855 Y108.011 E-.25704
G1 X121.062 Y108.584 E-.28958
;WIPE_END
G1 Z18.1 F9000
G1 X117.01 Y106.185
G1 Z16.1
G1 E2 F2400
;TYPE:Solid infill
;WIDTH:0.755859
G1 F900
G1 X117.176 Y106.254 E.01066
;WIDTH:0.802372
G1 X117.342 Y106.322 E.01133
;WIDTH:0.848885
G1 X117.507 Y106.39 E.01196
;WIDTH:0.895398
G1 X117.673 Y106.459 E.01274
;WIDTH:0.899562
G1 X117.775 Y106.49 E.00759
;WIDTH:0.859597
G1 X117.855 Y106.505 E.00553
;WIDTH:0.816077
G1 X117.935 Y106.521 E.00524
;WIDTH:0.772558
G1 X118.015 Y106.537 E.00495
;WIDTH:0.729038
G1 X118.096 Y106.553 E.00471
;WIDTH:0.685518
G1 X118.176 Y106.568 E.00435
;WIDTH:0.641998
G1 X118.256 Y106.584 E.00406
;WIDTH:0.598478
G1 X118.336 Y106.6 E.00377
;WIDTH:0.564158
G1 X118.463 Y106.697 E.00693
;WIDTH:0.608113
G1 X118.77 Y106.988 E.01988
;WIDTH:0.652067
G1 X119.078 Y107.279 E.02146
;WIDTH:0.684794
G1 X119.258 Y107.516 E.01588
;WIDTH:0.71752
G1 X119.439 Y107.752 E.01668
;WIDTH:0.739302
G1 X119.687 Y108.211 E.03021
;WIDTH:0.777753
G1 X119.959 Y108.874 E.04379
;WIDTH:0.791394
G1 X120.112 Y109.469 E.03824
;WIDTH:0.799184
G1 X120.166 Y109.976 E.03206
G1 X120.142 Y110.831 E.05379
;WIDTH:0.793746
G1 X119.997 Y111.567 E.04683
;WIDTH:0.793256
G1 X119.891 Y111.87 E.02003
G1 X119.7 Y112.177 E.02256
;WIDTH:0.757004
G1 X119.509 Y112.483 E.02142
;WIDTH:0.720752
G1 X119.186 Y112.888 E.0292
;WIDTH:0.68606
G1 X118.964 Y113.106 E.01664
;WIDTH:0.64951
G1 X118.742 Y113.323 E.01566
;WIDTH:0.612959
G1 X118.443 Y113.554 E.01791
;WIDTH:0.580662
G1 X118.144 Y113.784 E.01687
;WIDTH:0.565062
G1 X117.615 Y114.034 E.0254
;WIDTH:0.594052
G1 X117.33 Y114.12 E.01364
;WIDTH:0.623042
G1 X117.046 Y114.206 E.01431
;WIDTH:0.626946
G1 X116.346 Y114.239 E.03403
;WIDTH:0.629725
G1 X115.486 Y114.133 E.04228
G1 X114.668 Y113.874 E.04187
;WIDTH:0.629446
G1 X113.931 Y113.481 E.04073
G1 X113.451 Y113.102 E.02983
;WIDTH:0.612272
G1 X113.013 Y112.661 E.02943
;WIDTH:0.609932
G1 X112.631 Y112.144 E.03031
;WIDTH:0.594172
G1 X112.376 Y111.678 E.02435
;WIDTH:0.552334
G1 X112.157 Y110.957 E.03192
G1 X112.101 Y110.599 E.01535
G1 X112.108 Y109.885 E.03025
G1 X112.171 Y109.575 E.0134
G1 X112.312 Y110.332 E.03262
G1 X112.484 Y110.816 E.02176
G1 X112.837 Y111.462 E.03118
;WIDTH:0.594172
G1 X113.092 Y111.847 E.02117
;WIDTH:0.615316
G1 X113.497 Y112.355 E.03092
;WIDTH:0.626092
G1 X113.993 Y112.808 E.03257
G1 X114.528 Y113.165 E.03119
;WIDTH:0.613003
G1 X115.233 Y113.467 E.03636
G1 X115.957 Y113.629 E.03517
;WIDTH:0.626946
G1 X116.392 Y113.657 E.02117
G1 X116.99 Y113.629 E.02907
;WIDTH:0.623042
G1 X117.238 Y113.58 E.01219
;WIDTH:0.594052
G1 X117.487 Y113.532 E.01162
;WIDTH:0.565062
G1 X117.858 Y113.372 E.01754
;WIDTH:0.592151
G1 X118.147 Y113.099 E.01816
;WIDTH:0.634609
G1 X118.435 Y112.826 E.01952
;WIDTH:0.677681
G1 X118.686 Y112.481 E.02252
;WIDTH:0.720752
G1 X118.937 Y112.135 E.02409
;WIDTH:0.757004
G1 X119.082 Y111.83 E.02005
;WIDTH:0.793256
G1 X119.228 Y111.524 E.02115
G1 X119.364 Y110.994 E.03414
;WIDTH:0.782329
G1 X119.426 Y110.402 E.0366
;WIDTH:0.789289
G1 X119.387 Y109.678 E.045
G1 X119.297 Y109.246 E.02739
;WIDTH:0.789189
G1 X119.142 Y108.727 E.03361
;WIDTH:0.767286
G1 X118.842 Y108.066 E.04372
;WIDTH:0.71752
G1 X118.664 Y107.788 E.01852
;WIDTH:0.681267
G1 X118.486 Y107.511 E.01748
;WIDTH:0.645013
G1 X118.267 Y107.264 E.01653
;WIDTH:0.599986
G1 X118.049 Y107.018 E.01523
;WIDTH:0.59968
G1 X118.004 Y106.947 E.00389
;WIDTH:0.644402
G1 X117.959 Y106.877 E.00416
;WIDTH:0.689123
G1 X117.915 Y106.807 E.00444
;WIDTH:0.733845
G1 X117.87 Y106.737 E.00478
G1 E-1.4 F3600
;WIPE_START
G1 F7200
G1 X117.915 Y106.807 E-.03953
G1 X117.959 Y106.877 E-.03927
G1 X118.004 Y106.947 E-.03953
G1 X118.049 Y107.018 E-.03993
G1 X118.267 Y107.264 E-.15613
G1 X118.486 Y107.511 E-.1568
G1 X118.633 Y107.739 E-.12881
;WIPE_END
G1 Z18.1 F9000
G1 X118.714 Y110.714
G1 Z16.1
G1 E2 F2400
;TYPE:Internal infill
;WIDTH:0.66
G1 F900
G1 X118.71 Y109.751 E.04941
G1 X118.432 Y108.702 E.05568
G1 X118.095 Y108.002 E.03986
G1 X117.553 Y107.321 E.04466
G1 X113.473 Y111.401 E.29606
G1 X112.991 Y110.573 E.04916
G1 X112.849 Y110.161 E.02236
G1 X112.639 Y108.998 E.06064
G1 X112.381 Y109.001 E.01324
G1 X112.724 Y108.197 E.04485
G1 X112.978 Y107.785 E.02483
G1 X113.473 Y107.239 E.03781
G1 X118.249 Y112.015 E.34656
G1 X117.691 Y112.765 E.04797
G1 X117.387 Y112.971 E.01884
G1 X116.675 Y113.068 E.03687
G1 X116.048 Y113.043 E.0322
G1 X115.379 Y112.892 E.03519
G1 X115.053 Y112.748 E.01829
;LAYER_CHANGE
;Z:16.3
;HEIGHT:0.199999
;BEFORE_LAYER_CHANGE
G92 E0
;16.3


G1 E-1.4 F3600
;WIPE_START
G1 F7200
G1 X115.379 Y112.892 E-.16928
G1 X116.048 Y113.043 E-.32577
G1 X116.269 Y113.052 E-.10495
;WIPE_END
G1 Z16.3 F9000
;AFTER_LAYER_CHANGE
;16.3
G1 Z18.3
G1 X115.471 Y114.893
G1 Z16.3
G1 E2 F2400
;TYPE:Perimeter
;WIDTH:0.659999
G1 F900
G1 X115.346 Y114.894 E.00641
G1 X115.023 Y114.844 E.01677
G1 X114.518 Y114.677 E.02729
G1 X114.034 Y114.462 E.02717
G1 X113.593 Y114.213 E.02599
G1 X113.167 Y113.915 E.02668
G1 X112.668 Y113.475 E.03414
G1 X112.218 Y112.936 E.03603
G1 X111.867 Y112.389 E.03335
G1 X111.588 Y111.751 E.03573
G1 X111.422 Y111.182 E.03041
G1 X111.328 Y110.458 E.03746
G1 X111.37 Y109.656 E.04121
G1 X111.558 Y108.902 E.03987
G1 X111.894 Y108.192 E.0403
G1 X112.313 Y107.629 E.03601
G1 X112.653 Y107.243 E.02639
G1 X113.02 Y106.892 E.02606
G1 X113.542 Y106.522 E.03283
G1 X114.11 Y106.204 E.0334
G1 X114.666 Y106 E.03039
G1 X115.394 Y105.867 E.03797
G1 X116.001 Y105.855 E.03115
G1 X116.588 Y105.919 E.0303
G1 X117.21 Y106.046 E.03257
G1 X117.7 Y106.196 E.02629
G1 X118.199 Y106.422 E.02811
G1 X118.698 Y106.764 E.03104
G1 X119.145 Y107.137 E.02987
G1 X119.546 Y107.613 E.03194
G1 X119.883 Y108.176 E.03367
G1 X120.088 Y108.643 E.02617
G1 X120.246 Y109.132 E.02637
G1 X120.349 Y109.701 E.02967
G1 X120.377 Y110.314 E.03149
G1 X120.312 Y111.097 E.04031
G1 X120.077 Y111.979 E.04683
G1 X119.701 Y112.789 E.04582
G1 X119.287 Y113.41 E.0383
G1 X118.957 Y113.735 E.02377
G1 X118.547 Y114.024 E.02574
G1 X118.018 Y114.321 E.03113
G1 X117.466 Y114.559 E.03084
G1 X116.954 Y114.716 E.02748
G1 X116.414 Y114.829 E.02831
G1 X115.861 Y114.889 E.02854
G1 X115.561 Y114.892 E.01539
G1 X115.566 Y115.499 F9000
;TYPE:External perimeter
;WIDTH:0.629999
G1 F900
G1 X115.213 Y115.494 E.01723
G1 X114.848 Y115.42 E.01818
G1 X114.29 Y115.235 E.0287
G1 X113.745 Y114.991 E.02915
G1 X113.235 Y114.699 E.02869
G1 X112.799 Y114.391 E.02606
G1 X112.409 Y114.057 E.02507
G1 X112.052 Y113.69 E.02499
G1 X111.733 Y113.293 E.02486
G1 X111.456 Y112.874 E.02452
G1 X111.22 Y112.432 E.02446
G1 X111.023 Y111.959 E.02501
G1 X110.829 Y111.298 E.03363
G1 X110.724 Y110.481 E.04021
G1 X110.772 Y109.566 E.04473
G1 X110.989 Y108.698 E.04368
G1 X111.259 Y108.126 E.03088
G1 X111.603 Y107.547 E.03288
G1 X111.923 Y107.156 E.02466
G1 X112.331 Y106.71 E.02951
G1 X112.855 Y106.244 E.03423
G1 X113.364 Y105.923 E.02938
G1 X113.862 Y105.655 E.02761
G1 X114.517 Y105.415 E.03405
G1 X115.325 Y105.267 E.0401
G1 X116.026 Y105.254 E.03423
G1 X116.673 Y105.323 E.03176
G1 X117.366 Y105.465 E.03453
G1 X117.913 Y105.632 E.02792
G1 X118.495 Y105.896 E.0312
G1 X119.038 Y106.267 E.0321
G1 X119.582 Y106.721 E.03459
G1 X120.03 Y107.254 E.03399
G1 X120.418 Y107.901 E.03683
G1 X120.649 Y108.424 E.02791
G1 X120.833 Y108.994 E.02924
G1 X120.947 Y109.624 E.03125
G1 X120.979 Y110.326 E.0343
G1 X120.973 Y110.651 E.01587
G1 X120.904 Y111.211 E.02754
G1 X120.645 Y112.185 E.0492
G1 X120.227 Y113.085 E.04844
G1 X119.845 Y113.658 E.03362
G1 X119.515 Y114.068 E.02569
G1 X119.155 Y114.339 E.022
G1 X118.665 Y114.656 E.02849
G1 X118.123 Y114.938 E.02983
G1 X117.471 Y115.199 E.03428
G1 X116.89 Y115.358 E.0294
G1 X116.315 Y115.457 E.02848
G1 X115.749 Y115.501 E.02771
G1 X115.656 Y115.5 E.00454
G1 E-1.4 F3600
;WIPE_START
G1 F7200
G1 X115.566 Y115.499 E-.04275
G1 X115.213 Y115.494 E-.16769
G1 X114.848 Y115.42 E-.1769
G1 X114.423 Y115.279 E-.21266
;WIPE_END
G1 Z18.3 F9000
G1 X116.303 Y113.309
G1 Z16.3
G1 E2 F2400
;TYPE:Internal infill
;WIDTH:0.66
G1 F900
G1 X116.013 Y113.387 E.01541
G1 X115.296 Y113.229 E.03767
G1 X114.322 Y112.746 E.05578
G1 X113.589 Y112.052 E.05179
G1 X113.295 Y111.578 E.02862
G1 X117.553 Y107.321 E.30894
G1 X118.049 Y107.985 E.04253
G1 X118.32 Y108.664 E.03751
G1 X118.465 Y109.747 E.05606
G1 X118.364 Y110.784 E.05346
G1 X118.187 Y111.397 E.03274
G1 X117.998 Y111.763 E.02114
G1 X113.415 Y107.18 E.33256
G1 X114.113 Y106.723 E.04281
G1 X114.784 Y106.462 E.03694
G1 X115.447 Y106.34 E.03459
G1 X115.95 Y106.329 E.02582
G1 X116.908 Y106.464 E.04964
G1 E-1.4 F3600
;WIPE_START
G1 F7200
G1 X115.95 Y106.329 E-.45955
G1 X115.654 Y106.336 E-.14045
;WIPE_END
G1 Z18.3 F9000
G1 X111.754 Y110.419
G1 Z16.3
G1 E2 F2400
;TYPE:Solid infill
;WIDTH:0.6022
G1 F900
G1 X111.783 Y110.347 E.00361
;WIDTH:0.647922
G1 X111.812 Y110.274 E.00395
;WIDTH:0.693643
G1 X111.84 Y110.202 E.00418
;WIDTH:0.739365
G1 X111.869 Y110.13 E.00449
;WIDTH:0.785086
G1 X111.898 Y110.057 E.00485
;WIDTH:0.830808
G1 X111.927 Y109.985 E.00509
;WIDTH:0.87653
G1 X111.956 Y109.913 E.00538
;WIDTH:0.922251
G1 X111.985 Y109.84 E.00574
G1 X112.019 Y109.909 E.00562
;WIDTH:0.87653
G1 X112.054 Y109.977 E.0053
;WIDTH:0.830808
G1 X112.089 Y110.046 E.00507
;WIDTH:0.785086
G1 X112.124 Y110.115 E.00477
;WIDTH:0.739365
G1 X112.159 Y110.183 E.00443
;WIDTH:0.693643
G1 X112.194 Y110.252 E.00419
;WIDTH:0.647922
G1 X112.229 Y110.321 E.00389
;WIDTH:0.6022
G1 X112.263 Y110.389 E.00354
;WIDTH:0.56411
G1 X112.299 Y110.604 E.00945
;WIDTH:0.61397
G1 X112.488 Y111.232 E.03114
;WIDTH:0.614245
G1 X112.848 Y112.017 E.04103
;WIDTH:0.621845
G1 X113.154 Y112.462 E.026
G1 X113.691 Y113.014 E.03707
;WIDTH:0.629627
G1 X114.273 Y113.405 E.03421
G1 X114.989 Y113.743 E.03863
;WIDTH:0.626459
G1 X115.536 Y113.896 E.02756
;WIDTH:0.592921
G1 X116.216 Y113.938 E.03116
;WIDTH:0.586891
G1 X116.7 Y113.767 E.02322
;WIDTH:0.624722
G1 X116.969 Y113.624 E.01474
;WIDTH:0.662553
G1 X117.238 Y113.48 E.01572
;WIDTH:0.697727
G1 X117.526 Y113.28 E.01909
;WIDTH:0.732901
G1 X117.814 Y113.079 E.02015
;WIDTH:0.761378
G1 X118.036 Y112.857 E.01876
;WIDTH:0.789855
G1 X118.258 Y112.634 E.01954
;WIDTH:0.796515
G1 X118.56 Y112.166 E.0349
G1 X118.851 Y111.562 E.04201
;WIDTH:0.793396
G1 X119.028 Y110.933 E.04078
;WIDTH:0.795413
G1 X119.077 Y110.525 E.02571
G1 X119.126 Y109.781 E.04665
;WIDTH:0.750489
G1 X119.082 Y109.296 E.02865
;WIDTH:0.703943
G1 X118.96 Y108.743 E.03113
;WIDTH:0.659303
G1 X118.841 Y108.432 E.01707
;WIDTH:0.618954
G1 X118.723 Y108.121 E.01593
;WIDTH:0.627107
G1 X118.723 Y108.057 E.00311
;WIDTH:0.675608
G1 X118.723 Y107.994 E.00331
;WIDTH:0.724109
G1 X118.723 Y107.93 E.00363
;WIDTH:0.772611
G1 X118.723 Y107.866 E.00388
;WIDTH:0.821112
G1 X118.723 Y107.802 E.00414
;WIDTH:0.869614
G1 X118.723 Y107.739 E.00433
;WIDTH:0.918115
G1 X118.723 Y107.675 E.00466
;WIDTH:0.966616
G1 X118.723 Y107.611 E.00492
G1 X118.783 Y107.646 E.00534
;WIDTH:0.918115
G1 X118.843 Y107.68 E.00502
;WIDTH:0.869614
G1 X118.903 Y107.715 E.00477
;WIDTH:0.821112
G1 X118.963 Y107.749 E.00446
;WIDTH:0.772611
G1 X119.023 Y107.784 E.00421
;WIDTH:0.724109
G1 X119.083 Y107.819 E.00393
;WIDTH:0.675608
G1 X119.143 Y107.853 E.00363
;WIDTH:0.627107
G1 X119.203 Y107.888 E.00337
;WIDTH:0.618954
G1 X119.379 Y108.237 E.01872
;WIDTH:0.659303
G1 X119.554 Y108.587 E.02006
;WIDTH:0.687894
G1 X119.658 Y108.935 E.01948
;WIDTH:0.716484
G1 X119.762 Y109.282 E.02029
;WIDTH:0.750489
G1 X119.831 Y109.806 E.0311
;WIDTH:0.795413
G1 X119.825 Y110.606 E.05006
G1 X119.749 Y111.118 E.03239
;WIDTH:0.793396
G1 X119.574 Y111.762 E.04164
G1 X119.476 Y111.995 E.01577
;WIDTH:0.785823
G1 X119.061 Y112.78 E.05485
;WIDTH:0.789651
G1 X118.756 Y113.199 E.03218
G1 X118.366 Y113.524 E.03152
;WIDTH:0.753802
G1 X118.153 Y113.666 E.01513
;WIDTH:0.728512
G1 X117.94 Y113.808 E.01459
;WIDTH:0.703221
G1 X117.493 Y114.04 E.02765
;WIDTH:0.662553
G1 X117.068 Y114.196 E.02333
;WIDTH:0.618133
G1 X116.642 Y114.351 E.02168
;WIDTH:0.573713
G1 X116.061 Y114.449 E.02601
;WIDTH:0.579262
G1 X115.686 Y114.444 E.01673
;WIDTH:0.615629
G1 X115.31 Y114.439 E.01791
;WIDTH:0.626459
G1 X114.824 Y114.303 E.02449
G1 X114.481 Y114.157 E.01809
;WIDTH:0.629627
G1 X114.009 Y113.929 E.02557
G1 X113.654 Y113.696 E.02072
;WIDTH:0.618477
G1 X113.244 Y113.385 E.02463
G1 X112.643 Y112.736 E.04233
;WIDTH:0.623622
G1 X112.26 Y112.146 E.03396
G1 X111.965 Y111.461 E.03601
;WIDTH:0.61397
G1 X111.856 Y111.08 E.01882
;WIDTH:0.597439
G1 X111.801 Y110.724 E.01661
;LAYER_CHANGE
;Z:16.5
;HEIGHT:0.200001
;BEFORE_LAYER_CHANGE
G92 E0
;16.5


G1 E-1.4 F3600
;WIPE_START
G1 F7200
G1 X111.856 Y111.08 E-.17111
G1 X111.965 Y111.461 E-.18824
G1 X112.165 Y111.926 E-.24065
;WIPE_END
G1 Z16.5 F9000
;AFTER_LAYER_CHANGE
;16.5
G1 Z18.5
G1 X112.444 Y107.067
G1 Z16.5
G1 E2 F2400
;TYPE:Perimeter
;WIDTH:0.659999
G1 F900
G1 X112.734 Y106.824 E.01941
G1 X113.39 Y106.438 E.03905
G1 X113.857 Y106.222 E.0264
G1 X114.396 Y106.059 E.02889
G1 X114.914 Y105.932 E.02737
G1 X115.567 Y105.883 E.0336
G1 X116.164 Y105.938 E.03076
G1 X116.66 Y106.048 E.02607
G1 X117.211 Y106.238 E.02991
G1 X118.006 Y106.67 E.04643
G1 X118.594 Y107.095 E.03723
G1 X119.134 Y107.641 E.0394
G1 X119.391 Y108.029 E.02388
G1 X119.659 Y108.494 E.02754
G1 X119.865 Y109.031 E.02951
G1 X119.988 Y109.619 E.03082
G1 X120.021 Y110.149 E.02725
G1 X120.016 Y110.753 E.03099
G1 X119.88 Y111.452 E.03654
G1 X119.725 Y111.933 E.02593
G1 X119.435 Y112.566 E.03573
G1 X118.912 Y113.331 E.04755
G1 X118.571 Y113.706 E.02601
G1 X118.013 Y114.187 E.0378
G1 X117.38 Y114.591 E.03853
G1 X116.976 Y114.717 E.02171
G1 X116.452 Y114.828 E.02748
G1 X115.464 Y114.9 E.05083
G1 X114.764 Y114.841 E.03604
G1 X114.229 Y114.736 E.02797
G1 X113.695 Y114.577 E.02859
G1 X113.148 Y114.33 E.0308
G1 X112.696 Y113.967 E.02975
G1 X112.321 Y113.598 E.02699
G1 X111.998 Y113.212 E.02583
G1 X111.715 Y112.798 E.02573
G1 X111.468 Y112.346 E.02643
G1 X111.214 Y111.727 E.03433
G1 X111.059 Y111.062 E.03504
G1 X110.989 Y110.465 E.03084
G1 X111 Y109.845 E.03182
G1 X111.107 Y109.235 E.03178
G1 X111.253 Y108.749 E.02604
G1 X111.474 Y108.24 E.02847
G1 X111.907 Y107.589 E.04012
G1 X112.324 Y107.166 E.03048
G1 X112.375 Y107.124 E.00339
G1 X112.062 Y106.605 F9000
;TYPE:External perimeter
;WIDTH:0.629999
G1 F900
G1 X112.401 Y106.322 E.02156
G1 X113.11 Y105.905 E.04015
G1 X113.642 Y105.658 E.02863
G1 X114.34 Y105.447 E.0356
G1 X115.01 Y105.307 E.03341
G1 X115.57 Y105.28 E.02737
G1 X116.27 Y105.345 E.03432
G1 X116.817 Y105.466 E.02735
G1 X117.462 Y105.69 E.03333
G1 X118.328 Y106.159 E.04808
G1 X118.987 Y106.636 E.03971
G1 X119.603 Y107.259 E.04277
G1 X119.937 Y107.762 E.02947
G1 X120.204 Y108.238 E.02664
G1 X120.442 Y108.859 E.03246
G1 X120.584 Y109.538 E.03386
G1 X120.623 Y110.155 E.03018
G1 X120.618 Y110.802 E.03158
G1 X120.537 Y111.321 E.02564
G1 X120.4 Y111.847 E.02653
G1 X120.205 Y112.367 E.02711
G1 X119.955 Y112.871 E.02746
G1 X119.386 Y113.706 E.04933
G1 X118.992 Y114.138 E.02854
G1 X118.374 Y114.671 E.03984
G1 X117.636 Y115.141 E.04271
G1 X117.129 Y115.3 E.02594
G1 X116.537 Y115.425 E.02954
G1 X115.468 Y115.503 E.05232
G1 X114.887 Y115.468 E.02841
G1 X114.389 Y115.393 E.02458
G1 X113.824 Y115.257 E.02837
G1 X113.298 Y115.078 E.02712
G1 X112.827 Y114.843 E.0257
G1 X112.405 Y114.518 E.026
G1 X112.006 Y114.148 E.02656
G1 X111.646 Y113.747 E.02631
G1 X111.327 Y113.319 E.02606
G1 X111.052 Y112.868 E.02579
G1 X110.823 Y112.397 E.02557
G1 X110.64 Y111.912 E.0253
G1 X110.506 Y111.419 E.02494
G1 X110.4 Y110.758 E.03268
G1 X110.388 Y110.039 E.0351
G1 X110.435 Y109.54 E.02447
G1 X110.534 Y109.043 E.02474
G1 X110.685 Y108.548 E.02526
G1 X110.948 Y107.944 E.03216
G1 X111.437 Y107.207 E.04318
G1 X111.896 Y106.743 E.03186
G1 X111.993 Y106.662 E.00617
G1 X112.817 Y107.294 F9000
;TYPE:Solid infill
;WIDTH:0.560239
G1 F900
G1 X112.586 Y107.67 E.01898
G1 X112.216 Y108.577 E.04214
;WIDTH:0.563262
G1 X112.06 Y109.334 E.03344
;WIDTH:0.607233
G1 X112.012 Y110.246 E.04285
;WIDTH:0.617424
G1 X112.05 Y110.753 E.02429
G1 X112.242 Y111.521 E.03782
;WIDTH:0.612695
G1 X112.466 Y112.026 E.02617
G1 X112.908 Y112.693 E.03791
G1 X113.445 Y113.247 E.03655
;WIDTH:0.627857
G1 X113.726 Y113.455 E.017
G1 X113.968 Y113.603 E.0138
;WIDTH:0.599227
G1 X114.21 Y113.751 E.01312
;WIDTH:0.570596
G1 X114.612 Y113.882 E.01855
;WIDTH:0.591707
G1 X115.004 Y113.87 E.0179
;WIDTH:0.631217
G1 X115.397 Y113.858 E.01923
;WIDTH:0.6743
G1 X115.801 Y113.77 E.02171
;WIDTH:0.717383
G1 X116.205 Y113.683 E.02318
;WIDTH:0.753419
G1 X116.524 Y113.546 E.02051
;WIDTH:0.789454
G1 X116.844 Y113.409 E.02161
G1 X117.308 Y113.099 E.03464
;WIDTH:0.793441
G1 X117.885 Y112.544 E.04996
G1 X118.32 Y111.92 E.04747
;WIDTH:0.786283
G1 X118.639 Y111.261 E.04525
;WIDTH:0.764708
G1 X118.848 Y110.587 E.04235
;WIDTH:0.717153
G1 X118.902 Y110.261 E.01853
;WIDTH:0.680247
G1 X118.956 Y109.935 E.01751
;WIDTH:0.643341
G1 X118.984 Y109.08 E.04271
G1 X118.864 Y108.375 E.0357
G1 X118.626 Y107.791 E.03148
G1 X118.77 Y107.937 E.01024
G1 X119.149 Y108.509 E.03426
G1 X119.415 Y109.164 E.03529
G1 X119.551 Y109.892 E.03697
;WIDTH:0.651522
G1 X119.551 Y110.097 E.01037
;WIDTH:0.684338
G1 X119.532 Y110.383 E.01529
;WIDTH:0.717153
G1 X119.513 Y110.669 E.01607
;WIDTH:0.725141
G1 X119.441 Y111.025 E.0206
;WIDTH:0.764678
G1 X119.26 Y111.643 E.03865
;WIDTH:0.786778
G1 X118.903 Y112.39 E.05121
;WIDTH:0.793441
G1 X118.469 Y113.014 E.04743
;WIDTH:0.799593
G1 X118.173 Y113.329 E.0272
G1 X117.667 Y113.766 E.04207
;WIDTH:0.790252
G1 X117.1 Y114.106 E.04108
;WIDTH:0.789454
G1 X116.674 Y114.226 E.02747
;WIDTH:0.745489
G1 X116.248 Y114.345 E.02584
;WIDTH:0.701524
G1 X115.776 Y114.388 E.02596
;WIDTH:0.656567
G1 X115.304 Y114.431 E.02418
;WIDTH:0.61161
G1 X114.933 Y114.407 E.01758
;WIDTH:0.581617
G1 X114.562 Y114.383 E.01665
;WIDTH:0.570596
G1 X113.976 Y114.218 E.02671
;WIDTH:0.599227
G1 X113.703 Y114.088 E.01399
;WIDTH:0.627857
G1 X113.431 Y113.958 E.01466
G1 X113.144 Y113.736 E.01765
;WIDTH:0.629712
G1 X112.748 Y113.381 E.02595
G1 X112.196 Y112.7 E.04277
G1 X111.931 Y112.234 E.02616
;WIDTH:0.612548
G1 X111.692 Y111.671 E.02897
;WIDTH:0.629119
G1 X111.541 Y111.166 E.02569
G1 X111.455 Y110.633 E.02632
;WIDTH:0.621542
G1 X111.455 Y109.861 E.03714
;WIDTH:0.610927
G1 X111.514 Y109.491 E.0177
;WIDTH:0.585583
G1 X111.573 Y109.121 E.01691
;WIDTH:0.560239
G1 X111.842 Y108.462 E.03062
G1 X112.246 Y107.85 E.03154
G1 X112.596 Y107.509 E.02102
G1 X114.258 Y106.597 F9000
;TYPE:Internal infill
;WIDTH:0.66
G1 F900
G1 X115.119 Y106.38 E.04556
G1 X115.565 Y106.359 E.02291
G1 X116.286 Y106.439 E.03722
G1 X117.012 Y106.671 E.03911
G1 X117.781 Y107.093 E.04501
G1 X113.045 Y111.829 E.34366
G1 X112.792 Y111.3 E.03009
G1 X112.632 Y110.628 E.03544
G1 X112.601 Y110.211 E.02146
G1 X112.685 Y109.005 E.06203
G1 X112.782 Y108.637 E.01953
G1 X113.083 Y107.941 E.03891
G1 X113.502 Y107.268 E.04068
G1 X117.758 Y111.524 E.30883
G1 X117.334 Y112.139 E.03833
G1 X116.598 Y112.771 E.04978
G1 X115.596 Y113.203 E.05599
G1 X114.718 Y113.31 E.04538
;LAYER_CHANGE
;Z:16.7
;HEIGHT:0.200001
;BEFORE_LAYER_CHANGE
G92 E0
;16.7


G1 E-1.4 F3600
;WIPE_START
G1 F7200
G1 X115.596 Y113.203 E-.42014
G1 X115.944 Y113.053 E-.17986
;WIPE_END
G1 Z16.7 F9000
;AFTER_LAYER_CHANGE
;16.7
G1 Z18.7
G1 X114.414 Y114.767
G1 Z16.7
G1 E2 F2400
;TYPE:Perimeter
;WIDTH:0.659999
G1 F900
G1 X114.244 Y114.738 E.00885
G1 X113.708 Y114.581 E.02866
G1 X113.068 Y114.306 E.03574
G1 X112.567 Y114.028 E.0294
G1 X112.093 Y113.694 E.02975
G1 X111.681 Y113.335 E.02804
G1 X111.287 Y112.752 E.0361
G1 X111.014 Y112.163 E.03331
G1 X110.818 Y111.575 E.0318
G1 X110.692 Y110.993 E.03055
G1 X110.639 Y110.282 E.03658
G1 X110.69 Y109.605 E.03484
G1 X110.829 Y108.928 E.03546
G1 X111.057 Y108.327 E.03298
G1 X111.411 Y107.72 E.03605
G1 X111.793 Y107.201 E.03307
G1 X112.186 Y106.814 E.0283
G1 X112.871 Y106.346 E.04257
G1 X113.565 Y106.058 E.03855
G1 X114.07 Y105.939 E.02662
G1 X114.598 Y105.86 E.02739
G1 X115.17 Y105.821 E.02942
G1 X115.843 Y105.882 E.03467
G1 X116.493 Y106.01 E.03399
G1 X117.21 Y106.308 E.03984
G1 X117.604 Y106.568 E.02422
G1 X118.087 Y106.929 E.03094
G1 X118.537 Y107.39 E.03306
G1 X118.892 Y107.863 E.03034
G1 X119.226 Y108.39 E.03201
G1 X119.46 Y108.923 E.02987
G1 X119.622 Y109.466 E.02908
G1 X119.68 Y110.101 E.03272
G1 X119.679 Y110.693 E.03038
G1 X119.577 Y111.262 E.02966
G1 X119.418 Y111.78 E.0278
G1 X119.157 Y112.363 E.03277
G1 X118.666 Y113.092 E.0451
G1 X118.388 Y113.389 E.02087
G1 X117.822 Y113.905 E.0393
G1 X117.4 Y114.19 E.02613
G1 X116.749 Y114.525 E.03757
G1 X116.083 Y114.753 E.03612
G1 X115.448 Y114.894 E.03338
G1 X114.777 Y114.828 E.0346
G1 X114.503 Y114.782 E.01426
G1 X114.377 Y115.389 F9000
;TYPE:External perimeter
;WIDTH:0.629999
G1 F900
G1 X113.818 Y115.255 E.02806
G1 X113.258 Y115.062 E.02891
G1 X112.579 Y114.741 E.03666
G1 X112.076 Y114.433 E.02879
G1 X111.616 Y114.088 E.02807
G1 X111.222 Y113.732 E.02592
G1 X110.919 Y113.282 E.02648
G1 X110.615 Y112.75 E.02991
G1 X110.409 Y112.267 E.02563
G1 X110.239 Y111.738 E.02712
G1 X110.094 Y111.072 E.03327
G1 X110.036 Y110.292 E.03818
G1 X110.058 Y109.785 E.02477
G1 X110.126 Y109.285 E.02463
G1 X110.251 Y108.76 E.02634
G1 X110.423 Y108.263 E.02567
G1 X110.637 Y107.802 E.02481
G1 X110.996 Y107.254 E.03198
G1 X111.34 Y106.804 E.02765
G1 X111.809 Y106.342 E.03214
G1 X112.574 Y105.82 E.04521
G1 X112.909 Y105.668 E.01796
G1 X113.385 Y105.484 E.02491
G1 X113.95 Y105.349 E.02836
G1 X114.522 Y105.263 E.02824
G1 X115.184 Y105.218 E.03239
G1 X116.17 Y105.308 E.04833
G1 X116.683 Y105.437 E.02582
G1 X117.494 Y105.774 E.04287
G1 X118.032 Y106.129 E.03147
G1 X118.486 Y106.478 E.02795
G1 X118.852 Y106.844 E.02527
G1 X119.175 Y107.228 E.02449
G1 X119.564 Y107.785 E.03316
G1 X119.869 Y108.314 E.02981
G1 X120.106 Y108.926 E.03204
G1 X120.242 Y109.545 E.03094
G1 X120.282 Y110.102 E.02726
G1 X120.281 Y110.737 E.031
G1 X120.21 Y111.218 E.02373
G1 X120.086 Y111.707 E.02463
G1 X119.908 Y112.193 E.02527
G1 X119.68 Y112.664 E.02554
G1 X119.139 Y113.468 E.04731
G1 X118.618 Y114.024 E.0372
G1 X118.185 Y114.386 E.02755
G1 X117.707 Y114.709 E.02816
G1 X117.232 Y114.954 E.02609
G1 X116.738 Y115.171 E.02634
G1 X116.233 Y115.336 E.02593
G1 X115.469 Y115.501 E.03816
G1 X114.466 Y115.402 E.0492
G1 E-1.4 F3600
;WIPE_START
G1 F7200
G1 X114.377 Y115.389 E-.04272
G1 X113.818 Y115.255 E-.27305
G1 X113.258 Y115.062 E-.28135
G1 X113.253 Y115.059 E-.00288
;WIPE_END
G1 Z18.7 F9000
G1 X116.078 Y112.646
G1 Z16.7
G1 E2 F2400
;TYPE:Internal infill
;WIDTH:0.66
G1 F900
G1 X115.405 Y112.899 E.03689
G1 X114.871 Y112.979 E.02771
G1 X114.148 Y112.961 E.03711
G1 X113.31 Y112.757 E.04425
G1 X112.785 Y112.088 E.04363
G1 X117.675 Y107.199 E.3548
G1 X118.175 Y107.698 E.03625
G1 X118.54 Y108.192 E.03152
G1 X118.28 Y108.256 E.01374
G1 X118.384 Y109.546 E.06641
G1 X118.227 Y110.255 E.03726
G1 X117.923 Y110.924 E.0377
G1 X117.61 Y111.375 E.02817
G1 X113.565 Y107.33 E.29352
G1 X113.085 Y107.859 E.03665
G1 X112.651 Y108.65 E.04629
G1 X112.332 Y109.631 E.05293
G1 X112.298 Y110.677 E.0537
G1 X111.119 Y110.634 F9000
;TYPE:Solid infill
;WIDTH:0.615616
G1 F900
G1 X111.131 Y109.842 E.03772
;WIDTH:0.61385
G1 X111.204 Y109.341 E.02404
G1 X111.363 Y108.791 E.02718
;WIDTH:0.610214
G1 X111.57 Y108.298 E.02522
;WIDTH:0.609489
G1 X111.773 Y107.965 E.01837
;WIDTH:0.57987
G1 X111.976 Y107.632 E.01741
;WIDTH:0.595083
G1 X112.029 Y107.61 E.00263
;WIDTH:0.639914
G1 X112.081 Y107.588 E.0028
;WIDTH:0.684746
G1 X112.134 Y107.566 E.00306
;WIDTH:0.729577
G1 X112.187 Y107.544 E.00328
;WIDTH:0.774409
G1 X112.24 Y107.521 E.00351
;WIDTH:0.81924
G1 X112.292 Y107.499 E.00364
;WIDTH:0.864071
G1 X112.345 Y107.477 E.00392
;WIDTH:0.908903
G1 X112.398 Y107.455 E.00413
;WIDTH:0.953734
G1 X112.451 Y107.433 E.00435
G1 X112.442 Y107.489 E.0043
;WIDTH:0.908903
G1 X112.434 Y107.546 E.00414
;WIDTH:0.864071
G1 X112.425 Y107.602 E.00387
;WIDTH:0.81924
G1 X112.417 Y107.659 E.00372
;WIDTH:0.774409
G1 X112.408 Y107.715 E.00345
;WIDTH:0.729577
G1 X112.4 Y107.772 E.00329
;WIDTH:0.684746
G1 X112.391 Y107.829 E.00308
;WIDTH:0.639914
G1 X112.383 Y107.885 E.00281
;WIDTH:0.595083
G1 X112.374 Y107.942 E.00265
;WIDTH:0.555008
G1 X112.328 Y108.018 E.00378
;WIDTH:0.582611
G1 X112.118 Y108.484 E.02294
;WIDTH:0.610214
G1 X111.907 Y108.949 E.02409
;WIDTH:0.61385
G1 X111.754 Y109.497 E.02701
G1 X111.699 Y109.869 E.01785
;WIDTH:0.615616
G1 X111.691 Y110.615 E.03553
G1 X111.758 Y111.059 E.02138
;WIDTH:0.614072
G1 X112.01 Y111.862 E.03997
;WIDTH:0.612044
G1 X112.292 Y112.417 E.02946
G1 X112.671 Y112.915 E.02962
;WIDTH:0.586041
G1 X112.961 Y113.189 E.01802
;WIDTH:0.573409
G1 X113.276 Y113.343 E.01547
;WIDTH:0.604018
G1 X113.543 Y113.425 E.01303
;WIDTH:0.634626
G1 X113.81 Y113.507 E.01374
;WIDTH:0.663956
G1 X114.139 Y113.563 E.01723
;WIDTH:0.693285
G1 X114.469 Y113.62 E.01811
;WIDTH:0.718704
G1 X114.714 Y113.626 E.01377
;WIDTH:0.744123
G1 X114.959 Y113.633 E.01429
;WIDTH:0.787965
G1 X115.578 Y113.557 E.03864
;WIDTH:0.79995
G1 X116.221 Y113.333 E.04286
G1 X116.697 Y113.101 E.03333
;WIDTH:0.794167
G1 X117.328 Y112.638 E.04889
;WIDTH:0.790397
G1 X117.703 Y112.265 E.03287
;WIDTH:0.77767
G1 X118.128 Y111.75 E.04079
;WIDTH:0.728855
G1 X118.306 Y111.461 E.01936
;WIDTH:0.692137
G1 X118.484 Y111.171 E.01837
;WIDTH:0.655419
G1 X118.817 Y110.427 E.04151
G1 X118.993 Y109.619 E.04212
G1 X118.986 Y109.039 E.02954
G1 X119.079 Y109.252 E.01184
G1 X119.207 Y109.907 E.03399
G1 X119.206 Y110.649 E.03779
G1 X119.062 Y111.359 E.0369
;WIDTH:0.663832
G1 X118.975 Y111.57 E.01178
;WIDTH:0.696344
G1 X118.848 Y111.828 E.01562
;WIDTH:0.728855
G1 X118.722 Y112.085 E.01633
;WIDTH:0.733251
G1 X118.547 Y112.353 E.01837
;WIDTH:0.77767
G1 X118.227 Y112.78 E.0326
;WIDTH:0.78427
G1 X117.679 Y113.309 E.04695
;WIDTH:0.788074
G1 X116.964 Y113.808 E.05402
;WIDTH:0.79995
G1 X116.507 Y114.033 E.03206
G1 X115.773 Y114.277 E.04869
;WIDTH:0.794535
G1 X115.379 Y114.342 E.02496
G1 X114.997 Y114.324 E.0239
;WIDTH:0.756465
G1 X114.614 Y114.305 E.02275
;WIDTH:0.718394
G1 X114.108 Y114.205 E.02897
;WIDTH:0.681304
G1 X113.759 Y114.09 E.01951
;WIDTH:0.639956
G1 X113.409 Y113.976 E.01827
;WIDTH:0.598608
G1 X113.092 Y113.822 E.01628
;WIDTH:0.569602
G1 X112.775 Y113.668 E.01543
;WIDTH:0.569407
G1 X112.372 Y113.365 E.02207
;WIDTH:0.617813
G1 X112.007 Y113.006 E.02447
;WIDTH:0.623015
G1 X111.676 Y112.504 E.029
;WIDTH:0.629864
G1 X111.333 Y111.699 E.04271
G1 X111.199 Y111.174 E.02644
;WIDTH:0.614429
G1 X111.164 Y110.939 E.01129
G1 E-1.4 F3600
;WIPE_START
G1 F7200
G1 X111.199 Y111.174 E-.11286
G1 X111.333 Y111.699 E-.25737
G1 X111.523 Y112.144 E-.22977
;WIPE_END
G1 Z18.7 F9000
G1 X112.451 Y107.433
G1 Z16.7
G1 E2 F2400
;WIDTH:0.953734
G1 F900
G1 X112.471 Y107.408 E.00242
;WIDTH:0.949332
G1 X112.593 Y107.289 E.01284
;WIDTH:0.909808
G1 X112.714 Y107.169 E.01228
;WIDTH:0.870283
G1 X112.836 Y107.049 E.01177
;WIDTH:0.830758
G1 X112.976 Y106.948 E.01131
;WIDTH:0.789691
G1 X113.117 Y106.848 E.01073
;WIDTH:0.748624
G1 X113.258 Y106.747 E.01018
;WIDTH:0.707557
G1 X113.399 Y106.647 E.00955
;WIDTH:0.66649
G1 X113.539 Y106.546 E.00895
;LAYER_CHANGE
;Z:16.9
;HEIGHT:0.199999
;BEFORE_LAYER_CHANGE
G92 E0
;16.9


G1 E-1.4 F3600
;WIPE_START
G1 F7200
G1 X113.399 Y106.647 E-.082
G1 X113.258 Y106.747 E-.08211
G1 X113.117 Y106.848 E-.08238
G1 X112.976 Y106.948 E-.08211
G1 X112.836 Y107.049 E-.082
G1 X112.714 Y107.169 E-.08128
G1 X112.593 Y107.289 E-.08095
G1 X112.552 Y107.329 E-.02717
;WIPE_END
G1 Z16.9 F9000
;AFTER_LAYER_CHANGE
;16.9
G1 Z18.9
G1 X114.716 Y105.578
G1 Z16.9
G1 E2 F2400
;TYPE:Perimeter
;WIDTH:0.659999
G1 F900
G1 X115.12 Y105.593 E.02074
G1 X115.637 Y105.691 E.027
G1 X116.274 Y105.857 E.03378
G1 X116.845 Y106.106 E.03196
G1 X117.435 Y106.432 E.03459
G1 X117.958 Y106.871 E.03504
G1 X118.366 Y107.325 E.03132
G1 X118.714 Y107.873 E.03331
G1 X119.001 Y108.493 E.03506
G1 X119.184 Y109.086 E.03184
G1 X119.311 Y109.669 E.03062
G1 X119.329 Y109.997 E.01686
G1 X119.354 Y110.443 E.02292
G1 X119.288 Y111.013 E.02944
G1 X119.111 Y111.628 E.03284
G1 X118.878 Y112.16 E.0298
G1 X118.411 Y112.866 E.04343
G1 X117.989 Y113.311 E.03147
G1 X117.553 Y113.671 E.02901
G1 X116.985 Y114.032 E.03453
G1 X116.391 Y114.282 E.03307
G1 X115.891 Y114.451 E.02708
G1 X115.183 Y114.575 E.03688
G1 X114.597 Y114.613 E.03013
G1 X114.033 Y114.582 E.02898
G1 X113.412 Y114.468 E.0324
G1 X112.609 Y114.059 E.04624
G1 X111.818 Y113.465 E.05076
G1 X111.448 Y113.1 E.02667
G1 X111.112 Y112.699 E.02684
G1 X110.772 Y112.19 E.03141
G1 X110.487 Y111.654 E.03115
G1 X110.325 Y110.791 E.04505
G1 X110.31 Y110.31 E.02469
G1 X110.327 Y109.765 E.02798
G1 X110.412 Y109.194 E.02962
G1 X110.599 Y108.581 E.03288
G1 X110.855 Y107.951 E.03489
G1 X111.194 Y107.427 E.03202
G1 X111.505 Y107.012 E.02661
G1 X111.959 Y106.558 E.03294
G1 X112.519 Y106.159 E.03528
G1 X113.043 Y105.883 E.03039
G1 X113.597 Y105.692 E.03007
G1 X114.376 Y105.565 E.0405
G1 X114.626 Y105.575 E.01284
G1 X114.736 Y104.976 F9000
;TYPE:External perimeter
;WIDTH:0.629999
G1 F900
G1 X115.187 Y104.993 E.02203
G1 X115.967 Y105.141 E.03876
G1 X116.479 Y105.289 E.02602
G1 X117.349 Y105.67 E.04636
G1 X117.781 Y105.938 E.02482
G1 X118.199 Y106.265 E.02591
G1 X118.69 Y106.776 E.03459
G1 X118.996 Y107.18 E.02474
G1 X119.355 Y107.789 E.03451
G1 X119.567 Y108.286 E.02638
G1 X119.767 Y108.933 E.03306
G1 X119.909 Y109.588 E.03272
G1 X119.93 Y109.963 E.01833
G1 X119.958 Y110.461 E.02435
G1 X119.882 Y111.12 E.03238
G1 X119.679 Y111.83 E.03605
G1 X119.404 Y112.457 E.03342
G1 X118.889 Y113.235 E.04555
G1 X118.549 Y113.615 E.02489
G1 X118.16 Y113.971 E.02574
G1 X117.727 Y114.292 E.02631
G1 X117.257 Y114.571 E.02668
G1 X116.34 Y114.956 E.04855
G1 X115.79 Y115.1 E.02775
G1 X114.995 Y115.209 E.03917
G1 X114.396 Y115.218 E.02924
G1 X113.788 Y115.165 E.02979
G1 X113.209 Y115.04 E.02892
G1 X112.29 Y114.572 E.05034
G1 X111.424 Y113.923 E.05283
G1 X111.004 Y113.509 E.02879
G1 X110.633 Y113.065 E.02824
G1 X110.25 Y112.49 E.03373
G1 X109.909 Y111.842 E.03575
G1 X109.724 Y110.857 E.04892
G1 X109.708 Y110.328 E.02584
G1 X109.727 Y109.714 E.02999
G1 X109.825 Y109.053 E.03262
G1 X110.1 Y108.153 E.04594
G1 X110.326 Y107.661 E.02643
G1 X110.852 Y106.847 E.04731
G1 X111.394 Y106.262 E.03893
G1 X111.783 Y105.934 E.02484
G1 X112.202 Y105.647 E.02479
G1 X112.812 Y105.325 E.03367
G1 X113.449 Y105.106 E.03288
G1 X114.338 Y104.962 E.04396
G1 X114.647 Y104.973 E.01509
G1 X114.407 Y106.061 F9000
;TYPE:Solid infill
;WIDTH:0.739716
G1 F900
G1 X114.224 Y106.112 E.01101
;WIDTH:0.782222
G1 X114.042 Y106.163 E.01162
;WIDTH:0.824728
G1 X113.859 Y106.214 E.01235
;WIDTH:0.863794
G1 X113.729 Y106.272 E.00972
;WIDTH:0.90286
G1 X113.599 Y106.33 E.01018
;WIDTH:0.941926
G1 X113.469 Y106.388 E.01064
G1 X113.423 Y106.439 E.00513
;WIDTH:0.904825
G1 X113.377 Y106.49 E.00492
;WIDTH:0.867724
G1 X113.331 Y106.541 E.00471
;WIDTH:0.830622
G1 X113.296 Y106.596 E.00427
;WIDTH:0.783434
G1 X113.262 Y106.651 E.00398
;WIDTH:0.736246
G1 X113.227 Y106.706 E.00376
;WIDTH:0.689057
G1 X113.193 Y106.761 E.00347
;WIDTH:0.641869
G1 X113.158 Y106.816 E.00325
;WIDTH:0.594681
G1 X113.124 Y106.871 E.00297
;WIDTH:0.595303
G1 X112.525 Y107.403 E.0368
;WIDTH:0.61247
G1 X112.084 Y107.931 E.03258
;WIDTH:0.628881
G1 X111.782 Y108.439 E.02879
G1 X111.562 Y108.931 E.02626
;WIDTH:0.628371
G1 X111.433 Y109.426 E.0249
;WIDTH:0.629862
G1 X111.35 Y110.109 E.03358
G1 X111.361 Y110.672 E.02748
;WIDTH:0.625617
G1 X111.472 Y111.323 E.032
;WIDTH:0.619813
G1 X111.618 Y111.683 E.01863
;WIDTH:0.57973
G1 X111.763 Y112.042 E.01728
;WIDTH:0.567708
G1 X111.949 Y112.214 E.01105
;WIDTH:0.595769
G1 X112.135 Y112.385 E.01161
;WIDTH:0.640892
G1 X112.583 Y112.719 E.02778
;WIDTH:0.685841
G1 X112.962 Y112.909 E.02266
;WIDTH:0.73079
G1 X113.34 Y113.098 E.02417
;WIDTH:0.760475
G1 X113.736 Y113.199 E.02438
;WIDTH:0.79016
G1 X114.131 Y113.299 E.02532
;WIDTH:0.791525
G1 X114.922 Y113.314 E.04925
;WIDTH:0.79198
G1 X115.435 Y113.238 E.0323
;WIDTH:0.796513
G1 X115.725 Y113.155 E.0189
G1 X116.477 Y112.869 E.05041
;WIDTH:0.76654
G1 X117.064 Y112.535 E.04064
;WIDTH:0.735018
G1 X117.327 Y112.328 E.01926
;WIDTH:0.703534
G1 X117.589 Y112.122 E.01831
;WIDTH:0.672049
G1 X117.815 Y111.879 E.01736
;WIDTH:0.631689
G1 X118.041 Y111.636 E.01625
;WIDTH:0.638006
G1 X118.122 Y111.57 E.00517
;WIDTH:0.684684
G1 X118.203 Y111.505 E.00554
;WIDTH:0.731361
G1 X118.284 Y111.439 E.00598
;WIDTH:0.778039
G1 X118.365 Y111.374 E.00635
;WIDTH:0.824717
G1 X118.446 Y111.308 E.00679
;WIDTH:0.871395
G1 X118.527 Y111.243 E.00715
;WIDTH:0.918072
G1 X118.608 Y111.177 E.0076
G1 X118.606 Y111.261 E.00611
;WIDTH:0.87355
G1 X118.604 Y111.344 E.00573
;WIDTH:0.829027
G1 X118.603 Y111.427 E.00543
;WIDTH:0.784504
G1 X118.601 Y111.511 E.00518
;WIDTH:0.739981
G1 X118.599 Y111.594 E.00481
;WIDTH:0.695458
G1 X118.566 Y111.705 E.00628
;WIDTH:0.660748
G1 X118.534 Y111.815 E.00589
;WIDTH:0.626038
G1 X118.502 Y111.925 E.00555
;WIDTH:0.604446
G1 X118.334 Y112.171 E.01391
;WIDTH:0.638248
G1 X118.173 Y112.379 E.01302
;WIDTH:0.672049
G1 X118.012 Y112.587 E.01376
;WIDTH:0.703534
G1 X117.716 Y112.857 E.02201
;WIDTH:0.735018
G1 X117.421 Y113.127 E.02301
;WIDTH:0.77483
G1 X116.691 Y113.578 E.05222
;WIDTH:0.796513
G1 X115.996 Y113.858 E.04695
G1 X115.545 Y113.979 E.02926
;WIDTH:0.794315
G1 X114.885 Y114.066 E.04159
G1 X114.041 Y114.041 E.05276
;WIDTH:0.791217
G1 X113.552 Y113.932 E.03117
G1 X113.203 Y113.772 E.02389
;WIDTH:0.7547
G1 X112.854 Y113.612 E.02272
;WIDTH:0.718183
G1 X112.48 Y113.356 E.02545
;WIDTH:0.675316
G1 X112.105 Y113.101 E.02385
;WIDTH:0.632448
G1 X111.812 Y112.816 E.02004
;WIDTH:0.591021
G1 X111.519 Y112.531 E.01863
;WIDTH:0.563489
G1 X111.198 Y112.074 E.02417
;WIDTH:0.591651
G1 X111.071 Y111.811 E.01333
;WIDTH:0.619813
G1 X110.944 Y111.548 E.01401
G1 X110.872 Y111.26 E.01424
;WIDTH:0.625617
G1 X110.781 Y110.719 E.02658
;WIDTH:0.629862
G1 X110.766 Y110.058 E.03227
G1 X110.869 Y109.27 E.03879
;WIDTH:0.628371
G1 X111.102 Y108.514 E.03851
;WIDTH:0.627619
G1 X111.433 Y107.886 E.03451
;WIDTH:0.618376
G1 X111.714 Y107.468 E.0241
G1 X112.271 Y106.881 E.03872
;WIDTH:0.597321
G1 X112.807 Y106.479 E.03089
;WIDTH:0.589046
G1 X112.881 Y106.459 E.00348
;WIDTH:0.630599
G1 X112.955 Y106.438 E.00376
;WIDTH:0.672366
G1 X113.024 Y106.431 E.00363
;WIDTH:0.714132
G1 X113.093 Y106.424 E.00387
;WIDTH:0.755899
G1 X113.162 Y106.418 E.00411
G1 E-1.4 F3600
;WIPE_START
G1 F7200
G1 X113.093 Y106.424 E-.0329
G1 X113.024 Y106.431 E-.03294
G1 X112.955 Y106.438 E-.03294
G1 X112.881 Y106.459 E-.03654
G1 X112.807 Y106.479 E-.03641
G1 X112.271 Y106.881 E-.31825
G1 X112.112 Y107.049 E-.11002
;WIPE_END
G1 Z18.9 F9000
G1 X118.849 Y110.428
G1 Z16.9
G1 E2 F2400
;WIDTH:0.767142
G1 F900
G1 X118.789 Y110.614 E.01177
;WIDTH:0.817081
G1 X118.73 Y110.799 E.0125
;WIDTH:0.867021
G1 X118.67 Y110.985 E.01339
;WIDTH:0.91696
G1 X118.611 Y111.171 E.01418
;WIDTH:0.918072
G1 X118.608 Y111.177 E.00049
G1 E-1.4 F3600
;WIPE_START
G1 F7200
G1 X118.611 Y111.171 E-.00319
G1 X118.67 Y110.985 E-.09269
G1 X118.73 Y110.799 E-.09283
G1 X118.789 Y110.614 E-.09224
G1 X118.849 Y110.428 E-.09283
;WIPE_END
G1 E-.22622 F3600
G1 Z18.9 F9000
G1 X116.294 Y112.214
G1 Z16.9
G1 E2 F2400
;TYPE:Internal infill
;WIDTH:0.66
G1 F900
G1 X115.353 Y112.561 E.05146
G1 X114.896 Y112.632 E.02373
G1 X114.175 Y112.619 E.037
G1 X113.519 Y112.472 E.03449
G1 X112.762 Y112.111 E.04303
G1 X117.644 Y107.229 E.35426
G1 X117.987 Y107.613 E.02642
G1 X118.385 Y108.261 E.03902
G1 X118.763 Y109.388 E.06099
G1 X118.479 Y109.357 E.01466
G1 X118.123 Y110.521 E.06246
G1 X117.551 Y111.317 E.05029
G1 X113.507 Y107.272 E.29348
G1 X112.965 Y107.788 E.0384
G1 X112.421 Y108.492 E.04565
G1 X112.131 Y109.107 E.03489
G1 X111.971 Y109.746 E.0338
G1 X111.939 Y110.469 E.03713
;LAYER_CHANGE
;Z:17.1
;HEIGHT:0.200001
;BEFORE_LAYER_CHANGE
G92 E0
;17.1


G1 E-1.4 F3600
;WIPE_START
G1 F7200
G1 X111.971 Y109.746 E-.34376
G1 X112.102 Y109.222 E-.25624
;WIPE_END
G1 Z17.1 F9000
;AFTER_LAYER_CHANGE
;17.1
G1 Z19.1
G1 X110.25 Y111.022
G1 Z17.1
G1 E2 F2400
;TYPE:Perimeter
;WIDTH:0.659999
G1 F900
G1 X110.185 Y110.826 E.0106
G1 X110.043 Y110.205 E.03269
G1 X109.989 Y109.694 E.02637
G1 X110.084 Y109.121 E.0298
G1 X110.253 Y108.509 E.03258
G1 X110.53 Y107.864 E.03602
G1 X110.797 Y107.384 E.02818
G1 X111.11 Y106.951 E.02741
G1 X111.564 Y106.454 E.03454
G1 X112.058 Y106.071 E.03207
G1 X112.656 Y105.687 E.03647
G1 X113.269 Y105.438 E.03395
G1 X113.758 Y105.306 E.02599
G1 X114.316 Y105.225 E.02893
G1 X115.103 Y105.249 E.0404
G1 X115.864 Y105.422 E.04004
G1 X116.301 Y105.618 E.02457
G1 X116.797 Y105.882 E.02883
G1 X117.285 Y106.21 E.03017
G1 X117.68 Y106.539 E.02638
G1 X118.126 Y107.006 E.03313
G1 X118.578 Y107.689 E.04202
G1 X118.831 Y108.285 E.03322
G1 X118.987 Y108.957 E.0354
G1 X119.062 Y109.548 E.03057
G1 X119.071 Y109.764 E.01109
G1 X118.961 Y110.898 E.05846
G1 X118.751 Y111.622 E.03868
G1 X118.278 Y112.474 E.05
G1 X117.951 Y112.858 E.02588
G1 X117.585 Y113.215 E.02623
G1 X117.078 Y113.588 E.0323
G1 X116.488 Y113.888 E.03396
G1 X115.99 Y114.069 E.02719
G1 X115.337 Y114.221 E.0344
G1 X114.694 Y114.258 E.03305
G1 X113.944 Y114.233 E.0385
G1 X113.231 Y114.087 E.03734
G1 X112.728 Y113.919 E.02721
G1 X112.228 Y113.692 E.02818
G1 X111.792 Y113.437 E.02592
G1 X111.185 Y112.782 E.04582
G1 X110.855 Y112.319 E.02917
G1 X110.568 Y111.814 E.0298
G1 X110.355 Y111.34 E.02666
G1 X110.278 Y111.107 E.01259
G1 X109.697 Y111.298 F9000
;TYPE:External perimeter
;WIDTH:0.629999
G1 F900
G1 X109.553 Y110.816 E.02456
G1 X109.447 Y110.298 E.02581
G1 X109.383 Y109.687 E.02999
G1 X109.442 Y109.228 E.02259
G1 X109.579 Y108.624 E.03023
G1 X109.771 Y108.055 E.02931
G1 X110.119 Y107.329 E.0393
G1 X110.428 Y106.843 E.02811
G1 X110.779 Y106.398 E.02767
G1 X111.161 Y106.004 E.02679
G1 X111.929 Y105.409 E.04743
G1 X112.639 Y105.036 E.03915
G1 X113.122 Y104.853 E.02521
G1 X113.629 Y104.718 E.02561
G1 X114.29 Y104.622 E.03261
G1 X115.179 Y104.649 E.04342
G1 X116.056 Y104.848 E.0439
G1 X116.841 Y105.2 E.042
G1 X117.413 Y105.556 E.03289
G1 X117.833 Y105.867 E.02551
G1 X118.248 Y106.24 E.02724
G1 X118.604 Y106.636 E.02599
G1 X119.106 Y107.395 E.04442
G1 X119.333 Y107.885 E.02636
G1 X119.493 Y108.366 E.02475
G1 X119.608 Y109.013 E.03208
G1 X119.663 Y109.524 E.02509
G1 X119.674 Y109.781 E.01256
G1 X119.555 Y111.012 E.06037
G1 X119.313 Y111.846 E.04239
G1 X119.102 Y112.254 E.02242
G1 X118.767 Y112.825 E.03232
G1 X118.359 Y113.304 E.03072
G1 X117.808 Y113.816 E.03672
G1 X117.395 Y114.101 E.0245
G1 X116.945 Y114.348 E.02506
G1 X116.461 Y114.553 E.02566
G1 X115.948 Y114.712 E.02622
G1 X115.414 Y114.819 E.02659
G1 X114.424 Y114.877 E.04841
G1 X113.859 Y114.83 E.02768
G1 X113.074 Y114.669 E.03912
G1 X112.508 Y114.48 E.02913
G1 X111.951 Y114.227 E.02986
G1 X111.418 Y113.915 E.03015
G1 X111.016 Y113.504 E.02806
G1 X110.615 Y113.03 E.03031
G1 X110.285 Y112.544 E.02868
G1 X109.994 Y112.013 E.02956
G1 X109.725 Y111.383 E.03344
G1 X110.458 Y109.653 F9000
;TYPE:Solid infill
;WIDTH:0.621059
G1 F900
G1 X110.597 Y108.926 E.03558
;WIDTH:0.627903
G1 X110.764 Y108.439 E.02504
G1 X111.058 Y107.83 E.03289
;WIDTH:0.627682
G1 X111.599 Y107.076 E.04512
G1 X112.13 Y106.585 E.03517
;WIDTH:0.619429
G1 X112.536 Y106.282 E.02428
G1 X113.26 Y105.911 E.039
;WIDTH:0.598598
G1 X114.014 Y105.689 E.03632
;WIDTH:0.603661
G1 X114.118 Y105.709 E.00494
;WIDTH:0.651536
G1 X114.223 Y105.729 E.00541
;WIDTH:0.699411
G1 X114.328 Y105.749 E.00583
;WIDTH:0.747286
G1 X114.433 Y105.769 E.00626
;WIDTH:0.795161
G1 X114.538 Y105.789 E.00669
;WIDTH:0.843035
G1 X114.643 Y105.809 E.00711
;WIDTH:0.89091
G1 X114.748 Y105.829 E.00754
G1 X114.691 Y105.862 E.00464
;WIDTH:0.854782
G1 X114.635 Y105.895 E.00439
;WIDTH:0.818653
G1 X114.579 Y105.928 E.00419
;WIDTH:0.782524
G1 X114.484 Y105.98 E.00666
;WIDTH:0.737177
G1 X114.389 Y106.033 E.00628
;WIDTH:0.691829
G1 X114.294 Y106.085 E.00584
;WIDTH:0.646482
G1 X114.199 Y106.138 E.00546
;WIDTH:0.601134
G1 X114.104 Y106.19 E.00503
;WIDTH:0.562551
G1 X113.845 Y106.268 E.01169
;WIDTH:0.598224
G1 X113.381 Y106.465 E.02328
;WIDTH:0.612289
G1 X112.721 Y106.848 E.03613
;WIDTH:0.628848
G1 X112.276 Y107.221 E.02829
G1 X111.892 Y107.63 E.02733
;WIDTH:0.61538
G1 X111.464 Y108.287 E.03732
;WIDTH:0.621059
G1 X111.164 Y109.035 E.03874
G1 X111.019 Y109.862 E.04036
;WIDTH:0.597105
G1 X111.027 Y110.162 E.01383
;WIDTH:0.571622
G1 X111.034 Y110.461 E.01315
;WIDTH:0.546139
G1 X111.066 Y110.581 E.0052
;WIDTH:0.57334
G1 X111.206 Y110.848 E.0133
;WIDTH:0.608206
G1 X111.346 Y111.115 E.01417
;WIDTH:0.652851
G1 X111.602 Y111.451 E.02142
;WIDTH:0.697496
G1 X111.858 Y111.787 E.02299
;WIDTH:0.732077
G1 X112.125 Y112.032 E.02077
;WIDTH:0.766658
G1 X112.391 Y112.277 E.02176
;WIDTH:0.787953
G1 X112.938 Y112.604 E.03948
;WIDTH:0.799811
G1 X113.567 Y112.827 E.042
G1 X114.1 Y112.948 E.0344
;WIDTH:0.794725
G1 X114.805 Y112.985 E.04413
;WIDTH:0.777099
G1 X115.333 Y112.949 E.03231
;WIDTH:0.75518
G1 X115.905 Y112.843 E.03445
;WIDTH:0.72967
G1 X116.232 Y112.734 E.01968
;WIDTH:0.695648
G1 X116.56 Y112.625 E.01876
;WIDTH:0.661625
G1 X116.851 Y112.471 E.01694
;WIDTH:0.621017
G1 X117.142 Y112.317 E.01583
;WIDTH:0.580409
G1 X117.589 Y112.046 E.02336
G1 X117.939 Y111.756 E.02031
G1 X118.438 Y111.137 E.03553
G1 X118.347 Y111.454 E.01474
G1 X118.128 Y111.879 E.02137
G1 X117.841 Y112.336 E.02412
G1 X117.479 Y112.729 E.02388
;WIDTH:0.593399
G1 X117.249 Y112.902 E.01317
;WIDTH:0.627512
G1 X117.024 Y113.048 E.01304
;WIDTH:0.661625
G1 X116.799 Y113.195 E.01383
;WIDTH:0.695648
G1 X116.422 Y113.355 E.02223
;WIDTH:0.72967
G1 X116.044 Y113.515 E.02344
;WIDTH:0.772048
G1 X115.225 Y113.695 E.05084
;WIDTH:0.797992
G1 X114.411 Y113.726 E.05114
G1 X113.816 Y113.656 E.03761
;WIDTH:0.789159
G1 X113.029 Y113.45 E.05048
;WIDTH:0.789764
G1 X112.554 Y113.247 E.03208
;WIDTH:0.792493
G1 X112.094 Y112.97 E.03347
G1 X111.713 Y112.615 E.03246
;WIDTH:0.745655
G1 X111.377 Y112.224 E.03012
;WIDTH:0.697496
G1 X111.091 Y111.805 E.02761
;WIDTH:0.654044
G1 X110.922 Y111.473 E.01893
;WIDTH:0.611131
G1 X110.753 Y111.141 E.0176
;WIDTH:0.568217
G1 X110.534 Y110.495 E.02979
;WIDTH:0.592245
G1 X110.486 Y109.96 E.02454
G1 E-1.4 F3600
;WIPE_START
G1 F7200
G1 X110.534 Y110.495 E-.25515
G1 X110.753 Y111.141 E-.324
G1 X110.773 Y111.18 E-.02085
;WIPE_END
G1 Z19.1 F9000
G1 X114.748 Y105.829
G1 Z17.1
G1 E2 F2400
;WIDTH:0.89091
G1 F900
G1 X114.947 Y105.836 E.01404
;WIDTH:0.842339
G1 X115.146 Y105.842 E.01323
;WIDTH:0.793768
G1 X115.344 Y105.848 E.01237
;WIDTH:0.745197
G1 X115.543 Y105.855 E.01163
;WIDTH:0.696626
G1 X115.711 Y105.88 E.00923
G1 X114.574 Y106.637 F9000
;TYPE:Internal infill
;WIDTH:0.66
G1 F900
G1 X115.132 Y106.51 E.02936
G1 X115.564 Y106.489 E.02219
G1 X116.42 Y106.587 E.04421
G1 X116.511 Y106.264 E.01722
G1 X117.151 Y106.702 E.03979
G1 X117.668 Y107.206 E.03705
G1 X113.011 Y111.863 E.33793
G1 X113.476 Y112.094 E.02664
G1 X114.116 Y112.263 E.03396
G1 X115.237 Y112.292 E.05754
G1 X116.323 Y112.073 E.05684
G1 X117.018 Y111.742 E.0395
G1 X117.5 Y111.38 E.03093
G1 X117.551 Y111.317 E.00416
G1 X113.38 Y107.146 E.30266
G1 X112.861 Y107.484 E.03178
G1 X112.378 Y107.972 E.03523
G1 X112.003 Y108.538 E.03484
G1 X111.744 Y109.172 E.03514
G1 X111.589 Y110.188 E.05273
;LAYER_CHANGE
;Z:17.3
;HEIGHT:0.199999
;BEFORE_LAYER_CHANGE
G92 E0
;17.3


G1 E-1.4 F3600
;WIPE_START
G1 F7200
G1 X111.744 Y109.172 E-.48818
G1 X111.833 Y108.954 E-.11182
;WIPE_END
G1 Z17.3 F9000
;AFTER_LAYER_CHANGE
;17.3
G1 Z19.3
G1 X110.124 Y110.516
G1 Z17.3
G1 E2 F2400
;TYPE:Perimeter
;WIDTH:0.659999
G1 F900
G1 X110.081 Y110.326 E.01
G1 X109.984 Y109.69 E.03301
G1 X109.975 Y109.17 E.02669
G1 X110.046 Y108.422 E.03855
G1 X110.215 Y107.711 E.0375
G1 X110.633 Y107.017 E.04157
G1 X110.952 Y106.608 E.02661
G1 X111.311 Y106.232 E.02667
G1 X111.699 Y105.898 E.02627
G1 X112.12 Y105.604 E.02635
G1 X112.743 Y105.269 E.03629
G1 X113.389 Y105.04 E.03517
G1 X114.07 Y104.911 E.03556
G1 X114.755 Y104.882 E.03518
G1 X115.556 Y104.98 E.04141
G1 X116.164 Y105.17 E.03268
G1 X116.673 Y105.407 E.02881
G1 X117.143 Y105.721 E.029
G1 X117.484 Y106.046 E.02417
G1 X117.913 Y106.521 E.03284
G1 X118.221 Y106.947 E.02697
G1 X118.539 Y107.489 E.03224
G1 X118.754 Y108.049 E.03078
G1 X118.94 Y108.721 E.03578
G1 X118.985 Y109.283 E.02893
G1 X118.989 Y109.571 E.01478
G1 X118.904 Y110.224 E.03379
G1 X118.752 Y110.805 E.03081
G1 X118.555 Y111.298 E.02724
G1 X118.238 Y111.913 E.0355
G1 X117.792 Y112.538 E.0394
G1 X117.451 Y112.86 E.02406
G1 X117.047 Y113.196 E.02696
G1 X116.558 Y113.487 E.0292
G1 X115.922 Y113.734 E.03501
G1 X115.326 Y113.877 E.03145
G1 X114.46 Y113.933 E.04453
G1 X113.744 Y113.85 E.03698
G1 X113.047 Y113.672 E.03691
G1 X112.574 Y113.481 E.02617
G1 X112.126 Y113.244 E.02601
G1 X111.361 Y112.692 E.0484
G1 X110.981 Y112.328 E.027
G1 X110.577 Y111.839 E.03255
G1 X110.459 Y111.591 E.01409
G1 X110.245 Y111.037 E.03047
G1 X110.145 Y110.603 E.02285
G1 X109.557 Y110.735 F9000
;TYPE:External perimeter
;WIDTH:0.629999
G1 F900
G1 X109.494 Y110.462 E.01368
G1 X109.383 Y109.727 E.03629
G1 X109.372 Y109.147 E.02832
G1 X109.451 Y108.323 E.04041
G1 X109.647 Y107.494 E.04158
G1 X109.911 Y107.008 E.027
G1 X110.258 Y106.497 E.03015
G1 X110.648 Y106.035 E.02951
G1 X111.075 Y105.623 E.02897
G1 X111.531 Y105.264 E.02833
G1 X112.012 Y104.96 E.02778
G1 X112.508 Y104.714 E.02703
G1 X113.222 Y104.46 E.03699
G1 X113.738 Y104.344 E.02582
G1 X114.252 Y104.283 E.02527
G1 X114.789 Y104.28 E.02621
G1 X115.672 Y104.387 E.04342
G1 X116.38 Y104.608 E.03621
G1 X116.977 Y104.886 E.03215
G1 X117.52 Y105.249 E.03188
G1 X118.148 Y105.846 E.0423
G1 X118.549 Y106.356 E.03167
G1 X118.831 Y106.774 E.02461
G1 X119.086 Y107.233 E.02563
G1 X119.425 Y108.119 E.04631
G1 X119.535 Y108.623 E.02518
G1 X119.587 Y109.275 E.03193
G1 X119.568 Y109.843 E.02774
G1 X119.495 Y110.339 E.02447
G1 X119.321 Y111.003 E.03351
G1 X119.103 Y111.548 E.02865
G1 X118.754 Y112.227 E.03727
G1 X118.248 Y112.936 E.04252
G1 X117.613 Y113.535 E.04261
G1 X117.077 Y113.886 E.03128
G1 X116.588 Y114.129 E.02666
G1 X115.903 Y114.371 E.03546
G1 X115.408 Y114.475 E.02469
G1 X114.456 Y114.537 E.04657
G1 X113.928 Y114.495 E.02586
G1 X113.389 Y114.397 E.02674
G1 X112.85 Y114.242 E.02738
G1 X112.32 Y114.027 E.02792
G1 X111.807 Y113.756 E.02832
G1 X110.974 Y113.155 E.05014
G1 X110.539 Y112.738 E.02942
G1 X110.065 Y112.165 E.0363
G1 X109.862 Y111.737 E.02312
G1 X109.667 Y111.21 E.02743
G1 X109.577 Y110.823 E.0194
G1 E-1.4 F3600
;WIPE_START
G1 F7200
G1 X109.557 Y110.735 E-.04287
G1 X109.494 Y110.462 E-.13308
G1 X109.383 Y109.727 E-.35308
G1 X109.38 Y109.578 E-.07097
;WIPE_END
G1 Z19.3 F9000
G1 X111.726 Y109.905
G1 Z17.3
G1 E2 F2400
;TYPE:Internal infill
;WIDTH:0.66
G1 F900
G1 X111.461 Y108.954 E.05066
G1 X111.695 Y108.39 E.03133
G1 X112.331 Y107.504 E.05596
G1 X113.134 Y106.899 E.05159
G1 X117.586 Y111.352 E.32309
G1 X116.642 Y111.941 E.05709
G1 X115.943 Y112.126 E.0371
G1 X115.551 Y112.164 E.02021
G1 X114.863 Y112.128 E.03535
G1 X114.047 Y111.939 E.04298
G1 X113.268 Y111.605 E.04349
G1 X117.761 Y107.113 E.32599
G1 X117.527 Y106.799 E.02009
G1 X117.376 Y107.032 E.01425
G1 X116.302 Y106.586 E.05967
G1 X115.967 Y106.501 E.01773
G1 X115.157 Y106.427 E.04173
G1 X114.449 Y106.488 E.03646
G1 X114.349 Y105.338 F9000
;TYPE:Solid infill
;WIDTH:0.611955
G1 F900
G1 X114.966 Y105.343 E.02919
;WIDTH:0.573347
G1 X115.492 Y105.398 E.02333
;WIDTH:0.594072
G1 X115.572 Y105.452 E.00442
;WIDTH:0.642332
G1 X115.651 Y105.506 E.00477
;WIDTH:0.690593
G1 X115.73 Y105.56 E.00515
;WIDTH:0.738854
G1 X115.809 Y105.614 E.00554
;WIDTH:0.787114
G1 X115.888 Y105.668 E.00592
;WIDTH:0.835375
G1 X115.967 Y105.722 E.00631
;WIDTH:0.883635
G1 X116.046 Y105.776 E.00669
G1 X115.953 Y105.792 E.0066
;WIDTH:0.835375
G1 X115.859 Y105.808 E.00628
;WIDTH:0.787114
G1 X115.766 Y105.824 E.00584
;WIDTH:0.738854
G1 X115.672 Y105.84 E.00552
;WIDTH:0.690593
G1 X115.579 Y105.856 E.00508
;WIDTH:0.642332
G1 X115.485 Y105.871 E.00474
;WIDTH:0.594072
G1 X115.392 Y105.887 E.00432
;WIDTH:0.573347
G1 X114.958 Y105.87 E.01916
;WIDTH:0.606728
G1 X114.221 Y105.923 E.03464
;WIDTH:0.619791
G1 X113.68 Y106.031 E.02646
G1 X112.867 Y106.366 E.04218
;WIDTH:0.620808
G1 X112.156 Y106.851 E.04136
;WIDTH:0.624184
G1 X111.587 Y107.463 E.04039
G1 X111.158 Y108.14 E.03874
;WIDTH:0.611753
G1 X110.976 Y108.636 E.02499
;WIDTH:0.570221
G1 X110.908 Y108.932 E.01332
;WIDTH:0.587266
G1 X110.965 Y109.455 E.02381
;WIDTH:0.627622
G1 X111.079 Y109.85 E.01999
;WIDTH:0.667978
G1 X111.194 Y110.246 E.02143
;WIDTH:0.69972
G1 X111.277 Y110.426 E.01083
;WIDTH:0.731461
G1 X111.36 Y110.605 E.0113
;WIDTH:0.776667
G1 X111.601 Y111.052 E.03098
;WIDTH:0.793044
G1 X111.939 Y111.459 E.033
;WIDTH:0.79966
G1 X112.194 Y111.689 E.02161
G1 X112.792 Y112.127 E.04664
;WIDTH:0.797617
G1 X113.297 Y112.385 E.03559
;WIDTH:0.780254
G1 X113.885 Y112.591 E.0382
;WIDTH:0.770465
G1 X114.35 Y112.677 E.02861
;WIDTH:0.733823
G1 X114.814 Y112.762 E.0271
;WIDTH:0.697181
G1 X115.615 Y112.784 E.04359
;WIDTH:0.672901
G1 X116.416 Y112.663 E.04243
;WIDTH:0.673071
G1 X116.845 Y112.521 E.02368
;WIDTH:0.688
G1 X117.362 Y112.272 E.03078
G1 X117.34 Y112.288 E.00146
;WIDTH:0.687307
G1 X116.926 Y112.691 E.03096
;WIDTH:0.673071
G1 X116.344 Y113.053 E.03591
;WIDTH:0.672901
G1 X115.743 Y113.277 E.0336
G1 X115.239 Y113.4 E.02718
;WIDTH:0.705296
G1 X114.839 Y113.406 E.02203
;WIDTH:0.73769
G1 X114.439 Y113.413 E.02311
;WIDTH:0.77561
G1 X113.596 Y113.271 E.05208
;WIDTH:0.796117
G1 X112.769 Y112.969 E.05514
G1 X112.164 Y112.609 E.04409
;WIDTH:0.79966
G1 X111.732 Y112.287 E.0339
G1 X111.417 Y111.997 E.02694
;WIDTH:0.79142
G1 X111.078 Y111.598 E.03259
;WIDTH:0.789446
G1 X110.984 Y111.43 E.01195
;WIDTH:0.776667
G1 X110.744 Y110.911 E.03489
;WIDTH:0.731461
G1 X110.686 Y110.725 E.01115
;WIDTH:0.706129
G1 X110.628 Y110.539 E.01074
;WIDTH:0.680796
G1 X110.491 Y109.999 E.02955
;WIDTH:0.648284
G1 X110.449 Y109.58 E.0212
;WIDTH:0.60757
G1 X110.406 Y109.162 E.01973
;WIDTH:0.570221
G1 X110.476 Y108.474 E.03032
;WIDTH:0.611753
G1 X110.618 Y107.966 E.02495
;WIDTH:0.614571
G1 X110.699 Y107.785 E.00943
;WIDTH:0.618438
G1 X111.236 Y106.976 E.04647
;WIDTH:0.620658
G1 X111.76 Y106.431 E.03632
;WIDTH:0.630702
G1 X112.159 Y106.127 E.02452
G1 X112.955 Y105.682 E.04457
;WIDTH:0.630069
G1 X113.624 Y105.458 E.03444
;WIDTH:0.614453
G1 X114.045 Y105.388 E.02028
;LAYER_CHANGE
;Z:17.5
;HEIGHT:0.200001
;BEFORE_LAYER_CHANGE
G92 E0
;17.5


G1 E-1.4 F3600
;WIPE_START
G1 F7200
G1 X113.624 Y105.458 E-.20272
G1 X112.955 Y105.682 E-.33511
G1 X112.841 Y105.746 E-.06217
;WIPE_END
G1 Z17.5 F9000
;AFTER_LAYER_CHANGE
;17.5
G1 Z17.5
G1 X110.972 Y106.175
G1 E2 F2400
;TYPE:Perimeter
;WIDTH:0.659999
G1 F900
G1 X111.118 Y105.942 E.01411
G1 X111.626 Y105.54 E.03324
G1 X112.059 Y105.243 E.02694
G1 X112.51 Y105.007 E.02612
G1 X112.981 Y104.816 E.02608
G1 X113.517 Y104.662 E.02861
G1 X114.017 Y104.574 E.02605
G1 X114.552 Y104.54 E.02751
G1 X115.112 Y104.56 E.02875
G1 X115.789 Y104.69 E.03537
G1 X116.282 Y104.85 E.02659
G1 X116.815 Y105.096 E.03012
G1 X117.347 Y105.464 E.03319
G1 X117.766 Y105.819 E.02818
G1 X118.269 Y106.451 E.04145
G1 X118.612 Y107.124 E.03876
G1 X118.832 Y107.804 E.03667
G1 X118.964 Y108.469 E.03479
G1 X119.01 Y108.987 E.02668
G1 X118.989 Y109.607 E.03183
G1 X118.857 Y110.249 E.03363
G1 X118.648 Y110.84 E.03216
G1 X118.32 Y111.424 E.03437
G1 X117.915 Y111.962 E.03455
G1 X117.21 Y112.643 E.05029
G1 X116.589 Y113.081 E.03899
G1 X115.693 Y113.446 E.04964
G1 X115.197 Y113.542 E.02592
G1 X114.697 Y113.589 E.02577
G1 X114.074 Y113.562 E.032
G1 X113.429 Y113.427 E.03381
G1 X112.934 Y113.259 E.02682
G1 X112.335 Y112.97 E.03413
G1 X111.611 Y112.455 E.04559
G1 X111.024 Y111.858 E.04296
G1 X110.495 Y111.096 E.0476
G1 X110.261 Y110.633 E.02662
G1 X110.009 Y109.926 E.03851
G1 X109.977 Y109.525 E.02064
G1 X110 Y108.921 E.03101
G1 X110.083 Y108.217 E.03637
G1 X110.403 Y107.18 E.05568
G1 X110.677 Y106.646 E.0308
G1 X110.925 Y106.251 E.02393
G1 X110.408 Y105.909 F9000
;TYPE:External perimeter
;WIDTH:0.629999
G1 F900
G1 X110.684 Y105.518 E.02336
G1 X111.491 Y104.879 E.05025
G1 X112.01 Y104.574 E.02939
G1 X112.551 Y104.326 E.02905
G1 X113.102 Y104.139 E.0284
G1 X113.659 Y104.012 E.02789
G1 X114.212 Y103.943 E.0272
G1 X114.924 Y103.947 E.03476
G1 X115.459 Y104.006 E.02627
G1 X115.982 Y104.119 E.02612
G1 X116.494 Y104.287 E.0263
G1 X117.122 Y104.576 E.03375
G1 X117.69 Y104.97 E.03375
G1 X118.209 Y105.409 E.03318
G1 X118.778 Y106.124 E.04461
G1 X119.171 Y106.894 E.0422
G1 X119.346 Y107.437 E.02785
G1 X119.477 Y107.923 E.02457
G1 X119.571 Y108.466 E.0269
G1 X119.612 Y108.97 E.02468
G1 X119.588 Y109.678 E.03458
G1 X119.502 Y110.179 E.02481
G1 X119.287 Y110.86 E.03486
G1 X119.074 Y111.325 E.02497
G1 X118.697 Y111.948 E.03555
G1 X118.361 Y112.368 E.02626
G1 X117.595 Y113.109 E.05203
G1 X116.887 Y113.607 E.04226
G1 X116.473 Y113.791 E.02212
G1 X115.854 Y114.026 E.03232
G1 X115.239 Y114.144 E.03057
G1 X114.713 Y114.191 E.02578
G1 X114 Y114.161 E.03484
G1 X113.498 Y114.072 E.02489
G1 X112.996 Y113.931 E.02545
G1 X112.5 Y113.734 E.02605
G1 X112.02 Y113.485 E.0264
G1 X111.219 Y112.915 E.04799
G1 X110.559 Y112.244 E.04595
G1 X109.976 Y111.405 E.04987
G1 X109.706 Y110.87 E.02925
G1 X109.415 Y110.053 E.04234
G1 X109.374 Y109.537 E.02527
G1 X109.409 Y108.629 E.04436
G1 X109.494 Y108.087 E.02678
G1 X109.693 Y107.39 E.03538
G1 X109.943 Y106.72 E.03491
G1 X110.36 Y105.985 E.04125
G1 E-1.4 F3600
;WIPE_START
G1 F7200
G1 X110.408 Y105.909 E-.0427
G1 X110.684 Y105.518 E-.22733
G1 X111.229 Y105.087 E-.32997
;WIPE_END
G1 Z19.5 F9000
G1 X110.496 Y108.822
G1 Z17.5
G1 E2 F2400
;TYPE:Solid infill
;WIDTH:0.693341
G1 F900
G1 X110.554 Y108.302 E.0283
;WIDTH:0.661098
G1 X110.645 Y107.904 E.02099
;WIDTH:0.619538
G1 X110.737 Y107.507 E.01954
;WIDTH:0.577978
G1 X110.929 Y107.038 E.02255
;WIDTH:0.576968
G1 X111.203 Y106.598 E.02302
;WIDTH:0.623999
G1 X111.477 Y106.241 E.02174
G1 X112.027 Y105.801 E.03403
;WIDTH:0.627913
G1 X112.501 Y105.516 E.0269
G1 X112.956 Y105.307 E.02436
;WIDTH:0.622844
G1 X113.515 Y105.135 E.0282
;WIDTH:0.621375
G1 X114.317 Y105.001 E.03911
;WIDTH:0.626288
G1 X114.841 Y105.006 E.02542
G1 X115.507 Y105.091 E.03257
;WIDTH:0.623747
G1 X116.252 Y105.312 E.03753
;WIDTH:0.590812
G1 X116.612 Y105.477 E.01804
;WIDTH:0.615764
G1 X116.699 Y105.567 E.00596
;WIDTH:0.66456
G1 X116.787 Y105.657 E.00651
;WIDTH:0.713356
G1 X116.874 Y105.747 E.00698
;WIDTH:0.762153
G1 X116.961 Y105.838 E.00753
;WIDTH:0.810949
G1 X117.049 Y105.928 E.00804
;WIDTH:0.859745
G1 X117.136 Y106.018 E.0085
;WIDTH:0.89094
G1 X117.164 Y106.065 E.00386
;WIDTH:0.922134
G1 X117.191 Y106.112 E.00396
G1 X117.14 Y106.102 E.0038
;WIDTH:0.89094
G1 X117.088 Y106.092 E.00373
;WIDTH:0.859745
G1 X116.925 Y106.05 E.01143
;WIDTH:0.814923
G1 X116.761 Y106.008 E.01087
;WIDTH:0.770101
G1 X116.598 Y105.966 E.01018
;WIDTH:0.725279
G1 X116.435 Y105.924 E.00955
;WIDTH:0.680457
G1 X116.271 Y105.882 E.00897
;WIDTH:0.635635
G1 X116.108 Y105.84 E.0083
;WIDTH:0.612975
G1 X115.106 Y105.605 E.04878
;WIDTH:0.620841
G1 X114.335 Y105.579 E.03707
G1 X113.612 Y105.701 E.03523
;WIDTH:0.622844
G1 X113.144 Y105.855 E.02376
;WIDTH:0.627913
G1 X112.778 Y106.032 E.01978
G1 X112.299 Y106.311 E.02696
;WIDTH:0.613642
G1 X111.641 Y106.9 E.04191
;WIDTH:0.576968
G1 X111.325 Y107.356 E.02464
;WIDTH:0.596523
G1 X111.197 Y107.912 E.02626
;WIDTH:0.63004
G1 X111.179 Y108.211 E.01462
;WIDTH:0.663556
G1 X111.162 Y108.51 E.01546
;WIDTH:0.697072
G1 X111.144 Y108.809 E.01629
;WIDTH:0.733612
G1 X111.187 Y109.123 E.0182
;WIDTH:0.770152
G1 X111.229 Y109.437 E.01916
;WIDTH:0.78542
G1 X111.39 Y109.987 E.03538
;WIDTH:0.799456
G1 X111.623 Y110.443 E.03221
G1 X112.028 Y111.028 E.04476
;WIDTH:0.798182
G1 X112.448 Y111.468 E.0382
;WIDTH:0.792527
G1 X113.063 Y111.953 E.04882
;WIDTH:0.752982
G1 X113.595 Y112.26 E.03627
;WIDTH:0.711732
G1 X114.351 Y112.591 E.0459
G1 X115.115 Y112.763 E.04355
G1 X115.666 Y112.795 E.03069
G1 X116.158 Y112.724 E.02764
G1 X115.767 Y112.898 E.0238
G1 X115.427 Y113 E.01974
G1 X114.889 Y113.081 E.03026
G1 X114.136 Y113.063 E.04189
G1 X113.383 Y112.891 E.04295
;WIDTH:0.715069
G1 X113.195 Y112.811 E.01142
;WIDTH:0.763731
G1 X112.575 Y112.494 E.04174
;WIDTH:0.782961
G1 X111.798 Y111.879 E.06098
;WIDTH:0.798182
G1 X111.426 Y111.483 E.03412
G1 X111.125 Y111.061 E.03255
;WIDTH:0.794258
G1 X110.752 Y110.396 E.04763
G1 X110.568 Y109.895 E.03334
;WIDTH:0.784666
G1 X110.509 Y109.492 E.02512
;WIDTH:0.770152
G1 X110.502 Y109.131 E.02183
G1 E-1.4 F3600
;WIPE_START
G1 F7200
G1 X110.509 Y109.492 E-.17151
G1 X110.568 Y109.895 E-.19347
G1 X110.739 Y110.36 E-.23502
;WIPE_END
G1 Z19.5 F9000
G1 X117.191 Y106.112
G1 Z17.5
G1 E2 F2400
;WIDTH:0.922134
G1 F900
G1 X117.329 Y106.224 E.01299
;WIDTH:0.898216
G1 X117.459 Y106.348 E.01278
;WIDTH:0.848978
G1 X117.589 Y106.472 E.01204
;WIDTH:0.79974
G1 X117.72 Y106.597 E.01139
;WIDTH:0.750502
G1 X117.85 Y106.721 E.01057
G1 E-1.4 F3600
;WIPE_START
G1 F7200
G1 X117.72 Y106.597 E-.08534
G1 X117.589 Y106.472 E-.08601
G1 X117.459 Y106.348 E-.08534
G1 X117.329 Y106.224 E-.08534
G1 X117.191 Y106.112 E-.08442
;WIPE_END
G1 E-.17355 F3600
G1 Z19.5 F9000
G1 X114.145 Y106.216
G1 Z17.5
G1 E2 F2400
;TYPE:Internal infill
;WIDTH:0.66
G1 F900
G1 X114.414 Y106.172 E.01399
G1 X115.052 Y106.195 E.03276
G1 X116.068 Y106.427 E.05347
G1 X116.786 Y106.741 E.04021
G1 X117.553 Y107.321 E.04934
G1 X113.456 Y111.418 E.29729
G1 X113.847 Y111.669 E.02384
G1 X114.529 Y111.975 E.03835
G1 X115.584 Y112.156 E.05492
G1 X116.296 Y112.051 E.03693
G1 X116.871 Y111.867 E.03098
G1 X117.02 Y112.166 E.01714
G1 X117.702 Y111.468 E.05007
G1 X112.881 Y106.646 E.34987
G1 X112.352 Y107.019 E.03321
G1 X111.839 Y107.586 E.03923
G1 X111.757 Y108.345 E.03917
G1 X111.773 Y108.725 E.01952
G1 X111.912 Y109.435 E.03712
G1 X112.066 Y109.819 E.02123
;LAYER_CHANGE
;Z:17.7
;HEIGHT:0.200001
;BEFORE_LAYER_CHANGE
G92 E0
;17.7


G1 E-1.4 F3600
;WIPE_START
G1 F7200
G1 X111.912 Y109.435 E-.19652
G1 X111.773 Y108.725 E-.34365
G1 X111.768 Y108.599 E-.05983
;WIPE_END
G1 Z17.7 F9000
;AFTER_LAYER_CHANGE
;17.7
G1 Z19.7
G1 X110.604 Y110.549
G1 Z17.7
G1 E2 F2400
;TYPE:Perimeter
;WIDTH:0.659999
G1 F900
G1 X110.46 Y110.216 E.01862
G1 X110.211 Y109.31 E.04821
G1 X110.139 Y108.617 E.03575
G1 X110.143 Y107.976 E.03289
G1 X110.361 Y107.321 E.03542
G1 X110.614 Y106.721 E.03341
G1 X110.868 Y106.287 E.0258
G1 X111.257 Y105.764 E.03344
G1 X111.63 Y105.359 E.02825
G1 X112.128 Y104.932 E.03366
G1 X112.565 Y104.607 E.02794
G1 X113.156 Y104.396 E.0322
G1 X113.685 Y104.273 E.02787
G1 X114.2 Y104.207 E.02664
G1 X114.845 Y104.216 E.0331
G1 X115.41 Y104.262 E.02909
G1 X116.091 Y104.417 E.03584
G1 X116.733 Y104.669 E.03539
G1 X117.324 Y105.015 E.03514
G1 X117.737 Y105.33 E.02665
G1 X118.161 Y105.741 E.0303
G1 X118.541 Y106.266 E.03325
G1 X118.82 Y106.742 E.02831
G1 X119.093 Y107.53 E.04279
G1 X119.165 Y108.023 E.02556
G1 X119.178 Y108.66 E.03269
G1 X119.126 Y109.273 E.03157
G1 X119.004 Y109.916 E.03358
G1 X118.7 Y110.729 E.04454
G1 X118.458 Y111.157 E.02523
G1 X117.916 Y111.827 E.04422
G1 X117.583 Y112.13 E.0231
G1 X117.088 Y112.474 E.03093
G1 X116.589 Y112.743 E.02909
G1 X115.966 Y113 E.03458
G1 X115.483 Y113.153 E.026
G1 X114.938 Y113.238 E.0283
G1 X114.119 Y113.223 E.04203
G1 X113.586 Y113.117 E.02788
G1 X113.092 Y112.955 E.02668
G1 X112.544 Y112.696 E.0311
G1 X111.842 Y112.204 E.04399
G1 X111.444 Y111.819 E.02841
G1 X110.897 Y111.104 E.04619
G1 X110.659 Y110.678 E.02504
G1 X110.639 Y110.632 E.00257
G1 X110.092 Y110.884 F9000
;TYPE:External perimeter
;WIDTH:0.629999
G1 F900
G1 X109.891 Y110.416 E.02486
G1 X109.619 Y109.429 E.04998
G1 X109.537 Y108.632 E.03911
G1 X109.546 Y107.861 E.03764
G1 X109.79 Y107.13 E.03762
G1 X110.001 Y106.607 E.02753
G1 X110.253 Y106.146 E.02565
G1 X110.546 Y105.701 E.02601
G1 X110.856 Y105.306 E.02451
G1 X111.205 Y104.932 E.02497
G1 X111.756 Y104.459 E.03545
G1 X112.298 Y104.063 E.03277
G1 X112.986 Y103.817 E.03567
G1 X113.578 Y103.679 E.02967
G1 X114.165 Y103.605 E.02888
G1 X115.179 Y103.618 E.0495
G1 X115.99 Y103.769 E.04027
G1 X116.718 Y104.017 E.03754
G1 X117.241 Y104.26 E.02815
G1 X117.695 Y104.539 E.02601
G1 X118.124 Y104.869 E.02642
G1 X118.623 Y105.353 E.03394
G1 X118.895 Y105.729 E.02265
G1 X119.264 Y106.293 E.0329
G1 X119.537 Y106.972 E.03572
G1 X119.719 Y107.607 E.03225
G1 X119.777 Y108.181 E.02816
G1 X119.779 Y108.692 E.02495
G1 X119.698 Y109.55 E.04207
G1 X119.583 Y110.085 E.02671
G1 X119.248 Y110.985 E.04688
G1 X118.957 Y111.497 E.02875
G1 X118.555 Y111.994 E.0312
G1 X118.119 Y112.456 E.03101
G1 X117.582 Y112.879 E.03337
G1 X117.141 Y113.145 E.02514
G1 X116.669 Y113.373 E.02559
G1 X116.184 Y113.561 E.02539
G1 X115.613 Y113.742 E.02924
G1 X114.979 Y113.841 E.03132
G1 X114.064 Y113.824 E.04467
G1 X113.351 Y113.677 E.03554
G1 X112.679 Y113.441 E.03477
G1 X112.233 Y113.214 E.02443
G1 X111.457 Y112.67 E.04626
G1 X110.993 Y112.22 E.03155
G1 X110.393 Y111.435 E.04823
G1 X110.13 Y110.966 E.02625
G1 E-1.4 F3600
;WIPE_START
G1 F7200
G1 X110.092 Y110.884 E-.04293
G1 X109.891 Y110.416 E-.24194
G1 X109.715 Y109.776 E-.31513
;WIPE_END
G1 Z19.7 F9000
G1 X114.497 Y104.665
G1 Z17.7
G1 E2 F2400
;TYPE:Solid infill
;WIDTH:0.617852
G1 F900
G1 X115.235 Y104.703 E.03533
;WIDTH:0.618607
G1 X116.098 Y104.908 E.04246
G1 X116.804 Y105.24 E.03735
;WIDTH:0.617292
G1 X117.271 Y105.534 E.02636
G1 X117.741 Y105.938 E.0296
;WIDTH:0.56924
G1 X118.005 Y106.239 E.01752
;WIDTH:0.59473
G1 X118.027 Y106.316 E.00367
;WIDTH:0.643289
G1 X118.05 Y106.392 E.00396
;WIDTH:0.691848
G1 X118.072 Y106.468 E.00427
;WIDTH:0.740407
G1 X118.094 Y106.544 E.00459
;WIDTH:0.788966
G1 X118.117 Y106.62 E.00493
;WIDTH:0.837525
G1 X118.139 Y106.696 E.00523
;WIDTH:0.886083
G1 X118.162 Y106.772 E.00557
;WIDTH:0.934642
G1 X118.184 Y106.849 E.00594
G1 X118.114 Y106.813 E.00584
;WIDTH:0.886083
G1 X118.044 Y106.778 E.00549
;WIDTH:0.837525
G1 X117.974 Y106.742 E.0052
;WIDTH:0.788966
G1 X117.904 Y106.707 E.00485
;WIDTH:0.740407
G1 X117.834 Y106.672 E.00454
;WIDTH:0.691848
G1 X117.764 Y106.636 E.00425
;WIDTH:0.643289
G1 X117.694 Y106.601 E.00391
;WIDTH:0.59473
G1 X117.624 Y106.565 E.00361
;WIDTH:0.56924
G1 X117.416 Y106.349 E.01312
;WIDTH:0.617292
G1 X116.915 Y105.983 E.02963
;WIDTH:0.628542
G1 X116.281 Y105.614 E.03572
G1 X115.811 Y105.416 E.02483
;WIDTH:0.622591
G1 X115.045 Y105.254 E.03774
;WIDTH:0.622087
G1 X114.271 Y105.244 E.03728
;WIDTH:0.620913
G1 X113.47 Y105.381 E.03906
G1 X112.7 Y105.701 E.04007
;WIDTH:0.575003
G1 X112.29 Y105.996 E.02235
;WIDTH:0.594803
G1 X111.953 Y106.505 E.02801
;WIDTH:0.622851
G1 X111.879 Y106.659 E.00824
;WIDTH:0.650898
G1 X111.806 Y106.813 E.00862
;WIDTH:0.685653
G1 X111.678 Y107.149 E.01922
;WIDTH:0.720408
G1 X111.55 Y107.484 E.0202
;WIDTH:0.75965
G1 X111.495 Y107.816 E.02006
;WIDTH:0.798892
G1 X111.441 Y108.148 E.02114
G1 X111.431 Y108.665 E.0325
;WIDTH:0.793902
G1 X111.559 Y109.402 E.04671
;WIDTH:0.783164
G1 X111.828 Y110.12 E.04719
;WIDTH:0.778867
G1 X112.201 Y110.77 E.04586
;WIDTH:0.757769
G1 X112.639 Y111.321 E.04184
;WIDTH:0.725132
G1 X112.879 Y111.55 E.01882
;WIDTH:0.689065
G1 X113.119 Y111.779 E.01782
;WIDTH:0.652998
G1 X113.702 Y112.224 E.03721
G1 X114.458 Y112.589 E.04259
G1 X115.09 Y112.727 E.03282
G1 X114.899 Y112.765 E.00988
G1 X114.171 Y112.752 E.03694
G1 X113.478 Y112.597 E.03602
G1 X112.807 Y112.298 E.03727
;WIDTH:0.662823
G1 X112.606 Y112.158 E.01263
;WIDTH:0.693978
G1 X112.386 Y111.985 E.01515
;WIDTH:0.725132
G1 X112.166 Y111.811 E.01591
;WIDTH:0.748984
G1 X111.818 Y111.452 E.02935
;WIDTH:0.787477
G1 X111.377 Y110.844 E.0465
G1 X111.176 Y110.461 E.02678
;WIDTH:0.798486
G1 X110.963 Y109.991 E.03242
;WIDTH:0.79947
G1 X110.743 Y109.176 E.0531
G1 X110.682 Y108.6 E.03644
;WIDTH:0.798892
G1 X110.685 Y108.072 E.03319
G1 X110.753 Y107.817 E.01659
;WIDTH:0.768043
G1 X110.822 Y107.561 E.01599
;WIDTH:0.737194
G1 X111.013 Y107.053 E.03133
;WIDTH:0.690172
G1 X111.252 Y106.565 E.02924
;WIDTH:0.650898
G1 X111.436 Y106.284 E.01698
;WIDTH:0.606472
G1 X111.745 Y105.855 E.02477
;WIDTH:0.57155
G1 X112.089 Y105.497 E.02182
;WIDTH:0.586949
G1 X112.432 Y105.258 E.01891
;WIDTH:0.626574
G1 X112.775 Y105.019 E.02029
G1 X113.285 Y104.834 E.02633
;WIDTH:0.628115
G1 X113.781 Y104.725 E.02471
G1 X114.19 Y104.691 E.01997
G1 E-1.4 F3600
;WIPE_START
G1 F7200
G1 X113.781 Y104.725 E-.19495
G1 X113.285 Y104.834 E-.24122
G1 X112.961 Y104.951 E-.16383
;WIPE_END
G1 Z19.7 F9000
G1 X116.164 Y106.219
G1 Z17.7
G1 E2 F2400
;TYPE:Internal infill
;WIDTH:0.66
G1 F900
G1 X115.672 Y105.998 E.02767
G1 X115.026 Y105.852 E.03398
G1 X114.342 Y105.831 E.03511
G1 X113.29 Y106.068 E.05533
G1 X112.732 Y106.341 E.03187
G1 X112.665 Y106.43 E.00572
G1 X117.643 Y111.409 E.36126
G1 X116.983 Y111.982 E.04485
G1 X115.994 Y112.479 E.05679
G1 X115.982 Y112.183 E.0152
G1 X115.231 Y112.131 E.03863
G1 X114.634 Y112.003 E.03133
G1 X114.007 Y111.693 E.03589
G1 X113.538 Y111.336 E.03024
G1 X117.576 Y107.298 E.29301
G1 X118.049 Y107.985 E.0428
G1 X118.425 Y108.797 E.04591
G1 X118.698 Y108.728 E.01445
G1 X118.546 Y109.782 E.05464
G1 X118.328 Y110.367 E.03203
;LAYER_CHANGE
;Z:17.9
;HEIGHT:0.199999
;BEFORE_LAYER_CHANGE
G92 E0
;17.9


G1 E-1.4 F3600
;WIPE_START
G1 F7200
G1 X118.546 Y109.782 E-.29654
G1 X118.637 Y109.15 E-.30346
;WIPE_END
G1 Z17.9 F9000
;AFTER_LAYER_CHANGE
;17.9
G1 Z17.9
G1 X118.839 Y110.654
G1 E2 F2400
;TYPE:Perimeter
;WIDTH:0.659999
G1 F900
G1 X118.583 Y111.078 E.02541
G1 X118.171 Y111.553 E.03226
G1 X117.685 Y112.018 E.03451
G1 X117.16 Y112.353 E.03195
G1 X116.686 Y112.578 E.02692
G1 X116.142 Y112.758 E.0294
G1 X115.544 Y112.855 E.03108
G1 X114.818 Y112.915 E.03738
G1 X114.018 Y112.862 E.04114
G1 X113.094 Y112.588 E.04945
G1 X112.61 Y112.33 E.02814
G1 X112.088 Y111.968 E.03259
G1 X111.637 Y111.519 E.03265
G1 X111.323 Y111.121 E.02601
G1 X110.99 Y110.574 E.03286
G1 X110.664 Y109.749 E.04552
G1 X110.526 Y109.09 E.03455
G1 X110.478 Y108.545 E.02807
G1 X110.514 Y107.785 E.03904
G1 X110.609 Y107.2 E.03041
G1 X110.764 Y106.661 E.02878
G1 X111.018 Y106.076 E.03272
G1 X111.602 Y105.379 E.04666
G1 X112.131 Y104.918 E.036
G1 X112.582 Y104.603 E.02823
G1 X113.086 Y104.321 E.02963
G1 X113.638 Y104.083 E.03084
G1 X114.167 Y103.919 E.02842
G1 X114.566 Y103.853 E.02075
G1 X115.471 Y103.922 E.04657
G1 X116.357 Y104.147 E.0469
G1 X117.129 Y104.491 E.04337
G1 X117.643 Y104.838 E.03182
G1 X118.218 Y105.305 E.03801
G1 X118.669 Y105.835 E.03571
G1 X118.955 Y106.272 E.0268
G1 X119.219 Y106.803 E.03043
G1 X119.455 Y107.599 E.0426
G1 X119.509 Y108.162 E.02902
G1 X119.506 Y108.808 E.03315
G1 X119.36 Y109.474 E.03498
G1 X119.159 Y110.023 E.03
G1 X118.904 Y110.546 E.02986
G1 X118.886 Y110.577 E.00184
G1 X119.413 Y110.873 F9000
;TYPE:External perimeter
;WIDTH:0.629999
G1 F900
G1 X119.344 Y111.007 E.00736
G1 X119.066 Y111.44 E.02512
G1 X118.434 Y112.17 E.04714
G1 X117.838 Y112.643 E.03714
G1 X117.402 Y112.907 E.02488
G1 X116.914 Y113.135 E.02629
G1 X116.277 Y113.346 E.03276
G1 X115.359 Y113.494 E.04539
G1 X114.811 Y113.518 E.02678
G1 X113.921 Y113.459 E.04354
G1 X113.49 Y113.346 E.02175
G1 X112.857 Y113.141 E.03248
G1 X112.308 Y112.85 E.03033
G1 X111.871 Y112.559 E.02563
G1 X111.338 Y112.092 E.03459
G1 X111.005 Y111.712 E.02466
G1 X110.705 Y111.291 E.02524
G1 X110.446 Y110.835 E.0256
G1 X110.088 Y109.931 E.04746
G1 X109.96 Y109.397 E.02681
G1 X109.885 Y108.835 E.02768
G1 X109.867 Y108.259 E.02813
G1 X109.939 Y107.456 E.03936
G1 X110.064 Y106.868 E.02935
G1 X110.252 Y106.285 E.0299
G1 X110.507 Y105.748 E.02902
G1 X110.982 Y105.181 E.03611
G1 X111.371 Y104.771 E.02759
G1 X111.758 Y104.445 E.0247
G1 X112.255 Y104.097 E.02962
G1 X112.811 Y103.785 E.03112
G1 X113.418 Y103.522 E.03229
G1 X114.004 Y103.339 E.02997
G1 X114.555 Y103.248 E.02726
G1 X115.568 Y103.325 E.04959
G1 X116.555 Y103.576 E.04971
G1 X117.422 Y103.962 E.04633
G1 X117.98 Y104.339 E.03287
G1 X118.472 Y104.723 E.03047
G1 X118.838 Y105.093 E.02541
G1 X119.176 Y105.509 E.02617
G1 X119.473 Y105.966 E.02661
G1 X119.784 Y106.59 E.03403
G1 X120.045 Y107.469 E.04476
G1 X120.111 Y108.164 E.03408
G1 X120.109 Y108.619 E.02221
G1 X120.041 Y109.281 E.03249
G1 X119.866 Y109.895 E.03117
G1 X119.641 Y110.429 E.02829
G1 X119.454 Y110.793 E.01998
G1 E-1.4 F3600
;WIPE_START
G1 F7200
G1 X119.413 Y110.873 E-.0427
G1 X119.344 Y111.007 E-.07159
G1 X119.066 Y111.44 E-.24442
G1 X118.733 Y111.824 E-.24129
;WIPE_END
G1 Z19.9 F9000
G1 X116.059 Y105.777
G1 Z17.9
G1 E2 F2400
;TYPE:Internal infill
;WIDTH:0.66
G1 F900
G1 X115.439 Y105.575 E.03346
G1 X114.719 Y105.487 E.03722
G1 X113.977 Y105.531 E.03814
G1 X113.494 Y105.92 E.03182
G1 X112.913 Y106.678 E.049
G1 X117.654 Y111.419 E.34403
G1 X118.201 Y110.793 E.04266
G1 X118.707 Y109.871 E.05396
G1 X118.387 Y109.829 E.01656
G1 X118.379 Y109.14 E.03536
G1 X118.265 Y108.466 E.03507
G1 X117.989 Y107.745 E.03961
G1 X117.667 Y107.207 E.03217
G1 X113.554 Y111.32 E.29846
G1 X113.073 Y110.707 E.03998
G1 X112.623 Y109.634 E.0597
G1 X112.448 Y108.591 E.05426
G1 X112.479 Y107.895 E.03575
G1 X111.018 Y108.269 F9000
;TYPE:Solid infill
;WIDTH:0.799477
G1 F900
G1 X111.077 Y107.604 E.042
;WIDTH:0.793205
G1 X111.218 Y107.014 E.03784
;WIDTH:0.791856
G1 X111.457 Y106.413 E.04028
G1 X111.638 Y106.151 E.01983
;WIDTH:0.756462
G1 X111.986 Y105.715 E.0331
;WIDTH:0.721446
G1 X112.286 Y105.436 E.02311
;WIDTH:0.682352
G1 X112.585 Y105.157 E.02174
;WIDTH:0.643258
G1 X112.879 Y104.957 E.01775
;WIDTH:0.605103
G1 X113.173 Y104.757 E.01662
;WIDTH:0.566947
G1 X113.773 Y104.483 E.02874
;WIDTH:0.586172
G1 X114.055 Y104.413 E.01312
;WIDTH:0.619111
G1 X114.337 Y104.343 E.01392
G1 X114.819 Y104.326 E.02311
;WIDTH:0.62678
G1 X115.371 Y104.374 E.0269
G1 X115.708 Y104.447 E.01674
;WIDTH:0.61943
G1 X116.23 Y104.588 E.02592
G1 X116.994 Y104.946 E.04045
;WIDTH:0.622961
G1 X117.599 Y105.366 E.03552
G1 X118.2 Y105.971 E.04113
;WIDTH:0.619306
G1 X118.529 Y106.447 E.02773
;WIDTH:0.596941
G1 X118.802 Y106.939 E.02592
;WIDTH:0.581704
G1 X118.948 Y107.363 E.02009
;WIDTH:0.597203
G1 X118.941 Y107.441 E.00361
;WIDTH:0.646009
G1 X118.934 Y107.519 E.00393
;WIDTH:0.694815
G1 X118.927 Y107.596 E.00419
;WIDTH:0.743621
G1 X118.919 Y107.674 E.00457
;WIDTH:0.792428
G1 X118.912 Y107.752 E.00488
;WIDTH:0.841234
G1 X118.905 Y107.829 E.00513
;WIDTH:0.89004
G1 X118.898 Y107.907 E.00552
;WIDTH:0.938846
G1 X118.891 Y107.985 E.00583
G1 X118.842 Y107.926 E.00571
;WIDTH:0.89004
G1 X118.793 Y107.867 E.0054
;WIDTH:0.841234
G1 X118.745 Y107.809 E.005
;WIDTH:0.792428
G1 X118.696 Y107.75 E.00478
;WIDTH:0.743621
G1 X118.647 Y107.691 E.00447
;WIDTH:0.694815
G1 X118.598 Y107.633 E.00412
;WIDTH:0.646009
G1 X118.55 Y107.574 E.00381
;WIDTH:0.597203
G1 X118.501 Y107.515 E.00353
;WIDTH:0.581704
G1 X118.328 Y107.193 E.01638
;WIDTH:0.597755
G1 X118.043 Y106.717 E.0256
;WIDTH:0.614329
G1 X117.672 Y106.239 E.02875
G1 X117.106 Y105.709 E.03684
;WIDTH:0.617865
G1 X116.632 Y105.396 E.02716
G1 X115.932 Y105.094 E.03645
;WIDTH:0.62678
G1 X115.314 Y104.955 E.03075
G1 X114.711 Y104.892 E.02943
;WIDTH:0.617015
G1 X114.017 Y104.956 E.03327
;WIDTH:0.574744
G1 X113.764 Y105.017 E.01151
;WIDTH:0.59248
G1 X113.316 Y105.301 E.02424
;WIDTH:0.622797
G1 X113.049 Y105.546 E.01747
;WIDTH:0.653113
G1 X112.783 Y105.791 E.01835
;WIDTH:0.68728
G1 X112.636 Y105.976 E.01266
;WIDTH:0.721446
G1 X112.489 Y106.161 E.01333
;WIDTH:0.756651
G1 X112.316 Y106.437 E.01933
;WIDTH:0.791856
G1 X112.143 Y106.714 E.02034
;WIDTH:0.792227
G1 X111.899 Y107.337 E.04169
G1 X111.794 Y107.877 E.03427
;WIDTH:0.789803
G1 X111.769 Y108.657 E.04847
G1 X111.845 Y109.204 E.0343
;WIDTH:0.772816
G1 X112.002 Y109.847 E.04017
;WIDTH:0.73768
G1 X112.218 Y110.39 E.03376
;WIDTH:0.707
G1 X112.392 Y110.692 E.01925
;WIDTH:0.668609
G1 X112.566 Y110.993 E.01809
;WIDTH:0.630217
G1 X112.772 Y111.245 E.01589
;WIDTH:0.585885
G1 X112.978 Y111.497 E.01469
;WIDTH:0.589455
G1 X113.041 Y111.596 E.00533
;WIDTH:0.637357
G1 X113.104 Y111.696 E.00584
;WIDTH:0.685259
G1 X113.168 Y111.795 E.0063
;WIDTH:0.733161
G1 X113.231 Y111.894 E.00673
;WIDTH:0.781063
G1 X113.295 Y111.993 E.00724
;WIDTH:0.828964
G1 X113.358 Y112.092 E.00767
G1 X113.265 Y112.075 E.00618
;WIDTH:0.786186
G1 X113.171 Y112.058 E.0059
;WIDTH:0.743407
G1 X113.071 Y112.023 E.00617
;WIDTH:0.703037
G1 X112.971 Y111.988 E.00582
;WIDTH:0.662666
G1 X112.871 Y111.953 E.00546
;WIDTH:0.622295
G1 X112.771 Y111.919 E.00509
;WIDTH:0.581924
G1 X112.671 Y111.884 E.00475
;WIDTH:0.552602
G1 X112.492 Y111.73 E.01001
;WIDTH:0.59141
G1 X112.288 Y111.529 E.01306
;WIDTH:0.630217
G1 X112.084 Y111.328 E.01399
;WIDTH:0.666815
G1 X111.786 Y110.92 E.02621
;WIDTH:0.700665
G1 X111.615 Y110.625 E.01865
;WIDTH:0.734515
G1 X111.444 Y110.329 E.01966
;WIDTH:0.775684
G1 X111.19 Y109.631 E.04526
G1 X111.117 Y109.281 E.02178
;WIDTH:0.789803
G1 X111.031 Y108.769 E.03224
;WIDTH:0.793512
G1 X111.026 Y108.578 E.01192
G1 E-1.4 F3600
;WIPE_START
G1 F7200
G1 X111.031 Y108.769 E-.09076
G1 X111.117 Y109.281 E-.24661
G1 X111.19 Y109.631 E-.16983
G1 X111.257 Y109.815 E-.0928
;WIPE_END
G1 Z19.9 F9000
G1 X113.358 Y112.092
G1 Z17.9
G1 E2 F2400
;WIDTH:0.828964
G1 F900
G1 X113.459 Y112.145 E.00746
;WIDTH:0.811662
G1 X113.617 Y112.212 E.01097
;WIDTH:0.761948
G1 X113.775 Y112.28 E.01028
;WIDTH:0.712233
G1 X113.933 Y112.347 E.00955
;WIDTH:0.662519
G1 X114.092 Y112.415 E.00891
G1 E-1.4 F3600
;WIPE_START
G1 F7200
G1 X113.933 Y112.347 E-.08214
G1 X113.775 Y112.28 E-.08152
G1 X113.617 Y112.212 E-.08171
G1 X113.459 Y112.145 E-.08152
G1 X113.358 Y112.092 E-.05418
;WIPE_END
G1 E-.21893 F3600
G1 Z19.9 F9000
G1 X118.994 Y108.754
G1 Z17.9
G1 E2 F2400
;WIDTH:0.774354
G1 F900
G1 X118.975 Y108.576 E.01089
;WIDTH:0.813987
G1 X118.956 Y108.399 E.01141
;WIDTH:0.85362
G1 X118.937 Y108.222 E.012
;WIDTH:0.896233
G1 X118.914 Y108.103 E.0086
;WIDTH:0.938846
G1 X118.891 Y107.985 E.00896
;LAYER_CHANGE
;Z:18.1
;HEIGHT:0.200001
;BEFORE_LAYER_CHANGE
G92 E0
;18.1


G1 E-1.4 F3600
;WIPE_START
G1 F7200
G1 X118.914 Y108.103 E-.0571
G1 X118.937 Y108.222 E-.05757
G1 X118.956 Y108.399 E-.08456
G1 X118.975 Y108.576 E-.08456
G1 X118.994 Y108.754 E-.08503
;WIPE_END
G1 E-.23118 F3600
G1 Z18.1 F9000
;AFTER_LAYER_CHANGE
;18.1
G1 Z18.1
G1 X119.102 Y110.75
G1 E2 F2400
;TYPE:Perimeter
;WIDTH:0.659999
G1 F900
G1 X118.987 Y110.912 E.01019
G1 X118.459 Y111.457 E.03894
G1 X117.99 Y111.874 E.0322
G1 X117.301 Y112.31 E.04184
G1 X116.858 Y112.506 E.02486
G1 X116.231 Y112.683 E.03343
G1 X115.565 Y112.77 E.03446
G1 X114.778 Y112.729 E.04044
G1 X113.874 Y112.519 E.04762
G1 X113.293 Y112.306 E.03175
G1 X112.634 Y111.95 E.03843
G1 X112.027 Y111.444 E.04055
G1 X111.794 Y111.17 E.01845
G1 X111.422 Y110.657 E.03251
G1 X111.147 Y110.088 E.03243
G1 X110.984 Y109.609 E.02596
G1 X110.852 Y108.985 E.03273
G1 X110.829 Y108.377 E.03122
G1 X110.867 Y107.63 E.03838
G1 X110.97 Y107.137 E.02584
G1 X111.121 Y106.66 E.02567
G1 X111.511 Y105.842 E.0465
G1 X111.928 Y105.24 E.03758
G1 X112.365 Y104.746 E.03384
G1 X113.126 Y104.296 E.04536
G1 X113.688 Y104.073 E.03102
G1 X114.334 Y103.873 E.0347
G1 X115.04 Y103.775 E.03657
G1 X115.625 Y103.739 E.03007
G1 X116.437 Y103.814 E.04184
G1 X116.773 Y103.939 E.01839
G1 X117.239 Y104.174 E.02678
G1 X117.716 Y104.457 E.02846
G1 X118.138 Y104.776 E.02714
G1 X118.649 Y105.264 E.03626
G1 X119.191 Y105.993 E.04661
G1 X119.496 Y106.594 E.03458
G1 X119.679 Y107.098 E.02751
G1 X119.827 Y107.741 E.03386
G1 X119.854 Y108.41 E.03435
G1 X119.835 Y108.791 E.01957
G1 X119.747 Y109.391 E.03112
G1 X119.536 Y109.975 E.03186
G1 X119.311 Y110.453 E.02711
G1 X119.153 Y110.676 E.01402
G1 X119.586 Y111.108 F9000
;TYPE:External perimeter
;WIDTH:0.629999
G1 F900
G1 X119.453 Y111.297 E.01128
G1 X118.732 Y112.041 E.05058
G1 X118.345 Y112.363 E.02458
G1 X117.857 Y112.67 E.02814
G1 X117.291 Y112.973 E.03134
G1 X116.822 Y113.15 E.02447
G1 X116.126 Y113.32 E.03497
G1 X115.578 Y113.374 E.02688
G1 X114.694 Y113.327 E.04321
G1 X113.702 Y113.097 E.04971
G1 X113.044 Y112.857 E.03419
G1 X112.295 Y112.451 E.04159
G1 X111.603 Y111.874 E.04398
G1 X111.335 Y111.56 E.02015
G1 X111.021 Y111.141 E.02556
G1 X110.675 Y110.528 E.03436
G1 X110.487 Y110.06 E.02462
G1 X110.345 Y109.565 E.02514
G1 X110.252 Y109.051 E.0255
G1 X110.215 Y108.081 E.04739
G1 X110.271 Y107.537 E.0267
G1 X110.387 Y106.984 E.02758
G1 X110.56 Y106.438 E.02796
G1 X110.856 Y105.817 E.03358
G1 X111.149 Y105.296 E.02918
G1 X111.462 Y104.859 E.02624
G1 X111.989 Y104.268 E.03865
G1 X112.86 Y103.753 E.04939
G1 X113.705 Y103.418 E.04437
G1 X114.214 Y103.282 E.02572
G1 X114.956 Y103.178 E.03658
G1 X115.646 Y103.136 E.03375
G1 X116.572 Y103.222 E.0454
G1 X117.014 Y103.386 E.02301
G1 X117.754 Y103.759 E.04045
G1 X118.252 Y104.09 E.02919
G1 X118.706 Y104.465 E.02875
G1 X119.107 Y104.871 E.02786
G1 X119.699 Y105.668 E.04846
G1 X119.961 Y106.147 E.02665
G1 X120.17 Y106.644 E.02632
G1 X120.324 Y107.148 E.02573
G1 X120.443 Y107.858 E.03514
G1 X120.456 Y108.44 E.02842
G1 X120.437 Y108.821 E.01862
G1 X120.329 Y109.552 E.03607
G1 X120.102 Y110.179 E.03255
G1 X119.824 Y110.769 E.03184
G1 X119.637 Y111.034 E.01583
G1 E-1.4 F3600
;WIPE_START
G1 F7200
G1 X119.586 Y111.108 E-.04269
G1 X119.453 Y111.297 E-.10978
G1 X118.797 Y111.974 E-.44753
;WIPE_END
G1 Z20.1 F9000
G1 X114.215 Y112.111
G1 Z18.1
G1 E2 F2400
;TYPE:Internal infill
;WIDTH:0.66
G1 F900
G1 X114.845 Y112.257 E.03318
G1 X115.554 Y112.294 E.03643
G1 X115.963 Y112.254 E.02109
G1 X116.688 Y112.062 E.03848
G1 X117.077 Y111.889 E.02184
G1 X117.718 Y111.483 E.03893
G1 X113.165 Y106.93 E.33038
G1 X112.888 Y107.599 E.03715
G1 X112.677 Y108.86 E.0656
G1 X112.72 Y109.613 E.0387
G1 X113.022 Y110.591 E.05252
G1 X113.276 Y111.004 E.02488
G1 X113.554 Y111.32 E.0216
G1 X117.871 Y107.003 E.31326
G1 X117.321 Y106.231 E.04864
G1 X116.507 Y105.618 E.05229
G1 X115.838 Y105.329 E.03739
G1 X115.411 Y105.22 E.02261
G1 X114.88 Y105.391 E.02862
G1 X115.244 Y104.171 F9000
;TYPE:Solid infill
;WIDTH:0.55052
G1 F900
G1 X115.547 Y104.17 E.01279
;WIDTH:0.575622
G1 X115.867 Y104.205 E.01426
;WIDTH:0.605444
G1 X116.187 Y104.241 E.01506
;WIDTH:0.628864
G1 X116.604 Y104.368 E.02124
G1 X117.234 Y104.686 E.03438
;WIDTH:0.624972
G1 X117.874 Y105.148 E.0382
;WIDTH:0.626141
G1 X118.313 Y105.579 E.02983
G1 X118.813 Y106.259 E.04093
;WIDTH:0.623429
G1 X119.18 Y107.033 E.04135
;WIDTH:0.6203
G1 X119.377 Y107.792 E.03765
;WIDTH:0.608237
G1 X119.431 Y108.29 E.02355
;WIDTH:0.567468
G1 X119.42 Y108.922 E.02757
;WIDTH:0.525243
G1 X119.353 Y109.281 E.01465
G1 X119.102 Y109.975 E.0296
G1 X118.751 Y110.526 E.0262
G1 X118.717 Y110.509 E.00152
G1 X118.862 Y110.017 E.02057
G1 X118.959 Y109.222 E.03212
G1 X118.939 Y108.93 E.01174
;WIDTH:0.567468
G1 X118.907 Y108.299 E.02756
;WIDTH:0.608237
G1 X118.831 Y107.938 E.01734
;WIDTH:0.61499
G1 X118.596 Y107.117 E.04062
;WIDTH:0.615291
G1 X118.234 Y106.424 E.03721
;WIDTH:0.617881
G1 X117.736 Y105.803 E.03806
;WIDTH:0.62883
G1 X117.277 Y105.421 E.02909
G1 X116.769 Y105.084 E.0297
;WIDTH:0.615508
G1 X116.004 Y104.769 E.03939
;WIDTH:0.594658
G1 X115.715 Y104.715 E.01349
;WIDTH:0.567009
G1 X115.426 Y104.661 E.01281
;WIDTH:0.570938
G1 X114.918 Y104.758 E.02271
;WIDTH:0.597798
G1 X114.763 Y104.814 E.0076
;WIDTH:0.624658
G1 X114.609 Y104.87 E.00793
;WIDTH:0.649856
G1 X114.336 Y104.991 E.01507
;WIDTH:0.675054
G1 X114.064 Y105.111 E.01563
;WIDTH:0.712872
G1 X113.747 Y105.326 E.02134
;WIDTH:0.750689
G1 X113.43 Y105.54 E.02251
;WIDTH:0.776389
G1 X113.287 Y105.677 E.01208
;WIDTH:0.802089
G1 X113.145 Y105.815 E.0125
G1 X112.785 Y106.244 E.03535
;WIDTH:0.789043
G1 X112.505 Y106.722 E.03437
;WIDTH:0.790162
G1 X112.224 Y107.444 E.04814
G1 X112.061 Y108.305 E.05445
;WIDTH:0.757018
G1 X112.03 Y108.821 E.03069
;WIDTH:0.723
G1 X112.06 Y109.205 E.02178
;WIDTH:0.699964
G1 X112.119 Y109.549 E.01907
;WIDTH:0.659103
G1 X112.178 Y109.892 E.01783
;WIDTH:0.618241
G1 X112.288 Y110.204 E.01583
;WIDTH:0.57289
G1 X112.398 Y110.515 E.01454
;WIDTH:0.527539
G1 X112.666 Y111.085 E.02538
G1 X113.191 Y111.763 E.03455
G1 X112.865 Y111.609 E.01453
G1 X112.328 Y111.162 E.02815
G1 X111.993 Y110.773 E.02069
;WIDTH:0.538409
G1 X111.904 Y110.618 E.00736
;WIDTH:0.581632
G1 X111.74 Y110.258 E.01772
;WIDTH:0.624855
G1 X111.576 Y109.897 E.01919
;WIDTH:0.66241
G1 X111.495 Y109.602 E.01576
;WIDTH:0.699964
G1 X111.413 Y109.307 E.01673
;WIDTH:0.723
G1 X111.352 Y108.802 E.02876
;WIDTH:0.769749
G1 X111.355 Y108.093 E.04285
;WIDTH:0.790162
G1 X111.489 Y107.308 E.04948
;WIDTH:0.799029
G1 X111.64 Y106.837 E.0311
G1 X111.881 Y106.314 E.0362
;WIDTH:0.794158
G1 X112.241 Y105.717 E.04355
;WIDTH:0.802089
G1 X112.566 Y105.324 E.03219
G1 X112.915 Y105.034 E.02864
;WIDTH:0.766475
G1 X113.377 Y104.746 E.03275
;WIDTH:0.731613
G1 X113.719 Y104.592 E.02148
;WIDTH:0.695121
G1 X114.061 Y104.438 E.02034
;WIDTH:0.658628
G1 X114.385 Y104.35 E.01719
;WIDTH:0.620557
G1 X114.708 Y104.262 E.01608
;WIDTH:0.582486
G1 X114.939 Y104.222 E.01052
;LAYER_CHANGE
;Z:18.3
;HEIGHT:0.199999
;BEFORE_LAYER_CHANGE
G92 E0
;18.3


G1 E-1.4 F3600
;WIPE_START
G1 F7200
G1 X114.708 Y104.262 E-.11136
G1 X114.385 Y104.35 E-.15902
G1 X114.061 Y104.438 E-.15948
G1 X113.734 Y104.585 E-.17014
;WIPE_END
G1 Z18.3 F9000
;AFTER_LAYER_CHANGE
;18.3
G1 Z18.3
G1 X114.884 Y103.791
G1 E2 F2400
;TYPE:Perimeter
;WIDTH:0.659999
G1 F900
G1 X115.3 Y103.745 E.02148
G1 X115.893 Y103.762 E.03044
G1 X116.599 Y103.836 E.03642
G1 X117.242 Y104.003 E.03409
G1 X117.751 Y104.196 E.02793
G1 X118.292 Y104.458 E.03084
G1 X118.779 Y104.903 E.03385
G1 X119.179 Y105.398 E.03265
G1 X119.518 Y105.884 E.0304
G1 X119.839 Y106.516 E.03637
G1 X120.027 Y107.124 E.03265
G1 X120.185 Y107.855 E.03837
G1 X120.204 Y108.551 E.03573
G1 X120.147 Y109.114 E.02904
G1 X120.028 Y109.656 E.02847
G1 X119.711 Y110.431 E.04296
G1 X119.27 Y111.103 E.04124
G1 X118.888 Y111.512 E.02872
G1 X118.253 Y111.991 E.04081
G1 X117.931 Y112.159 E.01864
G1 X117.428 Y112.387 E.02834
G1 X116.838 Y112.595 E.0321
G1 X116.191 Y112.722 E.03383
G1 X115.572 Y112.761 E.03182
G1 X114.936 Y112.694 E.03281
G1 X114.337 Y112.549 E.03162
G1 X113.72 Y112.284 E.03445
G1 X113.26 Y112.011 E.02745
G1 X112.798 Y111.673 E.02937
G1 X112.314 Y111.251 E.03295
G1 X111.826 Y110.653 E.0396
G1 X111.605 Y110.239 E.02408
G1 X111.386 Y109.758 E.02712
G1 X111.232 Y109.206 E.0294
G1 X111.162 Y108.581 E.03227
G1 X111.167 Y108.077 E.02586
G1 X111.249 Y107.447 E.0326
G1 X111.428 Y106.867 E.03115
G1 X111.712 Y106.178 E.03824
G1 X111.972 Y105.748 E.02578
G1 X112.281 Y105.338 E.02634
G1 X112.638 Y104.954 E.0269
G1 X113.031 Y104.61 E.0268
G1 X113.711 Y104.163 E.04175
G1 X114.198 Y103.908 E.02821
G1 X114.554 Y103.828 E.01872
G1 X114.794 Y103.801 E.01239
G1 X114.718 Y103.204 F9000
;TYPE:External perimeter
;WIDTH:0.629999
G1 F900
G1 X115.276 Y103.142 E.02741
G1 X116.2 Y103.169 E.04513
G1 X116.925 Y103.295 E.03592
G1 X117.53 Y103.464 E.03066
G1 X118.153 Y103.712 E.03273
G1 X118.642 Y103.962 E.02681
G1 X119.219 Y104.489 E.03815
G1 X119.855 Y105.277 E.04943
G1 X120.157 Y105.779 E.0286
G1 X120.402 Y106.297 E.02797
G1 X120.603 Y106.946 E.03317
G1 X120.747 Y107.559 E.03074
G1 X120.8 Y108.065 E.02484
G1 X120.805 Y108.576 E.02495
G1 X120.743 Y109.201 E.03066
G1 X120.601 Y109.845 E.03219
G1 X120.246 Y110.713 E.04578
G1 X119.745 Y111.477 E.0446
G1 X119.292 Y111.961 E.03236
G1 X118.576 Y112.501 E.04378
G1 X117.8 Y112.884 E.04224
G1 X117.207 Y113.109 E.03096
G1 X116.514 Y113.287 E.03493
G1 X115.797 Y113.357 E.03517
G1 X115.087 Y113.331 E.03468
G1 X114.374 Y113.184 E.03554
G1 X113.876 Y113.015 E.02567
G1 X113.243 Y112.716 E.03417
G1 X112.739 Y112.391 E.02927
G1 X112.288 Y112.04 E.0279
G1 X111.877 Y111.667 E.02709
G1 X111.323 Y110.989 E.04274
G1 X110.911 Y110.218 E.04267
G1 X110.693 Y109.533 E.03509
G1 X110.57 Y108.838 E.03445
G1 X110.549 Y108.336 E.02453
G1 X110.578 Y107.823 E.02508
G1 X110.661 Y107.31 E.02537
G1 X110.947 Y106.385 E.04726
G1 X111.181 Y105.892 E.02664
G1 X111.472 Y105.41 E.02748
G1 X111.819 Y104.951 E.02809
G1 X112.219 Y104.521 E.02867
G1 X112.666 Y104.13 E.02899
G1 X113.537 Y103.557 E.05089
G1 X113.999 Y103.335 E.02502
G1 X114.454 Y103.234 E.02275
G1 X114.628 Y103.214 E.00855
G1 E-1.4 F3600
;WIPE_START
G1 F7200
G1 X114.718 Y103.204 E-.04301
G1 X115.276 Y103.142 E-.26668
G1 X115.887 Y103.16 E-.29031
;WIPE_END
G1 Z20.3 F9000
G1 X116.461 Y105.417
G1 Z18.3
G1 E2 F2400
;TYPE:Internal infill
;WIDTH:0.66
G1 F900
G1 X115.891 Y105.444 E.02928
G1 X115.166 Y105.639 E.03852
G1 X114.594 Y105.919 E.03268
G1 X114.042 Y106.344 E.03575
G1 X113.401 Y107.166 E.05349
G1 X117.551 Y111.317 E.30118
G1 X117.956 Y110.815 E.0331
G1 X118.151 Y110.473 E.0202
G1 X118.422 Y109.746 E.03981
G1 X118.507 Y109.347 E.02093
G1 X118.584 Y108.44 E.04671
G1 X118.507 Y107.685 E.03894
G1 X118.135 Y106.739 E.05216
G1 X113.362 Y111.511 E.34631
G1 X114.1 Y111.945 E.04393
G1 X114.488 Y112.098 E.0214
G1 X115.216 Y112.26 E.03827
G1 X115.95 Y112.274 E.03767
G1 X116.875 Y112.084 E.04845
G1 E-1.4 F3600
;WIPE_START
G1 F7200
G1 X115.95 Y112.274 E-.44855
G1 X115.631 Y112.268 E-.15145
;WIPE_END
G1 Z20.3 F9000
G1 X111.642 Y108.182
G1 Z18.3
G1 E2 F2400
;TYPE:Solid infill
;WIDTH:0.687261
G1 F900
G1 X111.699 Y107.853 E.01789
;WIDTH:0.721506
G1 X111.755 Y107.524 E.01883
;WIDTH:0.767249
G1 X111.99 Y106.839 E.04362
;WIDTH:0.767561
G1 X112.137 Y106.553 E.01938
;WIDTH:0.789487
G1 X112.497 Y105.948 E.0437
;WIDTH:0.792499
G1 X113.003 Y105.357 E.04849
;WIDTH:0.800643
G1 X113.384 Y105.031 E.03159
G1 X113.825 Y104.73 E.03364
;WIDTH:0.796618
G1 X114.312 Y104.456 E.03502
G1 X114.693 Y104.361 E.02461
;WIDTH:0.753352
G1 X115.297 Y104.25 E.03628
;WIDTH:0.710363
G1 X115.67 Y104.233 E.02072
;WIDTH:0.663915
G1 X115.961 Y104.241 E.01503
;WIDTH:0.638523
G1 X116.251 Y104.25 E.01437
;WIDTH:0.613131
G1 X116.601 Y104.303 E.01678
;WIDTH:0.584949
G1 X116.95 Y104.357 E.01592
;WIDTH:0.556766
G1 X117.266 Y104.465 E.01427
;WIDTH:0.590199
G1 X117.738 Y104.672 E.02345
;WIDTH:0.622423
G1 X118.053 Y104.858 E.01763
G1 X118.609 Y105.412 E.03782
;WIDTH:0.627224
G1 X118.962 Y105.86 E.02771
G1 X119.14 Y106.162 E.01703
;WIDTH:0.626027
G1 X119.422 Y106.716 E.03014
G1 X119.616 Y107.324 E.03094
;WIDTH:0.614733
G1 X119.706 Y107.831 E.02448
;WIDTH:0.612836
G1 X119.745 Y108.489 E.03124
G1 X119.698 Y109.055 E.02691
;WIDTH:0.600974
G1 X119.6 Y109.536 E.02278
;WIDTH:0.592546
G1 X119.473 Y109.887 E.01706
;WIDTH:0.561597
G1 X119.346 Y110.239 E.01614
;WIDTH:0.530648
G1 X118.953 Y110.837 E.02902
G1 X118.612 Y111.206 E.02038
G1 X118.09 Y111.6 E.02652
G1 X118.046 Y111.583 E.00191
G1 X118.407 Y111.133 E.0234
G1 X118.663 Y110.679 E.02114
;WIDTH:0.538737
G1 X118.965 Y109.865 E.03579
;WIDTH:0.569856
G1 X119.053 Y109.439 E.01906
;WIDTH:0.600974
G1 X119.141 Y109.014 E.02014
;WIDTH:0.616067
G1 X119.179 Y108.414 E.02865
G1 X119.142 Y107.879 E.02556
;WIDTH:0.614733
G1 X119.073 Y107.503 E.01818
G1 X118.794 Y106.718 E.03961
;WIDTH:0.627224
G1 X118.499 Y106.216 E.02829
G1 X118.035 Y105.63 E.03632
;WIDTH:0.624068
G1 X117.495 Y105.16 E.03459
;WIDTH:0.590199
G1 X117.053 Y104.913 E.02304
;WIDTH:0.556766
G1 X116.892 Y104.866 E.00717
;WIDTH:0.584949
G1 X116.54 Y104.84 E.01591
;WIDTH:0.613131
G1 X116.188 Y104.815 E.01673
;WIDTH:0.638523
G1 X115.965 Y104.829 E.01107
;WIDTH:0.663915
G1 X115.742 Y104.843 E.01154
;WIDTH:0.701449
G1 X115.354 Y104.929 E.02176
;WIDTH:0.738983
G1 X114.965 Y105.015 E.02306
;WIDTH:0.767801
G1 X114.803 Y105.074 E.01039
;WIDTH:0.796618
G1 X114.641 Y105.134 E.01083
G1 X114.206 Y105.363 E.03081
;WIDTH:0.792716
G1 X113.537 Y105.883 E.05283
G1 X113.047 Y106.459 E.04715
;WIDTH:0.78874
G1 X112.657 Y107.116 E.04738
;WIDTH:0.767249
G1 X112.399 Y107.735 E.04039
;WIDTH:0.721506
G1 X112.309 Y108.068 E.01946
;WIDTH:0.683057
G1 X112.219 Y108.4 E.01831
;WIDTH:0.644607
G1 X112.199 Y108.741 E.01709
;WIDTH:0.607488
G1 X112.18 Y109.081 E.01599
;WIDTH:0.619022
G1 X112.154 Y109.167 E.0043
;WIDTH:0.667676
G1 X112.129 Y109.253 E.00465
;WIDTH:0.71633
G1 X112.103 Y109.339 E.00503
;WIDTH:0.764984
G1 X112.078 Y109.424 E.00532
;WIDTH:0.813638
G1 X112.053 Y109.51 E.00574
;WIDTH:0.862292
G1 X112.027 Y109.596 E.00612
;WIDTH:0.910946
G1 X112.002 Y109.682 E.00646
G1 X111.971 Y109.634 E.00412
;WIDTH:0.879848
G1 X111.941 Y109.586 E.00394
;WIDTH:0.84875
G1 X111.894 Y109.513 E.00582
;WIDTH:0.802353
G1 X111.848 Y109.44 E.00545
;WIDTH:0.755956
G1 X111.802 Y109.367 E.00512
;WIDTH:0.709559
G1 X111.756 Y109.294 E.00478
;WIDTH:0.663162
G1 X111.71 Y109.221 E.00445
;WIDTH:0.616765
G1 X111.663 Y109.148 E.00414
;WIDTH:0.597341
G1 X111.632 Y108.72 E.01978
;WIDTH:0.621081
G1 X111.636 Y108.491 E.01101
;LAYER_CHANGE
;Z:18.5
;HEIGHT:0.200001
;BEFORE_LAYER_CHANGE
G92 E0
;18.5


G1 E-1.4 F3600
;WIPE_START
G1 F7200
G1 X111.632 Y108.72 E-.10879
G1 X111.663 Y109.148 E-.20383
G1 X111.71 Y109.221 E-.04124
G1 X111.756 Y109.294 E-.04099
G1 X111.802 Y109.367 E-.04099
G1 X111.848 Y109.44 E-.04099
G1 X111.894 Y109.513 E-.04099
G1 X111.941 Y109.586 E-.04124
G1 X111.971 Y109.634 E-.02689
G1 X111.987 Y109.659 E-.01405
;WIPE_END
G1 Z18.5 F9000
;AFTER_LAYER_CHANGE
;18.5
G1 Z18.5
G1 X111.506 Y108.496
G1 E2 F2400
;TYPE:Perimeter
;WIDTH:0.659999
G1 F900
G1 X111.539 Y107.759 E.03785
G1 X111.664 Y107.205 E.02914
G1 X111.846 Y106.699 E.02759
G1 X112.131 Y106.135 E.03242
G1 X112.493 Y105.647 E.03118
G1 X112.849 Y105.233 E.02802
G1 X113.373 Y104.777 E.03564
G1 X113.799 Y104.494 E.02624
G1 X114.256 Y104.254 E.02649
G1 X114.947 Y103.992 E.03792
G1 X115.635 Y103.84 E.03615
G1 X116.164 Y103.775 E.02735
G1 X116.806 Y103.881 E.03339
G1 X117.713 Y104.173 E.04889
G1 X118.394 Y104.522 E.03926
G1 X118.858 Y104.827 E.02849
G1 X119.269 Y105.179 E.02777
G1 X119.841 Y105.751 E.04151
G1 X120.078 Y106.211 E.02655
G1 X120.302 Y106.841 E.03431
G1 X120.446 Y107.357 E.02749
G1 X120.532 Y108.045 E.03558
G1 X120.544 Y108.575 E.0272
G1 X120.492 Y109.112 E.02768
G1 X120.355 Y109.758 E.03388
G1 X120.112 Y110.384 E.03446
G1 X119.815 Y110.934 E.03207
G1 X119.42 Y111.449 E.0333
G1 X118.954 Y111.911 E.03367
G1 X118.436 Y112.262 E.03211
G1 X117.965 Y112.521 E.02758
G1 X117.432 Y112.704 E.02892
G1 X116.871 Y112.795 E.02916
G1 X116.337 Y112.848 E.02753
G1 X115.675 Y112.844 E.03397
G1 X115.139 Y112.773 E.02774
G1 X114.654 Y112.637 E.02585
G1 X114.057 Y112.413 E.03272
G1 X113.486 Y112.066 E.03428
G1 X113.032 Y111.698 E.02999
G1 X112.657 Y111.275 E.02901
G1 X112.24 Y110.719 E.03566
G1 X111.874 Y110.056 E.03886
G1 X111.614 Y109.337 E.03923
G1 X111.501 Y108.599 E.03831
G1 X111.502 Y108.586 E.00067
G1 X110.899 Y108.591 F9000
;TYPE:External perimeter
;WIDTH:0.629999
G1 F900
G1 X110.926 Y107.973 E.0302
G1 X110.994 Y107.405 E.02793
G1 X111.177 Y106.737 E.03381
G1 X111.375 Y106.265 E.02499
G1 X111.622 Y105.81 E.02527
G1 X112.198 Y105.034 E.04718
G1 X112.581 Y104.648 E.02654
G1 X113.014 Y104.292 E.02736
G1 X113.492 Y103.975 E.028
G1 X114.008 Y103.704 E.02845
G1 X114.522 Y103.509 E.02684
G1 X115.023 Y103.353 E.02561
G1 X115.595 Y103.237 E.02849
G1 X116.195 Y103.17 E.02947
G1 X116.949 Y103.295 E.03731
G1 X117.936 Y103.612 E.05061
G1 X118.49 Y103.876 E.02996
G1 X119.019 Y104.197 E.03021
G1 X119.467 Y104.531 E.02728
G1 X119.971 Y105.023 E.03438
G1 X120.351 Y105.427 E.02707
G1 X120.632 Y105.971 E.02989
G1 X120.869 Y106.64 E.03465
G1 X121.035 Y107.235 E.03015
G1 X121.132 Y107.996 E.03745
G1 X121.146 Y108.597 E.02935
G1 X121.088 Y109.197 E.02943
G1 X120.988 Y109.707 E.02537
G1 X120.769 Y110.398 E.03539
G1 X120.45 Y111.04 E.035
G1 X120.169 Y111.474 E.02524
G1 X119.732 Y112.008 E.03368
G1 X119.331 Y112.382 E.02677
G1 X118.774 Y112.76 E.03286
G1 X118.195 Y113.079 E.03227
G1 X117.579 Y113.29 E.03179
G1 X116.702 Y113.432 E.04337
G1 X116.169 Y113.46 E.02605
G1 X115.628 Y113.445 E.02642
G1 X115.017 Y113.364 E.03009
G1 X114.23 Y113.143 E.0399
G1 X113.569 Y112.83 E.0357
G1 X113.141 Y112.559 E.02473
G1 X112.608 Y112.128 E.03346
G1 X112.011 Y111.453 E.04399
G1 X111.727 Y111.034 E.02471
G1 X111.324 Y110.305 E.04066
G1 X111.028 Y109.487 E.04247
G1 X110.905 Y108.68 E.03985
G1 E-1.4 F3600
;WIPE_START
G1 F7200
G1 X110.899 Y108.591 E-.04237
G1 X110.926 Y107.973 E-.29383
G1 X110.992 Y107.422 E-.2638
;WIPE_END
G1 Z20.5 F9000
G1 X114.994 Y106.103
G1 Z18.5
G1 E2 F2400
;TYPE:Internal infill
;WIDTH:0.66
G1 F900
G1 X115.423 Y105.913 E.02407
G1 X116.113 Y105.76 E.03626
G1 X117.152 Y105.794 E.05334
G1 X118.119 Y106.109 E.05218
G1 X118.382 Y106.491 E.0238
G1 X113.446 Y111.428 E.35821
G1 X112.864 Y110.791 E.04427
G1 X112.458 Y110.131 E.03976
G1 X112.715 Y110.09 E.01335
G1 X112.761 Y108.83 E.06469
G1 X112.833 Y108.531 E.01578
G1 X113.102 Y107.894 E.03548
G1 X113.518 Y107.283 E.03793
G1 X117.562 Y111.327 E.29345
G1 X118.298 Y110.404 E.06057
G1 X118.726 Y109.493 E.05165
G1 X118.901 Y108.759 E.03872
G1 X118.903 Y108.003 E.03879
G1 E-1.4 F3600
;WIPE_START
G1 F7200
G1 X118.901 Y108.759 E-.3591
G1 X118.783 Y109.253 E-.2409
;WIPE_END
G1 Z20.5 F9000
G1 X116.115 Y104.333
G1 Z18.5
G1 E2 F2400
;TYPE:Solid infill
;WIDTH:0.792315
G1 F900
G1 X116.718 Y104.399 E.0378
;WIDTH:0.74893
G1 X117.128 Y104.508 E.02491
;WIDTH:0.705592
G1 X117.537 Y104.617 E.02332
;WIDTH:0.662254
G1 X118 Y104.815 E.02593
;WIDTH:0.618878
G1 X118.44 Y105.056 E.02403
;WIDTH:0.575333
G1 X118.855 Y105.357 E.0227
;WIDTH:0.584073
G1 X119.161 Y105.694 E.02048
;WIDTH:0.625044
G1 X119.467 Y106.032 E.02207
G1 X119.752 Y106.641 E.03255
;WIDTH:0.62756
G1 X119.942 Y107.199 E.02866
G1 X120.043 Y107.673 E.02356
;WIDTH:0.63038
G1 X120.091 Y108.303 E.03086
G1 X120.074 Y108.817 E.02512
;WIDTH:0.6208
G1 X119.991 Y109.319 E.02445
;WIDTH:0.619968
G1 X119.774 Y110.025 E.03544
G1 X119.42 Y110.712 E.03708
;WIDTH:0.606802
G1 X119.198 Y111.013 E.01754
;WIDTH:0.57947
G1 X118.976 Y111.313 E.01665
;WIDTH:0.552138
G1 X118.683 Y111.602 E.01743
;WIDTH:0.571112
G1 X118.595 Y111.634 E.00411
;WIDTH:0.616681
G1 X118.507 Y111.666 E.00447
;WIDTH:0.662249
G1 X118.419 Y111.698 E.00482
;WIDTH:0.707818
G1 X118.33 Y111.731 E.00525
;WIDTH:0.753387
G1 X118.242 Y111.763 E.00553
;WIDTH:0.798956
G1 X118.154 Y111.795 E.00589
;WIDTH:0.844524
G1 X118.066 Y111.828 E.00626
G1 X118.096 Y111.775 E.00406
;WIDTH:0.812448
G1 X118.141 Y111.686 E.00638
;WIDTH:0.764631
G1 X118.186 Y111.598 E.00593
;WIDTH:0.716813
G1 X118.231 Y111.51 E.00554
;WIDTH:0.668996
G1 X118.275 Y111.421 E.00517
;WIDTH:0.621178
G1 X118.32 Y111.333 E.00475
;WIDTH:0.573361
G1 X118.365 Y111.244 E.0044
;WIDTH:0.552138
G1 X118.58 Y111.002 E.01371
;WIDTH:0.577651
G1 X118.832 Y110.582 E.02178
;WIDTH:0.603164
G1 X119.083 Y110.161 E.02283
;WIDTH:0.613639
G1 X119.293 Y109.67 E.02534
;WIDTH:0.617222
G1 X119.44 Y109.158 E.02544
;WIDTH:0.623299
G1 X119.5 Y108.739 E.02043
G1 X119.495 Y107.938 E.03866
;WIDTH:0.62756
G1 X119.386 Y107.38 E.02764
G1 X119.133 Y106.646 E.03774
;WIDTH:0.624887
G1 X118.955 Y106.341 E.01709
;WIDTH:0.598309
G1 X118.776 Y106.036 E.01633
;WIDTH:0.571731
G1 X118.379 Y105.611 E.02557
;WIDTH:0.583284
G1 X118.063 Y105.47 E.01555
;WIDTH:0.618878
G1 X117.747 Y105.33 E.01655
;WIDTH:0.646536
G1 X117.48 Y105.252 E.01396
;WIDTH:0.674193
G1 X117.214 Y105.173 E.01457
;WIDTH:0.711562
G1 X116.898 Y105.13 E.01773
;WIDTH:0.74893
G1 X116.583 Y105.087 E.01866
;WIDTH:0.792315
G1 X116.087 Y105.079 E.03091
;WIDTH:0.801005
G1 X115.73 Y105.141 E.02284
G1 X115.161 Y105.284 E.03698
;WIDTH:0.790385
G1 X114.512 Y105.573 E.04416
;WIDTH:0.79755
G1 X114.157 Y105.815 E.02696
G1 X113.641 Y106.211 E.04081
;WIDTH:0.760542
G1 X113.284 Y106.568 E.03013
;WIDTH:0.722063
G1 X113.115 Y106.783 E.01544
;WIDTH:0.697005
G1 X112.945 Y106.997 E.01486
;WIDTH:0.671947
G1 X112.761 Y107.321 E.01949
;WIDTH:0.629713
G1 X112.578 Y107.644 E.01811
;WIDTH:0.587479
G1 X112.301 Y108.335 E.03371
;WIDTH:0.562335
G1 X112.194 Y108.791 E.02023
G1 X112.164 Y109.601 E.03501
G1 X112.032 Y109.238 E.01668
G1 X111.964 Y108.804 E.01897
G1 X111.94 Y108.327 E.02063
G1 X111.969 Y107.791 E.02318
;WIDTH:0.602772
G1 X112.084 Y107.432 E.01755
;WIDTH:0.643209
G1 X112.198 Y107.074 E.01875
;WIDTH:0.681072
G1 X112.441 Y106.61 E.02779
;WIDTH:0.726965
G1 X112.801 Y106.085 E.03621
;WIDTH:0.762875
G1 X113.222 Y105.624 E.03737
;WIDTH:0.79755
G1 X113.683 Y105.229 E.03809
G1 X114.045 Y104.98 E.02757
;WIDTH:0.79995
G1 X114.501 Y104.744 E.03232
G1 X115.088 Y104.52 E.03955
;WIDTH:0.801005
G1 X115.594 Y104.396 E.03284
G1 X115.808 Y104.37 E.01359
G1 E-1.4 F3600
;WIPE_START
G1 F7200
G1 X115.594 Y104.396 E-.1024
G1 X115.088 Y104.52 E-.24746
G1 X114.596 Y104.708 E-.25014
;WIPE_END
G1 Z20.5 F9000
G1 X118.066 Y111.828
G1 Z18.5
G1 E2 F2400
;WIDTH:0.844524
G1 F900
G1 X118.009 Y111.871 E.00476
;WIDTH:0.836364
G1 X117.835 Y111.966 E.01308
;WIDTH:0.78749
G1 X117.66 Y112.061 E.01233
;WIDTH:0.738615
G1 X117.486 Y112.156 E.01147
;WIDTH:0.689741
G1 X117.312 Y112.251 E.01066
;LAYER_CHANGE
;Z:18.7
;HEIGHT:0.200001
;BEFORE_LAYER_CHANGE
G92 E0
;18.7


G1 E-1.4 F3600
;WIPE_START
G1 F7200
G1 X117.486 Y112.156 E-.09417
G1 X117.66 Y112.061 E-.09417
G1 X117.835 Y111.966 E-.09458
G1 X118.009 Y111.871 E-.09417
G1 X118.066 Y111.828 E-.03392
;WIPE_END
G1 E-.18899 F3600
G1 Z18.7 F9000
;AFTER_LAYER_CHANGE
;18.7
G1 Z20.7
G1 X116.023 Y113.118
G1 Z18.7
G1 E2 F2400
;TYPE:Perimeter
;WIDTH:0.659999
G1 F900
G1 X115.624 Y113.064 E.02066
G1 X114.73 Y112.782 E.0481
G1 X114.104 Y112.497 E.03529
G1 X113.544 Y112.119 E.03467
G1 X113.072 Y111.696 E.03252
G1 X112.663 Y111.178 E.03387
G1 X112.341 Y110.626 E.03279
G1 X112.04 Y109.8 E.04511
G1 X111.908 Y109.17 E.03303
G1 X111.842 Y108.615 E.02868
G1 X111.872 Y107.843 E.03964
G1 X111.985 Y107.31 E.02796
G1 X112.302 Y106.523 E.04353
G1 X112.602 Y106.046 E.02891
G1 X112.941 Y105.63 E.02753
G1 X113.395 Y105.195 E.03226
G1 X114.123 Y104.703 E.04508
G1 X114.727 Y104.432 E.03397
G1 X115.238 Y104.272 E.02747
G1 X115.968 Y104.146 E.03801
G1 X116.707 Y104.112 E.03796
G1 X117.471 Y104.196 E.03944
G1 X118.131 Y104.372 E.03505
G1 X118.541 Y104.605 E.0242
G1 X119.073 Y105.01 E.03431
G1 X119.532 Y105.413 E.03134
G1 X119.916 Y105.847 E.02973
G1 X120.313 Y106.405 E.03514
G1 X120.811 Y107.447 E.05926
G1 X120.866 Y107.995 E.02826
G1 X120.874 Y108.54 E.02797
G1 X120.846 Y108.954 E.02129
G1 X120.748 Y109.612 E.03413
G1 X120.539 Y110.254 E.03464
G1 X120.331 Y110.713 E.02586
G1 X119.995 Y111.278 E.03373
G1 X119.575 Y111.785 E.03378
G1 X119.128 Y112.201 E.03133
G1 X118.679 Y112.531 E.02859
G1 X117.928 Y112.901 E.04296
G1 X117.163 Y113.109 E.04068
G1 X116.362 Y113.163 E.04119
G1 X116.112 Y113.13 E.01294
G1 X115.944 Y113.715 F9000
;TYPE:External perimeter
;WIDTH:0.629999
G1 F900
G1 X115.501 Y113.655 E.02182
G1 X114.842 Y113.468 E.03344
G1 X114.291 Y113.261 E.02873
G1 X113.81 Y113.023 E.0262
G1 X113.375 Y112.75 E.02507
G1 X112.819 Y112.287 E.03532
G1 X112.469 Y111.917 E.02486
G1 X112.042 Y111.337 E.03516
G1 X111.791 Y110.874 E.02571
G1 X111.459 Y109.966 E.04719
G1 X111.313 Y109.268 E.03481
G1 X111.239 Y108.639 E.03092
G1 X111.272 Y107.768 E.04255
G1 X111.407 Y107.134 E.03164
G1 X111.653 Y106.522 E.0322
G1 X111.906 Y106.01 E.02788
G1 X112.298 Y105.443 E.03365
G1 X112.639 Y105.065 E.02485
G1 X113.023 Y104.719 E.02523
G1 X113.822 Y104.18 E.04705
G1 X114.309 Y103.944 E.02642
G1 X114.834 Y103.752 E.02729
G1 X115.386 Y103.613 E.02779
G1 X116.177 Y103.512 E.03893
G1 X116.738 Y103.509 E.02739
G1 X117.582 Y103.603 E.04146
G1 X118.362 Y103.81 E.03939
G1 X118.874 Y104.102 E.02877
G1 X119.7 Y104.731 E.05068
G1 X120.135 Y105.164 E.02996
G1 X120.527 Y105.643 E.03021
G1 X120.836 Y106.102 E.02701
G1 X121.086 Y106.609 E.02759
G1 X121.403 Y107.313 E.03769
G1 X121.497 Y108.258 E.04636
G1 X121.475 Y108.581 E.0158
G1 X121.427 Y109.278 E.03411
G1 X121.257 Y110.013 E.03683
G1 X121.093 Y110.49 E.02462
G1 X120.886 Y110.949 E.02458
G1 X120.633 Y111.396 E.02507
G1 X120.344 Y111.809 E.02461
G1 X120.013 Y112.198 E.02493
G1 X119.521 Y112.657 E.03285
G1 X118.983 Y113.052 E.03258
G1 X118.142 Y113.467 E.04578
G1 X117.264 Y113.705 E.04441
G1 X116.342 Y113.768 E.04511
G1 X116.033 Y113.726 E.01522
G1 X116.378 Y112.675 F9000
;TYPE:Solid infill
;WIDTH:0.730017
G1 F900
G1 X116.55 Y112.639 E.01004
;WIDTH:0.778636
G1 X116.722 Y112.603 E.01075
;WIDTH:0.827255
G1 X116.894 Y112.567 E.01146
;WIDTH:0.875874
G1 X117.066 Y112.531 E.01217
;WIDTH:0.91861
G1 X117.386 Y112.422 E.02462
G1 E-1.4 F3600
;WIPE_START
G1 F7200
G1 X117.066 Y112.531 E-.16058
G1 X116.894 Y112.567 E-.08347
G1 X116.722 Y112.603 E-.08347
G1 X116.55 Y112.639 E-.08347
G1 X116.378 Y112.675 E-.08347
;WIPE_END
G1 E-.10554 F3600
G1 Z20.7 F9000
G1 X112.792 Y107.24
G1 Z18.7
G1 E2 F2400
;WIDTH:0.719089
G1 F900
G1 X112.868 Y107.178 E.00551
;WIDTH:0.676231
G1 X112.944 Y107.116 E.00516
;WIDTH:0.633372
G1 X113.02 Y107.054 E.00482
;WIDTH:0.590514
G1 X113.097 Y106.992 E.0045
;WIDTH:0.593117
G1 X113.321 Y106.766 E.01456
;WIDTH:0.638579
G1 X113.546 Y106.54 E.0158
;WIDTH:0.673112
G1 X113.81 Y106.338 E.01742
;WIDTH:0.707645
G1 X114.075 Y106.136 E.01842
;WIDTH:0.740893
G1 X114.576 Y105.859 E.03322
;WIDTH:0.776887
G1 X115.252 Y105.601 E.04416
;WIDTH:0.790704
G1 X115.757 Y105.469 E.03246
;WIDTH:0.797308
G1 X116.292 Y105.413 E.03374
G1 X116.838 Y105.42 E.03425
;WIDTH:0.789949
G1 X117.215 Y105.46 E.02355
G1 X117.931 Y105.673 E.0464
;WIDTH:0.758982
G1 X118.284 Y105.871 E.0241
;WIDTH:0.715736
G1 X118.638 Y106.068 E.02266
;WIDTH:0.672489
G1 X118.976 Y106.351 E.02308
;WIDTH:0.625894
G1 X119.315 Y106.634 E.02141
;WIDTH:0.579299
G1 X119.567 Y106.947 E.01792
;WIDTH:0.57733
G1 X119.671 Y107.274 E.01525
;WIDTH:0.6155
G1 X119.776 Y107.602 E.0164
G1 X119.849 Y108.118 E.02481
;WIDTH:0.616006
G1 X119.817 Y108.958 E.04006
G1 X119.73 Y109.398 E.02137
;WIDTH:0.612399
G1 X119.472 Y110.116 E.03613
;WIDTH:0.614977
G1 X119.296 Y110.454 E.01813
G1 X118.998 Y110.878 E.02465
;WIDTH:0.614711
G1 X118.345 Y111.55 E.04455
;WIDTH:0.600852
G1 X118.064 Y111.75 E.016
;WIDTH:0.572447
G1 X117.782 Y111.95 E.01522
;WIDTH:0.590863
G1 X117.733 Y112.009 E.00349
;WIDTH:0.637684
G1 X117.683 Y112.068 E.00382
;WIDTH:0.684505
G1 X117.634 Y112.127 E.00409
;WIDTH:0.731326
G1 X117.584 Y112.186 E.00443
;WIDTH:0.778147
G1 X117.535 Y112.245 E.00469
;WIDTH:0.824968
G1 X117.485 Y112.304 E.00503
;WIDTH:0.871789
G1 X117.436 Y112.363 E.00529
;WIDTH:0.91861
G1 X117.386 Y112.422 E.00563
G1 X117.466 Y112.417 E.00584
;WIDTH:0.871789
G1 X117.546 Y112.413 E.00552
;WIDTH:0.824968
G1 X117.626 Y112.409 E.00521
;WIDTH:0.778147
G1 X117.706 Y112.404 E.0049
;WIDTH:0.731326
G1 X117.786 Y112.4 E.00459
;WIDTH:0.684505
G1 X117.866 Y112.396 E.00427
;WIDTH:0.637684
G1 X117.946 Y112.391 E.00396
;WIDTH:0.590863
G1 X118.026 Y112.387 E.00365
;WIDTH:0.584209
G1 X118.473 Y112.142 E.02294
;WIDTH:0.600852
G1 X118.737 Y111.947 E.01523
;WIDTH:0.620902
G1 X119.354 Y111.351 E.04123
G1 X119.764 Y110.783 E.03367
;WIDTH:0.614977
G1 X119.999 Y110.33 E.02427
;WIDTH:0.629214
G1 X120.186 Y109.884 E.02358
G1 X120.372 Y109.156 E.03663
;WIDTH:0.622948
G1 X120.433 Y108.306 E.0411
G1 X120.343 Y107.524 E.03796
;WIDTH:0.6155
G1 X120.183 Y107.14 E.01981
;WIDTH:0.57733
G1 X120.024 Y106.756 E.01847
;WIDTH:0.575466
G1 X119.716 Y106.291 E.0247
;WIDTH:0.605253
G1 X119.535 Y106.092 E.01258
;WIDTH:0.635039
G1 X119.354 Y105.892 E.01328
;WIDTH:0.672489
G1 X119.001 Y105.564 E.02523
;WIDTH:0.706811
G1 X118.681 Y105.34 E.02156
;WIDTH:0.741132
G1 X118.361 Y105.116 E.02268
;WIDTH:0.766507
G1 X118.12 Y104.99 E.01636
;WIDTH:0.791882
G1 X117.878 Y104.864 E.01699
G1 X117.372 Y104.729 E.03261
;WIDTH:0.789948
G1 X116.654 Y104.664 E.04478
;WIDTH:0.797308
G1 X116.216 Y104.663 E.02747
G1 X115.668 Y104.728 E.03462
;WIDTH:0.789142
G1 X115.179 Y104.843 E.03117
G1 X114.41 Y105.149 E.05135
;WIDTH:0.756752
G1 X113.736 Y105.566 E.04704
;WIDTH:0.707645
G1 X113.442 Y105.832 E.02191
;WIDTH:0.673112
G1 X113.147 Y106.098 E.02081
;WIDTH:0.638579
G1 X112.974 Y106.319 E.0139
;WIDTH:0.600455
G1 X112.801 Y106.54 E.01301
;WIDTH:0.56233
G1 X112.667 Y106.739 E.01036
;WIDTH:0.591763
G1 X112.649 Y106.841 E.00473
;WIDTH:0.63587
G1 X112.632 Y106.943 E.0051
;WIDTH:0.679977
G1 X112.615 Y107.045 E.00548
;WIDTH:0.724084
G1 X112.597 Y107.147 E.00587
;WIDTH:0.768191
G1 X112.58 Y107.249 E.00624
;WIDTH:0.812298
G1 X112.563 Y107.351 E.00662
;WIDTH:0.85379
G1 X112.552 Y107.434 E.00565
G1 E-1.4 F3600
;WIPE_START
G1 F7200
G1 X112.563 Y107.351 E-.03977
G1 X112.58 Y107.249 E-.04912
G1 X112.597 Y107.147 E-.04912
G1 X112.615 Y107.045 E-.0492
G1 X112.632 Y106.943 E-.04912
G1 X112.649 Y106.841 E-.04912
G1 X112.667 Y106.739 E-.0492
G1 X112.801 Y106.54 E-.11396
G1 X112.974 Y106.319 E-.13331
G1 X112.997 Y106.289 E-.01808
;WIPE_END
G1 Z20.7 F9000
G1 X116.93 Y106.112
G1 Z18.7
G1 E2 F2400
;TYPE:Internal infill
;WIDTH:0.66
G1 F900
G1 X116.571 Y106.079 E.0185
G1 X115.941 Y106.126 E.03242
G1 X114.859 Y106.452 E.05798
G1 X114.18 Y106.803 E.03922
G1 X113.552 Y107.317 E.04164
G1 X117.625 Y111.39 E.29555
G1 X117.015 Y111.775 E.03701
G1 X116.642 Y111.941 E.02095
G1 X115.455 Y112.228 E.06266
G1 X115.466 Y112.525 E.01525
G1 X114.336 Y112.082 E.06228
G1 X113.994 Y111.867 E.02073
G1 X113.462 Y111.412 E.03592
G1 X118.289 Y106.585 E.35027
G1 X118.971 Y107.097 E.04376
G1 X119.081 Y107.212 E.00817
G1 X119.152 Y107.442 E.01235
G1 X119.26 Y108.175 E.03802
G1 X119.224 Y108.916 E.03807
G1 X118.943 Y109.837 E.04941
;LAYER_CHANGE
;Z:18.9
;HEIGHT:0.199999
;BEFORE_LAYER_CHANGE
G92 E0
;18.9


G1 E-1.4 F3600
;WIPE_START
G1 F7200
G1 X119.224 Y108.916 E-.45738
G1 X119.239 Y108.616 E-.14262
;WIPE_END
G1 Z18.9 F9000
;AFTER_LAYER_CHANGE
;18.9
G1 Z18.9
G1 X121.127 Y109.141
G1 E2 F2400
;TYPE:Perimeter
;WIDTH:0.659999
G1 F900
G1 X121.131 Y109.428 E.01473
G1 X120.939 Y110.167 E.03918
G1 X120.684 Y110.77 E.03359
G1 X120.428 Y111.233 E.02715
G1 X120.121 Y111.672 E.02749
G1 X119.701 Y112.151 E.03269
G1 X119.267 Y112.512 E.02897
G1 X118.814 Y112.844 E.02882
G1 X118.278 Y113.129 E.03115
G1 X117.636 Y113.352 E.03487
G1 X117.07 Y113.47 E.02967
G1 X116.373 Y113.506 E.03581
G1 X115.574 Y113.403 E.04134
G1 X115.091 Y113.247 E.02604
G1 X114.527 Y112.986 E.03189
G1 X114.088 Y112.694 E.02705
G1 X113.675 Y112.367 E.02703
G1 X113.202 Y111.92 E.03339
G1 X112.669 Y111.212 E.04547
G1 X112.402 Y110.673 E.03086
G1 X112.19 Y109.979 E.03723
G1 X112.095 Y109.455 E.02732
G1 X112.073 Y108.833 E.03193
G1 X112.124 Y108.286 E.02819
G1 X112.307 Y107.424 E.04522
G1 X112.588 Y106.714 E.03918
G1 X112.87 Y106.251 E.02782
G1 X113.427 Y105.617 E.0433
G1 X113.867 Y105.268 E.02882
G1 X114.323 Y104.989 E.02743
G1 X114.893 Y104.73 E.03212
G1 X115.482 Y104.576 E.03124
G1 X116.02 Y104.477 E.02807
G1 X116.616 Y104.452 E.03061
G1 X117.532 Y104.559 E.04732
G1 X118.414 Y104.827 E.0473
G1 X118.878 Y105.043 E.02626
G1 X119.631 Y105.53 E.04601
G1 X120.184 Y106.215 E.04517
G1 X120.461 Y106.672 E.02742
G1 X120.734 Y107.253 E.03294
G1 X120.942 Y107.859 E.03287
G1 X121.061 Y108.408 E.02882
G1 X121.122 Y109.051 E.03314
G1 X121.723 Y109.02 F9000
;TYPE:External perimeter
;WIDTH:0.629999
G1 F900
G1 X121.728 Y109.082 E.00304
G1 X121.734 Y109.501 E.02046
G1 X121.513 Y110.354 E.04301
G1 X121.315 Y110.856 E.02634
G1 X121.072 Y111.338 E.02635
G1 X120.789 Y111.79 E.02603
G1 X120.468 Y112.209 E.02577
G1 X120.116 Y112.589 E.02529
G1 X119.379 Y113.201 E.04676
G1 X118.782 Y113.551 E.03378
G1 X118.277 Y113.775 E.02697
G1 X117.798 Y113.931 E.02459
G1 X117.138 Y114.07 E.03293
G1 X116.349 Y114.11 E.03857
G1 X115.845 Y114.045 E.02481
G1 X115.229 Y113.931 E.03058
G1 X114.65 Y113.715 E.03017
G1 X114.065 Y113.416 E.03207
G1 X113.591 Y113.079 E.02839
G1 X113.13 Y112.698 E.0292
G1 X112.747 Y112.317 E.02637
G1 X112.335 Y111.77 E.03343
G1 X112.022 Y111.28 E.02838
G1 X111.74 Y110.645 E.03392
G1 X111.607 Y110.129 E.02601
G1 X111.496 Y109.52 E.03022
G1 X111.47 Y108.806 E.03488
G1 X111.528 Y108.195 E.02996
G1 X111.728 Y107.25 E.04715
G1 X112.047 Y106.445 E.04227
G1 X112.384 Y105.893 E.03157
G1 X112.817 Y105.4 E.03203
G1 X113.223 Y105.002 E.02775
G1 X113.779 Y104.599 E.03352
G1 X114.225 Y104.357 E.02477
G1 X114.699 Y104.159 E.02508
G1 X115.33 Y103.994 E.03184
G1 X115.953 Y103.879 E.03093
G1 X116.648 Y103.85 E.03396
G1 X117.655 Y103.967 E.04949
G1 X118.63 Y104.264 E.04975
G1 X119.17 Y104.515 E.02907
G1 X120.03 Y105.071 E.04999
G1 X120.389 Y105.488 E.02686
G1 X120.765 Y106.002 E.03109
G1 X121.07 Y106.539 E.03015
G1 X121.289 Y107.018 E.02571
G1 X121.457 Y107.491 E.0245
G1 X121.601 Y108.059 E.0286
G1 X121.685 Y108.565 E.02504
G1 X121.715 Y108.931 E.01793
G1 E-1.4 F3600
;WIPE_START
G1 F7200
G1 X121.723 Y109.02 E-.04245
G1 X121.728 Y109.082 E-.02955
G1 X121.734 Y109.501 E-.19905
G1 X121.56 Y110.171 E-.32895
;WIPE_END
G1 Z20.9 F9000
G1 X119.569 Y108.523
G1 Z18.9
G1 E2 F2400
;TYPE:Internal infill
;WIDTH:0.66
G1 F900
G1 X119.53 Y109.157 E.03259
G1 X119.173 Y110.148 E.05405
G1 X118.792 Y110.728 E.03561
G1 X118.482 Y111.061 E.02334
G1 X117.787 Y111.552 E.04366
G1 X113.552 Y107.317 E.30731
G1 X114.012 Y106.944 E.03039
G1 X114.325 Y106.769 E.0184
G1 X115.043 Y106.509 E.03918
G1 X115.776 Y106.398 E.03804
G1 X116.649 Y106.417 E.0448
G1 X117.1 Y106.48 E.02337
G1 X117.71 Y106.673 E.03283
G1 X118.027 Y106.847 E.01855
G1 X113.434 Y111.439 E.33325
G1 X112.904 Y110.646 E.04894
G1 X112.592 Y109.636 E.05424
G1 X112.548 Y108.854 E.04019
G1 X112.678 Y107.963 E.0462
G1 E-1.4 F3600
;WIPE_START
G1 F7200
G1 X112.548 Y108.854 E-.42771
G1 X112.569 Y109.216 E-.17229
;WIPE_END
G1 Z20.9 F9000
G1 X116.502 Y105.017
G1 Z18.9
G1 E2 F2400
;TYPE:Solid infill
;WIDTH:0.771753
G1 F900
G1 X115.863 Y105.024 E.03873
;WIDTH:0.756163
G1 X115.477 Y105.108 E.02343
;WIDTH:0.729323
G1 X115.091 Y105.192 E.02255
;WIDTH:0.702483
G1 X114.725 Y105.343 E.02171
;WIDTH:0.665965
G1 X114.36 Y105.495 E.02048
;WIDTH:0.629446
G1 X114.114 Y105.652 E.01423
;WIDTH:0.590052
G1 X113.868 Y105.81 E.0133
;WIDTH:0.550658
G1 X113.697 Y105.938 E.00902
;WIDTH:0.537719
G1 X113.205 Y106.497 E.03064
G1 X112.957 Y106.907 E.01971
G1 X112.82 Y107.292 E.01681
G1 X113.41 Y106.694 E.03456
G1 X114.013 Y106.311 E.02939
;WIDTH:0.583583
G1 X114.3 Y106.173 E.01432
;WIDTH:0.629446
G1 X114.587 Y106.035 E.01553
;WIDTH:0.665965
G1 X114.905 Y105.936 E.01725
;WIDTH:0.702483
G1 X115.224 Y105.837 E.01832
;WIDTH:0.738617
G1 X115.752 Y105.743 E.03102
;WIDTH:0.785382
G1 X116.581 Y105.735 E.05118
G1 X117.21 Y105.81 E.03911
;WIDTH:0.790688
G1 X117.931 Y106.027 E.04682
G1 X118.671 Y106.428 E.05233
;WIDTH:0.782529
G1 X119.118 Y106.81 E.03616
;WIDTH:0.748133
G1 X119.333 Y107.059 E.01929
;WIDTH:0.712019
G1 X119.548 Y107.308 E.0183
;WIDTH:0.675905
G1 X119.769 Y107.686 E.02305
;WIDTH:0.628198
G1 X119.989 Y108.064 E.02128
;WIDTH:0.58049
G1 X120.147 Y108.519 E.02153
;WIDTH:0.590526
G1 X120.142 Y108.956 E.0199
;WIDTH:0.613592
G1 X120.028 Y109.608 E.03141
;WIDTH:0.61541
G1 X119.717 Y110.389 E.04002
;WIDTH:0.616001
G1 X119.282 Y111.067 E.03839
;WIDTH:0.616988
G1 X118.907 Y111.478 E.02656
;WIDTH:0.627301
G1 X118.42 Y111.859 E.03005
G1 X117.844 Y112.194 E.03238
;WIDTH:0.617597
G1 X117.197 Y112.439 E.03306
;WIDTH:0.596297
G1 X116.797 Y112.56 E.01923
;WIDTH:0.54852
G1 X116.356 Y112.624 E.01873
;WIDTH:0.570344
G1 X116.298 Y112.659 E.00297
;WIDTH:0.620244
G1 X116.24 Y112.694 E.00325
;WIDTH:0.670143
G1 X116.182 Y112.728 E.00351
;WIDTH:0.720043
G1 X116.124 Y112.763 E.00381
;WIDTH:0.769943
G1 X116.066 Y112.797 E.00406
;WIDTH:0.819843
G1 X116.008 Y112.832 E.00438
;WIDTH:0.869742
G1 X115.95 Y112.866 E.00462
G1 X116.016 Y112.899 E.00507
;WIDTH:0.819843
G1 X116.081 Y112.932 E.00471
;WIDTH:0.769943
G1 X116.147 Y112.966 E.00449
;WIDTH:0.720043
G1 X116.213 Y112.999 E.00415
;WIDTH:0.670143
G1 X116.279 Y113.032 E.00385
;WIDTH:0.620244
G1 X116.344 Y113.065 E.0035
;WIDTH:0.570344
G1 X116.41 Y113.098 E.00324
;WIDTH:0.558777
G1 X116.948 Y113.051 E.02316
;WIDTH:0.596297
G1 X117.382 Y112.961 E.02039
;WIDTH:0.607693
G1 X117.93 Y112.772 E.02722
;WIDTH:0.612238
G1 X118.507 Y112.486 E.03049
;WIDTH:0.627301
G1 X118.783 Y112.317 E.01573
G1 X119.225 Y111.958 E.02767
;WIDTH:0.623061
G1 X119.639 Y111.547 E.02814
;WIDTH:0.62555
G1 X120.132 Y110.838 E.04184
;WIDTH:0.626213
G1 X120.494 Y110.041 E.04246
G1 X120.663 Y109.411 E.03164
;WIDTH:0.62414
G1 X120.67 Y109.13 E.01358
;WIDTH:0.597566
G1 X120.678 Y108.849 E.01296
;WIDTH:0.570991
G1 X120.621 Y108.337 E.02262
;WIDTH:0.577534
G1 X120.478 Y107.853 E.02243
;WIDTH:0.61764
G1 X120.34 Y107.53 E.01679
;WIDTH:0.657746
G1 X120.201 Y107.206 E.01802
;WIDTH:0.706401
G1 X119.946 Y106.762 E.02825
;WIDTH:0.748133
G1 X119.654 Y106.353 E.02947
;WIDTH:0.786609
G1 X119.308 Y105.98 E.03146
;WIDTH:0.800449
G1 X118.636 Y105.536 E.05073
G1 X118.151 Y105.312 E.03365
;WIDTH:0.790688
G1 X117.484 Y105.108 E.04337
;WIDTH:0.788066
G1 X116.811 Y105.013 E.04211
G1 E-1.4 F3600
;WIPE_START
G1 F7200
G1 X117.484 Y105.108 E-.32284
G1 X118.042 Y105.279 E-.27716
;WIPE_END
G1 Z20.9 F9000
G1 X115.95 Y112.866
G1 Z18.9
G1 E2 F2400
;WIDTH:0.869742
G1 F900
G1 X115.687 Y112.847 E.01813
;LAYER_CHANGE
;Z:19.1
;HEIGHT:0.200001
;BEFORE_LAYER_CHANGE
G92 E0
;19.1


G1 E-1.4 F3600
;WIPE_START
G1 F7200
G1 X115.95 Y112.866 E-.12525
;WIPE_END
G1 E-.47475 F3600
G1 Z19.1 F9000
;AFTER_LAYER_CHANGE
;19.1
G1 Z21.1
G1 X113.387 Y112.47
G1 Z19.1
G1 E2 F2400
;TYPE:Perimeter
;WIDTH:0.659999
G1 F900
G1 X113.237 Y112.312 E.01118
G1 X112.831 Y111.7 E.03768
G1 X112.579 Y111.233 E.02723
G1 X112.377 Y110.753 E.02672
G1 X112.227 Y110.238 E.02752
G1 X112.128 Y109.592 E.03353
G1 X112.145 Y109.113 E.02459
G1 X112.2 Y108.528 E.03015
G1 X112.33 Y108.028 E.02651
G1 X112.532 Y107.49 E.02949
G1 X112.812 Y106.963 E.03062
G1 X113.128 Y106.475 E.02983
G1 X113.625 Y105.902 E.03892
G1 X113.941 Y105.659 E.02045
G1 X114.463 Y105.3 E.03251
G1 X114.967 Y105.066 E.02851
G1 X115.586 Y104.9 E.03288
G1 X116.176 Y104.802 E.03069
G1 X116.915 Y104.827 E.03794
G1 X117.58 Y104.917 E.03443
G1 X118.432 Y105.206 E.04616
G1 X119.085 Y105.565 E.03824
G1 X119.514 Y105.873 E.0271
G1 X119.892 Y106.212 E.02605
G1 X120.382 Y106.749 E.0373
G1 X120.727 Y107.234 E.03054
G1 X120.948 Y107.89 E.03552
G1 X121.114 Y108.828 E.04888
G1 X121.127 Y109.523 E.03567
G1 X121.065 Y110.172 E.03345
G1 X120.928 Y110.829 E.03444
G1 X120.734 Y111.384 E.03017
G1 X120.289 Y112.014 E.03958
G1 X119.938 Y112.382 E.02609
G1 X119.44 Y112.834 E.03451
G1 X118.874 Y113.204 E.0347
G1 X118.418 Y113.435 E.02623
G1 X117.799 Y113.665 E.03388
G1 X117.153 Y113.798 E.03384
G1 X116.534 Y113.843 E.03184
G1 X115.973 Y113.819 E.02881
G1 X115.15 Y113.636 E.04326
G1 X114.42 Y113.317 E.04088
G1 X113.751 Y112.852 E.0418
G1 X113.45 Y112.535 E.02243
G1 X112.932 Y112.865 F9000
;TYPE:External perimeter
;WIDTH:0.629999
G1 F900
G1 X112.769 Y112.694 E.01153
G1 X112.433 Y112.211 E.02872
G1 X112.134 Y111.701 E.02886
G1 X111.891 Y111.185 E.02784
G1 X111.71 Y110.671 E.0266
G1 X111.589 Y110.156 E.02582
G1 X111.524 Y109.617 E.0265
G1 X111.549 Y108.958 E.03219
G1 X111.607 Y108.419 E.02646
G1 X111.753 Y107.854 E.02849
G1 X111.987 Y107.233 E.0324
G1 X112.292 Y106.658 E.03177
G1 X112.645 Y106.113 E.0317
G1 X113.21 Y105.462 E.04208
G1 X113.71 Y105.076 E.03084
G1 X114.171 Y104.773 E.02693
G1 X114.769 Y104.496 E.03217
G1 X115.43 Y104.318 E.03342
G1 X116.151 Y104.198 E.03568
G1 X117.212 Y104.235 E.05183
G1 X117.733 Y104.333 E.02588
G1 X118.665 Y104.649 E.04804
G1 X119.167 Y104.902 E.02744
G1 X119.655 Y105.215 E.0283
G1 X120.117 Y105.582 E.0288
G1 X120.526 Y105.997 E.02844
G1 X120.859 Y106.381 E.02481
G1 X121.274 Y106.971 E.03521
G1 X121.533 Y107.74 E.03961
G1 X121.713 Y108.762 E.05066
G1 X121.728 Y109.55 E.03847
G1 X121.714 Y109.878 E.01603
G1 X121.634 Y110.454 E.02839
G1 X121.507 Y110.997 E.02722
G1 X121.275 Y111.662 E.03438
G1 X120.755 Y112.398 E.04399
G1 X120.186 Y112.994 E.04022
G1 X119.622 Y113.441 E.03513
G1 X119.159 Y113.734 E.02675
G1 X118.703 Y113.967 E.025
G1 X118.227 Y114.156 E.025
G1 X117.738 Y114.299 E.02487
G1 X117.236 Y114.395 E.02495
G1 X116.554 Y114.445 E.03338
G1 X115.884 Y114.416 E.03274
G1 X114.963 Y114.211 E.04606
G1 X114.124 Y113.845 E.04468
G1 X113.358 Y113.311 E.04558
G1 X112.994 Y112.93 E.02572
G1 X114.713 Y112.793 F9000
;TYPE:Solid infill
;WIDTH:0.942634
G1 F900
G1 X114.967 Y112.883 E.02016
G1 E-1.4 F3600
;WIPE_START
G1 F7200
G1 X114.713 Y112.793 E-.128
;WIPE_END
G1 E-.472 F3600
G1 Z21.1 F9000
G1 X114.051 Y106.19
G1 Z19.1
G1 E2 F2400
;WIDTH:0.685465
G1 F900
G1 X114.201 Y106.046 E.01111
;WIDTH:0.638505
G1 X114.351 Y105.902 E.0103
;WIDTH:0.591545
G1 X114.501 Y105.758 E.00949
;WIDTH:0.549374
G1 X115.182 Y105.443 E.0316
;WIDTH:0.591736
G1 X115.549 Y105.373 E.01705
;WIDTH:0.634098
G1 X115.915 Y105.302 E.01833
;WIDTH:0.660533
G1 X116.256 Y105.303 E.01751
;WIDTH:0.686967
G1 X116.596 Y105.305 E.01821
;WIDTH:0.715882
G1 X116.855 Y105.331 E.01457
;WIDTH:0.744796
G1 X117.114 Y105.356 E.01519
;WIDTH:0.763972
G1 X117.716 Y105.52 E.03741
;WIDTH:0.795403
G1 X118.244 Y105.723 E.03539
G1 X118.971 Y106.139 E.05241
G1 X119.366 Y106.452 E.03153
;WIDTH:0.795693
G1 X119.828 Y106.92 E.04116
;WIDTH:0.801003
G1 X120.139 Y107.33 E.03244
G1 X120.382 Y107.846 E.03595
;WIDTH:0.753999
G1 X120.457 Y108.107 E.01606
;WIDTH:0.725714
G1 X120.531 Y108.367 E.01535
;WIDTH:0.697429
G1 X120.636 Y108.901 E.02962
;WIDTH:0.66648
G1 X120.653 Y109.162 E.01356
;WIDTH:0.631764
G1 X120.67 Y109.423 E.01281
;WIDTH:0.597047
G1 X120.654 Y109.821 E.01835
;WIDTH:0.569561
G1 X120.638 Y110.22 E.01749
;WIDTH:0.575211
G1 X120.504 Y110.729 E.0233
;WIDTH:0.623662
G1 X120.3 Y111.206 E.02505
G1 X119.921 Y111.739 E.03158
;WIDTH:0.622039
G1 X119.27 Y112.37 E.04366
;WIDTH:0.627921
G1 X118.83 Y112.696 E.02664
G1 X118.516 Y112.87 E.01746
;WIDTH:0.622127
G1 X118.035 Y113.101 E.0257
;WIDTH:0.627323
G1 X117.25 Y113.319 E.03959
G1 X116.629 Y113.379 E.03032
;WIDTH:0.604678
G1 X116.019 Y113.373 E.02849
;WIDTH:0.599958
G1 X115.755 Y113.328 E.0124
;WIDTH:0.573561
G1 X115.491 Y113.282 E.01182
;WIDTH:0.596597
G1 X115.425 Y113.233 E.00378
;WIDTH:0.646031
G1 X115.36 Y113.183 E.00411
;WIDTH:0.695465
G1 X115.294 Y113.133 E.00449
;WIDTH:0.744899
G1 X115.229 Y113.083 E.00479
;WIDTH:0.794333
G1 X115.163 Y113.033 E.00517
;WIDTH:0.843767
G1 X115.098 Y112.983 E.00546
;WIDTH:0.8932
G1 X115.032 Y112.933 E.00585
;WIDTH:0.942634
G1 X114.967 Y112.883 E.00614
G1 X115.032 Y112.881 E.00487
;WIDTH:0.903594
G1 X115.097 Y112.879 E.00465
;WIDTH:0.864554
G1 X115.166 Y112.866 E.0048
;WIDTH:0.819213
G1 X115.235 Y112.853 E.00453
;WIDTH:0.773871
G1 X115.303 Y112.839 E.00422
;WIDTH:0.72853
G1 X115.372 Y112.826 E.004
;WIDTH:0.683188
G1 X115.441 Y112.813 E.00374
;WIDTH:0.637846
G1 X115.51 Y112.8 E.00347
;WIDTH:0.592505
G1 X115.578 Y112.786 E.00317
;WIDTH:0.573561
G1 X115.827 Y112.805 E.01102
;WIDTH:0.599958
G1 X116.076 Y112.823 E.01156
;WIDTH:0.605006
G1 X116.645 Y112.815 E.0266
;WIDTH:0.611389
G1 X117.463 Y112.68 E.03919
;WIDTH:0.612834
G1 X117.984 Y112.499 E.02614
;WIDTH:0.627921
G1 X118.488 Y112.222 E.02797
G1 X119.062 Y111.795 E.0348
;WIDTH:0.624745
G1 X119.573 Y111.253 E.03604
;WIDTH:0.61468
G1 X119.989 Y110.581 E.03757
;WIDTH:0.582327
G1 X120.148 Y110.095 E.02293
;WIDTH:0.597047
G1 X120.117 Y109.447 E.02989
;WIDTH:0.631764
G1 X120.071 Y109.218 E.01144
;WIDTH:0.66648
G1 X120.025 Y108.989 E.01211
;WIDTH:0.703916
G1 X119.908 Y108.62 E.02128
;WIDTH:0.741351
G1 X119.791 Y108.252 E.02243
;WIDTH:0.770814
G1 X119.682 Y108.05 E.01389
;WIDTH:0.800277
G1 X119.573 Y107.847 E.01451
G1 X119.276 Y107.432 E.03214
;WIDTH:0.795693
G1 X118.83 Y106.98 E.03975
;WIDTH:0.795357
G1 X118.567 Y106.772 E.02098
G1 X117.892 Y106.387 E.04862
G1 X117.247 Y106.121 E.04365
;WIDTH:0.762966
G1 X116.895 Y106.033 E.02172
;WIDTH:0.724967
G1 X116.544 Y105.946 E.02051
;WIDTH:0.686967
G1 X116.199 Y105.92 E.01853
;WIDTH:0.655205
G1 X115.854 Y105.893 E.01762
;WIDTH:0.623442
G1 X115.531 Y105.921 E.01565
;WIDTH:0.584014
G1 X115.207 Y105.949 E.01463
;WIDTH:0.544585
G1 X114.607 Y106.07 E.02553
;WIDTH:0.576823
G1 X114.48 Y106.098 E.00577
;WIDTH:0.60906
G1 X114.352 Y106.125 E.00616
G1 X114.242 Y106.816 F9000
;TYPE:Internal infill
;WIDTH:0.66
G1 F900
G1 X114.937 Y106.555 E.03809
G1 X116.008 Y106.5 E.05503
G1 X116.836 Y106.674 E.04341
G1 X117.78 Y107.094 E.05301
G1 X113.305 Y111.569 E.32472
G1 X112.889 Y110.776 E.04595
G1 X112.745 Y110.368 E.0222
G1 X112.604 Y109.572 E.04148
G1 X112.694 Y108.465 E.05699
G1 X112.962 Y107.693 E.04193
G1 X113.307 Y107.073 E.03641
G1 X118.037 Y111.802 E.34319
G1 X118.575 Y111.437 E.03336
G1 X118.862 Y111.169 E.02015
G1 X119.306 Y110.606 E.03679
G1 X119.589 Y110.075 E.03087
G1 X119.537 Y109.52 E.0286
G1 X119.31 Y108.774 E.04001
;LAYER_CHANGE
;Z:19.3
;HEIGHT:0.199999
;BEFORE_LAYER_CHANGE
G92 E0
;19.3


G1 E-1.4 F3600
;WIPE_START
G1 F7200
G1 X119.537 Y109.52 E-.37039
G1 X119.582 Y110.001 E-.22961
;WIPE_END
G1 Z19.3 F9000
;AFTER_LAYER_CHANGE
;19.3
G1 Z21.3
G1 X120.785 Y108.091
G1 Z19.3
G1 E2 F2400
;TYPE:Perimeter
;WIDTH:0.659999
G1 F900
G1 X120.861 Y108.261 E.00955
G1 X121.13 Y109.265 E.05333
G1 X121.113 Y109.821 E.02854
G1 X121.037 Y110.362 E.02803
G1 X120.844 Y111.042 E.03627
G1 X120.641 Y111.604 E.03066
G1 X120.394 Y112.091 E.02802
G1 X120.058 Y112.616 E.03198
G1 X119.679 Y113.072 E.03042
G1 X119.025 Y113.516 E.04056
G1 X118.434 Y113.799 E.03362
G1 X117.942 Y113.974 E.02679
G1 X117.416 Y114.101 E.02776
G1 X116.785 Y114.182 E.03264
G1 X115.909 Y114.155 E.04497
G1 X115.264 Y114.024 E.03377
G1 X114.669 Y113.822 E.03224
G1 X114.094 Y113.52 E.03333
G1 X113.551 Y113.132 E.03424
G1 X112.997 Y112.556 E.04101
G1 X112.585 Y111.916 E.03905
G1 X112.305 Y111.211 E.03892
G1 X112.122 Y110.287 E.04833
G1 X112.087 Y109.606 E.03499
G1 X112.116 Y108.991 E.03159
G1 X112.254 Y108.357 E.03329
G1 X112.468 Y107.816 E.02985
G1 X112.807 Y107.24 E.03429
G1 X113.182 Y106.749 E.0317
G1 X113.559 Y106.371 E.02739
G1 X114.08 Y105.946 E.0345
G1 X114.531 Y105.648 E.02774
G1 X115.233 Y105.336 E.03942
G1 X116.03 Y105.159 E.04189
G1 X116.473 Y105.134 E.02277
G1 X117.243 Y105.195 E.03963
G1 X117.825 Y105.344 E.03083
G1 X118.338 Y105.544 E.02825
G1 X118.916 Y105.856 E.0337
G1 X119.418 Y106.25 E.03274
G1 X119.954 Y106.755 E.03779
G1 X120.386 Y107.33 E.0369
G1 X120.646 Y107.781 E.02671
G1 X120.748 Y108.009 E.01282
G1 X121.298 Y107.763 F9000
;TYPE:External perimeter
;WIDTH:0.629999
G1 F900
G1 X121.427 Y108.052 E.01545
G1 X121.666 Y108.869 E.04155
G1 X121.73 Y109.218 E.01732
G1 X121.714 Y109.877 E.03218
G1 X121.627 Y110.487 E.03008
G1 X121.334 Y111.52 E.05242
G1 X121.103 Y112.05 E.02822
G1 X120.829 Y112.547 E.0277
G1 X120.541 Y112.978 E.0253
G1 X120.087 Y113.522 E.03459
G1 X119.332 Y114.035 E.04456
G1 X118.852 Y114.281 E.02633
G1 X118.351 Y114.481 E.02633
G1 X117.839 Y114.632 E.02606
G1 X117.321 Y114.734 E.02577
G1 X116.806 Y114.785 E.02526
G1 X115.849 Y114.755 E.04674
G1 X115.17 Y114.622 E.03378
G1 X114.673 Y114.466 E.02543
G1 X114.196 Y114.262 E.02533
G1 X113.593 Y113.92 E.03384
G1 X113.15 Y113.583 E.02717
G1 X112.523 Y112.931 E.04416
G1 X112.047 Y112.193 E.04287
G1 X111.728 Y111.389 E.04222
G1 X111.563 Y110.651 E.03692
G1 X111.481 Y110.017 E.03121
G1 X111.489 Y109.133 E.04315
G1 X111.614 Y108.439 E.03442
G1 X111.76 Y107.949 E.02496
G1 X112.048 Y107.299 E.03471
G1 X112.497 Y106.615 E.03994
G1 X112.901 Y106.158 E.02978
G1 X113.298 Y105.793 E.02633
G1 X113.728 Y105.456 E.02667
G1 X114.241 Y105.118 E.02999
G1 X115.043 Y104.761 E.04285
G1 X115.947 Y104.561 E.0452
G1 X116.48 Y104.531 E.02606
G1 X117.333 Y104.598 E.04177
G1 X117.819 Y104.707 E.02431
G1 X118.309 Y104.871 E.02522
G1 X118.791 Y105.088 E.0258
G1 X119.254 Y105.356 E.02612
G1 X120.027 Y105.962 E.04795
G1 X120.413 Y106.365 E.02724
G1 X120.889 Y106.998 E.03866
G1 X121.183 Y107.507 E.02869
G1 X121.261 Y107.681 E.00931
G1 E-1.4 F3600
;WIPE_START
G1 F7200
G1 X121.298 Y107.763 E-.04273
G1 X121.427 Y108.052 E-.15033
G1 X121.666 Y108.869 E-.40434
G1 X121.667 Y108.874 E-.0026
;WIPE_END
G1 Z21.3 F9000
G1 X118.934 Y108.81
G1 Z19.3
G1 E2 F2400
;TYPE:Internal infill
;WIDTH:0.66
G1 F900
G1 X119.126 Y109.275 E.02581
G1 X119.247 Y109.915 E.03342
G1 X119.189 Y111.028 E.05719
G1 X119.088 Y111.42 E.02077
G1 X118.63 Y111.832 E.03161
G1 X118.285 Y112.051 E.02097
G1 X113.426 Y107.191 E.35262
G1 X114.328 Y106.355 E.0631
G1 X114.41 Y106.634 E.01492
G1 X115.291 Y106.501 E.04572
G1 X115.764 Y106.493 E.02427
G1 X116.475 Y106.641 E.03726
G1 X117.196 Y106.96 E.04045
G1 X117.622 Y107.251 E.02647
G1 X113.554 Y111.32 E.29523
G1 X114.399 Y111.968 E.05464
G1 X115.22 Y112.321 E.04585
G1 X115.747 Y112.471 E.02811
G1 X116.382 Y112.556 E.03287
G1 X116.931 Y112.518 E.02824
G1 E-1.4 F3600
;WIPE_START
G1 F7200
G1 X116.382 Y112.556 E-.2614
G1 X115.747 Y112.471 E-.30432
G1 X115.678 Y112.451 E-.03428
;WIPE_END
G1 Z21.3 F9000
G1 X116.752 Y105.587
G1 Z19.3
G1 E2 F2400
;TYPE:Solid infill
;WIDTH:0.597223
G1 F900
G1 X117.009 Y105.632 E.01203
;WIDTH:0.626312
G1 X117.267 Y105.677 E.0127
;WIDTH:0.662204
G1 X117.603 Y105.793 E.0183
;WIDTH:0.698096
G1 X117.938 Y105.909 E.01931
;WIDTH:0.72702
G1 X118.268 Y106.095 E.02155
;WIDTH:0.755943
G1 X118.598 Y106.28 E.02243
;WIDTH:0.757462
G1 X118.793 Y106.426 E.01447
;WIDTH:0.794243
G1 X119.276 Y106.832 E.03942
G1 X119.651 Y107.25 E.03508
;WIDTH:0.794965
G1 X120.153 Y108.012 E.05706
;WIDTH:0.800992
G1 X120.355 Y108.475 E.03184
G1 X120.58 Y109.231 E.04972
;WIDTH:0.793593
G1 X120.596 Y109.778 E.03416
;WIDTH:0.746253
G1 X120.54 Y110.28 E.02954
;WIDTH:0.709832
G1 X120.433 Y110.73 E.02565
;WIDTH:0.664836
G1 X120.326 Y111.181 E.02397
;WIDTH:0.619839
G1 X120.164 Y111.554 E.01951
;WIDTH:0.580788
G1 X120.002 Y111.928 E.01823
;WIDTH:0.578172
G1 X119.701 Y112.367 E.02369
;WIDTH:0.625496
G1 X119.334 Y112.752 E.02577
;WIDTH:0.626125
G1 X118.774 Y113.128 E.03271
G1 X117.978 Y113.484 E.04229
;WIDTH:0.625424
G1 X117.331 Y113.647 E.03232
;WIDTH:0.630404
G1 X116.75 Y113.721 E.02861
G1 X115.988 Y113.698 E.03724
;WIDTH:0.628593
G1 X115.479 Y113.6 E.02524
;WIDTH:0.61163
G1 X114.826 Y113.386 E.0325
;WIDTH:0.595196
G1 X114.281 Y113.118 E.02789
;WIDTH:0.56111
G1 X113.844 Y112.833 E.02248
;WIDTH:0.581913
G1 X113.817 Y112.773 E.00295
;WIDTH:0.6276
G1 X113.791 Y112.714 E.00313
;WIDTH:0.673287
G1 X113.764 Y112.654 E.00345
;WIDTH:0.718975
G1 X113.738 Y112.594 E.00368
;WIDTH:0.764662
G1 X113.711 Y112.535 E.00389
;WIDTH:0.81035
G1 X113.685 Y112.475 E.00417
;WIDTH:0.856037
G1 X113.659 Y112.416 E.00436
;WIDTH:0.901724
G1 X113.632 Y112.356 E.0047
G1 X113.691 Y112.363 E.00424
;WIDTH:0.856037
G1 X113.75 Y112.371 E.00403
;WIDTH:0.81035
G1 X113.809 Y112.378 E.00379
;WIDTH:0.764662
G1 X113.868 Y112.385 E.00357
;WIDTH:0.718975
G1 X113.927 Y112.392 E.00334
;WIDTH:0.673287
G1 X113.986 Y112.399 E.00311
;WIDTH:0.6276
G1 X114.045 Y112.407 E.00289
;WIDTH:0.581913
G1 X114.103 Y112.414 E.00262
;WIDTH:0.564773
G1 X114.551 Y112.677 E.02254
;WIDTH:0.59722
G1 X115.054 Y112.882 E.02503
;WIDTH:0.612173
G1 X115.657 Y113.057 E.02972
;WIDTH:0.613296
G1 X116.405 Y113.149 E.03574
;WIDTH:0.616322
G1 X117.203 Y113.088 E.03816
G1 X117.961 Y112.874 E.03755
;WIDTH:0.626125
G1 X118.524 Y112.601 E.03034
G1 X118.99 Y112.283 E.02736
;WIDTH:0.625496
G1 X119.183 Y112.113 E.01246
;WIDTH:0.597033
G1 X119.375 Y111.944 E.01179
;WIDTH:0.568569
G1 X119.628 Y111.566 E.01988
;WIDTH:0.591595
G1 X119.738 Y111.138 E.02016
;WIDTH:0.638258
G1 X119.848 Y110.71 E.02188
;WIDTH:0.684254
G1 X119.873 Y110.298 E.02201
;WIDTH:0.73025
G1 X119.898 Y109.886 E.02359
;WIDTH:0.761922
G1 X119.867 Y109.619 E.01607
;WIDTH:0.793593
G1 X119.835 Y109.352 E.01679
;WIDTH:0.800992
G1 X119.641 Y108.726 E.04131
G1 X119.434 Y108.258 E.03226
;WIDTH:0.791086
G1 X119.045 Y107.682 E.04324
;WIDTH:0.794243
G1 X118.737 Y107.356 E.02802
G1 X118.227 Y106.886 E.04333
;WIDTH:0.755943
G1 X117.886 Y106.661 E.02422
;WIDTH:0.721697
G1 X117.545 Y106.435 E.02309
;WIDTH:0.68745
G1 X117.301 Y106.327 E.0143
;WIDTH:0.656881
G1 X117.057 Y106.218 E.01364
;WIDTH:0.626312
G1 X116.824 Y106.152 E.01175
;WIDTH:0.593045
G1 X116.591 Y106.086 E.01108
;WIDTH:0.559778
G1 X115.83 Y105.931 E.03338
G1 X115.403 Y105.933 E.01835
G1 X114.827 Y105.998 E.02491
G1 X115.38 Y105.738 E.02626
G1 X116.103 Y105.582 E.03179
;WIDTH:0.564157
G1 X116.443 Y105.585 E.01474
G1 E-1.4 F3600
;WIPE_START
G1 F7200
G1 X116.103 Y105.582 E-.16151
G1 X115.38 Y105.738 E-.35133
G1 X115.214 Y105.816 E-.08716
;WIPE_END
G1 Z21.3 F9000
G1 X113.026 Y111.689
G1 Z19.3
G1 E2 F2400
;WIDTH:0.742538
G1 F900
G1 X113.134 Y111.815 E.00965
;WIDTH:0.787725
G1 X113.242 Y111.941 E.01028
;WIDTH:0.832913
G1 X113.35 Y112.066 E.01085
;WIDTH:0.8781
G1 X113.458 Y112.192 E.01152
;WIDTH:0.901724
G1 X113.632 Y112.356 E.01707
;LAYER_CHANGE
;Z:19.5
;HEIGHT:0.200001
;BEFORE_LAYER_CHANGE
G92 E0
;19.5


G1 E-1.4 F3600
;WIPE_START
G1 F7200
G1 X113.458 Y112.192 E-.11358
G1 X113.35 Y112.066 E-.07883
G1 X113.242 Y111.941 E-.07847
G1 X113.134 Y111.815 E-.07883
G1 X113.026 Y111.689 E-.07883
;WIPE_END
G1 E-.17146 F3600
G1 Z19.5 F9000
;AFTER_LAYER_CHANGE
;19.5
G1 Z19.5
G1 X111.853 Y110.24
G1 E2 F2400
;TYPE:Perimeter
;WIDTH:0.659999
G1 F900
G1 X111.855 Y110.118 E.00626
G1 X111.9 Y109.554 E.02903
G1 X111.998 Y109.023 E.02771
G1 X112.192 Y108.36 E.03545
G1 X112.492 Y107.733 E.03566
G1 X112.844 Y107.206 E.03252
G1 X113.294 Y106.732 E.03354
G1 X113.703 Y106.403 E.02693
G1 X114.151 Y106.116 E.0273
G1 X114.631 Y105.891 E.0272
G1 X115.295 Y105.661 E.03606
G1 X115.83 Y105.531 E.02825
G1 X116.384 Y105.479 E.02855
G1 X116.937 Y105.505 E.02841
G1 X117.54 Y105.609 E.0314
G1 X118.167 Y105.84 E.03429
G1 X118.696 Y106.121 E.03073
G1 X119.375 Y106.646 E.04404
G1 X119.8 Y107.112 E.03236
G1 X120.098 Y107.525 E.02613
G1 X120.346 Y107.96 E.02569
G1 X120.621 Y108.634 E.03735
G1 X120.762 Y109.118 E.02587
G1 X120.855 Y109.69 E.02973
G1 X120.882 Y110.192 E.0258
G1 X120.879 Y110.568 E.01929
G1 X120.819 Y111.158 E.03043
G1 X120.549 Y111.808 E.03611
G1 X120.039 Y112.641 E.05012
G1 X119.711 Y113.045 E.0267
G1 X119.229 Y113.515 E.03454
G1 X118.759 Y113.87 E.03022
G1 X118.11 Y114.279 E.03936
G1 X117.534 Y114.417 E.03039
G1 X116.829 Y114.523 E.03658
G1 X116.169 Y114.518 E.03387
G1 X115.648 Y114.457 E.02692
G1 X114.995 Y114.306 E.03439
G1 X114.379 Y114.061 E.03402
G1 X113.933 Y113.821 E.02599
G1 X113.434 Y113.476 E.03113
G1 X112.88 Y112.948 E.03927
G1 X112.502 Y112.426 E.03307
G1 X112.212 Y111.935 E.02926
G1 X112.002 Y111.382 E.03035
G1 X111.849 Y110.584 E.04169
G1 X111.852 Y110.33 E.01303
G1 X111.251 Y110.233 F9000
;TYPE:External perimeter
;WIDTH:0.629999
G1 F900
G1 X111.257 Y109.787 E.02177
G1 X111.35 Y109.158 E.03104
G1 X111.46 Y108.668 E.02452
G1 X111.628 Y108.145 E.02682
G1 X111.854 Y107.636 E.02719
G1 X112.214 Y107.052 E.03349
G1 X112.532 Y106.649 E.02506
G1 X112.888 Y106.288 E.02475
G1 X113.347 Y105.917 E.02881
G1 X113.869 Y105.584 E.03023
G1 X114.404 Y105.332 E.02887
G1 X114.915 Y105.156 E.02638
G1 X115.418 Y105.012 E.02554
G1 X115.933 Y104.91 E.02563
G1 X116.611 Y104.87 E.03315
G1 X117.246 Y104.929 E.03113
G1 X117.934 Y105.105 E.03467
G1 X118.41 Y105.29 E.02493
G1 X119.031 Y105.618 E.03428
G1 X119.778 Y106.196 E.04611
G1 X120.14 Y106.57 E.02541
G1 X120.473 Y106.994 E.02632
G1 X120.769 Y107.459 E.02691
G1 X121.02 Y107.961 E.0274
G1 X121.19 Y108.437 E.02467
G1 X121.349 Y108.983 E.02776
G1 X121.453 Y109.619 E.03146
G1 X121.484 Y110.197 E.02826
G1 X121.479 Y110.752 E.02709
G1 X121.406 Y111.316 E.02776
G1 X121.087 Y112.082 E.04051
G1 X120.708 Y112.701 E.03543
G1 X120.3 Y113.275 E.03438
G1 X119.817 Y113.801 E.03486
G1 X119.422 Y114.144 E.02554
G1 X118.78 Y114.587 E.03808
G1 X118.326 Y114.846 E.02552
G1 X117.674 Y115.002 E.03273
G1 X117.139 Y115.095 E.02651
G1 X116.581 Y115.13 E.02729
G1 X116.063 Y115.114 E.0253
G1 X115.55 Y115.051 E.02523
G1 X115.044 Y114.941 E.02528
G1 X114.555 Y114.786 E.02504
G1 X114.085 Y114.587 E.02492
G1 X113.624 Y114.338 E.02558
G1 X113.047 Y113.939 E.03425
G1 X112.425 Y113.346 E.04195
G1 X112.014 Y112.779 E.03419
G1 X111.662 Y112.183 E.03379
G1 X111.42 Y111.546 E.03326
G1 X111.246 Y110.638 E.04513
G1 X111.25 Y110.323 E.01538
G1 X112.553 Y111.225 F9000
;TYPE:Solid infill
;WIDTH:0.888795
G1 F900
G1 X112.621 Y111.351 E.01007
;WIDTH:0.92575
G1 X112.688 Y111.477 E.01048
G1 X112.76 Y111.532 E.00665
;WIDTH:0.878227
G1 X112.832 Y111.587 E.00629
;WIDTH:0.830703
G1 X112.904 Y111.642 E.00593
;WIDTH:0.78318
G1 X112.976 Y111.698 E.00561
;WIDTH:0.735656
G1 X113.048 Y111.753 E.00522
;WIDTH:0.688133
G1 X113.12 Y111.808 E.00486
;WIDTH:0.640609
G1 X113.192 Y111.864 E.00453
;WIDTH:0.593086
G1 X113.264 Y111.919 E.00414
;WIDTH:0.576278
G1 X113.617 Y112.256 E.02164
;WIDTH:0.606994
G1 X113.971 Y112.593 E.02292
;WIDTH:0.614233
G1 X114.432 Y112.919 E.02682
;WIDTH:0.629542
G1 X114.983 Y113.187 E.02989
G1 X115.634 Y113.404 E.03347
;WIDTH:0.622028
G1 X116.411 Y113.496 E.03768
;WIDTH:0.620986
G1 X117.126 Y113.452 E.03443
G1 X117.884 Y113.262 E.03756
;WIDTH:0.600867
G1 X118.132 Y113.144 E.01274
;WIDTH:0.571696
G1 X118.38 Y113.026 E.01208
;WIDTH:0.546049
G1 X118.491 Y112.939 E.0059
;WIDTH:0.5823
G1 X118.709 Y112.658 E.01595
;WIDTH:0.61855
G1 X118.927 Y112.377 E.01702
;WIDTH:0.660699
G1 X119.113 Y112.067 E.01857
;WIDTH:0.70687
G1 X119.372 Y111.511 E.03386
;WIDTH:0.733216
G1 X119.44 Y111.299 E.01278
;WIDTH:0.759562
G1 X119.509 Y111.086 E.01334
;WIDTH:0.794362
G1 X119.587 Y110.601 E.03069
G1 X119.598 Y110.038 E.03518
;WIDTH:0.791646
G1 X119.466 Y109.231 E.05091
;WIDTH:0.790674
G1 X119.289 Y108.722 E.03351
;WIDTH:0.787475
G1 X118.945 Y108.035 E.04757
;WIDTH:0.760654
G1 X118.54 Y107.467 E.04163
;WIDTH:0.712305
G1 X118.312 Y107.223 E.01859
;WIDTH:0.673087
G1 X118.085 Y106.979 E.01746
;WIDTH:0.633869
G1 X117.874 Y106.827 E.01278
;WIDTH:0.597359
G1 X117.662 Y106.675 E.01203
;WIDTH:0.560848
G1 X117.45 Y106.524 E.01121
;WIDTH:0.524337
G1 X116.885 Y106.218 E.02572
;WIDTH:0.509418
G1 X116.599 Y106.114 E.0118
G1 X115.917 Y105.953 E.02718
G1 X116.22 Y105.883 E.01206
G1 X116.762 Y105.891 E.02103
G1 X117.411 Y105.993 E.02548
;WIDTH:0.525586
G1 X117.668 Y106.095 E.0111
;WIDTH:0.565266
G1 X117.91 Y106.21 E.01164
;WIDTH:0.604946
G1 X118.151 Y106.326 E.0125
;WIDTH:0.64305
G1 X118.576 Y106.618 E.02573
;WIDTH:0.677678
G1 X118.815 Y106.829 E.01683
;WIDTH:0.712305
G1 X119.054 Y107.04 E.01775
;WIDTH:0.724444
G1 X119.295 Y107.325 E.02115
;WIDTH:0.761406
G1 X119.666 Y107.852 E.0385
;WIDTH:0.786748
G1 X120.001 Y108.501 E.04517
;WIDTH:0.790674
G1 X120.172 Y108.984 E.03186
;WIDTH:0.800372
G1 X120.275 Y109.431 E.02889
G1 X120.339 Y109.936 E.03206
;WIDTH:0.791646
G1 X120.343 Y110.435 E.03107
;WIDTH:0.792822
G1 X120.298 Y110.967 E.03329
G1 X120.187 Y111.31 E.02248
;WIDTH:0.759562
G1 X120.074 Y111.562 E.01646
;WIDTH:0.733216
G1 X119.961 Y111.813 E.0158
;WIDTH:0.70687
G1 X119.661 Y112.348 E.03386
;WIDTH:0.660699
G1 X119.361 Y112.751 E.02581
;WIDTH:0.61855
G1 X119.116 Y113.008 E.01699
;WIDTH:0.5823
G1 X118.87 Y113.266 E.01599
;WIDTH:0.546049
G1 X118.617 Y113.462 E.01339
;WIDTH:0.580331
G1 X118.264 Y113.661 E.01811
;WIDTH:0.618138
G1 X117.911 Y113.859 E.01936
G1 X117.093 Y114.032 E.03999
;WIDTH:0.61875
G1 X116.29 Y114.065 E.03848
G1 X115.403 Y113.937 E.04291
;WIDTH:0.629542
G1 X114.72 Y113.711 E.03509
G1 X114.023 Y113.344 E.03842
;WIDTH:0.619531
G1 X113.613 Y113.027 E.02485
;WIDTH:0.606994
G1 X113.216 Y112.655 E.02552
;WIDTH:0.59748
G1 X113.054 Y112.454 E.0119
;WIDTH:0.571521
G1 X112.893 Y112.253 E.01132
;WIDTH:0.58007
G1 X112.827 Y112.132 E.00616
;WIDTH:0.614577
G1 X112.762 Y112.011 E.00653
;WIDTH:0.658936
G1 X112.752 Y111.934 E.00398
;WIDTH:0.703295
G1 X112.741 Y111.858 E.00422
;WIDTH:0.747655
G1 X112.73 Y111.782 E.0045
G1 E-1.4 F3600
;WIPE_START
G1 F7200
G1 X112.741 Y111.858 E-.03648
G1 X112.752 Y111.934 E-.03648
G1 X112.762 Y112.011 E-.03688
G1 X112.827 Y112.132 E-.06524
G1 X112.893 Y112.253 E-.06547
G1 X113.054 Y112.454 E-.12233
G1 X113.216 Y112.655 E-.12262
G1 X113.392 Y112.82 E-.1145
;WIPE_END
G1 Z21.5 F9000
G1 X114.991 Y112.55
G1 Z19.5
G1 E2 F2400
;TYPE:Internal infill
;WIDTH:0.66
G1 F900
G1 X115.695 Y112.808 E.03847
G1 X116.396 Y112.899 E.03627
G1 X117.001 Y112.868 E.03108
G1 X117.686 Y112.71 E.03607
G1 X118.105 Y112.54 E.0232
G1 X118.373 Y112.138 E.02479
G1 X113.46 Y107.226 E.35647
G1 X113.76 Y106.95 E.02092
G1 X114.375 Y106.536 E.03804
G1 X115.368 Y106.139 E.05487
G1 X115.358 Y106.409 E.01386
G1 X116.648 Y106.705 E.06791
G1 X117.155 Y106.986 E.02974
G1 X117.561 Y107.313 E.02675
G1 X113.527 Y111.347 E.29272
G1 X113.022 Y110.591 E.04665
G1 X112.717 Y109.599 E.05325
G1 X112.368 Y109.641 E.01804
G1 X112.5 Y108.952 E.036
G1 X112.739 Y108.298 E.03573
;LAYER_CHANGE
;Z:19.7
;HEIGHT:0.200001
;BEFORE_LAYER_CHANGE
G92 E0
;19.7


G1 E-1.4 F3600
;WIPE_START
G1 F7200
G1 X112.5 Y108.952 E-.33074
G1 X112.393 Y109.508 E-.26926
;WIPE_END
G1 Z19.7 F9000
;AFTER_LAYER_CHANGE
;19.7
G1 Z19.7
G1 X112.215 Y107.982
G1 E2 F2400
;TYPE:Perimeter
;WIDTH:0.659999
G1 F900
G1 X112.367 Y107.735 E.01488
G1 X112.726 Y107.261 E.03051
G1 X113.303 Y106.705 E.04111
G1 X113.689 Y106.431 E.02429
G1 X114.254 Y106.142 E.03256
G1 X114.908 Y105.917 E.03549
G1 X115.737 Y105.793 E.04301
G1 X116.698 Y105.813 E.04932
G1 X117.235 Y105.889 E.02783
G1 X117.949 Y106.114 E.03841
G1 X118.665 Y106.508 E.04193
G1 X119.16 Y106.919 E.03301
G1 X119.564 Y107.356 E.03054
G1 X119.887 Y107.856 E.03054
G1 X120.138 Y108.313 E.02675
G1 X120.369 Y108.932 E.0339
G1 X120.501 Y109.601 E.03499
G1 X120.533 Y110.225 E.03206
G1 X120.521 Y110.836 E.03136
G1 X120.436 Y111.306 E.02451
G1 X120.29 Y111.874 E.03009
G1 X120.087 Y112.398 E.02883
G1 X119.783 Y112.954 E.03251
G1 X119.154 Y113.582 E.04561
G1 X118.356 Y114.147 E.05017
G1 X117.783 Y114.43 E.03279
G1 X117.303 Y114.615 E.02639
G1 X116.76 Y114.763 E.02888
G1 X116.194 Y114.862 E.02948
G1 X115.629 Y114.805 E.02914
G1 X114.988 Y114.655 E.03378
G1 X114.513 Y114.491 E.02578
G1 X113.991 Y114.248 E.02954
G1 X113.445 Y113.913 E.03287
G1 X112.962 Y113.499 E.03264
G1 X112.49 Y113.019 E.03454
G1 X112.112 Y112.466 E.03437
G1 X111.827 Y111.909 E.0321
G1 X111.626 Y111.29 E.03339
G1 X111.511 Y110.649 E.03342
G1 X111.516 Y109.856 E.04069
G1 X111.671 Y109.098 E.0397
G1 X111.786 Y108.804 E.0162
G1 X112.104 Y108.162 E.03676
G1 X112.167 Y108.059 E.0062
G1 X111.644 Y107.762 F9000
;TYPE:External perimeter
;WIDTH:0.629999
G1 F900
G1 X111.864 Y107.404 E.02051
G1 X112.28 Y106.854 E.03366
G1 X112.918 Y106.24 E.04322
G1 X113.595 Y105.795 E.03955
G1 X114.234 Y105.495 E.03446
G1 X114.774 Y105.329 E.02758
G1 X115.699 Y105.19 E.04566
G1 X116.747 Y105.211 E.05117
G1 X117.368 Y105.3 E.03062
G1 X118.187 Y105.558 E.04192
G1 X118.995 Y106.002 E.04501
G1 X119.572 Y106.48 E.03658
G1 X120.046 Y106.994 E.03413
G1 X120.558 Y107.785 E.046
G1 X120.774 Y108.256 E.02529
G1 X120.948 Y108.765 E.02626
G1 X121.066 Y109.266 E.02513
G1 X121.143 Y109.881 E.03026
G1 X121.135 Y110.237 E.01738
G1 X121.122 Y110.896 E.03218
G1 X120.98 Y111.681 E.03894
G1 X120.802 Y112.254 E.02929
G1 X120.563 Y112.816 E.02981
G1 X120.263 Y113.326 E.02888
G1 X119.544 Y114.044 E.0496
G1 X118.908 Y114.494 E.03803
G1 X118.417 Y114.796 E.02814
G1 X117.889 Y115.039 E.02837
G1 X117.36 Y115.229 E.02744
G1 X116.711 Y115.391 E.03265
G1 X116.204 Y115.468 E.02503
G1 X115.537 Y115.4 E.03273
G1 X115.003 Y115.289 E.02662
G1 X114.486 Y115.131 E.02639
G1 X113.99 Y114.927 E.02618
G1 X113.519 Y114.68 E.02596
G1 X113.083 Y114.396 E.0254
G1 X112.571 Y113.957 E.03292
G1 X112.155 Y113.549 E.02844
G1 X111.729 Y112.999 E.03396
G1 X111.38 Y112.371 E.03507
G1 X111.182 Y111.896 E.02512
G1 X110.99 Y111.232 E.03374
G1 X110.908 Y110.693 E.02661
G1 X110.914 Y109.793 E.04394
G1 X111.091 Y108.927 E.04315
G1 X111.324 Y108.334 E.0311
G1 X111.576 Y107.873 E.02565
G1 X111.597 Y107.838 E.00199
G1 X112.129 Y109.234 F9000
;TYPE:Solid infill
;WIDTH:0.690424
G1 F900
G1 X112.108 Y109.407 E.00938
;WIDTH:0.71943
G1 X112.088 Y109.58 E.0098
G1 E-1.4 F3600
;WIPE_START
G1 F7200
G1 X112.108 Y109.407 E-.08272
G1 X112.129 Y109.234 E-.08278
;WIPE_END
G1 E-.4345 F3600
G1 Z21.7 F9000
G1 X117.746 Y106.603
G1 Z19.7
G1 E2 F2400
;WIDTH:0.805355
G1 F900
G1 X117.872 Y106.697 E.00997
;WIDTH:0.848621
G1 X117.998 Y106.791 E.01053
;WIDTH:0.891888
G1 X118.125 Y106.886 E.0112
;WIDTH:0.935154
G1 X118.251 Y106.98 E.01166
G1 X118.329 Y107.006 E.0061
;WIDTH:0.904527
G1 X118.402 Y107.036 E.00565
;WIDTH:0.856138
G1 X118.474 Y107.066 E.00527
;WIDTH:0.807748
G1 X118.546 Y107.095 E.00494
;WIDTH:0.759359
G1 X118.618 Y107.125 E.00465
;WIDTH:0.710969
G1 X118.69 Y107.155 E.00433
;WIDTH:0.662579
G1 X118.762 Y107.184 E.004
;WIDTH:0.61419
G1 X118.834 Y107.214 E.00371
;WIDTH:0.597302
G1 X118.985 Y107.368 E.00994
;WIDTH:0.636543
G1 X119.297 Y107.797 E.02618
;WIDTH:0.670445
G1 X119.433 Y108.039 E.01448
;WIDTH:0.704346
G1 X119.569 Y108.281 E.01527
;WIDTH:0.724301
G1 X119.749 Y108.744 E.02814
;WIDTH:0.753228
G1 X119.846 Y109.106 E.02213
;WIDTH:0.782154
G1 X119.944 Y109.468 E.02305
;WIDTH:0.787749
G1 X119.999 Y109.967 E.03109
;WIDTH:0.793747
G1 X119.975 Y110.811 E.05271
;WIDTH:0.80026
G1 X119.856 Y111.43 E.03969
G1 X119.55 Y112.278 E.05677
;WIDTH:0.792111
G1 X119.32 Y112.655 E.02751
;WIDTH:0.788122
G1 X119.029 Y112.962 E.02621
;WIDTH:0.745188
G1 X118.739 Y113.268 E.02462
;WIDTH:0.702253
G1 X118.416 Y113.513 E.02223
;WIDTH:0.670669
G1 X118.094 Y113.757 E.02109
;WIDTH:0.639085
G1 X117.725 Y113.954 E.02074
;WIDTH:0.597219
G1 X117.356 Y114.151 E.01928
;WIDTH:0.555353
G1 X116.936 Y114.274 E.01865
;WIDTH:0.582766
G1 X116.561 Y114.338 E.01708
;WIDTH:0.624151
G1 X116.187 Y114.401 E.01833
;WIDTH:0.626298
G1 X115.684 Y114.346 E.02454
G1 X114.819 Y114.119 E.04338
;WIDTH:0.625602
G1 X114.213 Y113.842 E.03228
;WIDTH:0.630661
G1 X113.707 Y113.531 E.02903
G1 X113.121 Y113.03 E.03768
;WIDTH:0.628661
G1 X112.787 Y112.637 E.02512
;WIDTH:0.61199
G1 X112.461 Y112.147 E.02785
;WIDTH:0.604662
G1 X112.174 Y111.559 E.03056
;WIDTH:0.580081
G1 X111.992 Y111.003 E.02613
;WIDTH:0.555398
G1 X111.935 Y110.489 E.02204
;WIDTH:0.591592
G1 X111.955 Y110.202 E.01313
;WIDTH:0.627785
G1 X111.975 Y109.914 E.01404
;WIDTH:0.673608
G1 X112.031 Y109.747 E.00924
;WIDTH:0.71943
G1 X112.088 Y109.58 E.00993
G1 X112.136 Y109.738 E.00929
;WIDTH:0.673608
G1 X112.183 Y109.897 E.00869
;WIDTH:0.627785
G1 X112.251 Y110.177 E.01401
;WIDTH:0.591592
G1 X112.32 Y110.456 E.01311
;WIDTH:0.555398
G1 X112.482 Y110.867 E.01883
;WIDTH:0.58613
G1 X112.693 Y111.413 E.02644
;WIDTH:0.6065
G1 X112.963 Y111.893 E.02581
;WIDTH:0.61242
G1 X113.269 Y112.329 E.02522
;WIDTH:0.613243
G1 X113.794 Y112.868 E.03568
;WIDTH:0.616273
G1 X114.463 Y113.326 E.03865
G1 X115.193 Y113.635 E.03779
;WIDTH:0.617679
G1 X115.964 Y113.806 E.03774
G1 X116.362 Y113.814 E.01902
;WIDTH:0.611489
G1 X116.63 Y113.797 E.0127
;WIDTH:0.573701
G1 X116.898 Y113.781 E.01185
;WIDTH:0.567516
G1 X117.32 Y113.59 E.02021
;WIDTH:0.603301
G1 X117.548 Y113.424 E.01314
;WIDTH:0.639085
G1 X117.777 Y113.258 E.01402
;WIDTH:0.677679
G1 X118.057 Y113.002 E.02002
;WIDTH:0.716273
G1 X118.337 Y112.746 E.02124
;WIDTH:0.750876
G1 X118.57 Y112.42 E.02359
;WIDTH:0.785478
G1 X118.804 Y112.094 E.02478
;WIDTH:0.796867
G1 X119.009 Y111.624 E.03215
G1 X119.206 Y110.912 E.04631
;WIDTH:0.78635
G1 X119.259 Y110.365 E.03397
;WIDTH:0.782154
G1 X119.213 Y109.582 E.04821
G1 X119.145 Y109.22 E.02264
;WIDTH:0.748532
G1 X119.077 Y108.857 E.02167
;WIDTH:0.714909
G1 X118.933 Y108.48 E.02255
;WIDTH:0.675726
G1 X118.788 Y108.102 E.0213
;WIDTH:0.636543
G1 X118.612 Y107.821 E.01637
;WIDTH:0.601172
G1 X118.436 Y107.54 E.01539
;WIDTH:0.614023
G1 X118.422 Y107.464 E.00367
;WIDTH:0.662245
G1 X118.407 Y107.388 E.00399
;WIDTH:0.702445
G1 X118.384 Y107.328 E.00352
;WIDTH:0.742645
G1 X118.361 Y107.268 E.00374
G1 X116.496 Y106.586 F9000
;TYPE:Internal infill
;WIDTH:0.66
G1 F900
G1 X116.437 Y106.55 E.00355
G1 X116.557 Y106.285 E.01493
G1 X115.768 Y106.269 E.04049
G1 X115.014 Y106.382 E.03912
G1 X114.268 Y106.653 E.04072
G1 X113.454 Y107.219 E.05087
G1 X118.126 Y111.891 E.33902
G1 X118.21 Y111.764 E.00781
G1 X118.531 Y110.822 E.05106
G1 X118.582 Y110.367 E.02349
G1 X118.456 Y109.029 E.06896
G1 X118.244 Y108.367 E.03567
G1 X117.884 Y107.717 E.03813
G1 X117.558 Y107.316 E.02652
G1 X113.4 Y111.474 E.30172
G1 X113.707 Y111.928 E.02812
G1 X114.147 Y112.391 E.03277
G1 X114.716 Y112.787 E.03557
G1 X115.339 Y113.058 E.03486
G1 X116.062 Y113.219 E.03801
G1 X116.463 Y113.24 E.0206
;LAYER_CHANGE
;Z:19.9
;HEIGHT:0.199999
;BEFORE_LAYER_CHANGE
G92 E0
;19.9


G1 E-1.4 F3600
;WIPE_START
G1 F7200
G1 X116.062 Y113.219 E-.19074
G1 X115.339 Y113.058 E-.35184
G1 X115.228 Y113.01 E-.05742
;WIPE_END
G1 Z19.9 F9000
;AFTER_LAYER_CHANGE
;19.9
G1 Z21.9
G1 X116.826 Y114.732
G1 Z19.9
G1 E2 F2400
;TYPE:Perimeter
;WIDTH:0.659999
G1 F900
G1 X116.712 Y114.761 E.00604
G1 X116.189 Y114.861 E.02732
G1 X115.664 Y114.895 E.02699
G1 X115.02 Y114.875 E.03306
G1 X114.337 Y114.76 E.03554
G1 X114.055 Y114.666 E.01525
G1 X113.574 Y114.404 E.0281
G1 X113.049 Y114.039 E.03281
G1 X112.552 Y113.6 E.03402
G1 X112.115 Y113.084 E.0347
G1 X111.831 Y112.661 E.02614
G1 X111.526 Y112.075 E.0339
G1 X111.315 Y111.449 E.0339
G1 X111.196 Y110.843 E.03169
G1 X111.151 Y110.283 E.02883
G1 X111.217 Y109.609 E.03475
G1 X111.326 Y109.057 E.02887
G1 X111.642 Y108.294 E.04237
G1 X112.065 Y107.661 E.03906
G1 X112.404 Y107.307 E.02515
G1 X112.861 Y106.917 E.03083
G1 X113.274 Y106.62 E.0261
G1 X113.748 Y106.342 E.0282
G1 X114.371 Y106.079 E.0347
G1 X115.029 Y105.929 E.03463
G1 X115.684 Y105.878 E.03371
G1 X116.335 Y105.939 E.03355
G1 X116.83 Y106.046 E.02599
G1 X117.407 Y106.239 E.03122
G1 X118.284 Y106.667 E.05007
G1 X118.72 Y106.979 E.02751
G1 X119.281 Y107.552 E.04115
G1 X119.541 Y107.948 E.02431
G1 X119.819 Y108.433 E.02868
G1 X120.033 Y108.998 E.031
G1 X120.159 Y109.613 E.03221
G1 X120.192 Y110.174 E.02883
G1 X120.188 Y110.507 E.01709
G1 X120.111 Y111.248 E.03823
G1 X119.983 Y111.732 E.02569
G1 X119.801 Y112.212 E.02634
G1 X119.573 Y112.668 E.02616
G1 X119.038 Y113.448 E.04853
G1 X118.677 Y113.841 E.02738
G1 X118.302 Y114.175 E.02577
G1 X117.873 Y114.397 E.02478
G1 X117.384 Y114.592 E.02701
G1 X116.913 Y114.71 E.02491
G1 X117.055 Y115.295 F9000
;TYPE:External perimeter
;WIDTH:0.629999
G1 F900
G1 X116.819 Y115.355 E.01189
G1 X116.065 Y115.483 E.03733
G1 X115.476 Y115.504 E.02877
G1 X114.953 Y115.475 E.02557
G1 X114.101 Y115.33 E.04219
G1 X113.779 Y115.201 E.01693
G1 X113.25 Y114.911 E.02945
G1 X112.765 Y114.58 E.02866
G1 X112.354 Y114.238 E.0261
G1 X111.964 Y113.847 E.02696
G1 X111.631 Y113.442 E.0256
G1 X111.339 Y113.01 E.02545
G1 X111.091 Y112.559 E.02512
G1 X110.89 Y112.092 E.02482
G1 X110.733 Y111.604 E.02502
G1 X110.601 Y110.937 E.03319
G1 X110.548 Y110.267 E.03281
G1 X110.618 Y109.551 E.03512
G1 X110.752 Y108.869 E.03393
G1 X111.108 Y108.009 E.04544
G1 X111.449 Y107.499 E.02995
G1 X111.757 Y107.104 E.02445
G1 X112.16 Y106.716 E.02731
G1 X112.556 Y106.39 E.02504
G1 X113.038 Y106.055 E.02865
G1 X113.475 Y105.806 E.02455
G1 X113.948 Y105.596 E.02526
G1 X114.45 Y105.435 E.02574
G1 X115.177 Y105.298 E.03611
G1 X115.902 Y105.286 E.0354
G1 X116.428 Y105.344 E.02583
G1 X116.985 Y105.465 E.02782
G1 X117.643 Y105.684 E.03385
G1 X118.593 Y106.148 E.05161
G1 X119.113 Y106.52 E.03121
G1 X119.752 Y107.173 E.0446
G1 X120.089 Y107.684 E.02988
G1 X120.364 Y108.179 E.02764
G1 X120.611 Y108.828 E.0339
G1 X120.756 Y109.535 E.03523
G1 X120.794 Y110.182 E.03164
G1 X120.786 Y110.834 E.03183
G1 X120.701 Y111.372 E.02659
G1 X120.557 Y111.916 E.02747
G1 X120.354 Y112.454 E.02807
G1 X120.093 Y112.975 E.02845
G1 X119.51 Y113.823 E.05024
G1 X119.1 Y114.271 E.02965
G1 X118.645 Y114.675 E.0297
G1 X118.123 Y114.945 E.02869
G1 X117.57 Y115.166 E.02907
G1 X117.143 Y115.273 E.02149
G1 E-1.4 F3600
;WIPE_START
G1 F7200
G1 X117.055 Y115.295 E-.04309
G1 X116.819 Y115.355 E-.11567
G1 X116.065 Y115.483 E-.36327
G1 X115.901 Y115.489 E-.07797
;WIPE_END
G1 Z21.9 F9000
G1 X116.159 Y113.169
G1 Z19.9
G1 E2 F2400
;TYPE:Internal infill
;WIDTH:0.66
G1 F900
G1 X115.369 Y113.426 E.04263
G1 X114.577 Y113.106 E.04383
G1 X113.955 Y112.679 E.03871
G1 X113.474 Y112.179 E.0356
G1 X113.168 Y111.705 E.02895
G1 X117.566 Y107.308 E.3191
G1 X117.884 Y107.717 E.02658
G1 X118.151 Y108.199 E.02827
G1 X118.386 Y109.09 E.04728
G1 X118.409 Y109.497 E.02092
G1 X118.334 Y110.303 E.04153
G1 X118.048 Y111.291 E.05278
G1 X117.872 Y111.637 E.01992
G1 X113.362 Y107.128 E.32723
G1 X112.963 Y107.442 E.02605
G1 X113.232 Y107.623 E.01664
G1 X112.948 Y108.215 E.03369
G1 X112.732 Y108.95 E.03931
G1 X112.688 Y109.945 E.0511
G1 X112.746 Y110.39 E.02303
G1 X111.613 Y110.586 F9000
;TYPE:Solid infill
;WIDTH:0.604027
G1 F900
G1 X111.606 Y110.014 E.02669
;WIDTH:0.562834
G1 X111.643 Y109.512 E.02176
;WIDTH:0.538186
G1 X111.721 Y109.187 E.01376
G1 X112.004 Y108.502 E.03052
G1 X112.488 Y107.815 E.03461
G1 X112.53 Y107.822 E.00175
G1 X112.312 Y108.34 E.02314
G1 X112.14 Y109.256 E.03838
;WIDTH:0.562834
G1 X112.123 Y110.006 E.03243
;WIDTH:0.604452
G1 X112.176 Y110.563 E.02612
;WIDTH:0.623811
G1 X112.356 Y111.323 E.03772
G1 X112.626 Y111.968 E.03377
;WIDTH:0.622981
G1 X113.031 Y112.581 E.03544
;WIDTH:0.62181
G1 X113.592 Y113.152 E.03853
;WIDTH:0.622441
G1 X114.228 Y113.591 E.03724
;WIDTH:0.623497
G1 X114.581 Y113.757 E.01883
G1 X114.818 Y113.842 E.01215
;WIDTH:0.593677
G1 X115.054 Y113.927 E.01149
;WIDTH:0.563856
G1 X115.44 Y113.982 E.01689
;WIDTH:0.590605
G1 X115.816 Y113.896 E.01757
;WIDTH:0.633554
G1 X116.191 Y113.811 E.01888
;WIDTH:0.674278
G1 X116.556 Y113.665 E.02064
;WIDTH:0.715001
G1 X116.92 Y113.519 E.02192
;WIDTH:0.751393
G1 X117.233 Y113.324 E.02172
;WIDTH:0.787785
G1 X117.545 Y113.13 E.02275
;WIDTH:0.799783
G1 X118.016 Y112.637 E.04291
G1 X118.442 Y112.028 E.04677
;WIDTH:0.797648
G1 X118.746 Y111.355 E.04634
;WIDTH:0.792408
G1 X118.949 Y110.609 E.04818
;WIDTH:0.762107
G1 X119.017 Y109.928 E.04093
;WIDTH:0.717934
G1 X119.006 Y109.585 E.01926
;WIDTH:0.680267
G1 X118.995 Y109.241 E.01824
;WIDTH:0.6426
G1 X118.931 Y108.927 E.01598
;WIDTH:0.600221
G1 X118.867 Y108.612 E.0149
;WIDTH:0.557842
G1 X118.655 Y107.941 E.03013
G1 X118.361 Y107.413 E.02588
G1 X118.108 Y107.084 E.01777
G1 X118.452 Y107.311 E.01765
G1 X118.949 Y107.819 E.03043
G1 X119.328 Y108.395 E.02952
;WIDTH:0.565193
G1 X119.403 Y108.579 E.00863
;WIDTH:0.603897
G1 X119.487 Y108.84 E.01279
;WIDTH:0.6426
G1 X119.572 Y109.1 E.01364
;WIDTH:0.655637
G1 X119.632 Y109.434 E.01729
;WIDTH:0.686786
G1 X119.661 Y109.699 E.01427
;WIDTH:0.717934
G1 X119.691 Y109.964 E.01497
;WIDTH:0.741967
G1 X119.672 Y110.501 E.03123
;WIDTH:0.765264
G1 X119.592 Y111.033 E.03231
;WIDTH:0.792408
G1 X119.469 Y111.548 E.033
;WIDTH:0.796295
G1 X119.294 Y112.012 E.03107
G1 X118.912 Y112.682 E.04831
;WIDTH:0.790106
G1 X118.42 Y113.323 E.0502
G1 X118.047 Y113.68 E.03208
;WIDTH:0.787785
G1 X117.855 Y113.795 E.01386
;WIDTH:0.774287
G1 X117.552 Y113.948 E.02064
;WIDTH:0.744644
G1 X117.249 Y114.102 E.01983
;WIDTH:0.715001
G1 X117.011 Y114.182 E.01403
;WIDTH:0.686294
G1 X116.695 Y114.275 E.01762
;WIDTH:0.659924
G1 X116.38 Y114.368 E.01685
;WIDTH:0.633554
G1 X116.059 Y114.417 E.01595
;WIDTH:0.591727
G1 X115.426 Y114.481 E.02903
;WIDTH:0.563856
G1 X114.908 Y114.423 E.02258
;WIDTH:0.593677
G1 X114.643 Y114.363 E.01244
;WIDTH:0.623497
G1 X114.378 Y114.303 E.01312
G1 X113.897 Y114.067 E.02586
;WIDTH:0.622441
G1 X113.138 Y113.518 E.04514
;WIDTH:0.618564
G1 X112.519 Y112.854 E.04345
;WIDTH:0.617998
G1 X112.06 Y112.117 E.04152
;WIDTH:0.623811
G1 X111.819 Y111.545 E.02998
G1 X111.76 Y111.316 E.01142
;WIDTH:0.611444
G1 X111.674 Y110.888 E.02064
;LAYER_CHANGE
;Z:20.1
;HEIGHT:0.200001
;BEFORE_LAYER_CHANGE
G92 E0
;20.1


G1 E-1.4 F3600
;WIPE_START
G1 F7200
G1 X111.76 Y111.316 E-.20736
G1 X111.819 Y111.545 E-.11233
G1 X112.048 Y112.088 E-.28031
;WIPE_END
G1 Z20.1 F9000
;AFTER_LAYER_CHANGE
;20.1
G1 Z22.1
G1 X112.605 Y114.053
G1 Z20.1
G1 E2 F2400
;TYPE:Perimeter
;WIDTH:0.659999
G1 F900
G1 X112.554 Y114.025 E.00299
G1 X112.26 Y113.774 E.01984
G1 X111.841 Y113.287 E.03296
G1 X111.538 Y112.837 E.02784
G1 X111.226 Y112.242 E.03447
G1 X110.998 Y111.585 E.03568
G1 X110.886 Y111.057 E.02769
G1 X110.819 Y110.48 E.0298
G1 X110.829 Y109.842 E.03274
G1 X110.937 Y109.212 E.0328
G1 X111.081 Y108.724 E.02611
G1 X111.324 Y108.159 E.03156
G1 X111.643 Y107.65 E.03082
G1 X112.19 Y107.039 E.04208
G1 X112.642 Y106.701 E.02896
G1 X113.106 Y106.415 E.02797
G1 X113.62 Y106.205 E.02849
G1 X114.25 Y106.016 E.03375
G1 X114.764 Y105.914 E.02689
G1 X115.269 Y105.872 E.026
G1 X115.84 Y105.891 E.02931
G1 X116.642 Y106.058 E.04203
G1 X117.221 Y106.295 E.0321
G1 X117.679 Y106.553 E.02697
G1 X118.11 Y106.866 E.02733
G1 X118.616 Y107.32 E.03488
G1 X118.976 Y107.713 E.02735
G1 X119.393 Y108.337 E.03851
G1 X119.702 Y109.086 E.04157
G1 X119.813 Y109.599 E.02693
G1 X119.851 Y110.111 E.02634
G1 X119.848 Y110.723 E.0314
G1 X119.739 Y111.32 E.03114
G1 X119.572 Y111.856 E.02881
G1 X119.296 Y112.465 E.03431
G1 X118.792 Y113.208 E.04607
G1 X118.314 Y113.716 E.03579
G1 X117.917 Y114.047 E.02652
G1 X117.472 Y114.347 E.02754
G1 X116.993 Y114.603 E.02787
G1 X116.412 Y114.832 E.03204
G1 X116.049 Y114.879 E.01878
G1 X115.259 Y114.893 E.04054
G1 X114.684 Y114.829 E.02969
G1 X114.178 Y114.725 E.02651
G1 X113.66 Y114.565 E.02782
G1 X113.067 Y114.317 E.03298
G1 X112.683 Y114.098 E.02268
G1 X112.379 Y114.611 F9000
;TYPE:External perimeter
;WIDTH:0.629999
G1 F900
G1 X112 Y114.378 E.02172
G1 X111.519 Y113.862 E.03444
G1 X111.193 Y113.426 E.02658
G1 X110.91 Y112.964 E.02645
G1 X110.674 Y112.483 E.02615
G1 X110.485 Y111.986 E.02596
G1 X110.345 Y111.482 E.02553
G1 X110.231 Y110.782 E.03462
G1 X110.217 Y110.047 E.03589
G1 X110.264 Y109.533 E.0252
G1 X110.363 Y109.026 E.02522
G1 X110.513 Y108.525 E.02553
G1 X110.794 Y107.871 E.03475
G1 X111.16 Y107.287 E.03364
G1 X111.782 Y106.593 E.04549
G1 X112.147 Y106.319 E.02228
G1 X112.689 Y105.957 E.03182
G1 X113.243 Y105.709 E.02963
G1 X113.714 Y105.541 E.02441
G1 X114.233 Y105.401 E.02624
G1 X114.73 Y105.311 E.02466
G1 X115.247 Y105.27 E.02532
G1 X115.921 Y105.293 E.03292
G1 X116.809 Y105.478 E.04428
G1 X117.292 Y105.656 E.02513
G1 X117.799 Y105.913 E.02775
G1 X118.229 Y106.192 E.02502
G1 X118.648 Y106.525 E.02613
G1 X119.044 Y106.897 E.02652
G1 X119.451 Y107.34 E.02937
G1 X119.927 Y108.053 E.04185
G1 X120.276 Y108.898 E.04463
G1 X120.415 Y109.556 E.03283
G1 X120.453 Y110.114 E.0273
G1 X120.449 Y110.77 E.03202
G1 X120.373 Y111.269 E.02464
G1 X120.243 Y111.777 E.0256
G1 X120.057 Y112.28 E.02618
G1 X119.818 Y112.767 E.02648
G1 X119.263 Y113.586 E.0483
G1 X118.727 Y114.155 E.03816
G1 X118.279 Y114.529 E.02849
G1 X117.783 Y114.863 E.02919
G1 X117.246 Y115.15 E.02972
G1 X116.564 Y115.419 E.03579
G1 X116.093 Y115.481 E.02319
G1 X115.238 Y115.496 E.04174
G1 X114.585 Y115.423 E.03208
G1 X114.083 Y115.322 E.025
G1 X113.602 Y115.181 E.02447
G1 X113.088 Y114.986 E.02684
G1 X112.584 Y114.737 E.02744
G1 X112.456 Y114.658 E.00734
G1 E-1.4 F3600
;WIPE_START
G1 F7200
G1 X112.379 Y114.611 E-.04285
G1 X112 Y114.378 E-.21132
G1 X111.519 Y113.862 E-.33507
G1 X111.505 Y113.844 E-.01076
;WIPE_END
G1 Z22.1 F9000
G1 X116.057 Y112.859
G1 Z20.1
G1 E2 F2400
;TYPE:Internal infill
;WIDTH:0.66
G1 F900
G1 X115.237 Y113.104 E.04391
G1 X114.477 Y113.157 E.03909
G1 X113.941 Y113.098 E.02767
G1 X113.338 Y112.549 E.04184
G1 X112.912 Y111.962 E.03721
G1 X117.715 Y107.159 E.34852
G1 X118.298 Y107.677 E.04002
G1 X118.031 Y107.803 E.01515
G1 X118.381 Y109.071 E.06749
G1 X118.277 Y110.133 E.05475
G1 X118.175 Y110.464 E.01777
G1 X117.669 Y111.434 E.05614
G1 X113.552 Y107.317 E.29875
G1 X113.966 Y106.937 E.02883
G1 X113.767 Y106.658 E.01758
G1 X114.201 Y106.516 E.02343
G1 X115.046 Y106.355 E.04414
G1 X115.576 Y106.351 E.0272
G1 X116.51 Y106.516 E.04867
G1 E-1.4 F3600
;WIPE_START
G1 F7200
G1 X115.576 Y106.351 E-.45052
G1 X115.261 Y106.354 E-.14948
;WIPE_END
G1 Z22.1 F9000
G1 X112.223 Y107.921
G1 Z20.1
G1 E2 F2400
;TYPE:Solid infill
;WIDTH:0.935264
G1 F900
G1 X112.218 Y107.999 E.0058
;WIDTH:0.88818
G1 X112.212 Y108.076 E.00543
;WIDTH:0.841096
G1 X112.207 Y108.154 E.00519
;WIDTH:0.794012
G1 X112.202 Y108.232 E.00488
;WIDTH:0.746928
G1 X112.196 Y108.31 E.00458
;WIDTH:0.699844
G1 X112.191 Y108.387 E.00421
;WIDTH:0.65276
G1 X112.185 Y108.465 E.00397
;WIDTH:0.605676
G1 X112.18 Y108.543 E.00366
;WIDTH:0.601434
G1 X111.959 Y109.277 E.0356
;WIDTH:0.622314
G1 X111.864 Y109.914 E.03103
G1 X111.864 Y110.626 E.0343
;WIDTH:0.622429
G1 X112.034 Y111.45 E.04054
G1 X112.221 Y111.922 E.02446
;WIDTH:0.614962
G1 X112.41 Y112.283 E.01938
;WIDTH:0.617608
G1 X112.915 Y112.969 E.04071
G1 X113.451 Y113.444 E.03422
;WIDTH:0.567833
G1 X113.817 Y113.645 E.01823
;WIDTH:0.588114
G1 X114.184 Y113.699 E.01682
;WIDTH:0.628822
G1 X114.55 Y113.753 E.01802
;WIDTH:0.67013
G1 X114.963 Y113.742 E.02155
;WIDTH:0.711438
G1 X115.375 Y113.732 E.02291
;WIDTH:0.750192
G1 X115.73 Y113.656 E.02135
;WIDTH:0.788946
G1 X116.086 Y113.581 E.02257
;WIDTH:0.790066
G1 X116.544 Y113.384 E.03097
;WIDTH:0.794782
G1 X117.164 Y112.994 E.04579
;WIDTH:0.799407
G1 X117.782 Y112.407 E.05361
;WIDTH:0.789105
G1 X118.207 Y111.837 E.04411
;WIDTH:0.767287
G1 X118.547 Y111.198 E.0436
;WIDTH:0.723798
G1 X118.663 Y110.885 E.0189
;WIDTH:0.687408
G1 X118.778 Y110.572 E.01787
;WIDTH:0.651017
G1 X118.957 Y109.838 E.0382
;WIDTH:0.652701
G1 X118.985 Y109.258 E.02944
;WIDTH:0.692782
G1 X118.988 Y108.987 E.01464
;WIDTH:0.732863
G1 X118.991 Y108.715 E.01561
G1 X119.122 Y108.977 E.0168
;WIDTH:0.692782
G1 X119.252 Y109.239 E.0158
;WIDTH:0.652701
G1 X119.381 Y109.913 E.03479
;WIDTH:0.651017
G1 X119.377 Y110.647 E.03711
;WIDTH:0.660656
G1 X119.328 Y110.891 E.01278
;WIDTH:0.692227
G1 X119.258 Y111.151 E.01454
;WIDTH:0.723798
G1 X119.189 Y111.411 E.01523
;WIDTH:0.732313
G1 X119.03 Y111.789 E.02351
;WIDTH:0.767628
G1 X118.762 Y112.309 E.03525
;WIDTH:0.789105
G1 X118.341 Y112.9 E.04502
;WIDTH:0.799407
G1 X117.955 Y113.302 E.03506
G1 X117.575 Y113.623 E.03129
;WIDTH:0.794782
G1 X116.92 Y114.029 E.04818
;WIDTH:0.790066
G1 X116.42 Y114.251 E.03399
;WIDTH:0.785197
G1 X115.989 Y114.347 E.02725
;WIDTH:0.775433
G1 X115.624 Y114.371 E.02228
;WIDTH:0.738298
G1 X115.26 Y114.394 E.02109
;WIDTH:0.701163
G1 X114.791 Y114.342 E.02583
;WIDTH:0.652178
G1 X114.323 Y114.29 E.02385
;WIDTH:0.603193
G1 X113.975 Y114.2 E.01675
;WIDTH:0.573525
G1 X113.628 Y114.11 E.01582
;WIDTH:0.567833
G1 X113.136 Y113.86 E.02409
;WIDTH:0.596086
G1 X112.912 Y113.712 E.01235
;WIDTH:0.624339
G1 X112.688 Y113.563 E.01301
;WIDTH:0.626608
G1 X112.326 Y113.167 E.02604
G1 X111.931 Y112.595 E.03374
;WIDTH:0.61479
G1 X111.695 Y112.136 E.02454
;WIDTH:0.622429
G1 X111.498 Y111.669 E.02442
;WIDTH:0.629472
G1 X111.382 Y111.238 E.02177
G1 X111.284 Y110.566 E.03312
;WIDTH:0.618846
G1 X111.31 Y109.731 E.04001
;WIDTH:0.613518
G1 X111.437 Y109.065 E.03217
;WIDTH:0.602019
G1 X111.692 Y108.378 E.03407
;WIDTH:0.596948
G1 X111.757 Y108.307 E.00443
;WIDTH:0.635304
G1 X111.822 Y108.236 E.00474
;WIDTH:0.674807
G1 X111.875 Y108.194 E.00355
;WIDTH:0.71431
G1 X111.928 Y108.153 E.00374
;WIDTH:0.753813
G1 X111.98 Y108.111 E.00395
;WIDTH:0.799176
G1 X112.041 Y108.064 E.00484
;WIDTH:0.844539
G1 X112.102 Y108.016 E.00517
;WIDTH:0.889902
G1 X112.162 Y107.969 E.00537
;WIDTH:0.935264
G1 X112.262 Y107.86 E.01098
;WIDTH:0.912768
G1 X112.416 Y107.657 E.01843
;WIDTH:0.870098
G1 X112.57 Y107.453 E.01758
;WIDTH:0.827428
G1 X112.69 Y107.335 E.01098
;WIDTH:0.78268
G1 X112.811 Y107.217 E.0104
;WIDTH:0.737932
G1 X112.931 Y107.098 E.00977
;WIDTH:0.693184
G1 X113.051 Y106.98 E.0091
;LAYER_CHANGE
;Z:20.3
;HEIGHT:0.199999
;BEFORE_LAYER_CHANGE
G92 E0
;20.3


G1 E-1.4 F3600
;WIPE_START
G1 F7200
G1 X112.931 Y107.098 E-.07994
G1 X112.811 Y107.217 E-.08027
G1 X112.69 Y107.335 E-.08028
G1 X112.57 Y107.453 E-.07994
G1 X112.416 Y107.657 E-.12141
G1 X112.262 Y107.86 E-.12103
G1 X112.209 Y107.917 E-.03713
;WIPE_END
G1 Z20.3 F9000
;AFTER_LAYER_CHANGE
;20.3
G1 Z22.3
G1 X114.004 Y105.797
G1 Z20.3
G1 E2 F2400
;TYPE:Perimeter
;WIDTH:0.659999
G1 F900
G1 X114.405 Y105.733 E.02084
G1 X115.082 Y105.744 E.03474
G1 X115.791 Y105.806 E.03652
G1 X116.317 Y105.928 E.02771
G1 X116.866 Y106.139 E.03018
G1 X117.322 Y106.38 E.02646
G1 X117.82 Y106.73 E.03123
G1 X118.273 Y107.177 E.03265
G1 X118.701 Y107.734 E.03604
G1 X118.967 Y108.197 E.0274
G1 X119.229 Y108.773 E.03247
G1 X119.405 Y109.291 E.02807
G1 X119.468 Y109.707 E.02159
G1 X119.526 Y110.286 E.02986
G1 X119.526 Y110.45 E.00841
G1 X119.452 Y111.061 E.03158
G1 X119.265 Y111.704 E.03436
G1 X119.018 Y112.261 E.03126
G1 X118.536 Y112.983 E.04454
G1 X118.036 Y113.499 E.03687
G1 X117.641 Y113.818 E.02605
G1 X117.047 Y114.193 E.03604
G1 X116.189 Y114.549 E.04766
G1 X115.696 Y114.678 E.02615
G1 X115.114 Y114.756 E.03013
G1 X114.454 Y114.785 E.0339
G1 X114.171 Y114.727 E.01482
G1 X113.665 Y114.571 E.02717
G1 X113.045 Y114.285 E.03503
G1 X112.572 Y114.034 E.02748
G1 X112.155 Y113.74 E.02618
G1 X111.732 Y113.381 E.02847
G1 X111.293 Y112.925 E.03248
G1 X110.982 Y112.512 E.02653
G1 X110.76 Y111.93 E.03196
G1 X110.598 Y111.395 E.02868
G1 X110.494 Y110.786 E.0317
G1 X110.479 Y110.275 E.02623
G1 X110.511 Y109.618 E.03375
G1 X110.614 Y109.128 E.02569
G1 X110.758 Y108.613 E.02744
G1 X111.01 Y108.024 E.03287
G1 X111.317 Y107.552 E.02889
G1 X111.645 Y107.111 E.0282
G1 X112.081 Y106.678 E.03153
G1 X112.619 Y106.297 E.03383
G1 X113.118 Y106.036 E.02889
G1 X113.653 Y105.853 E.02901
G1 X113.915 Y105.812 E.01361
G1 X113.907 Y105.203 F9000
;TYPE:External perimeter
;WIDTH:0.629999
G1 F900
G1 X114.362 Y105.131 E.02249
G1 X115.091 Y105.142 E.03559
G1 X115.648 Y105.181 E.02726
G1 X116.215 Y105.287 E.02816
G1 X116.702 Y105.424 E.0247
G1 X117.176 Y105.619 E.02502
G1 X117.833 Y105.986 E.03674
G1 X118.387 Y106.433 E.03475
G1 X118.884 Y106.959 E.03533
G1 X119.207 Y107.407 E.02696
G1 X119.503 Y107.921 E.02895
G1 X119.79 Y108.551 E.03379
G1 X119.992 Y109.148 E.03077
G1 X120.063 Y109.616 E.02311
G1 X120.128 Y110.285 E.03281
G1 X120.077 Y110.908 E.03051
G1 X119.981 Y111.428 E.02581
G1 X119.76 Y112.106 E.03481
G1 X119.542 Y112.56 E.02458
G1 X119.013 Y113.353 E.04653
G1 X118.66 Y113.746 E.02579
G1 X118.255 Y114.114 E.02671
G1 X117.805 Y114.445 E.02727
G1 X117.317 Y114.733 E.02766
G1 X116.382 Y115.121 E.04942
G1 X115.812 Y115.269 E.02875
G1 X114.998 Y115.379 E.0401
G1 X114.397 Y115.388 E.02934
G1 X114.021 Y115.311 E.01874
G1 X113.449 Y115.134 E.02923
G1 X112.744 Y114.809 E.0379
G1 X112.088 Y114.441 E.03672
G1 X111.613 Y114.086 E.02895
G1 X111.188 Y113.7 E.02803
G1 X110.83 Y113.311 E.02581
G1 X110.449 Y112.806 E.03088
G1 X110.09 Y111.865 E.04917
G1 X109.966 Y111.336 E.02652
G1 X109.894 Y110.838 E.02456
G1 X109.87 Y110.041 E.03892
G1 X109.914 Y109.529 E.02509
G1 X110.084 Y108.723 E.04021
G1 X110.26 Y108.21 E.02648
G1 X110.482 Y107.732 E.02573
G1 X110.999 Y106.935 E.04637
G1 X111.483 Y106.413 E.03475
G1 X111.873 Y106.079 E.02507
G1 X112.304 Y105.784 E.0255
G1 X112.888 Y105.478 E.03218
G1 X113.508 Y105.267 E.03197
G1 X113.818 Y105.217 E.01533
G1 E-1.4 F3600
;WIPE_START
G1 F7200
G1 X113.907 Y105.203 E-.04279
G1 X114.362 Y105.131 E-.21881
G1 X115.074 Y105.141 E-.3384
;WIPE_END
G1 Z22.3 F9000
G1 X112.116 Y110.586
G1 Z20.3
G1 E2 F2400
;TYPE:Internal infill
;WIDTH:0.66
G1 F900
G1 X112.12 Y109.919 E.03422
G1 X112.253 Y109.271 E.03394
G1 X112.42 Y108.846 E.02343
G1 X112.952 Y107.947 E.0536
G1 X113.546 Y107.311 E.04465
G1 X117.578 Y111.344 E.29261
G1 X118.023 Y110.707 E.03987
G1 X118.29 Y110.07 E.03544
G1 X118.396 Y108.76 E.06744
G1 X118.683 Y108.719 E.01488
G1 X118.301 Y107.992 E.04214
G1 X117.652 Y107.221 E.05171
G1 X112.664 Y112.21 E.36198
G1 X112.754 Y112.315 E.0071
G1 X113.451 Y112.629 E.03922
G1 X114.537 Y112.819 E.05657
G1 X115.379 Y112.73 E.04344
G1 X116.16 Y112.422 E.04308
G1 E-1.4 F3600
;WIPE_START
G1 F7200
G1 X115.379 Y112.73 E-.39878
G1 X114.958 Y112.774 E-.20122
;WIPE_END
G1 Z22.3 F9000
G1 X110.933 Y110.088
G1 Z20.3
G1 E2 F2400
;TYPE:Solid infill
;WIDTH:0.62822
G1 F900
G1 X110.968 Y109.667 E.02056
;WIDTH:0.624895
G1 X111.154 Y108.88 E.03913
;WIDTH:0.619737
G1 X111.429 Y108.214 E.03456
G1 X111.767 Y107.674 E.03055
;WIDTH:0.597281
G1 X112.089 Y107.272 E.02374
;WIDTH:0.58464
G1 X112.379 Y107.008 E.01766
;WIDTH:0.552611
G1 X112.668 Y106.745 E.01656
;WIDTH:0.56807
G1 X112.749 Y106.728 E.00361
;WIDTH:0.615557
G1 X112.829 Y106.711 E.00389
;WIDTH:0.663045
G1 X112.91 Y106.694 E.00427
;WIDTH:0.710532
G1 X112.99 Y106.676 E.00455
;WIDTH:0.758019
G1 X113.071 Y106.659 E.00492
;WIDTH:0.805507
G1 X113.151 Y106.642 E.00519
;WIDTH:0.852994
G1 X113.232 Y106.625 E.00557
G1 X113.212 Y106.657 E.00254
;WIDTH:0.830683
G1 X113.174 Y106.724 E.00505
;WIDTH:0.786383
G1 X113.137 Y106.791 E.00473
;WIDTH:0.742083
G1 X113.099 Y106.858 E.00448
;WIDTH:0.697783
G1 X113.062 Y106.925 E.00417
;WIDTH:0.653483
G1 X113.024 Y106.992 E.00391
;WIDTH:0.609183
G1 X112.987 Y107.059 E.0036
;WIDTH:0.564883
G1 X112.949 Y107.126 E.00334
;WIDTH:0.535264
G1 X112.74 Y107.324 E.01179
;WIDTH:0.566526
G1 X112.473 Y107.67 E.01903
;WIDTH:0.597787
G1 X112.206 Y108.016 E.02016
;WIDTH:0.612754
G1 X111.871 Y108.619 E.03268
;WIDTH:0.622016
G1 X111.666 Y109.153 E.02754
;WIDTH:0.624895
G1 X111.538 Y109.784 E.03116
;WIDTH:0.62822
G1 X111.519 Y110.081 E.01448
G1 X111.526 Y110.695 E.02988
;WIDTH:0.619144
G1 X111.701 Y111.529 E.04083
;WIDTH:0.613873
G1 X112.044 Y112.291 E.03967
;WIDTH:0.573278
G1 X112.375 Y112.731 E.02428
;WIDTH:0.595019
G1 X112.866 Y113.026 E.0263
;WIDTH:0.642834
G1 X113.285 Y113.189 E.02243
;WIDTH:0.690649
G1 X113.703 Y113.352 E.02416
;WIDTH:0.731908
G1 X114.091 Y113.421 E.02258
;WIDTH:0.773167
G1 X114.479 Y113.489 E.02392
;WIDTH:0.787015
G1 X114.958 Y113.483 E.02964
;WIDTH:0.79212
G1 X115.461 Y113.407 E.03169
G1 X115.904 Y113.282 E.02867
;WIDTH:0.785074
G1 X116.608 Y112.957 E.04785
;WIDTH:0.782402
G1 X117.092 Y112.635 E.03574
G1 X117.362 Y112.415 E.02142
;WIDTH:0.756483
G1 X117.632 Y112.194 E.0207
;WIDTH:0.730564
G1 X117.838 Y111.973 E.01727
;WIDTH:0.697799
G1 X118.045 Y111.751 E.01653
;WIDTH:0.665033
G1 X118.257 Y111.426 E.02007
;WIDTH:0.632158
G1 X118.415 Y111.129 E.01648
;WIDTH:0.58555
G1 X118.572 Y110.832 E.01516
;WIDTH:0.538941
G1 X118.775 Y110.348 E.02165
G1 X118.903 Y109.816 E.02257
G1 X118.93 Y109.257 E.02308
G1 X118.954 Y109.254 E.001
G1 X119.071 Y109.856 E.02529
G1 X119.111 Y110.426 E.02357
G1 X119.047 Y110.958 E.0221
;WIDTH:0.556665
G1 X118.959 Y111.228 E.01213
;WIDTH:0.594412
G1 X118.867 Y111.465 E.01166
;WIDTH:0.632158
G1 X118.775 Y111.701 E.01241
;WIDTH:0.665033
G1 X118.519 Y112.148 E.02665
;WIDTH:0.697799
G1 X118.338 Y112.39 E.01646
;WIDTH:0.730564
G1 X118.156 Y112.633 E.01736
;WIDTH:0.739196
G1 X117.882 Y112.911 E.0226
;WIDTH:0.782402
G1 X117.501 Y113.251 E.0314
;WIDTH:0.794395
G1 X116.762 Y113.724 E.05483
G1 X116.099 Y114.003 E.04495
;WIDTH:0.79212
G1 X115.569 Y114.149 E.03425
G1 X115.065 Y114.219 E.0317
;WIDTH:0.788298
G1 X114.57 Y114.244 E.03072
G1 X114.36 Y114.209 E.0132
;WIDTH:0.77491
G1 X113.872 Y114.094 E.03052
;WIDTH:0.738727
G1 X113.659 Y114.015 E.01314
;WIDTH:0.709383
G1 X113.447 Y113.936 E.01254
;WIDTH:0.680038
G1 X112.987 Y113.732 E.02666
;WIDTH:0.655065
G1 X112.621 Y113.503 E.02198
;WIDTH:0.612786
G1 X112.255 Y113.274 E.02046
;WIDTH:0.570507
G1 X111.879 Y112.94 E.02206
;WIDTH:0.583527
G1 X111.622 Y112.589 E.01956
;WIDTH:0.621783
G1 X111.365 Y112.237 E.02098
;WIDTH:0.62225
G1 X111.102 Y111.534 E.03616
G1 X110.945 Y110.644 E.04353
;WIDTH:0.62296
G1 X110.94 Y110.397 E.01192
G1 E-1.4 F3600
;WIPE_START
G1 F7200
G1 X110.945 Y110.644 E-.11735
G1 X111.102 Y111.534 E-.42928
G1 X111.141 Y111.639 E-.05337
;WIPE_END
G1 Z22.3 F9000
G1 X113.232 Y106.625
G1 Z20.3
G1 E2 F2400
;WIDTH:0.852994
G1 F900
G1 X113.251 Y106.612 E.00155
;WIDTH:0.849612
G1 X113.426 Y106.522 E.0132
;WIDTH:0.804612
G1 X113.601 Y106.432 E.01246
;WIDTH:0.759611
G1 X113.775 Y106.343 E.01165
;LAYER_CHANGE
;Z:20.5
;HEIGHT:0.200001
;BEFORE_LAYER_CHANGE
G92 E0
;20.5


G1 E-1.4 F3600
;WIPE_START
G1 F7200
G1 X113.601 Y106.432 E-.09283
G1 X113.426 Y106.522 E-.09347
G1 X113.251 Y106.612 E-.09347
G1 X113.232 Y106.625 E-.01094
;WIPE_END
G1 E-.30929 F3600
G1 Z20.5 F9000
;AFTER_LAYER_CHANGE
;20.5
G1 Z22.5
G1 X115.457 Y105.491
G1 Z20.5
G1 E2 F2400
;TYPE:Perimeter
;WIDTH:0.659999
G1 F900
G1 X115.656 Y105.532 E.01043
G1 X116.165 Y105.708 E.02763
G1 X116.744 Y105.972 E.03265
G1 X117.184 Y106.226 E.02607
G1 X117.613 Y106.541 E.02731
G1 X118.083 Y106.988 E.03328
G1 X118.39 Y107.383 E.02567
G1 X118.661 Y107.872 E.02869
G1 X118.879 Y108.336 E.0263
G1 X119.05 Y108.91 E.03073
G1 X119.14 Y109.59 E.0352
G1 X119.182 Y110.096 E.02605
G1 X119.187 Y110.395 E.01534
G1 X119.126 Y110.942 E.02824
G1 X118.949 Y111.544 E.0322
G1 X118.739 Y112.059 E.02854
G1 X118.285 Y112.751 E.04247
G1 X117.885 Y113.176 E.02995
G1 X117.465 Y113.524 E.02799
G1 X116.923 Y113.872 E.03305
G1 X116.339 Y114.119 E.03254
G1 X115.649 Y114.338 E.03714
G1 X114.945 Y114.436 E.03647
G1 X114.433 Y114.445 E.02627
G1 X113.902 Y114.4 E.02734
G1 X113.381 Y114.302 E.0272
G1 X112.573 Y114.033 E.0437
G1 X112.121 Y113.72 E.02821
G1 X111.598 Y113.255 E.03591
G1 X111.144 Y112.711 E.03636
G1 X110.789 Y112.216 E.03126
G1 X110.483 Y111.653 E.03288
G1 X110.289 Y111.173 E.02656
G1 X110.148 Y110.693 E.02567
G1 X110.138 Y110.332 E.01853
G1 X110.157 Y109.753 E.02972
G1 X110.24 Y109.177 E.02986
G1 X110.433 Y108.539 E.0342
G1 X110.7 Y107.88 E.03648
G1 X111.188 Y107.119 E.04639
G1 X111.681 Y106.586 E.03725
G1 X112.202 Y106.155 E.03469
G1 X112.738 Y105.842 E.03185
G1 X113.43 Y105.582 E.03793
G1 X113.95 Y105.445 E.02759
G1 X114.506 Y105.397 E.02863
G1 X115.096 Y105.417 E.03029
G1 X115.369 Y105.473 E.0143
G1 X115.593 Y104.905 F9000
;TYPE:External perimeter
;WIDTH:0.629999
G1 F900
G1 X115.816 Y104.951 E.01112
G1 X116.382 Y105.147 E.02924
G1 X116.85 Y105.348 E.02486
G1 X117.315 Y105.592 E.02563
G1 X117.768 Y105.889 E.02644
G1 X118.186 Y106.232 E.0264
G1 X118.537 Y106.591 E.02451
G1 X118.894 Y107.05 E.02839
G1 X119.342 Y107.859 E.04514
G1 X119.51 Y108.303 E.02317
G1 X119.642 Y108.792 E.02473
G1 X119.745 Y109.567 E.03816
G1 X119.784 Y110.084 E.02531
G1 X119.79 Y110.423 E.01655
G1 X119.719 Y111.061 E.03134
G1 X119.526 Y111.714 E.03324
G1 X119.266 Y112.353 E.03368
G1 X118.765 Y113.118 E.04464
G1 X118.439 Y113.484 E.02393
G1 X118.065 Y113.828 E.02481
G1 X117.648 Y114.139 E.02539
G1 X117.197 Y114.41 E.02568
G1 X116.299 Y114.79 E.0476
G1 X115.768 Y114.93 E.02681
G1 X114.992 Y115.038 E.03825
G1 X114.413 Y115.048 E.02827
G1 X113.82 Y114.998 E.02905
G1 X113.229 Y114.886 E.02936
G1 X112.301 Y114.577 E.04775
G1 X111.748 Y114.194 E.03284
G1 X111.164 Y113.675 E.03814
G1 X110.476 Y112.849 E.05248
G1 X110.169 Y112.361 E.02814
G1 X109.935 Y111.903 E.02511
G1 X109.72 Y111.371 E.02801
G1 X109.549 Y110.787 E.02971
G1 X109.534 Y110.264 E.02554
G1 X109.557 Y109.704 E.02736
G1 X109.653 Y109.039 E.0328
G1 X109.937 Y108.101 E.04784
G1 X110.171 Y107.59 E.02744
G1 X110.536 Y107.021 E.033
G1 X110.908 Y106.521 E.03042
G1 X111.266 Y106.149 E.0252
G1 X111.673 Y105.803 E.02608
G1 X112.12 Y105.497 E.02644
G1 X112.733 Y105.174 E.03382
G1 X113.246 Y105.009 E.02631
G1 X113.849 Y104.851 E.03043
G1 X114.478 Y104.796 E.03082
G1 X115.178 Y104.819 E.03419
G1 X115.505 Y104.887 E.0163
G1 X114.687 Y105.931 F9000
;TYPE:Solid infill
;WIDTH:0.8301
G1 F900
G1 X114.521 Y105.958 E.01101
;WIDTH:0.868083
G1 X114.356 Y105.984 E.01146
;WIDTH:0.906066
G1 X114.19 Y106.011 E.01207
;WIDTH:0.950604
G1 X114.017 Y106.063 E.01363
G1 X113.967 Y106.11 E.00518
;WIDTH:0.905133
G1 X113.916 Y106.158 E.00502
;WIDTH:0.859661
G1 X113.866 Y106.206 E.00471
;WIDTH:0.814189
G1 X113.815 Y106.253 E.00445
;WIDTH:0.768717
G1 X113.764 Y106.301 E.00423
;WIDTH:0.723246
G1 X113.714 Y106.348 E.00388
;WIDTH:0.677774
G1 X113.663 Y106.396 E.0037
;WIDTH:0.632302
G1 X113.613 Y106.443 E.00336
;WIDTH:0.58683
G1 X113.562 Y106.491 E.00317
;WIDTH:0.590543
G1 X113.08 Y106.774 E.02545
;WIDTH:0.623518
G1 X112.512 Y107.229 E.03513
G1 X112.021 Y107.738 E.03414
;WIDTH:0.622987
G1 X111.626 Y108.349 E.03509
G1 X111.343 Y109.051 E.03651
;WIDTH:0.61728
G1 X111.241 Y109.456 E.01995
;WIDTH:0.626238
G1 X111.172 Y110.128 E.03277
G1 X111.183 Y110.542 E.02009
;WIDTH:0.624965
G1 X111.238 Y110.869 E.01605
;WIDTH:0.588966
G1 X111.294 Y111.197 E.01511
;WIDTH:0.560474
G1 X111.522 Y111.593 E.01966
;WIDTH:0.599967
G1 X111.803 Y111.888 E.01887
;WIDTH:0.639459
G1 X112.084 Y112.183 E.02021
;WIDTH:0.669359
G1 X112.225 Y112.293 E.00932
;WIDTH:0.699258
G1 X112.365 Y112.403 E.00972
;WIDTH:0.741224
G1 X112.786 Y112.692 E.02965
;WIDTH:0.767061
G1 X112.953 Y112.773 E.01118
;WIDTH:0.792898
G1 X113.12 Y112.854 E.01157
G1 X113.68 Y113.044 E.03688
;WIDTH:0.792745
G1 X114.199 Y113.134 E.03284
;WIDTH:0.794079
G1 X114.878 Y113.144 E.04241
;WIDTH:0.796285
G1 X115.399 Y113.065 E.03301
G1 X116.001 Y112.927 E.03869
;WIDTH:0.752673
G1 X116.499 Y112.745 E.03129
;WIDTH:0.716864
G1 X117.009 Y112.485 E.03208
;WIDTH:0.668196
G1 X117.728 Y112.001 E.04506
;WIDTH:0.71068
G1 X117.849 Y111.91 E.00841
;WIDTH:0.753163
G1 X117.97 Y111.819 E.00894
;WIDTH:0.795646
G1 X118.091 Y111.728 E.00948
;WIDTH:0.838129
G1 X118.212 Y111.637 E.01001
;WIDTH:0.880612
G1 X118.333 Y111.545 E.01059
G1 X118.297 Y111.673 E.00926
;WIDTH:0.83602
G1 X118.262 Y111.8 E.00869
;WIDTH:0.791428
G1 X118.187 Y111.952 E.01055
;WIDTH:0.750351
G1 X118.112 Y112.104 E.00997
;WIDTH:0.709274
G1 X118.037 Y112.255 E.00934
;WIDTH:0.668196
G1 X117.892 Y112.468 E.0134
;WIDTH:0.672635
G1 X117.269 Y113.06 E.045
;WIDTH:0.703059
G1 X116.961 Y113.246 E.01975
;WIDTH:0.733483
G1 X116.652 Y113.431 E.02068
;WIDTH:0.759542
G1 X116.163 Y113.623 E.0313
;WIDTH:0.796285
G1 X115.52 Y113.808 E.04191
G1 X114.972 Y113.887 E.03468
;WIDTH:0.800232
G1 X114.47 Y113.899 E.03162
G1 X113.957 Y113.859 E.0324
;WIDTH:0.793427
G1 X113.317 Y113.714 E.04095
;WIDTH:0.792898
G1 X112.818 Y113.544 E.03287
G1 X112.595 Y113.398 E.01662
;WIDTH:0.767341
G1 X112.373 Y113.253 E.01597
;WIDTH:0.741784
G1 X111.972 Y112.926 E.03007
;WIDTH:0.699258
G1 X111.822 Y112.771 E.01177
;WIDTH:0.670635
G1 X111.673 Y112.616 E.01122
;WIDTH:0.642012
G1 X111.335 Y112.234 E.02541
;WIDTH:0.61368
G1 X111.195 Y112.02 E.01214
;WIDTH:0.581855
G1 X111.054 Y111.807 E.01145
;WIDTH:0.552967
G1 X110.804 Y111.321 E.02318
;WIDTH:0.588966
G1 X110.703 Y110.952 E.01737
;WIDTH:0.624965
G1 X110.603 Y110.583 E.0185
;WIDTH:0.626238
G1 X110.592 Y110.064 E.02518
G1 X110.67 Y109.394 E.03272
;WIDTH:0.61728
G1 X110.782 Y108.943 E.02219
;WIDTH:0.630336
G1 X110.941 Y108.459 E.02488
G1 X111.179 Y107.974 E.02639
;WIDTH:0.617075
G1 X111.663 Y107.274 E.04063
;WIDTH:0.623518
G1 X112.16 Y106.769 E.03421
G1 X112.747 Y106.34 E.0351
;WIDTH:0.590543
G1 X113.104 Y106.142 E.01859
;WIDTH:0.573462
G1 X113.429 Y106.036 E.01508
;WIDTH:0.618349
G1 X113.499 Y106.039 E.00335
;WIDTH:0.663236
G1 X113.569 Y106.042 E.00361
;WIDTH:0.708123
G1 X113.639 Y106.045 E.00388
;WIDTH:0.75301
G1 X113.709 Y106.049 E.00414
G1 E-1.4 F3600
;WIPE_START
G1 F7200
G1 X113.639 Y106.045 E-.0333
G1 X113.569 Y106.042 E-.03328
G1 X113.499 Y106.039 E-.03328
G1 X113.429 Y106.036 E-.03328
G1 X113.104 Y106.142 E-.16238
G1 X112.747 Y106.34 E-.19391
G1 X112.559 Y106.477 E-.11057
;WIPE_END
G1 Z22.5 F9000
G1 X118.649 Y110.847
G1 Z20.5
G1 E2 F2400
;WIDTH:0.727405
G1 F900
G1 X118.574 Y111.015 E.01047
;WIDTH:0.776808
G1 X118.499 Y111.183 E.01123
;WIDTH:0.826211
G1 X118.424 Y111.35 E.01192
;WIDTH:0.875614
G1 X118.348 Y111.518 E.01277
;WIDTH:0.880612
G1 X118.333 Y111.545 E.00215
G1 X116.44 Y112.065 F9000
;TYPE:Internal infill
;WIDTH:0.66
G1 F900
G1 X115.36 Y112.394 E.05793
G1 X114.899 Y112.462 E.02391
G1 X114.224 Y112.452 E.03464
G1 X113.44 Y112.264 E.04137
G1 X112.881 Y111.993 E.03188
G1 X117.649 Y107.224 E.34602
G1 X117.993 Y107.645 E.0279
G1 X118.362 Y108.313 E.03916
G1 X118.583 Y109.003 E.03718
G1 X118.703 Y109.925 E.04771
G1 X118.434 Y109.848 E.01436
G1 X118.023 Y110.707 E.04886
G1 X117.546 Y111.311 E.03949
G1 X113.456 Y107.221 E.29679
G1 X112.727 Y107.83 E.04874
G1 X112.178 Y108.58 E.04769
G1 X111.833 Y109.526 E.05167
G1 X111.759 Y110.334 E.04163
;LAYER_CHANGE
;Z:20.7
;HEIGHT:0.200001
;BEFORE_LAYER_CHANGE
G92 E0
;20.7


G1 E-1.4 F3600
;WIPE_START
G1 F7200
G1 X111.833 Y109.526 E-.38541
G1 X111.988 Y109.102 E-.21459
;WIPE_END
G1 Z20.7 F9000
;AFTER_LAYER_CHANGE
;20.7
G1 Z22.7
G1 X110.175 Y110.772
G1 Z20.7
G1 E2 F2400
;TYPE:Perimeter
;WIDTH:0.659999
G1 F900
G1 X110.08 Y110.387 E.02035
G1 X109.989 Y109.747 E.03317
G1 X109.984 Y109.227 E.02668
G1 X110.008 Y108.708 E.02666
G1 X110.168 Y108.228 E.02596
G1 X110.386 Y107.771 E.02598
G1 X110.657 Y107.287 E.02846
G1 X110.969 Y106.854 E.02738
G1 X111.442 Y106.334 E.03607
G1 X111.942 Y105.944 E.03254
G1 X112.564 Y105.543 E.03797
G1 X113.207 Y105.279 E.03567
G1 X113.711 Y105.142 E.0268
G1 X114.297 Y105.056 E.03039
G1 X114.945 Y105.073 E.03326
G1 X115.494 Y105.141 E.02838
G1 X116.274 Y105.399 E.04215
G1 X116.925 Y105.77 E.03845
G1 X117.208 Y105.999 E.01868
G1 X117.593 Y106.345 E.02656
G1 X118.048 Y106.834 E.03427
G1 X118.409 Y107.357 E.03261
G1 X118.701 Y107.927 E.03286
G1 X118.938 Y108.709 E.04193
G1 X118.996 Y109.161 E.02338
G1 X119.015 Y109.508 E.01783
G1 X118.957 Y110.14 E.03256
G1 X118.836 Y110.821 E.03549
G1 X118.609 Y111.523 E.03786
G1 X118.27 Y112.187 E.03825
G1 X117.77 Y112.817 E.04127
G1 X117.289 Y113.231 E.03256
G1 X116.798 Y113.551 E.03007
G1 X116.018 Y113.888 E.0436
G1 X115.416 Y114.031 E.03175
G1 X114.872 Y114.093 E.02809
G1 X114.365 Y114.094 E.02601
G1 X113.673 Y114.015 E.03574
G1 X113.063 Y113.837 E.0326
G1 X112.508 Y113.632 E.03036
G1 X112.004 Y113.364 E.02929
G1 X111.498 Y113.02 E.03139
G1 X111.114 Y112.696 E.02578
G1 X110.867 Y112.35 E.02181
G1 X110.605 Y111.875 E.02783
G1 X110.364 Y111.357 E.02931
G1 X110.202 Y110.881 E.0258
G1 X110.196 Y110.86 E.00112
G1 X109.616 Y111.02 F9000
;TYPE:External perimeter
;WIDTH:0.629999
G1 F900
G1 X109.611 Y111.006 E.00073
G1 X109.449 Y110.309 E.03493
G1 X109.388 Y109.785 E.02575
G1 X109.381 Y109.085 E.03417
G1 X109.414 Y108.584 E.02451
G1 X109.609 Y108.002 E.02996
G1 X109.963 Y107.258 E.04022
G1 X110.281 Y106.755 E.02905
G1 X110.643 Y106.294 E.02861
G1 X111.038 Y105.885 E.02776
G1 X111.572 Y105.469 E.03304
G1 X112.091 Y105.12 E.03053
G1 X112.555 Y104.887 E.02535
G1 X113.054 Y104.696 E.02608
G1 X113.58 Y104.555 E.02658
G1 X114.269 Y104.453 E.034
G1 X114.961 Y104.471 E.03379
G1 X115.64 Y104.555 E.0334
G1 X116.521 Y104.846 E.04529
G1 X117.265 Y105.271 E.04183
G1 X117.586 Y105.53 E.02013
G1 X118.008 Y105.909 E.02769
G1 X118.364 Y106.283 E.02521
G1 X118.681 Y106.679 E.02476
G1 X119.038 Y107.232 E.03213
G1 X119.264 Y107.71 E.02581
G1 X119.526 Y108.574 E.04407
G1 X119.597 Y109.127 E.02722
G1 X119.619 Y109.519 E.01917
G1 X119.556 Y110.196 E.03319
G1 X119.417 Y110.98 E.03887
G1 X119.167 Y111.755 E.03975
G1 X118.779 Y112.514 E.04161
G1 X118.213 Y113.226 E.0444
G1 X117.653 Y113.71 E.03613
G1 X117.076 Y114.087 E.03365
G1 X116.216 Y114.458 E.04572
G1 X115.721 Y114.591 E.02502
G1 X115.197 Y114.676 E.02591
G1 X114.655 Y114.709 E.02651
G1 X114.101 Y114.686 E.02707
G1 X113.545 Y114.605 E.02743
G1 X112.894 Y114.415 E.0331
G1 X112.26 Y114.181 E.03299
G1 X111.702 Y113.885 E.03083
G1 X111.129 Y113.495 E.03384
G1 X110.663 Y113.102 E.02976
G1 X110.356 Y112.671 E.02583
G1 X110.078 Y112.165 E.02818
G1 X109.806 Y111.583 E.03136
G1 X109.645 Y111.106 E.02458
G1 X110.406 Y109.57 F9000
;TYPE:Solid infill
;WIDTH:0.579434
G1 F900
G1 X110.425 Y109.235 E.01497
;WIDTH:0.611836
G1 X110.443 Y108.9 E.01587
;WIDTH:0.628675
G1 X110.603 Y108.384 E.02631
G1 X110.835 Y107.881 E.02698
;WIDTH:0.62157
G1 X111.138 Y107.379 E.02821
;WIDTH:0.631052
G1 X111.456 Y106.983 E.02484
G1 X111.86 Y106.583 E.0278
;WIDTH:0.617165
G1 X112.551 Y106.082 E.04075
;WIDTH:0.624936
G1 X113.193 Y105.769 E.03457
G1 X113.981 Y105.541 E.0397
;WIDTH:0.59339
G1 X114.533 Y105.487 E.02539
;WIDTH:0.60578
G1 X114.58 Y105.512 E.00249
;WIDTH:0.653476
G1 X114.627 Y105.537 E.0027
;WIDTH:0.701173
G1 X114.673 Y105.562 E.00287
;WIDTH:0.74887
G1 X114.72 Y105.587 E.00312
;WIDTH:0.796566
G1 X114.767 Y105.612 E.00334
;WIDTH:0.844263
G1 X114.814 Y105.637 E.00355
;WIDTH:0.891959
G1 X114.86 Y105.662 E.0037
;WIDTH:0.939656
G1 X114.907 Y105.687 E.00397
;WIDTH:0.987352
G1 X114.954 Y105.712 E.00418
G1 X114.914 Y105.744 E.00402
;WIDTH:0.939656
G1 X114.875 Y105.776 E.00376
;WIDTH:0.891959
G1 X114.835 Y105.807 E.00357
;WIDTH:0.844263
G1 X114.795 Y105.839 E.00341
;WIDTH:0.796566
G1 X114.756 Y105.871 E.00316
;WIDTH:0.74887
G1 X114.716 Y105.902 E.00297
;WIDTH:0.701173
G1 X114.677 Y105.934 E.00276
;WIDTH:0.653476
G1 X114.637 Y105.966 E.0026
;WIDTH:0.60578
G1 X114.597 Y105.998 E.0024
;WIDTH:0.594283
G1 X114.062 Y106.084 E.02484
;WIDTH:0.624936
G1 X113.371 Y106.322 E.03537
G1 X112.736 Y106.638 E.03433
;WIDTH:0.622918
G1 X112.159 Y107.084 E.03517
G1 X111.628 Y107.686 E.03871
;WIDTH:0.62157
G1 X111.338 Y108.156 E.02657
;WIDTH:0.628675
G1 X111.139 Y108.62 E.02459
G1 X110.988 Y109.08 E.02358
;WIDTH:0.606156
G1 X110.946 Y109.35 E.0128
;WIDTH:0.576594
G1 X110.905 Y109.62 E.01212
;WIDTH:0.547031
G1 X110.917 Y109.759 E.00585
;WIDTH:0.577593
G1 X111.016 Y110.072 E.01459
;WIDTH:0.610392
G1 X111.116 Y110.385 E.0155
;WIDTH:0.657395
G1 X111.282 Y110.739 E.01998
;WIDTH:0.683994
G1 X111.441 Y111.007 E.01661
;WIDTH:0.710592
G1 X111.6 Y111.276 E.01735
;WIDTH:0.754737
G1 X111.823 Y111.53 E.02001
;WIDTH:0.798882
G1 X112.045 Y111.784 E.0212
G1 X112.531 Y112.176 E.03925
;WIDTH:0.793642
G1 X113.215 Y112.535 E.04822
G1 X113.883 Y112.741 E.04364
;WIDTH:0.78656
G1 X114.282 Y112.809 E.02503
;WIDTH:0.78616
G1 X115.046 Y112.854 E.0473
;WIDTH:0.748406
G1 X115.383 Y112.827 E.01983
;WIDTH:0.716252
G1 X115.719 Y112.799 E.01888
;WIDTH:0.684097
G1 X115.986 Y112.741 E.01457
;WIDTH:0.648949
G1 X116.252 Y112.683 E.01372
;WIDTH:0.623147
G1 X116.665 Y112.542 E.02105
;WIDTH:0.672693
G1 X116.759 Y112.531 E.00496
;WIDTH:0.722238
G1 X116.854 Y112.521 E.0054
;WIDTH:0.771784
G1 X116.948 Y112.511 E.00573
;WIDTH:0.821329
G1 X117.042 Y112.5 E.00613
;WIDTH:0.870875
G1 X117.137 Y112.49 E.00658
;WIDTH:0.92042
G1 X117.231 Y112.479 E.00691
G1 X117.176 Y112.558 E.00702
;WIDTH:0.870875
G1 X117.121 Y112.636 E.00657
;WIDTH:0.821329
G1 X117.067 Y112.715 E.00619
;WIDTH:0.771784
G1 X117.012 Y112.793 E.00578
;WIDTH:0.722238
G1 X116.957 Y112.871 E.00539
;WIDTH:0.672693
G1 X116.902 Y112.95 E.00504
;WIDTH:0.623147
G1 X116.609 Y113.143 E.01693
;WIDTH:0.613801
G1 X116.408 Y113.227 E.01034
;WIDTH:0.652129
G1 X116.017 Y113.349 E.02075
;WIDTH:0.690456
G1 X115.627 Y113.471 E.022
;WIDTH:0.719431
G1 X115.332 Y113.515 E.01678
;WIDTH:0.748406
G1 X115.038 Y113.559 E.01744
;WIDTH:0.78616
G1 X114.17 Y113.543 E.05365
;WIDTH:0.78656
G1 X113.668 Y113.453 E.03154
;WIDTH:0.793642
G1 X112.998 Y113.254 E.04363
;WIDTH:0.800064
G1 X112.549 Y113.05 E.03105
G1 X112.011 Y112.724 E.0396
;WIDTH:0.798882
G1 X111.554 Y112.358 E.0368
G1 X111.261 Y111.983 E.02991
;WIDTH:0.753182
G1 X111.103 Y111.725 E.01787
;WIDTH:0.726191
G1 X110.946 Y111.467 E.01716
;WIDTH:0.6992
G1 X110.733 Y111.007 E.02766
;WIDTH:0.657395
G1 X110.569 Y110.529 E.02582
;WIDTH:0.610392
G1 X110.502 Y110.207 E.01552
;WIDTH:0.577593
G1 X110.434 Y109.886 E.01459
;WIDTH:0.544851
G1 X110.433 Y109.878 E.00034
G1 E-1.4 F3600
;WIPE_START
G1 F7200
G1 X110.434 Y109.886 E-.00383
G1 X110.502 Y110.207 E-.15586
G1 X110.569 Y110.529 E-.15623
G1 X110.733 Y111.007 E-.24004
G1 X110.772 Y111.091 E-.04404
;WIPE_END
G1 Z22.7 F9000
G1 X114.954 Y105.712
G1 Z20.7
G1 E2 F2400
;WIDTH:0.987352
G1 F900
G1 X115.15 Y105.724 E.01542
;WIDTH:0.959692
G1 X115.346 Y105.735 E.01496
;WIDTH:0.932032
G1 X115.476 Y105.758 E.00976
;WIDTH:0.893242
G1 X115.606 Y105.781 E.00933
;WIDTH:0.854452
G1 X115.736 Y105.803 E.0089
;WIDTH:0.815662
G1 X115.866 Y105.826 E.00848
;WIDTH:0.776872
G1 X116.061 Y105.878 E.01232
G1 E-1.4 F3600
;WIPE_START
G1 F7200
G1 X115.866 Y105.826 E-.09586
G1 X115.736 Y105.803 E-.06271
G1 X115.606 Y105.781 E-.06263
G1 X115.476 Y105.758 E-.06271
G1 X115.346 Y105.735 E-.06271
G1 X115.15 Y105.724 E-.09325
G1 X114.954 Y105.712 E-.09327
;WIPE_END
G1 E-.06686 F3600
G1 Z22.7 F9000
G1 X117.847 Y111.914
G1 Z20.7
G1 E2 F2400
;WIDTH:0.759084
G1 F900
G1 X117.719 Y112.036 E.01053
;WIDTH:0.80743
G1 X117.592 Y112.158 E.01119
;WIDTH:0.855776
G1 X117.464 Y112.28 E.01195
;WIDTH:0.904122
G1 X117.337 Y112.402 E.01261
;WIDTH:0.92042
G1 X117.231 Y112.479 E.00956
G1 E-1.4 F3600
;WIPE_START
G1 F7200
G1 X117.337 Y112.402 E-.06223
G1 X117.464 Y112.28 E-.08365
G1 X117.592 Y112.158 E-.08399
G1 X117.719 Y112.036 E-.08365
G1 X117.847 Y111.914 E-.08399
;WIPE_END
G1 E-.20249 F3600
G1 Z22.7 F9000
G1 X118.384 Y110.668
G1 Z20.7
G1 E2 F2400
;TYPE:Internal infill
;WIDTH:0.66
G1 F900
G1 X118.539 Y109.499 E.06051
G1 X118.474 Y108.816 E.0352
G1 X118.256 Y108.099 E.03845
G1 X117.705 Y107.169 E.05547
G1 X113.143 Y111.731 E.33104
G1 X113.423 Y111.884 E.01637
G1 X114.057 Y112.084 E.03411
G1 X114.654 Y112.18 E.03103
G1 X115.443 Y112.206 E.04051
G1 X116.14 Y112.1 E.03617
G1 X116.861 Y111.832 E.03947
G1 X117.315 Y111.538 E.02775
G1 X117.546 Y111.311 E.01662
G1 X113.257 Y107.022 E.31123
G1 X112.601 Y107.487 E.04126
G1 X112.128 Y108.015 E.03637
G1 X111.856 Y108.449 E.02628
G1 X111.578 Y109.135 E.03798
G1 X111.484 Y109.525 E.02058
G1 X111.464 Y109.667 E.00736
G1 X111.609 Y110.03 E.02006
;LAYER_CHANGE
;Z:20.9
;HEIGHT:0.199999
;BEFORE_LAYER_CHANGE
G92 E0
;20.9


G1 E-1.4 F3600
;WIPE_START
G1 F7200
G1 X111.464 Y109.667 E-.18567
G1 X111.484 Y109.525 E-.06812
G1 X111.578 Y109.135 E-.19055
G1 X111.701 Y108.831 E-.15566
;WIPE_END
G1 Z20.9 F9000
;AFTER_LAYER_CHANGE
;20.9
G1 Z22.9
G1 X110.078 Y110.312
G1 Z20.9
G1 E2 F2400
;TYPE:Perimeter
;WIDTH:0.659999
G1 F900
G1 X110.028 Y110.085 E.01193
G1 X109.977 Y109.129 E.04912
G1 X110.057 Y108.383 E.0385
G1 X110.177 Y107.838 E.02863
G1 X110.344 Y107.333 E.02729
G1 X110.622 Y106.741 E.03356
G1 X111.21 Y106.086 E.04516
G1 X111.94 Y105.51 E.04771
G1 X112.38 Y105.253 E.02615
G1 X112.848 Y105.04 E.02638
G1 X113.324 Y104.88 E.02577
G1 X114.031 Y104.744 E.03694
G1 X114.597 Y104.711 E.02909
G1 X115.111 Y104.732 E.0264
G1 X115.797 Y104.869 E.03589
G1 X116.379 Y105.07 E.03159
G1 X116.925 Y105.377 E.03214
G1 X117.407 Y105.715 E.03021
G1 X117.933 Y106.269 E.0392
G1 X118.117 Y106.544 E.01698
G1 X118.41 Y107.055 E.03022
G1 X118.629 Y107.526 E.02665
G1 X118.798 Y108.001 E.02587
G1 X118.947 Y108.636 E.03347
G1 X118.976 Y109.304 E.03431
G1 X118.962 Y109.593 E.01485
G1 X118.899 Y110.105 E.02647
G1 X118.74 Y110.683 E.03076
G1 X118.508 Y111.177 E.028
G1 X118.129 Y111.837 E.03905
G1 X117.695 Y112.394 E.03623
G1 X117.153 Y112.909 E.03836
G1 X116.475 Y113.336 E.04111
G1 X115.888 Y113.566 E.03235
G1 X115.321 Y113.705 E.02995
G1 X114.475 Y113.763 E.04351
G1 X113.863 Y113.698 E.03158
G1 X113.331 Y113.577 E.02799
G1 X112.854 Y113.41 E.02593
G1 X112.231 Y113.107 E.03555
G1 X111.701 Y112.727 E.03346
G1 X111.283 Y112.381 E.02784
G1 X110.943 Y112.012 E.02575
G1 X110.538 Y111.483 E.03418
G1 X110.218 Y110.939 E.03238
G1 X110.098 Y110.4 E.02833
G1 X109.505 Y110.509 F9000
;TYPE:External perimeter
;WIDTH:0.629999
G1 F900
G1 X109.429 Y110.167 E.0171
G1 X109.391 Y109.458 E.03466
G1 X109.404 Y108.74 E.03506
G1 X109.486 Y108.152 E.02898
G1 X109.642 Y107.503 E.03258
G1 X109.844 Y106.945 E.02897
G1 X110.121 Y106.399 E.02989
G1 X110.796 Y105.645 E.0494
G1 X111.601 Y105.012 E.04999
G1 X112.103 Y104.718 E.0284
G1 X112.627 Y104.48 E.02809
G1 X113.161 Y104.3 E.02751
G1 X113.698 Y104.178 E.02688
G1 X114.232 Y104.113 E.02626
G1 X114.933 Y104.118 E.03422
G1 X115.461 Y104.179 E.02595
G1 X116.152 Y104.34 E.03464
G1 X116.634 Y104.523 E.02517
G1 X117.22 Y104.852 E.03281
G1 X117.813 Y105.268 E.03536
G1 X118.405 Y105.892 E.04199
G1 X118.755 Y106.414 E.03068
G1 X119.061 Y107.001 E.03231
G1 X119.274 Y107.508 E.02685
G1 X119.445 Y108.052 E.02784
G1 X119.563 Y108.753 E.0347
G1 X119.577 Y109.333 E.02832
G1 X119.563 Y109.622 E.01412
G1 X119.49 Y110.222 E.02951
G1 X119.303 Y110.9 E.03433
G1 X118.916 Y111.725 E.04448
G1 X118.621 Y112.185 E.02668
G1 X118.142 Y112.8 E.03805
G1 X117.524 Y113.387 E.04161
G1 X116.758 Y113.87 E.04421
G1 X116.072 Y114.139 E.03597
G1 X115.405 Y114.303 E.03353
G1 X114.473 Y114.367 E.0456
G1 X113.964 Y114.328 E.02492
G1 X113.443 Y114.235 E.02584
G1 X112.923 Y114.086 E.02641
G1 X112.41 Y113.881 E.02697
G1 X111.914 Y113.621 E.02734
G1 X111.095 Y113.034 E.04919
G1 X110.673 Y112.631 E.02848
G1 X110.352 Y112.241 E.02466
G1 X110.03 Y111.806 E.02642
G1 X109.648 Y111.148 E.03714
G1 X109.525 Y110.597 E.02756
G1 E-1.4 F3600
;WIPE_START
G1 F7200
G1 X109.505 Y110.509 E-.04287
G1 X109.429 Y110.167 E-.16641
G1 X109.391 Y109.458 E-.33726
G1 X109.393 Y109.345 E-.05346
;WIPE_END
G1 Z22.9 F9000
G1 X111.607 Y108.449
G1 Z20.9
G1 E2 F2400
;TYPE:Internal infill
;WIDTH:0.66
G1 F900
G1 X111.691 Y109.266 E.04214
G1 X111.918 Y109.927 E.03586
G1 X112.299 Y110.569 E.03831
G1 X112.585 Y110.902 E.02252
G1 X113.38 Y111.494 E.05086
G1 X117.573 Y107.301 E.30426
G1 X116.84 Y106.795 E.0457
G1 X116.149 Y106.51 E.03835
G1 X115.684 Y106.402 E.02449
G1 X114.449 Y106.339 E.06345
G1 X113.8 Y106.442 E.03372
G1 X113.005 Y106.77 E.04413
G1 X117.763 Y111.528 E.34526
G1 X118.296 Y110.511 E.05891
G1 X118.477 Y109.792 E.03804
G1 X118.476 Y108.705 E.05577
G1 X118.302 Y108.008 E.03686
G1 E-1.4 F3600
;WIPE_START
G1 F7200
G1 X118.476 Y108.705 E-.34124
G1 X118.476 Y109.25 E-.25876
;WIPE_END
G1 Z22.9 F9000
G1 X114.334 Y105.171
G1 Z20.9
G1 E2 F2400
;TYPE:Solid infill
;WIDTH:0.621069
G1 F900
G1 X114.871 Y105.175 E.02582
;WIDTH:0.619222
G1 X115.487 Y105.244 E.0297
;WIDTH:0.590441
G1 X115.992 Y105.384 E.02386
;WIDTH:0.595041
G1 X116.053 Y105.439 E.00377
;WIDTH:0.643872
G1 X116.114 Y105.495 E.00414
;WIDTH:0.692702
G1 X116.174 Y105.551 E.00443
;WIDTH:0.741532
G1 X116.235 Y105.607 E.00481
;WIDTH:0.790362
G1 X116.295 Y105.662 E.00506
;WIDTH:0.839192
G1 X116.356 Y105.718 E.00548
;WIDTH:0.888022
G1 X116.417 Y105.774 E.00582
;WIDTH:0.936852
G1 X116.477 Y105.829 E.00605
G1 X116.429 Y105.826 E.00357
;WIDTH:0.907104
G1 X116.38 Y105.822 E.00353
;WIDTH:0.877355
G1 X116.305 Y105.829 E.00523
;WIDTH:0.830049
G1 X116.231 Y105.835 E.00486
;WIDTH:0.782743
G1 X116.156 Y105.842 E.00463
;WIDTH:0.735436
G1 X116.082 Y105.848 E.00428
;WIDTH:0.68813
G1 X116.007 Y105.855 E.00404
;WIDTH:0.640824
G1 X115.933 Y105.862 E.0037
;WIDTH:0.593518
G1 X115.858 Y105.868 E.00344
;WIDTH:0.592256
G1 X115.303 Y105.768 E.02576
;WIDTH:0.620975
G1 X114.369 Y105.746 E.04491
G1 X113.62 Y105.873 E.03651
;WIDTH:0.627027
G1 X112.854 Y106.184 E.04015
G1 X112.406 Y106.445 E.02518
;WIDTH:0.624425
G1 X111.911 Y106.855 E.03108
G1 X111.473 Y107.329 E.03121
;WIDTH:0.616004
G1 X111.284 Y107.65 E.01775
;WIDTH:0.583775
G1 X111.095 Y107.97 E.01671
;WIDTH:0.551545
G1 X111.058 Y108.111 E.00617
;WIDTH:0.57797
G1 X111.052 Y108.431 E.01424
;WIDTH:0.61145
G1 X111.046 Y108.751 E.01513
;WIDTH:0.64493
G1 X111.04 Y109.07 E.01597
;WIDTH:0.677948
G1 X111.109 Y109.434 E.01956
;WIDTH:0.710965
G1 X111.177 Y109.797 E.02051
;WIDTH:0.75568
G1 X111.316 Y110.207 E.02566
;WIDTH:0.801621
G1 X111.472 Y110.521 E.02212
G1 X111.733 Y110.95 E.03168
;WIDTH:0.792694
G1 X112.072 Y111.351 E.03274
;WIDTH:0.798699
G1 X112.31 Y111.565 E.02011
G1 X112.902 Y112.004 E.04632
;WIDTH:0.791087
G1 X113.357 Y112.255 E.03233
;WIDTH:0.763982
G1 X113.89 Y112.483 E.03476
;WIDTH:0.733533
G1 X114.225 Y112.566 E.01982
;WIDTH:0.705696
G1 X114.561 Y112.648 E.01906
;WIDTH:0.677859
G1 X114.893 Y112.68 E.01761
;WIDTH:0.637522
G1 X115.226 Y112.712 E.01654
;WIDTH:0.597184
G1 X115.875 Y112.719 E.02991
G1 X116.494 Y112.602 E.02903
G1 X117.079 Y112.367 E.02906
G1 X116.875 Y112.56 E.01294
G1 X116.259 Y112.944 E.03345
G1 X115.585 Y113.195 E.03315
;WIDTH:0.607326
G1 X115.031 Y113.275 E.02627
;WIDTH:0.642593
G1 X114.774 Y113.275 E.01281
;WIDTH:0.677859
G1 X114.516 Y113.275 E.01362
;WIDTH:0.696119
G1 X114.079 Y113.215 E.02396
;WIDTH:0.735644
G1 X113.577 Y113.105 E.0296
;WIDTH:0.782228
G1 X112.853 Y112.828 E.04765
G1 X112.286 Y112.488 E.04064
;WIDTH:0.798699
G1 X111.85 Y112.164 E.03414
G1 X111.498 Y111.834 E.03032
;WIDTH:0.794613
G1 X111.082 Y111.327 E.04099
;WIDTH:0.801621
G1 X110.81 Y110.891 E.03242
G1 X110.638 Y110.419 E.03169
;WIDTH:0.75568
G1 X110.519 Y109.891 E.03208
;WIDTH:0.710965
G1 X110.482 Y109.513 E.0211
;WIDTH:0.677948
G1 X110.445 Y109.135 E.02005
;WIDTH:0.64493
G1 X110.471 Y108.629 E.02536
;WIDTH:0.609932
G1 X110.527 Y108.29 E.0162
;WIDTH:0.573999
G1 X110.583 Y107.95 E.01522
;WIDTH:0.567837
G1 X110.694 Y107.656 E.01372
;WIDTH:0.597607
G1 X110.806 Y107.361 E.01455
;WIDTH:0.614166
G1 X111.069 Y106.92 E.02439
;WIDTH:0.624425
G1 X111.544 Y106.405 E.03388
G1 X112.136 Y105.934 E.03658
;WIDTH:0.627027
G1 X112.566 Y105.676 E.02436
G1 X112.936 Y105.516 E.01958
;WIDTH:0.616611
G1 X113.573 Y105.296 E.03215
;WIDTH:0.619285
G1 X114.03 Y105.221 E.02219
G1 E-1.4 F3600
;WIPE_START
G1 F7200
G1 X113.573 Y105.296 E-.21998
G1 X112.936 Y105.516 E-.32011
G1 X112.82 Y105.566 E-.05991
;WIPE_END
G1 Z22.9 F9000
G1 X116.477 Y105.829
G1 Z20.9
G1 E2 F2400
;WIDTH:0.936852
G1 F900
G1 X116.766 Y105.969 E.02387
;LAYER_CHANGE
;Z:21.1
;HEIGHT:0.200001
;BEFORE_LAYER_CHANGE
G92 E0
;21.1


G1 E-1.4 F3600
;WIPE_START
G1 F7200
G1 X116.477 Y105.829 E-.15253
;WIPE_END
G1 E-.44747 F3600
G1 Z21.1 F9000
;AFTER_LAYER_CHANGE
;21.1
G1 Z23.1
G1 X118.862 Y107.361
G1 Z21.1
G1 E2 F2400
;TYPE:Perimeter
;WIDTH:0.659999
G1 F900
G1 X118.964 Y107.786 E.02243
G1 X119.037 Y108.297 E.02649
G1 X119.054 Y108.803 E.02598
G1 X119.039 Y109.44 E.03269
G1 X118.949 Y109.893 E.0237
G1 X118.809 Y110.417 E.02783
G1 X118.555 Y110.996 E.03244
G1 X118.169 Y111.571 E.03553
G1 X117.809 Y111.984 E.02811
G1 X117.424 Y112.327 E.02646
G1 X116.539 Y112.915 E.05452
G1 X115.844 Y113.227 E.03909
G1 X115.351 Y113.346 E.02602
G1 X114.702 Y113.419 E.03351
G1 X114.108 Y113.395 E.0305
G1 X113.489 Y113.267 E.03243
G1 X113.014 Y113.107 E.02572
G1 X112.439 Y112.833 E.03268
G1 X111.73 Y112.332 E.04454
G1 X111.168 Y111.764 E.041
G1 X110.653 Y111.027 E.04613
G1 X110.446 Y110.602 E.02426
G1 X110.229 Y110.059 E.03
G1 X110.07 Y109.461 E.03175
G1 X109.988 Y108.939 E.02711
G1 X110.051 Y108.417 E.02698
G1 X110.214 Y107.715 E.03698
G1 X110.391 Y107.217 E.02712
G1 X110.61 Y106.744 E.02674
G1 X110.878 Y106.282 E.02741
G1 X111.343 Y105.691 E.03859
G1 X111.724 Y105.26 E.02952
G1 X112.196 Y104.964 E.02859
G1 X112.69 Y104.736 E.02792
G1 X113.399 Y104.509 E.0382
G1 X113.896 Y104.413 E.02597
G1 X114.682 Y104.367 E.0404
G1 X115.384 Y104.431 E.03617
G1 X116.038 Y104.579 E.03441
G1 X116.521 Y104.759 E.02645
G1 X117.075 Y105.056 E.03225
G1 X117.633 Y105.46 E.03535
G1 X118.187 Y106.041 E.04119
G1 X118.607 Y106.697 E.03997
G1 X118.827 Y107.215 E.02888
G1 X118.841 Y107.274 E.00311
G1 X119.439 Y107.194 F9000
;TYPE:External perimeter
;WIDTH:0.629999
G1 F900
G1 X119.557 Y107.685 E.02465
G1 X119.636 Y108.24 E.02737
G1 X119.656 Y108.817 E.02818
G1 X119.64 Y109.507 E.03369
G1 X119.473 Y110.341 E.04152
G1 X119.205 Y111.032 E.03618
G1 X118.959 Y111.49 E.02538
G1 X118.647 Y111.938 E.02665
G1 X118.231 Y112.414 E.03086
G1 X117.792 Y112.805 E.0287
G1 X116.831 Y113.444 E.05634
G1 X116.266 Y113.698 E.03024
G1 X115.635 Y113.911 E.03251
G1 X114.975 Y114.013 E.0326
G1 X114.262 Y114.009 E.03481
G1 X113.552 Y113.91 E.03499
G1 X113.068 Y113.775 E.02453
G1 X112.59 Y113.588 E.02506
G1 X112.126 Y113.349 E.02548
G1 X111.339 Y112.793 E.04704
G1 X110.704 Y112.151 E.04408
G1 X110.132 Y111.333 E.04873
G1 X109.784 Y110.616 E.03891
G1 X109.589 Y110.05 E.02922
G1 X109.449 Y109.452 E.02998
G1 X109.382 Y108.949 E.02477
G1 X109.431 Y108.45 E.02448
G1 X109.556 Y107.814 E.03164
G1 X109.719 Y107.271 E.02768
G1 X109.953 Y106.698 E.03021
G1 X110.243 Y106.151 E.03022
G1 X110.549 Y105.687 E.02713
G1 X111.413 Y104.727 E.06305
G1 X111.916 Y104.43 E.02852
G1 X112.472 Y104.174 E.02988
G1 X113.249 Y103.924 E.03984
G1 X113.821 Y103.814 E.02843
G1 X114.425 Y103.779 E.02953
G1 X114.933 Y103.777 E.0248
G1 X115.476 Y103.836 E.02666
G1 X115.976 Y103.94 E.02493
G1 X116.531 Y104.12 E.02848
G1 X116.991 Y104.32 E.02449
G1 X117.586 Y104.664 E.03355
G1 X118.037 Y105.011 E.02778
G1 X118.662 Y105.668 E.04427
G1 X119.142 Y106.414 E.0433
G1 X119.396 Y107.014 E.03181
G1 X119.418 Y107.107 E.00467
G1 E-1.4 F3600
;WIPE_START
G1 F7200
G1 X119.439 Y107.194 E-.04251
G1 X119.557 Y107.685 E-.23987
G1 X119.636 Y108.24 E-.26628
G1 X119.64 Y108.348 E-.05134
;WIPE_END
G1 Z23.1 F9000
G1 X114.218 Y106.016
G1 Z21.1
G1 E2 F2400
;TYPE:Internal infill
;WIDTH:0.66
G1 F900
G1 X115.013 Y106.018 E.04079
G1 X115.946 Y106.273 E.04963
G1 X116.702 Y106.633 E.04296
G1 X117.053 Y106.863 E.02153
G1 X117.558 Y107.316 E.03481
G1 X113.519 Y111.354 E.29305
G1 X114.152 Y111.792 E.0395
G1 X114.797 Y112.046 E.03557
G1 X115.438 Y112.15 E.03332
G1 X116.383 Y112.034 E.04885
G1 X116.489 Y112.378 E.01847
G1 X117.133 Y111.949 E.0397
G1 X117.67 Y111.435 E.03814
G1 X112.757 Y106.522 E.35651
G1 X112.228 Y106.9 E.03336
G1 X111.947 Y107.989 E.05771
G1 X111.942 Y108.684 E.03566
G1 X112.088 Y109.412 E.0381
G1 X112.271 Y109.862 E.02493
G1 X110.542 Y108.994 F9000
;TYPE:Solid infill
;WIDTH:0.79357
G1 F900
G1 X110.557 Y108.71 E.01775
;WIDTH:0.766224
G1 X110.642 Y108.052 E.0399
;WIDTH:0.717869
G1 X110.785 Y107.588 E.02725
;WIDTH:0.672445
G1 X110.928 Y107.123 E.02547
;WIDTH:0.62702
G1 X111.099 Y106.786 E.01835
;WIDTH:0.587382
G1 X111.27 Y106.449 E.01711
;WIDTH:0.547743
G1 X111.459 Y106.193 E.01336
;WIDTH:0.581953
G1 X111.742 Y105.902 E.01819
;WIDTH:0.624155
G1 X112.025 Y105.612 E.01958
;WIDTH:0.628349
G1 X112.409 Y105.372 E.02204
G1 X112.873 Y105.158 E.02487
;WIDTH:0.624115
G1 X113.646 Y104.924 E.03903
;WIDTH:0.618082
G1 X114.15 Y104.852 E.02435
;WIDTH:0.630273
G1 X114.699 Y104.831 E.02683
G1 X115.475 Y104.91 E.03809
;WIDTH:0.623705
G1 X115.839 Y105.012 E.01826
;WIDTH:0.608817
G1 X116.443 Y105.229 E.0302
G1 X116.98 Y105.516 E.02865
;WIDTH:0.59029
G1 X117.363 Y105.789 E.02141
;WIDTH:0.594124
G1 X117.468 Y105.928 E.00798
;WIDTH:0.633375
G1 X117.573 Y106.067 E.00855
;WIDTH:0.672626
G1 X117.678 Y106.205 E.00908
;WIDTH:0.711876
G1 X117.783 Y106.344 E.00969
;WIDTH:0.758714
G1 X117.818 Y106.441 E.00614
;WIDTH:0.805551
G1 X117.853 Y106.538 E.00654
;WIDTH:0.852388
G1 X117.889 Y106.635 E.00696
G1 X117.802 Y106.596 E.00642
;WIDTH:0.805551
G1 X117.716 Y106.557 E.00599
;WIDTH:0.758714
G1 X117.629 Y106.519 E.00565
;WIDTH:0.711876
G1 X117.329 Y106.347 E.01924
;WIDTH:0.671348
G1 X117.029 Y106.174 E.0181
;WIDTH:0.630819
G1 X116.729 Y106.002 E.0169
;WIDTH:0.614515
G1 X116.134 Y105.709 E.03152
G1 X115.626 Y105.539 E.02546
;WIDTH:0.610405
G1 X115.103 Y105.433 E.02518
;WIDTH:0.630273
G1 X114.166 Y105.423 E.04576
;WIDTH:0.623281
G1 X113.674 Y105.51 E.02411
;WIDTH:0.624115
G1 X113.052 Y105.711 E.03159
;WIDTH:0.628349
G1 X112.688 Y105.887 E.01968
G1 X112.205 Y106.188 E.0277
;WIDTH:0.582167
G1 X111.777 Y106.576 E.0259
;WIDTH:0.583466
G1 X111.628 Y106.901 E.01607
;WIDTH:0.610461
G1 X111.518 Y107.215 E.0157
;WIDTH:0.637455
G1 X111.408 Y107.529 E.01645
;WIDTH:0.682438
G1 X111.342 Y107.95 E.02266
;WIDTH:0.72742
G1 X111.277 Y108.37 E.02419
;WIDTH:0.760495
G1 X111.28 Y108.62 E.01492
;WIDTH:0.79357
G1 X111.282 Y108.87 E.0156
;WIDTH:0.794454
G1 X111.42 Y109.554 E.0436
;WIDTH:0.795289
G1 X111.542 Y109.897 E.02277
;WIDTH:0.797965
G1 X111.773 Y110.363 E.03265
G1 X112.159 Y110.942 E.04369
;WIDTH:0.788011
G1 X112.565 Y111.401 E.03797
;WIDTH:0.764392
G1 X113.079 Y111.832 E.04024
;WIDTH:0.723543
G1 X113.363 Y112.014 E.01909
;WIDTH:0.687227
G1 X113.648 Y112.197 E.01815
;WIDTH:0.65091
G1 X113.946 Y112.327 E.01644
;WIDTH:0.606626
G1 X114.244 Y112.458 E.01526
;WIDTH:0.610048
G1 X114.293 Y112.499 E.00301
;WIDTH:0.657753
G1 X114.343 Y112.541 E.00334
;WIDTH:0.705459
G1 X114.393 Y112.582 E.00356
;WIDTH:0.753164
G1 X114.443 Y112.624 E.00386
;WIDTH:0.80087
G1 X114.492 Y112.665 E.00403
;WIDTH:0.848575
G1 X114.542 Y112.707 E.00437
;WIDTH:0.896281
G1 X114.592 Y112.748 E.00459
;WIDTH:0.943986
G1 X114.642 Y112.79 E.00489
G1 X114.585 Y112.812 E.00458
;WIDTH:0.896074
G1 X114.528 Y112.835 E.00436
;WIDTH:0.848162
G1 X114.471 Y112.858 E.00412
;WIDTH:0.80025
G1 X114.413 Y112.88 E.00391
;WIDTH:0.752337
G1 X114.356 Y112.903 E.00363
;WIDTH:0.704425
G1 X114.299 Y112.926 E.00338
;WIDTH:0.656513
G1 X114.242 Y112.949 E.00314
;WIDTH:0.608601
G1 X114.185 Y112.971 E.00287
;WIDTH:0.570116
G1 X114.022 Y112.935 E.00732
;WIDTH:0.613071
G1 X113.628 Y112.804 E.01968
;WIDTH:0.656026
G1 X113.234 Y112.674 E.02115
;WIDTH:0.689785
G1 X112.98 Y112.54 E.01545
;WIDTH:0.723543
G1 X112.726 Y112.407 E.01623
;WIDTH:0.735275
G1 X112.365 Y112.153 E.02541
;WIDTH:0.76518
G1 X111.959 Y111.813 E.0318
;WIDTH:0.788011
G1 X111.606 Y111.44 E.03182
G1 X111.412 Y111.178 E.0202
;WIDTH:0.797965
G1 X111.11 Y110.723 E.03429
G1 X110.854 Y110.199 E.03661
;WIDTH:0.795289
G1 X110.686 Y109.714 E.03211
;WIDTH:0.794454
G1 X110.603 Y109.297 E.02657
G1 E-1.4 F3600
;WIPE_START
G1 F7200
G1 X110.686 Y109.714 E-.20196
G1 X110.854 Y110.199 E-.2438
G1 X110.997 Y110.491 E-.15424
;WIPE_END
G1 Z23.1 F9000
G1 X114.642 Y112.79
G1 Z21.1
G1 E2 F2400
;WIDTH:0.943986
G1 F900
G1 X114.876 Y112.814 E.01762
;WIDTH:0.904464
G1 X115.049 Y112.811 E.0124
;WIDTH:0.85783
G1 X115.222 Y112.808 E.01172
;WIDTH:0.811195
G1 X115.396 Y112.805 E.01112
G1 E-1.4 F3600
;WIPE_START
G1 F7200
G1 X115.222 Y112.808 E-.08266
G1 X115.049 Y112.811 E-.08219
G1 X114.876 Y112.814 E-.08219
G1 X114.642 Y112.79 E-.11173
;WIPE_END
G1 E-.24123 F3600
G1 Z23.1 F9000
G1 X118.125 Y106.951
G1 Z21.1
G1 E2 F2400
;WIDTH:0.824045
G1 F900
G1 X118.007 Y106.793 E.01281
;WIDTH:0.852388
G1 X117.889 Y106.635 E.01327
;LAYER_CHANGE
;Z:21.3
;HEIGHT:0.199999
;BEFORE_LAYER_CHANGE
G92 E0
;21.3


G1 E-1.4 F3600
;WIPE_START
G1 F7200
G1 X118.007 Y106.793 E-.09367
G1 X118.125 Y106.951 E-.09367
;WIPE_END
G1 E-.41266 F3600
G1 Z21.3 F9000
;AFTER_LAYER_CHANGE
;21.3
G1 Z23.3
G1 X119.337 Y108.61
G1 Z21.3
G1 E2 F2400
;TYPE:Perimeter
;WIDTH:0.659999
G1 F900
G1 X119.334 Y108.803 E.0099
G1 X119.158 Y109.638 E.04379
G1 X119.006 Y110.117 E.02579
G1 X118.72 Y110.765 E.03634
G1 X118.373 Y111.292 E.03238
G1 X117.893 Y111.817 E.0365
G1 X117.501 Y112.153 E.02649
G1 X116.965 Y112.492 E.03254
G1 X116.461 Y112.718 E.02834
G1 X115.976 Y112.874 E.02614
G1 X115.472 Y112.989 E.02653
G1 X114.939 Y113.067 E.02764
G1 X114.163 Y113.056 E.03982
G1 X113.396 Y112.885 E.04032
G1 X112.846 Y112.666 E.03038
G1 X112.307 Y112.342 E.03227
G1 X111.913 Y112.034 E.02566
G1 X111.465 Y111.587 E.03247
G1 X111.113 Y111.092 E.03117
G1 X110.74 Y110.45 E.0381
G1 X110.558 Y109.984 E.02567
G1 X110.423 Y109.498 E.02588
G1 X110.314 Y108.778 E.03736
G1 X110.299 Y108.257 E.02674
G1 X110.354 Y107.659 E.03081
G1 X110.47 Y107.037 E.03247
G1 X110.777 Y106.436 E.03463
G1 X111.336 Y105.665 E.04886
G1 X111.846 Y105.154 E.03704
G1 X112.372 Y104.735 E.03451
G1 X113.453 Y104.15 E.06307
G1 X114.029 Y104.063 E.02989
G1 X114.573 Y104.022 E.02799
G1 X115.145 Y104.067 E.02944
G1 X115.804 Y104.169 E.03422
G1 X116.432 Y104.353 E.03358
G1 X117.051 Y104.646 E.03514
G1 X117.586 Y104.985 E.0325
G1 X118.031 Y105.36 E.02986
G1 X118.465 Y105.846 E.03343
G1 X118.792 Y106.321 E.02959
G1 X119.059 Y106.867 E.03119
G1 X119.292 Y107.654 E.04211
G1 X119.343 Y108.244 E.03039
G1 X119.339 Y108.52 E.01416
G1 X119.939 Y108.648 F9000
;TYPE:External perimeter
;WIDTH:0.629999
G1 F900
G1 X119.936 Y108.861 E.0104
G1 X119.861 Y109.274 E.02049
G1 X119.729 Y109.832 E.02799
G1 X119.572 Y110.321 E.02507
G1 X119.349 Y110.845 E.0278
G1 X118.996 Y111.469 E.035
G1 X118.659 Y111.909 E.02706
G1 X118.315 Y112.247 E.02354
G1 X117.86 Y112.636 E.02922
G1 X117.241 Y113.028 E.03577
G1 X116.676 Y113.281 E.03022
G1 X116.136 Y113.455 E.0277
G1 X115.583 Y113.582 E.0277
G1 X114.978 Y113.67 E.02984
G1 X114.103 Y113.657 E.04272
G1 X113.455 Y113.535 E.03219
G1 X112.785 Y113.296 E.03473
G1 X112.153 Y112.968 E.03476
G1 X111.743 Y112.682 E.0244
G1 X111.355 Y112.347 E.02502
G1 X110.998 Y111.97 E.02535
G1 X110.438 Y111.181 E.04723
G1 X110.19 Y110.698 E.0265
G1 X109.986 Y110.174 E.02745
G1 X109.833 Y109.624 E.02787
G1 X109.713 Y108.832 E.0391
G1 X109.697 Y108.238 E.02901
G1 X109.772 Y107.416 E.04029
G1 X109.898 Y106.833 E.02912
G1 X110.262 Y106.121 E.03904
G1 X110.871 Y105.281 E.05065
G1 X111.216 Y104.912 E.02466
G1 X111.6 Y104.564 E.0253
G1 X112.041 Y104.23 E.02701
G1 X112.547 Y103.944 E.02837
G1 X113.289 Y103.566 E.04065
G1 X113.938 Y103.467 E.03205
G1 X114.586 Y103.419 E.03172
G1 X115.555 Y103.496 E.04745
G1 X116.396 Y103.708 E.04234
G1 X116.866 Y103.885 E.02452
G1 X117.34 Y104.118 E.02578
G1 X117.95 Y104.504 E.03524
G1 X118.444 Y104.92 E.03153
G1 X118.937 Y105.473 E.03617
G1 X119.317 Y106.024 E.03267
G1 X119.622 Y106.647 E.03386
G1 X119.882 Y107.527 E.04479
G1 X119.945 Y108.253 E.03557
G1 X119.94 Y108.558 E.01489
G1 E-1.4 F3600
;WIPE_START
G1 F7200
G1 X119.939 Y108.648 E-.04275
G1 X119.936 Y108.861 E-.10119
G1 X119.861 Y109.274 E-.19938
G1 X119.737 Y109.8 E-.25668
;WIPE_END
G1 Z23.3 F9000
G1 X116.083 Y105.986
G1 Z21.3
G1 E2 F2400
;TYPE:Internal infill
;WIDTH:0.66
G1 F900
G1 X115.067 Y105.681 E.05443
G1 X113.98 Y105.702 E.05578
G1 X113.303 Y105.885 E.03598
G1 X112.788 Y106.553 E.04328
G1 X117.637 Y111.403 E.3519
G1 X117.85 Y111.194 E.01531
G1 X118.302 Y110.538 E.04088
G1 X118.492 Y110.141 E.02258
G1 X118.753 Y109.314 E.0445
G1 X118.5 Y109.349 E.01311
G1 X118.135 Y108.145 E.06455
G1 X117.612 Y107.262 E.05266
G1 X113.556 Y111.318 E.29432
G1 X112.986 Y110.629 E.04588
G1 X112.6 Y109.865 E.04392
G1 X112.288 Y108.729 E.06045
G1 X112.315 Y107.963 E.03933
G1 E-1.4 F3600
;WIPE_START
G1 F7200
G1 X112.288 Y108.729 E-.36408
G1 X112.42 Y109.208 E-.23592
;WIPE_END
G1 Z23.3 F9000
G1 X114.732 Y104.493
G1 Z21.3
G1 E2 F2400
;TYPE:Solid infill
;WIDTH:0.623668
G1 F900
G1 X115.396 Y104.544 E.03216
;WIDTH:0.627936
G1 X115.9 Y104.664 E.0252
G1 X116.661 Y104.957 E.03967
;WIDTH:0.625558
G1 X117.333 Y105.368 E.03816
;WIDTH:0.62107
G1 X117.753 Y105.727 E.02656
;WIDTH:0.61338
G1 X118.103 Y106.111 E.02465
;WIDTH:0.588695
G1 X118.423 Y106.548 E.02458
;WIDTH:0.619319
G1 X118.425 Y106.606 E.00278
;WIDTH:0.666321
G1 X118.427 Y106.663 E.00296
;WIDTH:0.713322
G1 X118.429 Y106.72 E.00318
;WIDTH:0.760323
G1 X118.431 Y106.778 E.00346
;WIDTH:0.807324
G1 X118.433 Y106.835 E.00363
;WIDTH:0.854325
G1 X118.435 Y106.893 E.00392
;WIDTH:0.901326
G1 X118.437 Y106.95 E.00407
;WIDTH:0.948327
G1 X118.439 Y107.007 E.00429
;WIDTH:0.995328
G1 X118.441 Y107.065 E.0046
G1 X118.389 Y107.039 E.0046
;WIDTH:0.948327
G1 X118.338 Y107.013 E.00431
;WIDTH:0.901326
G1 X118.287 Y106.987 E.00409
;WIDTH:0.854325
G1 X118.236 Y106.961 E.00386
;WIDTH:0.807324
G1 X118.185 Y106.935 E.00364
;WIDTH:0.760323
G1 X118.133 Y106.909 E.00347
;WIDTH:0.713322
G1 X118.082 Y106.883 E.00319
;WIDTH:0.666321
G1 X118.031 Y106.857 E.00297
;WIDTH:0.619319
G1 X117.98 Y106.832 E.00272
;WIDTH:0.588695
G1 X117.709 Y106.488 E.01987
;WIDTH:0.615505
G1 X117.323 Y106.104 E.02592
;WIDTH:0.615797
G1 X116.89 Y105.761 E.02631
G1 X116.23 Y105.395 E.03595
;WIDTH:0.627936
G1 X115.704 Y105.215 E.02704
G1 X115.095 Y105.088 E.03026
;WIDTH:0.618235
G1 X114.252 Y105.07 E.04034
G1 X113.477 Y105.219 E.03775
;WIDTH:0.586726
G1 X113.237 Y105.32 E.01177
;WIDTH:0.560745
G1 X112.997 Y105.42 E.01119
;WIDTH:0.566803
G1 X112.835 Y105.585 E.01007
;WIDTH:0.598842
G1 X112.674 Y105.75 E.01066
;WIDTH:0.631389
G1 X112.446 Y106.031 E.01771
;WIDTH:0.663935
G1 X112.217 Y106.312 E.01872
;WIDTH:0.697496
G1 X112.044 Y106.636 E.01999
;WIDTH:0.731057
G1 X111.871 Y106.96 E.02102
;WIDTH:0.778261
G1 X111.721 Y107.364 E.02635
;WIDTH:0.800667
G1 X111.595 Y108.2 E.05327
;WIDTH:0.793013
G1 X111.604 Y108.683 E.03013
;WIDTH:0.800792
G1 X111.698 Y109.219 E.03429
G1 X111.827 Y109.716 E.03236
;WIDTH:0.778303
G1 X112.049 Y110.258 E.03581
;WIDTH:0.764999
G1 X112.261 Y110.625 E.02545
;WIDTH:0.725189
G1 X112.473 Y110.993 E.02409
;WIDTH:0.685379
G1 X113.005 Y111.638 E.04466
;WIDTH:0.644596
G1 X113.416 Y112.012 E.0278
G1 X113.975 Y112.38 E.03348
G1 X114.511 Y112.588 E.02876
G1 X114.208 Y112.589 E.01516
G1 X113.715 Y112.494 E.02512
G1 X113.036 Y112.234 E.03638
G1 X112.379 Y111.814 E.03901
;WIDTH:0.677979
G1 X112.104 Y111.525 E.02107
;WIDTH:0.711362
G1 X111.829 Y111.236 E.02217
;WIDTH:0.738181
G1 X111.631 Y110.933 E.02093
;WIDTH:0.764999
G1 X111.432 Y110.63 E.02177
G1 X111.315 Y110.388 E.01614
;WIDTH:0.784321
G1 X111.112 Y109.909 E.03207
;WIDTH:0.800792
G1 X110.954 Y109.361 E.03594
G1 X110.854 Y108.707 E.04169
;WIDTH:0.793013
G1 X110.854 Y108.114 E.03699
;WIDTH:0.800667
G1 X110.908 Y107.59 E.03319
G1 X111.042 Y107.092 E.03249
;WIDTH:0.778261
G1 X111.281 Y106.61 E.0329
;WIDTH:0.731057
G1 X111.483 Y106.303 E.02103
;WIDTH:0.697496
G1 X111.686 Y105.996 E.02003
;WIDTH:0.663935
G1 X111.846 Y105.814 E.01251
;WIDTH:0.637791
G1 X112.205 Y105.466 E.02473
;WIDTH:0.594724
G1 X112.564 Y105.117 E.02297
;WIDTH:0.551657
G1 X112.827 Y104.953 E.01311
;WIDTH:0.580952
G1 X113.22 Y104.771 E.01938
;WIDTH:0.623672
G1 X113.613 Y104.588 E.02093
G1 X114.228 Y104.492 E.03006
;WIDTH:0.621189
G1 X114.423 Y104.493 E.00938
G1 E-1.4 F3600
;WIPE_START
G1 F7200
G1 X114.228 Y104.492 E-.09263
G1 X113.613 Y104.588 E-.29566
G1 X113.22 Y104.771 E-.20592
G1 X113.209 Y104.776 E-.00579
;WIPE_END
G1 Z23.3 F9000
G1 X118.441 Y107.065
G1 Z21.3
G1 E2 F2400
;WIDTH:0.995328
G1 F900
G1 X118.515 Y107.242 E.01519
;WIDTH:0.956792
G1 X118.589 Y107.419 E.01458
;WIDTH:0.918255
G1 X118.663 Y107.596 E.01396
;WIDTH:0.879719
G1 X118.737 Y107.773 E.01335
;WIDTH:0.841182
G1 X118.776 Y107.925 E.01042
;WIDTH:0.805404
G1 X118.815 Y108.077 E.00995
;LAYER_CHANGE
;Z:21.5
;HEIGHT:0.200001
;BEFORE_LAYER_CHANGE
G92 E0
;21.5


G1 E-1.4 F3600
;WIPE_START
G1 F7200
G1 X118.776 Y107.925 E-.07454
G1 X118.737 Y107.773 E-.07454
G1 X118.663 Y107.596 E-.09113
G1 X118.589 Y107.419 E-.09113
G1 X118.515 Y107.242 E-.09113
G1 X118.441 Y107.065 E-.09113
;WIPE_END
G1 E-.0864 F3600
G1 Z21.5 F9000
;AFTER_LAYER_CHANGE
;21.5
G1 Z23.5
G1 X119.313 Y110.047
G1 Z21.5
G1 E2 F2400
;TYPE:Perimeter
;WIDTH:0.659999
G1 F900
G1 X119.247 Y110.198 E.00846
G1 X118.93 Y110.719 E.03129
G1 X118.586 Y111.183 E.02964
G1 X118.144 Y111.665 E.03356
G1 X117.724 Y111.993 E.02734
G1 X117.304 Y112.275 E.02596
G1 X116.715 Y112.555 E.03346
G1 X116.047 Y112.735 E.0355
G1 X115.464 Y112.811 E.03017
G1 X114.596 Y112.784 E.04456
G1 X113.917 Y112.674 E.03529
G1 X113.185 Y112.443 E.03938
G1 X112.531 Y112.085 E.03826
G1 X111.888 Y111.547 E.04302
G1 X111.472 Y111.036 E.03381
G1 X111.151 Y110.515 E.0314
G1 X110.83 Y109.71 E.04447
G1 X110.687 Y109.004 E.03696
G1 X110.64 Y108.287 E.03687
G1 X110.675 Y107.778 E.02618
G1 X110.761 Y107.279 E.02598
G1 X111.046 Y106.388 E.048
G1 X111.309 Y105.864 E.03008
G1 X111.612 Y105.374 E.02956
G1 X112.002 Y105.015 E.0272
G1 X112.604 Y104.604 E.0374
G1 X113.082 Y104.321 E.0285
G1 X113.58 Y104.105 E.02785
G1 X114.148 Y103.924 E.03059
G1 X114.756 Y103.796 E.03188
G1 X115.264 Y103.746 E.02619
G1 X115.489 Y103.758 E.01156
G1 X116.232 Y103.93 E.03913
G1 X116.712 Y104.103 E.02618
G1 X117.222 Y104.351 E.0291
G1 X117.753 Y104.684 E.03216
G1 X118.241 Y105.112 E.03331
G1 X118.596 Y105.468 E.0258
G1 X118.967 Y105.956 E.03145
G1 X119.286 Y106.541 E.03419
G1 X119.514 Y107.123 E.03207
G1 X119.644 Y107.728 E.03175
G1 X119.681 Y108.326 E.03074
G1 X119.673 Y108.827 E.02571
G1 X119.513 Y109.588 E.0399
G1 X119.349 Y109.964 E.02105
G1 X119.865 Y110.311 F9000
;TYPE:External perimeter
;WIDTH:0.629999
G1 F900
G1 X119.662 Y110.709 E.02181
G1 X119.27 Y111.291 E.03425
G1 X118.919 Y111.731 E.02748
G1 X118.547 Y112.114 E.02606
G1 X118.094 Y112.467 E.02803
G1 X117.603 Y112.798 E.02891
G1 X117.149 Y113.022 E.02471
G1 X116.664 Y113.201 E.02524
G1 X116.165 Y113.326 E.02511
G1 X115.485 Y113.414 E.03347
G1 X114.538 Y113.384 E.04625
G1 X113.777 Y113.261 E.03763
G1 X112.948 Y113 E.04243
G1 X112.19 Y112.585 E.04219
G1 X111.687 Y112.163 E.03205
G1 X111.277 Y111.765 E.02789
G1 X110.859 Y111.216 E.03368
G1 X110.608 Y110.778 E.02464
G1 X110.255 Y109.893 E.04651
G1 X110.13 Y109.379 E.02582
G1 X110.056 Y108.836 E.02675
G1 X110.037 Y108.276 E.02735
G1 X110.076 Y107.706 E.02789
G1 X110.175 Y107.135 E.02829
G1 X110.486 Y106.16 E.04996
G1 X110.849 Y105.438 E.03945
G1 X111.149 Y104.981 E.02669
G1 X111.627 Y104.543 E.03165
G1 X112.527 Y103.927 E.05324
G1 X113.016 Y103.68 E.02674
G1 X113.586 Y103.456 E.0299
G1 X114.179 Y103.29 E.03006
G1 X114.836 Y103.183 E.03249
G1 X115.455 Y103.137 E.0303
G1 X116.207 Y103.289 E.03745
G1 X116.755 Y103.466 E.02811
G1 X117.235 Y103.673 E.02552
G1 X117.693 Y103.921 E.02542
G1 X118.119 Y104.205 E.02499
G1 X118.638 Y104.659 E.03366
G1 X119.05 Y105.072 E.02848
G1 X119.472 Y105.626 E.034
G1 X119.818 Y106.258 E.03517
G1 X120.017 Y106.74 E.02546
G1 X120.207 Y107.41 E.034
G1 X120.289 Y107.988 E.0285
G1 X120.283 Y108.336 E.01699
G1 X120.274 Y108.894 E.02724
G1 X120.14 Y109.533 E.03187
G1 X119.95 Y110.145 E.03128
G1 X119.906 Y110.231 E.00472
G1 E-1.4 F3600
;WIPE_START
G1 F7200
G1 X119.865 Y110.311 E-.0427
G1 X119.662 Y110.709 E-.21222
G1 X119.27 Y111.291 E-.33331
G1 X119.255 Y111.31 E-.01177
;WIPE_END
G1 Z23.5 F9000
G1 X118.265 Y108.324
G1 Z21.5
G1 E2 F2400
;TYPE:Internal infill
;WIDTH:0.66
G1 F900
G1 X118.381 Y109.071 E.03879
G1 X118.348 Y109.776 E.03621
G1 X118.244 Y110.3 E.02741
G1 X118.564 Y110.411 E.01738
G1 X118.11 Y111.018 E.03889
G1 X117.668 Y111.434 E.03114
G1 X113.04 Y106.806 E.33583
G1 X112.734 Y107.525 E.04009
G1 X112.618 Y108.157 E.03297
G1 X112.618 Y109.188 E.0529
G1 X112.763 Y109.935 E.03904
G1 X113.054 Y110.645 E.03937
G1 X113.556 Y111.318 E.04308
G1 X117.759 Y107.115 E.30499
G1 X117.459 Y106.649 E.02844
G1 X116.76 Y105.978 E.04972
G1 X115.782 Y105.49 E.05608
G1 X115.044 Y105.334 E.0387
G1 X114.719 Y105.322 E.01669
G1 E-1.4 F3600
;WIPE_START
G1 F7200
G1 X115.044 Y105.334 E-.15448
G1 X115.782 Y105.49 E-.3583
G1 X115.946 Y105.572 E-.08722
;WIPE_END
G1 Z23.5 F9000
G1 X111.191 Y108.703
G1 Z21.5
G1 E2 F2400
;TYPE:Solid infill
;WIDTH:0.795946
G1 F900
G1 X111.221 Y107.805 E.05626
G1 X111.393 Y107.066 E.04751
;WIDTH:0.799198
G1 X111.565 Y106.568 E.03313
G1 X111.854 Y105.993 E.04047
;WIDTH:0.795344
G1 X112.162 Y105.589 E.03178
;WIDTH:0.772208
G1 X112.354 Y105.422 E.01543
;WIDTH:0.74636
G1 X112.546 Y105.256 E.01485
;WIDTH:0.720511
G1 X112.822 Y105.055 E.01924
;WIDTH:0.695018
G1 X113.098 Y104.854 E.01851
;WIDTH:0.669524
G1 X113.446 Y104.677 E.02034
;WIDTH:0.627905
G1 X113.793 Y104.5 E.01895
;WIDTH:0.586286
G1 X114.237 Y104.334 E.02142
;WIDTH:0.562263
G1 X114.818 Y104.238 E.02543
;WIDTH:0.589676
G1 X115.082 Y104.223 E.01202
;WIDTH:0.617088
G1 X115.346 Y104.208 E.01262
;WIDTH:0.625793
G1 X115.96 Y104.325 E.03029
G1 X116.795 Y104.643 E.0433
;WIDTH:0.625644
G1 X117.5 Y105.068 E.03989
;WIDTH:0.628189
G1 X118.079 Y105.581 E.03765
G1 X118.389 Y105.951 E.02349
;WIDTH:0.612505
G1 X118.731 Y106.473 E.02956
;WIDTH:0.610257
G1 X119.03 Y107.12 E.03362
;WIDTH:0.593641
G1 X119.191 Y107.637 E.0248
;WIDTH:0.625644
G1 X119.175 Y107.701 E.0032
;WIDTH:0.671151
G1 X119.158 Y107.765 E.00346
;WIDTH:0.716659
G1 X119.142 Y107.829 E.0037
;WIDTH:0.762167
G1 X119.125 Y107.893 E.00396
;WIDTH:0.807674
G1 X119.109 Y107.957 E.00419
;WIDTH:0.853182
G1 X119.092 Y108.021 E.00446
;WIDTH:0.898689
G1 X119.076 Y108.085 E.00469
;WIDTH:0.944197
G1 X119.059 Y108.148 E.00489
;WIDTH:0.989704
G1 X119.043 Y108.212 E.00519
G1 X119.002 Y108.163 E.00503
;WIDTH:0.944197
G1 X118.961 Y108.113 E.00485
;WIDTH:0.898689
G1 X118.92 Y108.064 E.00455
;WIDTH:0.853182
G1 X118.879 Y108.014 E.00436
;WIDTH:0.807674
G1 X118.837 Y107.965 E.0041
;WIDTH:0.762167
G1 X118.796 Y107.915 E.00387
;WIDTH:0.716659
G1 X118.755 Y107.866 E.00358
;WIDTH:0.671151
G1 X118.714 Y107.816 E.00338
;WIDTH:0.625644
G1 X118.673 Y107.767 E.0031
;WIDTH:0.598028
G1 X118.495 Y107.26 E.0248
;WIDTH:0.611954
G1 X118.213 Y106.708 E.02933
;WIDTH:0.612876
G1 X117.9 Y106.25 E.02629
G1 X117.406 Y105.734 E.03385
;WIDTH:0.615814
G1 X117.063 Y105.466 E.02074
G1 X116.331 Y105.065 E.03976
;WIDTH:0.625793
G1 X115.768 Y104.876 E.02878
G1 X115.259 Y104.775 E.02515
;WIDTH:0.617088
G1 X114.893 Y104.775 E.01747
;WIDTH:0.581413
G1 X114.527 Y104.776 E.01639
;WIDTH:0.586286
G1 X114.063 Y104.968 E.02269
;WIDTH:0.630441
G1 X113.711 Y105.199 E.02057
;WIDTH:0.674595
G1 X113.359 Y105.431 E.02214
;WIDTH:0.715209
G1 X113.095 Y105.679 E.02025
;WIDTH:0.755823
G1 X112.83 Y105.927 E.02151
;WIDTH:0.795344
G1 X112.49 Y106.395 E.03619
;WIDTH:0.799198
G1 X112.254 Y106.877 E.03375
G1 X112.029 Y107.566 E.04558
;WIDTH:0.797714
G1 X111.941 Y108.12 E.03521
;WIDTH:0.780464
G1 X111.928 Y108.787 E.04091
;WIDTH:0.766
G1 X111.993 Y109.255 E.02841
;WIDTH:0.728703
G1 X112.058 Y109.722 E.02689
;WIDTH:0.691406
G1 X112.168 Y110.036 E.01794
;WIDTH:0.665394
G1 X112.277 Y110.35 E.0172
;WIDTH:0.639381
G1 X112.427 Y110.642 E.01628
;WIDTH:0.592435
G1 X112.576 Y110.935 E.01502
;WIDTH:0.545489
G1 X113.003 Y111.562 E.0317
G1 X113.657 Y112.131 E.03623
G1 X113.35 Y112.057 E.0132
G1 X112.768 Y111.739 E.02771
G1 X112.205 Y111.268 E.03067
;WIDTH:0.554704
G1 X112.109 Y111.147 E.00657
;WIDTH:0.597043
G1 X111.939 Y110.898 E.01389
;WIDTH:0.639381
G1 X111.768 Y110.649 E.01498
;WIDTH:0.665235
G1 X111.574 Y110.286 E.0213
;WIDTH:0.70112
G1 X111.446 Y109.907 E.02189
;WIDTH:0.737004
G1 X111.318 Y109.528 E.02309
;WIDTH:0.761123
G1 X111.237 Y109.008 E.03143
G1 E-1.4 F3600
;WIPE_START
G1 F7200
G1 X111.318 Y109.528 E-.24998
G1 X111.446 Y109.907 E-.19001
G1 X111.554 Y110.226 E-.16001
;WIPE_END
G1 Z23.5 F9000
G1 X119.02 Y109.433
G1 Z21.5
G1 E2 F2400
;WIDTH:0.778692
G1 F900
G1 X119.035 Y109.265 E.01032
;WIDTH:0.819133
G1 X119.05 Y109.097 E.01089
;WIDTH:0.859575
G1 X119.064 Y108.929 E.01145
;WIDTH:0.900016
G1 X119.079 Y108.76 E.01209
;WIDTH:0.94486
G1 X119.061 Y108.486 E.02059
;WIDTH:0.989704
G1 X119.043 Y108.212 E.02162
;LAYER_CHANGE
;Z:21.7
;HEIGHT:0.200001
;BEFORE_LAYER_CHANGE
G92 E0
;21.7


G1 E-1.4 F3600
;WIPE_START
G1 F7200
G1 X119.061 Y108.486 E-.13043
G1 X119.079 Y108.76 E-.13043
G1 X119.064 Y108.929 E-.08059
G1 X119.05 Y109.097 E-.08008
G1 X119.035 Y109.265 E-.08012
G1 X119.02 Y109.433 E-.08012
;WIPE_END
G1 E-.01823 F3600
G1 Z21.7 F9000
;AFTER_LAYER_CHANGE
;21.7
G1 Z21.7
G1 X118.873 Y111.259
G1 E2 F2400
;TYPE:Perimeter
;WIDTH:0.659999
G1 F900
G1 X118.543 Y111.576 E.02348
G1 X118.143 Y111.876 E.02566
G1 X117.677 Y112.165 E.02814
G1 X117.222 Y112.392 E.02609
G1 X116.649 Y112.601 E.0313
G1 X116.114 Y112.697 E.02789
G1 X115.602 Y112.75 E.02641
G1 X115.02 Y112.725 E.02989
G1 X114.476 Y112.608 E.02855
G1 X113.865 Y112.423 E.03276
G1 X113.366 Y112.188 E.0283
G1 X112.752 Y111.825 E.0366
G1 X112.159 Y111.335 E.03947
G1 X111.805 Y110.923 E.02787
G1 X111.375 Y110.196 E.04334
G1 X111.152 Y109.579 E.03366
G1 X111.024 Y108.984 E.03123
G1 X110.988 Y108.119 E.04442
G1 X111.087 Y107.409 E.03678
G1 X111.28 Y106.72 E.03671
G1 X111.482 Y106.253 E.02611
G1 X111.735 Y105.799 E.02667
G1 X112.041 Y105.364 E.02729
G1 X112.401 Y104.95 E.02815
G1 X112.769 Y104.612 E.02564
G1 X113.255 Y104.344 E.02848
G1 X114.081 Y104.04 E.04516
G1 X114.569 Y103.928 E.02569
G1 X115.405 Y103.841 E.04313
G1 X115.904 Y103.863 E.02563
G1 X116.424 Y103.914 E.02681
G1 X116.945 Y104.023 E.02731
G1 X117.455 Y104.183 E.02743
G1 X117.981 Y104.43 E.02982
G1 X118.217 Y104.617 E.01545
G1 X118.66 Y105.024 E.03087
G1 X119.078 Y105.527 E.03356
G1 X119.377 Y105.979 E.02781
G1 X119.676 Y106.567 E.03385
G1 X119.882 Y107.189 E.03362
G1 X119.986 Y107.728 E.02817
G1 X120.036 Y108.239 E.02634
G1 X120.016 Y108.843 E.03101
G1 X119.844 Y109.665 E.04309
G1 X119.536 Y110.395 E.04065
G1 X119.106 Y111.035 E.03956
G1 X118.938 Y111.197 E.01197
G1 X119.309 Y111.694 F9000
;TYPE:External perimeter
;WIDTH:0.629999
G1 F900
G1 X119.139 Y111.872 E.01202
G1 X118.653 Y112.258 E.0303
G1 X118.206 Y112.558 E.02628
G1 X117.761 Y112.81 E.02496
G1 X117.276 Y113.027 E.02594
G1 X116.797 Y113.186 E.02464
G1 X116.22 Y113.289 E.02861
G1 X115.622 Y113.351 E.02935
G1 X114.934 Y113.323 E.03361
G1 X114.349 Y113.197 E.02921
G1 X113.635 Y112.98 E.03643
G1 X113.084 Y112.721 E.02972
G1 X112.405 Y112.32 E.03849
G1 X111.736 Y111.766 E.0424
G1 X111.314 Y111.275 E.0316
G1 X110.979 Y110.71 E.03206
G1 X110.727 Y110.199 E.02781
G1 X110.515 Y109.545 E.03356
G1 X110.424 Y109.051 E.02452
G1 X110.397 Y108.41 E.03132
G1 X110.416 Y107.794 E.03008
G1 X110.497 Y107.287 E.02506
G1 X110.639 Y106.753 E.02697
G1 X110.842 Y106.217 E.02798
G1 X111.084 Y105.731 E.0265
G1 X111.363 Y105.282 E.02581
G1 X111.71 Y104.828 E.02789
G1 X112.095 Y104.41 E.02774
G1 X112.525 Y104.043 E.0276
G1 X113.012 Y103.792 E.02675
G1 X113.909 Y103.462 E.04666
G1 X114.47 Y103.333 E.0281
G1 X115.387 Y103.238 E.045
G1 X116.246 Y103.275 E.04197
G1 X116.818 Y103.368 E.02829
G1 X117.347 Y103.505 E.02668
G1 X117.853 Y103.686 E.02623
G1 X118.309 Y103.922 E.02506
G1 X118.825 Y104.349 E.0327
G1 X119.222 Y104.751 E.02758
G1 X119.566 Y105.173 E.02658
G1 X119.861 Y105.615 E.02594
G1 X120.11 Y106.078 E.02566
G1 X120.312 Y106.556 E.02533
G1 X120.464 Y107.038 E.02467
G1 X120.582 Y107.641 E.02999
G1 X120.637 Y108.22 E.02839
G1 X120.615 Y108.925 E.03443
G1 X120.421 Y109.846 E.04595
G1 X120.068 Y110.683 E.04434
G1 X119.577 Y111.414 E.04299
G1 X119.371 Y111.629 E.01454
G1 E-1.4 F3600
;WIPE_START
G1 F7200
G1 X119.309 Y111.694 E-.04267
G1 X119.139 Y111.872 E-.11692
G1 X118.653 Y112.258 E-.2948
G1 X118.398 Y112.429 E-.14561
;WIPE_END
G1 Z23.7 F9000
G1 X118.424 Y108.245
G1 Z21.7
G1 E2 F2400
;TYPE:Internal infill
;WIDTH:0.66
G1 F900
G1 X118.436 Y109.374 E.05793
G1 X118.185 Y110.367 E.05255
G1 X117.723 Y111.197 E.04874
G1 X117.992 Y111.405 E.01745
G1 X117.781 Y111.546 E.01302
G1 X113.289 Y107.054 E.32596
G1 X112.944 Y107.862 E.04508
G1 X112.805 Y108.357 E.02638
G1 X112.713 Y109.16 E.04147
G1 X112.837 Y110.115 E.04941
G1 X113.054 Y110.645 E.02939
G1 X113.496 Y111.378 E.04392
G1 X118.001 Y106.872 E.32694
G1 X117.709 Y106.417 E.02774
G1 X117.227 Y105.911 E.03586
G1 X116.899 Y105.658 E.02125
G1 X116.296 Y105.322 E.03542
G1 X115.956 Y105.271 E.01764
G1 X115.572 Y105.338 E.02
G1 X114.984 Y105.544 E.03197
G1 X115.417 Y104.267 F9000
;TYPE:Solid infill
;WIDTH:0.607044
G1 F900
G1 X115.468 Y104.293 E.00269
;WIDTH:0.653701
G1 X115.518 Y104.319 E.00286
;WIDTH:0.700358
G1 X115.568 Y104.344 E.00306
;WIDTH:0.747016
G1 X115.618 Y104.37 E.0033
;WIDTH:0.793673
G1 X115.668 Y104.395 E.00349
;WIDTH:0.84033
G1 X115.718 Y104.421 E.00374
;WIDTH:0.886988
G1 X115.768 Y104.446 E.00392
;WIDTH:0.933645
G1 X115.818 Y104.472 E.00417
;WIDTH:0.980302
G1 X115.868 Y104.497 E.00436
G1 X115.824 Y104.529 E.00424
;WIDTH:0.933645
G1 X115.78 Y104.56 E.00399
;WIDTH:0.886988
G1 X115.736 Y104.592 E.00382
;WIDTH:0.84033
G1 X115.692 Y104.624 E.00361
;WIDTH:0.793673
G1 X115.648 Y104.655 E.00336
;WIDTH:0.747016
G1 X115.603 Y104.687 E.00323
;WIDTH:0.700358
G1 X115.559 Y104.718 E.00294
;WIDTH:0.653701
G1 X115.515 Y104.75 E.00276
;WIDTH:0.607044
G1 X115.471 Y104.781 E.00252
;WIDTH:0.568196
G1 X115.396 Y104.794 E.00332
;WIDTH:0.61021
G1 X115.01 Y104.908 E.01899
;WIDTH:0.652224
G1 X114.625 Y105.022 E.02034
;WIDTH:0.680287
G1 X114.392 Y105.13 E.01361
;WIDTH:0.70835
G1 X114.16 Y105.237 E.01414
;WIDTH:0.749597
G1 X113.872 Y105.427 E.02027
;WIDTH:0.790843
G1 X113.585 Y105.618 E.02144
;WIDTH:0.798459
G1 X113.341 Y105.849 E.02111
G1 X112.946 Y106.308 E.03804
;WIDTH:0.787707
G1 X112.634 Y106.831 E.03771
;WIDTH:0.78709
G1 X112.309 Y107.663 E.05527
;WIDTH:0.757793
G1 X112.168 Y108.257 E.03629
;WIDTH:0.716838
G1 X112.142 Y108.726 E.02632
;WIDTH:0.67018
G1 X112.117 Y109.195 E.0245
;WIDTH:0.665642
G1 X112.124 Y109.392 E.01021
;WIDTH:0.707763
G1 X112.131 Y109.589 E.0109
;WIDTH:0.749884
G1 X112.138 Y109.786 E.01159
;WIDTH:0.792005
G1 X112.146 Y109.983 E.01228
;WIDTH:0.834126
G1 X112.153 Y110.18 E.01297
;WIDTH:0.876246
G1 X112.16 Y110.377 E.01366
G1 X112.087 Y110.293 E.00771
;WIDTH:0.832444
G1 X112.013 Y110.208 E.0074
;WIDTH:0.788642
G1 X111.939 Y110.124 E.00694
;WIDTH:0.74484
G1 X111.866 Y110.04 E.0065
;WIDTH:0.701038
G1 X111.792 Y109.955 E.00617
;WIDTH:0.657236
G1 X111.553 Y109.314 E.03494
;WIDTH:0.664083
G1 X111.498 Y108.908 E.02116
;WIDTH:0.694291
G1 X111.504 Y108.484 E.02297
;WIDTH:0.724498
G1 X111.51 Y108.059 E.02409
;WIDTH:0.773161
G1 X111.661 Y107.293 E.04741
;WIDTH:0.78709
G1 X111.942 Y106.559 E.04863
;WIDTH:0.794718
G1 X112.186 Y106.105 E.03222
;WIDTH:0.79493
G1 X112.482 Y105.684 E.03218
G1 X113.05 Y105.093 E.05126
;WIDTH:0.787417
G1 X113.489 Y104.821 E.03197
;WIDTH:0.765634
G1 X113.845 Y104.666 E.02333
;WIDTH:0.721953
G1 X114.201 Y104.512 E.0219
;WIDTH:0.678271
G1 X114.664 Y104.387 E.02534
;WIDTH:0.642162
G1 X115.113 Y104.316 E.02265
;WIDTH:0.659999
G1 X115.868 Y104.497 E.03984
;WIDTH:0.980302
G1 X116.445 Y104.569 E.04532
;WIDTH:0.97578
G1 X116.585 Y104.605 E.01121
G1 X116.657 Y104.598 E.00561
;WIDTH:0.933169
G1 X116.729 Y104.592 E.00535
;WIDTH:0.890558
G1 X116.801 Y104.585 E.0051
;WIDTH:0.847947
G1 X116.873 Y104.578 E.00484
;WIDTH:0.805336
G1 X116.944 Y104.571 E.00452
;WIDTH:0.762725
G1 X117.016 Y104.565 E.00432
;WIDTH:0.720113
G1 X117.149 Y104.592 E.00764
;WIDTH:0.682657
G1 X117.283 Y104.619 E.00727
;WIDTH:0.645201
G1 X117.416 Y104.646 E.0068
;WIDTH:0.626306
G1 X117.693 Y104.797 E.0153
G1 X117.94 Y104.993 E.0153
;WIDTH:0.629174
G1 X118.344 Y105.363 E.02671
;WIDTH:0.629599
G1 X118.871 Y106.033 E.04158
G1 X119.258 Y106.771 E.04065
;WIDTH:0.629425
G1 X119.499 Y107.539 E.03925
;WIDTH:0.622281
G1 X119.573 Y108.083 E.02645
G1 X119.573 Y108.816 E.03531
;WIDTH:0.589583
G1 X119.504 Y109.199 E.01769
;WIDTH:0.557704
G1 X119.436 Y109.582 E.01665
;WIDTH:0.546262
G1 X119.126 Y110.256 E.03105
;WIDTH:0.587347
G1 X119.035 Y110.354 E.00605
;WIDTH:0.628432
G1 X118.944 Y110.453 E.00655
;WIDTH:0.669517
G1 X118.853 Y110.551 E.00697
;WIDTH:0.710602
G1 X118.762 Y110.649 E.00742
G1 X118.775 Y110.599 E.00287
;WIDTH:0.694483
G1 X118.796 Y110.471 E.00703
;WIDTH:0.652943
G1 X118.816 Y110.342 E.00662
;WIDTH:0.611402
G1 X118.836 Y110.214 E.00612
;WIDTH:0.569861
G1 X118.856 Y110.085 E.00572
;WIDTH:0.529614
G1 X118.987 Y109.402 E.02814
;WIDTH:0.559599
G1 X119.01 Y109.078 E.01395
;WIDTH:0.589583
G1 X119.032 Y108.754 E.01476
;WIDTH:0.622281
G1 X118.996 Y108.118 E.03069
G1 X118.904 Y107.528 E.02877
;WIDTH:0.614093
G1 X118.588 Y106.692 E.04245
;WIDTH:0.612745
G1 X118.15 Y106.019 E.03805
G1 X117.589 Y105.441 E.03816
G1 X117.159 Y105.144 E.02476
;WIDTH:0.652493
G1 X117.089 Y105.078 E.00488
;WIDTH:0.697241
G1 X117.019 Y105.013 E.0052
;WIDTH:0.741988
G1 X116.95 Y104.947 E.00555
;WIDTH:0.786736
G1 X116.88 Y104.882 E.00591
;WIDTH:0.831484
G1 X116.81 Y104.816 E.00631
G1 E-1.4 F3600
;WIPE_START
G1 F7200
G1 X116.88 Y104.882 E-.0457
G1 X116.95 Y104.947 E-.04537
G1 X117.019 Y105.013 E-.04535
G1 X117.089 Y105.078 E-.04537
G1 X117.159 Y105.144 E-.0457
G1 X117.589 Y105.441 E-.24823
G1 X117.771 Y105.629 E-.12428
;WIPE_END
G1 Z23.7 F9000
G1 X112.16 Y110.377
G1 Z21.7
G1 E2 F2400
;WIDTH:0.876246
G1 F900
G1 X112.248 Y110.528 E.01211
;WIDTH:0.833233
G1 X112.335 Y110.678 E.0114
;WIDTH:0.79022
G1 X112.422 Y110.829 E.01083
;WIDTH:0.747207
G1 X112.509 Y110.979 E.01015
;LAYER_CHANGE
;Z:21.9
;HEIGHT:0.199999
;BEFORE_LAYER_CHANGE
G92 E0
;21.9


G1 E-1.4 F3600
;WIPE_START
G1 F7200
G1 X112.422 Y110.829 E-.08237
G1 X112.335 Y110.678 E-.08278
G1 X112.247 Y110.528 E-.08261
G1 X112.16 Y110.377 E-.08278
;WIPE_END
G1 E-.26946 F3600
G1 Z21.9 F9000
;AFTER_LAYER_CHANGE
;21.9
G1 Z21.9
G1 X112.38 Y111.092
G1 E2 F2400
;TYPE:Perimeter
;WIDTH:0.659999
G1 F900
G1 X112.099 Y110.748 E.02279
G1 X111.701 Y110.087 E.03959
G1 X111.505 Y109.582 E.02779
G1 X111.34 Y108.757 E.04317
G1 X111.336 Y108.105 E.03345
G1 X111.412 Y107.503 E.03113
G1 X111.664 Y106.678 E.04426
G1 X111.997 Y106.035 E.03715
G1 X112.395 Y105.469 E.0355
G1 X112.786 Y105.066 E.02881
G1 X113.178 Y104.717 E.02693
G1 X113.64 Y104.401 E.02872
G1 X114.128 Y104.245 E.02629
G1 X114.641 Y104.123 E.02706
G1 X115.16 Y104.061 E.02682
G1 X115.791 Y104.055 E.03238
G1 X116.329 Y104.102 E.02771
G1 X116.83 Y104.201 E.0262
G1 X117.37 Y104.372 E.02906
G1 X117.886 Y104.589 E.02872
G1 X118.375 Y104.862 E.02874
G1 X118.786 Y105.149 E.02572
G1 X119.17 Y105.477 E.02591
G1 X119.623 Y105.951 E.03364
G1 X119.937 Y106.372 E.02695
G1 X120.156 Y106.926 E.03057
G1 X120.315 Y107.555 E.03329
G1 X120.374 Y108.175 E.03196
G1 X120.354 Y108.902 E.03732
G1 X120.224 Y109.569 E.03487
G1 X120.025 Y110.171 E.03253
G1 X119.717 Y110.76 E.0341
G1 X119.386 Y111.232 E.02958
G1 X118.972 Y111.667 E.03081
G1 X118.348 Y112.131 E.0399
G1 X117.675 Y112.451 E.03824
G1 X116.998 Y112.641 E.03608
G1 X116.483 Y112.738 E.02689
G1 X115.962 Y112.784 E.02684
G1 X115.351 Y112.77 E.03136
G1 X114.642 Y112.632 E.03706
G1 X114.045 Y112.408 E.03272
G1 X113.47 Y112.091 E.03369
G1 X112.987 Y111.702 E.03182
G1 X112.51 Y111.25 E.03372
G1 X112.437 Y111.161 E.00591
G1 X111.976 Y111.548 F9000
;TYPE:External perimeter
;WIDTH:0.629999
G1 F900
G1 X111.605 Y111.095 E.02858
G1 X111.159 Y110.353 E.04226
G1 X110.925 Y109.751 E.03153
G1 X110.797 Y109.11 E.03191
G1 X110.728 Y108.547 E.02769
G1 X110.746 Y107.863 E.0334
G1 X110.823 Y107.368 E.02445
G1 X111.101 Y106.46 E.04636
G1 X111.325 Y105.985 E.02564
G1 X111.605 Y105.519 E.02654
G1 X111.936 Y105.077 E.02696
G1 X112.498 Y104.498 E.03939
G1 X112.999 Y104.099 E.03127
G1 X113.468 Y103.817 E.02671
G1 X114.207 Y103.591 E.03772
G1 X114.743 Y103.492 E.02661
G1 X115.395 Y103.437 E.03194
G1 X116.152 Y103.467 E.03698
G1 X116.714 Y103.552 E.02775
G1 X117.242 Y103.683 E.02656
G1 X117.924 Y103.936 E.03551
G1 X118.416 Y104.18 E.02681
G1 X118.884 Y104.468 E.02683
G1 X119.32 Y104.798 E.02669
G1 X119.723 Y105.166 E.02664
G1 X120.087 Y105.567 E.02644
G1 X120.442 Y106.044 E.02903
G1 X120.606 Y106.381 E.0183
G1 X120.844 Y107.154 E.03948
G1 X120.933 Y107.646 E.02441
G1 X120.976 Y108.157 E.02503
G1 X120.971 Y108.682 E.02563
G1 X120.91 Y109.236 E.02721
G1 X120.749 Y109.944 E.03544
G1 X120.48 Y110.614 E.03524
G1 X120.232 Y111.072 E.02542
G1 X119.847 Y111.622 E.03277
G1 X119.372 Y112.12 E.0336
G1 X118.66 Y112.649 E.0433
G1 X117.893 Y113.014 E.04147
G1 X117.071 Y113.242 E.04164
G1 X116.571 Y113.334 E.02482
G1 X115.991 Y113.386 E.02843
G1 X115.277 Y113.368 E.03487
G1 X114.774 Y113.271 E.02501
G1 X114.21 Y113.122 E.02848
G1 X113.592 Y112.863 E.03271
G1 X113.126 Y112.588 E.02641
G1 X112.609 Y112.17 E.03245
G1 X112.059 Y111.65 E.03695
G1 X112.033 Y111.618 E.00201
G1 E-1.4 F3600
;WIPE_START
G1 F7200
G1 X111.976 Y111.548 E-.04288
G1 X111.605 Y111.095 E-.27813
G1 X111.302 Y110.592 E-.27899
;WIPE_END
G1 Z23.9 F9000
G1 X111.752 Y108.689
G1 Z21.9
G1 E2 F2400
;TYPE:Solid infill
;WIDTH:0.578297
G1 F900
G1 X111.778 Y108.317 E.0166
;WIDTH:0.623243
G1 X111.805 Y107.945 E.018
;WIDTH:0.662956
G1 X111.938 Y107.411 E.02837
;WIDTH:0.693738
G1 X112.032 Y107.156 E.01471
;WIDTH:0.72452
G1 X112.126 Y106.902 E.01535
;WIDTH:0.72788
G1 X112.259 Y106.643 E.01658
;WIDTH:0.767573
G1 X112.527 Y106.186 E.03192
;WIDTH:0.790945
G1 X112.824 Y105.804 E.0301
G1 X113.388 Y105.243 E.04948
;WIDTH:0.78919
G1 X113.848 Y104.909 E.03527
;WIDTH:0.786271
G1 X114.358 Y104.712 E.03379
;WIDTH:0.737614
G1 X114.905 Y104.578 E.03253
;WIDTH:0.697941
G1 X115.182 Y104.541 E.01522
;WIDTH:0.665671
G1 X115.459 Y104.505 E.01446
;WIDTH:0.6334
G1 X116.026 Y104.503 E.02784
;WIDTH:0.631269
G1 X116.071 Y104.535 E.0027
;WIDTH:0.676792
G1 X116.115 Y104.566 E.00284
;WIDTH:0.722314
G1 X116.16 Y104.598 E.00312
;WIDTH:0.767837
G1 X116.205 Y104.63 E.00333
;WIDTH:0.81336
G1 X116.249 Y104.661 E.00345
;WIDTH:0.858882
G1 X116.294 Y104.693 E.00375
;WIDTH:0.904405
G1 X116.339 Y104.725 E.00396
;WIDTH:0.949928
G1 X116.383 Y104.756 E.00406
;WIDTH:0.99545
G1 X116.428 Y104.788 E.00437
G1 X116.386 Y104.816 E.004
;WIDTH:0.949928
G1 X116.344 Y104.845 E.00385
;WIDTH:0.904405
G1 X116.302 Y104.873 E.00362
;WIDTH:0.858882
G1 X116.26 Y104.901 E.00342
;WIDTH:0.81336
G1 X116.218 Y104.93 E.00327
;WIDTH:0.767837
G1 X116.176 Y104.958 E.00304
;WIDTH:0.722314
G1 X116.134 Y104.987 E.00288
;WIDTH:0.676792
G1 X116.092 Y105.015 E.00266
;WIDTH:0.631269
G1 X116.05 Y105.043 E.00247
;WIDTH:0.615521
G1 X115.735 Y105.073 E.01507
;WIDTH:0.645296
G1 X115.42 Y105.102 E.01584
;WIDTH:0.687934
G1 X115.048 Y105.216 E.02087
;WIDTH:0.730572
G1 X114.676 Y105.33 E.02225
;WIDTH:0.758535
G1 X114.471 Y105.427 E.01349
;WIDTH:0.786497
G1 X114.265 Y105.524 E.01408
;WIDTH:0.791237
G1 X113.797 Y105.875 E.0364
G1 X113.134 Y106.578 E.06013
;WIDTH:0.767573
G1 X112.747 Y107.172 E.04272
;WIDTH:0.72452
G1 X112.625 Y107.414 E.01536
;WIDTH:0.693738
G1 X112.503 Y107.656 E.01467
;WIDTH:0.662956
G1 X112.364 Y108.088 E.0234
;WIDTH:0.623243
G1 X112.302 Y108.409 E.01578
;WIDTH:0.578297
G1 X112.239 Y108.731 E.01461
;WIDTH:0.579553
G1 X112.206 Y108.795 E.00321
;WIDTH:0.625756
G1 X112.173 Y108.86 E.00353
;WIDTH:0.671958
G1 X112.141 Y108.924 E.00374
;WIDTH:0.71816
G1 X112.108 Y108.989 E.00409
;WIDTH:0.764362
G1 X112.075 Y109.053 E.00432
;WIDTH:0.810564
G1 X112.043 Y109.117 E.00457
;WIDTH:0.856766
G1 X112.01 Y109.182 E.00493
G1 X111.972 Y109.109 E.00557
;WIDTH:0.80871
G1 X111.933 Y109.035 E.00533
;WIDTH:0.760653
G1 X111.895 Y108.962 E.00491
;WIDTH:0.74982
G1 X111.944 Y109.116 E.0095
;WIDTH:0.787044
G1 X111.993 Y109.271 E.01006
;WIDTH:0.824268
G1 X112.042 Y109.425 E.0105
;WIDTH:0.856766
G1 X112.01 Y109.182 E.01659
G1 E-1.4 F3600
;WIPE_START
G1 F7200
G1 X112.042 Y109.425 E-.11642
G1 X111.993 Y109.271 E-.07676
G1 X111.944 Y109.116 E-.07722
G1 X111.895 Y108.962 E-.07676
G1 X111.933 Y109.035 E-.03909
G1 X111.972 Y109.109 E-.03973
G1 X112.01 Y109.182 E-.03909
G1 X112.043 Y109.117 E-.03463
G1 X112.075 Y109.053 E-.03399
G1 X112.108 Y108.989 E-.0342
G1 X112.138 Y108.929 E-.03211
;WIPE_END
G1 Z23.9 F9000
G1 X118.084 Y111.692
G1 Z21.9
G1 E2 F2400
;WIDTH:0.771943
G1 F900
G1 X118.207 Y111.574 E.01033
;WIDTH:0.81661
G1 X118.329 Y111.455 E.01096
;WIDTH:0.861277
G1 X118.452 Y111.336 E.01165
;WIDTH:0.905944
G1 X118.574 Y111.217 E.01223
;WIDTH:0.939665
G1 X118.709 Y111.052 E.0159
;WIDTH:0.973386
G1 X118.843 Y110.887 E.01645
G1 E-1.4 F3600
;WIPE_START
G1 F7200
G1 X118.709 Y111.052 E-.10097
G1 X118.574 Y111.217 E-.10127
G1 X118.452 Y111.336 E-.08095
G1 X118.329 Y111.455 E-.08129
G1 X118.207 Y111.574 E-.08095
G1 X118.084 Y111.692 E-.08096
;WIPE_END
G1 E-.07361 F3600
G1 Z23.9 F9000
G1 X118.731 Y106.122
G1 Z21.9
G1 E2 F2400
;WIDTH:0.758797
G1 F900
G1 X118.735 Y106.132 E.00064
;WIDTH:0.751774
G1 X118.764 Y106.226 E.0058
;WIDTH:0.706663
G1 X118.792 Y106.321 E.00547
;WIDTH:0.661551
G1 X118.82 Y106.416 E.00509
;WIDTH:0.616439
G1 X118.848 Y106.51 E.00468
;WIDTH:0.618359
G1 X119.055 Y106.89 E.0207
;WIDTH:0.628618
G1 X119.205 Y107.375 E.02472
G1 X119.332 Y108.013 E.03168
;WIDTH:0.618492
G1 X119.326 Y108.767 E.03609
G1 X119.228 Y109.32 E.02688
;WIDTH:0.6096
G1 X119.077 Y109.846 E.02579
;WIDTH:0.58667
G1 X118.966 Y110.112 E.01303
;WIDTH:0.631365
G1 X118.951 Y110.21 E.00485
;WIDTH:0.678607
G1 X118.935 Y110.308 E.00525
;WIDTH:0.72585
G1 X118.92 Y110.406 E.00563
;WIDTH:0.773092
G1 X118.904 Y110.504 E.00603
;WIDTH:0.820334
G1 X118.889 Y110.602 E.00641
;WIDTH:0.867577
G1 X118.873 Y110.7 E.00681
;WIDTH:0.914819
G1 X118.858 Y110.798 E.00719
;WIDTH:0.944103
G1 X118.85 Y110.842 E.00335
;WIDTH:0.973386
G1 X118.843 Y110.887 E.00352
G1 X118.918 Y110.822 E.00768
;WIDTH:0.924728
G1 X118.992 Y110.757 E.00722
;WIDTH:0.87607
G1 X119.067 Y110.692 E.00688
;WIDTH:0.827412
G1 X119.142 Y110.627 E.00647
;WIDTH:0.778754
G1 X119.216 Y110.563 E.00599
;WIDTH:0.730096
G1 X119.291 Y110.498 E.00567
;WIDTH:0.681438
G1 X119.366 Y110.433 E.00527
;WIDTH:0.63278
G1 X119.44 Y110.368 E.00483
;WIDTH:0.613468
G1 X119.73 Y109.655 E.03652
;WIDTH:0.617794
G1 X119.886 Y108.922 E.03582
;WIDTH:0.619792
G1 X119.913 Y108.066 E.04108
G1 X119.839 Y107.563 E.02439
;WIDTH:0.628618
G1 X119.763 Y107.196 E.01825
G1 X119.603 Y106.714 E.02473
;WIDTH:0.618359
G1 X119.298 Y106.237 E.02709
;WIDTH:0.589658
G1 X119.15 Y106.085 E.00964
;WIDTH:0.630187
G1 X119.097 Y106.057 E.00293
;WIDTH:0.670716
G1 X119.044 Y106.029 E.00313
;WIDTH:0.711245
G1 X118.991 Y106.001 E.00333
;WIDTH:0.751774
G1 X118.938 Y105.973 E.00353
;WIDTH:0.793779
G1 X118.873 Y105.946 E.00439
;WIDTH:0.835784
G1 X118.808 Y105.918 E.00467
;WIDTH:0.877789
G1 X118.743 Y105.891 E.00489
;WIDTH:0.919794
G1 X118.678 Y105.864 E.00513
;WIDTH:0.961798
G1 X118.613 Y105.837 E.00538
G1 X118.058 Y105.411 E.05346
;WIDTH:0.98885
G1 X117.42 Y105.073 E.05679
G1 X116.894 Y104.871 E.04432
;WIDTH:0.99545
G1 X116.428 Y104.788 E.03749
G1 X114.938 Y105.928 F9000
;TYPE:Internal infill
;WIDTH:0.66
G1 F900
G1 X115.59 Y105.687 E.03567
G1 X116.476 Y105.569 E.04586
G1 X117.351 Y105.887 E.04777
G1 X117.657 Y106.063 E.01811
G1 X118.157 Y106.453 E.03254
G1 X118.261 Y106.613 E.00979
G1 X113.427 Y111.446 E.35074
G1 X113.114 Y111.194 E.02062
G1 X112.645 Y110.665 E.03627
G1 X112.933 Y110.55 E.01591
G1 X112.766 Y109.798 E.03953
G1 X112.721 Y109.257 E.02785
G1 X112.829 Y108.56 E.03619
G1 X113.057 Y107.931 E.03433
G1 X113.473 Y107.238 E.04147
G1 X117.546 Y111.311 E.29555
G1 X117.753 Y111.108 E.01488
G1 X118.188 Y110.476 E.03937
G1 X118.521 Y109.678 E.04437
G1 X118.73 Y108.744 E.04911
G1 X118.719 Y107.925 E.04203
;LAYER_CHANGE
;Z:22.1
;HEIGHT:0.200001
;BEFORE_LAYER_CHANGE
G92 E0
;22.1


G1 E-1.4 F3600
;WIPE_START
G1 F7200
G1 X118.73 Y108.744 E-.38906
G1 X118.633 Y109.178 E-.21094
;WIPE_END
G1 Z22.1 F9000
;AFTER_LAYER_CHANGE
;22.1
G1 Z22.1
G1 X120.624 Y109.322
G1 E2 F2400
;TYPE:Perimeter
;WIDTH:0.659999
G1 F900
G1 X120.479 Y109.869 E.02904
G1 X120.313 Y110.351 E.02616
G1 X120.031 Y110.909 E.03208
G1 X119.661 Y111.427 E.03266
G1 X119.153 Y111.951 E.03745
G1 X118.714 Y112.303 E.02887
G1 X117.978 Y112.697 E.04284
G1 X117.262 Y112.917 E.03843
G1 X116.515 Y112.997 E.03855
G1 X115.829 Y112.948 E.03529
G1 X115.305 Y112.864 E.02723
G1 X114.773 Y112.722 E.02825
G1 X114.274 Y112.531 E.02742
G1 X113.665 Y112.193 E.03574
G1 X113.263 Y111.871 E.02643
G1 X112.869 Y111.478 E.02855
G1 X112.466 Y110.941 E.03445
G1 X112.156 Y110.326 E.03534
G1 X111.947 Y109.839 E.02719
G1 X111.785 Y109.301 E.02883
G1 X111.685 Y108.786 E.02692
G1 X111.667 Y108.224 E.02885
G1 X111.785 Y107.396 E.04291
G1 X111.996 Y106.781 E.03336
G1 X112.266 Y106.242 E.03093
G1 X112.77 Y105.558 E.04359
G1 X113.006 Y105.331 E.0168
G1 X113.464 Y104.93 E.03123
G1 X113.927 Y104.618 E.02865
G1 X114.438 Y104.365 E.02926
G1 X115.057 Y104.272 E.03212
G1 X115.626 Y104.243 E.02923
G1 X116.141 Y104.284 E.02651
G1 X116.747 Y104.387 E.03154
G1 X117.245 Y104.534 E.02664
G1 X117.879 Y104.8 E.03528
G1 X118.464 Y105.16 E.03524
G1 X118.866 Y105.473 E.02614
G1 X119.252 Y105.843 E.02744
G1 X119.679 Y106.355 E.03421
G1 X119.941 Y106.782 E.02571
G1 X120.188 Y107.25 E.02715
G1 X120.37 Y107.716 E.02567
G1 X120.545 Y108.36 E.03424
G1 X120.617 Y108.955 E.03075
G1 X120.628 Y109.233 E.01428
G1 X121.234 Y109.373 F9000
;TYPE:External perimeter
;WIDTH:0.629999
G1 F900
G1 X121.061 Y110.024 E.03288
G1 X120.88 Y110.556 E.02743
G1 X120.649 Y111.031 E.02578
G1 X120.388 Y111.458 E.02443
G1 X119.95 Y112.023 E.0349
G1 X119.568 Y112.387 E.02576
G1 X119.037 Y112.813 E.03323
G1 X118.211 Y113.255 E.04573
G1 X117.384 Y113.51 E.04225
G1 X116.531 Y113.601 E.04188
G1 X116.123 Y113.579 E.01995
G1 X115.582 Y113.523 E.02655
G1 X115.084 Y113.432 E.02471
G1 X114.479 Y113.259 E.03072
G1 X113.795 Y112.973 E.03619
G1 X113.165 Y112.571 E.03648
G1 X112.74 Y112.208 E.02728
G1 X112.273 Y111.711 E.03329
G1 X111.949 Y111.252 E.02743
G1 X111.618 Y110.597 E.03583
G1 X111.382 Y110.045 E.02931
G1 X111.205 Y109.461 E.02979
G1 X111.085 Y108.842 E.03078
G1 X111.064 Y108.191 E.0318
G1 X111.195 Y107.266 E.04561
G1 X111.439 Y106.551 E.03688
G1 X111.756 Y105.919 E.03451
G1 X112.315 Y105.16 E.04602
G1 X112.698 Y104.791 E.02596
G1 X113.095 Y104.454 E.02542
G1 X113.63 Y104.093 E.03151
G1 X114.243 Y103.79 E.03338
G1 X114.587 Y103.723 E.01711
G1 X115.192 Y103.656 E.02971
G1 X115.881 Y103.646 E.03364
G1 X116.613 Y103.735 E.036
G1 X117.142 Y103.862 E.02656
G1 X117.658 Y104.039 E.02663
G1 X118.154 Y104.264 E.02659
G1 X118.625 Y104.536 E.02655
G1 X119.066 Y104.85 E.02643
G1 X119.474 Y105.204 E.02637
G1 X119.845 Y105.593 E.02624
G1 X120.174 Y106.01 E.02593
G1 X120.454 Y106.467 E.02616
G1 X120.716 Y106.956 E.02708
G1 X120.908 Y107.43 E.02496
G1 X121.057 Y107.92 E.025
G1 X121.163 Y108.432 E.02552
G1 X121.219 Y108.931 E.02451
G1 X121.233 Y109.283 E.0172
G1 E-1.4 F3600
;WIPE_START
G1 F7200
G1 X121.234 Y109.373 E-.04275
G1 X121.061 Y110.024 E-.31996
G1 X120.9 Y110.497 E-.23729
;WIPE_END
G1 Z24.1 F9000
G1 X119.025 Y108.12
G1 Z22.1
G1 E2 F2400
;TYPE:Internal infill
;WIDTH:0.66
G1 F900
G1 X119.077 Y108.276 E.00844
G1 X119.07 Y108.759 E.02479
G1 X118.842 Y109.661 E.04774
G1 X118.297 Y110.576 E.05465
G1 X117.576 Y111.341 E.05394
G1 X113.541 Y107.307 E.29276
G1 X113.027 Y108.048 E.04627
G1 X112.93 Y108.282 E.013
G1 X112.829 Y108.56 E.01518
G1 X112.645 Y109.64 E.05621
G1 X112.38 Y109.638 E.0136
G1 X112.875 Y110.696 E.05993
G1 X113.464 Y111.41 E.04749
G1 X118.152 Y106.721 E.34022
G1 X117.549 Y106.231 E.03987
G1 X117.008 Y105.949 E.0313
G1 X116.425 Y105.91 E.02998
G1 X115.779 Y105.991 E.03341
G1 X114.779 Y106.384 E.05513
G1 X115.693 Y104.744 F9000
;TYPE:Solid infill
;WIDTH:0.673843
G1 F900
G1 X116.044 Y104.758 E.01843
;WIDTH:0.643286
G1 X116.396 Y104.772 E.01759
;WIDTH:0.660156
G1 X116.702 Y104.88 E.01665
;WIDTH:0.707265
G1 X116.767 Y104.923 E.00431
;WIDTH:0.754375
G1 X116.832 Y104.967 E.00464
;WIDTH:0.801484
G1 X116.897 Y105.01 E.00492
;WIDTH:0.848593
G1 X116.962 Y105.054 E.00526
;WIDTH:0.895702
G1 X117.027 Y105.097 E.00553
;WIDTH:0.942811
G1 X117.092 Y105.141 E.00587
;WIDTH:0.98992
G1 X117.148 Y105.182 E.00547
;WIDTH:0.984307
G1 X117.055 Y105.202 E.00745
;WIDTH:0.93786
G1 X116.961 Y105.222 E.00715
;WIDTH:0.891413
G1 X116.867 Y105.242 E.00678
;WIDTH:0.844966
G1 X116.773 Y105.261 E.0064
;WIDTH:0.798518
G1 X116.679 Y105.281 E.00604
;WIDTH:0.752071
G1 X116.586 Y105.301 E.00561
;WIDTH:0.705624
G1 X116.492 Y105.32 E.00528
;WIDTH:0.659177
G1 X116.398 Y105.34 E.00492
;WIDTH:0.661001
G1 X115.976 Y105.366 E.02173
;WIDTH:0.709272
G1 X115.553 Y105.392 E.02348
;WIDTH:0.747142
G1 X115.202 Y105.491 E.02136
;WIDTH:0.785012
G1 X114.85 Y105.589 E.02255
G1 X114.319 Y105.865 E.03693
;WIDTH:0.764986
G1 X113.884 Y106.151 E.03126
;WIDTH:0.733025
G1 X113.654 Y106.348 E.01738
;WIDTH:0.703873
G1 X113.423 Y106.546 E.01672
;WIDTH:0.67472
G1 X112.844 Y107.192 E.04557
;WIDTH:0.649984
G1 X112.465 Y107.806 E.03642
G1 X112.281 Y108.281 E.02571
G1 X112.168 Y108.803 E.02696
G1 X112.138 Y108.25 E.02796
G1 X112.244 Y107.505 E.03798
G1 X112.429 Y106.99 E.02762
G1 X112.677 Y106.477 E.02876
;WIDTH:0.685283
G1 X113.005 Y106.061 E.0283
;WIDTH:0.712155
G1 X113.247 Y105.82 E.01901
;WIDTH:0.739026
G1 X113.49 Y105.58 E.01977
;WIDTH:0.764986
G1 X113.95 Y105.247 E.0341
;WIDTH:0.785012
G1 X114.519 Y104.925 E.04034
G1 X114.741 Y104.862 E.01424
;WIDTH:0.775275
G1 X115.063 Y104.806 E.0199
;WIDTH:0.743396
G1 X115.385 Y104.749 E.01905
G1 X117.157 Y105.184 F9000
;WIDTH:0.98992
G1 F900
G1 X117.936 Y105.564 E.06825
;WIDTH:0.973764
G1 X118.621 Y106.099 E.06727
;WIDTH:0.977062
G1 X119.165 Y106.728 E.06459
;WIDTH:0.988088
G1 X119.497 Y107.28 E.05062
G1 X119.821 Y108.066 E.06681
;WIDTH:0.976028
G1 X119.849 Y108.214 E.01169
G1 X119.826 Y108.291 E.00624
;WIDTH:0.930662
G1 X119.803 Y108.368 E.00593
;WIDTH:0.885296
G1 X119.78 Y108.444 E.00556
;WIDTH:0.839929
G1 X119.758 Y108.521 E.00531
;WIDTH:0.794563
G1 X119.737 Y108.586 E.00427
;WIDTH:0.755574
G1 X119.717 Y108.652 E.00409
;WIDTH:0.716584
G1 X119.696 Y108.718 E.00388
;WIDTH:0.677595
G1 X119.676 Y108.784 E.00364
;WIDTH:0.638605
G1 X119.508 Y109.554 E.03904
;WIDTH:0.611512
G1 X119.382 Y109.906 E.01768
;WIDTH:0.618183
G1 X119.142 Y110.385 E.02563
G1 X118.774 Y110.919 E.03102
;WIDTH:0.601278
G1 X118.374 Y111.36 E.02764
;WIDTH:0.575946
G1 X118.262 Y111.475 E.00711
;WIDTH:0.60445
G1 X118.239 Y111.534 E.00296
;WIDTH:0.65002
G1 X118.215 Y111.593 E.00322
;WIDTH:0.69559
G1 X118.191 Y111.653 E.00351
;WIDTH:0.74116
G1 X118.167 Y111.712 E.0037
;WIDTH:0.782798
G1 X118.128 Y111.769 E.00425
;WIDTH:0.824436
G1 X118.089 Y111.826 E.00449
;WIDTH:0.866074
G1 X118.05 Y111.883 E.00473
;WIDTH:0.907712
G1 X118.011 Y111.94 E.00497
;WIDTH:0.94935
G1 X117.972 Y111.997 E.00521
G1 X118.056 Y111.98 E.00646
;WIDTH:0.900894
G1 X118.139 Y111.962 E.00606
;WIDTH:0.852438
G1 X118.222 Y111.945 E.0057
;WIDTH:0.803981
G1 X118.305 Y111.928 E.00536
;WIDTH:0.755525
G1 X118.388 Y111.91 E.00503
;WIDTH:0.707069
G1 X118.471 Y111.893 E.00468
;WIDTH:0.658612
G1 X118.54 Y111.872 E.00369
;WIDTH:0.608746
G1 X118.61 Y111.852 E.00343
;WIDTH:0.601391
G1 X119.155 Y111.334 E.03492
;WIDTH:0.601667
G1 X119.159 Y111.329 E.0003
;WIDTH:0.615998
G1 X119.596 Y110.735 E.03514
G1 X119.891 Y110.158 E.03088
;WIDTH:0.611512
G1 X120.061 Y109.685 E.02376
;WIDTH:0.622809
G1 X120.17 Y109.203 E.02383
;WIDTH:0.638605
G1 X120.122 Y108.743 E.02291
;WIDTH:0.685835
G1 X120.083 Y108.669 E.00447
;WIDTH:0.733065
G1 X120.044 Y108.595 E.0048
;WIDTH:0.780294
G1 X120.005 Y108.521 E.00513
;WIDTH:0.827524
G1 X119.967 Y108.447 E.00543
;WIDTH:0.874754
G1 X119.928 Y108.374 E.00572
;WIDTH:0.921984
G1 X119.889 Y108.3 E.00611
;WIDTH:0.969213
G1 X119.85 Y108.226 E.00644
G1 E-1.4 F3600
;WIPE_START
G1 F7200
G1 X119.889 Y108.3 E-.03973
G1 X119.928 Y108.374 E-.03973
G1 X119.967 Y108.447 E-.03931
G1 X120.005 Y108.521 E-.03951
G1 X120.044 Y108.595 E-.03973
G1 X120.083 Y108.669 E-.03973
G1 X120.122 Y108.743 E-.03973
G1 X120.17 Y109.203 E-.21969
G1 X120.122 Y109.414 E-.10284
;WIPE_END
G1 Z24.1 F9000
G1 X117.972 Y111.997
G1 Z22.1
G1 E2 F2400
;WIDTH:0.94935
G1 F900
G1 X117.748 Y112.144 E.02019
;LAYER_CHANGE
;Z:22.3
;HEIGHT:0.199999
;BEFORE_LAYER_CHANGE
G92 E0
;22.3


G1 E-1.4 F3600
;WIPE_START
G1 F7200
G1 X117.972 Y111.997 E-.12727
;WIPE_END
G1 E-.47273 F3600
G1 Z22.3 F9000
;AFTER_LAYER_CHANGE
;22.3
G1 Z24.3
G1 X115.201 Y104.458
G1 Z22.3
G1 E2 F2400
;TYPE:Perimeter
;WIDTH:0.659999
G1 F900
G1 X115.933 Y104.453 E.03756
G1 X116.566 Y104.55 E.03286
G1 X117.05 Y104.679 E.0257
G1 X117.554 Y104.873 E.02771
G1 X118.029 Y105.118 E.02742
G1 X118.598 Y105.503 E.03525
G1 X119.102 Y105.975 E.03543
G1 X119.463 Y106.405 E.02881
G1 X119.841 Y106.985 E.03552
G1 X120.123 Y107.618 E.03556
G1 X120.289 Y108.155 E.02884
G1 X120.412 Y108.834 E.03541
G1 X120.426 Y109.518 E.0351
G1 X120.367 Y110.102 E.03012
G1 X120.219 Y110.758 E.03451
G1 X119.984 Y111.359 E.03311
G1 X119.679 Y111.926 E.03304
G1 X119.352 Y112.238 E.02319
G1 X118.941 Y112.556 E.02666
G1 X118.454 Y112.848 E.02914
G1 X117.917 Y113.088 E.03018
G1 X117.152 Y113.283 E.04051
G1 X116.329 Y113.332 E.0423
G1 X115.626 Y113.237 E.0364
G1 X115.161 Y113.08 E.02518
G1 X114.655 Y112.87 E.02811
G1 X114.211 Y112.631 E.02587
G1 X113.739 Y112.319 E.02903
G1 X113.26 Y111.891 E.03296
G1 X112.842 Y111.429 E.03197
G1 X112.512 Y110.918 E.03121
G1 X112.186 Y110.124 E.04404
G1 X112.044 Y109.443 E.03569
G1 X111.991 Y108.749 E.03571
G1 X112.015 Y108.091 E.03378
G1 X112.15 Y107.356 E.03834
G1 X112.443 Y106.623 E.0405
G1 X112.645 Y106.294 E.01981
G1 X112.997 Y105.813 E.03058
G1 X113.396 Y105.423 E.02863
G1 X114.077 Y104.928 E.0432
G1 X114.696 Y104.629 E.03527
G1 X115.115 Y104.484 E.02275
G1 X115.011 Y103.888 F9000
;TYPE:External perimeter
;WIDTH:0.629999
G1 F900
G1 X115.102 Y103.857 E.00469
G1 X115.725 Y103.853 E.03041
G1 X116.309 Y103.894 E.02858
G1 X116.831 Y103.992 E.02593
G1 X117.346 Y104.143 E.0262
G1 X117.849 Y104.345 E.02646
G1 X118.33 Y104.597 E.02651
G1 X118.785 Y104.896 E.02658
G1 X119.176 Y105.21 E.02448
G1 X119.543 Y105.565 E.02493
G1 X119.913 Y106.003 E.02799
G1 X120.209 Y106.432 E.02544
G1 X120.474 Y106.91 E.02668
G1 X120.689 Y107.412 E.02666
G1 X120.853 Y107.931 E.02657
G1 X120.965 Y108.464 E.02659
G1 X121.023 Y109.004 E.02651
G1 X121.027 Y109.548 E.02656
G1 X120.962 Y110.192 E.0316
G1 X120.846 Y110.738 E.02725
G1 X120.67 Y111.28 E.02782
G1 X120.419 Y111.842 E.03005
G1 X120.156 Y112.3 E.02578
G1 X119.734 Y112.704 E.02852
G1 X119.169 Y113.127 E.03445
G1 X118.737 Y113.38 E.02444
G1 X118.107 Y113.661 E.03367
G1 X117.245 Y113.881 E.04343
G1 X116.306 Y113.936 E.04592
G1 X115.488 Y113.826 E.04029
G1 X114.669 Y113.55 E.04219
G1 X114.072 Y113.252 E.03257
G1 X113.556 Y112.935 E.02956
G1 X113.129 Y112.611 E.02617
G1 X112.718 Y112.201 E.02834
G1 X112.237 Y111.627 E.03656
G1 X111.973 Y111.189 E.02496
G1 X111.613 Y110.311 E.04632
G1 X111.491 Y109.823 E.02456
G1 X111.416 Y109.306 E.0255
G1 X111.389 Y108.753 E.02703
G1 X111.415 Y108.025 E.03556
G1 X111.569 Y107.188 E.04154
G1 X111.903 Y106.352 E.04395
G1 X112.132 Y105.98 E.02132
G1 X112.55 Y105.409 E.03454
G1 X113.006 Y104.962 E.03117
G1 X113.761 Y104.413 E.04557
G1 X114.479 Y104.067 E.03891
G1 X114.926 Y103.916 E.02303
G1 E-1.4 F3600
;WIPE_START
G1 F7200
G1 X115.011 Y103.888 E-.04251
G1 X115.102 Y103.857 E-.04566
G1 X115.725 Y103.853 E-.29593
G1 X116.179 Y103.884 E-.2159
;WIPE_END
G1 Z24.3 F9000
G1 X118.854 Y108.3
G1 Z22.3
G1 E2 F2400
;TYPE:Internal infill
;WIDTH:0.66
G1 F900
G1 X118.956 Y108.632 E.01782
G1 X119.025 Y109.32 E.03548
G1 X118.956 Y110.007 E.03543
G1 X118.861 Y110.316 E.01659
G1 X118.323 Y110.979 E.04381
G1 X117.687 Y111.453 E.0407
G1 X113.556 Y107.321 E.2998
G1 X114.324 Y106.755 E.04895
G1 X114.992 Y106.478 E.03711
G1 X116.219 Y106.258 E.06396
G1 X117.052 Y106.299 E.04279
G1 X117.412 Y106.393 E.01909
G1 X117.996 Y106.878 E.03895
G1 X113.457 Y111.417 E.32937
G1 X114.165 Y112.045 E.04856
G1 X114.895 Y112.459 E.04306
G1 X114.938 Y112.166 E.01519
G1 X115.804 Y112.138 E.04446
G1 X116.542 Y111.999 E.03853
G1 X115.736 Y112.764 F9000
;TYPE:Solid infill
;WIDTH:0.718706
G1 F900
G1 X115.89 Y112.764 E.00865
;WIDTH:0.761425
G1 X116.043 Y112.763 E.00914
;WIDTH:0.804145
G1 X116.197 Y112.762 E.00975
;WIDTH:0.846864
G1 X116.35 Y112.761 E.01023
;WIDTH:0.878949
G1 X116.559 Y112.733 E.01466
;WIDTH:0.911034
G1 X116.768 Y112.704 E.01523
G1 E-1.4 F3600
;WIPE_START
G1 F7200
G1 X116.559 Y112.733 E-.10023
G1 X116.35 Y112.761 E-.10016
G1 X116.197 Y112.762 E-.07268
G1 X116.043 Y112.763 E-.07315
G1 X115.89 Y112.764 E-.07268
G1 X115.736 Y112.764 E-.07315
;WIPE_END
G1 E-.10795 F3600
G1 Z24.3 F9000
G1 X113.316 Y106.659
G1 Z22.3
G1 E2 F2400
;WIDTH:0.75756
G1 F900
G1 X113.407 Y106.616 E.00598
;WIDTH:0.710855
G1 X113.497 Y106.573 E.00554
;WIDTH:0.664149
G1 X113.588 Y106.529 E.00522
;WIDTH:0.617444
G1 X113.678 Y106.486 E.00476
;WIDTH:0.598579
G1 X113.872 Y106.35 E.01095
;WIDTH:0.62642
G1 X114.065 Y106.214 E.01146
;WIDTH:0.663475
G1 X114.35 Y106.075 E.01636
;WIDTH:0.700529
G1 X114.635 Y105.937 E.01731
;WIDTH:0.731959
G1 X115.027 Y105.816 E.0235
;WIDTH:0.763388
G1 X115.418 Y105.696 E.0245
G1 X115.893 Y105.647 E.02861
;WIDTH:0.728408
G1 X116.206 Y105.643 E.01784
;WIDTH:0.688373
G1 X116.52 Y105.638 E.01685
;WIDTH:0.648337
G1 X116.821 Y105.685 E.01534
;WIDTH:0.608612
G1 X117.122 Y105.732 E.01433
;WIDTH:0.568887
G1 X117.383 Y105.82 E.01205
;WIDTH:0.536592
G1 X117.645 Y105.909 E.01136
;WIDTH:0.509972
G1 X118.039 Y106.168 E.01831
G1 X118.621 Y106.73 E.03142
;WIDTH:0.507345
G1 X118.858 Y107.047 E.01528
;WIDTH:0.500137
G1 X119.232 Y107.73 E.0296
G1 X119.474 Y108.49 E.03032
G1 X119.561 Y109.283 E.03033
G1 X119.489 Y110.078 E.03035
;WIDTH:0.520789
G1 X119.348 Y110.563 E.02007
;WIDTH:0.54942
G1 X119.211 Y110.793 E.01127
;WIDTH:0.57805
G1 X119.074 Y111.024 E.01195
;WIDTH:0.610479
G1 X118.727 Y111.413 E.0246
G1 X118.294 Y111.756 E.02607
;WIDTH:0.607657
G1 X117.833 Y112.04 E.02543
;WIDTH:0.601726
G1 X117.442 Y112.248 E.02058
;WIDTH:0.553911
G1 X117.256 Y112.315 E.0084
;WIDTH:0.587816
G1 X117.195 Y112.363 E.00352
;WIDTH:0.63399
G1 X117.134 Y112.412 E.00385
;WIDTH:0.680164
G1 X117.073 Y112.461 E.00415
;WIDTH:0.726338
G1 X117.012 Y112.51 E.00445
;WIDTH:0.772512
G1 X116.951 Y112.558 E.00471
;WIDTH:0.818686
G1 X116.89 Y112.607 E.00505
;WIDTH:0.86486
G1 X116.829 Y112.656 E.00535
;WIDTH:0.911034
G1 X116.768 Y112.704 E.0056
G1 X116.848 Y112.715 E.00583
;WIDTH:0.86486
G1 X116.928 Y112.725 E.00551
;WIDTH:0.818686
G1 X117.008 Y112.736 E.00521
;WIDTH:0.772512
G1 X117.088 Y112.746 E.00489
;WIDTH:0.726338
G1 X117.168 Y112.757 E.00459
;WIDTH:0.680164
G1 X117.248 Y112.767 E.00427
;WIDTH:0.63399
G1 X117.328 Y112.778 E.00397
;WIDTH:0.587816
G1 X117.408 Y112.789 E.00366
;WIDTH:0.575821
G1 X117.797 Y112.669 E.01804
;WIDTH:0.605172
G1 X118.558 Y112.255 E.0405
;WIDTH:0.610907
G1 X119.081 Y111.857 E.03104
;WIDTH:0.620059
G1 X119.344 Y111.599 E.01768
G1 X119.556 Y111.193 E.02198
;WIDTH:0.570424
G1 X119.767 Y110.787 E.02007
;WIDTH:0.520789
G1 X119.923 Y110.233 E.02287
;WIDTH:0.518851
G1 X120.008 Y109.741 E.01976
G1 X120.008 Y108.898 E.03336
G1 X119.917 Y108.376 E.02097
G1 X119.822 Y107.978 E.01619
G1 X119.494 Y107.201 E.03338
;WIDTH:0.518574
G1 X119.221 Y106.773 E.02008
;WIDTH:0.50735
G1 X118.943 Y106.396 E.01809
;WIDTH:0.509972
G1 X118.364 Y105.833 E.03136
G1 X117.896 Y105.522 E.02182
;WIDTH:0.544817
G1 X117.567 Y105.339 E.01571
;WIDTH:0.590815
G1 X117.172 Y105.209 E.01894
;WIDTH:0.636813
G1 X116.778 Y105.079 E.02049
;WIDTH:0.682611
G1 X116.352 Y105.024 E.02285
;WIDTH:0.728408
G1 X115.925 Y104.968 E.02455
;WIDTH:0.763388
G1 X115.335 Y104.984 E.03536
G1 X114.8 Y105.14 E.03339
;WIDTH:0.737935
G1 X114.336 Y105.352 E.02948
;WIDTH:0.700529
G1 X114.059 Y105.53 E.018
;WIDTH:0.663475
G1 X113.782 Y105.709 E.01702
;WIDTH:0.62642
G1 X113.575 Y105.882 E.01309
;WIDTH:0.599974
G1 X113.369 Y106.054 E.01243
;WIDTH:0.612398
G1 X113.294 Y106.175 E.00674
;WIDTH:0.651268
G1 X113.22 Y106.295 E.00713
;WIDTH:0.690137
G1 X113.146 Y106.415 E.00759
;WIDTH:0.732354
G1 X113.124 Y106.491 E.00454
;WIDTH:0.774571
G1 X113.103 Y106.566 E.00474
;WIDTH:0.816788
G1 X113.081 Y106.642 E.00509
;WIDTH:0.859005
G1 X113.06 Y106.717 E.00529
;WIDTH:0.901222
G1 X113.038 Y106.793 E.00565
;LAYER_CHANGE
;Z:22.5
;HEIGHT:0.200001
;BEFORE_LAYER_CHANGE
G92 E0
;22.5


G1 E-1.4 F3600
;WIPE_START
G1 F7200
G1 X113.06 Y106.717 E-.03758
G1 X113.081 Y106.642 E-.037
G1 X113.103 Y106.566 E-.03758
G1 X113.124 Y106.491 E-.037
G1 X113.146 Y106.415 E-.03758
G1 X113.22 Y106.295 E-.06697
G1 X113.294 Y106.175 E-.06697
G1 X113.369 Y106.054 E-.06762
G1 X113.575 Y105.882 E-.12747
G1 X113.711 Y105.768 E-.08423
;WIPE_END
G1 Z22.5 F9000
;AFTER_LAYER_CHANGE
;22.5
G1 Z24.5
G1 X115.941 Y104.659
G1 Z22.5
G1 E2 F2400
;TYPE:Perimeter
;WIDTH:0.659999
G1 F900
G1 X116.433 Y104.722 E.02545
G1 X116.982 Y104.866 E.02912
G1 X117.451 Y105.044 E.02574
G1 X117.922 Y105.289 E.02724
G1 X118.473 Y105.659 E.03405
G1 X118.955 Y106.11 E.03387
G1 X119.303 Y106.524 E.02775
G1 X119.666 Y107.08 E.03407
G1 X119.937 Y107.69 E.03425
G1 X120.093 Y108.196 E.02717
G1 X120.213 Y108.853 E.03427
G1 X120.226 Y109.521 E.03428
G1 X120.213 Y109.786 E.01361
G1 X120.094 Y110.44 E.03411
G1 X119.935 Y110.955 E.02766
G1 X119.668 Y111.555 E.0337
G1 X119.376 Y112.024 E.02835
G1 X118.964 Y112.519 E.03305
G1 X118.538 Y112.921 E.03005
G1 X118.043 Y113.284 E.0315
G1 X117.545 Y113.551 E.02899
G1 X117.123 Y113.632 E.02205
G1 X116.55 Y113.67 E.02947
G1 X115.958 Y113.626 E.03046
G1 X115.367 Y113.521 E.0308
G1 X114.799 Y113.319 E.03093
G1 X114.326 Y113.049 E.02795
G1 X113.852 Y112.717 E.02969
G1 X113.472 Y112.345 E.02729
G1 X113.068 Y111.876 E.03176
G1 X112.697 Y111.323 E.03417
G1 X112.394 Y110.71 E.03509
G1 X112.221 Y110.13 E.03106
G1 X112.132 Y109.466 E.03437
G1 X112.127 Y108.862 E.03099
G1 X112.215 Y108.224 E.03305
G1 X112.37 Y107.672 E.02942
G1 X112.614 Y107.057 E.03395
G1 X112.85 Y106.611 E.02589
G1 X113.132 Y106.19 E.026
G1 X113.557 Y105.734 E.03198
G1 X114.209 Y105.246 E.04179
G1 X114.616 Y105.032 E.02359
G1 X115.418 Y104.751 E.0436
G1 X115.853 Y104.675 E.02266
G1 X115.929 Y104.051 F9000
;TYPE:External perimeter
;WIDTH:0.629999
G1 F900
G1 X116.382 Y104.108 E.02229
G1 X117.017 Y104.242 E.03168
G1 X117.499 Y104.406 E.02485
G1 X118.078 Y104.685 E.03137
G1 X118.612 Y105.018 E.03072
G1 X119.02 Y105.338 E.02531
G1 X119.396 Y105.7 E.02548
G1 X119.739 Y106.103 E.02583
G1 X120.039 Y106.537 E.02575
G1 X120.295 Y106.999 E.02578
G1 X120.503 Y107.484 E.02576
G1 X120.661 Y107.987 E.02574
G1 X120.769 Y108.502 E.02569
G1 X120.824 Y109.025 E.02567
G1 X120.827 Y109.551 E.02568
G1 X120.813 Y109.846 E.01442
G1 X120.734 Y110.367 E.02572
G1 X120.604 Y110.877 E.02569
G1 X120.424 Y111.372 E.02571
G1 X120.196 Y111.846 E.02568
G1 X119.869 Y112.369 E.03011
G1 X119.549 Y112.779 E.02539
G1 X119.188 Y113.157 E.02552
G1 X118.789 Y113.498 E.02562
G1 X118.358 Y113.799 E.02566
G1 X117.753 Y114.122 E.03348
G1 X117.415 Y114.194 E.01687
G1 X116.885 Y114.267 E.02612
G1 X116.283 Y114.276 E.02939
G1 X115.674 Y114.196 E.02998
G1 X115.035 Y114.055 E.03194
G1 X114.54 Y113.865 E.02588
G1 X114.028 Y113.572 E.0288
G1 X113.607 Y113.29 E.02474
G1 X113.168 Y112.89 E.02899
G1 X112.767 Y112.45 E.02906
G1 X112.454 Y112.052 E.02472
G1 X112.177 Y111.627 E.02476
G1 X111.931 Y111.144 E.02646
G1 X111.682 Y110.481 E.03457
G1 X111.57 Y109.98 E.02506
G1 X111.503 Y109.17 E.03968
G1 X111.586 Y108.324 E.0415
G1 X111.704 Y107.815 E.02551
G1 X111.872 Y107.287 E.02705
G1 X112.081 Y106.774 E.02704
G1 X112.403 Y106.187 E.03268
G1 X112.789 Y105.653 E.03216
G1 X113.161 Y105.279 E.02575
G1 X113.887 Y104.735 E.04429
G1 X114.375 Y104.479 E.0269
G1 X115.266 Y104.167 E.04608
G1 X115.84 Y104.066 E.02845
G1 X116.002 Y105.173 F9000
;TYPE:Solid infill
;WIDTH:0.702242
G1 F900
G1 X116.745 Y105.296 E.04129
;WIDTH:0.672444
G1 X117.08 Y105.413 E.01857
;WIDTH:0.646866
G1 X117.416 Y105.53 E.01787
;WIDTH:0.621287
G1 X117.645 Y105.646 E.01235
;WIDTH:0.596094
G1 X117.875 Y105.762 E.01185
;WIDTH:0.615862
G1 X117.901 Y105.811 E.00264
;WIDTH:0.660824
G1 X117.927 Y105.861 E.0029
;WIDTH:0.705786
G1 X117.953 Y105.911 E.00311
;WIDTH:0.750748
G1 X117.98 Y105.96 E.00329
;WIDTH:0.795709
G1 X118.006 Y106.01 E.00353
;WIDTH:0.840671
G1 X118.032 Y106.059 E.00368
;WIDTH:0.885633
G1 X118.058 Y106.109 E.00395
;WIDTH:0.930595
G1 X118.084 Y106.159 E.00416
;WIDTH:0.975556
G1 X118.111 Y106.208 E.00434
G1 X118.055 Y106.209 E.00434
;WIDTH:0.930595
G1 X117.999 Y106.209 E.00413
;WIDTH:0.885633
G1 X117.943 Y106.209 E.00392
;WIDTH:0.840671
G1 X117.887 Y106.209 E.00371
;WIDTH:0.795709
G1 X117.831 Y106.21 E.00351
;WIDTH:0.750748
G1 X117.775 Y106.21 E.0033
;WIDTH:0.705786
G1 X117.719 Y106.21 E.00309
;WIDTH:0.660824
G1 X117.663 Y106.21 E.00288
;WIDTH:0.615862
G1 X117.607 Y106.211 E.00267
;WIDTH:0.596094
G1 X117.426 Y106.146 E.00885
;WIDTH:0.621287
G1 X117.246 Y106.081 E.0092
;WIDTH:0.647121
G1 X116.864 Y105.981 E.01984
;WIDTH:0.672955
G1 X116.482 Y105.882 E.02067
;WIDTH:0.702242
G1 X115.92 Y105.826 E.03096
G1 X115.637 Y105.837 E.01553
;WIDTH:0.671587
G1 X115.294 Y105.9 E.01823
;WIDTH:0.632884
G1 X114.95 Y105.964 E.01716
;WIDTH:0.594181
G1 X114.373 Y106.118 E.02737
G1 X113.847 Y106.361 E.02656
G1 X113.237 Y106.826 E.03516
G1 X113.375 Y106.598 E.01222
G1 X113.854 Y106.065 E.03285
G1 X114.431 Y105.632 E.03307
G1 X114.812 Y105.432 E.01972
;WIDTH:0.632884
G1 X115.164 Y105.329 E.01799
;WIDTH:0.671587
G1 X115.516 Y105.226 E.01917
;WIDTH:0.682916
G1 X115.696 Y105.207 E.00963
G1 E-1.4 F3600
;WIPE_START
G1 F7200
G1 X115.516 Y105.226 E-.08597
G1 X115.164 Y105.329 E-.17421
G1 X114.812 Y105.432 E-.17421
G1 X114.504 Y105.594 E-.16561
;WIPE_END
G1 Z24.5 F9000
G1 X118.111 Y106.208
G1 Z22.5
G1 E2 F2400
;WIDTH:0.975556
G1 F900
G1 X118.608 Y106.68 E.05315
;WIDTH:0.97402
G1 X118.902 Y107.047 E.03641
G1 X119.256 Y107.695 E.05717
;WIDTH:0.972496
G1 X119.504 Y108.459 E.06209
G1 X119.596 Y109.259 E.06224
G1 X119.528 Y110.061 E.06221
G1 X119.302 Y110.833 E.06218
;WIDTH:0.973584
G1 X118.928 Y111.546 E.06231
G1 X118.418 Y112.169 E.0623
;WIDTH:0.982008
G1 X118.1 Y112.437 E.03247
G1 E-1.4 F3600
;WIPE_START
G1 F7200
G1 X118.418 Y112.169 E-.19754
G1 X118.928 Y111.546 E-.38244
G1 X118.948 Y111.509 E-.02002
;WIPE_END
G1 Z24.5 F9000
G1 X115.5 Y112.915
G1 Z22.5
G1 E2 F2400
;WIDTH:0.922192
G1 F900
G1 X115.266 Y112.861 E.01756
;WIDTH:0.876448
G1 X115.032 Y112.807 E.01664
G1 X116.915 Y112.627 F9000
;WIDTH:0.595407
G1 F900
G1 X116.31 Y112.727 E.02817
;WIDTH:0.56555
G1 X116.096 Y112.724 E.0093
;WIDTH:0.589152
G1 X116.021 Y112.748 E.00358
;WIDTH:0.636729
G1 X115.947 Y112.772 E.00384
;WIDTH:0.684306
G1 X115.872 Y112.795 E.00418
;WIDTH:0.731883
G1 X115.798 Y112.819 E.00446
;WIDTH:0.779461
G1 X115.723 Y112.843 E.00482
;WIDTH:0.827038
G1 X115.649 Y112.867 E.00507
;WIDTH:0.874615
G1 X115.574 Y112.891 E.00545
;WIDTH:0.922192
G1 X115.5 Y112.915 E.00569
G1 X115.57 Y112.953 E.00582
;WIDTH:0.874615
G1 X115.64 Y112.991 E.00551
;WIDTH:0.827038
G1 X115.711 Y113.029 E.00525
;WIDTH:0.779461
G1 X115.781 Y113.068 E.00491
;WIDTH:0.731883
G1 X115.852 Y113.106 E.00461
;WIDTH:0.684306
G1 X115.922 Y113.144 E.00425
;WIDTH:0.636729
G1 X115.993 Y113.182 E.00398
;WIDTH:0.589152
G1 X116.063 Y113.22 E.00362
;WIDTH:0.56555
G1 X116.362 Y113.245 E.01304
;WIDTH:0.601924
G1 X116.829 Y113.217 E.02175
;WIDTH:0.609969
G1 X117.342 Y113.129 E.02454
;WIDTH:0.6397
G1 X117.564 Y113.003 E.01267
;WIDTH:0.66943
G1 X117.785 Y112.878 E.01323
;WIDTH:0.7128
G1 X117.829 Y112.817 E.00419
;WIDTH:0.75617
G1 X117.873 Y112.756 E.00446
;WIDTH:0.79954
G1 X117.916 Y112.694 E.00475
;WIDTH:0.84291
G1 X117.96 Y112.633 E.005
;WIDTH:0.88628
G1 X118.004 Y112.572 E.00527
;WIDTH:0.92965
G1 X118.048 Y112.51 E.00561
;WIDTH:0.97302
G1 X118.091 Y112.449 E.00577
;WIDTH:0.982008
G1 X118.1 Y112.437 E.00117
G1 X117.99 Y112.454 E.00869
;WIDTH:0.935559
G1 X117.88 Y112.472 E.00827
;WIDTH:0.88911
G1 X117.77 Y112.489 E.00783
;WIDTH:0.842661
G1 X117.66 Y112.506 E.0074
;WIDTH:0.796212
G1 X117.55 Y112.524 E.00698
;WIDTH:0.749763
G1 X117.44 Y112.541 E.00654
;WIDTH:0.703314
G1 X117.33 Y112.559 E.00612
;WIDTH:0.656864
G1 X117.22 Y112.576 E.00568
G1 E-1.4 F3600
;WIPE_START
G1 F7200
G1 X117.33 Y112.559 E-.05287
G1 X117.44 Y112.541 E-.05294
G1 X117.55 Y112.524 E-.05287
G1 X117.66 Y112.506 E-.05294
G1 X117.77 Y112.489 E-.05287
G1 X117.88 Y112.472 E-.05287
G1 X117.99 Y112.454 E-.05294
G1 X118.1 Y112.437 E-.05287
G1 X118.091 Y112.449 E-.00713
G1 X118.048 Y112.51 E-.03545
G1 X118.004 Y112.572 E-.03611
G1 X117.96 Y112.633 E-.03573
G1 X117.916 Y112.694 E-.03573
G1 X117.884 Y112.74 E-.02668
;WIPE_END
G1 Z24.5 F9000
G1 X118.616 Y108.206
G1 Z22.5
G1 E2 F2400
;TYPE:Internal infill
;WIDTH:0.66
G1 F900
G1 X118.76 Y108.672 E.02503
G1 X118.825 Y109.32 E.03342
G1 X118.76 Y109.968 E.03342
G1 X118.568 Y110.59 E.0334
G1 X118.257 Y111.162 E.03341
G1 X117.864 Y111.63 E.03136
G1 X113.551 Y107.316 E.313
G1 X114.067 Y106.908 E.03375
G1 X114.903 Y106.564 E.04639
G1 X115.767 Y106.454 E.04469
G1 X116.423 Y106.502 E.03375
G1 X117.337 Y106.716 E.04817
G1 X117.697 Y106.863 E.01995
G1 X117.857 Y107.017 E.01139
G1 X113.379 Y111.494 E.3249
G1 X112.836 Y110.534 E.05659
G1 X112.638 Y109.818 E.03812
G1 X112.583 Y109.161 E.03383
G1 X112.613 Y108.706 E.0234
G1 X112.774 Y107.988 E.03776
;LAYER_CHANGE
;Z:22.7
;HEIGHT:0.200001
;BEFORE_LAYER_CHANGE
G92 E0
;22.7


G1 E-1.4 F3600
;WIPE_START
G1 F7200
G1 X112.613 Y108.706 E-.34952
G1 X112.583 Y109.161 E-.21659
G1 X112.589 Y109.232 E-.03389
;WIPE_END
G1 Z22.7 F9000
;AFTER_LAYER_CHANGE
;22.7
G1 Z24.7
G1 X116.593 Y104.995
G1 Z22.7
G1 E2 F2400
;TYPE:Perimeter
;WIDTH:0.659999
G1 F900
G1 X116.819 Y105.022 E.01168
G1 X117.337 Y105.23 E.02864
G1 X117.844 Y105.473 E.02885
G1 X118.349 Y105.816 E.03132
G1 X118.805 Y106.242 E.03202
G1 X119.145 Y106.646 E.02709
G1 X119.49 Y107.176 E.03245
G1 X119.749 Y107.759 E.03273
G1 X119.899 Y108.243 E.026
G1 X120.014 Y108.873 E.03286
G1 X120.026 Y109.516 E.033
G1 X120.014 Y109.766 E.01284
G1 X119.896 Y110.409 E.03354
G1 X119.744 Y110.896 E.02618
G1 X119.499 Y111.445 E.03085
G1 X119.152 Y111.961 E.03191
G1 X118.733 Y112.478 E.03415
G1 X118.26 Y112.885 E.03202
G1 X117.831 Y113.173 E.02651
G1 X117.296 Y113.448 E.03087
G1 X116.824 Y113.617 E.02572
G1 X116.175 Y113.755 E.03404
G1 X115.499 Y113.79 E.03473
G1 X115.004 Y113.763 E.02544
G1 X114.655 Y113.628 E.0192
G1 X113.996 Y113.256 E.03883
G1 X113.481 Y112.835 E.03413
G1 X113.013 Y112.292 E.03678
G1 X112.633 Y111.628 E.03925
G1 X112.42 Y111.109 E.02879
G1 X112.196 Y110.319 E.04213
G1 X112.129 Y109.7 E.03195
G1 X112.121 Y109.117 E.02992
G1 X112.242 Y108.405 E.03706
G1 X112.506 Y107.675 E.03983
G1 X112.786 Y107.193 E.0286
G1 X113.202 Y106.598 E.03725
G1 X113.882 Y105.899 E.05004
G1 X114.183 Y105.678 E.01916
G1 X114.68 Y105.378 E.02979
G1 X115.436 Y105.099 E.04135
G1 X116.366 Y104.967 E.0482
G1 X116.504 Y104.984 E.00713
G1 X116.606 Y104.364 F9000
;TYPE:External perimeter
;WIDTH:0.629999
G1 F900
G1 X116.993 Y104.444 E.01929
G1 X117.879 Y104.798 E.04658
G1 X118.47 Y105.162 E.03388
G1 X118.877 Y105.479 E.02518
G1 X119.247 Y105.833 E.025
G1 X119.578 Y106.221 E.0249
G1 X119.868 Y106.64 E.02488
G1 X120.115 Y107.085 E.02484
G1 X120.315 Y107.553 E.02484
G1 X120.468 Y108.037 E.02478
G1 X120.571 Y108.534 E.02478
G1 X120.625 Y109.039 E.02479
G1 X120.627 Y109.546 E.02475
G1 X120.614 Y109.826 E.01368
G1 X120.538 Y110.327 E.02474
G1 X120.413 Y110.818 E.02473
G1 X120.24 Y111.295 E.02477
G1 X120.022 Y111.746 E.02445
G1 X119.49 Y112.538 E.04657
G1 X118.951 Y113.094 E.0378
G1 X118.563 Y113.41 E.02443
G1 X118.142 Y113.689 E.02465
G1 X117.528 Y114.004 E.03369
G1 X116.989 Y114.197 E.02795
G1 X116.253 Y114.354 E.03674
G1 X115.526 Y114.391 E.03554
G1 X114.865 Y114.355 E.03232
G1 X114.397 Y114.173 E.02451
G1 X113.655 Y113.755 E.04157
G1 X113.059 Y113.268 E.03757
G1 X112.519 Y112.641 E.04039
G1 X112.09 Y111.892 E.04214
G1 X111.85 Y111.305 E.03096
G1 X111.603 Y110.434 E.0442
G1 X111.531 Y109.765 E.03285
G1 X111.521 Y109.056 E.03461
G1 X111.658 Y108.251 E.03986
G1 X111.958 Y107.419 E.04317
G1 X112.411 Y106.639 E.04403
G1 X112.747 Y106.203 E.02687
G1 X113.486 Y105.443 E.05175
G1 X113.827 Y105.193 E.02064
G1 X114.43 Y104.829 E.03438
G1 X115.282 Y104.515 E.04433
G1 X116.026 Y104.393 E.0368
G1 X116.516 Y104.364 E.02396
G1 E-1.4 F3600
;WIPE_START
G1 F7200
G1 X116.606 Y104.364 E-.04275
G1 X116.993 Y104.444 E-.18771
G1 X117.716 Y104.733 E-.36954
;WIPE_END
G1 Z24.7 F9000
G1 X114.184 Y106.842
G1 Z22.7
G1 E2 F2400
;TYPE:Internal infill
;WIDTH:0.66
G1 F900
G1 X114.903 Y106.564 E.03955
G1 X115.594 Y106.494 E.03564
G1 X116.249 Y106.567 E.03382
G1 X116.839 Y106.74 E.03155
G1 X117.688 Y107.186 E.04921
G1 X113.556 Y111.318 E.29983
G1 X114.003 Y111.691 E.02987
G1 X114.691 Y112.057 E.03999
G1 X115.15 Y112.211 E.02484
G1 X115.948 Y112.354 E.0416
G1 X116.676 Y112.178 E.03843
G1 X117.22 Y111.899 E.03137
G1 X117.723 Y111.488 E.03333
G1 X113.38 Y107.146 E.31511
G1 X112.939 Y107.876 E.04376
G1 X112.703 Y108.527 E.03553
G1 X112.595 Y109.165 E.0332
G1 X112.664 Y110.228 E.05466
G1 X112.785 Y110.652 E.02262
G1 X113.411 Y112.01 F9000
;TYPE:Solid infill
;WIDTH:0.722074
G1 F900
G1 X113.528 Y112.115 E.00888
;WIDTH:0.763204
G1 X113.645 Y112.219 E.00938
;WIDTH:0.804334
G1 X113.762 Y112.323 E.00991
;WIDTH:0.845464
G1 X113.879 Y112.427 E.01045
;WIDTH:0.881872
G1 X114.035 Y112.531 E.01308
;WIDTH:0.918279
G1 X114.192 Y112.635 E.01371
;WIDTH:0.954686
G1 X114.349 Y112.74 E.01432
;WIDTH:0.961666
G1 X114.417 Y112.775 E.00584
G1 X114.459 Y112.822 E.00482
;WIDTH:0.919948
G1 X114.501 Y112.869 E.0046
;WIDTH:0.878229
G1 X114.543 Y112.916 E.00438
;WIDTH:0.836511
G1 X114.585 Y112.964 E.00421
;WIDTH:0.794793
G1 X114.627 Y113.011 E.00394
;WIDTH:0.753074
G1 X114.669 Y113.059 E.00377
;WIDTH:0.710974
G1 X114.711 Y113.107 E.00354
;WIDTH:0.668874
G1 X114.753 Y113.156 E.00336
;WIDTH:0.626774
G1 X114.795 Y113.204 E.0031
;WIDTH:0.584673
G1 X115.104 Y113.335 E.01512
;WIDTH:0.579527
G1 X115.398 Y113.364 E.01318
;WIDTH:0.61712
G1 X115.448 Y113.338 E.00269
;WIDTH:0.664097
G1 X115.497 Y113.312 E.00287
;WIDTH:0.711074
G1 X115.546 Y113.286 E.00308
;WIDTH:0.758051
G1 X115.596 Y113.26 E.00335
;WIDTH:0.805028
G1 X115.645 Y113.234 E.00352
;WIDTH:0.852005
G1 X115.695 Y113.208 E.00379
;WIDTH:0.898982
G1 X115.744 Y113.182 E.00395
;WIDTH:0.945959
G1 X115.793 Y113.156 E.00417
;WIDTH:0.992936
G1 X115.843 Y113.13 E.00445
G1 X115.797 Y113.098 E.00443
;WIDTH:0.945959
G1 X115.751 Y113.066 E.00421
;WIDTH:0.898982
G1 X115.706 Y113.034 E.00393
;WIDTH:0.852005
G1 X115.66 Y113.002 E.00377
;WIDTH:0.805028
G1 X115.614 Y112.97 E.00355
;WIDTH:0.758051
G1 X115.568 Y112.938 E.00333
;WIDTH:0.711074
G1 X115.523 Y112.906 E.00307
;WIDTH:0.664097
G1 X115.477 Y112.874 E.00289
;WIDTH:0.61712
G1 X115.431 Y112.842 E.00268
;WIDTH:0.584673
G1 X114.989 Y112.767 E.0202
;WIDTH:0.631097
G1 X114.919 Y112.768 E.00342
;WIDTH:0.67752
G1 X114.848 Y112.77 E.00375
;WIDTH:0.723944
G1 X114.777 Y112.771 E.00402
;WIDTH:0.770367
G1 X114.707 Y112.772 E.00423
;WIDTH:0.816791
G1 X114.636 Y112.774 E.00457
;WIDTH:0.863214
G1 X114.566 Y112.775 E.00478
;WIDTH:0.909638
G1 X114.495 Y112.776 E.00512
;WIDTH:0.956061
G1 X114.425 Y112.778 E.00532
G1 X115.843 Y113.13 F9000
;WIDTH:0.992936
G1 F900
G1 X116.281 Y113.09 E.03474
;WIDTH:0.967184
G1 X116.926 Y112.901 E.05165
;WIDTH:0.96025
G1 X117.609 Y112.559 E.05826
;WIDTH:0.960602
G1 X118.211 Y112.087 E.05837
G1 X118.706 Y111.506 E.05824
;WIDTH:0.959724
G1 X119.077 Y110.838 E.05825
G1 X119.307 Y110.11 E.0582
;WIDTH:0.959088
G1 X119.39 Y109.351 E.05817
G1 X119.32 Y108.59 E.05822
G1 X119.1 Y107.858 E.05823
G1 X118.734 Y107.173 E.05916
;WIDTH:0.971758
G1 X118.401 Y106.748 E.0417
;WIDTH:0.983812
G1 X118.321 Y106.678 E.00832
G1 E-1.4 F3600
;WIPE_START
G1 F7200
G1 X118.401 Y106.748 E-.05049
G1 X118.734 Y107.173 E-.25646
G1 X119.025 Y107.717 E-.29305
;WIPE_END
G1 Z24.7 F9000
G1 X114.67 Y106.036
G1 Z22.7
G1 E2 F2400
;WIDTH:0.601966
G1 F900
G1 X114.916 Y105.973 E.0118
G1 X115.564 Y105.907 E.03028
G1 X116.246 Y105.975 E.03186
;WIDTH:0.620159
G1 X116.458 Y106.008 E.0103
G1 X117.014 Y106.181 E.02795
;WIDTH:0.597635
G1 X117.423 Y106.37 E.02078
;WIDTH:0.577845
G1 X117.775 Y106.587 E.01839
;WIDTH:0.617659
G1 X117.836 Y106.597 E.00295
;WIDTH:0.663428
G1 X117.897 Y106.608 E.0032
;WIDTH:0.709197
G1 X117.957 Y106.618 E.00337
;WIDTH:0.754966
G1 X118.018 Y106.628 E.00366
;WIDTH:0.800735
G1 X118.079 Y106.638 E.0039
;WIDTH:0.846505
G1 X118.139 Y106.648 E.00406
;WIDTH:0.892274
G1 X118.2 Y106.658 E.00437
;WIDTH:0.938043
G1 X118.261 Y106.668 E.0046
;WIDTH:0.983812
G1 X118.321 Y106.678 E.00476
G1 X118.297 Y106.622 E.00477
;WIDTH:0.938043
G1 X118.272 Y106.566 E.00456
;WIDTH:0.892274
G1 X118.247 Y106.509 E.0044
;WIDTH:0.846505
G1 X118.222 Y106.453 E.0041
;WIDTH:0.800735
G1 X118.197 Y106.397 E.00386
;WIDTH:0.754966
G1 X118.172 Y106.341 E.00363
;WIDTH:0.709197
G1 X118.147 Y106.285 E.0034
;WIDTH:0.663428
G1 X118.122 Y106.228 E.00321
;WIDTH:0.617659
G1 X118.097 Y106.172 E.00293
;WIDTH:0.581359
G1 X117.646 Y105.879 E.02408
;WIDTH:0.597635
G1 X117.189 Y105.655 E.02347
;WIDTH:0.620159
G1 X116.64 Y105.461 E.02795
G1 X116.231 Y105.422 E.01972
;WIDTH:0.601966
G1 X115.55 Y105.533 E.03207
G1 X114.865 Y105.785 E.03393
G1 X114.371 Y106.112 E.02754
;LAYER_CHANGE
;Z:22.9
;HEIGHT:0.199999
;BEFORE_LAYER_CHANGE
G92 E0
;22.9


G1 E-1.4 F3600
;WIPE_START
G1 F7200
G1 X114.865 Y105.785 E-.2814
G1 X115.494 Y105.553 E-.3186
;WIPE_END
G1 Z22.9 F9000
;AFTER_LAYER_CHANGE
;22.9
G1 Z22.9
G1 X117.166 Y105.359
G1 E2 F2400
;TYPE:Perimeter
;WIDTH:0.659999
G1 F900
G1 X117.169 Y105.359 E.00015
G1 X117.59 Y105.557 E.02387
G1 X118.104 Y105.886 E.03131
G1 X118.544 Y106.254 E.02943
G1 X118.935 Y106.701 E.03047
G1 X119.222 Y107.121 E.0261
G1 X119.5 Y107.656 E.03094
G1 X119.705 Y108.291 E.03424
G1 X119.815 Y108.893 E.0314
G1 X119.827 Y109.508 E.03156
G1 X119.78 Y109.979 E.02429
G1 X119.646 Y110.582 E.03169
G1 X119.4 Y111.19 E.03365
G1 X119.083 Y111.745 E.0328
G1 X118.664 Y112.254 E.03383
G1 X118.213 Y112.675 E.03166
G1 X117.655 Y113.045 E.03435
G1 X117.117 Y113.306 E.03068
G1 X116.467 Y113.497 E.03476
G1 X115.89 Y113.588 E.02997
G1 X115.207 Y113.583 E.03505
G1 X114.579 Y113.487 E.0326
G1 X113.804 Y113.225 E.04198
G1 X113.232 Y112.904 E.03366
G1 X112.836 Y112.622 E.02494
G1 X112.651 Y112.368 E.01612
G1 X112.319 Y111.753 E.03586
G1 X112.152 Y111.243 E.02754
G1 X112.035 Y110.744 E.0263
G1 X111.995 Y110.214 E.02727
G1 X112.018 Y109.536 E.03481
G1 X112.073 Y109.008 E.02724
G1 X112.204 Y108.452 E.02931
G1 X112.488 Y107.769 E.03795
G1 X112.855 Y107.186 E.03535
G1 X113.306 Y106.687 E.03451
G1 X113.775 Y106.296 E.03133
G1 X114.342 Y105.926 E.03474
G1 X114.911 Y105.642 E.03263
G1 X115.645 Y105.398 E.03969
G1 X116.01 Y105.353 E.01887
G1 X116.604 Y105.312 E.03055
G1 X117.076 Y105.351 E.0243
G1 X117.341 Y104.776 F9000
;TYPE:External perimeter
;WIDTH:0.629999
G1 F900
G1 X118.067 Y105.137 E.03958
G1 X118.6 Y105.501 E.03151
G1 X119.094 Y105.962 E.03298
G1 X119.467 Y106.406 E.02831
G1 X119.844 Y106.983 E.03365
G1 X120.127 Y107.62 E.03403
G1 X120.289 Y108.143 E.02673
G1 X120.415 Y108.833 E.03424
G1 X120.428 Y109.538 E.03442
G1 X120.375 Y110.069 E.02605
G1 X120.222 Y110.759 E.0345
G1 X119.959 Y111.417 E.03459
G1 X119.71 Y111.874 E.02541
G1 X119.42 Y112.296 E.025
G1 X118.954 Y112.827 E.03449
G1 X118.408 Y113.276 E.03451
G1 X117.954 Y113.567 E.02632
G1 X117.337 Y113.867 E.03349
G1 X116.686 Y114.064 E.0332
G1 X116.146 Y114.163 E.0268
G1 X115.617 Y114.197 E.02588
G1 X114.952 Y114.167 E.0325
G1 X114.428 Y114.072 E.026
G1 X113.558 Y113.777 E.04484
G1 X112.938 Y113.43 E.03468
G1 X112.401 Y113.047 E.0322
G1 X112.14 Y112.69 E.02159
G1 X111.764 Y111.992 E.0387
G1 X111.58 Y111.431 E.02882
G1 X111.437 Y110.82 E.03063
G1 X111.393 Y110.226 E.02908
G1 X111.417 Y109.516 E.03468
G1 X111.479 Y108.91 E.02974
G1 X111.633 Y108.258 E.0327
G1 X111.952 Y107.491 E.04055
G1 X112.223 Y107.061 E.02481
G1 X112.684 Y106.45 E.03736
G1 X113.073 Y106.074 E.02641
G1 X113.592 Y105.678 E.03187
G1 X114.05 Y105.399 E.02618
G1 X114.68 Y105.084 E.03438
G1 X115.511 Y104.808 E.04274
G1 X116.374 Y104.7 E.04246
G1 X116.796 Y104.718 E.02062
G1 X117.251 Y104.766 E.02233
G1 X116.413 Y105.714 F9000
;TYPE:Solid infill
;WIDTH:0.527241
G1 F900
G1 X117.001 Y105.753 E.02373
;WIDTH:0.529486
G1 X117.476 Y105.977 E.02125
;WIDTH:0.57737
G1 X117.517 Y106.025 E.00281
;WIDTH:0.625253
G1 X117.558 Y106.073 E.00306
;WIDTH:0.673136
G1 X117.599 Y106.121 E.00331
;WIDTH:0.718719
G1 X117.637 Y106.179 E.0039
;WIDTH:0.764302
G1 X117.674 Y106.237 E.00413
;WIDTH:0.809885
G1 X117.711 Y106.296 E.00444
;WIDTH:0.855468
G1 X117.748 Y106.354 E.00465
;WIDTH:0.901051
G1 X117.786 Y106.412 E.00495
;WIDTH:0.946633
G1 X117.823 Y106.47 E.00517
;WIDTH:0.992216
G1 X117.86 Y106.529 E.0055
G1 X117.805 Y106.512 E.00454
;WIDTH:0.950517
G1 X117.75 Y106.496 E.00432
;WIDTH:0.908818
G1 X117.695 Y106.48 E.00412
;WIDTH:0.867119
G1 X117.64 Y106.464 E.00393
;WIDTH:0.82542
G1 X117.585 Y106.447 E.00375
;WIDTH:0.783721
G1 X117.529 Y106.441 E.00347
;WIDTH:0.741349
G1 X117.474 Y106.434 E.00322
;WIDTH:0.698976
G1 X117.418 Y106.428 E.00307
;WIDTH:0.656604
G1 X117.362 Y106.421 E.00288
;WIDTH:0.614231
G1 X117.307 Y106.414 E.00263
;WIDTH:0.571859
G1 X117.251 Y106.408 E.00248
;WIDTH:0.529486
G1 X116.859 Y106.205 E.01786
;WIDTH:0.527241
G1 X116.269 Y106.015 E.02496
G1 X115.398 Y105.932 E.03524
G1 X115.736 Y105.799 E.01463
G1 X116.107 Y105.752 E.01506
G1 X117.86 Y106.529 F9000
;WIDTH:0.992216
G1 F900
G1 X118.199 Y106.821 E.03532
;WIDTH:0.970776
G1 X118.528 Y107.216 E.03966
;WIDTH:0.972496
G1 X118.886 Y107.849 E.05621
G1 X119.112 Y108.538 E.05605
G1 X119.196 Y109.258 E.05603
G1 X119.136 Y109.981 E.05608
G1 X118.934 Y110.678 E.05609
G1 X118.597 Y111.32 E.05604
;WIDTH:0.971464
G1 X118.14 Y111.884 E.05605
G1 X117.581 Y112.345 E.05594
;WIDTH:0.972578
G1 X116.942 Y112.687 E.05603
G1 X116.247 Y112.895 E.05608
;WIDTH:0.971656
G1 X115.524 Y112.961 E.05607
;WIDTH:0.970702
G1 X114.804 Y112.882 E.05588
G1 X114.112 Y112.663 E.05599
;WIDTH:0.98023
G1 X113.479 Y112.314 E.05634
G1 X113.18 Y112.035 E.03187
;WIDTH:0.957958
G1 X113.08 Y111.898 E.01291
;WIDTH:0.91046
G1 X112.979 Y111.762 E.01222
;WIDTH:0.862962
G1 X112.879 Y111.626 E.01151
;WIDTH:0.815464
G1 X112.824 Y111.536 E.00678
G1 X112.875 Y110.208 F9000
;TYPE:Internal infill
;WIDTH:0.66
G1 F900
G1 X112.816 Y110.066 E.00789
G1 X112.472 Y110.166 E.01838
G1 X112.566 Y108.939 E.06314
G1 X112.911 Y107.988 E.05191
G1 X113.449 Y107.215 E.04832
G1 X117.582 Y111.347 E.29987
G1 X117.112 Y111.731 E.03114
G1 X116.603 Y111.992 E.02935
G1 X116.053 Y112.147 E.02932
G1 X115.483 Y112.189 E.02933
G1 X114.915 Y112.118 E.02937
G1 X114.374 Y111.936 E.02929
G1 X113.878 Y111.65 E.02938
G1 X113.549 Y111.325 E.02373
G1 X117.575 Y107.298 E.29218
G1 X117.199 Y107.005 E.02446
G1 X116.67 Y106.723 E.03076
G1 X116.189 Y106.561 E.02604
G1 X115.594 Y106.494 E.03072
G1 X114.95 Y106.528 E.03309
G1 X114.885 Y106.186 E.01786
G1 X114.422 Y106.434 E.02695
;LAYER_CHANGE
;Z:23.1
;HEIGHT:0.200001
;BEFORE_LAYER_CHANGE
G92 E0
;23.1


G1 E-1.4 F3600
;WIPE_START
G1 F7200
G1 X114.885 Y106.186 E-.24949
G1 X114.95 Y106.528 E-.16536
G1 X115.339 Y106.507 E-.18515
;WIPE_END
G1 Z23.1 F9000
;AFTER_LAYER_CHANGE
;23.1
G1 Z25.1
G1 X117.654 Y105.832
G1 Z23.1
G1 E2 F2400
;TYPE:Perimeter
;WIDTH:0.659999
G1 F900
G1 X117.665 Y105.834 E.00057
G1 X118.07 Y106.108 E.02509
G1 X118.554 Y106.576 E.03455
G1 X118.913 Y107.003 E.02862
G1 X119.312 Y107.735 E.04278
G1 X119.552 Y108.511 E.04168
G1 X119.633 Y109.32 E.04172
G1 X119.597 Y109.678 E.01846
G1 X119.552 Y110.128 E.0232
G1 X119.312 Y110.904 E.04168
G1 X118.924 Y111.617 E.04165
G1 X118.402 Y112.239 E.04166
G1 X117.767 Y112.746 E.04169
G1 X117.044 Y113.116 E.04167
G1 X116.262 Y113.336 E.04168
G1 X115.452 Y113.397 E.04168
G1 X114.647 Y113.296 E.04163
G1 X113.877 Y113.037 E.04168
G1 X113.173 Y112.631 E.0417
G1 X112.714 Y112.225 E.03144
G1 X112.28 Y111.755 E.03282
G1 X111.89 Y111.114 E.0385
G1 X111.686 Y110.594 E.02866
G1 X111.695 Y109.88 E.03664
G1 X111.83 Y109.17 E.03708
G1 X112.01 Y108.629 E.02926
G1 X112.241 Y108.094 E.0299
G1 X112.635 Y107.451 E.03869
G1 X113.164 Y106.851 E.04104
G1 X113.578 Y106.524 E.02707
G1 X114.053 Y106.213 E.02913
G1 X114.808 Y105.9 E.04194
G1 X115.411 Y105.762 E.03174
G1 X116.059 Y105.668 E.0336
G1 X116.562 Y105.643 E.02584
G1 X117.159 Y105.702 E.03078
G1 X117.567 Y105.809 E.02164
G1 X117.909 Y105.276 F9000
;TYPE:External perimeter
;WIDTH:0.629999
G1 F900
G1 X117.917 Y105.278 E.0004
G1 X118.451 Y105.639 E.03147
G1 X118.972 Y106.143 E.03539
G1 X119.42 Y106.675 E.03395
G1 X119.87 Y107.5 E.04587
G1 X120.145 Y108.392 E.04557
G1 X120.238 Y109.32 E.04553
G1 X120.196 Y109.738 E.02051
G1 X120.145 Y110.248 E.02502
G1 X119.87 Y111.139 E.04552
G1 X119.424 Y111.958 E.04552
G1 X118.824 Y112.672 E.04553
G1 X118.095 Y113.254 E.04554
G1 X117.265 Y113.679 E.04552
G1 X116.367 Y113.932 E.04554
G1 X115.437 Y114.002 E.04553
G1 X114.512 Y113.886 E.04551
G1 X113.628 Y113.589 E.04552
G1 X112.82 Y113.122 E.04556
G1 X112.116 Y112.501 E.04583
G1 X111.788 Y112.105 E.0251
G1 X111.349 Y111.383 E.04125
G1 X111.087 Y110.717 E.03494
G1 X111.067 Y110.029 E.0336
G1 X111.164 Y109.316 E.03513
G1 X111.315 Y108.779 E.02723
G1 X111.498 Y108.276 E.02613
G1 X111.708 Y107.811 E.02491
G1 X112.148 Y107.092 E.04115
G1 X112.748 Y106.412 E.04427
G1 X113.205 Y106.051 E.02843
G1 X113.782 Y105.674 E.03365
G1 X114.624 Y105.324 E.04451
G1 X115.276 Y105.175 E.03265
G1 X115.993 Y105.069 E.03538
G1 X116.583 Y105.04 E.02884
G1 X117.266 Y105.108 E.03351
G1 X117.822 Y105.253 E.02805
G1 X117.4 Y106.419 F9000
;TYPE:Solid infill
;WIDTH:0.975934
G1 F900
G1 X117.962 Y106.87 E.0559
G1 X118.365 Y107.328 E.04733
G1 X118.7 Y107.927 E.05324
;WIDTH:0.968532
G1 X118.914 Y108.578 E.05274
G1 X118.994 Y109.259 E.05277
G1 X118.938 Y109.941 E.05267
G1 X118.748 Y110.599 E.05271
G1 X118.431 Y111.207 E.05277
G1 X118 Y111.739 E.0527
G1 X117.472 Y112.176 E.05275
G1 X116.868 Y112.499 E.05272
G1 X116.212 Y112.696 E.05272
G1 X115.529 Y112.76 E.0528
G1 X114.848 Y112.687 E.05271
G1 X114.195 Y112.48 E.05272
G1 X113.596 Y112.148 E.05271
G1 X113.074 Y111.704 E.05274
G1 X112.653 Y111.163 E.05276
;WIDTH:0.965436
G1 X112.344 Y110.553 E.05245
G1 X112.301 Y110.323 E.01795
;WIDTH:0.923996
G1 X112.258 Y110.092 E.01721
;WIDTH:0.882556
G1 X112.257 Y109.956 E.0095
;WIDTH:0.843972
G1 X112.256 Y109.82 E.00906
;WIDTH:0.805387
G1 X112.255 Y109.684 E.00862
;WIDTH:0.766803
G1 X112.254 Y109.547 E.00825
;WIDTH:0.728218
G1 X112.274 Y109.417 E.00749
;WIDTH:0.688564
G1 X112.294 Y109.287 E.00706
;WIDTH:0.64891
G1 X112.314 Y109.157 E.00663
;WIDTH:0.609256
G1 X112.334 Y109.027 E.00619
G1 E-1.4 F3600
;WIPE_START
G1 F7200
G1 X112.314 Y109.157 E-.06248
G1 X112.294 Y109.287 E-.06248
G1 X112.274 Y109.417 E-.06248
G1 X112.254 Y109.547 E-.06248
G1 X112.255 Y109.684 E-.06508
G1 X112.256 Y109.82 E-.0646
G1 X112.257 Y109.956 E-.0646
G1 X112.258 Y110.092 E-.0646
G1 X112.293 Y110.28 E-.0912
;WIPE_END
G1 Z25.1 F9000
G1 X116.5 Y106.826
G1 Z23.1
G1 E2 F2400
;TYPE:Internal infill
;WIDTH:0.66
G1 F900
G1 X116.093 Y106.703 E.02182
G1 X115.412 Y106.628 E.03515
G1 X115.412 Y106.249 E.01945
G1 X114.953 Y106.354 E.02416
G1 X114.266 Y106.639 E.03816
G1 X113.464 Y107.229 E.05109
G1 X117.44 Y111.206 E.28855
G1 X117.003 Y111.563 E.02895
G1 X116.53 Y111.806 E.02729
G1 X116.018 Y111.95 E.02729
G1 X115.488 Y111.989 E.02727
G1 X114.96 Y111.923 E.0273
G1 X114.456 Y111.754 E.02728
G1 X113.995 Y111.488 E.02731
G1 X113.671 Y111.202 E.02217
G1 X117.442 Y107.432 E.2736
G1 X117.757 Y107.809 E.02521
G1 X118.015 Y108.282 E.02765
G1 X118.172 Y108.79 E.02728
G1 X118.225 Y109.32 E.02733
G1 X118.172 Y109.849 E.02728
G1 X118.015 Y110.357 E.02728
G1 X117.753 Y110.834 E.02792
;LAYER_CHANGE
;Z:23.3
;HEIGHT:0.199999
;BEFORE_LAYER_CHANGE
G92 E0
;23.3


G1 E-1.4 F3600
;WIPE_START
G1 F7200
G1 X118.015 Y110.357 E-.2585
G1 X118.172 Y109.849 E-.25256
G1 X118.191 Y109.663 E-.08894
;WIPE_END
G1 Z23.3 F9000
;AFTER_LAYER_CHANGE
;23.3
G1 Z25.3
G1 X118.042 Y106.356
G1 Z23.3
G1 E2 F2400
;TYPE:Perimeter
;WIDTH:0.659999
G1 F900
G1 X118.389 Y106.691 E.02475
G1 X118.749 Y107.117 E.02862
G1 X119.128 Y107.813 E.04066
G1 X119.356 Y108.551 E.03963
G1 X119.389 Y108.882 E.01707
G1 X119.433 Y109.32 E.02259
G1 X119.356 Y110.088 E.0396
G1 X119.128 Y110.826 E.03963
G1 X118.759 Y111.504 E.03961
G1 X118.262 Y112.096 E.03966
G1 X117.658 Y112.578 E.03965
G1 X116.971 Y112.93 E.03961
G1 X116.228 Y113.139 E.0396
G1 X115.457 Y113.197 E.03967
G1 X114.691 Y113.101 E.03961
G1 X113.959 Y112.855 E.03962
G1 X113.29 Y112.469 E.03963
G1 X112.949 Y112.167 E.02337
G1 X112.57 Y111.793 E.02732
G1 X112.281 Y111.37 E.02629
G1 X111.983 Y110.832 E.03156
G1 X111.786 Y110.247 E.03167
G1 X111.68 Y109.519 E.03775
G1 X111.705 Y108.924 E.03056
G1 X111.794 Y108.382 E.02818
G1 X112.071 Y107.931 E.02716
G1 X112.627 Y107.284 E.04377
G1 X113.111 Y106.812 E.03469
G1 X113.791 Y106.355 E.04204
G1 X114.58 Y106.03 E.04378
G1 X115.191 Y105.901 E.03204
G1 X115.774 Y105.848 E.03004
G1 X116.514 Y105.903 E.03807
G1 X117.521 Y106.138 E.05306
G1 X117.961 Y106.318 E.02439
G1 X118.372 Y105.837 F9000
;TYPE:External perimeter
;WIDTH:0.629999
G1 F900
G1 X118.808 Y106.258 E.02959
G1 X119.255 Y106.788 E.03385
G1 X119.686 Y107.578 E.04393
G1 X119.949 Y108.431 E.04357
G1 X119.988 Y108.822 E.01918
G1 X120.038 Y109.32 E.02443
G1 X119.949 Y110.208 E.04357
G1 X119.686 Y111.061 E.04357
G1 X119.259 Y111.845 E.04358
G1 X118.685 Y112.529 E.04359
G1 X117.987 Y113.086 E.04359
G1 X117.192 Y113.493 E.0436
G1 X116.333 Y113.735 E.04357
G1 X115.442 Y113.802 E.04362
G1 X114.556 Y113.691 E.04359
G1 X113.71 Y113.406 E.04358
G1 X112.937 Y112.96 E.04357
G1 X112.444 Y112.525 E.0321
G1 X111.96 Y112.001 E.03482
G1 X111.64 Y111.476 E.03001
G1 X111.361 Y110.909 E.03085
G1 X111.197 Y110.38 E.02704
G1 X111.076 Y109.55 E.04095
G1 X111.111 Y108.72 E.04055
G1 X111.225 Y108.158 E.02799
G1 X111.583 Y107.575 E.0334
G1 X112.339 Y106.696 E.0566
G1 X112.74 Y106.336 E.02631
G1 X113.498 Y105.826 E.0446
G1 X113.904 Y105.645 E.0217
G1 X114.407 Y105.453 E.02628
G1 X115.088 Y105.307 E.034
G1 X115.78 Y105.245 E.03392
G1 X116.605 Y105.306 E.04038
G1 X117.705 Y105.562 E.05513
G1 X118.289 Y105.802 E.03082
G1 E-1.4 F3600
;WIPE_START
G1 F7200
G1 X118.372 Y105.837 E-.04279
G1 X118.808 Y106.258 E-.28789
G1 X119.174 Y106.691 E-.26932
;WIPE_END
G1 Z25.3 F9000
G1 X116.048 Y106.311
G1 Z23.3
G1 E2 F2400
;TYPE:Solid infill
;WIDTH:0.632272
G1 F900
G1 X116.356 Y106.371 E.01538
;WIDTH:0.672316
G1 X116.664 Y106.432 E.01643
;WIDTH:0.716551
G1 X116.845 Y106.497 E.01077
;WIDTH:0.760786
G1 X117.025 Y106.562 E.01142
;WIDTH:0.80502
G1 X117.205 Y106.626 E.01211
;WIDTH:0.847596
G1 X117.324 Y106.692 E.0091
;WIDTH:0.890171
G1 X117.444 Y106.757 E.00961
;WIDTH:0.932747
G1 X117.563 Y106.822 E.01003
;WIDTH:0.975322
G1 X117.682 Y106.887 E.01051
;WIDTH:0.987408
G1 X118.041 Y107.243 E.03971
G1 X118.249 Y107.517 E.02702
;WIDTH:0.97097
G1 X118.517 Y108.007 E.0431
;WIDTH:0.968534
G1 X118.718 Y108.618 E.0495
G1 X118.794 Y109.258 E.0496
G1 X118.742 Y109.902 E.04973
G1 X118.563 Y110.522 E.04967
G1 X118.265 Y111.094 E.04964
G1 X117.86 Y111.596 E.04964
G1 X117.363 Y112.008 E.04969
G1 X116.795 Y112.313 E.04962
G1 X116.177 Y112.499 E.04967
G1 X115.535 Y112.56 E.04963
G1 X114.893 Y112.492 E.04969
G1 X114.277 Y112.298 E.04971
G1 X113.713 Y111.986 E.04961
G1 X113.221 Y111.568 E.04969
G1 X112.824 Y111.059 E.04968
;WIDTH:0.961718
G1 X112.534 Y110.483 E.04927
G1 X112.363 Y109.862 E.04921
G1 X112.319 Y109.219 E.04924
;WIDTH:0.97412
G1 X112.391 Y108.618 E.04687
G1 X112.454 Y108.495 E.0107
;WIDTH:0.932261
G1 X112.516 Y108.372 E.01019
;WIDTH:0.890402
G1 X112.579 Y108.249 E.00974
;WIDTH:0.848543
G1 X112.642 Y108.126 E.00926
;WIDTH:0.806684
G1 X112.705 Y108.003 E.00878
;WIDTH:0.764824
G1 X112.826 Y107.833 E.01253
;WIDTH:0.727778
G1 X112.948 Y107.664 E.01187
;WIDTH:0.690731
G1 X113.069 Y107.494 E.01124
;WIDTH:0.653684
G1 X113.389 Y107.169 E.02316
G1 E-1.4 F3600
;WIPE_START
G1 F7200
G1 X113.069 Y107.494 E-.21665
G1 X112.948 Y107.664 E-.09912
G1 X112.826 Y107.833 E-.09901
G1 X112.705 Y108.003 E-.09912
G1 X112.642 Y108.126 E-.06564
G1 X112.622 Y108.164 E-.02046
;WIPE_END
G1 Z25.3 F9000
G1 X116.017 Y106.894
G1 Z23.3
G1 E2 F2400
;TYPE:Internal infill
;WIDTH:0.66
G1 F900
G1 X115.418 Y106.836 E.03088
G1 X115.46 Y106.34 E.02554
G1 X114.556 Y106.534 E.04744
G1 X114.009 Y106.781 E.0308
G1 X114.271 Y107.088 E.02071
G1 X113.815 Y107.58 E.03442
G1 X117.299 Y111.065 E.25285
G1 X116.895 Y111.395 E.02677
G1 X116.457 Y111.619 E.02524
G1 X115.983 Y111.753 E.02527
G1 X115.493 Y111.789 E.02521
G1 X115.004 Y111.728 E.02529
G1 X114.538 Y111.572 E.02521
G1 X114.112 Y111.326 E.02524
G1 X113.812 Y111.061 E.02054
G1 X117.3 Y107.574 E.25307
G1 X117.593 Y107.924 E.02342
G1 X117.831 Y108.36 E.02549
G1 X117.976 Y108.83 E.02524
G1 X118.025 Y109.32 E.02527
G1 X117.976 Y109.809 E.02522
G1 X117.831 Y110.279 E.02524
G1 X117.497 Y110.828 E.03297
;LAYER_CHANGE
;Z:23.5
;HEIGHT:0.200001
;BEFORE_LAYER_CHANGE
G92 E0
;23.5


G1 E-1.4 F3600
;WIPE_START
G1 F7200
G1 X117.831 Y110.279 E-.30524
G1 X117.976 Y109.809 E-.23363
G1 X117.989 Y109.681 E-.06113
;WIPE_END
G1 Z23.5 F9000
;AFTER_LAYER_CHANGE
;23.5
G1 Z25.5
G1 X118.306 Y106.883
G1 Z23.5
G1 E2 F2400
;TYPE:Perimeter
;WIDTH:0.659999
G1 F900
G1 X118.588 Y107.237 E.02322
G1 X118.944 Y107.891 E.03821
G1 X119.16 Y108.591 E.03759
G1 X119.233 Y109.32 E.03759
G1 X119.199 Y109.654 E.01723
G1 X119.16 Y110.048 E.02032
G1 X118.944 Y110.748 E.03759
G1 X118.593 Y111.392 E.03763
G1 X118.123 Y111.953 E.03755
G1 X117.55 Y112.41 E.03761
G1 X116.898 Y112.744 E.03759
G1 X116.193 Y112.942 E.03757
G1 X115.462 Y112.997 E.03761
G1 X114.736 Y112.906 E.03754
G1 X114.041 Y112.672 E.03763
G1 X113.407 Y112.306 E.03756
G1 X112.858 Y111.822 E.03755
G1 X112.413 Y111.233 E.03788
G1 X112.18 Y110.754 E.02733
G1 X111.987 Y110.223 E.02899
G1 X111.88 Y109.506 E.0372
G1 X111.904 Y108.988 E.02661
G1 X111.994 Y108.388 E.03113
G1 X112.249 Y107.704 E.03746
G1 X112.622 Y107.099 E.03647
G1 X113.044 Y106.638 E.03207
G1 X113.59 Y106.339 E.03194
G1 X114.314 Y106.061 E.03979
G1 X114.963 Y105.922 E.03406
G1 X115.612 Y105.887 E.03335
G1 X116.369 Y105.972 E.03909
G1 X117.046 Y106.171 E.03621
G1 X117.658 Y106.469 E.03493
G1 X118.233 Y106.832 E.03489
G1 X118.716 Y106.432 F9000
;TYPE:External perimeter
;WIDTH:0.629999
G1 F900
G1 X119.092 Y106.903 E.02942
G1 X119.501 Y107.656 E.04183
G1 X119.753 Y108.471 E.04164
G1 X119.838 Y109.32 E.04165
G1 X119.798 Y109.714 E.01933
G1 X119.753 Y110.168 E.02227
G1 X119.501 Y110.983 E.04164
G1 X119.093 Y111.733 E.04168
G1 X118.545 Y112.386 E.04161
G1 X117.878 Y112.918 E.04165
G1 X117.119 Y113.307 E.04163
G1 X116.298 Y113.538 E.04163
G1 X115.447 Y113.602 E.04166
G1 X114.601 Y113.496 E.04162
G1 X113.792 Y113.224 E.04166
G1 X113.054 Y112.798 E.0416
G1 X112.414 Y112.233 E.04167
G1 X111.897 Y111.549 E.04185
G1 X111.638 Y111.017 E.02888
G1 X111.398 Y110.357 E.03428
G1 X111.276 Y109.537 E.04047
G1 X111.314 Y108.712 E.04032
G1 X111.413 Y108.222 E.0244
G1 X111.706 Y107.439 E.04081
G1 X112.139 Y106.734 E.04039
G1 X112.667 Y106.158 E.03814
G1 X113.336 Y105.792 E.03723
G1 X114.142 Y105.482 E.04216
G1 X114.883 Y105.323 E.037
G1 X115.629 Y105.283 E.03647
G1 X116.488 Y105.38 E.0422
G1 X117.015 Y105.534 E.0268
G1 X117.68 Y105.79 E.03478
G1 X118.29 Y106.134 E.03419
G1 X118.643 Y106.38 E.021
G1 E-1.4 F3600
;WIPE_START
G1 F7200
G1 X118.716 Y106.432 E-.04257
G1 X119.092 Y106.903 E-.28627
G1 X119.365 Y107.404 E-.27116
;WIPE_END
G1 Z25.5 F9000
G1 X116.92 Y107.52
G1 Z23.5
G1 E2 F2400
;TYPE:Internal infill
;WIDTH:0.66
G1 F900
G1 X116.392 Y107.209 E.03144
G1 X115.941 Y107.082 E.02404
G1 X115.288 Y107.062 E.03352
G1 X114.832 Y107.167 E.02401
G1 X114.419 Y107.353 E.02324
G1 X113.955 Y107.721 E.03039
G1 X117.158 Y110.923 E.23239
G1 X117.43 Y110.599 E.02171
G1 X117.647 Y110.202 E.02321
G1 X117.78 Y109.769 E.02324
G1 X117.825 Y109.32 E.02315
G1 X117.78 Y108.87 E.0232
G1 X117.647 Y108.438 E.02319
G1 X117.43 Y108.04 E.02326
G1 X117.158 Y107.716 E.02171
G1 X113.953 Y110.92 E.23253
G1 X113.617 Y110.504 E.02744
G1 X113.42 Y110.096 E.02325
G1 X113.309 Y109.658 E.02318
G1 X113.286 Y109.206 E.02322
G1 X113.354 Y108.759 E.0232
G1 X113.508 Y108.334 E.02319
G1 X113.746 Y107.947 E.02331
G1 X112.523 Y109.138 F9000
;TYPE:Solid infill
;WIDTH:0.974498
G1 F900
G1 X112.613 Y108.539 E.04692
G1 X112.826 Y107.971 E.04699
;WIDTH:0.973174
G1 X113.148 Y107.458 E.04685
;WIDTH:0.97199
G1 X113.579 Y107.038 E.04649
;WIDTH:0.92422
G1 X113.75 Y106.938 E.01452
;WIDTH:0.888807
G1 X113.921 Y106.839 E.0139
;WIDTH:0.853394
G1 X114.092 Y106.74 E.01332
;WIDTH:0.81798
G1 X114.367 Y106.634 E.01899
;WIDTH:0.789471
G1 X114.641 Y106.528 E.01824
;WIDTH:0.760962
G1 X115.273 Y106.413 E.03835
;WIDTH:0.724418
G1 X116.073 Y106.448 E.04538
;WIDTH:0.754138
G1 X116.653 Y106.6 E.03546
;WIDTH:0.796802
G1 X117.166 Y106.842 E.03556
;WIDTH:0.830657
G1 X117.314 Y106.938 E.01155
;WIDTH:0.864512
G1 X117.463 Y107.033 E.01207
;WIDTH:0.898366
G1 X117.611 Y107.128 E.01251
;WIDTH:0.940159
G1 X117.735 Y107.235 E.01222
;WIDTH:0.981952
G1 X117.858 Y107.342 E.01273
G1 X118.085 Y107.632 E.02876
;WIDTH:0.971128
G1 X118.369 Y108.167 E.04675
G1 X118.541 Y108.747 E.04669
G1 X118.596 Y109.351 E.04681
G1 X118.529 Y109.953 E.04675
G1 X118.345 Y110.53 E.04674
G1 X118.05 Y111.058 E.04668
G1 X117.656 Y111.518 E.04675
G1 X117.178 Y111.891 E.0468
G1 X116.637 Y112.162 E.0467
G1 X116.052 Y112.32 E.04677
G1 X115.447 Y112.359 E.04679
G1 X114.847 Y112.278 E.04673
G1 X114.275 Y112.079 E.04674
G1 X113.754 Y111.771 E.04671
G1 X113.304 Y111.366 E.04673
;WIDTH:0.972008
G1 X112.942 Y110.879 E.04688
;WIDTH:0.976638
G1 X112.683 Y110.331 E.04706
G1 X112.547 Y109.742 E.04693
;WIDTH:0.960641
G1 X112.535 Y109.446 E.02261
;LAYER_CHANGE
;Z:23.7
;HEIGHT:0.200001
;BEFORE_LAYER_CHANGE
G92 E0
;23.7


G1 E-1.4 F3600
;WIPE_START
G1 F7200
G1 X112.547 Y109.742 E-.14072
G1 X112.683 Y110.331 E-.28714
G1 X112.838 Y110.659 E-.17214
;WIPE_END
G1 Z23.7 F9000
;AFTER_LAYER_CHANGE
;23.7
G1 Z23.7
G1 X112.095 Y109.446
G1 E2 F2400
;TYPE:Perimeter
;WIDTH:0.659999
G1 F900
G1 X112.08 Y109.146 E.01541
G1 X112.183 Y108.461 E.03554
G1 X112.42 Y107.81 E.03555
G1 X112.781 Y107.219 E.03553
G1 X113.253 Y106.712 E.03554
G1 X113.815 Y106.307 E.03554
G1 X114.45 Y106.021 E.03573
G1 X115.067 Y105.874 E.03254
G1 X115.605 Y105.843 E.02765
G1 X116.266 Y105.948 E.03434
G1 X116.911 Y106.165 E.03492
G1 X117.53 Y106.496 E.03602
G1 X118.063 Y106.911 E.03466
G1 X118.425 Y107.355 E.02939
G1 X118.759 Y107.968 E.03582
G1 X118.964 Y108.63 E.03556
G1 X119.033 Y109.32 E.03558
G1 X118.999 Y109.657 E.01738
G1 X118.964 Y110.009 E.01815
G1 X118.759 Y110.671 E.03556
G1 X118.428 Y111.279 E.03552
G1 X117.983 Y111.81 E.03555
G1 X117.441 Y112.242 E.03556
G1 X116.825 Y112.558 E.03552
G1 X116.158 Y112.745 E.03554
G1 X115.467 Y112.797 E.03556
G1 X114.78 Y112.711 E.03553
G1 X114.124 Y112.49 E.03552
G1 X113.524 Y112.144 E.03554
G1 X113.004 Y111.686 E.03555
G1 X112.586 Y111.133 E.03557
G1 X112.286 Y110.509 E.03553
G1 X112.115 Y109.838 E.03553
G1 X112.1 Y109.536 E.01551
G1 X111.5 Y109.596 F9000
;TYPE:External perimeter
;WIDTH:0.629999
G1 F900
G1 X111.476 Y109.116 E.02346
G1 X111.597 Y108.312 E.03969
G1 X111.875 Y107.548 E.03969
G1 X112.299 Y106.854 E.0397
G1 X112.852 Y106.258 E.03969
G1 X113.512 Y105.783 E.03969
G1 X114.255 Y105.448 E.03979
G1 X114.98 Y105.276 E.03637
G1 X115.635 Y105.238 E.03203
G1 X116.41 Y105.362 E.03831
G1 X117.15 Y105.611 E.03811
G1 X117.859 Y105.99 E.03925
G1 X118.487 Y106.478 E.03882
G1 X118.927 Y107.018 E.034
G1 X119.317 Y107.733 E.03976
G1 X119.557 Y108.51 E.0397
G1 X119.638 Y109.32 E.03974
G1 X119.598 Y109.717 E.01948
G1 X119.557 Y110.129 E.02021
G1 X119.317 Y110.906 E.0397
G1 X118.928 Y111.62 E.03969
G1 X118.405 Y112.243 E.03971
G1 X117.77 Y112.75 E.03967
G1 X117.046 Y113.121 E.03971
G1 X116.263 Y113.341 E.0397
G1 X115.452 Y113.402 E.0397
G1 X114.646 Y113.301 E.03965
G1 X113.875 Y113.042 E.0397
G1 X113.17 Y112.635 E.03974
G1 X112.561 Y112.097 E.03967
G1 X112.07 Y111.449 E.03969
G1 X111.717 Y110.716 E.03972
G1 X111.516 Y109.928 E.0397
G1 X111.504 Y109.686 E.01183
G1 E-1.4 F3600
;WIPE_START
G1 F7200
G1 X111.5 Y109.596 E-.04279
G1 X111.476 Y109.116 E-.22828
G1 X111.579 Y108.431 E-.32893
;WIPE_END
G1 Z25.7 F9000
G1 X113.89 Y108.091
G1 Z23.7
G1 E2 F2400
;TYPE:Internal infill
;WIDTH:0.66
G1 F900
G1 X113.689 Y108.421 E.01983
G1 X113.548 Y108.809 E.02118
G1 X113.486 Y109.216 E.02112
G1 X113.507 Y109.628 E.02117
G1 X113.608 Y110.028 E.02117
G1 X113.787 Y110.399 E.02114
G1 X114.094 Y110.779 E.02507
G1 X117.018 Y107.856 E.21214
G1 X117.264 Y108.152 E.01975
G1 X117.462 Y108.515 E.02122
G1 X117.584 Y108.909 E.02116
G1 X117.625 Y109.32 E.02119
G1 X117.584 Y109.73 E.02114
G1 X117.462 Y110.124 E.02116
G1 X117.265 Y110.486 E.02115
G1 X117.017 Y110.782 E.01981
G1 X114.096 Y107.862 E.21192
G1 X114.519 Y107.526 E.02772
G1 X114.895 Y107.357 E.02115
G1 X115.326 Y107.258 E.02269
G1 X115.914 Y107.28 E.03019
G1 X116.308 Y107.391 E.021
G1 X116.779 Y107.661 E.02786
G1 X115.573 Y106.486 F9000
;TYPE:Solid infill
;WIDTH:0.990408
G1 F900
G1 X116.117 Y106.551 E.04316
;WIDTH:0.945786
G1 X116.667 Y106.73 E.04342
;WIDTH:0.94945
G1 X117.191 Y107.018 E.04507
;WIDTH:0.967058
G1 X117.591 Y107.341 E.03951
;WIDTH:0.971058
G1 X117.919 Y107.743 E.04004
G1 X118.184 Y108.244 E.04374
G1 X118.345 Y108.787 E.04371
G1 X118.396 Y109.35 E.04363
G1 X118.333 Y109.913 E.04372
G1 X118.161 Y110.452 E.04366
;WIDTH:0.97231
G1 X117.885 Y110.946 E.04373
;WIDTH:0.971116
G1 X117.516 Y111.375 E.04367
G1 X117.07 Y111.723 E.04366
G1 X116.564 Y111.976 E.04366
G1 X116.017 Y112.123 E.04372
G1 X115.453 Y112.159 E.04362
G1 X114.892 Y112.083 E.04369
G1 X114.357 Y111.897 E.04372
G1 X113.87 Y111.609 E.04367
G1 X113.45 Y111.23 E.04366
G1 X113.114 Y110.775 E.04365
G1 X112.874 Y110.263 E.04364
G1 X112.74 Y109.713 E.04369
G1 X112.718 Y109.147 E.04372
G1 X112.808 Y108.589 E.04362
G1 X113.007 Y108.059 E.04369
G1 X113.308 Y107.579 E.04373
G1 X113.697 Y107.169 E.04362
G1 X114.16 Y106.843 E.0437
;WIDTH:0.97318
G1 X114.654 Y106.621 E.04189
;WIDTH:0.976766
G1 X115.16 Y106.503 E.04034
;WIDTH:0.980225
G1 X115.264 Y106.499 E.00811
;LAYER_CHANGE
;Z:23.9
;HEIGHT:0.199999
;BEFORE_LAYER_CHANGE
G92 E0
;23.9


G1 E-1.4 F3600
;WIPE_START
G1 F7200
G1 X115.16 Y106.503 E-.04944
G1 X114.654 Y106.621 E-.2468
G1 X114.16 Y106.843 E-.25726
G1 X114.08 Y106.899 E-.0465
;WIPE_END
G1 Z23.9 F9000
;AFTER_LAYER_CHANGE
;23.9
G1 Z23.9
G1 X115.231 Y106.063
G1 E2 F2400
;TYPE:Perimeter
;WIDTH:0.659999
G1 F900
G1 X115.61 Y106.042 E.01948
G1 X116.214 Y106.108 E.03118
G1 X116.778 Y106.278 E.03023
G1 X117.411 Y106.618 E.03687
G1 X117.891 Y107.02 E.03213
G1 X118.261 Y107.469 E.02985
G1 X118.575 Y108.046 E.03371
G1 X118.768 Y108.67 E.03351
G1 X118.833 Y109.32 E.03352
G1 X118.8 Y109.644 E.01671
G1 X118.768 Y109.969 E.01676
G1 X118.575 Y110.593 E.03351
G1 X118.263 Y111.166 E.03348
G1 X117.843 Y111.666 E.03351
G1 X117.333 Y112.074 E.03351
G1 X116.752 Y112.371 E.03348
G1 X116.123 Y112.548 E.03353
G1 X115.472 Y112.597 E.0335
G1 X114.825 Y112.516 E.03346
G1 X114.206 Y112.308 E.03351
G1 X113.64 Y111.981 E.03354
G1 X113.151 Y111.549 E.03348
G1 X112.757 Y111.029 E.03348
G1 X112.473 Y110.441 E.03351
G1 X112.312 Y109.808 E.03351
G1 X112.28 Y109.156 E.03349
G1 X112.377 Y108.511 E.03347
G1 X112.6 Y107.897 E.03352
G1 X112.941 Y107.34 E.03351
G1 X113.385 Y106.861 E.03351
G1 X113.915 Y106.48 E.03349
G1 X114.513 Y106.211 E.03365
G1 X115.111 Y106.07 E.03152
G1 X115.141 Y106.068 E.00154
G1 X115.069 Y105.47 F9000
;TYPE:External perimeter
;WIDTH:0.629999
G1 F900
G1 X115.626 Y105.438 E.02724
G1 X116.335 Y105.516 E.03482
G1 X117.01 Y105.719 E.03441
G1 X117.75 Y106.117 E.04102
G1 X118.321 Y106.594 E.03632
G1 X118.762 Y107.131 E.03392
G1 X119.133 Y107.811 E.03781
G1 X119.361 Y108.55 E.03775
G1 X119.438 Y109.32 E.03778
G1 X119.399 Y109.704 E.01884
G1 X119.361 Y110.089 E.01889
G1 X119.133 Y110.828 E.03775
G1 X118.763 Y111.507 E.03775
G1 X118.266 Y112.1 E.03777
G1 X117.661 Y112.582 E.03776
G1 X116.973 Y112.935 E.03775
G1 X116.229 Y113.144 E.03772
G1 X115.457 Y113.202 E.03779
G1 X114.69 Y113.106 E.03773
G1 X113.957 Y112.859 E.03776
G1 X113.287 Y112.473 E.03775
G1 X112.707 Y111.961 E.03777
G1 X112.24 Y111.345 E.03774
G1 X111.905 Y110.648 E.03775
G1 X111.714 Y109.898 E.03778
G1 X111.675 Y109.126 E.03773
G1 X111.791 Y108.361 E.03777
G1 X112.055 Y107.635 E.03771
G1 X112.459 Y106.975 E.03778
G1 X112.984 Y106.408 E.03772
G1 X113.612 Y105.956 E.03777
G1 X114.318 Y105.638 E.0378
G1 X114.98 Y105.483 E.03319
G1 E-1.4 F3600
;WIPE_START
G1 F7200
G1 X115.069 Y105.47 E-.04272
G1 X115.626 Y105.438 E-.26501
G1 X116.238 Y105.505 E-.29227
;WIPE_END
G1 Z25.9 F9000
G1 X112.917 Y109.157
G1 Z23.9
G1 E2 F2400
;TYPE:Solid infill
;WIDTH:0.971118
G1 F900
G1 X113.002 Y108.638 E.04059
G1 X113.188 Y108.146 E.0406
G1 X113.467 Y107.7 E.0406
G1 X113.829 Y107.319 E.04056
G1 X114.26 Y107.017 E.04062
;WIDTH:0.972226
G1 X114.744 Y106.805 E.04083
G1 X115.343 Y106.687 E.04718
;WIDTH:0.970912
G1 X116.043 Y106.724 E.05409
;WIDTH:0.972358
G1 X116.548 Y106.871 E.04065
;WIDTH:0.978922
G1 X117.054 Y107.147 E.04486
G1 X117.401 Y107.432 E.03495
;WIDTH:0.970916
G1 X117.752 Y107.853 E.0423
;WIDTH:0.971122
G1 X118 Y108.322 E.04095
G1 X118.149 Y108.826 E.04056
G1 X118.196 Y109.35 E.0406
G1 X118.137 Y109.873 E.04062
G1 X117.976 Y110.374 E.04061
G1 X117.719 Y110.833 E.0406
G1 X117.377 Y111.232 E.04056
G1 X116.962 Y111.555 E.04059
G1 X116.491 Y111.79 E.04063
G1 X115.983 Y111.926 E.04059
G1 X115.458 Y111.959 E.0406
G1 X114.937 Y111.888 E.04058
G1 X114.44 Y111.715 E.04062
G1 X113.987 Y111.447 E.04062
G1 X113.597 Y111.094 E.0406
G1 X113.284 Y110.671 E.04061
G1 X113.062 Y110.194 E.04061
G1 X112.938 Y109.683 E.04058
G1 X112.929 Y109.466 E.01676
G1 X114.039 Y110.402 F9000
;TYPE:Internal infill
;WIDTH:0.66
G1 F900
G1 X113.796 Y109.959 E.02593
G1 X113.686 Y109.226 E.03803
G1 X113.869 Y108.508 E.03802
G1 X114.237 Y108.002 E.0321
G1 X116.86 Y110.659 E.19157
G1 X116.238 Y111.061 E.038
G1 X115.508 Y111.19 E.03804
G1 X114.785 Y111.025 E.03805
G1 X114.235 Y110.638 E.03451
G1 X116.874 Y107.999 E.1915
G1 X117.278 Y108.593 E.03686
G1 X117.425 Y109.32 E.03806
G1 X117.278 Y110.046 E.03801
G1 X117.074 Y110.404 E.02114
;LAYER_CHANGE
;Z:24.1
;HEIGHT:0.200001
;BEFORE_LAYER_CHANGE
G92 E0
;24.1


G1 E-1.4 F3600
;WIPE_START
G1 F7200
G1 X117.278 Y110.046 E-.19572
G1 X117.425 Y109.32 E-.35185
G1 X117.403 Y109.212 E-.05243
;WIPE_END
G1 Z24.1 F9000
;AFTER_LAYER_CHANGE
;24.1
G1 Z26.1
G1 X118.033 Y111.131
G1 Z24.1
G1 E2 F2400
;TYPE:Perimeter
;WIDTH:0.659999
G1 F900
G1 X117.704 Y111.523 E.02626
G1 X117.224 Y111.906 E.03151
G1 X116.679 Y112.185 E.03142
G1 X116.089 Y112.351 E.03145
G1 X115.477 Y112.397 E.03149
G1 X114.869 Y112.321 E.03144
G1 X114.288 Y112.126 E.03145
G1 X113.757 Y111.819 E.03147
G1 X113.298 Y111.413 E.03144
G1 X112.927 Y110.925 E.03145
G1 X112.661 Y110.372 E.03149
G1 X112.51 Y109.778 E.03145
G1 X112.48 Y109.166 E.03144
G1 X112.571 Y108.56 E.03144
G1 X112.781 Y107.984 E.03146
G1 X113.1 Y107.461 E.03143
G1 X113.517 Y107.011 E.03148
G1 X114.015 Y106.654 E.03144
G1 X114.575 Y106.401 E.03153
G1 X114.962 Y106.311 E.02039
G1 X115.55 Y106.241 E.03038
G1 X116.143 Y106.298 E.03057
G1 X116.699 Y106.462 E.02974
G1 X117.207 Y106.722 E.02928
G1 X117.735 Y107.148 E.03481
G1 X118.096 Y107.583 E.029
G1 X118.391 Y108.124 E.03162
G1 X118.572 Y108.71 E.03147
G1 X118.633 Y109.32 E.03146
G1 X118.602 Y109.624 E.01568
G1 X118.572 Y109.93 E.01578
G1 X118.391 Y110.515 E.03142
G1 X118.098 Y111.054 E.03148
G1 X118.091 Y111.062 E.00055
G1 X118.571 Y111.426 F9000
;TYPE:External perimeter
;WIDTH:0.629999
G1 F900
G1 X118.126 Y111.956 E.03378
G1 X117.553 Y112.414 E.03581
G1 X116.9 Y112.748 E.0358
G1 X116.194 Y112.947 E.03581
G1 X115.462 Y113.002 E.03583
G1 X114.735 Y112.911 E.03577
G1 X114.039 Y112.677 E.03584
G1 X113.404 Y112.31 E.0358
G1 X112.854 Y111.825 E.0358
G1 X112.411 Y111.24 E.03582
G1 X112.093 Y110.579 E.03581
G1 X111.912 Y109.869 E.03577
G1 X111.875 Y109.136 E.03583
G1 X111.985 Y108.411 E.0358
G1 X112.235 Y107.721 E.03583
G1 X112.618 Y107.095 E.03582
G1 X113.117 Y106.558 E.03578
G1 X113.712 Y106.13 E.03578
G1 X114.382 Y105.828 E.03588
G1 X115.071 Y105.668 E.03453
G1 X115.561 Y105.637 E.02397
G1 X116.258 Y105.704 E.03418
G1 X116.924 Y105.9 E.03389
G1 X117.536 Y106.215 E.0336
G1 X118.16 Y106.717 E.03909
G1 X118.597 Y107.244 E.03342
G1 X118.948 Y107.889 E.03585
G1 X119.165 Y108.59 E.03582
G1 X119.238 Y109.32 E.03581
G1 X119.201 Y109.684 E.01786
G1 X119.165 Y110.049 E.0179
G1 X118.948 Y110.75 E.03582
G1 X118.621 Y111.351 E.0334
G1 E-1.4 F3600
;WIPE_START
G1 F7200
G1 X118.571 Y111.426 E-.04282
G1 X118.126 Y111.956 E-.32872
G1 X117.75 Y112.256 E-.22846
;WIPE_END
G1 Z26.1 F9000
G1 X116.932 Y110.263
G1 Z24.1
G1 E2 F2400
;TYPE:Internal infill
;WIDTH:0.66
G1 F900
G1 X117.094 Y109.969 E.01722
G1 X117.225 Y109.322 E.03387
G1 X117.094 Y108.671 E.03407
G1 X116.733 Y108.141 E.0329
G1 X114.376 Y110.497 E.171
G1 X114.867 Y110.842 E.03079
G1 X115.513 Y110.99 E.03401
G1 X116.165 Y110.875 E.03397
G1 X116.734 Y110.5 E.03497
G1 X114.378 Y108.143 E.171
G1 X114.719 Y107.873 E.02232
G1 X115.357 Y107.659 E.03453
G1 X115.953 Y107.698 E.03065
G1 X116.498 Y107.941 E.03062
G1 X115.592 Y106.884 F9000
;TYPE:Solid infill
;WIDTH:0.97869
G1 F900
G1 X116.022 Y106.924 E.0336
;WIDTH:0.98081
G1 X116.462 Y107.054 E.03578
G1 X116.86 Y107.256 E.03481
;WIDTH:0.974892
G1 X117.282 Y107.593 E.04185
;WIDTH:0.972382
G1 X117.536 Y107.892 E.03032
;WIDTH:0.968554
G1 X117.778 Y108.315 E.03751
G1 X117.933 Y108.775 E.03736
;WIDTH:0.968898
G1 X117.994 Y109.261 E.03771
G1 X117.958 Y109.742 E.03714
;WIDTH:0.968552
G1 X117.825 Y110.213 E.03767
;WIDTH:0.97232
G1 X117.573 Y110.696 E.0421
G1 X117.302 Y111.023 E.03282
;WIDTH:0.96856
G1 X116.93 Y111.335 E.03737
G1 X116.503 Y111.568 E.03744
G1 X116.039 Y111.711 E.03737
G1 X115.555 Y111.76 E.03744
G1 X115.072 Y111.712 E.03736
G1 X114.607 Y111.569 E.03744
G1 X114.18 Y111.337 E.0374
G1 X113.808 Y111.024 E.03742
G1 X113.505 Y110.645 E.03735
G1 X113.283 Y110.212 E.03745
G1 X113.151 Y109.745 E.03735
G1 X113.114 Y109.26 E.03744
G1 X113.175 Y108.778 E.03739
G1 X113.329 Y108.317 E.03741
G1 X113.572 Y107.896 E.03741
G1 X113.893 Y107.531 E.03741
G1 X114.281 Y107.238 E.03742
G1 X114.718 Y107.027 E.03735
;WIDTH:0.970768
G1 X115.198 Y106.903 E.03825
G1 X115.284 Y106.899 E.00664
;LAYER_CHANGE
;Z:24.3
;HEIGHT:0.199999
;BEFORE_LAYER_CHANGE
G92 E0
;24.3


G1 E-1.4 F3600
;WIPE_START
G1 F7200
G1 X115.198 Y106.903 E-.04089
G1 X114.718 Y107.027 E-.23549
G1 X114.281 Y107.238 E-.2305
G1 X114.125 Y107.356 E-.09312
;WIPE_END
G1 Z24.3 F9000
;AFTER_LAYER_CHANGE
;24.3
G1 Z24.3
G1 X115.253 Y106.476
G1 E2 F2400
;TYPE:Perimeter
;WIDTH:0.659999
G1 F900
G1 X115.493 Y106.44 E.01245
G1 X116.047 Y106.484 E.02852
G1 X116.614 Y106.643 E.03022
G1 X117.111 Y106.898 E.02866
G1 X117.564 Y107.259 E.02972
G1 X117.932 Y107.698 E.02939
G1 X118.207 Y108.201 E.02941
G1 X118.376 Y108.749 E.02942
G1 X118.433 Y109.32 E.02944
G1 X118.404 Y109.605 E.0147
G1 X118.376 Y109.89 E.01469
G1 X118.207 Y110.438 E.02942
G1 X117.932 Y110.941 E.02941
G1 X117.564 Y111.38 E.02939
G1 X117.116 Y111.738 E.02942
G1 X116.606 Y111.999 E.0294
G1 X116.054 Y112.154 E.02942
G1 X115.482 Y112.197 E.02943
G1 X114.914 Y112.126 E.02937
G1 X114.37 Y111.943 E.02945
G1 X113.874 Y111.657 E.02938
G1 X113.444 Y111.277 E.02944
G1 X113.098 Y110.82 E.02941
G1 X112.849 Y110.304 E.0294
G1 X112.708 Y109.749 E.02938
G1 X112.679 Y109.176 E.02944
G1 X112.765 Y108.609 E.02943
G1 X112.961 Y108.071 E.02938
G1 X113.26 Y107.582 E.02941
G1 X113.65 Y107.161 E.02945
G1 X114.115 Y106.827 E.02938
G1 X114.638 Y106.591 E.02944
G1 X114.926 Y106.525 E.01516
G1 X115.164 Y106.489 E.01235
G1 X115.057 Y105.891 F9000
;TYPE:External perimeter
;WIDTH:0.629999
G1 F900
G1 X115.496 Y105.837 E.02159
G1 X116.153 Y105.888 E.03217
G1 X116.835 Y106.08 E.03459
G1 X117.439 Y106.39 E.03314
G1 X117.987 Y106.826 E.03419
G1 X118.432 Y107.357 E.03382
G1 X118.764 Y107.966 E.03386
G1 X118.969 Y108.629 E.03388
G1 X119.038 Y109.32 E.0339
G1 X119.003 Y109.665 E.01693
G1 X118.969 Y110.01 E.01692
G1 X118.764 Y110.673 E.03388
G1 X118.432 Y111.282 E.03386
G1 X117.986 Y111.813 E.03385
G1 X117.444 Y112.246 E.03386
G1 X116.827 Y112.562 E.03384
G1 X116.159 Y112.75 E.03388
G1 X115.467 Y112.802 E.03388
G1 X114.779 Y112.716 E.03385
G1 X114.121 Y112.495 E.03388
G1 X113.521 Y112.148 E.03383
G1 X113.001 Y111.689 E.03386
G1 X112.582 Y111.136 E.03387
G1 X112.281 Y110.511 E.03386
G1 X112.11 Y109.839 E.03385
G1 X112.075 Y109.146 E.03387
G1 X112.178 Y108.46 E.03386
G1 X112.416 Y107.808 E.03388
G1 X112.777 Y107.216 E.03385
G1 X113.249 Y106.708 E.03385
G1 X113.812 Y106.303 E.03386
G1 X114.445 Y106.017 E.03391
G1 X114.927 Y105.907 E.02413
G1 X114.968 Y105.902 E.00202
G1 E-1.4 F3600
;WIPE_START
G1 F7200
G1 X115.057 Y105.891 E-.0426
G1 X115.496 Y105.837 E-.2101
G1 X116.153 Y105.888 E-.31301
G1 X116.223 Y105.908 E-.03429
;WIPE_END
G1 Z26.3 F9000
G1 X118.182 Y109.834
G1 Z24.3
G1 E2 F2400
M204 S250
;TYPE:Bridge infill
;WIDTH:0.614663
;HEIGHT:0.584808
G1 F1500
G1 X117.208 Y111.045 E.19172
G1 X116.852 Y111.329 E.05618
G1 X116.428 Y111.546 E.05876
G1 X115.97 Y111.675 E.0587
G1 X115.84 Y111.685 E.01609
G1 X117.924 Y109.095 E.41011
G1 X117.899 Y108.846 E.03087
G1 X117.758 Y108.39 E.05888
G1 X117.709 Y108.301 E.01253
G1 X115.016 Y111.65 E.53016
G1 X114.57 Y111.5 E.05805
G1 X114.374 Y111.387 E.02791
G1 X117.321 Y107.723 E.58008
G1 X117.225 Y107.608 E.01848
G1 X116.816 Y107.291 E.06384
G1 X113.844 Y110.985 E.5849
G1 X113.513 Y110.567 E.06578
G1 X113.444 Y110.423 E.0197
G1 X116.178 Y107.023 E.53823
G1 X115.962 Y106.962 E.02769
G1 X115.603 Y106.935 E.04441
G1 X115.393 Y106.939 E.02591
G1 X113.189 Y109.678 E.43371
G1 X113.165 Y109.2 E.05904
G1 X113.236 Y108.729 E.05876
G1 X113.349 Y108.42 E.04059
G1 X114.649 Y106.804 E.25586
M204 S500
;LAYER_CHANGE
;Z:24.5
;HEIGHT:0.200001
;BEFORE_LAYER_CHANGE
G92 E0
;24.5


G1 E-1.4 F3600
;WIPE_START
G1 F7200
G1 X113.857 Y107.788 E-.6
;WIPE_END
G1 Z24.5 F9000
;AFTER_LAYER_CHANGE
;24.5
G1 Z24.5
G1 X114.649 Y106.804
G1 E2 F2400
;TYPE:Perimeter
;WIDTH:0.659999
G1 F900
G1 X114.701 Y106.781 E.00292
G1 X115.465 Y106.64 E.03986
G1 X116.019 Y106.682 E.02851
G1 X116.531 Y106.826 E.02729
G1 X117.021 Y107.079 E.0283
G1 X117.437 Y107.415 E.02744
G1 X117.767 Y107.81 E.02641
G1 X118.022 Y108.279 E.02739
G1 X118.179 Y108.789 E.02738
G1 X118.233 Y109.32 E.02739
G1 X118.206 Y109.585 E.01367
G1 X118.179 Y109.85 E.01367
G1 X118.022 Y110.36 E.02738
G1 X117.767 Y110.828 E.02735
G1 X117.424 Y111.237 E.02739
G1 X117.007 Y111.57 E.02738
G1 X116.533 Y111.813 E.02733
G1 X116.019 Y111.957 E.02739
G1 X115.487 Y111.997 E.02737
G1 X114.958 Y111.931 E.02735
G1 X114.453 Y111.761 E.02734
G1 X113.991 Y111.494 E.02738
G1 X113.591 Y111.141 E.02737
G1 X113.269 Y110.716 E.02736
G1 X113.037 Y110.236 E.02735
G1 X112.906 Y109.719 E.02737
G1 X112.879 Y109.186 E.02738
G1 X112.959 Y108.659 E.02735
G1 X113.141 Y108.157 E.0274
G1 X113.419 Y107.702 E.02736
G1 X113.782 Y107.311 E.02738
G1 X114.215 Y107 E.02735
G1 X114.567 Y106.841 E.01982
G1 X114.347 Y106.28 F9000
;TYPE:External perimeter
;WIDTH:0.629999
G1 F900
G1 X114.508 Y106.207 E.00863
G1 X114.829 Y106.134 E.01607
G1 X115.465 Y106.037 E.03141
G1 X116.124 Y106.086 E.03226
G1 X116.753 Y106.263 E.0319
G1 X117.352 Y106.573 E.03292
G1 X117.861 Y106.983 E.03191
G1 X118.267 Y107.47 E.03095
G1 X118.58 Y108.044 E.03192
G1 X118.773 Y108.669 E.03193
G1 X118.838 Y109.32 E.03194
G1 X118.805 Y109.645 E.01595
G1 X118.773 Y109.97 E.01594
G1 X118.58 Y110.595 E.03193
G1 X118.267 Y111.169 E.03192
G1 X117.847 Y111.67 E.03191
G1 X117.336 Y112.078 E.03192
G1 X116.754 Y112.376 E.03192
G1 X116.124 Y112.553 E.03194
G1 X115.472 Y112.602 E.03192
G1 X114.824 Y112.521 E.03188
G1 X114.204 Y112.313 E.03192
G1 X113.637 Y111.986 E.03195
G1 X113.147 Y111.553 E.03192
G1 X112.752 Y111.032 E.03192
G1 X112.469 Y110.443 E.0319
G1 X112.307 Y109.809 E.03194
G1 X112.275 Y109.156 E.03191
G1 X112.372 Y108.509 E.03194
G1 X112.596 Y107.895 E.03191
G1 X112.937 Y107.337 E.03192
G1 X113.382 Y106.858 E.03192
G1 X113.912 Y106.476 E.03189
G1 X114.265 Y106.317 E.0189
G1 X114.357 Y107.246 F9000
;TYPE:Solid infill
;WIDTH:0.55292
G1 F900
G1 X113.669 Y107.892 E.04002
;WIDTH:0.659999
G1 X113.421 Y108.782 E.04741
G1 X115.003 Y107.199 E.11483
G1 X115.924 Y107.151 E.04732
G1 X113.388 Y109.687 E.18402
G1 X113.613 Y110.335 E.0352
G1 X116.568 Y107.38 E.21443
G1 X117.082 Y107.739 E.03217
G1 X113.974 Y110.846 E.22549
G1 X114.47 Y111.223 E.03197
G1 X117.457 Y108.236 E.21675
G1 X117.705 Y108.861 E.0345
G1 X115.096 Y111.469 E.18928
G1 X115.957 Y111.481 E.04418
G1 X117.715 Y109.724 E.12753
G1 X117.485 Y110.636 E.04826
;WIDTH:0.55292
G1 X116.825 Y111.287 E.03931
;LAYER_CHANGE
;Z:24.7
;HEIGHT:0.200001
;BEFORE_LAYER_CHANGE
G92 E0
;24.7


G1 E-1.4 F3600
;WIPE_START
G1 F7200
G1 X117.485 Y110.636 E-.44034
G1 X117.567 Y110.31 E-.15966
;WIPE_END
G1 Z24.7 F9000
;AFTER_LAYER_CHANGE
;24.7
G1 Z24.7
G1 X116.901 Y111.399
G1 E2 F2400
;TYPE:Perimeter
;WIDTH:0.659999
G1 F900
G1 X116.899 Y111.402 E.00019
G1 X116.46 Y111.627 E.02531
G1 X115.985 Y111.76 E.02531
G1 X115.492 Y111.797 E.02537
G1 X115.003 Y111.736 E.02529
G1 X114.535 Y111.579 E.02533
G1 X114.107 Y111.332 E.02536
G1 X113.737 Y111.005 E.02534
G1 X113.439 Y110.612 E.02531
G1 X113.225 Y110.167 E.02534
G1 X113.103 Y109.689 E.02531
G1 X113.079 Y109.196 E.02533
G1 X113.152 Y108.708 E.02532
G1 X113.321 Y108.244 E.02534
G1 X113.579 Y107.823 E.02534
G1 X113.914 Y107.461 E.02531
G1 X114.315 Y107.173 E.02533
G1 X114.765 Y106.97 E.02533
G1 X115.47 Y106.84 E.03678
G1 X115.985 Y106.879 E.0265
G1 X116.46 Y107.012 E.02531
G1 X116.895 Y107.235 E.02508
G1 X117.105 Y107.407 E.01393
G1 X117.464 Y107.755 E.02565
G1 X117.722 Y108.143 E.02391
G1 X117.91 Y108.589 E.02483
G1 X118.008 Y109.072 E.02529
G1 X118.008 Y109.564 E.02524
G1 X117.983 Y109.811 E.01274
G1 X117.838 Y110.282 E.02529
G1 X117.602 Y110.716 E.02535
G1 X117.285 Y111.094 E.02531
G1 X116.972 Y111.343 E.02052
G1 X117.324 Y111.833 F9000
;TYPE:External perimeter
;WIDTH:0.629999
G1 F900
G1 X117.227 Y111.91 E.00605
G1 X116.681 Y112.19 E.02995
G1 X116.09 Y112.356 E.02997
G1 X115.477 Y112.402 E.03001
G1 X114.868 Y112.326 E.02996
G1 X114.286 Y112.13 E.02998
G1 X113.754 Y111.823 E.02998
G1 X113.294 Y111.417 E.02995
G1 X112.923 Y110.927 E.03
G1 X112.657 Y110.374 E.02996
G1 X112.505 Y109.779 E.02998
G1 X112.474 Y109.166 E.02996
G1 X112.566 Y108.559 E.02997
G1 X112.776 Y107.982 E.02997
G1 X113.096 Y107.458 E.02997
G1 X113.514 Y107.008 E.02998
G1 X114.012 Y106.649 E.02997
G1 X114.572 Y106.397 E.02998
G1 X114.873 Y106.328 E.01507
G1 X115.47 Y106.236 E.02949
G1 X116.09 Y106.283 E.03035
G1 X116.681 Y106.449 E.02997
G1 X117.226 Y106.729 E.02991
G1 X117.75 Y107.156 E.033
G1 X118.101 Y107.582 E.02695
G1 X118.396 Y108.122 E.03004
G1 X118.577 Y108.709 E.02999
G1 X118.638 Y109.32 E.02997
G1 X118.607 Y109.624 E.01492
G1 X118.577 Y109.931 E.01506
G1 X118.396 Y110.517 E.02994
G1 X118.102 Y111.057 E.03001
G1 X117.707 Y111.527 E.02997
G1 X117.394 Y111.777 E.01955
G1 E-1.4 F3600
;WIPE_START
G1 F7200
G1 X117.324 Y111.833 E-.04258
G1 X117.227 Y111.91 E-.05883
G1 X116.681 Y112.19 E-.29146
G1 X116.261 Y112.308 E-.20713
;WIPE_END
G1 Z26.7 F9000
G1 X113.556 Y109.22
G1 Z24.7
G1 E2 F2400
;TYPE:Solid infill
;WIDTH:0.659999
G1 F900
G1 X113.615 Y108.826 E.02044
G1 X113.751 Y108.451 E.02047
G1 X113.959 Y108.111 E.02045
G1 X114.23 Y107.819 E.02044
G1 X114.554 Y107.587 E.02045
G1 X114.917 Y107.423 E.02044
G1 X115.326 Y107.33 E.02152
G1 X115.908 Y107.351 E.02988
G1 X116.113 Y107.409 E.01093
G1 X116.633 Y107.635 E.02909
G1 X117.097 Y108.057 E.03218
G1 X117.398 Y108.542 E.02929
G1 X117.515 Y108.923 E.02045
G1 X117.555 Y109.32 E.02047
G1 X117.515 Y109.716 E.02042
G1 X117.398 Y110.097 E.02045
G1 X117.207 Y110.447 E.02046
G1 X116.951 Y110.752 E.02043
G1 X116.64 Y111 E.02041
G1 X116.285 Y111.182 E.02047
G1 X115.902 Y111.29 E.02042
G1 X115.504 Y111.32 E.02048
G1 X115.109 Y111.27 E.02043
G1 X114.731 Y111.143 E.02046
G1 X114.386 Y110.944 E.02044
G1 X114.087 Y110.681 E.02043
G1 X113.847 Y110.363 E.02044
G1 X113.674 Y110.004 E.02045
G1 X113.576 Y109.618 E.02043
G1 X113.571 Y109.528 E.00463
G1 X114.182 Y109.389 E.03215
G1 X114.216 Y108.979 E.02111
G1 X114.381 Y108.605 E.02097
G1 X114.641 Y108.284 E.0212
G1 X114.983 Y108.07 E.0207
G1 X115.384 Y107.949 E.02149
G1 X115.946 Y108.003 E.02897
G1 X116.294 Y108.155 E.01948
G1 X116.621 Y108.45 E.0226
G1 X116.744 Y108.631 E.01123
G1 X116.908 Y109.046 E.0229
G1 X116.921 Y109.455 E.021
G1 X116.826 Y109.856 E.02114
G1 X116.607 Y110.202 E.02101
G1 X116.303 Y110.479 E.0211
G1 X115.927 Y110.642 E.02103
G1 X115.52 Y110.7 E.02109
G1 X115.117 Y110.622 E.02106
G1 X114.748 Y110.441 E.02109
G1 X114.459 Y110.15 E.02104
G1 X114.257 Y109.792 E.02109
G1 X114.238 Y109.692 E.00522
G1 X114.843 Y109.586 E.03152
G1 X114.997 Y109.837 E.01511
G1 X115.241 Y110.013 E.01544
G1 X115.535 Y110.08 E.01547
G1 X115.832 Y110.028 E.01547
G1 X116.085 Y109.864 E.01547
G1 X116.255 Y109.615 E.01547
G1 X116.315 Y109.32 E.01545
G1 X116.255 Y109.024 E.0155
G1 X116.146 Y108.843 E.01084
G1 X115.881 Y108.637 E.01722
G1 X115.633 Y108.576 E.0131
G1 X115.312 Y108.599 E.01651
G1 X115.051 Y108.749 E.01545
G1 X114.869 Y108.99 E.0155
G1 X114.795 Y109.282 E.01546
;LAYER_CHANGE
;Z:24.9
;HEIGHT:0.199999
;BEFORE_LAYER_CHANGE
G92 E0
;24.9


G1 E-1.4 F3600
;WIPE_START
G1 F7200
G1 X114.869 Y108.99 E-.14308
G1 X115.051 Y108.749 E-.14345
G1 X115.312 Y108.599 E-.14299
G1 X115.633 Y108.576 E-.15287
G1 X115.669 Y108.585 E-.01761
;WIPE_END
G1 Z24.9 F9000
;AFTER_LAYER_CHANGE
;24.9
G1 Z26.9
G1 X113.284 Y109.169
G1 Z24.9
G1 E2 F2400
;TYPE:Perimeter
G1 F900
G1 X113.346 Y108.757 E.02138
G1 X113.501 Y108.331 E.02326
G1 X113.738 Y107.944 E.02328
G1 X114.047 Y107.611 E.02331
G1 X114.415 Y107.346 E.02327
G1 X114.829 Y107.16 E.02329
G1 X115.46 Y107.05 E.03287
G1 X116.097 Y107.108 E.03282
G1 X116.69 Y107.353 E.03292
G1 X117.204 Y107.748 E.03326
G1 X117.521 Y108.192 E.02799
G1 X117.72 Y108.65 E.02562
G1 X117.81 Y109.094 E.02325
G1 X117.81 Y109.547 E.02324
G1 X117.787 Y109.771 E.01155
G1 X117.654 Y110.205 E.02329
G1 X117.437 Y110.603 E.02326
G1 X117.145 Y110.951 E.02331
G1 X116.79 Y111.234 E.02329
G1 X116.387 Y111.44 E.02322
G1 X115.95 Y111.563 E.02329
G1 X115.497 Y111.597 E.02331
G1 X115.047 Y111.541 E.02327
G1 X114.617 Y111.396 E.02328
G1 X114.224 Y111.17 E.02326
G1 X113.884 Y110.869 E.0233
G1 X113.61 Y110.508 E.02325
G1 X113.413 Y110.099 E.02329
G1 X113.301 Y109.659 E.0233
G1 X113.281 Y109.258 E.0206
G1 X112.678 Y109.243 F9000
;TYPE:External perimeter
;WIDTH:0.629999
G1 F900
G1 X112.674 Y109.176 E.00328
G1 X112.76 Y108.608 E.02804
G1 X112.956 Y108.068 E.02804
G1 X113.256 Y107.578 E.02805
G1 X113.646 Y107.158 E.02798
G1 X114.112 Y106.822 E.02804
G1 X114.636 Y106.586 E.02805
G1 X115.197 Y106.458 E.02809
G1 X115.671 Y106.439 E.02316
G1 X116.242 Y106.52 E.02815
G1 X116.785 Y106.713 E.02813
G1 X117.197 Y106.95 E.0232
G1 X117.637 Y107.326 E.02825
G1 X117.936 Y107.694 E.02315
G1 X118.211 Y108.2 E.02811
G1 X118.38 Y108.748 E.02799
G1 X118.438 Y109.323 E.02821
G1 X118.409 Y109.607 E.01394
G1 X118.381 Y109.891 E.01393
G1 X118.211 Y110.44 E.02806
G1 X117.937 Y110.944 E.028
G1 X117.568 Y111.384 E.02803
G1 X117.119 Y111.742 E.02803
G1 X116.608 Y112.004 E.02803
G1 X116.055 Y112.159 E.02804
G1 X115.482 Y112.202 E.02805
G1 X114.913 Y112.131 E.02799
G1 X114.368 Y111.948 E.02806
G1 X113.871 Y111.661 E.02802
G1 X113.44 Y111.281 E.02805
G1 X113.094 Y110.823 E.02802
G1 X112.845 Y110.306 E.02801
G1 X112.703 Y109.749 E.02806
G1 X112.682 Y109.333 E.02033
G1 E-1.4 F3600
;WIPE_START
G1 F7200
G1 X112.678 Y109.243 E-.04279
G1 X112.674 Y109.176 E-.03188
G1 X112.76 Y108.608 E-.27287
G1 X112.942 Y108.109 E-.25246
;WIPE_END
G1 Z26.9 F9000
G1 X115.331 Y107.532
G1 Z24.9
G1 E2 F2400
;TYPE:Solid infill
;WIDTH:0.659999
G1 F900
G1 X115.984 Y107.572 E.03357
G1 X116.452 Y107.764 E.02596
G1 X116.863 Y108.082 E.02666
G1 X117.129 Y108.464 E.02388
G1 X117.319 Y108.962 E.02735
G1 X117.337 Y109.499 E.02757
G1 X117.214 Y110.019 E.02742
G1 X116.927 Y110.471 E.02747
G1 X116.812 Y110.609 E.00922
G1 X116.371 Y110.914 E.02751
G1 X115.867 Y111.093 E.02744
G1 X115.331 Y111.098 E.0275
G1 X114.813 Y110.961 E.02749
G1 X114.368 Y110.663 E.02748
G1 X114.017 Y110.259 E.02746
G1 X113.817 Y109.761 E.02754
G1 X113.756 Y109.23 E.02742
G1 X113.871 Y108.705 E.02758
G1 X114.119 Y108.232 E.0274
G1 X114.505 Y107.867 E.02726
G1 X114.834 Y107.679 E.01944
G1 X115.035 Y107.62 E.01075
G1 X115.677 Y108.157 E.04295
G1 X116.072 Y108.258 E.02092
G1 X116.419 Y108.515 E.02216
G1 X116.642 Y108.861 E.02112
G1 X116.735 Y109.322 E.02413
G1 X116.642 Y109.778 E.02388
G1 X116.455 Y110.074 E.01796
G1 X116.195 Y110.311 E.01805
G1 X115.759 Y110.482 E.02403
G1 X115.291 Y110.471 E.02402
G1 X114.865 Y110.278 E.024
G1 X114.547 Y109.935 E.024
G1 X114.387 Y109.496 E.02397
G1 X114.41 Y109.028 E.02404
G1 X114.613 Y108.607 E.02398
G1 X114.964 Y108.297 E.02403
G1 X115.275 Y108.178 E.01709
G1 X115.369 Y108.173 E.00483
G1 X115.458 Y108.769 E.03092
G1 X115.754 Y108.8 E.01527
G1 X115.957 Y108.931 E.0124
G1 X116.087 Y109.154 E.01324
G1 X116.104 Y109.43 E.01419
G1 X115.982 Y109.678 E.01418
G1 X115.809 Y109.816 E.01135
G1 X115.54 Y109.88 E.01419
G1 X115.276 Y109.803 E.01411
G1 X115.076 Y109.612 E.01419
G1 X114.997 Y109.348 E.01414
G1 X115.049 Y109.076 E.01421
G1 X115.189 Y108.911 E.0111
;LAYER_CHANGE
;Z:25.1
;HEIGHT:0.200001
;BEFORE_LAYER_CHANGE
G92 E0
;25.1


G1 E-1.4 F3600
;WIPE_START
G1 F7200
G1 X115.049 Y109.076 E-.10279
G1 X114.997 Y109.348 E-.13154
G1 X115.076 Y109.612 E-.13089
G1 X115.276 Y109.803 E-.13136
G1 X115.485 Y109.864 E-.10342
;WIPE_END
G1 Z25.1 F9000
;AFTER_LAYER_CHANGE
;25.1
G1 Z27.1
G1 X114.158 Y107.799
G1 Z25.1
G1 E2 F2400
;TYPE:Perimeter
G1 F900
G1 X114.185 Y107.77 E.00203
G1 X114.519 Y107.529 E.02113
G1 X114.895 Y107.359 E.02117
G1 X115.296 Y107.268 E.0211
G1 X115.708 Y107.257 E.02115
G1 X116.114 Y107.329 E.02116
G1 X116.497 Y107.479 E.02111
G1 X116.843 Y107.702 E.02112
G1 X117.137 Y107.989 E.02108
G1 X117.369 Y108.329 E.02112
G1 X117.529 Y108.707 E.02106
G1 X117.611 Y109.107 E.02095
G1 X117.633 Y109.32 E.01099
G1 X117.593 Y109.72 E.02063
G1 X117.421 Y110.231 E.02767
G1 X117.211 Y110.575 E.02068
G1 X116.929 Y110.878 E.02124
G1 X116.593 Y111.12 E.02125
G1 X116.216 Y111.29 E.02122
G1 X115.813 Y111.382 E.02121
G1 X115.399 Y111.392 E.02125
G1 X114.991 Y111.32 E.02126
G1 X114.606 Y111.169 E.02122
G1 X114.268 Y110.951 E.02064
G1 X114.04 Y110.718 E.01673
G1 X113.78 Y110.383 E.02176
G1 X113.617 Y110.043 E.01935
G1 X113.51 Y109.634 E.02169
G1 X113.488 Y109.22 E.02127
G1 X113.549 Y108.811 E.02122
G1 X113.69 Y108.424 E.02113
G1 X113.905 Y108.072 E.02116
G1 X114.096 Y107.865 E.01445
G1 X113.655 Y107.435 F9000
;TYPE:External perimeter
;WIDTH:0.629999
G1 F900
G1 X113.988 Y107.141 E.02168
G1 X114.45 Y106.874 E.02605
G1 X114.957 Y106.703 E.02612
G1 X115.487 Y106.637 E.02607
G1 X116.02 Y106.677 E.02609
G1 X116.535 Y106.822 E.02612
G1 X117.01 Y107.065 E.02605
G1 X117.428 Y107.399 E.02612
G1 X117.771 Y107.808 E.02606
G1 X118.027 Y108.277 E.02608
G1 X118.184 Y108.788 E.0261
G1 X118.21 Y109.047 E.01271
G1 X118.238 Y109.32 E.0134
G1 X118.185 Y109.848 E.0259
G1 X117.97 Y110.487 E.03291
G1 X117.693 Y110.94 E.02592
G1 X117.33 Y111.332 E.02608
G1 X116.896 Y111.644 E.02609
G1 X116.409 Y111.863 E.02607
G1 X115.888 Y111.982 E.02609
G1 X115.354 Y111.996 E.02608
G1 X114.827 Y111.903 E.02612
G1 X114.33 Y111.708 E.02606
G1 X113.884 Y111.42 E.02592
G1 X113.413 Y110.937 E.03293
G1 X113.136 Y110.484 E.02592
G1 X112.954 Y109.982 E.02607
G1 X112.874 Y109.453 E.02612
G1 X112.901 Y108.92 E.02605
G1 X113.032 Y108.402 E.02608
G1 X113.264 Y107.92 E.02611
G1 X113.587 Y107.494 E.0261
G1 E-1.4 F3600
;WIPE_START
G1 F7200
G1 X113.655 Y107.435 E-.04276
G1 X113.988 Y107.141 E-.211
G1 X114.45 Y106.874 E-.25346
G1 X114.635 Y106.812 E-.09278
;WIPE_END
G1 Z27.1 F9000
G1 X117.384 Y108.896
G1 Z25.1
G1 E2 F2400
;TYPE:Top solid infill
;WIDTH:0.677409
G1 F900
G1 X116.436 Y107.948 E.07073
G1 X116.15 Y107.801 E.01697
G1 X115.837 Y107.713 E.01715
G1 X115.514 Y107.689 E.01709
G1 X115.306 Y107.715 E.01106
G1 X117.16 Y109.569 E.13833
G1 X117.015 Y110.042 E.0261
G1 X116.909 Y110.215 E.0107
G1 X114.657 Y107.963 E.16802
G1 X114.359 Y108.21 E.02042
G1 X114.207 Y108.411 E.0133
G1 X116.462 Y110.666 E.16825
G1 X116.37 Y110.732 E.00597
G1 X116.074 Y110.866 E.01714
G1 X115.822 Y110.923 E.01363
G1 X113.948 Y109.049 E.13982
G1 X113.925 Y109.401 E.01861
G1 X113.974 Y109.722 E.01713
G1 X114.085 Y110.027 E.01712
G1 X114.172 Y110.17 E.00883
G1 X115.153 Y111.151 E.07319
; stop printing object antenna-magnetometer-holder_2 id:0 copy 0
G1 E-1.4 F3600
;WIPE_START
G1 F7200;_WIPE
G1 X114.26 Y110.258 E-.6
;WIPE_END
M107
;TYPE:Custom
; Filament-specific end gcode 
;END gcode for filament
G1 Z27.1 F600 ; Move print head up
G1 X5 Y193.8 F9000 ; present print
G1 Z95.1 F600 ; Move print head further up
G1 Z150 F600 ; Move print head further up
M140 S0 ; turn off heatbed
M104 S0 ; turn off temperature
M107 ; turn off fan
M84 X Y E ; disable motors
; objects_info = {"objects":[{"name":"antenna-magnetometer-holder_2 id:0 copy 0","polygon":[[127.281,125.012],[103.827,125.012],[103.827,93.627],[127.281,93.627]]}]}
; filament used [mm] = 1478.55
; filament used [cm3] = 3.56
; filament used [g] = 4.66
; filament cost = 0.10
; total filament used [g] = 4.66
; total filament cost = 0.10
; total filament used for wipe tower [g] = 0.00
; estimated printing time (normal mode) = 29m 29s
; estimated first layer printing time (normal mode) = 1m 53s

; prusaslicer_config = begin
; arc_fitting = disabled
; autoemit_temperature_commands = 1
; automatic_extrusion_widths = 0
; automatic_infill_combination = 0
; automatic_infill_combination_max_layer_height = 100%
; avoid_crossing_curled_overhangs = 0
; avoid_crossing_perimeters = 0
; avoid_crossing_perimeters_max_detour = 0
; bed_custom_model = 
; bed_custom_texture = 
; bed_shape = 3x3,228x3,228x228,3x228
; bed_temperature = 55
; bed_temperature_extruder = 0
; before_layer_gcode = ;BEFORE_LAYER_CHANGE\nG92 E0\n;{layer_z}\n\n
; between_objects_gcode = 
; binary_gcode = 0
; bottom_fill_pattern = monotonic
; bottom_solid_layers = 4
; bottom_solid_min_thickness = 0
; bridge_acceleration = 250
; bridge_angle = 0
; bridge_fan_speed = 100
; bridge_flow_ratio = 0.95
; bridge_speed = 25
; brim_separation = 0
; brim_type = outer_only
; brim_width = 0
; chamber_minimal_temperature = 0
; chamber_temperature = 0
; color_change_gcode = M600
; colorprint_heights = 
; compatible_printers_condition_cummulative = "printer_model=~/(ENDER|CR|SERMOON).*/ and nozzle_diameter[0]==0.6";printer_notes=~/.*PRINTER_VENDOR_CREALITY.*/
; complete_objects = 1
; cooling = 1
; cooling_tube_length = 5
; cooling_tube_retraction = 91.5
; default_acceleration = 500
; default_filament_profile = "Generic PLA @CREALITY"
; default_print_profile = "0.24 mm DRAFT (0.6 mm nozzle) @CREALITY"
; deretract_speed = 40
; disable_fan_first_layers = 1
; dont_support_bridges = 1
; draft_shield = disabled
; duplicate_distance = 6
; elefant_foot_compensation = 0.1
; enable_dynamic_fan_speeds = 0
; enable_dynamic_overhang_speeds = 0
; end_filament_gcode = "; Filament-specific end gcode \n;END gcode for filament\n"
; end_gcode = {if max_layer_z < max_print_height}G1 Z{z_offset+min(max_layer_z+2, max_print_height)} F600 ; Move print head up{endif}\nG1 X5 Y{print_bed_max[1]*0.85} F{travel_speed*60} ; present print\n{if max_layer_z < max_print_height-10}G1 Z{z_offset+min(max_layer_z+70, max_print_height-10)} F600 ; Move print head further up{endif}\n{if max_layer_z < max_print_height*0.6}G1 Z{max_print_height*0.6} F600 ; Move print head further up{endif}\nM140 S0 ; turn off heatbed\nM104 S0 ; turn off temperature\nM107 ; turn off fan\nM84 X Y E ; disable motors
; ensure_vertical_shell_thickness = enabled
; external_perimeter_acceleration = 0
; external_perimeter_extrusion_width = 0.63
; external_perimeter_speed = 25
; external_perimeters_first = 0
; extra_loading_move = -2
; extra_perimeters = 0
; extra_perimeters_on_overhangs = 0
; extruder_clearance_height = 25
; extruder_clearance_radius = 55
; extruder_colour = #FCE94F
; extruder_offset = 0x0
; extrusion_axis = E
; extrusion_multiplier = 1
; extrusion_width = 0.66
; fan_always_on = 1
; fan_below_layer_time = 100
; filament_abrasive = 0
; filament_colour = #42B3C0
; filament_cooling_final_speed = 3.4
; filament_cooling_initial_speed = 2.2
; filament_cooling_moves = 4
; filament_cost = 20.99
; filament_density = 1.31
; filament_deretract_speed = nil
; filament_diameter = 1.75
; filament_infill_max_crossing_speed = 0
; filament_infill_max_speed = 0
; filament_load_time = 0
; filament_loading_speed = 28
; filament_loading_speed_start = 3
; filament_max_volumetric_speed = 15
; filament_minimal_purge_on_wipe_tower = 15
; filament_multitool_ramming = 0
; filament_multitool_ramming_flow = 10
; filament_multitool_ramming_volume = 10
; filament_notes = ""
; filament_purge_multiplier = 100%
; filament_ramming_parameters = "120 100 6.6 6.8 7.2 7.6 7.9 8.2 8.7 9.4 9.9 10.0| 0.05 6.6 0.45 6.8 0.95 7.8 1.45 8.3 1.95 9.7 2.45 10 2.95 7.6 3.45 7.6 3.95 7.6 4.45 7.6 4.95 7.6"
; filament_retract_before_travel = nil
; filament_retract_before_wipe = nil
; filament_retract_layer_change = nil
; filament_retract_length = 2
; filament_retract_length_toolchange = nil
; filament_retract_lift = 2
; filament_retract_lift_above = nil
; filament_retract_lift_below = nil
; filament_retract_restart_extra = nil
; filament_retract_restart_extra_toolchange = nil
; filament_retract_speed = nil
; filament_seam_gap_distance = nil
; filament_settings_id = "Polymaker PolyTerra PLA Plus"
; filament_shrinkage_compensation_xy = 0%
; filament_shrinkage_compensation_z = 0%
; filament_soluble = 0
; filament_spool_weight = 140
; filament_stamping_distance = 0
; filament_stamping_loading_speed = 20
; filament_toolchange_delay = 0
; filament_travel_lift_before_obstacle = nil
; filament_travel_max_lift = nil
; filament_travel_ramping_lift = nil
; filament_travel_slope = nil
; filament_type = PLA
; filament_unload_time = 0
; filament_unloading_speed = 90
; filament_unloading_speed_start = 100
; filament_vendor = Polymaker
; filament_wipe = nil
; fill_angle = 45
; fill_density = 15%
; fill_pattern = grid
; first_layer_acceleration = 0
; first_layer_acceleration_over_raft = 0
; first_layer_bed_temperature = 60
; first_layer_extrusion_width = 0.63
; first_layer_height = 0.3
; first_layer_infill_speed = 0
; first_layer_speed = 20
; first_layer_speed_over_raft = 30
; first_layer_temperature = 205
; full_fan_speed_layer = 0
; fuzzy_skin = none
; fuzzy_skin_point_dist = 0.8
; fuzzy_skin_thickness = 0.3
; gap_fill_enabled = 1
; gap_fill_speed = 30
; gcode_comments = 0
; gcode_flavor = marlin
; gcode_label_objects = octoprint
; gcode_resolution = 0.0125
; gcode_substitutions = 
; high_current_on_filament_swap = 0
; host_type = prusalink
; idle_temperature = 150
; infill_acceleration = 0
; infill_anchor = 600%
; infill_anchor_max = 50
; infill_every_layers = 1
; infill_extruder = 1
; infill_extrusion_width = 0.66
; infill_first = 0
; infill_overlap = 23%
; infill_speed = 50
; inherits_cummulative = ;"Polymaker PolyTerra PLA @CREALITY";"Creality Ender-3 BLTouch (0.6 mm nozzle)"
; interface_shells = 0
; interlocking_beam = 0
; interlocking_beam_layer_count = 2
; interlocking_beam_width = 0.8
; interlocking_boundary_avoidance = 2
; interlocking_depth = 2
; interlocking_orientation = 22.5
; ironing = 0
; ironing_flowrate = 10%
; ironing_spacing = 0.1
; ironing_speed = 20
; ironing_type = top
; layer_gcode = ;AFTER_LAYER_CHANGE\n;{layer_z}
; layer_height = 0.2
; machine_limits_usage = emit_to_gcode
; machine_max_acceleration_e = 5000
; machine_max_acceleration_extruding = 500
; machine_max_acceleration_retracting = 1000
; machine_max_acceleration_travel = 500
; machine_max_acceleration_x = 500
; machine_max_acceleration_y = 500
; machine_max_acceleration_z = 100
; machine_max_feedrate_e = 60
; machine_max_feedrate_x = 500
; machine_max_feedrate_y = 500
; machine_max_feedrate_z = 10
; machine_max_jerk_e = 5
; machine_max_jerk_x = 8
; machine_max_jerk_y = 8
; machine_max_jerk_z = 0.4
; machine_min_extruding_rate = 0
; machine_min_travel_rate = 0
; max_fan_speed = 100
; max_layer_height = 0.48
; max_print_height = 250
; max_print_speed = 100
; max_volumetric_extrusion_rate_slope_negative = 0
; max_volumetric_extrusion_rate_slope_positive = 0
; max_volumetric_speed = 0
; min_bead_width = 85%
; min_fan_speed = 100
; min_feature_size = 25%
; min_layer_height = 0.08
; min_print_speed = 15
; min_skirt_length = 4
; mmu_segmented_region_interlocking_depth = 0
; mmu_segmented_region_max_width = 0
; multimaterial_purging = 140
; notes = 
; nozzle_diameter = 0.6
; nozzle_high_flow = 0
; only_one_perimeter_first_layer = 0
; only_retract_when_crossing_perimeters = 0
; ooze_prevention = 0
; output_filename_format = {input_filename_base}_{print_time}_{digits(layer_height,1,2)}mm_{temperature[0]}C_{filament_type[0]}_{printer_model}.gcode
; over_bridge_speed = 0
; overhang_fan_speed_0 = 0
; overhang_fan_speed_1 = 0
; overhang_fan_speed_2 = 0
; overhang_fan_speed_3 = 0
; overhang_speed_0 = 15
; overhang_speed_1 = 15
; overhang_speed_2 = 20
; overhang_speed_3 = 25
; overhangs = 0
; parking_pos_retraction = 92
; pause_print_gcode = 
; perimeter_acceleration = 0
; perimeter_extruder = 1
; perimeter_extrusion_width = 0.66
; perimeter_generator = arachne
; perimeter_speed = 40
; perimeters = 2
; physical_printer_settings_id = 
; post_process = 
; prefer_clockwise_movements = 0
; print_settings_id = 0.20 mm NORMAL (0.6 mm nozzle) @CREALITY
; printer_model = ENDER3BLTOUCH
; printer_notes = Don't remove the following keywords! These keywords are used in the "compatible printer" condition of the print and filament profiles to link the particular print and filament profiles to this printer profile.\nPRINTER_VENDOR_CREALITY\nPRINTER_MODEL_ENDER3BLTOUCH\nPRINTER_HAS_BOWDEN
; printer_settings_id = Creality Ender-3 BLTouch (0.6 mm nozzle) - Copy
; printer_technology = FFF
; printer_variant = 0.6
; printer_vendor = 
; raft_contact_distance = 0.1
; raft_expansion = 1.5
; raft_first_layer_density = 90%
; raft_first_layer_expansion = 3
; raft_layers = 0
; remaining_times = 0
; resolution = 0
; retract_before_travel = 2
; retract_before_wipe = 70%
; retract_layer_change = 1
; retract_length = 5
; retract_length_toolchange = 1
; retract_lift = 0
; retract_lift_above = 0.3
; retract_lift_below = 0
; retract_restart_extra = 0
; retract_restart_extra_toolchange = 0
; retract_speed = 60
; scarf_seam_entire_loop = 0
; scarf_seam_length = 20
; scarf_seam_max_segment_length = 1
; scarf_seam_on_inner_perimeters = 0
; scarf_seam_only_on_smooth = 1
; scarf_seam_placement = nowhere
; scarf_seam_start_height = 0%
; seam_gap_distance = 15%
; seam_position = nearest
; silent_mode = 0
; single_extruder_multi_material = 0
; single_extruder_multi_material_priming = 0
; skirt_distance = 3
; skirt_height = 2
; skirts = 1
; slice_closing_radius = 0.049
; slicing_mode = regular
; slowdown_below_layer_time = 20
; small_perimeter_speed = 25
; solid_infill_acceleration = 0
; solid_infill_below_area = 0
; solid_infill_every_layers = 0
; solid_infill_extruder = 1
; solid_infill_extrusion_width = 0.66
; solid_infill_speed = 40
; spiral_vase = 0
; staggered_inner_seams = 0
; standby_temperature_delta = -5
; start_filament_gcode = "; Filament gcode\n"
; start_gcode = G90 ; use absolute coordinates\nM83 ; extruder relative mode\nM104 S{is_nil(idle_temperature[0]) ? 150 : idle_temperature[0]} ; set temporary nozzle temp to prevent oozing during homing and auto bed leveling\nM140 S{first_layer_bed_temperature[0]} ; set final bed temp\nG4 S30 ; allow partial nozzle warmup\nG28 ; home all axis\nG29 ; auto bed levelling\nM420 S1 ; use bed mesh\nG1 Z50 F240\nG1 X2.0 Y10 F3000\nM104 S{first_layer_temperature[0]} ; set final nozzle temp\nM190 S{first_layer_bed_temperature[0]} ; wait for bed temp to stabilize\nM109 S{first_layer_temperature[0]} ; wait for nozzle temp to stabilize\nG1 Z0.28 F240\nG92 E0\nG1 X2.0 Y140 E10 F1500 ; prime the nozzle\nG1 X2.3 Y140 F5000\nG92 E0\nG1 X2.3 Y10 E10 F1200 ; prime the nozzle\nG92 E0
; support_material = 0
; support_material_angle = 0
; support_material_auto = 1
; support_material_bottom_contact_distance = 0
; support_material_bottom_interface_layers = -1
; support_material_buildplate_only = 0
; support_material_closing_radius = 2
; support_material_contact_distance = 0.15
; support_material_enforce_layers = 0
; support_material_extruder = 0
; support_material_extrusion_width = 0.54
; support_material_interface_contact_loops = 0
; support_material_interface_extruder = 0
; support_material_interface_layers = 2
; support_material_interface_pattern = rectilinear
; support_material_interface_spacing = 0.3
; support_material_interface_speed = 100%
; support_material_pattern = rectilinear
; support_material_spacing = 1.2
; support_material_speed = 40
; support_material_style = grid
; support_material_synchronize_layers = 0
; support_material_threshold = 40
; support_material_with_sheath = 0
; support_material_xy_spacing = 60%
; support_tree_angle = 40
; support_tree_angle_slow = 25
; support_tree_branch_diameter = 2
; support_tree_branch_diameter_angle = 5
; support_tree_branch_diameter_double_wall = 3
; support_tree_branch_distance = 1
; support_tree_tip_diameter = 0.8
; support_tree_top_rate = 15%
; temperature = 200
; template_custom_gcode = 
; thick_bridges = 1
; thin_walls = 0
; thumbnails = 
; thumbnails_format = PNG
; toolchange_gcode = 
; top_fill_pattern = monotonic
; top_infill_extrusion_width = 0.6
; top_one_perimeter_type = none
; top_solid_infill_acceleration = 0
; top_solid_infill_speed = 30
; top_solid_layers = 5
; top_solid_min_thickness = 0
; travel_acceleration = 0
; travel_lift_before_obstacle = 0
; travel_max_lift = 0
; travel_ramping_lift = 0
; travel_slope = 0
; travel_speed = 150
; travel_speed_z = 0
; use_firmware_retraction = 0
; use_relative_e_distances = 1
; use_volumetric_e = 0
; variable_layer_height = 1
; wall_distribution_count = 1
; wall_transition_angle = 10
; wall_transition_filter_deviation = 25%
; wall_transition_length = 100%
; wipe = 1
; wipe_into_infill = 0
; wipe_into_objects = 0
; wipe_tower = 0
; wipe_tower_acceleration = 0
; wipe_tower_bridging = 10
; wipe_tower_brim_width = 2
; wipe_tower_cone_angle = 0
; wipe_tower_extra_flow = 100%
; wipe_tower_extra_spacing = 100%
; wipe_tower_extruder = 0
; wipe_tower_no_sparse_layers = 0
; wipe_tower_width = 60
; wiping_volumes_matrix = 0
; wiping_volumes_use_custom_matrix = 0
; xy_size_compensation = 0
; z_offset = 0
; prusaslicer_config = end
