ISO-10303-21;
HEADER;
FILE_DESCRIPTION (( 'STEP AP203' ),
    '1' );
FILE_NAME ('4147N189_Set Screw Precision Flexible Shaft Couplings.STEP',
    '2021-09-14T14:51:53',
    ( 'Administrator' ),
    ( 'Managed by Terraform' ),
    'SwSTEP 2.0',
    'SolidWorks 2017',
    '' );
FILE_SCHEMA (( 'CONFIG_CONTROL_DESIGN' ));
ENDSEC;

DATA;
#1 = VERTEX_POINT ( 'NONE', #4337 ) ;
#2 = EDGE_LOOP ( 'NONE', ( #5928, #3244, #4783, #5297 ) ) ;
#3 = ADVANCED_FACE ( 'NONE', ( #1493 ), #2953, .F. ) ;
#4 = CARTESIAN_POINT ( 'NONE',  ( -0.1674509465259920700, -0.1216602340058848000, -0.02750000000000004900 ) ) ;
#5 = CARTESIAN_POINT ( 'NONE',  ( 0.0000000000000000000, 0.0000000000000000000, 0.4999999999999999400 ) ) ;
#6 = CARTESIAN_POINT ( 'NONE',  ( 0.03652287183257141300, 0.1934975215042981100, 0.4186126979166296400 ) ) ;
#7 = CARTESIAN_POINT ( 'NONE',  ( -0.07979613732303252000, 0.4936148034061419400, 0.3908011905820069100 ) ) ;
#8 = VECTOR ( 'NONE', #5077, 39.37007874015748100 ) ;
#9 = ORIENTED_EDGE ( 'NONE', *, *, #1540, .T. ) ;
#10 = ORIENTED_EDGE ( 'NONE', *, *, #3833, .F. ) ;
#11 = CARTESIAN_POINT ( 'NONE',  ( 0.4265681351076300900, -0.2537207723678606100, -0.3013780502943261800 ) ) ;
#12 = PLANE ( 'NONE',  #3606 ) ;
#13 = CARTESIAN_POINT ( 'NONE',  ( -0.2938926261462366200, -0.4045084971874736100, 0.1275000000000000000 ) ) ;
#14 = DIRECTION ( 'NONE',  ( -0.5000000000000035500, -0.8660254037844366000, 0.0000000000000000000 ) ) ;
#15 = LINE ( 'NONE', #4596, #5255 ) ;
#16 = ORIENTED_EDGE ( 'NONE', *, *, #4557, .T. ) ;
#17 = CARTESIAN_POINT ( 'NONE',  ( -4.897910910668677100E-017, 0.5000000000000000000, 0.3449999999999999200 ) ) ;
#18 = FACE_OUTER_BOUND ( 'NONE', #1198, .T. ) ;
#19 = CARTESIAN_POINT ( 'NONE',  ( -6.123233995736766000E-017, -0.5000000000000000000, 0.01250000000000002000 ) ) ;
#20 = CARTESIAN_POINT ( 'NONE',  ( 0.3832331775556558900, -0.3083678010148832600, 0.3124122158774657600 ) ) ;
#21 = PLANE ( 'NONE',  #3765 ) ;
#22 = CARTESIAN_POINT ( 'NONE',  ( -0.2938926261462365100, 0.4045084971874737300, -0.1024999999999999700 ) ) ;
#23 = EDGE_CURVE ( 'NONE', #5655, #4706, #4585, .T. ) ;
#24 = LINE ( 'NONE', #2227, #3552 ) ;
#25 = CARTESIAN_POINT ( 'NONE',  ( 0.4342131613489534400, -0.2352003122334111700, -0.3845963353950050400 ) ) ;
#26 = CARTESIAN_POINT ( 'NONE',  ( -0.04130860520163905100, 0.1925209707763603200, 0.4160348426430295900 ) ) ;
#27 = CARTESIAN_POINT ( 'NONE',  ( 0.09159750513159646600, 0.4915382966297409100, 0.3450053225035648000 ) ) ;
#28 = AXIS2_PLACEMENT_3D ( 'NONE', #1133, #5338, #694 ) ;
#29 = CARTESIAN_POINT ( 'NONE',  ( 0.08200000000000007300, 0.1789583121851426900, 0.3341980308401761900 ) ) ;
#30 = AXIS2_PLACEMENT_3D ( 'NONE', #1891, #4159, #1873 ) ;
#31 = PLANE ( 'NONE',  #30 ) ;
#32 = CARTESIAN_POINT ( 'NONE',  ( 0.4755282581475768200, 0.1545084971874735900, 0.06749999999999999100 ) ) ;
#33 = DIRECTION ( 'NONE',  ( -1.000000000000000000, 0.0000000000000000000, 0.0000000000000000000 ) ) ;
#34 = CARTESIAN_POINT ( 'NONE',  ( -0.1968503937007873800, 1.093897704769172200E-017, -0.1124999999999999500 ) ) ;
#35 = ADVANCED_FACE ( 'NONE', ( #453 ), #1553, .F. ) ;
#36 = EDGE_CURVE ( 'NONE', #1975, #1630, #5966, .T. ) ;
#37 = DIRECTION ( 'NONE',  ( -1.000000000000000000, 0.0000000000000000000, 0.0000000000000000000 ) ) ;
#38 =( BOUNDED_CURVE ( )  B_SPLINE_CURVE ( 2, ( #1375, #474, #1394, #3696, #2764, #1845, #2750, #5961, #5089, #3219, #3268, #5637, #1015 ),
 .UNSPECIFIED., .F., .F. ) 
 B_SPLINE_CURVE_WITH_KNOTS ( ( 3, 2, 2, 2, 2, 2, 3 ),
 ( 0.1250000000000000000, 0.1499999999999999900, 0.2000000000000000100, 0.2500000000000000000, 0.2999999999999999900, 0.3499999999999999800, 0.3750000000000000000 ),
 .UNSPECIFIED. ) 
 CURVE ( )  GEOMETRIC_REPRESENTATION_ITEM ( )  RATIONAL_B_SPLINE_CURVE ( ( 0.9755282581475768200, 0.9755282581475768200, 1.000000000000000000, 0.9510565162951535300, 1.000000000000000000, 0.9510565162951535300, 1.000000000000000000, 0.9510565162951535300, 1.000000000000000000, 0.9510565162951535300, 1.000000000000000000, 0.9755282581475768200, 0.9755282581475768200 ) ) 
 REPRESENTATION_ITEM ( '' )  );
#39 = CARTESIAN_POINT ( 'NONE',  ( 0.09160041111943165200, 0.4915378628184529100, 0.3211519359870704800 ) ) ;
#40 = CARTESIAN_POINT ( 'NONE',  ( -0.1968503937007873800, 1.093897704769172200E-017, 0.1124999999999999500 ) ) ;
#41 = CARTESIAN_POINT ( 'NONE',  ( 0.1674509465259921300, 0.1216602340058847800, 0.07249999999999996700 ) ) ;
#42 = CARTESIAN_POINT ( 'NONE',  ( -0.2938926261462366200, -0.4045084971874736100, 0.02749999999999999700 ) ) ;
#43 = AXIS2_PLACEMENT_3D ( 'NONE', #4817, #1125, #1083 ) ;
#44 = VERTEX_POINT ( 'NONE', #2887 ) ;
#45 = DIRECTION ( 'NONE',  ( 0.8660254037844386000, 0.0000000000000000000, -0.4999999999999998900 ) ) ;
#46 = DIRECTION ( 'NONE',  ( 0.0000000000000000000, 0.0000000000000000000, -1.000000000000000000 ) ) ;
#47 = ORIENTED_EDGE ( 'NONE', *, *, #4493, .T. ) ;
#48 = APPLICATION_CONTEXT ( 'configuration controlled 3d designs of mechanical parts and assemblies' ) ;
#49 = EDGE_LOOP ( 'NONE', ( #670, #3158, #4074 ) ) ;
#50 = DIRECTION ( 'NONE',  ( -1.000000000000000000, 0.0000000000000000000, 0.0000000000000000000 ) ) ;
#51 = CARTESIAN_POINT ( 'NONE',  ( -0.5257311121191335900, 3.219174618344376100E-017, 0.01249999999999999500 ) ) ;
#52 = CARTESIAN_POINT ( 'NONE',  ( 0.4214709898605880600, -0.2586531588897651400, 0.3846843373544822600 ) ) ;
#53 = CARTESIAN_POINT ( 'NONE',  ( 0.4586665086982040200, -0.1777137784728853000, 0.3776087122760293200 ) ) ;
#54 = EDGE_LOOP ( 'NONE', ( #1320, #4028, #3869, #5321, #4373, #3650, #6028, #2544 ) ) ;
#55 = ORIENTED_EDGE ( 'NONE', *, *, #3064, .F. ) ;
#56 = CARTESIAN_POINT ( 'NONE',  ( 0.3619986187818944900, -0.2090000000000016800, -0.2976572779264506400 ) ) ;
#57 = CARTESIAN_POINT ( 'NONE',  ( -0.08167261133679093500, 0.4935358578914341700, 0.2978168095221691000 ) ) ;
#58 = CARTESIAN_POINT ( 'NONE',  ( 0.1674509465259921300, 0.1216602340058847700, -0.05249999999999995600 ) ) ;
#59 = ORIENTED_EDGE ( 'NONE', *, *, #5539, .T. ) ;
#60 = DIRECTION ( 'NONE',  ( 1.000000000000000000, 0.0000000000000000000, 0.0000000000000000000 ) ) ;
#61 = VERTEX_POINT ( 'NONE', #5672 ) ;
#62 = B_SPLINE_CURVE_WITH_KNOTS ( 'NONE', 3,
 ( #5975, #5508, #201, #959, #775, #4749, #11, #3172 ),
 .UNSPECIFIED., .F., .F.,
 ( 4, 2, 2, 4 ),
 ( 2.544393206651481500E-007, 0.0003107880854811355100, 0.0006213217316416057900, 0.001242389023962549800 ),
 .UNSPECIFIED. ) ;
#63 = ADVANCED_FACE ( 'NONE', ( #1704 ), #5240, .F. ) ;
#64 = DIRECTION ( 'NONE',  ( -0.7071067811865494600, 0.7071067811865454600, 0.0000000000000000000 ) ) ;
#65 = VECTOR ( 'NONE', #1793, 39.37007874015748900 ) ;
#66 = EDGE_CURVE ( 'NONE', #4712, #1245, #3354, .T. ) ;
#67 = CARTESIAN_POINT ( 'NONE',  ( 0.2706329386826363800, -0.1562500000000013000, -0.3449999999999999200 ) ) ;
#68 = EDGE_LOOP ( 'NONE', ( #5825, #3645, #5211, #2330, #994, #4870, #686, #5759, #4438, #2960, #1683, #234 ) ) ;
#69 = CARTESIAN_POINT ( 'NONE',  ( -0.4755282581475767700, 0.1545084971874737800, 0.05750000000000000200 ) ) ;
#70 = ORIENTED_EDGE ( 'NONE', *, *, #1300, .T. ) ;
#71 = CARTESIAN_POINT ( 'NONE',  ( 0.08200000000000007300, 0.1789583121851426900, 0.3449999999999999200 ) ) ;
#72 = FACE_OUTER_BOUND ( 'NONE', #1325, .T. ) ;
#73 =( BOUNDED_CURVE ( )  B_SPLINE_CURVE ( 2, ( #1598, #3026, #224, #4823, #3505 ),
 .UNSPECIFIED., .F., .T. ) 
 B_SPLINE_CURVE_WITH_KNOTS ( ( 3, 2, 3 ),
 ( 0.08327224239572420000, 0.1000000000000000100, 0.1250000000000000000 ),
 .UNSPECIFIED. ) 
 CURVE ( )  GEOMETRIC_REPRESENTATION_ITEM ( )  RATIONAL_B_SPLINE_CURVE ( ( 0.9782076199945165500, 0.9836257053655301800, 1.000000000000000000, 0.9755282581475768200, 0.9755282581475768200 ) ) 
 REPRESENTATION_ITEM ( '' )  );
#74 = CARTESIAN_POINT ( 'NONE',  ( 0.2938926261462365700, -0.4045084971874737300, -0.1275000000000000000 ) ) ;
#75 = CARTESIAN_POINT ( 'NONE',  ( -0.2938926261462365700, 0.4045084971874737300, 0.09750000000000000300 ) ) ;
#76 = CARTESIAN_POINT ( 'NONE',  ( 3.165595767079993500E-017, 0.1968503937007874100, 0.1541666666666666700 ) ) ;
#77 = ORIENTED_EDGE ( 'NONE', *, *, #4924, .T. ) ;
#78 = DIRECTION ( 'NONE',  ( -3.037509777412724900E-017, 1.000000000000000000, 0.0000000000000000000 ) ) ;
#79 = FACE_OUTER_BOUND ( 'NONE', #4744, .T. ) ;
#80 = LINE ( 'NONE', #789, #1640 ) ;
#81 = EDGE_LOOP ( 'NONE', ( #4854, #2133, #2255, #4658 ) ) ;
#82 = CARTESIAN_POINT ( 'NONE',  ( 0.1624598481164532800, 0.5000000000000000000, 0.1074999999999999700 ) ) ;
#84 = EDGE_CURVE ( 'NONE', #2100, #3509, #1811, .T. ) ;
#83 = CARTESIAN_POINT ( 'NONE',  ( 0.4470681351076304900, -0.2182137308126986500, 0.3176078665953499500 ) ) ;
#85 = CARTESIAN_POINT ( 'NONE',  ( 0.3386962325509004200, -0.1008609168896776000, 0.3449999999999999200 ) ) ;
#86 = LINE ( 'NONE', #5075, #3033 ) ;
#87 = ORIENTED_EDGE ( 'NONE', *, *, #332, .F. ) ;
#88 = CARTESIAN_POINT ( 'NONE',  ( 1.778785816012156600E-017, 0.3125000000000000000, -0.3449999999999999200 ) ) ;
#89 = CARTESIAN_POINT ( 'NONE',  ( 0.04100000000000003600, 0.4180000000000000400, -0.3213286389632252800 ) ) ;
#90 = CARTESIAN_POINT ( 'NONE',  ( 0.1959286126264979700, -0.01906323597502862200, 0.3341329770276061900 ) ) ;
#91 = CYLINDRICAL_SURFACE ( 'NONE', #1382, 0.08200000000000005900 ) ;
#92 = CARTESIAN_POINT ( 'NONE',  ( 0.4253254041760198800, -0.3090169943749474500, -0.1225000000000000000 ) ) ;
#93 = CARTESIAN_POINT ( 'NONE',  ( 0.4330127018922182400, -0.2500000000000020000, 0.3449999999999999200 ) ) ;
#94 = DIRECTION ( 'NONE',  ( -9.795821821337355400E-017, 1.000000000000000000, -0.0000000000000000000 ) ) ;
#95 = ADVANCED_FACE ( 'NONE', ( #1128 ), #4808, .F. ) ;
#96 = CARTESIAN_POINT ( 'NONE',  ( 0.03452097890186647100, 0.4965780097134044900, 0.3175879743881326300 ) ) ;
#97 = CARTESIAN_POINT ( 'NONE',  ( 0.09159750513159646600, 0.4915382966297409100, 0.3450053225035648000 ) ) ;
#98 = CARTESIAN_POINT ( 'NONE',  ( -6.123233995736766000E-017, -0.5000000000000000000, 0.06250000000000000000 ) ) ;
#99 = CARTESIAN_POINT ( 'NONE',  ( 0.0000000000000000000, 0.0000000000000000000, 0.1899999999999999500 ) ) ;
#100 = CONICAL_SURFACE ( 'NONE', #1729, 0.04734272207354935800, 0.7853981633974500600 ) ;
#101 = CARTESIAN_POINT ( 'NONE',  ( 0.1872158496644003300, -0.06083011700294241300, -0.1425000000000000400 ) ) ;
#102 = EDGE_CURVE ( 'NONE', #377, #3437, #4100, .T. ) ;
#103 = B_SPLINE_CURVE_WITH_KNOTS ( 'NONE', 3,
 ( #4923, #3082, #4951, #3146, #3981, #809, #258, #5432, #1750, #3062, #772, #3550, #2151, #245, #749, #5374, #2614, #5847, #4018, #2167, #3128, #4989, #347, #5988, #5499, #5008, #3252, #1795 ),
 .UNSPECIFIED., .F., .F.,
 ( 4, 2, 2, 2, 2, 2, 2, 2, 2, 2, 2, 2, 2, 4 ),
 ( 0.006635305140074532900, 0.007012592397157044000, 0.007389879654239555100, 0.008144454168404580800, 0.008521741425487092800, 0.008899028682569603100, 0.009276315939652115100, 0.009653603196734625300, 0.01003089045381713700, 0.01040817771089964800, 0.01116275222506467300, 0.01191732673922969700, 0.01229461399631220700, 0.01267190125339471900 ),
 .UNSPECIFIED. ) ;
#104 = CARTESIAN_POINT ( 'NONE',  ( -0.5000000000000001100, 9.626299801968714300E-017, 0.08750000000000000800 ) ) ;
#105 = DIRECTION ( 'NONE',  ( -0.0000000000000000000, 0.0000000000000000000, 1.000000000000000000 ) ) ;
#106 = CARTESIAN_POINT ( 'NONE',  ( 0.1234595849644661000, -0.1533551872320353400, 0.3037679367165123700 ) ) ;
#107 = CARTESIAN_POINT ( 'NONE',  ( 0.4607433245549154600, -0.1713227456838333200, -0.3234359998361369100 ) ) ;
#108 = CARTESIAN_POINT ( 'NONE',  ( 0.06396057012458784800, -0.1968503937007874100, -0.1324999999999999200 ) ) ;
#109 = CARTESIAN_POINT ( 'NONE',  ( 2.410722045565656100E-017, 0.1968503937007874100, -0.1125000000000000200 ) ) ;
#110 = DIRECTION ( 'NONE',  ( 0.4999999999999992800, 4.897910910668670300E-017, -0.8660254037844391500 ) ) ;
#111 = CARTESIAN_POINT ( 'NONE',  ( 0.0000000000000000000, 0.0000000000000000000, 0.4800000000000004300 ) ) ;
#112 = CARTESIAN_POINT ( 'NONE',  ( -0.1157057583252900100, -0.1592553138533361100, 0.05250000000000004000 ) ) ;
#113 = CARTESIAN_POINT ( 'NONE',  ( 0.1157057583252900000, -0.1592553138533361100, -0.1525000000000000500 ) ) ;
#114 = EDGE_LOOP ( 'NONE', ( #5612, #6006, #5724, #4575 ) ) ;
#115 = B_SPLINE_CURVE_WITH_KNOTS ( 'NONE', 1,
 ( #3828, #97 ),
 .UNSPECIFIED., .F., .F.,
 ( 2, 2 ),
 ( 0.0000000000000000000, 1.000000000000000000 ),
 .UNSPECIFIED. ) ;
#116 = ADVANCED_FACE ( 'NONE', ( #2432 ), #5093, .T. ) ;
#117 = ORIENTED_EDGE ( 'NONE', *, *, #1678, .T. ) ;
#118 = CARTESIAN_POINT ( 'NONE',  ( -0.2938926261462365100, 0.4045084971874737300, 0.07250000000000000900 ) ) ;
#119 = ORIENTED_EDGE ( 'NONE', *, *, #1341, .T. ) ;
#120 = CARTESIAN_POINT ( 'NONE',  ( 0.4330127018922182400, -0.2500000000000020500, 0.3449999999999999200 ) ) ;
#121 = CARTESIAN_POINT ( 'NONE',  ( 0.1624598481164531700, 0.5000000000000000000, 0.03249999999999998700 ) ) ;
#122 = CARTESIAN_POINT ( 'NONE',  ( 0.005420148087773329000, 0.1574822819481809000, -0.2629962224161772600 ) ) ;
#123 = ORIENTED_EDGE ( 'NONE', *, *, #259, .F. ) ;
#124 = CARTESIAN_POINT ( 'NONE',  ( 0.1968503937007873800, -3.281693114307516800E-017, 0.06249999999999995800 ) ) ;
#125 = ORIENTED_EDGE ( 'NONE', *, *, #1168, .F. ) ;
#126 = CARTESIAN_POINT ( 'NONE',  ( 0.3386962325509004200, -0.1008609168896776000, -0.3449999999999999200 ) ) ;
#127 = CARTESIAN_POINT ( 'NONE',  ( 0.4094073616223684600, -0.2741602796679798400, 0.4203778185533354500 ) ) ;
#128 = EDGE_CURVE ( 'NONE', #5021, #2733, #73, .T. ) ;
#129 = CARTESIAN_POINT ( 'NONE',  ( -0.1704774416898503800, 0.09842519685039334600, 0.02919130606358866200 ) ) ;
#130 = ORIENTED_EDGE ( 'NONE', *, *, #4132, .T. ) ;
#131 = EDGE_CURVE ( 'NONE', #2626, #4378, #381, .T. ) ;
#132 = ORIENTED_EDGE ( 'NONE', *, *, #4008, .T. ) ;
#133 = CARTESIAN_POINT ( 'NONE',  ( 0.0000000000000000000, 0.1968503937007874100, 0.1125000000000000300 ) ) ;
#134 = CARTESIAN_POINT ( 'NONE',  ( 0.1968503937007873800, 0.03117803943396385600, 0.01506271407734225400 ) ) ;
#135 = CARTESIAN_POINT ( 'NONE',  ( 0.4253254041760198800, -0.3090169943749474500, -0.02249999999999998200 ) ) ;
#136 = DIRECTION ( 'NONE',  ( 0.0000000000000000000, 0.0000000000000000000, -1.000000000000000000 ) ) ;
#137 = LINE ( 'NONE', #579, #4931 ) ;
#138 = ORIENTED_EDGE ( 'NONE', *, *, #5239, .T. ) ;
#139 = APPROVAL_PERSON_ORGANIZATION ( #3311, #1232, #5639 ) ;
#140 = ORIENTED_EDGE ( 'NONE', *, *, #4930, .F. ) ;
#141 = B_SPLINE_CURVE_WITH_KNOTS ( 'NONE', 1,
 ( #5356, #2601 ),
 .UNSPECIFIED., .F., .F.,
 ( 2, 2 ),
 ( 0.0000000000000000000, 1.000000000000000000 ),
 .UNSPECIFIED. ) ;
#142 = EDGE_CURVE ( 'NONE', #1558, #1689, #2731, .T. ) ;
#143 = DIRECTION ( 'NONE',  ( 0.5000000000000043300, 0.8660254037844361500, 0.0000000000000000000 ) ) ;
#144 = FACE_OUTER_BOUND ( 'NONE', #114, .T. ) ;
#145 =( BOUNDED_CURVE ( )  B_SPLINE_CURVE ( 2, ( #3580, #4101, #345, #2704, #5924, #1711, #3602, #4922, #1265, #1747, #4560, #2165, #2732 ),
 .UNSPECIFIED., .F., .F. ) 
 B_SPLINE_CURVE_WITH_KNOTS ( ( 3, 2, 2, 2, 2, 2, 3 ),
 ( 0.1250000000000000000, 0.1499999999999999900, 0.2000000000000000100, 0.2500000000000000000, 0.2999999999999999900, 0.3499999999999999800, 0.3750000000000000000 ),
 .UNSPECIFIED. ) 
 CURVE ( )  GEOMETRIC_REPRESENTATION_ITEM ( )  RATIONAL_B_SPLINE_CURVE ( ( 0.9755282581475768200, 0.9755282581475768200, 1.000000000000000000, 0.9510565162951535300, 1.000000000000000000, 0.9510565162951535300, 1.000000000000000000, 0.9510565162951535300, 1.000000000000000000, 0.9510565162951535300, 1.000000000000000000, 0.9755282581475768200, 0.9755282581475768200 ) ) 
 REPRESENTATION_ITEM ( '' )  );
#146 = CARTESIAN_POINT ( 'NONE',  ( 0.4330127018922182400, -0.2500000000000020000, -0.3923427220735493100 ) ) ;
#147 = VECTOR ( 'NONE', #5775, 39.37007874015748100 ) ;
#148 = ORIENTED_EDGE ( 'NONE', *, *, #5550, .T. ) ;
#149 = EDGE_CURVE ( 'NONE', #3147, #3524, #4021, .T. ) ;
#150 = CARTESIAN_POINT ( 'NONE',  ( 2.410722045565656100E-017, 0.1968503937007874100, -0.08749999999999995300 ) ) ;
#151 = CARTESIAN_POINT ( 'NONE',  ( -0.07312319083983616400, 0.4866447284736312200, 0.3878197570353851800 ) ) ;
#152 = DIRECTION ( 'NONE',  ( 0.5000000000000036600, 0.8660254037844366000, 0.0000000000000000000 ) ) ;
#153 = VECTOR ( 'NONE', #5014, 39.37007874015748900 ) ;
#154 = VERTEX_POINT ( 'NONE', #4411 ) ;
#155 = CARTESIAN_POINT ( 'NONE',  ( 0.3787430271215622700, -0.3133528328095528900, 0.3529812696363157100 ) ) ;
#156 = VERTEX_POINT ( 'NONE', #4880 ) ;
#157 = ADVANCED_FACE ( 'NONE', ( #3530, #1344 ), #295, .F. ) ;
#158 = CARTESIAN_POINT ( 'NONE',  ( 2.410722045565656100E-017, 0.1968503937007874100, 0.01250000000000005400 ) ) ;
#159 = CARTESIAN_POINT ( 'NONE',  ( -0.1157057583252899800, 0.1592553138533361100, 0.07250000000000003700 ) ) ;
#160 = FACE_OUTER_BOUND ( 'NONE', #3251, .T. ) ;
#161 = CARTESIAN_POINT ( 'NONE',  ( -0.1872158496644003300, 0.06083011700294241300, 0.1325000000000000300 ) ) ;
#162 = ORIENTED_EDGE ( 'NONE', *, *, #5633, .T. ) ;
#164 = EDGE_CURVE ( 'NONE', #371, #3065, #4742, .T. ) ;
#163 = DIRECTION ( 'NONE',  ( 1.000000000000000000, 9.795821821337355400E-017, -3.606478295412809800E-016 ) ) ;
#165 = B_SPLINE_CURVE_WITH_KNOTS ( 'NONE', 3,
 ( #5122, #938, #3275, #5584 ),
 .UNSPECIFIED., .F., .F.,
 ( 4, 4 ),
 ( 0.0007111018413682114400, 0.001334182499245445500 ),
 .UNSPECIFIED. ) ;
#166 = FACE_OUTER_BOUND ( 'NONE', #507, .T. ) ;
#167 = AXIS2_PLACEMENT_3D ( 'NONE', #454, #1425, #6026 ) ;
#168 = CARTESIAN_POINT ( 'NONE',  ( 0.4330127018922182400, -0.2500000000000020500, -0.3449999999999999200 ) ) ;
#169 = CARTESIAN_POINT ( 'NONE',  ( 0.4253254041760198800, 0.3090169943749474000, 0.04750000000000000700 ) ) ;
#170 = CARTESIAN_POINT ( 'NONE',  ( 0.08146209515219933500, 0.1347796308287859400, -0.3341503683887094800 ) ) ;
#171 = EDGE_CURVE ( 'NONE', #1036, #968, #5676, .T. ) ;
#172 = CARTESIAN_POINT ( 'NONE',  ( 0.0000000000000000000, 0.0000000000000000000, -0.4999999999999999400 ) ) ;
#173 = CIRCLE ( 'NONE', #2757, 0.07216000000000007100 ) ;
#174 = CARTESIAN_POINT ( 'NONE',  ( 0.1157057583252900000, -0.1592553138533361100, -0.02749999999999994500 ) ) ;
#175 = CARTESIAN_POINT ( 'NONE',  ( -0.02158492406618849800, 0.4930209744637396600, 0.2629954181721710900 ) ) ;
#176 = CARTESIAN_POINT ( 'NONE',  ( 0.06396057012458784800, -0.1968503937007874400, -0.05750000000000000200 ) ) ;
#177 = CYLINDRICAL_SURFACE ( 'NONE', #3408, 0.5000000000000000000 ) ;
#178 = DIRECTION ( 'NONE',  ( 0.7071067811865493500, 0.7071067811865458000, 8.659560562354956300E-017 ) ) ;
#179 = DIRECTION ( 'NONE',  ( 9.795821821337355400E-017, -1.000000000000000000, -0.0000000000000000000 ) ) ;
#180 = CARTESIAN_POINT ( 'NONE',  ( -2.410722045565656100E-017, -0.1968503937007874100, -0.01250000000000003700 ) ) ;
#181 = CARTESIAN_POINT ( 'NONE',  ( 0.0000000000000000000, 0.0000000000000000000, 0.4999999999999999400 ) ) ;
#182 = EDGE_CURVE ( 'NONE', #4506, #2868, #2775, .T. ) ;
#183 = CARTESIAN_POINT ( 'NONE',  ( 0.1556535473655147300, -0.1206117083360328200, 0.4227419063457796800 ) ) ;
#184 = CARTESIAN_POINT ( 'NONE',  ( -0.04099999999999998800, 0.5000000000000000000, 0.3686713610367747800 ) ) ;
#185 = CARTESIAN_POINT ( 'NONE',  ( 0.4552373082696629100, -0.2075894460045228700, -0.2644283913482293700 ) ) ;
#186 = CARTESIAN_POINT ( 'NONE',  ( 0.4999999999999999400, -0.07919222016226808200, -0.1400627140773422500 ) ) ;
#187 = EDGE_LOOP ( 'NONE', ( #4089, #4748, #2364, #3714 ) ) ;
#188 = AXIS2_PLACEMENT_3D ( 'NONE', #1327, #5950, #376 ) ;
#189 = CARTESIAN_POINT ( 'NONE',  ( 0.4607426564757993700, -0.1713244525963499300, -0.3450000000000000300 ) ) ;
#190 = CARTESIAN_POINT ( 'NONE',  ( 0.4074108506309916900, -0.2904282907689939000, 0.2644149940021507900 ) ) ;
#191 = AXIS2_PLACEMENT_3D ( 'NONE', #852, #2705, #5925 ) ;
#192 = DIRECTION ( 'NONE',  ( -0.0000000000000000000, -0.0000000000000000000, -1.000000000000000000 ) ) ;
#193 = CARTESIAN_POINT ( 'NONE',  ( 0.4999999999999999400, -0.07919222016226808200, 0.009937285922657707700 ) ) ;
#194 = VERTEX_POINT ( 'NONE', #4969 ) ;
#195 = ORIENTED_EDGE ( 'NONE', *, *, #1804, .T. ) ;
#196 = CARTESIAN_POINT ( 'NONE',  ( 0.0000000000000000000, 0.1968503937007874100, -0.1625000000000000300 ) ) ;
#197 = CARTESIAN_POINT ( 'NONE',  ( 0.1968503937007873800, -1.093897704769172200E-017, -0.01249999999999995200 ) ) ;
#198 = CARTESIAN_POINT ( 'NONE',  ( -0.1574803149606299200, 1.928577636452524600E-017, -0.4799999999999998700 ) ) ;
#199 = ORIENTED_EDGE ( 'NONE', *, *, #592, .F. ) ;
#200 = AXIS2_PLACEMENT_3D ( 'NONE', #5698, #587, #2379 ) ;
#201 = CARTESIAN_POINT ( 'NONE',  ( 0.4127886819215894600, -0.2781850495492271300, -0.3175879743881326300 ) ) ;
#202 = ORIENTED_EDGE ( 'NONE', *, *, #1452, .T. ) ;
#203 = CARTESIAN_POINT ( 'NONE',  ( 0.1899737261405870200, -0.05177555821657853900, 0.4100963625589429400 ) ) ;
#204 = EDGE_LOOP ( 'NONE', ( #581, #805, #2338, #5904, #1476, #2702, #3463, #795, #1110, #362 ) ) ;
#205 = CARTESIAN_POINT ( 'NONE',  ( 6.123233995736766000E-017, 0.5000000000000000000, 0.06250000000000000000 ) ) ;
#206 = CARTESIAN_POINT ( 'NONE',  ( -0.08200000000000008700, 0.4846770714133428200, -0.3449999999999999200 ) ) ;
#207 = ORIENTED_EDGE ( 'NONE', *, *, #4052, .F. ) ;
#208 = LINE ( 'NONE', #4987, #65 ) ;
#209 = CARTESIAN_POINT ( 'NONE',  ( 0.1674509465259921000, -0.1216602340058848100, -0.1224999999999999300 ) ) ;
#210 = CARTESIAN_POINT ( 'NONE',  ( 0.4714834044339401000, -0.1664433817950766400, 0.3450000000000000300 ) ) ;
#211 = ORIENTED_EDGE ( 'NONE', *, *, #2540, .F. ) ;
#212 = PLANE ( 'NONE',  #2245 ) ;
#213 = ORIENTED_EDGE ( 'NONE', *, *, #4406, .F. ) ;
#214 = CARTESIAN_POINT ( 'NONE',  ( 0.2938926261462365700, -0.4045084971874737300, -0.05249999999999997000 ) ) ;
#215 = CONICAL_SURFACE ( 'NONE', #1979, 0.08200000000000005900, 0.7853981633974509400 ) ;
#216 = EDGE_CURVE ( 'NONE', #4433, #1310, #2575, .T. ) ;
#217 = CARTESIAN_POINT ( 'NONE',  ( -2.410722045565656100E-017, -0.1968503937007874100, 0.01250000000000005400 ) ) ;
#218 = FACE_OUTER_BOUND ( 'NONE', #3792, .T. ) ;
#219 = CARTESIAN_POINT ( 'NONE',  ( -0.06396057012458782100, 0.1968503937007874700, 0.04249999999999996800 ) ) ;
#220 = ORIENTED_EDGE ( 'NONE', *, *, #5049, .T. ) ;
#221 = DIRECTION ( 'NONE',  ( 0.8660254037844364900, -0.5000000000000038900, 0.0000000000000000000 ) ) ;
#222 = DIRECTION ( 'NONE',  ( 0.5000000000000043300, 0.8660254037844361500, 0.0000000000000000000 ) ) ;
#223 = ORIENTED_EDGE ( 'NONE', *, *, #3722, .T. ) ;
#224 = CARTESIAN_POINT ( 'NONE',  ( -0.4755282581475767700, 0.1545084971874737300, 0.007499999999999998900 ) ) ;
#225 = LINE ( 'NONE', #1363, #5091 ) ;
#226 =( BOUNDED_CURVE ( )  B_SPLINE_CURVE ( 2, ( #4387, #2070, #2597, #4872, #272, #5827, #253 ),
 .UNSPECIFIED., .F., .T. ) 
 B_SPLINE_CURVE_WITH_KNOTS ( ( 3, 2, 2, 3 ),
 ( 0.6250000000000000000, 0.6500000000000000200, 0.6999999999999999600, 0.7500000000000000000 ),
 .UNSPECIFIED. ) 
 CURVE ( )  GEOMETRIC_REPRESENTATION_ITEM ( )  RATIONAL_B_SPLINE_CURVE ( ( 0.9755282581475768200, 0.9755282581475768200, 1.000000000000000000, 0.9510565162951535300, 1.000000000000000000, 0.9510565162951535300, 1.000000000000000000 ) ) 
 REPRESENTATION_ITEM ( '' )  );
#227 = ORIENTED_EDGE ( 'NONE', *, *, #2804, .F. ) ;
#228 = AXIS2_PLACEMENT_3D ( 'NONE', #3904, #94, #3389 ) ;
#229 = CARTESIAN_POINT ( 'NONE',  ( 0.4480197434473803800, -0.2113215974080654400, -0.3449999999999999200 ) ) ;
#230 = CARTESIAN_POINT ( 'NONE',  ( 0.4480197434473803800, -0.2113215974080654400, -0.3366638968226984800 ) ) ;
#231 = CARTESIAN_POINT ( 'NONE',  ( 0.4070192890402995500, -0.2823354181663389500, 0.3366657112249572000 ) ) ;
#232 = DIRECTION ( 'NONE',  ( 0.5000000000000044400, 0.8660254037844360400, 0.0000000000000000000 ) ) ;
#233 = CONICAL_SURFACE ( 'NONE', #3845, 0.1774803149606298500, 0.7853981633974447300 ) ;
#234 = ORIENTED_EDGE ( 'NONE', *, *, #2342, .F. ) ;
#235 = CARTESIAN_POINT ( 'NONE',  ( 6.123233995736766000E-017, 0.5000000000000000000, -0.08749999999999999400 ) ) ;
#236 = CARTESIAN_POINT ( 'NONE',  ( 0.04781285246814451200, 0.4980422918083631800, 0.2644149940021500200 ) ) ;
#237 = CARTESIAN_POINT ( 'NONE',  ( -0.4999999999999999400, 0.07919222016226816500, -0.1150627140773422800 ) ) ;
#238 = CARTESIAN_POINT ( 'NONE',  ( 0.1624598481164531400, 0.5000000000000000000, -0.1174999999999999800 ) ) ;
#239 = FACE_OUTER_BOUND ( 'NONE', #3575, .T. ) ;
#240 = AXIS2_PLACEMENT_3D ( 'NONE', #3385, #2025, #3445 ) ;
#241 = CARTESIAN_POINT ( 'NONE',  ( 0.1704774416898503800, -0.09842519685039334600, 0.02919130606358866200 ) ) ;
#242 = CARTESIAN_POINT ( 'NONE',  ( -0.1872158496644003300, -0.06083011700294237200, 0.06749999999999996300 ) ) ;
#243 = CARTESIAN_POINT ( 'NONE',  ( 0.1968503937007874100, 2.410722045565656100E-017, 0.4999999999999999400 ) ) ;
#244 = FACE_OUTER_BOUND ( 'NONE', #5302, .T. ) ;
#245 = CARTESIAN_POINT ( 'NONE',  ( 0.1244773151835768500, -0.09657932065204928600, -0.4243089017309258900 ) ) ;
#246 = VECTOR ( 'NONE', #2452, 39.37007874015748900 ) ;
#247 = CARTESIAN_POINT ( 'NONE',  ( 0.4093364831079942500, -0.2836732507850871500, 0.3286638020435323500 ) ) ;
#248 = CARTESIAN_POINT ( 'NONE',  ( 1.763966371287633000E-016, 0.4180000000000000400, -0.3923427220735491400 ) ) ;
#249 = CARTESIAN_POINT ( 'NONE',  ( 0.3787426564479989800, -0.3133526188599661800, -0.3450032215092305200 ) ) ;
#250 = CARTESIAN_POINT ( 'NONE',  ( -0.09159952967209207500, 0.4915380178261052300, 0.3212483333087674000 ) ) ;
#251 = EDGE_CURVE ( 'NONE', #3590, #4492, #4942, .T. ) ;
#252 = CARTESIAN_POINT ( 'NONE',  ( 0.0000000000000000000, -0.1968503937007874100, -0.06250000000000001400 ) ) ;
#253 = CARTESIAN_POINT ( 'NONE',  ( 6.123233995736766000E-017, 0.5000000000000000000, 0.01250000000000002000 ) ) ;
#254 = MANIFOLD_SOLID_BREP ( 'Mirror1[2]', #3491 ) ;
#255 = CARTESIAN_POINT ( 'NONE',  ( -0.1674509465259920700, 0.1216602340058848100, -0.02249999999999994700 ) ) ;
#256 = CARTESIAN_POINT ( 'NONE',  ( 0.2069807528028085300, -1.267391582025345100E-017, 0.1124999999999999800 ) ) ;
#257 = CARTESIAN_POINT ( 'NONE',  ( 0.5000000000000001100, -9.626299801968714300E-017, -0.08749999999999996700 ) ) ;
#258 = CARTESIAN_POINT ( 'NONE',  ( 0.08902948533466191500, -0.1300815155490952200, -0.3916251487530512700 ) ) ;
#259 = EDGE_CURVE ( 'NONE', #5933, #5001, #80, .T. ) ;
#260 = EDGE_LOOP ( 'NONE', ( #3290, #2788 ) ) ;
#261 = CARTESIAN_POINT ( 'NONE',  ( 0.0000000000000000000, 0.0000000000000000000, 0.4999999999999999400 ) ) ;
#262 = CARTESIAN_POINT ( 'NONE',  ( 0.1157057583252900100, 0.1592553138533361100, 0.1525000000000000500 ) ) ;
#263 = ORIENTED_EDGE ( 'NONE', *, *, #5800, .T. ) ;
#264 = AXIS2_PLACEMENT_3D ( 'NONE', #5156, #3837, #1506 ) ;
#265 = CARTESIAN_POINT ( 'NONE',  ( 0.4377619390268856500, -0.2278163215146533600, -0.4270049947112145600 ) ) ;
#266 = ORIENTED_EDGE ( 'NONE', *, *, #4674, .F. ) ;
#267 = CARTESIAN_POINT ( 'NONE',  ( -0.04786084571952704800, 0.4980400522584353400, 0.4255623305788421900 ) ) ;
#268 = AXIS2_PLACEMENT_3D ( 'NONE', #4082, #1713, #1775 ) ;
#269 = CARTESIAN_POINT ( 'NONE',  ( 0.03272608608963299000, 0.4916373154953094800, 0.4203778185534646800 ) ) ;
#270 = CARTESIAN_POINT ( 'NONE',  ( 0.1968503937007873800, -1.093897704769172200E-017, 0.1124999999999999500 ) ) ;
#271 = ADVANCED_FACE ( 'NONE', ( #2881 ), #1267, .F. ) ;
#272 = CARTESIAN_POINT ( 'NONE',  ( 0.2938926261462366200, 0.4045084971874736100, 0.002500000000000024800 ) ) ;
#273 = ORIENTED_EDGE ( 'NONE', *, *, #903, .T. ) ;
#274 = CARTESIAN_POINT ( 'NONE',  ( -0.04099999999999999500, 0.4180000000000000400, -0.3213286389632252800 ) ) ;
#275 = ORIENTED_EDGE ( 'NONE', *, *, #5905, .F. ) ;
#276 = CARTESIAN_POINT ( 'NONE',  ( -0.4253254041760199900, -0.3090169943749474000, 0.07249999999999999500 ) ) ;
#277 = CARTESIAN_POINT ( 'NONE',  ( -0.09159750529064449000, 0.4915382966001025600, -0.3449999999999999200 ) ) ;
#278 = DIRECTION ( 'NONE',  ( 0.8660254037844363800, -0.5000000000000041100, 0.0000000000000000000 ) ) ;
#279 = CARTESIAN_POINT ( 'NONE',  ( 0.4093364831079942500, -0.2836732507850871500, -0.3286638020435323500 ) ) ;
#280 = ADVANCED_FACE ( 'NONE', ( #2349 ), #2504, .T. ) ;
#281 = ORIENTED_EDGE ( 'NONE', *, *, #3945, .T. ) ;
#282 = EDGE_LOOP ( 'NONE', ( #672, #5599, #3175, #3377 ) ) ;
#283 = DIRECTION ( 'NONE',  ( -0.9659258262890694200, -0.2588190451025164700, 0.0000000000000000000 ) ) ;
#284 = CARTESIAN_POINT ( 'NONE',  ( 0.4347357012979211600, -0.2356780047325642300, -0.3053156626455174000 ) ) ;
#285 = CARTESIAN_POINT ( 'NONE',  ( 2.410722045565656100E-017, 0.1968503937007874100, 0.1625000000000000300 ) ) ;
#286 = LINE ( 'NONE', #3657, #2713 ) ;
#287 = ORIENTED_EDGE ( 'NONE', *, *, #5936, .T. ) ;
#288 = DATE_AND_TIME ( #745, #3589 ) ;
#289 = ORIENTED_EDGE ( 'NONE', *, *, #5403, .T. ) ;
#290 = VERTEX_POINT ( 'NONE', #726 ) ;
#291 = CARTESIAN_POINT ( 'NONE',  ( 0.3848743298577052000, -0.3066689619663401400, 0.3021806233536250600 ) ) ;
#292 = CARTESIAN_POINT ( 'NONE',  ( 0.1968503937007873800, 0.03117803943396385600, -0.1099372859226576400 ) ) ;
#293 = CARTESIAN_POINT ( 'NONE',  ( 0.01756769673457939500, 0.4926750125308147500, 0.4258122824448256100 ) ) ;
#294 = VECTOR ( 'NONE', #3225, 39.37007874015748900 ) ;
#295 = CYLINDRICAL_SURFACE ( 'NONE', #3797, 0.1968503937007874100 ) ;
#296 = CARTESIAN_POINT ( 'NONE',  ( -0.08200000000000011400, 0.1344472000455911600, -0.3505194287194747200 ) ) ;
#297 = ORIENTED_EDGE ( 'NONE', *, *, #5391, .T. ) ;
#298 = EDGE_CURVE ( 'NONE', #3504, #2490, #3395, .T. ) ;
#299 = B_SPLINE_SURFACE_WITH_KNOTS ( 'NONE', 1, 3, ( 
 ( #1628, #1647, #5362, #2572, #3976, #2604, #3072, #3516, #5797, #1664, #3988, #4005, #4847, #2625, #3494, #4889, #3039, #3541 ),
 ( #736, #3934, #4456, #1165, #5842, #4914, #1234, #2083, #5312, #4476, #2554, #190, #2159, #3480, #5386, #3013, #5782, #210 ) ),
 .UNSPECIFIED., .F., .T., .F.,
 ( 2, 2 ),
 ( 4, 2, 2, 2, 2, 2, 2, 2, 4 ),
 ( 0.0000000000000000000, 1.000000000000000000 ),
 ( -4.898794831110359100E-006, 0.001791992564680640000, 0.003588883924192390300, 0.005385775283704140700, 0.007182666643215891000, 0.008979558002727641400, 0.01077644936223939200, 0.01257334072175114200, 0.01437023208126289200 ),
 .UNSPECIFIED. ) ;
#300 = CARTESIAN_POINT ( 'NONE',  ( 0.0000000000000000000, 0.5000000000000000000, -0.03749999999999999200 ) ) ;
#301 = CIRCLE ( 'NONE', #5957, 0.4799999999999999300 ) ;
#302 = CARTESIAN_POINT ( 'NONE',  ( 0.0000000000000000000, -0.1968503937007874100, -0.01250000000000003700 ) ) ;
#303 = CARTESIAN_POINT ( 'NONE',  ( 0.3818255884839975000, -0.3228167514092192300, 0.3683272831994692800 ) ) ;
#304 = EDGE_LOOP ( 'NONE', ( #3014, #1346 ) ) ;
#305 = CARTESIAN_POINT ( 'NONE',  ( -0.4999999999999999400, 0.07919222016226816500, -0.1400627140773422500 ) ) ;
#306 = VERTEX_POINT ( 'NONE', #1266 ) ;
#307 = CARTESIAN_POINT ( 'NONE',  ( 0.4093412053339688900, -0.2836759771635247700, -0.3613471034702178700 ) ) ;
#308 = LINE ( 'NONE', #1567, #5028 ) ;
#309 = ORIENTED_EDGE ( 'NONE', *, *, #1719, .F. ) ;
#310 = CARTESIAN_POINT ( 'NONE',  ( 0.4330127018922182400, -0.2463010622902167800, -0.2995067467813432000 ) ) ;
#311 = CARTESIAN_POINT ( 'NONE',  ( 0.1157057583252900500, 0.1592553138533361100, -0.07250000000000000900 ) ) ;
#312 = CARTESIAN_POINT ( 'NONE',  ( -0.08200000000000007300, 0.4901600000000000400, 0.3449999999999999200 ) ) ;
#313 = AXIS2_PLACEMENT_3D ( 'NONE', #3767, #957, #5187 ) ;
#314 = FACE_OUTER_BOUND ( 'NONE', #1932, .T. ) ;
#315 = EDGE_CURVE ( 'NONE', #1975, #5235, #1412, .T. ) ;
#316 = CARTESIAN_POINT ( 'NONE',  ( 0.4607419883966833400, -0.1713261595088665400, 0.3665640001638630900 ) ) ;
#317 = DIRECTION ( 'NONE',  ( -1.000000000000000000, 0.0000000000000000000, 0.0000000000000000000 ) ) ;
#318 = DIRECTION ( 'NONE',  ( 0.8660254037844362700, -0.5000000000000038900, 0.0000000000000000000 ) ) ;
#319 = CARTESIAN_POINT ( 'NONE',  ( 3.616083068348483800E-017, -0.1968503937007874100, 0.1541666666666666700 ) ) ;
#320 = CARTESIAN_POINT ( 'NONE',  ( 0.07928837818698228300, 0.1360697264654512100, -0.3666038140448823500 ) ) ;
#321 = CONICAL_SURFACE ( 'NONE', #5134, 0.07216000000000008500, 0.7853981633974482800 ) ;
#322 = DIRECTION ( 'NONE',  ( 0.8660254037844364900, -0.5000000000000040000, 0.0000000000000000000 ) ) ;
#323 = CARTESIAN_POINT ( 'NONE',  ( 0.3414986187818943600, -0.2445070415551636500, 0.3213286389632252800 ) ) ;
#324 = CARTESIAN_POINT ( 'NONE',  ( 0.3918025744179015100, -0.3107471294668217000, 0.4005433218118988900 ) ) ;
#325 = CARTESIAN_POINT ( 'NONE',  ( -0.1624598481164530600, 0.5000000000000000000, -0.1574999999999999500 ) ) ;
#326 = DIRECTION ( 'NONE',  ( -3.037509777412724900E-017, 1.000000000000000000, -0.0000000000000000000 ) ) ;
#327 = CONICAL_SURFACE ( 'NONE', #5155, 0.4799999999999999300, 0.7853981633974431700 ) ;
#328 = CARTESIAN_POINT ( 'NONE',  ( 0.3619986187818944900, -0.2090000000000016800, 0.2976572779264506400 ) ) ;
#329 = CARTESIAN_POINT ( 'NONE',  ( 0.06396057012458782100, -0.1968503937007874700, -0.1074999999999999800 ) ) ;
#330 = CARTESIAN_POINT ( 'NONE',  ( 0.06396057012458784800, -0.1968503937007874400, 0.1175000000000000500 ) ) ;
#331 = CARTESIAN_POINT ( 'NONE',  ( -2.410722045565656100E-017, -0.1968503937007874100, -0.01250000000000003700 ) ) ;
#332 = EDGE_CURVE ( 'NONE', #1413, #194, #103, .T. ) ;
#333 = CARTESIAN_POINT ( 'NONE',  ( 0.4714834044339401000, -0.1664433817950766400, 0.3450000000000000300 ) ) ;
#334 = CARTESIAN_POINT ( 'NONE',  ( 2.410722045565656100E-017, 0.1968503937007874100, 0.01250000000000005400 ) ) ;
#335 = CARTESIAN_POINT ( 'NONE',  ( 0.2452579386826362600, -0.2002007892420613100, -0.3449999999999999200 ) ) ;
#336 =( BOUNDED_CURVE ( )  B_SPLINE_CURVE ( 2, ( #379, #860, #1800, #4565, #5017, #401, #3667, #878, #1353, #1271, #3133, #5897, #4582 ),
 .UNSPECIFIED., .F., .F. ) 
 B_SPLINE_CURVE_WITH_KNOTS ( ( 3, 2, 2, 2, 2, 2, 3 ),
 ( 0.1250000000000000000, 0.1499999999999999900, 0.2000000000000000100, 0.2500000000000000000, 0.2999999999999999900, 0.3499999999999999800, 0.3750000000000000000 ),
 .UNSPECIFIED. ) 
 CURVE ( )  GEOMETRIC_REPRESENTATION_ITEM ( )  RATIONAL_B_SPLINE_CURVE ( ( 0.9755282581475768200, 0.9755282581475768200, 1.000000000000000000, 0.9510565162951535300, 1.000000000000000000, 0.9510565162951535300, 1.000000000000000000, 0.9510565162951535300, 1.000000000000000000, 0.9510565162951535300, 1.000000000000000000, 0.9755282581475768200, 0.9755282581475768200 ) ) 
 REPRESENTATION_ITEM ( '' )  );
#337 = EDGE_CURVE ( 'NONE', #5947, #3539, #5682, .T. ) ;
#338 = CARTESIAN_POINT ( 'NONE',  ( -0.04100000000000009200, 0.5000000000000000000, -0.3213286389632253300 ) ) ;
#339 = CARTESIAN_POINT ( 'NONE',  ( -0.06508951590684702900, 0.1434366709287831800, -0.3951519494255049100 ) ) ;
#340 = ORIENTED_EDGE ( 'NONE', *, *, #6034, .F. ) ;
#341 = DIRECTION ( 'NONE',  ( -1.000000000000000000, 0.0000000000000000000, 0.0000000000000000000 ) ) ;
#342 = CARTESIAN_POINT ( 'NONE',  ( -0.1872158496644003300, -0.06083011700294239200, 0.1425000000000000400 ) ) ;
#343 = DIRECTION ( 'NONE',  ( 0.5000000000000036600, 0.8660254037844366000, 0.0000000000000000000 ) ) ;
#344 = CARTESIAN_POINT ( 'NONE',  ( 0.04781285246814451200, 0.4980422918083631800, -0.2644149940021500200 ) ) ;
#345 = CARTESIAN_POINT ( 'NONE',  ( -0.4755282581475768200, -0.1545084971874736700, -0.1074999999999999800 ) ) ;
#346 = ORIENTED_EDGE ( 'NONE', *, *, #1838, .T. ) ;
#347 = CARTESIAN_POINT ( 'NONE',  ( 0.1562371050732278800, -0.02072410682990786400, -0.4015269713748455500 ) ) ;
#348 = AXIS2_PLACEMENT_3D ( 'NONE', #5245, #5206, #60 ) ;
#349 = EDGE_LOOP ( 'NONE', ( #5231, #5575, #1858, #3332, #3825, #119, #2812, #5463, #3139, #1174 ) ) ;
#350 = ADVANCED_FACE ( 'NONE', ( #1055 ), #5531, .F. ) ;
#351 = DIRECTION ( 'NONE',  ( -9.795821821337355400E-017, 1.000000000000000000, 0.0000000000000000000 ) ) ;
#352 = CARTESIAN_POINT ( 'NONE',  ( 0.04280306436768798600, 0.4910902794217815200, 0.2718373658187231400 ) ) ;
#353 = CARTESIAN_POINT ( 'NONE',  ( 9.184850993605148400E-017, -0.5000000000000000000, 0.1458333333333333400 ) ) ;
#354 = VERTEX_POINT ( 'NONE', #3684 ) ;
#355 = CARTESIAN_POINT ( 'NONE',  ( -0.1157057583252900100, -0.1592553138533361100, -0.02249999999999999900 ) ) ;
#357 = EDGE_CURVE ( 'NONE', #290, #3313, #753, .T. ) ;
#356 = CARTESIAN_POINT ( 'NONE',  ( -0.5000000000000000000, 6.123233995736766000E-017, -0.4799999999999998700 ) ) ;
#358 = CARTESIAN_POINT ( 'NONE',  ( 0.1404135987513293900, -0.07147520109241935200, -0.2632708770638799200 ) ) ;
#359 = VERTEX_POINT ( 'NONE', #430 ) ;
#360 = CARTESIAN_POINT ( 'NONE',  ( -0.01204459610152226400, 0.4999988226581791300, 0.4353241244439477500 ) ) ;
#361 = DIRECTION ( 'NONE',  ( 0.8660254037844386000, 0.0000000000000000000, -0.4999999999999998900 ) ) ;
#362 = ORIENTED_EDGE ( 'NONE', *, *, #2755, .F. ) ;
#363 = AXIS2_PLACEMENT_3D ( 'NONE', #5, #2925, #5734 ) ;
#364 = CARTESIAN_POINT ( 'NONE',  ( 0.5000000000000001100, -3.500472655261351000E-017, 0.1124999999999999800 ) ) ;
#365 = VERTEX_POINT ( 'NONE', #3699 ) ;
#366 = CARTESIAN_POINT ( 'NONE',  ( 0.2976962325509001100, -0.1718750000000014200, 0.3449999999999999200 ) ) ;
#367 = CARTESIAN_POINT ( 'NONE',  ( 0.4265681351076300900, -0.2537207723678606100, 0.3013780502943261800 ) ) ;
#368 = VECTOR ( 'NONE', #724, 39.37007874015748100 ) ;
#369 = CARTESIAN_POINT ( 'NONE',  ( -0.1624598481164530600, 0.5000000000000000000, -0.03249999999999997300 ) ) ;
#370 = EDGE_LOOP ( 'NONE', ( #3388, #2555, #2741, #3670 ) ) ;
#371 = VERTEX_POINT ( 'NONE', #5055 ) ;
#372 = CARTESIAN_POINT ( 'NONE',  ( 0.1808223467356835400, -0.08050729571153580900, 0.005882612127176900700 ) ) ;
#373 = CARTESIAN_POINT ( 'NONE',  ( 2.410722045565656100E-017, 0.1968503937007874100, 0.01250000000000005400 ) ) ;
#374 = CARTESIAN_POINT ( 'NONE',  ( 0.1968503937007873800, -1.093897704769172200E-017, 0.1375000000000000400 ) ) ;
#375 = FACE_OUTER_BOUND ( 'NONE', #5435, .T. ) ;
#376 = DIRECTION ( 'NONE',  ( 0.5000000000000037700, 0.8660254037844363800, 0.0000000000000000000 ) ) ;
#377 = VERTEX_POINT ( 'NONE', #413 ) ;
#378 = CARTESIAN_POINT ( 'NONE',  ( 0.4607426564757993700, -0.1713244525963499300, -0.3450000000000000300 ) ) ;
#379 = CARTESIAN_POINT ( 'NONE',  ( -0.1968503937007873800, 1.093897704769172200E-017, 0.03750000000000003300 ) ) ;
#380 = FACE_OUTER_BOUND ( 'NONE', #2350, .T. ) ;
#381 = LINE ( 'NONE', #4798, #1565 ) ;
#382 = ORIENTED_EDGE ( 'NONE', *, *, #1456, .F. ) ;
#383 = ADVANCED_FACE ( 'NONE', ( #2944 ), #3249, .T. ) ;
#384 = CARTESIAN_POINT ( 'NONE',  ( -0.06396057012458782100, 0.1968503937007874700, -0.08249999999999993400 ) ) ;
#385 = EDGE_CURVE ( 'NONE', #5501, #5661, #1994, .T. ) ;
#386 = CARTESIAN_POINT ( 'NONE',  ( 0.4999999999999999400, -0.07919222016226816500, 0.1099372859226577000 ) ) ;
#387 = CARTESIAN_POINT ( 'NONE',  ( -2.410722045565656100E-017, -0.1968503937007874100, -0.01250000000000003700 ) ) ;
#388 = PLANE ( 'NONE',  #1042 ) ;
#389 = FACE_BOUND ( 'NONE', #5532, .T. ) ;
#390 = ORIENTED_EDGE ( 'NONE', *, *, #2609, .F. ) ;
#391 = CARTESIAN_POINT ( 'NONE',  ( -0.1872158496644003300, 0.06083011700294241300, -0.04250000000000004500 ) ) ;
#392 = EDGE_CURVE ( 'NONE', #1748, #1619, #5025, .T. ) ;
#393 = CARTESIAN_POINT ( 'NONE',  ( -0.02668801405439799600, 0.1950967442903758800, 0.2672809100964825300 ) ) ;
#394 = CARTESIAN_POINT ( 'NONE',  ( 0.1704774416898503800, -0.09842519685039334600, 0.004191306063588581100 ) ) ;
#395 = VECTOR ( 'NONE', #4615, 39.37007874015748100 ) ;
#396 = DIRECTION ( 'NONE',  ( -0.8660254037844363800, 0.5000000000000038900, 0.0000000000000000000 ) ) ;
#397 = CARTESIAN_POINT ( 'NONE',  ( -0.08200000000000008700, 0.4846770714133428200, 0.3449999999999999200 ) ) ;
#398 = CONICAL_SURFACE ( 'NONE', #5097, 0.07216000000000008500, 0.7853981633974482800 ) ;
#399 = CARTESIAN_POINT ( 'NONE',  ( 0.1968503937007874100, 2.410722045565656100E-017, 0.4999999999999999400 ) ) ;
#400 = CARTESIAN_POINT ( 'NONE',  ( -0.01341713530231296100, 0.4936397845024505500, -0.3845963353950050400 ) ) ;
#401 = CARTESIAN_POINT ( 'NONE',  ( -0.06396057012458789000, -0.1968503937007874100, 0.05750000000000003700 ) ) ;
#402 = EDGE_CURVE ( 'NONE', #354, #2725, #4452, .T. ) ;
#403 = LINE ( 'NONE', #552, #246 ) ;
#404 = CARTESIAN_POINT ( 'NONE',  ( 0.4607426564757993700, -0.1713244525963499300, -0.3450000000000000300 ) ) ;
#405 = CARTESIAN_POINT ( 'NONE',  ( 0.4690927018922186300, -0.1875076068629170100, -0.3449999999999999200 ) ) ;
#406 = DIRECTION ( 'NONE',  ( -9.016195738532124400E-017, -1.561650911012346900E-016, 1.000000000000000000 ) ) ;
#407 = DIRECTION ( 'NONE',  ( 0.0000000000000000000, 0.0000000000000000000, -1.000000000000000000 ) ) ;
#408 = AXIS2_PLACEMENT_3D ( 'NONE', #3114, #699, #2114 ) ;
#409 = DIRECTION ( 'NONE',  ( 0.0000000000000000000, 0.0000000000000000000, -1.000000000000000000 ) ) ;
#410 = DIRECTION ( 'NONE',  ( -0.5000000000000041100, -0.8660254037844362700, 0.0000000000000000000 ) ) ;
#411 = DIRECTION ( 'NONE',  ( 0.8660254037844363800, -0.5000000000000041100, 0.0000000000000000000 ) ) ;
#412 = CARTESIAN_POINT ( 'NONE',  ( -0.5000000000000000000, -0.07919222016226802600, 0.09006271407734228700 ) ) ;
#413 = CARTESIAN_POINT ( 'NONE',  ( 0.1968503937007874100, 2.410722045565656100E-017, -0.1899999999999999500 ) ) ;
#414 = ADVANCED_FACE ( 'NONE', ( #1488 ), #3951, .F. ) ;
#415 = DIRECTION ( 'NONE',  ( -0.0000000000000000000, -0.0000000000000000000, 1.000000000000000000 ) ) ;
#416 = CARTESIAN_POINT ( 'NONE',  ( 0.3914262390837320300, -0.2983832331623710900, 0.2917267881293743000 ) ) ;
#417 = DIRECTION ( 'NONE',  ( -1.000000000000000000, 0.0000000000000000000, 0.0000000000000000000 ) ) ;
#418 =( BOUNDED_CURVE ( )  B_SPLINE_CURVE ( 2, ( #5574, #948, #1311, #1417, #4652, #121, #3835, #2407, #4711, #4303, #69, #571, #2430 ),
 .UNSPECIFIED., .F., .F. ) 
 B_SPLINE_CURVE_WITH_KNOTS ( ( 3, 2, 2, 2, 2, 2, 3 ),
 ( 0.1250000000000000300, 0.1499999999999999900, 0.2000000000000000100, 0.2500000000000000000, 0.2999999999999999900, 0.3499999999999999800, 0.3750000000000000000 ),
 .UNSPECIFIED. ) 
 CURVE ( )  GEOMETRIC_REPRESENTATION_ITEM ( )  RATIONAL_B_SPLINE_CURVE ( ( 0.9755282581475768200, 0.9755282581475768200, 1.000000000000000000, 0.9510565162951535300, 1.000000000000000000, 0.9510565162951535300, 1.000000000000000000, 0.9510565162951535300, 1.000000000000000000, 0.9510565162951535300, 1.000000000000000000, 0.9755282581475768200, 0.9755282581475768200 ) ) 
 REPRESENTATION_ITEM ( '' )  );
#419 = ORIENTED_EDGE ( 'NONE', *, *, #4626, .F. ) ;
#420 = DIRECTION ( 'NONE',  ( 0.8660254037844363800, -0.5000000000000038900, 0.0000000000000000000 ) ) ;
#421 = DIRECTION ( 'NONE',  ( -0.8660254037844364900, 0.5000000000000040000, -0.0000000000000000000 ) ) ;
#422 = EDGE_CURVE ( 'NONE', #5899, #5760, #5892, .T. ) ;
#423 = CARTESIAN_POINT ( 'NONE',  ( 0.02149856287543602800, 0.4930201957327618500, -0.4269949818478514500 ) ) ;
#424 = ORIENTED_EDGE ( 'NONE', *, *, #5997, .T. ) ;
#425 = CARTESIAN_POINT ( 'NONE',  ( -0.08200000000000008700, 0.1789583121851436900, 0.3449999999999999200 ) ) ;
#426 = EDGE_LOOP ( 'NONE', ( #970, #220, #4304 ) ) ;
#427 = CARTESIAN_POINT ( 'NONE',  ( 0.04100000000000003600, 0.4180000000000000400, 0.3213286389632252800 ) ) ;
#428 = CARTESIAN_POINT ( 'NONE',  ( 0.3619986187818944300, -0.2090000000000018500, -0.3923427220735491400 ) ) ;
#429 = CARTESIAN_POINT ( 'NONE',  ( 0.1624598481164530600, -0.5000000000000000000, 0.1175000000000000100 ) ) ;
#430 = CARTESIAN_POINT ( 'NONE',  ( 2.410722045565656100E-017, 0.1968503937007874100, -0.01250000000000003700 ) ) ;
#431 = EDGE_LOOP ( 'NONE', ( #4239, #4213, #1789 ) ) ;
#432 = ORIENTED_EDGE ( 'NONE', *, *, #1373, .F. ) ;
#433 = CARTESIAN_POINT ( 'NONE',  ( 6.123233995736766000E-017, 0.5000000000000000000, 0.1375000000000000100 ) ) ;
#434 = CARTESIAN_POINT ( 'NONE',  ( 0.1157057583252900000, -0.1592553138533361100, 0.1225000000000000400 ) ) ;
#435 = DIRECTION ( 'NONE',  ( 0.0000000000000000000, 0.0000000000000000000, -1.000000000000000000 ) ) ;
#436 = DIRECTION ( 'NONE',  ( -0.5000000000000038900, -0.8660254037844364900, -0.0000000000000000000 ) ) ;
#437 = CARTESIAN_POINT ( 'NONE',  ( -0.04099999999999999500, 0.4180000000000000400, -0.3213286389632252800 ) ) ;
#438 = ORIENTED_EDGE ( 'NONE', *, *, #3827, .T. ) ;
#439 = VERTEX_POINT ( 'NONE', #3192 ) ;
#440 = ADVANCED_FACE ( 'NONE', ( #5605 ), #679, .T. ) ;
#441 = DIRECTION ( 'NONE',  ( -0.4330127018922227400, -0.7499999999999980000, 0.4999999999999998300 ) ) ;
#442 = AXIS2_PLACEMENT_3D ( 'NONE', #3304, #495, #1508 ) ;
#443 = DIRECTION ( 'NONE',  ( 1.000000000000000000, 0.0000000000000000000, 0.0000000000000000000 ) ) ;
#444 = FACE_OUTER_BOUND ( 'NONE', #3456, .T. ) ;
#445 = CARTESIAN_POINT ( 'NONE',  ( -0.06516035014350246600, 0.1857796355665409800, 0.3950613061769400200 ) ) ;
#446 = LINE ( 'NONE', #1810, #4521 ) ;
#447 = CARTESIAN_POINT ( 'NONE',  ( 0.09159459914376129300, 0.4915387304410289700, -0.3688587090200590700 ) ) ;
#448 = COORDINATED_UNIVERSAL_TIME_OFFSET ( 6, 0, .BEHIND. ) ;
#449 = ORIENTED_EDGE ( 'NONE', *, *, #5615, .F. ) ;
#450 = VECTOR ( 'NONE', #1709, 39.37007874015748100 ) ;
#451 = CARTESIAN_POINT ( 'NONE',  ( 0.01684525110005771100, 0.4936661638322292200, 0.3826171118163641000 ) ) ;
#452 = CARTESIAN_POINT ( 'NONE',  ( 0.4390339803350538100, -0.2395684851268501100, 0.4353241244439468600 ) ) ;
#453 = FACE_OUTER_BOUND ( 'NONE', #5666, .T. ) ;
#454 = CARTESIAN_POINT ( 'NONE',  ( 0.4244910119189794200, -0.2450800000000020200, 0.3449999999999999200 ) ) ;
#455 = EDGE_LOOP ( 'NONE', ( #1474, #5876 ) ) ;
#456 = DIRECTION ( 'NONE',  ( -0.0000000000000000000, -0.0000000000000000000, 1.000000000000000000 ) ) ;
#457 = B_SPLINE_CURVE_WITH_KNOTS ( 'NONE', 3,
 ( #338, #4072, #3217, #3651 ),
 .UNSPECIFIED., .F., .F.,
 ( 4, 4 ),
 ( 0.0007111018413682115500, 0.001334182499245445900 ),
 .UNSPECIFIED. ) ;
#458 = DIRECTION ( 'NONE',  ( -1.000000000000000000, 0.0000000000000000000, 0.0000000000000000000 ) ) ;
#459 = LINE ( 'NONE', #5777, #5246 ) ;
#460 = ORIENTED_EDGE ( 'NONE', *, *, #5000, .T. ) ;
#461 = VERTEX_POINT ( 'NONE', #1428 ) ;
#462 = DIRECTION ( 'NONE',  ( 0.0000000000000000000, 0.0000000000000000000, -1.000000000000000000 ) ) ;
#463 = EDGE_CURVE ( 'NONE', #290, #1466, #529, .T. ) ;
#464 = CARTESIAN_POINT ( 'NONE',  ( 0.3787426562703870600, -0.3133526188664534900, -0.3449999999989082400 ) ) ;
#465 = EDGE_CURVE ( 'NONE', #5225, #4821, #2450, .T. ) ;
#466 = CIRCLE ( 'NONE', #3316, 0.04734272207354933700 ) ;
#467 = B_SPLINE_CURVE_WITH_KNOTS ( 'NONE', 1,
 ( #158, #5692 ),
 .UNSPECIFIED., .F., .F.,
 ( 2, 2 ),
 ( 0.0000000000000000000, 1.000000000000000000 ),
 .UNSPECIFIED. ) ;
#468 = EDGE_LOOP ( 'NONE', ( #1050, #5449, #761, #5967 ) ) ;
#469 = CARTESIAN_POINT ( 'NONE',  ( 0.3824986187818946700, -0.1734929584448398300, 0.3213286389632252800 ) ) ;
#470 = CARTESIAN_POINT ( 'NONE',  ( -0.06175805852071926400, 0.1869532518335203800, 0.3992057363006157900 ) ) ;
#471 = CARTESIAN_POINT ( 'NONE',  ( 0.07313348836551814000, 0.4866481013377593200, -0.3878422549389332100 ) ) ;
#472 = DIRECTION ( 'NONE',  ( 0.5000000000000044400, 0.8660254037844360400, 0.0000000000000000000 ) ) ;
#473 = VECTOR ( 'NONE', #4209, 39.37007874015748100 ) ;
#474 = CARTESIAN_POINT ( 'NONE',  ( -0.1968503937007873800, -0.03117803943396382100, 0.01506271407734225200 ) ) ;
#475 = EDGE_CURVE ( 'NONE', #5006, #4862, #446, .T. ) ;
#476 = CARTESIAN_POINT ( 'NONE',  ( 0.1574803149606299200, 0.0000000000000000000, -0.4999999999999999400 ) ) ;
#477 = CARTESIAN_POINT ( 'NONE',  ( 0.4039095483405236700, -0.2825939320086451300, -0.4181765065577394100 ) ) ;
#478 = CARTESIAN_POINT ( 'NONE',  ( -0.06396057012458789000, -0.1968503937007874400, 0.1324999999999999500 ) ) ;
#479 = CARTESIAN_POINT ( 'NONE',  ( -0.1968503937007874100, 0.0000000000000000000, -0.1899999999999999500 ) ) ;
#480 = CARTESIAN_POINT ( 'NONE',  ( 0.1872158496644003300, -0.06083011700294243400, -0.06749999999999994900 ) ) ;
#481 = FACE_OUTER_BOUND ( 'NONE', #2215, .T. ) ;
#482 = ADVANCED_FACE ( 'NONE', ( #3242 ), #2874, .T. ) ;
#483 = EDGE_CURVE ( 'NONE', #3643, #5139, #5212, .T. ) ;
#484 = DIRECTION ( 'NONE',  ( -0.0000000000000000000, -0.0000000000000000000, -1.000000000000000000 ) ) ;
#485 = CARTESIAN_POINT ( 'NONE',  ( 0.1968503937007873800, -0.03117803943396384200, -0.01506271407734224200 ) ) ;
#486 = CIRCLE ( 'NONE', #2231, 0.07216000000000007100 ) ;
#487 =( GEOMETRIC_REPRESENTATION_CONTEXT ( 3 ) GLOBAL_UNCERTAINTY_ASSIGNED_CONTEXT ( ( #2152 ) ) GLOBAL_UNIT_ASSIGNED_CONTEXT ( ( #2409, #1460, #5179 ) ) REPRESENTATION_CONTEXT ( 'NONE', 'WORKASPACE' ) );
#488 = DIRECTION ( 'NONE',  ( -0.8660254037844364900, 0.5000000000000038900, 0.0000000000000000000 ) ) ;
#489 = EDGE_CURVE ( 'NONE', #3437, #377, #3318, .T. ) ;
#490 = CARTESIAN_POINT ( 'NONE',  ( 0.02415474889994232200, 0.4936661638322293900, -0.3116030287060401700 ) ) ;
#491 = CARTESIAN_POINT ( 'NONE',  ( -0.04100000000000009200, 0.5000000000000000000, -0.3213286389632253300 ) ) ;
#492 = CARTESIAN_POINT ( 'NONE',  ( -0.5000000000000000000, 0.0000000000000000000, 0.1899999999999999500 ) ) ;
#493 = AXIS2_PLACEMENT_3D ( 'NONE', #4757, #5214, #977 ) ;
#494 = CARTESIAN_POINT ( 'NONE',  ( 0.4607419883966833400, -0.1713261595088665400, -0.3665640001638630900 ) ) ;
#495 = DIRECTION ( 'NONE',  ( -9.795821821337355400E-017, 1.000000000000000000, 0.0000000000000000000 ) ) ;
#496 = CARTESIAN_POINT ( 'NONE',  ( 3.165595767079993500E-017, 0.1968503937007874100, 0.1458333333333333100 ) ) ;
#497 = CARTESIAN_POINT ( 'NONE',  ( 6.123233995736766000E-017, 0.5000000000000000000, -0.08749999999999999400 ) ) ;
#498 = EDGE_LOOP ( 'NONE', ( #2121, #2889, #3947, #5688 ) ) ;
#499 = DIRECTION ( 'NONE',  ( -0.5000000000000041100, -0.8660254037844362700, 0.0000000000000000000 ) ) ;
#500 =( BOUNDED_CURVE ( )  B_SPLINE_CURVE ( 2, ( #3597, #5472, #2726, #3140, #2226, #1743, #2698, #4120, #5919, #5938, #391, #4056, #4945 ),
 .UNSPECIFIED., .F., .T. ) 
 B_SPLINE_CURVE_WITH_KNOTS ( ( 3, 2, 2, 2, 2, 2, 3 ),
 ( 0.3750000000000000000, 0.4000000000000000200, 0.4500000000000000100, 0.5000000000000000000, 0.5500000000000000400, 0.5999999999999999800, 0.6250000000000000000 ),
 .UNSPECIFIED. ) 
 CURVE ( )  GEOMETRIC_REPRESENTATION_ITEM ( )  RATIONAL_B_SPLINE_CURVE ( ( 0.9755282581475768200, 0.9755282581475768200, 1.000000000000000000, 0.9510565162951535300, 1.000000000000000000, 0.9510565162951535300, 1.000000000000000000, 0.9510565162951535300, 1.000000000000000000, 0.9510565162951535300, 1.000000000000000000, 0.9755282581475768200, 0.9755282581475768200 ) ) 
 REPRESENTATION_ITEM ( '' )  );
#501 = ORIENTED_EDGE ( 'NONE', *, *, #3381, .T. ) ;
#502 = CARTESIAN_POINT ( 'NONE',  ( 0.4755282581475768200, 0.1545084971874735900, -0.08249999999999997600 ) ) ;
#503 = CARTESIAN_POINT ( 'NONE',  ( 0.4330127018922182400, -0.2463010622902167800, 0.2995067467813432000 ) ) ;
#504 = ORIENTED_EDGE ( 'NONE', *, *, #2943, .T. ) ;
#505 = ADVANCED_FACE ( 'NONE', ( #3522 ), #1197, .T. ) ;
#506 = CARTESIAN_POINT ( 'NONE',  ( 0.4682508962809229800, -0.1760373727346459500, -0.2978168095221696000 ) ) ;
#507 = EDGE_LOOP ( 'NONE', ( #2817, #3517 ) ) ;
#508 = CARTESIAN_POINT ( 'NONE',  ( 0.0000000000000000000, 0.0000000000000000000, 0.1899999999999999500 ) ) ;
#509 = EDGE_CURVE ( 'NONE', #4506, #4428, #1072, .T. ) ;
#510 = VERTEX_POINT ( 'NONE', #3427 ) ;
#511 = CARTESIAN_POINT ( 'NONE',  ( -0.01684525110005775600, 0.4936661638322290500, -0.3073828881836358500 ) ) ;
#512 = CARTESIAN_POINT ( 'NONE',  ( 0.1139824445707190300, -0.1604932392028959000, 0.3449999999999999200 ) ) ;
#513 = B_SPLINE_SURFACE_WITH_KNOTS ( 'NONE', 1, 3, ( 
 ( #5518, #494, #5603, #3779, #3248, #1001, #477, #4245, #1462, #2766, #5985, #1377, #2787, #3839, #2956, #5158, #107, #2930 ),
 ( #622, #2474, #1035, #5199, #2872, #3800, #538, #1079, #1058, #3856, #3879, #4715, #1569, #1017, #2386, #4325, #5625, #1541 ) ),
 .UNSPECIFIED., .F., .T., .F.,
 ( 2, 2 ),
 ( 4, 2, 2, 2, 2, 2, 2, 2, 4 ),
 ( 0.0000000000000000000, 1.000000000000000000 ),
 ( -4.898794831110359100E-006, 0.001791992564680640000, 0.003588883924192390300, 0.005385775283704140700, 0.007182666643215891000, 0.008979558002727641400, 0.01077644936223939200, 0.01257334072175114200, 0.01437023208126289200 ),
 .UNSPECIFIED. ) ;
#514 = CARTESIAN_POINT ( 'NONE',  ( 0.4330127018922182400, -0.2500000000000020000, 0.3449999999999999200 ) ) ;
#515 = ORIENTED_EDGE ( 'NONE', *, *, #3199, .F. ) ;
#516 = CARTESIAN_POINT ( 'NONE',  ( 1.229195698559069900E-017, 0.3437500000000000600, 0.3449999999999999200 ) ) ;
#517 = ORIENTED_EDGE ( 'NONE', *, *, #3237, .F. ) ;
#518 = CARTESIAN_POINT ( 'NONE',  ( -0.1157057583252900000, 0.1592553138533361100, 0.09749999999999996200 ) ) ;
#519 = FACE_OUTER_BOUND ( 'NONE', #1030, .T. ) ;
#520 = CARTESIAN_POINT ( 'NONE',  ( 0.4999999999999999400, -0.07919222016226808200, -0.1150627140773422700 ) ) ;
#521 = ORIENTED_EDGE ( 'NONE', *, *, #4916, .F. ) ;
#522 = DATE_AND_TIME ( #4241, #2945 ) ;
#523 = CARTESIAN_POINT ( 'NONE',  ( 0.09159459914376129300, 0.4915387304410289700, 0.3688587090200590700 ) ) ;
#524 = ORIENTED_EDGE ( 'NONE', *, *, #2860, .F. ) ;
#525 = CARTESIAN_POINT ( 'NONE',  ( -0.1624598481164531400, -0.5000000000000000000, 0.007500000000000022300 ) ) ;
#526 = CARTESIAN_POINT ( 'NONE',  ( 0.4253254041760198800, 0.3090169943749473400, 0.1474999999999999900 ) ) ;
#527 = FACE_OUTER_BOUND ( 'NONE', #5519, .T. ) ;
#528 = B_SPLINE_CURVE_WITH_KNOTS ( 'NONE', 3,
 ( #3418, #4764, #2966, #3001, #1131, #1551, #1997, #1974 ),
 .UNSPECIFIED., .F., .F.,
 ( 4, 2, 2, 4 ),
 ( 2.544393206594111400E-007, 0.0003107880854811305200, 0.0006213217316416015600, 0.001242389023962543700 ),
 .UNSPECIFIED. ) ;
#529 = LINE ( 'NONE', #5035, #5307 ) ;
#530 = EDGE_LOOP ( 'NONE', ( #614, #664, #1388, #3876 ) ) ;
#531 = DIRECTION ( 'NONE',  ( 0.5000000000000044400, 0.8660254037844360400, 0.0000000000000000000 ) ) ;
#532 = CARTESIAN_POINT ( 'NONE',  ( 8.040613248383181800E-017, 0.5000000000000000000, 0.1541666666666666700 ) ) ;
#533 = DIRECTION ( 'NONE',  ( -1.000000000000000000, 0.0000000000000000000, 0.0000000000000000000 ) ) ;
#534 = LINE ( 'NONE', #2636, #4020 ) ;
#535 = ORIENTED_EDGE ( 'NONE', *, *, #4274, .T. ) ;
#536 = APPROVAL_ROLE ( '' ) ;
#537 = MANIFOLD_SOLID_BREP ( 'Chamfer2', #1034 ) ;
#538 = CARTESIAN_POINT ( 'NONE',  ( 0.4074267286111007400, -0.2904060959255653800, -0.4256002857247427300 ) ) ;
#539 = CARTESIAN_POINT ( 'NONE',  ( -0.4253254041760198800, -0.3090169943749474000, 0.02249999999999999900 ) ) ;
#540 = CARTESIAN_POINT ( 'NONE',  ( 1.845817331404762400E-016, 0.4180000000000000400, 0.3923427220735491400 ) ) ;
#541 = CONICAL_SURFACE ( 'NONE', #5147, 0.04734272207354933700, 0.7853981633974500600 ) ;
#542 = ORIENTED_EDGE ( 'NONE', *, *, #2664, .F. ) ;
#543 = CARTESIAN_POINT ( 'NONE',  ( 0.4354837979521630200, -0.2310684055883105700, 0.4257974212618579300 ) ) ;
#544 = ADVANCED_FACE ( 'NONE', ( #1987 ), #4670, .T. ) ;
#545 = CARTESIAN_POINT ( 'NONE',  ( -0.5000000000000000000, 0.0000000000000000000, 0.1899999999999999500 ) ) ;
#546 = VECTOR ( 'NONE', #3962, 39.37007874015748100 ) ;
#547 = CARTESIAN_POINT ( 'NONE',  ( -2.410722045565656100E-017, -0.1968503937007874100, -0.08749999999999995300 ) ) ;
#548 = CARTESIAN_POINT ( 'NONE',  ( -0.09159750529064449000, 0.4915382966001025600, 0.3449999999999998600 ) ) ;
#549 = CARTESIAN_POINT ( 'NONE',  ( 0.4999999999999999400, -0.07919222016226822000, 0.05993728592265770700 ) ) ;
#550 = DIRECTION ( 'NONE',  ( 0.8660254037844364900, -0.5000000000000040000, 0.0000000000000000000 ) ) ;
#551 = EDGE_CURVE ( 'NONE', #4721, #2556, #2202, .T. ) ;
#552 = CARTESIAN_POINT ( 'NONE',  ( 0.3619986187818944900, -0.2090000000000016800, 0.2976572779264506400 ) ) ;
#553 = CARTESIAN_POINT ( 'NONE',  ( 0.1956898639904044400, -0.02137534427795022300, 0.3235701150804822800 ) ) ;
#554 = CARTESIAN_POINT ( 'NONE',  ( -5.549066237130535000E-017, 0.5000000000000000000, 0.2976572779264505800 ) ) ;
#555 = LINE ( 'NONE', #1761, #1008 ) ;
#556 = AXIS2_PLACEMENT_3D ( 'NONE', #2913, #1124, #1098 ) ;
#557 = CARTESIAN_POINT ( 'NONE',  ( 0.4330127018922182400, -0.2500000000000020000, -0.2976572779264505800 ) ) ;
#558 = AXIS2_PLACEMENT_3D ( 'NONE', #2809, #46, #5556 ) ;
#559 = DIRECTION ( 'NONE',  ( -1.758688375849877800E-016, 1.000000000000000000, -0.0000000000000000000 ) ) ;
#560 = CARTESIAN_POINT ( 'NONE',  ( 0.1872158496644003300, 0.06083011700294237200, 0.06749999999999996300 ) ) ;
#561 = CARTESIAN_POINT ( 'NONE',  ( 2.410722045565656100E-017, 0.1968503937007874100, 0.1374999999999999600 ) ) ;
#562 = CARTESIAN_POINT ( 'NONE',  ( -0.08200000000000007300, 0.5000000000000000000, -0.3449999999999999200 ) ) ;
#563 = CARTESIAN_POINT ( 'NONE',  ( 0.4330127018922182400, -0.2500000000000020000, 0.3449999999999999200 ) ) ;
#564 = CARTESIAN_POINT ( 'NONE',  ( -0.1968503937007873800, 1.093897704769172200E-017, -0.1124999999999999500 ) ) ;
#565 = CARTESIAN_POINT ( 'NONE',  ( -0.1157057583252900000, 0.1592553138533361100, 0.1225000000000000400 ) ) ;
#566 = CARTESIAN_POINT ( 'NONE',  ( -0.1968503937007873800, 1.093897704769172200E-017, -0.1124999999999999500 ) ) ;
#567 = B_SPLINE_CURVE_WITH_KNOTS ( 'NONE', 3,
 ( #180, #2940, #1106, #5243 ),
 .UNSPECIFIED., .F., .F.,
 ( 4, 4 ),
 ( 0.0000000000000000000, 1.000000000000000000 ),
 .UNSPECIFIED. ) ;
#568 = ADVANCED_FACE ( 'NONE', ( #3462 ), #3386, .F. ) ;
#569 = PLANE ( 'NONE',  #5948 ) ;
#570 = CARTESIAN_POINT ( 'NONE',  ( -1.345699952522735200E-017, 0.4901600000000000400, -0.3449999999999999200 ) ) ;
#571 = CARTESIAN_POINT ( 'NONE',  ( -0.4999999999999999400, 0.07919222016226822000, 0.05993728592265770700 ) ) ;
#572 = CARTESIAN_POINT ( 'NONE',  ( 0.2938926261462365700, -0.4045084971874737300, -0.1524999999999999700 ) ) ;
#573 = EDGE_LOOP ( 'NONE', ( #5504, #5110, #1604, #2699, #1273, #2332, #1339, #4015, #2802, #2057 ) ) ;
#574 = AXIS2_PLACEMENT_3D ( 'NONE', #3342, #2469, #1538 ) ;
#575 = PERSON_AND_ORGANIZATION_ROLE ( 'design_supplier' ) ;
#576 = ORIENTED_EDGE ( 'NONE', *, *, #4637, .F. ) ;
#577 = CARTESIAN_POINT ( 'NONE',  ( 0.5257311121191335900, -3.219174618344376100E-017, -0.1125000000000000000 ) ) ;
#578 = CARTESIAN_POINT ( 'NONE',  ( 0.5000000000000001100, 1.400189062104540400E-016, 0.03750000000000000600 ) ) ;
#579 = CARTESIAN_POINT ( 'NONE',  ( -0.1968503937007874100, 0.0000000000000000000, 0.4999999999999999400 ) ) ;
#580 = CARTESIAN_POINT ( 'NONE',  ( 0.1157057583252900000, -0.1592553138533361100, -0.1525000000000000200 ) ) ;
#581 = ORIENTED_EDGE ( 'NONE', *, *, #5615, .T. ) ;
#582 = ORIENTED_EDGE ( 'NONE', *, *, #1237, .T. ) ;
#583 = CARTESIAN_POINT ( 'NONE',  ( 0.01341713530231307400, 0.4936397845024505500, 0.3054036646049947400 ) ) ;
#584 = EDGE_CURVE ( 'NONE', #1, #5351, #1048, .T. ) ;
#585 = CARTESIAN_POINT ( 'NONE',  ( -0.01762007843511573200, 0.4926752986720008300, 0.2642006011553927900 ) ) ;
#586 = CARTESIAN_POINT ( 'NONE',  ( -0.4755282581475768200, -0.1545084971874736700, 0.1424999999999999900 ) ) ;
#587 = DIRECTION ( 'NONE',  ( 0.2500000000000019400, 0.4330127018922180200, 0.8660254037844387100 ) ) ;
#588 = EDGE_LOOP ( 'NONE', ( #2876, #4000 ) ) ;
#589 = CARTESIAN_POINT ( 'NONE',  ( 0.4714834044339402100, -0.1664433817950765600, -0.3450000000000000300 ) ) ;
#590 = ORIENTED_EDGE ( 'NONE', *, *, #1611, .F. ) ;
#591 = CARTESIAN_POINT ( 'NONE',  ( -0.08200000000000004500, 0.3437500000000000600, -0.3449999999999999200 ) ) ;
#592 = EDGE_CURVE ( 'NONE', #1238, #5284, #3091, .T. ) ;
#593 = ORIENTED_EDGE ( 'NONE', *, *, #1528, .T. ) ;
#594 = ORIENTED_EDGE ( 'NONE', *, *, #5043, .F. ) ;
#595 = EDGE_CURVE ( 'NONE', #3509, #359, #2980, .T. ) ;
#596 = LINE ( 'NONE', #5981, #3317 ) ;
#597 = CARTESIAN_POINT ( 'NONE',  ( 0.08199739835577164700, 0.4846774991985604000, 0.3666611830256160100 ) ) ;
#598 = FACE_OUTER_BOUND ( 'NONE', #942, .T. ) ;
#599 = CARTESIAN_POINT ( 'NONE',  ( 2.410722045565656100E-017, 0.1968503937007874100, 0.1625000000000000300 ) ) ;
#600 = COORDINATED_UNIVERSAL_TIME_OFFSET ( 6, 0, .BEHIND. ) ;
#601 = VERTEX_POINT ( 'NONE', #2499 ) ;
#602 = CARTESIAN_POINT ( 'NONE',  ( -0.06396057012458782100, 0.1968503937007874700, -0.1074999999999999800 ) ) ;
#603 = ADVANCED_FACE ( 'NONE', ( #1843 ), #5430, .T. ) ;
#604 = CARTESIAN_POINT ( 'NONE',  ( 0.2960079386826365300, -0.1122992107579412600, 0.3449999999999999200 ) ) ;
#605 = AXIS2_PLACEMENT_3D ( 'NONE', #4544, #2640, #4991 ) ;
#606 = CIRCLE ( 'NONE', #2448, 0.04734272207354933700 ) ;
#607 = CARTESIAN_POINT ( 'NONE',  ( 0.0000000000000000000, 0.1968503937007874100, -0.03749999999999995700 ) ) ;
#608 = ORIENTED_EDGE ( 'NONE', *, *, #3098, .F. ) ;
#609 = EDGE_LOOP ( 'NONE', ( #4605, #1138, #5229, #5652, #1533 ) ) ;
#610 = CARTESIAN_POINT ( 'NONE',  ( -0.1674509465259921000, 0.1216602340058848100, 0.1275000000000000300 ) ) ;
#611 = DIRECTION ( 'NONE',  ( -1.000000000000000000, 0.0000000000000000000, 0.0000000000000000000 ) ) ;
#612 = CARTESIAN_POINT ( 'NONE',  ( -0.4253254041760198800, -0.3090169943749473400, 0.02249999999999999900 ) ) ;
#613 = VECTOR ( 'NONE', #1130, 39.37007874015748900 ) ;
#614 = ORIENTED_EDGE ( 'NONE', *, *, #1682, .T. ) ;
#615 = ORIENTED_EDGE ( 'NONE', *, *, #1657, .F. ) ;
#616 = CARTESIAN_POINT ( 'NONE',  ( -0.1674509465259921300, -0.1216602340058847800, -0.05249999999999994900 ) ) ;
#617 = CARTESIAN_POINT ( 'NONE',  ( 0.4330127018922182400, -0.2500000000000020500, -0.3449999999999999200 ) ) ;
#618 =( BOUNDED_CURVE ( )  B_SPLINE_CURVE ( 2, ( #40, #1898, #2795, #985, #6009, #1449, #2822 ),
 .UNSPECIFIED., .F., .F. ) 
 B_SPLINE_CURVE_WITH_KNOTS ( ( 3, 2, 2, 3 ),
 ( 0.6250000000000000000, 0.6500000000000000200, 0.6999999999999999600, 0.7500000000000000000 ),
 .UNSPECIFIED. ) 
 CURVE ( )  GEOMETRIC_REPRESENTATION_ITEM ( )  RATIONAL_B_SPLINE_CURVE ( ( 0.9755282581475768200, 0.9755282581475768200, 1.000000000000000000, 0.9510565162951535300, 1.000000000000000000, 0.9510565162951535300, 1.000000000000000000 ) ) 
 REPRESENTATION_ITEM ( '' )  );
#619 = CARTESIAN_POINT ( 'NONE',  ( 0.01094609261499431200, 0.1571903753868270600, -0.2635529769534671300 ) ) ;
#620 = CONICAL_SURFACE ( 'NONE', #4232, 0.04734272207354933700, 0.7853981633974500600 ) ;
#621 = ORIENTED_EDGE ( 'NONE', *, *, #4149, .T. ) ;
#622 = CARTESIAN_POINT ( 'NONE',  ( 0.4714834044339401000, -0.1664433817950766400, -0.3450000000000000300 ) ) ;
#623 = CARTESIAN_POINT ( 'NONE',  ( -4.897910910668677100E-017, 0.5000000000000000000, 0.3449999999999999200 ) ) ;
#624 = CARTESIAN_POINT ( 'NONE',  ( -1.518754888706362500E-017, 0.5000000000000000000, 0.3449999999999999200 ) ) ;
#625 = CYLINDRICAL_SURFACE ( 'NONE', #2620, 0.08200000000000007300 ) ;
#626 = DIRECTION ( 'NONE',  ( 0.8660254037844362700, -0.5000000000000037700, 0.0000000000000000000 ) ) ;
#627 = CARTESIAN_POINT ( 'NONE',  ( 0.1674509465259920700, 0.1216602340058848000, 0.04750000000000004200 ) ) ;
#628 = CARTESIAN_POINT ( 'NONE',  ( -0.4755282581475768200, -0.1545084971874736700, 0.04249999999999999600 ) ) ;
#629 = CARTESIAN_POINT ( 'NONE',  ( 0.1157057583252900100, 0.1592553138533361100, 0.02749999999999996200 ) ) ;
#630 = LINE ( 'NONE', #1870, #1436 ) ;
#631 = CARTESIAN_POINT ( 'NONE',  ( 0.4673930314537359500, -0.1776693096745774500, 0.2992718607372441000 ) ) ;
#632 = CARTESIAN_POINT ( 'NONE',  ( -0.1157057583252900500, -0.1592553138533361100, -0.07250000000000005100 ) ) ;
#633 = EDGE_CURVE ( 'NONE', #2244, #44, #2272, .T. ) ;
#634 = ADVANCED_FACE ( 'NONE', ( #4095 ), #5754, .T. ) ;
#635 = FACE_BOUND ( 'NONE', #2256, .T. ) ;
#636 = CARTESIAN_POINT ( 'NONE',  ( 0.1934700589781905800, -0.03645929923950923900, 0.3950613061769400200 ) ) ;
#638 = EDGE_CURVE ( 'NONE', #1137, #2737, #2062, .T. ) ;
#637 = DIRECTION ( 'NONE',  ( -9.795821821337355400E-017, 1.000000000000000000, -0.0000000000000000000 ) ) ;
#639 = CARTESIAN_POINT ( 'NONE',  ( 0.4330127018921886000, -0.2425584552642340300, -0.3886219497056734900 ) ) ;
#640 = AXIS2_PLACEMENT_3D ( 'NONE', #4075, #322, #4012 ) ;
#641 = CARTESIAN_POINT ( 'NONE',  ( 0.2938926261462366200, 0.4045084971874736100, -0.09749999999999998900 ) ) ;
#642 = DIRECTION ( 'NONE',  ( -0.5000000000000035500, -0.8660254037844366000, 0.0000000000000000000 ) ) ;
#643 = CARTESIAN_POINT ( 'NONE',  ( 0.4178852282940637200, -0.2615515779238190600, 0.4258122824447562200 ) ) ;
#644 = CARTESIAN_POINT ( 'NONE',  ( 0.4125127018922181100, -0.2855070415551639900, -0.3686713610367745600 ) ) ;
#645 = CARTESIAN_POINT ( 'NONE',  ( -0.03780654536658623700, 0.4912910993417968800, 0.2714495061528898200 ) ) ;
#646 = CARTESIAN_POINT ( 'NONE',  ( 0.5000000000000001100, -3.500472655261351000E-017, -0.03749999999999997100 ) ) ;
#647 = CARTESIAN_POINT ( 'NONE',  ( -0.1157057583252899800, 0.1592553138533361100, 0.04749999999999996600 ) ) ;
#648 = ORIENTED_EDGE ( 'NONE', *, *, #4856, .T. ) ;
#649 = AXIS2_PLACEMENT_3D ( 'NONE', #4842, #2079, #1192 ) ;
#650 = CARTESIAN_POINT ( 'NONE',  ( 0.1624598481164531700, 0.5000000000000000000, 0.1575000000000000000 ) ) ;
#651 = B_SPLINE_CURVE_WITH_KNOTS ( 'NONE', 3,
 ( #561, #496, #76, #1936 ),
 .UNSPECIFIED., .F., .F.,
 ( 4, 4 ),
 ( 0.0000000000000000000, 1.000000000000000000 ),
 .UNSPECIFIED. ) ;
#652 = ORIENTED_EDGE ( 'NONE', *, *, #251, .F. ) ;
#653 = ORIENTED_EDGE ( 'NONE', *, *, #1348, .F. ) ;
#654 = CARTESIAN_POINT ( 'NONE',  ( 0.4503368108606712900, -0.2126593569028594500, -0.3286630451311479700 ) ) ;
#655 = CARTESIAN_POINT ( 'NONE',  ( 0.1968503937007874100, 0.0000000000000000000, 0.4800000000000004300 ) ) ;
#656 = CARTESIAN_POINT ( 'NONE',  ( 0.4535127018922184300, -0.2144929584448401500, -0.3686713610367747800 ) ) ;
#657 = ORIENTED_EDGE ( 'NONE', *, *, #2425, .F. ) ;
#658 = CARTESIAN_POINT ( 'NONE',  ( 0.4253254041760198800, -0.3090169943749474500, -0.02249999999999998200 ) ) ;
#659 = VERTEX_POINT ( 'NONE', #5784 ) ;
#660 = DIRECTION ( 'NONE',  ( -1.000000000000000000, 0.0000000000000000000, 0.0000000000000000000 ) ) ;
#661 = CARTESIAN_POINT ( 'NONE',  ( -0.1624598481164530600, 0.5000000000000000000, -0.1324999999999999800 ) ) ;
#662 = CARTESIAN_POINT ( 'NONE',  ( -0.1157057583252900500, -0.1592553138533361100, -0.07250000000000000900 ) ) ;
#663 = DIRECTION ( 'NONE',  ( 1.000000000000000000, 0.0000000000000000000, 0.0000000000000000000 ) ) ;
#664 = ORIENTED_EDGE ( 'NONE', *, *, #5207, .T. ) ;
#665 = EDGE_CURVE ( 'NONE', #2997, #4314, #3261, .T. ) ;
#666 = VERTEX_POINT ( 'NONE', #784 ) ;
#667 = DIRECTION ( 'NONE',  ( -1.000000000000000000, 0.0000000000000000000, 0.0000000000000000000 ) ) ;
#668 = CARTESIAN_POINT ( 'NONE',  ( -0.07983038007580900400, 0.4936088936280485500, 0.2992718607372109000 ) ) ;
#669 = CARTESIAN_POINT ( 'NONE',  ( -0.06396057012458791800, -0.1968503937007874100, -0.06750000000000003200 ) ) ;
#670 = ORIENTED_EDGE ( 'NONE', *, *, #2860, .T. ) ;
#671 = DATE_AND_TIME ( #2127, #4514 ) ;
#672 = ORIENTED_EDGE ( 'NONE', *, *, #1960, .F. ) ;
#673 = EDGE_CURVE ( 'NONE', #1629, #5619, #2002, .T. ) ;
#674 = DIRECTION ( 'NONE',  ( 0.5000000000000036600, 0.8660254037844366000, 0.0000000000000000000 ) ) ;
#675 = CARTESIAN_POINT ( 'NONE',  ( 0.4253254041760198800, -0.3090169943749474500, 0.02749999999999999700 ) ) ;
#676 = LINE ( 'NONE', #5548, #5891 ) ;
#677 = AXIS2_PLACEMENT_3D ( 'NONE', #617, #3899, #3357 ) ;
#678 = CARTESIAN_POINT ( 'NONE',  ( 0.4473096608234560200, -0.2183929601641812800, -0.3724120256118670900 ) ) ;
#679 = CYLINDRICAL_SURFACE ( 'NONE', #3910, 0.08200000000000005900 ) ;
#680 = EDGE_LOOP ( 'NONE', ( #4365, #3331, #287, #2324 ) ) ;
#681 = EDGE_CURVE ( 'NONE', #4171, #3783, #3495, .T. ) ;
#682 = CARTESIAN_POINT ( 'NONE',  ( 0.2938926261462366200, 0.4045084971874736100, 0.002500000000000024800 ) ) ;
#683 = CARTESIAN_POINT ( 'NONE',  ( 0.09159459914376129300, 0.4915387304410289700, 0.3688587090200590700 ) ) ;
#684 = CARTESIAN_POINT ( 'NONE',  ( 0.3798858992484877000, -0.3250949146821092200, 0.3450053225035648000 ) ) ;
#685 = VECTOR ( 'NONE', #4927, 39.37007874015748100 ) ;
#686 = ORIENTED_EDGE ( 'NONE', *, *, #3593, .T. ) ;
#687 = CARTESIAN_POINT ( 'NONE',  ( 0.2938926261462365700, -0.4045084971874737300, -0.1524999999999999700 ) ) ;
#688 = ORIENTED_EDGE ( 'NONE', *, *, #3757, .T. ) ;
#689 = CARTESIAN_POINT ( 'NONE',  ( 0.4253254041760198800, 0.3090169943749473400, -0.02749999999999997900 ) ) ;
#690 = CYLINDRICAL_SURFACE ( 'NONE', #4837, 0.08200000000000005900 ) ;
#691 = CARTESIAN_POINT ( 'NONE',  ( -5.195106008193988700E-017, -0.4242125984251967600, 0.1375000000000000100 ) ) ;
#692 = ORIENTED_EDGE ( 'NONE', *, *, #128, .T. ) ;
#693 = CARTESIAN_POINT ( 'NONE',  ( -6.123233995736766000E-017, -0.5000000000000000000, -0.1124999999999999800 ) ) ;
#694 = DIRECTION ( 'NONE',  ( 1.000000000000000000, 0.0000000000000000000, 0.0000000000000000000 ) ) ;
#695 =( BOUNDED_CURVE ( )  B_SPLINE_CURVE ( 2, ( #2777, #1867, #5129, #4, #3671, #4672, #5111 ),
 .UNSPECIFIED., .F., .F. ) 
 B_SPLINE_CURVE_WITH_KNOTS ( ( 3, 2, 2, 3 ),
 ( 0.6250000000000000000, 0.6500000000000000200, 0.6999999999999999600, 0.7500000000000000000 ),
 .UNSPECIFIED. ) 
 CURVE ( )  GEOMETRIC_REPRESENTATION_ITEM ( )  RATIONAL_B_SPLINE_CURVE ( ( 0.9755282581475768200, 0.9755282581475768200, 1.000000000000000000, 0.9510565162951535300, 1.000000000000000000, 0.9510565162951535300, 1.000000000000000000 ) ) 
 REPRESENTATION_ITEM ( '' )  );
#696 = VECTOR ( 'NONE', #484, 39.37007874015748100 ) ;
#697 = CARTESIAN_POINT ( 'NONE',  ( 0.1949232893774109400, -0.02756967456877377300, 0.3815845677223091400 ) ) ;
#698 = CARTESIAN_POINT ( 'NONE',  ( 0.1157057583252900100, 0.1592553138533361100, 0.05250000000000004000 ) ) ;
#699 = DIRECTION ( 'NONE',  ( -1.000000000000000000, -9.795821821337355400E-017, -1.803239147706410100E-016 ) ) ;
#700 = VECTOR ( 'NONE', #4777, 39.37007874015748100 ) ;
#701 = CARTESIAN_POINT ( 'NONE',  ( -0.2069807528028085300, 3.802174746076033800E-017, -0.06249999999999993800 ) ) ;
#702 = ADVANCED_FACE ( 'NONE', ( #3811 ), #4875, .F. ) ;
#703 = CARTESIAN_POINT ( 'NONE',  ( 0.0000000000000000000, 0.0000000000000000000, 0.4800000000000004300 ) ) ;
#704 = CARTESIAN_POINT ( 'NONE',  ( 0.2938926261462366200, 0.4045084971874736100, -0.1224999999999999700 ) ) ;
#705 = FACE_OUTER_BOUND ( 'NONE', #81, .T. ) ;
#706 = CARTESIAN_POINT ( 'NONE',  ( 0.1574803149606299200, 0.0000000000000000000, -0.4799999999999998700 ) ) ;
#707 = EDGE_CURVE ( 'NONE', #4815, #2044, #821, .T. ) ;
#708 = DIRECTION ( 'NONE',  ( -1.000000000000000000, 0.0000000000000000000, 0.0000000000000000000 ) ) ;
#709 = CARTESIAN_POINT ( 'NONE',  ( 0.5257311121191335900, -3.219174618344376100E-017, 0.01249999999999999500 ) ) ;
#710 = CARTESIAN_POINT ( 'NONE',  ( -0.07312319083983616400, 0.4866447284736312200, -0.3878197570353851800 ) ) ;
#711 = DIRECTION ( 'NONE',  ( 0.0000000000000000000, 0.0000000000000000000, 1.000000000000000000 ) ) ;
#712 = EDGE_CURVE ( 'NONE', #4721, #2641, #2568, .T. ) ;
#713 = CARTESIAN_POINT ( 'NONE',  ( -0.1968503937007873800, 1.093897704769172200E-017, 0.01249999999999996100 ) ) ;
#714 = AXIS2_PLACEMENT_3D ( 'NONE', #514, #1016, #972 ) ;
#715 = CARTESIAN_POINT ( 'NONE',  ( 0.1872158496644003300, 0.06083011700294239200, -0.1074999999999999400 ) ) ;
#716 = CARTESIAN_POINT ( 'NONE',  ( 0.4253254041760198800, -0.3090169943749474500, 0.07749999999999999900 ) ) ;
#717 = CARTESIAN_POINT ( 'NONE',  ( 0.1157057583252900100, 0.1592553138533361100, -0.02249999999999999900 ) ) ;
#718 = ORIENTED_EDGE ( 'NONE', *, *, #2501, .T. ) ;
#719 = EDGE_CURVE ( 'NONE', #3997, #2356, #5816, .T. ) ;
#720 = ORIENTED_EDGE ( 'NONE', *, *, #5337, .F. ) ;
#721 = ORIENTED_EDGE ( 'NONE', *, *, #4804, .F. ) ;
#722 = CARTESIAN_POINT ( 'NONE',  ( 0.06396057012458784800, -0.1968503937007874400, 0.09249999999999995700 ) ) ;
#723 = CARTESIAN_POINT ( 'NONE',  ( 0.2938926261462365700, -0.4045084971874737300, -0.05249999999999997000 ) ) ;
#724 = DIRECTION ( 'NONE',  ( 0.0000000000000000000, 0.0000000000000000000, -1.000000000000000000 ) ) ;
#725 = ORIENTED_EDGE ( 'NONE', *, *, #3300, .T. ) ;
#726 = CARTESIAN_POINT ( 'NONE',  ( -3.131222696365948300E-017, 0.4180000000000000400, -0.2976572779264506400 ) ) ;
#727 = EDGE_LOOP ( 'NONE', ( #2552, #3596, #2443, #2691, #4857, #2717 ) ) ;
#728 = ADVANCED_FACE ( 'NONE', ( #3173 ), #5172, .F. ) ;
#729 = CARTESIAN_POINT ( 'NONE',  ( 0.0000000000000000000, -0.1968503937007874100, -0.1625000000000000300 ) ) ;
#730 = ORIENTED_EDGE ( 'NONE', *, *, #4790, .T. ) ;
#731 = CARTESIAN_POINT ( 'NONE',  ( 2.410722045565656100E-017, 0.1968503937007874100, 0.1625000000000000300 ) ) ;
#732 = CARTESIAN_POINT ( 'NONE',  ( -0.1968503937007873800, 1.093897704769172200E-017, -0.01249999999999995200 ) ) ;
#733 = DIRECTION ( 'NONE',  ( 1.000000000000000000, 0.0000000000000000000, 0.0000000000000000000 ) ) ;
#734 = ORIENTED_EDGE ( 'NONE', *, *, #3535, .T. ) ;
#735 = DIRECTION ( 'NONE',  ( -3.037509777412724900E-017, 1.000000000000000000, 0.0000000000000000000 ) ) ;
#736 = CARTESIAN_POINT ( 'NONE',  ( 0.4714834044339401000, -0.1664433817950766400, 0.3450000000000000300 ) ) ;
#737 = ORIENTED_EDGE ( 'NONE', *, *, #4487, .T. ) ;
#738 = CARTESIAN_POINT ( 'NONE',  ( -0.06667058472708299600, 0.4875574692252807600, 0.3931210798675597300 ) ) ;
#739 = EDGE_LOOP ( 'NONE', ( #2111, #3677, #3396, #2310, #3035, #4022, #4850 ) ) ;
#740 = CARTESIAN_POINT ( 'NONE',  ( -4.897910910668677100E-017, 0.5000000000000000000, 0.3449999999999999200 ) ) ;
#741 = VECTOR ( 'NONE', #1836, 39.37007874015748900 ) ;
#742 = EDGE_CURVE ( 'NONE', #5284, #3358, #2126, .T. ) ;
#743 = CARTESIAN_POINT ( 'NONE',  ( -4.897910910668677100E-017, 0.5000000000000000000, -0.3449999999999999200 ) ) ;
#744 = VECTOR ( 'NONE', #1416, 39.37007874015748100 ) ;
#745 = CALENDAR_DATE ( 2021, 14, 9 ) ;
#746 = CARTESIAN_POINT ( 'NONE',  ( 0.1624598481164531400, 0.5000000000000000000, 0.03249999999999998700 ) ) ;
#747 = VERTEX_POINT ( 'NONE', #4175 ) ;
#748 = CARTESIAN_POINT ( 'NONE',  ( -0.02411274066523899300, 0.5000004666645544400, -0.4353244265593464400 ) ) ;
#749 = CARTESIAN_POINT ( 'NONE',  ( 0.1274431570031151200, -0.09264287092909347100, -0.4254748951865944300 ) ) ;
#750 = CIRCLE ( 'NONE', #2845, 0.07216000000000007100 ) ;
#751 = CARTESIAN_POINT ( 'NONE',  ( 0.5000000000000000000, 6.123233995736766000E-017, 0.1899999999999999500 ) ) ;
#752 = B_SPLINE_CURVE_WITH_KNOTS ( 'NONE', 3,
 ( #5836, #310, #2617, #284, #1731, #1213, #4429, #1690 ),
 .UNSPECIFIED., .F., .F.,
 ( 4, 2, 2, 4 ),
 ( 2.544393206654808700E-007, 0.0003107880854811368600, 0.0006213217316416081700, 0.001242389023962551600 ),
 .UNSPECIFIED. ) ;
#753 = LINE ( 'NONE', #5863, #4323 ) ;
#754 = ORIENTED_EDGE ( 'NONE', *, *, #142, .F. ) ;
#755 = ADVANCED_FACE ( 'NONE', ( #4592 ), #2257, .F. ) ;
#756 = CARTESIAN_POINT ( 'NONE',  ( -0.1968503937007873800, 3.281693114307516800E-017, -0.06249999999999993800 ) ) ;
#757 = CARTESIAN_POINT ( 'NONE',  ( 0.1574803149606299200, 0.001243501553252011200, -0.3258135807445712900 ) ) ;
#758 = CARTESIAN_POINT ( 'NONE',  ( 0.3798858992484875400, -0.3250949146821092700, -0.3450053225035648000 ) ) ;
#759 = VECTOR ( 'NONE', #1672, 39.37007874015748100 ) ;
#760 = ORIENTED_EDGE ( 'NONE', *, *, #1741, .F. ) ;
#761 = ORIENTED_EDGE ( 'NONE', *, *, #1540, .F. ) ;
#762 = CARTESIAN_POINT ( 'NONE',  ( 0.4039095483405236700, -0.2825939320086451300, -0.4181765065577394100 ) ) ;
#763 = ADVANCED_FACE ( 'NONE', ( #598 ), #388, .F. ) ;
#764 = CARTESIAN_POINT ( 'NONE',  ( 0.03791616597248730100, 0.4912049206278225600, 0.4179565080482436900 ) ) ;
#765 = CARTESIAN_POINT ( 'NONE',  ( -0.07925742442441811900, 0.1360878734155965300, -0.3667223679389709500 ) ) ;
#766 = FACE_OUTER_BOUND ( 'NONE', #5500, .T. ) ;
#767 = ORIENTED_EDGE ( 'NONE', *, *, #3351, .F. ) ;
#768 = AXIS2_PLACEMENT_3D ( 'NONE', #168, #2058, #143 ) ;
#769 = CARTESIAN_POINT ( 'NONE',  ( 0.0000000000000000000, -0.5000000000000000000, 0.08749999999999999400 ) ) ;
#770 = CARTESIAN_POINT ( 'NONE',  ( 0.08199739835577164700, 0.4846774991985604000, -0.3666611830256160100 ) ) ;
#771 = CONICAL_SURFACE ( 'NONE', #677, 0.07216000000000008500, 0.7853981633974482800 ) ;
#772 = CARTESIAN_POINT ( 'NONE',  ( 0.1092601324625231800, -0.1134975831924216100, -0.4145796747442156400 ) ) ;
#773 = CARTESIAN_POINT ( 'NONE',  ( 0.04100000000000005700, 0.4180000000000000400, -0.3686713610367745600 ) ) ;
#774 = LINE ( 'NONE', #1486, #3479 ) ;
#775 = CARTESIAN_POINT ( 'NONE',  ( 0.4154500644175488900, -0.2677517080855009200, -0.3116030287060401700 ) ) ;
#776 = DIRECTION ( 'NONE',  ( -0.4999999999999980000, -0.8660254037844398200, 0.0000000000000000000 ) ) ;
#777 = CARTESIAN_POINT ( 'NONE',  ( 0.4268096608234561700, -0.2539000017193431800, -0.3886020574984565500 ) ) ;
#778 = CARTESIAN_POINT ( 'NONE',  ( 0.09159750513159639600, 0.4915382966297409100, -0.3450053225035648000 ) ) ;
#779 = CIRCLE ( 'NONE', #5270, 0.08200000000000007300 ) ;
#780 = CARTESIAN_POINT ( 'NONE',  ( 0.4740127018922186100, -0.1789859168896782100, -0.3449999999999999200 ) ) ;
#781 = CARTESIAN_POINT ( 'NONE',  ( -0.1872158496644003300, 0.06083011700294243400, -0.06749999999999994900 ) ) ;
#782 = CARTESIAN_POINT ( 'NONE',  ( 0.04817071737348946300, 0.4901671391815445900, 0.4116323472224268600 ) ) ;
#783 = EDGE_CURVE ( 'NONE', #4862, #2496, #1338, .T. ) ;
#784 = CARTESIAN_POINT ( 'NONE',  ( 0.5000000000000001100, 1.400189062104540400E-016, 0.03750000000000000600 ) ) ;
#785 = CARTESIAN_POINT ( 'NONE',  ( 0.2938926261462366800, 0.4045084971874736100, -0.04749999999999998700 ) ) ;
#786 = CARTESIAN_POINT ( 'NONE',  ( 0.2938926261462365700, -0.4045084971874737300, 0.09750000000000000300 ) ) ;
#787 = CARTESIAN_POINT ( 'NONE',  ( -0.08200181226915950700, 0.4846767965305707700, -0.3234359998361369100 ) ) ;
#788 = CARTESIAN_POINT ( 'NONE',  ( 0.0000000000000000000, 0.3484251968503936900, -0.1624999999999999800 ) ) ;
#789 = CARTESIAN_POINT ( 'NONE',  ( -0.07216000000000009900, 0.5000000000000000000, 0.3449999999999999200 ) ) ;
#790 = EDGE_CURVE ( 'NONE', #4070, #1427, #1923, .T. ) ;
#791 = ORIENTED_EDGE ( 'NONE', *, *, #1157, .T. ) ;
#792 = CARTESIAN_POINT ( 'NONE',  ( 0.3017450717910351600, -0.1742125984251961800, -0.01250000000000002000 ) ) ;
#794 = EDGE_CURVE ( 'NONE', #3519, #891, #1635, .T. ) ;
#793 = CARTESIAN_POINT ( 'NONE',  ( 0.1674509465259921000, 0.1216602340058847800, 0.1475000000000000200 ) ) ;
#795 = ORIENTED_EDGE ( 'NONE', *, *, #84, .F. ) ;
#796 = DIRECTION ( 'NONE',  ( 0.0000000000000000000, 0.0000000000000000000, -1.000000000000000000 ) ) ;
#797 = ORIENTED_EDGE ( 'NONE', *, *, #665, .F. ) ;
#798 = CARTESIAN_POINT ( 'NONE',  ( -0.1674509465259920700, 0.1216602340058848300, -0.07249999999999995300 ) ) ;
#799 =( BOUNDED_CURVE ( )  B_SPLINE_CURVE ( 2, ( #1384, #1955, #2075, #4424, #1637, #4390, #5756, #5771, #723, #4878, #4853, #3980, #646 ),
 .UNSPECIFIED., .F., .T. ) 
 B_SPLINE_CURVE_WITH_KNOTS ( ( 3, 2, 2, 2, 2, 2, 3 ),
 ( 0.3750000000000000000, 0.4000000000000000200, 0.4500000000000000100, 0.5000000000000000000, 0.5500000000000000400, 0.5999999999999999800, 0.6250000000000000000 ),
 .UNSPECIFIED. ) 
 CURVE ( )  GEOMETRIC_REPRESENTATION_ITEM ( )  RATIONAL_B_SPLINE_CURVE ( ( 0.9755282581475768200, 0.9755282581475768200, 1.000000000000000000, 0.9510565162951535300, 1.000000000000000000, 0.9510565162951535300, 1.000000000000000000, 0.9510565162951535300, 1.000000000000000000, 0.9510565162951535300, 1.000000000000000000, 0.9755282581475768200, 0.9755282581475768200 ) ) 
 REPRESENTATION_ITEM ( '' )  );
#800 = CARTESIAN_POINT ( 'NONE',  ( -0.01088365201543037100, 0.1571953513191030000, -0.4264566335351707100 ) ) ;
#801 = EDGE_CURVE ( 'NONE', #5256, #290, #4164, .T. ) ;
#802 = DIRECTION ( 'NONE',  ( -1.758688375849877300E-016, 1.000000000000000000, -0.0000000000000000000 ) ) ;
#803 = ORIENTED_EDGE ( 'NONE', *, *, #2783, .F. ) ;
#804 = CARTESIAN_POINT ( 'NONE',  ( 0.4253254041760199900, 0.3090169943749473400, -0.05249999999999998400 ) ) ;
#805 = ORIENTED_EDGE ( 'NONE', *, *, #1303, .T. ) ;
#806 = CARTESIAN_POINT ( 'NONE',  ( 1.763966371287633000E-016, 0.4180000000000000400, 0.3923427220735491400 ) ) ;
#807 = CARTESIAN_POINT ( 'NONE',  ( 0.1704774416898503800, -0.09842519685039331800, 0.0000000000000000000 ) ) ;
#808 = AXIS2_PLACEMENT_3D ( 'NONE', #1019, #1967, #4363 ) ;
#809 = CARTESIAN_POINT ( 'NONE',  ( 0.08421821114917628400, -0.1331288268200351300, -0.3832734405751524500 ) ) ;
#810 = ORIENTED_EDGE ( 'NONE', *, *, #5539, .F. ) ;
#811 = VERTEX_POINT ( 'NONE', #3510 ) ;
#812 = CARTESIAN_POINT ( 'NONE',  ( 0.1704774416898503800, -0.09842519685039334600, 0.02919130606358866200 ) ) ;
#813 = CARTESIAN_POINT ( 'NONE',  ( -0.1674509465259921000, 0.1216602340058848100, -0.04750000000000000700 ) ) ;
#814 = CYLINDRICAL_SURFACE ( 'NONE', #1324, 0.08200000000000005900 ) ;
#815 = ORIENTED_EDGE ( 'NONE', *, *, #2774, .F. ) ;
#816 = ORIENTED_EDGE ( 'NONE', *, *, #475, .F. ) ;
#817 = ADVANCED_FACE ( 'NONE', ( #375 ), #3661, .F. ) ;
#818 = CARTESIAN_POINT ( 'NONE',  ( -0.4755282581475768200, -0.1545084971874736700, -0.007499999999999988400 ) ) ;
#819 = CIRCLE ( 'NONE', #4156, 0.07216000000000008500 ) ;
#820 = CARTESIAN_POINT ( 'NONE',  ( 0.4080796119169108900, -0.2891367435817812600, 0.2662624598837869400 ) ) ;
#821 = LINE ( 'NONE', #5881, #5369 ) ;
#822 = CARTESIAN_POINT ( 'NONE',  ( 0.05428514771926210000, 0.1478821124699249100, -0.4066822898209580500 ) ) ;
#823 = ORIENTED_EDGE ( 'NONE', *, *, #5976, .F. ) ;
#824 = EDGE_CURVE ( 'NONE', #601, #3639, #5011, .T. ) ;
#825 = FACE_OUTER_BOUND ( 'NONE', #3071, .T. ) ;
#826 = CARTESIAN_POINT ( 'NONE',  ( 0.5000000000000001100, -9.626299801968714300E-017, 0.06250000000000000000 ) ) ;
#827 = CARTESIAN_POINT ( 'NONE',  ( 0.07314594668619971200, 0.4866454279044538100, -0.3021806233536251100 ) ) ;
#828 = ORIENTED_EDGE ( 'NONE', *, *, #463, .F. ) ;
#829 = CARTESIAN_POINT ( 'NONE',  ( -0.5000000000000001100, 3.500472655261351000E-017, -0.1374999999999999600 ) ) ;
#830 = ORIENTED_EDGE ( 'NONE', *, *, #2393, .F. ) ;
#831 = CARTESIAN_POINT ( 'NONE',  ( 0.0000000000000000000, 0.0000000000000000000, 0.1899999999999999500 ) ) ;
#832 = B_SPLINE_CURVE_WITH_KNOTS ( 'NONE', 3,
 ( #1378, #2789, #5475, #2815, #935, #894, #5496, #867, #4181, #5007, #3637, #5965 ),
 .UNSPECIFIED., .F., .F.,
 ( 4, 2, 2, 2, 2, 4 ),
 ( 0.0000000000000000000, 0.1249999999999999900, 0.2499999999999999700, 0.3749999999999999400, 0.4999999999999999400, 0.5000092972682515000 ),
 .UNSPECIFIED. ) ;
#833 = CARTESIAN_POINT ( 'NONE',  ( -0.04284602903435818400, 0.4910880711174831500, 0.4181420472010563500 ) ) ;
#834 = VERTEX_POINT ( 'NONE', #731 ) ;
#835 = DIRECTION ( 'NONE',  ( 0.8660254037844364900, -0.5000000000000040000, 0.0000000000000000000 ) ) ;
#836 = CARTESIAN_POINT ( 'NONE',  ( 0.1624598481164530900, -0.5000000000000001100, -0.1074999999999999700 ) ) ;
#837 = CARTESIAN_POINT ( 'NONE',  ( 0.4298093278685279900, -0.2518494688548946200, -0.3904932532186566300 ) ) ;
#838 = ORIENTED_EDGE ( 'NONE', *, *, #1220, .T. ) ;
#839 = CARTESIAN_POINT ( 'NONE',  ( 0.1329792559764181600, -0.08450374992805546900, -0.2631227372667849200 ) ) ;
#840 = FACE_OUTER_BOUND ( 'NONE', #1603, .T. ) ;
#841 = EDGE_CURVE ( 'NONE', #4497, #4706, #1534, .T. ) ;
#842 = CARTESIAN_POINT ( 'NONE',  ( -0.02378910076328968500, 0.4995623346530270700, 0.4329809060646395100 ) ) ;
#843 = CARTESIAN_POINT ( 'NONE',  ( 0.1157057583252900100, 0.1592553138533361100, 0.002500000000000058600 ) ) ;
#844 = CARTESIAN_POINT ( 'NONE',  ( -0.04099999999999998800, 0.5000000000000000000, 0.3686713610367747800 ) ) ;
#845 = CARTESIAN_POINT ( 'NONE',  ( 0.4330127018922182400, -0.2500000000000020500, -0.3449999999999999200 ) ) ;
#846 = CARTESIAN_POINT ( 'NONE',  ( 0.04141725246340798000, 0.1520062800674450700, -0.4159710779354213200 ) ) ;
#847 = CYLINDRICAL_SURFACE ( 'NONE', #3036, 0.5000000000000000000 ) ;
#848 = DIRECTION ( 'NONE',  ( 1.758688375849876100E-016, -1.000000000000000000, 0.0000000000000000000 ) ) ;
#849 = CARTESIAN_POINT ( 'NONE',  ( 0.1624598481164532800, 0.5000000000000000000, -0.04249999999999998900 ) ) ;
#850 = CARTESIAN_POINT ( 'NONE',  ( -0.06396057012458784800, 0.1968503937007874400, -0.007500000000000036200 ) ) ;
#851 = DIRECTION ( 'NONE',  ( 1.000000000000000000, -0.0000000000000000000, 0.0000000000000000000 ) ) ;
#852 = CARTESIAN_POINT ( 'NONE',  ( 0.0000000000000000000, 0.0000000000000000000, 0.4999999999999999400 ) ) ;
#853 = CONICAL_SURFACE ( 'NONE', #2768, 0.07216000000000008500, 0.7853981633974482800 ) ;
#854 = ADVANCED_FACE ( 'NONE', ( #218 ), #5917, .T. ) ;
#855 = DIRECTION ( 'NONE',  ( 0.5000000000000036600, 0.8660254037844364900, 0.0000000000000000000 ) ) ;
#856 = CARTESIAN_POINT ( 'NONE',  ( -0.5000000000000001100, 3.500472655261351000E-017, 0.1375000000000000100 ) ) ;
#857 = CARTESIAN_POINT ( 'NONE',  ( -6.123233995736766000E-017, -0.5000000000000000000, -0.08749999999999999400 ) ) ;
#858 = CARTESIAN_POINT ( 'NONE',  ( -2.410722045565656100E-017, -0.1968503937007874100, -0.1125000000000000200 ) ) ;
#859 = CARTESIAN_POINT ( 'NONE',  ( 0.0000000000000000000, 0.0000000000000000000, 0.4999999999999999400 ) ) ;
#860 = CARTESIAN_POINT ( 'NONE',  ( -0.1968503937007873800, -0.03117803943396382100, 0.04006271407734231900 ) ) ;
#861 = DIRECTION ( 'NONE',  ( 0.8660254037844364900, -0.5000000000000040000, 0.0000000000000000000 ) ) ;
#862 = CARTESIAN_POINT ( 'NONE',  ( 0.0000000000000000000, 0.0000000000000000000, 0.1899999999999999500 ) ) ;
#863 = EDGE_CURVE ( 'NONE', #4428, #4506, #4133, .T. ) ;
#864 = DIRECTION ( 'NONE',  ( -0.8660254037844363800, 0.5000000000000038900, -0.0000000000000000000 ) ) ;
#865 = CARTESIAN_POINT ( 'NONE',  ( 0.02402005775014168900, 0.4999996775480145500, -0.2546861439001465400 ) ) ;
#866 = CARTESIAN_POINT ( 'NONE',  ( -0.005467147782595193000, 0.1968491823774825800, 0.2630029079207010200 ) ) ;
#867 = CARTESIAN_POINT ( 'NONE',  ( 0.07313348836551809800, 0.4866481013377592600, -0.3878422549389331000 ) ) ;
#868 = ORIENTED_EDGE ( 'NONE', *, *, #1117, .F. ) ;
#869 = DIRECTION ( 'NONE',  ( 0.8660254037844363800, -0.5000000000000038900, 0.0000000000000000000 ) ) ;
#870 = EDGE_CURVE ( 'NONE', #1056, #910, #4984, .T. ) ;
#871 = ORIENTED_EDGE ( 'NONE', *, *, #2077, .F. ) ;
#872 = AXIS2_PLACEMENT_3D ( 'NONE', #5573, #421, #2827 ) ;
#873 = CARTESIAN_POINT ( 'NONE',  ( 0.02149856287543602800, 0.4930201957327618500, 0.4269949818478514500 ) ) ;
#874 = CARTESIAN_POINT ( 'NONE',  ( 0.2938926261462366800, 0.4045084971874736100, -0.04749999999999998700 ) ) ;
#875 = ORIENTED_EDGE ( 'NONE', *, *, #2664, .T. ) ;
#876 = CARTESIAN_POINT ( 'NONE',  ( 0.1157057583252899800, -0.1592553138533361100, -0.1024999999999999900 ) ) ;
#877 = CARTESIAN_POINT ( 'NONE',  ( -1.518754888706362500E-017, 0.5000000000000000000, 0.3449999999999999200 ) ) ;
#878 = CARTESIAN_POINT ( 'NONE',  ( 0.06396057012458782100, -0.1968503937007874700, 0.06750000000000003200 ) ) ;
#879 = VERTEX_POINT ( 'NONE', #2200 ) ;
#880 =( BOUNDED_CURVE ( )  B_SPLINE_CURVE ( 2, ( #3346, #2372, #1020, #193, #4155 ),
 .UNSPECIFIED., .F., .F. ) 
 B_SPLINE_CURVE_WITH_KNOTS ( ( 3, 2, 3 ),
 ( 0.08327224239572420000, 0.1000000000000000100, 0.1250000000000000300 ),
 .UNSPECIFIED. ) 
 CURVE ( )  GEOMETRIC_REPRESENTATION_ITEM ( )  RATIONAL_B_SPLINE_CURVE ( ( 0.9782076199945165500, 0.9836257053655301800, 1.000000000000000000, 0.9755282581475768200, 0.9755282581475768200 ) ) 
 REPRESENTATION_ITEM ( '' )  );
#881 = ADVANCED_FACE ( 'NONE', ( #5389 ), #5109, .F. ) ;
#882 = CARTESIAN_POINT ( 'NONE',  ( 0.1872158496644003300, 0.06083011700294237200, 0.09250000000000004100 ) ) ;
#883 = ORIENTED_EDGE ( 'NONE', *, *, #1511, .T. ) ;
#884 = AXIS2_PLACEMENT_3D ( 'NONE', #1328, #835, #4547 ) ;
#885 = CARTESIAN_POINT ( 'NONE',  ( -0.4755282581475768200, -0.1545084971874735900, 0.06749999999999999100 ) ) ;
#886 = ORIENTED_EDGE ( 'NONE', *, *, #2087, .T. ) ;
#887 = CARTESIAN_POINT ( 'NONE',  ( -2.410722045565656100E-017, -0.1968503937007874100, 0.1625000000000000300 ) ) ;
#888 = CARTESIAN_POINT ( 'NONE',  ( -0.02158492406618849800, 0.4930209744637396600, -0.2629954181721710900 ) ) ;
#889 = LINE ( 'NONE', #4730, #2378 ) ;
#890 = ADVANCED_BREP_SHAPE_REPRESENTATION ( '4147N189_Set Screw Precision Flexible Shaft Couplings', ( #2707, #537, #254, #1183, #2904, #2799 ), #487 ) ;
#891 = VERTEX_POINT ( 'NONE', #1814 ) ;
#892 = CARTESIAN_POINT ( 'NONE',  ( 0.5000000000000001100, -3.500472655261351000E-017, -0.01249999999999998700 ) ) ;
#893 = ORIENTED_EDGE ( 'NONE', *, *, #2828, .T. ) ;
#894 = CARTESIAN_POINT ( 'NONE',  ( 0.02149856287543601800, 0.4930201957327617900, -0.4269949818478514000 ) ) ;
#895 = CARTESIAN_POINT ( 'NONE',  ( -0.1624598481164532800, -0.5000000000000000000, 0.1074999999999999600 ) ) ;
#896 = AXIS2_PLACEMENT_3D ( 'NONE', #3426, #3935, #2993 ) ;
#897 = DIRECTION ( 'NONE',  ( -1.000000000000000000, 0.0000000000000000000, 0.0000000000000000000 ) ) ;
#898 = CARTESIAN_POINT ( 'NONE',  ( 0.0000000000000000000, -0.5000000000000000000, -0.1624999999999999800 ) ) ;
#899 = VERTEX_POINT ( 'NONE', #229 ) ;
#900 = CARTESIAN_POINT ( 'NONE',  ( 0.4354793636845991100, -0.2310782137944365500, 0.2642006011554085500 ) ) ;
#901 = CARTESIAN_POINT ( 'NONE',  ( 0.4038951253470163800, -0.2826136808131315400, -0.2718373658187232500 ) ) ;
#902 = DIRECTION ( 'NONE',  ( 0.8660254037844363800, -0.5000000000000038900, -0.0000000000000000000 ) ) ;
#903 = EDGE_CURVE ( 'NONE', #5005, #3444, #880, .T. ) ;
#904 = LENGTH_MEASURE_WITH_UNIT ( LENGTH_MEASURE( 0.02539999999999999900 ), #2849 );
#905 = ORIENTED_EDGE ( 'NONE', *, *, #4332, .T. ) ;
#906 = CARTESIAN_POINT ( 'NONE',  ( -0.4999999999999999400, 0.07919222016226816500, 0.03493728592265770600 ) ) ;
#907 = CARTESIAN_POINT ( 'NONE',  ( -0.09159548090919690500, 0.4915385753740999000, -0.3687516666912324900 ) ) ;
#908 = LINE ( 'NONE', #1730, #4814 ) ;
#909 = EDGE_LOOP ( 'NONE', ( #4719, #2811, #4578 ) ) ;
#910 = VERTEX_POINT ( 'NONE', #374 ) ;
#911 = EDGE_CURVE ( 'NONE', #3946, #1056, #86, .T. ) ;
#912 = CARTESIAN_POINT ( 'NONE',  ( -0.07933334083585982800, 0.1801600656177867200, 0.3235701150804823300 ) ) ;
#913 = CARTESIAN_POINT ( 'NONE',  ( 0.006479021098133572200, 0.4965780097134044900, 0.3886020574984567200 ) ) ;
#914 = CARTESIAN_POINT ( 'NONE',  ( 0.0000000000000000000, 0.1968503937007874100, -0.01250000000000003700 ) ) ;
#915 = CARTESIAN_POINT ( 'NONE',  ( 0.1968503937007873800, -1.093897704769172200E-017, -0.03750000000000004000 ) ) ;
#916 = VECTOR ( 'NONE', #920, 39.37007874015748100 ) ;
#917 = CARTESIAN_POINT ( 'NONE',  ( 0.3414986187818943600, -0.2445070415551636700, 0.3686713610367745600 ) ) ;
#918 = ADVANCED_FACE ( 'NONE', ( #1278 ), #5461, .T. ) ;
#919 = EDGE_CURVE ( 'NONE', #4378, #4492, #3608, .T. ) ;
#920 = DIRECTION ( 'NONE',  ( 0.8660254037844383700, 0.0000000000000000000, 0.5000000000000004400 ) ) ;
#921 = LINE ( 'NONE', #1502, #3046 ) ;
#922 = CARTESIAN_POINT ( 'NONE',  ( -0.06396057012458784800, 0.1968503937007874400, -0.03249999999999994600 ) ) ;
#923 = CARTESIAN_POINT ( 'NONE',  ( 0.1968503937007873800, -1.093897704769172200E-017, 0.1375000000000000400 ) ) ;
#924 = DIRECTION ( 'NONE',  ( -1.000000000000000000, 0.0000000000000000000, 0.0000000000000000000 ) ) ;
#925 = PRODUCT_DEFINITION ( 'UNKNOWN', '', #5060, #1264 ) ;
#926 = CARTESIAN_POINT ( 'NONE',  ( -0.1968503937007873800, 1.093897704769172200E-017, -0.1375000000000000400 ) ) ;
#927 = AXIS2_PLACEMENT_3D ( 'NONE', #1691, #1660, #5813 ) ;
#928 = CARTESIAN_POINT ( 'NONE',  ( 0.4467103304422424000, -0.2084545938573848200, -0.2718495292820867200 ) ) ;
#929 = CARTESIAN_POINT ( 'NONE',  ( 0.04100000000000002900, 0.5000000000000000000, -0.3213286389632253900 ) ) ;
#930 = CARTESIAN_POINT ( 'NONE',  ( -0.07775446964889443100, 0.1808574525618369100, 0.3715991442673592900 ) ) ;
#931 = CARTESIAN_POINT ( 'NONE',  ( 0.04277874990455533800, 0.4910928956983142700, -0.4181765065577390800 ) ) ;
#932 = CONICAL_SURFACE ( 'NONE', #5968, 0.04734272207354935800, 0.7853981633974500600 ) ;
#933 = CARTESIAN_POINT ( 'NONE',  ( 0.06514429605939001100, 0.1857856379311850500, 0.2949138058879655600 ) ) ;
#934 = CARTESIAN_POINT ( 'NONE',  ( 0.3619986187818944300, -0.2090000000000018500, 0.3923427220735491400 ) ) ;
#935 = CARTESIAN_POINT ( 'NONE',  ( -0.02158624768503194000, 0.4930211207645431900, -0.4270049947112145000 ) ) ;
#936 = DIRECTION ( 'NONE',  ( 0.0000000000000000000, 0.0000000000000000000, -1.000000000000000000 ) ) ;
#937 = CARTESIAN_POINT ( 'NONE',  ( 0.5000000000000000000, 0.07919222016226817900, -0.1099372859226576800 ) ) ;
#938 = CARTESIAN_POINT ( 'NONE',  ( 0.4503368108606712900, -0.2126593569028594500, 0.3286630451311479700 ) ) ;
#939 = CARTESIAN_POINT ( 'NONE',  ( 0.0000000000000000000, 0.1968503937007874100, -0.03749999999999995700 ) ) ;
#940 = CARTESIAN_POINT ( 'NONE',  ( -0.02415474889994218000, 0.4936661638322289400, -0.3783969712939596600 ) ) ;
#941 = CARTESIAN_POINT ( 'NONE',  ( -0.1674509465259920700, -0.1216602340058848000, -0.1275000000000000300 ) ) ;
#942 = EDGE_LOOP ( 'NONE', ( #5510, #4460, #4254, #2138 ) ) ;
#943 = ADVANCED_FACE ( 'NONE', ( #1788 ), #2363, .F. ) ;
#944 = CARTESIAN_POINT ( 'NONE',  ( 0.0000000000000000000, 0.0000000000000000000, -0.4799999999999998700 ) ) ;
#945 = EDGE_CURVE ( 'NONE', #4953, #3643, #5107, .T. ) ;
#946 = CARTESIAN_POINT ( 'NONE',  ( -0.08200000000000005900, 0.1789583121851426600, 0.3504821145381579200 ) ) ;
#947 = CARTESIAN_POINT ( 'NONE',  ( -0.08200181226915950700, 0.4846767965305707700, -0.3234359998361369100 ) ) ;
#948 = CARTESIAN_POINT ( 'NONE',  ( 0.5000000000000000000, 0.07919222016226817900, 0.01506271407734229000 ) ) ;
#949 = ORIENTED_EDGE ( 'NONE', *, *, #4720, .F. ) ;
#950 = DIRECTION ( 'NONE',  ( -0.0000000000000000000, -0.0000000000000000000, 1.000000000000000000 ) ) ;
#951 = ORIENTED_EDGE ( 'NONE', *, *, #3295, .T. ) ;
#952 = CARTESIAN_POINT ( 'NONE',  ( -1.518754888706363100E-017, 0.5000000000000000000, 0.3449999999999999200 ) ) ;
#953 = CARTESIAN_POINT ( 'NONE',  ( 0.06396057012458793200, 0.1968503937007874400, 0.08249999999999996200 ) ) ;
#954 = DIRECTION ( 'NONE',  ( -1.000000000000000000, 0.0000000000000000000, 0.0000000000000000000 ) ) ;
#955 = VERTEX_POINT ( 'NONE', #2915 ) ;
#956 = ORIENTED_EDGE ( 'NONE', *, *, #2828, .F. ) ;
#957 = DIRECTION ( 'NONE',  ( 0.5000000000000040000, 0.8660254037844363800, -1.803239147706410600E-016 ) ) ;
#958 = CARTESIAN_POINT ( 'NONE',  ( -0.1624598481164530900, 0.5000000000000000000, 0.01749999999999999800 ) ) ;
#959 = CARTESIAN_POINT ( 'NONE',  ( 0.4142357012979209800, -0.2711850462877263800, -0.3136702542441584500 ) ) ;
#960 = CARTESIAN_POINT ( 'NONE',  ( 2.410722045565656100E-017, 0.1968503937007874100, -0.1125000000000000400 ) ) ;
#961 = CARTESIAN_POINT ( 'NONE',  ( 0.2938926261462366200, 0.4045084971874736100, -0.1224999999999999700 ) ) ;
#962 = ORIENTED_EDGE ( 'NONE', *, *, #3484, .F. ) ;
#963 = EDGE_LOOP ( 'NONE', ( #390, #608, #1864, #2099 ) ) ;
#964 = AXIS2_PLACEMENT_3D ( 'NONE', #3565, #4023, #2134 ) ;
#965 = DIRECTION ( 'NONE',  ( -1.758688375849877300E-016, 1.000000000000000000, -0.0000000000000000000 ) ) ;
#966 = LINE ( 'NONE', #2185, #5233 ) ;
#967 = CARTESIAN_POINT ( 'NONE',  ( 0.04130579126490586900, 0.1925211786120756000, 0.4160349405960873100 ) ) ;
#968 = VERTEX_POINT ( 'NONE', #5056 ) ;
#969 = COORDINATED_UNIVERSAL_TIME_OFFSET ( 6, 0, .BEHIND. ) ;
#970 = ORIENTED_EDGE ( 'NONE', *, *, #3401, .F. ) ;
#971 = EDGE_CURVE ( 'NONE', #3896, #1537, #2963, .T. ) ;
#972 = DIRECTION ( 'NONE',  ( 0.5000000000000044400, 0.8660254037844360400, 0.0000000000000000000 ) ) ;
#973 = CIRCLE ( 'NONE', #1243, 0.05074999999999987200 ) ;
#974 = CARTESIAN_POINT ( 'NONE',  ( -0.1624598481164531700, -0.5000000000000000000, 0.1324999999999999800 ) ) ;
#975 = CARTESIAN_POINT ( 'NONE',  ( 0.5257311121191335900, -9.657523855033128400E-017, 0.06250000000000000000 ) ) ;
#976 = VECTOR ( 'NONE', #5476, 39.37007874015748100 ) ;
#977 = DIRECTION ( 'NONE',  ( 0.5000000000000044400, 0.8660254037844360400, 0.0000000000000000000 ) ) ;
#978 = VERTEX_POINT ( 'NONE', #3766 ) ;
#979 = ADVANCED_FACE ( 'NONE', ( #3330 ), #541, .F. ) ;
#980 = CARTESIAN_POINT ( 'NONE',  ( 0.2938926261462365700, -0.4045084971874737300, -0.1275000000000000000 ) ) ;
#981 = FACE_OUTER_BOUND ( 'NONE', #5167, .T. ) ;
#982 = CARTESIAN_POINT ( 'NONE',  ( 0.06269434043997748600, 0.4881766833355111200, 0.2917267881292715000 ) ) ;
#983 = ORIENTED_EDGE ( 'NONE', *, *, #4260, .F. ) ;
#984 = ORIENTED_EDGE ( 'NONE', *, *, #1452, .F. ) ;
#985 = CARTESIAN_POINT ( 'NONE',  ( -0.1674509465259920700, -0.1216602340058848000, 0.1224999999999999400 ) ) ;
#986 = CARTESIAN_POINT ( 'NONE',  ( 0.1674509465259920700, -0.1216602340058848100, 0.1275000000000000300 ) ) ;
#987 = CARTESIAN_POINT ( 'NONE',  ( 0.1674509465259920700, 0.1216602340058848000, -0.1275000000000000300 ) ) ;
#988 = CARTESIAN_POINT ( 'NONE',  ( -0.1968503937007873800, -0.03117803943396382100, -0.1349372859226577500 ) ) ;
#989 = EDGE_CURVE ( 'NONE', #3358, #6024, #4258, .T. ) ;
#990 = FACE_OUTER_BOUND ( 'NONE', #1645, .T. ) ;
#991 = VERTEX_POINT ( 'NONE', #5646 ) ;
#992 = CARTESIAN_POINT ( 'NONE',  ( 0.4074267286111007400, -0.2904060959255653800, -0.4256002857247427300 ) ) ;
#993 = CARTESIAN_POINT ( 'NONE',  ( -0.4799999999999999800, 6.000769315822029800E-017, -0.4999999999999999400 ) ) ;
#994 = ORIENTED_EDGE ( 'NONE', *, *, #3415, .T. ) ;
#995 = CARTESIAN_POINT ( 'NONE',  ( 0.3824986187818946700, -0.1734929584448398300, -0.3213286389632252800 ) ) ;
#996 = CARTESIAN_POINT ( 'NONE',  ( 0.2452579386826362600, -0.2002007892420613100, 0.3449999999999999200 ) ) ;
#997 = FACE_OUTER_BOUND ( 'NONE', #3788, .T. ) ;
#998 = EDGE_CURVE ( 'NONE', #4664, #510, #6014, .T. ) ;
#999 = CARTESIAN_POINT ( 'NONE',  ( 1.763966371287633000E-016, 0.4180000000000000400, 0.3923427220735491400 ) ) ;
#1000 =( BOUNDED_CURVE ( )  B_SPLINE_CURVE ( 2, ( #1998, #3830, #113, #5145, #101, #2920, #2399 ),
 .UNSPECIFIED., .F., .T. ) 
 B_SPLINE_CURVE_WITH_KNOTS ( ( 3, 2, 2, 3 ),
 ( 0.0000000000000000000, 0.05000000000000000300, 0.1000000000000000100, 0.1250000000000000300 ),
 .UNSPECIFIED. ) 
 CURVE ( )  GEOMETRIC_REPRESENTATION_ITEM ( )  RATIONAL_B_SPLINE_CURVE ( ( 1.000000000000000000, 0.9510565162951535300, 1.000000000000000000, 0.9510565162951535300, 1.000000000000000000, 0.9755282581475768200, 0.9755282581475768200 ) ) 
 REPRESENTATION_ITEM ( '' )  );
#1001 = CARTESIAN_POINT ( 'NONE',  ( 0.4162187326456293100, -0.2651283994613677900, -0.4269949818478512800 ) ) ;
#1002 = CARTESIAN_POINT ( 'NONE',  ( -0.4253254041760198800, 0.3090169943749474500, 0.1024999999999999800 ) ) ;
#1003 = CARTESIAN_POINT ( 'NONE',  ( 0.4253254041760198800, -0.3090169943749474500, 0.1275000000000000000 ) ) ;
#1004 = CARTESIAN_POINT ( 'NONE',  ( 0.4443798110370203400, -0.2128906929800402400, 0.4185433756317620800 ) ) ;
#1005 = VECTOR ( 'NONE', #1888, 39.37007874015748100 ) ;
#1006 = EDGE_CURVE ( 'NONE', #2997, #1623, #5320, .T. ) ;
#1007 = CARTESIAN_POINT ( 'NONE',  ( 0.04100000000000003600, 0.4180000000000000400, -0.3213286389632252800 ) ) ;
#1008 = VECTOR ( 'NONE', #1357, 39.37007874015748900 ) ;
#1009 = CARTESIAN_POINT ( 'NONE',  ( -0.5000000000000001100, 9.626299801968714300E-017, -0.06249999999999997900 ) ) ;
#1010 = B_SPLINE_CURVE_WITH_KNOTS ( 'NONE', 3,
 ( #2820, #3747, #5647, #4663, #1897, #2355, #982, #1448, #1917, #5611, #3333, #1127, #585, #645, #2479, #4290, #4313, #2982, #5668, #4741 ),
 .UNSPECIFIED., .F., .F.,
 ( 4, 2, 2, 2, 2, 2, 2, 2, 2, 4 ),
 ( 0.5000126143251830700, 0.5625110375345350200, 0.5937602491392111000, 0.6250094607438871900, 0.6875078839532393600, 0.7500063071625915300, 0.8125047303719437100, 0.8750031535812958800, 0.9375015767906480500, 1.000000000000000000 ),
 .UNSPECIFIED. ) ;
#1011 = ADVANCED_FACE ( 'NONE', ( #3110 ), #1610, .F. ) ;
#1012 = CARTESIAN_POINT ( 'NONE',  ( 0.5000000000000000000, 0.07919222016226802600, 0.09006271407734228700 ) ) ;
#1013 = CARTESIAN_POINT ( 'NONE',  ( 0.0000000000000000000, -0.1968503937007874100, -0.03749999999999995700 ) ) ;
#1014 = CARTESIAN_POINT ( 'NONE',  ( 0.09101156658830356100, 0.4916485836028570700, 0.3567856513735204700 ) ) ;
#1015 = CARTESIAN_POINT ( 'NONE',  ( 0.1968503937007873800, -3.281693114307516800E-017, 0.06249999999999995800 ) ) ;
#1016 = DIRECTION ( 'NONE',  ( 0.8660254037844364900, -0.5000000000000040000, 0.0000000000000000000 ) ) ;
#1017 = CARTESIAN_POINT ( 'NONE',  ( 0.4450686089038021800, -0.2291191931102359900, -0.2546760282106665900 ) ) ;
#1018 = CARTESIAN_POINT ( 'NONE',  ( 0.0000000000000000000, 0.1968503937007874100, 0.08749999999999995300 ) ) ;
#1019 = CARTESIAN_POINT ( 'NONE',  ( 0.4330127018922182400, -0.2500000000000020000, -0.3449999999999999200 ) ) ;
#1020 = CARTESIAN_POINT ( 'NONE',  ( 0.4755282581475767700, -0.1545084971874737300, 0.007499999999999998900 ) ) ;
#1021 = CARTESIAN_POINT ( 'NONE',  ( -6.123233995736766000E-017, -0.5000000000000000000, 0.1625000000000000100 ) ) ;
#1022 = CARTESIAN_POINT ( 'NONE',  ( -2.410722045565656100E-017, -0.1968503937007874100, 0.1625000000000000300 ) ) ;
#1023 = ORIENTED_EDGE ( 'NONE', *, *, #2482, .F. ) ;
#1024 = CARTESIAN_POINT ( 'NONE',  ( 0.06396057012458791800, 0.1968503937007874100, 0.08249999999999996200 ) ) ;
#1025 = CARTESIAN_POINT ( 'NONE',  ( 0.3619986187818944900, -0.2090000000000016800, -0.2976572779264506400 ) ) ;
#1026 = VERTEX_POINT ( 'NONE', #3288 ) ;
#1027 = ORIENTED_EDGE ( 'NONE', *, *, #1184, .T. ) ;
#1028 = CARTESIAN_POINT ( 'NONE',  ( 0.0000000000000000000, 0.0000000000000000000, -0.1899999999999999500 ) ) ;
#1029 = EDGE_CURVE ( 'NONE', #1026, #2556, #4105, .T. ) ;
#1030 = EDGE_LOOP ( 'NONE', ( #875, #1762, #3078, #4141, #3448, #1819, #3160, #803 ) ) ;
#1031 = CARTESIAN_POINT ( 'NONE',  ( 0.4799999999999999300, 5.878304635907294700E-017, 0.4999999999999999400 ) ) ;
#1032 = CARTESIAN_POINT ( 'NONE',  ( 0.1587949822430404800, -0.1164577319537315700, 0.2656736227538165100 ) ) ;
#1033 = APPLICATION_PROTOCOL_DEFINITION ( 'international standard', 'config_control_design', 1994, #1442 ) ;
#1034 = CLOSED_SHELL ( 'NONE', ( #116, #4621, #943, #4269, #5645, #5552, #1285, #1099, #2467, #979, #568, #2220, #3843, #3692, #2033, #5250, #1011, #35, #3253, #1039, #634, #544 ) ) ;
#1035 = CARTESIAN_POINT ( 'NONE',  ( 0.4682536807761256100, -0.1760284507289077400, -0.3921638342466145000 ) ) ;
#1036 = VERTEX_POINT ( 'NONE', #644 ) ;
#1037 = CARTESIAN_POINT ( 'NONE',  ( 0.4480197434473803800, -0.2113215974080654400, 0.3449999999999999200 ) ) ;
#1038 = CARTESIAN_POINT ( 'NONE',  ( 0.3787426562703870600, -0.3133526188664534900, 0.3449999999989075700 ) ) ;
#1039 = ADVANCED_FACE ( 'NONE', ( #5618 ), #4836, .F. ) ;
#1040 = FACE_OUTER_BOUND ( 'NONE', #727, .T. ) ;
#1041 = EDGE_LOOP ( 'NONE', ( #962, #5100, #1481, #1173 ) ) ;
#1042 = AXIS2_PLACEMENT_3D ( 'NONE', #4613, #1374, #5982 ) ;
#1043 = VERTEX_POINT ( 'NONE', #1991 ) ;
#1044 = CARTESIAN_POINT ( 'NONE',  ( -0.04734272207354938600, 0.5000000000000000000, 0.3449999999999999200 ) ) ;
#1045 = CARTESIAN_POINT ( 'NONE',  ( -0.04099999999999999500, 0.4180000000000000400, 0.3213286389632252800 ) ) ;
#1046 = CARTESIAN_POINT ( 'NONE',  ( 0.3969327018922179100, -0.3124923931370870400, -0.3449999999999999200 ) ) ;
#1047 = LINE ( 'NONE', #3352, #2424 ) ;
#1048 = CIRCLE ( 'NONE', #556, 0.04734272207354935800 ) ;
#1049 = PERSON_AND_ORGANIZATION ( #4724, #4453 ) ;
#1050 = ORIENTED_EDGE ( 'NONE', *, *, #5424, .F. ) ;
#1051 = AXIS2_PLACEMENT_3D ( 'NONE', #2177, #861, #5467 ) ;
#1052 = CARTESIAN_POINT ( 'NONE',  ( -0.1872158496644003300, -0.06083011700294237200, -0.05749999999999994700 ) ) ;
#1053 = CARTESIAN_POINT ( 'NONE',  ( 0.1704774416898503800, -0.09842519685039334600, 0.02919130606358866200 ) ) ;
#1054 = CONICAL_SURFACE ( 'NONE', #1822, 0.04734272207354933700, 0.7853981633974500600 ) ;
#1055 = FACE_OUTER_BOUND ( 'NONE', #3367, .T. ) ;
#1056 = VERTEX_POINT ( 'NONE', #3918 ) ;
#1057 = PERSON_AND_ORGANIZATION_ROLE ( 'classification_officer' ) ;
#1058 = CARTESIAN_POINT ( 'NONE',  ( 0.3798877279340010500, -0.3250926149284648600, -0.3688587090200590200 ) ) ;
#1059 = CARTESIAN_POINT ( 'NONE',  ( -4.897910910668677100E-017, 0.5000000000000000000, -0.3449999999999999200 ) ) ;
#1060 = CIRCLE ( 'NONE', #2018, 0.1774803149606298500 ) ;
#1061 = ORIENTED_EDGE ( 'NONE', *, *, #3421, .F. ) ;
#1062 = CARTESIAN_POINT ( 'NONE',  ( 0.1674509465259921000, -0.1216602340058848100, -0.1475000000000000200 ) ) ;
#1063 = ORIENTED_EDGE ( 'NONE', *, *, #2143, .T. ) ;
#1064 = CARTESIAN_POINT ( 'NONE',  ( 0.006444566784558761400, 0.4962792276320905900, 0.3013780502943261800 ) ) ;
#1065 = EDGE_CURVE ( 'NONE', #1490, #2990, #467, .T. ) ;
#1066 = LINE ( 'NONE', #1634, #4957 ) ;
#1067 = CARTESIAN_POINT ( 'NONE',  ( 0.1624598481164530900, -0.5000000000000001100, 0.06749999999999999100 ) ) ;
#1068 = CARTESIAN_POINT ( 'NONE',  ( -0.08920755274378555600, 0.4920006524235704400, 0.3215576464947911300 ) ) ;
#1069 = CARTESIAN_POINT ( 'NONE',  ( 0.5000000000000001100, -9.626299801968714300E-017, 0.06250000000000000000 ) ) ;
#1070 = DIRECTION ( 'NONE',  ( -0.5000000000000002200, -4.897910910668680200E-017, -0.8660254037844386000 ) ) ;
#1071 = EDGE_CURVE ( 'NONE', #1043, #5655, #4212, .T. ) ;
#1072 = B_SPLINE_CURVE_WITH_KNOTS ( 'NONE', 3,
 ( #5138, #2351, #1491, #53, #5608, #1952, #2852, #3782, #1004, #543, #3842, #3412, #643, #127, #2476, #2459, #3364, #1593, #1573, #5644, #155, #1038 ),
 .UNSPECIFIED., .F., .F.,
 ( 4, 2, 2, 2, 2, 2, 2, 2, 2, 2, 4 ),
 ( 0.0000000000000000000, 0.06250157679064777300, 0.09375236518597168700, 0.1250031535812956000, 0.1875047303719433500, 0.2500063071625910900, 0.3125078839532388600, 0.3437586723485628300, 0.3750094607438868600, 0.4375110375345349600, 0.5000126143251832900 ),
 .UNSPECIFIED. ) ;
#1073 = VECTOR ( 'NONE', #1776, 39.37007874015748100 ) ;
#1074 = ADVANCED_FACE ( 'NONE', ( #2888 ), #690, .T. ) ;
#1075 = DIRECTION ( 'NONE',  ( 0.8660254037844363800, -0.5000000000000038900, 0.0000000000000000000 ) ) ;
#1076 = CARTESIAN_POINT ( 'NONE',  ( 0.1802515694192056200, -0.07929587859408233900, 0.2656710722219849900 ) ) ;
#1077 =( BOUNDED_CURVE ( )  B_SPLINE_CURVE ( 2, ( #5614, #1920, #1408, #41, #1472, #1024, #2329, #4256, #4230, #5650, #3770, #4273, #1881 ),
 .UNSPECIFIED., .F., .T. ) 
 B_SPLINE_CURVE_WITH_KNOTS ( ( 3, 2, 2, 2, 2, 2, 3 ),
 ( 0.3750000000000000000, 0.4000000000000000200, 0.4500000000000000100, 0.5000000000000000000, 0.5500000000000000400, 0.5999999999999999800, 0.6250000000000000000 ),
 .UNSPECIFIED. ) 
 CURVE ( )  GEOMETRIC_REPRESENTATION_ITEM ( )  RATIONAL_B_SPLINE_CURVE ( ( 0.9755282581475768200, 0.9755282581475768200, 1.000000000000000000, 0.9510565162951535300, 1.000000000000000000, 0.9510565162951535300, 1.000000000000000000, 0.9510565162951535300, 1.000000000000000000, 0.9510565162951535300, 1.000000000000000000, 0.9755282581475768200, 0.9755282581475768200 ) ) 
 REPRESENTATION_ITEM ( '' )  );
#1078 = FACE_OUTER_BOUND ( 'NONE', #2288, .T. ) ;
#1079 = CARTESIAN_POINT ( 'NONE',  ( 0.3865691615327852000, -0.3175170295061114900, -0.3921886146924555300 ) ) ;
#1080 = CARTESIAN_POINT ( 'NONE',  ( 0.1968503937007873800, -0.03117803943396380700, -0.1150627140773422300 ) ) ;
#1081 = DIRECTION ( 'NONE',  ( 1.758688375849877300E-016, -1.000000000000000000, 0.0000000000000000000 ) ) ;
#1082 = CARTESIAN_POINT ( 'NONE',  ( -0.1674509465259921000, 0.1216602340058848300, -0.09750000000000001700 ) ) ;
#1083 = DIRECTION ( 'NONE',  ( 0.8660254037844386000, 0.0000000000000000000, 0.4999999999999998900 ) ) ;
#1084 = CARTESIAN_POINT ( 'NONE',  ( 0.1968503937007873800, 5.907047605753529800E-017, 0.03750000000000004000 ) ) ;
#1085 = CARTESIAN_POINT ( 'NONE',  ( -0.2938926261462366200, -0.4045084971874736100, 0.1525000000000000200 ) ) ;
#1086 = CARTESIAN_POINT ( 'NONE',  ( -0.02375469948106202800, 0.4995645206418838900, 0.2570005513257034300 ) ) ;
#1087 = CARTESIAN_POINT ( 'NONE',  ( -0.1624598481164531700, -0.5000000000000000000, 0.03249999999999998700 ) ) ;
#1088 = AXIS2_PLACEMENT_3D ( 'NONE', #3148, #2188, #3553 ) ;
#1089 = CARTESIAN_POINT ( 'NONE',  ( 0.4714841751993003000, -0.1664414892423174400, -0.3212483333087676800 ) ) ;
#1090 = B_SPLINE_CURVE_WITH_KNOTS ( 'NONE', 3,
 ( #2277, #1329, #5505, #2253, #940, #400, #1799, #4624 ),
 .UNSPECIFIED., .F., .F.,
 ( 4, 2, 2, 4 ),
 ( 2.544393206693872800E-007, 0.0003107880854811400600, 0.0006213217316416106700, 0.001242389023962552000 ),
 .UNSPECIFIED. ) ;
#1091 = DIRECTION ( 'NONE',  ( -1.758688375849877300E-016, 1.000000000000000000, -0.0000000000000000000 ) ) ;
#1092 = CARTESIAN_POINT ( 'NONE',  ( 0.4330127018922182400, -0.2500000000000020500, 0.3449999999999999200 ) ) ;
#1093 = CARTESIAN_POINT ( 'NONE',  ( 0.1212931798506048900, -0.1550579801650876200, 0.3085319011593972700 ) ) ;
#1094 = CARTESIAN_POINT ( 'NONE',  ( 0.3798877279340010500, -0.3250926149284648600, -0.3688587090200590200 ) ) ;
#1095 = ORIENTED_EDGE ( 'NONE', *, *, #5990, .T. ) ;
#1096 = CARTESIAN_POINT ( 'NONE',  ( -0.02411126272384705700, 0.5000003182928117700, -0.2546760282106656500 ) ) ;
#1097 = CARTESIAN_POINT ( 'NONE',  ( 0.2976962325509001100, -0.1718750000000014200, -0.3449999999999999200 ) ) ;
#1098 = DIRECTION ( 'NONE',  ( 0.5000000000000044400, 0.8660254037844360400, 0.0000000000000000000 ) ) ;
#1099 = ADVANCED_FACE ( 'NONE', ( #4682 ), #620, .F. ) ;
#1100 = ORIENTED_EDGE ( 'NONE', *, *, #742, .F. ) ;
#1101 = EDGE_LOOP ( 'NONE', ( #1123, #5308, #5455, #2773 ) ) ;
#1102 = CARTESIAN_POINT ( 'NONE',  ( 0.3920127018922179300, -0.3210140831103258700, 0.3449999999999999200 ) ) ;
#1103 = EDGE_CURVE ( 'NONE', #5159, #3655, #4908, .T. ) ;
#1104 = CARTESIAN_POINT ( 'NONE',  ( 0.1968503937007873800, 0.03117803943396385600, 0.04006271407734232600 ) ) ;
#1105 = CARTESIAN_POINT ( 'NONE',  ( -0.4755282581475767700, 0.1545084971874737300, 0.1325000000000000100 ) ) ;
#1106 = CARTESIAN_POINT ( 'NONE',  ( 3.616083068348483800E-017, -0.1968503937007874100, 0.004166666666666713400 ) ) ;
#1107 = CARTESIAN_POINT ( 'NONE',  ( 0.4584697099890836000, -0.1996957119242495600, 0.2727693310628537800 ) ) ;
#1108 = VERTEX_POINT ( 'NONE', #5220 ) ;
#1109 = CARTESIAN_POINT ( 'NONE',  ( -0.1968503937007873800, -0.03117803943396380400, -0.08493728592265774300 ) ) ;
#1110 = ORIENTED_EDGE ( 'NONE', *, *, #5218, .F. ) ;
#1111 = EDGE_CURVE ( 'NONE', #2044, #5661, #1577, .T. ) ;
#1112 = DIRECTION ( 'NONE',  ( 1.000000000000000000, 0.0000000000000000000, 0.0000000000000000000 ) ) ;
#1113 = ORIENTED_EDGE ( 'NONE', *, *, #4632, .F. ) ;
#1114 = CARTESIAN_POINT ( 'NONE',  ( 0.1310021699764994900, -0.1469825227758399000, 0.2908321773916339700 ) ) ;
#1115 = CARTESIAN_POINT ( 'NONE',  ( 0.05438063478610225700, 0.1478469392705376900, -0.2834016380023666200 ) ) ;
#1116 = ORIENTED_EDGE ( 'NONE', *, *, #1576, .T. ) ;
#1117 = EDGE_CURVE ( 'NONE', #2487, #2641, #1426, .T. ) ;
#1118 = CIRCLE ( 'NONE', #3820, 0.08200000000000005900 ) ;
#1119 = CARTESIAN_POINT ( 'NONE',  ( -0.06396057012458782100, 0.1968503937007874700, -0.08249999999999994800 ) ) ;
#1120 = CARTESIAN_POINT ( 'NONE',  ( -0.02158624768503195400, 0.4930211207645432400, 0.4270049947112145600 ) ) ;
#1121 = ORIENTED_EDGE ( 'NONE', *, *, #4132, .F. ) ;
#1122 = CARTESIAN_POINT ( 'NONE',  ( 0.1704774416898503800, -0.09842519685039334600, 0.004191306063588581100 ) ) ;
#1123 = ORIENTED_EDGE ( 'NONE', *, *, #4094, .F. ) ;
#1124 = DIRECTION ( 'NONE',  ( -0.8660254037844364900, 0.5000000000000040000, -0.0000000000000000000 ) ) ;
#1125 = DIRECTION ( 'NONE',  ( -0.4999999999999999400, -4.897910910668677700E-017, 0.8660254037844387100 ) ) ;
#1126 = AXIS2_PLACEMENT_3D ( 'NONE', #4905, #848, #3574 ) ;
#1127 = CARTESIAN_POINT ( 'NONE',  ( -0.008136822785670759500, 0.4930211185739863400, 0.2630042826998751900 ) ) ;
#1128 = FACE_OUTER_BOUND ( 'NONE', #1832, .T. ) ;
#1129 = ORIENTED_EDGE ( 'NONE', *, *, #357, .F. ) ;
#1130 = DIRECTION ( 'NONE',  ( -0.7071067811865487900, 0.7071067811865461300, 0.0000000000000000000 ) ) ;
#1132 = EDGE_CURVE ( 'NONE', #5540, #3313, #466, .T. ) ;
#1131 = CARTESIAN_POINT ( 'NONE',  ( 0.01684525110005771100, 0.4936661638322292200, -0.3826171118163641000 ) ) ;
#1133 = CARTESIAN_POINT ( 'NONE',  ( -1.518754888706362500E-017, 0.5000000000000000000, 0.3449999999999999200 ) ) ;
#1134 = B_SPLINE_CURVE_WITH_KNOTS ( 'NONE', 1,
 ( #433, #1857 ),
 .UNSPECIFIED., .F., .F.,
 ( 2, 2 ),
 ( 0.0000000000000000000, 1.000000000000000000 ),
 .UNSPECIFIED. ) ;
#1135 = B_SPLINE_CURVE_WITH_KNOTS ( 'NONE', 3,
 ( #758, #4417, #3152, #4502, #4975, #5484, #3644, #4550, #3211, #5402 ),
 .UNSPECIFIED., .F., .F.,
 ( 4, 2, 2, 2, 4 ),
 ( 0.5000000000000000000, 0.6250000000000000000, 0.7500000000000000000, 0.8750000000000000000, 1.000000000000000000 ),
 .UNSPECIFIED. ) ;
#1136 = CIRCLE ( 'NONE', #3992, 0.5000000000000000000 ) ;
#1137 = VERTEX_POINT ( 'NONE', #604 ) ;
#1138 = ORIENTED_EDGE ( 'NONE', *, *, #3674, .T. ) ;
#1139 = DIRECTION ( 'NONE',  ( 0.8660254037844364900, -0.5000000000000038900, 0.0000000000000000000 ) ) ;
#1140 = CARTESIAN_POINT ( 'NONE',  ( 0.4125127018922181100, -0.2855070415551639900, 0.3213286389632253900 ) ) ;
#1141 = CARTESIAN_POINT ( 'NONE',  ( -0.05019046108869548700, 0.1493392923347127700, -0.2799370284351449000 ) ) ;
#1142 = CIRCLE ( 'NONE', #1126, 0.08200000000000005900 ) ;
#1143 = CARTESIAN_POINT ( 'NONE',  ( 0.5000000000000001100, 1.400189062104540400E-016, -0.1374999999999999600 ) ) ;
#1144 = ORIENTED_EDGE ( 'NONE', *, *, #5403, .F. ) ;
#1145 = ORIENTED_EDGE ( 'NONE', *, *, #4740, .T. ) ;
#1146 = CARTESIAN_POINT ( 'NONE',  ( 0.1624598481164531400, 0.5000000000000000000, 0.007500000000000022300 ) ) ;
#1147 = CARTESIAN_POINT ( 'NONE',  ( 0.02149856287543602800, 0.4930201957327618500, 0.4269949818478514500 ) ) ;
#1148 = CARTESIAN_POINT ( 'NONE',  ( -0.5000000000000001100, 3.500472655261351000E-017, 0.03749999999999999900 ) ) ;
#1149 = CARTESIAN_POINT ( 'NONE',  ( -0.2938926261462365100, 0.4045084971874737300, -0.1024999999999999700 ) ) ;
#1150 = VECTOR ( 'NONE', #3560, 39.37007874015748100 ) ;
#1151 = CARTESIAN_POINT ( 'NONE',  ( -0.4330127018922199100, 0.2499999999999990000, 0.02919130606358862400 ) ) ;
#1152 = CARTESIAN_POINT ( 'NONE',  ( 0.5000000000000001100, -3.500472655261351000E-017, -0.03749999999999997100 ) ) ;
#1153 = PLANE ( 'NONE',  #5534 ) ;
#1154 = CARTESIAN_POINT ( 'NONE',  ( 0.4999999999999999400, -0.07919222016226822000, -0.09006271407734226000 ) ) ;
#1155 = CONICAL_SURFACE ( 'NONE', #4936, 0.08200000000000005900, 0.7853981633974509400 ) ;
#1156 = CARTESIAN_POINT ( 'NONE',  ( 0.1968503937007873800, -0.03117803943396384200, -0.04006271407734232600 ) ) ;
#1157 = EDGE_CURVE ( 'NONE', #5173, #3755, #1453, .T. ) ;
#1158 =( BOUNDED_CURVE ( )  B_SPLINE_CURVE ( 2, ( #4148, #4002, #5330, #1784, #6003, #3526, #5833 ),
 .UNSPECIFIED., .F., .T. ) 
 B_SPLINE_CURVE_WITH_KNOTS ( ( 3, 2, 2, 3 ),
 ( 0.6250000000000000000, 0.6500000000000000200, 0.6999999999999999600, 0.7500000000000000000 ),
 .UNSPECIFIED. ) 
 CURVE ( )  GEOMETRIC_REPRESENTATION_ITEM ( )  RATIONAL_B_SPLINE_CURVE ( ( 0.9755282581475768200, 0.9755282581475768200, 1.000000000000000000, 0.9510565162951535300, 1.000000000000000000, 0.9510565162951535300, 1.000000000000000000 ) ) 
 REPRESENTATION_ITEM ( '' )  );
#1159 = FACE_BOUND ( 'NONE', #455, .T. ) ;
#1160 = CARTESIAN_POINT ( 'NONE',  ( 0.1177598749625045200, -0.1577584050940855600, 0.3716254730204242000 ) ) ;
#1161 = CARTESIAN_POINT ( 'NONE',  ( 0.4755282581475768200, 0.1545084971874736700, 0.04249999999999999600 ) ) ;
#1162 = CARTESIAN_POINT ( 'NONE',  ( -0.08200000000000007300, 0.1344472000455911000, -0.3450000000000000300 ) ) ;
#1163 = AXIS2_PLACEMENT_3D ( 'NONE', #4968, #4541, #33 ) ;
#1164 = CARTESIAN_POINT ( 'NONE',  ( -0.1872158496644003300, 0.06083011700294243400, -0.06749999999999994900 ) ) ;
#1165 = CARTESIAN_POINT ( 'NONE',  ( 0.4552457602176968000, -0.2075713178895022500, 0.4255623305788414100 ) ) ;
#1166 = AXIS2_PLACEMENT_3D ( 'NONE', #4277, #550, #3256 ) ;
#1167 = CARTESIAN_POINT ( 'NONE',  ( 0.1872158496644003300, -0.06083011700294241300, -0.04250000000000001000 ) ) ;
#1168 = EDGE_CURVE ( 'NONE', #4465, #2990, #226, .T. ) ;
#1169 = CARTESIAN_POINT ( 'NONE',  ( -0.1674509465259920700, 0.1216602340058848100, -0.1475000000000000500 ) ) ;
#1170 = CARTESIAN_POINT ( 'NONE',  ( 0.3414986187818943600, -0.2445070415551636700, -0.3686713610367745600 ) ) ;
#1171 = VERTEX_POINT ( 'NONE', #2630 ) ;
#1172 = AXIS2_PLACEMENT_3D ( 'NONE', #1720, #2722, #5468 ) ;
#1173 = ORIENTED_EDGE ( 'NONE', *, *, #551, .F. ) ;
#1174 = ORIENTED_EDGE ( 'NONE', *, *, #3058, .F. ) ;
#1175 = CARTESIAN_POINT ( 'NONE',  ( 0.4480197434473803800, -0.2113215974080654400, -0.3449999999999999200 ) ) ;
#1176 = CARTESIAN_POINT ( 'NONE',  ( 0.04280306436768796500, 0.4910902794217814600, -0.2718373658187232000 ) ) ;
#1177 = VERTEX_POINT ( 'NONE', #4310 ) ;
#1178 = CARTESIAN_POINT ( 'NONE',  ( 0.06396057012458784800, -0.1968503937007874400, -0.03249999999999994600 ) ) ;
#1179 = VERTEX_POINT ( 'NONE', #4918 ) ;
#1180 = CARTESIAN_POINT ( 'NONE',  ( 0.08170714940323897700, 0.4935345176800580200, 0.2978365846163099100 ) ) ;
#1181 = CARTESIAN_POINT ( 'NONE',  ( 0.4755282581475767700, -0.1545084971874737800, 0.08250000000000000400 ) ) ;
#1182 = ORIENTED_EDGE ( 'NONE', *, *, #5251, .F. ) ;
#1183 = MANIFOLD_SOLID_BREP ( 'CirPattern3', #5029 ) ;
#1184 = EDGE_CURVE ( 'NONE', #5760, #2176, #5996, .T. ) ;
#1185 = CARTESIAN_POINT ( 'NONE',  ( -0.1872158496644003300, 0.06083011700294241300, -0.01749999999999995000 ) ) ;
#1186 = ORIENTED_EDGE ( 'NONE', *, *, #3986, .T. ) ;
#1187 = CARTESIAN_POINT ( 'NONE',  ( -0.1872158496644003300, 0.06083011700294243400, 0.05749999999999996800 ) ) ;
#1188 = CARTESIAN_POINT ( 'NONE',  ( -0.02158624768503195400, 0.4930211207645432400, -0.4270049947112145600 ) ) ;
#1189 = DIRECTION ( 'NONE',  ( 0.8660254037844362700, -0.5000000000000038900, 0.0000000000000000000 ) ) ;
#1190 = ORIENTED_EDGE ( 'NONE', *, *, #3043, .T. ) ;
#1191 = ORIENTED_EDGE ( 'NONE', *, *, #3373, .F. ) ;
#1192 = DIRECTION ( 'NONE',  ( 0.0000000000000000000, 0.0000000000000000000, -1.000000000000000000 ) ) ;
#1193 = CARTESIAN_POINT ( 'NONE',  ( -0.1624598481164532800, -0.5000000000000000000, 0.1074999999999999700 ) ) ;
#1194 = FACE_OUTER_BOUND ( 'NONE', #2484, .T. ) ;
#1195 = AXIS2_PLACEMENT_3D ( 'NONE', #3793, #3547, #2557 ) ;
#1196 = CARTESIAN_POINT ( 'NONE',  ( -0.04099999999999998800, 0.4180000000000000400, 0.3686713610367743900 ) ) ;
#1197 = CONICAL_SURFACE ( 'NONE', #5638, 0.08200000000000005900, 0.7853981633974509400 ) ;
#1198 = EDGE_LOOP ( 'NONE', ( #4389, #5663, #5886, #3187 ) ) ;
#1199 = CARTESIAN_POINT ( 'NONE',  ( 0.06396057012458789000, 0.1968503937007874400, 0.007500000000000055200 ) ) ;
#1200 = CARTESIAN_POINT ( 'NONE',  ( 0.0000000000000000000, 0.5000000000000000000, -0.1624999999999999800 ) ) ;
#1201 = DIRECTION ( 'NONE',  ( 0.5000000000000038900, 0.8660254037844364900, 0.0000000000000000000 ) ) ;
#1202 = FACE_OUTER_BOUND ( 'NONE', #2512, .T. ) ;
#1203 = ORIENTED_EDGE ( 'NONE', *, *, #5000, .F. ) ;
#1204 = CARTESIAN_POINT ( 'NONE',  ( -0.06396057012458793200, -0.1968503937007874400, -0.06750000000000000400 ) ) ;
#1205 = VERTEX_POINT ( 'NONE', #3499 ) ;
#1206 = ORIENTED_EDGE ( 'NONE', *, *, #2510, .F. ) ;
#1207 = CARTESIAN_POINT ( 'NONE',  ( 0.0000000000000000000, -0.3484251968503936900, -0.1624999999999999800 ) ) ;
#1208 = VECTOR ( 'NONE', #3080, 39.37007874015748100 ) ;
#1209 = CARTESIAN_POINT ( 'NONE',  ( 0.2938926261462366200, 0.4045084971874736100, 0.02749999999999999700 ) ) ;
#1210 = EDGE_LOOP ( 'NONE', ( #2803, #621, #2041, #4735, #460, #3257, #4366 ) ) ;
#1211 = DIRECTION ( 'NONE',  ( -0.8660254037844363800, 0.5000000000000038900, 0.0000000000000000000 ) ) ;
#1212 = AXIS2_PLACEMENT_3D ( 'NONE', #4441, #278, #222 ) ;
#1213 = CARTESIAN_POINT ( 'NONE',  ( 0.4412960260466406400, -0.2229324307138814700, -0.3135822522846813400 ) ) ;
#1214 = CARTESIAN_POINT ( 'NONE',  ( -0.4755282581475768200, -0.1545084971874735900, 0.09249999999999999900 ) ) ;
#1215 = VERTEX_POINT ( 'NONE', #706 ) ;
#1216 = CARTESIAN_POINT ( 'NONE',  ( -0.1968503937007873800, 0.03117803943396384200, 0.009937285922657669600 ) ) ;
#1217 = VECTOR ( 'NONE', #637, 39.37007874015748100 ) ;
#1218 = DIRECTION ( 'NONE',  ( 0.0000000000000000000, 0.0000000000000000000, 1.000000000000000000 ) ) ;
#1219 = CARTESIAN_POINT ( 'NONE',  ( -0.06270410318747513000, 0.4881743521486778300, 0.3982613397661841600 ) ) ;
#1220 = EDGE_CURVE ( 'NONE', #5001, #891, #1142, .T. ) ;
#1221 = CARTESIAN_POINT ( 'NONE',  ( -0.4253254041760198800, 0.3090169943749474500, -0.09749999999999996200 ) ) ;
#1222 = FACE_OUTER_BOUND ( 'NONE', #1542, .T. ) ;
#1223 = CARTESIAN_POINT ( 'NONE',  ( 0.5000000000000000000, 0.07919222016226809500, -0.03493728592265767800 ) ) ;
#1224 = CARTESIAN_POINT ( 'NONE',  ( -0.1674509465259921300, -0.1216602340058847700, 0.07249999999999996700 ) ) ;
#1225 = CARTESIAN_POINT ( 'NONE',  ( -0.02158492406618849800, 0.4930209744637396600, -0.2629954181721710900 ) ) ;
#1226 = PLANE ( 'NONE',  #4654 ) ;
#1227 = EDGE_CURVE ( 'NONE', #3532, #1259, #1925, .T. ) ;
#1228 = ADVANCED_FACE ( 'NONE', ( #2816 ), #2517, .T. ) ;
#1229 = CARTESIAN_POINT ( 'NONE',  ( -0.1968503937007873800, 1.093897704769172200E-017, -0.03750000000000004000 ) ) ;
#1230 = CARTESIAN_POINT ( 'NONE',  ( 0.4137131613489534200, -0.2707073537885730800, -0.3764177477153185500 ) ) ;
#1231 =( BOUNDED_CURVE ( )  B_SPLINE_CURVE ( 2, ( #2422, #4191, #3292, #987, #3752, #2839, #960, #1433, #2857, #4666, #1900, #2377, #5124 ),
 .UNSPECIFIED., .F., .T. ) 
 B_SPLINE_CURVE_WITH_KNOTS ( ( 3, 2, 2, 2, 2, 2, 3 ),
 ( 0.1250000000000000300, 0.1499999999999999900, 0.2000000000000000100, 0.2500000000000000000, 0.2999999999999999900, 0.3499999999999999800, 0.3750000000000000000 ),
 .UNSPECIFIED. ) 
 CURVE ( )  GEOMETRIC_REPRESENTATION_ITEM ( )  RATIONAL_B_SPLINE_CURVE ( ( 0.9755282581475768200, 0.9755282581475768200, 1.000000000000000000, 0.9510565162951535300, 1.000000000000000000, 0.9510565162951535300, 1.000000000000000000, 0.9510565162951535300, 1.000000000000000000, 0.9510565162951535300, 1.000000000000000000, 0.9755282581475768200, 0.9755282581475768200 ) ) 
 REPRESENTATION_ITEM ( '' )  );
#1232 = APPROVAL ( #3343, 'UNSPECIFIED' ) ;
#1233 = CARTESIAN_POINT ( 'NONE',  ( 0.4467103304422424000, -0.2084545938573848200, 0.2718495292820867200 ) ) ;
#1234 = CARTESIAN_POINT ( 'NONE',  ( 0.4074267286111007400, -0.2904060959255653800, 0.4256002857247427300 ) ) ;
#1235 = AXIS2_PLACEMENT_3D ( 'NONE', #5478, #3660, #458 ) ;
#1236 = CARTESIAN_POINT ( 'NONE',  ( -0.5000000000000000000, -0.07919222016226809500, 0.04006271407734228500 ) ) ;
#1237 = EDGE_CURVE ( 'NONE', #991, #1615, #500, .T. ) ;
#1238 = VERTEX_POINT ( 'NONE', #5493 ) ;
#1239 = CARTESIAN_POINT ( 'NONE',  ( -0.4253254041760198800, 0.3090169943749474500, -0.02249999999999998200 ) ) ;
#1240 = CARTESIAN_POINT ( 'NONE',  ( -0.4755282581475767700, 0.1545084971874737800, 0.05750000000000000200 ) ) ;
#1241 = DIRECTION ( 'NONE',  ( 0.0000000000000000000, 0.0000000000000000000, -1.000000000000000000 ) ) ;
#1242 = ORIENTED_EDGE ( 'NONE', *, *, #3559, .F. ) ;
#1243 = AXIS2_PLACEMENT_3D ( 'NONE', #5569, #3704, #417 ) ;
#1244 = DIRECTION ( 'NONE',  ( -0.0000000000000000000, -0.0000000000000000000, -1.000000000000000000 ) ) ;
#1245 = VERTEX_POINT ( 'NONE', #4511 ) ;
#1246 = ORIENTED_EDGE ( 'NONE', *, *, #4218, .F. ) ;
#1247 = CARTESIAN_POINT ( 'NONE',  ( -0.1674509465259921300, -0.1216602340058847700, 0.09750000000000004500 ) ) ;
#1248 = DIRECTION ( 'NONE',  ( -0.8660254037844364900, 0.5000000000000040000, -0.0000000000000000000 ) ) ;
#1249 = ORIENTED_EDGE ( 'NONE', *, *, #2380, .T. ) ;
#1250 = CARTESIAN_POINT ( 'NONE',  ( 0.4330127018922182400, -0.2500000000000020000, -0.3923427220735493100 ) ) ;
#1251 = EDGE_LOOP ( 'NONE', ( #2063, #1535, #5900, #3379, #2055, #951, #4144, #830, #2003, #2396, #2410, #3812 ) ) ;
#1252 = CARTESIAN_POINT ( 'NONE',  ( 0.05318884997880089800, 0.4895684484017414600, 0.4077729848797048100 ) ) ;
#1253 =( BOUNDED_SURFACE ( )  B_SPLINE_SURFACE ( 1, 2, ( 
 ( #1919, #958, #5585, #5168, #5141, #5222, #628, #1973, #2421, #2900, #98, #1067, #2480, #1996, #2014, #5203, #1550, #4763, #1514, #82, #2918, #3890, #5242, #2463, #1105, #3809, #586, #2445, #1085, #3369, #5189 ),
 ( #3431, #3397, #2506, #5648, #5711, #3847, #4350, #5727, #112, #2983, #5670, #3865, #4315, #1530, #5264, #2964, #4776, #4745, #5696, #3417, #133, #2939, #565, #610, #161, #3451, #4335, #1578, #4795, #2029, #1022 ) ),
 .UNSPECIFIED., .F., .F., .T. ) 
 B_SPLINE_SURFACE_WITH_KNOTS ( ( 2, 2 ),
 ( 3, 2, 2, 2, 2, 2, 2, 2, 2, 2, 2, 2, 2, 2, 2, 3 ),
 ( 0.0000000000000000000, 1.000000000000000000 ),
 ( 0.0000000000000000000, 0.05000000000000000300, 0.1000000000000000100, 0.1499999999999999900, 0.2000000000000000100, 0.2500000000000000000, 0.2999999999999999900, 0.3499999999999999800, 0.4000000000000000200, 0.4500000000000000100, 0.5000000000000000000, 0.5500000000000000400, 0.5999999999999999800, 0.6500000000000000200, 0.6999999999999999600, 0.7500000000000000000 ),
 .UNSPECIFIED. ) 
 GEOMETRIC_REPRESENTATION_ITEM ( )  RATIONAL_B_SPLINE_SURFACE ( (
 ( 1.000000000000000000, 0.9510565162951535300, 1.000000000000000000, 0.9510565162951535300, 1.000000000000000000, 0.9510565162951535300, 1.000000000000000000, 0.9510565162951535300, 1.000000000000000000, 0.9510565162951535300, 1.000000000000000000, 0.9510565162951535300, 1.000000000000000000, 0.9510565162951535300, 1.000000000000000000, 0.9510565162951535300, 1.000000000000000000, 0.9510565162951535300, 1.000000000000000000, 0.9510565162951535300, 1.000000000000000000, 0.9510565162951535300, 1.000000000000000000, 0.9510565162951535300, 1.000000000000000000, 0.9510565162951535300, 1.000000000000000000, 0.9510565162951535300, 1.000000000000000000, 0.9510565162951535300, 1.000000000000000000),
 ( 1.000000000000000000, 0.9510565162951535300, 1.000000000000000000, 0.9510565162951535300, 1.000000000000000000, 0.9510565162951535300, 1.000000000000000000, 0.9510565162951535300, 1.000000000000000000, 0.9510565162951535300, 1.000000000000000000, 0.9510565162951535300, 1.000000000000000000, 0.9510565162951535300, 1.000000000000000000, 0.9510565162951535300, 1.000000000000000000, 0.9510565162951535300, 1.000000000000000000, 0.9510565162951535300, 1.000000000000000000, 0.9510565162951535300, 1.000000000000000000, 0.9510565162951535300, 1.000000000000000000, 0.9510565162951535300, 1.000000000000000000, 0.9510565162951535300, 1.000000000000000000, 0.9510565162951535300, 1.000000000000000000) ) ) 
 REPRESENTATION_ITEM ( '' )  SURFACE ( )  );
#1254 = ORIENTED_EDGE ( 'NONE', *, *, #2804, .T. ) ;
#1255 = CARTESIAN_POINT ( 'NONE',  ( 0.1157057583252900000, -0.1592553138533361100, 0.09749999999999996200 ) ) ;
#1256 = CIRCLE ( 'NONE', #167, 0.08200000000000007300 ) ;
#1257 = EDGE_CURVE ( 'NONE', #5005, #3931, #1863, .T. ) ;
#1258 = CARTESIAN_POINT ( 'NONE',  ( -0.4755282581475767700, 0.1545084971874737300, -0.01749999999999998400 ) ) ;
#1259 = VERTEX_POINT ( 'NONE', #3122 ) ;
#1260 = LOCAL_TIME ( 9, 51, 53.00000000000000000, #969 ) ;
#1261 = CARTESIAN_POINT ( 'NONE',  ( -0.1157057583252900500, -0.1592553138533361100, 0.07749999999999995800 ) ) ;
#1262 = ORIENTED_EDGE ( 'NONE', *, *, #1341, .F. ) ;
#1263 = CARTESIAN_POINT ( 'NONE',  ( 0.0000000000000000000, 0.0000000000000000000, 0.1899999999999999500 ) ) ;
#1264 = DESIGN_CONTEXT ( 'detailed design', #48, 'design' ) ;
#1265 = CARTESIAN_POINT ( 'NONE',  ( 0.2938926261462365100, -0.4045084971874737300, -0.07749999999999999900 ) ) ;
#1266 = CARTESIAN_POINT ( 'NONE',  ( -6.123233995736766000E-017, -0.5000000000000000000, -0.01249999999999996900 ) ) ;
#1267 = CONICAL_SURFACE ( 'NONE', #3348, 0.1774803149606298500, 0.7853981633974447300 ) ;
#1268 = ORIENTED_EDGE ( 'NONE', *, *, #2343, .F. ) ;
#1269 = DIRECTION ( 'NONE',  ( 0.0000000000000000000, 0.0000000000000000000, 1.000000000000000000 ) ) ;
#1270 = CARTESIAN_POINT ( 'NONE',  ( 0.1574664079293758600, 0.002187583429061335000, -0.3295721362458824400 ) ) ;
#1271 = CARTESIAN_POINT ( 'NONE',  ( 0.1674509465259920700, -0.1216602340058848300, 0.07750000000000002700 ) ) ;
#1272 = ORIENTED_EDGE ( 'NONE', *, *, #1220, .F. ) ;
#1273 = ORIENTED_EDGE ( 'NONE', *, *, #3849, .F. ) ;
#1274 = CARTESIAN_POINT ( 'NONE',  ( 0.3798877279340010500, -0.3250926149284648600, 0.3688587090200590200 ) ) ;
#1275 = CARTESIAN_POINT ( 'NONE',  ( -0.1968503937007873800, 3.281693114307516800E-017, -0.06249999999999993800 ) ) ;
#1276 = CARTESIAN_POINT ( 'NONE',  ( -0.5000000000000000000, -0.07919222016226809500, -0.009937285922657695600 ) ) ;
#1277 = DIRECTION ( 'NONE',  ( 0.8660254037844364900, -0.5000000000000038900, 0.0000000000000000000 ) ) ;
#1278 = FACE_OUTER_BOUND ( 'NONE', #5622, .T. ) ;
#1279 = ORIENTED_EDGE ( 'NONE', *, *, #3771, .T. ) ;
#1280 = CARTESIAN_POINT ( 'NONE',  ( 0.4207960260466405100, -0.2584394722690435100, 0.3054036646049948000 ) ) ;
#1281 = AXIS2_PLACEMENT_3D ( 'NONE', #792, #776, #2170 ) ;
#1282 = CARTESIAN_POINT ( 'NONE',  ( -0.04282819140506073000, 0.4910897912246145500, -0.2718495292820866100 ) ) ;
#1283 = CARTESIAN_POINT ( 'NONE',  ( -0.1968503937007874100, 0.0000000000000000000, 0.4999999999999999400 ) ) ;
#1284 = DIRECTION ( 'NONE',  ( -1.000000000000000000, 0.0000000000000000000, 0.0000000000000000000 ) ) ;
#1285 = ADVANCED_FACE ( 'NONE', ( #160 ), #4536, .T. ) ;
#1286 = FACE_OUTER_BOUND ( 'NONE', #4153, .T. ) ;
#1287 = CARTESIAN_POINT ( 'NONE',  ( -0.4253254041760198800, 0.3090169943749474500, -0.02249999999999998200 ) ) ;
#1288 = CARTESIAN_POINT ( 'NONE',  ( 0.0000000000000000000, 0.5000000000000000000, -0.1624999999999999800 ) ) ;
#1289 = CARTESIAN_POINT ( 'NONE',  ( 0.1574346907071702600, 0.003790483087527799600, -0.3450000000000000300 ) ) ;
#1290 = VECTOR ( 'NONE', #318, 39.37007874015748900 ) ;
#1291 = CARTESIAN_POINT ( 'NONE',  ( 0.2566962325508997400, -0.2428890831103252500, -0.3449999999999999200 ) ) ;
#1292 = EDGE_CURVE ( 'NONE', #2034, #4644, #38, .T. ) ;
#1293 = CARTESIAN_POINT ( 'NONE',  ( 0.2976962325509001100, -0.1718750000000014200, -0.3449999999999999200 ) ) ;
#1294 = CARTESIAN_POINT ( 'NONE',  ( 0.01096389585783364700, 0.1574742879170471200, -0.4269884251084202800 ) ) ;
#1295 = DIRECTION ( 'NONE',  ( -1.758688375849877300E-016, 1.000000000000000000, 0.0000000000000000000 ) ) ;
#1296 = CARTESIAN_POINT ( 'NONE',  ( 0.4535127018922184800, -0.2144929584448400700, 0.3213286389632253300 ) ) ;
#1297 = DIRECTION ( 'NONE',  ( -1.000000000000000000, 0.0000000000000000000, 0.0000000000000000000 ) ) ;
#1298 = ORIENTED_EDGE ( 'NONE', *, *, #5278, .T. ) ;
#1299 = DIRECTION ( 'NONE',  ( 0.8660254037844362700, -0.5000000000000038900, 0.0000000000000000000 ) ) ;
#1300 = EDGE_CURVE ( 'NONE', #3755, #2244, #2381, .T. ) ;
#1301 = CARTESIAN_POINT ( 'NONE',  ( -2.134256245050205600E-017, 0.5000000000000000000, -0.3923427220735493100 ) ) ;
#1302 = CARTESIAN_POINT ( 'NONE',  ( -0.08200181226915950700, 0.4846767965305707700, 0.3234359998361369100 ) ) ;
#1303 = EDGE_CURVE ( 'NONE', #5415, #5006, #4384, .T. ) ;
#1304 = ORIENTED_EDGE ( 'NONE', *, *, #2531, .F. ) ;
#1305 = DIRECTION ( 'NONE',  ( -1.000000000000000000, 1.224646799147352200E-016, 0.0000000000000000000 ) ) ;
#1306 = CARTESIAN_POINT ( 'NONE',  ( 0.4253254041760198800, -0.3090169943749474500, -0.09749999999999996200 ) ) ;
#1308 = EDGE_CURVE ( 'NONE', #3609, #5583, #15, .T. ) ;
#1307 = CARTESIAN_POINT ( 'NONE',  ( -0.04099999999999999500, 0.4936572779264506400, -0.3533378237527942700 ) ) ;
#1309 = CARTESIAN_POINT ( 'NONE',  ( 0.1061163211457910700, -0.1166900445398672400, -0.2778111755567336200 ) ) ;
#1310 = VERTEX_POINT ( 'NONE', #4359 ) ;
#1311 = CARTESIAN_POINT ( 'NONE',  ( 0.4755282581475768200, 0.1545084971874736700, 0.01749999999999999800 ) ) ;
#1312 = ORIENTED_EDGE ( 'NONE', *, *, #5345, .F. ) ;
#1313 = ADVANCED_FACE ( 'NONE', ( #3472 ), #2735, .T. ) ;
#1314 = DIRECTION ( 'NONE',  ( -0.8660254037844391500, 0.0000000000000000000, 0.4999999999999992800 ) ) ;
#1315 = CARTESIAN_POINT ( 'NONE',  ( -0.5000000000000000000, -0.07919222016226802600, 0.06506271407734227900 ) ) ;
#1316 = CARTESIAN_POINT ( 'NONE',  ( 0.4207890089393168700, -0.2703065594971769700, 0.2570151123840960800 ) ) ;
#1317 = DIRECTION ( 'NONE',  ( 0.5000000000000044400, 0.8660254037844360400, 0.0000000000000000000 ) ) ;
#1318 = ORIENTED_EDGE ( 'NONE', *, *, #4340, .F. ) ;
#1319 = DIRECTION ( 'NONE',  ( -0.8660254037844364900, 0.5000000000000040000, -0.0000000000000000000 ) ) ;
#1320 = ORIENTED_EDGE ( 'NONE', *, *, #1813, .T. ) ;
#1321 = DIRECTION ( 'NONE',  ( 0.8660254037844364900, -0.5000000000000040000, 0.0000000000000000000 ) ) ;
#1322 = CARTESIAN_POINT ( 'NONE',  ( -0.1872158496644003300, -0.06083011700294239200, 0.01749999999999996400 ) ) ;
#1323 = DIRECTION ( 'NONE',  ( 0.0000000000000000000, 0.0000000000000000000, -1.000000000000000000 ) ) ;
#1324 = AXIS2_PLACEMENT_3D ( 'NONE', #4466, #5806, #1654 ) ;
#1325 = EDGE_LOOP ( 'NONE', ( #2478, #3434, #1190, #4595 ) ) ;
#1326 = ORIENTED_EDGE ( 'NONE', *, *, #1065, .T. ) ;
#1327 = CARTESIAN_POINT ( 'NONE',  ( 0.2706329386826363800, -0.1562500000000013000, 0.3449999999999999200 ) ) ;
#1328 = CARTESIAN_POINT ( 'NONE',  ( 0.4330127018922182400, -0.2500000000000020000, 0.3449999999999999200 ) ) ;
#1329 = CARTESIAN_POINT ( 'NONE',  ( -0.03779662597630960300, 0.4981505311451070500, -0.3705208298916670100 ) ) ;
#1330 = VECTOR ( 'NONE', #1241, 39.37007874015748100 ) ;
#1331 = CARTESIAN_POINT ( 'NONE',  ( 0.04100000000000004300, 0.5000000000000000000, 0.3686713610367745600 ) ) ;
#1332 = ORIENTED_EDGE ( 'NONE', *, *, #4754, .T. ) ;
#1333 =( BOUNDED_SURFACE ( )  B_SPLINE_SURFACE ( 1, 2, ( 
 ( #5480, #5992, #4607, #2710, #1833, #3209, #5057, #4064, #5503, #2759, #857, #3258, #2295, #4108, #3664, #1752, #5971, #4973, #874, #3701, #4128, #2213, #4084, #1287, #1351, #4523, #5436, #4580, #2856, #525, #19 ),
 ( #4207, #5546, #4189, #1431, #5566, #3725, #4255, #2307, #2883, #2327, #547, #2837, #3750, #3314, #3349, #1471, #1860, #58, #3335, #2376, #939, #922, #2358, #2395, #4639, #1406, #3768, #1879, #5102, #4228, #5630 ) ),
 .UNSPECIFIED., .F., .F., .T. ) 
 B_SPLINE_SURFACE_WITH_KNOTS ( ( 2, 2 ),
 ( 3, 2, 2, 2, 2, 2, 2, 2, 2, 2, 2, 2, 2, 2, 2, 3 ),
 ( 0.0000000000000000000, 1.000000000000000000 ),
 ( 0.0000000000000000000, 0.05000000000000000300, 0.1000000000000000100, 0.1499999999999999900, 0.2000000000000000100, 0.2500000000000000000, 0.2999999999999999900, 0.3499999999999999800, 0.4000000000000000200, 0.4500000000000000100, 0.5000000000000000000, 0.5500000000000000400, 0.5999999999999999800, 0.6500000000000000200, 0.6999999999999999600, 0.7500000000000000000 ),
 .UNSPECIFIED. ) 
 GEOMETRIC_REPRESENTATION_ITEM ( )  RATIONAL_B_SPLINE_SURFACE ( (
 ( 1.000000000000000000, 0.9510565162951535300, 1.000000000000000000, 0.9510565162951535300, 1.000000000000000000, 0.9510565162951535300, 1.000000000000000000, 0.9510565162951535300, 1.000000000000000000, 0.9510565162951535300, 1.000000000000000000, 0.9510565162951535300, 1.000000000000000000, 0.9510565162951535300, 1.000000000000000000, 0.9510565162951535300, 1.000000000000000000, 0.9510565162951535300, 1.000000000000000000, 0.9510565162951535300, 1.000000000000000000, 0.9510565162951535300, 1.000000000000000000, 0.9510565162951535300, 1.000000000000000000, 0.9510565162951535300, 1.000000000000000000, 0.9510565162951535300, 1.000000000000000000, 0.9510565162951535300, 1.000000000000000000),
 ( 1.000000000000000000, 0.9510565162951535300, 1.000000000000000000, 0.9510565162951535300, 1.000000000000000000, 0.9510565162951535300, 1.000000000000000000, 0.9510565162951535300, 1.000000000000000000, 0.9510565162951535300, 1.000000000000000000, 0.9510565162951535300, 1.000000000000000000, 0.9510565162951535300, 1.000000000000000000, 0.9510565162951535300, 1.000000000000000000, 0.9510565162951535300, 1.000000000000000000, 0.9510565162951535300, 1.000000000000000000, 0.9510565162951535300, 1.000000000000000000, 0.9510565162951535300, 1.000000000000000000, 0.9510565162951535300, 1.000000000000000000, 0.9510565162951535300, 1.000000000000000000, 0.9510565162951535300, 1.000000000000000000) ) ) 
 REPRESENTATION_ITEM ( '' )  SURFACE ( )  );
#1334 = ORIENTED_EDGE ( 'NONE', *, *, #2952, .F. ) ;
#1335 = CARTESIAN_POINT ( 'NONE',  ( 0.1968503937007873800, 0.03117803943396382100, -0.009937285922657660900 ) ) ;
#1336 = CARTESIAN_POINT ( 'NONE',  ( 0.3824986187818946700, -0.1734929584448398300, -0.3686713610367743900 ) ) ;
#1337 = CARTESIAN_POINT ( 'NONE',  ( 0.2706329386826363800, -0.1562500000000013000, 0.3449999999999999200 ) ) ;
#1338 = CIRCLE ( 'NONE', #2998, 0.5000000000000000000 ) ;
#1339 = ORIENTED_EDGE ( 'NONE', *, *, #5558, .T. ) ;
#1340 =( BOUNDED_CURVE ( )  B_SPLINE_CURVE ( 2, ( #2503, #1513, #5726, #5202, #3394, #4762, #607, #2462, #5694, #255, #1185, #3500, #2999 ),
 .UNSPECIFIED., .F., .F. ) 
 B_SPLINE_CURVE_WITH_KNOTS ( ( 3, 2, 2, 2, 2, 2, 3 ),
 ( 0.3750000000000000000, 0.4000000000000000200, 0.4500000000000000100, 0.5000000000000000000, 0.5500000000000000400, 0.5999999999999999800, 0.6250000000000000000 ),
 .UNSPECIFIED. ) 
 CURVE ( )  GEOMETRIC_REPRESENTATION_ITEM ( )  RATIONAL_B_SPLINE_CURVE ( ( 0.9755282581475768200, 0.9755282581475768200, 1.000000000000000000, 0.9510565162951535300, 1.000000000000000000, 0.9510565162951535300, 1.000000000000000000, 0.9510565162951535300, 1.000000000000000000, 0.9510565162951535300, 1.000000000000000000, 0.9755282581475768200, 0.9755282581475768200 ) ) 
 REPRESENTATION_ITEM ( '' )  );
#1341 = EDGE_CURVE ( 'NONE', #3531, #2959, #2862, .T. ) ;
#1342 = CARTESIAN_POINT ( 'NONE',  ( 0.02662036739754524900, 0.1951078351625803700, 0.2672523978487765800 ) ) ;
#1343 = CARTESIAN_POINT ( 'NONE',  ( 0.1968503937007873800, 5.907047605753529800E-017, 0.01249999999999996800 ) ) ;
#1344 = FACE_OUTER_BOUND ( 'NONE', #4288, .T. ) ;
#1345 = CARTESIAN_POINT ( 'NONE',  ( -2.410722045565656100E-017, -0.1968503937007874100, 0.1625000000000000300 ) ) ;
#1346 = ORIENTED_EDGE ( 'NONE', *, *, #1157, .F. ) ;
#1347 = ADVANCED_FACE ( 'NONE', ( #2211 ), #233, .F. ) ;
#1348 = EDGE_CURVE ( 'NONE', #1177, #4992, #5634, .T. ) ;
#1349 = CARTESIAN_POINT ( 'NONE',  ( -0.02411274066523899300, 0.5000004666645544400, 0.4353244265593464400 ) ) ;
#1350 = ORIENTED_EDGE ( 'NONE', *, *, #4271, .F. ) ;
#1351 = CARTESIAN_POINT ( 'NONE',  ( -0.4755282581475767700, 0.1545084971874737300, -0.01749999999999998400 ) ) ;
#1352 = CARTESIAN_POINT ( 'NONE',  ( -0.1872158496644003300, -0.06083011700294239200, -0.1325000000000000100 ) ) ;
#1353 = CARTESIAN_POINT ( 'NONE',  ( 0.1157057583252899800, -0.1592553138533361100, 0.07250000000000003700 ) ) ;
#1354 = CIRCLE ( 'NONE', #5691, 0.08200000000000005900 ) ;
#1355 = EDGE_CURVE ( 'NONE', #4925, #666, #308, .T. ) ;
#1356 = CARTESIAN_POINT ( 'NONE',  ( 0.1674509465259921300, 0.1216602340058847800, 0.09750000000000004500 ) ) ;
#1357 = DIRECTION ( 'NONE',  ( -0.7071067811865450200, 0.0000000000000000000, -0.7071067811865499000 ) ) ;
#1358 = DIRECTION ( 'NONE',  ( -3.606478295412809800E-016, 0.0000000000000000000, 1.000000000000000000 ) ) ;
#1359 = CARTESIAN_POINT ( 'NONE',  ( -0.08168173026801456300, 0.4935338083321472200, -0.3921638342466148300 ) ) ;
#1360 = VECTOR ( 'NONE', #2758, 39.37007874015748100 ) ;
#1361 = AXIS2_PLACEMENT_3D ( 'NONE', #5616, #2423, #2465 ) ;
#1362 = DIRECTION ( 'NONE',  ( 0.0000000000000000000, 1.000000000000000000, 1.126443815569355400E-016 ) ) ;
#1363 = CARTESIAN_POINT ( 'NONE',  ( 0.3920127018922178700, -0.3210140831103258700, -0.3449999999999999200 ) ) ;
#1364 = CARTESIAN_POINT ( 'NONE',  ( 0.04100000000000004300, 0.4963378712167216800, 0.3613471034702178700 ) ) ;
#1365 = CARTESIAN_POINT ( 'NONE',  ( 0.2938926261462366800, 0.4045084971874736100, -0.07249999999999998100 ) ) ;
#1366 = CIRCLE ( 'NONE', #1195, 0.04734272207354935800 ) ;
#1367 = DIRECTION ( 'NONE',  ( 0.0000000000000000000, 0.0000000000000000000, -1.000000000000000000 ) ) ;
#1368 = CARTESIAN_POINT ( 'NONE',  ( 0.4580673740599942000, -0.1794503613714146200, 0.3073356214159182500 ) ) ;
#1369 = CARTESIAN_POINT ( 'NONE',  ( 0.4162165035937842000, -0.2651325541516215100, -0.2630046021525051500 ) ) ;
#1370 = DIRECTION ( 'NONE',  ( -0.5000000000000041100, -0.8660254037844362700, 0.0000000000000000000 ) ) ;
#1371 = ADVANCED_FACE ( 'NONE', ( #5764, #389 ), #3186, .F. ) ;
#1372 = CARTESIAN_POINT ( 'NONE',  ( 0.09159750513159639600, 0.4915382966297409100, -0.3450053225035648000 ) ) ;
#1373 = EDGE_CURVE ( 'NONE', #1854, #5021, #2320, .T. ) ;
#1374 = DIRECTION ( 'NONE',  ( -0.2500000000000015000, -0.4330127018922174700, -0.8660254037844391500 ) ) ;
#1375 = CARTESIAN_POINT ( 'NONE',  ( -0.1968503937007873800, 1.093897704769172200E-017, 0.01249999999999996100 ) ) ;
#1376 = CARTESIAN_POINT ( 'NONE',  ( -0.07107313010830809700, 0.1835993559053311600, 0.3037557995980789700 ) ) ;
#1377 = CARTESIAN_POINT ( 'NONE',  ( 0.4038951253470163800, -0.2826136808131316000, -0.2718373658187232500 ) ) ;
#1378 = CARTESIAN_POINT ( 'NONE',  ( -0.08200000000000008700, 0.4846770714133428200, -0.3449999999999999200 ) ) ;
#1379 = DIRECTION ( 'NONE',  ( 0.8660254037844363800, -0.5000000000000038900, -0.0000000000000000000 ) ) ;
#1380 = DIRECTION ( 'NONE',  ( -1.000000000000000000, 0.0000000000000000000, 0.0000000000000000000 ) ) ;
#1381 = VERTEX_POINT ( 'NONE', #5274 ) ;
#1382 = AXIS2_PLACEMENT_3D ( 'NONE', #4479, #1295, #5410 ) ;
#1383 = CARTESIAN_POINT ( 'NONE',  ( -0.02158624768503195400, 0.4930211207645432400, 0.4270049947112145600 ) ) ;
#1384 = CARTESIAN_POINT ( 'NONE',  ( -0.5000000000000001100, 9.626299801968714300E-017, -0.08749999999999996700 ) ) ;
#1385 = ORIENTED_EDGE ( 'NONE', *, *, #4868, .T. ) ;
#1386 = DIRECTION ( 'NONE',  ( -0.7071067811865504600, 8.659560562354968600E-017, 0.7071067811865444600 ) ) ;
#1387 = CARTESIAN_POINT ( 'NONE',  ( 0.4755282581475768200, 0.1545084971874736700, -0.1324999999999999800 ) ) ;
#1388 = ORIENTED_EDGE ( 'NONE', *, *, #131, .F. ) ;
#1389 = DIRECTION ( 'NONE',  ( -0.0000000000000000000, -0.0000000000000000000, -1.000000000000000000 ) ) ;
#1390 = ORIENTED_EDGE ( 'NONE', *, *, #84, .T. ) ;
#1391 = EDGE_LOOP ( 'NONE', ( #3538, #2036 ) ) ;
#1392 = CARTESIAN_POINT ( 'NONE',  ( 0.3619986187818944300, -0.2090000000000018500, -0.3923427220735491400 ) ) ;
#1393 = CARTESIAN_POINT ( 'NONE',  ( -0.08199818773084068000, 0.4846773462961148600, -0.3665640001638629200 ) ) ;
#1394 = CARTESIAN_POINT ( 'NONE',  ( -0.1872158496644003300, -0.06083011700294239200, 0.01749999999999996400 ) ) ;
#1395 = CARTESIAN_POINT ( 'NONE',  ( -0.05074999999999985100, 0.3125000000000000000, 0.3449999999999999200 ) ) ;
#1396 = ORIENTED_EDGE ( 'NONE', *, *, #5433, .T. ) ;
#1397 = DIRECTION ( 'NONE',  ( -1.000000000000000000, 0.0000000000000000000, 0.0000000000000000000 ) ) ;
#1398 = ORIENTED_EDGE ( 'NONE', *, *, #2035, .F. ) ;
#1399 = CARTESIAN_POINT ( 'NONE',  ( 0.4270403931354785400, -0.2603466872950569400, 0.4353137000128360900 ) ) ;
#1400 = CARTESIAN_POINT ( 'NONE',  ( -0.4253254041760199900, -0.3090169943749473400, 0.09749999999999998900 ) ) ;
#1401 = CARTESIAN_POINT ( 'NONE',  ( 0.4755282581475768200, 0.1545084971874736700, -0.1074999999999999800 ) ) ;
#1402 = ADVANCED_FACE ( 'NONE', ( #3824 ), #3551, .F. ) ;
#1403 = VECTOR ( 'NONE', #936, 39.37007874015748100 ) ;
#1404 = ORIENTED_EDGE ( 'NONE', *, *, #5282, .F. ) ;
#1405 = ORIENTED_EDGE ( 'NONE', *, *, #1303, .F. ) ;
#1406 = CARTESIAN_POINT ( 'NONE',  ( -0.2069807528028085300, 1.267391582025345100E-017, -0.01249999999999994900 ) ) ;
#1407 = CARTESIAN_POINT ( 'NONE',  ( 0.4607426564757993700, -0.1713244525963499300, 0.3450000000000000300 ) ) ;
#1408 = CARTESIAN_POINT ( 'NONE',  ( 0.1872158496644003300, 0.06083011700294237200, 0.06749999999999996300 ) ) ;
#1409 = CARTESIAN_POINT ( 'NONE',  ( 0.1872158496644003300, -0.06083011700294243400, -0.09250000000000004100 ) ) ;
#1410 = FACE_OUTER_BOUND ( 'NONE', #3229, .T. ) ;
#1411 = EDGE_CURVE ( 'NONE', #5788, #811, #4233, .T. ) ;
#1412 = CIRCLE ( 'NONE', #3646, 0.07216000000000008500 ) ;
#1413 = VERTEX_POINT ( 'NONE', #3607 ) ;
#1414 = CARTESIAN_POINT ( 'NONE',  ( 0.4607433245549154600, -0.1713227456838333200, -0.3234359998361369100 ) ) ;
#1415 = DIRECTION ( 'NONE',  ( 0.4330127018922230200, 0.7499999999999984500, 0.4999999999999991700 ) ) ;
#1416 = DIRECTION ( 'NONE',  ( 0.4330127018922230200, 0.7499999999999984500, 0.4999999999999991100 ) ) ;
#1417 = CARTESIAN_POINT ( 'NONE',  ( 0.4253254041760198800, 0.3090169943749473400, 0.02249999999999999900 ) ) ;
#1418 = LINE ( 'NONE', #5398, #4462 ) ;
#1419 = VERTEX_POINT ( 'NONE', #5926 ) ;
#1420 = ORIENTED_EDGE ( 'NONE', *, *, #2482, .T. ) ;
#1421 = EDGE_CURVE ( 'NONE', #3444, #4465, #4398, .T. ) ;
#1422 = DIRECTION ( 'NONE',  ( -1.000000000000000000, 0.0000000000000000000, 0.0000000000000000000 ) ) ;
#1423 = DIRECTION ( 'NONE',  ( 1.000000000000000000, 0.0000000000000000000, 0.0000000000000000000 ) ) ;
#1424 = CARTESIAN_POINT ( 'NONE',  ( -0.2069807528028085300, 1.267391582025345100E-017, 0.1124999999999999800 ) ) ;
#1425 = DIRECTION ( 'NONE',  ( -0.8660254037844363800, 0.5000000000000038900, 0.0000000000000000000 ) ) ;
#1426 = LINE ( 'NONE', #3905, #4952 ) ;
#1427 = VERTEX_POINT ( 'NONE', #1301 ) ;
#1428 = CARTESIAN_POINT ( 'NONE',  ( -0.5000000000000001100, 9.626299801968714300E-017, -0.08749999999999996700 ) ) ;
#1429 = CARTESIAN_POINT ( 'NONE',  ( -0.09159952967209207500, 0.4915380178261052300, 0.3212483333087674000 ) ) ;
#1430 = CYLINDRICAL_SURFACE ( 'NONE', #2391, 0.5000000000000000000 ) ;
#1431 = CARTESIAN_POINT ( 'NONE',  ( -0.1674509465259921000, 0.1216602340058848100, -0.1224999999999999300 ) ) ;
#1432 = CARTESIAN_POINT ( 'NONE',  ( -0.1624598481164530900, 0.5000000000000000000, -0.05749999999999996800 ) ) ;
#1433 = CARTESIAN_POINT ( 'NONE',  ( -0.06396057012458782100, 0.1968503937007874700, -0.1075000000000000300 ) ) ;
#1434 = CARTESIAN_POINT ( 'NONE',  ( 0.1968503937007873800, -3.281693114307516800E-017, -0.08750000000000003600 ) ) ;
#1435 = EDGE_CURVE ( 'NONE', #1205, #5256, #2958, .T. ) ;
#1436 = VECTOR ( 'NONE', #3182, 39.37007874015748100 ) ;
#1437 = ADVANCED_FACE ( 'NONE', ( #990 ), #1856, .T. ) ;
#1438 = CARTESIAN_POINT ( 'NONE',  ( 0.4377619390268856500, -0.2278163215146533600, -0.4270049947112145600 ) ) ;
#1439 = DIRECTION ( 'NONE',  ( 0.8660254037844363800, -0.5000000000000041100, 0.0000000000000000000 ) ) ;
#1440 = DIRECTION ( 'NONE',  ( 0.8660254037844364900, -0.5000000000000040000, 0.0000000000000000000 ) ) ;
#1441 = LINE ( 'NONE', #4709, #4970 ) ;
#1442 = APPLICATION_CONTEXT ( 'configuration controlled 3d designs of mechanical parts and assemblies' ) ;
#1443 =( BOUNDED_CURVE ( )  B_SPLINE_CURVE ( 2, ( #2384, #3405, #1052, #616, #3872, #2865, #1013, #4261, #4710, #5735, #3688, #485, #197 ),
 .UNSPECIFIED., .F., .T. ) 
 B_SPLINE_CURVE_WITH_KNOTS ( ( 3, 2, 2, 2, 2, 2, 3 ),
 ( 0.3750000000000000000, 0.4000000000000000200, 0.4500000000000000100, 0.5000000000000000000, 0.5500000000000000400, 0.5999999999999999800, 0.6250000000000000000 ),
 .UNSPECIFIED. ) 
 CURVE ( )  GEOMETRIC_REPRESENTATION_ITEM ( )  RATIONAL_B_SPLINE_CURVE ( ( 0.9755282581475768200, 0.9755282581475768200, 1.000000000000000000, 0.9510565162951535300, 1.000000000000000000, 0.9510565162951535300, 1.000000000000000000, 0.9510565162951535300, 1.000000000000000000, 0.9510565162951535300, 1.000000000000000000, 0.9755282581475768200, 0.9755282581475768200 ) ) 
 REPRESENTATION_ITEM ( '' )  );
#1444 = DIRECTION ( 'NONE',  ( -1.000000000000000000, 0.0000000000000000000, 0.0000000000000000000 ) ) ;
#1445 = CARTESIAN_POINT ( 'NONE',  ( 0.1624598481164532800, 0.5000000000000000000, 0.08250000000000000400 ) ) ;
#1446 = CARTESIAN_POINT ( 'NONE',  ( 0.5000000000000001100, -3.500472655261351000E-017, 0.1375000000000000100 ) ) ;
#1447 = CARTESIAN_POINT ( 'NONE',  ( 0.0000000000000000000, -0.5000000000000000000, -0.1374999999999999800 ) ) ;
#1448 = CARTESIAN_POINT ( 'NONE',  ( 0.04852196386336484600, 0.4902520793770779900, 0.2775605402768409600 ) ) ;
#1449 = CARTESIAN_POINT ( 'NONE',  ( -0.06396057012458789000, -0.1968503937007874100, 0.1324999999999999500 ) ) ;
#1450 = CARTESIAN_POINT ( 'NONE',  ( 0.4412960260466406400, -0.2229324307138814700, 0.3135822522846813400 ) ) ;
#1451 = DIRECTION ( 'NONE',  ( -1.000000000000000000, -1.758688375849877300E-016, -0.0000000000000000000 ) ) ;
#1452 = EDGE_CURVE ( 'NONE', #5256, #5540, #3399, .T. ) ;
#1453 = B_SPLINE_CURVE_WITH_KNOTS ( 'NONE', 3,
 ( #5709, #5769, #96, #3392, #3844, #583, #1064, #1527 ),
 .UNSPECIFIED., .F., .F.,
 ( 4, 2, 2, 4 ),
 ( 2.544393206646696300E-007, 0.0003107880854811356700, 0.0006213217316416066600, 0.001242389023962550300 ),
 .UNSPECIFIED. ) ;
#1454 = EDGE_LOOP ( 'NONE', ( #123, #4375, #4743, #1272 ) ) ;
#1455 = DIRECTION ( 'NONE',  ( -3.037509777412724900E-017, 1.000000000000000000, -0.0000000000000000000 ) ) ;
#1456 = EDGE_CURVE ( 'NONE', #4231, #5661, #908, .T. ) ;
#1457 = CARTESIAN_POINT ( 'NONE',  ( 9.184850993605148400E-017, -0.5000000000000000000, 0.004166666666666678800 ) ) ;
#1458 = CARTESIAN_POINT ( 'NONE',  ( 0.1674509465259920700, 0.1216602340058848000, 0.1475000000000000200 ) ) ;
#1459 = ORIENTED_EDGE ( 'NONE', *, *, #2425, .T. ) ;
#1460 =( NAMED_UNIT ( * ) PLANE_ANGLE_UNIT ( ) SI_UNIT ( $, .RADIAN. ) );
#1461 = ORIENTED_EDGE ( 'NONE', *, *, #5218, .T. ) ;
#1462 = CARTESIAN_POINT ( 'NONE',  ( 0.3787443277707788800, -0.3133505796196129300, -0.3666611830256161800 ) ) ;
#1463 = CARTESIAN_POINT ( 'NONE',  ( 2.410722045565656100E-017, 0.1968503937007874100, -0.01250000000000003700 ) ) ;
#1464 = CARTESIAN_POINT ( 'NONE',  ( -0.1872158496644003300, -0.06083011700294239200, -0.1074999999999999400 ) ) ;
#1465 = ADVANCED_FACE ( 'NONE', ( #1707 ), #4027, .T. ) ;
#1466 = VERTEX_POINT ( 'NONE', #437 ) ;
#1467 = AXIS2_PLACEMENT_3D ( 'NONE', #859, #435, #924 ) ;
#1468 = ORIENTED_EDGE ( 'NONE', *, *, #4977, .T. ) ;
#1469 = CARTESIAN_POINT ( 'NONE',  ( 0.08200000000000005900, 0.5000000000000000000, -0.3449999999999999200 ) ) ;
#1470 = AXIS2_PLACEMENT_3D ( 'NONE', #181, #1616, #5300 ) ;
#1471 = CARTESIAN_POINT ( 'NONE',  ( 0.2069807528028085300, -3.802174746076033800E-017, -0.06249999999999993800 ) ) ;
#1472 = CARTESIAN_POINT ( 'NONE',  ( 0.1157057583252900500, 0.1592553138533361100, 0.07749999999999995800 ) ) ;
#1473 = CARTESIAN_POINT ( 'NONE',  ( -0.5000000000000000000, -0.07919222016226802600, -0.05993728592265768600 ) ) ;
#1474 = ORIENTED_EDGE ( 'NONE', *, *, #23, .F. ) ;
#1475 = CARTESIAN_POINT ( 'NONE',  ( 0.4682508962809229200, -0.1760373727346459800, -0.2978168095221696600 ) ) ;
#1476 = ORIENTED_EDGE ( 'NONE', *, *, #5667, .T. ) ;
#1477 = AXIS2_PLACEMENT_3D ( 'NONE', #2696, #5490, #2201 ) ;
#1478 = CARTESIAN_POINT ( 'NONE',  ( 0.4253254041760199900, 0.3090169943749473400, 0.09749999999999998900 ) ) ;
#1479 = LINE ( 'NONE', #5071, #5004 ) ;
#1480 = DIRECTION ( 'NONE',  ( -1.758688375849877300E-016, 1.000000000000000000, 0.0000000000000000000 ) ) ;
#1481 = ORIENTED_EDGE ( 'NONE', *, *, #3068, .F. ) ;
#1482 = CARTESIAN_POINT ( 'NONE',  ( 0.07984136989389900600, 0.4936070424089600800, 0.3907460587429812400 ) ) ;
#1483 = ORIENTED_EDGE ( 'NONE', *, *, #422, .F. ) ;
#1484 = SECURITY_CLASSIFICATION_LEVEL ( 'unclassified' ) ;
#1485 = VECTOR ( 'NONE', #4651, 39.37007874015748900 ) ;
#1486 = CARTESIAN_POINT ( 'NONE',  ( 0.3619986187818944900, -0.2090000000000016800, -0.2976572779264506400 ) ) ;
#1487 = CARTESIAN_POINT ( 'NONE',  ( 0.2938926261462366800, 0.4045084971874736100, 0.07749999999999999900 ) ) ;
#1488 = FACE_OUTER_BOUND ( 'NONE', #1904, .T. ) ;
#1489 = CARTESIAN_POINT ( 'NONE',  ( 0.4755282581475767700, -0.1545084971874737300, 0.1325000000000000100 ) ) ;
#1490 = VERTEX_POINT ( 'NONE', #2743 ) ;
#1491 = CARTESIAN_POINT ( 'NONE',  ( 0.4604645235734811700, -0.1725047554803179300, 0.3624443834311997200 ) ) ;
#1492 = FACE_OUTER_BOUND ( 'NONE', #3188, .T. ) ;
#1493 = FACE_OUTER_BOUND ( 'NONE', #4998, .T. ) ;
#1494 = ORIENTED_EDGE ( 'NONE', *, *, #5016, .F. ) ;
#1495 = CARTESIAN_POINT ( 'NONE',  ( 0.4330127018922182400, -0.2500000000000020000, 0.2976572779264505800 ) ) ;
#1496 = CARTESIAN_POINT ( 'NONE',  ( 0.4714834044339402100, -0.1664433817950764500, 0.3450000000000000300 ) ) ;
#1497 = EDGE_CURVE ( 'NONE', #968, #6024, #62, .T. ) ;
#1498 = B_SPLINE_CURVE_WITH_KNOTS ( 'NONE', 3,
 ( #3006, #3928, #3488, #3458, #1160, #4858, #3440, #3971, #5285, #2093, #5761, #183, #2020, #4341, #4784, #1600, #4414, #2514, #4356, #203, #5252, #2489, #636, #3475, #697, #2565, #5715, #1562, #2037, #4827 ),
 .UNSPECIFIED., .F., .F.,
 ( 4, 2, 2, 2, 2, 2, 2, 2, 2, 2, 2, 2, 2, 2, 4 ),
 ( 0.006587376927874150600, 0.006998759811524635000, 0.007410142695175119500, 0.008232908462476089300, 0.008644291346126575400, 0.009055674229777061600, 0.009467057113427549500, 0.009878439997078035700, 0.01070120576437901000, 0.01111258864802949400, 0.01152397153167998000, 0.01193535441533046700, 0.01234673729898095100, 0.01275812018263143600, 0.01316950306628192200 ),
 .UNSPECIFIED. ) ;
#1499 = ORIENTED_EDGE ( 'NONE', *, *, #3264, .F. ) ;
#1500 = ADVANCED_FACE ( 'NONE', ( #4885, #3895 ), #4805, .T. ) ;
#1501 = CARTESIAN_POINT ( 'NONE',  ( 0.5000000000000001100, -9.626299801968714300E-017, 0.08750000000000000800 ) ) ;
#1502 = CARTESIAN_POINT ( 'NONE',  ( -0.07216000000000009900, 0.5000000000000000000, -0.3449999999999999200 ) ) ;
#1503 = VECTOR ( 'NONE', #3786, 39.37007874015748100 ) ;
#1504 = CARTESIAN_POINT ( 'NONE',  ( -0.003203374023690324200, 0.4981505311451074900, 0.2995067467813433100 ) ) ;
#1505 = AXIS2_PLACEMENT_3D ( 'NONE', #831, #2293, #1380 ) ;
#1506 = DIRECTION ( 'NONE',  ( 1.000000000000000000, 0.0000000000000000000, 0.0000000000000000000 ) ) ;
#1507 = ORIENTED_EDGE ( 'NONE', *, *, #919, .F. ) ;
#1508 = DIRECTION ( 'NONE',  ( -1.000000000000000000, 0.0000000000000000000, 0.0000000000000000000 ) ) ;
#1509 = EDGE_CURVE ( 'NONE', #4433, #3532, #459, .T. ) ;
#1510 = LINE ( 'NONE', #4396, #3549 ) ;
#1511 = EDGE_CURVE ( 'NONE', #439, #3794, #1571, .T. ) ;
#1512 = CARTESIAN_POINT ( 'NONE',  ( 0.1624598481164530600, -0.5000000000000000000, -0.1324999999999999800 ) ) ;
#1513 = CARTESIAN_POINT ( 'NONE',  ( 0.1968503937007873800, 0.03117803943396380400, -0.05993728592265764500 ) ) ;
#1514 = CARTESIAN_POINT ( 'NONE',  ( 0.2938926261462366800, 0.4045084971874736100, 0.1024999999999999900 ) ) ;
#1515 = CARTESIAN_POINT ( 'NONE',  ( -0.1674509465259920700, 0.1216602340058848300, 0.05249999999999996300 ) ) ;
#1516 = DIRECTION ( 'NONE',  ( 0.0000000000000000000, 0.0000000000000000000, -1.000000000000000000 ) ) ;
#1517 = AXIS2_PLACEMENT_3D ( 'NONE', #691, #1653, #4440 ) ;
#1518 = CARTESIAN_POINT ( 'NONE',  ( 0.4210023937655364400, -0.2708018189860014200, -0.2546861439001474300 ) ) ;
#1519 = CARTESIAN_POINT ( 'NONE',  ( 0.2938926261462366800, 0.4045084971874736100, 0.1024999999999999900 ) ) ;
#1520 = DIRECTION ( 'NONE',  ( 0.0000000000000000000, 0.0000000000000000000, -1.000000000000000000 ) ) ;
#1521 =( BOUNDED_CURVE ( )  B_SPLINE_CURVE ( 2, ( #2830, #3796, #2316, #1458, #5154, #2219, #2692 ),
 .UNSPECIFIED., .F., .T. ) 
 B_SPLINE_CURVE_WITH_KNOTS ( ( 3, 2, 2, 3 ),
 ( 0.6250000000000000000, 0.6500000000000000200, 0.6999999999999999600, 0.7500000000000000000 ),
 .UNSPECIFIED. ) 
 CURVE ( )  GEOMETRIC_REPRESENTATION_ITEM ( )  RATIONAL_B_SPLINE_CURVE ( ( 0.9755282581475768200, 0.9755282581475768200, 1.000000000000000000, 0.9510565162951535300, 1.000000000000000000, 0.9510565162951535300, 1.000000000000000000 ) ) 
 REPRESENTATION_ITEM ( '' )  );
#1522 = AXIS2_PLACEMENT_3D ( 'NONE', #88, #1480, #5208 ) ;
#1523 = CARTESIAN_POINT ( 'NONE',  ( 0.02402005775014168900, 0.4999996775480145500, -0.2546861439001465400 ) ) ;
#1524 = CARTESIAN_POINT ( 'NONE',  ( 0.07216000000000005700, 0.5000000000000000000, -0.3449999999999999200 ) ) ;
#1525 = CARTESIAN_POINT ( 'NONE',  ( 0.1872158496644003300, -0.06083011700294241300, -0.1425000000000000200 ) ) ;
#1526 = ADVANCED_FACE ( 'NONE', ( #981 ), #5830, .F. ) ;
#1527 = CARTESIAN_POINT ( 'NONE',  ( -5.549066237130535000E-017, 0.5000000000000000000, 0.2976572779264505800 ) ) ;
#1528 = EDGE_CURVE ( 'NONE', #4752, #4292, #1498, .T. ) ;
#1529 = CARTESIAN_POINT ( 'NONE',  ( 0.1872158496644003300, 0.06083011700294239200, 0.04250000000000004500 ) ) ;
#1530 = CARTESIAN_POINT ( 'NONE',  ( 0.1674509465259921000, -0.1216602340058848300, 0.07750000000000002700 ) ) ;
#1531 = CARTESIAN_POINT ( 'NONE',  ( 0.1674509465259920700, 0.1216602340058848000, 0.02249999999999996100 ) ) ;
#1532 = CARTESIAN_POINT ( 'NONE',  ( -6.123233995736766000E-017, -0.5000000000000000000, 0.03749999999999999200 ) ) ;
#1533 = ORIENTED_EDGE ( 'NONE', *, *, #298, .F. ) ;
#1534 = B_SPLINE_CURVE_WITH_KNOTS ( 'NONE', 1,
 ( #4447, #4993 ),
 .UNSPECIFIED., .F., .F.,
 ( 2, 2 ),
 ( 0.0000000000000000000, 1.000000000000000000 ),
 .UNSPECIFIED. ) ;
#1535 = ORIENTED_EDGE ( 'NONE', *, *, #1421, .T. ) ;
#1536 = EDGE_CURVE ( 'NONE', #3063, #899, #2428, .T. ) ;
#1537 = VERTEX_POINT ( 'NONE', #1585 ) ;
#1538 = DIRECTION ( 'NONE',  ( -1.000000000000000000, 0.0000000000000000000, 0.0000000000000000000 ) ) ;
#1539 = ORIENTED_EDGE ( 'NONE', *, *, #4632, .T. ) ;
#1540 = EDGE_CURVE ( 'NONE', #2737, #2044, #2066, .T. ) ;
#1541 = CARTESIAN_POINT ( 'NONE',  ( 0.4714834044339401000, -0.1664433817950766400, -0.3450000000000000300 ) ) ;
#1542 = EDGE_LOOP ( 'NONE', ( #5765, #2004 ) ) ;
#1543 = CARTESIAN_POINT ( 'NONE',  ( 0.07314594668619971200, 0.4866454279044538100, 0.3021806233536251100 ) ) ;
#1544 = DIRECTION ( 'NONE',  ( 1.000000000000000000, 0.0000000000000000000, 0.0000000000000000000 ) ) ;
#1545 = CARTESIAN_POINT ( 'NONE',  ( -0.2069807528028085300, 3.802174746076033800E-017, -0.08750000000000000800 ) ) ;
#1546 = SECURITY_CLASSIFICATION ( '', '', #1484 ) ;
#1547 = CARTESIAN_POINT ( 'NONE',  ( 0.4714834044339402100, -0.1664433817950765600, -0.3450000000000000300 ) ) ;
#1548 = EDGE_LOOP ( 'NONE', ( #810, #2325, #3029, #3744 ) ) ;
#1549 = ORIENTED_EDGE ( 'NONE', *, *, #4019, .T. ) ;
#1550 = CARTESIAN_POINT ( 'NONE',  ( 0.4755282581475768200, 0.1545084971874735900, 0.09249999999999999900 ) ) ;
#1551 = CARTESIAN_POINT ( 'NONE',  ( 0.02758286469768693800, 0.4936397845024506600, -0.3764177477153187700 ) ) ;
#1552 = DIRECTION ( 'NONE',  ( 0.0000000000000000000, 1.000000000000000000, 1.126443815569355400E-016 ) ) ;
#1553 = PLANE ( 'NONE',  #5609 ) ;
#1554 = LINE ( 'NONE', #4391, #2864 ) ;
#1555 = B_SPLINE_CURVE_WITH_KNOTS ( 'NONE', 1,
 ( #3950, #778 ),
 .UNSPECIFIED., .F., .F.,
 ( 2, 2 ),
 ( 0.0000000000000000000, 1.000000000000000000 ),
 .UNSPECIFIED. ) ;
#1556 = ORIENTED_EDGE ( 'NONE', *, *, #5714, .F. ) ;
#1557 = CALENDAR_DATE ( 2021, 14, 9 ) ;
#1558 = VERTEX_POINT ( 'NONE', #3508 ) ;
#1559 = ADVANCED_FACE ( 'NONE', ( #825 ), #4395, .F. ) ;
#1560 = AXIS2_PLACEMENT_3D ( 'NONE', #1025, #1956, #4276 ) ;
#1561 = CARTESIAN_POINT ( 'NONE',  ( 0.2938926261462366200, 0.4045084971874736100, 0.05250000000000000500 ) ) ;
#1562 = CARTESIAN_POINT ( 'NONE',  ( 0.1959275430352854500, -0.01907427960970800200, 0.3559356452571645900 ) ) ;
#1563 = CARTESIAN_POINT ( 'NONE',  ( 0.1139824445707190300, -0.1604932392028959000, 0.3449999999999999200 ) ) ;
#1564 = CARTESIAN_POINT ( 'NONE',  ( -0.005533851892320769600, 0.1574783274489972600, -0.2630038170001534100 ) ) ;
#1565 = VECTOR ( 'NONE', #1189, 39.37007874015748900 ) ;
#1566 = ORIENTED_EDGE ( 'NONE', *, *, #742, .T. ) ;
#1567 = CARTESIAN_POINT ( 'NONE',  ( 0.5000000000000000000, 6.123233995736766000E-017, 0.1899999999999999500 ) ) ;
#1568 = EDGE_CURVE ( 'NONE', #3310, #5970, #5687, .T. ) ;
#1569 = CARTESIAN_POINT ( 'NONE',  ( 0.4210023937655364400, -0.2708018189860014700, -0.2546861439001473800 ) ) ;
#1570 = CARTESIAN_POINT ( 'NONE',  ( 0.1674509465259920700, -0.1216602340058848100, -0.1224999999999999400 ) ) ;
#1571 = LINE ( 'NONE', #3898, #3537 ) ;
#1572 = EDGE_LOOP ( 'NONE', ( #2520, #1334 ) ) ;
#1573 = CARTESIAN_POINT ( 'NONE',  ( 0.3844418023105356500, -0.3069766888889459700, 0.3826581981810017700 ) ) ;
#1574 = ORIENTED_EDGE ( 'NONE', *, *, #790, .F. ) ;
#1575 = CARTESIAN_POINT ( 'NONE',  ( -1.345699952522735200E-017, 0.4901600000000000400, -0.3449999999999999200 ) ) ;
#1576 = EDGE_CURVE ( 'NONE', #6024, #3063, #752, .T. ) ;
#1577 = LINE ( 'NONE', #1102, #5181 ) ;
#1578 = CARTESIAN_POINT ( 'NONE',  ( -0.1674509465259921000, -0.1216602340058847800, 0.1475000000000000200 ) ) ;
#1579 = ORIENTED_EDGE ( 'NONE', *, *, #509, .F. ) ;
#1580 = CARTESIAN_POINT ( 'NONE',  ( 0.02369784286451279100, 0.4995672511233106300, 0.2570151123841072400 ) ) ;
#1581 = CARTESIAN_POINT ( 'NONE',  ( 0.2938926261462365700, -0.4045084971874737300, -0.02749999999999997900 ) ) ;
#1582 = CARTESIAN_POINT ( 'NONE',  ( 0.0000000000000000000, 0.0000000000000000000, -0.1899999999999999500 ) ) ;
#1583 = EDGE_CURVE ( 'NONE', #5434, #1715, #3102, .T. ) ;
#1584 = LINE ( 'NONE', #3690, #3267 ) ;
#1585 = CARTESIAN_POINT ( 'NONE',  ( -0.5000000000000001100, 9.626299801968714300E-017, 0.08750000000000000800 ) ) ;
#1586 = CARTESIAN_POINT ( 'NONE',  ( 0.5257311121191335900, -3.219174618344376100E-017, 0.03750000000000000600 ) ) ;
#1587 = CARTESIAN_POINT ( 'NONE',  ( 0.3865598552538101500, -0.3175277258940453200, -0.2978365846163104100 ) ) ;
#1588 = DIRECTION ( 'NONE',  ( -1.000000000000000000, 0.0000000000000000000, 0.0000000000000000000 ) ) ;
#1589 = VECTOR ( 'NONE', #3680, 39.37007874015748100 ) ;
#1590 = AXIS2_PLACEMENT_3D ( 'NONE', #4946, #2631, #3123 ) ;
#1591 = CARTESIAN_POINT ( 'NONE',  ( -0.1674509465259921300, -0.1216602340058847700, -0.05249999999999995600 ) ) ;
#1592 = CARTESIAN_POINT ( 'NONE',  ( 0.0000000000000000000, -0.1968503937007874100, -0.1374999999999999600 ) ) ;
#1593 = CARTESIAN_POINT ( 'NONE',  ( 0.3884119082969477700, -0.3021962311605774200, 0.3934691819355046200 ) ) ;
#1594 = CYLINDRICAL_SURFACE ( 'NONE', #4104, 0.08200000000000007300 ) ;
#1595 = DIRECTION ( 'NONE',  ( 0.5000000000000044400, 0.8660254037844360400, 0.0000000000000000000 ) ) ;
#1596 = DIRECTION ( 'NONE',  ( -1.000000000000000000, 0.0000000000000000000, 0.0000000000000000000 ) ) ;
#1597 = AXIS2_PLACEMENT_3D ( 'NONE', #1059, #3857, #4362 ) ;
#1598 = CARTESIAN_POINT ( 'NONE',  ( -0.4330127018922199100, 0.2499999999999990000, 0.004191306063588620200 ) ) ;
#1599 = B_SPLINE_CURVE_WITH_KNOTS ( 'NONE', 3,
 ( #5296, #2146, #2541, #5770 ),
 .UNSPECIFIED., .F., .F.,
 ( 4, 4 ),
 ( 0.001334182499245445500, 0.001957391761254277700 ),
 .UNSPECIFIED. ) ;
#1600 = CARTESIAN_POINT ( 'NONE',  ( 0.1758780523846623400, -0.08907235282245407100, 0.4270015461006645400 ) ) ;
#1601 = DIRECTION ( 'NONE',  ( -1.000000000000000000, 0.0000000000000000000, 0.0000000000000000000 ) ) ;
#1602 = CARTESIAN_POINT ( 'NONE',  ( -0.07930144967459393200, 0.1360620633623584600, -0.3234460339904364200 ) ) ;
#1603 = EDGE_LOOP ( 'NONE', ( #5507, #1674 ) ) ;
#1604 = ORIENTED_EDGE ( 'NONE', *, *, #5828, .F. ) ;
#1605 = CARTESIAN_POINT ( 'NONE',  ( 0.1157057583252900100, 0.1592553138533361100, 0.002500000000000058600 ) ) ;
#1606 = CARTESIAN_POINT ( 'NONE',  ( 0.04100000000000003600, 0.4180000000000000400, 0.3213286389632252800 ) ) ;
#1607 = CARTESIAN_POINT ( 'NONE',  ( 0.4755282581475768200, 0.1545084971874736700, -0.1324999999999999800 ) ) ;
#1608 = VERTEX_POINT ( 'NONE', #1659 ) ;
#1609 = ORIENTED_EDGE ( 'NONE', *, *, #633, .F. ) ;
#1610 = PLANE ( 'NONE',  #2916 ) ;
#1611 = EDGE_CURVE ( 'NONE', #3925, #3326, #2810, .T. ) ;
#1612 = CARTESIAN_POINT ( 'NONE',  ( -4.897910910668677100E-017, 0.5000000000000000000, -0.3449999999999999200 ) ) ;
#1613 = DIRECTION ( 'NONE',  ( -0.5000000000000040000, -0.8660254037844363800, 3.606478295412810300E-016 ) ) ;
#1614 = CARTESIAN_POINT ( 'NONE',  ( -0.5000000000000000000, -0.07919222016226809500, -0.1349372859226576600 ) ) ;
#1615 = VERTEX_POINT ( 'NONE', #1229 ) ;
#1616 = DIRECTION ( 'NONE',  ( -0.0000000000000000000, -0.0000000000000000000, -1.000000000000000000 ) ) ;
#1617 = VERTEX_POINT ( 'NONE', #756 ) ;
#1618 = ADVANCED_FACE ( 'NONE', ( #4604 ), #3130, .F. ) ;
#1619 = VERTEX_POINT ( 'NONE', #2643 ) ;
#1620 = CARTESIAN_POINT ( 'NONE',  ( -0.4253254041760198800, 0.3090169943749474500, 0.07749999999999999900 ) ) ;
#1621 = AXIS2_PLACEMENT_3D ( 'NONE', #4488, #796, #3615 ) ;
#1622 = CARTESIAN_POINT ( 'NONE',  ( 0.3865691615327852000, -0.3175170295061114900, -0.3921886146924555300 ) ) ;
#1623 = VERTEX_POINT ( 'NONE', #2586 ) ;
#1624 = DIRECTION ( 'NONE',  ( -0.0000000000000000000, -0.0000000000000000000, 1.000000000000000000 ) ) ;
#1625 = EDGE_CURVE ( 'NONE', #5281, #891, #1418, .T. ) ;
#1626 = VECTOR ( 'NONE', #2661, 39.37007874015748100 ) ;
#1627 = CARTESIAN_POINT ( 'NONE',  ( 0.1624598481164530900, -0.5000000000000000000, -0.03249999999999997300 ) ) ;
#1628 = CARTESIAN_POINT ( 'NONE',  ( 0.4607426564757993700, -0.1713244525963499300, 0.3450000000000000300 ) ) ;
#1629 = VERTEX_POINT ( 'NONE', #4900 ) ;
#1630 = VERTEX_POINT ( 'NONE', #5849 ) ;
#1631 = CARTESIAN_POINT ( 'NONE',  ( 0.1624598481164530900, -0.5000000000000000000, -0.1574999999999999500 ) ) ;
#1632 = CARTESIAN_POINT ( 'NONE',  ( -0.1872158496644003300, 0.06083011700294241300, -0.1425000000000000400 ) ) ;
#1633 = FACE_OUTER_BOUND ( 'NONE', #4877, .T. ) ;
#1634 = CARTESIAN_POINT ( 'NONE',  ( 0.4566840629289931600, -0.2090000000000021000, -0.3449999999999999200 ) ) ;
#1635 = LINE ( 'NONE', #6020, #1696 ) ;
#1636 = ORIENTED_EDGE ( 'NONE', *, *, #3300, .F. ) ;
#1637 = CARTESIAN_POINT ( 'NONE',  ( -0.2938926261462366800, -0.4045084971874736100, -0.07249999999999998100 ) ) ;
#1638 = DIRECTION ( 'NONE',  ( -0.0000000000000000000, -0.0000000000000000000, -1.000000000000000000 ) ) ;
#1639 = FACE_OUTER_BOUND ( 'NONE', #2258, .T. ) ;
#1640 = VECTOR ( 'NONE', #4061, 39.37007874015748900 ) ;
#1641 = ORIENTED_EDGE ( 'NONE', *, *, #5207, .F. ) ;
#1642 = AXIS2_PLACEMENT_3D ( 'NONE', #120, #5623, #2522 ) ;
#1643 = CARTESIAN_POINT ( 'NONE',  ( 1.229195698559069900E-017, 0.3437500000000000600, 0.3449999999999999200 ) ) ;
#1644 = CARTESIAN_POINT ( 'NONE',  ( 0.1574803149606299200, 1.145430064125904000E-016, -0.3221092245658843100 ) ) ;
#1645 = EDGE_LOOP ( 'NONE', ( #4296, #4219, #5941, #3749 ) ) ;
#1646 = CARTESIAN_POINT ( 'NONE',  ( 0.1872158496644003300, -0.06083011700294241300, -0.01749999999999995000 ) ) ;
#1647 = CARTESIAN_POINT ( 'NONE',  ( 0.4607419883966833400, -0.1713261595088665400, 0.3665640001638630900 ) ) ;
#1648 = DIRECTION ( 'NONE',  ( 0.8660254037844364900, -0.5000000000000038900, 0.0000000000000000000 ) ) ;
#1649 = CARTESIAN_POINT ( 'NONE',  ( 0.3386962325509004200, -0.1008609168896775800, 0.3449999999999999200 ) ) ;
#1650 = CIRCLE ( 'NONE', #1590, 0.04734272207354935800 ) ;
#1651 = DIRECTION ( 'NONE',  ( 0.8660254037844364900, -0.5000000000000040000, 0.0000000000000000000 ) ) ;
#1652 = CARTESIAN_POINT ( 'NONE',  ( 0.4253254041760198800, 0.3090169943749474000, 0.02249999999999999900 ) ) ;
#1653 = DIRECTION ( 'NONE',  ( -1.000000000000000000, 1.224646799147352000E-016, 0.0000000000000000000 ) ) ;
#1654 = DIRECTION ( 'NONE',  ( -1.000000000000000000, 0.0000000000000000000, 0.0000000000000000000 ) ) ;
#1655 = CONICAL_SURFACE ( 'NONE', #5866, 0.04734272207354935800, 0.7853981633974500600 ) ;
#1656 = CARTESIAN_POINT ( 'NONE',  ( 0.2938926261462366200, 0.4045084971874736100, 0.1525000000000000200 ) ) ;
#1657 = EDGE_CURVE ( 'NONE', #978, #5748, #1060, .T. ) ;
#1658 = FACE_OUTER_BOUND ( 'NONE', #3473, .T. ) ;
#1659 = CARTESIAN_POINT ( 'NONE',  ( -6.123233995736766000E-017, -0.5000000000000000000, 0.01250000000000002000 ) ) ;
#1660 = DIRECTION ( 'NONE',  ( 0.8660254037844363800, -0.5000000000000041100, 0.0000000000000000000 ) ) ;
#1661 = CARTESIAN_POINT ( 'NONE',  ( -0.2938926261462365100, 0.4045084971874737300, 0.07250000000000000900 ) ) ;
#1662 = CC_DESIGN_PERSON_AND_ORGANIZATION_ASSIGNMENT ( #1049, #4284, ( #5060 ) ) ;
#1663 = CARTESIAN_POINT ( 'NONE',  ( -0.1157057583252900500, -0.1592553138533361100, -0.04749999999999995200 ) ) ;
#1664 = CARTESIAN_POINT ( 'NONE',  ( 0.3787409853738202300, -0.3133546577969923400, 0.3233484815112823200 ) ) ;
#1665 = CARTESIAN_POINT ( 'NONE',  ( 0.4999999999999999400, -0.07919222016226822000, 0.08493728592265770100 ) ) ;
#1666 = CARTESIAN_POINT ( 'NONE',  ( 0.1624598481164531700, 0.5000000000000000000, -0.01749999999999996400 ) ) ;
#1667 = CARTESIAN_POINT ( 'NONE',  ( 2.410722045565656100E-017, 0.1968503937007874100, 0.03749999999999995700 ) ) ;
#1668 = AXIS2_PLACEMENT_3D ( 'NONE', #3203, #1739, #1358 ) ;
#1669 = CARTESIAN_POINT ( 'NONE',  ( 0.4125127018922181100, -0.2855070415551639900, -0.3213286389632253900 ) ) ;
#1670 = ADVANCED_FACE ( 'NONE', ( #5610 ), #5537, .F. ) ;
#1671 = ORIENTED_EDGE ( 'NONE', *, *, #1933, .T. ) ;
#1672 = DIRECTION ( 'NONE',  ( 0.0000000000000000000, 0.0000000000000000000, 1.000000000000000000 ) ) ;
#1673 = CARTESIAN_POINT ( 'NONE',  ( -0.1968503937007873800, 1.093897704769172200E-017, 0.03750000000000003300 ) ) ;
#1674 = ORIENTED_EDGE ( 'NONE', *, *, #1568, .T. ) ;
#1675 = CARTESIAN_POINT ( 'NONE',  ( -1.518754888706362500E-017, 0.5000000000000000000, -0.3449999999999999200 ) ) ;
#1676 = ORIENTED_EDGE ( 'NONE', *, *, #1421, .F. ) ;
#1677 = DIRECTION ( 'NONE',  ( 1.000000000000000000, 0.0000000000000000000, 0.0000000000000000000 ) ) ;
#1678 = EDGE_CURVE ( 'NONE', #1715, #5434, #301, .T. ) ;
#1679 = CARTESIAN_POINT ( 'NONE',  ( -0.04854133588602960200, 0.4902511238111378300, 0.4124243145411013400 ) ) ;
#1680 = CARTESIAN_POINT ( 'NONE',  ( 0.2938926261462366200, 0.4045084971874736100, -0.02249999999999996400 ) ) ;
#1681 = ORIENTED_EDGE ( 'NONE', *, *, #3921, .T. ) ;
#1682 = EDGE_CURVE ( 'NONE', #1310, #1259, #3254, .T. ) ;
#1683 = ORIENTED_EDGE ( 'NONE', *, *, #3373, .T. ) ;
#1684 = CARTESIAN_POINT ( 'NONE',  ( -0.4253254041760198800, 0.3090169943749474500, 0.05249999999999998400 ) ) ;
#1685 = CARTESIAN_POINT ( 'NONE',  ( -0.09159750529064449000, 0.4915382966001025600, -0.3449999999999999200 ) ) ;
#1686 = CARTESIAN_POINT ( 'NONE',  ( 0.3824986187818946700, -0.1734929584448398300, -0.3686713610367743900 ) ) ;
#1687 = CARTESIAN_POINT ( 'NONE',  ( 0.4714834044339402100, -0.1664433817950764500, 0.3450000000000000300 ) ) ;
#1688 = VERTEX_POINT ( 'NONE', #3533 ) ;
#1689 = VERTEX_POINT ( 'NONE', #729 ) ;
#1690 = CARTESIAN_POINT ( 'NONE',  ( 0.4535127018922184800, -0.2144929584448400700, -0.3213286389632253300 ) ) ;
#1691 = CARTESIAN_POINT ( 'NONE',  ( 0.4330127018922182400, -0.2500000000000020500, 0.3449999999999999200 ) ) ;
#1692 = CARTESIAN_POINT ( 'NONE',  ( 0.0000000000000000000, 0.0000000000000000000, -0.4999999999999999400 ) ) ;
#1693 = LINE ( 'NONE', #4425, #6027 ) ;
#1694 = AXIS2_PLACEMENT_3D ( 'NONE', #1692, #4110, #1596 ) ;
#1695 = CARTESIAN_POINT ( 'NONE',  ( 0.02150327546866276700, 0.4930203426623642200, -0.2630046021525052100 ) ) ;
#1696 = VECTOR ( 'NONE', #3282, 39.37007874015748900 ) ;
#1697 = ORIENTED_EDGE ( 'NONE', *, *, #3341, .F. ) ;
#1698 = ORIENTED_EDGE ( 'NONE', *, *, #2222, .F. ) ;
#1699 = CARTESIAN_POINT ( 'NONE',  ( 0.3798858992484875400, -0.3250949146821092700, -0.3450053225035648000 ) ) ;
#1700 = CARTESIAN_POINT ( 'NONE',  ( 0.09160041111943165200, 0.4915378628184529100, 0.3211519359870704800 ) ) ;
#1701 = CARTESIAN_POINT ( 'NONE',  ( -0.4755282581475767700, 0.1545084971874737300, -0.1174999999999999800 ) ) ;
#1702 = FACE_OUTER_BOUND ( 'NONE', #5073, .T. ) ;
#1703 =( BOUNDED_CURVE ( )  B_SPLINE_CURVE ( 2, ( #2216, #2236, #1387, #3773, #961, #3293, #5995, #5106, #22, #4667, #2841, #2761, #3277 ),
 .UNSPECIFIED., .F., .T. ) 
 B_SPLINE_CURVE_WITH_KNOTS ( ( 3, 2, 2, 2, 2, 2, 3 ),
 ( 0.1250000000000000300, 0.1499999999999999900, 0.2000000000000000100, 0.2500000000000000000, 0.2999999999999999900, 0.3499999999999999800, 0.3750000000000000000 ),
 .UNSPECIFIED. ) 
 CURVE ( )  GEOMETRIC_REPRESENTATION_ITEM ( )  RATIONAL_B_SPLINE_CURVE ( ( 0.9755282581475768200, 0.9755282581475768200, 1.000000000000000000, 0.9510565162951535300, 1.000000000000000000, 0.9510565162951535300, 1.000000000000000000, 0.9510565162951535300, 1.000000000000000000, 0.9510565162951535300, 1.000000000000000000, 0.9755282581475768200, 0.9755282581475768200 ) ) 
 REPRESENTATION_ITEM ( '' )  );
#1704 = FACE_OUTER_BOUND ( 'NONE', #2433, .T. ) ;
#1705 = CARTESIAN_POINT ( 'NONE',  ( -0.05057979539491196100, 0.1493519700627447300, -0.4103985733808373500 ) ) ;
#1706 = ORIENTED_EDGE ( 'NONE', *, *, #4566, .T. ) ;
#1707 = FACE_OUTER_BOUND ( 'NONE', #5732, .T. ) ;
#1708 = CARTESIAN_POINT ( 'NONE',  ( 0.1674509465259921000, 0.1216602340058847800, 0.1224999999999999300 ) ) ;
#1709 = DIRECTION ( 'NONE',  ( -0.0000000000000000000, -0.0000000000000000000, -1.000000000000000000 ) ) ;
#1710 = ORIENTED_EDGE ( 'NONE', *, *, #1355, .T. ) ;
#1711 = CARTESIAN_POINT ( 'NONE',  ( -0.1624598481164531700, -0.5000000000000000000, -0.09249999999999999900 ) ) ;
#1712 = ORIENTED_EDGE ( 'NONE', *, *, #3492, .T. ) ;
#1713 = DIRECTION ( 'NONE',  ( 0.2500000000000021100, 0.4330127018922182400, -0.8660254037844386000 ) ) ;
#1714 = VECTOR ( 'NONE', #4270, 39.37007874015748900 ) ;
#1715 = VERTEX_POINT ( 'NONE', #5340 ) ;
#1716 = CARTESIAN_POINT ( 'NONE',  ( 0.0000000000000000000, 0.0000000000000000000, -0.4999999999999999400 ) ) ;
#1717 = LINE ( 'NONE', #5104, #473 ) ;
#1718 = CARTESIAN_POINT ( 'NONE',  ( -0.2938926261462366200, -0.4045084971874736100, 0.05250000000000000500 ) ) ;
#1719 = EDGE_CURVE ( 'NONE', #2071, #1171, #5247, .T. ) ;
#1720 = CARTESIAN_POINT ( 'NONE',  ( -4.897910910668677100E-017, 0.5000000000000000000, -0.3449999999999999200 ) ) ;
#1721 = CARTESIAN_POINT ( 'NONE',  ( -4.897910910668677100E-017, 0.5000000000000000000, -0.3449999999999999200 ) ) ;
#1722 = DIRECTION ( 'NONE',  ( -1.000000000000000000, 0.0000000000000000000, 0.0000000000000000000 ) ) ;
#1723 = CARTESIAN_POINT ( 'NONE',  ( 0.5257311121191335900, -3.219174618344376100E-017, 0.1125000000000000000 ) ) ;
#1724 = CARTESIAN_POINT ( 'NONE',  ( 0.04100000000000003600, 0.4963324184598466000, -0.3286638020435324000 ) ) ;
#1725 = CARTESIAN_POINT ( 'NONE',  ( -0.04099999999999998800, 0.4180000000000000400, 0.3686713610367743900 ) ) ;
#1726 = CARTESIAN_POINT ( 'NONE',  ( 0.4070192890402995500, -0.2823354181663389500, -0.3366657112249572000 ) ) ;
#1727 = FACE_OUTER_BOUND ( 'NONE', #1391, .T. ) ;
#1728 = EDGE_CURVE ( 'NONE', #5415, #4953, #2354, .T. ) ;
#1729 = AXIS2_PLACEMENT_3D ( 'NONE', #2266, #1321, #3224 ) ;
#1730 = CARTESIAN_POINT ( 'NONE',  ( 0.3969327018922179100, -0.3124923931370870400, 0.3449999999999999200 ) ) ;
#1731 = CARTESIAN_POINT ( 'NONE',  ( 0.4359500644175490200, -0.2322446665303389000, -0.3073828881836357900 ) ) ;
#1732 = CARTESIAN_POINT ( 'NONE',  ( -0.1157057583252900000, 0.1592553138533361100, -0.1525000000000000200 ) ) ;
#1734 = EDGE_CURVE ( 'NONE', #2737, #5501, #2136, .T. ) ;
#1733 = CARTESIAN_POINT ( 'NONE',  ( -0.1157057583252899800, 0.1592553138533361100, 0.07250000000000003700 ) ) ;
#1735 = CARTESIAN_POINT ( 'NONE',  ( 0.08200000000000007300, 0.3437500000000000600, -0.3449999999999999200 ) ) ;
#1736 = CARTESIAN_POINT ( 'NONE',  ( -0.08200000000000004500, 0.3437500000000000600, -0.3449999999999999200 ) ) ;
#1737 = CARTESIAN_POINT ( 'NONE',  ( 2.410722045565656100E-017, 0.1968503937007874100, -0.08749999999999995300 ) ) ;
#1738 = CARTESIAN_POINT ( 'NONE',  ( -0.03452097890186631200, 0.4965780097134042700, 0.3724120256118672000 ) ) ;
#1739 = DIRECTION ( 'NONE',  ( 1.000000000000000000, 9.795821821337355400E-017, 3.606478295412809800E-016 ) ) ;
#1740 = DIRECTION ( 'NONE',  ( 1.758688375849877800E-016, -1.000000000000000000, -0.0000000000000000000 ) ) ;
#1741 = EDGE_CURVE ( 'NONE', #4644, #811, #4947, .T. ) ;
#1742 = ORIENTED_EDGE ( 'NONE', *, *, #3221, .T. ) ;
#1743 = CARTESIAN_POINT ( 'NONE',  ( 0.06396057012458791800, 0.1968503937007874100, -0.06750000000000003200 ) ) ;
#1744 = CARTESIAN_POINT ( 'NONE',  ( 0.4480197434473803800, -0.2113215974080654400, 0.3533378237527942700 ) ) ;
#1745 = DIRECTION ( 'NONE',  ( -0.0000000000000000000, -0.0000000000000000000, -1.000000000000000000 ) ) ;
#1746 = CARTESIAN_POINT ( 'NONE',  ( -0.08200000000000008700, 0.4846770714133428200, -0.3449999999999999200 ) ) ;
#1747 = CARTESIAN_POINT ( 'NONE',  ( 0.4253254041760198800, -0.3090169943749474500, -0.07249999999999998100 ) ) ;
#1748 = VERTEX_POINT ( 'NONE', #5929 ) ;
#1749 = AXIS2_PLACEMENT_3D ( 'NONE', #623, #3446, #5746 ) ;
#1750 = CARTESIAN_POINT ( 'NONE',  ( 0.1001797828242651100, -0.1215716428475437900, -0.4058324680316574000 ) ) ;
#1751 = ORIENTED_EDGE ( 'NONE', *, *, #4025, .T. ) ;
#1752 = CARTESIAN_POINT ( 'NONE',  ( 0.5257311121191335900, -9.657523855033128400E-017, -0.06249999999999997200 ) ) ;
#1753 = ORIENTED_EDGE ( 'NONE', *, *, #337, .T. ) ;
#1754 = CARTESIAN_POINT ( 'NONE',  ( 0.1674509465259921000, -0.1216602340058848300, -0.09750000000000001700 ) ) ;
#1755 = CARTESIAN_POINT ( 'NONE',  ( -0.1872158496644003300, 0.06083011700294243400, 0.08250000000000004600 ) ) ;
#1756 = CARTESIAN_POINT ( 'NONE',  ( 0.07543469070716953000, -0.1382376831331198500, -0.3400340449918868300 ) ) ;
#1757 = ORIENTED_EDGE ( 'NONE', *, *, #4136, .T. ) ;
#1758 = CARTESIAN_POINT ( 'NONE',  ( 0.04634882685820647400, 0.4979768103824363500, 0.4237414556600026500 ) ) ;
#1759 = CARTESIAN_POINT ( 'NONE',  ( 0.1968503937007873800, -1.093897704769172200E-017, -0.01249999999999995200 ) ) ;
#1760 = EDGE_LOOP ( 'NONE', ( #4177, #2921, #1262, #5241 ) ) ;
#1761 = CARTESIAN_POINT ( 'NONE',  ( -0.1774803149606298500, 0.0000000000000000000, -0.4999999999999999400 ) ) ;
#1762 = ORIENTED_EDGE ( 'NONE', *, *, #5473, .T. ) ;
#1763 = CARTESIAN_POINT ( 'NONE',  ( 0.3814570050774228100, -0.3232853444395771800, 0.3215708722104292900 ) ) ;
#1764 = EDGE_CURVE ( 'NONE', #5596, #1608, #141, .T. ) ;
#1765 = EDGE_CURVE ( 'NONE', #2959, #1629, #3457, .T. ) ;
#1766 = ORIENTED_EDGE ( 'NONE', *, *, #841, .F. ) ;
#1767 = CALENDAR_DATE ( 2021, 14, 9 ) ;
#1768 = DIRECTION ( 'NONE',  ( -0.8660254037844364900, 0.5000000000000040000, -0.0000000000000000000 ) ) ;
#1769 = ORIENTED_EDGE ( 'NONE', *, *, #3546, .F. ) ;
#1770 = CARTESIAN_POINT ( 'NONE',  ( 0.04100000000000004300, 0.5000000000000000000, -0.3686713610367745600 ) ) ;
#1771 = DIRECTION ( 'NONE',  ( -1.000000000000000000, 0.0000000000000000000, 0.0000000000000000000 ) ) ;
#1772 = CARTESIAN_POINT ( 'NONE',  ( 0.0000000000000000000, 0.1968503937007874100, -0.1499999999999999900 ) ) ;
#1773 = ADVANCED_FACE ( 'NONE', ( #5382 ), #5039, .T. ) ;
#1774 = FACE_OUTER_BOUND ( 'NONE', #260, .T. ) ;
#1775 = DIRECTION ( 'NONE',  ( 0.4330127018922227400, 0.7499999999999980000, 0.5000000000000001100 ) ) ;
#1776 = DIRECTION ( 'NONE',  ( -9.795821821337355400E-017, 1.000000000000000000, 0.0000000000000000000 ) ) ;
#1777 = ORIENTED_EDGE ( 'NONE', *, *, #3141, .T. ) ;
#1778 = CARTESIAN_POINT ( 'NONE',  ( 0.0000000000000000000, 0.1968503937007874100, -0.1625000000000000100 ) ) ;
#1779 = CARTESIAN_POINT ( 'NONE',  ( 0.4377611505172512300, -0.2278173946517952100, -0.2629954181721711500 ) ) ;
#1780 = CARTESIAN_POINT ( 'NONE',  ( 0.0000000000000000000, 0.0000000000000000000, 0.4800000000000004300 ) ) ;
#1781 =( BOUNDED_CURVE ( )  B_SPLINE_CURVE ( 2, ( #4979, #1315, #885, #4507, #2285, #5489, #4570, #3159, #3137, #1785, #2221, #386, #364 ),
 .UNSPECIFIED., .F., .F. ) 
 B_SPLINE_CURVE_WITH_KNOTS ( ( 3, 2, 2, 2, 2, 2, 3 ),
 ( 0.3750000000000000000, 0.4000000000000000200, 0.4500000000000000100, 0.5000000000000000000, 0.5500000000000000400, 0.5999999999999999800, 0.6250000000000000000 ),
 .UNSPECIFIED. ) 
 CURVE ( )  GEOMETRIC_REPRESENTATION_ITEM ( )  RATIONAL_B_SPLINE_CURVE ( ( 0.9755282581475768200, 0.9755282581475768200, 1.000000000000000000, 0.9510565162951535300, 1.000000000000000000, 0.9510565162951535300, 1.000000000000000000, 0.9510565162951535300, 1.000000000000000000, 0.9510565162951535300, 1.000000000000000000, 0.9755282581475768200, 0.9755282581475768200 ) ) 
 REPRESENTATION_ITEM ( '' )  );
#1782 = EDGE_LOOP ( 'NONE', ( #5492, #4102, #3663, #2076 ) ) ;
#1783 = ORIENTED_EDGE ( 'NONE', *, *, #5473, .F. ) ;
#1784 = CARTESIAN_POINT ( 'NONE',  ( 0.1674509465259920700, 0.1216602340058848000, 0.1224999999999999400 ) ) ;
#1785 = CARTESIAN_POINT ( 'NONE',  ( 0.4253254041760198800, -0.3090169943749474500, 0.1024999999999999800 ) ) ;
#1786 = CARTESIAN_POINT ( 'NONE',  ( 0.1968503937007874100, 2.410722045565656100E-017, 0.4800000000000004300 ) ) ;
#1787 = CARTESIAN_POINT ( 'NONE',  ( -0.04165841112063382200, 0.1522107462415135100, -0.4164514429443536000 ) ) ;
#1788 = FACE_OUTER_BOUND ( 'NONE', #3991, .T. ) ;
#1789 = ORIENTED_EDGE ( 'NONE', *, *, #584, .F. ) ;
#1790 = AXIS2_PLACEMENT_3D ( 'NONE', #5872, #4049, #5042 ) ;
#1791 = CARTESIAN_POINT ( 'NONE',  ( 0.5000000000000000000, 0.07919222016226802600, 0.06506271407734227900 ) ) ;
#1792 = CARTESIAN_POINT ( 'NONE',  ( 0.4673810280952893100, -0.1777019196574730600, 0.3908011905819617800 ) ) ;
#1793 = DIRECTION ( 'NONE',  ( -0.7071067811865487900, 0.7071067811865461300, 0.0000000000000000000 ) ) ;
#1794 = LINE ( 'NONE', #1207, #546 ) ;
#1795 = CARTESIAN_POINT ( 'NONE',  ( 0.1574803149606299200, -2.542290164203033400E-017, -0.3678907754341156900 ) ) ;
#1796 = DIRECTION ( 'NONE',  ( -1.000000000000000000, 0.0000000000000000000, 0.0000000000000000000 ) ) ;
#1797 = LINE ( 'NONE', #1835, #5471 ) ;
#1798 = DIRECTION ( 'NONE',  ( -1.000000000000000000, 0.0000000000000000000, 0.0000000000000000000 ) ) ;
#1799 = CARTESIAN_POINT ( 'NONE',  ( -0.006444566784558663400, 0.4962792276320904800, -0.3886219497056734900 ) ) ;
#1800 = CARTESIAN_POINT ( 'NONE',  ( -0.1872158496644003300, -0.06083011700294239200, 0.04250000000000004500 ) ) ;
#1801 = LINE ( 'NONE', #1336, #1290 ) ;
#1802 = ADVANCED_FACE ( 'NONE', ( #2001 ), #5898, .F. ) ;
#1803 = CARTESIAN_POINT ( 'NONE',  ( 0.5000000000000000000, 6.123233995736766000E-017, 0.4799999999999996500 ) ) ;
#1804 = EDGE_CURVE ( 'NONE', #5748, #978, #3676, .T. ) ;
#1805 = CARTESIAN_POINT ( 'NONE',  ( 0.4021974370011910400, -0.2971711967434007600, 0.2727494537870807100 ) ) ;
#1806 = CARTESIAN_POINT ( 'NONE',  ( -0.07312319083983616400, 0.4866447284736312200, -0.3878197570353851800 ) ) ;
#1807 = CARTESIAN_POINT ( 'NONE',  ( 0.05013613721254824000, 0.1904128100119897300, 0.2798951643196551700 ) ) ;
#1808 = CARTESIAN_POINT ( 'NONE',  ( -0.4755282581475767700, 0.1545084971874737300, 0.1075000000000000000 ) ) ;
#1809 = CARTESIAN_POINT ( 'NONE',  ( 0.4714847748464250400, -0.1664394998339142600, 0.3568258063401775800 ) ) ;
#1810 = CARTESIAN_POINT ( 'NONE',  ( 0.5000000000000000000, 6.123233995736766000E-017, 0.1899999999999999500 ) ) ;
#1811 =( BOUNDED_CURVE ( )  B_SPLINE_CURVE ( 2, ( #3435, #1109, #2583, #5807, #632, #669, #3909, #2092, #2985, #2107, #3048, #1156, #4855 ),
 .UNSPECIFIED., .F., .T. ) 
 B_SPLINE_CURVE_WITH_KNOTS ( ( 3, 2, 2, 2, 2, 2, 3 ),
 ( 0.3750000000000000000, 0.4000000000000000200, 0.4500000000000000100, 0.5000000000000000000, 0.5500000000000000400, 0.5999999999999999800, 0.6250000000000000000 ),
 .UNSPECIFIED. ) 
 CURVE ( )  GEOMETRIC_REPRESENTATION_ITEM ( )  RATIONAL_B_SPLINE_CURVE ( ( 0.9755282581475768200, 0.9755282581475768200, 1.000000000000000000, 0.9510565162951535300, 1.000000000000000000, 0.9510565162951535300, 1.000000000000000000, 0.9510565162951535300, 1.000000000000000000, 0.9510565162951535300, 1.000000000000000000, 0.9755282581475768200, 0.9755282581475768200 ) ) 
 REPRESENTATION_ITEM ( '' )  );
#1812 = CARTESIAN_POINT ( 'NONE',  ( -0.07312319083983616400, 0.4866447284736312200, 0.3878197570353851800 ) ) ;
#1813 = EDGE_CURVE ( 'NONE', #2356, #3997, #1136, .T. ) ;
#1814 = CARTESIAN_POINT ( 'NONE',  ( 0.08200000000000004500, 0.4901600000000000400, 0.3449999999999999200 ) ) ;
#1815 = CARTESIAN_POINT ( 'NONE',  ( -5.195106008193988700E-017, -0.4242125984251967600, -0.01249999999999997800 ) ) ;
#1816 = CARTESIAN_POINT ( 'NONE',  ( -0.1968503937007873800, 3.281693114307516800E-017, 0.08750000000000003600 ) ) ;
#1817 = CARTESIAN_POINT ( 'NONE',  ( 0.3787418977660855200, -0.3133536632281187000, -0.3233453326923645400 ) ) ;
#1818 = CARTESIAN_POINT ( 'NONE',  ( 0.08449433902021541400, -0.1329227291835359500, -0.3070822649935385200 ) ) ;
#1819 = ORIENTED_EDGE ( 'NONE', *, *, #3264, .T. ) ;
#1820 = ORIENTED_EDGE ( 'NONE', *, *, #998, .T. ) ;
#1821 = DIRECTION ( 'NONE',  ( 0.0000000000000000000, 0.0000000000000000000, -1.000000000000000000 ) ) ;
#1822 = AXIS2_PLACEMENT_3D ( 'NONE', #2009, #2932, #660 ) ;
#1823 = CARTESIAN_POINT ( 'NONE',  ( -0.4592887607086361700, 0.2044885311073007000, 0.03088261212717694300 ) ) ;
#1824 = CARTESIAN_POINT ( 'NONE',  ( 0.04781285246814451200, 0.4980422918083631800, -0.2644149940021500200 ) ) ;
#1825 = EDGE_LOOP ( 'NONE', ( #2655, #4301, #2622, #2861 ) ) ;
#1826 = CARTESIAN_POINT ( 'NONE',  ( 0.07978981607857943400, 0.1800094539580434400, 0.3232920491957603800 ) ) ;
#1827 = EDGE_LOOP ( 'NONE', ( #5427, #3634, #132, #3927, #2106 ) ) ;
#1828 = DIRECTION ( 'NONE',  ( 0.8660254037844363800, -0.5000000000000041100, 0.0000000000000000000 ) ) ;
#1829 = CARTESIAN_POINT ( 'NONE',  ( 0.1872158496644003300, -0.06083011700294241300, 0.007499999999999962400 ) ) ;
#1830 = ADVANCED_FACE ( 'NONE', ( #4176 ), #1333, .T. ) ;
#1831 = ORIENTED_EDGE ( 'NONE', *, *, #1237, .F. ) ;
#1832 = EDGE_LOOP ( 'NONE', ( #652, #3960, #4990 ) ) ;
#1833 = CARTESIAN_POINT ( 'NONE',  ( -0.4755282581475767700, 0.1545084971874737300, -0.1174999999999999800 ) ) ;
#1834 = CARTESIAN_POINT ( 'NONE',  ( -0.1157057583252900500, -0.1592553138533361100, 0.1025000000000000400 ) ) ;
#1835 = CARTESIAN_POINT ( 'NONE',  ( -0.1968503937007874100, 2.410722045565656100E-017, 0.4800000000000004300 ) ) ;
#1836 = DIRECTION ( 'NONE',  ( 0.7071067811865462400, 0.0000000000000000000, 0.7071067811865486800 ) ) ;
#1837 = ORIENTED_EDGE ( 'NONE', *, *, #2101, .T. ) ;
#1838 = EDGE_CURVE ( 'NONE', #3946, #5619, #618, .T. ) ;
#1839 = ORIENTED_EDGE ( 'NONE', *, *, #4508, .F. ) ;
#1840 = CARTESIAN_POINT ( 'NONE',  ( 0.3848743298577052000, -0.3066689619663401400, -0.3021806233536250600 ) ) ;
#1841 = DIRECTION ( 'NONE',  ( -0.7071067811865494600, 0.7071067811865454600, 0.0000000000000000000 ) ) ;
#1842 = CIRCLE ( 'NONE', #5920, 0.07216000000000008500 ) ;
#1843 = FACE_OUTER_BOUND ( 'NONE', #204, .T. ) ;
#1844 = ORIENTED_EDGE ( 'NONE', *, *, #945, .F. ) ;
#1845 = CARTESIAN_POINT ( 'NONE',  ( -0.06396057012458789000, -0.1968503937007874100, 0.03249999999999995900 ) ) ;
#1846 = EDGE_CURVE ( 'NONE', #4537, #5173, #5099, .T. ) ;
#1847 = CARTESIAN_POINT ( 'NONE',  ( 0.3619986187818944300, -0.2090000000000018800, -0.3923427220735491400 ) ) ;
#1848 = CIRCLE ( 'NONE', #442, 0.04734272207354933700 ) ;
#1849 = AXIS2_PLACEMENT_3D ( 'NONE', #1643, #3051, #1601 ) ;
#1850 = CARTESIAN_POINT ( 'NONE',  ( 0.003203374023690260800, 0.4981505311451074300, 0.3904932532186565200 ) ) ;
#1851 = CARTESIAN_POINT ( 'NONE',  ( 0.1674509465259921000, -0.1216602340058848300, 0.05249999999999996300 ) ) ;
#1852 = ORIENTED_EDGE ( 'NONE', *, *, #1734, .T. ) ;
#1853 = CARTESIAN_POINT ( 'NONE',  ( 0.2938926261462365700, -0.4045084971874737300, 0.1225000000000000100 ) ) ;
#1854 = VERTEX_POINT ( 'NONE', #5123 ) ;
#1855 = CARTESIAN_POINT ( 'NONE',  ( -0.2938926261462365700, 0.4045084971874737300, -0.05249999999999997000 ) ) ;
#1856 = CONICAL_SURFACE ( 'NONE', #605, 0.4799999999999999300, 0.7853981633974431700 ) ;
#1857 = CARTESIAN_POINT ( 'NONE',  ( 2.410722045565656100E-017, 0.1968503937007874100, 0.1374999999999999600 ) ) ;
#1858 = ORIENTED_EDGE ( 'NONE', *, *, #2623, .T. ) ;
#1859 = ORIENTED_EDGE ( 'NONE', *, *, #1939, .F. ) ;
#1860 = CARTESIAN_POINT ( 'NONE',  ( 0.1872158496644003300, 0.06083011700294237200, -0.05749999999999994700 ) ) ;
#1861 = CARTESIAN_POINT ( 'NONE',  ( -0.1624598481164531400, -0.5000000000000000000, -0.01749999999999996400 ) ) ;
#1862 = DIRECTION ( 'NONE',  ( -1.000000000000000000, 0.0000000000000000000, 0.0000000000000000000 ) ) ;
#1863 = LINE ( 'NONE', #2656, #3754 ) ;
#1864 = ORIENTED_EDGE ( 'NONE', *, *, #1764, .F. ) ;
#1865 = EDGE_CURVE ( 'NONE', #3223, #5517, #4676, .T. ) ;
#1866 = ADVANCED_FACE ( 'NONE', ( #3599 ), #1253, .T. ) ;
#1867 = CARTESIAN_POINT ( 'NONE',  ( -0.1968503937007873800, -0.03117803943396382100, -0.03493728592265775400 ) ) ;
#1868 = CARTESIAN_POINT ( 'NONE',  ( -0.03455543321544127900, 0.4962792276320905400, -0.3176078665953496700 ) ) ;
#1869 = CARTESIAN_POINT ( 'NONE',  ( 0.07314594668619971200, 0.4866454279044538100, -0.3021806233536251100 ) ) ;
#1870 = CARTESIAN_POINT ( 'NONE',  ( 0.08200000000000004500, 0.5000000000000000000, -0.3449999999999999200 ) ) ;
#1871 = LINE ( 'NONE', #3198, #2662 ) ;
#1872 = CARTESIAN_POINT ( 'NONE',  ( 0.07363755995716618500, 0.1825719651389627300, 0.3085319011593972100 ) ) ;
#1873 = DIRECTION ( 'NONE',  ( 0.0000000000000000000, 0.0000000000000000000, -1.000000000000000000 ) ) ;
#1874 = CARTESIAN_POINT ( 'NONE',  ( 0.1968503937007873800, -0.03117803943396380700, 0.009937285922657671300 ) ) ;
#1875 = CARTESIAN_POINT ( 'NONE',  ( 0.04100000000000004300, 0.5000000000000000000, 0.3686713610367745600 ) ) ;
#1876 = CARTESIAN_POINT ( 'NONE',  ( -0.1674509465259920700, -0.1216602340058848000, -0.1024999999999999200 ) ) ;
#1877 = FACE_OUTER_BOUND ( 'NONE', #5457, .T. ) ;
#1878 = CARTESIAN_POINT ( 'NONE',  ( -0.4253254041760198800, -0.3090169943749473400, 0.1474999999999999900 ) ) ;
#1879 = CARTESIAN_POINT ( 'NONE',  ( -0.1674509465259921000, -0.1216602340058847800, -0.002499999999999955800 ) ) ;
#1880 = CARTESIAN_POINT ( 'NONE',  ( 0.4559138228889586500, -0.1852760170636770800, 0.2965344743394653900 ) ) ;
#1881 = CARTESIAN_POINT ( 'NONE',  ( -0.1968503937007873800, 1.093897704769172200E-017, 0.1124999999999999500 ) ) ;
#1882 = FACE_OUTER_BOUND ( 'NONE', #4500, .T. ) ;
#1883 = EDGE_CURVE ( 'NONE', #461, #2274, #799, .T. ) ;
#1884 = CARTESIAN_POINT ( 'NONE',  ( -0.1674509465259920700, 0.1216602340058848100, 0.1275000000000000300 ) ) ;
#1885 = CARTESIAN_POINT ( 'NONE',  ( 0.4330127018922182400, -0.2500000000000020000, 0.3449999999999999200 ) ) ;
#1886 = EDGE_CURVE ( 'NONE', #1177, #44, #2205, .T. ) ;
#1887 = CARTESIAN_POINT ( 'NONE',  ( -0.09159750529064449000, 0.4915382966001025600, -0.3449999999999999200 ) ) ;
#1888 = DIRECTION ( 'NONE',  ( -0.0000000000000000000, -0.0000000000000000000, -1.000000000000000000 ) ) ;
#1889 = DIRECTION ( 'NONE',  ( 0.8660254037844363800, -0.5000000000000041100, 0.0000000000000000000 ) ) ;
#1890 =( BOUNDED_CURVE ( )  B_SPLINE_CURVE ( 2, ( #3375, #1012, #4753, #1478, #1519, #4279, #4321, #3832, #1980, #5701, #5635, #2863, #2906 ),
 .UNSPECIFIED., .F., .T. ) 
 B_SPLINE_CURVE_WITH_KNOTS ( ( 3, 2, 2, 2, 2, 2, 3 ),
 ( 0.3750000000000000000, 0.4000000000000000200, 0.4500000000000000100, 0.5000000000000000000, 0.5500000000000000400, 0.5999999999999999800, 0.6250000000000000000 ),
 .UNSPECIFIED. ) 
 CURVE ( )  GEOMETRIC_REPRESENTATION_ITEM ( )  RATIONAL_B_SPLINE_CURVE ( ( 0.9755282581475768200, 0.9755282581475768200, 1.000000000000000000, 0.9510565162951535300, 1.000000000000000000, 0.9510565162951535300, 1.000000000000000000, 0.9510565162951535300, 1.000000000000000000, 0.9510565162951535300, 1.000000000000000000, 0.9755282581475768200, 0.9755282581475768200 ) ) 
 REPRESENTATION_ITEM ( '' )  );
#1891 = CARTESIAN_POINT ( 'NONE',  ( 1.845817331404762400E-016, 0.4180000000000000400, -0.3923427220735491400 ) ) ;
#1892 = CARTESIAN_POINT ( 'NONE',  ( -0.1872158496644003300, -0.06083011700294239200, 0.1174999999999999700 ) ) ;
#1893 = CARTESIAN_POINT ( 'NONE',  ( 0.04100000000000002900, 0.5000000000000000000, 0.3213286389632253900 ) ) ;
#1894 = ORIENTED_EDGE ( 'NONE', *, *, #3390, .F. ) ;
#1895 = ADVANCED_FACE ( 'NONE', ( #2438 ), #3024, .T. ) ;
#1896 = AXIS2_PLACEMENT_3D ( 'NONE', #4983, #5921, #3189 ) ;
#1897 = CARTESIAN_POINT ( 'NONE',  ( 0.07302017731454256400, 0.4865102273285780200, 0.3072012558720138000 ) ) ;
#1898 = CARTESIAN_POINT ( 'NONE',  ( -0.1968503937007873800, -0.03117803943396382100, 0.1150627140773422400 ) ) ;
#1899 = ORIENTED_EDGE ( 'NONE', *, *, #2582, .F. ) ;
#1900 = CARTESIAN_POINT ( 'NONE',  ( -0.1872158496644003300, 0.06083011700294243400, -0.09250000000000004100 ) ) ;
#1901 = EDGE_LOOP ( 'NONE', ( #3099, #1579, #5219, #2067 ) ) ;
#1902 = B_SPLINE_CURVE_WITH_KNOTS ( 'NONE', 3,
 ( #4675, #4629, #5535, #2286, #511, #2781, #1868, #491 ),
 .UNSPECIFIED., .F., .F.,
 ( 4, 2, 2, 4 ),
 ( 2.544393206662145600E-007, 0.0003107880854811371400, 0.0006213217316416080700, 0.001242389023962550300 ),
 .UNSPECIFIED. ) ;
#1903 = CARTESIAN_POINT ( 'NONE',  ( 0.1968503937007873800, -3.281693114307516800E-017, 0.08750000000000003600 ) ) ;
#1904 = EDGE_LOOP ( 'NONE', ( #5723, #3236, #4147, #5960, #4631, #1995, #5439, #1636, #2778, #1298, #5683, #2265 ) ) ;
#1905 = ORIENTED_EDGE ( 'NONE', *, *, #3424, .F. ) ;
#1906 = CARTESIAN_POINT ( 'NONE',  ( 0.06551232594556412300, 0.1857969591703507700, 0.3954566420961621600 ) ) ;
#1907 = CARTESIAN_POINT ( 'NONE',  ( 0.05626530403738838600, 0.4968976266334416700, 0.4172455786054578000 ) ) ;
#1908 = EDGE_CURVE ( 'NONE', #194, #365, #4412, .T. ) ;
#1909 = MECHANICAL_CONTEXT ( 'NONE', #1442, 'mechanical' ) ;
#1910 = EDGE_LOOP ( 'NONE', ( #3439, #3325, #3497, #1494 ) ) ;
#1911 = ORIENTED_EDGE ( 'NONE', *, *, #2907, .T. ) ;
#1912 = CARTESIAN_POINT ( 'NONE',  ( -0.1624598481164530900, 0.5000000000000000000, 0.09250000000000001300 ) ) ;
#1913 = DIRECTION ( 'NONE',  ( 0.0000000000000000000, 0.0000000000000000000, -1.000000000000000000 ) ) ;
#1914 = CONICAL_SURFACE ( 'NONE', #1948, 0.04734272207354933700, 0.7853981633974500600 ) ;
#1915 = ORIENTED_EDGE ( 'NONE', *, *, #3833, .T. ) ;
#1916 = SHAPE_DEFINITION_REPRESENTATION ( #4653, #890 ) ;
#1917 = CARTESIAN_POINT ( 'NONE',  ( 0.03779207087014346800, 0.4912898927823762300, 0.2714400602947603100 ) ) ;
#1918 = ORIENTED_EDGE ( 'NONE', *, *, #2653, .F. ) ;
#1919 = CARTESIAN_POINT ( 'NONE',  ( 0.0000000000000000000, 0.5000000000000000000, 0.01250000000000000100 ) ) ;
#1920 = CARTESIAN_POINT ( 'NONE',  ( 0.1968503937007873800, 0.03117803943396380400, 0.06506271407734225100 ) ) ;
#1921 = CIRCLE ( 'NONE', #3163, 0.07216000000000008500 ) ;
#1922 = EDGE_CURVE ( 'NONE', #61, #4097, #3179, .T. ) ;
#1923 = LINE ( 'NONE', #2782, #4247 ) ;
#1924 = ORIENTED_EDGE ( 'NONE', *, *, #1583, .T. ) ;
#1925 = B_SPLINE_CURVE_WITH_KNOTS ( 'NONE', 3,
 ( #4556, #4982, #3204, #5857, #3162, #1280, #367, #5409 ),
 .UNSPECIFIED., .F., .F.,
 ( 4, 2, 2, 4 ),
 ( 2.544393206651481500E-007, 0.0003107880854811355100, 0.0006213217316416057900, 0.001242389023962549800 ),
 .UNSPECIFIED. ) ;
#1926 = ADVANCED_FACE ( 'NONE', ( #4526 ), #1153, .F. ) ;
#1927 = CARTESIAN_POINT ( 'NONE',  ( -0.04136760395601357700, 0.1520198275300530500, -0.2740000422811153500 ) ) ;
#1928 = CARTESIAN_POINT ( 'NONE',  ( 0.1968503937007874100, 2.410722045565656100E-017, 0.4999999999999999400 ) ) ;
#1929 = CARTESIAN_POINT ( 'NONE',  ( 6.123233995736766000E-017, 0.5000000000000000000, 0.1375000000000000100 ) ) ;
#1930 = CYLINDRICAL_SURFACE ( 'NONE', #5994, 0.08200000000000008700 ) ;
#1931 = EDGE_LOOP ( 'NONE', ( #1390, #2282, #3450, #3673 ) ) ;
#1932 = EDGE_LOOP ( 'NONE', ( #5690, #1712, #4394, #3360 ) ) ;
#1933 = EDGE_CURVE ( 'NONE', #2044, #2737, #3323, .T. ) ;
#1934 = ORIENTED_EDGE ( 'NONE', *, *, #2716, .F. ) ;
#1935 = DIRECTION ( 'NONE',  ( -1.758688375849877300E-016, 1.000000000000000000, -0.0000000000000000000 ) ) ;
#1936 = CARTESIAN_POINT ( 'NONE',  ( 2.410722045565656100E-017, 0.1968503937007874100, 0.1625000000000000300 ) ) ;
#1937 = VECTOR ( 'NONE', #950, 39.37007874015748100 ) ;
#1938 = EDGE_LOOP ( 'NONE', ( #3513, #4467, #5383, #5745, #1507, #4306, #4226 ) ) ;
#1939 = EDGE_CURVE ( 'NONE', #3783, #4981, #5452, .T. ) ;
#1940 = CARTESIAN_POINT ( 'NONE',  ( 0.4473096608234560200, -0.2183929601641812800, 0.3724120256118670900 ) ) ;
#1941 = CONICAL_SURFACE ( 'NONE', #3984, 0.04734272207354933700, 0.7853981633974500600 ) ;
#1942 = DIRECTION ( 'NONE',  ( 1.224646799147352200E-016, 1.000000000000000000, 0.0000000000000000000 ) ) ;
#1943 = CARTESIAN_POINT ( 'NONE',  ( 0.1624598481164530600, -0.5000000000000000000, -0.03249999999999997300 ) ) ;
#1944 = B_SPLINE_CURVE_WITH_KNOTS ( 'NONE', 3,
 ( #4576, #5521, #2269, #4618 ),
 .UNSPECIFIED., .F., .F.,
 ( 4, 4 ),
 ( 0.0000000000000000000, 1.000000000000000000 ),
 .UNSPECIFIED. ) ;
#1945 = LINE ( 'NONE', #356, #2150 ) ;
#1946 = CARTESIAN_POINT ( 'NONE',  ( -1.518754888706362500E-017, 0.5000000000000000000, 0.3449999999999999200 ) ) ;
#1947 = DIRECTION ( 'NONE',  ( 0.8660254037844363800, -0.5000000000000038900, -0.0000000000000000000 ) ) ;
#1948 = AXIS2_PLACEMENT_3D ( 'NONE', #2559, #3081, #5336 ) ;
#1949 = FACE_OUTER_BOUND ( 'NONE', #2931, .T. ) ;
#1950 = CARTESIAN_POINT ( 'NONE',  ( -0.4755282581475768200, -0.1545084971874736700, -0.03249999999999998000 ) ) ;
#1951 = CARTESIAN_POINT ( 'NONE',  ( -0.4755282581475768200, -0.1545084971874736700, 0.1174999999999999900 ) ) ;
#1952 = CARTESIAN_POINT ( 'NONE',  ( 0.4555724465176098100, -0.1860403145536086200, 0.3931210798672266600 ) ) ;
#1953 = ADVANCED_FACE ( 'NONE', ( #1410 ), #3246, .F. ) ;
#1954 = CARTESIAN_POINT ( 'NONE',  ( 0.1574803149606299200, 0.0000000000000000000, -0.1899999999999999500 ) ) ;
#1955 = CARTESIAN_POINT ( 'NONE',  ( -0.5000000000000000000, -0.07919222016226802600, -0.08493728592265767400 ) ) ;
#1956 = DIRECTION ( 'NONE',  ( 0.2500000000000021100, 0.4330127018922182400, 0.8660254037844386000 ) ) ;
#1957 = CARTESIAN_POINT ( 'NONE',  ( -3.131222696365948300E-017, 0.4180000000000000400, 0.2976572779264506400 ) ) ;
#1958 = ORIENTED_EDGE ( 'NONE', *, *, #2393, .T. ) ;
#1959 = CARTESIAN_POINT ( 'NONE',  ( 0.5000000000000000000, 0.07919222016226817900, 0.04006271407734229200 ) ) ;
#1960 = EDGE_CURVE ( 'NONE', #1238, #1036, #4750, .T. ) ;
#1961 = CARTESIAN_POINT ( 'NONE',  ( 0.1460737302523287800, -0.1320346007735377400, 0.2739656170035716900 ) ) ;
#1962 = EDGE_LOOP ( 'NONE', ( #1499, #1461, #2341, #2553, #4385, #1027, #5365, #5248 ) ) ;
#1963 = DIRECTION ( 'NONE',  ( 0.0000000000000000000, 0.0000000000000000000, -1.000000000000000000 ) ) ;
#1964 = ORIENTED_EDGE ( 'NONE', *, *, #149, .F. ) ;
#1965 = CARTESIAN_POINT ( 'NONE',  ( -6.123233995736766000E-017, -0.5000000000000000000, -0.01249999999999996900 ) ) ;
#1966 = CARTESIAN_POINT ( 'NONE',  ( -0.1674509465259921000, 0.1216602340058848100, 0.1024999999999999400 ) ) ;
#1967 = DIRECTION ( 'NONE',  ( 0.8660254037844364900, -0.5000000000000040000, 0.0000000000000000000 ) ) ;
#1968 = CARTESIAN_POINT ( 'NONE',  ( 0.1872158496644003300, 0.06083011700294239200, -0.03250000000000004300 ) ) ;
#1969 = ORIENTED_EDGE ( 'NONE', *, *, #4977, .F. ) ;
#1970 = ORIENTED_EDGE ( 'NONE', *, *, #2027, .T. ) ;
#1971 = AXIS2_PLACEMENT_3D ( 'NONE', #4943, #1740, #5469 ) ;
#1972 = CARTESIAN_POINT ( 'NONE',  ( 2.410722045565656100E-017, 0.1968503937007874100, 0.06250000000000002800 ) ) ;
#1973 = CARTESIAN_POINT ( 'NONE',  ( -0.4253254041760198800, -0.3090169943749474000, 0.04750000000000000700 ) ) ;
#1974 = CARTESIAN_POINT ( 'NONE',  ( 0.04100000000000004300, 0.5000000000000000000, -0.3686713610367745600 ) ) ;
#1975 = VERTEX_POINT ( 'NONE', #5298 ) ;
#1976 = B_SPLINE_CURVE_WITH_KNOTS ( 'NONE', 3,
 ( #2987, #3511, #3489, #231, #247, #1140 ),
 .UNSPECIFIED., .F., .F.,
 ( 4, 2, 4 ),
 ( 0.0006528680749292727700, 0.001275665676275695200, 0.001898463277622118000 ),
 .UNSPECIFIED. ) ;
#1977 = ORIENTED_EDGE ( 'NONE', *, *, #1103, .F. ) ;
#1978 = ADVANCED_FACE ( 'NONE', ( #2279 ), #4372, .F. ) ;
#1979 = AXIS2_PLACEMENT_3D ( 'NONE', #1293, #1277, #5047 ) ;
#1980 = CARTESIAN_POINT ( 'NONE',  ( -0.2938926261462365700, 0.4045084971874737300, 0.1225000000000000100 ) ) ;
#1981 = CARTESIAN_POINT ( 'NONE',  ( 0.0000000000000000000, -0.3484251968503936900, -0.1624999999999999800 ) ) ;
#1982 = ORIENTED_EDGE ( 'NONE', *, *, #3154, .F. ) ;
#1983 = EDGE_LOOP ( 'NONE', ( #1698, #4509 ) ) ;
#1984 = LINE ( 'NONE', #2941, #2345 ) ;
#1985 = CARTESIAN_POINT ( 'NONE',  ( 0.4755282581475768200, 0.1545084971874736700, -0.1074999999999999800 ) ) ;
#1986 = CARTESIAN_POINT ( 'NONE',  ( -0.07311502739313383000, 0.4866467494221505800, 0.3021626695717839500 ) ) ;
#1987 = FACE_OUTER_BOUND ( 'NONE', #1454, .T. ) ;
#1988 = COORDINATED_UNIVERSAL_TIME_OFFSET ( 6, 0, .BEHIND. ) ;
#1989 = ORIENTED_EDGE ( 'NONE', *, *, #3791, .T. ) ;
#1990 = CARTESIAN_POINT ( 'NONE',  ( 0.1674509465259921000, 0.1216602340058847800, -0.1275000000000000000 ) ) ;
#1991 = CARTESIAN_POINT ( 'NONE',  ( 0.4607426564757993700, -0.1713244525963499300, -0.3450000000000000300 ) ) ;
#1992 = FACE_OUTER_BOUND ( 'NONE', #370, .T. ) ;
#1993 = CARTESIAN_POINT ( 'NONE',  ( -0.06396057012458782100, 0.1968503937007874700, 0.06750000000000003200 ) ) ;
#1994 = CIRCLE ( 'NONE', #5912, 0.08200000000000007300 ) ;
#1995 = ORIENTED_EDGE ( 'NONE', *, *, #4111, .T. ) ;
#1996 = CARTESIAN_POINT ( 'NONE',  ( 0.4253254041760198800, -0.3090169943749474500, 0.07749999999999999900 ) ) ;
#1997 = CARTESIAN_POINT ( 'NONE',  ( 0.03455543321544122400, 0.4962792276320905900, -0.3723921334046501600 ) ) ;
#1998 = CARTESIAN_POINT ( 'NONE',  ( 0.0000000000000000000, -0.1968503937007874100, -0.1625000000000000300 ) ) ;
#1999 = CARTESIAN_POINT ( 'NONE',  ( 0.5000000000000000000, 0.07919222016226809500, 0.1400627140773422800 ) ) ;
#2000 = EDGE_CURVE ( 'NONE', #5434, #2356, #2950, .T. ) ;
#2001 = FACE_OUTER_BOUND ( 'NONE', #5460, .T. ) ;
#2002 = B_SPLINE_CURVE_WITH_KNOTS ( 'NONE', 1,
 ( #2180, #5425 ),
 .UNSPECIFIED., .F., .F.,
 ( 2, 2 ),
 ( 0.0000000000000000000, 1.000000000000000000 ),
 .UNSPECIFIED. ) ;
#2003 = ORIENTED_EDGE ( 'NONE', *, *, #128, .F. ) ;
#2004 = ORIENTED_EDGE ( 'NONE', *, *, #3722, .F. ) ;
#2005 = DIRECTION ( 'NONE',  ( -1.000000000000000000, 0.0000000000000000000, 0.0000000000000000000 ) ) ;
#2006 = FACE_OUTER_BOUND ( 'NONE', #431, .T. ) ;
#2007 = AXIS2_PLACEMENT_3D ( 'NONE', #4642, #3336, #1942 ) ;
#2008 = CARTESIAN_POINT ( 'NONE',  ( -0.09159952967209207500, 0.4915380178261052300, -0.3212483333087674000 ) ) ;
#2009 = CARTESIAN_POINT ( 'NONE',  ( -4.897910910668677100E-017, 0.5000000000000000000, 0.3449999999999999200 ) ) ;
#2010 = CARTESIAN_POINT ( 'NONE',  ( 0.09159750513159639600, 0.4915382966297409100, -0.3450053225035648000 ) ) ;
#2011 = CARTESIAN_POINT ( 'NONE',  ( 0.1872158496644003300, 0.06083011700294239200, -0.1325000000000000100 ) ) ;
#2012 = FACE_OUTER_BOUND ( 'NONE', #4528, .T. ) ;
#2013 = ADVANCED_FACE ( 'NONE', ( #5963, #1702 ), #3028, .T. ) ;
#2014 = CARTESIAN_POINT ( 'NONE',  ( 0.4755282581475767700, -0.1545084971874737800, 0.08250000000000000400 ) ) ;
#2015 = CARTESIAN_POINT ( 'NONE',  ( 0.08200000000000007300, 0.3437500000000000600, 0.3449999999999999200 ) ) ;
#2016 = LINE ( 'NONE', #492, #1005 ) ;
#2017 = CARTESIAN_POINT ( 'NONE',  ( -4.897910910668677100E-017, 0.5000000000000000000, 0.3449999999999999200 ) ) ;
#2018 = AXIS2_PLACEMENT_3D ( 'NONE', #1716, #3086, #5416 ) ;
#2019 = B_SPLINE_CURVE_WITH_KNOTS ( 'NONE', 3,
 ( #2949, #3406, #90, #553, #5209, #3422, #2491, #3816, #4357, #5196, #2454, #4728, #1076, #4770, #5658, #3874, #5680, #1032, #4281, #2928, #1961, #3441, #2908, #1114, #3378, #106, #1093, #3854, #4342, #1563 ),
 .UNSPECIFIED., .F., .F.,
 ( 4, 2, 2, 2, 2, 2, 2, 2, 2, 2, 2, 2, 2, 2, 4 ),
 ( 1.755771606739170500E-018, 0.0004117110579921360400, 0.0008234221159842703400, 0.001235133173976404700, 0.001646844231968539000, 0.002470266347952806400, 0.002881977405944941300, 0.003293688463937075300, 0.003705399521929209800, 0.004117110579921343800, 0.004528821637913478700, 0.004940532695905612700, 0.005352243753897746800, 0.005763954811889881700, 0.006587376927874150600 ),
 .UNSPECIFIED. ) ;
#2020 = CARTESIAN_POINT ( 'NONE',  ( 0.1587656076187263800, -0.1164980630167474100, 0.4243134103356680500 ) ) ;
#2021 = CARTESIAN_POINT ( 'NONE',  ( 0.5000000000000000000, 6.123233995736766000E-017, -0.4799999999999998700 ) ) ;
#2022 = CARTESIAN_POINT ( 'NONE',  ( 0.03676425509804476900, 0.1532130877819937700, -0.2715049119373883500 ) ) ;
#2023 = CARTESIAN_POINT ( 'NONE',  ( 0.0000000000000000000, 0.0000000000000000000, -0.4999999999999999400 ) ) ;
#2024 = CARTESIAN_POINT ( 'NONE',  ( -0.1624598481164530900, 0.5000000000000001100, -0.08249999999999997600 ) ) ;
#2025 = DIRECTION ( 'NONE',  ( 0.8660254037844364900, -0.5000000000000040000, 0.0000000000000000000 ) ) ;
#2026 = PLANE ( 'NONE',  #896 ) ;
#2027 = EDGE_CURVE ( 'NONE', #1381, #5540, #4374, .T. ) ;
#2028 = CARTESIAN_POINT ( 'NONE',  ( 0.0000000000000000000, 0.0000000000000000000, -0.4799999999999998700 ) ) ;
#2029 = CARTESIAN_POINT ( 'NONE',  ( -0.06396057012458789000, -0.1968503937007874400, 0.1575000000000000300 ) ) ;
#2030 = CARTESIAN_POINT ( 'NONE',  ( 0.4706888400492101300, -0.1687443193262608000, 0.3215576464947586000 ) ) ;
#2031 = ORIENTED_EDGE ( 'NONE', *, *, #551, .T. ) ;
#2032 = CARTESIAN_POINT ( 'NONE',  ( 0.0000000000000000000, 0.0000000000000000000, 0.4999999999999999400 ) ) ;
#2033 = ADVANCED_FACE ( 'NONE', ( #380 ), #3104, .F. ) ;
#2034 = VERTEX_POINT ( 'NONE', #5412 ) ;
#2035 = EDGE_CURVE ( 'NONE', #3997, #4712, #5238, .T. ) ;
#2036 = ORIENTED_EDGE ( 'NONE', *, *, #3121, .F. ) ;
#2037 = CARTESIAN_POINT ( 'NONE',  ( 0.1959824445707197800, -0.01846507298224822300, 0.3504821145381579200 ) ) ;
#2038 = CARTESIAN_POINT ( 'NONE',  ( 0.06396057012458784800, -0.1968503937007874400, 0.01750000000000003600 ) ) ;
#2039 = AXIS2_PLACEMENT_3D ( 'NONE', #2806, #2779, #443 ) ;
#2040 = CARTESIAN_POINT ( 'NONE',  ( -4.897910910668677100E-017, 0.5000000000000000000, 0.3449999999999999200 ) ) ;
#2041 = ORIENTED_EDGE ( 'NONE', *, *, #5984, .T. ) ;
#2042 = EDGE_CURVE ( 'NONE', #3748, #2868, #4824, .T. ) ;
#2043 = CARTESIAN_POINT ( 'NONE',  ( -0.06396057012458793200, -0.1968503937007874400, -0.04249999999999995400 ) ) ;
#2044 = VERTEX_POINT ( 'NONE', #4124 ) ;
#2045 = CARTESIAN_POINT ( 'NONE',  ( 0.04280306436768798600, 0.4910902794217815200, 0.2718373658187231400 ) ) ;
#2046 = CARTESIAN_POINT ( 'NONE',  ( 0.0000000000000000000, 0.0000000000000000000, 0.1899999999999999500 ) ) ;
#2047 = CC_DESIGN_APPROVAL ( #1232, ( #925 ) ) ;
#2048 = VERTEX_POINT ( 'NONE', #5053 ) ;
#2049 = AXIS2_PLACEMENT_3D ( 'NONE', #2547, #3031, #1112 ) ;
#2050 = CARTESIAN_POINT ( 'NONE',  ( -0.1968503937007873800, 0.03117803943396384200, -0.1150627140773422400 ) ) ;
#2051 = VERTEX_POINT ( 'NONE', #3698 ) ;
#2052 = EDGE_CURVE ( 'NONE', #4314, #2071, #534, .T. ) ;
#2053 = DIRECTION ( 'NONE',  ( 0.0000000000000000000, 0.0000000000000000000, -1.000000000000000000 ) ) ;
#2054 = CIRCLE ( 'NONE', #5232, 0.08200000000000007300 ) ;
#2055 = ORIENTED_EDGE ( 'NONE', *, *, #5667, .F. ) ;
#2056 = APPROVAL_PERSON_ORGANIZATION ( #4165, #4529, #536 ) ;
#2057 = ORIENTED_EDGE ( 'NONE', *, *, #5105, .T. ) ;
#2058 = DIRECTION ( 'NONE',  ( 0.8660254037844363800, -0.5000000000000041100, 0.0000000000000000000 ) ) ;
#2059 = CARTESIAN_POINT ( 'NONE',  ( 0.1674509465259921000, -0.1216602340058848100, 0.02750000000000003800 ) ) ;
#2060 = LINE ( 'NONE', #4608, #741 ) ;
#2061 = CARTESIAN_POINT ( 'NONE',  ( 0.4714834044339401000, -0.1664433817950766400, -0.3450000000000000300 ) ) ;
#2062 = LINE ( 'NONE', #1649, #5447 ) ;
#2063 = ORIENTED_EDGE ( 'NONE', *, *, #4818, .F. ) ;
#2064 = CARTESIAN_POINT ( 'NONE',  ( 0.06396057012458789000, 0.1968503937007874400, -0.09249999999999994300 ) ) ;
#2065 = CARTESIAN_POINT ( 'NONE',  ( -0.04282819140506073000, 0.4910897912246145500, 0.2718495292820866100 ) ) ;
#2066 = CIRCLE ( 'NONE', #2674, 0.08200000000000005900 ) ;
#2067 = ORIENTED_EDGE ( 'NONE', *, *, #2042, .F. ) ;
#2068 = CARTESIAN_POINT ( 'NONE',  ( -0.4253254041760199900, -0.3090169943749474000, -0.07749999999999997200 ) ) ;
#2069 = ORIENTED_EDGE ( 'NONE', *, *, #5854, .F. ) ;
#2070 = CARTESIAN_POINT ( 'NONE',  ( 0.5000000000000000000, 0.07919222016226809500, -0.009937285922657695600 ) ) ;
#2071 = VERTEX_POINT ( 'NONE', #1746 ) ;
#2072 =( BOUNDED_CURVE ( )  B_SPLINE_CURVE ( 2, ( #2681, #325, #4078, #4518, #2243, #305, #829 ),
 .UNSPECIFIED., .F., .F. ) 
 B_SPLINE_CURVE_WITH_KNOTS ( ( 3, 2, 2, 3 ),
 ( 0.0000000000000000000, 0.05000000000000000300, 0.1000000000000000100, 0.1250000000000000000 ),
 .UNSPECIFIED. ) 
 CURVE ( )  GEOMETRIC_REPRESENTATION_ITEM ( )  RATIONAL_B_SPLINE_CURVE ( ( 1.000000000000000000, 0.9510565162951535300, 1.000000000000000000, 0.9510565162951535300, 1.000000000000000000, 0.9755282581475768200, 0.9755282581475768200 ) ) 
 REPRESENTATION_ITEM ( '' )  );
#2073 = DIRECTION ( 'NONE',  ( -9.795821821337355400E-017, 1.000000000000000000, 0.0000000000000000000 ) ) ;
#2074 = VECTOR ( 'NONE', #78, 39.37007874015748100 ) ;
#2075 = CARTESIAN_POINT ( 'NONE',  ( -0.4755282581475768200, -0.1545084971874735900, -0.08249999999999997600 ) ) ;
#2076 = ORIENTED_EDGE ( 'NONE', *, *, #4136, .F. ) ;
#2077 = EDGE_CURVE ( 'NONE', #4648, #2319, #3863, .T. ) ;
#2078 = LINE ( 'NONE', #545, #696 ) ;
#2079 = DIRECTION ( 'NONE',  ( 0.4999999999999980000, 0.8660254037844398200, 0.0000000000000000000 ) ) ;
#2080 = CARTESIAN_POINT ( 'NONE',  ( 0.1157057583252900000, -0.1592553138533361100, 0.02250000000000003700 ) ) ;
#2081 = CARTESIAN_POINT ( 'NONE',  ( 0.4450686089038021800, -0.2291191931102359900, -0.2546760282106665900 ) ) ;
#2082 = CARTESIAN_POINT ( 'NONE',  ( -0.04099999999999999500, 0.4963374933232135900, 0.3613463476832019000 ) ) ;
#2083 = CARTESIAN_POINT ( 'NONE',  ( 0.3865691615327852000, -0.3175170295061114900, 0.3921886146924555300 ) ) ;
#2084 = EDGE_CURVE ( 'NONE', #1413, #4497, #225, .T. ) ;
#2085 = DIRECTION ( 'NONE',  ( -0.8660254037844364900, 0.5000000000000038900, -0.0000000000000000000 ) ) ;
#2086 = CARTESIAN_POINT ( 'NONE',  ( 0.2069807528028085300, -1.267391582025345100E-017, -0.03750000000000001200 ) ) ;
#2087 = EDGE_CURVE ( 'NONE', #2071, #1623, #832, .T. ) ;
#2088 = LINE ( 'NONE', #405, #5557 ) ;
#2089 = CARTESIAN_POINT ( 'NONE',  ( -0.1968503937007873800, 1.093897704769172200E-017, -0.1375000000000000400 ) ) ;
#2090 = CARTESIAN_POINT ( 'NONE',  ( 0.3834910119189791100, -0.3160940831103258300, 0.3449999999999999200 ) ) ;
#2091 = AXIS2_PLACEMENT_3D ( 'NONE', #2040, #3913, #2535 ) ;
#2092 = CARTESIAN_POINT ( 'NONE',  ( 0.06396057012458784800, -0.1968503937007874100, -0.05750000000000003700 ) ) ;
#2093 = CARTESIAN_POINT ( 'NONE',  ( 0.1460753358121252000, -0.1320324538648642600, 0.4160349405960872000 ) ) ;
#2094 = CARTESIAN_POINT ( 'NONE',  ( 0.4253254041760198800, -0.3090169943749474500, 0.1275000000000000000 ) ) ;
#2095 = CARTESIAN_POINT ( 'NONE',  ( 0.1570988274585314300, -0.02014158978462367000, -0.2869922907084753700 ) ) ;
#2096 = CARTESIAN_POINT ( 'NONE',  ( 0.4755282581475767700, -0.1545084971874737300, -0.01749999999999998400 ) ) ;
#2097 = CARTESIAN_POINT ( 'NONE',  ( -0.08168173026801456300, 0.4935338083321472200, 0.3921638342466148300 ) ) ;
#2098 = DIRECTION ( 'NONE',  ( -1.758688375849877800E-016, 1.000000000000000000, -0.0000000000000000000 ) ) ;
#2099 = ORIENTED_EDGE ( 'NONE', *, *, #5278, .F. ) ;
#2100 = VERTEX_POINT ( 'NONE', #5562 ) ;
#2101 = EDGE_CURVE ( 'NONE', #3583, #1026, #3097, .T. ) ;
#2102 = DIRECTION ( 'NONE',  ( 0.5000000000000044400, 0.8660254037844360400, 0.0000000000000000000 ) ) ;
#2103 = CARTESIAN_POINT ( 'NONE',  ( -0.4755282581475768200, -0.1545084971874735900, 0.06749999999999999100 ) ) ;
#2104 = CARTESIAN_POINT ( 'NONE',  ( 0.02149856287543602800, 0.4930201957327618500, -0.4269949818478514500 ) ) ;
#2105 = DIRECTION ( 'NONE',  ( 1.803239147706410100E-016, 0.0000000000000000000, 1.000000000000000000 ) ) ;
#2106 = ORIENTED_EDGE ( 'NONE', *, *, #1536, .F. ) ;
#2107 = CARTESIAN_POINT ( 'NONE',  ( 0.1674509465259920700, -0.1216602340058848100, -0.04750000000000004200 ) ) ;
#2108 = EDGE_LOOP ( 'NONE', ( #594, #5227, #1549, #615 ) ) ;
#2109 = AXIS2_PLACEMENT_3D ( 'NONE', #740, #2538, #3482 ) ;
#2110 = DIRECTION ( 'NONE',  ( 0.8660254037844362700, -0.5000000000000038900, 0.0000000000000000000 ) ) ;
#2111 = ORIENTED_EDGE ( 'NONE', *, *, #3636, .T. ) ;
#2112 = CARTESIAN_POINT ( 'NONE',  ( 0.4755282581475767700, -0.1545084971874737300, 0.1325000000000000100 ) ) ;
#2113 = AXIS2_PLACEMENT_3D ( 'NONE', #3263, #3239, #1415 ) ;
#2114 = DIRECTION ( 'NONE',  ( 1.803239147706410100E-016, 0.0000000000000000000, -1.000000000000000000 ) ) ;
#2115 = ORIENTED_EDGE ( 'NONE', *, *, #4674, .T. ) ;
#2116 = LINE ( 'NONE', #4287, #3376 ) ;
#2117 = CARTESIAN_POINT ( 'NONE',  ( 0.4162165035937842000, -0.2651325541516215100, 0.2630046021525051000 ) ) ;
#2118 = PLANE ( 'NONE',  #2886 ) ;
#2119 = VERTEX_POINT ( 'NONE', #428 ) ;
#2120 = CARTESIAN_POINT ( 'NONE',  ( -6.123233995736766000E-017, -0.5000000000000000000, 0.06250000000000000000 ) ) ;
#2121 = ORIENTED_EDGE ( 'NONE', *, *, #5565, .F. ) ;
#2122 = CARTESIAN_POINT ( 'NONE',  ( 6.123233995736766000E-017, 0.5000000000000000000, -0.1124999999999999800 ) ) ;
#2123 = ADVANCED_FACE ( 'NONE', ( #5018 ), #5287, .T. ) ;
#2124 = FACE_OUTER_BOUND ( 'NONE', #3255, .T. ) ;
#2125 = DIRECTION ( 'NONE',  ( -0.5000000000000038900, -0.8660254037844364900, 0.0000000000000000000 ) ) ;
#2126 = LINE ( 'NONE', #4572, #744 ) ;
#2127 = CALENDAR_DATE ( 2021, 14, 9 ) ;
#2128 = CARTESIAN_POINT ( 'NONE',  ( -0.1674509465259921000, 0.1216602340058848300, 0.05249999999999996300 ) ) ;
#2129 = ORIENTED_EDGE ( 'NONE', *, *, #783, .F. ) ;
#2130 = DIRECTION ( 'NONE',  ( -1.000000000000000000, -9.795821821337355400E-017, 1.803239147706410100E-016 ) ) ;
#2131 = DIRECTION ( 'NONE',  ( 0.8660254037844364900, -0.5000000000000038900, 0.0000000000000000000 ) ) ;
#2132 = ORIENTED_EDGE ( 'NONE', *, *, #102, .F. ) ;
#2133 = ORIENTED_EDGE ( 'NONE', *, *, #1583, .F. ) ;
#2134 = DIRECTION ( 'NONE',  ( -1.000000000000000000, 0.0000000000000000000, 0.0000000000000000000 ) ) ;
#2135 = CARTESIAN_POINT ( 'NONE',  ( 0.1674509465259921000, -0.1216602340058848100, 0.1275000000000000300 ) ) ;
#2136 = LINE ( 'NONE', #2687, #153 ) ;
#2137 = EDGE_LOOP ( 'NONE', ( #130, #648, #4516, #3010 ) ) ;
#2138 = ORIENTED_EDGE ( 'NONE', *, *, #216, .F. ) ;
#2139 = DIRECTION ( 'NONE',  ( -1.000000000000000000, 0.0000000000000000000, 0.0000000000000000000 ) ) ;
#2140 = CARTESIAN_POINT ( 'NONE',  ( -0.02411126272384705700, 0.5000003182928117700, 0.2546760282106656500 ) ) ;
#2141 = CARTESIAN_POINT ( 'NONE',  ( 0.008069120700252360400, 0.4930208271318767300, 0.4270040830975744800 ) ) ;
#2142 =( BOUNDED_CURVE ( )  B_SPLINE_CURVE ( 2, ( #5465, #4167, #3233, #2797, #2234, #2296, #2772 ),
 .UNSPECIFIED., .F., .F. ) 
 B_SPLINE_CURVE_WITH_KNOTS ( ( 3, 2, 2, 3 ),
 ( 0.6250000000000000000, 0.6500000000000000200, 0.6999999999999999600, 0.7500000000000000000 ),
 .UNSPECIFIED. ) 
 CURVE ( )  GEOMETRIC_REPRESENTATION_ITEM ( )  RATIONAL_B_SPLINE_CURVE ( ( 0.9755282581475768200, 0.9755282581475768200, 1.000000000000000000, 0.9510565162951535300, 1.000000000000000000, 0.9510565162951535300, 1.000000000000000000 ) ) 
 REPRESENTATION_ITEM ( '' )  );
#2143 = EDGE_CURVE ( 'NONE', #4992, #879, #1848, .T. ) ;
#2144 = CARTESIAN_POINT ( 'NONE',  ( 0.06396057012458789000, 0.1968503937007874400, -0.01749999999999999800 ) ) ;
#2145 = FACE_OUTER_BOUND ( 'NONE', #2, .T. ) ;
#2146 = CARTESIAN_POINT ( 'NONE',  ( 0.4480197434473803800, -0.2113215974080654400, -0.3533378237527942700 ) ) ;
#2147 = CARTESIAN_POINT ( 'NONE',  ( 0.2938926261462365700, -0.4045084971874737300, -0.002500000000000000900 ) ) ;
#2148 = CARTESIAN_POINT ( 'NONE',  ( -0.09159548090919690500, 0.4915385753740999000, -0.3687516666912324900 ) ) ;
#2149 = CARTESIAN_POINT ( 'NONE',  ( -0.1574803149606299200, 1.928577636452524600E-017, -0.1899999999999999500 ) ) ;
#2150 = VECTOR ( 'NONE', #4448, 39.37007874015748900 ) ;
#2151 = CARTESIAN_POINT ( 'NONE',  ( 0.1184922098926353100, -0.1038352703453048500, -0.4212023190461674500 ) ) ;
#2152 = UNCERTAINTY_MEASURE_WITH_UNIT (LENGTH_MEASURE( 1.000000000000000100E-005 ), #2409, 'distance_accuracy_value', 'NONE');
#2153 = EDGE_CURVE ( 'NONE', #371, #2174, #4669, .T. ) ;
#2154 = CONICAL_SURFACE ( 'NONE', #3715, 0.04734272207354935800, 0.7853981633974500600 ) ;
#2155 = DIRECTION ( 'NONE',  ( -1.000000000000000000, 0.0000000000000000000, 0.0000000000000000000 ) ) ;
#2156 = CARTESIAN_POINT ( 'NONE',  ( -0.1968503937007873800, 0.03117803943396384200, 0.03493728592265774000 ) ) ;
#2157 = CONICAL_SURFACE ( 'NONE', #808, 0.04734272207354935800, 0.7853981633974500600 ) ;
#2158 = CARTESIAN_POINT ( 'NONE',  ( 0.4714826336685799000, -0.1664452743478358800, 0.3687516666912323300 ) ) ;
#2159 = CARTESIAN_POINT ( 'NONE',  ( 0.4210023937655364400, -0.2708018189860014700, 0.2546861439001473800 ) ) ;
#2160 = CARTESIAN_POINT ( 'NONE',  ( 0.3798858992484877000, -0.3250949146821092200, 0.3450053225035648000 ) ) ;
#2161 = EDGE_CURVE ( 'NONE', #1259, #4378, #4597, .T. ) ;
#2162 = DIRECTION ( 'NONE',  ( 0.8660254037844362700, -0.5000000000000037700, 0.0000000000000000000 ) ) ;
#2163 = CARTESIAN_POINT ( 'NONE',  ( 0.4253254041760198800, -0.3090169943749474500, 0.002499999999999998800 ) ) ;
#2164 = CARTESIAN_POINT ( 'NONE',  ( -0.09159952967209207500, 0.4915380178261052300, -0.3212483333087674000 ) ) ;
#2165 = CARTESIAN_POINT ( 'NONE',  ( 0.4999999999999999400, -0.07919222016226822000, -0.06506271407734226500 ) ) ;
#2166 = AXIS2_PLACEMENT_3D ( 'NONE', #3138, #5002, #3161 ) ;
#2167 = CARTESIAN_POINT ( 'NONE',  ( 0.1483798775793362400, -0.05364586171599028400, -0.4228004509071468000 ) ) ;
#2168 = CARTESIAN_POINT ( 'NONE',  ( 0.1968503937007873800, -0.03117803943396380700, 0.03493728592265774000 ) ) ;
#2169 = ORIENTED_EDGE ( 'NONE', *, *, #489, .F. ) ;
#2170 = DIRECTION ( 'NONE',  ( 0.0000000000000000000, 0.0000000000000000000, 1.000000000000000000 ) ) ;
#2171 = DIRECTION ( 'NONE',  ( 9.795821821337355400E-017, -1.000000000000000000, -0.0000000000000000000 ) ) ;
#2172 = CARTESIAN_POINT ( 'NONE',  ( 0.2069807528028085300, -1.267391582025345100E-017, 0.1375000000000000100 ) ) ;
#2173 = CARTESIAN_POINT ( 'NONE',  ( -1.518754888706363100E-017, 0.5000000000000000000, 0.3449999999999999200 ) ) ;
#2174 = VERTEX_POINT ( 'NONE', #5160 ) ;
#2175 = CARTESIAN_POINT ( 'NONE',  ( 0.4580059613652693300, -0.1800039035902285800, 0.3021626695717838900 ) ) ;
#2176 = VERTEX_POINT ( 'NONE', #3425 ) ;
#2177 = CARTESIAN_POINT ( 'NONE',  ( 0.4330127018922182400, -0.2500000000000020000, 0.3449999999999999200 ) ) ;
#2178 = DIRECTION ( 'NONE',  ( 0.8660254037844364900, -0.5000000000000038900, 0.0000000000000000000 ) ) ;
#2179 = CARTESIAN_POINT ( 'NONE',  ( 0.4270329751469652000, -0.2603593765659540400, 0.2546811314297650100 ) ) ;
#2180 = CARTESIAN_POINT ( 'NONE',  ( -6.123233995736766000E-017, -0.5000000000000000000, 0.1375000000000000100 ) ) ;
#2181 = VERTEX_POINT ( 'NONE', #3466 ) ;
#2182 = EDGE_CURVE ( 'NONE', #3931, #666, #3324, .T. ) ;
#2183 = ORIENTED_EDGE ( 'NONE', *, *, #4965, .F. ) ;
#2184 = CARTESIAN_POINT ( 'NONE',  ( 0.1157057583252900000, -0.1592553138533361100, -0.002500000000000037300 ) ) ;
#2185 = CARTESIAN_POINT ( 'NONE',  ( 0.4740127018922186700, -0.1789859168896782100, -0.3449999999999999200 ) ) ;
#2186 = ORIENTED_EDGE ( 'NONE', *, *, #315, .T. ) ;
#2187 = ORIENTED_EDGE ( 'NONE', *, *, #5913, .T. ) ;
#2188 = DIRECTION ( 'NONE',  ( 0.8660254037844364900, -0.5000000000000040000, 0.0000000000000000000 ) ) ;
#2189 = CARTESIAN_POINT ( 'NONE',  ( -0.5257311121191335900, 3.219174618344376100E-017, -0.1374999999999999600 ) ) ;
#2190 = CARTESIAN_POINT ( 'NONE',  ( 0.1574803149606299200, 1.145430064125904000E-016, -0.3221092245658843100 ) ) ;
#2191 = FACE_OUTER_BOUND ( 'NONE', #426, .T. ) ;
#2192 = AXIS2_PLACEMENT_3D ( 'NONE', #3022, #1651, #2102 ) ;
#2193 = CARTESIAN_POINT ( 'NONE',  ( -0.1968503937007874100, 0.0000000000000000000, 0.4800000000000004300 ) ) ;
#2194 = ORIENTED_EDGE ( 'NONE', *, *, #1300, .F. ) ;
#2195 = ORIENTED_EDGE ( 'NONE', *, *, #1292, .F. ) ;
#2196 = CARTESIAN_POINT ( 'NONE',  ( 0.4038951253470163800, -0.2826136808131316000, 0.2718373658187232500 ) ) ;
#2197 = DIRECTION ( 'NONE',  ( -0.4999999999999999400, -4.897910910668677700E-017, -0.8660254037844387100 ) ) ;
#2198 = CARTESIAN_POINT ( 'NONE',  ( -0.02773528856266689900, 0.4943311636223251000, 0.3763297457558413300 ) ) ;
#2199 = FACE_BOUND ( 'NONE', #4446, .T. ) ;
#2200 = CARTESIAN_POINT ( 'NONE',  ( -2.134256245050205600E-017, 0.5000000000000000000, 0.3923427220735493100 ) ) ;
#2201 = DIRECTION ( 'NONE',  ( -1.000000000000000000, 0.0000000000000000000, 0.0000000000000000000 ) ) ;
#2202 = LINE ( 'NONE', #562, #2426 ) ;
#2203 = ORIENTED_EDGE ( 'NONE', *, *, #2027, .F. ) ;
#2204 = CARTESIAN_POINT ( 'NONE',  ( -0.1674509465259920700, -0.1216602340058848000, 0.1475000000000000200 ) ) ;
#2205 = LINE ( 'NONE', #1044, #613 ) ;
#2206 = CARTESIAN_POINT ( 'NONE',  ( 0.4021933157259846000, -0.2971759959648546700, 0.4172455786052993200 ) ) ;
#2207 = ORIENTED_EDGE ( 'NONE', *, *, #2609, .T. ) ;
#2208 = DIRECTION ( 'NONE',  ( 0.8660254037844386000, 0.0000000000000000000, 0.4999999999999998900 ) ) ;
#2209 = ORIENTED_EDGE ( 'NONE', *, *, #475, .T. ) ;
#2210 = EDGE_CURVE ( 'NONE', #4537, #2842, #2574, .T. ) ;
#2211 = FACE_OUTER_BOUND ( 'NONE', #2108, .T. ) ;
#2212 = ORIENTED_EDGE ( 'NONE', *, *, #4192, .F. ) ;
#2213 = CARTESIAN_POINT ( 'NONE',  ( -0.1624598481164530900, 0.5000000000000000000, -0.03249999999999997300 ) ) ;
#2214 = CARTESIAN_POINT ( 'NONE',  ( -0.4330127018922199100, 0.2499999999999990000, 0.004191306063588620200 ) ) ;
#2215 = EDGE_LOOP ( 'NONE', ( #5086, #1970 ) ) ;
#2216 = CARTESIAN_POINT ( 'NONE',  ( 0.5000000000000001100, 1.400189062104540400E-016, -0.1374999999999999600 ) ) ;
#2217 =( BOUNDED_CURVE ( )  B_SPLINE_CURVE ( 2, ( #3709, #1823, #5595, #906, #4154 ),
 .UNSPECIFIED., .F., .F. ) 
 B_SPLINE_CURVE_WITH_KNOTS ( ( 3, 2, 3 ),
 ( 0.08327224239572420000, 0.1000000000000000100, 0.1250000000000000000 ),
 .UNSPECIFIED. ) 
 CURVE ( )  GEOMETRIC_REPRESENTATION_ITEM ( )  RATIONAL_B_SPLINE_CURVE ( ( 0.9782076199945165500, 0.9836257053655301800, 1.000000000000000000, 0.9755282581475768200, 0.9755282581475768200 ) ) 
 REPRESENTATION_ITEM ( '' )  );
#2218 = LINE ( 'NONE', #4558, #5034 ) ;
#2219 = CARTESIAN_POINT ( 'NONE',  ( 0.06396057012458789000, 0.1968503937007874100, 0.1575000000000000300 ) ) ;
#2220 = ADVANCED_FACE ( 'NONE', ( #5177 ), #1054, .F. ) ;
#2221 = CARTESIAN_POINT ( 'NONE',  ( 0.4755282581475767700, -0.1545084971874737300, 0.1075000000000000000 ) ) ;
#2222 = EDGE_CURVE ( 'NONE', #3313, #601, #3393, .T. ) ;
#2223 = CARTESIAN_POINT ( 'NONE',  ( 0.3824986187818946700, -0.1734929584448398300, 0.3213286389632252800 ) ) ;
#2224 = CARTESIAN_POINT ( 'NONE',  ( -0.08143255812281288700, 0.1347975782228542100, -0.3560606994735003300 ) ) ;
#2225 = LINE ( 'NONE', #3167, #2974 ) ;
#2226 = CARTESIAN_POINT ( 'NONE',  ( 0.1157057583252900500, 0.1592553138533361100, -0.07250000000000005100 ) ) ;
#2227 = CARTESIAN_POINT ( 'NONE',  ( 0.0000000000000000000, 0.3484251968503936900, -0.1624999999999999800 ) ) ;
#2228 = CARTESIAN_POINT ( 'NONE',  ( -0.08200000000000008700, 0.4846770714133428200, -0.3449999999999999200 ) ) ;
#2229 = LINE ( 'NONE', #3558, #5477 ) ;
#2230 = AXIS2_PLACEMENT_3D ( 'NONE', #3452, #2509, #4353 ) ;
#2231 = AXIS2_PLACEMENT_3D ( 'NONE', #3280, #5998, #2335 ) ;
#2232 = CARTESIAN_POINT ( 'NONE',  ( 0.0000000000000000000, 0.0000000000000000000, -0.4999999999999999400 ) ) ;
#2233 = CARTESIAN_POINT ( 'NONE',  ( -0.2069807528028085300, 1.267391582025345100E-017, -0.03750000000000001200 ) ) ;
#2235 = EDGE_CURVE ( 'NONE', #1558, #1688, #4739, .T. ) ;
#2234 = CARTESIAN_POINT ( 'NONE',  ( -0.1157057583252900100, -0.1592553138533361100, 0.002500000000000058600 ) ) ;
#2236 = CARTESIAN_POINT ( 'NONE',  ( 0.5000000000000000000, 0.07919222016226817900, -0.1349372859226576600 ) ) ;
#2237 = AXIS2_PLACEMENT_3D ( 'NONE', #2232, #415, #1798 ) ;
#2238 = CARTESIAN_POINT ( 'NONE',  ( -0.5000000000000001100, 3.500472655261351000E-017, 0.03749999999999999900 ) ) ;
#2239 = CARTESIAN_POINT ( 'NONE',  ( -0.02411274066523899300, 0.5000004666645544400, -0.4353244265593464400 ) ) ;
#2240 = VERTEX_POINT ( 'NONE', #2957 ) ;
#2241 = CARTESIAN_POINT ( 'NONE',  ( -0.5000000000000001100, 3.500472655261351000E-017, 0.1124999999999999800 ) ) ;
#2242 = CARTESIAN_POINT ( 'NONE',  ( 0.4207994739739116500, -0.2702904366289532500, 0.4329971476658803800 ) ) ;
#2243 = CARTESIAN_POINT ( 'NONE',  ( -0.4755282581475767700, 0.1545084971874737300, -0.1424999999999999900 ) ) ;
#2244 = VERTEX_POINT ( 'NONE', #3915 ) ;
#2245 = AXIS2_PLACEMENT_3D ( 'NONE', #3055, #1648, #5364 ) ;
#2246 = CARTESIAN_POINT ( 'NONE',  ( 0.0000000000000000000, 0.0000000000000000000, 0.4999999999999999400 ) ) ;
#2247 = ORIENTED_EDGE ( 'NONE', *, *, #4826, .F. ) ;
#2248 = ADVANCED_FACE ( 'NONE', ( #5314 ), #4392, .T. ) ;
#2249 = CARTESIAN_POINT ( 'NONE',  ( -0.09159750529064449000, 0.4915382966001025600, 0.3449999999999999200 ) ) ;
#2250 = CARTESIAN_POINT ( 'NONE',  ( 0.0000000000000000000, 0.0000000000000000000, 0.4799999999999996500 ) ) ;
#2251 = VERTEX_POINT ( 'NONE', #3880 ) ;
#2252 = CARTESIAN_POINT ( 'NONE',  ( -0.2938926261462365700, 0.4045084971874737300, -0.1524999999999999700 ) ) ;
#2253 = CARTESIAN_POINT ( 'NONE',  ( -0.02773528856266689900, 0.4943311636223251000, -0.3763297457558413300 ) ) ;
#2254 = CARTESIAN_POINT ( 'NONE',  ( 0.09172008942458824400, -0.1280591273099955800, -0.2948361198157461400 ) ) ;
#2255 = ORIENTED_EDGE ( 'NONE', *, *, #2000, .T. ) ;
#2256 = EDGE_LOOP ( 'NONE', ( #1468, #5729 ) ) ;
#2257 = B_SPLINE_SURFACE_WITH_KNOTS ( 'NONE', 1, 3, ( 
 ( #5959, #1393, #1806, #4198, #5087, #423, #931, #471, #2748, #3218, #1869, #3710, #3695, #888, #2260, #5536, #947, #4135 ),
 ( #1887, #907, #1359, #4593, #2239, #3266, #5491, #2724, #447, #3652, #2315, #1824, #865, #4118, #5027, #5937, #5048, #5515 ) ),
 .UNSPECIFIED., .F., .T., .F.,
 ( 2, 2 ),
 ( 4, 2, 2, 2, 2, 2, 2, 2, 4 ),
 ( 0.0000000000000000000, 1.000000000000000000 ),
 ( -4.898794831103420200E-006, 0.001791992564680663200, 0.003588883924192429800, 0.005385775283704196200, 0.007182666643215963000, 0.008979558002727729800, 0.01077644936223949600, 0.01257334072175126200, 0.01437023208126302900 ),
 .UNSPECIFIED. ) ;
#2258 = EDGE_LOOP ( 'NONE', ( #2247, #4522, #3706, #3181, #1859, #3302, #5538, #721 ) ) ;
#2259 = DIRECTION ( 'NONE',  ( -0.5000000000000041100, -0.8660254037844362700, 0.0000000000000000000 ) ) ;
#2260 = CARTESIAN_POINT ( 'NONE',  ( -0.04282819140506073000, 0.4910897912246145500, -0.2718495292820866100 ) ) ;
#2261 = CARTESIAN_POINT ( 'NONE',  ( -1.518754888706362500E-017, 0.5000000000000000000, 0.3449999999999999200 ) ) ;
#2262 = FACE_OUTER_BOUND ( 'NONE', #2137, .T. ) ;
#2263 = EDGE_CURVE ( 'NONE', #2850, #2632, #2502, .T. ) ;
#2264 = CARTESIAN_POINT ( 'NONE',  ( 0.05430135992358037200, 0.1892532505679935300, 0.2833278076161420700 ) ) ;
#2265 = ORIENTED_EDGE ( 'NONE', *, *, #3593, .F. ) ;
#2266 = CARTESIAN_POINT ( 'NONE',  ( 0.4330127018922182400, -0.2500000000000020000, 0.3449999999999999200 ) ) ;
#2267 = VERTEX_POINT ( 'NONE', #1200 ) ;
#2268 = CARTESIAN_POINT ( 'NONE',  ( -0.1674509465259921000, -0.1216602340058847800, 0.02249999999999996100 ) ) ;
#2269 = CARTESIAN_POINT ( 'NONE',  ( 8.040613248383181800E-017, 0.5000000000000000000, -0.004166666666666644900 ) ) ;
#2270 = DIRECTION ( 'NONE',  ( -0.0000000000000000000, -0.0000000000000000000, -1.000000000000000000 ) ) ;
#2271 = LINE ( 'NONE', #1031, #5742 ) ;
#2272 = CIRCLE ( 'NONE', #2109, 0.04734272207354933700 ) ;
#2273 = DIRECTION ( 'NONE',  ( -1.000000000000000000, 0.0000000000000000000, 0.0000000000000000000 ) ) ;
#2274 = VERTEX_POINT ( 'NONE', #5343 ) ;
#2275 = DIRECTION ( 'NONE',  ( 0.0000000000000000000, 0.0000000000000000000, -1.000000000000000000 ) ) ;
#2276 = CARTESIAN_POINT ( 'NONE',  ( -0.2938926261462366200, -0.4045084971874736100, -0.02249999999999996400 ) ) ;
#2277 = CARTESIAN_POINT ( 'NONE',  ( -0.04099999999999998800, 0.5000000000000000000, -0.3686713610367747800 ) ) ;
#2278 = AXIS2_PLACEMENT_3D ( 'NONE', #1575, #5261, #663 ) ;
#2279 = FACE_OUTER_BOUND ( 'NONE', #2946, .T. ) ;
#2280 = VECTOR ( 'NONE', #4442, 39.37007874015748900 ) ;
#2281 = EDGE_LOOP ( 'NONE', ( #1459, #737, #4437, #2546, #2706, #3400 ) ) ;
#2282 = ORIENTED_EDGE ( 'NONE', *, *, #3581, .T. ) ;
#2283 = ADVANCED_FACE ( 'NONE', ( #1992 ), #299, .T. ) ;
#2284 = CARTESIAN_POINT ( 'NONE',  ( 0.4580082928958629200, -0.1799958233637425600, -0.3878197570353853500 ) ) ;
#2285 = CARTESIAN_POINT ( 'NONE',  ( -0.2938926261462366800, -0.4045084971874736100, 0.07749999999999999900 ) ) ;
#2286 = CARTESIAN_POINT ( 'NONE',  ( -0.01326471143733302900, 0.4943311636223253200, -0.3053156626455174600 ) ) ;
#2287 = VECTOR ( 'NONE', #4820, 39.37007874015748900 ) ;
#2288 = EDGE_LOOP ( 'NONE', ( #2923, #4886, #5862, #211 ) ) ;
#2289 = ORIENTED_EDGE ( 'NONE', *, *, #1355, .F. ) ;
#2290 = CARTESIAN_POINT ( 'NONE',  ( -0.08200000000000008700, 0.1789583121851436900, 0.3449999999999999200 ) ) ;
#2291 = CARTESIAN_POINT ( 'NONE',  ( -0.5000000000000001100, 9.626299801968714300E-017, 0.08750000000000000800 ) ) ;
#2292 = CIRCLE ( 'NONE', #4380, 0.04734272207354935800 ) ;
#2293 = DIRECTION ( 'NONE',  ( -0.0000000000000000000, -0.0000000000000000000, -1.000000000000000000 ) ) ;
#2294 = CARTESIAN_POINT ( 'NONE',  ( -0.08199818773084068000, 0.4846773462961148600, 0.3665640001638629200 ) ) ;
#2295 = CARTESIAN_POINT ( 'NONE',  ( 0.2938926261462365100, -0.4045084971874737300, -0.07749999999999999900 ) ) ;
#2296 = CARTESIAN_POINT ( 'NONE',  ( -0.06396057012458789000, -0.1968503937007874100, 0.007500000000000055200 ) ) ;
#2297 = CIRCLE ( 'NONE', #2988, 0.08200000000000005900 ) ;
#2298 = CARTESIAN_POINT ( 'NONE',  ( 0.4377611505172512300, -0.2278173946517952100, -0.2629954181721710900 ) ) ;
#2299 = EDGE_CURVE ( 'NONE', #1381, #5540, #3529, .T. ) ;
#2300 = CARTESIAN_POINT ( 'NONE',  ( 0.07774284899074140900, 0.1808622458110511800, 0.3716254730204242600 ) ) ;
#2301 = DIRECTION ( 'NONE',  ( 0.8660254037844362700, -0.5000000000000041100, 0.0000000000000000000 ) ) ;
#2302 = CARTESIAN_POINT ( 'NONE',  ( -0.5000000000000000000, -0.07919222016226809500, 0.1150627140773422800 ) ) ;
#2303 = CARTESIAN_POINT ( 'NONE',  ( 0.1872158496644003300, -0.06083011700294243400, 0.05749999999999996800 ) ) ;
#2304 = DIRECTION ( 'NONE',  ( 0.0000000000000000000, 0.0000000000000000000, -1.000000000000000000 ) ) ;
#2305 = ADVANCED_FACE ( 'NONE', ( #79 ), #2118, .F. ) ;
#2306 = CARTESIAN_POINT ( 'NONE',  ( 0.07313348836551814000, 0.4866481013377593200, 0.3878422549389332100 ) ) ;
#2307 = CARTESIAN_POINT ( 'NONE',  ( -0.1674509465259921000, -0.1216602340058847800, -0.1024999999999999200 ) ) ;
#2308 = PLANE ( 'NONE',  #4901 ) ;
#2309 = B_SPLINE_CURVE_WITH_KNOTS ( 'NONE', 3,
 ( #4717, #2933, #2414, #5643 ),
 .UNSPECIFIED., .F., .F.,
 ( 4, 4 ),
 ( 0.0007111018413682115500, 0.001334182499245445900 ),
 .UNSPECIFIED. ) ;
#2310 = ORIENTED_EDGE ( 'NONE', *, *, #2531, .T. ) ;
#2311 = CARTESIAN_POINT ( 'NONE',  ( -0.1968503937007873800, 0.03117803943396384200, 0.1349372859226577500 ) ) ;
#2312 = AXIS2_PLACEMENT_3D ( 'NONE', #3571, #4091, #317 ) ;
#2313 = CARTESIAN_POINT ( 'NONE',  ( 0.02773528856266705200, 0.4943311636223253800, -0.3136702542441583400 ) ) ;
#2314 = CARTESIAN_POINT ( 'NONE',  ( -0.02169569567629470500, 0.1959073624264303100, 0.4248001149272419600 ) ) ;
#2315 = CARTESIAN_POINT ( 'NONE',  ( 0.08170714940323897700, 0.4935345176800580200, -0.2978365846163099100 ) ) ;
#2316 = CARTESIAN_POINT ( 'NONE',  ( 0.1872158496644003300, 0.06083011700294239200, 0.1425000000000000400 ) ) ;
#2317 = ORIENTED_EDGE ( 'NONE', *, *, #801, .T. ) ;
#2318 = CARTESIAN_POINT ( 'NONE',  ( -0.04146729133191804500, 0.1926919566474351300, 0.2734563638889601100 ) ) ;
#2319 = VERTEX_POINT ( 'NONE', #5875 ) ;
#2320 =( BOUNDED_CURVE ( )  B_SPLINE_CURVE ( 1, ( #4044, #2666 ),
 .UNSPECIFIED., .F., .F. ) 
 B_SPLINE_CURVE_WITH_KNOTS ( ( 2, 2 ),
 ( 0.0000000000000000000, 0.007700000000000000200 ),
 .UNSPECIFIED. ) 
 CURVE ( )  GEOMETRIC_REPRESENTATION_ITEM ( )  RATIONAL_B_SPLINE_CURVE ( ( 0.9782076199945180000, 0.9782076199945180000 ) ) 
 REPRESENTATION_ITEM ( '' )  );
#2321 = CARTESIAN_POINT ( 'NONE',  ( 0.4707034744993602300, -0.1687045843111286400, 0.3683512057246054500 ) ) ;
#2322 = DIRECTION ( 'NONE',  ( -1.000000000000000000, 0.0000000000000000000, 0.0000000000000000000 ) ) ;
#2323 = CARTESIAN_POINT ( 'NONE',  ( 0.1624598481164531700, 0.5000000000000000000, -0.09249999999999999900 ) ) ;
#2324 = ORIENTED_EDGE ( 'NONE', *, *, #3868, .T. ) ;
#2325 = ORIENTED_EDGE ( 'NONE', *, *, #5594, .T. ) ;
#2326 = DIRECTION ( 'NONE',  ( 0.5000000000000044400, 0.8660254037844360400, 0.0000000000000000000 ) ) ;
#2327 = CARTESIAN_POINT ( 'NONE',  ( -0.06396057012458789000, -0.1968503937007874400, -0.09249999999999994300 ) ) ;
#2328 = CARTESIAN_POINT ( 'NONE',  ( -0.5257311121191335900, 3.219174618344376100E-017, -0.03749999999999997100 ) ) ;
#2329 = CARTESIAN_POINT ( 'NONE',  ( 0.0000000000000000000, 0.1968503937007874100, 0.08749999999999995300 ) ) ;
#2330 = ORIENTED_EDGE ( 'NONE', *, *, #2473, .F. ) ;
#2331 = EDGE_CURVE ( 'NONE', #1688, #1617, #5629, .T. ) ;
#2332 = ORIENTED_EDGE ( 'NONE', *, *, #3647, .T. ) ;
#2333 = ADVANCED_FACE ( 'NONE', ( #4251 ), #5916, .F. ) ;
#2334 = CARTESIAN_POINT ( 'NONE',  ( 0.3787443277707788800, -0.3133505796196129300, -0.3666611830256161800 ) ) ;
#2335 = DIRECTION ( 'NONE',  ( 1.000000000000000000, 0.0000000000000000000, 0.0000000000000000000 ) ) ;
#2336 = LINE ( 'NONE', #1725, #3877 ) ;
#2337 = CARTESIAN_POINT ( 'NONE',  ( -0.05014791435961725400, 0.1904098519976252500, 0.4100963625589428800 ) ) ;
#2338 = ORIENTED_EDGE ( 'NONE', *, *, #2653, .T. ) ;
#2339 = CARTESIAN_POINT ( 'NONE',  ( 0.08686292096570928700, 0.4924027539797769000, 0.3740722976003300100 ) ) ;
#2340 = PERSON_AND_ORGANIZATION ( #4724, #4453 ) ;
#2341 = ORIENTED_EDGE ( 'NONE', *, *, #6017, .T. ) ;
#2342 = EDGE_CURVE ( 'NONE', #747, #1490, #3605, .T. ) ;
#2343 = EDGE_CURVE ( 'NONE', #5173, #3755, #606, .T. ) ;
#2344 = APPLICATION_PROTOCOL_DEFINITION ( 'international standard', 'config_control_design', 1994, #48 ) ;
#2345 = VECTOR ( 'NONE', #4778, 39.37007874015748100 ) ;
#2346 = AXIS2_PLACEMENT_3D ( 'NONE', #3270, #3761, #1397 ) ;
#2347 = CARTESIAN_POINT ( 'NONE',  ( 0.0000000000000000000, 0.0000000000000000000, -0.4799999999999998700 ) ) ;
#2348 = CARTESIAN_POINT ( 'NONE',  ( -6.123233995736766000E-017, -0.5000000000000000000, 0.03749999999999999200 ) ) ;
#2349 = FACE_OUTER_BOUND ( 'NONE', #1825, .T. ) ;
#2350 = EDGE_LOOP ( 'NONE', ( #3212, #4926, #4662, #1061 ) ) ;
#2351 = CARTESIAN_POINT ( 'NONE',  ( 0.4607427447932496700, -0.1713245035864536500, 0.3530001419863404400 ) ) ;
#2352 = EDGE_CURVE ( 'NONE', #4492, #4664, #2879, .T. ) ;
#2353 = CARTESIAN_POINT ( 'NONE',  ( 0.5000000000000001100, 1.400189062104540400E-016, -0.1124999999999999800 ) ) ;
#2354 = LINE ( 'NONE', #5812, #759 ) ;
#2355 = CARTESIAN_POINT ( 'NONE',  ( 0.06667351501381618700, 0.4875582957395817000, 0.2968820849537031600 ) ) ;
#2356 = VERTEX_POINT ( 'NONE', #2651 ) ;
#2357 = ORIENTED_EDGE ( 'NONE', *, *, #3705, .F. ) ;
#2358 = CARTESIAN_POINT ( 'NONE',  ( -0.1157057583252900000, 0.1592553138533361100, -0.02749999999999994500 ) ) ;
#2359 = CARTESIAN_POINT ( 'NONE',  ( 0.3889011124294095600, -0.3015201056313745500, 0.2968820849537224800 ) ) ;
#2360 = CARTESIAN_POINT ( 'NONE',  ( 0.4690927018922186300, -0.1875076068629170100, -0.3449999999999999200 ) ) ;
#2361 = CC_DESIGN_APPROVAL ( #4529, ( #5060 ) ) ;
#2362 = B_SPLINE_CURVE_WITH_KNOTS ( 'NONE', 3,
 ( #464, #1817, #3727, #901, #1369, #1779, #5973, #5482, #5930, #378 ),
 .UNSPECIFIED., .F., .F.,
 ( 4, 2, 2, 2, 4 ),
 ( 0.5000092972682515000, 0.6250000000000000000, 0.7500000000000000000, 0.8750000000000000000, 1.000000000000000000 ),
 .UNSPECIFIED. ) ;
#2363 = CONICAL_SURFACE ( 'NONE', #1235, 0.04734272207354933700, 0.7853981633974500600 ) ;
#2364 = ORIENTED_EDGE ( 'NONE', *, *, #3487, .F. ) ;
#2365 = EDGE_CURVE ( 'NONE', #1748, #3643, #3668, .T. ) ;
#2366 = CARTESIAN_POINT ( 'NONE',  ( 0.2706329386826363800, -0.1562500000000013000, -0.3449999999999999200 ) ) ;
#2367 = CARTESIAN_POINT ( 'NONE',  ( 0.4535127018922184800, -0.2144929584448400700, -0.3213286389632253300 ) ) ;
#2368 = CONICAL_SURFACE ( 'NONE', #2192, 0.04734272207354935800, 0.7853981633974500600 ) ;
#2369 = AXIS2_PLACEMENT_3D ( 'NONE', #1097, #2085, #152 ) ;
#2370 = CARTESIAN_POINT ( 'NONE',  ( 0.3787426562703870600, -0.3133526188664534900, -0.3449999999989082400 ) ) ;
#2371 = CARTESIAN_POINT ( 'NONE',  ( -0.5257311121191335900, 3.219174618344376100E-017, 0.1125000000000000000 ) ) ;
#2372 = CARTESIAN_POINT ( 'NONE',  ( 0.4592887607086361700, -0.2044885311073007000, 0.005882612127176944100 ) ) ;
#2373 = VECTOR ( 'NONE', #1745, 39.37007874015748100 ) ;
#2374 = ADVANCED_FACE ( 'NONE', ( #144 ), #4031, .F. ) ;
#2375 = CARTESIAN_POINT ( 'NONE',  ( -0.4755282581475768200, -0.1545084971874736700, 0.1424999999999999900 ) ) ;
#2376 = CARTESIAN_POINT ( 'NONE',  ( 0.06396057012458793200, 0.1968503937007874400, -0.04249999999999995400 ) ) ;
#2377 = CARTESIAN_POINT ( 'NONE',  ( -0.1968503937007873800, 0.03117803943396386900, -0.09006271407734232900 ) ) ;
#2378 = VECTOR ( 'NONE', #1963, 39.37007874015748100 ) ;
#2379 = DIRECTION ( 'NONE',  ( -0.4330127018922228500, -0.7499999999999981100, 0.4999999999999998900 ) ) ;
#2380 = EDGE_CURVE ( 'NONE', #439, #4036, #4169, .T. ) ;
#2381 = B_SPLINE_CURVE_WITH_KNOTS ( 'NONE', 3,
 ( #554, #1504, #5197, #2434, #5659, #2909, #5210, #3380 ),
 .UNSPECIFIED., .F., .F.,
 ( 4, 2, 2, 4 ),
 ( 2.544393206662145600E-007, 0.0003107880854811371400, 0.0006213217316416080700, 0.001242389023962550300 ),
 .UNSPECIFIED. ) ;
#2382 = DIRECTION ( 'NONE',  ( -0.0000000000000000000, -0.0000000000000000000, -1.000000000000000000 ) ) ;
#2383 = EDGE_CURVE ( 'NONE', #1615, #2853, #695, .T. ) ;
#2384 = CARTESIAN_POINT ( 'NONE',  ( -0.1968503937007873800, 3.281693114307516800E-017, -0.06249999999999993800 ) ) ;
#2385 = DIRECTION ( 'NONE',  ( -1.000000000000000000, 0.0000000000000000000, 0.0000000000000000000 ) ) ;
#2386 = CARTESIAN_POINT ( 'NONE',  ( 0.4552373082696629100, -0.2075894460045228700, -0.2644283913482293700 ) ) ;
#2387 = CARTESIAN_POINT ( 'NONE',  ( -0.1624598481164531400, -0.5000000000000000000, 0.1324999999999999800 ) ) ;
#2388 = PLANE ( 'NONE',  #4543 ) ;
#2389 = CARTESIAN_POINT ( 'NONE',  ( 1.229195698559069900E-017, 0.3437500000000000600, -0.3449999999999999200 ) ) ;
#2390 = ORIENTED_EDGE ( 'NONE', *, *, #665, .T. ) ;
#2391 = AXIS2_PLACEMENT_3D ( 'NONE', #5568, #4702, #2884 ) ;
#2392 = DIRECTION ( 'NONE',  ( -9.795821821337355400E-017, 1.000000000000000000, -0.0000000000000000000 ) ) ;
#2393 = EDGE_CURVE ( 'NONE', #2733, #3153, #2431, .T. ) ;
#2394 = CARTESIAN_POINT ( 'NONE',  ( -0.02411126272384705700, 0.5000003182928117700, 0.2546760282106656500 ) ) ;
#2395 = CARTESIAN_POINT ( 'NONE',  ( -0.1674509465259921000, 0.1216602340058848100, -0.02249999999999994400 ) ) ;
#2396 = ORIENTED_EDGE ( 'NONE', *, *, #3454, .T. ) ;
#2398 = EDGE_CURVE ( 'NONE', #4981, #2048, #2526, .T. ) ;
#2397 = CARTESIAN_POINT ( 'NONE',  ( 0.04100000000000002900, 0.5000000000000000000, 0.3213286389632253900 ) ) ;
#2399 = CARTESIAN_POINT ( 'NONE',  ( 0.1968503937007873800, 5.907047605753529800E-017, -0.1375000000000000400 ) ) ;
#2400 = ORIENTED_EDGE ( 'NONE', *, *, #3757, .F. ) ;
#2401 = B_SPLINE_CURVE_WITH_KNOTS ( 'NONE', 3,
 ( #5798, #5821, #3118, #4033, #4890, #738, #1219, #1679, #4904, #2605, #3096, #2141, #293, #269, #764, #782, #1252, #3592, #3216, #3183, #2720, #4961 ),
 .UNSPECIFIED., .F., .F.,
 ( 4, 2, 2, 2, 2, 2, 2, 2, 2, 2, 4 ),
 ( 0.0000000000000000000, 0.06250157679064778600, 0.09375236518597168700, 0.1250031535812955700, 0.1875047303719435100, 0.2500063071625914800, 0.3125078839532394700, 0.3437586723485635000, 0.3750094607438874700, 0.4375110375345353000, 0.5000126143251830700 ),
 .UNSPECIFIED. ) ;
#2402 = B_SPLINE_CURVE_WITH_KNOTS ( 'NONE', 3,
 ( #656, #3423, #678, #5288, #3930, #25, #639, #146 ),
 .UNSPECIFIED., .F., .F.,
 ( 4, 2, 2, 4 ),
 ( 2.544393206677595500E-007, 0.0003107880854811375200, 0.0006213217316416072000, 0.001242389023962550900 ),
 .UNSPECIFIED. ) ;
#2403 = ADVANCED_FACE ( 'NONE', ( #1639, #5681 ), #4457, .F. ) ;
#2404 = ORIENTED_EDGE ( 'NONE', *, *, #1657, .T. ) ;
#2405 = CARTESIAN_POINT ( 'NONE',  ( -0.4755282581475767700, 0.1545084971874737800, 0.08250000000000000400 ) ) ;
#2406 = ORIENTED_EDGE ( 'NONE', *, *, #5636, .T. ) ;
#2407 = CARTESIAN_POINT ( 'NONE',  ( -0.1624598481164530600, 0.5000000000000001100, 0.04249999999999999600 ) ) ;
#2408 =( BOUNDED_CURVE ( )  B_SPLINE_CURVE ( 2, ( #3337, #2885, #4294, #612, #42, #1087, #1532, #3850, #5169, #3789, #4747, #549, #1069 ),
 .UNSPECIFIED., .F., .F. ) 
 B_SPLINE_CURVE_WITH_KNOTS ( ( 3, 2, 2, 2, 2, 2, 3 ),
 ( 0.1250000000000000000, 0.1499999999999999900, 0.2000000000000000100, 0.2500000000000000000, 0.2999999999999999900, 0.3499999999999999800, 0.3750000000000000000 ),
 .UNSPECIFIED. ) 
 CURVE ( )  GEOMETRIC_REPRESENTATION_ITEM ( )  RATIONAL_B_SPLINE_CURVE ( ( 0.9755282581475768200, 0.9755282581475768200, 1.000000000000000000, 0.9510565162951535300, 1.000000000000000000, 0.9510565162951535300, 1.000000000000000000, 0.9510565162951535300, 1.000000000000000000, 0.9510565162951535300, 1.000000000000000000, 0.9755282581475768200, 0.9755282581475768200 ) ) 
 REPRESENTATION_ITEM ( '' )  );
#2409 =( CONVERSION_BASED_UNIT ( 'INCH', #904 ) LENGTH_UNIT ( ) NAMED_UNIT ( #5414 ) );
#2410 = ORIENTED_EDGE ( 'NONE', *, *, #3058, .T. ) ;
#2411 = DIRECTION ( 'NONE',  ( -9.795821821337355400E-017, 1.000000000000000000, -0.0000000000000000000 ) ) ;
#2412 = EDGE_LOOP ( 'NONE', ( #87, #5736, #266, #1894, #3007 ) ) ;
#2413 = CARTESIAN_POINT ( 'NONE',  ( -0.4253254041760198800, 0.3090169943749474500, 0.002499999999999998800 ) ) ;
#2414 = CARTESIAN_POINT ( 'NONE',  ( -0.04099999999999999500, 0.4936572779264506400, 0.3366638968226984800 ) ) ;
#2415 = CARTESIAN_POINT ( 'NONE',  ( 0.06396057012458782100, -0.1968503937007874700, -0.08249999999999993400 ) ) ;
#2416 = FACE_OUTER_BOUND ( 'NONE', #3635, .T. ) ;
#2417 = CARTESIAN_POINT ( 'NONE',  ( 0.4342131613489534400, -0.2352003122334111700, 0.3845963353950050400 ) ) ;
#2418 = ORIENTED_EDGE ( 'NONE', *, *, #2623, .F. ) ;
#2419 = DIRECTION ( 'NONE',  ( 0.8660254037844364900, -0.5000000000000040000, 0.0000000000000000000 ) ) ;
#2420 = EDGE_LOOP ( 'NONE', ( #5832, #791, #1113, #5237 ) ) ;
#2421 = CARTESIAN_POINT ( 'NONE',  ( -0.2938926261462366200, -0.4045084971874736100, 0.05250000000000000500 ) ) ;
#2422 = CARTESIAN_POINT ( 'NONE',  ( 0.1968503937007873800, 5.907047605753529800E-017, -0.1375000000000000400 ) ) ;
#2423 = DIRECTION ( 'NONE',  ( 0.8660254037844364900, -0.5000000000000040000, 0.0000000000000000000 ) ) ;
#2424 = VECTOR ( 'NONE', #1552, 39.37007874015748100 ) ;
#2425 = EDGE_CURVE ( 'NONE', #2642, #5317, #2639, .T. ) ;
#2426 = VECTOR ( 'NONE', #4736, 39.37007874015748100 ) ;
#2427 = ORIENTED_EDGE ( 'NONE', *, *, #4965, .T. ) ;
#2428 = B_SPLINE_CURVE_WITH_KNOTS ( 'NONE', 3,
 ( #3050, #654, #230, #1175 ),
 .UNSPECIFIED., .F., .F.,
 ( 4, 4 ),
 ( 0.0007111018413682114400, 0.001334182499245445500 ),
 .UNSPECIFIED. ) ;
#2429 = CARTESIAN_POINT ( 'NONE',  ( -0.1624598481164530600, 0.5000000000000001100, 0.06749999999999999100 ) ) ;
#2430 = CARTESIAN_POINT ( 'NONE',  ( -0.5000000000000001100, 9.626299801968714300E-017, 0.06250000000000000000 ) ) ;
#2431 = LINE ( 'NONE', #3693, #3957 ) ;
#2432 = FACE_OUTER_BOUND ( 'NONE', #4295, .T. ) ;
#2433 = EDGE_LOOP ( 'NONE', ( #3075, #5793, #1969, #6010, #4311, #3603, #2562 ) ) ;
#2434 = CARTESIAN_POINT ( 'NONE',  ( -0.01326471143733302900, 0.4943311636223253200, 0.3053156626455174600 ) ) ;
#2435 = DIRECTION ( 'NONE',  ( 1.000000000000000000, 0.0000000000000000000, 0.0000000000000000000 ) ) ;
#2436 = CARTESIAN_POINT ( 'NONE',  ( -0.08167261133679093500, 0.4935358578914341700, -0.2978168095221691000 ) ) ;
#2437 = CARTESIAN_POINT ( 'NONE',  ( -0.4755282581475767700, 0.1545084971874737300, 0.1075000000000000000 ) ) ;
#2438 = FACE_OUTER_BOUND ( 'NONE', #1760, .T. ) ;
#2439 = EDGE_LOOP ( 'NONE', ( #949, #3220, #883, #2708 ) ) ;
#2440 = CARTESIAN_POINT ( 'NONE',  ( 0.06396057012458784800, -0.1968503937007874400, -0.1574999999999999700 ) ) ;
#2441 = ADVANCED_FACE ( 'NONE', ( #5822 ), #4444, .F. ) ;
#2442 = EDGE_CURVE ( 'NONE', #5351, #4707, #2402, .T. ) ;
#2443 = ORIENTED_EDGE ( 'NONE', *, *, #4781, .T. ) ;
#2444 = FACE_OUTER_BOUND ( 'NONE', #1827, .T. ) ;
#2445 = CARTESIAN_POINT ( 'NONE',  ( -0.4253254041760198800, -0.3090169943749474000, 0.1474999999999999900 ) ) ;
#2446 = CARTESIAN_POINT ( 'NONE',  ( 0.04100000000000005700, 0.4180000000000000400, 0.3686713610367745600 ) ) ;
#2447 = CARTESIAN_POINT ( 'NONE',  ( -0.5000000000000001100, 3.500472655261351000E-017, 0.01249999999999999700 ) ) ;
#2448 = AXIS2_PLACEMENT_3D ( 'NONE', #5406, #4489, #4115 ) ;
#2449 = CARTESIAN_POINT ( 'NONE',  ( 0.4450686089038021200, -0.2291191931102359600, -0.2546760282106667100 ) ) ;
#2450 =( BOUNDED_CURVE ( )  B_SPLINE_CURVE ( 2, ( #34, #4223, #1464, #1876, #6005, #3719, #5183, #2415, #3273, #3306, #480, #4700, #5564 ),
 .UNSPECIFIED., .F., .T. ) 
 B_SPLINE_CURVE_WITH_KNOTS ( ( 3, 2, 2, 2, 2, 2, 3 ),
 ( 0.1250000000000000000, 0.1499999999999999900, 0.2000000000000000100, 0.2500000000000000000, 0.2999999999999999900, 0.3499999999999999800, 0.3750000000000000000 ),
 .UNSPECIFIED. ) 
 CURVE ( )  GEOMETRIC_REPRESENTATION_ITEM ( )  RATIONAL_B_SPLINE_CURVE ( ( 0.9755282581475768200, 0.9755282581475768200, 1.000000000000000000, 0.9510565162951535300, 1.000000000000000000, 0.9510565162951535300, 1.000000000000000000, 0.9510565162951535300, 1.000000000000000000, 0.9510565162951535300, 1.000000000000000000, 0.9755282581475768200, 0.9755282581475768200 ) ) 
 REPRESENTATION_ITEM ( '' )  );
#2451 = CYLINDRICAL_SURFACE ( 'NONE', #1467, 0.1968503937007874100 ) ;
#2452 = DIRECTION ( 'NONE',  ( 0.4330127018922227400, 0.7499999999999978900, 0.5000000000000000000 ) ) ;
#2453 = DIRECTION ( 'NONE',  ( -1.758688375849876100E-016, 1.000000000000000000, -0.0000000000000000000 ) ) ;
#2454 = CARTESIAN_POINT ( 'NONE',  ( 0.1876097752275673600, -0.06043425060414719900, 0.2734563638889600500 ) ) ;
#2455 = CARTESIAN_POINT ( 'NONE',  ( 0.0000000000000000000, -0.5000000000000000000, -0.1624999999999999800 ) ) ;
#2456 = AXIS2_PLACEMENT_3D ( 'NONE', #5153, #3815, #2005 ) ;
#2457 = CYLINDRICAL_SURFACE ( 'NONE', #3799, 0.08200000000000007300 ) ;
#2458 = CARTESIAN_POINT ( 'NONE',  ( -0.08200181226915950700, 0.4846767965305707700, 0.3234359998361369100 ) ) ;
#2459 = CARTESIAN_POINT ( 'NONE',  ( 0.4004118359447461100, -0.2868006345548715900, 0.4116323472223127900 ) ) ;
#2460 = DIRECTION ( 'NONE',  ( -9.795821821337355400E-017, 1.000000000000000000, -0.0000000000000000000 ) ) ;
#2461 = EDGE_CURVE ( 'NONE', #2626, #2642, #2800, .T. ) ;
#2462 = CARTESIAN_POINT ( 'NONE',  ( -0.06396057012458784800, 0.1968503937007874100, -0.03249999999999994600 ) ) ;
#2463 = CARTESIAN_POINT ( 'NONE',  ( -0.4253254041760198800, 0.3090169943749474500, 0.1275000000000000000 ) ) ;
#2464 = CARTESIAN_POINT ( 'NONE',  ( 0.3414986187818943600, -0.2445070415551636500, -0.3213286389632252800 ) ) ;
#2465 = DIRECTION ( 'NONE',  ( 0.5000000000000044400, 0.8660254037844360400, 0.0000000000000000000 ) ) ;
#2466 = EDGE_LOOP ( 'NONE', ( #1385, #2563, #5384, #5873 ) ) ;
#2467 = ADVANCED_FACE ( 'NONE', ( #1492 ), #3740, .F. ) ;
#2468 = EDGE_CURVE ( 'NONE', #4314, #2997, #4767, .T. ) ;
#2469 = DIRECTION ( 'NONE',  ( 0.0000000000000000000, 0.0000000000000000000, -1.000000000000000000 ) ) ;
#2470 = DIRECTION ( 'NONE',  ( -0.4330127018922226300, -0.7499999999999977800, 0.5000000000000003300 ) ) ;
#2471 = CARTESIAN_POINT ( 'NONE',  ( 0.4450694763681967700, -0.2291179873613165000, -0.4353244265593455600 ) ) ;
#2472 = ORIENTED_EDGE ( 'NONE', *, *, #3978, .T. ) ;
#2473 = EDGE_CURVE ( 'NONE', #3655, #4035, #3171, .T. ) ;
#2474 = CARTESIAN_POINT ( 'NONE',  ( 0.4714826336685799000, -0.1664452743478358800, -0.3687516666912323300 ) ) ;
#2475 = CARTESIAN_POINT ( 'NONE',  ( -0.08168173026801456300, 0.4935338083321472200, -0.3921638342466148300 ) ) ;
#2476 = CARTESIAN_POINT ( 'NONE',  ( 0.4064378567412486000, -0.2784388232604272900, 0.4179565080481032500 ) ) ;
#2477 = ORIENTED_EDGE ( 'NONE', *, *, #4740, .F. ) ;
#2478 = ORIENTED_EDGE ( 'NONE', *, *, #989, .F. ) ;
#2479 = CARTESIAN_POINT ( 'NONE',  ( -0.04844293015182066200, 0.4902651565779168600, 0.2774806087860894900 ) ) ;
#2480 = CARTESIAN_POINT ( 'NONE',  ( 0.2938926261462365100, -0.4045084971874737300, 0.07250000000000000900 ) ) ;
#2482 = EDGE_CURVE ( 'NONE', #1623, #4170, #1555, .T. ) ;
#2481 = CARTESIAN_POINT ( 'NONE',  ( -0.07322023623292452100, 0.4946833829273057400, 0.2894758698076229100 ) ) ;
#2483 = CARTESIAN_POINT ( 'NONE',  ( 0.4999999999999999400, -0.07919222016226816500, -0.01506271407734227500 ) ) ;
#2484 = EDGE_LOOP ( 'NONE', ( #4822, #3166 ) ) ;
#2485 = CARTESIAN_POINT ( 'NONE',  ( 0.4755282581475768200, 0.1545084971874736700, 0.1424999999999999900 ) ) ;
#2486 = B_SPLINE_CURVE_WITH_KNOTS ( 'NONE', 3,
 ( #5880, #2747, #319, #887 ),
 .UNSPECIFIED., .F., .F.,
 ( 4, 4 ),
 ( 0.0000000000000000000, 1.000000000000000000 ),
 .UNSPECIFIED. ) ;
#2487 = VERTEX_POINT ( 'NONE', #4397 ) ;
#2488 = AXIS2_PLACEMENT_3D ( 'NONE', #248, #5779, #4451 ) ;
#2489 = CARTESIAN_POINT ( 'NONE',  ( 0.1927852946682977500, -0.03999257834941213200, 0.3992057363006159500 ) ) ;
#2490 = VERTEX_POINT ( 'NONE', #1196 ) ;
#2491 = CARTESIAN_POINT ( 'NONE',  ( 0.1945382713866312700, -0.03024854175239502500, 0.3037557995980789700 ) ) ;
#2492 = CARTESIAN_POINT ( 'NONE',  ( 0.4074108506309916900, -0.2904282907689939000, -0.2644149940021507900 ) ) ;
#2493 = ORIENTED_EDGE ( 'NONE', *, *, #4755, .F. ) ;
#2494 = LINE ( 'NONE', #3563, #5593 ) ;
#2495 = CARTESIAN_POINT ( 'NONE',  ( 0.4253254041760198800, 0.3090169943749474000, -0.1024999999999999500 ) ) ;
#2496 = VERTEX_POINT ( 'NONE', #5381 ) ;
#2497 = PERSON_AND_ORGANIZATION ( #4724, #4453 ) ;
#2498 = ORIENTED_EDGE ( 'NONE', *, *, #971, .F. ) ;
#2499 = CARTESIAN_POINT ( 'NONE',  ( -0.04100000000000009200, 0.5000000000000000000, -0.3213286389632253300 ) ) ;
#2500 = ADVANCED_FACE ( 'NONE', ( #1202 ), #3985, .F. ) ;
#2501 = EDGE_CURVE ( 'NONE', #3519, #5933, #750, .T. ) ;
#2502 = CIRCLE ( 'NONE', #5023, 0.1968503937007874100 ) ;
#2503 = CARTESIAN_POINT ( 'NONE',  ( 0.1968503937007873800, -3.281693114307516800E-017, -0.06249999999999993800 ) ) ;
#2504 = CONICAL_SURFACE ( 'NONE', #2869, 0.08200000000000005900, 0.7853981633974509400 ) ;
#2505 = ORIENTED_EDGE ( 'NONE', *, *, #2182, .T. ) ;
#2506 = CARTESIAN_POINT ( 'NONE',  ( -0.1157057583252900000, 0.1592553138533361100, 0.02250000000000003700 ) ) ;
#2507 = CARTESIAN_POINT ( 'NONE',  ( -0.09159345437280420900, 0.4915390514832333500, 0.3331629886451801200 ) ) ;
#2508 = CARTESIAN_POINT ( 'NONE',  ( 0.4650184945615027900, -0.1839311068149185300, 0.2894758698075452500 ) ) ;
#2509 = DIRECTION ( 'NONE',  ( 0.8660254037844364900, -0.5000000000000040000, 0.0000000000000000000 ) ) ;
#2510 = EDGE_CURVE ( 'NONE', #1854, #2034, #3429, .T. ) ;
#2511 = VECTOR ( 'NONE', #1367, 39.37007874015748100 ) ;
#2512 = EDGE_LOOP ( 'NONE', ( #1574, #1396, #4513, #1182 ) ) ;
#2513 = ORIENTED_EDGE ( 'NONE', *, *, #1132, .T. ) ;
#2514 = CARTESIAN_POINT ( 'NONE',  ( 0.1858358306012624100, -0.06511683081811420200, 0.4186111982674046700 ) ) ;
#2515 = CARTESIAN_POINT ( 'NONE',  ( 0.4755282581475767700, -0.1545084971874737300, 0.03250000000000000100 ) ) ;
#2516 = CARTESIAN_POINT ( 'NONE',  ( 0.07769354671178395300, 0.1370008799284339600, -0.3182421622478122700 ) ) ;
#2517 = CYLINDRICAL_SURFACE ( 'NONE', #2592, 0.5000000000000000000 ) ;
#2518 = CARTESIAN_POINT ( 'NONE',  ( 0.4330127018922182400, -0.2500000000000020500, 0.3449999999999999200 ) ) ;
#2519 = ORIENTED_EDGE ( 'NONE', *, *, #5864, .F. ) ;
#2520 = ORIENTED_EDGE ( 'NONE', *, *, #3141, .F. ) ;
#2521 = CARTESIAN_POINT ( 'NONE',  ( 0.0000000000000000000, -0.1968503937007874100, -0.03749999999999995700 ) ) ;
#2522 = DIRECTION ( 'NONE',  ( 0.5000000000000036600, 0.8660254037844364900, 0.0000000000000000000 ) ) ;
#2523 = CARTESIAN_POINT ( 'NONE',  ( -0.09159548090919690500, 0.4915385753740999000, -0.3687516666912324900 ) ) ;
#2524 = CARTESIAN_POINT ( 'NONE',  ( 0.4755282581475767700, -0.1545084971874737300, -0.1424999999999999900 ) ) ;
#2525 = DIRECTION ( 'NONE',  ( -1.000000000000000000, 0.0000000000000000000, 0.0000000000000000000 ) ) ;
#2526 =( BOUNDED_CURVE ( )  B_SPLINE_CURVE ( 2, ( #1903, #3238, #882, #1356, #5572, #4587, #5956, #4647, #3215, #1884, #2826, #2311, #3732 ),
 .UNSPECIFIED., .F., .F. ) 
 B_SPLINE_CURVE_WITH_KNOTS ( ( 3, 2, 2, 2, 2, 2, 3 ),
 ( 0.3750000000000000000, 0.4000000000000000200, 0.4500000000000000100, 0.5000000000000000000, 0.5500000000000000400, 0.5999999999999999800, 0.6250000000000000000 ),
 .UNSPECIFIED. ) 
 CURVE ( )  GEOMETRIC_REPRESENTATION_ITEM ( )  RATIONAL_B_SPLINE_CURVE ( ( 0.9755282581475768200, 0.9755282581475768200, 1.000000000000000000, 0.9510565162951535300, 1.000000000000000000, 0.9510565162951535300, 1.000000000000000000, 0.9510565162951535300, 1.000000000000000000, 0.9510565162951535300, 1.000000000000000000, 0.9755282581475768200, 0.9755282581475768200 ) ) 
 REPRESENTATION_ITEM ( '' )  );
#2527 = CARTESIAN_POINT ( 'NONE',  ( 0.01196134664612929500, 0.5000010930138976100, 0.2546811314297641200 ) ) ;
#2528 = CYLINDRICAL_SURFACE ( 'NONE', #558, 0.1968503937007874100 ) ;
#2529 = AXIS2_PLACEMENT_3D ( 'NONE', #806, #4921, #4967 ) ;
#2530 = CARTESIAN_POINT ( 'NONE',  ( 0.5000000000000000000, 6.123233995736766000E-017, 0.1899999999999999500 ) ) ;
#2531 = EDGE_CURVE ( 'NONE', #3063, #1, #4668, .T. ) ;
#2532 = CYLINDRICAL_SURFACE ( 'NONE', #4416, 0.08200000000000005900 ) ;
#2533 = DIRECTION ( 'NONE',  ( 0.8660254037844362700, -0.5000000000000038900, 0.0000000000000000000 ) ) ;
#2534 = CARTESIAN_POINT ( 'NONE',  ( 0.1624598481164530900, -0.5000000000000000000, 0.01749999999999999800 ) ) ;
#2535 = DIRECTION ( 'NONE',  ( -1.000000000000000000, 0.0000000000000000000, 0.0000000000000000000 ) ) ;
#2536 = CARTESIAN_POINT ( 'NONE',  ( 0.4535127018922184300, -0.2144929584448401500, 0.3686713610367747800 ) ) ;
#2537 = CARTESIAN_POINT ( 'NONE',  ( 0.4125127018921885300, -0.2780654968193958000, 0.3723921334046499400 ) ) ;
#2538 = DIRECTION ( 'NONE',  ( -9.795821821337355400E-017, 1.000000000000000000, 0.0000000000000000000 ) ) ;
#2539 = CARTESIAN_POINT ( 'NONE',  ( -4.897910910668677100E-017, 0.5000000000000000000, -0.3449999999999999200 ) ) ;
#2540 = EDGE_CURVE ( 'NONE', #1623, #2071, #4801, .T. ) ;
#2541 = CARTESIAN_POINT ( 'NONE',  ( 0.4503408780685912400, -0.2126617051064469100, -0.3613463476832019000 ) ) ;
#2542 = CARTESIAN_POINT ( 'NONE',  ( 0.0000000000000000000, 0.0000000000000000000, -0.4999999999999999400 ) ) ;
#2543 = CARTESIAN_POINT ( 'NONE',  ( 0.1968503937007874100, 2.410722045565656100E-017, 0.4999999999999999400 ) ) ;
#2544 = ORIENTED_EDGE ( 'NONE', *, *, #4449, .F. ) ;
#2545 = EDGE_LOOP ( 'NONE', ( #5061, #4677, #5669 ) ) ;
#2546 = ORIENTED_EDGE ( 'NONE', *, *, #216, .T. ) ;
#2547 = CARTESIAN_POINT ( 'NONE',  ( 0.0000000000000000000, 0.0000000000000000000, -0.4999999999999999400 ) ) ;
#2548 = CARTESIAN_POINT ( 'NONE',  ( 0.2069807528028085300, -1.267391582025345100E-017, 0.03750000000000003300 ) ) ;
#2549 = AXIS2_PLACEMENT_3D ( 'NONE', #2645, #4048, #5437 ) ;
#2550 = CARTESIAN_POINT ( 'NONE',  ( -0.07311502739313378900, 0.4866467494221505300, -0.3021626695717839500 ) ) ;
#2551 = CARTESIAN_POINT ( 'NONE',  ( -2.410722045565656100E-017, -0.1968503937007874100, 0.1625000000000000300 ) ) ;
#2552 = ORIENTED_EDGE ( 'NONE', *, *, #3351, .T. ) ;
#2553 = ORIENTED_EDGE ( 'NONE', *, *, #5558, .F. ) ;
#2554 = CARTESIAN_POINT ( 'NONE',  ( 0.3865598552538101500, -0.3175277258940453200, 0.2978365846163104100 ) ) ;
#2555 = ORIENTED_EDGE ( 'NONE', *, *, #3906, .T. ) ;
#2556 = VERTEX_POINT ( 'NONE', #3555 ) ;
#2557 = DIRECTION ( 'NONE',  ( 0.5000000000000044400, 0.8660254037844360400, 0.0000000000000000000 ) ) ;
#2558 = CARTESIAN_POINT ( 'NONE',  ( 0.1574803149606298900, 0.001221660776509295300, -0.3642514823155130200 ) ) ;
#2559 = CARTESIAN_POINT ( 'NONE',  ( -4.897910910668677100E-017, 0.5000000000000000000, -0.3449999999999999200 ) ) ;
#2560 = VECTOR ( 'NONE', #4481, 39.37007874015748100 ) ;
#2561 = ADVANCED_FACE ( 'NONE', ( #3240 ), #4910, .F. ) ;
#2562 = ORIENTED_EDGE ( 'NONE', *, *, #5984, .F. ) ;
#2563 = ORIENTED_EDGE ( 'NONE', *, *, #4340, .T. ) ;
#2564 = AXIS2_PLACEMENT_3D ( 'NONE', #944, #3708, #5064 ) ;
#2565 = CARTESIAN_POINT ( 'NONE',  ( 0.1955043832067369400, -0.02309138030719076100, 0.3715991442673592900 ) ) ;
#2566 = FACE_OUTER_BOUND ( 'NONE', #54, .T. ) ;
#2567 = CARTESIAN_POINT ( 'NONE',  ( 0.1521911239935044300, -0.04069110596224138200, -0.2737384093830311200 ) ) ;
#2568 = CIRCLE ( 'NONE', #1971, 0.08200000000000005900 ) ;
#2569 = EDGE_LOOP ( 'NONE', ( #3738, #2513, #5527, #3470, #162, #5865, #4919 ) ) ;
#2570 = EDGE_LOOP ( 'NONE', ( #2186, #2472, #4567, #4320 ) ) ;
#2571 = CARTESIAN_POINT ( 'NONE',  ( 2.410722045565656100E-017, 0.1968503937007874100, 0.01250000000000005400 ) ) ;
#2572 = CARTESIAN_POINT ( 'NONE',  ( 0.4467177596004183700, -0.2084382859637043400, 0.4181420472010563500 ) ) ;
#2573 = CARTESIAN_POINT ( 'NONE',  ( -0.1968503937007873800, 1.093897704769172200E-017, 0.1124999999999999500 ) ) ;
#2574 = LINE ( 'NONE', #1606, #3886 ) ;
#2575 = LINE ( 'NONE', #3582, #3594 ) ;
#2576 = CARTESIAN_POINT ( 'NONE',  ( 0.08200000000000005900, 0.1344472000455911000, -0.3504386841738684200 ) ) ;
#2577 = ORIENTED_EDGE ( 'NONE', *, *, #4960, .T. ) ;
#2578 = B_SPLINE_SURFACE_WITH_KNOTS ( 'NONE', 1, 3, ( 
 ( #3116, #316, #3556, #2650, #5851, #2603, #3987, #4004, #4958, #3591, #291, #2196, #2117, #4912, #1233, #2175, #4455, #3540 ),
 ( #3094, #2158, #4902, #5405, #4937, #4030, #4474, #2590, #1274, #5342, #5419, #5385, #3155, #4051, #2624, #4069, #4504, #333 ) ),
 .UNSPECIFIED., .F., .T., .F.,
 ( 2, 2 ),
 ( 4, 2, 2, 2, 2, 2, 2, 2, 4 ),
 ( 0.0000000000000000000, 1.000000000000000000 ),
 ( -4.898794831110359100E-006, 0.001791992564680640000, 0.003588883924192390300, 0.005385775283704140700, 0.007182666643215891000, 0.008979558002727641400, 0.01077644936223939200, 0.01257334072175114200, 0.01437023208126289200 ),
 .UNSPECIFIED. ) ;
#2579 = CARTESIAN_POINT ( 'NONE',  ( 0.2069807528028085300, -1.267391582025345100E-017, 0.01249999999999996100 ) ) ;
#2580 = CARTESIAN_POINT ( 'NONE',  ( 0.07313348836551814000, 0.4866481013377593200, -0.3878422549389332100 ) ) ;
#2581 = EDGE_LOOP ( 'NONE', ( #734, #5165, #4259, #767 ) ) ;
#2582 = EDGE_CURVE ( 'NONE', #5377, #1413, #5733, .T. ) ;
#2583 = CARTESIAN_POINT ( 'NONE',  ( -0.1872158496644003300, -0.06083011700294237200, -0.08250000000000004600 ) ) ;
#2584 = EDGE_CURVE ( 'NONE', #4706, #5655, #1135, .T. ) ;
#2585 = FACE_OUTER_BOUND ( 'NONE', #2466, .T. ) ;
#2586 = CARTESIAN_POINT ( 'NONE',  ( 0.08200000014553582300, 0.4846770712601789500, -0.3449999999989081800 ) ) ;
#2587 = CARTESIAN_POINT ( 'NONE',  ( 0.2938926261462366200, 0.4045084971874736100, 0.1525000000000000200 ) ) ;
#2588 = CARTESIAN_POINT ( 'NONE',  ( -0.02158492406618848400, 0.4930209744637396000, -0.2629954181721710900 ) ) ;
#2589 = VECTOR ( 'NONE', #5272, 39.37007874015748900 ) ;
#2590 = CARTESIAN_POINT ( 'NONE',  ( 0.3865691615327852000, -0.3175170295061114900, 0.3921886146924555300 ) ) ;
#2591 = CARTESIAN_POINT ( 'NONE',  ( -0.09159548090919690500, 0.4915385753740999000, 0.3687516666912324900 ) ) ;
#2592 = AXIS2_PLACEMENT_3D ( 'NONE', #3019, #5801, #1722 ) ;
#2593 = CARTESIAN_POINT ( 'NONE',  ( 0.5000000000000001100, -9.626299801968714300E-017, -0.06249999999999997900 ) ) ;
#2594 =( BOUNDED_SURFACE ( )  B_SPLINE_SURFACE ( 1, 2, ( 
 ( #2910, #5641, #74, #92, #3384, #577, #1985, #2495, #641, #4432, #235, #2024, #3914, #3465, #3012, #5258, #5766, #2991, #3515, #5743, #5795, #1627, #3443, #658, #2096, #4811, #3902, #3037, #682, #1146, #5720 ),
 ( #3932, #3053, #2975, #209, #5781, #5275, #715, #5329, #4381, #2064, #150, #1119, #4361, #3953, #1164, #701, #3975, #1591, #1663, #2043, #2521, #1178, #174, #4418, #1646, #4401, #3493, #4865, #1605, #1199, #2571 ) ),
 .UNSPECIFIED., .F., .F., .T. ) 
 B_SPLINE_SURFACE_WITH_KNOTS ( ( 2, 2 ),
 ( 3, 2, 2, 2, 2, 2, 2, 2, 2, 2, 2, 2, 2, 2, 2, 3 ),
 ( 0.0000000000000000000, 1.000000000000000000 ),
 ( 0.0000000000000000000, 0.05000000000000000300, 0.1000000000000000100, 0.1499999999999999900, 0.2000000000000000100, 0.2500000000000000000, 0.2999999999999999900, 0.3499999999999999800, 0.4000000000000000200, 0.4500000000000000100, 0.5000000000000000000, 0.5500000000000000400, 0.5999999999999999800, 0.6500000000000000200, 0.6999999999999999600, 0.7500000000000000000 ),
 .UNSPECIFIED. ) 
 GEOMETRIC_REPRESENTATION_ITEM ( )  RATIONAL_B_SPLINE_SURFACE ( (
 ( 1.000000000000000000, 0.9510565162951535300, 1.000000000000000000, 0.9510565162951535300, 1.000000000000000000, 0.9510565162951535300, 1.000000000000000000, 0.9510565162951535300, 1.000000000000000000, 0.9510565162951535300, 1.000000000000000000, 0.9510565162951535300, 1.000000000000000000, 0.9510565162951535300, 1.000000000000000000, 0.9510565162951535300, 1.000000000000000000, 0.9510565162951535300, 1.000000000000000000, 0.9510565162951535300, 1.000000000000000000, 0.9510565162951535300, 1.000000000000000000, 0.9510565162951535300, 1.000000000000000000, 0.9510565162951535300, 1.000000000000000000, 0.9510565162951535300, 1.000000000000000000, 0.9510565162951535300, 1.000000000000000000),
 ( 1.000000000000000000, 0.9510565162951535300, 1.000000000000000000, 0.9510565162951535300, 1.000000000000000000, 0.9510565162951535300, 1.000000000000000000, 0.9510565162951535300, 1.000000000000000000, 0.9510565162951535300, 1.000000000000000000, 0.9510565162951535300, 1.000000000000000000, 0.9510565162951535300, 1.000000000000000000, 0.9510565162951535300, 1.000000000000000000, 0.9510565162951535300, 1.000000000000000000, 0.9510565162951535300, 1.000000000000000000, 0.9510565162951535300, 1.000000000000000000, 0.9510565162951535300, 1.000000000000000000, 0.9510565162951535300, 1.000000000000000000, 0.9510565162951535300, 1.000000000000000000, 0.9510565162951535300, 1.000000000000000000) ) ) 
 REPRESENTATION_ITEM ( '' )  SURFACE ( )  );
#2595 = CARTESIAN_POINT ( 'NONE',  ( -0.4755282581475767700, 0.1545084971874737800, -0.09249999999999997100 ) ) ;
#2596 = FACE_OUTER_BOUND ( 'NONE', #5590, .T. ) ;
#2597 = CARTESIAN_POINT ( 'NONE',  ( 0.4755282581475768200, 0.1545084971874736700, -0.007499999999999988400 ) ) ;
#2598 = CARTESIAN_POINT ( 'NONE',  ( 0.4330127018922182400, -0.2500000000000020000, -0.3449999999999999200 ) ) ;
#2599 = DIRECTION ( 'NONE',  ( 0.5000000000000036600, 0.8660254037844366000, 0.0000000000000000000 ) ) ;
#2600 = DIRECTION ( 'NONE',  ( 1.803239147706419700E-016, 3.123301822024684900E-016, -1.000000000000000000 ) ) ;
#2601 = CARTESIAN_POINT ( 'NONE',  ( -6.123233995736766000E-017, -0.5000000000000000000, 0.01250000000000002000 ) ) ;
#2602 = CARTESIAN_POINT ( 'NONE',  ( 0.4191048133174911100, -0.2614214973018943500, -0.3826171118163641500 ) ) ;
#2603 = CARTESIAN_POINT ( 'NONE',  ( 0.4162187326456293100, -0.2651283994613677900, 0.4269949818478512800 ) ) ;
#2604 = CARTESIAN_POINT ( 'NONE',  ( 0.4162187326456293100, -0.2651283994613677900, 0.4269949818478512800 ) ) ;
#2605 = CARTESIAN_POINT ( 'NONE',  ( -0.01763078972521132200, 0.4926742347572704000, 0.4257974212617334200 ) ) ;
#2606 = CARTESIAN_POINT ( 'NONE',  ( 0.0000000000000000000, -0.1968503937007874100, 0.08749999999999995300 ) ) ;
#2607 = ADVANCED_FACE ( 'NONE', ( #2199, #2566 ), #3089, .T. ) ;
#2608 = ORIENTED_EDGE ( 'NONE', *, *, #3712, .F. ) ;
#2609 = EDGE_CURVE ( 'NONE', #306, #2853, #5019, .T. ) ;
#2610 = CARTESIAN_POINT ( 'NONE',  ( 0.0000000000000000000, 0.1968503937007874100, -0.1374999999999999600 ) ) ;
#2611 = CARTESIAN_POINT ( 'NONE',  ( 0.1157057583252900100, 0.1592553138533361100, 0.1274999999999999700 ) ) ;
#2612 = CARTESIAN_POINT ( 'NONE',  ( 0.02402005775014168900, 0.4999996775480145500, -0.2546861439001465400 ) ) ;
#2613 = ORIENTED_EDGE ( 'NONE', *, *, #1029, .F. ) ;
#2614 = CARTESIAN_POINT ( 'NONE',  ( 0.1355878874938080400, -0.08025369678990887400, -0.4271327789557372000 ) ) ;
#2615 = ORIENTED_EDGE ( 'NONE', *, *, #5913, .F. ) ;
#2616 = ADVANCED_FACE ( 'NONE', ( #4244 ), #4163, .F. ) ;
#2617 = CARTESIAN_POINT ( 'NONE',  ( 0.4332886819215897000, -0.2426780079940651400, -0.3013979425015432800 ) ) ;
#2618 = ORIENTED_EDGE ( 'NONE', *, *, #2331, .F. ) ;
#2619 = CARTESIAN_POINT ( 'NONE',  ( -0.06396057012458782100, 0.1968503937007874700, 0.06750000000000001800 ) ) ;
#2620 = AXIS2_PLACEMENT_3D ( 'NONE', #877, #3276, #3810 ) ;
#2621 = CARTESIAN_POINT ( 'NONE',  ( 0.08200000014553582300, 0.4846770712601789500, -0.3449999999989081800 ) ) ;
#2622 = ORIENTED_EDGE ( 'NONE', *, *, #638, .T. ) ;
#2623 = EDGE_CURVE ( 'NONE', #4035, #4981, #336, .T. ) ;
#2624 = CARTESIAN_POINT ( 'NONE',  ( 0.4552373082696629100, -0.2075894460045228700, 0.2644283913482293700 ) ) ;
#2625 = CARTESIAN_POINT ( 'NONE',  ( 0.4377611505172512300, -0.2278173946517952100, 0.2629954181721710900 ) ) ;
#2626 = VERTEX_POINT ( 'NONE', #4956 ) ;
#2627 = CARTESIAN_POINT ( 'NONE',  ( -0.4253254041760198800, 0.3090169943749474500, -0.1225000000000000000 ) ) ;
#2628 = VERTEX_POINT ( 'NONE', #1331 ) ;
#2629 = CARTESIAN_POINT ( 'NONE',  ( -0.07098247811244316800, 0.1406136958092498700, -0.3863926432253682000 ) ) ;
#2630 = CARTESIAN_POINT ( 'NONE',  ( -0.09159750529064442100, 0.4915382966001025600, -0.3449999999999998600 ) ) ;
#2631 = DIRECTION ( 'NONE',  ( -0.8660254037844364900, 0.5000000000000040000, -0.0000000000000000000 ) ) ;
#2632 = VERTEX_POINT ( 'NONE', #2193 ) ;
#2633 = PERSON_AND_ORGANIZATION ( #4724, #4453 ) ;
#2634 = CARTESIAN_POINT ( 'NONE',  ( -0.06396057012458793200, -0.1968503937007874400, 0.08249999999999996200 ) ) ;
#2635 = ORIENTED_EDGE ( 'NONE', *, *, #402, .T. ) ;
#2636 = CARTESIAN_POINT ( 'NONE',  ( -0.08200000000000008700, 0.5000000000000000000, -0.3449999999999999200 ) ) ;
#2637 = CARTESIAN_POINT ( 'NONE',  ( 3.165595767079993500E-017, 0.1968503937007874100, -0.004166666666666644900 ) ) ;
#2638 = CARTESIAN_POINT ( 'NONE',  ( 0.4125127018922181100, -0.2855070415551639900, -0.3686713610367745600 ) ) ;
#2639 = LINE ( 'NONE', #3262, #4940 ) ;
#2640 = DIRECTION ( 'NONE',  ( 0.0000000000000000000, 0.0000000000000000000, -1.000000000000000000 ) ) ;
#2641 = VERTEX_POINT ( 'NONE', #1735 ) ;
#2642 = VERTEX_POINT ( 'NONE', #2670 ) ;
#2643 = CARTESIAN_POINT ( 'NONE',  ( -0.5000000000000001100, 3.500472655261351000E-017, -0.03749999999999997100 ) ) ;
#2644 = CARTESIAN_POINT ( 'NONE',  ( 0.1674509465259921300, 0.1216602340058847700, -0.07750000000000001300 ) ) ;
#2645 = CARTESIAN_POINT ( 'NONE',  ( -4.897910910668677100E-017, 0.5000000000000000000, -0.3449999999999999200 ) ) ;
#2646 = CARTESIAN_POINT ( 'NONE',  ( 0.1184376483100528000, -0.1041621983783806000, -0.2684630221008303400 ) ) ;
#2647 = VECTOR ( 'NONE', #5894, 39.37007874015748100 ) ;
#2648 = ORIENTED_EDGE ( 'NONE', *, *, #2952, .T. ) ;
#2649 = ORIENTED_EDGE ( 'NONE', *, *, #3454, .F. ) ;
#2650 = CARTESIAN_POINT ( 'NONE',  ( 0.4467177596004183700, -0.2084382859637043400, 0.4181420472010563500 ) ) ;
#2651 = CARTESIAN_POINT ( 'NONE',  ( -0.5000000000000000000, 0.0000000000000000000, 0.4799999999999996500 ) ) ;
#2652 = CARTESIAN_POINT ( 'NONE',  ( 0.5000000000000001100, -9.626299801968714300E-017, 0.08750000000000000800 ) ) ;
#2653 = EDGE_CURVE ( 'NONE', #5006, #461, #1703, .T. ) ;
#2654 = CARTESIAN_POINT ( 'NONE',  ( 0.02193442910628234600, 0.1562679154449086700, -0.4247281266057159100 ) ) ;
#2655 = ORIENTED_EDGE ( 'NONE', *, *, #707, .F. ) ;
#2656 = CARTESIAN_POINT ( 'NONE',  ( 0.4330127018922199100, -0.2499999999999990000, 0.0000000000000000000 ) ) ;
#2657 = ORIENTED_EDGE ( 'NONE', *, *, #4449, .T. ) ;
#2658 = CARTESIAN_POINT ( 'NONE',  ( -0.1968503937007873800, 1.093897704769172200E-017, 0.1375000000000000400 ) ) ;
#2659 = CARTESIAN_POINT ( 'NONE',  ( 0.4755282581475768200, 0.1545084971874735900, 0.06749999999999999100 ) ) ;
#2660 = CARTESIAN_POINT ( 'NONE',  ( 0.09160041111943165200, 0.4915378628184529100, -0.3211519359870704800 ) ) ;
#2661 = DIRECTION ( 'NONE',  ( 0.0000000000000000000, 0.0000000000000000000, -1.000000000000000000 ) ) ;
#2662 = VECTOR ( 'NONE', #3703, 39.37007874015748100 ) ;
#2663 = DIRECTION ( 'NONE',  ( -0.5000000000000041100, -0.8660254037844362700, 0.0000000000000000000 ) ) ;
#2664 = EDGE_CURVE ( 'NONE', #2176, #991, #5549, .T. ) ;
#2665 = AXIS2_PLACEMENT_3D ( 'NONE', #516, #559, #50 ) ;
#2666 = CARTESIAN_POINT ( 'NONE',  ( -0.4330127018922199100, 0.2499999999999990000, 0.004191306063588620200 ) ) ;
#2667 = CONICAL_SURFACE ( 'NONE', #2665, 0.08200000000000005900, 0.7853981633974509400 ) ;
#2668 = DIRECTION ( 'NONE',  ( 0.0000000000000000000, 0.0000000000000000000, 1.000000000000000000 ) ) ;
#2669 = CARTESIAN_POINT ( 'NONE',  ( 0.08200000000000007300, 0.1789583121851426900, 0.3449999999999999200 ) ) ;
#2670 = CARTESIAN_POINT ( 'NONE',  ( 0.3824986187818946700, -0.1734929584448398300, 0.3686713610367743900 ) ) ;
#2671 = CIRCLE ( 'NONE', #4427, 0.07216000000000007100 ) ;
#2672 = APPROVAL ( #5133, 'UNSPECIFIED' ) ;
#2673 = CARTESIAN_POINT ( 'NONE',  ( 0.3787443277707788800, -0.3133505796196128800, -0.3666611830256161800 ) ) ;
#2674 = AXIS2_PLACEMENT_3D ( 'NONE', #3911, #1139, #674 ) ;
#2675 = CARTESIAN_POINT ( 'NONE',  ( 0.3798882721901783400, -0.3250921418085661000, 0.3331454279521636200 ) ) ;
#2676 = CARTESIAN_POINT ( 'NONE',  ( -0.1968503937007873800, 3.281693114307516800E-017, 0.06249999999999995800 ) ) ;
#2677 = EDGE_CURVE ( 'NONE', #44, #4992, #3021, .T. ) ;
#2678 =( BOUNDED_CURVE ( )  B_SPLINE_CURVE ( 2, ( #3887, #5221, #5710, #4819, #5263, #2050, #564 ),
 .UNSPECIFIED., .F., .F. ) 
 B_SPLINE_CURVE_WITH_KNOTS ( ( 3, 2, 2, 3 ),
 ( 0.0000000000000000000, 0.05000000000000000300, 0.1000000000000000100, 0.1250000000000000000 ),
 .UNSPECIFIED. ) 
 CURVE ( )  GEOMETRIC_REPRESENTATION_ITEM ( )  RATIONAL_B_SPLINE_CURVE ( ( 1.000000000000000000, 0.9510565162951535300, 1.000000000000000000, 0.9510565162951535300, 1.000000000000000000, 0.9755282581475768200, 0.9755282581475768200 ) ) 
 REPRESENTATION_ITEM ( '' )  );
#2679 = DIRECTION ( 'NONE',  ( -0.8660254037844363800, 0.5000000000000038900, 0.0000000000000000000 ) ) ;
#2680 = CARTESIAN_POINT ( 'NONE',  ( 0.08169323292007198100, 0.4935372289600981600, -0.3921886146924558600 ) ) ;
#2681 = CARTESIAN_POINT ( 'NONE',  ( 0.0000000000000000000, 0.5000000000000000000, -0.1624999999999999800 ) ) ;
#2682 = CARTESIAN_POINT ( 'NONE',  ( 0.4070201979951537700, -0.2823359429516687500, -0.3533394504723061900 ) ) ;
#2683 = ADVANCED_FACE ( 'NONE', ( #5171 ), #5587, .F. ) ;
#2684 = CARTESIAN_POINT ( 'NONE',  ( 0.1968503937007873800, 5.907047605753529800E-017, 0.03750000000000004000 ) ) ;
#2685 = ORIENTED_EDGE ( 'NONE', *, *, #3492, .F. ) ;
#2686 = ORIENTED_EDGE ( 'NONE', *, *, #2746, .F. ) ;
#2687 = CARTESIAN_POINT ( 'NONE',  ( 0.4740127018922186100, -0.1789859168896782100, 0.3449999999999999200 ) ) ;
#2688 = CARTESIAN_POINT ( 'NONE',  ( 0.06396057012458793200, 0.1968503937007874400, -0.06750000000000000400 ) ) ;
#2689 = CARTESIAN_POINT ( 'NONE',  ( -0.2069807528028085300, 3.802174746076033800E-017, 0.08750000000000005000 ) ) ;
#2690 = CARTESIAN_POINT ( 'NONE',  ( 0.07589728169284912200, -0.1379881756519734700, -0.3351098944656969400 ) ) ;
#2691 = ORIENTED_EDGE ( 'NONE', *, *, #2210, .T. ) ;
#2692 = CARTESIAN_POINT ( 'NONE',  ( 2.410722045565656100E-017, 0.1968503937007874100, 0.1625000000000000300 ) ) ;
#2693 = EDGE_LOOP ( 'NONE', ( #4882, #4166, #2577, #1964 ) ) ;
#2694 = EDGE_CURVE ( 'NONE', #2642, #4664, #676, .T. ) ;
#2695 = CARTESIAN_POINT ( 'NONE',  ( -0.1968503937007873800, 1.093897704769172200E-017, 0.03750000000000003300 ) ) ;
#2696 = CARTESIAN_POINT ( 'NONE',  ( 1.778785816012156600E-017, 0.3125000000000000000, -0.3449999999999999200 ) ) ;
#2697 = CARTESIAN_POINT ( 'NONE',  ( -0.1674509465259921300, -0.1216602340058847800, 0.07249999999999996700 ) ) ;
#2698 = CARTESIAN_POINT ( 'NONE',  ( 0.0000000000000000000, 0.1968503937007874100, -0.06250000000000005600 ) ) ;
#2699 = ORIENTED_EDGE ( 'NONE', *, *, #3344, .F. ) ;
#2700 = EDGE_CURVE ( 'NONE', #5970, #3310, #973, .T. ) ;
#2701 = CARTESIAN_POINT ( 'NONE',  ( -0.4999999999999999400, 0.07919222016226816500, -0.01506271407734227500 ) ) ;
#2702 = ORIENTED_EDGE ( 'NONE', *, *, #3712, .T. ) ;
#2703 = CARTESIAN_POINT ( 'NONE',  ( 0.3802743798405681700, -0.3246426205051086100, 0.3567856513735863700 ) ) ;
#2704 = CARTESIAN_POINT ( 'NONE',  ( -0.4253254041760198800, -0.3090169943749473400, -0.1024999999999999700 ) ) ;
#2705 = DIRECTION ( 'NONE',  ( 0.0000000000000000000, 0.0000000000000000000, -1.000000000000000000 ) ) ;
#2706 = ORIENTED_EDGE ( 'NONE', *, *, #4283, .T. ) ;
#2707 = MANIFOLD_SOLID_BREP ( 'Combine4', #3922 ) ;
#2708 = ORIENTED_EDGE ( 'NONE', *, *, #4406, .T. ) ;
#2709 = CARTESIAN_POINT ( 'NONE',  ( 0.04277874990455533800, 0.4910928956983142700, 0.4181765065577390800 ) ) ;
#2710 = CARTESIAN_POINT ( 'NONE',  ( -0.4253254041760198800, 0.3090169943749474500, -0.1225000000000000000 ) ) ;
#2711 = CARTESIAN_POINT ( 'NONE',  ( -0.4755282581475768200, -0.1545084971874736700, -0.1324999999999999800 ) ) ;
#2712 = DIRECTION ( 'NONE',  ( 1.000000000000000000, 0.0000000000000000000, 0.0000000000000000000 ) ) ;
#2713 = VECTOR ( 'NONE', #4140, 39.37007874015748100 ) ;
#2714 = CARTESIAN_POINT ( 'NONE',  ( 0.09991888250507274800, -0.1219136074622038400, -0.2839914474509512300 ) ) ;
#2715 = ORIENTED_EDGE ( 'NONE', *, *, #337, .F. ) ;
#2716 = EDGE_CURVE ( 'NONE', #4231, #154, #1842, .T. ) ;
#2717 = ORIENTED_EDGE ( 'NONE', *, *, #298, .T. ) ;
#2718 = EDGE_CURVE ( 'NONE', #61, #4862, #2060, .T. ) ;
#2719 = ADVANCED_FACE ( 'NONE', ( #1774, #5524 ), #3260, .F. ) ;
#2720 = CARTESIAN_POINT ( 'NONE',  ( 0.08200000000010718200, 0.4846774993982693700, 0.3529812696363433000 ) ) ;
#2721 = FACE_OUTER_BOUND ( 'NONE', #68, .T. ) ;
#2722 = DIRECTION ( 'NONE',  ( -9.795821821337355400E-017, 1.000000000000000000, 0.0000000000000000000 ) ) ;
#2723 = VECTOR ( 'NONE', #4470, 39.37007874015748100 ) ;
#2724 = CARTESIAN_POINT ( 'NONE',  ( 0.08169323292007198100, 0.4935372289600981600, -0.3921886146924558600 ) ) ;
#2725 = VERTEX_POINT ( 'NONE', #3234 ) ;
#2726 = CARTESIAN_POINT ( 'NONE',  ( 0.1872158496644003300, 0.06083011700294237200, -0.08250000000000004600 ) ) ;
#2727 = AXIS2_PLACEMENT_3D ( 'NONE', #2366, #420, #5533 ) ;
#2728 = CARTESIAN_POINT ( 'NONE',  ( -0.07772789462739676500, 0.1808686423972898600, 0.3183331090832171600 ) ) ;
#2729 = CIRCLE ( 'NONE', #714, 0.04734272207354935800 ) ;
#2730 = CARTESIAN_POINT ( 'NONE',  ( 0.06396057012458782100, -0.1968503937007874700, 0.04249999999999996800 ) ) ;
#2731 = LINE ( 'NONE', #3486, #5315 ) ;
#2732 = CARTESIAN_POINT ( 'NONE',  ( 0.5000000000000001100, -9.626299801968714300E-017, -0.06249999999999997900 ) ) ;
#2733 = VERTEX_POINT ( 'NONE', #2447 ) ;
#2734 = CARTESIAN_POINT ( 'NONE',  ( 0.0000000000000000000, 0.5000000000000000000, -0.06249999999999997900 ) ) ;
#2735 = CONICAL_SURFACE ( 'NONE', #4032, 0.07216000000000008500, 0.7853981633974482800 ) ;
#2736 = CARTESIAN_POINT ( 'NONE',  ( -0.08168173026801456300, 0.4935338083321472200, 0.3921638342466148300 ) ) ;
#2737 = VERTEX_POINT ( 'NONE', #85 ) ;
#2738 = CARTESIAN_POINT ( 'NONE',  ( -6.123233995736766000E-017, -0.5000000000000000000, 0.1375000000000000100 ) ) ;
#2739 = CARTESIAN_POINT ( 'NONE',  ( 0.0000000000000000000, 0.1968503937007874100, -0.06250000000000001400 ) ) ;
#2740 = CARTESIAN_POINT ( 'NONE',  ( -0.04099999999999998800, 0.5000000000000000000, -0.3686713610367747800 ) ) ;
#2741 = ORIENTED_EDGE ( 'NONE', *, *, #2840, .F. ) ;
#2742 = CARTESIAN_POINT ( 'NONE',  ( 0.1425698464508620100, -0.06706401718767184000, -0.2639186840977406100 ) ) ;
#2743 = CARTESIAN_POINT ( 'NONE',  ( 2.410722045565656100E-017, 0.1968503937007874100, 0.01250000000000005400 ) ) ;
#2744 = LINE ( 'NONE', #3641, #5835 ) ;
#2745 = CARTESIAN_POINT ( 'NONE',  ( -0.03779662597630960300, 0.4981505311451070500, 0.3705208298916670100 ) ) ;
#2746 = EDGE_CURVE ( 'NONE', #2267, #1108, #1984, .T. ) ;
#2747 = CARTESIAN_POINT ( 'NONE',  ( 3.616083068348483800E-017, -0.1968503937007874100, 0.1458333333333333100 ) ) ;
#2748 = CARTESIAN_POINT ( 'NONE',  ( 0.08199739835577164700, 0.4846774991985604000, -0.3666611830256160100 ) ) ;
#2749 = VECTOR ( 'NONE', #2470, 39.37007874015748100 ) ;
#2750 = CARTESIAN_POINT ( 'NONE',  ( -2.410722045565656100E-017, -0.1968503937007874100, 0.03749999999999995700 ) ) ;
#2751 = DIRECTION ( 'NONE',  ( -1.000000000000000000, 0.0000000000000000000, 0.0000000000000000000 ) ) ;
#2752 = CARTESIAN_POINT ( 'NONE',  ( 0.4253254041760199900, 0.3090169943749473400, 0.07249999999999999500 ) ) ;
#2753 = CARTESIAN_POINT ( 'NONE',  ( 0.4244910119189794200, -0.2450800000000020200, 0.3449999999999999200 ) ) ;
#2754 = CYLINDRICAL_SURFACE ( 'NONE', #2871, 0.5000000000000000000 ) ;
#2755 = EDGE_CURVE ( 'NONE', #1689, #5513, #1000, .T. ) ;
#2756 = ADVANCED_FACE ( 'NONE', ( #2124 ), #3371, .F. ) ;
#2757 = AXIS2_PLACEMENT_3D ( 'NONE', #952, #1935, #1423 ) ;
#2758 = DIRECTION ( 'NONE',  ( 0.0000000000000000000, 0.0000000000000000000, -1.000000000000000000 ) ) ;
#2759 = CARTESIAN_POINT ( 'NONE',  ( -0.1624598481164531400, -0.5000000000000000000, -0.09249999999999999900 ) ) ;
#2760 = CARTESIAN_POINT ( 'NONE',  ( -0.4330127018922199100, 0.2499999999999990000, 0.02919130606358862400 ) ) ;
#2761 = CARTESIAN_POINT ( 'NONE',  ( -0.4999999999999999400, 0.07919222016226822000, -0.09006271407734226000 ) ) ;
#2762 = CARTESIAN_POINT ( 'NONE',  ( 0.3848828742792038100, -0.3066595094607941800, -0.3878422549389333700 ) ) ;
#2763 = CARTESIAN_POINT ( 'NONE',  ( 0.07931759212446946900, 0.1801670593953309300, 0.3664957914607170400 ) ) ;
#2764 = CARTESIAN_POINT ( 'NONE',  ( -0.1157057583252900100, -0.1592553138533361100, 0.02749999999999996200 ) ) ;
#2765 = CARTESIAN_POINT ( 'NONE',  ( -0.01083351639193454700, 0.1966242598528468200, 0.2635385486310019600 ) ) ;
#2766 = CARTESIAN_POINT ( 'NONE',  ( 0.3787409853738202300, -0.3133546577969923400, -0.3233484815112823200 ) ) ;
#2767 = CARTESIAN_POINT ( 'NONE',  ( 0.07216000000000007100, 0.5000000000000000000, -0.3449999999999999200 ) ) ;
#2768 = AXIS2_PLACEMENT_3D ( 'NONE', #4266, #5606, #2896 ) ;
#2769 = EDGE_LOOP ( 'NONE', ( #4160, #4723, #3111, #16, #816, #1405, #4779, #5884 ) ) ;
#2770 = ORIENTED_EDGE ( 'NONE', *, *, #4493, .F. ) ;
#2771 = CARTESIAN_POINT ( 'NONE',  ( 0.1624598481164532800, 0.5000000000000000000, -0.06749999999999996300 ) ) ;
#2772 = CARTESIAN_POINT ( 'NONE',  ( -2.410722045565656100E-017, -0.1968503937007874100, 0.01250000000000005400 ) ) ;
#2773 = ORIENTED_EDGE ( 'NONE', *, *, #4019, .F. ) ;
#2774 = EDGE_CURVE ( 'NONE', #4953, #1558, #1047, .T. ) ;
#2775 = B_SPLINE_CURVE_WITH_KNOTS ( 'NONE', 1,
 ( #5890, #1687 ),
 .UNSPECIFIED., .F., .F.,
 ( 2, 2 ),
 ( 0.0000000000000000000, 1.000000000000000000 ),
 .UNSPECIFIED. ) ;
#2776 = ADVANCED_FACE ( 'NONE', ( #3460 ), #5601, .F. ) ;
#2777 = CARTESIAN_POINT ( 'NONE',  ( -0.1968503937007873800, 1.093897704769172200E-017, -0.03750000000000004000 ) ) ;
#2778 = ORIENTED_EDGE ( 'NONE', *, *, #2383, .T. ) ;
#2779 = DIRECTION ( 'NONE',  ( -0.0000000000000000000, -0.0000000000000000000, -1.000000000000000000 ) ) ;
#2780 = ORIENTED_EDGE ( 'NONE', *, *, #4443, .F. ) ;
#2781 = CARTESIAN_POINT ( 'NONE',  ( -0.02758286469768699700, 0.4936397845024506600, -0.3135822522846812800 ) ) ;
#2782 = CARTESIAN_POINT ( 'NONE',  ( 1.763966371287633000E-016, 0.4180000000000000400, -0.3923427220735491400 ) ) ;
#2783 = EDGE_CURVE ( 'NONE', #2176, #3437, #4450, .T. ) ;
#2784 = CARTESIAN_POINT ( 'NONE',  ( -0.05050854045409734100, 0.1904209206128243700, 0.2795431685763097300 ) ) ;
#2785 = ORIENTED_EDGE ( 'NONE', *, *, #2442, .T. ) ;
#2786 =( BOUNDED_CURVE ( )  B_SPLINE_CURVE ( 2, ( #1009, #1473, #5651, #2903, #5224, #4703, #5205, #1943, #1581, #135, #4797, #2483, #3892 ),
 .UNSPECIFIED., .F., .T. ) 
 B_SPLINE_CURVE_WITH_KNOTS ( ( 3, 2, 2, 2, 2, 2, 3 ),
 ( 0.3750000000000000000, 0.4000000000000000200, 0.4500000000000000100, 0.5000000000000000000, 0.5500000000000000400, 0.5999999999999999800, 0.6250000000000000000 ),
 .UNSPECIFIED. ) 
 CURVE ( )  GEOMETRIC_REPRESENTATION_ITEM ( )  RATIONAL_B_SPLINE_CURVE ( ( 0.9755282581475768200, 0.9755282581475768200, 1.000000000000000000, 0.9510565162951535300, 1.000000000000000000, 0.9510565162951535300, 1.000000000000000000, 0.9510565162951535300, 1.000000000000000000, 0.9510565162951535300, 1.000000000000000000, 0.9755282581475768200, 0.9755282581475768200 ) ) 
 REPRESENTATION_ITEM ( '' )  );
#2787 = CARTESIAN_POINT ( 'NONE',  ( 0.4162165035937842000, -0.2651325541516215100, -0.2630046021525051000 ) ) ;
#2788 = ORIENTED_EDGE ( 'NONE', *, *, #2919, .F. ) ;
#2789 = CARTESIAN_POINT ( 'NONE',  ( -0.08199818773084062400, 0.4846773462961148100, -0.3665640001638628700 ) ) ;
#2790 = CARTESIAN_POINT ( 'NONE',  ( 0.4253254041760198800, 0.3090169943749473400, -0.1024999999999999700 ) ) ;
#2791 = CIRCLE ( 'NONE', #493, 0.04734272207354935800 ) ;
#2792 = ORIENTED_EDGE ( 'NONE', *, *, #2182, .F. ) ;
#2793 = CARTESIAN_POINT ( 'NONE',  ( 1.763966371287633000E-016, 0.4180000000000000400, -0.3923427220735491400 ) ) ;
#2794 = ORIENTED_EDGE ( 'NONE', *, *, #3027, .T. ) ;
#2795 = CARTESIAN_POINT ( 'NONE',  ( -0.1872158496644003300, -0.06083011700294239200, 0.1174999999999999700 ) ) ;
#2796 = CARTESIAN_POINT ( 'NONE',  ( 0.4178796592512277800, -0.2615591020903442800, 0.2641893910841641700 ) ) ;
#2797 = CARTESIAN_POINT ( 'NONE',  ( -0.1674509465259920700, -0.1216602340058848000, -0.002499999999999955800 ) ) ;
#2798 =( BOUNDED_CURVE ( )  B_SPLINE_CURVE ( 2, ( #4037, #3598, #5844, #804, #785, #849, #300, #369, #4538, #1239, #1258, #2701, #5392 ),
 .UNSPECIFIED., .F., .T. ) 
 B_SPLINE_CURVE_WITH_KNOTS ( ( 3, 2, 2, 2, 2, 2, 3 ),
 ( 0.3750000000000000000, 0.4000000000000000200, 0.4500000000000000100, 0.5000000000000000000, 0.5500000000000000400, 0.5999999999999999800, 0.6250000000000000000 ),
 .UNSPECIFIED. ) 
 CURVE ( )  GEOMETRIC_REPRESENTATION_ITEM ( )  RATIONAL_B_SPLINE_CURVE ( ( 0.9755282581475768200, 0.9755282581475768200, 1.000000000000000000, 0.9510565162951535300, 1.000000000000000000, 0.9510565162951535300, 1.000000000000000000, 0.9510565162951535300, 1.000000000000000000, 0.9510565162951535300, 1.000000000000000000, 0.9755282581475768200, 0.9755282581475768200 ) ) 
 REPRESENTATION_ITEM ( '' )  );
#2799 = AXIS2_PLACEMENT_3D ( 'NONE', #4679, #3760, #2435 ) ;
#2800 = LINE ( 'NONE', #469, #6036 ) ;
#2801 = B_SPLINE_CURVE_WITH_KNOTS ( 'NONE', 1,
 ( #599, #4832 ),
 .UNSPECIFIED., .F., .F.,
 ( 2, 2 ),
 ( 0.0000000000000000000, 1.000000000000000000 ),
 .UNSPECIFIED. ) ;
#2802 = ORIENTED_EDGE ( 'NONE', *, *, #5589, .T. ) ;
#2803 = ORIENTED_EDGE ( 'NONE', *, *, #5175, .F. ) ;
#2804 = EDGE_CURVE ( 'NONE', #2733, #4925, #2408, .T. ) ;
#2805 = CARTESIAN_POINT ( 'NONE',  ( 0.4714834044339401000, -0.1664433817950766400, -0.3450000000000000300 ) ) ;
#2806 = CARTESIAN_POINT ( 'NONE',  ( 0.0000000000000000000, 0.0000000000000000000, 0.4999999999999999400 ) ) ;
#2807 = CARTESIAN_POINT ( 'NONE',  ( 0.07153463751733256400, 0.1834474672783902600, 0.3865001345334932400 ) ) ;
#2808 = DIRECTION ( 'NONE',  ( -1.000000000000000000, 0.0000000000000000000, 0.0000000000000000000 ) ) ;
#2809 = CARTESIAN_POINT ( 'NONE',  ( 0.0000000000000000000, 0.0000000000000000000, 0.4999999999999999400 ) ) ;
#2810 = LINE ( 'NONE', #4046, #2647 ) ;
#2811 = ORIENTED_EDGE ( 'NONE', *, *, #251, .T. ) ;
#2812 = ORIENTED_EDGE ( 'NONE', *, *, #5486, .F. ) ;
#2813 = DIRECTION ( 'NONE',  ( -9.795821821337355400E-017, 1.000000000000000000, 0.0000000000000000000 ) ) ;
#2814 = DIRECTION ( 'NONE',  ( -0.0000000000000000000, -0.0000000000000000000, 1.000000000000000000 ) ) ;
#2815 = CARTESIAN_POINT ( 'NONE',  ( -0.04284602903435815600, 0.4910880711174830900, -0.4181420472010563000 ) ) ;
#2816 = FACE_OUTER_BOUND ( 'NONE', #4640, .T. ) ;
#2817 = ORIENTED_EDGE ( 'NONE', *, *, #2716, .T. ) ;
#2818 = CARTESIAN_POINT ( 'NONE',  ( -0.4253254041760198800, 0.3090169943749474500, -0.07249999999999998100 ) ) ;
#2819 = ADVANCED_FACE ( 'NONE', ( #72 ), #3420, .F. ) ;
#2820 = CARTESIAN_POINT ( 'NONE',  ( 0.08200000014553582300, 0.4846770712601788900, 0.3449999999989076800 ) ) ;
#2821 = FACE_OUTER_BOUND ( 'NONE', #3819, .T. ) ;
#2822 = CARTESIAN_POINT ( 'NONE',  ( -2.410722045565656100E-017, -0.1968503937007874100, 0.1374999999999999600 ) ) ;
#2823 = CARTESIAN_POINT ( 'NONE',  ( 0.4443738453664732300, -0.2129041209540322200, 0.2714495061529235700 ) ) ;
#2824 = CARTESIAN_POINT ( 'NONE',  ( 0.4347357012979211600, -0.2356780047325642300, 0.3053156626455174000 ) ) ;
#2825 = CONICAL_SURFACE ( 'NONE', #2346, 0.04734272207354933700, 0.7853981633974500600 ) ;
#2826 = CARTESIAN_POINT ( 'NONE',  ( -0.1872158496644003300, 0.06083011700294241300, 0.1325000000000000300 ) ) ;
#2827 = DIRECTION ( 'NONE',  ( 0.5000000000000044400, 0.8660254037844360400, 0.0000000000000000000 ) ) ;
#2828 = EDGE_CURVE ( 'NONE', #5139, #4465, #2786, .T. ) ;
#2829 = CARTESIAN_POINT ( 'NONE',  ( -0.08200000000000008700, 0.1789583121851436900, 0.3449999999999999200 ) ) ;
#2830 = CARTESIAN_POINT ( 'NONE',  ( 0.1968503937007873800, -1.093897704769172200E-017, 0.1375000000000000400 ) ) ;
#2831 = LINE ( 'NONE', #591, #2978 ) ;
#2832 = APPROVAL_ROLE ( '' ) ;
#2833 = CARTESIAN_POINT ( 'NONE',  ( 0.04100000000000004300, 0.5000000000000000000, 0.3686713610367745600 ) ) ;
#2834 = CARTESIAN_POINT ( 'NONE',  ( 0.0000000000000000000, 0.0000000000000000000, -0.4799999999999998700 ) ) ;
#2835 = AXIS2_PLACEMENT_3D ( 'NONE', #5516, #2813, #1422 ) ;
#2836 = CARTESIAN_POINT ( 'NONE',  ( 0.04778569217984852300, 0.4980449451207842300, 0.4256002857247431800 ) ) ;
#2837 = CARTESIAN_POINT ( 'NONE',  ( 0.06396057012458782100, -0.1968503937007874700, -0.08249999999999994800 ) ) ;
#2838 = CARTESIAN_POINT ( 'NONE',  ( -0.06396057012458791800, -0.1968503937007874100, 0.1075000000000000100 ) ) ;
#2840 = EDGE_CURVE ( 'NONE', #2868, #3748, #5617, .T. ) ;
#2839 = CARTESIAN_POINT ( 'NONE',  ( 0.06396057012458789000, 0.1968503937007874100, -0.1175000000000000500 ) ) ;
#2841 = CARTESIAN_POINT ( 'NONE',  ( -0.4755282581475767700, 0.1545084971874737800, -0.09249999999999997100 ) ) ;
#2842 = VERTEX_POINT ( 'NONE', #5267 ) ;
#2843 = ADVANCED_FACE ( 'NONE', ( #4317 ), #4117, .F. ) ;
#2844 = CARTESIAN_POINT ( 'NONE',  ( -0.08144644480889887100, 0.1347890263890410300, -0.3340560519361355200 ) ) ;
#2845 = AXIS2_PLACEMENT_3D ( 'NONE', #2173, #3052, #733 ) ;
#2846 = DIRECTION ( 'NONE',  ( 0.5000000000000044400, 0.8660254037844360400, 0.0000000000000000000 ) ) ;
#2847 = B_SPLINE_SURFACE_WITH_KNOTS ( 'NONE', 1, 3, ( 
 ( #5076, #2294, #1812, #833, #1383, #873, #2709, #2306, #5927, #3174, #5012, #352, #4579, #3625, #4083, #4106, #1302, #397 ),
 ( #2249, #5479, #2736, #4127, #1349, #5037, #2836, #6029, #523, #39, #5140, #4206, #3724, #2394, #6008, #57, #1429, #4272 ) ),
 .UNSPECIFIED., .F., .T., .F.,
 ( 2, 2 ),
 ( 4, 2, 2, 2, 2, 2, 2, 2, 4 ),
 ( 0.0000000000000000000, 1.000000000000000000 ),
 ( -4.898794831103420200E-006, 0.001791992564680663200, 0.003588883924192429800, 0.005385775283704196200, 0.007182666643215963000, 0.008979558002727729800, 0.01077644936223949600, 0.01257334072175126200, 0.01437023208126302900 ),
 .UNSPECIFIED. ) ;
#2848 = EDGE_LOOP ( 'NONE', ( #1783, #582, #725, #2618 ) ) ;
#2849 =( LENGTH_UNIT ( ) NAMED_UNIT ( * ) SI_UNIT ( $, .METRE. ) );
#2850 = VERTEX_POINT ( 'NONE', #1786 ) ;
#2851 = DIRECTION ( 'NONE',  ( -0.0000000000000000000, 1.000000000000000000, 0.0000000000000000000 ) ) ;
#2852 = CARTESIAN_POINT ( 'NONE',  ( 0.4541234420305749800, -0.1897838297923513400, 0.3982613397660477700 ) ) ;
#2853 = VERTEX_POINT ( 'NONE', #387 ) ;
#2854 = ORIENTED_EDGE ( 'NONE', *, *, #4435, .F. ) ;
#2855 = CARTESIAN_POINT ( 'NONE',  ( -0.2938926261462366200, -0.4045084971874736100, 0.1525000000000000200 ) ) ;
#2856 = CARTESIAN_POINT ( 'NONE',  ( -0.2938926261462366200, -0.4045084971874736100, 0.002500000000000024800 ) ) ;
#2857 = CARTESIAN_POINT ( 'NONE',  ( -0.1157057583252899800, 0.1592553138533361100, -0.1025000000000000400 ) ) ;
#2858 = CARTESIAN_POINT ( 'NONE',  ( -0.1968503937007874100, 0.0000000000000000000, 0.4999999999999999400 ) ) ;
#2859 = ORIENTED_EDGE ( 'NONE', *, *, #3433, .T. ) ;
#2860 = EDGE_CURVE ( 'NONE', #601, #1419, #457, .T. ) ;
#2861 = ORIENTED_EDGE ( 'NONE', *, *, #1933, .F. ) ;
#2862 = B_SPLINE_CURVE_WITH_KNOTS ( 'NONE', 1,
 ( #2551, #4810 ),
 .UNSPECIFIED., .F., .F.,
 ( 2, 2 ),
 ( 0.0000000000000000000, 1.000000000000000000 ),
 .UNSPECIFIED. ) ;
#2863 = CARTESIAN_POINT ( 'NONE',  ( -0.4999999999999999400, 0.07919222016226816500, 0.1349372859226576900 ) ) ;
#2864 = VECTOR ( 'NONE', #1638, 39.37007874015748100 ) ;
#2865 = CARTESIAN_POINT ( 'NONE',  ( -0.06396057012458791800, -0.1968503937007874100, -0.04249999999999995400 ) ) ;
#2866 = ORIENTED_EDGE ( 'NONE', *, *, #841, .T. ) ;
#2867 =( BOUNDED_CURVE ( )  B_SPLINE_CURVE ( 1, ( #1122, #5313 ),
 .UNSPECIFIED., .F., .F. ) 
 B_SPLINE_CURVE_WITH_KNOTS ( ( 2, 2 ),
 ( 0.0000000000000000000, 0.007700000000000000200 ),
 .UNSPECIFIED. ) 
 CURVE ( )  GEOMETRIC_REPRESENTATION_ITEM ( )  RATIONAL_B_SPLINE_CURVE ( ( 0.9782076199945180000, 0.9782076199945180000 ) ) 
 REPRESENTATION_ITEM ( '' )  );
#2868 = VERTEX_POINT ( 'NONE', #4941 ) ;
#2869 = AXIS2_PLACEMENT_3D ( 'NONE', #4482, #2131, #4519 ) ;
#2870 = FACE_OUTER_BOUND ( 'NONE', #3023, .T. ) ;
#2871 = AXIS2_PLACEMENT_3D ( 'NONE', #862, #3631, #5024 ) ;
#2872 = CARTESIAN_POINT ( 'NONE',  ( 0.4450694763681967700, -0.2291179873613165000, -0.4353244265593455600 ) ) ;
#2873 = CARTESIAN_POINT ( 'NONE',  ( 0.4253254041760198800, 0.3090169943749473400, 0.1225000000000000000 ) ) ;
#2874 = CONICAL_SURFACE ( 'NONE', #5324, 0.5000000000000000000, 0.7853981633974466100 ) ;
#2875 = CARTESIAN_POINT ( 'NONE',  ( 0.4298093278685279900, -0.2518494688548946200, 0.3904932532186566300 ) ) ;
#2876 = ORIENTED_EDGE ( 'NONE', *, *, #5528, .T. ) ;
#2877 = DIRECTION ( 'NONE',  ( -1.000000000000000000, 0.0000000000000000000, 0.0000000000000000000 ) ) ;
#2878 = ADVANCED_FACE ( 'NONE', ( #1194 ), #5751, .F. ) ;
#2879 = CIRCLE ( 'NONE', #1051, 0.04734272207354935800 ) ;
#2880 = CARTESIAN_POINT ( 'NONE',  ( 0.04100000000000002900, 0.5000000000000000000, -0.3213286389632253900 ) ) ;
#2881 = FACE_OUTER_BOUND ( 'NONE', #1101, .T. ) ;
#2882 = EDGE_LOOP ( 'NONE', ( #2608, #3298, #5146, #1191 ) ) ;
#2883 = CARTESIAN_POINT ( 'NONE',  ( -0.1157057583252900100, -0.1592553138533361100, -0.09749999999999994800 ) ) ;
#2884 = DIRECTION ( 'NONE',  ( -1.000000000000000000, 0.0000000000000000000, 0.0000000000000000000 ) ) ;
#2885 = CARTESIAN_POINT ( 'NONE',  ( -0.5000000000000000000, -0.07919222016226809500, 0.01506271407734228800 ) ) ;
#2886 = AXIS2_PLACEMENT_3D ( 'NONE', #4553, #4071, #1314 ) ;
#2887 = CARTESIAN_POINT ( 'NONE',  ( -0.04734272207354937900, 0.5000000000000000000, 0.3449999999999999200 ) ) ;
#2888 = FACE_OUTER_BOUND ( 'NONE', #187, .T. ) ;
#2889 = ORIENTED_EDGE ( 'NONE', *, *, #5127, .T. ) ;
#2890 = CARTESIAN_POINT ( 'NONE',  ( -0.4253254041760198800, 0.3090169943749474500, 0.07749999999999999900 ) ) ;
#2891 = CARTESIAN_POINT ( 'NONE',  ( -6.123233995736766000E-017, -0.5000000000000000000, -0.01249999999999996900 ) ) ;
#2892 = VECTOR ( 'NONE', #3245, 39.37007874015748100 ) ;
#2893 = AXIS2_PLACEMENT_3D ( 'NONE', #3996, #2130, #2105 ) ;
#2894 = APPROVAL_STATUS ( 'not_yet_approved' ) ;
#2895 = CARTESIAN_POINT ( 'NONE',  ( -0.4755282581475767700, 0.1545084971874737300, 0.007499999999999998900 ) ) ;
#2896 = DIRECTION ( 'NONE',  ( 1.000000000000000000, 0.0000000000000000000, 0.0000000000000000000 ) ) ;
#2897 = CARTESIAN_POINT ( 'NONE',  ( 0.06396057012458789000, 0.1968503937007874100, -0.01750000000000003600 ) ) ;
#2898 = VECTOR ( 'NONE', #1520, 39.37007874015748100 ) ;
#2899 = CARTESIAN_POINT ( 'NONE',  ( -0.1968503937007873800, 3.281693114307516800E-017, 0.08750000000000003600 ) ) ;
#2900 = CARTESIAN_POINT ( 'NONE',  ( -0.1624598481164531400, -0.5000000000000000000, 0.05750000000000000200 ) ) ;
#2901 = CARTESIAN_POINT ( 'NONE',  ( 0.4332886819215897000, -0.2426780079940651400, 0.3013979425015432800 ) ) ;
#2902 = FACE_OUTER_BOUND ( 'NONE', #4851, .T. ) ;
#2903 = CARTESIAN_POINT ( 'NONE',  ( -0.4253254041760199900, -0.3090169943749473400, -0.05249999999999998400 ) ) ;
#2904 = MANIFOLD_SOLID_BREP ( 'Mirror1[3]', #4503 ) ;
#2905 = ADVANCED_FACE ( 'NONE', ( #527, #5673 ), #4554, .F. ) ;
#2906 = CARTESIAN_POINT ( 'NONE',  ( -0.5000000000000001100, 3.500472655261351000E-017, 0.1375000000000000100 ) ) ;
#2907 = EDGE_CURVE ( 'NONE', #1137, #4815, #5367, .T. ) ;
#2908 = CARTESIAN_POINT ( 'NONE',  ( 0.1367474427788733000, -0.1416529824378602300, 0.2833278076161421200 ) ) ;
#2909 = CARTESIAN_POINT ( 'NONE',  ( -0.02758286469768699700, 0.4936397845024506600, 0.3135822522846812800 ) ) ;
#2910 = CARTESIAN_POINT ( 'NONE',  ( 0.0000000000000000000, -0.5000000000000000000, -0.1374999999999999800 ) ) ;
#2911 = CARTESIAN_POINT ( 'NONE',  ( 0.4755282581475767700, -0.1545084971874737800, 0.05750000000000000200 ) ) ;
#2912 = CARTESIAN_POINT ( 'NONE',  ( 0.4191048133174911100, -0.2614214973018943500, 0.3826171118163641500 ) ) ;
#2913 = CARTESIAN_POINT ( 'NONE',  ( 0.4330127018922182400, -0.2500000000000020000, -0.3449999999999999200 ) ) ;
#2914 = AXIS2_PLACEMENT_3D ( 'NONE', #5962, #3713, #4179 ) ;
#2915 = CARTESIAN_POINT ( 'NONE',  ( 0.09159750513159646600, 0.4915382966297409100, 0.3450053225035648000 ) ) ;
#2916 = AXIS2_PLACEMENT_3D ( 'NONE', #3862, #110, #2979 ) ;
#2917 = DIRECTION ( 'NONE',  ( 0.0000000000000000000, 0.0000000000000000000, 1.000000000000000000 ) ) ;
#2918 = CARTESIAN_POINT ( 'NONE',  ( 0.0000000000000000000, 0.5000000000000000000, 0.1124999999999999900 ) ) ;
#2919 = EDGE_CURVE ( 'NONE', #5235, #1975, #819, .T. ) ;
#2920 = CARTESIAN_POINT ( 'NONE',  ( 0.1968503937007873800, -0.03117803943396380700, -0.1400627140773423300 ) ) ;
#2921 = ORIENTED_EDGE ( 'NONE', *, *, #1765, .F. ) ;
#2922 = B_SPLINE_CURVE_WITH_KNOTS ( 'NONE', 3,
 ( #1495, #503, #2901, #2824, #3350, #1450, #83, #3370 ),
 .UNSPECIFIED., .F., .F.,
 ( 4, 2, 2, 4 ),
 ( 2.544393206654808700E-007, 0.0003107880854811368600, 0.0006213217316416081700, 0.001242389023962551600 ),
 .UNSPECIFIED. ) ;
#2923 = ORIENTED_EDGE ( 'NONE', *, *, #1006, .F. ) ;
#2924 = AXIS2_PLACEMENT_3D ( 'NONE', #4690, #5126, #1862 ) ;
#2925 = DIRECTION ( 'NONE',  ( 0.0000000000000000000, 0.0000000000000000000, -1.000000000000000000 ) ) ;
#2926 = ORIENTED_EDGE ( 'NONE', *, *, #4930, .T. ) ;
#2927 = DIRECTION ( 'NONE',  ( 0.7071067811865439100, 8.659560562354888500E-017, -0.7071067811865511300 ) ) ;
#2928 = CARTESIAN_POINT ( 'NONE',  ( 0.1492523984478467400, -0.1284501181773458900, 0.2714290466888690800 ) ) ;
#2929 = ORIENTED_EDGE ( 'NONE', *, *, #5292, .F. ) ;
#2930 = CARTESIAN_POINT ( 'NONE',  ( 0.4607426564757993700, -0.1713244525963499300, -0.3450000000000000300 ) ) ;
#2931 = EDGE_LOOP ( 'NONE', ( #2289, #227, #1958, #1186, #3861, #419, #1145, #893, #1676, #5283, #3442, #2505 ) ) ;
#2932 = DIRECTION ( 'NONE',  ( -9.795821821337355400E-017, 1.000000000000000000, -0.0000000000000000000 ) ) ;
#2933 = CARTESIAN_POINT ( 'NONE',  ( -0.04100000000000000200, 0.4963327969160386500, 0.3286630451311479100 ) ) ;
#2934 = CARTESIAN_POINT ( 'NONE',  ( 0.06396057012458789000, 0.1968503937007874400, -0.1175000000000000200 ) ) ;
#2935 = ADVANCED_FACE ( 'NONE', ( #2870 ), #4571, .F. ) ;
#2936 = ORIENTED_EDGE ( 'NONE', *, *, #681, .F. ) ;
#2937 = DIRECTION ( 'NONE',  ( -0.0000000000000000000, -0.0000000000000000000, 1.000000000000000000 ) ) ;
#2938 = ORIENTED_EDGE ( 'NONE', *, *, #2461, .F. ) ;
#2939 = CARTESIAN_POINT ( 'NONE',  ( -0.06396057012458784800, 0.1968503937007874400, 0.1175000000000000500 ) ) ;
#2940 = CARTESIAN_POINT ( 'NONE',  ( 3.616083068348483800E-017, -0.1968503937007874100, -0.004166666666666644900 ) ) ;
#2941 = CARTESIAN_POINT ( 'NONE',  ( 0.0000000000000000000, 0.5000000000000000000, -0.1499999999999999700 ) ) ;
#2942 = VECTOR ( 'NONE', #5563, 39.37007874015748100 ) ;
#2943 = EDGE_CURVE ( 'NONE', #5619, #3531, #2486, .T. ) ;
#2944 = FACE_OUTER_BOUND ( 'NONE', #1251, .T. ) ;
#2945 = LOCAL_TIME ( 9, 51, 53.00000000000000000, #448 ) ;
#2946 = EDGE_LOOP ( 'NONE', ( #886, #1420, #438, #309 ) ) ;
#2947 = DIRECTION ( 'NONE',  ( -1.000000000000000000, 0.0000000000000000000, 0.0000000000000000000 ) ) ;
#2948 = CARTESIAN_POINT ( 'NONE',  ( -6.123233995736766000E-017, -0.5000000000000000000, 0.01250000000000002000 ) ) ;
#2949 = CARTESIAN_POINT ( 'NONE',  ( 0.1959824445707206400, -0.01846507298224866300, 0.3449999999999999200 ) ) ;
#2950 = LINE ( 'NONE', #5454, #3817 ) ;
#2951 = CARTESIAN_POINT ( 'NONE',  ( -0.02158079724588660200, 0.1560864119918737900, -0.2657045225834006000 ) ) ;
#2952 = EDGE_CURVE ( 'NONE', #2487, #156, #3170, .T. ) ;
#2953 = CONICAL_SURFACE ( 'NONE', #1166, 0.04734272207354935800, 0.7853981633974500600 ) ;
#2954 = ORIENTED_EDGE ( 'NONE', *, *, #1373, .T. ) ;
#2955 = DIRECTION ( 'NONE',  ( -0.5000000000000041100, -0.8660254037844362700, 0.0000000000000000000 ) ) ;
#2956 = CARTESIAN_POINT ( 'NONE',  ( 0.4467103304422424000, -0.2084545938573848200, -0.2718495292820867200 ) ) ;
#2957 = CARTESIAN_POINT ( 'NONE',  ( -0.5000000000000001100, 9.626299801968714300E-017, 0.06250000000000000000 ) ) ;
#2958 = LINE ( 'NONE', #773, #685 ) ;
#2959 = VERTEX_POINT ( 'NONE', #4510 ) ;
#2960 = ORIENTED_EDGE ( 'NONE', *, *, #595, .T. ) ;
#2961 = CARTESIAN_POINT ( 'NONE',  ( 0.4607426564757993700, -0.1713244525963499300, -0.3450000000000000300 ) ) ;
#2962 = DIRECTION ( 'NONE',  ( 1.000000000000000000, 0.0000000000000000000, 0.0000000000000000000 ) ) ;
#2963 = LINE ( 'NONE', #3806, #4334 ) ;
#2964 = CARTESIAN_POINT ( 'NONE',  ( 0.2069807528028085300, -3.802174746076033800E-017, 0.08750000000000005000 ) ) ;
#2965 = ORIENTED_EDGE ( 'NONE', *, *, #4487, .F. ) ;
#2966 = CARTESIAN_POINT ( 'NONE',  ( 0.006479021098133572200, 0.4965780097134044900, -0.3886020574984567200 ) ) ;
#2967 = AXIS2_PLACEMENT_3D ( 'NONE', #3907, #4368, #1595 ) ;
#2968 = B_SPLINE_CURVE_WITH_KNOTS ( 'NONE', 1,
 ( #4939, #2160 ),
 .UNSPECIFIED., .F., .F.,
 ( 2, 2 ),
 ( 0.0000000000000000000, 1.000000000000000000 ),
 .UNSPECIFIED. ) ;
#2969 = FACE_OUTER_BOUND ( 'NONE', #1962, .T. ) ;
#2970 = ADVANCED_FACE ( 'NONE', ( #5305 ), #4589, .T. ) ;
#2971 = DIRECTION ( 'NONE',  ( -0.7071067811865473500, -0.7071067811865475700, 8.659560562354932900E-017 ) ) ;
#2972 = CARTESIAN_POINT ( 'NONE',  ( 0.4682536807761256100, -0.1760284507289077400, -0.3921638342466145000 ) ) ;
#2973 = CARTESIAN_POINT ( 'NONE',  ( 0.4253254041760198800, -0.3090169943749474500, -0.1474999999999999900 ) ) ;
#2974 = VECTOR ( 'NONE', #5052, 39.37007874015748900 ) ;
#2975 = CARTESIAN_POINT ( 'NONE',  ( 0.1157057583252900000, -0.1592553138533361100, -0.1274999999999999500 ) ) ;
#2976 = DIRECTION ( 'NONE',  ( -0.8660254037844391500, 0.0000000000000000000, -0.4999999999999991700 ) ) ;
#2977 = CARTESIAN_POINT ( 'NONE',  ( -0.02411274066523899300, 0.5000004666645544400, -0.4353244265593464400 ) ) ;
#2978 = VECTOR ( 'NONE', #64, 39.37007874015748900 ) ;
#2979 = DIRECTION ( 'NONE',  ( -0.8660254037844391500, 0.0000000000000000000, -0.4999999999999992800 ) ) ;
#2980 =( BOUNDED_CURVE ( )  B_SPLINE_CURVE ( 2, ( #4347, #5689, #1968, #5277, #4789, #2897, #4364 ),
 .UNSPECIFIED., .F., .F. ) 
 B_SPLINE_CURVE_WITH_KNOTS ( ( 3, 2, 2, 3 ),
 ( 0.6250000000000000000, 0.6500000000000000200, 0.6999999999999999600, 0.7500000000000000000 ),
 .UNSPECIFIED. ) 
 CURVE ( )  GEOMETRIC_REPRESENTATION_ITEM ( )  RATIONAL_B_SPLINE_CURVE ( ( 0.9755282581475768200, 0.9755282581475768200, 1.000000000000000000, 0.9510565162951535300, 1.000000000000000000, 0.9510565162951535300, 1.000000000000000000 ) ) 
 REPRESENTATION_ITEM ( '' )  );
#2981 = EDGE_CURVE ( 'NONE', #2119, #4707, #4520, .T. ) ;
#2982 = CARTESIAN_POINT ( 'NONE',  ( -0.08083988358429813900, 0.4850261674595926500, 0.3275593506837388100 ) ) ;
#2983 = CARTESIAN_POINT ( 'NONE',  ( -0.06396057012458789000, -0.1968503937007874400, 0.05750000000000003700 ) ) ;
#2984 = CARTESIAN_POINT ( 'NONE',  ( 0.08924481841714615400, 0.4919941290683694800, 0.3215708722101247000 ) ) ;
#2985 = CARTESIAN_POINT ( 'NONE',  ( 0.1157057583252900000, -0.1592553138533361100, -0.05250000000000004000 ) ) ;
#2986 = EDGE_CURVE ( 'NONE', #3313, #601, #1902, .T. ) ;
#2987 = CARTESIAN_POINT ( 'NONE',  ( 0.4125127018922181100, -0.2855070415551639900, 0.3686713610367745600 ) ) ;
#2988 = AXIS2_PLACEMENT_3D ( 'NONE', #5922, #5411, #343 ) ;
#2989 = CARTESIAN_POINT ( 'NONE',  ( -0.1808223467356835400, 0.08050729571153582300, 0.03088261212717697800 ) ) ;
#2990 = VERTEX_POINT ( 'NONE', #3632 ) ;
#2991 = CARTESIAN_POINT ( 'NONE',  ( -0.4253254041760199900, -0.3090169943749474000, -0.05249999999999997000 ) ) ;
#2992 = CARTESIAN_POINT ( 'NONE',  ( 0.02150327546866278100, 0.4930203426623642700, 0.2630046021525051500 ) ) ;
#2993 = DIRECTION ( 'NONE',  ( -0.8660254037844384900, 0.0000000000000000000, -0.5000000000000001100 ) ) ;
#2994 = CARTESIAN_POINT ( 'NONE',  ( 6.123233995736766000E-017, 0.5000000000000000000, -0.01249999999999996900 ) ) ;
#2995 = ORIENTED_EDGE ( 'NONE', *, *, #1497, .T. ) ;
#2996 = CC_DESIGN_SECURITY_CLASSIFICATION ( #1546, ( #5060 ) ) ;
#2997 = VERTEX_POINT ( 'NONE', #5554 ) ;
#2998 = AXIS2_PLACEMENT_3D ( 'NONE', #6000, #4630, #2808 ) ;
#2999 = CARTESIAN_POINT ( 'NONE',  ( -0.1968503937007873800, 1.093897704769172200E-017, -0.01249999999999995200 ) ) ;
#3000 = CARTESIAN_POINT ( 'NONE',  ( 0.1574346907071702600, 0.003790483087527799600, -0.3450000000000000300 ) ) ;
#3001 = CARTESIAN_POINT ( 'NONE',  ( 0.01326471143733297900, 0.4943311636223254300, -0.3846843373544822600 ) ) ;
#3002 = EDGE_LOOP ( 'NONE', ( #3711, #4076 ) ) ;
#3003 = CARTESIAN_POINT ( 'NONE',  ( 6.123233995736766000E-017, 0.5000000000000000000, 0.1625000000000000100 ) ) ;
#3004 = ORIENTED_EDGE ( 'NONE', *, *, #1568, .F. ) ;
#3005 = AXIS2_PLACEMENT_3D ( 'NONE', #5579, #5033, #2322 ) ;
#3006 = CARTESIAN_POINT ( 'NONE',  ( 0.1139824445707190300, -0.1604932392028959000, 0.3449999999999999200 ) ) ;
#3007 = ORIENTED_EDGE ( 'NONE', *, *, #1908, .F. ) ;
#3008 = CARTESIAN_POINT ( 'NONE',  ( -0.4253254041760199900, -0.3090169943749474000, 0.09749999999999997600 ) ) ;
#3009 = CARTESIAN_POINT ( 'NONE',  ( 0.4210048971023351800, -0.2707971850605912500, -0.4353133978974372800 ) ) ;
#3010 = ORIENTED_EDGE ( 'NONE', *, *, #2101, .F. ) ;
#3011 = LINE ( 'NONE', #4040, #1626 ) ;
#3012 = CARTESIAN_POINT ( 'NONE',  ( -0.4755282581475767700, 0.1545084971874737800, -0.06749999999999997700 ) ) ;
#3013 = CARTESIAN_POINT ( 'NONE',  ( 0.4682508962809229800, -0.1760373727346459500, 0.2978168095221696000 ) ) ;
#3014 = ORIENTED_EDGE ( 'NONE', *, *, #2343, .T. ) ;
#3015 = CARTESIAN_POINT ( 'NONE',  ( -1.518754888706363100E-017, 0.5000000000000000000, -0.3449999999999999200 ) ) ;
#3016 = PERSON_AND_ORGANIZATION ( #4724, #4453 ) ;
#3017 = VERTEX_POINT ( 'NONE', #5065 ) ;
#3018 = CARTESIAN_POINT ( 'NONE',  ( 1.229195698559069900E-017, 0.3437500000000000600, 0.3449999999999999200 ) ) ;
#3019 = CARTESIAN_POINT ( 'NONE',  ( 0.0000000000000000000, 0.0000000000000000000, 0.1899999999999999500 ) ) ;
#3020 = EDGE_CURVE ( 'NONE', #5020, #5947, #5226, .T. ) ;
#3021 = CIRCLE ( 'NONE', #2924, 0.04734272207354933700 ) ;
#3022 = CARTESIAN_POINT ( 'NONE',  ( 0.4330127018922182400, -0.2500000000000020000, -0.3449999999999999200 ) ) ;
#3023 = EDGE_LOOP ( 'NONE', ( #3601, #4217, #4360, #4584, #2938 ) ) ;
#3024 = PLANE ( 'NONE',  #1517 ) ;
#3025 = CARTESIAN_POINT ( 'NONE',  ( 0.4253254041760198800, -0.3090169943749474500, -0.09749999999999996200 ) ) ;
#3026 = CARTESIAN_POINT ( 'NONE',  ( -0.4592887607086361700, 0.2044885311073007000, 0.005882612127176944100 ) ) ;
#3027 = EDGE_CURVE ( 'NONE', #4292, #4506, #596, .T. ) ;
#3028 = CYLINDRICAL_SURFACE ( 'NONE', #5730, 0.5000000000000000000 ) ;
#3029 = ORIENTED_EDGE ( 'NONE', *, *, #5239, .F. ) ;
#3030 = EDGE_LOOP ( 'NONE', ( #4788, #1483, #4242, #2686 ) ) ;
#3031 = DIRECTION ( 'NONE',  ( 0.0000000000000000000, 0.0000000000000000000, -1.000000000000000000 ) ) ;
#3032 = CARTESIAN_POINT ( 'NONE',  ( 0.1674509465259921000, 0.1216602340058847800, 0.04750000000000004200 ) ) ;
#3033 = VECTOR ( 'NONE', #5098, 39.37007874015748100 ) ;
#3034 = CARTESIAN_POINT ( 'NONE',  ( 0.4755282581475767700, -0.1545084971874737300, -0.1424999999999999900 ) ) ;
#3035 = ORIENTED_EDGE ( 'NONE', *, *, #584, .T. ) ;
#3036 = AXIS2_PLACEMENT_3D ( 'NONE', #99, #3848, #611 ) ;
#3037 = CARTESIAN_POINT ( 'NONE',  ( 0.4253254041760198800, 0.3090169943749474000, -0.002499999999999990100 ) ) ;
#3038 = ADVANCED_FACE ( 'NONE', ( #5445 ), #215, .T. ) ;
#3039 = CARTESIAN_POINT ( 'NONE',  ( 0.4607433245549154600, -0.1713227456838333200, 0.3234359998361369100 ) ) ;
#3040 = CARTESIAN_POINT ( 'NONE',  ( 0.4244910119189794200, -0.2450800000000020200, -0.3449999999999999200 ) ) ;
#3041 = CARTESIAN_POINT ( 'NONE',  ( 0.1674509465259921000, 0.1216602340058847800, -0.02750000000000001100 ) ) ;
#3042 = LINE ( 'NONE', #4638, #1503 ) ;
#3043 = EDGE_CURVE ( 'NONE', #3925, #3063, #4093, .T. ) ;
#3044 = CARTESIAN_POINT ( 'NONE',  ( -0.1157057583252899800, 0.1592553138533361100, 0.04749999999999996600 ) ) ;
#3045 = PLANE ( 'NONE',  #2893 ) ;
#3046 = VECTOR ( 'NONE', #2971, 39.37007874015748900 ) ;
#3047 = AXIS2_PLACEMENT_3D ( 'NONE', #4150, #1821, #5045 ) ;
#3048 = CARTESIAN_POINT ( 'NONE',  ( 0.1872158496644003300, -0.06083011700294241300, -0.04250000000000004500 ) ) ;
#3049 = CIRCLE ( 'NONE', #2564, 0.1574803149606299200 ) ;
#3050 = CARTESIAN_POINT ( 'NONE',  ( 0.4535127018922184800, -0.2144929584448400700, -0.3213286389632253300 ) ) ;
#3051 = DIRECTION ( 'NONE',  ( -1.758688375849877800E-016, 1.000000000000000000, -0.0000000000000000000 ) ) ;
#3052 = DIRECTION ( 'NONE',  ( -1.758688375849877300E-016, 1.000000000000000000, -0.0000000000000000000 ) ) ;
#3053 = CARTESIAN_POINT ( 'NONE',  ( 0.06396057012458784800, -0.1968503937007874400, -0.1324999999999999200 ) ) ;
#3054 = CARTESIAN_POINT ( 'NONE',  ( 0.04778569217984852300, 0.4980449451207842300, 0.4256002857247431800 ) ) ;
#3055 = CARTESIAN_POINT ( 'NONE',  ( 0.3116329386826367500, -0.08523591688967750700, -0.3450000000000004700 ) ) ;
#3056 =( BOUNDED_CURVE ( )  B_SPLINE_CURVE ( 2, ( #826, #1791, #2659, #2752, #5453, #4539, #3600, #5885, #4985, #3190, #1808, #5031, #2241 ),
 .UNSPECIFIED., .F., .T. ) 
 B_SPLINE_CURVE_WITH_KNOTS ( ( 3, 2, 2, 2, 2, 2, 3 ),
 ( 0.3750000000000000000, 0.4000000000000000200, 0.4500000000000000100, 0.5000000000000000000, 0.5500000000000000400, 0.5999999999999999800, 0.6250000000000000000 ),
 .UNSPECIFIED. ) 
 CURVE ( )  GEOMETRIC_REPRESENTATION_ITEM ( )  RATIONAL_B_SPLINE_CURVE ( ( 0.9755282581475768200, 0.9755282581475768200, 1.000000000000000000, 0.9510565162951535300, 1.000000000000000000, 0.9510565162951535300, 1.000000000000000000, 0.9510565162951535300, 1.000000000000000000, 0.9510565162951535300, 1.000000000000000000, 0.9755282581475768200, 0.9755282581475768200 ) ) 
 REPRESENTATION_ITEM ( '' )  );
#3057 = CARTESIAN_POINT ( 'NONE',  ( 0.4755282581475767700, -0.1545084971874737300, -0.04249999999999997500 ) ) ;
#3058 = EDGE_CURVE ( 'NONE', #5159, #4068, #2217, .T. ) ;
#3059 = CARTESIAN_POINT ( 'NONE',  ( -0.1774803149606298500, 0.0000000000000000000, -0.4999999999999999400 ) ) ;
#3060 = CARTESIAN_POINT ( 'NONE',  ( 0.1674509465259921000, -0.1216602340058848100, 0.002499999999999962800 ) ) ;
#3061 = CARTESIAN_POINT ( 'NONE',  ( 0.2938926261462365100, -0.4045084971874737300, -0.1024999999999999700 ) ) ;
#3062 = CARTESIAN_POINT ( 'NONE',  ( 0.1061488280730500700, -0.1163962178512932700, -0.4118510509445832400 ) ) ;
#3063 = VERTEX_POINT ( 'NONE', #2367 ) ;
#3064 = EDGE_CURVE ( 'NONE', #154, #4231, #1921, .T. ) ;
#3065 = VERTEX_POINT ( 'NONE', #1501 ) ;
#3066 = CARTESIAN_POINT ( 'NONE',  ( 0.3787426562703870600, -0.3133526188664534900, 0.3449999999989075700 ) ) ;
#3067 = AXIS2_PLACEMENT_3D ( 'NONE', #3368, #4775, #3416 ) ;
#3068 = EDGE_CURVE ( 'NONE', #2556, #1026, #3949, .T. ) ;
#3069 = ORIENTED_EDGE ( 'NONE', *, *, #4856, .F. ) ;
#3070 = DIRECTION ( 'NONE',  ( 0.2588190451025138000, -0.9659258262890699800, 8.659560562354955000E-017 ) ) ;
#3071 = EDGE_LOOP ( 'NONE', ( #432, #4583, #1977, #2649 ) ) ;
#3072 = CARTESIAN_POINT ( 'NONE',  ( 0.4039095483405236700, -0.2825939320086451300, 0.4181765065577394100 ) ) ;
#3073 = CARTESIAN_POINT ( 'NONE',  ( -0.5000000000000001100, 3.500472655261351000E-017, -0.01249999999999998700 ) ) ;
#3074 = CARTESIAN_POINT ( 'NONE',  ( 0.4253254041760198800, -0.3090169943749474500, -0.1474999999999999600 ) ) ;
#3075 = ORIENTED_EDGE ( 'NONE', *, *, #4094, .T. ) ;
#3076 = AXIS2_PLACEMENT_3D ( 'NONE', #5349, #221, #2599 ) ;
#3077 = CARTESIAN_POINT ( 'NONE',  ( -2.410722045565656100E-017, -0.1968503937007874100, 0.1374999999999999600 ) ) ;
#3078 = ORIENTED_EDGE ( 'NONE', *, *, #2235, .F. ) ;
#3079 = CARTESIAN_POINT ( 'NONE',  ( 0.0000000000000000000, -0.1968503937007874100, 0.08749999999999995300 ) ) ;
#3080 = DIRECTION ( 'NONE',  ( 0.0000000000000000000, 0.0000000000000000000, -1.000000000000000000 ) ) ;
#3081 = DIRECTION ( 'NONE',  ( -9.795821821337355400E-017, 1.000000000000000000, 0.0000000000000000000 ) ) ;
#3082 = CARTESIAN_POINT ( 'NONE',  ( 0.07543469070716959900, -0.1382376831331199000, -0.3499582083413201900 ) ) ;
#3083 = ORIENTED_EDGE ( 'NONE', *, *, #719, .T. ) ;
#3084 = ORIENTED_EDGE ( 'NONE', *, *, #5433, .F. ) ;
#3085 = ADVANCED_FACE ( 'NONE', ( #1633 ), #5702, .F. ) ;
#3086 = DIRECTION ( 'NONE',  ( -0.0000000000000000000, -0.0000000000000000000, 1.000000000000000000 ) ) ;
#3087 = CARTESIAN_POINT ( 'NONE',  ( -4.897910910668677100E-017, 0.5000000000000000000, -0.3449999999999999200 ) ) ;
#3088 = CARTESIAN_POINT ( 'NONE',  ( 5.195106008193988700E-017, 0.4242125984251967600, 0.1375000000000000100 ) ) ;
#3089 = CYLINDRICAL_SURFACE ( 'NONE', #1790, 0.5000000000000000000 ) ;
#3090 = CARTESIAN_POINT ( 'NONE',  ( -0.08200181226915945200, 0.4846767965305707200, -0.3234359998361369100 ) ) ;
#3091 = LINE ( 'NONE', #3826, #4319 ) ;
#3092 = ORIENTED_EDGE ( 'NONE', *, *, #5353, .F. ) ;
#3093 = ORIENTED_EDGE ( 'NONE', *, *, #4705, .T. ) ;
#3094 = CARTESIAN_POINT ( 'NONE',  ( 0.4714834044339401000, -0.1664433817950766400, 0.3450000000000000300 ) ) ;
#3095 = CARTESIAN_POINT ( 'NONE',  ( -0.09159750529064449000, 0.4915382966001025600, 0.3449999999999999200 ) ) ;
#3096 = CARTESIAN_POINT ( 'NONE',  ( -0.008151894901991547200, 0.4930204894887845200, 0.4269958960134959700 ) ) ;
#3097 = LINE ( 'NONE', #2767, #294 ) ;
#3098 = EDGE_CURVE ( 'NONE', #1608, #306, #4318, .T. ) ;
#3099 = ORIENTED_EDGE ( 'NONE', *, *, #3906, .F. ) ;
#3100 = CARTESIAN_POINT ( 'NONE',  ( 0.1674509465259920700, -0.1216602340058848100, 0.1024999999999999500 ) ) ;
#3101 = ORIENTED_EDGE ( 'NONE', *, *, #3484, .T. ) ;
#3102 = CIRCLE ( 'NONE', #3893, 0.4799999999999999300 ) ;
#3103 = CARTESIAN_POINT ( 'NONE',  ( -0.1624598481164530900, 0.5000000000000001100, 0.04250000000000000300 ) ) ;
#3104 = PLANE ( 'NONE',  #2529 ) ;
#3105 = ORIENTED_EDGE ( 'NONE', *, *, #5132, .F. ) ;
#3106 = CARTESIAN_POINT ( 'NONE',  ( -0.1624598481164531700, -0.5000000000000000000, -0.1174999999999999800 ) ) ;
#3107 = VERTEX_POINT ( 'NONE', #3834 ) ;
#3108 = CARTESIAN_POINT ( 'NONE',  ( 0.4566840629289931600, -0.2090000000000021000, 0.3449999999999999200 ) ) ;
#3109 = EDGE_CURVE ( 'NONE', #5284, #968, #4873, .T. ) ;
#3110 = FACE_OUTER_BOUND ( 'NONE', #2420, .T. ) ;
#3111 = ORIENTED_EDGE ( 'NONE', *, *, #3546, .T. ) ;
#3112 = CARTESIAN_POINT ( 'NONE',  ( -0.06396057012458793200, -0.1968503937007874400, 0.1075000000000000100 ) ) ;
#3113 = EDGE_LOOP ( 'NONE', ( #1777, #3798, #3101, #983 ) ) ;
#3114 = CARTESIAN_POINT ( 'NONE',  ( -0.04099999999999999500, 0.4180000000000000400, -0.3213286389632252800 ) ) ;
#3115 = CONICAL_SURFACE ( 'NONE', #2549, 0.04734272207354933700, 0.7853981633974500600 ) ;
#3116 = CARTESIAN_POINT ( 'NONE',  ( 0.4607426564757993700, -0.1713244525963499300, 0.3450000000000000300 ) ) ;
#3117 = AXIS2_PLACEMENT_3D ( 'NONE', #3736, #407, #3243 ) ;
#3118 = CARTESIAN_POINT ( 'NONE',  ( -0.08083876126701308700, 0.4850263526962908000, 0.3624443834319021100 ) ) ;
#3119 = CARTESIAN_POINT ( 'NONE',  ( 0.06510778372565469200, 0.1434283671493765100, -0.3951284216016325300 ) ) ;
#3120 = ADVANCED_FACE ( 'NONE', ( #2721 ), #5815, .F. ) ;
#3121 = EDGE_CURVE ( 'NONE', #4036, #439, #3520, .T. ) ;
#3122 = CARTESIAN_POINT ( 'NONE',  ( 0.4330127018922182400, -0.2500000000000020000, 0.2976572779264505800 ) ) ;
#3123 = DIRECTION ( 'NONE',  ( 0.5000000000000044400, 0.8660254037844360400, 0.0000000000000000000 ) ) ;
#3124 = CARTESIAN_POINT ( 'NONE',  ( 0.1624598481164530900, -0.5000000000000000000, 0.09250000000000001300 ) ) ;
#3125 = CARTESIAN_POINT ( 'NONE',  ( 0.3798847127776426900, -0.3250963011188807200, 0.3509352697792653100 ) ) ;
#3126 = CARTESIAN_POINT ( 'NONE',  ( -0.08200000000000008700, 0.4846770714133428200, 0.3449999999999999200 ) ) ;
#3127 = AXIS2_PLACEMENT_3D ( 'NONE', #1337, #864, #4962 ) ;
#3128 = CARTESIAN_POINT ( 'NONE',  ( 0.1512436195868108700, -0.04468040241837209500, -0.4188482114594072600 ) ) ;
#3129 = VECTOR ( 'NONE', #5511, 39.37007874015748100 ) ;
#3130 = PLANE ( 'NONE',  #1281 ) ;
#3131 = DIRECTION ( 'NONE',  ( -1.000000000000000000, 0.0000000000000000000, 0.0000000000000000000 ) ) ;
#3132 = CARTESIAN_POINT ( 'NONE',  ( 0.1157057583252900000, -0.1592553138533361100, 0.1225000000000000400 ) ) ;
#3133 = CARTESIAN_POINT ( 'NONE',  ( 0.1872158496644003300, -0.06083011700294243400, 0.08250000000000004600 ) ) ;
#3134 = CARTESIAN_POINT ( 'NONE',  ( 0.3848828742792038100, -0.3066595094607941200, -0.3878422549389333700 ) ) ;
#3135 = CARTESIAN_POINT ( 'NONE',  ( 0.1674509465259920700, 0.1216602340058848000, -0.002499999999999955800 ) ) ;
#3136 = EDGE_CURVE ( 'NONE', #1715, #3997, #2271, .T. ) ;
#3137 = CARTESIAN_POINT ( 'NONE',  ( 0.2938926261462365700, -0.4045084971874737300, 0.09750000000000000300 ) ) ;
#3138 = CARTESIAN_POINT ( 'NONE',  ( -0.08200000000000008700, 0.5000000000000000000, -0.3450000000000004700 ) ) ;
#3139 = ORIENTED_EDGE ( 'NONE', *, *, #3868, .F. ) ;
#3140 = CARTESIAN_POINT ( 'NONE',  ( 0.1674509465259921300, 0.1216602340058847800, -0.07750000000000004100 ) ) ;
#3141 = EDGE_CURVE ( 'NONE', #156, #2487, #4799, .T. ) ;
#3142 = PLANE ( 'NONE',  #1896 ) ;
#3143 = CARTESIAN_POINT ( 'NONE',  ( 6.123233995736766000E-017, 0.5000000000000000000, 0.1375000000000000100 ) ) ;
#3144 = CARTESIAN_POINT ( 'NONE',  ( 0.3875555532661505400, -0.3159481758055014400, 0.3907460587430750500 ) ) ;
#3145 = ORIENTED_EDGE ( 'NONE', *, *, #2143, .F. ) ;
#3146 = CARTESIAN_POINT ( 'NONE',  ( 0.07773965597689806700, -0.1369587161432317700, -0.3647501438696925700 ) ) ;
#3147 = VERTEX_POINT ( 'NONE', #4322 ) ;
#3148 = CARTESIAN_POINT ( 'NONE',  ( 0.4330127018922182400, -0.2500000000000020000, -0.3449999999999999200 ) ) ;
#3149 = ORIENTED_EDGE ( 'NONE', *, *, #5905, .T. ) ;
#3150 = CARTESIAN_POINT ( 'NONE',  ( -0.1157057583252900100, -0.1592553138533361100, -0.1225000000000000100 ) ) ;
#3151 = CARTESIAN_POINT ( 'NONE',  ( -0.1157057583252900500, -0.1592553138533361100, 0.1025000000000000400 ) ) ;
#3152 = CARTESIAN_POINT ( 'NONE',  ( 0.3865691615327852000, -0.3175170295061114400, -0.3921886146924554700 ) ) ;
#3153 = VERTEX_POINT ( 'NONE', #5228 ) ;
#3154 = EDGE_CURVE ( 'NONE', #1245, #2174, #3730, .T. ) ;
#3155 = CARTESIAN_POINT ( 'NONE',  ( 0.4210023937655364400, -0.2708018189860014700, 0.2546861439001473800 ) ) ;
#3156 = ADVANCED_FACE ( 'NONE', ( #519 ), #4086, .F. ) ;
#3157 = CARTESIAN_POINT ( 'NONE',  ( 0.06396057012458789000, 0.1968503937007874100, 0.007500000000000055200 ) ) ;
#3158 = ORIENTED_EDGE ( 'NONE', *, *, #3401, .T. ) ;
#3159 = CARTESIAN_POINT ( 'NONE',  ( 0.1624598481164530600, -0.5000000000000000000, 0.09249999999999999900 ) ) ;
#3160 = ORIENTED_EDGE ( 'NONE', *, *, #102, .T. ) ;
#3161 = DIRECTION ( 'NONE',  ( 1.000000000000000000, 1.758688375849877300E-016, 0.0000000000000000000 ) ) ;
#3162 = CARTESIAN_POINT ( 'NONE',  ( 0.4154500644175488900, -0.2677517080855009200, 0.3116030287060401700 ) ) ;
#3163 = AXIS2_PLACEMENT_3D ( 'NONE', #1092, #1947, #4726 ) ;
#3164 = LINE ( 'NONE', #5054, #1403 ) ;
#3165 = CARTESIAN_POINT ( 'NONE',  ( 0.4503408780685912400, -0.2126617051064469100, 0.3613463476832019000 ) ) ;
#3166 = ORIENTED_EDGE ( 'NONE', *, *, #4192, .T. ) ;
#3167 = CARTESIAN_POINT ( 'NONE',  ( 0.3824986187818946700, -0.1734929584448398300, -0.3686713610367743900 ) ) ;
#3168 = ORIENTED_EDGE ( 'NONE', *, *, #483, .F. ) ;
#3169 = CARTESIAN_POINT ( 'NONE',  ( 0.09159459914376129300, 0.4915387304410289700, -0.3688587090200590700 ) ) ;
#3170 = CIRCLE ( 'NONE', #1477, 0.05074999999999987200 ) ;
#3171 =( BOUNDED_CURVE ( )  B_SPLINE_CURVE ( 2, ( #5591, #2989, #4472, #2156, #1673 ),
 .UNSPECIFIED., .F., .F. ) 
 B_SPLINE_CURVE_WITH_KNOTS ( ( 3, 2, 3 ),
 ( 0.08327224239572410300, 0.1000000000000000100, 0.1250000000000000000 ),
 .UNSPECIFIED. ) 
 CURVE ( )  GEOMETRIC_REPRESENTATION_ITEM ( )  RATIONAL_B_SPLINE_CURVE ( ( 0.9782076199945162200, 0.9836257053655299600, 1.000000000000000000, 0.9755282581475768200, 0.9755282581475768200 ) ) 
 REPRESENTATION_ITEM ( '' )  );
#3172 = CARTESIAN_POINT ( 'NONE',  ( 0.4330127018922182400, -0.2500000000000020000, -0.2976572779264505800 ) ) ;
#3173 = FACE_OUTER_BOUND ( 'NONE', #49, .T. ) ;
#3174 = CARTESIAN_POINT ( 'NONE',  ( 0.08200260135946237100, 0.4846766436865744800, 0.3233484815112825400 ) ) ;
#3175 = ORIENTED_EDGE ( 'NONE', *, *, #3109, .T. ) ;
#3176 = CARTESIAN_POINT ( 'NONE',  ( -0.1624598481164530900, 0.5000000000000000000, -0.1574999999999999500 ) ) ;
#3177 = CARTESIAN_POINT ( 'NONE',  ( 0.0000000000000000000, -0.1968503937007874100, 0.1125000000000000300 ) ) ;
#3178 = CARTESIAN_POINT ( 'NONE',  ( 0.1246580348045100600, -0.09673515723954641300, -0.2652329487012286500 ) ) ;
#3179 = CIRCLE ( 'NONE', #5112, 0.4799999999999999800 ) ;
#3180 = ORIENTED_EDGE ( 'NONE', *, *, #4371, .F. ) ;
#3181 = ORIENTED_EDGE ( 'NONE', *, *, #2398, .F. ) ;
#3182 = DIRECTION ( 'NONE',  ( -1.758688375849877300E-016, 1.000000000000000000, 0.0000000000000000000 ) ) ;
#3183 = CARTESIAN_POINT ( 'NONE',  ( 0.08084300692540905000, 0.4850271138908873200, 0.3624279955003523200 ) ) ;
#3184 = EDGE_CURVE ( 'NONE', #1617, #747, #1443, .T. ) ;
#3185 = CARTESIAN_POINT ( 'NONE',  ( -0.1157057583252900500, -0.1592553138533361100, 0.07749999999999995800 ) ) ;
#3186 = CYLINDRICAL_SURFACE ( 'NONE', #5693, 0.1574803149606299200 ) ;
#3187 = ORIENTED_EDGE ( 'NONE', *, *, #4557, .F. ) ;
#3188 = EDGE_LOOP ( 'NONE', ( #3149, #2685 ) ) ;
#3189 = DIRECTION ( 'NONE',  ( -0.4330127018922226300, -0.7499999999999977800, 0.5000000000000003300 ) ) ;
#3190 = CARTESIAN_POINT ( 'NONE',  ( -0.4253254041760198800, 0.3090169943749474500, 0.1024999999999999800 ) ) ;
#3191 = DIRECTION ( 'NONE',  ( -0.7071067811865439100, 0.0000000000000000000, -0.7071067811865511300 ) ) ;
#3192 = CARTESIAN_POINT ( 'NONE',  ( 0.2960079386826365300, -0.1122992107579412600, -0.3449999999999999200 ) ) ;
#3193 = ADVANCED_FACE ( 'NONE', ( #444 ), #3805, .T. ) ;
#3194 = AXIS2_PLACEMENT_3D ( 'NONE', #3088, #3566, #5850 ) ;
#3195 = CARTESIAN_POINT ( 'NONE',  ( 0.04100000000000003600, 0.4180000000000000400, -0.3213286389632252800 ) ) ;
#3196 = CARTESIAN_POINT ( 'NONE',  ( 0.04100000000000005700, 0.4180000000000000400, -0.3686713610367745600 ) ) ;
#3197 = CARTESIAN_POINT ( 'NONE',  ( 9.184850993605148400E-017, -0.5000000000000000000, 0.1541666666666666700 ) ) ;
#3199 = EDGE_CURVE ( 'NONE', #3783, #5178, #1158, .T. ) ;
#3198 = CARTESIAN_POINT ( 'NONE',  ( 1.763966371287633000E-016, 0.4180000000000000400, 0.3923427220735491400 ) ) ;
#3200 = DIRECTION ( 'NONE',  ( 1.000000000000000000, 0.0000000000000000000, 0.0000000000000000000 ) ) ;
#3201 = FACE_OUTER_BOUND ( 'NONE', #909, .T. ) ;
#3202 = CARTESIAN_POINT ( 'NONE',  ( 0.06396057012458789000, 0.1968503937007874100, -0.09249999999999995700 ) ) ;
#3203 = CARTESIAN_POINT ( 'NONE',  ( 0.04100000000000005700, 0.4180000000000000400, -0.3686713610367745600 ) ) ;
#3204 = CARTESIAN_POINT ( 'NONE',  ( 0.4127886819215894600, -0.2781850495492271300, 0.3175879743881326300 ) ) ;
#3205 = CARTESIAN_POINT ( 'NONE',  ( 0.4584696038717568400, -0.1996966197025414300, 0.4172297800694358400 ) ) ;
#3206 = AXIS2_PLACEMENT_3D ( 'NONE', #1981, #4280, #105 ) ;
#3207 = CARTESIAN_POINT ( 'NONE',  ( 0.4535127018922184300, -0.2144929584448401500, -0.3686713610367747800 ) ) ;
#3208 = ORIENTED_EDGE ( 'NONE', *, *, #1838, .F. ) ;
#3209 = CARTESIAN_POINT ( 'NONE',  ( -0.5257311121191335900, 3.219174618344376100E-017, -0.1125000000000000000 ) ) ;
#3210 = CARTESIAN_POINT ( 'NONE',  ( -0.04099999999999999500, 0.4963374933232135900, -0.3613463476832019000 ) ) ;
#3211 = CARTESIAN_POINT ( 'NONE',  ( 0.4714826336685798400, -0.1664452743478359300, -0.3687516666912322700 ) ) ;
#3212 = ORIENTED_EDGE ( 'NONE', *, *, #5084, .T. ) ;
#3213 = ORIENTED_EDGE ( 'NONE', *, *, #4754, .F. ) ;
#3214 = ADVANCED_FACE ( 'NONE', ( #2191 ), #1914, .F. ) ;
#3215 = CARTESIAN_POINT ( 'NONE',  ( -0.1157057583252900000, 0.1592553138533361100, 0.1225000000000000400 ) ) ;
#3216 = CARTESIAN_POINT ( 'NONE',  ( 0.07362870979238615700, 0.4864247115220742800, 0.3826581981806168000 ) ) ;
#3217 = CARTESIAN_POINT ( 'NONE',  ( -0.04099999999999999500, 0.4936572779264506400, -0.3366638968226984800 ) ) ;
#3218 = CARTESIAN_POINT ( 'NONE',  ( 0.08200260135946237100, 0.4846766436865744800, -0.3233484815112825400 ) ) ;
#3219 = CARTESIAN_POINT ( 'NONE',  ( 0.1674509465259920700, -0.1216602340058848300, 0.05249999999999996300 ) ) ;
#3220 = ORIENTED_EDGE ( 'NONE', *, *, #3121, .T. ) ;
#3221 = EDGE_CURVE ( 'NONE', #659, #1748, #3936, .T. ) ;
#3222 = CARTESIAN_POINT ( 'NONE',  ( 0.06178951364795155800, 0.1869424685384558600, 0.2908321773916339200 ) ) ;
#3223 = VERTEX_POINT ( 'NONE', #2149 ) ;
#3224 = DIRECTION ( 'NONE',  ( 0.5000000000000044400, 0.8660254037844360400, 0.0000000000000000000 ) ) ;
#3225 = DIRECTION ( 'NONE',  ( 0.7071067811865475700, -0.7071067811865473500, 0.0000000000000000000 ) ) ;
#3226 = CARTESIAN_POINT ( 'NONE',  ( -0.4755282581475768200, -0.1545084971874735900, 0.09249999999999999900 ) ) ;
#3227 = DIRECTION ( 'NONE',  ( -0.5000000000000035500, -0.8660254037844366000, 0.0000000000000000000 ) ) ;
#3228 = ORIENTED_EDGE ( 'NONE', *, *, #1886, .T. ) ;
#3229 = EDGE_LOOP ( 'NONE', ( #1556, #1116 ) ) ;
#3230 = DIRECTION ( 'NONE',  ( -0.0000000000000000000, -0.0000000000000000000, -1.000000000000000000 ) ) ;
#3231 = CARTESIAN_POINT ( 'NONE',  ( -6.123233995736766000E-017, -0.5000000000000000000, 0.1625000000000000100 ) ) ;
#3232 = CARTESIAN_POINT ( 'NONE',  ( 0.3787422853762686400, -0.3133524045624605500, 0.3370191330646457600 ) ) ;
#3233 = CARTESIAN_POINT ( 'NONE',  ( -0.1872158496644003300, -0.06083011700294239200, -0.007499999999999953800 ) ) ;
#3234 = CARTESIAN_POINT ( 'NONE',  ( 0.4125127018922181100, -0.2855070415551639900, 0.3686713610367745600 ) ) ;
#3235 = EDGE_LOOP ( 'NONE', ( #3069, #688, #1837, #5249 ) ) ;
#3236 = ORIENTED_EDGE ( 'NONE', *, *, #1741, .T. ) ;
#3237 = EDGE_CURVE ( 'NONE', #354, #4433, #2494, .T. ) ;
#3238 = CARTESIAN_POINT ( 'NONE',  ( 0.1968503937007873800, 0.03117803943396380400, 0.09006271407734232900 ) ) ;
#3239 = DIRECTION ( 'NONE',  ( -0.2500000000000015000, -0.4330127018922174700, 0.8660254037844391500 ) ) ;
#3240 = FACE_OUTER_BOUND ( 'NONE', #4029, .T. ) ;
#3241 = CARTESIAN_POINT ( 'NONE',  ( -0.07105462288837588500, 0.1836060586915673500, 0.3862704031135614200 ) ) ;
#3242 = FACE_OUTER_BOUND ( 'NONE', #4911, .T. ) ;
#3243 = DIRECTION ( 'NONE',  ( 1.000000000000000000, 0.0000000000000000000, 0.0000000000000000000 ) ) ;
#3244 = ORIENTED_EDGE ( 'NONE', *, *, #1883, .F. ) ;
#3245 = DIRECTION ( 'NONE',  ( 0.7071067811865493500, 0.7071067811865458000, 8.659560562354956300E-017 ) ) ;
#3246 = CONICAL_SURFACE ( 'NONE', #2967, 0.04734272207354935800, 0.7853981633974500600 ) ;
#3247 =( BOUNDED_SURFACE ( )  B_SPLINE_SURFACE ( 1, 2, ( 
 ( #4415, #2534, #3972, #675, #2515, #1586, #1161, #169, #3476, #5286, #205, #3534, #1661, #1620, #5762, #5737, #1214, #3008, #4843, #1193, #4430, #4860, #3459, #2094, #2112, #5341, #3912, #3929, #2587, #5326, #4806 ),
 ( #4828, #2038, #2080, #2059, #5304, #2548, #5778, #3032, #698, #3948, #5871, #2619, #1733, #4485, #1755, #2689, #4955, #1247, #3151, #3112, #3177, #330, #3132, #2135, #5896, #2172, #5837, #793, #262, #3586, #285 ) ),
 .UNSPECIFIED., .F., .F., .T. ) 
 B_SPLINE_SURFACE_WITH_KNOTS ( ( 2, 2 ),
 ( 3, 2, 2, 2, 2, 2, 2, 2, 2, 2, 2, 2, 2, 2, 2, 3 ),
 ( 0.0000000000000000000, 1.000000000000000000 ),
 ( 0.0000000000000000000, 0.05000000000000000300, 0.1000000000000000100, 0.1499999999999999900, 0.2000000000000000100, 0.2500000000000000000, 0.2999999999999999900, 0.3499999999999999800, 0.4000000000000000200, 0.4500000000000000100, 0.5000000000000000000, 0.5500000000000000400, 0.5999999999999999800, 0.6500000000000000200, 0.6999999999999999600, 0.7500000000000000000 ),
 .UNSPECIFIED. ) 
 GEOMETRIC_REPRESENTATION_ITEM ( )  RATIONAL_B_SPLINE_SURFACE ( (
 ( 1.000000000000000000, 0.9510565162951535300, 1.000000000000000000, 0.9510565162951535300, 1.000000000000000000, 0.9510565162951535300, 1.000000000000000000, 0.9510565162951535300, 1.000000000000000000, 0.9510565162951535300, 1.000000000000000000, 0.9510565162951535300, 1.000000000000000000, 0.9510565162951535300, 1.000000000000000000, 0.9510565162951535300, 1.000000000000000000, 0.9510565162951535300, 1.000000000000000000, 0.9510565162951535300, 1.000000000000000000, 0.9510565162951535300, 1.000000000000000000, 0.9510565162951535300, 1.000000000000000000, 0.9510565162951535300, 1.000000000000000000, 0.9510565162951535300, 1.000000000000000000, 0.9510565162951535300, 1.000000000000000000),
 ( 1.000000000000000000, 0.9510565162951535300, 1.000000000000000000, 0.9510565162951535300, 1.000000000000000000, 0.9510565162951535300, 1.000000000000000000, 0.9510565162951535300, 1.000000000000000000, 0.9510565162951535300, 1.000000000000000000, 0.9510565162951535300, 1.000000000000000000, 0.9510565162951535300, 1.000000000000000000, 0.9510565162951535300, 1.000000000000000000, 0.9510565162951535300, 1.000000000000000000, 0.9510565162951535300, 1.000000000000000000, 0.9510565162951535300, 1.000000000000000000, 0.9510565162951535300, 1.000000000000000000, 0.9510565162951535300, 1.000000000000000000, 0.9510565162951535300, 1.000000000000000000, 0.9510565162951535300, 1.000000000000000000) ) ) 
 REPRESENTATION_ITEM ( '' )  SURFACE ( )  );
#3248 = CARTESIAN_POINT ( 'NONE',  ( 0.4377619390268856500, -0.2278163215146533600, -0.4270049947112145600 ) ) ;
#3249 = CYLINDRICAL_SURFACE ( 'NONE', #1505, 0.5000000000000000000 ) ;
#3250 = CARTESIAN_POINT ( 'NONE',  ( 0.0000000000000000000, -0.5000000000000000000, 0.1124999999999999900 ) ) ;
#3251 = EDGE_LOOP ( 'NONE', ( #5588, #2926, #1757, #838 ) ) ;
#3252 = CARTESIAN_POINT ( 'NONE',  ( 0.1574803149606299700, -0.001575846338677290500, -0.3725851773880772800 ) ) ;
#3253 = ADVANCED_FACE ( 'NONE', ( #4379 ), #3045, .F. ) ;
#3254 = LINE ( 'NONE', #328, #5758 ) ;
#3255 = EDGE_LOOP ( 'NONE', ( #3294, #1820, #1144, #657 ) ) ;
#3256 = DIRECTION ( 'NONE',  ( 0.5000000000000044400, 0.8660254037844360400, 0.0000000000000000000 ) ) ;
#3257 = ORIENTED_EDGE ( 'NONE', *, *, #4478, .T. ) ;
#3258 = CARTESIAN_POINT ( 'NONE',  ( 0.1624598481164530900, -0.5000000000000001100, -0.08249999999999997600 ) ) ;
#3259 = CARTESIAN_POINT ( 'NONE',  ( -0.4755282581475768200, -0.1545084971874736700, -0.03249999999999998000 ) ) ;
#3260 = PLANE ( 'NONE',  #3355 ) ;
#3261 = B_SPLINE_CURVE_WITH_KNOTS ( 'NONE', 3,
 ( #4420, #2576, #4891, #320, #4073, #3633, #5855, #3119, #4980, #822, #3595, #846, #4555, #2654, #1294, #3573, #800, #5408, #4963, #1787, #1705, #5366, #339, #2629, #4096, #3619, #765, #2224, #296, #4010 ),
 .UNSPECIFIED., .F., .F.,
 ( 4, 2, 2, 2, 2, 2, 2, 2, 2, 2, 2, 2, 2, 2, 4 ),
 ( 0.006635305140074530300, 0.007049153468511352800, 0.007463001796948176200, 0.007876850125384998700, 0.008290698453821821300, 0.008704546782258643800, 0.009118395110695468000, 0.009946091767569113100, 0.01035994009600593600, 0.01077378842444275800, 0.01160148508131640100, 0.01201533340975322400, 0.01242918173819004500, 0.01284303006662686600, 0.01325687839506368600 ),
 .UNSPECIFIED. ) ;
#3262 = CARTESIAN_POINT ( 'NONE',  ( 0.3824986187818946700, -0.1734929584448398300, 0.3686713610367743900 ) ) ;
#3263 = CARTESIAN_POINT ( 'NONE',  ( 0.3414986187818943600, -0.2445070415551636500, -0.3213286389632252800 ) ) ;
#3264 = EDGE_CURVE ( 'NONE', #5513, #377, #5301, .T. ) ;
#3265 = CARTESIAN_POINT ( 'NONE',  ( 0.005417651573583958900, 0.1968500711544979900, 0.4269992256906757200 ) ) ;
#3266 = CARTESIAN_POINT ( 'NONE',  ( 0.02401479298461856400, 0.4999995285385714900, -0.4353133978974381700 ) ) ;
#3267 = VECTOR ( 'NONE', #4130, 39.37007874015748900 ) ;
#3268 = CARTESIAN_POINT ( 'NONE',  ( 0.1872158496644003300, -0.06083011700294243400, 0.05749999999999996800 ) ) ;
#3269 = CARTESIAN_POINT ( 'NONE',  ( 0.04130845332225485000, 0.1925208616108412300, 0.2739656170035716400 ) ) ;
#3270 = CARTESIAN_POINT ( 'NONE',  ( -4.897910910668677100E-017, 0.5000000000000000000, -0.3449999999999999200 ) ) ;
#3271 = CARTESIAN_POINT ( 'NONE',  ( -0.1157057583252900100, -0.1592553138533361100, 0.02749999999999996200 ) ) ;
#3272 = CARTESIAN_POINT ( 'NONE',  ( -0.08200000000000008700, 0.4846770714133428200, 0.3449999999999999200 ) ) ;
#3273 = CARTESIAN_POINT ( 'NONE',  ( 0.1157057583252899800, -0.1592553138533361100, -0.07749999999999995800 ) ) ;
#3274 = FACE_OUTER_BOUND ( 'NONE', #4606, .T. ) ;
#3275 = CARTESIAN_POINT ( 'NONE',  ( 0.4480197434473803800, -0.2113215974080654400, 0.3366638968226984800 ) ) ;
#3276 = DIRECTION ( 'NONE',  ( -3.037509777412724900E-017, 1.000000000000000000, -0.0000000000000000000 ) ) ;
#3277 = CARTESIAN_POINT ( 'NONE',  ( -0.5000000000000001100, 9.626299801968714300E-017, -0.08749999999999996700 ) ) ;
#3278 = B_SPLINE_CURVE_WITH_KNOTS ( 'NONE', 1,
 ( #3363, #1463 ),
 .UNSPECIFIED., .F., .F.,
 ( 2, 2 ),
 ( 0.0000000000000000000, 1.000000000000000000 ),
 .UNSPECIFIED. ) ;
#3279 = ADVANCED_FACE ( 'NONE', ( #3654 ), #814, .T. ) ;
#3280 = CARTESIAN_POINT ( 'NONE',  ( -1.518754888706363100E-017, 0.5000000000000000000, -0.3449999999999999200 ) ) ;
#3281 = CARTESIAN_POINT ( 'NONE',  ( -0.05423386572779717600, 0.1892729879607640800, 0.4067333576630961000 ) ) ;
#3282 = DIRECTION ( 'NONE',  ( 0.7071067811865475700, -0.7071067811865473500, 0.0000000000000000000 ) ) ;
#3283 = CARTESIAN_POINT ( 'NONE',  ( -0.09160155237385177200, 0.4915375424315504000, 0.3568258063401327800 ) ) ;
#3284 = DIRECTION ( 'NONE',  ( -1.758688375849877800E-016, 1.000000000000000000, -0.0000000000000000000 ) ) ;
#3285 = CARTESIAN_POINT ( 'NONE',  ( 0.0000000000000000000, 0.5000000000000000000, 0.08749999999999999400 ) ) ;
#3286 = CARTESIAN_POINT ( 'NONE',  ( 0.4244910119189794200, -0.2450800000000020200, -0.3449999999999999200 ) ) ;
#3287 = VERTEX_POINT ( 'NONE', #198 ) ;
#3288 = CARTESIAN_POINT ( 'NONE',  ( 0.08200000000000004500, 0.4901600000000000400, -0.3449999999999999200 ) ) ;
#3289 = CARTESIAN_POINT ( 'NONE',  ( 0.4654910119189797400, -0.1740659168896781800, 0.3449999999999999200 ) ) ;
#3290 = ORIENTED_EDGE ( 'NONE', *, *, #315, .F. ) ;
#3291 = CARTESIAN_POINT ( 'NONE',  ( 0.4229428799835938700, -0.2534818408724106000, 0.2629957401378129100 ) ) ;
#3292 = CARTESIAN_POINT ( 'NONE',  ( 0.1872158496644003300, 0.06083011700294239200, -0.1325000000000000300 ) ) ;
#3293 = CARTESIAN_POINT ( 'NONE',  ( 0.1624598481164531700, 0.5000000000000000000, -0.1174999999999999800 ) ) ;
#3294 = ORIENTED_EDGE ( 'NONE', *, *, #2694, .T. ) ;
#3295 = EDGE_CURVE ( 'NONE', #2274, #3901, #1554, .T. ) ;
#3296 = ORIENTED_EDGE ( 'NONE', *, *, #1071, .F. ) ;
#3297 = DIRECTION ( 'NONE',  ( 0.8660254037844364900, -0.5000000000000040000, 0.0000000000000000000 ) ) ;
#3298 = ORIENTED_EDGE ( 'NONE', *, *, #3528, .F. ) ;
#3299 = CARTESIAN_POINT ( 'NONE',  ( -0.08144496081674884600, 0.1792153693744796000, 0.3559356452571643700 ) ) ;
#3300 = EDGE_CURVE ( 'NONE', #1615, #1617, #1693, .T. ) ;
#3301 = CARTESIAN_POINT ( 'NONE',  ( -4.897910910668677100E-017, 0.5000000000000000000, -0.3449999999999999200 ) ) ;
#3302 = ORIENTED_EDGE ( 'NONE', *, *, #3199, .T. ) ;
#3303 = ORIENTED_EDGE ( 'NONE', *, *, #5318, .F. ) ;
#3304 = CARTESIAN_POINT ( 'NONE',  ( -4.897910910668677100E-017, 0.5000000000000000000, 0.3449999999999999200 ) ) ;
#3305 = CARTESIAN_POINT ( 'NONE',  ( -0.04099999999999999500, 0.4180000000000000400, 0.3213286389632252800 ) ) ;
#3306 = CARTESIAN_POINT ( 'NONE',  ( 0.1674509465259920700, -0.1216602340058848300, -0.07249999999999995300 ) ) ;
#3307 = ADVANCED_FACE ( 'NONE', ( #5083 ), #3944, .F. ) ;
#3308 = FACE_OUTER_BOUND ( 'NONE', #2281, .T. ) ;
#3309 = CARTESIAN_POINT ( 'NONE',  ( 0.4419709898605880800, -0.2231461173346031000, 0.3763297457558414900 ) ) ;
#3310 = VERTEX_POINT ( 'NONE', #4897 ) ;
#3311 = PERSON_AND_ORGANIZATION ( #4724, #4453 ) ;
#3312 = CARTESIAN_POINT ( 'NONE',  ( -4.897910910668677100E-017, 0.5000000000000000000, -0.3449999999999999200 ) ) ;
#3313 = VERTEX_POINT ( 'NONE', #3943 ) ;
#3314 = CARTESIAN_POINT ( 'NONE',  ( 0.1674509465259921000, -0.1216602340058848300, -0.07249999999999995300 ) ) ;
#3315 = CARTESIAN_POINT ( 'NONE',  ( -6.123233995736766000E-017, -0.5000000000000000000, -0.01249999999999996900 ) ) ;
#3316 = AXIS2_PLACEMENT_3D ( 'NONE', #2539, #3414, #2525 ) ;
#3317 = VECTOR ( 'NONE', #1439, 39.37007874015747400 ) ;
#3318 = CIRCLE ( 'NONE', #4686, 0.1968503937007874100 ) ;
#3319 = ORIENTED_EDGE ( 'NONE', *, *, #3390, .T. ) ;
#3320 = CARTESIAN_POINT ( 'NONE',  ( -0.07768116207603027700, 0.1370082338342666900, -0.3181997457992544200 ) ) ;
#3321 = DIRECTION ( 'NONE',  ( 0.8660254037844362700, -0.5000000000000038900, 0.0000000000000000000 ) ) ;
#3322 = CARTESIAN_POINT ( 'NONE',  ( -0.08924928150133394600, 0.4919934587216136000, 0.3683512057245606500 ) ) ;
#3323 = CIRCLE ( 'NONE', #3076, 0.08200000000000005900 ) ;
#3324 =( BOUNDED_CURVE ( )  B_SPLINE_CURVE ( 2, ( #4772, #5291, #5744, #4382, #578 ),
 .UNSPECIFIED., .F., .F. ) 
 B_SPLINE_CURVE_WITH_KNOTS ( ( 3, 2, 3 ),
 ( 0.08327224239572420000, 0.1000000000000000100, 0.1250000000000000300 ),
 .UNSPECIFIED. ) 
 CURVE ( )  GEOMETRIC_REPRESENTATION_ITEM ( )  RATIONAL_B_SPLINE_CURVE ( ( 0.9782076199945165500, 0.9836257053655301800, 1.000000000000000000, 0.9755282581475768200, 0.9755282581475768200 ) ) 
 REPRESENTATION_ITEM ( '' )  );
#3325 = ORIENTED_EDGE ( 'NONE', *, *, #4916, .T. ) ;
#3326 = VERTEX_POINT ( 'NONE', #1686 ) ;
#3327 = DATE_TIME_ROLE ( 'classification_date' ) ;
#3328 = CARTESIAN_POINT ( 'NONE',  ( 0.01326471143733297900, 0.4943311636223254300, 0.3846843373544822600 ) ) ;
#3329 = CARTESIAN_POINT ( 'NONE',  ( 0.1157057583252900500, 0.1592553138533361100, 0.07749999999999995800 ) ) ;
#3330 = FACE_OUTER_BOUND ( 'NONE', #304, .T. ) ;
#3331 = ORIENTED_EDGE ( 'NONE', *, *, #4025, .F. ) ;
#3332 = ORIENTED_EDGE ( 'NONE', *, *, #2398, .T. ) ;
#3333 = CARTESIAN_POINT ( 'NONE',  ( 0.008050273601703536100, 0.4930201988517243200, 0.2629957401378128500 ) ) ;
#3334 = CIRCLE ( 'NONE', #2835, 0.04734272207354933700 ) ;
#3335 = CARTESIAN_POINT ( 'NONE',  ( 0.1157057583252900500, 0.1592553138533361100, -0.04749999999999995200 ) ) ;
#3336 = DIRECTION ( 'NONE',  ( 1.000000000000000000, -1.224646799147352200E-016, 0.0000000000000000000 ) ) ;
#3337 = CARTESIAN_POINT ( 'NONE',  ( -0.5000000000000001100, 3.500472655261351000E-017, 0.01249999999999999700 ) ) ;
#3338 = FACE_OUTER_BOUND ( 'NONE', #3366, .T. ) ;
#3339 = ADVANCED_FACE ( 'NONE', ( #3308 ), #1226, .T. ) ;
#3340 = CARTESIAN_POINT ( 'NONE',  ( 0.4330127018922182400, -0.2500000000000020000, -0.3449999999999999200 ) ) ;
#3341 = EDGE_CURVE ( 'NONE', #5788, #4648, #4237, .T. ) ;
#3342 = CARTESIAN_POINT ( 'NONE',  ( 0.0000000000000000000, 0.0000000000000000000, 0.4999999999999999400 ) ) ;
#3343 = APPROVAL_STATUS ( 'not_yet_approved' ) ;
#3344 = EDGE_CURVE ( 'NONE', #3107, #3901, #145, .T. ) ;
#3345 = CARTESIAN_POINT ( 'NONE',  ( 0.1624598481164531700, 0.5000000000000000000, 0.1324999999999999800 ) ) ;
#3346 = CARTESIAN_POINT ( 'NONE',  ( 0.4330127018922199100, -0.2499999999999990000, 0.004191306063588620200 ) ) ;
#3347 = CARTESIAN_POINT ( 'NONE',  ( 0.4396048133174910700, -0.2259144557467324100, 0.3783969712939596600 ) ) ;
#3348 = AXIS2_PLACEMENT_3D ( 'NONE', #4496, #1244, #1284 ) ;
#3349 = CARTESIAN_POINT ( 'NONE',  ( 0.1872158496644003300, -0.06083011700294243400, -0.06749999999999994900 ) ) ;
#3351 = EDGE_CURVE ( 'NONE', #2490, #6013, #2336, .T. ) ;
#3350 = CARTESIAN_POINT ( 'NONE',  ( 0.4359500644175490200, -0.2322446665303389000, 0.3073828881836357900 ) ) ;
#3352 = CARTESIAN_POINT ( 'NONE',  ( 0.0000000000000000000, -0.3484251968503936900, -0.1374999999999999600 ) ) ;
#3353 = DIRECTION ( 'NONE',  ( -0.9659258262890694200, -0.2588190451025164700, 0.0000000000000000000 ) ) ;
#3354 =( BOUNDED_CURVE ( )  B_SPLINE_CURVE ( 2, ( #5191, #1999, #2485, #526, #1656, #650, #3003 ),
 .UNSPECIFIED., .F., .T. ) 
 B_SPLINE_CURVE_WITH_KNOTS ( ( 3, 2, 2, 3 ),
 ( 0.6250000000000000000, 0.6500000000000000200, 0.6999999999999999600, 0.7500000000000000000 ),
 .UNSPECIFIED. ) 
 CURVE ( )  GEOMETRIC_REPRESENTATION_ITEM ( )  RATIONAL_B_SPLINE_CURVE ( ( 0.9755282581475768200, 0.9755282581475768200, 1.000000000000000000, 0.9510565162951535300, 1.000000000000000000, 0.9510565162951535300, 1.000000000000000000 ) ) 
 REPRESENTATION_ITEM ( '' )  );
#3355 = AXIS2_PLACEMENT_3D ( 'NONE', #6035, #488, #436 ) ;
#3356 = CARTESIAN_POINT ( 'NONE',  ( 9.184850993605148400E-017, -0.5000000000000000000, -0.004166666666666644900 ) ) ;
#3357 = DIRECTION ( 'NONE',  ( -0.5000000000000041100, -0.8660254037844362700, 0.0000000000000000000 ) ) ;
#3358 = VERTEX_POINT ( 'NONE', #5350 ) ;
#3359 = DIRECTION ( 'NONE',  ( 0.8660254037844364900, -0.5000000000000038900, 0.0000000000000000000 ) ) ;
#3360 = ORIENTED_EDGE ( 'NONE', *, *, #4781, .F. ) ;
#3361 = DIRECTION ( 'NONE',  ( 0.4330127018922227400, 0.7499999999999978900, -0.5000000000000000000 ) ) ;
#3362 = CARTESIAN_POINT ( 'NONE',  ( -0.4253254041760198800, -0.3090169943749474000, 0.1225000000000000000 ) ) ;
#3363 = CARTESIAN_POINT ( 'NONE',  ( 6.123233995736766000E-017, 0.5000000000000000000, -0.01249999999999996900 ) ) ;
#3364 = CARTESIAN_POINT ( 'NONE',  ( 0.3973842882177887100, -0.2908471194806815400, 0.4077729848796041700 ) ) ;
#3365 = ADVANCED_FACE ( 'NONE', ( #4661 ), #5882, .T. ) ;
#3366 = EDGE_LOOP ( 'NONE', ( #760, #4636, #5955, #3721 ) ) ;
#3367 = EDGE_LOOP ( 'NONE', ( #3801, #5796, #2418, #5390 ) ) ;
#3368 = CARTESIAN_POINT ( 'NONE',  ( -0.08200000000000001700, 0.3125000000000000000, 0.3450000000000004700 ) ) ;
#3369 = CARTESIAN_POINT ( 'NONE',  ( -0.1624598481164531400, -0.5000000000000000000, 0.1574999999999999700 ) ) ;
#3370 = CARTESIAN_POINT ( 'NONE',  ( 0.4535127018922184800, -0.2144929584448400700, 0.3213286389632253300 ) ) ;
#3371 = PLANE ( 'NONE',  #200 ) ;
#3372 = EDGE_LOOP ( 'NONE', ( #1911, #5498 ) ) ;
#3373 = EDGE_CURVE ( 'NONE', #359, #1490, #4800, .T. ) ;
#3374 = ORIENTED_EDGE ( 'NONE', *, *, #4174, .F. ) ;
#3375 = CARTESIAN_POINT ( 'NONE',  ( 0.5000000000000001100, -9.626299801968714300E-017, 0.08750000000000000800 ) ) ;
#3376 = VECTOR ( 'NONE', #5137, 39.37007874015748100 ) ;
#3377 = ORIENTED_EDGE ( 'NONE', *, *, #171, .F. ) ;
#3378 = CARTESIAN_POINT ( 'NONE',  ( 0.1283229340770083400, -0.1493094342646794100, 0.2949138058879655600 ) ) ;
#3379 = ORIENTED_EDGE ( 'NONE', *, *, #3528, .T. ) ;
#3380 = CARTESIAN_POINT ( 'NONE',  ( -0.04100000000000009200, 0.5000000000000000000, 0.3213286389632253300 ) ) ;
#3381 = EDGE_CURVE ( 'NONE', #3539, #2051, #4766, .T. ) ;
#3382 = DATE_TIME_ROLE ( 'creation_date' ) ;
#3383 = VECTOR ( 'NONE', #1516, 39.37007874015748100 ) ;
#3384 = CARTESIAN_POINT ( 'NONE',  ( 0.4755282581475767700, -0.1545084971874737300, -0.1174999999999999800 ) ) ;
#3385 = CARTESIAN_POINT ( 'NONE',  ( 0.4330127018922182400, -0.2500000000000020000, 0.3449999999999999200 ) ) ;
#3386 = CONICAL_SURFACE ( 'NONE', #228, 0.04734272207354933700, 0.7853981633974500600 ) ;
#3387 = CARTESIAN_POINT ( 'NONE',  ( 0.4137131613489534200, -0.2707073537885730800, 0.3764177477153185500 ) ) ;
#3388 = ORIENTED_EDGE ( 'NONE', *, *, #863, .F. ) ;
#3389 = DIRECTION ( 'NONE',  ( -1.000000000000000000, 0.0000000000000000000, 0.0000000000000000000 ) ) ;
#3390 = EDGE_CURVE ( 'NONE', #365, #1043, #966, .T. ) ;
#3391 = EDGE_CURVE ( 'NONE', #4171, #4035, #3587, .T. ) ;
#3392 = CARTESIAN_POINT ( 'NONE',  ( 0.02773528856266705200, 0.4943311636223253800, 0.3136702542441583400 ) ) ;
#3393 = CIRCLE ( 'NONE', #1597, 0.04734272207354933700 ) ;
#3394 = CARTESIAN_POINT ( 'NONE',  ( 0.1157057583252900500, 0.1592553138533361100, -0.04749999999999995200 ) ) ;
#3395 = LINE ( 'NONE', #3604, #5823 ) ;
#3396 = ORIENTED_EDGE ( 'NONE', *, *, #5714, .T. ) ;
#3397 = CARTESIAN_POINT ( 'NONE',  ( -0.06396057012458784800, 0.1968503937007874400, 0.01750000000000003600 ) ) ;
#3398 = B_SPLINE_CURVE_WITH_KNOTS ( 'NONE', 3,
 ( #548, #2507, #1068, #668, #2481, #5223, #4351, #1086, #4369, #2527, #1580, #3866, #5728, #5697, #5757, #2984, #5712, #4746 ),
 .UNSPECIFIED., .F., .F.,
 ( 4, 2, 2, 2, 2, 2, 2, 2, 4 ),
 ( 0.0000000000000000000, 0.06249999999999984700, 0.1249999999999998600, 0.1874999999999998600, 0.2499999999999998900, 0.3124999999999998900, 0.3749999999999998900, 0.4374999999999999400, 0.5000000000000000000 ),
 .UNSPECIFIED. ) ;
#3399 = LINE ( 'NONE', #3195, #3746 ) ;
#3400 = ORIENTED_EDGE ( 'NONE', *, *, #2461, .T. ) ;
#3401 = EDGE_CURVE ( 'NONE', #1419, #3639, #208, .T. ) ;
#3402 = EDGE_LOOP ( 'NONE', ( #275, #720, #3145, #4650, #1609, #3468, #1268 ) ) ;
#3403 = ADVANCED_FACE ( 'NONE', ( #4512 ), #3638, .F. ) ;
#3404 = DIRECTION ( 'NONE',  ( 0.8660254037844364900, -0.5000000000000040000, 0.0000000000000000000 ) ) ;
#3405 = CARTESIAN_POINT ( 'NONE',  ( -0.1968503937007873800, -0.03117803943396380400, -0.05993728592265764500 ) ) ;
#3406 = CARTESIAN_POINT ( 'NONE',  ( 0.1959824445707197800, -0.01846507298224822300, 0.3395135121896399900 ) ) ;
#3407 = CIRCLE ( 'NONE', #188, 0.05074999999999988500 ) ;
#3408 = AXIS2_PLACEMENT_3D ( 'NONE', #2046, #192, #4403 ) ;
#3409 = CARTESIAN_POINT ( 'NONE',  ( -0.2938926261462366200, -0.4045084971874736100, -0.02249999999999996400 ) ) ;
#3410 = CARTESIAN_POINT ( 'NONE',  ( 0.1968503937007873800, 5.907047605753529800E-017, -0.1124999999999999500 ) ) ;
#3411 = CARTESIAN_POINT ( 'NONE',  ( -5.549066237130535000E-017, 0.5000000000000000000, 0.2976572779264505800 ) ) ;
#3412 = CARTESIAN_POINT ( 'NONE',  ( 0.4229340005407943300, -0.2534984770787533400, 0.4270040830975745400 ) ) ;
#3413 = LINE ( 'NONE', #4552, #2898 ) ;
#3414 = DIRECTION ( 'NONE',  ( 9.795821821337355400E-017, -1.000000000000000000, -0.0000000000000000000 ) ) ;
#3415 = EDGE_CURVE ( 'NONE', #3655, #1854, #3011, .T. ) ;
#3416 = DIRECTION ( 'NONE',  ( -1.000000000000000000, -1.758688375849877300E-016, 0.0000000000000000000 ) ) ;
#3417 = CARTESIAN_POINT ( 'NONE',  ( 0.06396057012458793200, 0.1968503937007874400, 0.1075000000000000100 ) ) ;
#3418 = CARTESIAN_POINT ( 'NONE',  ( -2.134256245050205600E-017, 0.5000000000000000000, -0.3923427220735493100 ) ) ;
#3419 = LINE ( 'NONE', #780, #4195 ) ;
#3420 = PLANE ( 'NONE',  #1560 ) ;
#3421 = EDGE_CURVE ( 'NONE', #6013, #3808, #5952, .T. ) ;
#3422 = CARTESIAN_POINT ( 'NONE',  ( 0.1949242887044613800, -0.02756107905917699500, 0.3084385707018180700 ) ) ;
#3423 = CARTESIAN_POINT ( 'NONE',  ( 0.4503093278685279500, -0.2163424272997327100, -0.3705208298916670100 ) ) ;
#3424 = EDGE_CURVE ( 'NONE', #2267, #659, #2072, .T. ) ;
#3425 = CARTESIAN_POINT ( 'NONE',  ( -0.1968503937007873800, 1.093897704769172200E-017, -0.1375000000000000400 ) ) ;
#3426 = CARTESIAN_POINT ( 'NONE',  ( -3.131222696365948300E-017, 0.4180000000000000400, -0.2976572779264506400 ) ) ;
#3427 = CARTESIAN_POINT ( 'NONE',  ( 0.4330127018922182400, -0.2500000000000020000, 0.3923427220735493100 ) ) ;
#3428 = ADVANCED_FACE ( 'NONE', ( #2416 ), #3453, .F. ) ;
#3429 =( BOUNDED_CURVE ( )  B_SPLINE_CURVE ( 2, ( #3973, #3536, #3490, #1216, #713 ),
 .UNSPECIFIED., .F., .F. ) 
 B_SPLINE_CURVE_WITH_KNOTS ( ( 3, 2, 3 ),
 ( 0.08327224239572411600, 0.1000000000000000100, 0.1250000000000000000 ),
 .UNSPECIFIED. ) 
 CURVE ( )  GEOMETRIC_REPRESENTATION_ITEM ( )  RATIONAL_B_SPLINE_CURVE ( ( 0.9782076199945163300, 0.9836257053655299600, 1.000000000000000000, 0.9755282581475768200, 0.9755282581475768200 ) ) 
 REPRESENTATION_ITEM ( '' )  );
#3430 = DIRECTION ( 'NONE',  ( 1.000000000000000000, 0.0000000000000000000, 0.0000000000000000000 ) ) ;
#3431 = CARTESIAN_POINT ( 'NONE',  ( 0.0000000000000000000, 0.1968503937007874100, 0.01250000000000003700 ) ) ;
#3433 = EDGE_CURVE ( 'NONE', #5661, #5501, #1256, .T. ) ;
#3432 = CARTESIAN_POINT ( 'NONE',  ( 0.1872158496644003300, 0.06083011700294239200, 0.01749999999999996400 ) ) ;
#3434 = ORIENTED_EDGE ( 'NONE', *, *, #4637, .T. ) ;
#3435 = CARTESIAN_POINT ( 'NONE',  ( -0.1968503937007873800, 3.281693114307516800E-017, -0.08750000000000003600 ) ) ;
#3436 = B_SPLINE_CURVE_WITH_KNOTS ( 'NONE', 3,
 ( #929, #4152, #5113, #2313, #490, #6016, #3775, #5151 ),
 .UNSPECIFIED., .F., .F.,
 ( 4, 2, 2, 4 ),
 ( 2.544393206646696300E-007, 0.0003107880854811356700, 0.0006213217316416066600, 0.001242389023962550300 ),
 .UNSPECIFIED. ) ;
#3437 = VERTEX_POINT ( 'NONE', #479 ) ;
#3438 = AXIS2_PLACEMENT_3D ( 'NONE', #2223, #5446, #406 ) ;
#3439 = ORIENTED_EDGE ( 'NONE', *, *, #2981, .F. ) ;
#3440 = CARTESIAN_POINT ( 'NONE',  ( 0.1281487236146410800, -0.1496338181150409200, 0.3954566420961621000 ) ) ;
#3441 = CARTESIAN_POINT ( 'NONE',  ( 0.1398342620700883400, -0.1386255734796846600, 0.2798951643196551100 ) ) ;
#3442 = ORIENTED_EDGE ( 'NONE', *, *, #1257, .T. ) ;
#3443 = CARTESIAN_POINT ( 'NONE',  ( 0.2938926261462365700, -0.4045084971874737300, -0.02749999999999997900 ) ) ;
#3444 = VERTEX_POINT ( 'NONE', #5497 ) ;
#3445 = DIRECTION ( 'NONE',  ( 0.5000000000000044400, 0.8660254037844360400, 0.0000000000000000000 ) ) ;
#3446 = DIRECTION ( 'NONE',  ( -9.795821821337355400E-017, 1.000000000000000000, -0.0000000000000000000 ) ) ;
#3447 = CARTESIAN_POINT ( 'NONE',  ( 0.0000000000000000000, -0.1968503937007874100, -0.1625000000000000100 ) ) ;
#3448 = ORIENTED_EDGE ( 'NONE', *, *, #2755, .T. ) ;
#3449 = CARTESIAN_POINT ( 'NONE',  ( -0.1968503937007873800, 0.03117803943396386900, 0.08493728592265774300 ) ) ;
#3450 = ORIENTED_EDGE ( 'NONE', *, *, #465, .F. ) ;
#3451 = CARTESIAN_POINT ( 'NONE',  ( -0.2069807528028085300, 1.267391582025345100E-017, 0.1375000000000000100 ) ) ;
#3452 = CARTESIAN_POINT ( 'NONE',  ( 0.4330127018922182400, -0.2500000000000020000, 0.3449999999999999200 ) ) ;
#3453 = CYLINDRICAL_SURFACE ( 'NONE', #3005, 0.08200000000000007300 ) ;
#3454 = EDGE_CURVE ( 'NONE', #5021, #5159, #286, .T. ) ;
#3455 = ORIENTED_EDGE ( 'NONE', *, *, #4840, .T. ) ;
#3456 = EDGE_LOOP ( 'NONE', ( #5869, #1671, #1852, #3584 ) ) ;
#3457 = B_SPLINE_CURVE_WITH_KNOTS ( 'NONE', 3,
 ( #3231, #3197, #353, #2738 ),
 .UNSPECIFIED., .F., .F.,
 ( 4, 4 ),
 ( 0.0000000000000000000, 1.000000000000000000 ),
 .UNSPECIFIED. ) ;
#3458 = CARTESIAN_POINT ( 'NONE',  ( 0.1163704542992609500, -0.1587745794444691000, 0.3664957914607170900 ) ) ;
#3459 = CARTESIAN_POINT ( 'NONE',  ( 0.2938926261462365700, -0.4045084971874737300, 0.1225000000000000100 ) ) ;
#3460 = FACE_OUTER_BOUND ( 'NONE', #5834, .T. ) ;
#3461 = CARTESIAN_POINT ( 'NONE',  ( 0.08200000000000005900, 0.1344472000455911000, -0.3395500370282968900 ) ) ;
#3462 = FACE_OUTER_BOUND ( 'NONE', #5740, .T. ) ;
#3463 = ORIENTED_EDGE ( 'NONE', *, *, #595, .F. ) ;
#3464 = DIRECTION ( 'NONE',  ( -0.0000000000000000000, -0.0000000000000000000, -1.000000000000000000 ) ) ;
#3465 = CARTESIAN_POINT ( 'NONE',  ( -0.4253254041760198800, 0.3090169943749474500, -0.07249999999999998100 ) ) ;
#3466 = CARTESIAN_POINT ( 'NONE',  ( 0.08200000014553582300, 0.4846770712601788900, 0.3449999999989076800 ) ) ;
#3467 = VECTOR ( 'NONE', #4972, 39.37007874015748100 ) ;
#3468 = ORIENTED_EDGE ( 'NONE', *, *, #4790, .F. ) ;
#3469 = CARTESIAN_POINT ( 'NONE',  ( 0.4253254041760198800, 0.3090169943749474000, -0.02749999999999997900 ) ) ;
#3470 = ORIENTED_EDGE ( 'NONE', *, *, #824, .T. ) ;
#3471 = DIRECTION ( 'NONE',  ( -0.8660254037844364900, 0.5000000000000038900, 0.0000000000000000000 ) ) ;
#3472 = FACE_OUTER_BOUND ( 'NONE', #4816, .T. ) ;
#3473 = EDGE_LOOP ( 'NONE', ( #1095, #1681, #59, #2715 ) ) ;
#3474 = CARTESIAN_POINT ( 'NONE',  ( 0.1968503937007873800, 5.907047605753529800E-017, 0.01249999999999996800 ) ) ;
#3475 = CARTESIAN_POINT ( 'NONE',  ( 0.1945348225598218500, -0.03026792086812785500, 0.3862704031135615900 ) ) ;
#3476 = CARTESIAN_POINT ( 'NONE',  ( 0.2938926261462366200, 0.4045084971874736100, 0.05250000000000000500 ) ) ;
#3477 =( BOUNDED_CURVE ( )  B_SPLINE_CURVE ( 2, ( #856, #3686, #2375, #1878, #2855, #4252, #1021 ),
 .UNSPECIFIED., .F., .F. ) 
 B_SPLINE_CURVE_WITH_KNOTS ( ( 3, 2, 2, 3 ),
 ( 0.6250000000000000000, 0.6500000000000000200, 0.6999999999999999600, 0.7500000000000000000 ),
 .UNSPECIFIED. ) 
 CURVE ( )  GEOMETRIC_REPRESENTATION_ITEM ( )  RATIONAL_B_SPLINE_CURVE ( ( 0.9755282581475768200, 0.9755282581475768200, 1.000000000000000000, 0.9510565162951535300, 1.000000000000000000, 0.9510565162951535300, 1.000000000000000000 ) ) 
 REPRESENTATION_ITEM ( '' )  );
#3478 = DIRECTION ( 'NONE',  ( -0.0000000000000000000, -0.0000000000000000000, -1.000000000000000000 ) ) ;
#3479 = VECTOR ( 'NONE', #3361, 39.37007874015748900 ) ;
#3480 = CARTESIAN_POINT ( 'NONE',  ( 0.4450686089038021800, -0.2291191931102359900, 0.2546760282106665900 ) ) ;
#3481 = CARTESIAN_POINT ( 'NONE',  ( 0.04100000000000005700, 0.4180000000000000400, 0.3686713610367745600 ) ) ;
#3482 = DIRECTION ( 'NONE',  ( -1.000000000000000000, 0.0000000000000000000, 0.0000000000000000000 ) ) ;
#3483 = FACE_OUTER_BOUND ( 'NONE', #3372, .T. ) ;
#3484 = EDGE_CURVE ( 'NONE', #2641, #4721, #1118, .T. ) ;
#3485 = DIRECTION ( 'NONE',  ( 0.0000000000000000000, 0.0000000000000000000, -1.000000000000000000 ) ) ;
#3486 = CARTESIAN_POINT ( 'NONE',  ( 0.0000000000000000000, -0.1968503937007874100, -0.1499999999999999900 ) ) ;
#3487 = EDGE_CURVE ( 'NONE', #1179, #1630, #2054, .T. ) ;
#3488 = CARTESIAN_POINT ( 'NONE',  ( 0.1144726130863681900, -0.1601482768085970800, 0.3558739097818358600 ) ) ;
#3489 = CARTESIAN_POINT ( 'NONE',  ( 0.4070201979951537700, -0.2823359429516687500, 0.3533394504723061900 ) ) ;
#3490 = CARTESIAN_POINT ( 'NONE',  ( -0.1872158496644003300, 0.06083011700294241300, 0.007499999999999962400 ) ) ;
#3491 = CLOSED_SHELL ( 'NONE', ( #4475, #6007, #4298, #1074, #2719, #3924, #918, #3, #3756, #1670, #1953, #5707, #2776, #5915, #5848, #1926, #4142, #2819, #5523, #2374, #3038, #4888 ) ) ;
#3492 = EDGE_CURVE ( 'NONE', #2628, #5173, #5269, .T. ) ;
#3493 = CARTESIAN_POINT ( 'NONE',  ( 0.1872158496644003300, 0.06083011700294239200, -0.007499999999999953800 ) ) ;
#3494 = CARTESIAN_POINT ( 'NONE',  ( 0.4467103304422424000, -0.2084545938573848200, 0.2718495292820867200 ) ) ;
#3495 =( BOUNDED_CURVE ( )  B_SPLINE_CURVE ( 2, ( #2676, #5003, #5388, #2697, #3185, #4034, #2606, #5918, #1255, #3100, #4535, #4490, #270 ),
 .UNSPECIFIED., .F., .F. ) 
 B_SPLINE_CURVE_WITH_KNOTS ( ( 3, 2, 2, 2, 2, 2, 3 ),
 ( 0.3750000000000000000, 0.4000000000000000200, 0.4500000000000000100, 0.5000000000000000000, 0.5500000000000000400, 0.5999999999999999800, 0.6250000000000000000 ),
 .UNSPECIFIED. ) 
 CURVE ( )  GEOMETRIC_REPRESENTATION_ITEM ( )  RATIONAL_B_SPLINE_CURVE ( ( 0.9755282581475768200, 0.9755282581475768200, 1.000000000000000000, 0.9510565162951535300, 1.000000000000000000, 0.9510565162951535300, 1.000000000000000000, 0.9510565162951535300, 1.000000000000000000, 0.9510565162951535300, 1.000000000000000000, 0.9755282581475768200, 0.9755282581475768200 ) ) 
 REPRESENTATION_ITEM ( '' )  );
#3496 = CARTESIAN_POINT ( 'NONE',  ( 2.410722045565656100E-017, 0.1968503937007874100, -0.01250000000000000200 ) ) ;
#3497 = ORIENTED_EDGE ( 'NONE', *, *, #1960, .T. ) ;
#3498 = ORIENTED_EDGE ( 'NONE', *, *, #2052, .F. ) ;
#3499 = CARTESIAN_POINT ( 'NONE',  ( 0.04100000000000005700, 0.4180000000000000400, -0.3686713610367745600 ) ) ;
#3500 = CARTESIAN_POINT ( 'NONE',  ( -0.1968503937007873800, 0.03117803943396384200, -0.01506271407734224200 ) ) ;
#3501 = CARTESIAN_POINT ( 'NONE',  ( 0.1157057583252900000, -0.1592553138533361100, 0.09749999999999996200 ) ) ;
#3502 = CARTESIAN_POINT ( 'NONE',  ( -0.08199818773084068000, 0.4846773462961148600, -0.3665640001638629200 ) ) ;
#3503 = CARTESIAN_POINT ( 'NONE',  ( 1.229195698559069900E-017, 0.3437500000000000600, -0.3449999999999999200 ) ) ;
#3504 = VERTEX_POINT ( 'NONE', #3305 ) ;
#3505 = CARTESIAN_POINT ( 'NONE',  ( -0.5000000000000001100, 3.500472655261351000E-017, 0.01249999999999999700 ) ) ;
#3506 = ORIENTED_EDGE ( 'NONE', *, *, #4924, .F. ) ;
#3507 = AXIS2_PLACEMENT_3D ( 'NONE', #93, #4222, #4681 ) ;
#3508 = CARTESIAN_POINT ( 'NONE',  ( 0.0000000000000000000, -0.1968503937007874100, -0.1374999999999999600 ) ) ;
#3509 = VERTEX_POINT ( 'NONE', #915 ) ;
#3510 = CARTESIAN_POINT ( 'NONE',  ( 0.1968503937007873800, 5.907047605753529800E-017, 0.03750000000000004000 ) ) ;
#3511 = CARTESIAN_POINT ( 'NONE',  ( 0.4093412053339688900, -0.2836759771635247700, 0.3613471034702178700 ) ) ;
#3512 = CARTESIAN_POINT ( 'NONE',  ( 0.1481428353101155400, -0.05361607979285282900, -0.2676449051560737500 ) ) ;
#3513 = ORIENTED_EDGE ( 'NONE', *, *, #5997, .F. ) ;
#3514 = LINE ( 'NONE', #4182, #2942 ) ;
#3515 = CARTESIAN_POINT ( 'NONE',  ( -0.2938926261462366800, -0.4045084971874736100, -0.04749999999999998700 ) ) ;
#3516 = CARTESIAN_POINT ( 'NONE',  ( 0.3848828742792038100, -0.3066595094607941800, 0.3878422549389333700 ) ) ;
#3517 = ORIENTED_EDGE ( 'NONE', *, *, #3064, .T. ) ;
#3518 = CARTESIAN_POINT ( 'NONE',  ( -0.4253254041760198800, -0.3090169943749473400, 0.04750000000000000700 ) ) ;
#3519 = VERTEX_POINT ( 'NONE', #5119 ) ;
#3520 = CIRCLE ( 'NONE', #5889, 0.05074999999999988500 ) ;
#3521 = CARTESIAN_POINT ( 'NONE',  ( 0.4714834044339402100, -0.1664433817950765600, -0.3450000000000000300 ) ) ;
#3522 = FACE_OUTER_BOUND ( 'NONE', #3113, .T. ) ;
#3523 = CARTESIAN_POINT ( 'NONE',  ( 0.1157057583252900100, 0.1592553138533361100, 0.02749999999999996200 ) ) ;
#3524 = VERTEX_POINT ( 'NONE', #4600 ) ;
#3525 = CARTESIAN_POINT ( 'NONE',  ( 0.1574666214343335700, 0.002174542665477210000, -0.3604959627722561500 ) ) ;
#3526 = CARTESIAN_POINT ( 'NONE',  ( 0.06396057012458789000, 0.1968503937007874100, 0.1324999999999999500 ) ) ;
#3527 = CARTESIAN_POINT ( 'NONE',  ( -0.08200000000000008700, 0.5000000000000000000, 0.3449999999999999200 ) ) ;
#3528 = EDGE_CURVE ( 'NONE', #2990, #2251, #1944, .T. ) ;
#3529 = CIRCLE ( 'NONE', #2312, 0.04734272207354933700 ) ;
#3530 = FACE_BOUND ( 'NONE', #4573, .T. ) ;
#3531 = VERTEX_POINT ( 'NONE', #1345 ) ;
#3532 = VERTEX_POINT ( 'NONE', #5987 ) ;
#3533 = CARTESIAN_POINT ( 'NONE',  ( 0.1968503937007873800, 5.907047605753529800E-017, -0.1124999999999999500 ) ) ;
#3535 = EDGE_CURVE ( 'NONE', #2490, #4992, #1479, .T. ) ;
#3534 = CARTESIAN_POINT ( 'NONE',  ( -0.1624598481164530900, 0.5000000000000001100, 0.06749999999999999100 ) ) ;
#3536 = CARTESIAN_POINT ( 'NONE',  ( -0.1808223467356835400, 0.08050729571153580900, 0.005882612127176900700 ) ) ;
#3537 = VECTOR ( 'NONE', #5325, 39.37007874015748900 ) ;
#3538 = ORIENTED_EDGE ( 'NONE', *, *, #2380, .F. ) ;
#3539 = VERTEX_POINT ( 'NONE', #3272 ) ;
#3540 = CARTESIAN_POINT ( 'NONE',  ( 0.4607426564757993700, -0.1713244525963499300, 0.3450000000000000300 ) ) ;
#3541 = CARTESIAN_POINT ( 'NONE',  ( 0.4607426564757993700, -0.1713244525963499300, 0.3450000000000000300 ) ) ;
#3542 = AXIS2_PLACEMENT_3D ( 'NONE', #4603, #4186, #855 ) ;
#3543 = CARTESIAN_POINT ( 'NONE',  ( 0.1624598481164530600, -0.5000000000000001100, 0.06749999999999999100 ) ) ;
#3544 = CARTESIAN_POINT ( 'NONE',  ( 0.4253254041760198800, -0.3090169943749474500, -0.04749999999999996600 ) ) ;
#3545 = LINE ( 'NONE', #4143, #5695 ) ;
#3546 = EDGE_CURVE ( 'NONE', #659, #2496, #3514, .T. ) ;
#3547 = DIRECTION ( 'NONE',  ( 0.8660254037844364900, -0.5000000000000040000, 0.0000000000000000000 ) ) ;
#3548 = CARTESIAN_POINT ( 'NONE',  ( 0.04100000000000004300, 0.4936578027930096400, -0.3533394504723061900 ) ) ;
#3549 = VECTOR ( 'NONE', #4376, 39.37007874015748100 ) ;
#3550 = CARTESIAN_POINT ( 'NONE',  ( 0.1154375329065716200, -0.1072084601731270600, -0.4192550162627614600 ) ) ;
#3551 = PLANE ( 'NONE',  #268 ) ;
#3552 = VECTOR ( 'NONE', #1362, 39.37007874015748100 ) ;
#3553 = DIRECTION ( 'NONE',  ( 0.5000000000000044400, 0.8660254037844360400, 0.0000000000000000000 ) ) ;
#3554 = CARTESIAN_POINT ( 'NONE',  ( 0.1574435658097554100, 0.003461030561687214900, -0.3372005788844897300 ) ) ;
#3555 = CARTESIAN_POINT ( 'NONE',  ( -0.08200000000000007300, 0.4901600000000000400, -0.3449999999999999200 ) ) ;
#3556 = CARTESIAN_POINT ( 'NONE',  ( 0.4580082928958629200, -0.1799958233637425600, 0.3878197570353853500 ) ) ;
#3557 = CARTESIAN_POINT ( 'NONE',  ( 0.02401479298461856400, 0.4999995285385714900, 0.4353133978974381700 ) ) ;
#3558 = CARTESIAN_POINT ( 'NONE',  ( 0.08200000000000005900, 0.5000000000000000000, 0.3449999999999999200 ) ) ;
#3559 = EDGE_CURVE ( 'NONE', #1537, #4712, #4484, .T. ) ;
#3560 = DIRECTION ( 'NONE',  ( 1.803239147706410100E-016, 0.0000000000000000000, -1.000000000000000000 ) ) ;
#3561 = CARTESIAN_POINT ( 'NONE',  ( -0.1624598481164532800, -0.5000000000000000000, 0.08250000000000000400 ) ) ;
#3562 = CARTESIAN_POINT ( 'NONE',  ( 0.04100000000000002900, 0.5000000000000000000, -0.3213286389632253900 ) ) ;
#3563 = CARTESIAN_POINT ( 'NONE',  ( 0.3414986187818943600, -0.2445070415551636700, 0.3686713610367745600 ) ) ;
#3564 = ORIENTED_EDGE ( 'NONE', *, *, #1411, .T. ) ;
#3565 = CARTESIAN_POINT ( 'NONE',  ( 1.778785816012156600E-017, 0.3125000000000000000, 0.3449999999999999200 ) ) ;
#3566 = DIRECTION ( 'NONE',  ( 1.000000000000000000, -1.224646799147352000E-016, 0.0000000000000000000 ) ) ;
#3567 = AXIS2_PLACEMENT_3D ( 'NONE', #2017, #4545, #2273 ) ;
#3568 = ORIENTED_EDGE ( 'NONE', *, *, #712, .T. ) ;
#3569 = CARTESIAN_POINT ( 'NONE',  ( 0.4467177596004183200, -0.2084382859637043700, -0.4181420472010563500 ) ) ;
#3570 = ORIENTED_EDGE ( 'NONE', *, *, #4211, .T. ) ;
#3571 = CARTESIAN_POINT ( 'NONE',  ( -4.897910910668677100E-017, 0.5000000000000000000, -0.3449999999999999200 ) ) ;
#3572 = CARTESIAN_POINT ( 'NONE',  ( -0.1624598481164531700, -0.5000000000000000000, 0.05750000000000000200 ) ) ;
#3573 = CARTESIAN_POINT ( 'NONE',  ( -0.005351576714535248100, 0.1574832925061686600, -0.4270057183536828900 ) ) ;
#3574 = DIRECTION ( 'NONE',  ( 1.000000000000000000, 0.0000000000000000000, 0.0000000000000000000 ) ) ;
#3575 = EDGE_LOOP ( 'NONE', ( #718, #1706 ) ) ;
#3576 = DIRECTION ( 'NONE',  ( 0.5000000000000044400, 0.8660254037844360400, 0.0000000000000000000 ) ) ;
#3577 = EDGE_LOOP ( 'NONE', ( #5372, #3867, #4080, #3105 ) ) ;
#3578 = CARTESIAN_POINT ( 'NONE',  ( 0.4253254041760198800, -0.3090169943749474500, 0.1024999999999999800 ) ) ;
#3579 = CARTESIAN_POINT ( 'NONE',  ( 0.02150327546866278100, 0.4930203426623642700, -0.2630046021525051500 ) ) ;
#3581 = EDGE_CURVE ( 'NONE', #3509, #4821, #3164, .T. ) ;
#3580 = CARTESIAN_POINT ( 'NONE',  ( -0.5000000000000001100, 3.500472655261351000E-017, -0.1124999999999999800 ) ) ;
#3582 = CARTESIAN_POINT ( 'NONE',  ( 0.3414986187818943600, -0.2445070415551636500, 0.3213286389632252800 ) ) ;
#3583 = VERTEX_POINT ( 'NONE', #1524 ) ;
#3584 = ORIENTED_EDGE ( 'NONE', *, *, #385, .T. ) ;
#3585 = CARTESIAN_POINT ( 'NONE',  ( -0.1674509465259921000, -0.1216602340058847800, -0.02750000000000001100 ) ) ;
#3586 = CARTESIAN_POINT ( 'NONE',  ( 0.06396057012458789000, 0.1968503937007874400, 0.1575000000000000300 ) ) ;
#3587 = LINE ( 'NONE', #1283, #1330 ) ;
#3588 = ORIENTED_EDGE ( 'NONE', *, *, #2468, .T. ) ;
#3589 = LOCAL_TIME ( 9, 51, 53.00000000000000000, #5598 ) ;
#3590 = VERTEX_POINT ( 'NONE', #1037 ) ;
#3591 = CARTESIAN_POINT ( 'NONE',  ( 0.3787409853738202300, -0.3133546577969923400, 0.3233484815112823200 ) ) ;
#3592 = CARTESIAN_POINT ( 'NONE',  ( 0.06750365896470064700, 0.4874726952978388200, 0.3934691819353022800 ) ) ;
#3593 = EDGE_CURVE ( 'NONE', #2034, #4944, #137, .T. ) ;
#3594 = VECTOR ( 'NONE', #3998, 39.37007874015748100 ) ;
#3595 = CARTESIAN_POINT ( 'NONE',  ( 0.05023745687990135300, 0.1493234606744709100, -0.4100267685739755800 ) ) ;
#3596 = ORIENTED_EDGE ( 'NONE', *, *, #3421, .T. ) ;
#3597 = CARTESIAN_POINT ( 'NONE',  ( 0.1968503937007873800, -3.281693114307516800E-017, -0.08750000000000003600 ) ) ;
#3598 = CARTESIAN_POINT ( 'NONE',  ( 0.5000000000000000000, 0.07919222016226802600, -0.05993728592265768600 ) ) ;
#3599 = FACE_OUTER_BOUND ( 'NONE', #349, .T. ) ;
#3600 = CARTESIAN_POINT ( 'NONE',  ( 0.0000000000000000000, 0.5000000000000000000, 0.08749999999999999400 ) ) ;
#3601 = ORIENTED_EDGE ( 'NONE', *, *, #131, .T. ) ;
#3602 = CARTESIAN_POINT ( 'NONE',  ( -6.123233995736766000E-017, -0.5000000000000000000, -0.08749999999999999400 ) ) ;
#3603 = ORIENTED_EDGE ( 'NONE', *, *, #332, .T. ) ;
#3604 = CARTESIAN_POINT ( 'NONE',  ( -0.04099999999999999500, 0.4180000000000000400, 0.3213286389632252800 ) ) ;
#3605 =( BOUNDED_CURVE ( )  B_SPLINE_CURVE ( 2, ( #1759, #1335, #5422, #3135, #843, #3157, #334 ),
 .UNSPECIFIED., .F., .T. ) 
 B_SPLINE_CURVE_WITH_KNOTS ( ( 3, 2, 2, 3 ),
 ( 0.6250000000000000000, 0.6500000000000000200, 0.6999999999999999600, 0.7500000000000000000 ),
 .UNSPECIFIED. ) 
 CURVE ( )  GEOMETRIC_REPRESENTATION_ITEM ( )  RATIONAL_B_SPLINE_CURVE ( ( 0.9755282581475768200, 0.9755282581475768200, 1.000000000000000000, 0.9510565162951535300, 1.000000000000000000, 0.9510565162951535300, 1.000000000000000000 ) ) 
 REPRESENTATION_ITEM ( '' )  );
#3606 = AXIS2_PLACEMENT_3D ( 'NONE', #934, #5135, #4616 ) ;
#3607 = CARTESIAN_POINT ( 'NONE',  ( 0.07543469070716955800, -0.1382376831331199300, -0.3449999999999999200 ) ) ;
#3608 = CIRCLE ( 'NONE', #4761, 0.04734272207354935800 ) ;
#3609 = VERTEX_POINT ( 'NONE', #4308 ) ;
#3610 = DIRECTION ( 'NONE',  ( 1.000000000000000000, 0.0000000000000000000, 0.0000000000000000000 ) ) ;
#3611 = CARTESIAN_POINT ( 'NONE',  ( 0.2069807528028085300, -3.802174746076033800E-017, -0.08750000000000000800 ) ) ;
#3612 = DIRECTION ( 'NONE',  ( 0.0000000000000000000, 0.0000000000000000000, 1.000000000000000000 ) ) ;
#3613 = FACE_OUTER_BOUND ( 'NONE', #3881, .T. ) ;
#3614 = CC_DESIGN_PERSON_AND_ORGANIZATION_ASSIGNMENT ( #2497, #5660, ( #5654 ) ) ;
#3615 = DIRECTION ( 'NONE',  ( -1.000000000000000000, 0.0000000000000000000, 0.0000000000000000000 ) ) ;
#3616 = AXIS2_PLACEMENT_3D ( 'NONE', #2261, #802, #341 ) ;
#3617 = DIRECTION ( 'NONE',  ( -0.2588190451025164700, 0.9659258262890694200, 8.659560562354934100E-017 ) ) ;
#3618 = CARTESIAN_POINT ( 'NONE',  ( 0.3917732688836113000, -0.3107848199196376300, 0.2895021248313806000 ) ) ;
#3619 = CARTESIAN_POINT ( 'NONE',  ( -0.07766943963167015400, 0.1370146734527975500, -0.3718287088512702800 ) ) ;
#3620 = LINE ( 'NONE', #5964, #1589 ) ;
#3621 = CARTESIAN_POINT ( 'NONE',  ( -0.1157057583252900100, -0.1592553138533361100, 0.1525000000000000500 ) ) ;
#3622 = CARTESIAN_POINT ( 'NONE',  ( -0.04784092033737922400, 0.4980417967142370400, -0.2644283913482285400 ) ) ;
#3623 = CARTESIAN_POINT ( 'NONE',  ( -0.1624598481164530600, 0.5000000000000000000, -0.05749999999999996800 ) ) ;
#3624 = CIRCLE ( 'NONE', #872, 0.04734272207354935800 ) ;
#3625 = CARTESIAN_POINT ( 'NONE',  ( -0.02158492406618849800, 0.4930209744637396600, 0.2629954181721710900 ) ) ;
#3626 = CARTESIAN_POINT ( 'NONE',  ( -0.4253254041760198800, -0.3090169943749474000, -0.1274999999999999500 ) ) ;
#3627 = CARTESIAN_POINT ( 'NONE',  ( 0.4330127018922182400, -0.2500000000000020000, -0.3923427220735493100 ) ) ;
#3628 = CARTESIAN_POINT ( 'NONE',  ( 0.07771546022898893900, -0.1369724104683859000, -0.3253436548974529300 ) ) ;
#3629 = CARTESIAN_POINT ( 'NONE',  ( 0.1968503937007873800, -3.281693114307516800E-017, -0.06249999999999993800 ) ) ;
#3630 = ADVANCED_FACE ( 'NONE', ( #4011 ), #5808, .F. ) ;
#3631 = DIRECTION ( 'NONE',  ( -0.0000000000000000000, -0.0000000000000000000, -1.000000000000000000 ) ) ;
#3632 = CARTESIAN_POINT ( 'NONE',  ( 6.123233995736766000E-017, 0.5000000000000000000, 0.01250000000000002000 ) ) ;
#3633 = CARTESIAN_POINT ( 'NONE',  ( 0.07352395109363113500, 0.1392836492463391500, -0.3817054559169387700 ) ) ;
#3634 = ORIENTED_EDGE ( 'NONE', *, *, #1611, .T. ) ;
#3635 = EDGE_LOOP ( 'NONE', ( #797, #4253, #5675, #3498 ) ) ;
#3636 = EDGE_CURVE ( 'NONE', #1036, #968, #2791, .T. ) ;
#3637 = CARTESIAN_POINT ( 'NONE',  ( 0.08200000019559636200, 0.4846770713898299600, -0.3450016107527141800 ) ) ;
#3638 = PLANE ( 'NONE',  #3926 ) ;
#3639 = VERTEX_POINT ( 'NONE', #5664 ) ;
#3640 = ORIENTED_EDGE ( 'NONE', *, *, #5318, .T. ) ;
#3641 = CARTESIAN_POINT ( 'NONE',  ( 0.3619986187818944300, -0.2090000000000018500, 0.3923427220735491400 ) ) ;
#3642 = DIRECTION ( 'NONE',  ( 1.000000000000000000, 0.0000000000000000000, 0.0000000000000000000 ) ) ;
#3643 = VERTEX_POINT ( 'NONE', #5686 ) ;
#3644 = CARTESIAN_POINT ( 'NONE',  ( 0.4552457602176968000, -0.2075713178895022500, -0.4255623305788413500 ) ) ;
#3645 = ORIENTED_EDGE ( 'NONE', *, *, #5282, .T. ) ;
#3646 = AXIS2_PLACEMENT_3D ( 'NONE', #5413, #1211, #2663 ) ;
#3647 = EDGE_CURVE ( 'NONE', #1108, #5899, #2116, .T. ) ;
#3648 = DIRECTION ( 'NONE',  ( -0.0000000000000000000, -0.0000000000000000000, -1.000000000000000000 ) ) ;
#3649 = ORIENTED_EDGE ( 'NONE', *, *, #5990, .F. ) ;
#3650 = ORIENTED_EDGE ( 'NONE', *, *, #164, .T. ) ;
#3651 = CARTESIAN_POINT ( 'NONE',  ( -0.04099999999999999500, 0.4936572779264506400, -0.3449999999999999200 ) ) ;
#3652 = CARTESIAN_POINT ( 'NONE',  ( 0.09160041111943165200, 0.4915378628184529100, -0.3211519359870704800 ) ) ;
#3653 = AXIS2_PLACEMENT_3D ( 'NONE', #366, #4134, #4054 ) ;
#3654 = FACE_OUTER_BOUND ( 'NONE', #1041, .T. ) ;
#3655 = VERTEX_POINT ( 'NONE', #4699 ) ;
#3656 = EDGE_LOOP ( 'NONE', ( #5081, #2406, #1304 ) ) ;
#3657 = CARTESIAN_POINT ( 'NONE',  ( -0.4330127018922199100, 0.2499999999999990000, 0.0000000000000000000 ) ) ;
#3658 = CARTESIAN_POINT ( 'NONE',  ( 0.4755282581475768200, 0.1545084971874735900, -0.08249999999999997600 ) ) ;
#3659 = ADVANCED_FACE ( 'NONE', ( #2262 ), #853, .T. ) ;
#3660 = DIRECTION ( 'NONE',  ( -9.795821821337355400E-017, 1.000000000000000000, -0.0000000000000000000 ) ) ;
#3661 = CYLINDRICAL_SURFACE ( 'NONE', #927, 0.08200000000000008700 ) ;
#3662 = CARTESIAN_POINT ( 'NONE',  ( -1.518754888706362500E-017, 0.5000000000000000000, -0.3449999999999999200 ) ) ;
#3663 = ORIENTED_EDGE ( 'NONE', *, *, #6031, .T. ) ;
#3664 = CARTESIAN_POINT ( 'NONE',  ( 0.4755282581475767700, -0.1545084971874737800, -0.06749999999999997700 ) ) ;
#3665 = CARTESIAN_POINT ( 'NONE',  ( -6.123233995736766000E-017, -0.5000000000000000000, -0.1124999999999999800 ) ) ;
#3666 = CARTESIAN_POINT ( 'NONE',  ( 0.0000000000000000000, 0.0000000000000000000, 0.4800000000000004300 ) ) ;
#3667 = CARTESIAN_POINT ( 'NONE',  ( -2.410722045565656100E-017, -0.1968503937007874100, 0.06250000000000002800 ) ) ;
#3668 = LINE ( 'NONE', #4997, #5375 ) ;
#3669 = EDGE_LOOP ( 'NONE', ( #1398, #3083, #2657, #4184, #5790, #2770, #5157, #4329 ) ) ;
#3670 = ORIENTED_EDGE ( 'NONE', *, *, #182, .F. ) ;
#3671 = CARTESIAN_POINT ( 'NONE',  ( -0.1157057583252900100, -0.1592553138533361100, -0.02250000000000003400 ) ) ;
#3672 = CARTESIAN_POINT ( 'NONE',  ( -0.2938926261462366200, -0.4045084971874736100, 0.002500000000000024800 ) ) ;
#3673 = ORIENTED_EDGE ( 'NONE', *, *, #6017, .F. ) ;
#3674 = EDGE_CURVE ( 'NONE', #2244, #1177, #2309, .T. ) ;
#3675 = DIRECTION ( 'NONE',  ( -1.000000000000000000, 0.0000000000000000000, 0.0000000000000000000 ) ) ;
#3676 = CIRCLE ( 'NONE', #2237, 0.1774803149606298500 ) ;
#3677 = ORIENTED_EDGE ( 'NONE', *, *, #4435, .T. ) ;
#3678 = CARTESIAN_POINT ( 'NONE',  ( 0.07107969546282769100, 0.1835967305359289500, 0.3037679367165123100 ) ) ;
#3679 =( BOUNDED_CURVE ( )  B_SPLINE_CURVE ( 2, ( #5561, #2302, #4657, #5117, #3716, #974, #4634 ),
 .UNSPECIFIED., .F., .F. ) 
 B_SPLINE_CURVE_WITH_KNOTS ( ( 3, 2, 2, 3 ),
 ( 0.6250000000000000000, 0.6500000000000000200, 0.6999999999999999600, 0.7500000000000000000 ),
 .UNSPECIFIED. ) 
 CURVE ( )  GEOMETRIC_REPRESENTATION_ITEM ( )  RATIONAL_B_SPLINE_CURVE ( ( 0.9755282581475768200, 0.9755282581475768200, 1.000000000000000000, 0.9510565162951535300, 1.000000000000000000, 0.9510565162951535300, 1.000000000000000000 ) ) 
 REPRESENTATION_ITEM ( '' )  );
#3680 = DIRECTION ( 'NONE',  ( -0.0000000000000000000, -0.0000000000000000000, 1.000000000000000000 ) ) ;
#3681 = CARTESIAN_POINT ( 'NONE',  ( 0.4445282229650829300, -0.2291792017322066600, 0.4329809060645876100 ) ) ;
#3682 = CARTESIAN_POINT ( 'NONE',  ( -0.2938926261462366800, -0.4045084971874736100, 0.1024999999999999900 ) ) ;
#3683 = FACE_OUTER_BOUND ( 'NONE', #1983, .T. ) ;
#3684 = CARTESIAN_POINT ( 'NONE',  ( 0.3414986187818943600, -0.2445070415551636700, 0.3686713610367745600 ) ) ;
#3685 = AXIS2_PLACEMENT_3D ( 'NONE', #743, #179, #708 ) ;
#3686 = CARTESIAN_POINT ( 'NONE',  ( -0.5000000000000000000, -0.07919222016226809500, 0.1400627140773422800 ) ) ;
#3687 = LINE ( 'NONE', #5716, #1217 ) ;
#3688 = CARTESIAN_POINT ( 'NONE',  ( 0.1872158496644003300, -0.06083011700294241300, -0.01749999999999995000 ) ) ;
#3689 = CARTESIAN_POINT ( 'NONE',  ( 0.4003097730671368300, -0.2871472930355597500, 0.2775605402766347900 ) ) ;
#3690 = CARTESIAN_POINT ( 'NONE',  ( 0.1774803149606298500, 2.173506996281994400E-017, -0.4999999999999999400 ) ) ;
#3691 = CARTESIAN_POINT ( 'NONE',  ( 0.06396057012458782100, -0.1968503937007874700, -0.1075000000000000300 ) ) ;
#3692 = ADVANCED_FACE ( 'NONE', ( #1040 ), #2388, .T. ) ;
#3693 = CARTESIAN_POINT ( 'NONE',  ( -0.5000000000000000000, 0.0000000000000000000, 0.1899999999999999500 ) ) ;
#3694 = CARTESIAN_POINT ( 'NONE',  ( -0.07358560613807846300, 0.1825933576744498100, 0.3815845677223090900 ) ) ;
#3695 = CARTESIAN_POINT ( 'NONE',  ( 0.02150327546866278100, 0.4930203426623642700, -0.2630046021525051500 ) ) ;
#3696 = CARTESIAN_POINT ( 'NONE',  ( -0.1674509465259920700, -0.1216602340058848000, 0.02249999999999996100 ) ) ;
#3697 = CARTESIAN_POINT ( 'NONE',  ( -0.08200000000000005900, 0.1789583121851427100, 0.3395135121896399300 ) ) ;
#3698 = CARTESIAN_POINT ( 'NONE',  ( -0.09159750529064449000, 0.4915382966001025600, 0.3449999999999998600 ) ) ;
#3699 = CARTESIAN_POINT ( 'NONE',  ( 0.1574346907071702600, 0.003790483087527799600, -0.3450000000000000300 ) ) ;
#3700 = CARTESIAN_POINT ( 'NONE',  ( 0.1574803149606299200, 1.145430064125904000E-016, -0.3221092245658843100 ) ) ;
#3701 = CARTESIAN_POINT ( 'NONE',  ( 0.1624598481164532800, 0.5000000000000000000, -0.04249999999999998900 ) ) ;
#3702 = CARTESIAN_POINT ( 'NONE',  ( 0.1968503937007873800, -0.03117803943396384200, 0.1349372859226577500 ) ) ;
#3703 = DIRECTION ( 'NONE',  ( -9.795821821337355400E-017, 1.000000000000000000, -0.0000000000000000000 ) ) ;
#3704 = DIRECTION ( 'NONE',  ( 1.758688375849877300E-016, -1.000000000000000000, 0.0000000000000000000 ) ) ;
#3705 = EDGE_CURVE ( 'NONE', #5178, #834, #651, .T. ) ;
#3706 = ORIENTED_EDGE ( 'NONE', *, *, #5345, .T. ) ;
#3707 = CARTESIAN_POINT ( 'NONE',  ( 0.4467177596004183700, -0.2084382859637043400, -0.4181420472010563500 ) ) ;
#3708 = DIRECTION ( 'NONE',  ( -0.0000000000000000000, -0.0000000000000000000, -1.000000000000000000 ) ) ;
#3709 = CARTESIAN_POINT ( 'NONE',  ( -0.4330127018922199100, 0.2499999999999990000, 0.02919130606358862400 ) ) ;
#3710 = CARTESIAN_POINT ( 'NONE',  ( 0.04280306436768798600, 0.4910902794217815200, -0.2718373658187231400 ) ) ;
#3711 = ORIENTED_EDGE ( 'NONE', *, *, #2840, .T. ) ;
#3712 = EDGE_CURVE ( 'NONE', #2251, #359, #3278, .T. ) ;
#3713 = DIRECTION ( 'NONE',  ( 0.0000000000000000000, 0.0000000000000000000, 1.000000000000000000 ) ) ;
#3714 = ORIENTED_EDGE ( 'NONE', *, *, #4705, .F. ) ;
#3715 = AXIS2_PLACEMENT_3D ( 'NONE', #3340, #3404, #531 ) ;
#3716 = CARTESIAN_POINT ( 'NONE',  ( -0.2938926261462366200, -0.4045084971874736100, 0.1275000000000000000 ) ) ;
#3717 = CARTESIAN_POINT ( 'NONE',  ( 0.4650298371220658600, -0.1839031489158677000, 0.4004963847560202300 ) ) ;
#3718 = CARTESIAN_POINT ( 'NONE',  ( 0.04100000000000004300, 0.4936578027930096400, 0.3533394504723061900 ) ) ;
#3719 = CARTESIAN_POINT ( 'NONE',  ( -0.06396057012458789000, -0.1968503937007874100, -0.09249999999999995700 ) ) ;
#3720 = ADVANCED_FACE ( 'NONE', ( #705 ), #327, .T. ) ;
#3721 = ORIENTED_EDGE ( 'NONE', *, *, #5550, .F. ) ;
#3722 = EDGE_CURVE ( 'NONE', #510, #2725, #5570, .T. ) ;
#3723 = ORIENTED_EDGE ( 'NONE', *, *, #3978, .F. ) ;
#3724 = CARTESIAN_POINT ( 'NONE',  ( 0.02402005775014168900, 0.4999996775480145500, 0.2546861439001465400 ) ) ;
#3725 = CARTESIAN_POINT ( 'NONE',  ( -0.2069807528028085300, 1.267391582025345100E-017, -0.1124999999999999800 ) ) ;
#3726 = CARTESIAN_POINT ( 'NONE',  ( 0.4065734923372282800, -0.2783738398260359700, 0.2714400602945587500 ) ) ;
#3727 = CARTESIAN_POINT ( 'NONE',  ( 0.3848750372234573400, -0.3066680673727331100, -0.3021794949160053200 ) ) ;
#3728 = CARTESIAN_POINT ( 'NONE',  ( -2.410722045565656100E-017, -0.1968503937007874100, -0.1125000000000000400 ) ) ;
#3729 = ORIENTED_EDGE ( 'NONE', *, *, #4057, .F. ) ;
#3730 = B_SPLINE_CURVE_WITH_KNOTS ( 'NONE', 3,
 ( #4302, #532, #3795, #1929 ),
 .UNSPECIFIED., .F., .F.,
 ( 4, 4 ),
 ( 0.0000000000000000000, 1.000000000000000000 ),
 .UNSPECIFIED. ) ;
#3731 = EDGE_LOOP ( 'NONE', ( #3180, #590, #576, #1100, #199, #521 ) ) ;
#3732 = CARTESIAN_POINT ( 'NONE',  ( -0.1968503937007873800, 1.093897704769172200E-017, 0.1375000000000000400 ) ) ;
#3733 = CARTESIAN_POINT ( 'NONE',  ( -0.08200000000000004500, 0.3437500000000000600, 0.3449999999999999200 ) ) ;
#3734 = CARTESIAN_POINT ( 'NONE',  ( -0.07932157400043692000, 0.1801652523672812000, 0.3664699296162217100 ) ) ;
#3735 = ORIENTED_EDGE ( 'NONE', *, *, #673, .T. ) ;
#3736 = CARTESIAN_POINT ( 'NONE',  ( 0.0000000000000000000, 0.0000000000000000000, 0.4799999999999996500 ) ) ;
#3737 = CARTESIAN_POINT ( 'NONE',  ( -4.897910910668677100E-017, 0.5000000000000000000, 0.3449999999999999200 ) ) ;
#3738 = ORIENTED_EDGE ( 'NONE', *, *, #2299, .T. ) ;
#3739 = CARTESIAN_POINT ( 'NONE',  ( -0.08145505968053758100, 0.1792107738503017600, 0.3341329770276061400 ) ) ;
#3740 = CONICAL_SURFACE ( 'NONE', #2091, 0.04734272207354933700, 0.7853981633974500600 ) ;
#3741 = DIRECTION ( 'NONE',  ( -0.4330127018922226300, -0.7499999999999977800, -0.5000000000000003300 ) ) ;
#3742 = ORIENTED_EDGE ( 'NONE', *, *, #870, .F. ) ;
#3743 = DIRECTION ( 'NONE',  ( 1.758688375849877800E-016, -1.000000000000000000, -0.0000000000000000000 ) ) ;
#3744 = ORIENTED_EDGE ( 'NONE', *, *, #3381, .F. ) ;
#3745 = CARTESIAN_POINT ( 'NONE',  ( 0.4535127018922184300, -0.2144929584448401500, 0.3686713610367747800 ) ) ;
#3746 = VECTOR ( 'NONE', #351, 39.37007874015748100 ) ;
#3747 = CARTESIAN_POINT ( 'NONE',  ( 0.08199999999989299200, 0.4846766429044521200, 0.3370191330646184500 ) ) ;
#3748 = VERTEX_POINT ( 'NONE', #684 ) ;
#3749 = ORIENTED_EDGE ( 'NONE', *, *, #2000, .F. ) ;
#3750 = CARTESIAN_POINT ( 'NONE',  ( 0.1157057583252899800, -0.1592553138533361100, -0.07749999999999995800 ) ) ;
#3751 = CARTESIAN_POINT ( 'NONE',  ( 0.3796221097055540400, -0.3125266454149347500, 0.3275824762559436100 ) ) ;
#3752 = CARTESIAN_POINT ( 'NONE',  ( 0.1157057583252900100, 0.1592553138533361100, -0.1225000000000000400 ) ) ;
#3753 = CARTESIAN_POINT ( 'NONE',  ( -0.06396057012458789000, -0.1968503937007874100, -0.1175000000000000500 ) ) ;
#3754 = VECTOR ( 'NONE', #5426, 39.37007874015748100 ) ;
#3755 = VERTEX_POINT ( 'NONE', #3411 ) ;
#3756 = ADVANCED_FACE ( 'NONE', ( #4275 ), #2157, .F. ) ;
#3757 = EDGE_CURVE ( 'NONE', #6015, #3583, #2671, .T. ) ;
#3758 = CARTESIAN_POINT ( 'NONE',  ( 0.02367864753344232900, 0.4995682526750313000, 0.4329971476658814300 ) ) ;
#3759 = FACE_OUTER_BOUND ( 'NONE', #5939, .T. ) ;
#3760 = DIRECTION ( 'NONE',  ( 0.0000000000000000000, 0.0000000000000000000, 1.000000000000000000 ) ) ;
#3761 = DIRECTION ( 'NONE',  ( -9.795821821337355400E-017, 1.000000000000000000, 0.0000000000000000000 ) ) ;
#3762 = CARTESIAN_POINT ( 'NONE',  ( -0.1872158496644003300, 0.06083011700294241300, 0.1074999999999999600 ) ) ;
#3763 = CARTESIAN_POINT ( 'NONE',  ( -0.5000000000000001100, 9.626299801968714300E-017, -0.06249999999999997900 ) ) ;
#3764 = CYLINDRICAL_SURFACE ( 'NONE', #1621, 0.1968503937007874100 ) ;
#3765 = AXIS2_PLACEMENT_3D ( 'NONE', #2446, #163, #4336 ) ;
#3766 = CARTESIAN_POINT ( 'NONE',  ( 0.1774803149606298500, 2.173506996281994400E-017, -0.4999999999999999400 ) ) ;
#3767 = CARTESIAN_POINT ( 'NONE',  ( 0.3824986187818946700, -0.1734929584448398300, -0.3213286389632252800 ) ) ;
#3768 = CARTESIAN_POINT ( 'NONE',  ( -0.1872158496644003300, -0.06083011700294239200, -0.007499999999999953800 ) ) ;
#3769 = CARTESIAN_POINT ( 'NONE',  ( 0.06396057012458784800, -0.1968503937007874100, 0.1175000000000000500 ) ) ;
#3771 = EDGE_CURVE ( 'NONE', #4648, #5005, #2867, .T. ) ;
#3770 = CARTESIAN_POINT ( 'NONE',  ( -0.1872158496644003300, 0.06083011700294241300, 0.1074999999999999600 ) ) ;
#3772 = VECTOR ( 'NONE', #965, 39.37007874015748100 ) ;
#3773 = CARTESIAN_POINT ( 'NONE',  ( 0.4253254041760198800, 0.3090169943749473400, -0.1274999999999999500 ) ) ;
#3774 = CARTESIAN_POINT ( 'NONE',  ( -0.06543530609825737300, 0.1434642215395170700, -0.2944779860852227400 ) ) ;
#3775 = CARTESIAN_POINT ( 'NONE',  ( 0.006444566784558761400, 0.4962792276320905900, -0.3013780502943261800 ) ) ;
#3776 = CARTESIAN_POINT ( 'NONE',  ( 0.05011261780653632200, 0.1904187442001934500, 0.4101218604931221000 ) ) ;
#3777 = CARTESIAN_POINT ( 'NONE',  ( 0.09159929905649281900, 0.4915379623342322500, 0.3509352697792212900 ) ) ;
#3778 = DIRECTION ( 'NONE',  ( 0.5000000000000036600, 0.8660254037844366000, 0.0000000000000000000 ) ) ;
#3779 = CARTESIAN_POINT ( 'NONE',  ( 0.4467177596004183700, -0.2084382859637043400, -0.4181420472010563500 ) ) ;
#3780 = CARTESIAN_POINT ( 'NONE',  ( -0.2938926261462365700, 0.4045084971874737300, -0.002500000000000000900 ) ) ;
#3781 = DIRECTION ( 'NONE',  ( 0.0000000000000000000, 0.0000000000000000000, -1.000000000000000000 ) ) ;
#3782 = CARTESIAN_POINT ( 'NONE',  ( 0.4488405953971859000, -0.2030875318948687500, 0.4124243145413746300 ) ) ;
#3783 = VERTEX_POINT ( 'NONE', #4773 ) ;
#3784 = ORIENTED_EDGE ( 'NONE', *, *, #2235, .T. ) ;
#3785 = ADVANCED_FACE ( 'NONE', ( #4348 ), #177, .T. ) ;
#3786 = DIRECTION ( 'NONE',  ( 0.0000000000000000000, 0.0000000000000000000, -1.000000000000000000 ) ) ;
#3787 = CARTESIAN_POINT ( 'NONE',  ( 0.04100000000000003600, 0.4180000000000000400, 0.3213286389632252800 ) ) ;
#3788 = EDGE_LOOP ( 'NONE', ( #1924, #117 ) ) ;
#3789 = CARTESIAN_POINT ( 'NONE',  ( 0.4253254041760198800, -0.3090169943749474500, 0.05249999999999998400 ) ) ;
#3790 = ORIENTED_EDGE ( 'NONE', *, *, #5049, .F. ) ;
#3791 = EDGE_CURVE ( 'NONE', #834, #1245, #2801, .T. ) ;
#3792 = EDGE_LOOP ( 'NONE', ( #2207, #5420, #1831, #542, #5576, #905, #4729, #1742, #5429, #4995 ) ) ;
#3793 = CARTESIAN_POINT ( 'NONE',  ( 0.4330127018922182400, -0.2500000000000020000, 0.3449999999999999200 ) ) ;
#3794 = VERTEX_POINT ( 'NONE', #126 ) ;
#3795 = CARTESIAN_POINT ( 'NONE',  ( 8.040613248383181800E-017, 0.5000000000000000000, 0.1458333333333333400 ) ) ;
#3796 = CARTESIAN_POINT ( 'NONE',  ( 0.1968503937007873800, 0.03117803943396382100, 0.1400627140773423000 ) ) ;
#3797 = AXIS2_PLACEMENT_3D ( 'NONE', #2032, #2053, #5268 ) ;
#3798 = ORIENTED_EDGE ( 'NONE', *, *, #1117, .T. ) ;
#3799 = AXIS2_PLACEMENT_3D ( 'NONE', #1675, #735, #2139 ) ;
#3800 = CARTESIAN_POINT ( 'NONE',  ( 0.4210048971023351800, -0.2707971850605912500, -0.4353133978974372800 ) ) ;
#3801 = ORIENTED_EDGE ( 'NONE', *, *, #681, .T. ) ;
#3802 = CARTESIAN_POINT ( 'NONE',  ( 0.4253254041760198800, -0.3090169943749474500, 0.05249999999999998400 ) ) ;
#3803 = CARTESIAN_POINT ( 'NONE',  ( 0.0000000000000000000, 0.0000000000000000000, 0.4999999999999999400 ) ) ;
#3804 = DIRECTION ( 'NONE',  ( -0.8660254037844386000, 0.0000000000000000000, -0.5000000000000001100 ) ) ;
#3805 = CYLINDRICAL_SURFACE ( 'NONE', #1642, 0.08200000000000005900 ) ;
#3806 = CARTESIAN_POINT ( 'NONE',  ( -0.5000000000000000000, 0.0000000000000000000, 0.1899999999999999500 ) ) ;
#3807 = EDGE_LOOP ( 'NONE', ( #3570, #5809 ) ) ;
#3808 = VERTEX_POINT ( 'NONE', #3481 ) ;
#3809 = CARTESIAN_POINT ( 'NONE',  ( -0.5257311121191335900, 3.219174618344376100E-017, 0.1374999999999999600 ) ) ;
#3810 = DIRECTION ( 'NONE',  ( -1.000000000000000000, 0.0000000000000000000, 0.0000000000000000000 ) ) ;
#3811 = FACE_OUTER_BOUND ( 'NONE', #4935, .T. ) ;
#3812 = ORIENTED_EDGE ( 'NONE', *, *, #5936, .F. ) ;
#3813 = ADVANCED_FACE ( 'NONE', ( #5271 ), #2026, .F. ) ;
#3814 = DIRECTION ( 'NONE',  ( 1.000000000000000000, 0.0000000000000000000, 0.0000000000000000000 ) ) ;
#3815 = DIRECTION ( 'NONE',  ( 0.0000000000000000000, 0.0000000000000000000, -1.000000000000000000 ) ) ;
#3816 = CARTESIAN_POINT ( 'NONE',  ( 0.1934641971292195800, -0.03649270805779540600, 0.2948925738231229500 ) ) ;
#3817 = VECTOR ( 'NONE', #3191, 39.37007874015748100 ) ;
#3818 = ORIENTED_EDGE ( 'NONE', *, *, #3109, .F. ) ;
#3819 = EDGE_LOOP ( 'NONE', ( #2929, #4671 ) ) ;
#3820 = AXIS2_PLACEMENT_3D ( 'NONE', #4161, #3743, #954 ) ;
#3821 = CARTESIAN_POINT ( 'NONE',  ( 0.08170714940323899100, 0.4935345176800579600, -0.2978365846163099600 ) ) ;
#3822 = CARTESIAN_POINT ( 'NONE',  ( 0.2938926261462365100, -0.4045084971874737300, 0.04749999999999999400 ) ) ;
#3823 = DIRECTION ( 'NONE',  ( 0.0000000000000000000, 0.0000000000000000000, -1.000000000000000000 ) ) ;
#3824 = FACE_OUTER_BOUND ( 'NONE', #530, .T. ) ;
#3825 = ORIENTED_EDGE ( 'NONE', *, *, #5752, .T. ) ;
#3826 = CARTESIAN_POINT ( 'NONE',  ( 0.3414986187818943600, -0.2445070415551636700, -0.3686713610367745600 ) ) ;
#3827 = EDGE_CURVE ( 'NONE', #4170, #1171, #5731, .T. ) ;
#3828 = CARTESIAN_POINT ( 'NONE',  ( 0.08200000014553582300, 0.4846770712601788900, 0.3449999999989076800 ) ) ;
#3829 = CONICAL_SURFACE ( 'NONE', #4564, 0.5000000000000000000, 0.7853981633974466100 ) ;
#3830 = CARTESIAN_POINT ( 'NONE',  ( 0.06396057012458784800, -0.1968503937007874100, -0.1575000000000000300 ) ) ;
#3831 = CIRCLE ( 'NONE', #1163, 0.04734272207354933700 ) ;
#3832 = CARTESIAN_POINT ( 'NONE',  ( -0.1624598481164530600, 0.5000000000000000000, 0.1175000000000000100 ) ) ;
#3833 = EDGE_CURVE ( 'NONE', #1630, #1179, #779, .T. ) ;
#3834 = CARTESIAN_POINT ( 'NONE',  ( -0.5000000000000001100, 3.500472655261351000E-017, -0.1124999999999999800 ) ) ;
#3835 = CARTESIAN_POINT ( 'NONE',  ( 6.123233995736766000E-017, 0.5000000000000000000, 0.03749999999999999200 ) ) ;
#3836 = FACE_OUTER_BOUND ( 'NONE', #5932, .T. ) ;
#3837 = DIRECTION ( 'NONE',  ( 1.758688375849876100E-016, -1.000000000000000000, 0.0000000000000000000 ) ) ;
#3838 = EDGE_CURVE ( 'NONE', #3017, #3794, #4050, .T. ) ;
#3839 = CARTESIAN_POINT ( 'NONE',  ( 0.4377611505172512300, -0.2278173946517952100, -0.2629954181721710900 ) ) ;
#3840 = CARTESIAN_POINT ( 'NONE',  ( 0.1157057583252900000, -0.1592553138533361100, -0.1274999999999999500 ) ) ;
#3841 = CARTESIAN_POINT ( 'NONE',  ( 0.4999999999999999400, -0.07919222016226816500, 0.1349372859226576900 ) ) ;
#3842 = CARTESIAN_POINT ( 'NONE',  ( 0.4310442159346218300, -0.2394504966700981300, 0.4269958960134958600 ) ) ;
#3843 = ADVANCED_FACE ( 'NONE', ( #4695 ), #5632, .F. ) ;
#3844 = CARTESIAN_POINT ( 'NONE',  ( 0.02415474889994232200, 0.4936661638322293900, 0.3116030287060401700 ) ) ;
#3845 = AXIS2_PLACEMENT_3D ( 'NONE', #2023, #3478, #1588 ) ;
#3846 = CARTESIAN_POINT ( 'NONE',  ( 0.06396057012458789000, 0.1968503937007874100, 0.05750000000000003700 ) ) ;
#3847 = CARTESIAN_POINT ( 'NONE',  ( -0.2069807528028085300, 1.267391582025345100E-017, 0.03750000000000003300 ) ) ;
#3849 = EDGE_CURVE ( 'NONE', #1108, #3107, #4043, .T. ) ;
#3848 = DIRECTION ( 'NONE',  ( -0.0000000000000000000, -0.0000000000000000000, -1.000000000000000000 ) ) ;
#3850 = CARTESIAN_POINT ( 'NONE',  ( 0.1624598481164530600, -0.5000000000000001100, 0.04249999999999999600 ) ) ;
#3851 = CARTESIAN_POINT ( 'NONE',  ( 0.3798858992484875400, -0.3250949146821092700, -0.3450053225035648000 ) ) ;
#3852 = CARTESIAN_POINT ( 'NONE',  ( -0.4999999999999999400, 0.07919222016226822000, 0.08493728592265770100 ) ) ;
#3853 = DIRECTION ( 'NONE',  ( 1.000000000000000000, 0.0000000000000000000, 0.0000000000000000000 ) ) ;
#3854 = CARTESIAN_POINT ( 'NONE',  ( 0.1159978520097403700, -0.1591047346663600200, 0.3232920491957602700 ) ) ;
#3855 = ORIENTED_EDGE ( 'NONE', *, *, #1435, .T. ) ;
#3856 = CARTESIAN_POINT ( 'NONE',  ( 0.3798840705629740200, -0.3250972144357538500, -0.3211519359870705900 ) ) ;
#3857 = DIRECTION ( 'NONE',  ( 9.795821821337355400E-017, -1.000000000000000000, -0.0000000000000000000 ) ) ;
#3858 = CARTESIAN_POINT ( 'NONE',  ( 0.09159459914376125200, 0.4915387304410289700, -0.3688587090200592400 ) ) ;
#3859 = CARTESIAN_POINT ( 'NONE',  ( -0.1157057583252899800, 0.1592553138533361100, -0.1024999999999999900 ) ) ;
#3860 = ORIENTED_EDGE ( 'NONE', *, *, #5752, .F. ) ;
#3861 = ORIENTED_EDGE ( 'NONE', *, *, #3098, .T. ) ;
#3862 = CARTESIAN_POINT ( 'NONE',  ( 0.04100000000000003600, 0.4180000000000000400, 0.3213286389632252800 ) ) ;
#3863 =( BOUNDED_CURVE ( )  B_SPLINE_CURVE ( 2, ( #394, #372, #1829, #1874, #1343 ),
 .UNSPECIFIED., .F., .F. ) 
 B_SPLINE_CURVE_WITH_KNOTS ( ( 3, 2, 3 ),
 ( 0.08327224239572411600, 0.1000000000000000100, 0.1250000000000000300 ),
 .UNSPECIFIED. ) 
 CURVE ( )  GEOMETRIC_REPRESENTATION_ITEM ( )  RATIONAL_B_SPLINE_CURVE ( ( 0.9782076199945163300, 0.9836257053655299600, 1.000000000000000000, 0.9755282581475768200, 0.9755282581475768200 ) ) 
 REPRESENTATION_ITEM ( '' )  );
#3864 = CARTESIAN_POINT ( 'NONE',  ( 0.1157057583252900100, 0.1592553138533361100, 0.05250000000000004000 ) ) ;
#3865 = CARTESIAN_POINT ( 'NONE',  ( 0.06396057012458782100, -0.1968503937007874700, 0.06750000000000001800 ) ) ;
#3866 = CARTESIAN_POINT ( 'NONE',  ( 0.04635995915082462300, 0.4979756824774338500, 0.2662624598837742800 ) ) ;
#3867 = ORIENTED_EDGE ( 'NONE', *, *, #4271, .T. ) ;
#3868 = EDGE_CURVE ( 'NONE', #4068, #3065, #5810, .T. ) ;
#3869 = ORIENTED_EDGE ( 'NONE', *, *, #66, .T. ) ;
#3870 = ADVANCED_FACE ( 'NONE', ( #3483 ), #5387, .F. ) ;
#3871 = DIRECTION ( 'NONE',  ( 0.0000000000000000000, 0.0000000000000000000, -1.000000000000000000 ) ) ;
#3872 = CARTESIAN_POINT ( 'NONE',  ( -0.1157057583252900500, -0.1592553138533361100, -0.04749999999999995200 ) ) ;
#3873 = ORIENTED_EDGE ( 'NONE', *, *, #5337, .T. ) ;
#3874 = CARTESIAN_POINT ( 'NONE',  ( 0.1677886987390780300, -0.1030846394134794400, 0.2629971154645914200 ) ) ;
#3875 = CARTESIAN_POINT ( 'NONE',  ( 0.02158124561657935600, 0.1560861329376332900, -0.2657050799589571500 ) ) ;
#3876 = ORIENTED_EDGE ( 'NONE', *, *, #4283, .F. ) ;
#3877 = VECTOR ( 'NONE', #2208, 39.37007874015748900 ) ;
#3878 = AXIS2_PLACEMENT_3D ( 'NONE', #5462, #3230, #1796 ) ;
#3879 = CARTESIAN_POINT ( 'NONE',  ( 0.3865598552538101500, -0.3175277258940453200, -0.2978365846163104100 ) ) ;
#3880 = CARTESIAN_POINT ( 'NONE',  ( 6.123233995736766000E-017, 0.5000000000000000000, -0.01249999999999996900 ) ) ;
#3881 = EDGE_LOOP ( 'NONE', ( #2493, #5791, #2031, #2613 ) ) ;
#3882 = DIRECTION ( 'NONE',  ( 0.8660254037844363800, -0.5000000000000038900, -0.0000000000000000000 ) ) ;
#3883 = DATE_AND_TIME ( #1767, #4934 ) ;
#3884 = ORIENTED_EDGE ( 'NONE', *, *, #3921, .F. ) ;
#3885 = DIRECTION ( 'NONE',  ( 1.000000000000000000, 0.0000000000000000000, 0.0000000000000000000 ) ) ;
#3886 = VECTOR ( 'NONE', #2976, 39.37007874015748100 ) ;
#3887 = CARTESIAN_POINT ( 'NONE',  ( 0.0000000000000000000, 0.1968503937007874100, -0.1374999999999999600 ) ) ;
#3888 = ORIENTED_EDGE ( 'NONE', *, *, #2774, .T. ) ;
#3889 = ORIENTED_EDGE ( 'NONE', *, *, #5391, .F. ) ;
#3890 = CARTESIAN_POINT ( 'NONE',  ( -0.1624598481164530900, 0.5000000000000000000, 0.1175000000000000200 ) ) ;
#3891 = CARTESIAN_POINT ( 'NONE',  ( 2.410722045565656100E-017, 0.1968503937007874100, 0.03749999999999995700 ) ) ;
#3892 = CARTESIAN_POINT ( 'NONE',  ( 0.5000000000000001100, -3.500472655261351000E-017, -0.01249999999999998700 ) ) ;
#3893 = AXIS2_PLACEMENT_3D ( 'NONE', #261, #2668, #5868 ) ;
#3894 = B_SPLINE_CURVE_WITH_KNOTS ( 'NONE', 3,
 ( #189, #5310, #5874, #3569, #265, #4887, #762, #3134, #2673, #249, #4530, #5361 ),
 .UNSPECIFIED., .F., .F.,
 ( 4, 2, 2, 2, 2, 4 ),
 ( 0.0000000000000000000, 0.1250000000000000000, 0.2500000000000000000, 0.3750000000000000000, 0.5000000000000000000, 0.5000092972682515000 ),
 .UNSPECIFIED. ) ;
#3895 = FACE_OUTER_BOUND ( 'NONE', #4725, .T. ) ;
#3896 = VERTEX_POINT ( 'NONE', #4915 ) ;
#3897 = EDGE_LOOP ( 'NONE', ( #1766, #3999, #5080, #4599 ) ) ;
#3898 = CARTESIAN_POINT ( 'NONE',  ( 0.3386962325509004200, -0.1008609168896775800, -0.3449999999999999200 ) ) ;
#3899 = DIRECTION ( 'NONE',  ( -0.8660254037844363800, 0.5000000000000038900, 0.0000000000000000000 ) ) ;
#3900 = CARTESIAN_POINT ( 'NONE',  ( -0.01093299709319095700, 0.1571915022920301100, -0.2635507942147085600 ) ) ;
#3901 = VERTEX_POINT ( 'NONE', #2593 ) ;
#3902 = CARTESIAN_POINT ( 'NONE',  ( 0.4755282581475768200, 0.1545084971874736700, -0.007499999999999988400 ) ) ;
#3903 = CARTESIAN_POINT ( 'NONE',  ( -0.04284602903435818400, 0.4910880711174831500, 0.4181420472010563500 ) ) ;
#3904 = CARTESIAN_POINT ( 'NONE',  ( -4.897910910668677100E-017, 0.5000000000000000000, 0.3449999999999999200 ) ) ;
#3905 = CARTESIAN_POINT ( 'NONE',  ( 0.08200000000000007300, 0.3437500000000000600, -0.3449999999999999200 ) ) ;
#3906 = EDGE_CURVE ( 'NONE', #4428, #3748, #2968, .T. ) ;
#3907 = CARTESIAN_POINT ( 'NONE',  ( 0.4330127018922182400, -0.2500000000000020000, -0.3449999999999999200 ) ) ;
#3908 = FACE_OUTER_BOUND ( 'NONE', #2570, .T. ) ;
#3909 = CARTESIAN_POINT ( 'NONE',  ( 0.0000000000000000000, -0.1968503937007874100, -0.06250000000000005600 ) ) ;
#3910 = AXIS2_PLACEMENT_3D ( 'NONE', #5944, #869, #4125 ) ;
#3911 = CARTESIAN_POINT ( 'NONE',  ( 0.2976962325509001100, -0.1718750000000014200, 0.3449999999999999200 ) ) ;
#3912 = CARTESIAN_POINT ( 'NONE',  ( 0.4755282581475768200, 0.1545084971874736700, 0.1424999999999999900 ) ) ;
#3913 = DIRECTION ( 'NONE',  ( -9.795821821337355400E-017, 1.000000000000000000, -0.0000000000000000000 ) ) ;
#3914 = CARTESIAN_POINT ( 'NONE',  ( -0.2938926261462365100, 0.4045084971874737300, -0.07749999999999999900 ) ) ;
#3915 = CARTESIAN_POINT ( 'NONE',  ( -0.04100000000000009200, 0.5000000000000000000, 0.3213286389632253300 ) ) ;
#3916 = CARTESIAN_POINT ( 'NONE',  ( -0.2938926261462365700, 0.4045084971874737300, -0.1275000000000000000 ) ) ;
#3917 = CARTESIAN_POINT ( 'NONE',  ( 0.4253254041760198800, 0.3090169943749474000, -0.1274999999999999500 ) ) ;
#3918 = CARTESIAN_POINT ( 'NONE',  ( -0.1968503937007873800, 3.281693114307516800E-017, 0.08750000000000003600 ) ) ;
#3919 = DIRECTION ( 'NONE',  ( 0.9659258262890689800, 0.2588190451025180200, 0.0000000000000000000 ) ) ;
#3921 = EDGE_CURVE ( 'NONE', #5020, #2181, #2229, .T. ) ;
#3920 = CARTESIAN_POINT ( 'NONE',  ( 0.1624598481164530600, -0.5000000000000001100, -0.1074999999999999600 ) ) ;
#3922 = CLOSED_SHELL ( 'NONE', ( #2441, #1978, #2283, #2248, #482, #271, #63, #3307, #3428, #5062, #1437, #5978, #4172, #1228, #2013, #2607, #5193, #5311, #383, #4079, #3785, #5421, #157, #350, #414, #4768, #4708, #3156, #881, #3120, #5128, #2403, #4205, #1559, #1895, #2123, #1866, #1618, #4996, #4330, #4971, #3403, #1773, #854, #1830, #3085, #5216, #603, #4646, #5163, #5946, #817, #5459, #4685, #3720, #2616, #4737, #1500, #4235, #755, #1526, #4586, #1371, #1347, #5581 ) ) ;
#3923 = DIRECTION ( 'NONE',  ( 0.0000000000000000000, 0.0000000000000000000, -1.000000000000000000 ) ) ;
#3924 = ADVANCED_FACE ( 'NONE', ( #1727 ), #212, .F. ) ;
#3925 = VERTEX_POINT ( 'NONE', #4434 ) ;
#3926 = AXIS2_PLACEMENT_3D ( 'NONE', #788, #851, #1323 ) ;
#3927 = ORIENTED_EDGE ( 'NONE', *, *, #5679, .F. ) ;
#3928 = CARTESIAN_POINT ( 'NONE',  ( 0.1139824445707191000, -0.1604932392028959300, 0.3503966794622220300 ) ) ;
#3929 = CARTESIAN_POINT ( 'NONE',  ( 0.4253254041760198800, 0.3090169943749474000, 0.1474999999999999900 ) ) ;
#3930 = CARTESIAN_POINT ( 'NONE',  ( 0.4396048133174910700, -0.2259144557467324100, -0.3783969712939596600 ) ) ;
#3931 = VERTEX_POINT ( 'NONE', #5853 ) ;
#3932 = CARTESIAN_POINT ( 'NONE',  ( 0.0000000000000000000, -0.1968503937007874100, -0.1374999999999999600 ) ) ;
#3933 = VERTEX_POINT ( 'NONE', #4869 ) ;
#3934 = CARTESIAN_POINT ( 'NONE',  ( 0.4714826336685799000, -0.1664452743478358800, 0.3687516666912323300 ) ) ;
#3935 = DIRECTION ( 'NONE',  ( -0.5000000000000002200, -4.897910910668680200E-017, 0.8660254037844386000 ) ) ;
#3936 =( BOUNDED_CURVE ( )  B_SPLINE_CURVE ( 2, ( #3966, #1614, #4409, #4839, #5322, #3106, #693, #3920, #3061, #3025, #5772, #1154, #257 ),
 .UNSPECIFIED., .F., .T. ) 
 B_SPLINE_CURVE_WITH_KNOTS ( ( 3, 2, 2, 2, 2, 2, 3 ),
 ( 0.1250000000000000000, 0.1499999999999999900, 0.2000000000000000100, 0.2500000000000000000, 0.2999999999999999900, 0.3499999999999999800, 0.3750000000000000000 ),
 .UNSPECIFIED. ) 
 CURVE ( )  GEOMETRIC_REPRESENTATION_ITEM ( )  RATIONAL_B_SPLINE_CURVE ( ( 0.9755282581475768200, 0.9755282581475768200, 1.000000000000000000, 0.9510565162951535300, 1.000000000000000000, 0.9510565162951535300, 1.000000000000000000, 0.9510565162951535300, 1.000000000000000000, 0.9510565162951535300, 1.000000000000000000, 0.9755282581475768200, 0.9755282581475768200 ) ) 
 REPRESENTATION_ITEM ( '' )  );
#3937 = CARTESIAN_POINT ( 'NONE',  ( 0.1624598481164530900, -0.5000000000000000000, -0.05749999999999996800 ) ) ;
#3938 = CARTESIAN_POINT ( 'NONE',  ( -0.06396057012458784800, 0.1968503937007874100, -0.1575000000000000300 ) ) ;
#3939 = ORIENTED_EDGE ( 'NONE', *, *, #794, .F. ) ;
#3940 = CARTESIAN_POINT ( 'NONE',  ( 0.4740127018922186700, -0.1789859168896781900, 0.3450000000000004700 ) ) ;
#3941 = ORIENTED_EDGE ( 'NONE', *, *, #1257, .F. ) ;
#3942 = CARTESIAN_POINT ( 'NONE',  ( -0.08200000000000008700, 0.4846770714133428200, -0.3449999999999999200 ) ) ;
#3943 = CARTESIAN_POINT ( 'NONE',  ( -5.549066237130535000E-017, 0.5000000000000000000, -0.2976572779264505800 ) ) ;
#3944 = CYLINDRICAL_SURFACE ( 'NONE', #1212, 0.08200000000000008700 ) ;
#3945 = EDGE_CURVE ( 'NONE', #3539, #2181, #2401, .T. ) ;
#3946 = VERTEX_POINT ( 'NONE', #2573 ) ;
#3947 = ORIENTED_EDGE ( 'NONE', *, *, #4211, .F. ) ;
#3948 = CARTESIAN_POINT ( 'NONE',  ( 0.06396057012458789000, 0.1968503937007874400, 0.05750000000000003700 ) ) ;
#3949 = CIRCLE ( 'NONE', #3967, 0.08200000000000005900 ) ;
#3950 = CARTESIAN_POINT ( 'NONE',  ( 0.08200000014553582300, 0.4846770712601789500, -0.3449999999989081800 ) ) ;
#3951 = CYLINDRICAL_SURFACE ( 'NONE', #191, 0.1968503937007874100 ) ;
#3952 = EDGE_LOOP ( 'NONE', ( #195, #2404 ) ) ;
#3953 = CARTESIAN_POINT ( 'NONE',  ( -0.1674509465259921000, 0.1216602340058848300, -0.07249999999999995300 ) ) ;
#3954 = CARTESIAN_POINT ( 'NONE',  ( 0.08169323292007198100, 0.4935372289600981600, 0.3921886146924558600 ) ) ;
#3955 = AXIS2_PLACEMENT_3D ( 'NONE', #1582, #3923, #3968 ) ;
#3956 = CARTESIAN_POINT ( 'NONE',  ( 0.2938926261462365100, -0.4045084971874737300, 0.07250000000000000900 ) ) ;
#3957 = VECTOR ( 'NONE', #1389, 39.37007874015748100 ) ;
#3958 = ORIENTED_EDGE ( 'NONE', *, *, #5512, .F. ) ;
#3959 = CARTESIAN_POINT ( 'NONE',  ( -0.1624598481164530900, 0.5000000000000001100, -0.1074999999999999700 ) ) ;
#3960 = ORIENTED_EDGE ( 'NONE', *, *, #5470, .F. ) ;
#3961 = VERTEX_POINT ( 'NONE', #4116 ) ;
#3962 = DIRECTION ( 'NONE',  ( 0.0000000000000000000, -1.000000000000000000, 1.126443815569355400E-016 ) ) ;
#3963 = CARTESIAN_POINT ( 'NONE',  ( 0.06396057012458784800, -0.1968503937007874400, -0.007500000000000036200 ) ) ;
#3964 = CARTESIAN_POINT ( 'NONE',  ( -0.04284602903435818400, 0.4910880711174831500, -0.4181420472010563500 ) ) ;
#3965 = ORIENTED_EDGE ( 'NONE', *, *, #2084, .F. ) ;
#3966 = CARTESIAN_POINT ( 'NONE',  ( -0.5000000000000001100, 3.500472655261351000E-017, -0.1374999999999999600 ) ) ;
#3967 = AXIS2_PLACEMENT_3D ( 'NONE', #570, #2453, #3853 ) ;
#3968 = DIRECTION ( 'NONE',  ( -1.000000000000000000, 0.0000000000000000000, 0.0000000000000000000 ) ) ;
#3969 = EDGE_LOOP ( 'NONE', ( #2954, #692, #1254, #4426, #47, #3735, #3208, #5418, #2195, #1206 ) ) ;
#3970 = CYLINDRICAL_SURFACE ( 'NONE', #3878, 0.5000000000000000000 ) ;
#3971 = CARTESIAN_POINT ( 'NONE',  ( 0.1368252692629489100, -0.1415785913836357700, 0.4067657574376777300 ) ) ;
#3972 = CARTESIAN_POINT ( 'NONE',  ( 0.2938926261462365700, -0.4045084971874737300, 0.02249999999999999900 ) ) ;
#3973 = CARTESIAN_POINT ( 'NONE',  ( -0.1704774416898503800, 0.09842519685039334600, 0.004191306063588581100 ) ) ;
#3974 = CIRCLE ( 'NONE', #264, 0.08200000000000005900 ) ;
#3975 = CARTESIAN_POINT ( 'NONE',  ( -0.1872158496644003300, -0.06083011700294237200, -0.05749999999999994700 ) ) ;
#3976 = CARTESIAN_POINT ( 'NONE',  ( 0.4377619390268856500, -0.2278163215146533600, 0.4270049947112145600 ) ) ;
#3977 = LINE ( 'NONE', #3733, #5708 ) ;
#3978 = EDGE_CURVE ( 'NONE', #5235, #1179, #2088, .T. ) ;
#3979 = CARTESIAN_POINT ( 'NONE',  ( 0.1872158496644003300, -0.06083011700294241300, 0.1074999999999999600 ) ) ;
#3980 = CARTESIAN_POINT ( 'NONE',  ( 0.4999999999999999400, -0.07919222016226816500, -0.04006271407734225700 ) ) ;
#3981 = CARTESIAN_POINT ( 'NONE',  ( 0.07907730016977342100, -0.1362013792251954300, -0.3694793466890375900 ) ) ;
#3982 = AXIS2_PLACEMENT_3D ( 'NONE', #3018, #2098, #5799 ) ;
#3983 = CARTESIAN_POINT ( 'NONE',  ( -0.08200000000000008700, 0.4846770714133428200, -0.3449999999999999200 ) ) ;
#3984 = AXIS2_PLACEMENT_3D ( 'NONE', #3312, #5166, #4227 ) ;
#3985 = PLANE ( 'NONE',  #2488 ) ;
#3986 = EDGE_CURVE ( 'NONE', #3153, #1608, #4122, .T. ) ;
#3987 = CARTESIAN_POINT ( 'NONE',  ( 0.4039095483405236700, -0.2825939320086451300, 0.4181765065577394100 ) ) ;
#3988 = CARTESIAN_POINT ( 'NONE',  ( 0.3848743298577052000, -0.3066689619663401400, 0.3021806233536250600 ) ) ;
#3989 = CARTESIAN_POINT ( 'NONE',  ( 0.3116329386826367500, -0.08523591688967750700, 0.3450000000000004700 ) ) ;
#3990 = CARTESIAN_POINT ( 'NONE',  ( 0.1157057583252900000, -0.1592553138533361100, -0.05250000000000000500 ) ) ;
#3991 = EDGE_LOOP ( 'NONE', ( #653, #3228, #4678 ) ) ;
#3992 = AXIS2_PLACEMENT_3D ( 'NONE', #2250, #2275, #3642 ) ;
#3993 = PLANE ( 'NONE',  #5838 ) ;
#3994 = CARTESIAN_POINT ( 'NONE',  ( -0.08200000000000007300, 0.1344472000455911000, -0.3450000000000000300 ) ) ;
#3995 = CARTESIAN_POINT ( 'NONE',  ( 0.04778569217984852300, 0.4980449451207842300, -0.4256002857247431800 ) ) ;
#3996 = CARTESIAN_POINT ( 'NONE',  ( -0.04099999999999999500, 0.4180000000000000400, 0.3213286389632252800 ) ) ;
#3997 = VERTEX_POINT ( 'NONE', #1803 ) ;
#3998 = DIRECTION ( 'NONE',  ( 0.4330127018922230200, 0.7499999999999984500, -0.4999999999999991100 ) ) ;
#3999 = ORIENTED_EDGE ( 'NONE', *, *, #5050, .T. ) ;
#4000 = ORIENTED_EDGE ( 'NONE', *, *, #1227, .F. ) ;
#4001 = CARTESIAN_POINT ( 'NONE',  ( 0.4330127018922199100, -0.2499999999999990000, 0.004191306063588620200 ) ) ;
#4002 = CARTESIAN_POINT ( 'NONE',  ( 0.1968503937007873800, 0.03117803943396382100, 0.1150627140773422400 ) ) ;
#4003 = EDGE_LOOP ( 'NONE', ( #3884, #5718, #1753, #281 ) ) ;
#4004 = CARTESIAN_POINT ( 'NONE',  ( 0.3848828742792038100, -0.3066595094607941800, 0.3878422549389333700 ) ) ;
#4005 = CARTESIAN_POINT ( 'NONE',  ( 0.4038951253470163800, -0.2826136808131316000, 0.2718373658187232500 ) ) ;
#4006 = ORIENTED_EDGE ( 'NONE', *, *, #870, .T. ) ;
#4007 = CARTESIAN_POINT ( 'NONE',  ( -0.4755282581475768200, -0.1545084971874736700, 0.04249999999999999600 ) ) ;
#4008 = EDGE_CURVE ( 'NONE', #3326, #5351, #1801, .T. ) ;
#4009 = ORIENTED_EDGE ( 'NONE', *, *, #4218, .T. ) ;
#4010 = CARTESIAN_POINT ( 'NONE',  ( -0.08200000000000007300, 0.1344472000455911000, -0.3450000000000000300 ) ) ;
#4011 = FACE_OUTER_BOUND ( 'NONE', #588, .T. ) ;
#4012 = DIRECTION ( 'NONE',  ( 0.5000000000000044400, 0.8660254037844360400, 0.0000000000000000000 ) ) ;
#4013 = ORIENTED_EDGE ( 'NONE', *, *, #3184, .T. ) ;
#4014 = CARTESIAN_POINT ( 'NONE',  ( 0.06396057012458789000, 0.1968503937007874400, 0.03249999999999996600 ) ) ;
#4015 = ORIENTED_EDGE ( 'NONE', *, *, #465, .T. ) ;
#4016 = CARTESIAN_POINT ( 'NONE',  ( 0.04100000000000003600, 0.4936567532223499200, -0.3366657112249573100 ) ) ;
#4017 = CARTESIAN_POINT ( 'NONE',  ( 3.165595767079993500E-017, 0.1968503937007874100, 0.004166666666666713400 ) ) ;
#4018 = CARTESIAN_POINT ( 'NONE',  ( 0.1425894913199130500, -0.06702156968193563600, -0.4260731650299060500 ) ) ;
#4019 = EDGE_CURVE ( 'NONE', #3287, #5748, #555, .T. ) ;
#4020 = VECTOR ( 'NONE', #4139, 39.37007874015748100 ) ;
#4021 = CIRCLE ( 'NONE', #1470, 0.2168503937007871000 ) ;
#4022 = ORIENTED_EDGE ( 'NONE', *, *, #4174, .T. ) ;
#4023 = DIRECTION ( 'NONE',  ( 1.758688375849877300E-016, -1.000000000000000000, 0.0000000000000000000 ) ) ;
#4025 = EDGE_CURVE ( 'NONE', #2240, #371, #1781, .T. ) ;
#4024 = PLANE ( 'NONE',  #3194 ) ;
#4026 = CARTESIAN_POINT ( 'NONE',  ( -0.04282819140506070200, 0.4910897912246144900, -0.2718495292820866700 ) ) ;
#4027 = CONICAL_SURFACE ( 'NONE', #5262, 0.07216000000000008500, 0.7853981633974482800 ) ;
#4028 = ORIENTED_EDGE ( 'NONE', *, *, #2035, .T. ) ;
#4029 = EDGE_LOOP ( 'NONE', ( #3729, #263, #6023, #3790, #524 ) ) ;
#4030 = CARTESIAN_POINT ( 'NONE',  ( 0.4210048971023351800, -0.2707971850605912500, 0.4353133978974372800 ) ) ;
#4031 = PLANE ( 'NONE',  #4879 ) ;
#4032 = AXIS2_PLACEMENT_3D ( 'NONE', #2518, #5780, #2955 ) ;
#4033 = CARTESIAN_POINT ( 'NONE',  ( -0.07542860758878224000, 0.4860737376342024700, 0.3776087122766845800 ) ) ;
#4034 = CARTESIAN_POINT ( 'NONE',  ( -0.06396057012458791800, -0.1968503937007874100, 0.08249999999999996200 ) ) ;
#4035 = VERTEX_POINT ( 'NONE', #2695 ) ;
#4036 = VERTEX_POINT ( 'NONE', #335 ) ;
#4037 = CARTESIAN_POINT ( 'NONE',  ( 0.5000000000000001100, -9.626299801968714300E-017, -0.06249999999999997900 ) ) ;
#4038 = CARTESIAN_POINT ( 'NONE',  ( 0.4755282581475767700, -0.1545084971874737300, 0.1075000000000000000 ) ) ;
#4039 = CARTESIAN_POINT ( 'NONE',  ( -0.08167261133679093500, 0.4935358578914341700, -0.2978168095221691000 ) ) ;
#4040 = CARTESIAN_POINT ( 'NONE',  ( -0.1704774416898503800, 0.09842519685039331800, 0.0000000000000000000 ) ) ;
#4041 = LINE ( 'NONE', #5230, #2749 ) ;
#4042 = AXIS2_PLACEMENT_3D ( 'NONE', #5079, #4193, #1451 ) ;
#4043 =( BOUNDED_CURVE ( )  B_SPLINE_CURVE ( 2, ( #5783, #661, #3916, #2627, #1701, #237, #5878 ),
 .UNSPECIFIED., .F., .T. ) 
 B_SPLINE_CURVE_WITH_KNOTS ( ( 3, 2, 2, 3 ),
 ( 0.0000000000000000000, 0.05000000000000000300, 0.1000000000000000100, 0.1250000000000000000 ),
 .UNSPECIFIED. ) 
 CURVE ( )  GEOMETRIC_REPRESENTATION_ITEM ( )  RATIONAL_B_SPLINE_CURVE ( ( 1.000000000000000000, 0.9510565162951535300, 1.000000000000000000, 0.9510565162951535300, 1.000000000000000000, 0.9755282581475768200, 0.9755282581475768200 ) ) 
 REPRESENTATION_ITEM ( '' )  );
#4044 = CARTESIAN_POINT ( 'NONE',  ( -0.1704774416898503800, 0.09842519685039334600, 0.004191306063588581100 ) ) ;
#4045 = LINE ( 'NONE', #4694, #4964 ) ;
#4046 = CARTESIAN_POINT ( 'NONE',  ( 0.3824986187818946700, -0.1734929584448398300, -0.3213286389632252800 ) ) ;
#4047 = CARTESIAN_POINT ( 'NONE',  ( 0.1872158496644003300, -0.06083011700294243400, -0.09249999999999999900 ) ) ;
#4048 = DIRECTION ( 'NONE',  ( -9.795821821337355400E-017, 1.000000000000000000, 0.0000000000000000000 ) ) ;
#4049 = DIRECTION ( 'NONE',  ( -0.0000000000000000000, -0.0000000000000000000, -1.000000000000000000 ) ) ;
#4050 = CIRCLE ( 'NONE', #2369, 0.08200000000000005900 ) ;
#4051 = CARTESIAN_POINT ( 'NONE',  ( 0.4450686089038021800, -0.2291191931102359900, 0.2546760282106665900 ) ) ;
#4052 = EDGE_CURVE ( 'NONE', #4992, #879, #5148, .T. ) ;
#4053 = CARTESIAN_POINT ( 'NONE',  ( -0.1624598481164531700, -0.5000000000000000000, 0.007500000000000022300 ) ) ;
#4054 = DIRECTION ( 'NONE',  ( 0.5000000000000036600, 0.8660254037844366000, 0.0000000000000000000 ) ) ;
#4055 = CARTESIAN_POINT ( 'NONE',  ( 0.4330127018922182400, -0.2500000000000020000, 0.3449999999999999200 ) ) ;
#4056 = CARTESIAN_POINT ( 'NONE',  ( -0.1968503937007873800, 0.03117803943396384200, -0.04006271407734232600 ) ) ;
#4057 = EDGE_CURVE ( 'NONE', #1466, #601, #4551, .T. ) ;
#4058 = CARTESIAN_POINT ( 'NONE',  ( 0.3787426562703870600, -0.3133526188664534900, 0.3449999999989075700 ) ) ;
#4059 = CARTESIAN_POINT ( 'NONE',  ( 0.4080861548577792200, -0.2891276666858146900, 0.4237414556600021000 ) ) ;
#4060 = CARTESIAN_POINT ( 'NONE',  ( 1.763966371287633000E-016, 0.4180000000000000400, 0.3923427220735491400 ) ) ;
#4061 = DIRECTION ( 'NONE',  ( -0.7071067811865473500, -0.7071067811865475700, 8.659560562354932900E-017 ) ) ;
#4062 = CARTESIAN_POINT ( 'NONE',  ( 0.1872158496644003300, -0.06083011700294241300, 0.03250000000000003600 ) ) ;
#4063 = ORIENTED_EDGE ( 'NONE', *, *, #801, .F. ) ;
#4064 = CARTESIAN_POINT ( 'NONE',  ( -0.4253254041760198800, -0.3090169943749474000, -0.1024999999999999500 ) ) ;
#4065 = CARTESIAN_POINT ( 'NONE',  ( -0.06396057012458789000, -0.1968503937007874400, -0.01749999999999999800 ) ) ;
#4066 = CARTESIAN_POINT ( 'NONE',  ( 0.5000000000000001100, 1.400189062104540400E-016, -0.1374999999999999600 ) ) ;
#4067 = AXIS2_PLACEMENT_3D ( 'NONE', #111, #2917, #2962 ) ;
#4068 = VERTEX_POINT ( 'NONE', #2238 ) ;
#4069 = CARTESIAN_POINT ( 'NONE',  ( 0.4682508962809229800, -0.1760373727346459500, 0.2978168095221696000 ) ) ;
#4070 = VERTEX_POINT ( 'NONE', #5902 ) ;
#4071 = DIRECTION ( 'NONE',  ( 0.4999999999999992800, 4.897910910668670300E-017, 0.8660254037844391500 ) ) ;
#4072 = CARTESIAN_POINT ( 'NONE',  ( -0.04100000000000000200, 0.4963327969160386500, -0.3286630451311479100 ) ) ;
#4073 = CARTESIAN_POINT ( 'NONE',  ( 0.07769659559656358300, 0.1369998006002196600, -0.3717637985195124700 ) ) ;
#4074 = ORIENTED_EDGE ( 'NONE', *, *, #824, .F. ) ;
#4075 = CARTESIAN_POINT ( 'NONE',  ( 0.4330127018922182400, -0.2500000000000020000, 0.3449999999999999200 ) ) ;
#4076 = ORIENTED_EDGE ( 'NONE', *, *, #2042, .T. ) ;
#4077 = DIRECTION ( 'NONE',  ( -0.0000000000000000000, -0.0000000000000000000, -1.000000000000000000 ) ) ;
#4078 = CARTESIAN_POINT ( 'NONE',  ( -0.2938926261462365700, 0.4045084971874737300, -0.1524999999999999700 ) ) ;
#4079 = ADVANCED_FACE ( 'NONE', ( #1949 ), #2754, .T. ) ;
#4080 = ORIENTED_EDGE ( 'NONE', *, *, #790, .T. ) ;
#4081 = ORIENTED_EDGE ( 'NONE', *, *, #4057, .T. ) ;
#4082 = CARTESIAN_POINT ( 'NONE',  ( 0.3619986187818944900, -0.2090000000000016800, 0.2976572779264506400 ) ) ;
#4083 = CARTESIAN_POINT ( 'NONE',  ( -0.04282819140506073000, 0.4910897912246145500, 0.2718495292820866100 ) ) ;
#4084 = CARTESIAN_POINT ( 'NONE',  ( -0.2938926261462365700, 0.4045084971874737300, -0.02749999999999997900 ) ) ;
#4085 = CARTESIAN_POINT ( 'NONE',  ( 0.2938926261462365100, -0.4045084971874737300, -0.1024999999999999700 ) ) ;
#4086 = CYLINDRICAL_SURFACE ( 'NONE', #2456, 0.1968503937007874100 ) ;
#4087 = CARTESIAN_POINT ( 'NONE',  ( 0.07543469070716955800, -0.1382376831331199300, -0.3449999999999999200 ) ) ;
#4088 = ORIENTED_EDGE ( 'NONE', *, *, #3827, .F. ) ;
#4089 = ORIENTED_EDGE ( 'NONE', *, *, #3838, .F. ) ;
#4090 = CARTESIAN_POINT ( 'NONE',  ( 0.4330127018922199100, -0.2499999999999990000, 0.02919130606358862400 ) ) ;
#4091 = DIRECTION ( 'NONE',  ( 9.795821821337355400E-017, -1.000000000000000000, -0.0000000000000000000 ) ) ;
#4092 = CARTESIAN_POINT ( 'NONE',  ( -0.4253254041760198800, -0.3090169943749473400, -0.002499999999999990500 ) ) ;
#4093 = LINE ( 'NONE', #995, #1485 ) ;
#4094 = EDGE_CURVE ( 'NONE', #1215, #3287, #3049, .T. ) ;
#4095 = FACE_OUTER_BOUND ( 'NONE', #4431, .T. ) ;
#4096 = CARTESIAN_POINT ( 'NONE',  ( -0.07355014187957797900, 0.1392693046710881700, -0.3816428451517869200 ) ) ;
#4097 = VERTEX_POINT ( 'NONE', #993 ) ;
#4098 = CARTESIAN_POINT ( 'NONE',  ( 0.1624598481164531400, 0.5000000000000000000, 0.1324999999999999800 ) ) ;
#4099 = CARTESIAN_POINT ( 'NONE',  ( -0.2069807528028085300, 1.267391582025345100E-017, 0.01249999999999996100 ) ) ;
#4100 = CIRCLE ( 'NONE', #3955, 0.1968503937007874100 ) ;
#4101 = CARTESIAN_POINT ( 'NONE',  ( -0.5000000000000000000, -0.07919222016226809500, -0.1099372859226576800 ) ) ;
#4102 = ORIENTED_EDGE ( 'NONE', *, *, #1625, .T. ) ;
#4103 = CARTESIAN_POINT ( 'NONE',  ( 0.5000000000000000000, 0.07919222016226802600, -0.08493728592265767400 ) ) ;
#4104 = AXIS2_PLACEMENT_3D ( 'NONE', #5082, #1455, #5130 ) ;
#4105 = CIRCLE ( 'NONE', #2278, 0.08200000000000005900 ) ;
#4106 = CARTESIAN_POINT ( 'NONE',  ( -0.07311502739313383000, 0.4866467494221505800, 0.3021626695717839500 ) ) ;
#4107 = ORIENTED_EDGE ( 'NONE', *, *, #5594, .F. ) ;
#4108 = CARTESIAN_POINT ( 'NONE',  ( 0.4253254041760198800, -0.3090169943749474500, -0.07249999999999998100 ) ) ;
#4109 = CARTESIAN_POINT ( 'NONE',  ( -0.1674509465259921000, 0.1216602340058848100, -0.1475000000000000200 ) ) ;
#4111 = EDGE_CURVE ( 'NONE', #2319, #747, #4483, .T. ) ;
#4110 = DIRECTION ( 'NONE',  ( 0.0000000000000000000, 0.0000000000000000000, -1.000000000000000000 ) ) ;
#4112 = CARTESIAN_POINT ( 'NONE',  ( 0.08246387219739795300, -0.1341776626413260500, -0.3114253410914199500 ) ) ;
#4113 = LINE ( 'NONE', #6022, #2892 ) ;
#4114 = ADVANCED_FACE ( 'NONE', ( #3201 ), #932, .F. ) ;
#4115 = DIRECTION ( 'NONE',  ( -1.000000000000000000, 0.0000000000000000000, 0.0000000000000000000 ) ) ;
#4116 = CARTESIAN_POINT ( 'NONE',  ( -0.08200000000000004500, 0.3437500000000000600, 0.3449999999999999200 ) ) ;
#4117 = PLANE ( 'NONE',  #1668 ) ;
#4118 = CARTESIAN_POINT ( 'NONE',  ( -0.02411126272384705700, 0.5000003182928117700, -0.2546760282106656500 ) ) ;
#4119 = CIRCLE ( 'NONE', #3567, 0.04734272207354933700 ) ;
#4120 = CARTESIAN_POINT ( 'NONE',  ( -0.06396057012458784800, 0.1968503937007874100, -0.05750000000000003700 ) ) ;
#4121 = CARTESIAN_POINT ( 'NONE',  ( 0.02145786321752914100, 0.1957493545928377900, 0.2656736227538165100 ) ) ;
#4122 =( BOUNDED_CURVE ( )  B_SPLINE_CURVE ( 2, ( #3073, #1276, #818, #4092, #3672, #4053, #5046 ),
 .UNSPECIFIED., .F., .F. ) 
 B_SPLINE_CURVE_WITH_KNOTS ( ( 3, 2, 2, 3 ),
 ( 0.6250000000000000000, 0.6500000000000000200, 0.6999999999999999600, 0.7500000000000000000 ),
 .UNSPECIFIED. ) 
 CURVE ( )  GEOMETRIC_REPRESENTATION_ITEM ( )  RATIONAL_B_SPLINE_CURVE ( ( 0.9755282581475768200, 0.9755282581475768200, 1.000000000000000000, 0.9510565162951535300, 1.000000000000000000, 0.9510565162951535300, 1.000000000000000000 ) ) 
 REPRESENTATION_ITEM ( '' )  );
#4123 = CARTESIAN_POINT ( 'NONE',  ( 0.2938926261462366200, 0.4045084971874736100, 0.1275000000000000000 ) ) ;
#4124 = CARTESIAN_POINT ( 'NONE',  ( 0.2566962325508997900, -0.2428890831103252500, 0.3449999999999999200 ) ) ;
#4125 = DIRECTION ( 'NONE',  ( 0.5000000000000036600, 0.8660254037844364900, 0.0000000000000000000 ) ) ;
#4126 = CIRCLE ( 'NONE', #4220, 0.1574803149606299200 ) ;
#4127 = CARTESIAN_POINT ( 'NONE',  ( -0.04786084571952704800, 0.4980400522584353400, 0.4255623305788421900 ) ) ;
#4128 = CARTESIAN_POINT ( 'NONE',  ( 0.0000000000000000000, 0.5000000000000000000, -0.03749999999999999200 ) ) ;
#4129 = CARTESIAN_POINT ( 'NONE',  ( -0.06396057012458784800, 0.1968503937007874400, -0.1574999999999999700 ) ) ;
#4130 = DIRECTION ( 'NONE',  ( 0.7071067811865450200, 8.659560562354900800E-017, -0.7071067811865499000 ) ) ;
#4131 = CARTESIAN_POINT ( 'NONE',  ( -6.123233995736766000E-017, -0.5000000000000000000, -0.01249999999999996900 ) ) ;
#4132 = EDGE_CURVE ( 'NONE', #3583, #6015, #486, .T. ) ;
#4133 = B_SPLINE_CURVE_WITH_KNOTS ( 'NONE', 3,
 ( #3066, #3232, #3751, #20, #4641, #2359, #416, #3689, #3726, #2796, #3291, #4665, #900, #2823, #5078, #1880, #1368, #4190, #6011, #1407 ),
 .UNSPECIFIED., .F., .F.,
 ( 4, 2, 2, 2, 2, 2, 2, 2, 2, 4 ),
 ( 0.5000126143251832900, 0.5625110375345354600, 0.5937602491392115500, 0.6250094607438876300, 0.6875078839532397000, 0.7500063071625917600, 0.8125047303719439300, 0.8750031535812959900, 0.9375015767906480500, 1.000000000000000000 ),
 .UNSPECIFIED. ) ;
#4134 = DIRECTION ( 'NONE',  ( 0.8660254037844364900, -0.5000000000000038900, 0.0000000000000000000 ) ) ;
#4135 = CARTESIAN_POINT ( 'NONE',  ( -0.08200000000000008700, 0.4846770714133428200, -0.3449999999999999200 ) ) ;
#4136 = EDGE_CURVE ( 'NONE', #3961, #5001, #5332, .T. ) ;
#4137 = CARTESIAN_POINT ( 'NONE',  ( 0.4330127018922182400, -0.2500000000000020500, 0.3449999999999999200 ) ) ;
#4138 = CARTESIAN_POINT ( 'NONE',  ( 0.4253254041760198800, 0.3090169943749474000, 0.1225000000000000000 ) ) ;
#4139 = DIRECTION ( 'NONE',  ( -3.037509777412724900E-017, 1.000000000000000000, 0.0000000000000000000 ) ) ;
#4140 = DIRECTION ( 'NONE',  ( 0.0000000000000000000, 0.0000000000000000000, 1.000000000000000000 ) ) ;
#4141 = ORIENTED_EDGE ( 'NONE', *, *, #142, .T. ) ;
#4142 = ADVANCED_FACE ( 'NONE', ( #2902 ), #4673, .F. ) ;
#4143 = CARTESIAN_POINT ( 'NONE',  ( -3.131222696365948300E-017, 0.4180000000000000400, 0.2976572779264506400 ) ) ;
#4144 = ORIENTED_EDGE ( 'NONE', *, *, #5828, .T. ) ;
#4145 = CARTESIAN_POINT ( 'NONE',  ( 0.0000000000000000000, -0.1968503937007874100, 0.1125000000000000300 ) ) ;
#4146 = CARTESIAN_POINT ( 'NONE',  ( 0.1674509465259920700, -0.1216602340058848300, -0.09750000000000005900 ) ) ;
#4147 = ORIENTED_EDGE ( 'NONE', *, *, #1411, .F. ) ;
#4148 = CARTESIAN_POINT ( 'NONE',  ( 0.1968503937007873800, -1.093897704769172200E-017, 0.1124999999999999500 ) ) ;
#4149 = EDGE_CURVE ( 'NONE', #3287, #1215, #4126, .T. ) ;
#4150 = CARTESIAN_POINT ( 'NONE',  ( 0.0000000000000000000, 0.0000000000000000000, 0.4999999999999999400 ) ) ;
#4151 = ORIENTED_EDGE ( 'NONE', *, *, #4720, .T. ) ;
#4152 = CARTESIAN_POINT ( 'NONE',  ( 0.03779662597630979700, 0.4981505311451072700, -0.3194791701083326600 ) ) ;
#4153 = EDGE_LOOP ( 'NONE', ( #1350, #4714, #828, #4063, #4727, #3084 ) ) ;
#4154 = CARTESIAN_POINT ( 'NONE',  ( -0.5000000000000001100, 3.500472655261351000E-017, 0.03749999999999999900 ) ) ;
#4155 = CARTESIAN_POINT ( 'NONE',  ( 0.5000000000000001100, 1.400189062104540400E-016, 0.01250000000000000200 ) ) ;
#4156 = AXIS2_PLACEMENT_3D ( 'NONE', #845, #4534, #2259 ) ;
#4157 = CARTESIAN_POINT ( 'NONE',  ( -0.07359354973127292500, 0.1825899253622637600, 0.3084385707018180700 ) ) ;
#4158 = ORIENTED_EDGE ( 'NONE', *, *, #1922, .T. ) ;
#4159 = DIRECTION ( 'NONE',  ( 0.0000000000000000000, 1.000000000000000000, 0.0000000000000000000 ) ) ;
#4160 = ORIENTED_EDGE ( 'NONE', *, *, #2365, .F. ) ;
#4161 = CARTESIAN_POINT ( 'NONE',  ( 1.229195698559069900E-017, 0.3437500000000000600, -0.3449999999999999200 ) ) ;
#4162 = CARTESIAN_POINT ( 'NONE',  ( 0.5000000000000001100, -9.626299801968714300E-017, -0.08749999999999996700 ) ) ;
#4163 = CONICAL_SURFACE ( 'NONE', #4468, 0.1968503937007874100, 0.7853981633974525000 ) ;
#4164 = LINE ( 'NONE', #89, #2723 ) ;
#4165 = PERSON_AND_ORGANIZATION ( #4724, #4453 ) ;
#4166 = ORIENTED_EDGE ( 'NONE', *, *, #2263, .F. ) ;
#4167 = CARTESIAN_POINT ( 'NONE',  ( -0.1968503937007873800, -0.03117803943396382100, -0.009937285922657660900 ) ) ;
#4168 = CARTESIAN_POINT ( 'NONE',  ( 0.1968503937007873800, -0.03117803943396386900, -0.09006271407734232900 ) ) ;
#4169 = CIRCLE ( 'NONE', #2727, 0.05074999999999988500 ) ;
#4170 = VERTEX_POINT ( 'NONE', #1372 ) ;
#4171 = VERTEX_POINT ( 'NONE', #5592 ) ;
#4172 = ADVANCED_FACE ( 'NONE', ( #1658 ), #1594, .F. ) ;
#4173 = CARTESIAN_POINT ( 'NONE',  ( -0.08200000000000007300, 0.5000000000000000000, 0.3449999999999999200 ) ) ;
#4174 = EDGE_CURVE ( 'NONE', #5351, #4707, #3624, .T. ) ;
#4175 = CARTESIAN_POINT ( 'NONE',  ( 0.1968503937007873800, -1.093897704769172200E-017, -0.01249999999999995200 ) ) ;
#4176 = FACE_OUTER_BOUND ( 'NONE', #573, .T. ) ;
#4177 = ORIENTED_EDGE ( 'NONE', *, *, #673, .F. ) ;
#4178 = EDGE_LOOP ( 'NONE', ( #9, #5357, #2859, #5657 ) ) ;
#4179 = DIRECTION ( 'NONE',  ( 1.000000000000000000, 0.0000000000000000000, -0.0000000000000000000 ) ) ;
#4180 = CARTESIAN_POINT ( 'NONE',  ( 0.4607426564757993700, -0.1713244525963499300, 0.3450000000000000300 ) ) ;
#4181 = CARTESIAN_POINT ( 'NONE',  ( 0.08199739835577159200, 0.4846774991985603500, -0.3666611830256159600 ) ) ;
#4182 = CARTESIAN_POINT ( 'NONE',  ( -0.5000000000000000000, 0.0000000000000000000, 0.1899999999999999500 ) ) ;
#4183 = CIRCLE ( 'NONE', #4760, 0.04734272207354933700 ) ;
#4184 = ORIENTED_EDGE ( 'NONE', *, *, #5486, .T. ) ;
#4185 = DIRECTION ( 'NONE',  ( 1.000000000000000000, 0.0000000000000000000, 0.0000000000000000000 ) ) ;
#4186 = DIRECTION ( 'NONE',  ( 0.8660254037844363800, -0.5000000000000038900, 0.0000000000000000000 ) ) ;
#4187 = PLANE ( 'NONE',  #313 ) ;
#4188 = FACE_OUTER_BOUND ( 'NONE', #5074, .T. ) ;
#4189 = CARTESIAN_POINT ( 'NONE',  ( -0.1157057583252900000, 0.1592553138533361100, -0.1274999999999999500 ) ) ;
#4190 = CARTESIAN_POINT ( 'NONE',  ( 0.4604649243123927200, -0.1725036909067654000, 0.3275593506840308600 ) ) ;
#4192 = EDGE_CURVE ( 'NONE', #5540, #3313, #3436, .T. ) ;
#4191 = CARTESIAN_POINT ( 'NONE',  ( 0.1968503937007873800, 0.03117803943396385600, -0.1349372859226577500 ) ) ;
#4193 = DIRECTION ( 'NONE',  ( -1.758688375849877300E-016, 1.000000000000000000, 0.0000000000000000000 ) ) ;
#4194 = B_SPLINE_CURVE_WITH_KNOTS ( 'NONE', 3,
 ( #5577, #1850, #913, #3328, #451, #5092, #5542, #2833 ),
 .UNSPECIFIED., .F., .F.,
 ( 4, 2, 2, 4 ),
 ( 2.544393206594111400E-007, 0.0003107880854811305200, 0.0006213217316416015600, 0.001242389023962543700 ),
 .UNSPECIFIED. ) ;
#4195 = VECTOR ( 'NONE', #5841, 39.37007874015748900 ) ;
#4196 = CARTESIAN_POINT ( 'NONE',  ( 0.4607419883966833400, -0.1713261595088665400, -0.3665640001638630900 ) ) ;
#4197 = AXIS2_PLACEMENT_3D ( 'NONE', #4689, #462, #6032 ) ;
#4198 = CARTESIAN_POINT ( 'NONE',  ( -0.04284602903435818400, 0.4910880711174831500, -0.4181420472010563500 ) ) ;
#4199 = CARTESIAN_POINT ( 'NONE',  ( -0.04640013512284237700, 0.4979713595978093600, 0.4237296604492822300 ) ) ;
#4200 = FACE_OUTER_BOUND ( 'NONE', #1782, .T. ) ;
#4201 = CARTESIAN_POINT ( 'NONE',  ( -0.5000000000000000000, 0.0000000000000000000, 0.1899999999999999500 ) ) ;
#4202 = CARTESIAN_POINT ( 'NONE',  ( -0.06396057012458784800, 0.1968503937007874400, 0.09249999999999995700 ) ) ;
#4203 = CARTESIAN_POINT ( 'NONE',  ( 0.04100000000000003600, 0.4963324184598466000, 0.3286638020435324000 ) ) ;
#4204 = CARTESIAN_POINT ( 'NONE',  ( -0.1624598481164530600, 0.5000000000000001100, -0.08249999999999997600 ) ) ;
#4205 = ADVANCED_FACE ( 'NONE', ( #5125, #1159 ), #4834, .T. ) ;
#4206 = CARTESIAN_POINT ( 'NONE',  ( 0.04781285246814451200, 0.4980422918083631800, 0.2644149940021500200 ) ) ;
#4207 = CARTESIAN_POINT ( 'NONE',  ( 0.0000000000000000000, 0.1968503937007874100, -0.1374999999999999600 ) ) ;
#4208 = CARTESIAN_POINT ( 'NONE',  ( -0.1872158496644003300, -0.06083011700294237200, 0.09250000000000004100 ) ) ;
#4209 = DIRECTION ( 'NONE',  ( -0.0000000000000000000, -0.0000000000000000000, 1.000000000000000000 ) ) ;
#4210 = CARTESIAN_POINT ( 'NONE',  ( -0.1872158496644003300, -0.06083011700294239200, -0.1325000000000000300 ) ) ;
#4211 = EDGE_CURVE ( 'NONE', #3524, #3147, #5198, .T. ) ;
#4212 = B_SPLINE_CURVE_WITH_KNOTS ( 'NONE', 1,
 ( #2961, #1547 ),
 .UNSPECIFIED., .F., .F.,
 ( 2, 2 ),
 ( 0.0000000000000000000, 1.000000000000000000 ),
 .UNSPECIFIED. ) ;
#4213 = ORIENTED_EDGE ( 'NONE', *, *, #5679, .T. ) ;
#4214 = CARTESIAN_POINT ( 'NONE',  ( 0.4038951253470163800, -0.2826136808131316000, -0.2718373658187232500 ) ) ;
#4215 = DIRECTION ( 'NONE',  ( -0.0000000000000000000, -0.0000000000000000000, -1.000000000000000000 ) ) ;
#4216 = CARTESIAN_POINT ( 'NONE',  ( 0.07321362106253208300, 0.4946845474474405600, 0.4005433218117411800 ) ) ;
#4217 = ORIENTED_EDGE ( 'NONE', *, *, #5470, .T. ) ;
#4218 = EDGE_CURVE ( 'NONE', #5970, #3961, #3977, .T. ) ;
#4219 = ORIENTED_EDGE ( 'NONE', *, *, #3136, .T. ) ;
#4220 = AXIS2_PLACEMENT_3D ( 'NONE', #4649, #4215, #4628 ) ;
#4221 = CARTESIAN_POINT ( 'NONE',  ( -0.1624598481164530900, 0.5000000000000000000, -0.007500000000000001500 ) ) ;
#4222 = DIRECTION ( 'NONE',  ( 0.8660254037844364900, -0.5000000000000040000, 0.0000000000000000000 ) ) ;
#4223 = CARTESIAN_POINT ( 'NONE',  ( -0.1968503937007873800, -0.03117803943396382100, -0.1099372859226576400 ) ) ;
#4224 = ORIENTED_EDGE ( 'NONE', *, *, #1728, .F. ) ;
#4225 = EDGE_CURVE ( 'NONE', #3065, #3933, #1890, .T. ) ;
#4226 = ORIENTED_EDGE ( 'NONE', *, *, #5528, .F. ) ;
#4227 = DIRECTION ( 'NONE',  ( -1.000000000000000000, 0.0000000000000000000, 0.0000000000000000000 ) ) ;
#4228 = CARTESIAN_POINT ( 'NONE',  ( -0.06396057012458789000, -0.1968503937007874400, 0.007500000000000055200 ) ) ;
#4229 = CARTESIAN_POINT ( 'NONE',  ( 0.1872158496644003300, -0.06083011700294241300, 0.1325000000000000300 ) ) ;
#4230 = CARTESIAN_POINT ( 'NONE',  ( -0.1157057583252900000, 0.1592553138533361100, 0.09749999999999996200 ) ) ;
#4231 = VERTEX_POINT ( 'NONE', #4769 ) ;
#4232 = AXIS2_PLACEMENT_3D ( 'NONE', #5750, #2460, #5294 ) ;
#4233 =( BOUNDED_CURVE ( )  B_SPLINE_CURVE ( 2, ( #812, #5376, #4062, #2168, #2684 ),
 .UNSPECIFIED., .F., .F. ) 
 B_SPLINE_CURVE_WITH_KNOTS ( ( 3, 2, 3 ),
 ( 0.08327224239572410300, 0.1000000000000000100, 0.1250000000000000300 ),
 .UNSPECIFIED. ) 
 CURVE ( )  GEOMETRIC_REPRESENTATION_ITEM ( )  RATIONAL_B_SPLINE_CURVE ( ( 0.9782076199945162200, 0.9836257053655299600, 1.000000000000000000, 0.9755282581475768200, 0.9755282581475768200 ) ) 
 REPRESENTATION_ITEM ( '' )  );
#4234 = ORIENTED_EDGE ( 'NONE', *, *, #5450, .F. ) ;
#4235 = ADVANCED_FACE ( 'NONE', ( #1882, #635 ), #569, .F. ) ;
#4236 = DIRECTION ( 'NONE',  ( -9.016195738532124400E-017, -1.561650911012346900E-016, 1.000000000000000000 ) ) ;
#4237 = LINE ( 'NONE', #807, #2560 ) ;
#4238 = CARTESIAN_POINT ( 'NONE',  ( 0.08200000000000005900, 0.1789583121851427100, 0.3503966794622221400 ) ) ;
#4239 = ORIENTED_EDGE ( 'NONE', *, *, #5636, .F. ) ;
#4240 = CARTESIAN_POINT ( 'NONE',  ( -0.07325011976405680600, 0.4946792269233671900, 0.4004963847558356500 ) ) ;
#4241 = CALENDAR_DATE ( 2021, 14, 9 ) ;
#4242 = ORIENTED_EDGE ( 'NONE', *, *, #3647, .F. ) ;
#4243 = CARTESIAN_POINT ( 'NONE',  ( -0.07216000000000008500, 0.5000000000000000000, -0.3449999999999999200 ) ) ;
#4244 = FACE_OUTER_BOUND ( 'NONE', #2693, .T. ) ;
#4245 = CARTESIAN_POINT ( 'NONE',  ( 0.3848828742792038100, -0.3066595094607941800, -0.3878422549389333700 ) ) ;
#4246 = CARTESIAN_POINT ( 'NONE',  ( 0.1624598481164530900, -0.5000000000000001100, 0.04250000000000000300 ) ) ;
#4247 = VECTOR ( 'NONE', #5555, 39.37007874015748100 ) ;
#4248 = DIRECTION ( 'NONE',  ( 0.0000000000000000000, -0.0000000000000000000, 1.000000000000000000 ) ) ;
#4249 = ORIENTED_EDGE ( 'NONE', *, *, #4840, .F. ) ;
#4250 = CARTESIAN_POINT ( 'NONE',  ( 0.4755282581475767700, -0.1545084971874737300, -0.1174999999999999800 ) ) ;
#4251 = FACE_OUTER_BOUND ( 'NONE', #3577, .T. ) ;
#4252 = CARTESIAN_POINT ( 'NONE',  ( -0.1624598481164531700, -0.5000000000000000000, 0.1575000000000000000 ) ) ;
#4253 = ORIENTED_EDGE ( 'NONE', *, *, #1006, .T. ) ;
#4254 = ORIENTED_EDGE ( 'NONE', *, *, #1682, .F. ) ;
#4255 = CARTESIAN_POINT ( 'NONE',  ( -0.1872158496644003300, -0.06083011700294239200, -0.1074999999999999400 ) ) ;
#4256 = CARTESIAN_POINT ( 'NONE',  ( -0.06396057012458784800, 0.1968503937007874100, 0.09249999999999997100 ) ) ;
#4257 = CARTESIAN_POINT ( 'NONE',  ( 0.4714820327229823400, -0.1664472674344169800, 0.3331629886451836200 ) ) ;
#4258 = LINE ( 'NONE', #56, #1714 ) ;
#4259 = ORIENTED_EDGE ( 'NONE', *, *, #5084, .F. ) ;
#4260 = EDGE_CURVE ( 'NONE', #156, #4721, #2831, .T. ) ;
#4261 = CARTESIAN_POINT ( 'NONE',  ( 0.06396057012458784800, -0.1968503937007874100, -0.03249999999999994600 ) ) ;
#4262 = CARTESIAN_POINT ( 'NONE',  ( 0.08865471324556346800, 0.4920790351466923200, 0.3683272831994034400 ) ) ;
#4263 = FACE_BOUND ( 'NONE', #3402, .T. ) ;
#4264 = CARTESIAN_POINT ( 'NONE',  ( -0.4253254041760198800, -0.3090169943749473400, -0.02749999999999997900 ) ) ;
#4265 = CARTESIAN_POINT ( 'NONE',  ( 0.2938926261462366200, 0.4045084971874736100, 0.1275000000000000000 ) ) ;
#4266 = CARTESIAN_POINT ( 'NONE',  ( -1.518754888706362500E-017, 0.5000000000000000000, -0.3449999999999999200 ) ) ;
#4267 = DIRECTION ( 'NONE',  ( -1.000000000000000000, 0.0000000000000000000, 0.0000000000000000000 ) ) ;
#4268 = FACE_OUTER_BOUND ( 'NONE', #2882, .T. ) ;
#4269 = ADVANCED_FACE ( 'NONE', ( #4200 ), #2532, .T. ) ;
#4270 = DIRECTION ( 'NONE',  ( 0.8660254037844362700, -0.5000000000000038900, 0.0000000000000000000 ) ) ;
#4271 = EDGE_CURVE ( 'NONE', #3609, #4070, #1441, .T. ) ;
#4272 = CARTESIAN_POINT ( 'NONE',  ( -0.09159750529064449000, 0.4915382966001025600, 0.3449999999999999200 ) ) ;
#4274 = EDGE_CURVE ( 'NONE', #666, #1537, #5186, .T. ) ;
#4273 = CARTESIAN_POINT ( 'NONE',  ( -0.1968503937007873800, 0.03117803943396384200, 0.1099372859226576500 ) ) ;
#4275 = FACE_OUTER_BOUND ( 'NONE', #4751, .T. ) ;
#4276 = DIRECTION ( 'NONE',  ( 0.4330127018922227400, 0.7499999999999980000, -0.5000000000000001100 ) ) ;
#4277 = CARTESIAN_POINT ( 'NONE',  ( 0.4330127018922182400, -0.2500000000000020000, -0.3449999999999999200 ) ) ;
#4278 = B_SPLINE_CURVE_WITH_KNOTS ( 'NONE', 3,
 ( #27, #3777, #1014, #4262, #2339, #1482, #4216, #1907, #1758, #3758, #6021, #360, #842, #4199, #5115, #4240, #7, #3322, #3283, #5597 ),
 .UNSPECIFIED., .F., .F.,
 ( 4, 2, 2, 2, 2, 2, 2, 2, 2, 4 ),
 ( 0.5000000000000000000, 0.5312500000000000000, 0.5625000000000000000, 0.6250000000000000000, 0.6875000000000000000, 0.7500000000000000000, 0.8125000000000000000, 0.8750000000000000000, 0.9375000000000000000, 1.000000000000000000 ),
 .UNSPECIFIED. ) ;
#4279 = CARTESIAN_POINT ( 'NONE',  ( 0.1624598481164532800, 0.5000000000000000000, 0.1074999999999999600 ) ) ;
#4280 = DIRECTION ( 'NONE',  ( -1.000000000000000000, 0.0000000000000000000, -0.0000000000000000000 ) ) ;
#4281 = CARTESIAN_POINT ( 'NONE',  ( 0.1556581580294082200, -0.1206078320056401500, 0.2672523978487765800 ) ) ;
#4282 = CARTESIAN_POINT ( 'NONE',  ( 0.1624598481164530600, -0.5000000000000000000, -0.1574999999999999500 ) ) ;
#4283 = EDGE_CURVE ( 'NONE', #1310, #2626, #403, .T. ) ;
#4284 = PERSON_AND_ORGANIZATION_ROLE ( 'creator' ) ;
#4285 = CARTESIAN_POINT ( 'NONE',  ( 0.09159750513159639600, 0.4915382966297409100, -0.3450053225035648000 ) ) ;
#4286 = CARTESIAN_POINT ( 'NONE',  ( 0.5000000000000001100, -3.500472655261351000E-017, 0.1124999999999999800 ) ) ;
#4287 = CARTESIAN_POINT ( 'NONE',  ( 0.0000000000000000000, 0.3484251968503936900, -0.1374999999999999600 ) ) ;
#4288 = EDGE_LOOP ( 'NONE', ( #4920, #4793, #3742, #5094, #346, #504, #3860, #1312 ) ) ;
#4289 = CARTESIAN_POINT ( 'NONE',  ( 0.4330127018922182400, -0.2500000000000020000, 0.3923427220735493100 ) ) ;
#4290 = CARTESIAN_POINT ( 'NONE',  ( -0.06750317395519851700, 0.4874709610901552500, 0.2965344743393256200 ) ) ;
#4291 = CARTESIAN_POINT ( 'NONE',  ( 0.1574803149606299200, -2.542290164203033400E-017, -0.3678907754341156900 ) ) ;
#4292 = VERTEX_POINT ( 'NONE', #5656 ) ;
#4293 = CARTESIAN_POINT ( 'NONE',  ( 0.06396057012458789000, 0.1968503937007874100, 0.03249999999999995900 ) ) ;
#4294 = CARTESIAN_POINT ( 'NONE',  ( -0.4755282581475768200, -0.1545084971874736700, 0.01749999999999999800 ) ) ;
#4295 = EDGE_LOOP ( 'NONE', ( #4370, #4782, #5802, #3939 ) ) ;
#4296 = ORIENTED_EDGE ( 'NONE', *, *, #1678, .F. ) ;
#4297 = EDGE_CURVE ( 'NONE', #510, #2725, #1366, .T. ) ;
#4298 = ADVANCED_FACE ( 'NONE', ( #5404 ), #2154, .F. ) ;
#4299 = EDGE_LOOP ( 'NONE', ( #868, #2648, #4327, #3568 ) ) ;
#4300 = CARTESIAN_POINT ( 'NONE',  ( 0.5000000000000001100, 1.400189062104540400E-016, 0.03750000000000000600 ) ) ;
#4301 = ORIENTED_EDGE ( 'NONE', *, *, #2907, .F. ) ;
#4302 = CARTESIAN_POINT ( 'NONE',  ( 6.123233995736766000E-017, 0.5000000000000000000, 0.1625000000000000100 ) ) ;
#4303 = CARTESIAN_POINT ( 'NONE',  ( -0.4253254041760198800, 0.3090169943749474500, 0.05249999999999998400 ) ) ;
#4304 = ORIENTED_EDGE ( 'NONE', *, *, #5633, .F. ) ;
#4305 = CARTESIAN_POINT ( 'NONE',  ( -0.1624598481164531700, -0.5000000000000000000, -0.01749999999999996400 ) ) ;
#4306 = ORIENTED_EDGE ( 'NONE', *, *, #2161, .F. ) ;
#4307 = CARTESIAN_POINT ( 'NONE',  ( 0.07313348836551814000, 0.4866481013377593200, 0.3878422549389332100 ) ) ;
#4308 = CARTESIAN_POINT ( 'NONE',  ( -0.04099999999999998800, 0.4180000000000000400, -0.3686713610367743900 ) ) ;
#4309 = DIRECTION ( 'NONE',  ( 1.758688375849876100E-016, -1.000000000000000000, 0.0000000000000000000 ) ) ;
#4310 = CARTESIAN_POINT ( 'NONE',  ( -0.04099999999999999500, 0.4936572779264506400, 0.3449999999999999200 ) ) ;
#4311 = ORIENTED_EDGE ( 'NONE', *, *, #2582, .T. ) ;
#4312 =( BOUNDED_CURVE ( )  B_SPLINE_CURVE ( 1, ( #4090, #1053 ),
 .UNSPECIFIED., .F., .T. ) 
 B_SPLINE_CURVE_WITH_KNOTS ( ( 2, 2 ),
 ( 0.0000000000000000000, 0.007699999999999997600 ),
 .UNSPECIFIED. ) 
 CURVE ( )  GEOMETRIC_REPRESENTATION_ITEM ( )  RATIONAL_B_SPLINE_CURVE ( ( 0.9782076199945180000, 0.9782076199945180000 ) ) 
 REPRESENTATION_ITEM ( '' )  );
#4313 = CARTESIAN_POINT ( 'NONE',  ( -0.07362511536392052400, 0.4864231632664901600, 0.3073356214156522900 ) ) ;
#4314 = VERTEX_POINT ( 'NONE', #3994 ) ;
#4315 = CARTESIAN_POINT ( 'NONE',  ( 0.1157057583252899800, -0.1592553138533361100, 0.07250000000000003700 ) ) ;
#4316 = DIRECTION ( 'NONE',  ( -0.8660254037844384900, 0.0000000000000000000, 0.5000000000000001100 ) ) ;
#4317 = FACE_OUTER_BOUND ( 'NONE', #5101, .T. ) ;
#4318 = B_SPLINE_CURVE_WITH_KNOTS ( 'NONE', 3,
 ( #2948, #1457, #3356, #2891 ),
 .UNSPECIFIED., .F., .F.,
 ( 4, 4 ),
 ( 0.0000000000000000000, 1.000000000000000000 ),
 .UNSPECIFIED. ) ;
#4319 = VECTOR ( 'NONE', #5706, 39.37007874015748100 ) ;
#4320 = ORIENTED_EDGE ( 'NONE', *, *, #36, .F. ) ;
#4321 = CARTESIAN_POINT ( 'NONE',  ( 0.0000000000000000000, 0.5000000000000000000, 0.1124999999999999900 ) ) ;
#4322 = CARTESIAN_POINT ( 'NONE',  ( -0.2168503937007871000, 2.655651405395122800E-017, 0.4999999999999999400 ) ) ;
#4323 = VECTOR ( 'NONE', #5458, 39.37007874015748100 ) ;
#4324 = ORIENTED_EDGE ( 'NONE', *, *, #3433, .F. ) ;
#4325 = CARTESIAN_POINT ( 'NONE',  ( 0.4682508962809229800, -0.1760373727346459500, -0.2978168095221696000 ) ) ;
#4326 = CARTESIAN_POINT ( 'NONE',  ( 0.04778569217984852300, 0.4980449451207842300, -0.4256002857247431800 ) ) ;
#4327 = ORIENTED_EDGE ( 'NONE', *, *, #4260, .T. ) ;
#4328 = CARTESIAN_POINT ( 'NONE',  ( -0.1872158496644003300, 0.06083011700294243400, -0.09249999999999999900 ) ) ;
#4329 = ORIENTED_EDGE ( 'NONE', *, *, #3559, .T. ) ;
#4330 = ADVANCED_FACE ( 'NONE', ( #3274 ), #5738, .T. ) ;
#4331 = CARTESIAN_POINT ( 'NONE',  ( 0.4330127018922182400, -0.2500000000000020500, -0.3449999999999999200 ) ) ;
#4332 = EDGE_CURVE ( 'NONE', #5760, #2267, #24, .T. ) ;
#4333 = CARTESIAN_POINT ( 'NONE',  ( -0.1872158496644003300, 0.06083011700294243400, 0.08250000000000004600 ) ) ;
#4334 = VECTOR ( 'NONE', #4738, 39.37007874015748100 ) ;
#4335 = CARTESIAN_POINT ( 'NONE',  ( -0.1872158496644003300, -0.06083011700294239200, 0.1425000000000000400 ) ) ;
#4336 = DIRECTION ( 'NONE',  ( -3.606478295412809800E-016, 0.0000000000000000000, -1.000000000000000000 ) ) ;
#4337 = CARTESIAN_POINT ( 'NONE',  ( 0.4566840629289931100, -0.2090000000000021000, -0.3449999999999999200 ) ) ;
#4338 = LINE ( 'NONE', #655, #2589 ) ;
#4339 = CARTESIAN_POINT ( 'NONE',  ( 0.4755282581475768200, 0.1545084971874736700, 0.04249999999999999600 ) ) ;
#4340 = EDGE_CURVE ( 'NONE', #4752, #4428, #5044, .T. ) ;
#4341 = CARTESIAN_POINT ( 'NONE',  ( 0.1648196351979316900, -0.1077627240859200900, 0.4264496278107501300 ) ) ;
#4342 = CARTESIAN_POINT ( 'NONE',  ( 0.1139824445707191100, -0.1604932392028958800, 0.3341980308401760700 ) ) ;
#4343 = CARTESIAN_POINT ( 'NONE',  ( 0.4552457602176968000, -0.2075713178895022500, -0.4255623305788414100 ) ) ;
#4344 = FACE_OUTER_BOUND ( 'NONE', #5359, .T. ) ;
#4345 = CARTESIAN_POINT ( 'NONE',  ( 0.04781285246814451200, 0.4980422918083631800, -0.2644149940021500200 ) ) ;
#4346 = CARTESIAN_POINT ( 'NONE',  ( -0.09159750529064442100, 0.4915382966001025600, -0.3449999999999998600 ) ) ;
#4347 = CARTESIAN_POINT ( 'NONE',  ( 0.1968503937007873800, -1.093897704769172200E-017, -0.03750000000000004000 ) ) ;
#4348 = FACE_OUTER_BOUND ( 'NONE', #680, .T. ) ;
#4349 = CARTESIAN_POINT ( 'NONE',  ( -0.1674509465259920700, 0.1216602340058848300, 0.07750000000000002700 ) ) ;
#4350 = CARTESIAN_POINT ( 'NONE',  ( -0.1872158496644003300, -0.06083011700294239200, 0.04250000000000004500 ) ) ;
#4351 = CARTESIAN_POINT ( 'NONE',  ( -0.04641399345631459100, 0.4979706188551968900, 0.2662786849661185600 ) ) ;
#4352 = CARTESIAN_POINT ( 'NONE',  ( 0.4544622029949661500, -0.2087896120034479500, 0.2662786849661192800 ) ) ;
#4353 = DIRECTION ( 'NONE',  ( 0.5000000000000044400, 0.8660254037844360400, 0.0000000000000000000 ) ) ;
#4354 = B_SPLINE_CURVE_WITH_KNOTS ( 'NONE', 3,
 ( #5069, #2008, #2436, #5705, #1096, #1523, #4345, #3821, #5213, #4285 ),
 .UNSPECIFIED., .F., .F.,
 ( 4, 2, 2, 2, 4 ),
 ( 0.0000000000000000000, 0.1250000000000000800, 0.2500000000000000600, 0.3750000000000000000, 0.5000000000000000000 ),
 .UNSPECIFIED. ) ;
#4355 = ADVANCED_FACE ( 'NONE', ( #1877 ), #100, .F. ) ;
#4356 = CARTESIAN_POINT ( 'NONE',  ( 0.1873823540543888300, -0.06048618388865963800, 0.4160348426430295300 ) ) ;
#4357 = CARTESIAN_POINT ( 'NONE',  ( 0.1927764636894806800, -0.04003252538816778200, 0.2907534656556006700 ) ) ;
#4358 = CARTESIAN_POINT ( 'NONE',  ( 0.07153459861954503100, 0.1403736642227745300, -0.3035285938548648600 ) ) ;
#4359 = CARTESIAN_POINT ( 'NONE',  ( 0.3619986187818944900, -0.2090000000000016800, 0.2976572779264506400 ) ) ;
#4360 = ORIENTED_EDGE ( 'NONE', *, *, #5789, .T. ) ;
#4361 = CARTESIAN_POINT ( 'NONE',  ( -0.1157057583252899800, 0.1592553138533361100, -0.07749999999999995800 ) ) ;
#4362 = DIRECTION ( 'NONE',  ( -1.000000000000000000, 0.0000000000000000000, 0.0000000000000000000 ) ) ;
#4363 = DIRECTION ( 'NONE',  ( 0.5000000000000044400, 0.8660254037844360400, 0.0000000000000000000 ) ) ;
#4364 = CARTESIAN_POINT ( 'NONE',  ( 2.410722045565656100E-017, 0.1968503937007874100, -0.01250000000000003700 ) ) ;
#4365 = ORIENTED_EDGE ( 'NONE', *, *, #164, .F. ) ;
#4366 = ORIENTED_EDGE ( 'NONE', *, *, #1865, .F. ) ;
#4367 = PLANE ( 'NONE',  #3067 ) ;
#4368 = DIRECTION ( 'NONE',  ( 0.8660254037844364900, -0.5000000000000040000, 0.0000000000000000000 ) ) ;
#4369 = CARTESIAN_POINT ( 'NONE',  ( -0.01205255161983466300, 0.4999989028269287700, 0.2546810406810481900 ) ) ;
#4370 = ORIENTED_EDGE ( 'NONE', *, *, #4566, .F. ) ;
#4371 = EDGE_CURVE ( 'NONE', #3326, #2119, #2225, .T. ) ;
#4372 = B_SPLINE_SURFACE_WITH_KNOTS ( 'NONE', 1, 3, ( 
 ( #3942, #3502, #710, #3964, #1188, #2104, #5335, #2580, #770, #4986, #827, #5394, #3579, #1225, #1282, #4464, #787, #2228 ),
 ( #1685, #2148, #5906, #5373, #748, #5431, #3995, #2680, #3169, #2660, #4517, #344, #2612, #4540, #3622, #4039, #2164, #277 ) ),
 .UNSPECIFIED., .F., .T., .F.,
 ( 2, 2 ),
 ( 4, 2, 2, 2, 2, 2, 2, 2, 4 ),
 ( 0.0000000000000000000, 1.000000000000000000 ),
 ( -4.898794831103420200E-006, 0.001791992564680663200, 0.003588883924192429800, 0.005385775283704196200, 0.007182666643215963000, 0.008979558002727729800, 0.01077644936223949600, 0.01257334072175126200, 0.01437023208126302900 ),
 .UNSPECIFIED. ) ;
#4373 = ORIENTED_EDGE ( 'NONE', *, *, #2153, .F. ) ;
#4374 = B_SPLINE_CURVE_WITH_KNOTS ( 'NONE', 3,
 ( #1770, #5846, #3548, #4016, #1724, #3562 ),
 .UNSPECIFIED., .F., .F.,
 ( 4, 2, 4 ),
 ( 0.0006528680749292716900, 0.001275665676275694300, 0.001898463277622116700 ),
 .UNSPECIFIED. ) ;
#4375 = ORIENTED_EDGE ( 'NONE', *, *, #2501, .F. ) ;
#4376 = DIRECTION ( 'NONE',  ( -0.2588190451025164700, 0.9659258262890694200, 8.659560562354934100E-017 ) ) ;
#4377 = CARTESIAN_POINT ( 'NONE',  ( 0.06550694936815887300, 0.1434314273435280700, -0.2945689961769437100 ) ) ;
#4378 = VERTEX_POINT ( 'NONE', #1296 ) ;
#4379 = FACE_OUTER_BOUND ( 'NONE', #609, .T. ) ;
#4380 = AXIS2_PLACEMENT_3D ( 'NONE', #4687, #2419, #2326 ) ;
#4381 = CARTESIAN_POINT ( 'NONE',  ( 0.1157057583252900100, 0.1592553138533361100, -0.09749999999999994800 ) ) ;
#4382 = CARTESIAN_POINT ( 'NONE',  ( 0.4999999999999999400, -0.07919222016226808200, 0.03493728592265770600 ) ) ;
#4383 = ORIENTED_EDGE ( 'NONE', *, *, #1511, .F. ) ;
#4384 =( BOUNDED_CURVE ( )  B_SPLINE_CURVE ( 2, ( #2455, #4282, #572, #2973, #3034, #186, #1143 ),
 .UNSPECIFIED., .F., .T. ) 
 B_SPLINE_CURVE_WITH_KNOTS ( ( 3, 2, 2, 3 ),
 ( 0.0000000000000000000, 0.05000000000000000300, 0.1000000000000000100, 0.1250000000000000300 ),
 .UNSPECIFIED. ) 
 CURVE ( )  GEOMETRIC_REPRESENTATION_ITEM ( )  RATIONAL_B_SPLINE_CURVE ( ( 1.000000000000000000, 0.9510565162951535300, 1.000000000000000000, 0.9510565162951535300, 1.000000000000000000, 0.9755282581475768200, 0.9755282581475768200 ) ) 
 REPRESENTATION_ITEM ( '' )  );
#4385 = ORIENTED_EDGE ( 'NONE', *, *, #422, .T. ) ;
#4386 = CARTESIAN_POINT ( 'NONE',  ( -0.1624598481164532800, -0.5000000000000000000, -0.06749999999999996300 ) ) ;
#4387 = CARTESIAN_POINT ( 'NONE',  ( 0.5000000000000001100, -3.500472655261351000E-017, -0.01249999999999998700 ) ) ;
#4388 = VECTOR ( 'NONE', #3321, 39.37007874015748900 ) ;
#4389 = ORIENTED_EDGE ( 'NONE', *, *, #4976, .F. ) ;
#4390 = CARTESIAN_POINT ( 'NONE',  ( -0.1624598481164532800, -0.5000000000000000000, -0.06749999999999997700 ) ) ;
#4391 = CARTESIAN_POINT ( 'NONE',  ( 0.5000000000000000000, 6.123233995736766000E-017, 0.1899999999999999500 ) ) ;
#4392 = B_SPLINE_SURFACE_WITH_KNOTS ( 'NONE', 1, 3, ( 
 ( #5721, #5259, #151, #3903, #1120, #1147, #4756, #4307, #597, #4812, #1543, #2045, #2992, #175, #2065, #1986, #2458, #5685 ),
 ( #3095, #2591, #2097, #267, #4866, #3557, #3054, #3954, #683, #1700, #1180, #236, #4903, #2140, #5820, #4402, #250, #4419 ) ),
 .UNSPECIFIED., .F., .T., .F.,
 ( 2, 2 ),
 ( 4, 2, 2, 2, 2, 2, 2, 2, 4 ),
 ( 0.0000000000000000000, 1.000000000000000000 ),
 ( -4.898794831103420200E-006, 0.001791992564680663200, 0.003588883924192429800, 0.005385775283704196200, 0.007182666643215963000, 0.008979558002727729800, 0.01077644936223949600, 0.01257334072175126200, 0.01437023208126302900 ),
 .UNSPECIFIED. ) ;
#4393 = ORIENTED_EDGE ( 'NONE', *, *, #3791, .F. ) ;
#4394 = ORIENTED_EDGE ( 'NONE', *, *, #1846, .F. ) ;
#4395 = PLANE ( 'NONE',  #649 ) ;
#4396 = CARTESIAN_POINT ( 'NONE',  ( 0.4690927018922186300, -0.1875076068629170100, 0.3449999999999999200 ) ) ;
#4397 = CARTESIAN_POINT ( 'NONE',  ( 0.05074999999999988500, 0.3125000000000000000, -0.3449999999999999200 ) ) ;
#4398 = LINE ( 'NONE', #751, #3467 ) ;
#4399 = CARTESIAN_POINT ( 'NONE',  ( -0.04099999999999999500, 0.4936572779264506400, 0.3449999999999999200 ) ) ;
#4400 = ORIENTED_EDGE ( 'NONE', *, *, #4976, .T. ) ;
#4401 = CARTESIAN_POINT ( 'NONE',  ( 0.2069807528028085300, -1.267391582025345100E-017, -0.01249999999999994900 ) ) ;
#4402 = CARTESIAN_POINT ( 'NONE',  ( -0.08167261133679093500, 0.4935358578914341700, 0.2978168095221691000 ) ) ;
#4403 = DIRECTION ( 'NONE',  ( -1.000000000000000000, 0.0000000000000000000, 0.0000000000000000000 ) ) ;
#4404 = CARTESIAN_POINT ( 'NONE',  ( -0.5257311121191335900, 9.657523855033128400E-017, -0.08749999999999998100 ) ) ;
#4405 = CONICAL_SURFACE ( 'NONE', #5525, 0.04734272207354933700, 0.7853981633974500600 ) ;
#4406 = EDGE_CURVE ( 'NONE', #3794, #3017, #2297, .T. ) ;
#4407 = CARTESIAN_POINT ( 'NONE',  ( 6.123233995736766000E-017, 0.5000000000000000000, -0.01249999999999996900 ) ) ;
#4408 = CARTESIAN_POINT ( 'NONE',  ( 0.3414986187818943600, -0.2445070415551636700, -0.3686713610367745600 ) ) ;
#4409 = CARTESIAN_POINT ( 'NONE',  ( -0.4755282581475768200, -0.1545084971874736700, -0.1324999999999999800 ) ) ;
#4410 = LINE ( 'NONE', #1045, #700 ) ;
#4411 = CARTESIAN_POINT ( 'NONE',  ( 0.4690927018922186300, -0.1875076068629170100, 0.3449999999999999200 ) ) ;
#4412 = B_SPLINE_CURVE_WITH_KNOTS ( 'NONE', 3,
 ( #4291, #2558, #3525, #4838, #5280, #3000 ),
 .UNSPECIFIED., .F., .F.,
 ( 4, 2, 4 ),
 ( 0.01267190125339471900, 0.01296438982422920500, 0.01325687839506369300 ),
 .UNSPECIFIED. ) ;
#4413 = AXIS2_PLACEMENT_3D ( 'NONE', #2246, #2304, #897 ) ;
#4414 = CARTESIAN_POINT ( 'NONE',  ( 0.1805086004878405900, -0.07916465760476863700, 0.4248001149272419000 ) ) ;
#4415 = CARTESIAN_POINT ( 'NONE',  ( 0.0000000000000000000, -0.5000000000000000000, 0.01250000000000000100 ) ) ;
#4416 = AXIS2_PLACEMENT_3D ( 'NONE', #1946, #1091, #2947 ) ;
#4417 = CARTESIAN_POINT ( 'NONE',  ( 0.3798877279340010000, -0.3250926149284647500, -0.3688587090200589600 ) ) ;
#4418 = CARTESIAN_POINT ( 'NONE',  ( 0.1674509465259921000, -0.1216602340058848100, -0.02249999999999994400 ) ) ;
#4419 = CARTESIAN_POINT ( 'NONE',  ( -0.09159750529064449000, 0.4915382966001025600, 0.3449999999999999200 ) ) ;
#4420 = CARTESIAN_POINT ( 'NONE',  ( 0.08200000000000007300, 0.1344472000455911000, -0.3449999999999999200 ) ) ;
#4421 = AXIS2_PLACEMENT_3D ( 'NONE', #4505, #2197, #361 ) ;
#4422 = CARTESIAN_POINT ( 'NONE',  ( 0.2938926261462366200, 0.4045084971874736100, -0.02249999999999996400 ) ) ;
#4423 = CARTESIAN_POINT ( 'NONE',  ( 0.06396057012458789000, 0.1968503937007874400, 0.1324999999999999500 ) ) ;
#4424 = CARTESIAN_POINT ( 'NONE',  ( -0.4253254041760199900, -0.3090169943749473400, -0.07749999999999997200 ) ) ;
#4425 = CARTESIAN_POINT ( 'NONE',  ( -0.1968503937007874100, 0.0000000000000000000, 0.4999999999999999400 ) ) ;
#4426 = ORIENTED_EDGE ( 'NONE', *, *, #4443, .T. ) ;
#4427 = AXIS2_PLACEMENT_3D ( 'NONE', #3015, #1081, #1544 ) ;
#4428 = VERTEX_POINT ( 'NONE', #4058 ) ;
#4429 = CARTESIAN_POINT ( 'NONE',  ( 0.4470681351076304900, -0.2182137308126986500, -0.3176078665953499500 ) ) ;
#4430 = CARTESIAN_POINT ( 'NONE',  ( 0.0000000000000000000, -0.5000000000000000000, 0.1124999999999999900 ) ) ;
#4431 = EDGE_LOOP ( 'NONE', ( #2615, #5289, #4009, #140 ) ) ;
#4432 = CARTESIAN_POINT ( 'NONE',  ( 0.1624598481164531400, 0.5000000000000000000, -0.09249999999999999900 ) ) ;
#4433 = VERTEX_POINT ( 'NONE', #323 ) ;
#4434 = CARTESIAN_POINT ( 'NONE',  ( 0.3824986187818946700, -0.1734929584448398300, -0.3213286389632252800 ) ) ;
#4435 = EDGE_CURVE ( 'NONE', #968, #6024, #5843, .T. ) ;
#4436 = CARTESIAN_POINT ( 'NONE',  ( 0.1624598481164531400, 0.5000000000000000000, -0.01749999999999996400 ) ) ;
#4437 = ORIENTED_EDGE ( 'NONE', *, *, #3237, .T. ) ;
#4438 = ORIENTED_EDGE ( 'NONE', *, *, #3581, .F. ) ;
#4439 = CARTESIAN_POINT ( 'NONE',  ( -0.2069807528028085300, 3.802174746076033800E-017, 0.06249999999999995800 ) ) ;
#4440 = DIRECTION ( 'NONE',  ( -1.224646799147352000E-016, -1.000000000000000000, 0.0000000000000000000 ) ) ;
#4441 = CARTESIAN_POINT ( 'NONE',  ( 0.4330127018922182400, -0.2500000000000020500, -0.3449999999999999200 ) ) ;
#4442 = DIRECTION ( 'NONE',  ( 0.9659258262890689800, 0.2588190451025180200, 0.0000000000000000000 ) ) ;
#4443 = EDGE_CURVE ( 'NONE', #4925, #3896, #3056, .T. ) ;
#4444 = B_SPLINE_SURFACE_WITH_KNOTS ( 'NONE', 1, 3, ( 
 ( #404, #4196, #2284, #3707, #1438, #4610, #5509, #2762, #2334, #5979, #1840, #4214, #5063, #2298, #928, #5553, #1414, #4627 ),
 ( #2805, #5763, #2972, #4343, #2471, #3009, #992, #1622, #1094, #5306, #1587, #2492, #4807, #2081, #185, #506, #4844, #2061 ) ),
 .UNSPECIFIED., .F., .T., .F.,
 ( 2, 2 ),
 ( 4, 2, 2, 2, 2, 2, 2, 2, 4 ),
 ( 0.0000000000000000000, 1.000000000000000000 ),
 ( -4.898794831110359100E-006, 0.001791992564680640000, 0.003588883924192390300, 0.005385775283704140700, 0.007182666643215891000, 0.008979558002727641400, 0.01077644936223939200, 0.01257334072175114200, 0.01437023208126289200 ),
 .UNSPECIFIED. ) ;
#4445 = ORIENTED_EDGE ( 'NONE', *, *, #3636, .F. ) ;
#4446 = EDGE_LOOP ( 'NONE', ( #138, #1332 ) ) ;
#4447 = CARTESIAN_POINT ( 'NONE',  ( 0.3787426562703870600, -0.3133526188664534900, -0.3449999999989082400 ) ) ;
#4449 = EDGE_CURVE ( 'NONE', #2356, #3933, #4546, .T. ) ;
#4448 = DIRECTION ( 'NONE',  ( -0.7071067811865462400, 8.659560562354916800E-017, 0.7071067811865486800 ) ) ;
#4450 = LINE ( 'NONE', #2858, #3383 ) ;
#4451 = DIRECTION ( 'NONE',  ( 0.8660254037844383700, 0.0000000000000000000, 0.5000000000000004400 ) ) ;
#4452 = LINE ( 'NONE', #917, #5526 ) ;
#4453 = ORGANIZATION ( 'UNSPECIFIED', 'UNSPECIFIED', '' ) ;
#4454 = ORIENTED_EDGE ( 'NONE', *, *, #2331, .T. ) ;
#4455 = CARTESIAN_POINT ( 'NONE',  ( 0.4607433245549154600, -0.1713227456838333200, 0.3234359998361369100 ) ) ;
#4456 = CARTESIAN_POINT ( 'NONE',  ( 0.4682536807761256100, -0.1760284507289077400, 0.3921638342466145000 ) ) ;
#4457 = CYLINDRICAL_SURFACE ( 'NONE', #3047, 0.1968503937007874100 ) ;
#4458 = VECTOR ( 'NONE', #326, 39.37007874015748100 ) ;
#4459 = CARTESIAN_POINT ( 'NONE',  ( -0.4755282581475768200, -0.1545084971874735900, -0.08249999999999997600 ) ) ;
#4460 = ORIENTED_EDGE ( 'NONE', *, *, #1227, .T. ) ;
#4461 = CARTESIAN_POINT ( 'NONE',  ( 0.4755282581475768200, 0.1545084971874736700, -0.03249999999999998000 ) ) ;
#4462 = VECTOR ( 'NONE', #4499, 39.37007874015748100 ) ;
#4463 = CARTESIAN_POINT ( 'NONE',  ( -0.2938926261462365100, 0.4045084971874737300, 0.04749999999999999400 ) ) ;
#4464 = CARTESIAN_POINT ( 'NONE',  ( -0.07311502739313383000, 0.4866467494221505800, -0.3021626695717839500 ) ) ;
#4465 = VERTEX_POINT ( 'NONE', #892 ) ;
#4466 = CARTESIAN_POINT ( 'NONE',  ( -1.518754888706362500E-017, 0.5000000000000000000, -0.3449999999999999200 ) ) ;
#4467 = ORIENTED_EDGE ( 'NONE', *, *, #4297, .F. ) ;
#4468 = AXIS2_PLACEMENT_3D ( 'NONE', #1780, #3612, #3200 ) ;
#4469 = CIRCLE ( 'NONE', #3685, 0.04734272207354933700 ) ;
#4470 = DIRECTION ( 'NONE',  ( -0.8660254037844391500, 0.0000000000000000000, 0.4999999999999991700 ) ) ;
#4471 = CARTESIAN_POINT ( 'NONE',  ( 0.4125127018921885300, -0.2780654968193958000, -0.3723921334046499400 ) ) ;
#4472 = CARTESIAN_POINT ( 'NONE',  ( -0.1872158496644003300, 0.06083011700294241300, 0.03250000000000003600 ) ) ;
#4473 = CIRCLE ( 'NONE', #1849, 0.08200000000000005900 ) ;
#4474 = CARTESIAN_POINT ( 'NONE',  ( 0.4074267286111007400, -0.2904060959255653800, 0.4256002857247427300 ) ) ;
#4475 = ADVANCED_FACE ( 'NONE', ( #3908 ), #321, .T. ) ;
#4476 = CARTESIAN_POINT ( 'NONE',  ( 0.3798840705629740200, -0.3250972144357538500, 0.3211519359870705900 ) ) ;
#4477 = VECTOR ( 'NONE', #3070, 39.37007874015748900 ) ;
#4478 = EDGE_CURVE ( 'NONE', #5377, #5517, #3620, .T. ) ;
#4479 = CARTESIAN_POINT ( 'NONE',  ( -1.518754888706362500E-017, 0.5000000000000000000, -0.3449999999999999200 ) ) ;
#4480 = CARTESIAN_POINT ( 'NONE',  ( 0.1872158496644003300, 0.06083011700294239200, 0.1174999999999999700 ) ) ;
#4481 = DIRECTION ( 'NONE',  ( 0.0000000000000000000, 0.0000000000000000000, -1.000000000000000000 ) ) ;
#4482 = CARTESIAN_POINT ( 'NONE',  ( 0.2976962325509001100, -0.1718750000000014200, 0.3449999999999999200 ) ) ;
#4483 = LINE ( 'NONE', #1928, #5914 ) ;
#4484 =( BOUNDED_CURVE ( )  B_SPLINE_CURVE ( 2, ( #2291, #412, #3226, #1400, #3682, #895, #3250, #429, #1853, #1003, #1489, #3841, #1446 ),
 .UNSPECIFIED., .F., .T. ) 
 B_SPLINE_CURVE_WITH_KNOTS ( ( 3, 2, 2, 2, 2, 2, 3 ),
 ( 0.3750000000000000000, 0.4000000000000000200, 0.4500000000000000100, 0.5000000000000000000, 0.5500000000000000400, 0.5999999999999999800, 0.6250000000000000000 ),
 .UNSPECIFIED. ) 
 CURVE ( )  GEOMETRIC_REPRESENTATION_ITEM ( )  RATIONAL_B_SPLINE_CURVE ( ( 0.9755282581475768200, 0.9755282581475768200, 1.000000000000000000, 0.9510565162951535300, 1.000000000000000000, 0.9510565162951535300, 1.000000000000000000, 0.9510565162951535300, 1.000000000000000000, 0.9510565162951535300, 1.000000000000000000, 0.9755282581475768200, 0.9755282581475768200 ) ) 
 REPRESENTATION_ITEM ( '' )  );
#4485 = CARTESIAN_POINT ( 'NONE',  ( -0.1674509465259921000, 0.1216602340058848300, 0.07750000000000002700 ) ) ;
#4486 = CARTESIAN_POINT ( 'NONE',  ( 0.08200000000000007300, 0.1344472000455911000, -0.3449999999999999200 ) ) ;
#4487 = EDGE_CURVE ( 'NONE', #5317, #354, #5397, .T. ) ;
#4488 = CARTESIAN_POINT ( 'NONE',  ( 0.0000000000000000000, 0.0000000000000000000, 0.4999999999999999400 ) ) ;
#4489 = DIRECTION ( 'NONE',  ( -9.795821821337355400E-017, 1.000000000000000000, 0.0000000000000000000 ) ) ;
#4490 = CARTESIAN_POINT ( 'NONE',  ( 0.1968503937007873800, -0.03117803943396384200, 0.1099372859226576500 ) ) ;
#4491 = ADVANCED_FACE ( 'NONE', ( #481 ), #2825, .F. ) ;
#4492 = VERTEX_POINT ( 'NONE', #4697 ) ;
#4493 = EDGE_CURVE ( 'NONE', #3896, #1629, #3679, .T. ) ;
#4494 = CARTESIAN_POINT ( 'NONE',  ( 0.1674509465259921000, -0.1216602340058848100, 0.1024999999999999400 ) ) ;
#4495 = ORIENTED_EDGE ( 'NONE', *, *, #385, .F. ) ;
#4496 = CARTESIAN_POINT ( 'NONE',  ( 0.0000000000000000000, 0.0000000000000000000, -0.4999999999999999400 ) ) ;
#4497 = VERTEX_POINT ( 'NONE', #2370 ) ;
#4498 = DIRECTION ( 'NONE',  ( -0.8660254037844363800, 0.5000000000000038900, 0.0000000000000000000 ) ) ;
#4499 = DIRECTION ( 'NONE',  ( -1.758688375849877300E-016, 1.000000000000000000, -0.0000000000000000000 ) ) ;
#4500 = EDGE_LOOP ( 'NONE', ( #2169, #2132 ) ) ;
#4501 = CARTESIAN_POINT ( 'NONE',  ( -2.410722045565656100E-017, -0.1968503937007874100, -0.01250000000000000200 ) ) ;
#4502 = CARTESIAN_POINT ( 'NONE',  ( 0.4074267286111007400, -0.2904060959255653200, -0.4256002857247426200 ) ) ;
#4503 = CLOSED_SHELL ( 'NONE', ( #3659, #505, #728, #3279, #2905, #2683, #5826, #5036, #4491, #2878, #5487, #3214, #5677, #4531, #2500, #2843, #2305, #3813, #2561, #2333, #3365, #5339 ) ) ;
#4504 = CARTESIAN_POINT ( 'NONE',  ( 0.4714841751993003600, -0.1664414892423174100, 0.3212483333087676800 ) ) ;
#4505 = CARTESIAN_POINT ( 'NONE',  ( -0.04099999999999998800, 0.4180000000000000400, -0.3686713610367743900 ) ) ;
#4506 = VERTEX_POINT ( 'NONE', #4180 ) ;
#4507 = CARTESIAN_POINT ( 'NONE',  ( -0.4253254041760199900, -0.3090169943749473400, 0.07249999999999999500 ) ) ;
#4508 = EDGE_CURVE ( 'NONE', #879, #2628, #4194, .T. ) ;
#4509 = ORIENTED_EDGE ( 'NONE', *, *, #2986, .T. ) ;
#4510 = CARTESIAN_POINT ( 'NONE',  ( -6.123233995736766000E-017, -0.5000000000000000000, 0.1625000000000000100 ) ) ;
#4511 = CARTESIAN_POINT ( 'NONE',  ( 6.123233995736766000E-017, 0.5000000000000000000, 0.1625000000000000100 ) ) ;
#4512 = FACE_OUTER_BOUND ( 'NONE', #3030, .T. ) ;
#4513 = ORIENTED_EDGE ( 'NONE', *, *, #5353, .T. ) ;
#4514 = LOCAL_TIME ( 9, 51, 53.00000000000000000, #1988 ) ;
#4515 = CARTESIAN_POINT ( 'NONE',  ( 0.4330127018922182400, -0.2500000000000020000, -0.3449999999999999200 ) ) ;
#4516 = ORIENTED_EDGE ( 'NONE', *, *, #3068, .T. ) ;
#4517 = CARTESIAN_POINT ( 'NONE',  ( 0.08170714940323897700, 0.4935345176800580200, -0.2978365846163099100 ) ) ;
#4518 = CARTESIAN_POINT ( 'NONE',  ( -0.4253254041760198800, 0.3090169943749474500, -0.1474999999999999900 ) ) ;
#4519 = DIRECTION ( 'NONE',  ( 0.5000000000000036600, 0.8660254037844366000, 0.0000000000000000000 ) ) ;
#4520 = LINE ( 'NONE', #1392, #4388 ) ;
#4521 = VECTOR ( 'NONE', #2270, 39.37007874015748100 ) ;
#4522 = ORIENTED_EDGE ( 'NONE', *, *, #2263, .T. ) ;
#4523 = CARTESIAN_POINT ( 'NONE',  ( -0.5257311121191335900, 3.219174618344376100E-017, -0.01249999999999998700 ) ) ;
#4524 = CARTESIAN_POINT ( 'NONE',  ( -0.1872158496644003300, 0.06083011700294241300, -0.04250000000000001000 ) ) ;
#4525 = CARTESIAN_POINT ( 'NONE',  ( 0.4125127018922181100, -0.2855070415551639900, -0.3686713610367745600 ) ) ;
#4526 = FACE_OUTER_BOUND ( 'NONE', #282, .T. ) ;
#4527 = ORIENTED_EDGE ( 'NONE', *, *, #66, .F. ) ;
#4528 = EDGE_LOOP ( 'NONE', ( #3889, #1982, #4393, #2357 ) ) ;
#4529 = APPROVAL ( #2894, 'UNSPECIFIED' ) ;
#4530 = CARTESIAN_POINT ( 'NONE',  ( 0.3787426563576379300, -0.3133526189746325700, -0.3450016107527142400 ) ) ;
#4531 = ADVANCED_FACE ( 'NONE', ( #1286 ), #31, .T. ) ;
#4532 = AXIS2_PLACEMENT_3D ( 'NONE', #1721, #5903, #3675 ) ;
#4533 = CARTESIAN_POINT ( 'NONE',  ( -0.04099999999999999500, 0.4180000000000000400, -0.3213286389632252800 ) ) ;
#4534 = DIRECTION ( 'NONE',  ( -0.8660254037844363800, 0.5000000000000038900, 0.0000000000000000000 ) ) ;
#4535 = CARTESIAN_POINT ( 'NONE',  ( 0.1872158496644003300, -0.06083011700294241300, 0.1074999999999999600 ) ) ;
#4536 = CYLINDRICAL_SURFACE ( 'NONE', #3616, 0.08200000000000005900 ) ;
#4537 = VERTEX_POINT ( 'NONE', #427 ) ;
#4538 = CARTESIAN_POINT ( 'NONE',  ( -0.2938926261462365700, 0.4045084971874737300, -0.02749999999999997900 ) ) ;
#4539 = CARTESIAN_POINT ( 'NONE',  ( 0.1624598481164532800, 0.5000000000000000000, 0.08249999999999999000 ) ) ;
#4540 = CARTESIAN_POINT ( 'NONE',  ( -0.02411126272384705700, 0.5000003182928117700, -0.2546760282106656500 ) ) ;
#4541 = DIRECTION ( 'NONE',  ( 9.795821821337355400E-017, -1.000000000000000000, -0.0000000000000000000 ) ) ;
#4542 = FACE_BOUND ( 'NONE', #3807, .T. ) ;
#4543 = AXIS2_PLACEMENT_3D ( 'NONE', #540, #2851, #4248 ) ;
#4544 = CARTESIAN_POINT ( 'NONE',  ( 0.0000000000000000000, 0.0000000000000000000, 0.4999999999999999400 ) ) ;
#4545 = DIRECTION ( 'NONE',  ( -9.795821821337355400E-017, 1.000000000000000000, 0.0000000000000000000 ) ) ;
#4546 = LINE ( 'NONE', #5942, #2373 ) ;
#4547 = DIRECTION ( 'NONE',  ( 0.5000000000000044400, 0.8660254037844360400, 0.0000000000000000000 ) ) ;
#4548 = CARTESIAN_POINT ( 'NONE',  ( 0.4755282581475767700, -0.1545084971874737800, -0.09249999999999997100 ) ) ;
#4549 = CARTESIAN_POINT ( 'NONE',  ( 0.3414986187818943600, -0.2445070415551636700, 0.3686713610367745600 ) ) ;
#4550 = CARTESIAN_POINT ( 'NONE',  ( 0.4682536807761255600, -0.1760284507289077700, -0.3921638342466144400 ) ) ;
#4551 = LINE ( 'NONE', #4533, #3129 ) ;
#4552 = CARTESIAN_POINT ( 'NONE',  ( 0.1968503937007874100, 2.410722045565656100E-017, 0.4999999999999999400 ) ) ;
#4553 = CARTESIAN_POINT ( 'NONE',  ( 0.04100000000000003600, 0.4180000000000000400, -0.3213286389632252800 ) ) ;
#4554 = PLANE ( 'NONE',  #2166 ) ;
#4555 = CARTESIAN_POINT ( 'NONE',  ( 0.03667972150580014300, 0.1532312969819164000, -0.4185324511241522700 ) ) ;
#4556 = CARTESIAN_POINT ( 'NONE',  ( 0.4125127018922181100, -0.2855070415551639900, 0.3213286389632253900 ) ) ;
#4557 = EDGE_CURVE ( 'NONE', #2496, #4862, #5266, .T. ) ;
#4558 = CARTESIAN_POINT ( 'NONE',  ( 0.3920127018922179300, -0.3210140831103258700, -0.3449999999999999200 ) ) ;
#4559 = CARTESIAN_POINT ( 'NONE',  ( -2.410722045565656100E-017, -0.1968503937007874100, 0.03749999999999995700 ) ) ;
#4560 = CARTESIAN_POINT ( 'NONE',  ( 0.4755282581475767700, -0.1545084971874737800, -0.06749999999999997700 ) ) ;
#4561 = ADVANCED_FACE ( 'NONE', ( #3836 ), #12, .F. ) ;
#4562 = CARTESIAN_POINT ( 'NONE',  ( -0.1968503937007874100, 0.0000000000000000000, 0.4999999999999999400 ) ) ;
#4563 = CARTESIAN_POINT ( 'NONE',  ( -0.4253254041760198800, 0.3090169943749474500, -0.1474999999999999600 ) ) ;
#4564 = AXIS2_PLACEMENT_3D ( 'NONE', #2028, #2937, #3430 ) ;
#4565 = CARTESIAN_POINT ( 'NONE',  ( -0.1674509465259920700, -0.1216602340058848000, 0.04750000000000004200 ) ) ;
#4566 = EDGE_CURVE ( 'NONE', #5933, #3519, #173, .T. ) ;
#4567 = ORIENTED_EDGE ( 'NONE', *, *, #3487, .T. ) ;
#4568 = ORIENTED_EDGE ( 'NONE', *, *, #2584, .T. ) ;
#4569 = CARTESIAN_POINT ( 'NONE',  ( -0.1968503937007873800, 0.03117803943396386900, -0.06506271407734223700 ) ) ;
#4570 = CARTESIAN_POINT ( 'NONE',  ( 0.0000000000000000000, -0.5000000000000000000, 0.08749999999999999400 ) ) ;
#4571 = PLANE ( 'NONE',  #3438 ) ;
#4572 = CARTESIAN_POINT ( 'NONE',  ( 0.3414986187818943600, -0.2445070415551636500, -0.3213286389632252800 ) ) ;
#4573 = EDGE_LOOP ( 'NONE', ( #5217, #5582 ) ) ;
#4574 = CARTESIAN_POINT ( 'NONE',  ( 0.03661486623677058500, 0.1934814277202655800, 0.2714290466888690800 ) ) ;
#4575 = ORIENTED_EDGE ( 'NONE', *, *, #2442, .F. ) ;
#4576 = CARTESIAN_POINT ( 'NONE',  ( 6.123233995736766000E-017, 0.5000000000000000000, 0.01250000000000002000 ) ) ;
#4577 = ORIENTED_EDGE ( 'NONE', *, *, #5773, .T. ) ;
#4578 = ORIENTED_EDGE ( 'NONE', *, *, #2352, .T. ) ;
#4579 = CARTESIAN_POINT ( 'NONE',  ( 0.02150327546866278100, 0.4930203426623642700, 0.2630046021525051500 ) ) ;
#4580 = CARTESIAN_POINT ( 'NONE',  ( -0.4253254041760198800, -0.3090169943749474000, -0.002499999999999990100 ) ) ;
#4581 = CARTESIAN_POINT ( 'NONE',  ( -0.4755282581475767700, 0.1545084971874737300, -0.04249999999999997500 ) ) ;
#4582 = CARTESIAN_POINT ( 'NONE',  ( 0.1968503937007873800, -3.281693114307516800E-017, 0.08750000000000003600 ) ) ;
#4583 = ORIENTED_EDGE ( 'NONE', *, *, #3415, .F. ) ;
#4584 = ORIENTED_EDGE ( 'NONE', *, *, #2694, .F. ) ;
#4585 = B_SPLINE_CURVE_WITH_KNOTS ( 'NONE', 3,
 ( #589, #1089, #1475, #5170, #2449, #1518, #4765, #4780, #4704, #3851 ),
 .UNSPECIFIED., .F., .F.,
 ( 4, 2, 2, 2, 4 ),
 ( 0.0000000000000000000, 0.1250000000000000000, 0.2500000000000000000, 0.3750000000000000000, 0.5000000000000000000 ),
 .UNSPECIFIED. ) ;
#4586 = ADVANCED_FACE ( 'NONE', ( #5704 ), #513, .F. ) ;
#4587 = CARTESIAN_POINT ( 'NONE',  ( 0.06396057012458791800, 0.1968503937007874100, 0.1075000000000000100 ) ) ;
#4588 = CARTESIAN_POINT ( 'NONE',  ( -0.006444566784558663400, 0.4962792276320904800, 0.3886219497056734900 ) ) ;
#4589 = CONICAL_SURFACE ( 'NONE', #3653, 0.08200000000000005900, 0.7853981633974509400 ) ;
#4590 = EDGE_CURVE ( 'NONE', #1171, #4170, #4354, .T. ) ;
#4591 = CARTESIAN_POINT ( 'NONE',  ( 0.02150747825481959900, 0.1957440809534629300, 0.4243134103356680000 ) ) ;
#4592 = FACE_OUTER_BOUND ( 'NONE', #4802, .T. ) ;
#4593 = CARTESIAN_POINT ( 'NONE',  ( -0.04786084571952704800, 0.4980400522584353400, -0.4255623305788421900 ) ) ;
#4594 = APPROVAL_PERSON_ORGANIZATION ( #2340, #2672, #2832 ) ;
#4595 = ORIENTED_EDGE ( 'NONE', *, *, #1576, .F. ) ;
#4596 = CARTESIAN_POINT ( 'NONE',  ( -0.04099999999999998800, 0.4180000000000000400, -0.3686713610367743900 ) ) ;
#4597 = CIRCLE ( 'NONE', #240, 0.04734272207354935800 ) ;
#4598 = CARTESIAN_POINT ( 'NONE',  ( -0.1674509465259921000, 0.1216602340058848100, 0.002499999999999962800 ) ) ;
#4599 = ORIENTED_EDGE ( 'NONE', *, *, #23, .T. ) ;
#4600 = CARTESIAN_POINT ( 'NONE',  ( 0.2168503937007871000, 0.0000000000000000000, 0.4999999999999999400 ) ) ;
#4601 = EDGE_LOOP ( 'NONE', ( #1063, #207 ) ) ;
#4602 = CARTESIAN_POINT ( 'NONE',  ( 0.1624598481164532800, 0.5000000000000000000, -0.06749999999999997700 ) ) ;
#4603 = CARTESIAN_POINT ( 'NONE',  ( 0.4330127018922182400, -0.2500000000000020500, -0.3449999999999999200 ) ) ;
#4604 = FACE_OUTER_BOUND ( 'NONE', #4786, .T. ) ;
#4605 = ORIENTED_EDGE ( 'NONE', *, *, #5257, .T. ) ;
#4606 = EDGE_LOOP ( 'NONE', ( #1279, #273, #5295, #1751, #5068, #297, #515, #2936, #1404, #871 ) ) ;
#4607 = CARTESIAN_POINT ( 'NONE',  ( -0.2938926261462365700, 0.4045084971874737300, -0.1275000000000000000 ) ) ;
#4608 = CARTESIAN_POINT ( 'NONE',  ( 0.5000000000000000000, 0.0000000000000000000, -0.4799999999999998700 ) ) ;
#4609 = LINE ( 'NONE', #2793, #916 ) ;
#4610 = CARTESIAN_POINT ( 'NONE',  ( 0.4162187326456293100, -0.2651283994613677900, -0.4269949818478512800 ) ) ;
#4611 = DIRECTION ( 'NONE',  ( -1.000000000000000000, 0.0000000000000000000, 0.0000000000000000000 ) ) ;
#4612 = CARTESIAN_POINT ( 'NONE',  ( 0.02662602973008541800, 0.1951057803757166300, 0.4227419063457797400 ) ) ;
#4613 = CARTESIAN_POINT ( 'NONE',  ( 0.3414986187818943600, -0.2445070415551636500, 0.3213286389632252800 ) ) ;
#4614 = FACE_OUTER_BOUND ( 'NONE', #4933, .T. ) ;
#4615 = DIRECTION ( 'NONE',  ( -0.0000000000000000000, -0.0000000000000000000, -1.000000000000000000 ) ) ;
#4616 = DIRECTION ( 'NONE',  ( -0.4330127018922226300, -0.7499999999999977800, -0.5000000000000003300 ) ) ;
#4617 = CARTESIAN_POINT ( 'NONE',  ( 0.1157057583252899800, -0.1592553138533361100, 0.04749999999999996600 ) ) ;
#4618 = CARTESIAN_POINT ( 'NONE',  ( 6.123233995736766000E-017, 0.5000000000000000000, -0.01249999999999996900 ) ) ;
#4619 = CARTESIAN_POINT ( 'NONE',  ( 0.4253254041760199900, 0.3090169943749473400, -0.07749999999999997200 ) ) ;
#4620 = VECTOR ( 'NONE', #3741, 39.37007874015748100 ) ;
#4621 = ADVANCED_FACE ( 'NONE', ( #2596 ), #2667, .T. ) ;
#4622 = DIRECTION ( 'NONE',  ( -0.8660254037844386000, 0.0000000000000000000, 0.5000000000000001100 ) ) ;
#4623 = CARTESIAN_POINT ( 'NONE',  ( 0.4253254041760199900, 0.3090169943749474000, -0.07749999999999997200 ) ) ;
#4624 = CARTESIAN_POINT ( 'NONE',  ( -2.134256245050205600E-017, 0.5000000000000000000, -0.3923427220735493100 ) ) ;
#4625 = DIRECTION ( 'NONE',  ( 0.8660254037844362700, -0.5000000000000038900, 0.0000000000000000000 ) ) ;
#4626 = EDGE_CURVE ( 'NONE', #1619, #306, #5355, .T. ) ;
#4627 = CARTESIAN_POINT ( 'NONE',  ( 0.4607426564757993700, -0.1713244525963499300, -0.3450000000000000300 ) ) ;
#4628 = DIRECTION ( 'NONE',  ( -1.000000000000000000, 0.0000000000000000000, 0.0000000000000000000 ) ) ;
#4629 = CARTESIAN_POINT ( 'NONE',  ( -0.003203374023690324200, 0.4981505311451074900, -0.2995067467813433100 ) ) ;
#4630 = DIRECTION ( 'NONE',  ( -0.0000000000000000000, -0.0000000000000000000, 1.000000000000000000 ) ) ;
#4631 = ORIENTED_EDGE ( 'NONE', *, *, #2077, .T. ) ;
#4632 = EDGE_CURVE ( 'NONE', #2842, #3755, #5551, .T. ) ;
#4633 = AXIS2_PLACEMENT_3D ( 'NONE', #508, #2382, #4611 ) ;
#4634 = CARTESIAN_POINT ( 'NONE',  ( -6.123233995736766000E-017, -0.5000000000000000000, 0.1375000000000000100 ) ) ;
#4635 = CARTESIAN_POINT ( 'NONE',  ( 0.2938926261462366200, 0.4045084971874736100, -0.09749999999999998900 ) ) ;
#4636 = ORIENTED_EDGE ( 'NONE', *, *, #5190, .T. ) ;
#4637 = EDGE_CURVE ( 'NONE', #3358, #3925, #774, .T. ) ;
#4638 = CARTESIAN_POINT ( 'NONE',  ( 0.1968503937007874100, 2.410722045565656100E-017, 0.4999999999999999400 ) ) ;
#4639 = CARTESIAN_POINT ( 'NONE',  ( -0.1872158496644003300, 0.06083011700294241300, -0.01749999999999995000 ) ) ;
#4640 = EDGE_LOOP ( 'NONE', ( #4656, #5152, #5142, #2477 ) ) ;
#4641 = CARTESIAN_POINT ( 'NONE',  ( 0.3848201274102122600, -0.3064924422075461200, 0.3072012558720472700 ) ) ;
#4642 = CARTESIAN_POINT ( 'NONE',  ( 5.195106008193988700E-017, 0.4242125984251967600, -0.01249999999999997800 ) ) ;
#4643 = CARTESIAN_POINT ( 'NONE',  ( 0.1157057583252899800, -0.1592553138533361100, -0.1025000000000000400 ) ) ;
#4644 = VERTEX_POINT ( 'NONE', #124 ) ;
#4645 = B_SPLINE_CURVE_WITH_KNOTS ( 'NONE', 3,
 ( #4894, #1744, #3165, #5451 ),
 .UNSPECIFIED., .F., .F.,
 ( 4, 4 ),
 ( 0.001334182499245445500, 0.001957391761254277700 ),
 .UNSPECIFIED. ) ;
#4646 = ADVANCED_FACE ( 'NONE', ( #4344 ), #2594, .T. ) ;
#4647 = CARTESIAN_POINT ( 'NONE',  ( -0.06396057012458784800, 0.1968503937007874100, 0.1175000000000000500 ) ) ;
#4648 = VERTEX_POINT ( 'NONE', #5662 ) ;
#4649 = CARTESIAN_POINT ( 'NONE',  ( 0.0000000000000000000, 0.0000000000000000000, -0.4799999999999998700 ) ) ;
#4650 = ORIENTED_EDGE ( 'NONE', *, *, #2677, .F. ) ;
#4651 = DIRECTION ( 'NONE',  ( 0.8660254037844362700, -0.5000000000000038900, 0.0000000000000000000 ) ) ;
#4652 = CARTESIAN_POINT ( 'NONE',  ( 0.2938926261462366200, 0.4045084971874736100, 0.02749999999999999700 ) ) ;
#4653 = PRODUCT_DEFINITION_SHAPE ( 'NONE', 'NONE',  #925 ) ;
#4654 = AXIS2_PLACEMENT_3D ( 'NONE', #4907, #5787, #711 ) ;
#4655 = PLANE ( 'NONE',  #2914 ) ;
#4656 = ORIENTED_EDGE ( 'NONE', *, *, #392, .F. ) ;
#4657 = CARTESIAN_POINT ( 'NONE',  ( -0.4755282581475768200, -0.1545084971874736700, 0.1174999999999999900 ) ) ;
#4658 = ORIENTED_EDGE ( 'NONE', *, *, #719, .F. ) ;
#4659 = CARTESIAN_POINT ( 'NONE',  ( -0.4755282581475768200, -0.1545084971874736700, 0.01749999999999999800 ) ) ;
#4660 = CARTESIAN_POINT ( 'NONE',  ( 0.04100000000000003600, 0.4936567532223499200, 0.3366657112249573100 ) ) ;
#4661 = FACE_OUTER_BOUND ( 'NONE', #4299, .T. ) ;
#4662 = ORIENTED_EDGE ( 'NONE', *, *, #4893, .F. ) ;
#4663 = CARTESIAN_POINT ( 'NONE',  ( 0.07543776061018721300, 0.4860735678436684500, 0.3124122158774277900 ) ) ;
#4664 = VERTEX_POINT ( 'NONE', #2536 ) ;
#4665 = CARTESIAN_POINT ( 'NONE',  ( 0.4310372246801295600, -0.2394638640484576000, 0.2630042826998750800 ) ) ;
#4666 = CARTESIAN_POINT ( 'NONE',  ( -0.1674509465259920700, 0.1216602340058848300, -0.09750000000000005900 ) ) ;
#4667 = CARTESIAN_POINT ( 'NONE',  ( -0.4253254041760198800, 0.3090169943749474500, -0.09749999999999996200 ) ) ;
#4668 = CIRCLE ( 'NONE', #5621, 0.04734272207354935800 ) ;
#4669 =( BOUNDED_CURVE ( )  B_SPLINE_CURVE ( 2, ( #4286, #4698, #5626, #2873, #4265, #3345, #4733 ),
 .UNSPECIFIED., .F., .T. ) 
 B_SPLINE_CURVE_WITH_KNOTS ( ( 3, 2, 2, 3 ),
 ( 0.6250000000000000000, 0.6500000000000000200, 0.6999999999999999600, 0.7500000000000000000 ),
 .UNSPECIFIED. ) 
 CURVE ( )  GEOMETRIC_REPRESENTATION_ITEM ( )  RATIONAL_B_SPLINE_CURVE ( ( 0.9755282581475768200, 0.9755282581475768200, 1.000000000000000000, 0.9510565162951535300, 1.000000000000000000, 0.9510565162951535300, 1.000000000000000000 ) ) 
 REPRESENTATION_ITEM ( '' )  );
#4670 = CONICAL_SURFACE ( 'NONE', #5945, 0.07216000000000008500, 0.7853981633974482800 ) ;
#4671 = ORIENTED_EDGE ( 'NONE', *, *, #5251, .T. ) ;
#4672 = CARTESIAN_POINT ( 'NONE',  ( -0.06396057012458789000, -0.1968503937007874100, -0.01750000000000003600 ) ) ;
#4673 = PLANE ( 'NONE',  #2113 ) ;
#4674 = EDGE_CURVE ( 'NONE', #1043, #4497, #3894, .T. ) ;
#4675 = CARTESIAN_POINT ( 'NONE',  ( -5.549066237130535000E-017, 0.5000000000000000000, -0.2976572779264505800 ) ) ;
#4676 = CIRCLE ( 'NONE', #4197, 0.1574803149606299200 ) ;
#4677 = ORIENTED_EDGE ( 'NONE', *, *, #3674, .F. ) ;
#4678 = ORIENTED_EDGE ( 'NONE', *, *, #2677, .T. ) ;
#4679 = CARTESIAN_POINT ( 'NONE',  ( 0.0000000000000000000, 0.0000000000000000000, 0.0000000000000000000 ) ) ;
#4680 = CARTESIAN_POINT ( 'NONE',  ( -0.2938926261462366200, -0.4045084971874736100, 0.02749999999999999700 ) ) ;
#4681 = DIRECTION ( 'NONE',  ( 0.5000000000000044400, 0.8660254037844360400, 0.0000000000000000000 ) ) ;
#4682 = FACE_OUTER_BOUND ( 'NONE', #5817, .T. ) ;
#4683 = ORIENTED_EDGE ( 'NONE', *, *, #989, .T. ) ;
#4684 = CARTESIAN_POINT ( 'NONE',  ( 0.0000000000000000000, 0.0000000000000000000, -0.1899999999999999500 ) ) ;
#4685 = ADVANCED_FACE ( 'NONE', ( #5989 ), #2578, .T. ) ;
#4686 = AXIS2_PLACEMENT_3D ( 'NONE', #4684, #1913, #4267 ) ;
#4687 = CARTESIAN_POINT ( 'NONE',  ( 0.4330127018922182400, -0.2500000000000020000, 0.3449999999999999200 ) ) ;
#4688 = FACE_OUTER_BOUND ( 'NONE', #1910, .T. ) ;
#4689 = CARTESIAN_POINT ( 'NONE',  ( 0.0000000000000000000, 0.0000000000000000000, -0.1899999999999999500 ) ) ;
#4690 = CARTESIAN_POINT ( 'NONE',  ( -4.897910910668677100E-017, 0.5000000000000000000, 0.3449999999999999200 ) ) ;
#4691 = B_SPLINE_CURVE_WITH_KNOTS ( 'NONE', 3,
 ( #1289, #5400, #3554, #1270, #757, #2190 ),
 .UNSPECIFIED., .F., .F.,
 ( 4, 2, 4 ),
 ( 1.767501034880190500E-018, 0.0002946387475768521000, 0.0005892774951537023600 ),
 .UNSPECIFIED. ) ;
#4692 = CARTESIAN_POINT ( 'NONE',  ( -0.08200000000000008700, 0.1344472000455910800, -0.3394691250338414100 ) ) ;
#4693 = CARTESIAN_POINT ( 'NONE',  ( 0.3414986187818943600, -0.2445070415551636500, -0.3213286389632252800 ) ) ;
#4694 = CARTESIAN_POINT ( 'NONE',  ( 0.04100000000000005700, 0.4180000000000000400, 0.3686713610367745600 ) ) ;
#4695 = FACE_OUTER_BOUND ( 'NONE', #4601, .T. ) ;
#4696 = CARTESIAN_POINT ( 'NONE',  ( 0.2976962325509001100, -0.1718750000000014200, -0.3449999999999999200 ) ) ;
#4697 = CARTESIAN_POINT ( 'NONE',  ( 0.4566840629289931100, -0.2090000000000021000, 0.3449999999999999200 ) ) ;
#4698 = CARTESIAN_POINT ( 'NONE',  ( 0.5000000000000000000, 0.07919222016226809500, 0.1150627140773422800 ) ) ;
#4699 = CARTESIAN_POINT ( 'NONE',  ( -0.1704774416898503800, 0.09842519685039334600, 0.02919130606358866200 ) ) ;
#4700 = CARTESIAN_POINT ( 'NONE',  ( 0.1968503937007873800, -0.03117803943396386900, -0.06506271407734223700 ) ) ;
#4701 = CARTESIAN_POINT ( 'NONE',  ( 0.4503093278685279500, -0.2163424272997327100, 0.3705208298916670100 ) ) ;
#4702 = DIRECTION ( 'NONE',  ( -0.0000000000000000000, -0.0000000000000000000, -1.000000000000000000 ) ) ;
#4703 = CARTESIAN_POINT ( 'NONE',  ( -0.1624598481164532800, -0.5000000000000000000, -0.04249999999999998900 ) ) ;
#4704 = CARTESIAN_POINT ( 'NONE',  ( 0.3798840705629738500, -0.3250972144357536200, -0.3211519359870704200 ) ) ;
#4705 = EDGE_CURVE ( 'NONE', #3794, #1179, #3419, .T. ) ;
#4706 = VERTEX_POINT ( 'NONE', #1699 ) ;
#4707 = VERTEX_POINT ( 'NONE', #1250 ) ;
#4708 = ADVANCED_FACE ( 'NONE', ( #5774 ), #3764, .F. ) ;
#4709 = CARTESIAN_POINT ( 'NONE',  ( -0.04099999999999998800, 0.4180000000000000400, -0.3686713610367743900 ) ) ;
#4710 = CARTESIAN_POINT ( 'NONE',  ( 0.1157057583252900000, -0.1592553138533361100, -0.02749999999999994500 ) ) ;
#4711 = CARTESIAN_POINT ( 'NONE',  ( -0.2938926261462365100, 0.4045084971874737300, 0.04749999999999999400 ) ) ;
#4712 = VERTEX_POINT ( 'NONE', #5819 ) ;
#4713 = DIRECTION ( 'NONE',  ( 9.795821821337355400E-017, -1.000000000000000000, -0.0000000000000000000 ) ) ;
#4714 = ORIENTED_EDGE ( 'NONE', *, *, #5800, .F. ) ;
#4715 = CARTESIAN_POINT ( 'NONE',  ( 0.4074108506309916900, -0.2904282907689939000, -0.2644149940021507900 ) ) ;
#4716 = CARTESIAN_POINT ( 'NONE',  ( -0.1624598481164531400, -0.5000000000000000000, 0.03249999999999998700 ) ) ;
#4717 = CARTESIAN_POINT ( 'NONE',  ( -0.04100000000000009200, 0.5000000000000000000, 0.3213286389632253300 ) ) ;
#4718 = CARTESIAN_POINT ( 'NONE',  ( -0.4755282581475767700, 0.1545084971874737800, -0.06749999999999997700 ) ) ;
#4719 = ORIENTED_EDGE ( 'NONE', *, *, #5789, .F. ) ;
#4720 = EDGE_CURVE ( 'NONE', #4036, #3017, #5120, .T. ) ;
#4721 = VERTEX_POINT ( 'NONE', #1736 ) ;
#4722 = CARTESIAN_POINT ( 'NONE',  ( 0.1968503937007873800, 5.907047605753529800E-017, -0.1375000000000000400 ) ) ;
#4723 = ORIENTED_EDGE ( 'NONE', *, *, #3221, .F. ) ;
#4724 = PERSON ( 'UNSPECIFIED', 'UNSPECIFIED', 'UNSPECIFIED', ('UNSPECIFIED'), ('UNSPECIFIED'), ('UNSPECIFIED') ) ;
#4725 = EDGE_LOOP ( 'NONE', ( #4158, #3640 ) ) ;
#4726 = DIRECTION ( 'NONE',  ( -0.5000000000000041100, -0.8660254037844362700, 0.0000000000000000000 ) ) ;
#4727 = ORIENTED_EDGE ( 'NONE', *, *, #1435, .F. ) ;
#4728 = CARTESIAN_POINT ( 'NONE',  ( 0.1823027437783007500, -0.07443587399752400700, 0.2672809100964824700 ) ) ;
#4729 = ORIENTED_EDGE ( 'NONE', *, *, #3424, .T. ) ;
#4730 = CARTESIAN_POINT ( 'NONE',  ( -0.1968503937007874100, 0.0000000000000000000, 0.4999999999999999400 ) ) ;
#4731 = VECTOR ( 'NONE', #5176, 39.37007874015748900 ) ;
#4732 = CARTESIAN_POINT ( 'NONE',  ( -0.5000000000000001100, 3.500472655261351000E-017, -0.03749999999999997100 ) ) ;
#4733 = CARTESIAN_POINT ( 'NONE',  ( 6.123233995736766000E-017, 0.5000000000000000000, 0.1375000000000000100 ) ) ;
#4734 = CARTESIAN_POINT ( 'NONE',  ( 0.4330127018922182400, -0.2500000000000020000, 0.3923427220735493100 ) ) ;
#4735 = ORIENTED_EDGE ( 'NONE', *, *, #1908, .T. ) ;
#4736 = DIRECTION ( 'NONE',  ( -1.758688375849877300E-016, 1.000000000000000000, 0.0000000000000000000 ) ) ;
#4737 = ADVANCED_FACE ( 'NONE', ( #1078 ), #2457, .F. ) ;
#4738 = DIRECTION ( 'NONE',  ( -0.0000000000000000000, -0.0000000000000000000, -1.000000000000000000 ) ) ;
#4739 =( BOUNDED_CURVE ( )  B_SPLINE_CURVE ( 2, ( #1592, #108, #3840, #1570, #4831, #1080, #3410 ),
 .UNSPECIFIED., .F., .F. ) 
 B_SPLINE_CURVE_WITH_KNOTS ( ( 3, 2, 2, 3 ),
 ( 0.0000000000000000000, 0.05000000000000000300, 0.1000000000000000100, 0.1250000000000000300 ),
 .UNSPECIFIED. ) 
 CURVE ( )  GEOMETRIC_REPRESENTATION_ITEM ( )  RATIONAL_B_SPLINE_CURVE ( ( 1.000000000000000000, 0.9510565162951535300, 1.000000000000000000, 0.9510565162951535300, 1.000000000000000000, 0.9755282581475768200, 0.9755282581475768200 ) ) 
 REPRESENTATION_ITEM ( '' )  );
#4740 = EDGE_CURVE ( 'NONE', #1619, #5139, #2016, .T. ) ;
#4741 = CARTESIAN_POINT ( 'NONE',  ( -0.08200000000000008700, 0.4846770714133428200, 0.3449999999999999200 ) ) ;
#4742 = LINE ( 'NONE', #2530, #147 ) ;
#4743 = ORIENTED_EDGE ( 'NONE', *, *, #794, .T. ) ;
#4744 = EDGE_LOOP ( 'NONE', ( #984, #2317, #4803, #2212 ) ) ;
#4745 = CARTESIAN_POINT ( 'NONE',  ( 0.1674509465259921300, 0.1216602340058847700, 0.09750000000000004500 ) ) ;
#4746 = CARTESIAN_POINT ( 'NONE',  ( 0.09159750513159646600, 0.4915382966297409100, 0.3450053225035648000 ) ) ;
#4747 = CARTESIAN_POINT ( 'NONE',  ( 0.4755282581475767700, -0.1545084971874737800, 0.05750000000000000200 ) ) ;
#4748 = ORIENTED_EDGE ( 'NONE', *, *, #5854, .T. ) ;
#4749 = CARTESIAN_POINT ( 'NONE',  ( 0.4207960260466405100, -0.2584394722690435100, -0.3054036646049948000 ) ) ;
#4750 = LINE ( 'NONE', #1170, #2287 ) ;
#4751 = EDGE_LOOP ( 'NONE', ( #4445, #5013 ) ) ;
#4752 = VERTEX_POINT ( 'NONE', #512 ) ;
#4753 = CARTESIAN_POINT ( 'NONE',  ( 0.4755282581475768200, 0.1545084971874735900, 0.09249999999999999900 ) ) ;
#4754 = EDGE_CURVE ( 'NONE', #955, #2051, #4278, .T. ) ;
#4755 = EDGE_CURVE ( 'NONE', #2641, #1026, #630, .T. ) ;
#4756 = CARTESIAN_POINT ( 'NONE',  ( 0.04277874990455533800, 0.4910928956983142700, 0.4181765065577390800 ) ) ;
#4757 = CARTESIAN_POINT ( 'NONE',  ( 0.4330127018922182400, -0.2500000000000020000, -0.3449999999999999200 ) ) ;
#4758 = CARTESIAN_POINT ( 'NONE',  ( 0.2069807528028085300, -1.267391582025345100E-017, -0.1374999999999999600 ) ) ;
#4759 = CIRCLE ( 'NONE', #5560, 0.1574803149606299200 ) ;
#4760 = AXIS2_PLACEMENT_3D ( 'NONE', #3301, #4713, #2385 ) ;
#4761 = AXIS2_PLACEMENT_3D ( 'NONE', #563, #5665, #5628 ) ;
#4762 = CARTESIAN_POINT ( 'NONE',  ( 0.06396057012458791800, 0.1968503937007874100, -0.04249999999999995400 ) ) ;
#4763 = CARTESIAN_POINT ( 'NONE',  ( 0.4253254041760199900, 0.3090169943749474000, 0.09749999999999997600 ) ) ;
#4764 = CARTESIAN_POINT ( 'NONE',  ( 0.003203374023690260800, 0.4981505311451074300, -0.3904932532186565200 ) ) ;
#4765 = CARTESIAN_POINT ( 'NONE',  ( 0.4074108506309916900, -0.2904282907689937900, -0.2644149940021507900 ) ) ;
#4766 = B_SPLINE_CURVE_WITH_KNOTS ( 'NONE', 1,
 ( #3126, #5888 ),
 .UNSPECIFIED., .F., .F.,
 ( 2, 2 ),
 ( 0.0000000000000000000, 1.000000000000000000 ),
 .UNSPECIFIED. ) ;
#4767 = B_SPLINE_CURVE_WITH_KNOTS ( 'NONE', 3,
 ( #1162, #4692, #2844, #1602, #3320, #4829, #3774, #5273, #1141, #1927, #5149, #5703, #2951, #3900, #1564, #122, #619, #3875, #4785, #2022, #5254, #5717, #1115, #4377, #4358, #2516, #5739, #170, #3461, #4486 ),
 .UNSPECIFIED., .F., .F.,
 ( 4, 2, 2, 2, 2, 2, 2, 2, 2, 2, 2, 2, 2, 2, 4 ),
 ( 1.788112030672749000E-018, 0.0004147065712546599900, 0.0008294131425093181300, 0.001658826285018634500, 0.002073532856273292600, 0.002488239427527951100, 0.002902945998782609700, 0.003317652570037267300, 0.003732359141291925400, 0.004147065712546583500, 0.004561772283801242500, 0.004976478855055900500, 0.005805891997565214100, 0.006220598568819873100, 0.006635305140074530300 ),
 .UNSPECIFIED. ) ;
#4768 = ADVANCED_FACE ( 'NONE', ( #3338 ), #2528, .F. ) ;
#4769 = CARTESIAN_POINT ( 'NONE',  ( 0.3969327018922179100, -0.3124923931370870400, 0.3449999999999999200 ) ) ;
#4770 = CARTESIAN_POINT ( 'NONE',  ( 0.1756983622288450000, -0.08893002951869379000, 0.2635385486310019000 ) ) ;
#4771 = CARTESIAN_POINT ( 'NONE',  ( -3.131222696365948300E-017, 0.4180000000000000400, 0.2976572779264506400 ) ) ;
#4772 = CARTESIAN_POINT ( 'NONE',  ( 0.4330127018922199100, -0.2499999999999990000, 0.02919130606358862400 ) ) ;
#4773 = CARTESIAN_POINT ( 'NONE',  ( 0.1968503937007873800, -1.093897704769172200E-017, 0.1124999999999999500 ) ) ;
#4774 = CARTESIAN_POINT ( 'NONE',  ( -0.1872158496644003300, -0.06083011700294237200, -0.08250000000000000400 ) ) ;
#4775 = DIRECTION ( 'NONE',  ( -1.758688375849877300E-016, 1.000000000000000000, 0.0000000000000000000 ) ) ;
#4776 = CARTESIAN_POINT ( 'NONE',  ( 0.1872158496644003300, 0.06083011700294237200, 0.09250000000000004100 ) ) ;
#4777 = DIRECTION ( 'NONE',  ( -9.795821821337355400E-017, 1.000000000000000000, -0.0000000000000000000 ) ) ;
#4778 = DIRECTION ( 'NONE',  ( 0.0000000000000000000, 0.0000000000000000000, 1.000000000000000000 ) ) ;
#4779 = ORIENTED_EDGE ( 'NONE', *, *, #1728, .T. ) ;
#4780 = CARTESIAN_POINT ( 'NONE',  ( 0.3865598552538101500, -0.3175277258940452700, -0.2978365846163104600 ) ) ;
#4781 = EDGE_CURVE ( 'NONE', #3808, #4537, #4045, .T. ) ;
#4782 = ORIENTED_EDGE ( 'NONE', *, *, #259, .T. ) ;
#4783 = ORIENTED_EDGE ( 'NONE', *, *, #5512, .T. ) ;
#4784 = CARTESIAN_POINT ( 'NONE',  ( 0.1677683365697771900, -0.1031168594688262300, 0.4269992256906757800 ) ) ;
#4785 = CARTESIAN_POINT ( 'NONE',  ( 0.02681248681745996400, 0.1552641338856806700, -0.2673197002264494100 ) ) ;
#4786 = EDGE_LOOP ( 'NONE', ( #4909, #1697, #4249, #3941 ) ) ;
#4787 = AXIS2_PLACEMENT_3D ( 'NONE', #3666, #6012, #2712 ) ;
#4788 = ORIENTED_EDGE ( 'NONE', *, *, #4332, .F. ) ;
#4789 = CARTESIAN_POINT ( 'NONE',  ( 0.1157057583252900100, 0.1592553138533361100, -0.02250000000000003400 ) ) ;
#4790 = EDGE_CURVE ( 'NONE', #3755, #2244, #4830, .T. ) ;
#4791 = ADVANCED_FACE ( 'NONE', ( #1222 ), #1655, .F. ) ;
#4792 = DIRECTION ( 'NONE',  ( 0.8660254037844363800, -0.5000000000000038900, 0.0000000000000000000 ) ) ;
#4793 = ORIENTED_EDGE ( 'NONE', *, *, #4826, .T. ) ;
#4794 = ORIENTED_EDGE ( 'NONE', *, *, #5132, .T. ) ;
#4795 = CARTESIAN_POINT ( 'NONE',  ( -0.1157057583252900100, -0.1592553138533361100, 0.1525000000000000500 ) ) ;
#4796 = CARTESIAN_POINT ( 'NONE',  ( -0.1968503937007873800, 0.03117803943396386900, 0.05993728592265766500 ) ) ;
#4797 = CARTESIAN_POINT ( 'NONE',  ( 0.4755282581475767700, -0.1545084971874737300, -0.01749999999999998400 ) ) ;
#4798 = CARTESIAN_POINT ( 'NONE',  ( 0.3824986187818946700, -0.1734929584448398300, 0.3213286389632252800 ) ) ;
#4799 = CIRCLE ( 'NONE', #1522, 0.05074999999999987200 ) ;
#4800 = B_SPLINE_CURVE_WITH_KNOTS ( 'NONE', 3,
 ( #5861, #2637, #4017, #373 ),
 .UNSPECIFIED., .F., .F.,
 ( 4, 4 ),
 ( 0.0000000000000000000, 1.000000000000000000 ),
 .UNSPECIFIED. ) ;
#4801 = B_SPLINE_CURVE_WITH_KNOTS ( 'NONE', 3,
 ( #2621, #4884, #4932, #1176, #1695, #2588, #4026, #2550, #3090, #206 ),
 .UNSPECIFIED., .F., .F.,
 ( 4, 2, 2, 2, 4 ),
 ( 0.5000092972682515000, 0.6250000000000000000, 0.7500000000000000000, 0.8750000000000000000, 1.000000000000000000 ),
 .UNSPECIFIED. ) ;
#4802 = EDGE_LOOP ( 'NONE', ( #1023, #5893, #4867, #5811 ) ) ;
#4803 = ORIENTED_EDGE ( 'NONE', *, *, #357, .T. ) ;
#4804 = EDGE_CURVE ( 'NONE', #910, #834, #1521, .T. ) ;
#4805 = PLANE ( 'NONE',  #2049 ) ;
#4806 = CARTESIAN_POINT ( 'NONE',  ( 6.123233995736766000E-017, 0.5000000000000000000, 0.1625000000000000100 ) ) ;
#4807 = CARTESIAN_POINT ( 'NONE',  ( 0.4210023937655364400, -0.2708018189860014700, -0.2546861439001473800 ) ) ;
#4808 = CONICAL_SURFACE ( 'NONE', #2230, 0.04734272207354935800, 0.7853981633974500600 ) ;
#4809 = EDGE_LOOP ( 'NONE', ( #3723, #5613, #5184, #1915 ) ) ;
#4810 = CARTESIAN_POINT ( 'NONE',  ( -6.123233995736766000E-017, -0.5000000000000000000, 0.1625000000000000100 ) ) ;
#4811 = CARTESIAN_POINT ( 'NONE',  ( 0.5257311121191335900, -3.219174618344376100E-017, -0.01249999999999998700 ) ) ;
#4812 = CARTESIAN_POINT ( 'NONE',  ( 0.08200260135946237100, 0.4846766436865744800, 0.3233484815112825400 ) ) ;
#4813 = CARTESIAN_POINT ( 'NONE',  ( 0.4125127018922181100, -0.2855070415551639900, 0.3686713610367745600 ) ) ;
#4814 = VECTOR ( 'NONE', #283, 39.37007874015748100 ) ;
#4815 = VERTEX_POINT ( 'NONE', #996 ) ;
#4816 = EDGE_LOOP ( 'NONE', ( #55, #2427, #4324, #382 ) ) ;
#4817 = CARTESIAN_POINT ( 'NONE',  ( -0.04099999999999998800, 0.4180000000000000400, 0.3686713610367743900 ) ) ;
#4818 = EDGE_CURVE ( 'NONE', #3444, #2240, #418, .T. ) ;
#4819 = CARTESIAN_POINT ( 'NONE',  ( -0.1674509465259920700, 0.1216602340058848100, -0.1224999999999999400 ) ) ;
#4820 = DIRECTION ( 'NONE',  ( 0.8660254037844362700, -0.5000000000000038900, 0.0000000000000000000 ) ) ;
#4821 = VERTEX_POINT ( 'NONE', #3629 ) ;
#4822 = ORIENTED_EDGE ( 'NONE', *, *, #1132, .F. ) ;
#4823 = CARTESIAN_POINT ( 'NONE',  ( -0.4999999999999999400, 0.07919222016226816500, 0.009937285922657704300 ) ) ;
#4824 = B_SPLINE_CURVE_WITH_KNOTS ( 'NONE', 3,
 ( #5860, #3125, #2703, #303, #5887, #3144, #324, #2206, #4059, #2242, #1399, #452, #3681, #5032, #3205, #3717, #1792, #2321, #1809, #6025 ),
 .UNSPECIFIED., .F., .F.,
 ( 4, 2, 2, 2, 2, 2, 2, 2, 2, 4 ),
 ( 0.5000000000000000000, 0.5312500000000000000, 0.5625000000000001100, 0.6250000000000001100, 0.6875000000000000000, 0.7500000000000000000, 0.8125000000000000000, 0.8750000000000000000, 0.9375000000000000000, 1.000000000000000000 ),
 .UNSPECIFIED. ) ;
#4825 = CIRCLE ( 'NONE', #5719, 0.04734272207354935800 ) ;
#4826 = EDGE_CURVE ( 'NONE', #2850, #910, #3413, .T. ) ;
#4827 = CARTESIAN_POINT ( 'NONE',  ( 0.1959824445707206400, -0.01846507298224866300, 0.3449999999999999200 ) ) ;
#4828 = CARTESIAN_POINT ( 'NONE',  ( 0.0000000000000000000, -0.1968503937007874100, 0.01250000000000003700 ) ) ;
#4829 = CARTESIAN_POINT ( 'NONE',  ( -0.07147067128497622300, 0.1404075164129313400, -0.3034018099804442500 ) ) ;
#4830 = CIRCLE ( 'NONE', #5327, 0.04734272207354933700 ) ;
#4831 = CARTESIAN_POINT ( 'NONE',  ( 0.1872158496644003300, -0.06083011700294241300, -0.1174999999999999400 ) ) ;
#4832 = CARTESIAN_POINT ( 'NONE',  ( 6.123233995736766000E-017, 0.5000000000000000000, 0.1625000000000000100 ) ) ;
#4833 = CARTESIAN_POINT ( 'NONE',  ( 0.1674509465259921000, -0.1216602340058848100, -0.04750000000000000700 ) ) ;
#4834 = CYLINDRICAL_SURFACE ( 'NONE', #4633, 0.5000000000000000000 ) ;
#4835 = AXIS2_PLACEMENT_3D ( 'NONE', #1847, #2301, #409 ) ;
#4836 = PLANE ( 'NONE',  #43 ) ;
#4837 = AXIS2_PLACEMENT_3D ( 'NONE', #4331, #4792, #5725 ) ;
#4838 = CARTESIAN_POINT ( 'NONE',  ( 0.1574435302046258100, 0.003464144692813319500, -0.3527907095470102000 ) ) ;
#4840 = EDGE_CURVE ( 'NONE', #3931, #5788, #4312, .T. ) ;
#4839 = CARTESIAN_POINT ( 'NONE',  ( -0.4253254041760198800, -0.3090169943749473400, -0.1274999999999999500 ) ) ;
#4841 = AXIS2_PLACEMENT_3D ( 'NONE', #3503, #5456, #1771 ) ;
#4842 = CARTESIAN_POINT ( 'NONE',  ( -0.3017450717910351600, 0.1742125984251961800, -0.01250000000000002000 ) ) ;
#4843 = CARTESIAN_POINT ( 'NONE',  ( -0.2938926261462366800, -0.4045084971874736100, 0.1024999999999999900 ) ) ;
#4844 = CARTESIAN_POINT ( 'NONE',  ( 0.4714841751993003600, -0.1664414892423174100, -0.3212483333087676800 ) ) ;
#4845 = CARTESIAN_POINT ( 'NONE',  ( -0.04099999999999999500, 0.4936572779264506400, 0.3533378237527942700 ) ) ;
#4846 = EDGE_LOOP ( 'NONE', ( #2115, #2866, #4568, #3296 ) ) ;
#4847 = CARTESIAN_POINT ( 'NONE',  ( 0.4162165035937842000, -0.2651325541516215100, 0.2630046021525051000 ) ) ;
#4848 = CARTESIAN_POINT ( 'NONE',  ( 0.08169323292007194000, 0.4935372289600981600, -0.3921886146924558600 ) ) ;
#4849 = CARTESIAN_POINT ( 'NONE',  ( 0.1872158496644003300, 0.06083011700294239200, -0.03250000000000001500 ) ) ;
#4850 = ORIENTED_EDGE ( 'NONE', *, *, #5864, .T. ) ;
#4851 = EDGE_LOOP ( 'NONE', ( #3818, #1566, #4683, #5150 ) ) ;
#4852 = CARTESIAN_POINT ( 'NONE',  ( -0.1968503937007873800, 0.03117803943396384200, -0.1400627140773423300 ) ) ;
#4853 = CARTESIAN_POINT ( 'NONE',  ( 0.4755282581475767700, -0.1545084971874737300, -0.04249999999999997500 ) ) ;
#4854 = ORIENTED_EDGE ( 'NONE', *, *, #3136, .F. ) ;
#4855 = CARTESIAN_POINT ( 'NONE',  ( 0.1968503937007873800, -1.093897704769172200E-017, -0.03750000000000004000 ) ) ;
#4856 = EDGE_CURVE ( 'NONE', #6015, #2556, #921, .T. ) ;
#4857 = ORIENTED_EDGE ( 'NONE', *, *, #5450, .T. ) ;
#4858 = CARTESIAN_POINT ( 'NONE',  ( 0.1231028481643335200, -0.1536745469797171100, 0.3865001345334933000 ) ) ;
#4859 = ORIENTED_EDGE ( 'NONE', *, *, #3020, .F. ) ;
#4860 = CARTESIAN_POINT ( 'NONE',  ( 0.1624598481164530900, -0.5000000000000000000, 0.1175000000000000200 ) ) ;
#4861 = CARTESIAN_POINT ( 'NONE',  ( 0.1574803149606299700, -0.006379205747117897700, -0.3031057499319744800 ) ) ;
#4862 = VERTEX_POINT ( 'NONE', #2021 ) ;
#4863 = VECTOR ( 'NONE', #5395, 39.37007874015748100 ) ;
#4864 = CC_DESIGN_PERSON_AND_ORGANIZATION_ASSIGNMENT ( #3016, #575, ( #5060 ) ) ;
#4865 = CARTESIAN_POINT ( 'NONE',  ( 0.1674509465259921000, 0.1216602340058847800, -0.002499999999999955800 ) ) ;
#4866 = CARTESIAN_POINT ( 'NONE',  ( -0.02411274066523899300, 0.5000004666645544400, 0.4353244265593464400 ) ) ;
#4867 = ORIENTED_EDGE ( 'NONE', *, *, #1719, .T. ) ;
#4868 = EDGE_CURVE ( 'NONE', #4292, #4752, #2019, .T. ) ;
#4869 = CARTESIAN_POINT ( 'NONE',  ( -0.5000000000000001100, 3.500472655261351000E-017, 0.1375000000000000100 ) ) ;
#4870 = ORIENTED_EDGE ( 'NONE', *, *, #2510, .T. ) ;
#4871 = DIRECTION ( 'NONE',  ( 0.9659258262890687600, 0.2588190451025190700, 0.0000000000000000000 ) ) ;
#4872 = CARTESIAN_POINT ( 'NONE',  ( 0.4253254041760198800, 0.3090169943749473400, -0.002499999999999990500 ) ) ;
#4873 = LINE ( 'NONE', #4693, #4731 ) ;
#4874 = PLANE ( 'NONE',  #5401 ) ;
#4875 = CONICAL_SURFACE ( 'NONE', #5877, 0.04734272207354935800, 0.7853981633974500600 ) ;
#4876 = CARTESIAN_POINT ( 'NONE',  ( 6.123233995736766000E-017, 0.5000000000000000000, 0.03749999999999999200 ) ) ;
#4877 = EDGE_LOOP ( 'NONE', ( #449, #754, #815, #4224 ) ) ;
#4878 = CARTESIAN_POINT ( 'NONE',  ( 0.4253254041760198800, -0.3090169943749474500, -0.04749999999999996600 ) ) ;
#4879 = AXIS2_PLACEMENT_3D ( 'NONE', #5022, #5488, #5852 ) ;
#4880 = CARTESIAN_POINT ( 'NONE',  ( -0.05074999999999985100, 0.3125000000000000000, -0.3449999999999999200 ) ) ;
#4881 = VECTOR ( 'NONE', #3353, 39.37007874015748100 ) ;
#4882 = ORIENTED_EDGE ( 'NONE', *, *, #5127, .F. ) ;
#4883 = CARTESIAN_POINT ( 'NONE',  ( 0.0000000000000000000, 0.0000000000000000000, 0.4999999999999999400 ) ) ;
#4884 = CARTESIAN_POINT ( 'NONE',  ( 0.08200128384141930300, 0.4846769365570176600, -0.3233453326923647100 ) ) ;
#4885 = FACE_BOUND ( 'NONE', #3952, .T. ) ;
#4886 = ORIENTED_EDGE ( 'NONE', *, *, #2468, .F. ) ;
#4887 = CARTESIAN_POINT ( 'NONE',  ( 0.4162187326456293100, -0.2651283994613677900, -0.4269949818478512800 ) ) ;
#4888 = ADVANCED_FACE ( 'NONE', ( #5700 ), #771, .T. ) ;
#4889 = CARTESIAN_POINT ( 'NONE',  ( 0.4580059613652693300, -0.1800039035902285800, 0.3021626695717838900 ) ) ;
#4890 = CARTESIAN_POINT ( 'NONE',  ( -0.07301121735385757100, 0.4865101352774729400, 0.3828149089114200600 ) ) ;
#4891 = CARTESIAN_POINT ( 'NONE',  ( 0.08144196800620759300, 0.1347917772832619700, -0.3559807806682238100 ) ) ;
#4892 = LINE ( 'NONE', #274, #1150 ) ;
#4893 = EDGE_CURVE ( 'NONE', #3808, #2628, #3687, .T. ) ;
#4894 = CARTESIAN_POINT ( 'NONE',  ( 0.4480197434473803800, -0.2113215974080654400, 0.3449999999999999200 ) ) ;
#4895 = CARTESIAN_POINT ( 'NONE',  ( -0.2938926261462366800, -0.4045084971874736100, 0.07749999999999999900 ) ) ;
#4896 = DIRECTION ( 'NONE',  ( 1.803239147706419700E-016, 3.123301822024684900E-016, 1.000000000000000000 ) ) ;
#4897 = CARTESIAN_POINT ( 'NONE',  ( 0.05074999999999988500, 0.3125000000000000000, 0.3449999999999999200 ) ) ;
#4898 = FACE_OUTER_BOUND ( 'NONE', #4003, .T. ) ;
#4899 = VECTOR ( 'NONE', #2411, 39.37007874015748100 ) ;
#4900 = CARTESIAN_POINT ( 'NONE',  ( -6.123233995736766000E-017, -0.5000000000000000000, 0.1375000000000000100 ) ) ;
#4901 = AXIS2_PLACEMENT_3D ( 'NONE', #4549, #5530, #5059 ) ;
#4902 = CARTESIAN_POINT ( 'NONE',  ( 0.4682536807761256100, -0.1760284507289077400, 0.3921638342466145000 ) ) ;
#4903 = CARTESIAN_POINT ( 'NONE',  ( 0.02402005775014168900, 0.4999996775480145500, 0.2546861439001465400 ) ) ;
#4904 = CARTESIAN_POINT ( 'NONE',  ( -0.03782115716904364100, 0.4912895517770202700, 0.4185433756314946900 ) ) ;
#4905 = CARTESIAN_POINT ( 'NONE',  ( -1.345699952522735200E-017, 0.4901600000000000400, 0.3449999999999999200 ) ) ;
#4906 = CARTESIAN_POINT ( 'NONE',  ( 0.1872158496644003300, 0.06083011700294239200, 0.01749999999999996400 ) ) ;
#4907 = CARTESIAN_POINT ( 'NONE',  ( 0.3619986187818944300, -0.2090000000000018800, 0.3923427220735491400 ) ) ;
#4908 =( BOUNDED_CURVE ( )  B_SPLINE_CURVE ( 1, ( #1151, #129 ),
 .UNSPECIFIED., .F., .F. ) 
 B_SPLINE_CURVE_WITH_KNOTS ( ( 2, 2 ),
 ( 0.0000000000000000000, 0.007699999999999997600 ),
 .UNSPECIFIED. ) 
 CURVE ( )  GEOMETRIC_REPRESENTATION_ITEM ( )  RATIONAL_B_SPLINE_CURVE ( ( 0.9782076199945180000, 0.9782076199945180000 ) ) 
 REPRESENTATION_ITEM ( '' )  );
#4909 = ORIENTED_EDGE ( 'NONE', *, *, #3771, .F. ) ;
#4910 = PLANE ( 'NONE',  #408 ) ;
#4911 = EDGE_LOOP ( 'NONE', ( #3303, #4400, #2129, #5954 ) ) ;
#4912 = CARTESIAN_POINT ( 'NONE',  ( 0.4377611505172512300, -0.2278173946517952100, 0.2629954181721710900 ) ) ;
#4913 = ORIENTED_EDGE ( 'NONE', *, *, #5257, .F. ) ;
#4914 = CARTESIAN_POINT ( 'NONE',  ( 0.4210048971023351800, -0.2707971850605912500, 0.4353133978974372800 ) ) ;
#4915 = CARTESIAN_POINT ( 'NONE',  ( -0.5000000000000001100, 3.500472655261351000E-017, 0.1124999999999999800 ) ) ;
#4916 = EDGE_CURVE ( 'NONE', #2119, #1238, #4041, .T. ) ;
#4917 = DIRECTION ( 'NONE',  ( 0.2588190451025138000, -0.9659258262890699800, 8.659560562354955000E-017 ) ) ;
#4918 = CARTESIAN_POINT ( 'NONE',  ( 0.4654910119189797400, -0.1740659168896781800, -0.3449999999999999200 ) ) ;
#4919 = ORIENTED_EDGE ( 'NONE', *, *, #5292, .T. ) ;
#4920 = ORIENTED_EDGE ( 'NONE', *, *, #5565, .T. ) ;
#4921 = DIRECTION ( 'NONE',  ( 0.5000000000000004400, 4.897910910668682000E-017, 0.8660254037844383700 ) ) ;
#4922 = CARTESIAN_POINT ( 'NONE',  ( 0.1624598481164530600, -0.5000000000000001100, -0.08249999999999997600 ) ) ;
#4923 = CARTESIAN_POINT ( 'NONE',  ( 0.07543469070716955800, -0.1382376831331199300, -0.3449999999999999200 ) ) ;
#4924 = EDGE_CURVE ( 'NONE', #2725, #3532, #1976, .T. ) ;
#4925 = VERTEX_POINT ( 'NONE', #5253 ) ;
#4926 = ORIENTED_EDGE ( 'NONE', *, *, #4508, .T. ) ;
#4927 = DIRECTION ( 'NONE',  ( -3.606478295412809800E-016, 0.0000000000000000000, 1.000000000000000000 ) ) ;
#4928 = CARTESIAN_POINT ( 'NONE',  ( -0.06396057012458784800, 0.1968503937007874400, -0.05750000000000000200 ) ) ;
#4930 = EDGE_CURVE ( 'NONE', #5281, #3961, #4473, .T. ) ;
#4929 = CARTESIAN_POINT ( 'NONE',  ( 0.4214709898605880600, -0.2586531588897651400, -0.3846843373544822600 ) ) ;
#4931 = VECTOR ( 'NONE', #3823, 39.37007874015748100 ) ;
#4932 = CARTESIAN_POINT ( 'NONE',  ( 0.07314481826253391200, 0.4866455932043613500, -0.3021794949160053800 ) ) ;
#4933 = EDGE_LOOP ( 'NONE', ( #3455, #3564, #148, #4006, #5363, #1989, #4527, #1242, #4988, #2792 ) ) ;
#4934 = LOCAL_TIME ( 9, 51, 53.00000000000000000, #600 ) ;
#4935 = EDGE_LOOP ( 'NONE', ( #6001, #1641 ) ) ;
#4936 = AXIS2_PLACEMENT_3D ( 'NONE', #4696, #3359, #3778 ) ;
#4937 = CARTESIAN_POINT ( 'NONE',  ( 0.4450694763681967700, -0.2291179873613165000, 0.4353244265593455600 ) ) ;
#4938 = CARTESIAN_POINT ( 'NONE',  ( 0.1968503937007873800, 5.907047605753529800E-017, -0.1124999999999999500 ) ) ;
#4939 = CARTESIAN_POINT ( 'NONE',  ( 0.3787426562703870600, -0.3133526188664534900, 0.3449999999989075700 ) ) ;
#4940 = VECTOR ( 'NONE', #441, 39.37007874015748900 ) ;
#4941 = CARTESIAN_POINT ( 'NONE',  ( 0.4714834044339402100, -0.1664433817950764500, 0.3450000000000000300 ) ) ;
#4942 = LINE ( 'NONE', #3108, #2280 ) ;
#4943 = CARTESIAN_POINT ( 'NONE',  ( 1.229195698559069900E-017, 0.3437500000000000600, -0.3449999999999999200 ) ) ;
#4944 = VERTEX_POINT ( 'NONE', #732 ) ;
#4945 = CARTESIAN_POINT ( 'NONE',  ( -0.1968503937007873800, 1.093897704769172200E-017, -0.03750000000000004000 ) ) ;
#4946 = CARTESIAN_POINT ( 'NONE',  ( 0.4330127018922182400, -0.2500000000000020000, -0.3449999999999999200 ) ) ;
#4947 = LINE ( 'NONE', #399, #2511 ) ;
#4948 = CARTESIAN_POINT ( 'NONE',  ( 0.4755282581475768200, 0.1545084971874736700, 0.1174999999999999900 ) ) ;
#4949 = ORIENTED_EDGE ( 'NONE', *, *, #463, .T. ) ;
#4950 = ORIENTED_EDGE ( 'NONE', *, *, #1509, .F. ) ;
#4951 = CARTESIAN_POINT ( 'NONE',  ( 0.07591321975904424800, -0.1379794445010699700, -0.3550110942886328100 ) ) ;
#4952 = VECTOR ( 'NONE', #178, 39.37007874015748100 ) ;
#4953 = VERTEX_POINT ( 'NONE', #5814 ) ;
#4954 = CARTESIAN_POINT ( 'NONE',  ( -0.4755282581475767700, 0.1545084971874737300, -0.1424999999999999900 ) ) ;
#4955 = CARTESIAN_POINT ( 'NONE',  ( -0.1872158496644003300, -0.06083011700294237200, 0.09250000000000004100 ) ) ;
#4956 = CARTESIAN_POINT ( 'NONE',  ( 0.3824986187818946700, -0.1734929584448398300, 0.3213286389632252800 ) ) ;
#4957 = VECTOR ( 'NONE', #3919, 39.37007874015748900 ) ;
#4958 = CARTESIAN_POINT ( 'NONE',  ( 0.3787443277707788800, -0.3133505796196129300, 0.3666611830256161800 ) ) ;
#4959 = CARTESIAN_POINT ( 'NONE',  ( 0.1157057583252900100, 0.1592553138533361100, -0.09749999999999994800 ) ) ;
#4960 = EDGE_CURVE ( 'NONE', #2850, #3524, #4338, .T. ) ;
#4961 = CARTESIAN_POINT ( 'NONE',  ( 0.08200000014553582300, 0.4846770712601788900, 0.3449999999989076800 ) ) ;
#4962 = DIRECTION ( 'NONE',  ( 0.5000000000000037700, 0.8660254037844363800, 0.0000000000000000000 ) ) ;
#4963 = CARTESIAN_POINT ( 'NONE',  ( -0.02671150363687432200, 0.1552817323308032000, -0.4227153688303591500 ) ) ;
#4964 = VECTOR ( 'NONE', #5624, 39.37007874015748100 ) ;
#4965 = EDGE_CURVE ( 'NONE', #154, #5501, #1510, .T. ) ;
#4966 = CARTESIAN_POINT ( 'NONE',  ( 0.4330127018922182400, -0.2500000000000020500, -0.3449999999999999200 ) ) ;
#4967 = DIRECTION ( 'NONE',  ( 0.8660254037844383700, 0.0000000000000000000, -0.5000000000000004400 ) ) ;
#4968 = CARTESIAN_POINT ( 'NONE',  ( -4.897910910668677100E-017, 0.5000000000000000000, -0.3449999999999999200 ) ) ;
#4969 = CARTESIAN_POINT ( 'NONE',  ( 0.1574803149606299200, -2.542290164203033400E-017, -0.3678907754341156900 ) ) ;
#4970 = VECTOR ( 'NONE', #45, 39.37007874015748900 ) ;
#4971 = ADVANCED_FACE ( 'NONE', ( #4614 ), #3247, .T. ) ;
#4972 = DIRECTION ( 'NONE',  ( -0.0000000000000000000, -0.0000000000000000000, -1.000000000000000000 ) ) ;
#4973 = CARTESIAN_POINT ( 'NONE',  ( 0.4253254041760199900, 0.3090169943749474000, -0.05249999999999997000 ) ) ;
#4974 = CARTESIAN_POINT ( 'NONE',  ( 0.1872158496644003300, 0.06083011700294237200, -0.08250000000000000400 ) ) ;
#4975 = CARTESIAN_POINT ( 'NONE',  ( 0.4210048971023351800, -0.2707971850605912500, -0.4353133978974372300 ) ) ;
#4976 = EDGE_CURVE ( 'NONE', #4097, #2496, #1945, .T. ) ;
#4977 = EDGE_CURVE ( 'NONE', #5517, #3223, #4759, .T. ) ;
#4978 = CARTESIAN_POINT ( 'NONE',  ( 0.4330127018922182400, -0.2500000000000020000, 0.3449999999999999200 ) ) ;
#4979 = CARTESIAN_POINT ( 'NONE',  ( -0.5000000000000001100, 9.626299801968714300E-017, 0.06250000000000000000 ) ) ;
#4980 = CARTESIAN_POINT ( 'NONE',  ( 0.06171048417648604400, 0.1449407209661015500, -0.3992530946874227600 ) ) ;
#4981 = VERTEX_POINT ( 'NONE', #5358 ) ;
#4982 = CARTESIAN_POINT ( 'NONE',  ( 0.4125127018922180600, -0.2818081038453786900, 0.3194791701083327100 ) ) ;
#4983 = CARTESIAN_POINT ( 'NONE',  ( 0.3619986187818944300, -0.2090000000000018500, -0.3923427220735491400 ) ) ;
#4984 =( BOUNDED_CURVE ( )  B_SPLINE_CURVE ( 2, ( #1816, #5040, #4208, #5993, #1834, #2838, #4145, #3769, #434, #986, #4229, #3702, #923 ),
 .UNSPECIFIED., .F., .F. ) 
 B_SPLINE_CURVE_WITH_KNOTS ( ( 3, 2, 2, 2, 2, 2, 3 ),
 ( 0.3750000000000000000, 0.4000000000000000200, 0.4500000000000000100, 0.5000000000000000000, 0.5500000000000000400, 0.5999999999999999800, 0.6250000000000000000 ),
 .UNSPECIFIED. ) 
 CURVE ( )  GEOMETRIC_REPRESENTATION_ITEM ( )  RATIONAL_B_SPLINE_CURVE ( ( 0.9755282581475768200, 0.9755282581475768200, 1.000000000000000000, 0.9510565162951535300, 1.000000000000000000, 0.9510565162951535300, 1.000000000000000000, 0.9510565162951535300, 1.000000000000000000, 0.9510565162951535300, 1.000000000000000000, 0.9755282581475768200, 0.9755282581475768200 ) ) 
 REPRESENTATION_ITEM ( '' )  );
#4985 = CARTESIAN_POINT ( 'NONE',  ( -0.2938926261462365700, 0.4045084971874737300, 0.09750000000000000300 ) ) ;
#4986 = CARTESIAN_POINT ( 'NONE',  ( 0.08200260135946237100, 0.4846766436865744800, -0.3233484815112825400 ) ) ;
#4987 = CARTESIAN_POINT ( 'NONE',  ( -0.04734272207354938600, 0.5000000000000000000, -0.3449999999999999200 ) ) ;
#4988 = ORIENTED_EDGE ( 'NONE', *, *, #4274, .F. ) ;
#4989 = CARTESIAN_POINT ( 'NONE',  ( 0.1551461209842298300, -0.02829579420221890400, -0.4082531618218638300 ) ) ;
#4990 = ORIENTED_EDGE ( 'NONE', *, *, #919, .T. ) ;
#4991 = DIRECTION ( 'NONE',  ( -1.000000000000000000, 0.0000000000000000000, 0.0000000000000000000 ) ) ;
#4992 = VERTEX_POINT ( 'NONE', #184 ) ;
#4993 = CARTESIAN_POINT ( 'NONE',  ( 0.3798858992484875400, -0.3250949146821092700, -0.3450053225035648000 ) ) ;
#4994 =( BOUNDED_CURVE ( )  B_SPLINE_CURVE ( 2, ( #1152, #1223, #4461, #689, #4422, #1666, #4407 ),
 .UNSPECIFIED., .F., .F. ) 
 B_SPLINE_CURVE_WITH_KNOTS ( ( 3, 2, 2, 3 ),
 ( 0.6250000000000000000, 0.6500000000000000200, 0.6999999999999999600, 0.7500000000000000000 ),
 .UNSPECIFIED. ) 
 CURVE ( )  GEOMETRIC_REPRESENTATION_ITEM ( )  RATIONAL_B_SPLINE_CURVE ( ( 0.9755282581475768200, 0.9755282581475768200, 1.000000000000000000, 0.9510565162951535300, 1.000000000000000000, 0.9510565162951535300, 1.000000000000000000 ) ) 
 REPRESENTATION_ITEM ( '' )  );
#4995 = ORIENTED_EDGE ( 'NONE', *, *, #4626, .T. ) ;
#4996 = ADVANCED_FACE ( 'NONE', ( #2012 ), #4024, .T. ) ;
#4997 = CARTESIAN_POINT ( 'NONE',  ( 0.5000000000000000000, 6.123233995736766000E-017, 0.1899999999999999500 ) ) ;
#4998 = EDGE_LOOP ( 'NONE', ( #2519, #5354 ) ) ;
#4999 = CARTESIAN_POINT ( 'NONE',  ( -0.01341713530231296100, 0.4936397845024505500, 0.3845963353950050400 ) ) ;
#5000 = EDGE_CURVE ( 'NONE', #365, #5377, #4691, .T. ) ;
#5001 = VERTEX_POINT ( 'NONE', #312 ) ;
#5002 = DIRECTION ( 'NONE',  ( 1.758688375849877300E-016, -1.000000000000000000, 0.0000000000000000000 ) ) ;
#5003 = CARTESIAN_POINT ( 'NONE',  ( -0.1968503937007873800, -0.03117803943396380400, 0.06506271407734225100 ) ) ;
#5004 = VECTOR ( 'NONE', #6004, 39.37007874015748100 ) ;
#5005 = VERTEX_POINT ( 'NONE', #4001 ) ;
#5006 = VERTEX_POINT ( 'NONE', #4066 ) ;
#5007 = CARTESIAN_POINT ( 'NONE',  ( 0.08200000005111184000, 0.4846770714107517300, -0.3450032215092305200 ) ) ;
#5008 = CARTESIAN_POINT ( 'NONE',  ( 0.1574581119946452900, -0.003600747423526579300, -0.3771038991603100100 ) ) ;
#5009 = FACE_OUTER_BOUND ( 'NONE', #5755, .T. ) ;
#5010 = AXIS2_PLACEMENT_3D ( 'NONE', #4515, #1768, #5495 ) ;
#5011 = CIRCLE ( 'NONE', #5485, 0.04734272207354933700 ) ;
#5012 = CARTESIAN_POINT ( 'NONE',  ( 0.07314594668619971200, 0.4866454279044538100, 0.3021806233536251100 ) ) ;
#5013 = ORIENTED_EDGE ( 'NONE', *, *, #171, .T. ) ;
#5014 = DIRECTION ( 'NONE',  ( 0.8660254037844362700, -0.5000000000000037700, 0.0000000000000000000 ) ) ;
#5015 = CARTESIAN_POINT ( 'NONE',  ( -0.1674509465259921000, -0.1216602340058847800, -0.1275000000000000000 ) ) ;
#5016 = EDGE_CURVE ( 'NONE', #4707, #1036, #5108, .T. ) ;
#5017 = CARTESIAN_POINT ( 'NONE',  ( -0.1157057583252900100, -0.1592553138533361100, 0.05250000000000004000 ) ) ;
#5018 = FACE_OUTER_BOUND ( 'NONE', #3969, .T. ) ;
#5019 = B_SPLINE_CURVE_WITH_KNOTS ( 'NONE', 1,
 ( #4131, #331 ),
 .UNSPECIFIED., .F., .F.,
 ( 2, 2 ),
 ( 0.0000000000000000000, 1.000000000000000000 ),
 .UNSPECIFIED. ) ;
#5020 = VERTEX_POINT ( 'NONE', #2669 ) ;
#5021 = VERTEX_POINT ( 'NONE', #2214 ) ;
#5022 = CARTESIAN_POINT ( 'NONE',  ( 0.3824986187818946700, -0.1734929584448398300, -0.3686713610367743900 ) ) ;
#5023 = AXIS2_PLACEMENT_3D ( 'NONE', #703, #1218, #1677 ) ;
#5024 = DIRECTION ( 'NONE',  ( -1.000000000000000000, 0.0000000000000000000, 0.0000000000000000000 ) ) ;
#5025 =( BOUNDED_CURVE ( )  B_SPLINE_CURVE ( 2, ( #4162, #4103, #3658, #4619, #1365, #4602, #2734, #3623, #1855, #5522, #5908, #5072, #5544 ),
 .UNSPECIFIED., .F., .T. ) 
 B_SPLINE_CURVE_WITH_KNOTS ( ( 3, 2, 2, 2, 2, 2, 3 ),
 ( 0.3750000000000000000, 0.4000000000000000200, 0.4500000000000000100, 0.5000000000000000000, 0.5500000000000000400, 0.5999999999999999800, 0.6250000000000000000 ),
 .UNSPECIFIED. ) 
 CURVE ( )  GEOMETRIC_REPRESENTATION_ITEM ( )  RATIONAL_B_SPLINE_CURVE ( ( 0.9755282581475768200, 0.9755282581475768200, 1.000000000000000000, 0.9510565162951535300, 1.000000000000000000, 0.9510565162951535300, 1.000000000000000000, 0.9510565162951535300, 1.000000000000000000, 0.9510565162951535300, 1.000000000000000000, 0.9755282581475768200, 0.9755282581475768200 ) ) 
 REPRESENTATION_ITEM ( '' )  );
#5026 = CARTESIAN_POINT ( 'NONE',  ( 0.3875695561306388100, -0.3159314796166293200, 0.2992032961953052200 ) ) ;
#5027 = CARTESIAN_POINT ( 'NONE',  ( -0.04784092033737922400, 0.4980417967142370400, -0.2644283913482285400 ) ) ;
#5028 = VECTOR ( 'NONE', #3464, 39.37007874015748100 ) ;
#5029 = CLOSED_SHELL ( 'NONE', ( #1313, #2970, #4114, #440, #5620, #3870, #3193, #4791, #1802, #3630, #702, #95, #4355, #3339, #4561, #5096, #763, #1402, #2935, #2756, #280, #1465 ) ) ;
#5030 = CARTESIAN_POINT ( 'NONE',  ( -0.07216000000000008500, 0.5000000000000000000, 0.3449999999999999200 ) ) ;
#5031 = CARTESIAN_POINT ( 'NONE',  ( -0.4999999999999999400, 0.07919222016226816500, 0.1099372859226577000 ) ) ;
#5032 = CARTESIAN_POINT ( 'NONE',  ( 0.4544559153301442300, -0.2088019840436071700, 0.4237296604493325200 ) ) ;
#5033 = DIRECTION ( 'NONE',  ( -3.037509777412724900E-017, 1.000000000000000000, 0.0000000000000000000 ) ) ;
#5034 = VECTOR ( 'NONE', #2162, 39.37007874015748900 ) ;
#5035 = CARTESIAN_POINT ( 'NONE',  ( -3.131222696365948300E-017, 0.4180000000000000400, -0.2976572779264506400 ) ) ;
#5036 = ADVANCED_FACE ( 'NONE', ( #2821 ), #3115, .F. ) ;
#5037 = CARTESIAN_POINT ( 'NONE',  ( 0.02401479298461856400, 0.4999995285385714900, 0.4353133978974381700 ) ) ;
#5038 = LINE ( 'NONE', #4562, #1360 ) ;
#5039 = PLANE ( 'NONE',  #5653 ) ;
#5040 = CARTESIAN_POINT ( 'NONE',  ( -0.1968503937007873800, -0.03117803943396380400, 0.09006271407734232900 ) ) ;
#5041 = CARTESIAN_POINT ( 'NONE',  ( -0.5000000000000001100, 9.626299801968714300E-017, -0.06249999999999997900 ) ) ;
#5042 = DIRECTION ( 'NONE',  ( -1.000000000000000000, 0.0000000000000000000, 0.0000000000000000000 ) ) ;
#5043 = EDGE_CURVE ( 'NONE', #1215, #978, #1584, .T. ) ;
#5044 = LINE ( 'NONE', #5786, #5909 ) ;
#5045 = DIRECTION ( 'NONE',  ( -1.000000000000000000, 0.0000000000000000000, 0.0000000000000000000 ) ) ;
#5046 = CARTESIAN_POINT ( 'NONE',  ( -6.123233995736766000E-017, -0.5000000000000000000, 0.01250000000000002000 ) ) ;
#5047 = DIRECTION ( 'NONE',  ( 0.5000000000000036600, 0.8660254037844366000, 0.0000000000000000000 ) ) ;
#5048 = CARTESIAN_POINT ( 'NONE',  ( -0.09159952967209207500, 0.4915380178261052300, -0.3212483333087674000 ) ) ;
#5049 = EDGE_CURVE ( 'NONE', #1419, #5583, #5699, .T. ) ;
#5050 = EDGE_CURVE ( 'NONE', #4497, #1043, #2362, .T. ) ;
#5051 = CARTESIAN_POINT ( 'NONE',  ( 0.005379567102491865700, 0.1968515952827152600, 0.2629971154645913700 ) ) ;
#5052 = DIRECTION ( 'NONE',  ( -0.4330127018922227400, -0.7499999999999980000, -0.4999999999999998300 ) ) ;
#5053 = CARTESIAN_POINT ( 'NONE',  ( -0.1968503937007873800, 1.093897704769172200E-017, 0.1375000000000000400 ) ) ;
#5054 = CARTESIAN_POINT ( 'NONE',  ( 0.1968503937007874100, 2.410722045565656100E-017, 0.4999999999999999400 ) ) ;
#5055 = CARTESIAN_POINT ( 'NONE',  ( 0.5000000000000001100, -3.500472655261351000E-017, 0.1124999999999999800 ) ) ;
#5056 = CARTESIAN_POINT ( 'NONE',  ( 0.4125127018922181100, -0.2855070415551639900, -0.3213286389632253900 ) ) ;
#5057 = CARTESIAN_POINT ( 'NONE',  ( -0.4755282581475768200, -0.1545084971874736700, -0.1074999999999999800 ) ) ;
#5058 = CARTESIAN_POINT ( 'NONE',  ( -0.2938926261462365700, 0.4045084971874737300, -0.05249999999999997000 ) ) ;
#5059 = DIRECTION ( 'NONE',  ( 1.803239147706419700E-016, 3.123301822024684900E-016, -1.000000000000000000 ) ) ;
#5060 = PRODUCT_DEFINITION_FORMATION_WITH_SPECIFIED_SOURCE ( 'ANY', '', #5654, .NOT_KNOWN. ) ;
#5061 = ORIENTED_EDGE ( 'NONE', *, *, #1886, .F. ) ;
#5062 = ADVANCED_FACE ( 'NONE', ( #5840 ), #5396, .F. ) ;
#5063 = CARTESIAN_POINT ( 'NONE',  ( 0.4162165035937842000, -0.2651325541516215100, -0.2630046021525051000 ) ) ;
#5064 = DIRECTION ( 'NONE',  ( -1.000000000000000000, 0.0000000000000000000, 0.0000000000000000000 ) ) ;
#5065 = CARTESIAN_POINT ( 'NONE',  ( 0.2566962325508997900, -0.2428890831103252500, -0.3449999999999999200 ) ) ;
#5066 = ORIENTED_EDGE ( 'NONE', *, *, #783, .T. ) ;
#5067 = CARTESIAN_POINT ( 'NONE',  ( -0.06171904788094240100, 0.1869655775009022600, 0.2907534656556006200 ) ) ;
#5068 = ORIENTED_EDGE ( 'NONE', *, *, #2153, .T. ) ;
#5069 = CARTESIAN_POINT ( 'NONE',  ( -0.09159750529064442100, 0.4915382966001025600, -0.3449999999999998600 ) ) ;
#5070 = CARTESIAN_POINT ( 'NONE',  ( -0.1157057583252900000, 0.1592553138533361100, -0.002500000000000037300 ) ) ;
#5071 = CARTESIAN_POINT ( 'NONE',  ( -0.04099999999999998800, 0.4180000000000000400, 0.3686713610367743900 ) ) ;
#5072 = CARTESIAN_POINT ( 'NONE',  ( -0.4999999999999999400, 0.07919222016226816500, -0.04006271407734225700 ) ) ;
#5073 = EDGE_LOOP ( 'NONE', ( #1918, #2209, #5066, #1769, #1905, #5607, #5378, #3958 ) ) ;
#5074 = EDGE_LOOP ( 'NONE', ( #2780, #1710, #535, #2498 ) ) ;
#5075 = CARTESIAN_POINT ( 'NONE',  ( -0.1968503937007874100, 0.0000000000000000000, 0.4999999999999999400 ) ) ;
#5076 = CARTESIAN_POINT ( 'NONE',  ( -0.08200000000000008700, 0.4846770714133428200, 0.3449999999999999200 ) ) ;
#5077 = DIRECTION ( 'NONE',  ( -9.795821821337355400E-017, 1.000000000000000000, -0.0000000000000000000 ) ) ;
#5078 = CARTESIAN_POINT ( 'NONE',  ( 0.4488035452626717400, -0.2031797701438497200, 0.2774806087859500400 ) ) ;
#5079 = CARTESIAN_POINT ( 'NONE',  ( -0.08200000000000001700, 0.3125000000000000000, -0.3450000000000004700 ) ) ;
#5080 = ORIENTED_EDGE ( 'NONE', *, *, #1071, .T. ) ;
#5081 = ORIENTED_EDGE ( 'NONE', *, *, #1536, .T. ) ;
#5082 = CARTESIAN_POINT ( 'NONE',  ( -1.518754888706362500E-017, 0.5000000000000000000, 0.3449999999999999200 ) ) ;
#5083 = FACE_OUTER_BOUND ( 'NONE', #2412, .T. ) ;
#5084 = EDGE_CURVE ( 'NONE', #6013, #879, #1871, .T. ) ;
#5085 = CARTESIAN_POINT ( 'NONE',  ( 0.08145616954536247200, 0.1792103293746807900, 0.3558739097818359200 ) ) ;
#5086 = ORIENTED_EDGE ( 'NONE', *, *, #2299, .F. ) ;
#5087 = CARTESIAN_POINT ( 'NONE',  ( -0.02158624768503195400, 0.4930211207645432400, -0.4270049947112145600 ) ) ;
#5088 = ORIENTED_EDGE ( 'NONE', *, *, #1456, .T. ) ;
#5089 = CARTESIAN_POINT ( 'NONE',  ( 0.1157057583252899800, -0.1592553138533361100, 0.04749999999999996600 ) ) ;
#5090 = DIRECTION ( 'NONE',  ( 0.5000000000000043300, 0.8660254037844361500, 0.0000000000000000000 ) ) ;
#5091 = VECTOR ( 'NONE', #411, 39.37007874015747400 ) ;
#5092 = CARTESIAN_POINT ( 'NONE',  ( 0.02758286469768693800, 0.4936397845024506600, 0.3764177477153187700 ) ) ;
#5093 = CONICAL_SURFACE ( 'NONE', #28, 0.07216000000000008500, 0.7853981633974482800 ) ;
#5094 = ORIENTED_EDGE ( 'NONE', *, *, #911, .F. ) ;
#5095 = CARTESIAN_POINT ( 'NONE',  ( 0.5000000000000001100, 1.400189062104540400E-016, -0.1124999999999999800 ) ) ;
#5096 = ADVANCED_FACE ( 'NONE', ( #244 ), #2308, .F. ) ;
#5097 = AXIS2_PLACEMENT_3D ( 'NONE', #3662, #5545, #5502 ) ;
#5098 = DIRECTION ( 'NONE',  ( 0.0000000000000000000, 0.0000000000000000000, -1.000000000000000000 ) ) ;
#5099 = LINE ( 'NONE', #3787, #8 ) ;
#5100 = ORIENTED_EDGE ( 'NONE', *, *, #4755, .T. ) ;
#5101 = EDGE_LOOP ( 'NONE', ( #3092, #3855, #202, #2203 ) ) ;
#5102 = CARTESIAN_POINT ( 'NONE',  ( -0.1157057583252900100, -0.1592553138533361100, 0.002500000000000058600 ) ) ;
#5103 = CARTESIAN_POINT ( 'NONE',  ( 0.5257311121191335900, -9.657523855033128400E-017, -0.08749999999999998100 ) ) ;
#5105 = EDGE_CURVE ( 'NONE', #4944, #5596, #2142, .T. ) ;
#5104 = CARTESIAN_POINT ( 'NONE',  ( -0.1574803149606299200, 1.928577636452524600E-017, -0.4999999999999999400 ) ) ;
#5106 = CARTESIAN_POINT ( 'NONE',  ( -0.1624598481164530600, 0.5000000000000001100, -0.1074999999999999600 ) ) ;
#5107 =( BOUNDED_CURVE ( )  B_SPLINE_CURVE ( 2, ( #1447, #1512, #980, #5121, #4250, #520, #2353 ),
 .UNSPECIFIED., .F., .F. ) 
 B_SPLINE_CURVE_WITH_KNOTS ( ( 3, 2, 2, 3 ),
 ( 0.0000000000000000000, 0.05000000000000000300, 0.1000000000000000100, 0.1250000000000000300 ),
 .UNSPECIFIED. ) 
 CURVE ( )  GEOMETRIC_REPRESENTATION_ITEM ( )  RATIONAL_B_SPLINE_CURVE ( ( 1.000000000000000000, 0.9510565162951535300, 1.000000000000000000, 0.9510565162951535300, 1.000000000000000000, 0.9755282581475768200, 0.9755282581475768200 ) ) 
 REPRESENTATION_ITEM ( '' )  );
#5108 = B_SPLINE_CURVE_WITH_KNOTS ( 'NONE', 3,
 ( #3627, #837, #777, #4929, #2602, #1230, #4471, #4525 ),
 .UNSPECIFIED., .F., .F.,
 ( 4, 2, 2, 4 ),
 ( 2.544393206585015300E-007, 0.0003107880854811292800, 0.0006213217316416000400, 0.001242389023962544400 ),
 .UNSPECIFIED. ) ;
#5109 = CYLINDRICAL_SURFACE ( 'NONE', #363, 0.1968503937007874100 ) ;
#5110 = ORIENTED_EDGE ( 'NONE', *, *, #3986, .F. ) ;
#5111 = CARTESIAN_POINT ( 'NONE',  ( -2.410722045565656100E-017, -0.1968503937007874100, -0.01250000000000003700 ) ) ;
#5112 = AXIS2_PLACEMENT_3D ( 'NONE', #2542, #3485, #667 ) ;
#5113 = CARTESIAN_POINT ( 'NONE',  ( 0.03452097890186647100, 0.4965780097134044900, -0.3175879743881326300 ) ) ;
#5114 = CARTESIAN_POINT ( 'NONE',  ( -0.01080010587323631600, 0.1968510377444748500, 0.4270015461006647100 ) ) ;
#5115 = CARTESIAN_POINT ( 'NONE',  ( -0.05629245622348483200, 0.4968946336672153700, 0.4172297800696214100 ) ) ;
#5116 = FACE_OUTER_BOUND ( 'NONE', #3235, .T. ) ;
#5117 = CARTESIAN_POINT ( 'NONE',  ( -0.4253254041760198800, -0.3090169943749473400, 0.1225000000000000000 ) ) ;
#5118 = CARTESIAN_POINT ( 'NONE',  ( -0.1157057583252900100, -0.1592553138533361100, 0.1274999999999999700 ) ) ;
#5119 = CARTESIAN_POINT ( 'NONE',  ( 0.07216000000000005700, 0.5000000000000000000, 0.3449999999999999200 ) ) ;
#5120 = LINE ( 'NONE', #1291, #4477 ) ;
#5121 = CARTESIAN_POINT ( 'NONE',  ( 0.4253254041760198800, -0.3090169943749474500, -0.1225000000000000000 ) ) ;
#5122 = CARTESIAN_POINT ( 'NONE',  ( 0.4535127018922184800, -0.2144929584448400700, 0.3213286389632253300 ) ) ;
#5123 = CARTESIAN_POINT ( 'NONE',  ( -0.1704774416898503800, 0.09842519685039334600, 0.004191306063588581100 ) ) ;
#5124 = CARTESIAN_POINT ( 'NONE',  ( -0.1968503937007873800, 3.281693114307516800E-017, -0.08750000000000003600 ) ) ;
#5125 = FACE_OUTER_BOUND ( 'NONE', #2769, .T. ) ;
#5126 = DIRECTION ( 'NONE',  ( -9.795821821337355400E-017, 1.000000000000000000, 0.0000000000000000000 ) ) ;
#5127 = EDGE_CURVE ( 'NONE', #2632, #3147, #1797, .T. ) ;
#5128 = ADVANCED_FACE ( 'NONE', ( #2969 ), #2451, .F. ) ;
#5129 = CARTESIAN_POINT ( 'NONE',  ( -0.1872158496644003300, -0.06083011700294239200, -0.03250000000000004300 ) ) ;
#5130 = DIRECTION ( 'NONE',  ( -1.000000000000000000, 0.0000000000000000000, 0.0000000000000000000 ) ) ;
#5131 = CARTESIAN_POINT ( 'NONE',  ( -0.03652508559821186800, 0.1934969656431317900, 0.4186111982674043900 ) ) ;
#5132 = EDGE_CURVE ( 'NONE', #5583, #1427, #1090, .T. ) ;
#5133 = APPROVAL_STATUS ( 'not_yet_approved' ) ;
#5134 = AXIS2_PLACEMENT_3D ( 'NONE', #4966, #2679, #410 ) ;
#5135 = DIRECTION ( 'NONE',  ( -0.2500000000000021100, -0.4330127018922185200, 0.8660254037844384900 ) ) ;
#5136 = CARTESIAN_POINT ( 'NONE',  ( 0.1674509465259921300, 0.1216602340058847700, 0.07249999999999996700 ) ) ;
#5137 = DIRECTION ( 'NONE',  ( 0.0000000000000000000, -1.000000000000000000, 1.126443815569355400E-016 ) ) ;
#5138 = CARTESIAN_POINT ( 'NONE',  ( 0.4607426564757993700, -0.1713244525963499300, 0.3450000000000000300 ) ) ;
#5139 = VERTEX_POINT ( 'NONE', #5041 ) ;
#5140 = CARTESIAN_POINT ( 'NONE',  ( 0.08170714940323897700, 0.4935345176800580200, 0.2978365846163099100 ) ) ;
#5141 = CARTESIAN_POINT ( 'NONE',  ( -0.4755282581475767700, 0.1545084971874737300, 0.03250000000000000100 ) ) ;
#5142 = ORIENTED_EDGE ( 'NONE', *, *, #483, .T. ) ;
#5143 = PLANE ( 'NONE',  #2007 ) ;
#5144 = CC_DESIGN_PERSON_AND_ORGANIZATION_ASSIGNMENT ( #5236, #5600, ( #925 ) ) ;
#5145 = CARTESIAN_POINT ( 'NONE',  ( 0.1674509465259920700, -0.1216602340058848100, -0.1475000000000000500 ) ) ;
#5146 = ORIENTED_EDGE ( 'NONE', *, *, #1065, .F. ) ;
#5147 = AXIS2_PLACEMENT_3D ( 'NONE', #17, #2392, #37 ) ;
#5148 = B_SPLINE_CURVE_WITH_KNOTS ( 'NONE', 3,
 ( #844, #2745, #1738, #2198, #5958, #4999, #4588, #5423 ),
 .UNSPECIFIED., .F., .F.,
 ( 4, 2, 2, 4 ),
 ( 2.544393206693872800E-007, 0.0003107880854811400600, 0.0006213217316416106700, 0.001242389023962552000 ),
 .UNSPECIFIED. ) ;
#5149 = CARTESIAN_POINT ( 'NONE',  ( -0.03670483879407568400, 0.1532257216860161700, -0.2714790300659255500 ) ) ;
#5150 = ORIENTED_EDGE ( 'NONE', *, *, #1497, .F. ) ;
#5151 = CARTESIAN_POINT ( 'NONE',  ( -5.549066237130535000E-017, 0.5000000000000000000, -0.2976572779264505800 ) ) ;
#5152 = ORIENTED_EDGE ( 'NONE', *, *, #2365, .T. ) ;
#5153 = CARTESIAN_POINT ( 'NONE',  ( 0.0000000000000000000, 0.0000000000000000000, 0.4999999999999999400 ) ) ;
#5154 = CARTESIAN_POINT ( 'NONE',  ( 0.1157057583252900100, 0.1592553138533361100, 0.1525000000000000500 ) ) ;
#5155 = AXIS2_PLACEMENT_3D ( 'NONE', #3803, #3781, #5161 ) ;
#5156 = CARTESIAN_POINT ( 'NONE',  ( -1.345699952522735200E-017, 0.4901600000000000400, 0.3449999999999999200 ) ) ;
#5157 = ORIENTED_EDGE ( 'NONE', *, *, #971, .T. ) ;
#5158 = CARTESIAN_POINT ( 'NONE',  ( 0.4580059613652693300, -0.1800039035902285800, -0.3021626695717838900 ) ) ;
#5159 = VERTEX_POINT ( 'NONE', #2760 ) ;
#5160 = CARTESIAN_POINT ( 'NONE',  ( 6.123233995736766000E-017, 0.5000000000000000000, 0.1375000000000000100 ) ) ;
#5161 = DIRECTION ( 'NONE',  ( -1.000000000000000000, 0.0000000000000000000, 0.0000000000000000000 ) ) ;
#5162 = CARTESIAN_POINT ( 'NONE',  ( -0.2938926261462365100, 0.4045084971874737300, -0.07749999999999999900 ) ) ;
#5163 = ADVANCED_FACE ( 'NONE', ( #4898 ), #625, .F. ) ;
#5164 = CARTESIAN_POINT ( 'NONE',  ( 0.4330127018921886000, -0.2425584552642340300, 0.3886219497056734900 ) ) ;
#5165 = ORIENTED_EDGE ( 'NONE', *, *, #4052, .T. ) ;
#5166 = DIRECTION ( 'NONE',  ( -9.795821821337355400E-017, 1.000000000000000000, 0.0000000000000000000 ) ) ;
#5167 = EDGE_LOOP ( 'NONE', ( #3965, #1899, #1203, #3319, #5441 ) ) ;
#5168 = CARTESIAN_POINT ( 'NONE',  ( -0.4253254041760198800, 0.3090169943749474500, 0.02749999999999999700 ) ) ;
#5169 = CARTESIAN_POINT ( 'NONE',  ( 0.2938926261462365100, -0.4045084971874737300, 0.04749999999999999400 ) ) ;
#5170 = CARTESIAN_POINT ( 'NONE',  ( 0.4552373082696629100, -0.2075894460045228700, -0.2644283913482294300 ) ) ;
#5171 = FACE_OUTER_BOUND ( 'NONE', #1572, .T. ) ;
#5172 = CONICAL_SURFACE ( 'NONE', #4532, 0.04734272207354933700, 0.7853981633974500600 ) ;
#5173 = VERTEX_POINT ( 'NONE', #2397 ) ;
#5174 = CARTESIAN_POINT ( 'NONE',  ( 6.123233995736766000E-017, 0.5000000000000000000, 0.06250000000000000000 ) ) ;
#5175 = EDGE_CURVE ( 'NONE', #3287, #3223, #1717, .T. ) ;
#5176 = DIRECTION ( 'NONE',  ( 0.8660254037844362700, -0.5000000000000038900, 0.0000000000000000000 ) ) ;
#5177 = FACE_OUTER_BOUND ( 'NONE', #2545, .T. ) ;
#5178 = VERTEX_POINT ( 'NONE', #5631 ) ;
#5179 =( NAMED_UNIT ( * ) SI_UNIT ( $, .STERADIAN. ) SOLID_ANGLE_UNIT ( ) );
#5180 = CARTESIAN_POINT ( 'NONE',  ( -2.410722045565656100E-017, -0.1968503937007874100, 0.1374999999999999600 ) ) ;
#5181 = VECTOR ( 'NONE', #626, 39.37007874015748900 ) ;
#5182 = ORIENTED_EDGE ( 'NONE', *, *, #3838, .T. ) ;
#5183 = CARTESIAN_POINT ( 'NONE',  ( -2.410722045565656100E-017, -0.1968503937007874100, -0.08749999999999995300 ) ) ;
#5184 = ORIENTED_EDGE ( 'NONE', *, *, #36, .T. ) ;
#5185 = CC_DESIGN_PERSON_AND_ORGANIZATION_ASSIGNMENT ( #2633, #1057, ( #1546 ) ) ;
#5186 =( BOUNDED_CURVE ( )  B_SPLINE_CURVE ( 2, ( #4300, #1959, #4339, #5194, #1561, #5678, #5174, #2429, #118, #2890, #2405, #3852, #104 ),
 .UNSPECIFIED., .F., .F. ) 
 B_SPLINE_CURVE_WITH_KNOTS ( ( 3, 2, 2, 2, 2, 2, 3 ),
 ( 0.1250000000000000300, 0.1499999999999999900, 0.2000000000000000100, 0.2500000000000000000, 0.2999999999999999900, 0.3499999999999999800, 0.3750000000000000000 ),
 .UNSPECIFIED. ) 
 CURVE ( )  GEOMETRIC_REPRESENTATION_ITEM ( )  RATIONAL_B_SPLINE_CURVE ( ( 0.9755282581475768200, 0.9755282581475768200, 1.000000000000000000, 0.9510565162951535300, 1.000000000000000000, 0.9510565162951535300, 1.000000000000000000, 0.9510565162951535300, 1.000000000000000000, 0.9510565162951535300, 1.000000000000000000, 0.9755282581475768200, 0.9755282581475768200 ) ) 
 REPRESENTATION_ITEM ( '' )  );
#5187 = DIRECTION ( 'NONE',  ( -9.016195738532124400E-017, -1.561650911012346900E-016, -1.000000000000000000 ) ) ;
#5188 = LINE ( 'NONE', #476, #1937 ) ;
#5189 = CARTESIAN_POINT ( 'NONE',  ( -6.123233995736766000E-017, -0.5000000000000000000, 0.1625000000000000100 ) ) ;
#5190 = EDGE_CURVE ( 'NONE', #4644, #3946, #1077, .T. ) ;
#5191 = CARTESIAN_POINT ( 'NONE',  ( 0.5000000000000001100, -3.500472655261351000E-017, 0.1375000000000000100 ) ) ;
#5192 = FACE_BOUND ( 'NONE', #3002, .T. ) ;
#5193 = ADVANCED_FACE ( 'NONE', ( #5260, #5192 ), #1430, .T. ) ;
#5194 = CARTESIAN_POINT ( 'NONE',  ( 0.4253254041760198800, 0.3090169943749473400, 0.04750000000000000700 ) ) ;
#5195 = DIRECTION ( 'NONE',  ( 0.5000000000000037700, 0.8660254037844363800, 0.0000000000000000000 ) ) ;
#5196 = CARTESIAN_POINT ( 'NONE',  ( 0.1901636248897742600, -0.05146878116509078600, 0.2795431685763096200 ) ) ;
#5197 = CARTESIAN_POINT ( 'NONE',  ( -0.006479021098133626800, 0.4965780097134043800, 0.3013979425015433400 ) ) ;
#5198 = CIRCLE ( 'NONE', #2039, 0.2168503937007871000 ) ;
#5199 = CARTESIAN_POINT ( 'NONE',  ( 0.4552457602176968000, -0.2075713178895022500, -0.4255623305788414100 ) ) ;
#5200 = CARTESIAN_POINT ( 'NONE',  ( 0.0000000000000000000, 0.5000000000000000000, -0.01250000000000000100 ) ) ;
#5201 = CARTESIAN_POINT ( 'NONE',  ( 0.4268096608234561700, -0.2539000017193431800, 0.3886020574984565500 ) ) ;
#5202 = CARTESIAN_POINT ( 'NONE',  ( 0.1674509465259921300, 0.1216602340058847800, -0.05249999999999994900 ) ) ;
#5203 = CARTESIAN_POINT ( 'NONE',  ( 0.5257311121191335900, -9.657523855033128400E-017, 0.08750000000000000800 ) ) ;
#5204 = CARTESIAN_POINT ( 'NONE',  ( -0.1872158496644003300, 0.06083011700294243400, 0.05749999999999996800 ) ) ;
#5205 = CARTESIAN_POINT ( 'NONE',  ( 0.0000000000000000000, -0.5000000000000000000, -0.03749999999999999200 ) ) ;
#5206 = DIRECTION ( 'NONE',  ( -0.0000000000000000000, -0.0000000000000000000, 1.000000000000000000 ) ) ;
#5207 = EDGE_CURVE ( 'NONE', #1259, #4378, #2922, .T. ) ;
#5208 = DIRECTION ( 'NONE',  ( -1.000000000000000000, 0.0000000000000000000, 0.0000000000000000000 ) ) ;
#5209 = CARTESIAN_POINT ( 'NONE',  ( 0.1955007863777544500, -0.02311998986864025400, 0.3183331090832171600 ) ) ;
#5210 = CARTESIAN_POINT ( 'NONE',  ( -0.03455543321544127900, 0.4962792276320905400, 0.3176078665953496700 ) ) ;
#5211 = ORIENTED_EDGE ( 'NONE', *, *, #3391, .T. ) ;
#5212 =( BOUNDED_CURVE ( )  B_SPLINE_CURVE ( 2, ( #5095, #937, #1401, #2790, #4635, #2323, #497, #4204, #5162, #2818, #4718, #5627, #3763 ),
 .UNSPECIFIED., .F., .F. ) 
 B_SPLINE_CURVE_WITH_KNOTS ( ( 3, 2, 2, 2, 2, 2, 3 ),
 ( 0.1250000000000000300, 0.1499999999999999900, 0.2000000000000000100, 0.2500000000000000000, 0.2999999999999999900, 0.3499999999999999800, 0.3750000000000000000 ),
 .UNSPECIFIED. ) 
 CURVE ( )  GEOMETRIC_REPRESENTATION_ITEM ( )  RATIONAL_B_SPLINE_CURVE ( ( 0.9755282581475768200, 0.9755282581475768200, 1.000000000000000000, 0.9510565162951535300, 1.000000000000000000, 0.9510565162951535300, 1.000000000000000000, 0.9510565162951535300, 1.000000000000000000, 0.9510565162951535300, 1.000000000000000000, 0.9755282581475768200, 0.9755282581475768200 ) ) 
 REPRESENTATION_ITEM ( '' )  );
#5213 = CARTESIAN_POINT ( 'NONE',  ( 0.09160041111943170700, 0.4915378628184529100, -0.3211519359870706500 ) ) ;
#5214 = DIRECTION ( 'NONE',  ( -0.8660254037844364900, 0.5000000000000040000, -0.0000000000000000000 ) ) ;
#5215 = CARTESIAN_POINT ( 'NONE',  ( 0.1157057583252900100, 0.1592553138533361100, -0.1225000000000000100 ) ) ;
#5216 = ADVANCED_FACE ( 'NONE', ( #4268 ), #5143, .T. ) ;
#5217 = ORIENTED_EDGE ( 'NONE', *, *, #4868, .F. ) ;
#5218 = EDGE_CURVE ( 'NONE', #5513, #2100, #1231, .T. ) ;
#5219 = ORIENTED_EDGE ( 'NONE', *, *, #182, .T. ) ;
#5220 = CARTESIAN_POINT ( 'NONE',  ( 0.0000000000000000000, 0.5000000000000000000, -0.1374999999999999800 ) ) ;
#5221 = CARTESIAN_POINT ( 'NONE',  ( -0.06396057012458784800, 0.1968503937007874100, -0.1324999999999999200 ) ) ;
#5222 = CARTESIAN_POINT ( 'NONE',  ( -0.5257311121191335900, 3.219174618344376100E-017, 0.03750000000000000600 ) ) ;
#5223 = CARTESIAN_POINT ( 'NONE',  ( -0.05629329544124558200, 0.4968942716783653100, 0.2727693310627745700 ) ) ;
#5224 = CARTESIAN_POINT ( 'NONE',  ( -0.2938926261462366800, -0.4045084971874736100, -0.04749999999999998700 ) ) ;
#5225 = VERTEX_POINT ( 'NONE', #566 ) ;
#5226 = B_SPLINE_CURVE_WITH_KNOTS ( 'NONE', 3,
 ( #5999, #4238, #5085, #2763, #2300, #2807, #1906, #5514, #3776, #967, #6, #4612, #4591, #6019, #3265, #5114, #2314, #5131, #26, #2337, #3281, #470, #445, #3241, #3694, #930, #3734, #3299, #946, #2829 ),
 .UNSPECIFIED., .F., .F.,
 ( 4, 2, 2, 2, 2, 2, 2, 2, 2, 2, 2, 2, 2, 2, 4 ),
 ( 0.006587376927874151500, 0.006998759811524638500, 0.007410142695175125600, 0.008232908462476099700, 0.008644291346126585900, 0.009055674229777070300, 0.009467057113427554800, 0.009878439997078040900, 0.01070120576437901200, 0.01111258864802949800, 0.01152397153167998200, 0.01193535441533046800, 0.01234673729898095500, 0.01275812018263143900, 0.01316950306628192500 ),
 .UNSPECIFIED. ) ;
#5227 = ORIENTED_EDGE ( 'NONE', *, *, #4149, .F. ) ;
#5228 = CARTESIAN_POINT ( 'NONE',  ( -0.5000000000000001100, 3.500472655261351000E-017, -0.01249999999999998700 ) ) ;
#5229 = ORIENTED_EDGE ( 'NONE', *, *, #1348, .T. ) ;
#5230 = CARTESIAN_POINT ( 'NONE',  ( 0.3619986187818944300, -0.2090000000000018500, -0.3923427220735491400 ) ) ;
#5231 = ORIENTED_EDGE ( 'NONE', *, *, #1103, .T. ) ;
#5232 = AXIS2_PLACEMENT_3D ( 'NONE', #3286, #1379, #14 ) ;
#5233 = VECTOR ( 'NONE', #5943, 39.37007874015747400 ) ;
#5234 = CARTESIAN_POINT ( 'NONE',  ( -0.5000000000000000000, -0.07919222016226809500, -0.03493728592265767800 ) ) ;
#5235 = VERTEX_POINT ( 'NONE', #2360 ) ;
#5236 = PERSON_AND_ORGANIZATION ( #4724, #4453 ) ;
#5237 = ORIENTED_EDGE ( 'NONE', *, *, #2210, .F. ) ;
#5238 = LINE ( 'NONE', #5923, #450 ) ;
#5239 = EDGE_CURVE ( 'NONE', #2051, #955, #3398, .T. ) ;
#5240 = CYLINDRICAL_SURFACE ( 'NONE', #348, 0.1574803149606299200 ) ;
#5241 = ORIENTED_EDGE ( 'NONE', *, *, #2943, .F. ) ;
#5242 = CARTESIAN_POINT ( 'NONE',  ( -0.2938926261462365700, 0.4045084971874737300, 0.1225000000000000100 ) ) ;
#5243 = CARTESIAN_POINT ( 'NONE',  ( -2.410722045565656100E-017, -0.1968503937007874100, 0.01250000000000005400 ) ) ;
#5244 = CARTESIAN_POINT ( 'NONE',  ( 0.4445129154458458100, -0.2292100871109785100, 0.2570005513257041500 ) ) ;
#5245 = CARTESIAN_POINT ( 'NONE',  ( 0.0000000000000000000, 0.0000000000000000000, -0.4999999999999999400 ) ) ;
#5246 = VECTOR ( 'NONE', #2533, 39.37007874015748900 ) ;
#5247 = B_SPLINE_CURVE_WITH_KNOTS ( 'NONE', 1,
 ( #3983, #5379 ),
 .UNSPECIFIED., .F., .F.,
 ( 2, 2 ),
 ( 0.0000000000000000000, 1.000000000000000000 ),
 .UNSPECIFIED. ) ;
#5248 = ORIENTED_EDGE ( 'NONE', *, *, #489, .T. ) ;
#5249 = ORIENTED_EDGE ( 'NONE', *, *, #1029, .T. ) ;
#5250 = ADVANCED_FACE ( 'NONE', ( #314 ), #21, .F. ) ;
#5251 = EDGE_CURVE ( 'NONE', #1427, #1381, #528, .T. ) ;
#5252 = CARTESIAN_POINT ( 'NONE',  ( 0.1910321486881062800, -0.04766858851467628600, 0.4067333576630961500 ) ) ;
#5253 = CARTESIAN_POINT ( 'NONE',  ( 0.5000000000000001100, -9.626299801968714300E-017, 0.06250000000000000000 ) ) ;
#5254 = CARTESIAN_POINT ( 'NONE',  ( 0.04144384071115096000, 0.1519989461528779300, -0.2740446185574778600 ) ) ;
#5255 = VECTOR ( 'NONE', #5684, 39.37007874015748100 ) ;
#5256 = VERTEX_POINT ( 'NONE', #1007 ) ;
#5257 = EDGE_CURVE ( 'NONE', #3504, #2244, #4410, .T. ) ;
#5258 = CARTESIAN_POINT ( 'NONE',  ( -0.5257311121191335900, 9.657523855033128400E-017, -0.06249999999999997200 ) ) ;
#5259 = CARTESIAN_POINT ( 'NONE',  ( -0.08199818773084068000, 0.4846773462961148600, 0.3665640001638629200 ) ) ;
#5260 = FACE_OUTER_BOUND ( 'NONE', #3669, .T. ) ;
#5261 = DIRECTION ( 'NONE',  ( -1.758688375849876100E-016, 1.000000000000000000, -0.0000000000000000000 ) ) ;
#5262 = AXIS2_PLACEMENT_3D ( 'NONE', #5867, #4498, #499 ) ;
#5263 = CARTESIAN_POINT ( 'NONE',  ( -0.1872158496644003300, 0.06083011700294241300, -0.1174999999999999400 ) ) ;
#5264 = CARTESIAN_POINT ( 'NONE',  ( 0.1872158496644003300, -0.06083011700294243400, 0.08250000000000004600 ) ) ;
#5265 = CARTESIAN_POINT ( 'NONE',  ( -0.06396057012458782100, 0.1968503937007874700, 0.04249999999999996800 ) ) ;
#5266 = CIRCLE ( 'NONE', #5640, 0.5000000000000000000 ) ;
#5267 = CARTESIAN_POINT ( 'NONE',  ( -3.131222696365948300E-017, 0.4180000000000000400, 0.2976572779264506400 ) ) ;
#5268 = DIRECTION ( 'NONE',  ( -1.000000000000000000, 0.0000000000000000000, 0.0000000000000000000 ) ) ;
#5269 = B_SPLINE_CURVE_WITH_KNOTS ( 'NONE', 3,
 ( #1875, #1364, #3718, #4660, #4203, #1893 ),
 .UNSPECIFIED., .F., .F.,
 ( 4, 2, 4 ),
 ( 0.0006528680749292716900, 0.001275665676275694300, 0.001898463277622116700 ),
 .UNSPECIFIED. ) ;
#5270 = AXIS2_PLACEMENT_3D ( 'NONE', #3040, #3882, #642 ) ;
#5271 = FACE_OUTER_BOUND ( 'NONE', #5879, .T. ) ;
#5272 = DIRECTION ( 'NONE',  ( 0.7071067811865504600, 0.0000000000000000000, 0.7071067811865444600 ) ) ;
#5273 = CARTESIAN_POINT ( 'NONE',  ( -0.05430434656076527100, 0.1478750001900618300, -0.2833347647523120100 ) ) ;
#5274 = CARTESIAN_POINT ( 'NONE',  ( 0.04100000000000004300, 0.5000000000000000000, -0.3686713610367745600 ) ) ;
#5275 = CARTESIAN_POINT ( 'NONE',  ( 0.2069807528028085300, -1.267391582025345100E-017, -0.1124999999999999800 ) ) ;
#5276 = CARTESIAN_POINT ( 'NONE',  ( -0.04786084571952704800, 0.4980400522584353400, -0.4255623305788421900 ) ) ;
#5277 = CARTESIAN_POINT ( 'NONE',  ( 0.1674509465259920700, 0.1216602340058848000, -0.02750000000000004900 ) ) ;
#5278 = EDGE_CURVE ( 'NONE', #2853, #5596, #567, .T. ) ;
#5279 = CARTESIAN_POINT ( 'NONE',  ( -0.04099999999999998800, 0.5000000000000000000, -0.3686713610367747800 ) ) ;
#5280 = CARTESIAN_POINT ( 'NONE',  ( 0.1574346907071702600, 0.003790483087527760100, -0.3489008731147463200 ) ) ;
#5281 = VERTEX_POINT ( 'NONE', #2015 ) ;
#5282 = EDGE_CURVE ( 'NONE', #2319, #4171, #5602, .T. ) ;
#5283 = ORIENTED_EDGE ( 'NONE', *, *, #903, .F. ) ;
#5284 = VERTEX_POINT ( 'NONE', #2464 ) ;
#5285 = CARTESIAN_POINT ( 'NONE',  ( 0.1398511609308294400, -0.1386081721706981800, 0.4101218604931221000 ) ) ;
#5286 = CARTESIAN_POINT ( 'NONE',  ( 0.1624598481164531400, 0.5000000000000000000, 0.05750000000000000200 ) ) ;
#5287 =( BOUNDED_SURFACE ( )  B_SPLINE_SURFACE ( 1, 2, ( 
 ( #914, #850, #5070, #4598, #5520, #4099, #1322, #2268, #3271, #5986, #4559, #2730, #4617, #1851, #2303, #5543, #560, #5136, #3329, #953, #1018, #4202, #518, #1966, #3762, #1424, #1892, #5642, #5118, #478, #5180 ),
 ( #5200, #4221, #3780, #2413, #2895, #51, #4659, #539, #4680, #4716, #2348, #4246, #3822, #3802, #2911, #975, #32, #5578, #1487, #1445, #3285, #1912, #75, #1002, #2437, #2371, #1951, #3362, #13, #2387, #5604 ) ),
 .UNSPECIFIED., .F., .F., .F. ) 
 B_SPLINE_SURFACE_WITH_KNOTS ( ( 2, 2 ),
 ( 3, 2, 2, 2, 2, 2, 2, 2, 2, 2, 2, 2, 2, 2, 2, 3 ),
 ( 0.0000000000000000000, 1.000000000000000000 ),
 ( 0.0000000000000000000, 0.05000000000000000300, 0.1000000000000000100, 0.1499999999999999900, 0.2000000000000000100, 0.2500000000000000000, 0.2999999999999999900, 0.3499999999999999800, 0.4000000000000000200, 0.4500000000000000100, 0.5000000000000000000, 0.5500000000000000400, 0.5999999999999999800, 0.6500000000000000200, 0.6999999999999999600, 0.7500000000000000000 ),
 .UNSPECIFIED. ) 
 GEOMETRIC_REPRESENTATION_ITEM ( )  RATIONAL_B_SPLINE_SURFACE ( (
 ( 1.000000000000000000, 0.9510565162951535300, 1.000000000000000000, 0.9510565162951535300, 1.000000000000000000, 0.9510565162951535300, 1.000000000000000000, 0.9510565162951535300, 1.000000000000000000, 0.9510565162951535300, 1.000000000000000000, 0.9510565162951535300, 1.000000000000000000, 0.9510565162951535300, 1.000000000000000000, 0.9510565162951535300, 1.000000000000000000, 0.9510565162951535300, 1.000000000000000000, 0.9510565162951535300, 1.000000000000000000, 0.9510565162951535300, 1.000000000000000000, 0.9510565162951535300, 1.000000000000000000, 0.9510565162951535300, 1.000000000000000000, 0.9510565162951535300, 1.000000000000000000, 0.9510565162951535300, 1.000000000000000000),
 ( 1.000000000000000000, 0.9510565162951535300, 1.000000000000000000, 0.9510565162951535300, 1.000000000000000000, 0.9510565162951535300, 1.000000000000000000, 0.9510565162951535300, 1.000000000000000000, 0.9510565162951535300, 1.000000000000000000, 0.9510565162951535300, 1.000000000000000000, 0.9510565162951535300, 1.000000000000000000, 0.9510565162951535300, 1.000000000000000000, 0.9510565162951535300, 1.000000000000000000, 0.9510565162951535300, 1.000000000000000000, 0.9510565162951535300, 1.000000000000000000, 0.9510565162951535300, 1.000000000000000000, 0.9510565162951535300, 1.000000000000000000, 0.9510565162951535300, 1.000000000000000000, 0.9510565162951535300, 1.000000000000000000) ) ) 
 REPRESENTATION_ITEM ( '' )  SURFACE ( )  );
#5288 = CARTESIAN_POINT ( 'NONE',  ( 0.4419709898605880800, -0.2231461173346031000, -0.3763297457558414900 ) ) ;
#5289 = ORIENTED_EDGE ( 'NONE', *, *, #2700, .F. ) ;
#5290 = ORIENTED_EDGE ( 'NONE', *, *, #2342, .T. ) ;
#5291 = CARTESIAN_POINT ( 'NONE',  ( 0.4592887607086361700, -0.2044885311073007000, 0.03088261212717694300 ) ) ;
#5292 = EDGE_CURVE ( 'NONE', #1427, #1381, #3831, .T. ) ;
#5293 = CARTESIAN_POINT ( 'NONE',  ( -0.2938926261462366800, -0.4045084971874736100, -0.07249999999999998100 ) ) ;
#5294 = DIRECTION ( 'NONE',  ( -1.000000000000000000, 0.0000000000000000000, 0.0000000000000000000 ) ) ;
#5295 = ORIENTED_EDGE ( 'NONE', *, *, #4818, .T. ) ;
#5296 = CARTESIAN_POINT ( 'NONE',  ( 0.4480197434473803800, -0.2113215974080654400, -0.3449999999999999200 ) ) ;
#5297 = ORIENTED_EDGE ( 'NONE', *, *, #3344, .T. ) ;
#5298 = CARTESIAN_POINT ( 'NONE',  ( 0.3969327018922179100, -0.3124923931370870400, -0.3449999999999999200 ) ) ;
#5299 = DIRECTION ( 'NONE',  ( 0.0000000000000000000, 0.0000000000000000000, -1.000000000000000000 ) ) ;
#5300 = DIRECTION ( 'NONE',  ( 1.000000000000000000, 0.0000000000000000000, 0.0000000000000000000 ) ) ;
#5301 = LINE ( 'NONE', #2543, #368 ) ;
#5302 = EDGE_LOOP ( 'NONE', ( #2635, #77, #4950, #517 ) ) ;
#5303 = EDGE_LOOP ( 'NONE', ( #5649, #4088 ) ) ;
#5304 = CARTESIAN_POINT ( 'NONE',  ( 0.1872158496644003300, -0.06083011700294241300, 0.03250000000000003600 ) ) ;
#5305 = FACE_OUTER_BOUND ( 'NONE', #468, .T. ) ;
#5306 = CARTESIAN_POINT ( 'NONE',  ( 0.3798840705629740200, -0.3250972144357538500, -0.3211519359870705900 ) ) ;
#5307 = VECTOR ( 'NONE', #3804, 39.37007874015748900 ) ;
#5308 = ORIENTED_EDGE ( 'NONE', *, *, #5043, .T. ) ;
#5309 = DIRECTION ( 'NONE',  ( 1.000000000000000000, 0.0000000000000000000, 0.0000000000000000000 ) ) ;
#5310 = CARTESIAN_POINT ( 'NONE',  ( 0.4607419883966833400, -0.1713261595088665900, -0.3665640001638630900 ) ) ;
#5311 = ADVANCED_FACE ( 'NONE', ( #4188 ), #847, .T. ) ;
#5312 = CARTESIAN_POINT ( 'NONE',  ( 0.3798877279340010500, -0.3250926149284648600, 0.3688587090200590200 ) ) ;
#5313 = CARTESIAN_POINT ( 'NONE',  ( 0.4330127018922199100, -0.2499999999999990000, 0.004191306063588620200 ) ) ;
#5314 = FACE_OUTER_BOUND ( 'NONE', #1548, .T. ) ;
#5315 = VECTOR ( 'NONE', #136, 39.37007874015748100 ) ;
#5316 = CARTESIAN_POINT ( 'NONE',  ( 0.4755282581475768200, 0.1545084971874736700, -0.03249999999999998000 ) ) ;
#5317 = VERTEX_POINT ( 'NONE', #5935 ) ;
#5318 = EDGE_CURVE ( 'NONE', #4097, #61, #5328, .T. ) ;
#5319 = DIRECTION ( 'NONE',  ( -1.000000000000000000, 0.0000000000000000000, 0.0000000000000000000 ) ) ;
#5320 = LINE ( 'NONE', #1469, #2074 ) ;
#5321 = ORIENTED_EDGE ( 'NONE', *, *, #3154, .T. ) ;
#5322 = CARTESIAN_POINT ( 'NONE',  ( -0.2938926261462366200, -0.4045084971874736100, -0.1224999999999999700 ) ) ;
#5323 = LINE ( 'NONE', #4201, #395 ) ;
#5324 = AXIS2_PLACEMENT_3D ( 'NONE', #2834, #456, #4185 ) ;
#5325 = DIRECTION ( 'NONE',  ( 0.9659258262890687600, 0.2588190451025190700, 0.0000000000000000000 ) ) ;
#5326 = CARTESIAN_POINT ( 'NONE',  ( 0.1624598481164531400, 0.5000000000000000000, 0.1574999999999999700 ) ) ;
#5327 = AXIS2_PLACEMENT_3D ( 'NONE', #3737, #5443, #533 ) ;
#5328 = CIRCLE ( 'NONE', #1694, 0.4799999999999999800 ) ;
#5329 = CARTESIAN_POINT ( 'NONE',  ( 0.1674509465259921000, 0.1216602340058847800, -0.1024999999999999200 ) ) ;
#5330 = CARTESIAN_POINT ( 'NONE',  ( 0.1872158496644003300, 0.06083011700294239200, 0.1174999999999999700 ) ) ;
#5331 = CARTESIAN_POINT ( 'NONE',  ( 0.5257311121191335900, -3.219174618344376100E-017, -0.03749999999999997100 ) ) ;
#5332 = LINE ( 'NONE', #4173, #3772 ) ;
#5333 = CARTESIAN_POINT ( 'NONE',  ( -0.1157057583252900000, 0.1592553138533361100, -0.1525000000000000500 ) ) ;
#5334 = CARTESIAN_POINT ( 'NONE',  ( 0.0000000000000000000, -0.5000000000000000000, -0.01250000000000000100 ) ) ;
#5335 = CARTESIAN_POINT ( 'NONE',  ( 0.04277874990455533800, 0.4910928956983142700, -0.4181765065577390800 ) ) ;
#5337 = EDGE_CURVE ( 'NONE', #879, #2628, #4119, .T. ) ;
#5336 = DIRECTION ( 'NONE',  ( -1.000000000000000000, 0.0000000000000000000, 0.0000000000000000000 ) ) ;
#5338 = DIRECTION ( 'NONE',  ( 1.758688375849876100E-016, -1.000000000000000000, 0.0000000000000000000 ) ) ;
#5339 = ADVANCED_FACE ( 'NONE', ( #5116 ), #398, .T. ) ;
#5340 = CARTESIAN_POINT ( 'NONE',  ( 0.4799999999999999300, 6.000769315822029800E-017, 0.4999999999999999400 ) ) ;
#5341 = CARTESIAN_POINT ( 'NONE',  ( 0.5257311121191335900, -3.219174618344376100E-017, 0.1374999999999999600 ) ) ;
#5342 = CARTESIAN_POINT ( 'NONE',  ( 0.3798840705629740200, -0.3250972144357538500, 0.3211519359870705900 ) ) ;
#5343 = CARTESIAN_POINT ( 'NONE',  ( 0.5000000000000001100, -3.500472655261351000E-017, -0.03749999999999997100 ) ) ;
#5344 = DIRECTION ( 'NONE',  ( -3.037509777412724900E-017, 1.000000000000000000, -0.0000000000000000000 ) ) ;
#5345 = EDGE_CURVE ( 'NONE', #2632, #2048, #5038, .T. ) ;
#5346 = CARTESIAN_POINT ( 'NONE',  ( 0.0000000000000000000, -0.5000000000000000000, -0.1624999999999999800 ) ) ;
#5347 = ORIENTED_EDGE ( 'NONE', *, *, #509, .T. ) ;
#5348 = CARTESIAN_POINT ( 'NONE',  ( 0.4755282581475768200, 0.1545084971874736700, 0.01749999999999999800 ) ) ;
#5349 = CARTESIAN_POINT ( 'NONE',  ( 0.2976962325509001100, -0.1718750000000014200, 0.3449999999999999200 ) ) ;
#5350 = CARTESIAN_POINT ( 'NONE',  ( 0.3619986187818944900, -0.2090000000000016800, -0.2976572779264506400 ) ) ;
#5351 = VERTEX_POINT ( 'NONE', #3207 ) ;
#5352 = DIRECTION ( 'NONE',  ( 1.803239147706410100E-016, 0.0000000000000000000, 1.000000000000000000 ) ) ;
#5353 = EDGE_CURVE ( 'NONE', #1205, #1381, #5983, .T. ) ;
#5354 = ORIENTED_EDGE ( 'NONE', *, *, #5016, .T. ) ;
#5355 =( BOUNDED_CURVE ( )  B_SPLINE_CURVE ( 2, ( #4732, #5234, #1950, #4264, #3409, #4305, #1965 ),
 .UNSPECIFIED., .F., .F. ) 
 B_SPLINE_CURVE_WITH_KNOTS ( ( 3, 2, 2, 3 ),
 ( 0.6250000000000000000, 0.6500000000000000200, 0.6999999999999999600, 0.7500000000000000000 ),
 .UNSPECIFIED. ) 
 CURVE ( )  GEOMETRIC_REPRESENTATION_ITEM ( )  RATIONAL_B_SPLINE_CURVE ( ( 0.9755282581475768200, 0.9755282581475768200, 1.000000000000000000, 0.9510565162951535300, 1.000000000000000000, 0.9510565162951535300, 1.000000000000000000 ) ) 
 REPRESENTATION_ITEM ( '' )  );
#5356 = CARTESIAN_POINT ( 'NONE',  ( -2.410722045565656100E-017, -0.1968503937007874100, 0.01250000000000005400 ) ) ;
#5357 = ORIENTED_EDGE ( 'NONE', *, *, #1111, .T. ) ;
#5358 = CARTESIAN_POINT ( 'NONE',  ( 0.1968503937007873800, -3.281693114307516800E-017, 0.08750000000000003600 ) ) ;
#5359 = EDGE_LOOP ( 'NONE', ( #3888, #3784, #4454, #4013, #5290, #1326, #125, #956, #3168, #1844 ) ) ;
#5360 = PRODUCT_RELATED_PRODUCT_CATEGORY ( 'detail', '', ( #5654 ) ) ;
#5361 = CARTESIAN_POINT ( 'NONE',  ( 0.3787426562703870600, -0.3133526188664534900, -0.3449999999989082400 ) ) ;
#5362 = CARTESIAN_POINT ( 'NONE',  ( 0.4580082928958629200, -0.1799958233637425600, 0.3878197570353853500 ) ) ;
#5363 = ORIENTED_EDGE ( 'NONE', *, *, #4804, .T. ) ;
#5364 = DIRECTION ( 'NONE',  ( 0.5000000000000038900, 0.8660254037844364900, 0.0000000000000000000 ) ) ;
#5365 = ORIENTED_EDGE ( 'NONE', *, *, #2783, .T. ) ;
#5366 = CARTESIAN_POINT ( 'NONE',  ( -0.06175940752320743800, 0.1449203037824939300, -0.3991996112346974900 ) ) ;
#5367 = CIRCLE ( 'NONE', #3127, 0.05074999999999988500 ) ;
#5368 = CARTESIAN_POINT ( 'NONE',  ( -0.08200000000000008700, 0.5000000000000000000, 0.3450000000000004700 ) ) ;
#5369 = VECTOR ( 'NONE', #4917, 39.37007874015748900 ) ;
#5370 = DATE_AND_TIME ( #1557, #1260 ) ;
#5371 = CARTESIAN_POINT ( 'NONE',  ( 0.1674509465259921000, 0.1216602340058847800, 0.02249999999999996100 ) ) ;
#5372 = ORIENTED_EDGE ( 'NONE', *, *, #1308, .F. ) ;
#5373 = CARTESIAN_POINT ( 'NONE',  ( -0.04786084571952704800, 0.4980400522584353400, -0.4255623305788421900 ) ) ;
#5374 = CARTESIAN_POINT ( 'NONE',  ( 0.1329998225466529600, -0.08447193026955253400, -0.4268809156146908800 ) ) ;
#5375 = VECTOR ( 'NONE', #3648, 39.37007874015748100 ) ;
#5376 = CARTESIAN_POINT ( 'NONE',  ( 0.1808223467356835400, -0.08050729571153582300, 0.03088261212717697800 ) ) ;
#5377 = VERTEX_POINT ( 'NONE', #3700 ) ;
#5378 = ORIENTED_EDGE ( 'NONE', *, *, #3849, .T. ) ;
#5379 = CARTESIAN_POINT ( 'NONE',  ( -0.09159750529064442100, 0.4915382966001025600, -0.3449999999999998600 ) ) ;
#5380 = CARTESIAN_POINT ( 'NONE',  ( 0.0000000000000000000, 0.0000000000000000000, -0.1899999999999999500 ) ) ;
#5381 = CARTESIAN_POINT ( 'NONE',  ( -0.5000000000000000000, 0.0000000000000000000, -0.4799999999999998700 ) ) ;
#5382 = FACE_OUTER_BOUND ( 'NONE', #963, .T. ) ;
#5383 = ORIENTED_EDGE ( 'NONE', *, *, #5773, .F. ) ;
#5384 = ORIENTED_EDGE ( 'NONE', *, *, #863, .T. ) ;
#5385 = CARTESIAN_POINT ( 'NONE',  ( 0.4074108506309916900, -0.2904282907689939000, 0.2644149940021507900 ) ) ;
#5386 = CARTESIAN_POINT ( 'NONE',  ( 0.4552373082696629100, -0.2075894460045228700, 0.2644283913482293700 ) ) ;
#5387 = PLANE ( 'NONE',  #5776 ) ;
#5388 = CARTESIAN_POINT ( 'NONE',  ( -0.1872158496644003300, -0.06083011700294237200, 0.06749999999999996300 ) ) ;
#5389 = FACE_OUTER_BOUND ( 'NONE', #2848, .T. ) ;
#5390 = ORIENTED_EDGE ( 'NONE', *, *, #3391, .F. ) ;
#5391 = EDGE_CURVE ( 'NONE', #2174, #5178, #1134, .T. ) ;
#5392 = CARTESIAN_POINT ( 'NONE',  ( -0.5000000000000001100, 3.500472655261351000E-017, -0.01249999999999998700 ) ) ;
#5393 = CARTESIAN_POINT ( 'NONE',  ( 0.4755282581475767700, -0.1545084971874737300, 0.007499999999999998900 ) ) ;
#5394 = CARTESIAN_POINT ( 'NONE',  ( 0.04280306436768798600, 0.4910902794217815200, -0.2718373658187231400 ) ) ;
#5395 = DIRECTION ( 'NONE',  ( 0.8660254037844383700, 0.0000000000000000000, -0.5000000000000004400 ) ) ;
#5396 = CONICAL_SURFACE ( 'NONE', #4787, 0.1968503937007874100, 0.7853981633974525000 ) ;
#5397 = LINE ( 'NONE', #5474, #4620 ) ;
#5398 = CARTESIAN_POINT ( 'NONE',  ( 0.08200000000000004500, 0.5000000000000000000, 0.3449999999999999200 ) ) ;
#5399 = CARTESIAN_POINT ( 'NONE',  ( -0.06396057012458789000, -0.1968503937007874400, -0.1175000000000000200 ) ) ;
#5400 = CARTESIAN_POINT ( 'NONE',  ( 0.1574346907071703100, 0.003790483087527760500, -0.3410704503232178700 ) ) ;
#5401 = AXIS2_PLACEMENT_3D ( 'NONE', #3940, #3471, #2125 ) ;
#5402 = CARTESIAN_POINT ( 'NONE',  ( 0.4714834044339402100, -0.1664433817950765600, -0.3450000000000000300 ) ) ;
#5403 = EDGE_CURVE ( 'NONE', #5317, #510, #2744, .T. ) ;
#5404 = FACE_OUTER_BOUND ( 'NONE', #3656, .T. ) ;
#5405 = CARTESIAN_POINT ( 'NONE',  ( 0.4552457602176968000, -0.2075713178895022500, 0.4255623305788414100 ) ) ;
#5406 = CARTESIAN_POINT ( 'NONE',  ( -4.897910910668677100E-017, 0.5000000000000000000, 0.3449999999999999200 ) ) ;
#5407 = CARTESIAN_POINT ( 'NONE',  ( 0.3798858992484877000, -0.3250949146821092200, 0.3450053225035648000 ) ) ;
#5408 = CARTESIAN_POINT ( 'NONE',  ( -0.02155649907688434900, 0.1560901973381976500, -0.4243029279133144200 ) ) ;
#5409 = CARTESIAN_POINT ( 'NONE',  ( 0.4330127018922182400, -0.2500000000000020000, 0.2976572779264505800 ) ) ;
#5410 = DIRECTION ( 'NONE',  ( -1.000000000000000000, 0.0000000000000000000, 0.0000000000000000000 ) ) ;
#5411 = DIRECTION ( 'NONE',  ( -0.8660254037844364900, 0.5000000000000038900, -0.0000000000000000000 ) ) ;
#5412 = CARTESIAN_POINT ( 'NONE',  ( -0.1968503937007873800, 1.093897704769172200E-017, 0.01249999999999996100 ) ) ;
#5413 = CARTESIAN_POINT ( 'NONE',  ( 0.4330127018922182400, -0.2500000000000020500, -0.3449999999999999200 ) ) ;
#5414 = DIMENSIONAL_EXPONENTS ( 1.000000000000000000, 0.0000000000000000000, 0.0000000000000000000, 0.0000000000000000000, 0.0000000000000000000, 0.0000000000000000000, 0.0000000000000000000 ) ;
#5415 = VERTEX_POINT ( 'NONE', #898 ) ;
#5416 = DIRECTION ( 'NONE',  ( -1.000000000000000000, 0.0000000000000000000, 0.0000000000000000000 ) ) ;
#5417 = CARTESIAN_POINT ( 'NONE',  ( -0.2938926261462366200, -0.4045084971874736100, -0.1224999999999999700 ) ) ;
#5418 = ORIENTED_EDGE ( 'NONE', *, *, #5190, .F. ) ;
#5419 = CARTESIAN_POINT ( 'NONE',  ( 0.3865598552538101500, -0.3175277258940453200, 0.2978365846163104100 ) ) ;
#5420 = ORIENTED_EDGE ( 'NONE', *, *, #2383, .F. ) ;
#5421 = ADVANCED_FACE ( 'NONE', ( #2145 ), #3970, .T. ) ;
#5422 = CARTESIAN_POINT ( 'NONE',  ( 0.1872158496644003300, 0.06083011700294239200, -0.007499999999999953800 ) ) ;
#5423 = CARTESIAN_POINT ( 'NONE',  ( -2.134256245050205600E-017, 0.5000000000000000000, 0.3923427220735493100 ) ) ;
#5424 = EDGE_CURVE ( 'NONE', #4815, #1137, #3407, .T. ) ;
#5425 = CARTESIAN_POINT ( 'NONE',  ( -2.410722045565656100E-017, -0.1968503937007874100, 0.1374999999999999600 ) ) ;
#5426 = DIRECTION ( 'NONE',  ( 0.0000000000000000000, 0.0000000000000000000, 1.000000000000000000 ) ) ;
#5427 = ORIENTED_EDGE ( 'NONE', *, *, #3043, .F. ) ;
#5428 = CARTESIAN_POINT ( 'NONE',  ( -2.410722045565656100E-017, -0.1968503937007874100, 0.1625000000000000300 ) ) ;
#5429 = ORIENTED_EDGE ( 'NONE', *, *, #392, .T. ) ;
#5430 =( BOUNDED_SURFACE ( )  B_SPLINE_SURFACE ( 1, 2, ( 
 ( #3447, #2440, #580, #1062, #1525, #4758, #2011, #1990, #5215, #2934, #109, #602, #3859, #1082, #4328, #1545, #4774, #5767, #662, #1204, #252, #176, #3990, #4833, #1167, #2086, #4849, #3041, #717, #2144, #3496 ),
 ( #5346, #1631, #687, #3074, #2524, #5749, #1607, #3917, #704, #238, #2122, #3959, #1149, #1221, #2595, #4404, #4459, #2068, #5293, #4386, #5824, #3937, #214, #3544, #3057, #5331, #5316, #3469, #1680, #4436, #2994 ) ),
 .UNSPECIFIED., .F., .F., .T. ) 
 B_SPLINE_SURFACE_WITH_KNOTS ( ( 2, 2 ),
 ( 3, 2, 2, 2, 2, 2, 2, 2, 2, 2, 2, 2, 2, 2, 2, 3 ),
 ( 0.0000000000000000000, 1.000000000000000000 ),
 ( 0.0000000000000000000, 0.05000000000000000300, 0.1000000000000000100, 0.1499999999999999900, 0.2000000000000000100, 0.2500000000000000000, 0.2999999999999999900, 0.3499999999999999800, 0.4000000000000000200, 0.4500000000000000100, 0.5000000000000000000, 0.5500000000000000400, 0.5999999999999999800, 0.6500000000000000200, 0.6999999999999999600, 0.7500000000000000000 ),
 .UNSPECIFIED. ) 
 GEOMETRIC_REPRESENTATION_ITEM ( )  RATIONAL_B_SPLINE_SURFACE ( (
 ( 1.000000000000000000, 0.9510565162951535300, 1.000000000000000000, 0.9510565162951535300, 1.000000000000000000, 0.9510565162951535300, 1.000000000000000000, 0.9510565162951535300, 1.000000000000000000, 0.9510565162951535300, 1.000000000000000000, 0.9510565162951535300, 1.000000000000000000, 0.9510565162951535300, 1.000000000000000000, 0.9510565162951535300, 1.000000000000000000, 0.9510565162951535300, 1.000000000000000000, 0.9510565162951535300, 1.000000000000000000, 0.9510565162951535300, 1.000000000000000000, 0.9510565162951535300, 1.000000000000000000, 0.9510565162951535300, 1.000000000000000000, 0.9510565162951535300, 1.000000000000000000, 0.9510565162951535300, 1.000000000000000000),
 ( 1.000000000000000000, 0.9510565162951535300, 1.000000000000000000, 0.9510565162951535300, 1.000000000000000000, 0.9510565162951535300, 1.000000000000000000, 0.9510565162951535300, 1.000000000000000000, 0.9510565162951535300, 1.000000000000000000, 0.9510565162951535300, 1.000000000000000000, 0.9510565162951535300, 1.000000000000000000, 0.9510565162951535300, 1.000000000000000000, 0.9510565162951535300, 1.000000000000000000, 0.9510565162951535300, 1.000000000000000000, 0.9510565162951535300, 1.000000000000000000, 0.9510565162951535300, 1.000000000000000000, 0.9510565162951535300, 1.000000000000000000, 0.9510565162951535300, 1.000000000000000000, 0.9510565162951535300, 1.000000000000000000) ) ) 
 REPRESENTATION_ITEM ( '' )  SURFACE ( )  );
#5431 = CARTESIAN_POINT ( 'NONE',  ( 0.02401479298461856400, 0.4999995285385714900, -0.4353133978974381700 ) ) ;
#5432 = CARTESIAN_POINT ( 'NONE',  ( 0.09728889396646570000, -0.1238820842474095300, -0.4025195097202145000 ) ) ;
#5433 = EDGE_CURVE ( 'NONE', #4070, #1205, #4609, .T. ) ;
#5434 = VERTEX_POINT ( 'NONE', #5991 ) ;
#5435 = EDGE_LOOP ( 'NONE', ( #1318, #593, #2794, #5347 ) ) ;
#5436 = CARTESIAN_POINT ( 'NONE',  ( -0.4755282581475768200, -0.1545084971874736700, -0.007499999999999988400 ) ) ;
#5437 = DIRECTION ( 'NONE',  ( -1.000000000000000000, 0.0000000000000000000, 0.0000000000000000000 ) ) ;
#5438 = CARTESIAN_POINT ( 'NONE',  ( 0.07907946456814730900, -0.1361997564362485400, -0.3205234037439126400 ) ) ;
#5439 = ORIENTED_EDGE ( 'NONE', *, *, #3184, .F. ) ;
#5440 = APPROVAL_DATE_TIME ( #671, #1232 ) ;
#5441 = ORIENTED_EDGE ( 'NONE', *, *, #5050, .F. ) ;
#5442 = CC_DESIGN_APPROVAL ( #2672, ( #1546 ) ) ;
#5443 = DIRECTION ( 'NONE',  ( -9.795821821337355400E-017, 1.000000000000000000, 0.0000000000000000000 ) ) ;
#5444 = CARTESIAN_POINT ( 'NONE',  ( 0.1674509465259920700, 0.1216602340058848000, -0.1024999999999999200 ) ) ;
#5445 = FACE_OUTER_BOUND ( 'NONE', #2439, .T. ) ;
#5446 = DIRECTION ( 'NONE',  ( 0.5000000000000040000, 0.8660254037844363800, 1.803239147706410600E-016 ) ) ;
#5447 = VECTOR ( 'NONE', #4871, 39.37007874015748900 ) ;
#5448 = DIRECTION ( 'NONE',  ( 0.8660254037844364900, -0.5000000000000040000, 0.0000000000000000000 ) ) ;
#5449 = ORIENTED_EDGE ( 'NONE', *, *, #707, .T. ) ;
#5450 = EDGE_CURVE ( 'NONE', #2842, #3504, #3545, .T. ) ;
#5451 = CARTESIAN_POINT ( 'NONE',  ( 0.4535127018922184300, -0.2144929584448401500, 0.3686713610367747800 ) ) ;
#5452 = LINE ( 'NONE', #243, #1208 ) ;
#5453 = CARTESIAN_POINT ( 'NONE',  ( 0.2938926261462366800, 0.4045084971874736100, 0.07749999999999999900 ) ) ;
#5454 = CARTESIAN_POINT ( 'NONE',  ( -0.4799999999999999300, 0.0000000000000000000, 0.4999999999999999400 ) ) ;
#5455 = ORIENTED_EDGE ( 'NONE', *, *, #1804, .F. ) ;
#5456 = DIRECTION ( 'NONE',  ( -1.758688375849877800E-016, 1.000000000000000000, 0.0000000000000000000 ) ) ;
#5457 = EDGE_LOOP ( 'NONE', ( #4577, #5804 ) ) ;
#5458 = DIRECTION ( 'NONE',  ( -9.795821821337355400E-017, 1.000000000000000000, 0.0000000000000000000 ) ) ;
#5459 = ADVANCED_FACE ( 'NONE', ( #3759 ), #2847, .T. ) ;
#5460 = EDGE_LOOP ( 'NONE', ( #424, #3506 ) ) ;
#5461 = CYLINDRICAL_SURFACE ( 'NONE', #3542, 0.08200000000000005900 ) ;
#5462 = CARTESIAN_POINT ( 'NONE',  ( 0.0000000000000000000, 0.0000000000000000000, 0.1899999999999999500 ) ) ;
#5463 = ORIENTED_EDGE ( 'NONE', *, *, #4225, .F. ) ;
#5464 = CARTESIAN_POINT ( 'NONE',  ( -0.1872158496644003300, -0.06083011700294239200, -0.03250000000000001500 ) ) ;
#5465 = CARTESIAN_POINT ( 'NONE',  ( -0.1968503937007873800, 1.093897704769172200E-017, -0.01249999999999995200 ) ) ;
#5466 = FACE_OUTER_BOUND ( 'NONE', #3731, .T. ) ;
#5467 = DIRECTION ( 'NONE',  ( 0.5000000000000044400, 0.8660254037844360400, 0.0000000000000000000 ) ) ;
#5468 = DIRECTION ( 'NONE',  ( -1.000000000000000000, 0.0000000000000000000, 0.0000000000000000000 ) ) ;
#5469 = DIRECTION ( 'NONE',  ( -1.000000000000000000, 0.0000000000000000000, 0.0000000000000000000 ) ) ;
#5470 = EDGE_CURVE ( 'NONE', #4378, #3590, #165, .T. ) ;
#5471 = VECTOR ( 'NONE', #1386, 39.37007874015748900 ) ;
#5472 = CARTESIAN_POINT ( 'NONE',  ( 0.1968503937007873800, 0.03117803943396380400, -0.08493728592265774300 ) ) ;
#5473 = EDGE_CURVE ( 'NONE', #991, #1688, #3042, .T. ) ;
#5474 = CARTESIAN_POINT ( 'NONE',  ( 0.3619986187818944300, -0.2090000000000018500, 0.3923427220735491400 ) ) ;
#5475 = CARTESIAN_POINT ( 'NONE',  ( -0.07312319083983612200, 0.4866447284736311100, -0.3878197570353851300 ) ) ;
#5476 = DIRECTION ( 'NONE',  ( 0.0000000000000000000, 0.0000000000000000000, -1.000000000000000000 ) ) ;
#5477 = VECTOR ( 'NONE', #5344, 39.37007874015748100 ) ;
#5478 = CARTESIAN_POINT ( 'NONE',  ( -4.897910910668677100E-017, 0.5000000000000000000, 0.3449999999999999200 ) ) ;
#5479 = CARTESIAN_POINT ( 'NONE',  ( -0.09159548090919690500, 0.4915385753740999000, 0.3687516666912324900 ) ) ;
#5480 = CARTESIAN_POINT ( 'NONE',  ( 0.0000000000000000000, 0.5000000000000000000, -0.1374999999999999800 ) ) ;
#5481 = CARTESIAN_POINT ( 'NONE',  ( -0.1872158496644003300, 0.06083011700294241300, -0.1425000000000000200 ) ) ;
#5482 = CARTESIAN_POINT ( 'NONE',  ( 0.4580059613652693300, -0.1800039035902286400, -0.3021626695717838900 ) ) ;
#5483 = CC_DESIGN_DATE_AND_TIME_ASSIGNMENT ( #3883, #3327, ( #1546 ) ) ;
#5484 = CARTESIAN_POINT ( 'NONE',  ( 0.4450694763681967100, -0.2291179873613164700, -0.4353244265593455000 ) ) ;
#5485 = AXIS2_PLACEMENT_3D ( 'NONE', #3087, #2171, #3131 ) ;
#5486 = EDGE_CURVE ( 'NONE', #3933, #2959, #3477, .T. ) ;
#5487 = ADVANCED_FACE ( 'NONE', ( #3683 ), #1941, .F. ) ;
#5488 = DIRECTION ( 'NONE',  ( 0.2500000000000019400, 0.4330127018922180200, -0.8660254037844387100 ) ) ;
#5489 = CARTESIAN_POINT ( 'NONE',  ( -0.1624598481164532800, -0.5000000000000000000, 0.08249999999999999000 ) ) ;
#5490 = DIRECTION ( 'NONE',  ( -1.758688375849877300E-016, 1.000000000000000000, 0.0000000000000000000 ) ) ;
#5491 = CARTESIAN_POINT ( 'NONE',  ( 0.04778569217984852300, 0.4980449451207842300, -0.4256002857247431800 ) ) ;
#5492 = ORIENTED_EDGE ( 'NONE', *, *, #5976, .T. ) ;
#5493 = CARTESIAN_POINT ( 'NONE',  ( 0.3414986187818943600, -0.2445070415551636700, -0.3686713610367745600 ) ) ;
#5494 = PLANE ( 'NONE',  #4835 ) ;
#5495 = DIRECTION ( 'NONE',  ( 0.5000000000000044400, 0.8660254037844360400, 0.0000000000000000000 ) ) ;
#5496 = CARTESIAN_POINT ( 'NONE',  ( 0.04277874990455531000, 0.4910928956983142100, -0.4181765065577390300 ) ) ;
#5497 = CARTESIAN_POINT ( 'NONE',  ( 0.5000000000000001100, 1.400189062104540400E-016, 0.01250000000000000200 ) ) ;
#5498 = ORIENTED_EDGE ( 'NONE', *, *, #5424, .T. ) ;
#5499 = CARTESIAN_POINT ( 'NONE',  ( 0.1572705532380760400, -0.008485016152947100900, -0.3858142040194430000 ) ) ;
#5500 = EDGE_LOOP ( 'NONE', ( #340, #4794 ) ) ;
#5501 = VERTEX_POINT ( 'NONE', #3289 ) ;
#5502 = DIRECTION ( 'NONE',  ( 1.000000000000000000, 0.0000000000000000000, 0.0000000000000000000 ) ) ;
#5503 = CARTESIAN_POINT ( 'NONE',  ( -0.2938926261462366200, -0.4045084971874736100, -0.09749999999999998900 ) ) ;
#5504 = ORIENTED_EDGE ( 'NONE', *, *, #1764, .T. ) ;
#5505 = CARTESIAN_POINT ( 'NONE',  ( -0.03452097890186631200, 0.4965780097134042700, -0.3724120256118672000 ) ) ;
#5506 = CARTESIAN_POINT ( 'NONE',  ( 0.4330127018922182400, -0.2500000000000020500, 0.3449999999999999200 ) ) ;
#5507 = ORIENTED_EDGE ( 'NONE', *, *, #2700, .T. ) ;
#5508 = CARTESIAN_POINT ( 'NONE',  ( 0.4125127018922180600, -0.2818081038453786900, -0.3194791701083327100 ) ) ;
#5509 = CARTESIAN_POINT ( 'NONE',  ( 0.4039095483405236700, -0.2825939320086451300, -0.4181765065577394100 ) ) ;
#5510 = ORIENTED_EDGE ( 'NONE', *, *, #1509, .T. ) ;
#5511 = DIRECTION ( 'NONE',  ( -9.795821821337355400E-017, 1.000000000000000000, 0.0000000000000000000 ) ) ;
#5512 = EDGE_CURVE ( 'NONE', #461, #3107, #2078, .T. ) ;
#5513 = VERTEX_POINT ( 'NONE', #4722 ) ;
#5514 = CARTESIAN_POINT ( 'NONE',  ( 0.05419802213876986900, 0.1892834547531780700, 0.4067657574376779600 ) ) ;
#5515 = CARTESIAN_POINT ( 'NONE',  ( -0.09159750529064449000, 0.4915382966001025600, -0.3449999999999999200 ) ) ;
#5516 = CARTESIAN_POINT ( 'NONE',  ( -4.897910910668677100E-017, 0.5000000000000000000, 0.3449999999999999200 ) ) ;
#5517 = VERTEX_POINT ( 'NONE', #1954 ) ;
#5518 = CARTESIAN_POINT ( 'NONE',  ( 0.4607426564757993700, -0.1713244525963499300, -0.3450000000000000300 ) ) ;
#5519 = EDGE_LOOP ( 'NONE', ( #1121, #2400 ) ) ;
#5520 = CARTESIAN_POINT ( 'NONE',  ( -0.1872158496644003300, 0.06083011700294241300, 0.007499999999999962400 ) ) ;
#5521 = CARTESIAN_POINT ( 'NONE',  ( 8.040613248383181800E-017, 0.5000000000000000000, 0.004166666666666678800 ) ) ;
#5522 = CARTESIAN_POINT ( 'NONE',  ( -0.4253254041760198800, 0.3090169943749474500, -0.04749999999999996600 ) ) ;
#5523 = ADVANCED_FACE ( 'NONE', ( #2444 ), #4187, .F. ) ;
#5524 = FACE_BOUND ( 'NONE', #739, .T. ) ;
#5525 = AXIS2_PLACEMENT_3D ( 'NONE', #1612, #2073, #5319 ) ;
#5526 = VECTOR ( 'NONE', #1299, 39.37007874015748900 ) ;
#5527 = ORIENTED_EDGE ( 'NONE', *, *, #2222, .T. ) ;
#5528 = EDGE_CURVE ( 'NONE', #3532, #1259, #2292, .T. ) ;
#5529 = DIRECTION ( 'NONE',  ( -1.224646799147352200E-016, -1.000000000000000000, 0.0000000000000000000 ) ) ;
#5530 = DIRECTION ( 'NONE',  ( -0.5000000000000040000, -0.8660254037844363800, -3.606478295412810300E-016 ) ) ;
#5531 = CYLINDRICAL_SURFACE ( 'NONE', #4413, 0.1968503937007874100 ) ;
#5532 = EDGE_LOOP ( 'NONE', ( #3588, #2390 ) ) ;
#5533 = DIRECTION ( 'NONE',  ( 0.5000000000000037700, 0.8660254037844363800, 0.0000000000000000000 ) ) ;
#5534 = AXIS2_PLACEMENT_3D ( 'NONE', #4408, #1613, #4896 ) ;
#5535 = CARTESIAN_POINT ( 'NONE',  ( -0.006479021098133626800, 0.4965780097134043800, -0.3013979425015433400 ) ) ;
#5536 = CARTESIAN_POINT ( 'NONE',  ( -0.07311502739313383000, 0.4866467494221505800, -0.3021626695717839500 ) ) ;
#5537 = CONICAL_SURFACE ( 'NONE', #1088, 0.04734272207354935800, 0.7853981633974500600 ) ;
#5538 = ORIENTED_EDGE ( 'NONE', *, *, #3705, .T. ) ;
#5539 = EDGE_CURVE ( 'NONE', #2181, #3539, #1010, .T. ) ;
#5540 = VERTEX_POINT ( 'NONE', #2880 ) ;
#5541 = CARTESIAN_POINT ( 'NONE',  ( 1.229195698559069900E-017, 0.3437500000000000600, 0.3449999999999999200 ) ) ;
#5542 = CARTESIAN_POINT ( 'NONE',  ( 0.03455543321544122400, 0.4962792276320905900, 0.3723921334046501600 ) ) ;
#5543 = CARTESIAN_POINT ( 'NONE',  ( 0.2069807528028085300, -3.802174746076033800E-017, 0.06249999999999995800 ) ) ;
#5544 = CARTESIAN_POINT ( 'NONE',  ( -0.5000000000000001100, 3.500472655261351000E-017, -0.03749999999999997100 ) ) ;
#5545 = DIRECTION ( 'NONE',  ( 1.758688375849876100E-016, -1.000000000000000000, 0.0000000000000000000 ) ) ;
#5546 = CARTESIAN_POINT ( 'NONE',  ( -0.06396057012458784800, 0.1968503937007874400, -0.1324999999999999200 ) ) ;
#5547 = CARTESIAN_POINT ( 'NONE',  ( -0.04099999999999999500, 0.4936572779264506400, -0.3449999999999999200 ) ) ;
#5548 = CARTESIAN_POINT ( 'NONE',  ( 0.3824986187818946700, -0.1734929584448398300, 0.3686713610367743900 ) ) ;
#5549 =( BOUNDED_CURVE ( )  B_SPLINE_CURVE ( 2, ( #926, #988, #4210, #941, #5974, #3753, #3728, #3691, #4643, #4146, #1409, #4168, #1434 ),
 .UNSPECIFIED., .F., .T. ) 
 B_SPLINE_CURVE_WITH_KNOTS ( ( 3, 2, 2, 2, 2, 2, 3 ),
 ( 0.1250000000000000000, 0.1499999999999999900, 0.2000000000000000100, 0.2500000000000000000, 0.2999999999999999900, 0.3499999999999999800, 0.3750000000000000000 ),
 .UNSPECIFIED. ) 
 CURVE ( )  GEOMETRIC_REPRESENTATION_ITEM ( )  RATIONAL_B_SPLINE_CURVE ( ( 0.9755282581475768200, 0.9755282581475768200, 1.000000000000000000, 0.9510565162951535300, 1.000000000000000000, 0.9510565162951535300, 1.000000000000000000, 0.9510565162951535300, 1.000000000000000000, 0.9510565162951535300, 1.000000000000000000, 0.9755282581475768200, 0.9755282581475768200 ) ) 
 REPRESENTATION_ITEM ( '' )  );
#5550 = EDGE_CURVE ( 'NONE', #811, #1056, #5785, .T. ) ;
#5551 = LINE ( 'NONE', #4771, #4899 ) ;
#5552 = ADVANCED_FACE ( 'NONE', ( #840 ), #4367, .F. ) ;
#5553 = CARTESIAN_POINT ( 'NONE',  ( 0.4580059613652693300, -0.1800039035902285800, -0.3021626695717838900 ) ) ;
#5554 = CARTESIAN_POINT ( 'NONE',  ( 0.08200000000000007300, 0.1344472000455911000, -0.3449999999999999200 ) ) ;
#5555 = DIRECTION ( 'NONE',  ( -9.795821821337355400E-017, 1.000000000000000000, 0.0000000000000000000 ) ) ;
#5556 = DIRECTION ( 'NONE',  ( -1.000000000000000000, 0.0000000000000000000, 0.0000000000000000000 ) ) ;
#5557 = VECTOR ( 'NONE', #3617, 39.37007874015748100 ) ;
#5558 = EDGE_CURVE ( 'NONE', #5899, #5225, #2678, .T. ) ;
#5559 = CARTESIAN_POINT ( 'NONE',  ( 0.01087822822774603800, 0.1966212447015831300, 0.2635458523370904400 ) ) ;
#5560 = AXIS2_PLACEMENT_3D ( 'NONE', #5380, #5910, #2155 ) ;
#5561 = CARTESIAN_POINT ( 'NONE',  ( -0.5000000000000001100, 3.500472655261351000E-017, 0.1124999999999999800 ) ) ;
#5562 = CARTESIAN_POINT ( 'NONE',  ( -0.1968503937007873800, 3.281693114307516800E-017, -0.08750000000000003600 ) ) ;
#5563 = DIRECTION ( 'NONE',  ( -0.0000000000000000000, -0.0000000000000000000, -1.000000000000000000 ) ) ;
#5564 = CARTESIAN_POINT ( 'NONE',  ( 0.1968503937007873800, -3.281693114307516800E-017, -0.06249999999999993800 ) ) ;
#5565 = EDGE_CURVE ( 'NONE', #2632, #2850, #5768, .T. ) ;
#5566 = CARTESIAN_POINT ( 'NONE',  ( -0.1872158496644003300, 0.06083011700294241300, -0.1174999999999999400 ) ) ;
#5567 = CARTESIAN_POINT ( 'NONE',  ( -0.4253254041760198800, -0.3090169943749474000, -0.02749999999999997900 ) ) ;
#5568 = CARTESIAN_POINT ( 'NONE',  ( 0.0000000000000000000, 0.0000000000000000000, 0.1899999999999999500 ) ) ;
#5569 = CARTESIAN_POINT ( 'NONE',  ( 1.778785816012156600E-017, 0.3125000000000000000, 0.3449999999999999200 ) ) ;
#5570 = B_SPLINE_CURVE_WITH_KNOTS ( 'NONE', 3,
 ( #4734, #2875, #5201, #52, #2912, #3387, #2537, #4813 ),
 .UNSPECIFIED., .F., .F.,
 ( 4, 2, 2, 4 ),
 ( 2.544393206585015300E-007, 0.0003107880854811292800, 0.0006213217316416000400, 0.001242389023962544400 ),
 .UNSPECIFIED. ) ;
#5571 = ORIENTED_EDGE ( 'NONE', *, *, #402, .F. ) ;
#5572 = CARTESIAN_POINT ( 'NONE',  ( 0.1157057583252900500, 0.1592553138533361100, 0.1025000000000000400 ) ) ;
#5573 = CARTESIAN_POINT ( 'NONE',  ( 0.4330127018922182400, -0.2500000000000020000, -0.3449999999999999200 ) ) ;
#5574 = CARTESIAN_POINT ( 'NONE',  ( 0.5000000000000001100, 1.400189062104540400E-016, 0.01250000000000000200 ) ) ;
#5575 = ORIENTED_EDGE ( 'NONE', *, *, #2473, .T. ) ;
#5576 = ORIENTED_EDGE ( 'NONE', *, *, #1184, .F. ) ;
#5577 = CARTESIAN_POINT ( 'NONE',  ( -2.134256245050205600E-017, 0.5000000000000000000, 0.3923427220735493100 ) ) ;
#5578 = CARTESIAN_POINT ( 'NONE',  ( 0.4253254041760199900, 0.3090169943749474000, 0.07249999999999999500 ) ) ;
#5579 = CARTESIAN_POINT ( 'NONE',  ( -1.518754888706362500E-017, 0.5000000000000000000, -0.3449999999999999200 ) ) ;
#5580 = DIRECTION ( 'NONE',  ( -1.758688375849877800E-016, 1.000000000000000000, 0.0000000000000000000 ) ) ;
#5581 = ADVANCED_FACE ( 'NONE', ( #18 ), #3829, .T. ) ;
#5582 = ORIENTED_EDGE ( 'NONE', *, *, #1528, .F. ) ;
#5583 = VERTEX_POINT ( 'NONE', #5279 ) ;
#5584 = CARTESIAN_POINT ( 'NONE',  ( 0.4480197434473803800, -0.2113215974080654400, 0.3449999999999999200 ) ) ;
#5585 = CARTESIAN_POINT ( 'NONE',  ( -0.2938926261462365700, 0.4045084971874737300, 0.02249999999999999900 ) ) ;
#5586 = CARTESIAN_POINT ( 'NONE',  ( 0.0000000000000000000, 0.5000000000000000000, -0.06249999999999997900 ) ) ;
#5587 = PLANE ( 'NONE',  #4042 ) ;
#5588 = ORIENTED_EDGE ( 'NONE', *, *, #1625, .F. ) ;
#5589 = EDGE_CURVE ( 'NONE', #4821, #4944, #1340, .T. ) ;
#5590 = EDGE_LOOP ( 'NONE', ( #3004, #2187, #823, #1246 ) ) ;
#5591 = CARTESIAN_POINT ( 'NONE',  ( -0.1704774416898503800, 0.09842519685039334600, 0.02919130606358866200 ) ) ;
#5592 = CARTESIAN_POINT ( 'NONE',  ( -0.1968503937007873800, 3.281693114307516800E-017, 0.06249999999999995800 ) ) ;
#5593 = VECTOR ( 'NONE', #2600, 39.37007874015748100 ) ;
#5594 = EDGE_CURVE ( 'NONE', #2181, #955, #115, .T. ) ;
#5595 = CARTESIAN_POINT ( 'NONE',  ( -0.4755282581475767700, 0.1545084971874737300, 0.03250000000000000100 ) ) ;
#5596 = VERTEX_POINT ( 'NONE', #217 ) ;
#5597 = CARTESIAN_POINT ( 'NONE',  ( -0.09159750529064449000, 0.4915382966001025600, 0.3449999999999998600 ) ) ;
#5598 = COORDINATED_UNIVERSAL_TIME_OFFSET ( 6, 0, .BEHIND. ) ;
#5599 = ORIENTED_EDGE ( 'NONE', *, *, #592, .T. ) ;
#5600 = PERSON_AND_ORGANIZATION_ROLE ( 'creator' ) ;
#5601 = CONICAL_SURFACE ( 'NONE', #1361, 0.04734272207354935800, 0.7853981633974500600 ) ;
#5602 =( BOUNDED_CURVE ( )  B_SPLINE_CURVE ( 2, ( #3474, #134, #3432, #1531, #629, #4293, #3891, #5265, #647, #1515, #5204, #4796, #5671 ),
 .UNSPECIFIED., .F., .T. ) 
 B_SPLINE_CURVE_WITH_KNOTS ( ( 3, 2, 2, 2, 2, 2, 3 ),
 ( 0.1250000000000000300, 0.1499999999999999900, 0.2000000000000000100, 0.2500000000000000000, 0.2999999999999999900, 0.3499999999999999800, 0.3750000000000000000 ),
 .UNSPECIFIED. ) 
 CURVE ( )  GEOMETRIC_REPRESENTATION_ITEM ( )  RATIONAL_B_SPLINE_CURVE ( ( 0.9755282581475768200, 0.9755282581475768200, 1.000000000000000000, 0.9510565162951535300, 1.000000000000000000, 0.9510565162951535300, 1.000000000000000000, 0.9510565162951535300, 1.000000000000000000, 0.9510565162951535300, 1.000000000000000000, 0.9755282581475768200, 0.9755282581475768200 ) ) 
 REPRESENTATION_ITEM ( '' )  );
#5603 = CARTESIAN_POINT ( 'NONE',  ( 0.4580082928958629200, -0.1799958233637425600, -0.3878197570353853500 ) ) ;
#5604 = CARTESIAN_POINT ( 'NONE',  ( -6.123233995736766000E-017, -0.5000000000000000000, 0.1375000000000000100 ) ) ;
#5605 = FACE_OUTER_BOUND ( 'NONE', #4178, .T. ) ;
#5606 = DIRECTION ( 'NONE',  ( 1.758688375849876100E-016, -1.000000000000000000, 0.0000000000000000000 ) ) ;
#5607 = ORIENTED_EDGE ( 'NONE', *, *, #2746, .T. ) ;
#5608 = CARTESIAN_POINT ( 'NONE',  ( 0.4578357450259783500, -0.1800254986488038800, 0.3828149089108431900 ) ) ;
#5609 = AXIS2_PLACEMENT_3D ( 'NONE', #1957, #1070, #4316 ) ;
#5610 = FACE_OUTER_BOUND ( 'NONE', #6030, .T. ) ;
#5611 = CARTESIAN_POINT ( 'NONE',  ( 0.01757699737610026900, 0.4926739516814812000, 0.2641893910842579300 ) ) ;
#5612 = ORIENTED_EDGE ( 'NONE', *, *, #4008, .F. ) ;
#5613 = ORIENTED_EDGE ( 'NONE', *, *, #2919, .T. ) ;
#5615 = EDGE_CURVE ( 'NONE', #1689, #5415, #1794, .T. ) ;
#5614 = CARTESIAN_POINT ( 'NONE',  ( 0.1968503937007873800, -3.281693114307516800E-017, 0.06249999999999995800 ) ) ;
#5616 = CARTESIAN_POINT ( 'NONE',  ( 0.4330127018922182400, -0.2500000000000020000, -0.3449999999999999200 ) ) ;
#5617 = B_SPLINE_CURVE_WITH_KNOTS ( 'NONE', 3,
 ( #1496, #4257, #2030, #631, #2508, #1107, #4352, #5244, #5713, #2179, #1316, #820, #1805, #3618, #5026, #1763, #2675, #5407 ),
 .UNSPECIFIED., .F., .F.,
 ( 4, 2, 2, 2, 2, 2, 2, 2, 4 ),
 ( 0.0000000000000000000, 0.06250000000000016700, 0.1250000000000001700, 0.1875000000000001700, 0.2500000000000001700, 0.3125000000000001700, 0.3750000000000001700, 0.4375000000000001700, 0.5000000000000000000 ),
 .UNSPECIFIED. ) ;
#5618 = FACE_OUTER_BOUND ( 'NONE', #2581, .T. ) ;
#5619 = VERTEX_POINT ( 'NONE', #3077 ) ;
#5620 = ADVANCED_FACE ( 'NONE', ( #166, #5977 ), #4874, .F. ) ;
#5621 = AXIS2_PLACEMENT_3D ( 'NONE', #5839, #1248, #232 ) ;
#5622 = EDGE_LOOP ( 'NONE', ( #2069, #213, #3093, #10 ) ) ;
#5623 = DIRECTION ( 'NONE',  ( 0.8660254037844363800, -0.5000000000000038900, 0.0000000000000000000 ) ) ;
#5624 = DIRECTION ( 'NONE',  ( -3.606478295412809800E-016, 0.0000000000000000000, -1.000000000000000000 ) ) ;
#5625 = CARTESIAN_POINT ( 'NONE',  ( 0.4714841751993003600, -0.1664414892423174100, -0.3212483333087676800 ) ) ;
#5626 = CARTESIAN_POINT ( 'NONE',  ( 0.4755282581475768200, 0.1545084971874736700, 0.1174999999999999900 ) ) ;
#5627 = CARTESIAN_POINT ( 'NONE',  ( -0.4999999999999999400, 0.07919222016226822000, -0.06506271407734226500 ) ) ;
#5628 = DIRECTION ( 'NONE',  ( 0.5000000000000044400, 0.8660254037844360400, 0.0000000000000000000 ) ) ;
#5629 =( BOUNDED_CURVE ( )  B_SPLINE_CURVE ( 2, ( #4938, #292, #5934, #5444, #4959, #3202, #1737, #384, #5901, #798, #781, #4569, #1275 ),
 .UNSPECIFIED., .F., .F. ) 
 B_SPLINE_CURVE_WITH_KNOTS ( ( 3, 2, 2, 2, 2, 2, 3 ),
 ( 0.1250000000000000300, 0.1499999999999999900, 0.2000000000000000100, 0.2500000000000000000, 0.2999999999999999900, 0.3499999999999999800, 0.3750000000000000000 ),
 .UNSPECIFIED. ) 
 CURVE ( )  GEOMETRIC_REPRESENTATION_ITEM ( )  RATIONAL_B_SPLINE_CURVE ( ( 0.9755282581475768200, 0.9755282581475768200, 1.000000000000000000, 0.9510565162951535300, 1.000000000000000000, 0.9510565162951535300, 1.000000000000000000, 0.9510565162951535300, 1.000000000000000000, 0.9510565162951535300, 1.000000000000000000, 0.9755282581475768200, 0.9755282581475768200 ) ) 
 REPRESENTATION_ITEM ( '' )  );
#5630 = CARTESIAN_POINT ( 'NONE',  ( -2.410722045565656100E-017, -0.1968503937007874100, 0.01250000000000005400 ) ) ;
#5631 = CARTESIAN_POINT ( 'NONE',  ( 2.410722045565656100E-017, 0.1968503937007874100, 0.1374999999999999600 ) ) ;
#5632 = CONICAL_SURFACE ( 'NONE', #1749, 0.04734272207354933700, 0.7853981633974500600 ) ;
#5633 = EDGE_CURVE ( 'NONE', #3639, #5583, #4469, .T. ) ;
#5634 = B_SPLINE_CURVE_WITH_KNOTS ( 'NONE', 3,
 ( #4399, #4845, #2082, #5741 ),
 .UNSPECIFIED., .F., .F.,
 ( 4, 4 ),
 ( 0.001334182499245445900, 0.001957391761254278100 ),
 .UNSPECIFIED. ) ;
#5635 = CARTESIAN_POINT ( 'NONE',  ( -0.4755282581475767700, 0.1545084971874737300, 0.1325000000000000100 ) ) ;
#5636 = EDGE_CURVE ( 'NONE', #899, #1, #1066, .T. ) ;
#5637 = CARTESIAN_POINT ( 'NONE',  ( 0.1968503937007873800, -0.03117803943396386900, 0.05993728592265766500 ) ) ;
#5638 = AXIS2_PLACEMENT_3D ( 'NONE', #2389, #5580, #2877 ) ;
#5639 = APPROVAL_ROLE ( '' ) ;
#5640 = AXIS2_PLACEMENT_3D ( 'NONE', #2347, #2814, #1444 ) ;
#5641 = CARTESIAN_POINT ( 'NONE',  ( 0.1624598481164530900, -0.5000000000000000000, -0.1324999999999999500 ) ) ;
#5642 = CARTESIAN_POINT ( 'NONE',  ( -0.1674509465259921000, -0.1216602340058847800, 0.1224999999999999300 ) ) ;
#5643 = CARTESIAN_POINT ( 'NONE',  ( -0.04099999999999999500, 0.4936572779264506400, 0.3449999999999999200 ) ) ;
#5644 = CARTESIAN_POINT ( 'NONE',  ( 0.3796242986910947100, -0.3125256546610912800, 0.3624279955007747600 ) ) ;
#5645 = ADVANCED_FACE ( 'NONE', ( #239, #4263 ), #3993, .F. ) ;
#5646 = CARTESIAN_POINT ( 'NONE',  ( 0.1968503937007873800, -3.281693114307516800E-017, -0.08750000000000003600 ) ) ;
#5647 = CARTESIAN_POINT ( 'NONE',  ( 0.08084495943607680800, 0.4850257135507169400, 0.3275824762559028100 ) ) ;
#5648 = CARTESIAN_POINT ( 'NONE',  ( -0.1674509465259921000, 0.1216602340058848100, 0.02750000000000003800 ) ) ;
#5649 = ORIENTED_EDGE ( 'NONE', *, *, #4590, .F. ) ;
#5650 = CARTESIAN_POINT ( 'NONE',  ( -0.1674509465259920700, 0.1216602340058848100, 0.1024999999999999500 ) ) ;
#5651 = CARTESIAN_POINT ( 'NONE',  ( -0.4755282581475768200, -0.1545084971874735900, -0.05749999999999998200 ) ) ;
#5652 = ORIENTED_EDGE ( 'NONE', *, *, #3535, .F. ) ;
#5653 = AXIS2_PLACEMENT_3D ( 'NONE', #1815, #1305, #5529 ) ;
#5654 = PRODUCT ( '4147N189_Set Screw Precision Flexible Shaft Couplings', '4147N189_Set Screw Precision Flexible Shaft Couplings', '', ( #1909 ) ) ;
#5655 = VERTEX_POINT ( 'NONE', #3521 ) ;
#5656 = CARTESIAN_POINT ( 'NONE',  ( 0.1959824445707206400, -0.01846507298224866300, 0.3449999999999999200 ) ) ;
#5657 = ORIENTED_EDGE ( 'NONE', *, *, #1734, .F. ) ;
#5658 = CARTESIAN_POINT ( 'NONE',  ( 0.1732099665443931600, -0.09368990232277091300, 0.2630029079207010200 ) ) ;
#5659 = CARTESIAN_POINT ( 'NONE',  ( -0.01684525110005775600, 0.4936661638322290500, 0.3073828881836358500 ) ) ;
#5660 = PERSON_AND_ORGANIZATION_ROLE ( 'design_owner' ) ;
#5661 = VERTEX_POINT ( 'NONE', #2090 ) ;
#5662 = CARTESIAN_POINT ( 'NONE',  ( 0.1704774416898503800, -0.09842519685039334600, 0.004191306063588581100 ) ) ;
#5663 = ORIENTED_EDGE ( 'NONE', *, *, #1922, .F. ) ;
#5664 = CARTESIAN_POINT ( 'NONE',  ( -0.04734272207354937900, 0.5000000000000000000, -0.3449999999999999200 ) ) ;
#5665 = DIRECTION ( 'NONE',  ( 0.8660254037844364900, -0.5000000000000040000, 0.0000000000000000000 ) ) ;
#5666 = EDGE_LOOP ( 'NONE', ( #1539, #70, #4913, #4234 ) ) ;
#5667 = EDGE_CURVE ( 'NONE', #2274, #2251, #4994, .T. ) ;
#5668 = CARTESIAN_POINT ( 'NONE',  ( -0.08200000000000007300, 0.4846769694763596900, 0.3370032488530855200 ) ) ;
#5669 = ORIENTED_EDGE ( 'NONE', *, *, #633, .T. ) ;
#5670 = CARTESIAN_POINT ( 'NONE',  ( -2.410722045565656100E-017, -0.1968503937007874100, 0.06250000000000002800 ) ) ;
#5671 = CARTESIAN_POINT ( 'NONE',  ( -0.1968503937007873800, 3.281693114307516800E-017, 0.06249999999999995800 ) ) ;
#5672 = CARTESIAN_POINT ( 'NONE',  ( 0.4799999999999999800, 0.0000000000000000000, -0.4999999999999999400 ) ) ;
#5673 = FACE_BOUND ( 'NONE', #2569, .T. ) ;
#5674 = APPROVAL_DATE_TIME ( #288, #2672 ) ;
#5675 = ORIENTED_EDGE ( 'NONE', *, *, #2087, .F. ) ;
#5676 = B_SPLINE_CURVE_WITH_KNOTS ( 'NONE', 3,
 ( #2638, #307, #2682, #1726, #279, #1669 ),
 .UNSPECIFIED., .F., .F.,
 ( 4, 2, 4 ),
 ( 0.0006528680749292727700, 0.001275665676275695200, 0.001898463277622118000 ),
 .UNSPECIFIED. ) ;
#5677 = ADVANCED_FACE ( 'NONE', ( #766 ), #4405, .F. ) ;
#5678 = CARTESIAN_POINT ( 'NONE',  ( 0.1624598481164531700, 0.5000000000000000000, 0.05750000000000000200 ) ) ;
#5679 = EDGE_CURVE ( 'NONE', #899, #5351, #1599, .T. ) ;
#5680 = CARTESIAN_POINT ( 'NONE',  ( 0.1648398787214139200, -0.1077314443441853600, 0.2635458523370904400 ) ) ;
#5681 = FACE_BOUND ( 'NONE', #6018, .T. ) ;
#5682 = LINE ( 'NONE', #3527, #4458 ) ;
#5683 = ORIENTED_EDGE ( 'NONE', *, *, #5105, .F. ) ;
#5684 = DIRECTION ( 'NONE',  ( -9.795821821337355400E-017, 1.000000000000000000, 0.0000000000000000000 ) ) ;
#5685 = CARTESIAN_POINT ( 'NONE',  ( -0.08200000000000008700, 0.4846770714133428200, 0.3449999999999999200 ) ) ;
#5686 = CARTESIAN_POINT ( 'NONE',  ( 0.5000000000000001100, 1.400189062104540400E-016, -0.1124999999999999800 ) ) ;
#5687 = CIRCLE ( 'NONE', #964, 0.05074999999999987200 ) ;
#5688 = ORIENTED_EDGE ( 'NONE', *, *, #4960, .F. ) ;
#5689 = CARTESIAN_POINT ( 'NONE',  ( 0.1968503937007873800, 0.03117803943396382100, -0.03493728592265775400 ) ) ;
#5690 = ORIENTED_EDGE ( 'NONE', *, *, #4893, .T. ) ;
#5691 = AXIS2_PLACEMENT_3D ( 'NONE', #5541, #3284, #2751 ) ;
#5692 = CARTESIAN_POINT ( 'NONE',  ( 6.123233995736766000E-017, 0.5000000000000000000, 0.01250000000000002000 ) ) ;
#5693 = AXIS2_PLACEMENT_3D ( 'NONE', #172, #1624, #5309 ) ;
#5694 = CARTESIAN_POINT ( 'NONE',  ( -0.1157057583252900000, 0.1592553138533361100, -0.02749999999999994500 ) ) ;
#5695 = VECTOR ( 'NONE', #4622, 39.37007874015748900 ) ;
#5696 = CARTESIAN_POINT ( 'NONE',  ( 0.1157057583252900500, 0.1592553138533361100, 0.1025000000000000400 ) ) ;
#5697 = CARTESIAN_POINT ( 'NONE',  ( 0.07326091471895619700, 0.4946780133367259500, 0.2895021248311321300 ) ) ;
#5698 = CARTESIAN_POINT ( 'NONE',  ( 0.3824986187818946700, -0.1734929584448398300, 0.3686713610367743900 ) ) ;
#5699 = B_SPLINE_CURVE_WITH_KNOTS ( 'NONE', 3,
 ( #5547, #1307, #3210, #2740 ),
 .UNSPECIFIED., .F., .F.,
 ( 4, 4 ),
 ( 0.001334182499245445900, 0.001957391761254278100 ),
 .UNSPECIFIED. ) ;
#5700 = FACE_OUTER_BOUND ( 'NONE', #4809, .T. ) ;
#5701 = CARTESIAN_POINT ( 'NONE',  ( -0.4253254041760198800, 0.3090169943749474500, 0.1275000000000000000 ) ) ;
#5702 = PLANE ( 'NONE',  #3206 ) ;
#5703 = CARTESIAN_POINT ( 'NONE',  ( -0.02684856062079142600, 0.1552563099190859300, -0.2673357675404061100 ) ) ;
#5704 = FACE_OUTER_BOUND ( 'NONE', #3897, .T. ) ;
#5705 = CARTESIAN_POINT ( 'NONE',  ( -0.04784092033737922400, 0.4980417967142370400, -0.2644283913482285400 ) ) ;
#5706 = DIRECTION ( 'NONE',  ( 1.803239147706419700E-016, 3.123301822024684900E-016, 1.000000000000000000 ) ) ;
#5707 = ADVANCED_FACE ( 'NONE', ( #2006 ), #2368, .F. ) ;
#5708 = VECTOR ( 'NONE', #1841, 39.37007874015748900 ) ;
#5709 = CARTESIAN_POINT ( 'NONE',  ( 0.04100000000000002900, 0.5000000000000000000, 0.3213286389632253900 ) ) ;
#5710 = CARTESIAN_POINT ( 'NONE',  ( -0.1157057583252900000, 0.1592553138533361100, -0.1274999999999999500 ) ) ;
#5711 = CARTESIAN_POINT ( 'NONE',  ( -0.1872158496644003300, 0.06083011700294241300, 0.03250000000000003600 ) ) ;
#5712 = CARTESIAN_POINT ( 'NONE',  ( 0.09159391728180373000, 0.4915389652207582400, 0.3331454279522517200 ) ) ;
#5713 = CARTESIAN_POINT ( 'NONE',  ( 0.4390380275223739200, -0.2395616355302827000, 0.2546810406810490200 ) ) ;
#5714 = EDGE_CURVE ( 'NONE', #6024, #3063, #4825, .T. ) ;
#5715 = CARTESIAN_POINT ( 'NONE',  ( 0.1956884724295184200, -0.02138812803109591000, 0.3664699296162217100 ) ) ;
#5716 = CARTESIAN_POINT ( 'NONE',  ( 0.04100000000000005700, 0.4180000000000000400, 0.3686713610367745600 ) ) ;
#5717 = CARTESIAN_POINT ( 'NONE',  ( 0.05025813983102611600, 0.1493164121762968200, -0.2799894049460389100 ) ) ;
#5718 = ORIENTED_EDGE ( 'NONE', *, *, #3020, .T. ) ;
#5719 = AXIS2_PLACEMENT_3D ( 'NONE', #2598, #1319, #3576 ) ;
#5720 = CARTESIAN_POINT ( 'NONE',  ( 6.123233995736766000E-017, 0.5000000000000000000, 0.01250000000000002000 ) ) ;
#5721 = CARTESIAN_POINT ( 'NONE',  ( -0.08200000000000008700, 0.4846770714133428200, 0.3449999999999999200 ) ) ;
#5722 = CARTESIAN_POINT ( 'NONE',  ( 0.02401479298461856400, 0.4999995285385714900, -0.4353133978974381700 ) ) ;
#5723 = ORIENTED_EDGE ( 'NONE', *, *, #1292, .T. ) ;
#5724 = ORIENTED_EDGE ( 'NONE', *, *, #2981, .T. ) ;
#5725 = DIRECTION ( 'NONE',  ( 0.5000000000000036600, 0.8660254037844364900, 0.0000000000000000000 ) ) ;
#5726 = CARTESIAN_POINT ( 'NONE',  ( 0.1872158496644003300, 0.06083011700294237200, -0.05749999999999994700 ) ) ;
#5727 = CARTESIAN_POINT ( 'NONE',  ( -0.1674509465259921000, -0.1216602340058847800, 0.04750000000000004200 ) ) ;
#5728 = CARTESIAN_POINT ( 'NONE',  ( 0.05625908715242732000, 0.4968987961516952400, 0.2727494537873277900 ) ) ;
#5729 = ORIENTED_EDGE ( 'NONE', *, *, #1865, .T. ) ;
#5730 = AXIS2_PLACEMENT_3D ( 'NONE', #1263, #4077, #1297 ) ;
#5731 = B_SPLINE_CURVE_WITH_KNOTS ( 'NONE', 3,
 ( #2010, #3858, #4848, #4326, #5722, #2977, #5276, #2475, #2523, #4346 ),
 .UNSPECIFIED., .F., .F.,
 ( 4, 2, 2, 2, 4 ),
 ( 0.5000000000000000000, 0.6250000000000000000, 0.7500000000000000000, 0.8750000000000000000, 1.000000000000000000 ),
 .UNSPECIFIED. ) ;
#5732 = EDGE_LOOP ( 'NONE', ( #2183, #1934, #5088, #4495 ) ) ;
#5733 = B_SPLINE_CURVE_WITH_KNOTS ( 'NONE', 3,
 ( #1644, #4861, #2095, #2567, #5792, #3512, #5911, #2742, #358, #5953, #839, #3178, #2646, #1309, #2714, #2254, #5931, #1818, #4112, #5438, #3628, #2690, #1756, #4087 ),
 .UNSPECIFIED., .F., .F.,
 ( 4, 2, 2, 2, 2, 2, 2, 2, 2, 2, 2, 4 ),
 ( 0.0005892774951537023600, 0.002100784406383907500, 0.002478661134191460100, 0.002856537861999012700, 0.003234414589806565300, 0.003612291317614117800, 0.004368044773229223500, 0.005123798228844327800, 0.005501674956651879000, 0.005879551684459430300, 0.006257428412266981600, 0.006635305140074532900 ),
 .UNSPECIFIED. ) ;
#5734 = DIRECTION ( 'NONE',  ( -1.000000000000000000, 0.0000000000000000000, 0.0000000000000000000 ) ) ;
#5735 = CARTESIAN_POINT ( 'NONE',  ( 0.1674509465259920700, -0.1216602340058848100, -0.02249999999999994700 ) ) ;
#5736 = ORIENTED_EDGE ( 'NONE', *, *, #2084, .T. ) ;
#5737 = CARTESIAN_POINT ( 'NONE',  ( -0.5257311121191335900, 9.657523855033128400E-017, 0.08750000000000000800 ) ) ;
#5738 =( BOUNDED_SURFACE ( )  B_SPLINE_SURFACE ( 1, 2, ( 
 ( #302, #3963, #2184, #3060, #5831, #2579, #4906, #5371, #3523, #4014, #1667, #219, #3044, #2128, #1187, #4439, #242, #1224, #1261, #2634, #3079, #722, #3501, #4494, #3979, #256, #4480, #1708, #2611, #4423, #5845 ),
 ( #5334, #5859, #2147, #2163, #5393, #709, #5348, #1652, #1209, #746, #4876, #3103, #4463, #1684, #1240, #5805, #2103, #276, #4895, #3561, #769, #3124, #786, #3578, #4038, #1723, #4948, #4138, #4123, #4098, #3143 ) ),
 .UNSPECIFIED., .F., .F., .T. ) 
 B_SPLINE_SURFACE_WITH_KNOTS ( ( 2, 2 ),
 ( 3, 2, 2, 2, 2, 2, 2, 2, 2, 2, 2, 2, 2, 2, 2, 3 ),
 ( 0.0000000000000000000, 1.000000000000000000 ),
 ( 0.0000000000000000000, 0.05000000000000000300, 0.1000000000000000100, 0.1499999999999999900, 0.2000000000000000100, 0.2500000000000000000, 0.2999999999999999900, 0.3499999999999999800, 0.4000000000000000200, 0.4500000000000000100, 0.5000000000000000000, 0.5500000000000000400, 0.5999999999999999800, 0.6500000000000000200, 0.6999999999999999600, 0.7500000000000000000 ),
 .UNSPECIFIED. ) 
 GEOMETRIC_REPRESENTATION_ITEM ( )  RATIONAL_B_SPLINE_SURFACE ( (
 ( 1.000000000000000000, 0.9510565162951535300, 1.000000000000000000, 0.9510565162951535300, 1.000000000000000000, 0.9510565162951535300, 1.000000000000000000, 0.9510565162951535300, 1.000000000000000000, 0.9510565162951535300, 1.000000000000000000, 0.9510565162951535300, 1.000000000000000000, 0.9510565162951535300, 1.000000000000000000, 0.9510565162951535300, 1.000000000000000000, 0.9510565162951535300, 1.000000000000000000, 0.9510565162951535300, 1.000000000000000000, 0.9510565162951535300, 1.000000000000000000, 0.9510565162951535300, 1.000000000000000000, 0.9510565162951535300, 1.000000000000000000, 0.9510565162951535300, 1.000000000000000000, 0.9510565162951535300, 1.000000000000000000),
 ( 1.000000000000000000, 0.9510565162951535300, 1.000000000000000000, 0.9510565162951535300, 1.000000000000000000, 0.9510565162951535300, 1.000000000000000000, 0.9510565162951535300, 1.000000000000000000, 0.9510565162951535300, 1.000000000000000000, 0.9510565162951535300, 1.000000000000000000, 0.9510565162951535300, 1.000000000000000000, 0.9510565162951535300, 1.000000000000000000, 0.9510565162951535300, 1.000000000000000000, 0.9510565162951535300, 1.000000000000000000, 0.9510565162951535300, 1.000000000000000000, 0.9510565162951535300, 1.000000000000000000, 0.9510565162951535300, 1.000000000000000000, 0.9510565162951535300, 1.000000000000000000, 0.9510565162951535300, 1.000000000000000000) ) ) 
 REPRESENTATION_ITEM ( '' )  SURFACE ( )  );
#5739 = CARTESIAN_POINT ( 'NONE',  ( 0.07930562289052155200, 0.1360596928222175500, -0.3234499273636241000 ) ) ;
#5740 = EDGE_LOOP ( 'NONE', ( #730, #2194 ) ) ;
#5741 = CARTESIAN_POINT ( 'NONE',  ( -0.04099999999999998800, 0.5000000000000000000, 0.3686713610367747800 ) ) ;
#5742 = VECTOR ( 'NONE', #2927, 39.37007874015748100 ) ;
#5743 = CARTESIAN_POINT ( 'NONE',  ( -0.1624598481164532800, -0.5000000000000000000, -0.04249999999999998900 ) ) ;
#5744 = CARTESIAN_POINT ( 'NONE',  ( 0.4755282581475767700, -0.1545084971874737300, 0.03250000000000000100 ) ) ;
#5745 = ORIENTED_EDGE ( 'NONE', *, *, #2352, .F. ) ;
#5746 = DIRECTION ( 'NONE',  ( -1.000000000000000000, 0.0000000000000000000, 0.0000000000000000000 ) ) ;
#5747 = APPROVAL_DATE_TIME ( #522, #4529 ) ;
#5748 = VERTEX_POINT ( 'NONE', #3059 ) ;
#5749 = CARTESIAN_POINT ( 'NONE',  ( 0.5257311121191335900, -3.219174618344376100E-017, -0.1374999999999999600 ) ) ;
#5750 = CARTESIAN_POINT ( 'NONE',  ( -4.897910910668677100E-017, 0.5000000000000000000, 0.3449999999999999200 ) ) ;
#5751 = CONICAL_SURFACE ( 'NONE', #1172, 0.04734272207354933700, 0.7853981633974500600 ) ;
#5752 = EDGE_CURVE ( 'NONE', #2048, #3531, #5818, .T. ) ;
#5753 = DIRECTION ( 'NONE',  ( 1.758688375849877300E-016, -1.000000000000000000, 0.0000000000000000000 ) ) ;
#5754 = CONICAL_SURFACE ( 'NONE', #3982, 0.08200000000000005900, 0.7853981633974509400 ) ;
#5755 = EDGE_LOOP ( 'NONE', ( #1249, #4151, #5182, #4383 ) ) ;
#5756 = CARTESIAN_POINT ( 'NONE',  ( 0.0000000000000000000, -0.5000000000000000000, -0.06249999999999997900 ) ) ;
#5757 = CARTESIAN_POINT ( 'NONE',  ( 0.07981990913790428000, 0.4936108211509038800, 0.2992032961956092600 ) ) ;
#5758 = VECTOR ( 'NONE', #2110, 39.37007874015748900 ) ;
#5759 = ORIENTED_EDGE ( 'NONE', *, *, #5589, .F. ) ;
#5760 = VERTEX_POINT ( 'NONE', #5803 ) ;
#5761 = CARTESIAN_POINT ( 'NONE',  ( 0.1493123332757616000, -0.1283784955783197600, 0.4186126979166296400 ) ) ;
#5762 = CARTESIAN_POINT ( 'NONE',  ( -0.4755282581475767700, 0.1545084971874737800, 0.08250000000000000400 ) ) ;
#5763 = CARTESIAN_POINT ( 'NONE',  ( 0.4714826336685799000, -0.1664452743478358800, -0.3687516666912323300 ) ) ;
#5764 = FACE_OUTER_BOUND ( 'NONE', #1210, .T. ) ;
#5765 = ORIENTED_EDGE ( 'NONE', *, *, #4297, .T. ) ;
#5766 = CARTESIAN_POINT ( 'NONE',  ( -0.4755282581475768200, -0.1545084971874735900, -0.05749999999999998200 ) ) ;
#5767 = CARTESIAN_POINT ( 'NONE',  ( -0.1674509465259921300, -0.1216602340058847700, -0.07750000000000001300 ) ) ;
#5768 = CIRCLE ( 'NONE', #4067, 0.1968503937007874100 ) ;
#5769 = CARTESIAN_POINT ( 'NONE',  ( 0.03779662597630979700, 0.4981505311451072700, 0.3194791701083326600 ) ) ;
#5770 = CARTESIAN_POINT ( 'NONE',  ( 0.4535127018922184300, -0.2144929584448401500, -0.3686713610367747800 ) ) ;
#5771 = CARTESIAN_POINT ( 'NONE',  ( 0.1624598481164530600, -0.5000000000000000000, -0.05749999999999996800 ) ) ;
#5773 = EDGE_CURVE ( 'NONE', #4664, #510, #5907, .T. ) ;
#5772 = CARTESIAN_POINT ( 'NONE',  ( 0.4755282581475767700, -0.1545084971874737800, -0.09249999999999997100 ) ) ;
#5774 = FACE_OUTER_BOUND ( 'NONE', #1931, .T. ) ;
#5775 = DIRECTION ( 'NONE',  ( -0.0000000000000000000, -0.0000000000000000000, -1.000000000000000000 ) ) ;
#5776 = AXIS2_PLACEMENT_3D ( 'NONE', #3989, #2178, #1201 ) ;
#5777 = CARTESIAN_POINT ( 'NONE',  ( 0.3414986187818943600, -0.2445070415551636500, 0.3213286389632252800 ) ) ;
#5778 = CARTESIAN_POINT ( 'NONE',  ( 0.1872158496644003300, 0.06083011700294239200, 0.04250000000000004500 ) ) ;
#5779 = DIRECTION ( 'NONE',  ( 0.5000000000000004400, 4.897910910668682000E-017, -0.8660254037844383700 ) ) ;
#5780 = DIRECTION ( 'NONE',  ( -0.8660254037844363800, 0.5000000000000038900, 0.0000000000000000000 ) ) ;
#5781 = CARTESIAN_POINT ( 'NONE',  ( 0.1872158496644003300, -0.06083011700294241300, -0.1174999999999999400 ) ) ;
#5782 = CARTESIAN_POINT ( 'NONE',  ( 0.4714841751993003600, -0.1664414892423174100, 0.3212483333087676800 ) ) ;
#5783 = CARTESIAN_POINT ( 'NONE',  ( 0.0000000000000000000, 0.5000000000000000000, -0.1374999999999999800 ) ) ;
#5784 = CARTESIAN_POINT ( 'NONE',  ( -0.5000000000000001100, 3.500472655261351000E-017, -0.1374999999999999600 ) ) ;
#5785 =( BOUNDED_CURVE ( )  B_SPLINE_CURVE ( 2, ( #1084, #1104, #1529, #627, #3864, #3846, #1972, #1993, #159, #4349, #4333, #3449, #2899 ),
 .UNSPECIFIED., .F., .T. ) 
 B_SPLINE_CURVE_WITH_KNOTS ( ( 3, 2, 2, 2, 2, 2, 3 ),
 ( 0.1250000000000000300, 0.1499999999999999900, 0.2000000000000000100, 0.2500000000000000000, 0.2999999999999999900, 0.3499999999999999800, 0.3750000000000000000 ),
 .UNSPECIFIED. ) 
 CURVE ( )  GEOMETRIC_REPRESENTATION_ITEM ( )  RATIONAL_B_SPLINE_CURVE ( ( 0.9755282581475768200, 0.9755282581475768200, 1.000000000000000000, 0.9510565162951535300, 1.000000000000000000, 0.9510565162951535300, 1.000000000000000000, 0.9510565162951535300, 1.000000000000000000, 0.9510565162951535300, 1.000000000000000000, 0.9755282581475768200, 0.9755282581475768200 ) ) 
 REPRESENTATION_ITEM ( '' )  );
#5786 = CARTESIAN_POINT ( 'NONE',  ( 0.3920127018922178700, -0.3210140831103258700, 0.3449999999999999200 ) ) ;
#5787 = DIRECTION ( 'NONE',  ( 0.8660254037844362700, -0.5000000000000041100, 0.0000000000000000000 ) ) ;
#5788 = VERTEX_POINT ( 'NONE', #241 ) ;
#5789 = EDGE_CURVE ( 'NONE', #3590, #4664, #4645, .T. ) ;
#5790 = ORIENTED_EDGE ( 'NONE', *, *, #1765, .T. ) ;
#5791 = ORIENTED_EDGE ( 'NONE', *, *, #712, .F. ) ;
#5792 = CARTESIAN_POINT ( 'NONE',  ( 0.1510058041286914700, -0.04492472354417829200, -0.2714584314724530800 ) ) ;
#5793 = ORIENTED_EDGE ( 'NONE', *, *, #5175, .T. ) ;
#5794 = CC_DESIGN_DATE_AND_TIME_ASSIGNMENT ( #5370, #3382, ( #925 ) ) ;
#5795 = CARTESIAN_POINT ( 'NONE',  ( 0.0000000000000000000, -0.5000000000000000000, -0.03749999999999999200 ) ) ;
#5796 = ORIENTED_EDGE ( 'NONE', *, *, #1939, .T. ) ;
#5797 = CARTESIAN_POINT ( 'NONE',  ( 0.3787443277707788800, -0.3133505796196129300, 0.3666611830256161800 ) ) ;
#5798 = CARTESIAN_POINT ( 'NONE',  ( -0.08200000000000008700, 0.4846770714133428200, 0.3449999999999999200 ) ) ;
#5799 = DIRECTION ( 'NONE',  ( -1.000000000000000000, 0.0000000000000000000, 0.0000000000000000000 ) ) ;
#5800 = EDGE_CURVE ( 'NONE', #1466, #3609, #4892, .T. ) ;
#5801 = DIRECTION ( 'NONE',  ( -0.0000000000000000000, -0.0000000000000000000, -1.000000000000000000 ) ) ;
#5802 = ORIENTED_EDGE ( 'NONE', *, *, #6031, .F. ) ;
#5803 = CARTESIAN_POINT ( 'NONE',  ( 0.0000000000000000000, 0.1968503937007874100, -0.1625000000000000300 ) ) ;
#5804 = ORIENTED_EDGE ( 'NONE', *, *, #998, .F. ) ;
#5805 = CARTESIAN_POINT ( 'NONE',  ( -0.5257311121191335900, 9.657523855033128400E-017, 0.06250000000000000000 ) ) ;
#5806 = DIRECTION ( 'NONE',  ( -1.758688375849877300E-016, 1.000000000000000000, 0.0000000000000000000 ) ) ;
#5807 = CARTESIAN_POINT ( 'NONE',  ( -0.1674509465259921300, -0.1216602340058847800, -0.07750000000000004100 ) ) ;
#5808 = CONICAL_SURFACE ( 'NONE', #3507, 0.04734272207354935800, 0.7853981633974500600 ) ;
#5809 = ORIENTED_EDGE ( 'NONE', *, *, #149, .T. ) ;
#5810 =( BOUNDED_CURVE ( )  B_SPLINE_CURVE ( 2, ( #1148, #1236, #4007, #3518, #1718, #3572, #2120, #3543, #3956, #716, #1181, #1665, #2652 ),
 .UNSPECIFIED., .F., .T. ) 
 B_SPLINE_CURVE_WITH_KNOTS ( ( 3, 2, 2, 2, 2, 2, 3 ),
 ( 0.1250000000000000000, 0.1499999999999999900, 0.2000000000000000100, 0.2500000000000000000, 0.2999999999999999900, 0.3499999999999999800, 0.3750000000000000000 ),
 .UNSPECIFIED. ) 
 CURVE ( )  GEOMETRIC_REPRESENTATION_ITEM ( )  RATIONAL_B_SPLINE_CURVE ( ( 0.9755282581475768200, 0.9755282581475768200, 1.000000000000000000, 0.9510565162951535300, 1.000000000000000000, 0.9510565162951535300, 1.000000000000000000, 0.9510565162951535300, 1.000000000000000000, 0.9510565162951535300, 1.000000000000000000, 0.9755282581475768200, 0.9755282581475768200 ) ) 
 REPRESENTATION_ITEM ( '' )  );
#5811 = ORIENTED_EDGE ( 'NONE', *, *, #4590, .T. ) ;
#5812 = CARTESIAN_POINT ( 'NONE',  ( 0.0000000000000000000, -0.5000000000000000000, -0.1499999999999999700 ) ) ;
#5813 = DIRECTION ( 'NONE',  ( 0.5000000000000043300, 0.8660254037844361500, 0.0000000000000000000 ) ) ;
#5814 = CARTESIAN_POINT ( 'NONE',  ( 0.0000000000000000000, -0.5000000000000000000, -0.1374999999999999800 ) ) ;
#5815 = CYLINDRICAL_SURFACE ( 'NONE', #574, 0.1968503937007874100 ) ;
#5816 = CIRCLE ( 'NONE', #3117, 0.5000000000000000000 ) ;
#5817 = EDGE_LOOP ( 'NONE', ( #3873, #1839 ) ) ;
#5818 =( BOUNDED_CURVE ( )  B_SPLINE_CURVE ( 2, ( #2658, #5858, #342, #2204, #3621, #5883, #5428 ),
 .UNSPECIFIED., .F., .T. ) 
 B_SPLINE_CURVE_WITH_KNOTS ( ( 3, 2, 2, 3 ),
 ( 0.6250000000000000000, 0.6500000000000000200, 0.6999999999999999600, 0.7500000000000000000 ),
 .UNSPECIFIED. ) 
 CURVE ( )  GEOMETRIC_REPRESENTATION_ITEM ( )  RATIONAL_B_SPLINE_CURVE ( ( 0.9755282581475768200, 0.9755282581475768200, 1.000000000000000000, 0.9510565162951535300, 1.000000000000000000, 0.9510565162951535300, 1.000000000000000000 ) ) 
 REPRESENTATION_ITEM ( '' )  );
#5819 = CARTESIAN_POINT ( 'NONE',  ( 0.5000000000000001100, -3.500472655261351000E-017, 0.1375000000000000100 ) ) ;
#5820 = CARTESIAN_POINT ( 'NONE',  ( -0.04784092033737922400, 0.4980417967142370400, 0.2644283913482285400 ) ) ;
#5821 = CARTESIAN_POINT ( 'NONE',  ( -0.08200000000000008700, 0.4846771733935500400, 0.3530001419868154000 ) ) ;
#5822 = FACE_OUTER_BOUND ( 'NONE', #4846, .T. ) ;
#5823 = VECTOR ( 'NONE', #5352, 39.37007874015748100 ) ;
#5824 = CARTESIAN_POINT ( 'NONE',  ( 0.0000000000000000000, -0.5000000000000000000, -0.06249999999999997900 ) ) ;
#5825 = ORIENTED_EDGE ( 'NONE', *, *, #4111, .F. ) ;
#5826 = ADVANCED_FACE ( 'NONE', ( #3613 ), #91, .T. ) ;
#5827 = CARTESIAN_POINT ( 'NONE',  ( 0.1624598481164531700, 0.5000000000000000000, 0.007500000000000022300 ) ) ;
#5828 = EDGE_CURVE ( 'NONE', #3901, #3153, #2798, .T. ) ;
#5829 = DIRECTION ( 'NONE',  ( 1.000000000000000000, 1.758688375849877300E-016, 0.0000000000000000000 ) ) ;
#5830 = CYLINDRICAL_SURFACE ( 'NONE', #768, 0.08200000000000008700 ) ;
#5831 = CARTESIAN_POINT ( 'NONE',  ( 0.1872158496644003300, -0.06083011700294241300, 0.007499999999999962400 ) ) ;
#5832 = ORIENTED_EDGE ( 'NONE', *, *, #1846, .T. ) ;
#5833 = CARTESIAN_POINT ( 'NONE',  ( 2.410722045565656100E-017, 0.1968503937007874100, 0.1374999999999999600 ) ) ;
#5834 = EDGE_LOOP ( 'NONE', ( #3374, #2785 ) ) ;
#5835 = VECTOR ( 'NONE', #5969, 39.37007874015748900 ) ;
#5836 = CARTESIAN_POINT ( 'NONE',  ( 0.4330127018922182400, -0.2500000000000020000, -0.2976572779264505800 ) ) ;
#5837 = CARTESIAN_POINT ( 'NONE',  ( 0.1872158496644003300, 0.06083011700294239200, 0.1425000000000000400 ) ) ;
#5838 = AXIS2_PLACEMENT_3D ( 'NONE', #5368, #5753, #5829 ) ;
#5839 = CARTESIAN_POINT ( 'NONE',  ( 0.4330127018922182400, -0.2500000000000020000, -0.3449999999999999200 ) ) ;
#5840 = FACE_OUTER_BOUND ( 'NONE', #498, .T. ) ;
#5841 = DIRECTION ( 'NONE',  ( 0.8660254037844362700, -0.5000000000000037700, 0.0000000000000000000 ) ) ;
#5842 = CARTESIAN_POINT ( 'NONE',  ( 0.4450694763681967700, -0.2291179873613165000, 0.4353244265593455600 ) ) ;
#5843 = CIRCLE ( 'NONE', #5010, 0.04734272207354935800 ) ;
#5844 = CARTESIAN_POINT ( 'NONE',  ( 0.4755282581475768200, 0.1545084971874735900, -0.05749999999999998200 ) ) ;
#5845 = CARTESIAN_POINT ( 'NONE',  ( 2.410722045565656100E-017, 0.1968503937007874100, 0.1374999999999999600 ) ) ;
#5846 = CARTESIAN_POINT ( 'NONE',  ( 0.04100000000000004300, 0.4963378712167216800, -0.3613471034702178700 ) ) ;
#5847 = CARTESIAN_POINT ( 'NONE',  ( 0.1403767839443734500, -0.07154781347403202400, -0.4267376297000612400 ) ) ;
#5848 = ADVANCED_FACE ( 'NONE', ( #4688 ), #3142, .F. ) ;
#5849 = CARTESIAN_POINT ( 'NONE',  ( 0.3834910119189791100, -0.3160940831103258300, -0.3449999999999999200 ) ) ;
#5850 = DIRECTION ( 'NONE',  ( 1.224646799147352000E-016, 1.000000000000000000, 0.0000000000000000000 ) ) ;
#5851 = CARTESIAN_POINT ( 'NONE',  ( 0.4377619390268856500, -0.2278163215146533600, 0.4270049947112145600 ) ) ;
#5852 = DIRECTION ( 'NONE',  ( -0.4330127018922228500, -0.7499999999999981100, -0.4999999999999998900 ) ) ;
#5853 = CARTESIAN_POINT ( 'NONE',  ( 0.4330127018922199100, -0.2499999999999990000, 0.02919130606358862400 ) ) ;
#5854 = EDGE_CURVE ( 'NONE', #3017, #1630, #2218, .T. ) ;
#5855 = CARTESIAN_POINT ( 'NONE',  ( 0.07099939051138089200, 0.1406051441157663600, -0.3863638574234814500 ) ) ;
#5856 = ORIENTED_EDGE ( 'NONE', *, *, #2986, .F. ) ;
#5857 = CARTESIAN_POINT ( 'NONE',  ( 0.4142357012979209800, -0.2711850462877263800, 0.3136702542441584500 ) ) ;
#5858 = CARTESIAN_POINT ( 'NONE',  ( -0.1968503937007873800, -0.03117803943396382100, 0.1400627140773423000 ) ) ;
#5859 = CARTESIAN_POINT ( 'NONE',  ( 0.1624598481164530900, -0.5000000000000000000, -0.007500000000000001500 ) ) ;
#5860 = CARTESIAN_POINT ( 'NONE',  ( 0.3798858992484877000, -0.3250949146821092200, 0.3450053225035648000 ) ) ;
#5861 = CARTESIAN_POINT ( 'NONE',  ( 2.410722045565656100E-017, 0.1968503937007874100, -0.01250000000000003700 ) ) ;
#5862 = ORIENTED_EDGE ( 'NONE', *, *, #2052, .T. ) ;
#5863 = CARTESIAN_POINT ( 'NONE',  ( -3.131222696365948300E-017, 0.4180000000000000400, -0.2976572779264506400 ) ) ;
#5864 = EDGE_CURVE ( 'NONE', #4707, #1036, #1650, .T. ) ;
#5865 = ORIENTED_EDGE ( 'NONE', *, *, #6034, .T. ) ;
#5866 = AXIS2_PLACEMENT_3D ( 'NONE', #4978, #1440, #472 ) ;
#5867 = CARTESIAN_POINT ( 'NONE',  ( 0.4330127018922182400, -0.2500000000000020500, 0.3449999999999999200 ) ) ;
#5868 = DIRECTION ( 'NONE',  ( 1.000000000000000000, 0.0000000000000000000, 0.0000000000000000000 ) ) ;
#5869 = ORIENTED_EDGE ( 'NONE', *, *, #1111, .F. ) ;
#5870 = CARTESIAN_POINT ( 'NONE',  ( -0.1157057583252900000, 0.1592553138533361100, -0.05250000000000000500 ) ) ;
#5871 = CARTESIAN_POINT ( 'NONE',  ( 2.410722045565656100E-017, 0.1968503937007874100, 0.06250000000000002800 ) ) ;
#5872 = CARTESIAN_POINT ( 'NONE',  ( 0.0000000000000000000, 0.0000000000000000000, 0.1899999999999999500 ) ) ;
#5873 = ORIENTED_EDGE ( 'NONE', *, *, #3027, .F. ) ;
#5874 = CARTESIAN_POINT ( 'NONE',  ( 0.4580082928958629200, -0.1799958233637425900, -0.3878197570353853500 ) ) ;
#5875 = CARTESIAN_POINT ( 'NONE',  ( 0.1968503937007873800, 5.907047605753529800E-017, 0.01249999999999996800 ) ) ;
#5876 = ORIENTED_EDGE ( 'NONE', *, *, #2584, .F. ) ;
#5877 = AXIS2_PLACEMENT_3D ( 'NONE', #4055, #5448, #1317 ) ;
#5878 = CARTESIAN_POINT ( 'NONE',  ( -0.5000000000000001100, 3.500472655261351000E-017, -0.1124999999999999800 ) ) ;
#5879 = EDGE_LOOP ( 'NONE', ( #1129, #4949, #4081, #5856 ) ) ;
#5880 = CARTESIAN_POINT ( 'NONE',  ( -2.410722045565656100E-017, -0.1968503937007874100, 0.1374999999999999600 ) ) ;
#5881 = CARTESIAN_POINT ( 'NONE',  ( 0.2566962325508997400, -0.2428890831103252500, 0.3449999999999999200 ) ) ;
#5882 = CONICAL_SURFACE ( 'NONE', #4841, 0.08200000000000005900, 0.7853981633974509400 ) ;
#5883 = CARTESIAN_POINT ( 'NONE',  ( -0.06396057012458789000, -0.1968503937007874100, 0.1575000000000000300 ) ) ;
#5884 = ORIENTED_EDGE ( 'NONE', *, *, #945, .T. ) ;
#5885 = CARTESIAN_POINT ( 'NONE',  ( -0.1624598481164530600, 0.5000000000000000000, 0.09249999999999999900 ) ) ;
#5886 = ORIENTED_EDGE ( 'NONE', *, *, #2718, .T. ) ;
#5887 = CARTESIAN_POINT ( 'NONE',  ( 0.3830018333570317500, -0.3214268731931362300, 0.3740722976002826000 ) ) ;
#5888 = CARTESIAN_POINT ( 'NONE',  ( -0.09159750529064449000, 0.4915382966001025600, 0.3449999999999998600 ) ) ;
#5889 = AXIS2_PLACEMENT_3D ( 'NONE', #67, #1075, #5195 ) ;
#5890 = CARTESIAN_POINT ( 'NONE',  ( 0.4607426564757993700, -0.1713244525963499300, 0.3450000000000000300 ) ) ;
#5891 = VECTOR ( 'NONE', #4625, 39.37007874015748900 ) ;
#5892 = LINE ( 'NONE', #1772, #976 ) ;
#5893 = ORIENTED_EDGE ( 'NONE', *, *, #2540, .T. ) ;
#5894 = DIRECTION ( 'NONE',  ( -9.016195738532124400E-017, -1.561650911012346900E-016, -1.000000000000000000 ) ) ;
#5895 = CARTESIAN_POINT ( 'NONE',  ( -0.2069807528028085300, 1.267391582025345100E-017, -0.1374999999999999600 ) ) ;
#5896 = CARTESIAN_POINT ( 'NONE',  ( 0.1872158496644003300, -0.06083011700294241300, 0.1325000000000000300 ) ) ;
#5897 = CARTESIAN_POINT ( 'NONE',  ( 0.1968503937007873800, -0.03117803943396386900, 0.08493728592265774300 ) ) ;
#5898 = CONICAL_SURFACE ( 'NONE', #884, 0.04734272207354935800, 0.7853981633974500600 ) ;
#5899 = VERTEX_POINT ( 'NONE', #2610 ) ;
#5900 = ORIENTED_EDGE ( 'NONE', *, *, #1168, .T. ) ;
#5901 = CARTESIAN_POINT ( 'NONE',  ( -0.1157057583252899800, 0.1592553138533361100, -0.07749999999999995800 ) ) ;
#5902 = CARTESIAN_POINT ( 'NONE',  ( 1.763966371287633000E-016, 0.4180000000000000400, -0.3923427220735491400 ) ) ;
#5903 = DIRECTION ( 'NONE',  ( -9.795821821337355400E-017, 1.000000000000000000, 0.0000000000000000000 ) ) ;
#5904 = ORIENTED_EDGE ( 'NONE', *, *, #1883, .T. ) ;
#5905 = EDGE_CURVE ( 'NONE', #2628, #5173, #3334, .T. ) ;
#5906 = CARTESIAN_POINT ( 'NONE',  ( -0.08168173026801456300, 0.4935338083321472200, -0.3921638342466148300 ) ) ;
#5907 = CIRCLE ( 'NONE', #640, 0.04734272207354935800 ) ;
#5908 = CARTESIAN_POINT ( 'NONE',  ( -0.4755282581475767700, 0.1545084971874737300, -0.04249999999999997500 ) ) ;
#5909 = VECTOR ( 'NONE', #1828, 39.37007874015747400 ) ;
#5910 = DIRECTION ( 'NONE',  ( 0.0000000000000000000, 0.0000000000000000000, -1.000000000000000000 ) ) ;
#5911 = CARTESIAN_POINT ( 'NONE',  ( 0.1464395597143407800, -0.05813087707097448800, -0.2660999558355448000 ) ) ;
#5912 = AXIS2_PLACEMENT_3D ( 'NONE', #2753, #396, #3227 ) ;
#5913 = EDGE_CURVE ( 'NONE', #3310, #5281, #4113, .T. ) ;
#5914 = VECTOR ( 'NONE', #5980, 39.37007874015748100 ) ;
#5915 = ADVANCED_FACE ( 'NONE', ( #5466 ), #5494, .T. ) ;
#5916 = PLANE ( 'NONE',  #4421 ) ;
#5917 =( BOUNDED_SURFACE ( )  B_SPLINE_SURFACE ( 1, 2, ( 
 ( #1778, #4129, #1732, #4109, #5481, #5895, #1352, #5015, #3150, #5399, #858, #329, #876, #1754, #4047, #3611, #4974, #2644, #311, #2688, #2739, #4928, #5870, #813, #4524, #2233, #5464, #3585, #355, #4065, #4501 ),
 ( #1288, #3176, #2252, #4563, #4954, #2189, #2711, #3626, #5417, #5951, #3665, #836, #4085, #1306, #4548, #5103, #502, #4623, #5972, #2771, #5586, #1432, #5058, #6033, #4581, #2328, #3259, #5567, #2276, #1861, #3315 ) ),
 .UNSPECIFIED., .F., .F., .T. ) 
 B_SPLINE_SURFACE_WITH_KNOTS ( ( 2, 2 ),
 ( 3, 2, 2, 2, 2, 2, 2, 2, 2, 2, 2, 2, 2, 2, 2, 3 ),
 ( 0.0000000000000000000, 1.000000000000000000 ),
 ( 0.0000000000000000000, 0.05000000000000000300, 0.1000000000000000100, 0.1499999999999999900, 0.2000000000000000100, 0.2500000000000000000, 0.2999999999999999900, 0.3499999999999999800, 0.4000000000000000200, 0.4500000000000000100, 0.5000000000000000000, 0.5500000000000000400, 0.5999999999999999800, 0.6500000000000000200, 0.6999999999999999600, 0.7500000000000000000 ),
 .UNSPECIFIED. ) 
 GEOMETRIC_REPRESENTATION_ITEM ( )  RATIONAL_B_SPLINE_SURFACE ( (
 ( 1.000000000000000000, 0.9510565162951535300, 1.000000000000000000, 0.9510565162951535300, 1.000000000000000000, 0.9510565162951535300, 1.000000000000000000, 0.9510565162951535300, 1.000000000000000000, 0.9510565162951535300, 1.000000000000000000, 0.9510565162951535300, 1.000000000000000000, 0.9510565162951535300, 1.000000000000000000, 0.9510565162951535300, 1.000000000000000000, 0.9510565162951535300, 1.000000000000000000, 0.9510565162951535300, 1.000000000000000000, 0.9510565162951535300, 1.000000000000000000, 0.9510565162951535300, 1.000000000000000000, 0.9510565162951535300, 1.000000000000000000, 0.9510565162951535300, 1.000000000000000000, 0.9510565162951535300, 1.000000000000000000),
 ( 1.000000000000000000, 0.9510565162951535300, 1.000000000000000000, 0.9510565162951535300, 1.000000000000000000, 0.9510565162951535300, 1.000000000000000000, 0.9510565162951535300, 1.000000000000000000, 0.9510565162951535300, 1.000000000000000000, 0.9510565162951535300, 1.000000000000000000, 0.9510565162951535300, 1.000000000000000000, 0.9510565162951535300, 1.000000000000000000, 0.9510565162951535300, 1.000000000000000000, 0.9510565162951535300, 1.000000000000000000, 0.9510565162951535300, 1.000000000000000000, 0.9510565162951535300, 1.000000000000000000, 0.9510565162951535300, 1.000000000000000000, 0.9510565162951535300, 1.000000000000000000, 0.9510565162951535300, 1.000000000000000000) ) ) 
 REPRESENTATION_ITEM ( '' )  SURFACE ( )  );
#5918 = CARTESIAN_POINT ( 'NONE',  ( 0.06396057012458784800, -0.1968503937007874100, 0.09249999999999997100 ) ) ;
#5919 = CARTESIAN_POINT ( 'NONE',  ( -0.1157057583252900000, 0.1592553138533361100, -0.05250000000000004000 ) ) ;
#5920 = AXIS2_PLACEMENT_3D ( 'NONE', #5506, #902, #1370 ) ;
#5921 = DIRECTION ( 'NONE',  ( -0.2500000000000021100, -0.4330127018922185200, -0.8660254037844384900 ) ) ;
#5922 = CARTESIAN_POINT ( 'NONE',  ( 0.2976962325509001100, -0.1718750000000014200, -0.3449999999999999200 ) ) ;
#5923 = CARTESIAN_POINT ( 'NONE',  ( 0.5000000000000000000, 6.123233995736766000E-017, 0.1899999999999999500 ) ) ;
#5924 = CARTESIAN_POINT ( 'NONE',  ( -0.2938926261462366200, -0.4045084971874736100, -0.09749999999999998900 ) ) ;
#5925 = DIRECTION ( 'NONE',  ( -1.000000000000000000, 0.0000000000000000000, 0.0000000000000000000 ) ) ;
#5926 = CARTESIAN_POINT ( 'NONE',  ( -0.04099999999999999500, 0.4936572779264506400, -0.3449999999999999200 ) ) ;
#5927 = CARTESIAN_POINT ( 'NONE',  ( 0.08199739835577164700, 0.4846774991985604000, 0.3666611830256160100 ) ) ;
#5928 = ORIENTED_EDGE ( 'NONE', *, *, #3295, .F. ) ;
#5929 = CARTESIAN_POINT ( 'NONE',  ( 0.5000000000000001100, -9.626299801968714300E-017, -0.08749999999999996700 ) ) ;
#5930 = CARTESIAN_POINT ( 'NONE',  ( 0.4607433245549154600, -0.1713227456838333500, -0.3234359998361369100 ) ) ;
#5931 = CARTESIAN_POINT ( 'NONE',  ( 0.08912348282476967300, -0.1298643525731589300, -0.2987784503039711000 ) ) ;
#5932 = EDGE_LOOP ( 'NONE', ( #289, #223, #5571, #2965 ) ) ;
#5933 = VERTEX_POINT ( 'NONE', #5030 ) ;
#5934 = CARTESIAN_POINT ( 'NONE',  ( 0.1872158496644003300, 0.06083011700294239200, -0.1074999999999999400 ) ) ;
#5935 = CARTESIAN_POINT ( 'NONE',  ( 0.3619986187818944300, -0.2090000000000018500, 0.3923427220735491400 ) ) ;
#5936 = EDGE_CURVE ( 'NONE', #2240, #4068, #5323, .T. ) ;
#5937 = CARTESIAN_POINT ( 'NONE',  ( -0.08167261133679093500, 0.4935358578914341700, -0.2978168095221691000 ) ) ;
#5938 = CARTESIAN_POINT ( 'NONE',  ( -0.1674509465259920700, 0.1216602340058848100, -0.04750000000000004200 ) ) ;
#5939 = EDGE_LOOP ( 'NONE', ( #4107, #5949, #501, #3213 ) ) ;
#5940 = CARTESIAN_POINT ( 'NONE',  ( -0.06512848633367071500, 0.1857912634655619900, 0.2948925738231230100 ) ) ;
#5941 = ORIENTED_EDGE ( 'NONE', *, *, #1813, .F. ) ;
#5942 = CARTESIAN_POINT ( 'NONE',  ( -0.5000000000000000000, 0.0000000000000000000, 0.1899999999999999500 ) ) ;
#5943 = DIRECTION ( 'NONE',  ( 0.8660254037844363800, -0.5000000000000041100, 0.0000000000000000000 ) ) ;
#5944 = CARTESIAN_POINT ( 'NONE',  ( 0.4330127018922182400, -0.2500000000000020500, 0.3449999999999999200 ) ) ;
#5945 = AXIS2_PLACEMENT_3D ( 'NONE', #624, #4309, #3885 ) ;
#5946 = ADVANCED_FACE ( 'NONE', ( #997, #4542 ), #4655, .T. ) ;
#5947 = VERTEX_POINT ( 'NONE', #2290 ) ;
#5948 = AXIS2_PLACEMENT_3D ( 'NONE', #1028, #3871, #3814 ) ;
#5949 = ORIENTED_EDGE ( 'NONE', *, *, #3945, .F. ) ;
#5950 = DIRECTION ( 'NONE',  ( -0.8660254037844363800, 0.5000000000000038900, -0.0000000000000000000 ) ) ;
#5951 = CARTESIAN_POINT ( 'NONE',  ( -0.1624598481164531400, -0.5000000000000000000, -0.1174999999999999800 ) ) ;
#5952 = LINE ( 'NONE', #4060, #4863 ) ;
#5953 = CARTESIAN_POINT ( 'NONE',  ( 0.1356341224316139600, -0.08017523257033346000, -0.2628656611820826000 ) ) ;
#5954 = ORIENTED_EDGE ( 'NONE', *, *, #2718, .F. ) ;
#5955 = ORIENTED_EDGE ( 'NONE', *, *, #911, .T. ) ;
#5956 = CARTESIAN_POINT ( 'NONE',  ( 0.0000000000000000000, 0.1968503937007874100, 0.1125000000000000300 ) ) ;
#5957 = AXIS2_PLACEMENT_3D ( 'NONE', #4883, #1269, #3610 ) ;
#5958 = CARTESIAN_POINT ( 'NONE',  ( -0.02415474889994218000, 0.4936661638322289400, 0.3783969712939596600 ) ) ;
#5959 = CARTESIAN_POINT ( 'NONE',  ( -0.08200000000000008700, 0.4846770714133428200, -0.3449999999999999200 ) ) ;
#5960 = ORIENTED_EDGE ( 'NONE', *, *, #3341, .T. ) ;
#5961 = CARTESIAN_POINT ( 'NONE',  ( 0.06396057012458782100, -0.1968503937007874700, 0.04249999999999996800 ) ) ;
#5962 = CARTESIAN_POINT ( 'NONE',  ( 0.0000000000000000000, 0.0000000000000000000, 0.4999999999999999400 ) ) ;
#5963 = FACE_BOUND ( 'NONE', #5303, .T. ) ;
#5964 = CARTESIAN_POINT ( 'NONE',  ( 0.1574803149606299200, 0.0000000000000000000, -0.4999999999999999400 ) ) ;
#5965 = CARTESIAN_POINT ( 'NONE',  ( 0.08200000014553582300, 0.4846770712601789500, -0.3449999999989081800 ) ) ;
#5966 = LINE ( 'NONE', #1046, #4881 ) ;
#5967 = ORIENTED_EDGE ( 'NONE', *, *, #638, .F. ) ;
#5968 = AXIS2_PLACEMENT_3D ( 'NONE', #1885, #3297, #2846 ) ;
#5969 = DIRECTION ( 'NONE',  ( 0.8660254037844362700, -0.5000000000000038900, 0.0000000000000000000 ) ) ;
#5970 = VERTEX_POINT ( 'NONE', #1395 ) ;
#5971 = CARTESIAN_POINT ( 'NONE',  ( 0.4755282581475768200, 0.1545084971874735900, -0.05749999999999998200 ) ) ;
#5972 = CARTESIAN_POINT ( 'NONE',  ( 0.2938926261462366800, 0.4045084971874736100, -0.07249999999999998100 ) ) ;
#5973 = CARTESIAN_POINT ( 'NONE',  ( 0.4467103304422423400, -0.2084545938573848800, -0.2718495292820867200 ) ) ;
#5974 = CARTESIAN_POINT ( 'NONE',  ( -0.1157057583252900100, -0.1592553138533361100, -0.1225000000000000400 ) ) ;
#5975 = CARTESIAN_POINT ( 'NONE',  ( 0.4125127018922181100, -0.2855070415551639900, -0.3213286389632253900 ) ) ;
#5976 = EDGE_CURVE ( 'NONE', #3961, #5281, #1354, .T. ) ;
#5977 = FACE_BOUND ( 'NONE', #1938, .T. ) ;
#5978 = ADVANCED_FACE ( 'NONE', ( #2585 ), #1930, .F. ) ;
#5979 = CARTESIAN_POINT ( 'NONE',  ( 0.3787409853738202300, -0.3133546577969923400, -0.3233484815112823200 ) ) ;
#5980 = DIRECTION ( 'NONE',  ( 0.0000000000000000000, 0.0000000000000000000, -1.000000000000000000 ) ) ;
#5981 = CARTESIAN_POINT ( 'NONE',  ( 0.4740127018922186700, -0.1789859168896782100, 0.3449999999999999200 ) ) ;
#5982 = DIRECTION ( 'NONE',  ( 0.4330127018922230200, 0.7499999999999984500, -0.4999999999999991700 ) ) ;
#5983 = LINE ( 'NONE', #3196, #1073 ) ;
#5984 = EDGE_CURVE ( 'NONE', #1215, #194, #5188, .T. ) ;
#5985 = CARTESIAN_POINT ( 'NONE',  ( 0.3848743298577052000, -0.3066689619663401400, -0.3021806233536250600 ) ) ;
#5986 = CARTESIAN_POINT ( 'NONE',  ( -0.06396057012458789000, -0.1968503937007874400, 0.03249999999999996600 ) ) ;
#5987 = CARTESIAN_POINT ( 'NONE',  ( 0.4125127018922181100, -0.2855070415551639900, 0.3213286389632253900 ) ) ;
#5988 = CARTESIAN_POINT ( 'NONE',  ( 0.1571029062016833200, -0.01133994993152778200, -0.3899782379960276500 ) ) ;
#5989 = FACE_OUTER_BOUND ( 'NONE', #1901, .T. ) ;
#5990 = EDGE_CURVE ( 'NONE', #5947, #5020, #6037, .T. ) ;
#5991 = CARTESIAN_POINT ( 'NONE',  ( -0.4799999999999999300, 0.0000000000000000000, 0.4999999999999999400 ) ) ;
#5992 = CARTESIAN_POINT ( 'NONE',  ( -0.1624598481164530900, 0.5000000000000000000, -0.1324999999999999500 ) ) ;
#5993 = CARTESIAN_POINT ( 'NONE',  ( -0.1674509465259921300, -0.1216602340058847800, 0.09750000000000004500 ) ) ;
#5994 = AXIS2_PLACEMENT_3D ( 'NONE', #4137, #1889, #5090 ) ;
#5995 = CARTESIAN_POINT ( 'NONE',  ( 6.123233995736766000E-017, 0.5000000000000000000, -0.1124999999999999800 ) ) ;
#5996 =( BOUNDED_CURVE ( )  B_SPLINE_CURVE ( 2, ( #196, #3938, #5333, #1169, #1632, #4852, #2089 ),
 .UNSPECIFIED., .F., .F. ) 
 B_SPLINE_CURVE_WITH_KNOTS ( ( 3, 2, 2, 3 ),
 ( 0.0000000000000000000, 0.05000000000000000300, 0.1000000000000000100, 0.1250000000000000000 ),
 .UNSPECIFIED. ) 
 CURVE ( )  GEOMETRIC_REPRESENTATION_ITEM ( )  RATIONAL_B_SPLINE_CURVE ( ( 1.000000000000000000, 0.9510565162951535300, 1.000000000000000000, 0.9510565162951535300, 1.000000000000000000, 0.9755282581475768200, 0.9755282581475768200 ) ) 
 REPRESENTATION_ITEM ( '' )  );
#5997 = EDGE_CURVE ( 'NONE', #2725, #3532, #2729, .T. ) ;
#5998 = DIRECTION ( 'NONE',  ( 1.758688375849877300E-016, -1.000000000000000000, 0.0000000000000000000 ) ) ;
#5999 = CARTESIAN_POINT ( 'NONE',  ( 0.08200000000000007300, 0.1789583121851426900, 0.3449999999999999200 ) ) ;
#6000 = CARTESIAN_POINT ( 'NONE',  ( 0.0000000000000000000, 0.0000000000000000000, -0.4799999999999998700 ) ) ;
#6001 = ORIENTED_EDGE ( 'NONE', *, *, #2161, .T. ) ;
#6002 = CARTESIAN_POINT ( 'NONE',  ( -0.02145353943172173200, 0.1957503774860873700, 0.2656710722219850500 ) ) ;
#6003 = CARTESIAN_POINT ( 'NONE',  ( 0.1157057583252900100, 0.1592553138533361100, 0.1274999999999999700 ) ) ;
#6004 = DIRECTION ( 'NONE',  ( -9.795821821337355400E-017, 1.000000000000000000, -0.0000000000000000000 ) ) ;
#6005 = CARTESIAN_POINT ( 'NONE',  ( -0.1157057583252900100, -0.1592553138533361100, -0.09749999999999994800 ) ) ;
#6006 = ORIENTED_EDGE ( 'NONE', *, *, #4371, .T. ) ;
#6007 = ADVANCED_FACE ( 'NONE', ( #5009 ), #1155, .T. ) ;
#6008 = CARTESIAN_POINT ( 'NONE',  ( -0.04784092033737922400, 0.4980417967142370400, 0.2644283913482285400 ) ) ;
#6009 = CARTESIAN_POINT ( 'NONE',  ( -0.1157057583252900100, -0.1592553138533361100, 0.1274999999999999700 ) ) ;
#6010 = ORIENTED_EDGE ( 'NONE', *, *, #4478, .F. ) ;
#6011 = CARTESIAN_POINT ( 'NONE',  ( 0.4607425681957823500, -0.1713244016278583900, 0.3370032488532829200 ) ) ;
#6012 = DIRECTION ( 'NONE',  ( 0.0000000000000000000, 0.0000000000000000000, 1.000000000000000000 ) ) ;
#6013 = VERTEX_POINT ( 'NONE', #999 ) ;
#6014 = B_SPLINE_CURVE_WITH_KNOTS ( 'NONE', 3,
 ( #3745, #4701, #1940, #3309, #3347, #2417, #5164, #4289 ),
 .UNSPECIFIED., .F., .F.,
 ( 4, 2, 2, 4 ),
 ( 2.544393206677595500E-007, 0.0003107880854811375200, 0.0006213217316416072000, 0.001242389023962550900 ),
 .UNSPECIFIED. ) ;
#6015 = VERTEX_POINT ( 'NONE', #4243 ) ;
#6016 = CARTESIAN_POINT ( 'NONE',  ( 0.01341713530231307400, 0.4936397845024505500, -0.3054036646049947400 ) ) ;
#6017 = EDGE_CURVE ( 'NONE', #2100, #5225, #889, .T. ) ;
#6018 = EDGE_LOOP ( 'NONE', ( #3649, #4859 ) ) ;
#6019 = CARTESIAN_POINT ( 'NONE',  ( 0.01091543904045326600, 0.1966193531668527800, 0.4264496278107501900 ) ) ;
#6020 = CARTESIAN_POINT ( 'NONE',  ( 0.07216000000000007100, 0.5000000000000000000, 0.3449999999999999200 ) ) ;
#6021 = CARTESIAN_POINT ( 'NONE',  ( 0.01194664842090185900, 0.5000011725449465800, 0.4353137000128369200 ) ) ;
#6022 = CARTESIAN_POINT ( 'NONE',  ( 0.08200000000000007300, 0.3437500000000000600, 0.3449999999999999200 ) ) ;
#6023 = ORIENTED_EDGE ( 'NONE', *, *, #1308, .T. ) ;
#6024 = VERTEX_POINT ( 'NONE', #557 ) ;
#6025 = CARTESIAN_POINT ( 'NONE',  ( 0.4714834044339402100, -0.1664433817950764500, 0.3450000000000000300 ) ) ;
#6026 = DIRECTION ( 'NONE',  ( -0.5000000000000035500, -0.8660254037844366000, 0.0000000000000000000 ) ) ;
#6027 = VECTOR ( 'NONE', #5299, 39.37007874015748100 ) ;
#6028 = ORIENTED_EDGE ( 'NONE', *, *, #4225, .T. ) ;
#6029 = CARTESIAN_POINT ( 'NONE',  ( 0.08169323292007198100, 0.4935372289600981600, 0.3921886146924558600 ) ) ;
#6030 = EDGE_LOOP ( 'NONE', ( #2854, #2995 ) ) ;
#6031 = EDGE_CURVE ( 'NONE', #891, #5001, #3974, .T. ) ;
#6032 = DIRECTION ( 'NONE',  ( -1.000000000000000000, 0.0000000000000000000, 0.0000000000000000000 ) ) ;
#6033 = CARTESIAN_POINT ( 'NONE',  ( -0.4253254041760198800, 0.3090169943749474500, -0.04749999999999996600 ) ) ;
#6034 = EDGE_CURVE ( 'NONE', #5583, #1427, #4183, .T. ) ;
#6035 = CARTESIAN_POINT ( 'NONE',  ( 0.4740127018922186700, -0.1789859168896781900, -0.3450000000000004700 ) ) ;
#6036 = VECTOR ( 'NONE', #4236, 39.37007874015748100 ) ;
#6037 = B_SPLINE_CURVE_WITH_KNOTS ( 'NONE', 3,
 ( #425, #3697, #3739, #912, #2728, #4157, #1376, #5940, #5067, #2784, #2318, #393, #6002, #2765, #866, #5051, #5559, #4121, #1342, #4574, #3269, #1807, #2264, #3222, #933, #3678, #1872, #1826, #29, #71 ),
 .UNSPECIFIED., .F., .F.,
 ( 4, 2, 2, 2, 2, 2, 2, 2, 2, 2, 2, 2, 2, 2, 4 ),
 ( 1.788112030672749000E-018, 0.0004117110579921369600, 0.0008234221159842720800, 0.001235133173976407300, 0.001646844231968542400, 0.002470266347952810700, 0.002881977405944945200, 0.003293688463937078800, 0.003705399521929213200, 0.004117110579921347300, 0.004528821637913481300, 0.004940532695905614500, 0.005352243753897749400, 0.005763954811889882500, 0.006587376927874151500 ),
 .UNSPECIFIED. ) ;
ENDSEC;
END-ISO-10303-21;
