ISO-10303-21;
HEADER;
FILE_DESCRIPTION (( 'STEP AP203' ),
    '1' );
FILE_NAME ('7804K106_Stainless Steel Ball Bearing.STEP',
    '2021-07-09T12:13:34',
    ( 'Administrator' ),
    ( 'Managed by Terraform' ),
    'SwSTEP 2.0',
    'SolidWorks 2017',
    '' );
FILE_SCHEMA (( 'CONFIG_CONTROL_DESIGN' ));
ENDSEC;

DATA;
#1 = AXIS2_PLACEMENT_3D ( 'NONE', #613, #232, #1616 ) ;
#2 = SPHERICAL_SURFACE ( 'NONE', #208, 0.9271894486024351300 ) ;
#3 = CIRCLE ( 'NONE', #361, 4.013736263736264600 ) ;
#4 = ORIENTED_EDGE ( 'NONE', *, *, #1384, .F. ) ;
#5 = ADVANCED_BREP_SHAPE_REPRESENTATION ( '7804K106_Stainless Steel Ball Bearing', ( #283, #1188, #1251, #645, #224, #925, #1417, #187, #519, #140, #552, #163, #1166, #306, #1131, #1519, #818 ), #799 ) ;
#6 = FACE_OUTER_BOUND ( 'NONE', #1264, .T. ) ;
#7 = FACE_OUTER_BOUND ( 'NONE', #1630, .T. ) ;
#8 = EDGE_LOOP ( 'NONE', ( #914, #200, #353, #1101 ) ) ;
#9 = AXIS2_PLACEMENT_3D ( 'NONE', #423, #313, #1304 ) ;
#10 = ORIENTED_EDGE ( 'NONE', *, *, #91, .F. ) ;
#11 = ORIENTED_EDGE ( 'NONE', *, *, #369, .F. ) ;
#12 = CARTESIAN_POINT ( 'NONE',  ( 0.0000000000000000000, 0.0000000000000000000, -0.8888888888888887300 ) ) ;
#13 = EDGE_LOOP ( 'NONE', ( #1092, #383 ) ) ;
#14 = EDGE_CURVE ( 'NONE', #1025, #1327, #1276, .T. ) ;
#15 = AXIS2_PLACEMENT_3D ( 'NONE', #211, #1618, #839 ) ;
#16 = DIRECTION ( 'NONE',  ( -1.000000000000000000, 0.0000000000000000000, 0.0000000000000000000 ) ) ;
#17 = DATE_AND_TIME ( #1221, #282 ) ;
#18 = CIRCLE ( 'NONE', #132, 3.486263736263736300 ) ;
#19 = DATE_TIME_ROLE ( 'classification_date' ) ;
#20 = CIRCLE ( 'NONE', #953, 0.9271894486024351300 ) ;
#21 = CIRCLE ( 'NONE', #225, 0.9271894486024335700 ) ;
#22 = CIRCLE ( 'NONE', #466, 0.9271894486024349100 ) ;
#23 = CARTESIAN_POINT ( 'NONE',  ( -3.750000000000000000, 3.927916506198524700E-014, -1.530808498934192100E-016 ) ) ;
#24 = EDGE_CURVE ( 'NONE', #701, #1565, #273, .T. ) ;
#25 = CARTESIAN_POINT ( 'NONE',  ( 1.874999999999981100, -3.247595264191655700, -0.9271894486024352400 ) ) ;
#26 = VERTEX_POINT ( 'NONE', #1399 ) ;
#27 =( NAMED_UNIT ( * ) PLANE_ANGLE_UNIT ( ) SI_UNIT ( $, .RADIAN. ) );
#28 = AXIS2_PLACEMENT_3D ( 'NONE', #736, #867, #77 ) ;
#29 = CLOSED_SHELL ( 'NONE', ( #339, #1567 ) ) ;
#30 = DIRECTION ( 'NONE',  ( -0.0000000000000000000, -0.0000000000000000000, 1.000000000000000000 ) ) ;
#31 = CARTESIAN_POINT ( 'NONE',  ( 0.0000000000000000000, 0.0000000000000000000, 0.9271894486024350200 ) ) ;
#32 = VERTEX_POINT ( 'NONE', #506 ) ;
#33 = ORIENTED_EDGE ( 'NONE', *, *, #1628, .T. ) ;
#34 = DIRECTION ( 'NONE',  ( -0.0000000000000000000, -0.0000000000000000000, 1.000000000000000000 ) ) ;
#35 = AXIS2_PLACEMENT_3D ( 'NONE', #1356, #1082, #1328 ) ;
#36 = CIRCLE ( 'NONE', #601, 4.013736263736264600 ) ;
#37 = CARTESIAN_POINT ( 'NONE',  ( 0.0000000000000000000, 0.0000000000000000000, 2.000000000000001800 ) ) ;
#38 = CIRCLE ( 'NONE', #35, 0.9271894486024351300 ) ;
#39 = EDGE_LOOP ( 'NONE', ( #628, #1611 ) ) ;
#40 = CIRCLE ( 'NONE', #851, 4.013736263736263700 ) ;
#41 = DIRECTION ( 'NONE',  ( -0.0000000000000000000, -0.0000000000000000000, 1.000000000000000000 ) ) ;
#42 = ORIENTED_EDGE ( 'NONE', *, *, #582, .F. ) ;
#43 = CARTESIAN_POINT ( 'NONE',  ( 0.0000000000000000000, 0.0000000000000000000, 1.800000000000003400 ) ) ;
#44 = EDGE_CURVE ( 'NONE', #728, #347, #1553, .T. ) ;
#45 = EDGE_LOOP ( 'NONE', ( #1050, #730 ) ) ;
#46 = ORIENTED_EDGE ( 'NONE', *, *, #1639, .F. ) ;
#47 = DIRECTION ( 'NONE',  ( -0.0000000000000000000, -0.0000000000000000000, 1.000000000000000000 ) ) ;
#48 = AXIS2_PLACEMENT_3D ( 'NONE', #1187, #57, #51 ) ;
#49 = ADVANCED_FACE ( 'NONE', ( #653 ), #1638, .T. ) ;
#50 = DIRECTION ( 'NONE',  ( -0.8660254037844379300, 0.5000000000000012200, 0.0000000000000000000 ) ) ;
#51 = DIRECTION ( 'NONE',  ( -1.224646799147353200E-016, -1.000000000000000000, 0.0000000000000000000 ) ) ;
#52 = EDGE_LOOP ( 'NONE', ( #1169, #381 ) ) ;
#53 = DIRECTION ( 'NONE',  ( -0.0000000000000000000, -0.0000000000000000000, 1.000000000000000000 ) ) ;
#54 = CARTESIAN_POINT ( 'NONE',  ( 2.700000000000000600, 0.0000000000000000000, 2.000000000000001800 ) ) ;
#55 = EDGE_LOOP ( 'NONE', ( #398, #1041 ) ) ;
#56 = DIRECTION ( 'NONE',  ( 1.000000000000000000, 0.0000000000000000000, 0.0000000000000000000 ) ) ;
#57 = DIRECTION ( 'NONE',  ( -1.000000000000000000, 1.224646799147353200E-016, 0.0000000000000000000 ) ) ;
#58 = EDGE_CURVE ( 'NONE', #252, #1058, #1136, .T. ) ;
#59 = ADVANCED_FACE ( 'NONE', ( #121 ), #390, .T. ) ;
#60 = DIRECTION ( 'NONE',  ( -6.982962677686269900E-015, -1.000000000000000000, 0.0000000000000000000 ) ) ;
#61 = COORDINATED_UNIVERSAL_TIME_OFFSET ( 6, 0, .BEHIND. ) ;
#62 = DIRECTION ( 'NONE',  ( 0.0000000000000000000, -1.000000000000000000, 0.0000000000000000000 ) ) ;
#63 = AXIS2_PLACEMENT_3D ( 'NONE', #304, #417, #943 ) ;
#64 = DATE_TIME_ROLE ( 'creation_date' ) ;
#65 = LINE ( 'NONE', #1548, #385 ) ;
#66 = DIRECTION ( 'NONE',  ( -0.0000000000000000000, -0.0000000000000000000, 1.000000000000000000 ) ) ;
#67 = CIRCLE ( 'NONE', #155, 2.700000000000000600 ) ;
#68 = DIRECTION ( 'NONE',  ( 1.000000000000000000, 0.0000000000000000000, 0.0000000000000000000 ) ) ;
#69 = LINE ( 'NONE', #1070, #152 ) ;
#70 = LINE ( 'NONE', #1322, #1578 ) ;
#71 = CARTESIAN_POINT ( 'NONE',  ( -2.618611004132350000E-014, -3.750000000000000000, -1.530808498934192100E-016 ) ) ;
#72 = ORIENTED_EDGE ( 'NONE', *, *, #657, .F. ) ;
#73 = DIRECTION ( 'NONE',  ( -1.000000000000000000, 0.0000000000000000000, 0.0000000000000000000 ) ) ;
#74 = DIRECTION ( 'NONE',  ( -0.0000000000000000000, -0.0000000000000000000, 1.000000000000000000 ) ) ;
#75 = ORIENTED_EDGE ( 'NONE', *, *, #1106, .F. ) ;
#76 = ADVANCED_FACE ( 'NONE', ( #533 ), #310, .T. ) ;
#77 = DIRECTION ( 'NONE',  ( 1.000000000000000000, 0.0000000000000000000, 0.0000000000000000000 ) ) ;
#78 = CARTESIAN_POINT ( 'NONE',  ( 4.999999999999999100, 6.123233995736765300E-016, 1.800000000000000500 ) ) ;
#79 = ORIENTED_EDGE ( 'NONE', *, *, #1160, .T. ) ;
#80 = EDGE_CURVE ( 'NONE', #1415, #1487, #1086, .T. ) ;
#81 = DIRECTION ( 'NONE',  ( 1.000000000000000000, 0.0000000000000000000, 0.0000000000000000000 ) ) ;
#82 = DIRECTION ( 'NONE',  ( -0.0000000000000000000, -0.0000000000000000000, 1.000000000000000000 ) ) ;
#83 = DIRECTION ( 'NONE',  ( -1.000000000000000000, 0.0000000000000000000, 0.0000000000000000000 ) ) ;
#84 = CARTESIAN_POINT ( 'NONE',  ( 3.247595264191649500, 1.874999999999992500, -0.9271894486024352400 ) ) ;
#85 = ORIENTED_EDGE ( 'NONE', *, *, #422, .T. ) ;
#86 = DIRECTION ( 'NONE',  ( -0.0000000000000000000, -0.0000000000000000000, 1.000000000000000000 ) ) ;
#87 = EDGE_LOOP ( 'NONE', ( #912, #177 ) ) ;
#88 = ADVANCED_FACE ( 'NONE', ( #1296, #1424 ), #1560, .F. ) ;
#89 = CARTESIAN_POINT ( 'NONE',  ( 4.999999999999999100, 6.123233995736765300E-016, 1.800000000000000500 ) ) ;
#90 = CARTESIAN_POINT ( 'NONE',  ( 0.0000000000000000000, 0.0000000000000000000, 2.000000000000000000 ) ) ;
#91 = EDGE_CURVE ( 'NONE', #1257, #145, #967, .T. ) ;
#92 = CIRCLE ( 'NONE', #1, 3.486263736263736300 ) ;
#93 = ADVANCED_FACE ( 'NONE', ( #1345 ), #638, .F. ) ;
#94 = CARTESIAN_POINT ( 'NONE',  ( 3.247595264191636600, -1.875000000000015300, 0.9271894486024350200 ) ) ;
#95 = AXIS2_PLACEMENT_3D ( 'NONE', #469, #1207, #447 ) ;
#96 = DIRECTION ( 'NONE',  ( -0.0000000000000000000, -0.0000000000000000000, 1.000000000000000000 ) ) ;
#97 = SPHERICAL_SURFACE ( 'NONE', #63, 0.9271894486024351300 ) ;
#98 = EDGE_LOOP ( 'NONE', ( #746, #296, #1647, #1396 ) ) ;
#99 = DIRECTION ( 'NONE',  ( -1.000000000000000000, 1.224646799147353900E-016, 0.0000000000000000000 ) ) ;
#100 = ORIENTED_EDGE ( 'NONE', *, *, #286, .F. ) ;
#101 = CARTESIAN_POINT ( 'NONE',  ( 0.0000000000000000000, 0.0000000000000000000, 2.000000000000000000 ) ) ;
#102 = ORIENTED_EDGE ( 'NONE', *, *, #162, .F. ) ;
#103 = CARTESIAN_POINT ( 'NONE',  ( 1.874999999999981100, -3.247595264191655700, -1.530808498934192100E-016 ) ) ;
#104 = EDGE_LOOP ( 'NONE', ( #1170, #880, #1212, #897 ) ) ;
#105 = DIRECTION ( 'NONE',  ( -0.0000000000000000000, -0.0000000000000000000, 1.000000000000000000 ) ) ;
#106 = CARTESIAN_POINT ( 'NONE',  ( -5.000000000000000000, 6.123233995736766300E-016, -1.800000000000001200 ) ) ;
#107 = AXIS2_PLACEMENT_3D ( 'NONE', #1347, #1075, #583 ) ;
#108 = CARTESIAN_POINT ( 'NONE',  ( 5.000000000000000000, 0.0000000000000000000, -1.800000000000001200 ) ) ;
#109 = EDGE_LOOP ( 'NONE', ( #438, #1183, #998, #810 ) ) ;
#110 = APPROVAL ( #713, 'UNSPECIFIED' ) ;
#111 = CARTESIAN_POINT ( 'NONE',  ( -3.247595264191662300, -1.874999999999969800, 0.9271894486024350200 ) ) ;
#112 = ORIENTED_EDGE ( 'NONE', *, *, #131, .T. ) ;
#113 = CARTESIAN_POINT ( 'NONE',  ( -1.875000000000026600, -3.247595264191629900, -1.530808498934192100E-016 ) ) ;
#114 = DIRECTION ( 'NONE',  ( -0.5000000000000040000, -0.8660254037844362700, 0.0000000000000000000 ) ) ;
#115 = PERSON_AND_ORGANIZATION ( #272, #370 ) ;
#116 = CARTESIAN_POINT ( 'NONE',  ( -3.486263736263736300, 4.269441725598877400E-016, -0.9271894486024352400 ) ) ;
#117 = LINE ( 'NONE', #1613, #941 ) ;
#118 = EDGE_CURVE ( 'NONE', #456, #1477, #40, .T. ) ;
#119 = FACE_OUTER_BOUND ( 'NONE', #1089, .T. ) ;
#120 = AXIS2_PLACEMENT_3D ( 'NONE', #1463, #188, #1186 ) ;
#121 = FACE_OUTER_BOUND ( 'NONE', #159, .T. ) ;
#122 = LINE ( 'NONE', #78, #1253 ) ;
#123 = DIRECTION ( 'NONE',  ( -0.5000000000000104400, -0.8660254037844326000, 0.0000000000000000000 ) ) ;
#124 = ORIENTED_EDGE ( 'NONE', *, *, #91, .T. ) ;
#125 = CARTESIAN_POINT ( 'NONE',  ( -2.822810551397562300, 3.456945906368399800E-016, -1.739851217771673700E-015 ) ) ;
#126 = DIRECTION ( 'NONE',  ( -0.5000000000000104400, -0.8660254037844326000, 0.0000000000000000000 ) ) ;
#127 = ORIENTED_EDGE ( 'NONE', *, *, #412, .T. ) ;
#128 = EDGE_LOOP ( 'NONE', ( #909, #976 ) ) ;
#129 = CARTESIAN_POINT ( 'NONE',  ( 0.0000000000000000000, 0.0000000000000000000, 2.000000000000000000 ) ) ;
#130 = CARTESIAN_POINT ( 'NONE',  ( -4.013736263736263700, 4.915409268006272100E-016, -0.8888888888888887300 ) ) ;
#131 = EDGE_CURVE ( 'NONE', #133, #900, #69, .T. ) ;
#132 = AXIS2_PLACEMENT_3D ( 'NONE', #487, #1489, #237 ) ;
#133 = VERTEX_POINT ( 'NONE', #1055 ) ;
#134 = EDGE_LOOP ( 'NONE', ( #1508, #1475 ) ) ;
#135 = APPROVAL_DATE_TIME ( #17, #484 ) ;
#136 = TOROIDAL_SURFACE ( 'NONE', #977, 3.749999999999996000, 0.9271894486024336900 ) ;
#137 = AXIS2_PLACEMENT_3D ( 'NONE', #1566, #287, #675 ) ;
#138 = SPHERICAL_SURFACE ( 'NONE', #1026, 0.9271894486024351300 ) ;
#139 = ORIENTED_EDGE ( 'NONE', *, *, #1397, .T. ) ;
#140 = MANIFOLD_SOLID_BREP ( 'CirPattern1[7]', #1494 ) ;
#141 = VERTEX_POINT ( 'NONE', #299 ) ;
#142 = EDGE_LOOP ( 'NONE', ( #1306, #365, #1152, #341 ) ) ;
#143 = EDGE_CURVE ( 'NONE', #1190, #728, #1391, .T. ) ;
#144 = VERTEX_POINT ( 'NONE', #578 ) ;
#145 = VERTEX_POINT ( 'NONE', #439 ) ;
#146 = AXIS2_PLACEMENT_3D ( 'NONE', #1260, #1124, #763 ) ;
#147 = CARTESIAN_POINT ( 'NONE',  ( 4.013736263736263700, 0.0000000000000000000, 0.8888888888888887300 ) ) ;
#148 = PERSON_AND_ORGANIZATION ( #272, #370 ) ;
#149 = DIRECTION ( 'NONE',  ( 1.000000000000000000, -1.059690869644413700E-014, 0.0000000000000000000 ) ) ;
#150 = CIRCLE ( 'NONE', #648, 0.9271894486024348000 ) ;
#151 = EDGE_CURVE ( 'NONE', #625, #602, #767, .T. ) ;
#152 = VECTOR ( 'NONE', #937, 1000.000000000000000 ) ;
#153 = FACE_BOUND ( 'NONE', #1319, .T. ) ;
#154 = ORIENTED_EDGE ( 'NONE', *, *, #463, .T. ) ;
#155 = AXIS2_PLACEMENT_3D ( 'NONE', #185, #171, #814 ) ;
#156 = CARTESIAN_POINT ( 'NONE',  ( -1.875000000000026600, -3.247595264191629900, 0.9271894486024350200 ) ) ;
#157 = CARTESIAN_POINT ( 'NONE',  ( 2.500000000000000000, 3.184081677783117700E-016, -1.800000000000001200 ) ) ;
#158 = ORIENTED_EDGE ( 'NONE', *, *, #256, .F. ) ;
#159 = EDGE_LOOP ( 'NONE', ( #75, #1382, #1301, #1288 ) ) ;
#160 = PLANE ( 'NONE',  #1571 ) ;
#161 = PERSON_AND_ORGANIZATION_ROLE ( 'design_owner' ) ;
#162 = EDGE_CURVE ( 'NONE', #720, #1441, #946, .T. ) ;
#163 = MANIFOLD_SOLID_BREP ( 'CirPattern1[9]', #393 ) ;
#164 = AXIS2_PLACEMENT_3D ( 'NONE', #772, #1394, #254 ) ;
#165 = DIRECTION ( 'NONE',  ( 1.000000000000000000, 0.0000000000000000000, 0.0000000000000000000 ) ) ;
#166 = DIRECTION ( 'NONE',  ( -0.0000000000000000000, -0.0000000000000000000, 1.000000000000000000 ) ) ;
#167 = VECTOR ( 'NONE', #734, 1000.000000000000000 ) ;
#168 = FACE_OUTER_BOUND ( 'NONE', #1626, .T. ) ;
#169 = ORIENTED_EDGE ( 'NONE', *, *, #170, .T. ) ;
#170 = EDGE_CURVE ( 'NONE', #1588, #720, #241, .T. ) ;
#171 = DIRECTION ( 'NONE',  ( -0.0000000000000000000, -0.0000000000000000000, 1.000000000000000000 ) ) ;
#172 = VERTEX_POINT ( 'NONE', #1316 ) ;
#173 = DIRECTION ( 'NONE',  ( 0.7071067811865513500, 0.0000000000000000000, 0.7071067811865436900 ) ) ;
#174 = AXIS2_PLACEMENT_3D ( 'NONE', #249, #1015, #1132 ) ;
#175 = DIRECTION ( 'NONE',  ( -0.0000000000000000000, -0.0000000000000000000, 1.000000000000000000 ) ) ;
#176 = ORIENTED_EDGE ( 'NONE', *, *, #1148, .T. ) ;
#177 = ORIENTED_EDGE ( 'NONE', *, *, #949, .T. ) ;
#178 = CARTESIAN_POINT ( 'NONE',  ( 4.013736263736263700, 0.0000000000000000000, 2.000000000000000400 ) ) ;
#179 = DIRECTION ( 'NONE',  ( 0.0000000000000000000, -1.000000000000000000, 0.0000000000000000000 ) ) ;
#180 = CARTESIAN_POINT ( 'NONE',  ( 2.500000000000000000, 0.0000000000000000000, 1.800000000000003400 ) ) ;
#181 = VERTEX_POINT ( 'NONE', #315 ) ;
#182 = DIRECTION ( 'NONE',  ( -0.0000000000000000000, -0.0000000000000000000, 1.000000000000000000 ) ) ;
#183 = EDGE_CURVE ( 'NONE', #720, #916, #191, .T. ) ;
#184 = ADVANCED_FACE ( 'NONE', ( #333 ), #1462, .T. ) ;
#185 = CARTESIAN_POINT ( 'NONE',  ( 0.0000000000000000000, 0.0000000000000000000, 2.000000000000001800 ) ) ;
#186 = AXIS2_PLACEMENT_3D ( 'NONE', #129, #203, #988 ) ;
#187 = MANIFOLD_SOLID_BREP ( 'CirPattern1[5]', #862 ) ;
#188 = DIRECTION ( 'NONE',  ( -0.0000000000000000000, -0.0000000000000000000, 1.000000000000000000 ) ) ;
#189 = CIRCLE ( 'NONE', #1167, 4.013736263736263700 ) ;
#190 = ADVANCED_FACE ( 'NONE', ( #1271 ), #875, .F. ) ;
#191 = LINE ( 'NONE', #1083, #1598 ) ;
#192 = CARTESIAN_POINT ( 'NONE',  ( 0.0000000000000000000, 4.013736263736263700, 0.9271894486024350200 ) ) ;
#193 = VECTOR ( 'NONE', #630, 1000.000000000000000 ) ;
#194 = DIRECTION ( 'NONE',  ( 0.8660254037844344900, -0.5000000000000072200, 0.0000000000000000000 ) ) ;
#195 = EDGE_CURVE ( 'NONE', #1072, #347, #1371, .T. ) ;
#196 = PERSON_AND_ORGANIZATION_ROLE ( 'design_supplier' ) ;
#197 = DIRECTION ( 'NONE',  ( 1.000000000000000000, 0.0000000000000000000, 0.0000000000000000000 ) ) ;
#198 = ADVANCED_FACE ( 'NONE', ( #1623 ), #793, .F. ) ;
#199 = CARTESIAN_POINT ( 'NONE',  ( 0.0000000000000000000, 4.800000000000001600, -2.000000000000000900 ) ) ;
#200 = ORIENTED_EDGE ( 'NONE', *, *, #247, .T. ) ;
#201 = APPLICATION_CONTEXT ( 'configuration controlled 3d designs of mechanical parts and assemblies' ) ;
#202 = EDGE_LOOP ( 'NONE', ( #413, #860 ) ) ;
#203 = DIRECTION ( 'NONE',  ( -0.0000000000000000000, -0.0000000000000000000, 1.000000000000000000 ) ) ;
#204 = DIRECTION ( 'NONE',  ( -0.0000000000000000000, -0.0000000000000000000, 1.000000000000000000 ) ) ;
#205 = EDGE_CURVE ( 'NONE', #1642, #133, #448, .T. ) ;
#206 = ADVANCED_FACE ( 'NONE', ( #1505, #922 ), #711, .F. ) ;
#207 = DIRECTION ( 'NONE',  ( 1.000000000000000000, 0.0000000000000000000, 0.0000000000000000000 ) ) ;
#208 = AXIS2_PLACEMENT_3D ( 'NONE', #1495, #750, #869 ) ;
#209 = SPHERICAL_SURFACE ( 'NONE', #258, 0.9271894486024351300 ) ;
#210 = ADVANCED_FACE ( 'NONE', ( #497 ), #906, .T. ) ;
#211 = CARTESIAN_POINT ( 'NONE',  ( 0.0000000000000000000, 0.0000000000000000000, 1.800000000000003400 ) ) ;
#212 = CARTESIAN_POINT ( 'NONE',  ( -2.500000000000000000, 0.0000000000000000000, -1.800000000000001200 ) ) ;
#213 = CIRCLE ( 'NONE', #350, 0.9271894486024350200 ) ;
#214 = CARTESIAN_POINT ( 'NONE',  ( 1.874999999999981100, -3.247595264191655700, -1.530808498934192100E-016 ) ) ;
#215 = VECTOR ( 'NONE', #1635, 1000.000000000000000 ) ;
#216 = LINE ( 'NONE', #833, #274 ) ;
#217 = DIRECTION ( 'NONE',  ( 0.4999999999999948400, -0.8660254037844415900, 0.0000000000000000000 ) ) ;
#218 = ORIENTED_EDGE ( 'NONE', *, *, #708, .F. ) ;
#219 = CARTESIAN_POINT ( 'NONE',  ( 3.486263736263736300, 0.0000000000000000000, 1.899999999999999900 ) ) ;
#220 = ADVANCED_FACE ( 'NONE', ( #259 ), #1407, .F. ) ;
#221 = DIRECTION ( 'NONE',  ( -0.4999999999999892300, 0.8660254037844448100, 0.0000000000000000000 ) ) ;
#222 = ORIENTED_EDGE ( 'NONE', *, *, #1230, .F. ) ;
#223 = VERTEX_POINT ( 'NONE', #1103 ) ;
#224 = MANIFOLD_SOLID_BREP ( 'CirPattern1[2]', #432 ) ;
#225 = AXIS2_PLACEMENT_3D ( 'NONE', #1111, #240, #348 ) ;
#226 = CARTESIAN_POINT ( 'NONE',  ( 3.247595264191636600, -1.875000000000015300, -0.9271894486024352400 ) ) ;
#227 = DIRECTION ( 'NONE',  ( 0.4999999999999921200, -0.8660254037844431500, 0.0000000000000000000 ) ) ;
#228 = PLANE ( 'NONE',  #280 ) ;
#229 = DIRECTION ( 'NONE',  ( 1.224646799147353200E-016, 1.000000000000000000, 0.0000000000000000000 ) ) ;
#230 = VERTEX_POINT ( 'NONE', #106 ) ;
#231 = CARTESIAN_POINT ( 'NONE',  ( 0.0000000000000000000, 0.0000000000000000000, 1.899999999999999900 ) ) ;
#232 = DIRECTION ( 'NONE',  ( -0.0000000000000000000, -0.0000000000000000000, 1.000000000000000000 ) ) ;
#233 = DIRECTION ( 'NONE',  ( 1.000000000000000000, -3.491481338843134900E-015, 0.0000000000000000000 ) ) ;
#234 = EDGE_CURVE ( 'NONE', #1114, #1044, #1281, .T. ) ;
#235 = DIRECTION ( 'NONE',  ( 1.000000000000000000, 0.0000000000000000000, 0.0000000000000000000 ) ) ;
#236 = AXIS2_PLACEMENT_3D ( 'NONE', #581, #1572, #572 ) ;
#237 = DIRECTION ( 'NONE',  ( 1.000000000000000000, 0.0000000000000000000, 0.0000000000000000000 ) ) ;
#238 = CARTESIAN_POINT ( 'NONE',  ( -1.875000000000026600, -3.247595264191629900, -1.530808498934192100E-016 ) ) ;
#239 = CIRCLE ( 'NONE', #386, 0.9271894486024349100 ) ;
#240 = DIRECTION ( 'NONE',  ( 1.224646799147353200E-016, 1.000000000000000000, 0.0000000000000000000 ) ) ;
#241 = CIRCLE ( 'NONE', #1119, 0.9271894486024351300 ) ;
#242 = SPHERICAL_SURFACE ( 'NONE', #524, 0.9271894486024351300 ) ;
#243 = ORIENTED_EDGE ( 'NONE', *, *, #1331, .T. ) ;
#244 = DIRECTION ( 'NONE',  ( 0.8660254037844415900, 0.4999999999999948400, -0.0000000000000000000 ) ) ;
#245 = ORIENTED_EDGE ( 'NONE', *, *, #1628, .F. ) ;
#246 = DIRECTION ( 'NONE',  ( 0.8660254037844344900, -0.5000000000000072200, 0.0000000000000000000 ) ) ;
#247 = EDGE_CURVE ( 'NONE', #230, #1383, #597, .T. ) ;
#248 = AXIS2_PLACEMENT_3D ( 'NONE', #969, #577, #600 ) ;
#249 = CARTESIAN_POINT ( 'NONE',  ( 0.0000000000000000000, 0.0000000000000000000, -0.9271894486024352400 ) ) ;
#250 = CARTESIAN_POINT ( 'NONE',  ( 3.486263736263736300, 0.0000000000000000000, 0.9271894486024350200 ) ) ;
#251 = VERTEX_POINT ( 'NONE', #857 ) ;
#252 = VERTEX_POINT ( 'NONE', #212 ) ;
#253 = ORIENTED_EDGE ( 'NONE', *, *, #401, .T. ) ;
#254 = DIRECTION ( 'NONE',  ( 1.000000000000000000, 0.0000000000000000000, 0.0000000000000000000 ) ) ;
#255 = PERSON_AND_ORGANIZATION ( #272, #370 ) ;
#256 = EDGE_CURVE ( 'NONE', #1415, #1487, #716, .T. ) ;
#257 = VECTOR ( 'NONE', #1436, 1000.000000000000000 ) ;
#258 = AXIS2_PLACEMENT_3D ( 'NONE', #1140, #123, #627 ) ;
#259 = FACE_OUTER_BOUND ( 'NONE', #812, .T. ) ;
#260 = CIRCLE ( 'NONE', #236, 0.9271894486024350200 ) ;
#261 = VERTEX_POINT ( 'NONE', #1608 ) ;
#262 = VERTEX_POINT ( 'NONE', #1229 ) ;
#263 = EDGE_LOOP ( 'NONE', ( #866, #508 ) ) ;
#264 = EDGE_CURVE ( 'NONE', #141, #785, #1321, .T. ) ;
#265 = AXIS2_PLACEMENT_3D ( 'NONE', #1416, #1302, #948 ) ;
#266 = ORIENTED_EDGE ( 'NONE', *, *, #1620, .T. ) ;
#267 = EDGE_LOOP ( 'NONE', ( #158, #955 ) ) ;
#268 = VECTOR ( 'NONE', #729, 1000.000000000000000 ) ;
#269 = EDGE_CURVE ( 'NONE', #1327, #1025, #405, .T. ) ;
#270 = AXIS2_PLACEMENT_3D ( 'NONE', #698, #1458, #1332 ) ;
#271 = CYLINDRICAL_SURFACE ( 'NONE', #9, 4.999999999999999100 ) ;
#272 = PERSON ( 'UNSPECIFIED', 'UNSPECIFIED', 'UNSPECIFIED', ('UNSPECIFIED'), ('UNSPECIFIED'), ('UNSPECIFIED') ) ;
#273 = LINE ( 'NONE', #498, #1012 ) ;
#274 = VECTOR ( 'NONE', #1179, 1000.000000000000000 ) ;
#275 = CARTESIAN_POINT ( 'NONE',  ( 0.0000000000000000000, 0.0000000000000000000, 1.800000000000000500 ) ) ;
#276 = CLOSED_SHELL ( 'NONE', ( #1059, #979, #956, #1594, #479, #76, #827, #709, #59, #206, #1215, #567, #307, #442 ) ) ;
#277 = AXIS2_PLACEMENT_3D ( 'NONE', #1513, #1143, #1147 ) ;
#278 = EDGE_LOOP ( 'NONE', ( #1138, #359 ) ) ;
#279 = VERTEX_POINT ( 'NONE', #1118 ) ;
#280 = AXIS2_PLACEMENT_3D ( 'NONE', #343, #1237, #980 ) ;
#281 = CARTESIAN_POINT ( 'NONE',  ( 3.247595264191649500, 1.874999999999992500, -1.530808498934192100E-016 ) ) ;
#282 = LOCAL_TIME ( 7, 13, 34.00000000000000000, #1419 ) ;
#283 = MANIFOLD_SOLID_BREP ( 'Revolve1', #276 ) ;
#284 = CARTESIAN_POINT ( 'NONE',  ( 3.247595264191649500, 1.874999999999992500, -1.530808498934192100E-016 ) ) ;
#285 = FACE_OUTER_BOUND ( 'NONE', #1029, .T. ) ;
#286 = EDGE_CURVE ( 'NONE', #1442, #1114, #21, .T. ) ;
#287 = DIRECTION ( 'NONE',  ( -0.0000000000000000000, -0.0000000000000000000, 1.000000000000000000 ) ) ;
#288 = VECTOR ( 'NONE', #1570, 1000.000000000000000 ) ;
#289 =( LENGTH_UNIT ( ) NAMED_UNIT ( * ) SI_UNIT ( .MILLI., .METRE. ) );
#290 = FACE_OUTER_BOUND ( 'NONE', #278, .T. ) ;
#291 = ORIENTED_EDGE ( 'NONE', *, *, #437, .T. ) ;
#292 = EDGE_LOOP ( 'NONE', ( #576, #1358, #1524, #42 ) ) ;
#293 = EDGE_LOOP ( 'NONE', ( #1239, #842 ) ) ;
#294 = SECURITY_CLASSIFICATION_LEVEL ( 'unclassified' ) ;
#295 = CARTESIAN_POINT ( 'NONE',  ( -3.247595264191662300, -1.874999999999969800, -1.530808498934192100E-016 ) ) ;
#296 = ORIENTED_EDGE ( 'NONE', *, *, #1266, .F. ) ;
#297 = EDGE_LOOP ( 'NONE', ( #787, #33, #786, #801 ) ) ;
#298 = CARTESIAN_POINT ( 'NONE',  ( 0.0000000000000000000, 0.0000000000000000000, 2.000000000000001800 ) ) ;
#299 = CARTESIAN_POINT ( 'NONE',  ( -1.875000000000026600, -3.247595264191629900, -0.9271894486024352400 ) ) ;
#300 = AXIS2_PLACEMENT_3D ( 'NONE', #704, #844, #1099 ) ;
#301 = PLANE ( 'NONE',  #395 ) ;
#302 = AXIS2_PLACEMENT_3D ( 'NONE', #762, #1633, #1006 ) ;
#303 = DIRECTION ( 'NONE',  ( 1.000000000000000000, 0.0000000000000000000, 0.0000000000000000000 ) ) ;
#304 = CARTESIAN_POINT ( 'NONE',  ( 1.875000000000003600, 3.247595264191642400, -1.530808498934192100E-016 ) ) ;
#305 = FACE_BOUND ( 'NONE', #134, .T. ) ;
#306 = MANIFOLD_SOLID_BREP ( 'CirPattern1[11]', #483 ) ;
#307 = ADVANCED_FACE ( 'NONE', ( #1060 ), #374, .F. ) ;
#308 = DIRECTION ( 'NONE',  ( -0.8660254037844346000, 0.5000000000000071100, 0.0000000000000000000 ) ) ;
#309 = FACE_OUTER_BOUND ( 'NONE', #1406, .T. ) ;
#310 = CONICAL_SURFACE ( 'NONE', #277, 4.999999999999999100, 0.7853981633974450600 ) ;
#311 = EDGE_CURVE ( 'NONE', #1236, #262, #1038, .T. ) ;
#312 = CIRCLE ( 'NONE', #95, 4.800000000000000700 ) ;
#313 = DIRECTION ( 'NONE',  ( -0.0000000000000000000, -0.0000000000000000000, 1.000000000000000000 ) ) ;
#314 = CLOSED_SHELL ( 'NONE', ( #1469, #184 ) ) ;
#315 = CARTESIAN_POINT ( 'NONE',  ( 3.486263736263736300, 0.0000000000000000000, 0.8888888888888887300 ) ) ;
#316 = AXIS2_PLACEMENT_3D ( 'NONE', #1450, #50, #1307 ) ;
#317 = DIRECTION ( 'NONE',  ( -0.0000000000000000000, -0.0000000000000000000, 1.000000000000000000 ) ) ;
#318 = EDGE_LOOP ( 'NONE', ( #1354, #1157, #1146, #820 ) ) ;
#319 = ORIENTED_EDGE ( 'NONE', *, *, #609, .F. ) ;
#320 = ADVANCED_FACE ( 'NONE', ( #1163 ), #354, .T. ) ;
#321 = CARTESIAN_POINT ( 'NONE',  ( 0.0000000000000000000, 0.0000000000000000000, 2.000000000000000000 ) ) ;
#322 = ORIENTED_EDGE ( 'NONE', *, *, #340, .T. ) ;
#323 = DIRECTION ( 'NONE',  ( 1.000000000000000000, 0.0000000000000000000, 0.0000000000000000000 ) ) ;
#324 = EDGE_CURVE ( 'NONE', #251, #1493, #623, .T. ) ;
#325 = DIRECTION ( 'NONE',  ( 1.000000000000000000, 0.0000000000000000000, 0.0000000000000000000 ) ) ;
#326 = AXIS2_PLACEMENT_3D ( 'NONE', #710, #836, #1480 ) ;
#327 = ADVANCED_FACE ( 'NONE', ( #6 ), #1534, .F. ) ;
#328 = CIRCLE ( 'NONE', #826, 0.9271894486024353500 ) ;
#329 = DIRECTION ( 'NONE',  ( -1.000000000000000000, 1.224646799147353200E-016, 0.0000000000000000000 ) ) ;
#330 = DIRECTION ( 'NONE',  ( 1.000000000000000000, 0.0000000000000000000, 0.0000000000000000000 ) ) ;
#331 = VECTOR ( 'NONE', #30, 1000.000000000000000 ) ;
#332 = DIRECTION ( 'NONE',  ( 1.000000000000000000, 0.0000000000000000000, 0.0000000000000000000 ) ) ;
#333 = FACE_OUTER_BOUND ( 'NONE', #52, .T. ) ;
#334 = DIRECTION ( 'NONE',  ( -1.000000000000000000, 0.0000000000000000000, -0.0000000000000000000 ) ) ;
#335 = CYLINDRICAL_SURFACE ( 'NONE', #120, 3.486263736263736300 ) ;
#336 = ADVANCED_FACE ( 'NONE', ( #691 ), #1577, .T. ) ;
#337 = ORIENTED_EDGE ( 'NONE', *, *, #234, .F. ) ;
#338 = VERTEX_POINT ( 'NONE', #1135 ) ;
#339 = ADVANCED_FACE ( 'NONE', ( #1200 ), #830, .T. ) ;
#340 = EDGE_CURVE ( 'NONE', #679, #1588, #571, .T. ) ;
#341 = ORIENTED_EDGE ( 'NONE', *, *, #183, .F. ) ;
#342 = CC_DESIGN_APPROVAL ( #110, ( #931 ) ) ;
#343 = CARTESIAN_POINT ( 'NONE',  ( 0.0000000000000000000, 3.486263736263736300, 2.000000000000001800 ) ) ;
#344 = CARTESIAN_POINT ( 'NONE',  ( 0.0000000000000000000, 0.0000000000000000000, 1.800000000000000500 ) ) ;
#345 = EDGE_LOOP ( 'NONE', ( #1606, #1400, #694, #972 ) ) ;
#346 = DIRECTION ( 'NONE',  ( -0.0000000000000000000, -0.0000000000000000000, 1.000000000000000000 ) ) ;
#347 = VERTEX_POINT ( 'NONE', #116 ) ;
#348 = DIRECTION ( 'NONE',  ( -1.000000000000000000, 1.224646799147353900E-016, 0.0000000000000000000 ) ) ;
#349 = DIRECTION ( 'NONE',  ( -0.0000000000000000000, -0.0000000000000000000, 1.000000000000000000 ) ) ;
#350 = AXIS2_PLACEMENT_3D ( 'NONE', #295, #556, #1309 ) ;
#351 = LINE ( 'NONE', #632, #636 ) ;
#352 = CIRCLE ( 'NONE', #791, 0.9271894486024336900 ) ;
#353 = ORIENTED_EDGE ( 'NONE', *, *, #1549, .F. ) ;
#354 = SPHERICAL_SURFACE ( 'NONE', #1431, 0.9271894486024351300 ) ;
#355 = DIRECTION ( 'NONE',  ( 0.8660254037844417100, 0.4999999999999948400, -0.0000000000000000000 ) ) ;
#356 = CLOSED_SHELL ( 'NONE', ( #1340, #1576, #726, #703, #1204, #1330 ) ) ;
#357 = DIRECTION ( 'NONE',  ( 3.491481338843134900E-015, 1.000000000000000000, -0.0000000000000000000 ) ) ;
#358 = EDGE_CURVE ( 'NONE', #1058, #1257, #893, .T. ) ;
#359 = ORIENTED_EDGE ( 'NONE', *, *, #1286, .T. ) ;
#360 = ORIENTED_EDGE ( 'NONE', *, *, #1303, .F. ) ;
#361 = AXIS2_PLACEMENT_3D ( 'NONE', #617, #349, #740 ) ;
#362 = CC_DESIGN_DATE_AND_TIME_ASSIGNMENT ( #1107, #19, ( #561 ) ) ;
#363 = CARTESIAN_POINT ( 'NONE',  ( 3.486263736263736300, 0.0000000000000000000, -0.9271894486024352400 ) ) ;
#364 = DIRECTION ( 'NONE',  ( -6.982962677686269900E-015, -1.000000000000000000, 0.0000000000000000000 ) ) ;
#365 = ORIENTED_EDGE ( 'NONE', *, *, #1189, .T. ) ;
#366 = DIRECTION ( 'NONE',  ( -0.0000000000000000000, -0.0000000000000000000, 1.000000000000000000 ) ) ;
#367 = CARTESIAN_POINT ( 'NONE',  ( 4.013736263736264600, 0.0000000000000000000, -0.9271894486024352400 ) ) ;
#368 = CARTESIAN_POINT ( 'NONE',  ( -3.247595264191622800, 1.875000000000038000, -1.530808498934192100E-016 ) ) ;
#369 = EDGE_CURVE ( 'NONE', #924, #770, #855, .T. ) ;
#370 = ORGANIZATION ( 'UNSPECIFIED', 'UNSPECIFIED', '' ) ;
#371 = AXIS2_PLACEMENT_3D ( 'NONE', #1220, #1110, #846 ) ;
#372 = DIRECTION ( 'NONE',  ( -0.0000000000000000000, -0.0000000000000000000, 1.000000000000000000 ) ) ;
#373 = FACE_OUTER_BOUND ( 'NONE', #1452, .T. ) ;
#374 = CYLINDRICAL_SURFACE ( 'NONE', #1459, 4.013736263736263700 ) ;
#375 = CYLINDRICAL_SURFACE ( 'NONE', #727, 4.013736263736263700 ) ;
#376 = ORIENTED_EDGE ( 'NONE', *, *, #449, .T. ) ;
#377 = EDGE_LOOP ( 'NONE', ( #983, #79 ) ) ;
#378 = CARTESIAN_POINT ( 'NONE',  ( 0.0000000000000000000, 0.0000000000000000000, -1.800000000000001200 ) ) ;
#379 = CARTESIAN_POINT ( 'NONE',  ( 4.013736263736263700, 0.0000000000000000000, -0.8888888888888887300 ) ) ;
#380 = EDGE_CURVE ( 'NONE', #625, #230, #1176, .T. ) ;
#381 = ORIENTED_EDGE ( 'NONE', *, *, #657, .T. ) ;
#382 = AXIS2_PLACEMENT_3D ( 'NONE', #817, #317, #1065 ) ;
#383 = ORIENTED_EDGE ( 'NONE', *, *, #256, .T. ) ;
#384 = ORIENTED_EDGE ( 'NONE', *, *, #1001, .F. ) ;
#385 = VECTOR ( 'NONE', #676, 1000.000000000000000 ) ;
#386 = AXIS2_PLACEMENT_3D ( 'NONE', #471, #1366, #1232 ) ;
#387 = AXIS2_PLACEMENT_3D ( 'NONE', #500, #881, #1511 ) ;
#388 = CIRCLE ( 'NONE', #107, 0.9271894486024350200 ) ;
#389 = ORIENTED_EDGE ( 'NONE', *, *, #1620, .F. ) ;
#390 = CONICAL_SURFACE ( 'NONE', #1256, 4.800000000000001600, 0.7853981633974439500 ) ;
#391 = VERTEX_POINT ( 'NONE', #1045 ) ;
#392 = ORIENTED_EDGE ( 'NONE', *, *, #1019, .F. ) ;
#393 = CLOSED_SHELL ( 'NONE', ( #1454, #1478 ) ) ;
#394 = EDGE_CURVE ( 'NONE', #347, #1072, #546, .T. ) ;
#395 = AXIS2_PLACEMENT_3D ( 'NONE', #192, #419, #957 ) ;
#396 = EDGE_LOOP ( 'NONE', ( #744, #1308 ) ) ;
#397 = DIRECTION ( 'NONE',  ( -0.4999999999999978900, 0.8660254037844399300, 0.0000000000000000000 ) ) ;
#398 = ORIENTED_EDGE ( 'NONE', *, *, #1446, .F. ) ;
#399 = PLANE ( 'NONE',  #1267 ) ;
#400 = PERSON_AND_ORGANIZATION ( #272, #370 ) ;
#401 = EDGE_CURVE ( 'NONE', #1493, #251, #992, .T. ) ;
#402 = SPHERICAL_SURFACE ( 'NONE', #1573, 0.9271894486024351300 ) ;
#403 = AXIS2_PLACEMENT_3D ( 'NONE', #321, #558, #325 ) ;
#404 = CIRCLE ( 'NONE', #1517, 4.013736263736263700 ) ;
#405 = CIRCLE ( 'NONE', #1287, 2.699999999999998400 ) ;
#406 = FACE_OUTER_BOUND ( 'NONE', #1559, .T. ) ;
#407 = ORIENTED_EDGE ( 'NONE', *, *, #527, .T. ) ;
#408 = ORIENTED_EDGE ( 'NONE', *, *, #1529, .F. ) ;
#409 = ORIENTED_EDGE ( 'NONE', *, *, #542, .T. ) ;
#410 = CARTESIAN_POINT ( 'NONE',  ( 0.0000000000000000000, 0.0000000000000000000, 2.000000000000000400 ) ) ;
#411 = DIRECTION ( 'NONE',  ( -0.0000000000000000000, -0.0000000000000000000, 1.000000000000000000 ) ) ;
#412 = EDGE_CURVE ( 'NONE', #26, #391, #1027, .T. ) ;
#413 = ORIENTED_EDGE ( 'NONE', *, *, #1397, .F. ) ;
#414 = EDGE_LOOP ( 'NONE', ( #319, #1564 ) ) ;
#415 = CC_DESIGN_APPROVAL ( #714, ( #561 ) ) ;
#416 = CARTESIAN_POINT ( 'NONE',  ( 0.0000000000000000000, 0.0000000000000000000, -1.626303258728256700E-015 ) ) ;
#417 = DIRECTION ( 'NONE',  ( -0.8660254037844379300, 0.5000000000000012200, 0.0000000000000000000 ) ) ;
#418 = CALENDAR_DATE ( 2021, 9, 7 ) ;
#419 = DIRECTION ( 'NONE',  ( 0.0000000000000000000, -0.0000000000000000000, 1.000000000000000000 ) ) ;
#420 = CONICAL_SURFACE ( 'NONE', #1305, 2.500000000000000000, 0.7853981633974428400 ) ;
#421 = CARTESIAN_POINT ( 'NONE',  ( 0.0000000000000000000, 0.0000000000000000000, 2.000000000000001800 ) ) ;
#422 = EDGE_CURVE ( 'NONE', #181, #560, #517, .T. ) ;
#423 = CARTESIAN_POINT ( 'NONE',  ( 0.0000000000000000000, 0.0000000000000000000, 2.000000000000000000 ) ) ;
#424 = DIRECTION ( 'NONE',  ( 1.000000000000000000, 0.0000000000000000000, 0.0000000000000000000 ) ) ;
#425 = CIRCLE ( 'NONE', #1439, 4.013736263736263700 ) ;
#426 = ORIENTED_EDGE ( 'NONE', *, *, #1032, .T. ) ;
#427 = AXIS2_PLACEMENT_3D ( 'NONE', #344, #590, #462 ) ;
#428 = CARTESIAN_POINT ( 'NONE',  ( -3.750000000000000000, 3.927916506198524700E-014, 0.9271894486024350200 ) ) ;
#429 = CLOSED_SHELL ( 'NONE', ( #939, #1360, #1586, #220, #1320, #580 ) ) ;
#430 = DIRECTION ( 'NONE',  ( 1.000000000000000000, 0.0000000000000000000, 0.0000000000000000000 ) ) ;
#431 = ADVANCED_FACE ( 'NONE', ( #933 ), #97, .T. ) ;
#432 = CLOSED_SHELL ( 'NONE', ( #715, #320 ) ) ;
#433 = EDGE_LOOP ( 'NONE', ( #1326, #1401 ) ) ;
#434 = DIRECTION ( 'NONE',  ( 1.000000000000000000, 0.0000000000000000000, 0.0000000000000000000 ) ) ;
#435 = DIRECTION ( 'NONE',  ( -0.0000000000000000000, -0.0000000000000000000, 1.000000000000000000 ) ) ;
#436 = CARTESIAN_POINT ( 'NONE',  ( 0.0000000000000000000, 0.0000000000000000000, 2.000000000000000400 ) ) ;
#437 = EDGE_CURVE ( 'NONE', #252, #279, #1368, .T. ) ;
#438 = ORIENTED_EDGE ( 'NONE', *, *, #1278, .F. ) ;
#439 = CARTESIAN_POINT ( 'NONE',  ( 2.700000000000000600, 0.0000000000000000000, 2.000000000000001800 ) ) ;
#440 = AXIS2_PLACEMENT_3D ( 'NONE', #721, #1217, #837 ) ;
#441 = CLOSED_SHELL ( 'NONE', ( #1105, #1071 ) ) ;
#442 = ADVANCED_FACE ( 'NONE', ( #1056, #739 ), #160, .F. ) ;
#443 = DIRECTION ( 'NONE',  ( -0.5000000000000072200, -0.8660254037844344900, 0.0000000000000000000 ) ) ;
#444 = DIRECTION ( 'NONE',  ( -1.000000000000000000, 6.982962677686266700E-015, 0.0000000000000000000 ) ) ;
#445 = COORDINATED_UNIVERSAL_TIME_OFFSET ( 6, 0, .BEHIND. ) ;
#446 = FACE_BOUND ( 'NONE', #45, .T. ) ;
#447 = DIRECTION ( 'NONE',  ( 1.000000000000000000, 0.0000000000000000000, 0.0000000000000000000 ) ) ;
#448 = CIRCLE ( 'NONE', #1385, 3.486263736263736300 ) ;
#449 = EDGE_CURVE ( 'NONE', #145, #261, #67, .T. ) ;
#450 = FACE_OUTER_BOUND ( 'NONE', #292, .T. ) ;
#451 = DIRECTION ( 'NONE',  ( -0.0000000000000000000, -0.0000000000000000000, 1.000000000000000000 ) ) ;
#452 = EDGE_LOOP ( 'NONE', ( #461, #1283, #895, #1625 ) ) ;
#453 = DIRECTION ( 'NONE',  ( -0.0000000000000000000, -0.0000000000000000000, 1.000000000000000000 ) ) ;
#454 = APPLICATION_PROTOCOL_DEFINITION ( 'international standard', 'config_control_design', 1994, #459 ) ;
#455 = AXIS2_PLACEMENT_3D ( 'NONE', #1501, #227, #1377 ) ;
#456 = VERTEX_POINT ( 'NONE', #803 ) ;
#457 = DIRECTION ( 'NONE',  ( 0.0000000000000000000, 0.0000000000000000000, -1.000000000000000000 ) ) ;
#458 = DIRECTION ( 'NONE',  ( 0.8660254037844415900, 0.4999999999999948400, -0.0000000000000000000 ) ) ;
#459 = APPLICATION_CONTEXT ( 'configuration controlled 3d designs of mechanical parts and assemblies' ) ;
#460 = DIRECTION ( 'NONE',  ( 0.0000000000000000000, 0.0000000000000000000, -1.000000000000000000 ) ) ;
#461 = ORIENTED_EDGE ( 'NONE', *, *, #437, .F. ) ;
#462 = DIRECTION ( 'NONE',  ( 1.000000000000000000, 0.0000000000000000000, 0.0000000000000000000 ) ) ;
#463 = EDGE_CURVE ( 'NONE', #1477, #456, #425, .T. ) ;
#464 = ORIENTED_EDGE ( 'NONE', *, *, #1582, .F. ) ;
#465 = DIRECTION ( 'NONE',  ( 1.000000000000000000, 0.0000000000000000000, 0.0000000000000000000 ) ) ;
#466 = AXIS2_PLACEMENT_3D ( 'NONE', #1077, #308, #443 ) ;
#467 = CARTESIAN_POINT ( 'NONE',  ( 0.0000000000000000000, 0.0000000000000000000, -1.739851217771673700E-015 ) ) ;
#468 = ADVANCED_FACE ( 'NONE', ( #989 ), #1504, .T. ) ;
#469 = CARTESIAN_POINT ( 'NONE',  ( 0.0000000000000000000, 0.0000000000000000000, 2.000000000000000400 ) ) ;
#470 = FACE_OUTER_BOUND ( 'NONE', #55, .T. ) ;
#471 = CARTESIAN_POINT ( 'NONE',  ( 3.247595264191649500, 1.874999999999992500, -1.530808498934192100E-016 ) ) ;
#472 = DIRECTION ( 'NONE',  ( -1.047444401652940600E-014, -1.000000000000000000, 0.0000000000000000000 ) ) ;
#473 = DIRECTION ( 'NONE',  ( -1.000000000000000000, 0.0000000000000000000, 0.0000000000000000000 ) ) ;
#474 = SPHERICAL_SURFACE ( 'NONE', #584, 0.9271894486024351300 ) ;
#475 = VERTEX_POINT ( 'NONE', #1069 ) ;
#476 = DIRECTION ( 'NONE',  ( -3.491481338843133400E-015, -1.000000000000000000, 0.0000000000000000000 ) ) ;
#477 = EDGE_LOOP ( 'NONE', ( #1587, #1017 ) ) ;
#478 = AXIS2_PLACEMENT_3D ( 'NONE', #298, #166, #1185 ) ;
#479 = ADVANCED_FACE ( 'NONE', ( #1150 ), #271, .T. ) ;
#480 = CARTESIAN_POINT ( 'NONE',  ( 0.0000000000000000000, 0.0000000000000000000, -1.739851217771673700E-015 ) ) ;
#481 = ORIENTED_EDGE ( 'NONE', *, *, #286, .T. ) ;
#482 = CARTESIAN_POINT ( 'NONE',  ( 4.013736263736263700, 0.0000000000000000000, 1.899999999999999900 ) ) ;
#483 = CLOSED_SHELL ( 'NONE', ( #468, #210 ) ) ;
#484 = APPROVAL ( #705, 'UNSPECIFIED' ) ;
#485 = DIRECTION ( 'NONE',  ( -0.0000000000000000000, -0.0000000000000000000, 1.000000000000000000 ) ) ;
#486 = CARTESIAN_POINT ( 'NONE',  ( 4.013736263736264600, 0.0000000000000000000, -2.000000000000000000 ) ) ;
#487 = CARTESIAN_POINT ( 'NONE',  ( 0.0000000000000000000, 0.0000000000000000000, 2.000000000000001800 ) ) ;
#488 = VERTEX_POINT ( 'NONE', #1429 ) ;
#489 = CARTESIAN_POINT ( 'NONE',  ( 0.0000000000000000000, 0.0000000000000000000, -1.800000000000001200 ) ) ;
#490 = VERTEX_POINT ( 'NONE', #1569 ) ;
#491 = EDGE_CURVE ( 'NONE', #1236, #262, #1533, .T. ) ;
#492 = CARTESIAN_POINT ( 'NONE',  ( -1.874999999999958300, 3.247595264191669000, -1.530808498934192100E-016 ) ) ;
#493 = AXIS2_PLACEMENT_3D ( 'NONE', #1312, #66, #934 ) ;
#494 = CARTESIAN_POINT ( 'NONE',  ( 0.0000000000000000000, 0.0000000000000000000, 2.000000000000000000 ) ) ;
#495 = CARTESIAN_POINT ( 'NONE',  ( 3.247595264191649500, 1.874999999999992500, -1.530808498934192100E-016 ) ) ;
#496 = CIRCLE ( 'NONE', #666, 3.486263736263736300 ) ;
#497 = FACE_OUTER_BOUND ( 'NONE', #263, .T. ) ;
#498 = CARTESIAN_POINT ( 'NONE',  ( -4.013736263736263700, 4.915409268006272100E-016, 2.000000000000000000 ) ) ;
#499 = FACE_OUTER_BOUND ( 'NONE', #267, .T. ) ;
#500 = CARTESIAN_POINT ( 'NONE',  ( 0.0000000000000000000, 4.013736263736264600, -1.900000000000000100 ) ) ;
#501 = EDGE_LOOP ( 'NONE', ( #1116, #1352 ) ) ;
#502 = CARTESIAN_POINT ( 'NONE',  ( -4.800000000000001600, 5.878304635907296200E-016, -2.000000000000001800 ) ) ;
#503 = EDGE_CURVE ( 'NONE', #1565, #1441, #150, .T. ) ;
#504 = DIRECTION ( 'NONE',  ( 1.000000000000000000, 0.0000000000000000000, 0.0000000000000000000 ) ) ;
#505 = AXIS2_PLACEMENT_3D ( 'NONE', #1310, #47, #918 ) ;
#506 = CARTESIAN_POINT ( 'NONE',  ( 3.247595264191649500, 1.874999999999992500, 0.9271894486024350200 ) ) ;
#507 = CARTESIAN_POINT ( 'NONE',  ( -2.700000000000000600, 3.306546357697854200E-016, 2.000000000000001800 ) ) ;
#508 = ORIENTED_EDGE ( 'NONE', *, *, #641, .T. ) ;
#509 = ORIENTED_EDGE ( 'NONE', *, *, #936, .F. ) ;
#510 = ORIENTED_EDGE ( 'NONE', *, *, #58, .F. ) ;
#511 = CARTESIAN_POINT ( 'NONE',  ( 0.0000000000000000000, 0.0000000000000000000, -2.000000000000001800 ) ) ;
#512 = CARTESIAN_POINT ( 'NONE',  ( 0.0000000000000000000, 0.0000000000000000000, -2.000000000000001800 ) ) ;
#513 = EDGE_CURVE ( 'NONE', #1451, #223, #388, .T. ) ;
#514 = CIRCLE ( 'NONE', #1295, 0.9271894486024349100 ) ;
#515 = CC_DESIGN_PERSON_AND_ORGANIZATION_ASSIGNMENT ( #115, #540, ( #931 ) ) ;
#516 = ORIENTED_EDGE ( 'NONE', *, *, #195, .T. ) ;
#517 = CIRCLE ( 'NONE', #769, 0.9271894486024336900 ) ;
#518 = LINE ( 'NONE', #1211, #1112 ) ;
#519 = MANIFOLD_SOLID_BREP ( 'CirPattern1[6]', #642 ) ;
#520 = ORIENTED_EDGE ( 'NONE', *, *, #1049, .F. ) ;
#521 = EDGE_CURVE ( 'NONE', #1545, #535, #1485, .T. ) ;
#522 = ORIENTED_EDGE ( 'NONE', *, *, #1008, .T. ) ;
#523 = ORIENTED_EDGE ( 'NONE', *, *, #1266, .T. ) ;
#524 = AXIS2_PLACEMENT_3D ( 'NONE', #238, #246, #1502 ) ;
#525 = ORIENTED_EDGE ( 'NONE', *, *, #864, .F. ) ;
#526 = DIRECTION ( 'NONE',  ( -1.000000000000000000, 0.0000000000000000000, -0.0000000000000000000 ) ) ;
#527 = EDGE_CURVE ( 'NONE', #646, #1398, #1024, .T. ) ;
#528 = CALENDAR_DATE ( 2021, 9, 7 ) ;
#529 = AXIS2_PLACEMENT_3D ( 'NONE', #1093, #1595, #207 ) ;
#530 = DIRECTION ( 'NONE',  ( 1.000000000000000000, 0.0000000000000000000, 0.0000000000000000000 ) ) ;
#531 = PRODUCT_RELATED_PRODUCT_CATEGORY ( 'detail', '', ( #1156 ) ) ;
#532 = FACE_OUTER_BOUND ( 'NONE', #414, .T. ) ;
#533 = FACE_OUTER_BOUND ( 'NONE', #690, .T. ) ;
#534 = SPHERICAL_SURFACE ( 'NONE', #146, 0.9271894486024351300 ) ;
#535 = VERTEX_POINT ( 'NONE', #1290 ) ;
#536 = EDGE_CURVE ( 'NONE', #924, #770, #38, .T. ) ;
#537 = ORIENTED_EDGE ( 'NONE', *, *, #1091, .F. ) ;
#538 = ORIENTED_EDGE ( 'NONE', *, *, #1372, .F. ) ;
#539 = CARTESIAN_POINT ( 'NONE',  ( 3.749999999999996000, 0.0000000000000000000, -1.626303258728256700E-015 ) ) ;
#540 = PERSON_AND_ORGANIZATION_ROLE ( 'creator' ) ;
#541 = CARTESIAN_POINT ( 'NONE',  ( -3.486263736263736300, 4.269441725598877400E-016, -1.900000000000000100 ) ) ;
#542 = EDGE_CURVE ( 'NONE', #230, #625, #569, .T. ) ;
#543 = CIRCLE ( 'NONE', #1403, 2.822810551397562300 ) ;
#544 = AXIS2_PLACEMENT_3D ( 'NONE', #878, #357, #1133 ) ;
#545 = FACE_OUTER_BOUND ( 'NONE', #377, .T. ) ;
#546 = CIRCLE ( 'NONE', #738, 3.486263736263736300 ) ;
#547 = CIRCLE ( 'NONE', #28, 3.486263736263736300 ) ;
#548 = DIRECTION ( 'NONE',  ( -0.0000000000000000000, -0.0000000000000000000, 1.000000000000000000 ) ) ;
#549 = EDGE_LOOP ( 'NONE', ( #885, #886, #1537, #522 ) ) ;
#550 = DIRECTION ( 'NONE',  ( -1.000000000000000000, 0.0000000000000000000, -0.0000000000000000000 ) ) ;
#551 = ORIENTED_EDGE ( 'NONE', *, *, #621, .F. ) ;
#552 = MANIFOLD_SOLID_BREP ( 'CirPattern1[8]', #809 ) ;
#553 = CARTESIAN_POINT ( 'NONE',  ( 0.0000000000000000000, 0.0000000000000000000, 2.000000000000000000 ) ) ;
#554 = ORIENTED_EDGE ( 'NONE', *, *, #975, .F. ) ;
#555 = VERTEX_POINT ( 'NONE', #25 ) ;
#556 = DIRECTION ( 'NONE',  ( 0.4999999999999918400, -0.8660254037844433700, 0.0000000000000000000 ) ) ;
#557 = CARTESIAN_POINT ( 'NONE',  ( 0.0000000000000000000, 4.800000000000000700, 2.000000000000000400 ) ) ;
#558 = DIRECTION ( 'NONE',  ( -0.0000000000000000000, -0.0000000000000000000, 1.000000000000000000 ) ) ;
#559 = AXIS2_PLACEMENT_3D ( 'NONE', #71, #444, #60 ) ;
#560 = VERTEX_POINT ( 'NONE', #1604 ) ;
#561 = SECURITY_CLASSIFICATION ( '', '', #294 ) ;
#562 = DIRECTION ( 'NONE',  ( 0.5000000000000101000, 0.8660254037844328200, -0.0000000000000000000 ) ) ;
#563 = DIRECTION ( 'NONE',  ( 1.000000000000000000, 0.0000000000000000000, 0.0000000000000000000 ) ) ;
#564 = DIRECTION ( 'NONE',  ( 0.0000000000000000000, 0.0000000000000000000, -1.000000000000000000 ) ) ;
#565 = CARTESIAN_POINT ( 'NONE',  ( -2.618611004132350000E-014, -3.750000000000000000, -0.9271894486024352400 ) ) ;
#566 = DIRECTION ( 'NONE',  ( -0.0000000000000000000, -0.0000000000000000000, 1.000000000000000000 ) ) ;
#567 = ADVANCED_FACE ( 'NONE', ( #119 ), #1405, .F. ) ;
#568 = CARTESIAN_POINT ( 'NONE',  ( 0.0000000000000000000, 0.0000000000000000000, 2.000000000000000000 ) ) ;
#569 = CIRCLE ( 'NONE', #270, 5.000000000000000000 ) ;
#570 = AXIS2_PLACEMENT_3D ( 'NONE', #489, #751, #1255 ) ;
#571 = LINE ( 'NONE', #1009, #1522 ) ;
#572 = DIRECTION ( 'NONE',  ( -0.8660254037844362700, 0.5000000000000041100, 0.0000000000000000000 ) ) ;
#573 = FACE_OUTER_BOUND ( 'NONE', #142, .T. ) ;
#574 = DIRECTION ( 'NONE',  ( -0.0000000000000000000, -0.0000000000000000000, 1.000000000000000000 ) ) ;
#575 = ADVANCED_FACE ( 'NONE', ( #905 ), #1390, .T. ) ;
#576 = ORIENTED_EDGE ( 'NONE', *, *, #1506, .F. ) ;
#577 = DIRECTION ( 'NONE',  ( -0.0000000000000000000, -0.0000000000000000000, 1.000000000000000000 ) ) ;
#578 = CARTESIAN_POINT ( 'NONE',  ( 0.0000000000000000000, 3.750000000000000000, 0.9271894486024350200 ) ) ;
#579 = APPROVAL_ROLE ( '' ) ;
#580 = ADVANCED_FACE ( 'NONE', ( #764 ), #688, .T. ) ;
#581 = CARTESIAN_POINT ( 'NONE',  ( 3.247595264191636600, -1.875000000000015300, -1.530808498934192100E-016 ) ) ;
#582 = EDGE_CURVE ( 'NONE', #560, #900, #352, .T. ) ;
#583 = DIRECTION ( 'NONE',  ( 0.4999999999999889000, -0.8660254037844451500, 0.0000000000000000000 ) ) ;
#584 = AXIS2_PLACEMENT_3D ( 'NONE', #1579, #458, #217 ) ;
#585 = ORIENTED_EDGE ( 'NONE', *, *, #247, .F. ) ;
#586 = CARTESIAN_POINT ( 'NONE',  ( -3.247595264191662300, -1.874999999999969800, -1.530808498934192100E-016 ) ) ;
#587 = VERTEX_POINT ( 'NONE', #1208 ) ;
#588 = ORIENTED_EDGE ( 'NONE', *, *, #449, .F. ) ;
#589 = DIRECTION ( 'NONE',  ( -0.0000000000000000000, -0.0000000000000000000, 1.000000000000000000 ) ) ;
#590 = DIRECTION ( 'NONE',  ( -0.0000000000000000000, -0.0000000000000000000, 1.000000000000000000 ) ) ;
#591 = ADVANCED_FACE ( 'NONE', ( #1084 ), #1198, .F. ) ;
#592 = APPROVAL_PERSON_ORGANIZATION ( #1591, #484, #579 ) ;
#593 = DIRECTION ( 'NONE',  ( 1.000000000000000000, 0.0000000000000000000, 0.0000000000000000000 ) ) ;
#594 = CARTESIAN_POINT ( 'NONE',  ( -3.486263736263736300, 4.269441725598877400E-016, -2.000000000000001800 ) ) ;
#595 = LINE ( 'NONE', #822, #1637 ) ;
#596 = CARTESIAN_POINT ( 'NONE',  ( 0.0000000000000000000, 0.0000000000000000000, 2.000000000000000000 ) ) ;
#597 = LINE ( 'NONE', #1364, #742 ) ;
#598 = AXIS2_PLACEMENT_3D ( 'NONE', #37, #944, #685 ) ;
#599 = LINE ( 'NONE', #974, #908 ) ;
#600 = DIRECTION ( 'NONE',  ( 1.000000000000000000, 0.0000000000000000000, 0.0000000000000000000 ) ) ;
#601 = AXIS2_PLACEMENT_3D ( 'NONE', #1430, #74, #332 ) ;
#602 = VERTEX_POINT ( 'NONE', #89 ) ;
#603 = ADVANCED_FACE ( 'NONE', ( #1161 ), #474, .T. ) ;
#604 = DIRECTION ( 'NONE',  ( 0.5000000000000072200, 0.8660254037844344900, 0.0000000000000000000 ) ) ;
#605 = EDGE_LOOP ( 'NONE', ( #1153, #525, #124, #376 ) ) ;
#606 = CARTESIAN_POINT ( 'NONE',  ( -3.486263736263736300, 4.269441725598877400E-016, 0.8888888888888887300 ) ) ;
#607 = DIRECTION ( 'NONE',  ( 0.8660254037844344900, -0.5000000000000072200, 0.0000000000000000000 ) ) ;
#608 = CYLINDRICAL_SURFACE ( 'NONE', #896, 4.013736263736263700 ) ;
#609 = EDGE_CURVE ( 'NONE', #1376, #32, #239, .T. ) ;
#610 = VERTEX_POINT ( 'NONE', #94 ) ;
#611 = DIRECTION ( 'NONE',  ( 1.000000000000000000, 0.0000000000000000000, 0.0000000000000000000 ) ) ;
#612 = AXIS2_PLACEMENT_3D ( 'NONE', #1053, #562, #1068 ) ;
#613 = CARTESIAN_POINT ( 'NONE',  ( 0.0000000000000000000, 0.0000000000000000000, 0.8888888888888887300 ) ) ;
#614 = CARTESIAN_POINT ( 'NONE',  ( -3.247595264191662300, -1.874999999999969800, -0.9271894486024352400 ) ) ;
#615 = DIRECTION ( 'NONE',  ( 7.105427357601001900E-015, 1.000000000000000000, 0.0000000000000000000 ) ) ;
#616 = CONICAL_SURFACE ( 'NONE', #1551, 4.800000000000001600, 0.7853981633974439500 ) ;
#617 = CARTESIAN_POINT ( 'NONE',  ( 0.0000000000000000000, 0.0000000000000000000, -1.900000000000000100 ) ) ;
#618 = CARTESIAN_POINT ( 'NONE',  ( -1.874999999999958300, 3.247595264191669000, -0.9271894486024352400 ) ) ;
#619 = CARTESIAN_POINT ( 'NONE',  ( -4.013736263736264600, 4.915409268006273000E-016, -1.900000000000000100 ) ) ;
#620 = VECTOR ( 'NONE', #411, 1000.000000000000000 ) ;
#621 = EDGE_CURVE ( 'NONE', #488, #1067, #3, .T. ) ;
#622 = DIRECTION ( 'NONE',  ( 1.000000000000000000, 0.0000000000000000000, 0.0000000000000000000 ) ) ;
#623 = CIRCLE ( 'NONE', #987, 4.800000000000001600 ) ;
#624 = FACE_OUTER_BOUND ( 'NONE', #1042, .T. ) ;
#625 = VERTEX_POINT ( 'NONE', #108 ) ;
#626 = AXIS2_PLACEMENT_3D ( 'NONE', #199, #1349, #593 ) ;
#627 = DIRECTION ( 'NONE',  ( -0.8660254037844326000, 0.5000000000000104400, 0.0000000000000000000 ) ) ;
#628 = ORIENTED_EDGE ( 'NONE', *, *, #401, .F. ) ;
#629 = DIRECTION ( 'NONE',  ( 1.000000000000000000, 0.0000000000000000000, 0.0000000000000000000 ) ) ;
#630 = DIRECTION ( 'NONE',  ( -0.7071067811865444600, 8.659560562354895900E-017, 0.7071067811865505700 ) ) ;
#631 = EDGE_LOOP ( 'NONE', ( #1540, #652, #243, #337 ) ) ;
#632 = CARTESIAN_POINT ( 'NONE',  ( 2.500000000000000000, 3.061616997868383100E-016, -1.800000000000001200 ) ) ;
#633 = EDGE_CURVE ( 'NONE', #560, #1114, #667, .T. ) ;
#634 = DIRECTION ( 'NONE',  ( -0.0000000000000000000, -0.0000000000000000000, 1.000000000000000000 ) ) ;
#635 = DIRECTION ( 'NONE',  ( -0.7071067811865513500, 8.659560562354979700E-017, 0.7071067811865436900 ) ) ;
#636 = VECTOR ( 'NONE', #868, 1000.000000000000000 ) ;
#637 = CIRCLE ( 'NONE', #1375, 3.486263736263736300 ) ;
#638 = CONICAL_SURFACE ( 'NONE', #598, 2.700000000000000600, 0.7853981633974537200 ) ;
#639 = DIRECTION ( 'NONE',  ( 1.000000000000000000, 0.0000000000000000000, 0.0000000000000000000 ) ) ;
#640 = CIRCLE ( 'NONE', #1162, 0.9271894486024348000 ) ;
#641 = EDGE_CURVE ( 'NONE', #1451, #223, #1318, .T. ) ;
#642 = CLOSED_SHELL ( 'NONE', ( #819, #336 ) ) ;
#643 = AXIS2_PLACEMENT_3D ( 'NONE', #1205, #435, #1455 ) ;
#644 = ORIENTED_EDGE ( 'NONE', *, *, #765, .T. ) ;
#645 = MANIFOLD_SOLID_BREP ( 'CirPattern1[1]', #996 ) ;
#646 = VERTEX_POINT ( 'NONE', #859 ) ;
#647 = EDGE_LOOP ( 'NONE', ( #510, #291, #1641, #1035 ) ) ;
#648 = AXIS2_PLACEMENT_3D ( 'NONE', #1338, #1583, #329 ) ;
#649 = CIRCLE ( 'NONE', #804, 4.013736263736264600 ) ;
#650 = CC_DESIGN_PERSON_AND_ORGANIZATION_ASSIGNMENT ( #1518, #196, ( #931 ) ) ;
#651 = CIRCLE ( 'NONE', #1243, 4.013736263736263700 ) ;
#652 = ORIENTED_EDGE ( 'NONE', *, *, #582, .T. ) ;
#653 = FACE_OUTER_BOUND ( 'NONE', #671, .T. ) ;
#654 = CIRCLE ( 'NONE', #1258, 3.486263736263736300 ) ;
#655 = DIRECTION ( 'NONE',  ( -0.0000000000000000000, -0.0000000000000000000, 1.000000000000000000 ) ) ;
#656 = ORIENTED_EDGE ( 'NONE', *, *, #1142, .T. ) ;
#657 = EDGE_CURVE ( 'NONE', #338, #144, #20, .T. ) ;
#658 = EDGE_LOOP ( 'NONE', ( #1033, #1062 ) ) ;
#659 = ORIENTED_EDGE ( 'NONE', *, *, #521, .T. ) ;
#660 = AXIS2_PLACEMENT_3D ( 'NONE', #275, #1427, #16 ) ;
#661 = DIRECTION ( 'NONE',  ( -0.4999999999999982800, 0.8660254037844397100, 0.0000000000000000000 ) ) ;
#662 = VERTEX_POINT ( 'NONE', #226 ) ;
#663 = EDGE_LOOP ( 'NONE', ( #253, #1428, #1073, #222 ) ) ;
#664 = CARTESIAN_POINT ( 'NONE',  ( -2.618611004132350000E-014, -3.750000000000000000, -1.530808498934192100E-016 ) ) ;
#665 = EDGE_CURVE ( 'NONE', #488, #1127, #1280, .T. ) ;
#666 = AXIS2_PLACEMENT_3D ( 'NONE', #231, #53, #504 ) ;
#667 = CIRCLE ( 'NONE', #816, 2.822810551397562300 ) ;
#668 = DIRECTION ( 'NONE',  ( 1.000000000000000000, 0.0000000000000000000, 0.0000000000000000000 ) ) ;
#669 = VECTOR ( 'NONE', #634, 1000.000000000000000 ) ;
#670 = TOROIDAL_SURFACE ( 'NONE', #1488, 3.750000000000000000, 0.9271894486024351300 ) ;
#671 = EDGE_LOOP ( 'NONE', ( #245, #1151, #112, #509 ) ) ;
#672 = ORIENTED_EDGE ( 'NONE', *, *, #311, .F. ) ;
#673 = DIRECTION ( 'NONE',  ( -6.982962677686269900E-015, -1.000000000000000000, 0.0000000000000000000 ) ) ;
#674 = ORIENTED_EDGE ( 'NONE', *, *, #269, .T. ) ;
#675 = DIRECTION ( 'NONE',  ( 1.000000000000000000, 0.0000000000000000000, 0.0000000000000000000 ) ) ;
#676 = DIRECTION ( 'NONE',  ( -0.0000000000000000000, -0.0000000000000000000, 1.000000000000000000 ) ) ;
#677 = AXIS2_PLACEMENT_3D ( 'NONE', #1202, #815, #1584 ) ;
#678 = CC_DESIGN_DATE_AND_TIME_ASSIGNMENT ( #870, #64, ( #1247 ) ) ;
#679 = VERTEX_POINT ( 'NONE', #486 ) ;
#680 = ORIENTED_EDGE ( 'NONE', *, *, #1457, .T. ) ;
#681 = DIRECTION ( 'NONE',  ( -0.8660254037844449200, -0.4999999999999892900, 0.0000000000000000000 ) ) ;
#682 = DIRECTION ( 'NONE',  ( 0.0000000000000000000, 1.000000000000000000, 0.0000000000000000000 ) ) ;
#683 = AXIS2_PLACEMENT_3D ( 'NONE', #1333, #453, #424 ) ;
#684 = CIRCLE ( 'NONE', #174, 4.013736263736264600 ) ;
#685 = DIRECTION ( 'NONE',  ( 1.000000000000000000, 0.0000000000000000000, 0.0000000000000000000 ) ) ;
#686 = AXIS2_PLACEMENT_3D ( 'NONE', #421, #1575, #942 ) ;
#687 = CARTESIAN_POINT ( 'NONE',  ( 3.486263736263736300, 0.0000000000000000000, -1.900000000000000100 ) ) ;
#688 = CYLINDRICAL_SURFACE ( 'NONE', #700, 4.013736263736264600 ) ;
#689 = CARTESIAN_POINT ( 'NONE',  ( 0.0000000000000000000, 0.0000000000000000000, 2.000000000000000000 ) ) ;
#690 = EDGE_LOOP ( 'NONE', ( #392, #426, #773, #775 ) ) ;
#691 = FACE_OUTER_BOUND ( 'NONE', #913, .T. ) ;
#692 = EDGE_LOOP ( 'NONE', ( #1603, #1558, #1005, #858 ) ) ;
#693 = ADVANCED_FACE ( 'NONE', ( #309 ), #829, .T. ) ;
#694 = ORIENTED_EDGE ( 'NONE', *, *, #1539, .F. ) ;
#695 = ORIENTED_EDGE ( 'NONE', *, *, #1473, .F. ) ;
#696 = CARTESIAN_POINT ( 'NONE',  ( 3.486263736263736300, 0.0000000000000000000, -0.8888888888888903900 ) ) ;
#697 = EDGE_CURVE ( 'NONE', #1398, #646, #496, .T. ) ;
#698 = CARTESIAN_POINT ( 'NONE',  ( 0.0000000000000000000, 0.0000000000000000000, -1.800000000000001200 ) ) ;
#699 = DIRECTION ( 'NONE',  ( -0.0000000000000000000, -0.0000000000000000000, 1.000000000000000000 ) ) ;
#700 = AXIS2_PLACEMENT_3D ( 'NONE', #1216, #1223, #465 ) ;
#701 = VERTEX_POINT ( 'NONE', #1500 ) ;
#702 = CARTESIAN_POINT ( 'NONE',  ( -1.875000000000026600, -3.247595264191629900, -1.530808498934192100E-016 ) ) ;
#703 = ADVANCED_FACE ( 'NONE', ( #1250 ), #945, .F. ) ;
#704 = CARTESIAN_POINT ( 'NONE',  ( 0.0000000000000000000, 0.0000000000000000000, -1.530808498934192100E-016 ) ) ;
#705 = APPROVAL_STATUS ( 'not_yet_approved' ) ;
#706 = LOCAL_TIME ( 7, 13, 34.00000000000000000, #903 ) ;
#707 = CARTESIAN_POINT ( 'NONE',  ( -3.486263736263736300, 4.269441725598877400E-016, -0.8888888888888903900 ) ) ;
#708 = EDGE_CURVE ( 'NONE', #741, #916, #651, .T. ) ;
#709 = ADVANCED_FACE ( 'NONE', ( #1134 ), #1574, .T. ) ;
#710 = CARTESIAN_POINT ( 'NONE',  ( 0.0000000000000000000, 0.0000000000000000000, 2.000000000000000000 ) ) ;
#711 = PLANE ( 'NONE',  #626 ) ;
#712 = CIRCLE ( 'NONE', #1177, 4.800000000000000700 ) ;
#713 = APPROVAL_STATUS ( 'not_yet_approved' ) ;
#714 = APPROVAL ( #1046, 'UNSPECIFIED' ) ;
#715 = ADVANCED_FACE ( 'NONE', ( #532 ), #1460, .T. ) ;
#716 = CIRCLE ( 'NONE', #1629, 0.9271894486024348000 ) ;
#717 = CARTESIAN_POINT ( 'NONE',  ( -3.247595264191622800, 1.875000000000038000, -1.530808498934192100E-016 ) ) ;
#718 = SPHERICAL_SURFACE ( 'NONE', #1421, 0.9271894486024351300 ) ;
#719 = ORIENTED_EDGE ( 'NONE', *, *, #1557, .T. ) ;
#720 = VERTEX_POINT ( 'NONE', #147 ) ;
#721 = CARTESIAN_POINT ( 'NONE',  ( 0.0000000000000000000, 0.0000000000000000000, -0.9271894486024352400 ) ) ;
#722 = CARTESIAN_POINT ( 'NONE',  ( -3.750000000000000000, 3.927916506198524700E-014, -1.530808498934192100E-016 ) ) ;
#723 = ORIENTED_EDGE ( 'NONE', *, *, #1148, .F. ) ;
#724 = DIRECTION ( 'NONE',  ( -0.0000000000000000000, -0.0000000000000000000, 1.000000000000000000 ) ) ;
#725 = EDGE_CURVE ( 'NONE', #1206, #1234, #792, .T. ) ;
#726 = ADVANCED_FACE ( 'NONE', ( #446, #373 ), #399, .F. ) ;
#727 = AXIS2_PLACEMENT_3D ( 'NONE', #553, #41, #1440 ) ;
#728 = VERTEX_POINT ( 'NONE', #541 ) ;
#729 = DIRECTION ( 'NONE',  ( -0.0000000000000000000, -0.0000000000000000000, 1.000000000000000000 ) ) ;
#730 = ORIENTED_EDGE ( 'NONE', *, *, #527, .F. ) ;
#731 = PLANE ( 'NONE',  #865 ) ;
#732 = DIRECTION ( 'NONE',  ( 1.000000000000000000, -3.491481338843134900E-015, 0.0000000000000000000 ) ) ;
#733 = CARTESIAN_POINT ( 'NONE',  ( 3.247595264191636600, -1.875000000000015300, -1.530808498934192100E-016 ) ) ;
#734 = DIRECTION ( 'NONE',  ( -0.0000000000000000000, -0.0000000000000000000, 1.000000000000000000 ) ) ;
#735 = VECTOR ( 'NONE', #635, 1000.000000000000000 ) ;
#736 = CARTESIAN_POINT ( 'NONE',  ( 0.0000000000000000000, 0.0000000000000000000, -0.8888888888888903900 ) ) ;
#737 = CARTESIAN_POINT ( 'NONE',  ( -3.749999999999996000, 4.592425496802569000E-016, -1.626303258728256700E-015 ) ) ;
#738 = AXIS2_PLACEMENT_3D ( 'NONE', #1299, #926, #668 ) ;
#739 = FACE_OUTER_BOUND ( 'NONE', #477, .T. ) ;
#740 = DIRECTION ( 'NONE',  ( 1.000000000000000000, 0.0000000000000000000, 0.0000000000000000000 ) ) ;
#741 = VERTEX_POINT ( 'NONE', #1031 ) ;
#742 = VECTOR ( 'NONE', #1125, 1000.000000000000000 ) ;
#743 = CC_DESIGN_PERSON_AND_ORGANIZATION_ASSIGNMENT ( #255, #1590, ( #561 ) ) ;
#744 = ORIENTED_EDGE ( 'NONE', *, *, #782, .F. ) ;
#745 = DIRECTION ( 'NONE',  ( 1.047444401652940000E-014, 1.000000000000000000, -0.0000000000000000000 ) ) ;
#746 = ORIENTED_EDGE ( 'NONE', *, *, #871, .F. ) ;
#747 = EDGE_LOOP ( 'NONE', ( #1184, #218 ) ) ;
#748 = CARTESIAN_POINT ( 'NONE',  ( 0.0000000000000000000, 3.750000000000000000, -1.530808498934192100E-016 ) ) ;
#749 = DIRECTION ( 'NONE',  ( -0.0000000000000000000, -0.0000000000000000000, 1.000000000000000000 ) ) ;
#750 = DIRECTION ( 'NONE',  ( -1.047444401652940600E-014, -1.000000000000000000, 0.0000000000000000000 ) ) ;
#751 = DIRECTION ( 'NONE',  ( -0.0000000000000000000, -0.0000000000000000000, 1.000000000000000000 ) ) ;
#752 = DIRECTION ( 'NONE',  ( 1.000000000000000000, -6.982962677686269900E-015, 0.0000000000000000000 ) ) ;
#753 = AXIS2_PLACEMENT_3D ( 'NONE', #932, #1448, #682 ) ;
#754 = ORIENTED_EDGE ( 'NONE', *, *, #503, .T. ) ;
#755 = ORIENTED_EDGE ( 'NONE', *, *, #170, .F. ) ;
#756 = AXIS2_PLACEMENT_3D ( 'NONE', #717, #1226, #1562 ) ;
#757 = CARTESIAN_POINT ( 'NONE',  ( 1.874999999999981100, -3.247595264191655700, -1.530808498934192100E-016 ) ) ;
#758 = CARTESIAN_POINT ( 'NONE',  ( 2.500000000000000000, 0.0000000000000000000, 2.000000000000000000 ) ) ;
#759 = CALENDAR_DATE ( 2021, 9, 7 ) ;
#760 = LINE ( 'NONE', #1240, #268 ) ;
#761 = DIRECTION ( 'NONE',  ( -0.0000000000000000000, -0.0000000000000000000, 1.000000000000000000 ) ) ;
#762 = CARTESIAN_POINT ( 'NONE',  ( 0.0000000000000000000, 0.0000000000000000000, 1.800000000000000500 ) ) ;
#763 = DIRECTION ( 'NONE',  ( -0.8660254037844431500, -0.4999999999999921200, 0.0000000000000000000 ) ) ;
#764 = FACE_OUTER_BOUND ( 'NONE', #1601, .T. ) ;
#765 = EDGE_CURVE ( 'NONE', #1565, #1588, #189, .T. ) ;
#766 = DIRECTION ( 'NONE',  ( -0.0000000000000000000, -0.0000000000000000000, 1.000000000000000000 ) ) ;
#767 = LINE ( 'NONE', #1063, #288 ) ;
#768 = SPHERICAL_SURFACE ( 'NONE', #316, 0.9271894486024351300 ) ;
#769 = AXIS2_PLACEMENT_3D ( 'NONE', #539, #179, #1435 ) ;
#770 = VERTEX_POINT ( 'NONE', #788 ) ;
#771 = DIRECTION ( 'NONE',  ( 1.000000000000000000, 0.0000000000000000000, 0.0000000000000000000 ) ) ;
#772 = CARTESIAN_POINT ( 'NONE',  ( 0.0000000000000000000, 0.0000000000000000000, -0.8888888888888887300 ) ) ;
#773 = ORIENTED_EDGE ( 'NONE', *, *, #1549, .T. ) ;
#774 = ORIENTED_EDGE ( 'NONE', *, *, #143, .F. ) ;
#775 = ORIENTED_EDGE ( 'NONE', *, *, #1344, .F. ) ;
#776 = AXIS2_PLACEMENT_3D ( 'NONE', #494, #1013, #771 ) ;
#777 = AXIS2_PLACEMENT_3D ( 'NONE', #586, #1543, #920 ) ;
#778 = PERSON_AND_ORGANIZATION ( #272, #370 ) ;
#779 = SPHERICAL_SURFACE ( 'NONE', #1561, 0.9271894486024351300 ) ;
#780 = CIRCLE ( 'NONE', #1509, 2.500000000000000000 ) ;
#781 = ORIENTED_EDGE ( 'NONE', *, *, #195, .F. ) ;
#782 = EDGE_CURVE ( 'NONE', #1376, #32, #1621, .T. ) ;
#783 = ORIENTED_EDGE ( 'NONE', *, *, #1039, .T. ) ;
#784 = AXIS2_PLACEMENT_3D ( 'NONE', #436, #574, #1456 ) ;
#785 = VERTEX_POINT ( 'NONE', #156 ) ;
#786 = ORIENTED_EDGE ( 'NONE', *, *, #1331, .F. ) ;
#787 = ORIENTED_EDGE ( 'NONE', *, *, #975, .T. ) ;
#788 = CARTESIAN_POINT ( 'NONE',  ( 1.875000000000003600, 3.247595264191642400, 0.9271894486024350200 ) ) ;
#789 = VERTEX_POINT ( 'NONE', #1043 ) ;
#790 = EDGE_CURVE ( 'NONE', #1441, #720, #404, .T. ) ;
#791 = AXIS2_PLACEMENT_3D ( 'NONE', #959, #1474, #852 ) ;
#792 = CIRCLE ( 'NONE', #1010, 0.9271894486024352400 ) ;
#793 = CONICAL_SURFACE ( 'NONE', #1275, 2.500000000000000000, 0.7853981633974428400 ) ;
#794 = VECTOR ( 'NONE', #175, 1000.000000000000000 ) ;
#795 = DIRECTION ( 'NONE',  ( -0.0000000000000000000, -0.0000000000000000000, 1.000000000000000000 ) ) ;
#796 = ORIENTED_EDGE ( 'NONE', *, *, #24, .T. ) ;
#797 = APPROVAL_ROLE ( '' ) ;
#798 = EDGE_CURVE ( 'NONE', #587, #789, #712, .T. ) ;
#799 =( GEOMETRIC_REPRESENTATION_CONTEXT ( 3 ) GLOBAL_UNCERTAINTY_ASSIGNED_CONTEXT ( ( #887 ) ) GLOBAL_UNIT_ASSIGNED_CONTEXT ( ( #289, #27, #1218 ) ) REPRESENTATION_CONTEXT ( 'NONE', 'WORKASPACE' ) );
#800 = DIRECTION ( 'NONE',  ( -0.0000000000000000000, -0.0000000000000000000, 1.000000000000000000 ) ) ;
#801 = ORIENTED_EDGE ( 'NONE', *, *, #131, .F. ) ;
#802 = ORIENTED_EDGE ( 'NONE', *, *, #503, .F. ) ;
#803 = CARTESIAN_POINT ( 'NONE',  ( 4.013736263736263700, 0.0000000000000000000, 0.9271894486024350200 ) ) ;
#804 = AXIS2_PLACEMENT_3D ( 'NONE', #1481, #346, #997 ) ;
#805 = FACE_OUTER_BOUND ( 'NONE', #433, .T. ) ;
#806 = CARTESIAN_POINT ( 'NONE',  ( 0.0000000000000000000, 0.0000000000000000000, 2.000000000000000000 ) ) ;
#807 = CARTESIAN_POINT ( 'NONE',  ( -2.500000000000000000, 3.061616997868383100E-016, 2.000000000000000000 ) ) ;
#808 = CIRCLE ( 'NONE', #612, 0.9271894486024350200 ) ;
#809 = CLOSED_SHELL ( 'NONE', ( #1113, #1445 ) ) ;
#810 = ORIENTED_EDGE ( 'NONE', *, *, #1128, .F. ) ;
#811 = DIRECTION ( 'NONE',  ( 1.000000000000000000, 0.0000000000000000000, 0.0000000000000000000 ) ) ;
#812 = EDGE_LOOP ( 'NONE', ( #1096, #774, #1228, #516 ) ) ;
#813 = ORIENTED_EDGE ( 'NONE', *, *, #14, .T. ) ;
#814 = DIRECTION ( 'NONE',  ( 1.000000000000000000, 0.0000000000000000000, 0.0000000000000000000 ) ) ;
#815 = DIRECTION ( 'NONE',  ( 0.0000000000000000000, -0.0000000000000000000, 1.000000000000000000 ) ) ;
#816 = AXIS2_PLACEMENT_3D ( 'NONE', #480, #1122, #611 ) ;
#817 = CARTESIAN_POINT ( 'NONE',  ( 0.0000000000000000000, 0.0000000000000000000, 0.9271894486024350200 ) ) ;
#818 = AXIS2_PLACEMENT_3D ( 'NONE', #1171, #1085, #1095 ) ;
#819 = ADVANCED_FACE ( 'NONE', ( #1423 ), #138, .T. ) ;
#820 = ORIENTED_EDGE ( 'NONE', *, *, #412, .F. ) ;
#821 = DIRECTION ( 'NONE',  ( 3.613946018757868500E-015, 1.000000000000000000, -0.0000000000000000000 ) ) ;
#822 = CARTESIAN_POINT ( 'NONE',  ( -3.486263736263736300, 4.269441725598877400E-016, 2.000000000000000000 ) ) ;
#823 = EDGE_CURVE ( 'NONE', #1442, #26, #1011, .T. ) ;
#824 = DATE_AND_TIME ( #418, #706 ) ;
#825 = DIRECTION ( 'NONE',  ( -0.0000000000000000000, -0.0000000000000000000, 1.000000000000000000 ) ) ;
#826 = AXIS2_PLACEMENT_3D ( 'NONE', #103, #355, #1254 ) ;
#827 = ADVANCED_FACE ( 'NONE', ( #1037 ), #921, .T. ) ;
#828 = CARTESIAN_POINT ( 'NONE',  ( 3.486263736263736300, 0.0000000000000000000, 2.000000000000000000 ) ) ;
#829 = SPHERICAL_SURFACE ( 'NONE', #1064, 0.9271894486024351300 ) ;
#830 = SPHERICAL_SURFACE ( 'NONE', #1499, 0.9271894486024351300 ) ;
#831 = CYLINDRICAL_SURFACE ( 'NONE', #1002, 4.013736263736263700 ) ;
#832 = MECHANICAL_CONTEXT ( 'NONE', #201, 'mechanical' ) ;
#833 = CARTESIAN_POINT ( 'NONE',  ( -4.013736263736263700, 4.915409268006272100E-016, 2.000000000000000000 ) ) ;
#834 = EDGE_CURVE ( 'NONE', #172, #1410, #808, .T. ) ;
#835 = ADVANCED_FACE ( 'NONE', ( #168 ), #1342, .T. ) ;
#836 = DIRECTION ( 'NONE',  ( -0.0000000000000000000, -0.0000000000000000000, 1.000000000000000000 ) ) ;
#837 = DIRECTION ( 'NONE',  ( 1.000000000000000000, 0.0000000000000000000, 0.0000000000000000000 ) ) ;
#838 = AXIS2_PLACEMENT_3D ( 'NONE', #281, #661, #1298 ) ;
#839 = DIRECTION ( 'NONE',  ( 1.000000000000000000, 0.0000000000000000000, 0.0000000000000000000 ) ) ;
#840 = EDGE_LOOP ( 'NONE', ( #723, #1145, #407, #4 ) ) ;
#841 = DIRECTION ( 'NONE',  ( -0.0000000000000000000, -0.0000000000000000000, 1.000000000000000000 ) ) ;
#842 = ORIENTED_EDGE ( 'NONE', *, *, #264, .T. ) ;
#843 = ORIENTED_EDGE ( 'NONE', *, *, #491, .F. ) ;
#844 = DIRECTION ( 'NONE',  ( -0.0000000000000000000, -0.0000000000000000000, 1.000000000000000000 ) ) ;
#845 = CARTESIAN_POINT ( 'NONE',  ( -4.013736263736264600, 4.915409268006273000E-016, 2.000000000000000000 ) ) ;
#846 = DIRECTION ( 'NONE',  ( 1.000000000000000000, 0.0000000000000000000, 0.0000000000000000000 ) ) ;
#847 = APPROVAL_PERSON_ORGANIZATION ( #778, #714, #1210 ) ;
#848 = DIRECTION ( 'NONE',  ( 0.8660254037844397100, 0.4999999999999983900, 0.0000000000000000000 ) ) ;
#849 = DIRECTION ( 'NONE',  ( -0.0000000000000000000, -0.0000000000000000000, 1.000000000000000000 ) ) ;
#850 = FACE_OUTER_BOUND ( 'NONE', #990, .T. ) ;
#851 = AXIS2_PLACEMENT_3D ( 'NONE', #952, #34, #434 ) ;
#852 = DIRECTION ( 'NONE',  ( 0.0000000000000000000, 0.0000000000000000000, -1.000000000000000000 ) ) ;
#853 = DIRECTION ( 'NONE',  ( 0.0000000000000000000, 1.000000000000000000, 0.0000000000000000000 ) ) ;
#854 = CC_DESIGN_PERSON_AND_ORGANIZATION_ASSIGNMENT ( #148, #161, ( #1156 ) ) ;
#855 = CIRCLE ( 'NONE', #1411, 0.9271894486024348000 ) ;
#856 = CYLINDRICAL_SURFACE ( 'NONE', #1335, 4.013736263736263700 ) ;
#857 = CARTESIAN_POINT ( 'NONE',  ( -4.800000000000001600, 6.000769315822031700E-016, -2.000000000000001800 ) ) ;
#858 = ORIENTED_EDGE ( 'NONE', *, *, #14, .F. ) ;
#859 = CARTESIAN_POINT ( 'NONE',  ( -3.486263736263736300, 4.269441725598877400E-016, 1.899999999999999900 ) ) ;
#860 = ORIENTED_EDGE ( 'NONE', *, *, #834, .T. ) ;
#861 = DIRECTION ( 'NONE',  ( -0.0000000000000000000, -0.0000000000000000000, 1.000000000000000000 ) ) ;
#862 = CLOSED_SHELL ( 'NONE', ( #603, #1614 ) ) ;
#863 = DIRECTION ( 'NONE',  ( -0.0000000000000000000, -0.0000000000000000000, 1.000000000000000000 ) ) ;
#864 = EDGE_CURVE ( 'NONE', #1257, #279, #780, .T. ) ;
#865 = AXIS2_PLACEMENT_3D ( 'NONE', #1607, #457, #334 ) ;
#866 = ORIENTED_EDGE ( 'NONE', *, *, #513, .F. ) ;
#867 = DIRECTION ( 'NONE',  ( -0.0000000000000000000, -0.0000000000000000000, 1.000000000000000000 ) ) ;
#868 = DIRECTION ( 'NONE',  ( 0.7071067811865436900, 8.659560562354886000E-017, -0.7071067811865513500 ) ) ;
#869 = DIRECTION ( 'NONE',  ( -1.000000000000000000, 1.047444401652940600E-014, 0.0000000000000000000 ) ) ;
#870 = DATE_AND_TIME ( #759, #1246 ) ;
#871 = EDGE_CURVE ( 'NONE', #490, #646, #595, .T. ) ;
#872 = CARTESIAN_POINT ( 'NONE',  ( 0.0000000000000000000, 0.0000000000000000000, -2.000000000000001800 ) ) ;
#873 = AXIS2_PLACEMENT_3D ( 'NONE', #568, #451, #81 ) ;
#874 = VECTOR ( 'NONE', #1244, 1000.000000000000000 ) ;
#875 = CYLINDRICAL_SURFACE ( 'NONE', #403, 2.500000000000000000 ) ;
#876 = FACE_OUTER_BOUND ( 'NONE', #13, .T. ) ;
#877 = CARTESIAN_POINT ( 'NONE',  ( 3.247595264191636600, -1.875000000000015300, -1.530808498934192100E-016 ) ) ;
#878 = CARTESIAN_POINT ( 'NONE',  ( 3.750000000000000000, -1.309305502066175000E-014, -1.530808498934192100E-016 ) ) ;
#879 = CARTESIAN_POINT ( 'NONE',  ( 1.875000000000003600, 3.247595264191642400, -1.530808498934192100E-016 ) ) ;
#880 = ORIENTED_EDGE ( 'NONE', *, *, #1402, .T. ) ;
#881 = DIRECTION ( 'NONE',  ( 0.0000000000000000000, -0.0000000000000000000, 1.000000000000000000 ) ) ;
#882 = DIRECTION ( 'NONE',  ( -0.0000000000000000000, -0.0000000000000000000, 1.000000000000000000 ) ) ;
#883 = DIRECTION ( 'NONE',  ( -0.8660254037844326000, 0.5000000000000104400, 0.0000000000000000000 ) ) ;
#884 = AXIS2_PLACEMENT_3D ( 'NONE', #1510, #761, #1632 ) ;
#885 = ORIENTED_EDGE ( 'NONE', *, *, #1032, .F. ) ;
#886 = ORIENTED_EDGE ( 'NONE', *, *, #798, .F. ) ;
#887 = UNCERTAINTY_MEASURE_WITH_UNIT (LENGTH_MEASURE( 1.000000000000000100E-005 ), #289, 'distance_accuracy_value', 'NONE');
#888 = DIRECTION ( 'NONE',  ( -0.0000000000000000000, -0.0000000000000000000, 1.000000000000000000 ) ) ;
#889 = APPROVAL_DATE_TIME ( #824, #714 ) ;
#890 = FACE_OUTER_BOUND ( 'NONE', #1369, .T. ) ;
#891 = FACE_OUTER_BOUND ( 'NONE', #345, .T. ) ;
#892 = EDGE_CURVE ( 'NONE', #252, #1327, #1270, .T. ) ;
#893 = LINE ( 'NONE', #758, #215 ) ;
#894 = FACE_OUTER_BOUND ( 'NONE', #927, .T. ) ;
#895 = ORIENTED_EDGE ( 'NONE', *, *, #358, .T. ) ;
#896 = AXIS2_PLACEMENT_3D ( 'NONE', #90, #1599, #197 ) ;
#897 = ORIENTED_EDGE ( 'NONE', *, *, #892, .F. ) ;
#898 = ORIENTED_EDGE ( 'NONE', *, *, #311, .T. ) ;
#899 = EDGE_LOOP ( 'NONE', ( #1527, #1121, #1181, #520 ) ) ;
#900 = VERTEX_POINT ( 'NONE', #696 ) ;
#901 = AXIS2_PLACEMENT_3D ( 'NONE', #492, #1615, #1610 ) ;
#902 = CC_DESIGN_SECURITY_CLASSIFICATION ( #561, ( #931 ) ) ;
#903 = COORDINATED_UNIVERSAL_TIME_OFFSET ( 6, 0, .BEHIND. ) ;
#904 = CARTESIAN_POINT ( 'NONE',  ( 0.0000000000000000000, 0.0000000000000000000, 2.000000000000000000 ) ) ;
#905 = FACE_OUTER_BOUND ( 'NONE', #318, .T. ) ;
#906 = SPHERICAL_SURFACE ( 'NONE', #1203, 0.9271894486024351300 ) ;
#907 = EDGE_CURVE ( 'NONE', #338, #144, #1552, .T. ) ;
#908 = VECTOR ( 'NONE', #841, 1000.000000000000000 ) ;
#909 = ORIENTED_EDGE ( 'NONE', *, *, #536, .F. ) ;
#910 = AXIS2_PLACEMENT_3D ( 'NONE', #1563, #1453, #430 ) ;
#911 = DIRECTION ( 'NONE',  ( -1.059690869644413500E-014, -1.000000000000000000, 0.0000000000000000000 ) ) ;
#912 = ORIENTED_EDGE ( 'NONE', *, *, #1646, .F. ) ;
#913 = EDGE_LOOP ( 'NONE', ( #672, #1154 ) ) ;
#914 = ORIENTED_EDGE ( 'NONE', *, *, #380, .T. ) ;
#915 = EDGE_CURVE ( 'NONE', #261, #145, #1224, .T. ) ;
#916 = VERTEX_POINT ( 'NONE', #178 ) ;
#917 = AXIS2_PLACEMENT_3D ( 'NONE', #737, #229, #99 ) ;
#918 = DIRECTION ( 'NONE',  ( 1.000000000000000000, 0.0000000000000000000, 0.0000000000000000000 ) ) ;
#919 = CIRCLE ( 'NONE', #777, 0.9271894486024351300 ) ;
#920 = DIRECTION ( 'NONE',  ( -0.8660254037844431500, -0.4999999999999921700, 0.0000000000000000000 ) ) ;
#921 = CONICAL_SURFACE ( 'NONE', #660, 4.999999999999999100, 0.7853981633974450600 ) ;
#922 = FACE_BOUND ( 'NONE', #1324, .T. ) ;
#923 = CIRCLE ( 'NONE', #1123, 0.9271894486024353500 ) ;
#924 = VERTEX_POINT ( 'NONE', #1057 ) ;
#925 = MANIFOLD_SOLID_BREP ( 'CirPattern1[3]', #441 ) ;
#926 = DIRECTION ( 'NONE',  ( -0.0000000000000000000, -0.0000000000000000000, 1.000000000000000000 ) ) ;
#927 = EDGE_LOOP ( 'NONE', ( #1334, #1514 ) ) ;
#928 = DIRECTION ( 'NONE',  ( -0.0000000000000000000, -0.0000000000000000000, 1.000000000000000000 ) ) ;
#929 = EDGE_CURVE ( 'NONE', #916, #741, #1521, .T. ) ;
#930 = EDGE_LOOP ( 'NONE', ( #1028, #1645, #1030, #538 ) ) ;
#931 = PRODUCT_DEFINITION_FORMATION_WITH_SPECIFIED_SOURCE ( 'ANY', '', #1156, .NOT_KNOWN. ) ;
#932 = CARTESIAN_POINT ( 'NONE',  ( 0.0000000000000000000, 3.750000000000000000, -1.530808498934192100E-016 ) ) ;
#933 = FACE_OUTER_BOUND ( 'NONE', #128, .T. ) ;
#934 = DIRECTION ( 'NONE',  ( 1.000000000000000000, 0.0000000000000000000, 0.0000000000000000000 ) ) ;
#935 = ORIENTED_EDGE ( 'NONE', *, *, #929, .T. ) ;
#936 = EDGE_CURVE ( 'NONE', #1044, #900, #637, .T. ) ;
#937 = DIRECTION ( 'NONE',  ( -0.0000000000000000000, -0.0000000000000000000, 1.000000000000000000 ) ) ;
#938 = AXIS2_PLACEMENT_3D ( 'NONE', #1213, #724, #965 ) ;
#939 = ADVANCED_FACE ( 'NONE', ( #891 ), #1175, .T. ) ;
#940 = CARTESIAN_POINT ( 'NONE',  ( 0.0000000000000000000, 0.0000000000000000000, 0.9271894486024350200 ) ) ;
#941 = VECTOR ( 'NONE', #105, 1000.000000000000000 ) ;
#942 = DIRECTION ( 'NONE',  ( 1.000000000000000000, 0.0000000000000000000, 0.0000000000000000000 ) ) ;
#943 = DIRECTION ( 'NONE',  ( 0.5000000000000012200, 0.8660254037844379300, 0.0000000000000000000 ) ) ;
#944 = DIRECTION ( 'NONE',  ( -0.0000000000000000000, -0.0000000000000000000, 1.000000000000000000 ) ) ;
#945 = CYLINDRICAL_SURFACE ( 'NONE', #1034, 3.486263736263736300 ) ;
#946 = CIRCLE ( 'NONE', #1023, 4.013736263736263700 ) ;
#947 = FACE_OUTER_BOUND ( 'NONE', #899, .T. ) ;
#948 = DIRECTION ( 'NONE',  ( 0.8660254037844362700, -0.5000000000000043300, 0.0000000000000000000 ) ) ;
#949 = EDGE_CURVE ( 'NONE', #1348, #1100, #213, .T. ) ;
#950 = ADVANCED_FACE ( 'NONE', ( #1294 ), #964, .F. ) ;
#951 = ORIENTED_EDGE ( 'NONE', *, *, #915, .F. ) ;
#952 = CARTESIAN_POINT ( 'NONE',  ( 0.0000000000000000000, 0.0000000000000000000, 0.9271894486024350200 ) ) ;
#953 = AXIS2_PLACEMENT_3D ( 'NONE', #748, #235, #1361 ) ;
#954 = CC_DESIGN_APPROVAL ( #484, ( #1247 ) ) ;
#955 = ORIENTED_EDGE ( 'NONE', *, *, #80, .T. ) ;
#956 = ADVANCED_FACE ( 'NONE', ( #285 ), #1282, .F. ) ;
#957 = DIRECTION ( 'NONE',  ( 1.000000000000000000, 0.0000000000000000000, 0.0000000000000000000 ) ) ;
#958 = AXIS2_PLACEMENT_3D ( 'NONE', #1311, #821, #1329 ) ;
#959 = CARTESIAN_POINT ( 'NONE',  ( 3.749999999999996000, 0.0000000000000000000, -1.626303258728256700E-015 ) ) ;
#960 = CARTESIAN_POINT ( 'NONE',  ( 0.0000000000000000000, 0.0000000000000000000, -1.800000000000001200 ) ) ;
#961 = CIRCLE ( 'NONE', #164, 4.013736263736263700 ) ;
#962 = DIRECTION ( 'NONE',  ( 1.000000000000000000, 0.0000000000000000000, 0.0000000000000000000 ) ) ;
#963 = ADVANCED_FACE ( 'NONE', ( #545 ), #718, .T. ) ;
#964 = TOROIDAL_SURFACE ( 'NONE', #910, 3.749999999999996000, 0.9271894486024336900 ) ;
#965 = DIRECTION ( 'NONE',  ( 1.000000000000000000, 0.0000000000000000000, 0.0000000000000000000 ) ) ;
#966 = ADVANCED_FACE ( 'NONE', ( #7 ), #1597, .F. ) ;
#967 = LINE ( 'NONE', #54, #1252 ) ;
#968 = CIRCLE ( 'NONE', #1076, 4.013736263736264600 ) ;
#969 = CARTESIAN_POINT ( 'NONE',  ( 0.0000000000000000000, 0.0000000000000000000, 1.899999999999999900 ) ) ;
#970 = CARTESIAN_POINT ( 'NONE',  ( -1.874999999999958300, 3.247595264191669000, -1.530808498934192100E-016 ) ) ;
#971 = DIRECTION ( 'NONE',  ( -1.000000000000000000, 1.047444401652940600E-014, 0.0000000000000000000 ) ) ;
#972 = ORIENTED_EDGE ( 'NONE', *, *, #665, .F. ) ;
#973 = CARTESIAN_POINT ( 'NONE',  ( 3.750000000000000000, -1.309305502066175000E-014, -1.530808498934192100E-016 ) ) ;
#974 = CARTESIAN_POINT ( 'NONE',  ( 3.486263736263736300, 0.0000000000000000000, 2.000000000000000000 ) ) ;
#975 = EDGE_CURVE ( 'NONE', #133, #1642, #654, .T. ) ;
#976 = ORIENTED_EDGE ( 'NONE', *, *, #369, .T. ) ;
#977 = AXIS2_PLACEMENT_3D ( 'NONE', #1245, #861, #978 ) ;
#978 = DIRECTION ( 'NONE',  ( 1.000000000000000000, 0.0000000000000000000, 0.0000000000000000000 ) ) ;
#979 = ADVANCED_FACE ( 'NONE', ( #1535 ), #670, .F. ) ;
#980 = DIRECTION ( 'NONE',  ( -1.000000000000000000, 0.0000000000000000000, -0.0000000000000000000 ) ) ;
#981 = CARTESIAN_POINT ( 'NONE',  ( 0.0000000000000000000, 0.0000000000000000000, -2.000000000000001800 ) ) ;
#982 = ORIENTED_EDGE ( 'NONE', *, *, #1515, .F. ) ;
#983 = ORIENTED_EDGE ( 'NONE', *, *, #264, .F. ) ;
#984 = DIRECTION ( 'NONE',  ( 0.8660254037844362700, -0.5000000000000043300, 0.0000000000000000000 ) ) ;
#985 = CARTESIAN_POINT ( 'NONE',  ( 3.486263736263736300, 0.0000000000000000000, 2.000000000000000000 ) ) ;
#986 = DIRECTION ( 'NONE',  ( 1.000000000000000000, 0.0000000000000000000, 0.0000000000000000000 ) ) ;
#987 = AXIS2_PLACEMENT_3D ( 'NONE', #872, #485, #1497 ) ;
#988 = DIRECTION ( 'NONE',  ( 1.000000000000000000, 0.0000000000000000000, 0.0000000000000000000 ) ) ;
#989 = FACE_OUTER_BOUND ( 'NONE', #658, .T. ) ;
#990 = EDGE_LOOP ( 'NONE', ( #551, #994 ) ) ;
#991 = DIRECTION ( 'NONE',  ( 1.000000000000000000, -7.105427357601001900E-015, 0.0000000000000000000 ) ) ;
#992 = CIRCLE ( 'NONE', #137, 4.800000000000001600 ) ;
#993 = CIRCLE ( 'NONE', #1233, 3.486263736263736300 ) ;
#994 = ORIENTED_EDGE ( 'NONE', *, *, #1039, .F. ) ;
#995 = DIRECTION ( 'NONE',  ( -0.0000000000000000000, -0.0000000000000000000, 1.000000000000000000 ) ) ;
#996 = CLOSED_SHELL ( 'NONE', ( #1194, #431 ) ) ;
#997 = DIRECTION ( 'NONE',  ( 1.000000000000000000, 0.0000000000000000000, 0.0000000000000000000 ) ) ;
#998 = ORIENTED_EDGE ( 'NONE', *, *, #394, .T. ) ;
#999 = DIRECTION ( 'NONE',  ( -0.0000000000000000000, -0.0000000000000000000, 1.000000000000000000 ) ) ;
#1000 = DIRECTION ( 'NONE',  ( -0.0000000000000000000, -0.0000000000000000000, 1.000000000000000000 ) ) ;
#1001 = EDGE_CURVE ( 'NONE', #555, #1285, #923, .T. ) ;
#1002 = AXIS2_PLACEMENT_3D ( 'NONE', #596, #86, #1141 ) ;
#1003 = DIRECTION ( 'NONE',  ( 0.8660254037844363800, -0.5000000000000040000, 0.0000000000000000000 ) ) ;
#1004 = CARTESIAN_POINT ( 'NONE',  ( 0.0000000000000000000, 0.0000000000000000000, 1.899999999999999900 ) ) ;
#1005 = ORIENTED_EDGE ( 'NONE', *, *, #892, .T. ) ;
#1006 = DIRECTION ( 'NONE',  ( 1.000000000000000000, 0.0000000000000000000, 0.0000000000000000000 ) ) ;
#1007 = DIRECTION ( 'NONE',  ( 3.491481338843134900E-015, 1.000000000000000000, -0.0000000000000000000 ) ) ;
#1008 = EDGE_CURVE ( 'NONE', #1383, #602, #1088, .T. ) ;
#1009 = CARTESIAN_POINT ( 'NONE',  ( 4.013736263736263700, 0.0000000000000000000, 2.000000000000000000 ) ) ;
#1010 = AXIS2_PLACEMENT_3D ( 'NONE', #23, #911, #149 ) ;
#1011 = LINE ( 'NONE', #1412, #331 ) ;
#1012 = VECTOR ( 'NONE', #749, 1000.000000000000000 ) ;
#1013 = DIRECTION ( 'NONE',  ( -0.0000000000000000000, -0.0000000000000000000, 1.000000000000000000 ) ) ;
#1014 = FACE_BOUND ( 'NONE', #1048, .T. ) ;
#1015 = DIRECTION ( 'NONE',  ( -0.0000000000000000000, -0.0000000000000000000, 1.000000000000000000 ) ) ;
#1016 = ORIENTED_EDGE ( 'NONE', *, *, #915, .T. ) ;
#1017 = ORIENTED_EDGE ( 'NONE', *, *, #1019, .T. ) ;
#1018 = ORIENTED_EDGE ( 'NONE', *, *, #765, .F. ) ;
#1019 = EDGE_CURVE ( 'NONE', #789, #587, #312, .T. ) ;
#1020 = ORIENTED_EDGE ( 'NONE', *, *, #907, .T. ) ;
#1021 = ORIENTED_EDGE ( 'NONE', *, *, #633, .T. ) ;
#1022 = CIRCLE ( 'NONE', #1180, 3.486263736263736300 ) ;
#1023 = AXIS2_PLACEMENT_3D ( 'NONE', #1196, #699, #1339 ) ;
#1024 = CIRCLE ( 'NONE', #529, 3.486263736263736300 ) ;
#1025 = VERTEX_POINT ( 'NONE', #1353 ) ;
#1026 = AXIS2_PLACEMENT_3D ( 'NONE', #664, #1047, #673 ) ;
#1027 = CIRCLE ( 'NONE', #478, 3.486263736263736300 ) ;
#1028 = ORIENTED_EDGE ( 'NONE', *, *, #118, .T. ) ;
#1029 = EDGE_LOOP ( 'NONE', ( #389, #796, #644, #1263 ) ) ;
#1030 = ORIENTED_EDGE ( 'NONE', *, *, #521, .F. ) ;
#1031 = CARTESIAN_POINT ( 'NONE',  ( -4.013736263736263700, 4.915409268006272100E-016, 2.000000000000000400 ) ) ;
#1032 = EDGE_CURVE ( 'NONE', #789, #602, #122, .T. ) ;
#1033 = ORIENTED_EDGE ( 'NONE', *, *, #641, .F. ) ;
#1034 = AXIS2_PLACEMENT_3D ( 'NONE', #101, #995, #1388 ) ;
#1035 = ORIENTED_EDGE ( 'NONE', *, *, #358, .F. ) ;
#1036 = CIRCLE ( 'NONE', #302, 4.999999999999999100 ) ;
#1037 = FACE_OUTER_BOUND ( 'NONE', #549, .T. ) ;
#1038 = CIRCLE ( 'NONE', #1094, 0.9271894486024352400 ) ;
#1039 = EDGE_CURVE ( 'NONE', #1067, #488, #1624, .T. ) ;
#1040 = FACE_OUTER_BOUND ( 'NONE', #297, .T. ) ;
#1041 = ORIENTED_EDGE ( 'NONE', *, *, #1001, .T. ) ;
#1042 = EDGE_LOOP ( 'NONE', ( #11, #1231 ) ) ;
#1043 = CARTESIAN_POINT ( 'NONE',  ( 4.800000000000000700, 6.000769315822030700E-016, 2.000000000000000400 ) ) ;
#1044 = VERTEX_POINT ( 'NONE', #707 ) ;
#1045 = CARTESIAN_POINT ( 'NONE',  ( 3.486263736263736300, 0.0000000000000000000, 2.000000000000001800 ) ) ;
#1046 = APPROVAL_STATUS ( 'not_yet_approved' ) ;
#1047 = DIRECTION ( 'NONE',  ( 1.000000000000000000, -6.982962677686269900E-015, 0.0000000000000000000 ) ) ;
#1048 = EDGE_LOOP ( 'NONE', ( #781, #1241 ) ) ;
#1049 = EDGE_CURVE ( 'NONE', #181, #391, #599, .T. ) ;
#1050 = ORIENTED_EDGE ( 'NONE', *, *, #697, .F. ) ;
#1051 = AXIS2_PLACEMENT_3D ( 'NONE', #1248, #999, #1379 ) ;
#1052 = DIRECTION ( 'NONE',  ( -0.0000000000000000000, -0.0000000000000000000, 1.000000000000000000 ) ) ;
#1053 = CARTESIAN_POINT ( 'NONE',  ( -3.247595264191622800, 1.875000000000038000, -1.530808498934192100E-016 ) ) ;
#1054 = FACE_OUTER_BOUND ( 'NONE', #109, .T. ) ;
#1055 = CARTESIAN_POINT ( 'NONE',  ( 3.486263736263736300, 0.0000000000000000000, -2.000000000000001800 ) ) ;
#1056 = FACE_BOUND ( 'NONE', #747, .T. ) ;
#1057 = CARTESIAN_POINT ( 'NONE',  ( 1.875000000000003600, 3.247595264191642400, -0.9271894486024352400 ) ) ;
#1058 = VERTEX_POINT ( 'NONE', #157 ) ;
#1059 = ADVANCED_FACE ( 'NONE', ( #573 ), #831, .F. ) ;
#1060 = FACE_OUTER_BOUND ( 'NONE', #1289, .T. ) ;
#1061 = DIRECTION ( 'NONE',  ( -0.4999999999999892300, 0.8660254037844448100, 0.0000000000000000000 ) ) ;
#1062 = ORIENTED_EDGE ( 'NONE', *, *, #513, .T. ) ;
#1063 = CARTESIAN_POINT ( 'NONE',  ( 4.999999999999999100, 0.0000000000000000000, 2.000000000000000000 ) ) ;
#1064 = AXIS2_PLACEMENT_3D ( 'NONE', #733, #1374, #984 ) ;
#1065 = DIRECTION ( 'NONE',  ( 1.000000000000000000, 0.0000000000000000000, 0.0000000000000000000 ) ) ;
#1066 = ORIENTED_EDGE ( 'NONE', *, *, #162, .T. ) ;
#1067 = VERTEX_POINT ( 'NONE', #619 ) ;
#1068 = DIRECTION ( 'NONE',  ( -0.8660254037844326000, 0.5000000000000104400, 0.0000000000000000000 ) ) ;
#1069 = CARTESIAN_POINT ( 'NONE',  ( -4.013736263736264600, 4.915409268006273000E-016, -0.9271894486024352400 ) ) ;
#1070 = CARTESIAN_POINT ( 'NONE',  ( 3.486263736263736300, 0.0000000000000000000, 2.000000000000000000 ) ) ;
#1071 = ADVANCED_FACE ( 'NONE', ( #876 ), #1227, .T. ) ;
#1072 = VERTEX_POINT ( 'NONE', #363 ) ;
#1073 = ORIENTED_EDGE ( 'NONE', *, *, #380, .F. ) ;
#1074 = EDGE_CURVE ( 'NONE', #1058, #252, #1137, .T. ) ;
#1075 = DIRECTION ( 'NONE',  ( -0.8660254037844451500, -0.4999999999999887900, 0.0000000000000000000 ) ) ;
#1076 = AXIS2_PLACEMENT_3D ( 'NONE', #1117, #589, #1496 ) ;
#1077 = CARTESIAN_POINT ( 'NONE',  ( -1.875000000000026600, -3.247595264191629900, -1.530808498934192100E-016 ) ) ;
#1078 = PERSON_AND_ORGANIZATION ( #272, #370 ) ;
#1079 = DIRECTION ( 'NONE',  ( -0.5000000000000072200, -0.8660254037844344900, 0.0000000000000000000 ) ) ;
#1080 = FACE_OUTER_BOUND ( 'NONE', #1433, .T. ) ;
#1081 = ADVANCED_FACE ( 'NONE', ( #947 ), #1507, .T. ) ;
#1082 = DIRECTION ( 'NONE',  ( -0.8660254037844381500, 0.5000000000000012200, 0.0000000000000000000 ) ) ;
#1083 = CARTESIAN_POINT ( 'NONE',  ( 4.013736263736263700, 0.0000000000000000000, 2.000000000000000000 ) ) ;
#1084 = FACE_OUTER_BOUND ( 'NONE', #647, .T. ) ;
#1085 = DIRECTION ( 'NONE',  ( 0.0000000000000000000, 0.0000000000000000000, 1.000000000000000000 ) ) ;
#1086 = CIRCLE ( 'NONE', #958, 0.9271894486024352400 ) ;
#1087 = CARTESIAN_POINT ( 'NONE',  ( -3.750000000000000000, 3.927916506198524700E-014, -1.530808498934192100E-016 ) ) ;
#1088 = CIRCLE ( 'NONE', #427, 4.999999999999999100 ) ;
#1089 = EDGE_LOOP ( 'NONE', ( #802, #464, #169, #1066 ) ) ;
#1090 = DIRECTION ( 'NONE',  ( 1.000000000000000000, 0.0000000000000000000, 0.0000000000000000000 ) ) ;
#1091 = EDGE_CURVE ( 'NONE', #535, #1545, #1201, .T. ) ;
#1092 = ORIENTED_EDGE ( 'NONE', *, *, #80, .F. ) ;
#1093 = CARTESIAN_POINT ( 'NONE',  ( 0.0000000000000000000, 0.0000000000000000000, 1.899999999999999900 ) ) ;
#1094 = AXIS2_PLACEMENT_3D ( 'NONE', #1370, #991, #615 ) ;
#1095 = DIRECTION ( 'NONE',  ( 1.000000000000000000, 0.0000000000000000000, 0.0000000000000000000 ) ) ;
#1096 = ORIENTED_EDGE ( 'NONE', *, *, #44, .F. ) ;
#1097 = ADVANCED_FACE ( 'NONE', ( #1164 ), #242, .T. ) ;
#1098 = CARTESIAN_POINT ( 'NONE',  ( 0.0000000000000000000, 0.0000000000000000000, -1.530808498934192100E-016 ) ) ;
#1099 = DIRECTION ( 'NONE',  ( 1.000000000000000000, 0.0000000000000000000, 0.0000000000000000000 ) ) ;
#1100 = VERTEX_POINT ( 'NONE', #111 ) ;
#1101 = ORIENTED_EDGE ( 'NONE', *, *, #151, .F. ) ;
#1102 = CARTESIAN_POINT ( 'NONE',  ( -2.699999999999998400, 0.0000000000000000000, -2.000000000000001800 ) ) ;
#1103 = CARTESIAN_POINT ( 'NONE',  ( -1.874999999999958300, 3.247595264191669000, 0.9271894486024350200 ) ) ;
#1104 = DIRECTION ( 'NONE',  ( -0.8660254037844415900, -0.4999999999999949500, 0.0000000000000000000 ) ) ;
#1105 = ADVANCED_FACE ( 'NONE', ( #499 ), #1323, .T. ) ;
#1106 = EDGE_CURVE ( 'NONE', #251, #230, #1554, .T. ) ;
#1107 = DATE_AND_TIME ( #1387, #1532 ) ;
#1108 = CARTESIAN_POINT ( 'NONE',  ( -4.013736263736263700, 4.915409268006272100E-016, 0.9271894486024350200 ) ) ;
#1109 = SPHERICAL_SURFACE ( 'NONE', #1149, 0.9271894486024351300 ) ;
#1110 = DIRECTION ( 'NONE',  ( -0.0000000000000000000, -0.0000000000000000000, 1.000000000000000000 ) ) ;
#1111 = CARTESIAN_POINT ( 'NONE',  ( -3.749999999999996000, 4.592425496802569000E-016, -1.626303258728256700E-015 ) ) ;
#1112 = VECTOR ( 'NONE', #1479, 1000.000000000000000 ) ;
#1113 = ADVANCED_FACE ( 'NONE', ( #1425 ), #534, .T. ) ;
#1114 = VERTEX_POINT ( 'NONE', #125 ) ;
#1115 = CARTESIAN_POINT ( 'NONE',  ( 0.0000000000000000000, 3.750000000000000000, -1.530808498934192100E-016 ) ) ;
#1116 = ORIENTED_EDGE ( 'NONE', *, *, #949, .F. ) ;
#1117 = CARTESIAN_POINT ( 'NONE',  ( 0.0000000000000000000, 0.0000000000000000000, -0.9271894486024352400 ) ) ;
#1118 = CARTESIAN_POINT ( 'NONE',  ( -2.500000000000000000, 3.061616997868383100E-016, 1.800000000000003400 ) ) ;
#1119 = AXIS2_PLACEMENT_3D ( 'NONE', #1191, #62, #564 ) ;
#1120 = VERTEX_POINT ( 'NONE', #250 ) ;
#1121 = ORIENTED_EDGE ( 'NONE', *, *, #823, .T. ) ;
#1122 = DIRECTION ( 'NONE',  ( -0.0000000000000000000, -0.0000000000000000000, 1.000000000000000000 ) ) ;
#1123 = AXIS2_PLACEMENT_3D ( 'NONE', #214, #1104, #1343 ) ;
#1124 = DIRECTION ( 'NONE',  ( 0.4999999999999921200, -0.8660254037844431500, 0.0000000000000000000 ) ) ;
#1125 = DIRECTION ( 'NONE',  ( -0.0000000000000000000, -0.0000000000000000000, 1.000000000000000000 ) ) ;
#1126 = ORIENTED_EDGE ( 'NONE', *, *, #1372, .T. ) ;
#1127 = VERTEX_POINT ( 'NONE', #367 ) ;
#1128 = EDGE_CURVE ( 'NONE', #1190, #1072, #1464, .T. ) ;
#1129 = CARTESIAN_POINT ( 'NONE',  ( -2.618611004132350000E-014, -3.750000000000000000, -1.530808498934192100E-016 ) ) ;
#1130 = DATE_AND_TIME ( #528, #1437 ) ;
#1131 = MANIFOLD_SOLID_BREP ( 'Revolve5[1]', #356 ) ;
#1132 = DIRECTION ( 'NONE',  ( 1.000000000000000000, 0.0000000000000000000, 0.0000000000000000000 ) ) ;
#1133 = DIRECTION ( 'NONE',  ( 1.000000000000000000, -3.491481338843134900E-015, 0.0000000000000000000 ) ) ;
#1134 = FACE_OUTER_BOUND ( 'NONE', #1555, .T. ) ;
#1135 = CARTESIAN_POINT ( 'NONE',  ( 0.0000000000000000000, 3.750000000000000000, -0.9271894486024352400 ) ) ;
#1136 = CIRCLE ( 'NONE', #1418, 2.500000000000000000 ) ;
#1137 = CIRCLE ( 'NONE', #570, 2.500000000000000000 ) ;
#1138 = ORIENTED_EDGE ( 'NONE', *, *, #1539, .T. ) ;
#1139 = ORIENTED_EDGE ( 'NONE', *, *, #725, .T. ) ;
#1140 = CARTESIAN_POINT ( 'NONE',  ( -3.247595264191622800, 1.875000000000038000, -1.530808498934192100E-016 ) ) ;
#1141 = DIRECTION ( 'NONE',  ( 1.000000000000000000, 0.0000000000000000000, 0.0000000000000000000 ) ) ;
#1142 = EDGE_CURVE ( 'NONE', #662, #610, #260, .T. ) ;
#1143 = DIRECTION ( 'NONE',  ( 0.0000000000000000000, 0.0000000000000000000, -1.000000000000000000 ) ) ;
#1144 = ORIENTED_EDGE ( 'NONE', *, *, #1293, .F. ) ;
#1145 = ORIENTED_EDGE ( 'NONE', *, *, #871, .T. ) ;
#1146 = ORIENTED_EDGE ( 'NONE', *, *, #1049, .T. ) ;
#1147 = DIRECTION ( 'NONE',  ( -1.000000000000000000, 0.0000000000000000000, 0.0000000000000000000 ) ) ;
#1148 = EDGE_CURVE ( 'NONE', #490, #1120, #993, .T. ) ;
#1149 = AXIS2_PLACEMENT_3D ( 'NONE', #1115, #83, #853 ) ;
#1150 = FACE_OUTER_BOUND ( 'NONE', #8, .T. ) ;
#1151 = ORIENTED_EDGE ( 'NONE', *, *, #205, .T. ) ;
#1152 = ORIENTED_EDGE ( 'NONE', *, *, #708, .T. ) ;
#1153 = ORIENTED_EDGE ( 'NONE', *, *, #1557, .F. ) ;
#1154 = ORIENTED_EDGE ( 'NONE', *, *, #491, .T. ) ;
#1155 = AXIS2_PLACEMENT_3D ( 'NONE', #113, #607, #604 ) ;
#1156 = PRODUCT ( '7804K106_Stainless Steel Ball Bearing', '7804K106_Stainless Steel Ball Bearing', '', ( #832 ) ) ;
#1157 = ORIENTED_EDGE ( 'NONE', *, *, #1529, .T. ) ;
#1158 = DIRECTION ( 'NONE',  ( -0.0000000000000000000, -0.0000000000000000000, 1.000000000000000000 ) ) ;
#1159 = SHAPE_DEFINITION_REPRESENTATION ( #1472, #5 ) ;
#1160 = EDGE_CURVE ( 'NONE', #141, #785, #22, .T. ) ;
#1161 = FACE_OUTER_BOUND ( 'NONE', #1466, .T. ) ;
#1162 = AXIS2_PLACEMENT_3D ( 'NONE', #1087, #745, #1491 ) ;
#1163 = FACE_OUTER_BOUND ( 'NONE', #396, .T. ) ;
#1164 = FACE_OUTER_BOUND ( 'NONE', #293, .T. ) ;
#1165 = CARTESIAN_POINT ( 'NONE',  ( 0.0000000000000000000, 0.0000000000000000000, 0.8888888888888887300 ) ) ;
#1166 = MANIFOLD_SOLID_BREP ( 'CirPattern1[10]', #29 ) ;
#1167 = AXIS2_PLACEMENT_3D ( 'NONE', #12, #655, #1531 ) ;
#1168 = ORIENTED_EDGE ( 'NONE', *, *, #1484, .F. ) ;
#1169 = ORIENTED_EDGE ( 'NONE', *, *, #907, .F. ) ;
#1170 = ORIENTED_EDGE ( 'NONE', *, *, #58, .T. ) ;
#1171 = CARTESIAN_POINT ( 'NONE',  ( 0.0000000000000000000, 0.0000000000000000000, 0.0000000000000000000 ) ) ;
#1172 = COORDINATED_UNIVERSAL_TIME_OFFSET ( 6, 0, .BEHIND. ) ;
#1173 = CYLINDRICAL_SURFACE ( 'NONE', #1413, 3.486263736263736300 ) ;
#1174 = DIRECTION ( 'NONE',  ( -0.8660254037844399300, -0.4999999999999979500, 0.0000000000000000000 ) ) ;
#1175 = CYLINDRICAL_SURFACE ( 'NONE', #1192, 4.013736263736264600 ) ;
#1176 = CIRCLE ( 'NONE', #505, 5.000000000000000000 ) ;
#1177 = AXIS2_PLACEMENT_3D ( 'NONE', #410, #1284, #165 ) ;
#1178 = FACE_OUTER_BOUND ( 'NONE', #1274, .T. ) ;
#1179 = DIRECTION ( 'NONE',  ( -0.0000000000000000000, -0.0000000000000000000, 1.000000000000000000 ) ) ;
#1180 = AXIS2_PLACEMENT_3D ( 'NONE', #1292, #928, #1461 ) ;
#1181 = ORIENTED_EDGE ( 'NONE', *, *, #1457, .F. ) ;
#1182 = DIRECTION ( 'NONE',  ( -0.0000000000000000000, -0.0000000000000000000, 1.000000000000000000 ) ) ;
#1183 = ORIENTED_EDGE ( 'NONE', *, *, #44, .T. ) ;
#1184 = ORIENTED_EDGE ( 'NONE', *, *, #929, .F. ) ;
#1185 = DIRECTION ( 'NONE',  ( 1.000000000000000000, 0.0000000000000000000, 0.0000000000000000000 ) ) ;
#1186 = DIRECTION ( 'NONE',  ( 1.000000000000000000, 0.0000000000000000000, 0.0000000000000000000 ) ) ;
#1187 = CARTESIAN_POINT ( 'NONE',  ( 0.0000000000000000000, 3.750000000000000000, -1.530808498934192100E-016 ) ) ;
#1188 = MANIFOLD_SOLID_BREP ( 'Revolve3', #1262 ) ;
#1189 = EDGE_CURVE ( 'NONE', #1441, #741, #216, .T. ) ;
#1190 = VERTEX_POINT ( 'NONE', #687 ) ;
#1191 = CARTESIAN_POINT ( 'NONE',  ( 3.750000000000000000, 0.0000000000000000000, -1.530808498934192100E-016 ) ) ;
#1192 = AXIS2_PLACEMENT_3D ( 'NONE', #806, #1199, #303 ) ;
#1193 = CARTESIAN_POINT ( 'NONE',  ( -3.750000000000000000, 3.927916506198524700E-014, -0.9271894486024352400 ) ) ;
#1194 = ADVANCED_FACE ( 'NONE', ( #624 ), #768, .T. ) ;
#1195 = APPROVAL_PERSON_ORGANIZATION ( #400, #110, #797 ) ;
#1196 = CARTESIAN_POINT ( 'NONE',  ( 0.0000000000000000000, 0.0000000000000000000, 0.8888888888888887300 ) ) ;
#1197 = CARTESIAN_POINT ( 'NONE',  ( 1.874999999999981100, -3.247595264191655700, 0.9271894486024350200 ) ) ;
#1198 = CYLINDRICAL_SURFACE ( 'NONE', #326, 2.500000000000000000 ) ;
#1199 = DIRECTION ( 'NONE',  ( -0.0000000000000000000, -0.0000000000000000000, 1.000000000000000000 ) ) ;
#1200 = FACE_OUTER_BOUND ( 'NONE', #1627, .T. ) ;
#1201 = CIRCLE ( 'NONE', #1530, 4.013736263736263700 ) ;
#1202 = CARTESIAN_POINT ( 'NONE',  ( 0.0000000000000000000, 2.699999999999998400, -2.000000000000001800 ) ) ;
#1203 = AXIS2_PLACEMENT_3D ( 'NONE', #970, #1209, #221 ) ;
#1204 = ADVANCED_FACE ( 'NONE', ( #894, #153 ), #301, .F. ) ;
#1205 = CARTESIAN_POINT ( 'NONE',  ( 0.0000000000000000000, 0.0000000000000000000, -1.626303258728256700E-015 ) ) ;
#1206 = VERTEX_POINT ( 'NONE', #1193 ) ;
#1207 = DIRECTION ( 'NONE',  ( -0.0000000000000000000, -0.0000000000000000000, 1.000000000000000000 ) ) ;
#1208 = CARTESIAN_POINT ( 'NONE',  ( -4.800000000000000700, 0.0000000000000000000, 2.000000000000000400 ) ) ;
#1209 = DIRECTION ( 'NONE',  ( -0.8660254037844449200, -0.4999999999999892900, 0.0000000000000000000 ) ) ;
#1210 = APPROVAL_ROLE ( '' ) ;
#1211 = CARTESIAN_POINT ( 'NONE',  ( -4.999999999999999100, 0.0000000000000000000, 1.800000000000000500 ) ) ;
#1212 = ORIENTED_EDGE ( 'NONE', *, *, #269, .F. ) ;
#1213 = CARTESIAN_POINT ( 'NONE',  ( 0.0000000000000000000, 0.0000000000000000000, -1.900000000000000100 ) ) ;
#1214 = ORIENTED_EDGE ( 'NONE', *, *, #1091, .T. ) ;
#1215 = ADVANCED_FACE ( 'NONE', ( #406 ), #375, .F. ) ;
#1216 = CARTESIAN_POINT ( 'NONE',  ( 0.0000000000000000000, 0.0000000000000000000, 2.000000000000000000 ) ) ;
#1217 = DIRECTION ( 'NONE',  ( -0.0000000000000000000, -0.0000000000000000000, 1.000000000000000000 ) ) ;
#1218 =( NAMED_UNIT ( * ) SI_UNIT ( $, .STERADIAN. ) SOLID_ANGLE_UNIT ( ) );
#1219 = CC_DESIGN_PERSON_AND_ORGANIZATION_ASSIGNMENT ( #1078, #1585, ( #1247 ) ) ;
#1220 = CARTESIAN_POINT ( 'NONE',  ( 0.0000000000000000000, 0.0000000000000000000, 2.000000000000000000 ) ) ;
#1221 = CALENDAR_DATE ( 2021, 9, 7 ) ;
#1222 = FACE_OUTER_BOUND ( 'NONE', #1581, .T. ) ;
#1223 = DIRECTION ( 'NONE',  ( -0.0000000000000000000, -0.0000000000000000000, 1.000000000000000000 ) ) ;
#1224 = CIRCLE ( 'NONE', #686, 2.700000000000000600 ) ;
#1225 = ADVANCED_FACE ( 'NONE', ( #450 ), #1346, .F. ) ;
#1226 = DIRECTION ( 'NONE',  ( -0.5000000000000103300, -0.8660254037844329300, 0.0000000000000000000 ) ) ;
#1227 = SPHERICAL_SURFACE ( 'NONE', #1279, 0.9271894486024351300 ) ;
#1228 = ORIENTED_EDGE ( 'NONE', *, *, #1128, .T. ) ;
#1229 = CARTESIAN_POINT ( 'NONE',  ( -2.618611004132350000E-014, -3.750000000000000000, 0.9271894486024350200 ) ) ;
#1230 = EDGE_CURVE ( 'NONE', #1493, #625, #70, .T. ) ;
#1231 = ORIENTED_EDGE ( 'NONE', *, *, #536, .T. ) ;
#1232 = DIRECTION ( 'NONE',  ( 0.8660254037844396000, 0.4999999999999983300, 0.0000000000000000000 ) ) ;
#1233 = AXIS2_PLACEMENT_3D ( 'NONE', #940, #1052, #56 ) ;
#1234 = VERTEX_POINT ( 'NONE', #428 ) ;
#1235 = CARTESIAN_POINT ( 'NONE',  ( 3.750000000000000000, -1.309305502066175000E-014, 0.9271894486024350200 ) ) ;
#1236 = VERTEX_POINT ( 'NONE', #565 ) ;
#1237 = DIRECTION ( 'NONE',  ( 0.0000000000000000000, 0.0000000000000000000, -1.000000000000000000 ) ) ;
#1238 = ADVANCED_FACE ( 'NONE', ( #1040 ), #335, .T. ) ;
#1239 = ORIENTED_EDGE ( 'NONE', *, *, #1160, .F. ) ;
#1240 = CARTESIAN_POINT ( 'NONE',  ( -4.013736263736263700, 4.915409268006272100E-016, 2.000000000000000000 ) ) ;
#1241 = ORIENTED_EDGE ( 'NONE', *, *, #394, .F. ) ;
#1242 = DIRECTION ( 'NONE',  ( -0.4999999999999982800, 0.8660254037844397100, 0.0000000000000000000 ) ) ;
#1243 = AXIS2_PLACEMENT_3D ( 'NONE', #1546, #800, #1536 ) ;
#1244 = DIRECTION ( 'NONE',  ( -0.0000000000000000000, -0.0000000000000000000, 1.000000000000000000 ) ) ;
#1245 = CARTESIAN_POINT ( 'NONE',  ( 0.0000000000000000000, 0.0000000000000000000, -1.626303258728256700E-015 ) ) ;
#1246 = LOCAL_TIME ( 7, 13, 34.00000000000000000, #1172 ) ;
#1247 = PRODUCT_DEFINITION ( 'UNKNOWN', '', #931, #1265 ) ;
#1248 = CARTESIAN_POINT ( 'NONE',  ( 0.0000000000000000000, 0.0000000000000000000, 2.000000000000000000 ) ) ;
#1249 = CARTESIAN_POINT ( 'NONE',  ( 0.0000000000000000000, 0.0000000000000000000, 2.000000000000001800 ) ) ;
#1250 = FACE_OUTER_BOUND ( 'NONE', #98, .T. ) ;
#1251 = MANIFOLD_SOLID_BREP ( 'Revolve4', #314 ) ;
#1252 = VECTOR ( 'NONE', #173, 1000.000000000000000 ) ;
#1253 = VECTOR ( 'NONE', #1467, 1000.000000000000000 ) ;
#1254 = DIRECTION ( 'NONE',  ( -0.4999999999999947800, 0.8660254037844415900, 0.0000000000000000000 ) ) ;
#1255 = DIRECTION ( 'NONE',  ( 1.000000000000000000, 0.0000000000000000000, 0.0000000000000000000 ) ) ;
#1256 = AXIS2_PLACEMENT_3D ( 'NONE', #511, #888, #639 ) ;
#1257 = VERTEX_POINT ( 'NONE', #180 ) ;
#1258 = AXIS2_PLACEMENT_3D ( 'NONE', #1602, #204, #1090 ) ;
#1259 = PLANE ( 'NONE',  #387 ) ;
#1260 = CARTESIAN_POINT ( 'NONE',  ( -3.247595264191662300, -1.874999999999969800, -1.530808498934192100E-016 ) ) ;
#1261 = DIRECTION ( 'NONE',  ( 0.5000000000000012200, 0.8660254037844379300, 0.0000000000000000000 ) ) ;
#1262 = CLOSED_SHELL ( 'NONE', ( #1465, #966, #327, #591, #1355, #1238, #1225, #1081, #1337, #575, #950, #49, #88, #198, #190, #93 ) ) ;
#1263 = ORIENTED_EDGE ( 'NONE', *, *, #340, .F. ) ;
#1264 = EDGE_LOOP ( 'NONE', ( #360, #719, #1016, #10 ) ) ;
#1265 = DESIGN_CONTEXT ( 'detailed design', #459, 'design' ) ;
#1266 = EDGE_CURVE ( 'NONE', #1120, #490, #1393, .T. ) ;
#1267 = AXIS2_PLACEMENT_3D ( 'NONE', #1542, #1422, #526 ) ;
#1268 = CARTESIAN_POINT ( 'NONE',  ( -3.486263736263736300, 4.269441725598877400E-016, 2.000000000000000000 ) ) ;
#1269 = DIRECTION ( 'NONE',  ( 1.000000000000000000, 0.0000000000000000000, 0.0000000000000000000 ) ) ;
#1270 = LINE ( 'NONE', #1314, #257 ) ;
#1271 = FACE_OUTER_BOUND ( 'NONE', #452, .T. ) ;
#1272 = FACE_OUTER_BOUND ( 'NONE', #1526, .T. ) ;
#1273 = ORIENTED_EDGE ( 'NONE', *, *, #24, .F. ) ;
#1274 = EDGE_LOOP ( 'NONE', ( #982, #154, #1126, #537 ) ) ;
#1275 = AXIS2_PLACEMENT_3D ( 'NONE', #960, #1589, #73 ) ;
#1276 = CIRCLE ( 'NONE', #884, 2.699999999999998400 ) ;
#1277 = ORIENTED_EDGE ( 'NONE', *, *, #1189, .F. ) ;
#1278 = EDGE_CURVE ( 'NONE', #728, #1190, #1640, .T. ) ;
#1279 = AXIS2_PLACEMENT_3D ( 'NONE', #1634, #1007, #233 ) ;
#1280 = LINE ( 'NONE', #1486, #874 ) ;
#1281 = CIRCLE ( 'NONE', #917, 0.9271894486024335700 ) ;
#1282 = CYLINDRICAL_SURFACE ( 'NONE', #1449, 4.013736263736263700 ) ;
#1283 = ORIENTED_EDGE ( 'NONE', *, *, #1074, .F. ) ;
#1284 = DIRECTION ( 'NONE',  ( -0.0000000000000000000, -0.0000000000000000000, 1.000000000000000000 ) ) ;
#1285 = VERTEX_POINT ( 'NONE', #1197 ) ;
#1286 = EDGE_CURVE ( 'NONE', #475, #1127, #968, .T. ) ;
#1287 = AXIS2_PLACEMENT_3D ( 'NONE', #981, #1000, #1619 ) ;
#1288 = ORIENTED_EDGE ( 'NONE', *, *, #542, .F. ) ;
#1289 = EDGE_LOOP ( 'NONE', ( #1277, #102, #1395, #935 ) ) ;
#1290 = CARTESIAN_POINT ( 'NONE',  ( -4.013736263736263700, 4.915409268006272100E-016, 1.899999999999999900 ) ) ;
#1291 = LINE ( 'NONE', #845, #167 ) ;
#1292 = CARTESIAN_POINT ( 'NONE',  ( 0.0000000000000000000, 0.0000000000000000000, 0.8888888888888887300 ) ) ;
#1293 = EDGE_CURVE ( 'NONE', #1206, #1234, #640, .T. ) ;
#1294 = FACE_OUTER_BOUND ( 'NONE', #631, .T. ) ;
#1295 = AXIS2_PLACEMENT_3D ( 'NONE', #877, #114, #1003 ) ;
#1296 = FACE_OUTER_BOUND ( 'NONE', #1538, .T. ) ;
#1297 = CIRCLE ( 'NONE', #15, 2.500000000000000000 ) ;
#1298 = DIRECTION ( 'NONE',  ( 0.8660254037844397100, 0.4999999999999983900, 0.0000000000000000000 ) ) ;
#1299 = CARTESIAN_POINT ( 'NONE',  ( 0.0000000000000000000, 0.0000000000000000000, -0.9271894486024352400 ) ) ;
#1300 = ORIENTED_EDGE ( 'NONE', *, *, #1286, .F. ) ;
#1301 = ORIENTED_EDGE ( 'NONE', *, *, #1230, .T. ) ;
#1302 = DIRECTION ( 'NONE',  ( 0.5000000000000042200, 0.8660254037844361500, -0.0000000000000000000 ) ) ;
#1303 = EDGE_CURVE ( 'NONE', #279, #1257, #1297, .T. ) ;
#1304 = DIRECTION ( 'NONE',  ( 1.000000000000000000, 0.0000000000000000000, 0.0000000000000000000 ) ) ;
#1305 = AXIS2_PLACEMENT_3D ( 'NONE', #1363, #460, #473 ) ;
#1306 = ORIENTED_EDGE ( 'NONE', *, *, #790, .F. ) ;
#1307 = DIRECTION ( 'NONE',  ( 0.5000000000000012200, 0.8660254037844379300, 0.0000000000000000000 ) ) ;
#1308 = ORIENTED_EDGE ( 'NONE', *, *, #609, .T. ) ;
#1309 = DIRECTION ( 'NONE',  ( 0.8660254037844432600, 0.4999999999999919500, 0.0000000000000000000 ) ) ;
#1310 = CARTESIAN_POINT ( 'NONE',  ( 0.0000000000000000000, 0.0000000000000000000, -1.800000000000001200 ) ) ;
#1311 = CARTESIAN_POINT ( 'NONE',  ( 3.750000000000000000, -1.309305502066175000E-014, -1.530808498934192100E-016 ) ) ;
#1312 = CARTESIAN_POINT ( 'NONE',  ( 0.0000000000000000000, 0.0000000000000000000, -1.900000000000000100 ) ) ;
#1313 = LINE ( 'NONE', #507, #735 ) ;
#1314 = CARTESIAN_POINT ( 'NONE',  ( -2.500000000000000000, 0.0000000000000000000, -1.800000000000001200 ) ) ;
#1315 = DIRECTION ( 'NONE',  ( -0.0000000000000000000, -0.0000000000000000000, 1.000000000000000000 ) ) ;
#1316 = CARTESIAN_POINT ( 'NONE',  ( -3.247595264191622800, 1.875000000000038000, -0.9271894486024352400 ) ) ;
#1317 = AXIS2_PLACEMENT_3D ( 'NONE', #904, #1158, #530 ) ;
#1318 = CIRCLE ( 'NONE', #901, 0.9271894486024348000 ) ;
#1319 = EDGE_LOOP ( 'NONE', ( #523, #176 ) ) ;
#1320 = ADVANCED_FACE ( 'NONE', ( #1014, #290 ), #731, .F. ) ;
#1321 = CIRCLE ( 'NONE', #1155, 0.9271894486024349100 ) ;
#1322 = CARTESIAN_POINT ( 'NONE',  ( 4.800000000000001600, 0.0000000000000000000, -2.000000000000001800 ) ) ;
#1323 = SPHERICAL_SURFACE ( 'NONE', #544, 0.9271894486024351300 ) ;
#1324 = EDGE_LOOP ( 'NONE', ( #1556, #266 ) ) ;
#1325 = DIRECTION ( 'NONE',  ( 1.000000000000000000, 0.0000000000000000000, 0.0000000000000000000 ) ) ;
#1326 = ORIENTED_EDGE ( 'NONE', *, *, #725, .F. ) ;
#1327 = VERTEX_POINT ( 'NONE', #1102 ) ;
#1328 = DIRECTION ( 'NONE',  ( -0.5000000000000012200, -0.8660254037844380400, 0.0000000000000000000 ) ) ;
#1329 = DIRECTION ( 'NONE',  ( -1.000000000000000000, 3.613946018757869300E-015, 0.0000000000000000000 ) ) ;
#1330 = ADVANCED_FACE ( 'NONE', ( #1178 ), #856, .T. ) ;
#1331 = EDGE_CURVE ( 'NONE', #900, #1044, #547, .T. ) ;
#1332 = DIRECTION ( 'NONE',  ( 1.000000000000000000, 0.0000000000000000000, 0.0000000000000000000 ) ) ;
#1333 = CARTESIAN_POINT ( 'NONE',  ( 0.0000000000000000000, 0.0000000000000000000, -1.900000000000000100 ) ) ;
#1334 = ORIENTED_EDGE ( 'NONE', *, *, #118, .F. ) ;
#1335 = AXIS2_PLACEMENT_3D ( 'NONE', #1483, #96, #962 ) ;
#1336 = DIRECTION ( 'NONE',  ( 1.000000000000000000, 0.0000000000000000000, 0.0000000000000000000 ) ) ;
#1337 = ADVANCED_FACE ( 'NONE', ( #1600, #1272 ), #228, .F. ) ;
#1338 = CARTESIAN_POINT ( 'NONE',  ( -3.750000000000000000, 4.592425496802574000E-016, -1.530808498934192100E-016 ) ) ;
#1339 = DIRECTION ( 'NONE',  ( 1.000000000000000000, 0.0000000000000000000, 0.0000000000000000000 ) ) ;
#1340 = ADVANCED_FACE ( 'NONE', ( #1523 ), #608, .T. ) ;
#1341 = DIRECTION ( 'NONE',  ( -0.0000000000000000000, -0.0000000000000000000, 1.000000000000000000 ) ) ;
#1342 = SPHERICAL_SURFACE ( 'NONE', #265, 0.9271894486024351300 ) ;
#1343 = DIRECTION ( 'NONE',  ( 0.4999999999999947800, -0.8660254037844415900, 0.0000000000000000000 ) ) ;
#1344 = EDGE_CURVE ( 'NONE', #587, #1383, #518, .T. ) ;
#1345 = FACE_OUTER_BOUND ( 'NONE', #605, .T. ) ;
#1346 = TOROIDAL_SURFACE ( 'NONE', #643, 3.749999999999996000, 0.9271894486024336900 ) ;
#1347 = CARTESIAN_POINT ( 'NONE',  ( -1.874999999999958300, 3.247595264191669000, -1.530808498934192100E-016 ) ) ;
#1348 = VERTEX_POINT ( 'NONE', #614 ) ;
#1349 = DIRECTION ( 'NONE',  ( 0.0000000000000000000, -0.0000000000000000000, 1.000000000000000000 ) ) ;
#1350 = AXIS2_PLACEMENT_3D ( 'NONE', #284, #397, #1174 ) ;
#1351 = DIRECTION ( 'NONE',  ( 0.4999999999999948400, -0.8660254037844415900, 0.0000000000000000000 ) ) ;
#1352 = ORIENTED_EDGE ( 'NONE', *, *, #1646, .T. ) ;
#1353 = CARTESIAN_POINT ( 'NONE',  ( 2.699999999999998400, 3.306546357697851300E-016, -2.000000000000001800 ) ) ;
#1354 = ORIENTED_EDGE ( 'NONE', *, *, #823, .F. ) ;
#1355 = ADVANCED_FACE ( 'NONE', ( #1593 ), #420, .F. ) ;
#1356 = CARTESIAN_POINT ( 'NONE',  ( 1.875000000000003600, 3.247595264191642400, -1.530808498934192100E-016 ) ) ;
#1357 = DIRECTION ( 'NONE',  ( -0.0000000000000000000, -0.0000000000000000000, 1.000000000000000000 ) ) ;
#1358 = ORIENTED_EDGE ( 'NONE', *, *, #234, .T. ) ;
#1359 = ORIENTED_EDGE ( 'NONE', *, *, #1142, .F. ) ;
#1360 = ADVANCED_FACE ( 'NONE', ( #1054 ), #1365, .F. ) ;
#1361 = DIRECTION ( 'NONE',  ( 0.0000000000000000000, 0.0000000000000000000, -1.000000000000000000 ) ) ;
#1362 = DIRECTION ( 'NONE',  ( 1.000000000000000000, 0.0000000000000000000, 0.0000000000000000000 ) ) ;
#1363 = CARTESIAN_POINT ( 'NONE',  ( 0.0000000000000000000, 0.0000000000000000000, -1.800000000000001200 ) ) ;
#1364 = CARTESIAN_POINT ( 'NONE',  ( -4.999999999999999100, 6.123233995736765300E-016, 2.000000000000000000 ) ) ;
#1365 = CYLINDRICAL_SURFACE ( 'NONE', #371, 3.486263736263736300 ) ;
#1366 = DIRECTION ( 'NONE',  ( 0.4999999999999980000, -0.8660254037844398200, 0.0000000000000000000 ) ) ;
#1367 = CARTESIAN_POINT ( 'NONE',  ( -3.247595264191622800, 1.875000000000038000, 0.9271894486024350200 ) ) ;
#1368 = LINE ( 'NONE', #807, #620 ) ;
#1369 = EDGE_LOOP ( 'NONE', ( #72, #1020 ) ) ;
#1370 = CARTESIAN_POINT ( 'NONE',  ( -2.618611004132350000E-014, -3.750000000000000000, -1.530808498934192100E-016 ) ) ;
#1371 = CIRCLE ( 'NONE', #440, 3.486263736263736300 ) ;
#1372 = EDGE_CURVE ( 'NONE', #456, #1545, #117, .T. ) ;
#1373 = EDGE_LOOP ( 'NONE', ( #843, #898 ) ) ;
#1374 = DIRECTION ( 'NONE',  ( 0.5000000000000042200, 0.8660254037844361500, -0.0000000000000000000 ) ) ;
#1375 = AXIS2_PLACEMENT_3D ( 'NONE', #1444, #566, #323 ) ;
#1376 = VERTEX_POINT ( 'NONE', #84 ) ;
#1377 = DIRECTION ( 'NONE',  ( -0.8660254037844431500, -0.4999999999999921200, 0.0000000000000000000 ) ) ;
#1378 = ORIENTED_EDGE ( 'NONE', *, *, #1592, .F. ) ;
#1379 = DIRECTION ( 'NONE',  ( 1.000000000000000000, 0.0000000000000000000, 0.0000000000000000000 ) ) ;
#1380 = DIRECTION ( 'NONE',  ( -0.0000000000000000000, -0.0000000000000000000, 1.000000000000000000 ) ) ;
#1381 = CARTESIAN_POINT ( 'NONE',  ( 4.800000000000001600, 0.0000000000000000000, -2.000000000000001800 ) ) ;
#1382 = ORIENTED_EDGE ( 'NONE', *, *, #324, .T. ) ;
#1383 = VERTEX_POINT ( 'NONE', #1471 ) ;
#1384 = EDGE_CURVE ( 'NONE', #1120, #1398, #1420, .T. ) ;
#1385 = AXIS2_PLACEMENT_3D ( 'NONE', #1596, #82, #330 ) ;
#1386 = DIRECTION ( 'NONE',  ( 1.000000000000000000, 0.0000000000000000000, 0.0000000000000000000 ) ) ;
#1387 = CALENDAR_DATE ( 2021, 9, 7 ) ;
#1388 = DIRECTION ( 'NONE',  ( 1.000000000000000000, 0.0000000000000000000, 0.0000000000000000000 ) ) ;
#1389 = SPHERICAL_SURFACE ( 'NONE', #455, 0.9271894486024351300 ) ;
#1390 = CYLINDRICAL_SURFACE ( 'NONE', #873, 3.486263736263736300 ) ;
#1391 = CIRCLE ( 'NONE', #683, 3.486263736263736300 ) ;
#1392 = DIRECTION ( 'NONE',  ( -0.0000000000000000000, -0.0000000000000000000, 1.000000000000000000 ) ) ;
#1393 = CIRCLE ( 'NONE', #382, 3.486263736263736300 ) ;
#1394 = DIRECTION ( 'NONE',  ( -0.0000000000000000000, -0.0000000000000000000, 1.000000000000000000 ) ) ;
#1395 = ORIENTED_EDGE ( 'NONE', *, *, #183, .T. ) ;
#1396 = ORIENTED_EDGE ( 'NONE', *, *, #697, .T. ) ;
#1397 = EDGE_CURVE ( 'NONE', #172, #1410, #1550, .T. ) ;
#1398 = VERTEX_POINT ( 'NONE', #219 ) ;
#1399 = CARTESIAN_POINT ( 'NONE',  ( -3.486263736263736300, 4.269441725598877400E-016, 2.000000000000001800 ) ) ;
#1400 = ORIENTED_EDGE ( 'NONE', *, *, #1484, .T. ) ;
#1401 = ORIENTED_EDGE ( 'NONE', *, *, #1293, .T. ) ;
#1402 = EDGE_CURVE ( 'NONE', #1058, #1025, #351, .T. ) ;
#1403 = AXIS2_PLACEMENT_3D ( 'NONE', #467, #1357, #1362 ) ;
#1404 = FACE_OUTER_BOUND ( 'NONE', #202, .T. ) ;
#1405 = TOROIDAL_SURFACE ( 'NONE', #300, 3.750000000000000000, 0.9271894486024351300 ) ;
#1406 = EDGE_LOOP ( 'NONE', ( #1378, #656 ) ) ;
#1407 = CYLINDRICAL_SURFACE ( 'NONE', #186, 3.486263736263736300 ) ;
#1408 = ORIENTED_EDGE ( 'NONE', *, *, #1582, .T. ) ;
#1409 = EDGE_LOOP ( 'NONE', ( #1018, #754, #1414, #755 ) ) ;
#1410 = VERTEX_POINT ( 'NONE', #1367 ) ;
#1411 = AXIS2_PLACEMENT_3D ( 'NONE', #879, #1512, #1261 ) ;
#1412 = CARTESIAN_POINT ( 'NONE',  ( -3.486263736263736300, 4.269441725598877400E-016, 2.000000000000000000 ) ) ;
#1413 = AXIS2_PLACEMENT_3D ( 'NONE', #1636, #366, #1269 ) ;
#1414 = ORIENTED_EDGE ( 'NONE', *, *, #790, .T. ) ;
#1415 = VERTEX_POINT ( 'NONE', #1476 ) ;
#1416 = CARTESIAN_POINT ( 'NONE',  ( 3.247595264191636600, -1.875000000000015300, -1.530808498934192100E-016 ) ) ;
#1417 = MANIFOLD_SOLID_BREP ( 'CirPattern1[4]', #1443 ) ;
#1418 = AXIS2_PLACEMENT_3D ( 'NONE', #378, #1392, #1643 ) ;
#1419 = COORDINATED_UNIVERSAL_TIME_OFFSET ( 6, 0, .BEHIND. ) ;
#1420 = LINE ( 'NONE', #985, #1438 ) ;
#1421 = AXIS2_PLACEMENT_3D ( 'NONE', #702, #194, #1079 ) ;
#1422 = DIRECTION ( 'NONE',  ( 0.0000000000000000000, 0.0000000000000000000, -1.000000000000000000 ) ) ;
#1423 = FACE_OUTER_BOUND ( 'NONE', #1373, .T. ) ;
#1424 = FACE_BOUND ( 'NONE', #1426, .T. ) ;
#1425 = FACE_OUTER_BOUND ( 'NONE', #87, .T. ) ;
#1426 = EDGE_LOOP ( 'NONE', ( #674, #813 ) ) ;
#1427 = DIRECTION ( 'NONE',  ( 0.0000000000000000000, 0.0000000000000000000, -1.000000000000000000 ) ) ;
#1428 = ORIENTED_EDGE ( 'NONE', *, *, #1106, .T. ) ;
#1429 = CARTESIAN_POINT ( 'NONE',  ( 4.013736263736264600, 0.0000000000000000000, -1.900000000000000100 ) ) ;
#1430 = CARTESIAN_POINT ( 'NONE',  ( 0.0000000000000000000, 0.0000000000000000000, -2.000000000000000000 ) ) ;
#1431 = AXIS2_PLACEMENT_3D ( 'NONE', #495, #1242, #848 ) ;
#1432 = DIRECTION ( 'NONE',  ( 1.000000000000000000, 0.0000000000000000000, 0.0000000000000000000 ) ) ;
#1433 = EDGE_LOOP ( 'NONE', ( #1144, #1139 ) ) ;
#1434 = ORIENTED_EDGE ( 'NONE', *, *, #422, .F. ) ;
#1435 = DIRECTION ( 'NONE',  ( 0.0000000000000000000, 0.0000000000000000000, -1.000000000000000000 ) ) ;
#1436 = DIRECTION ( 'NONE',  ( -0.7071067811865436900, 0.0000000000000000000, -0.7071067811865513500 ) ) ;
#1437 = LOCAL_TIME ( 7, 13, 34.00000000000000000, #445 ) ;
#1438 = VECTOR ( 'NONE', #1341, 1000.000000000000000 ) ;
#1439 = AXIS2_PLACEMENT_3D ( 'NONE', #31, #1315, #563 ) ;
#1440 = DIRECTION ( 'NONE',  ( 1.000000000000000000, 0.0000000000000000000, 0.0000000000000000000 ) ) ;
#1441 = VERTEX_POINT ( 'NONE', #1605 ) ;
#1442 = VERTEX_POINT ( 'NONE', #606 ) ;
#1443 = CLOSED_SHELL ( 'NONE', ( #693, #835 ) ) ;
#1444 = CARTESIAN_POINT ( 'NONE',  ( 0.0000000000000000000, 0.0000000000000000000, -0.8888888888888903900 ) ) ;
#1445 = ADVANCED_FACE ( 'NONE', ( #1617 ), #1389, .T. ) ;
#1446 = EDGE_CURVE ( 'NONE', #555, #1285, #328, .T. ) ;
#1447 = CARTESIAN_POINT ( 'NONE',  ( -1.874999999999958300, 3.247595264191669000, -1.530808498934192100E-016 ) ) ;
#1448 = DIRECTION ( 'NONE',  ( -1.000000000000000000, 0.0000000000000000000, 0.0000000000000000000 ) ) ;
#1449 = AXIS2_PLACEMENT_3D ( 'NONE', #689, #1568, #1325 ) ;
#1450 = CARTESIAN_POINT ( 'NONE',  ( 1.875000000000003600, 3.247595264191642400, -1.530808498934192100E-016 ) ) ;
#1451 = VERTEX_POINT ( 'NONE', #618 ) ;
#1452 = EDGE_LOOP ( 'NONE', ( #659, #1214 ) ) ;
#1453 = DIRECTION ( 'NONE',  ( -0.0000000000000000000, -0.0000000000000000000, 1.000000000000000000 ) ) ;
#1454 = ADVANCED_FACE ( 'NONE', ( #1080 ), #2, .T. ) ;
#1455 = DIRECTION ( 'NONE',  ( 1.000000000000000000, 0.0000000000000000000, 0.0000000000000000000 ) ) ;
#1456 = DIRECTION ( 'NONE',  ( 1.000000000000000000, 0.0000000000000000000, 0.0000000000000000000 ) ) ;
#1457 = EDGE_CURVE ( 'NONE', #391, #26, #18, .T. ) ;
#1458 = DIRECTION ( 'NONE',  ( -0.0000000000000000000, -0.0000000000000000000, 1.000000000000000000 ) ) ;
#1459 = AXIS2_PLACEMENT_3D ( 'NONE', #1492, #863, #986 ) ;
#1460 = SPHERICAL_SURFACE ( 'NONE', #838, 0.9271894486024351300 ) ;
#1461 = DIRECTION ( 'NONE',  ( 1.000000000000000000, 0.0000000000000000000, 0.0000000000000000000 ) ) ;
#1462 = SPHERICAL_SURFACE ( 'NONE', #753, 0.9271894486024351300 ) ;
#1463 = CARTESIAN_POINT ( 'NONE',  ( 0.0000000000000000000, 0.0000000000000000000, 2.000000000000000000 ) ) ;
#1464 = LINE ( 'NONE', #828, #794 ) ;
#1465 = ADVANCED_FACE ( 'NONE', ( #1222 ), #136, .F. ) ;
#1466 = EDGE_LOOP ( 'NONE', ( #384, #1516 ) ) ;
#1467 = DIRECTION ( 'NONE',  ( 0.7071067811865452400, 8.659560562354904500E-017, -0.7071067811865497900 ) ) ;
#1468 = ORIENTED_EDGE ( 'NONE', *, *, #834, .F. ) ;
#1469 = ADVANCED_FACE ( 'NONE', ( #890 ), #1109, .T. ) ;
#1470 = APPLICATION_PROTOCOL_DEFINITION ( 'international standard', 'config_control_design', 1994, #201 ) ;
#1471 = CARTESIAN_POINT ( 'NONE',  ( -4.999999999999999100, 0.0000000000000000000, 1.800000000000000500 ) ) ;
#1472 = PRODUCT_DEFINITION_SHAPE ( 'NONE', 'NONE',  #1247 ) ;
#1473 = EDGE_CURVE ( 'NONE', #679, #701, #649, .T. ) ;
#1474 = DIRECTION ( 'NONE',  ( 0.0000000000000000000, -1.000000000000000000, 0.0000000000000000000 ) ) ;
#1475 = ORIENTED_EDGE ( 'NONE', *, *, #1278, .T. ) ;
#1476 = CARTESIAN_POINT ( 'NONE',  ( 3.750000000000000000, -1.309305502066175000E-014, -0.9271894486024352400 ) ) ;
#1477 = VERTEX_POINT ( 'NONE', #1108 ) ;
#1478 = ADVANCED_FACE ( 'NONE', ( #805 ), #779, .T. ) ;
#1479 = DIRECTION ( 'NONE',  ( -0.7071067811865452400, 0.0000000000000000000, -0.7071067811865497900 ) ) ;
#1480 = DIRECTION ( 'NONE',  ( 1.000000000000000000, 0.0000000000000000000, 0.0000000000000000000 ) ) ;
#1481 = CARTESIAN_POINT ( 'NONE',  ( 0.0000000000000000000, 0.0000000000000000000, -2.000000000000000000 ) ) ;
#1482 = FACE_OUTER_BOUND ( 'NONE', #663, .T. ) ;
#1483 = CARTESIAN_POINT ( 'NONE',  ( 0.0000000000000000000, 0.0000000000000000000, 2.000000000000000000 ) ) ;
#1484 = EDGE_CURVE ( 'NONE', #1067, #475, #1291, .T. ) ;
#1485 = CIRCLE ( 'NONE', #248, 4.013736263736263700 ) ;
#1486 = CARTESIAN_POINT ( 'NONE',  ( 4.013736263736264600, 0.0000000000000000000, 2.000000000000000000 ) ) ;
#1487 = VERTEX_POINT ( 'NONE', #1235 ) ;
#1488 = AXIS2_PLACEMENT_3D ( 'NONE', #1098, #849, #1336 ) ;
#1489 = DIRECTION ( 'NONE',  ( -0.0000000000000000000, -0.0000000000000000000, 1.000000000000000000 ) ) ;
#1490 = ORIENTED_EDGE ( 'NONE', *, *, #1008, .F. ) ;
#1491 = DIRECTION ( 'NONE',  ( -1.000000000000000000, 1.047444401652940600E-014, 0.0000000000000000000 ) ) ;
#1492 = CARTESIAN_POINT ( 'NONE',  ( 0.0000000000000000000, 0.0000000000000000000, 2.000000000000000000 ) ) ;
#1493 = VERTEX_POINT ( 'NONE', #1381 ) ;
#1494 = CLOSED_SHELL ( 'NONE', ( #1097, #963 ) ) ;
#1495 = CARTESIAN_POINT ( 'NONE',  ( -3.750000000000000000, 3.927916506198524700E-014, -1.530808498934192100E-016 ) ) ;
#1496 = DIRECTION ( 'NONE',  ( 1.000000000000000000, 0.0000000000000000000, 0.0000000000000000000 ) ) ;
#1497 = DIRECTION ( 'NONE',  ( 1.000000000000000000, 0.0000000000000000000, 0.0000000000000000000 ) ) ;
#1498 = ORIENTED_EDGE ( 'NONE', *, *, #1506, .T. ) ;
#1499 = AXIS2_PLACEMENT_3D ( 'NONE', #368, #126, #883 ) ;
#1500 = CARTESIAN_POINT ( 'NONE',  ( -4.013736263736264600, 4.915409268006273000E-016, -2.000000000000000000 ) ) ;
#1501 = CARTESIAN_POINT ( 'NONE',  ( -3.247595264191662300, -1.874999999999969800, -1.530808498934192100E-016 ) ) ;
#1502 = DIRECTION ( 'NONE',  ( -0.5000000000000072200, -0.8660254037844344900, 0.0000000000000000000 ) ) ;
#1503 = APPROVAL_DATE_TIME ( #1130, #110 ) ;
#1504 = SPHERICAL_SURFACE ( 'NONE', #1609, 0.9271894486024351300 ) ;
#1505 = FACE_OUTER_BOUND ( 'NONE', #39, .T. ) ;
#1506 = EDGE_CURVE ( 'NONE', #1114, #560, #543, .T. ) ;
#1507 = CYLINDRICAL_SURFACE ( 'NONE', #1051, 3.486263736263736300 ) ;
#1508 = ORIENTED_EDGE ( 'NONE', *, *, #143, .T. ) ;
#1509 = AXIS2_PLACEMENT_3D ( 'NONE', #43, #182, #811 ) ;
#1510 = CARTESIAN_POINT ( 'NONE',  ( 0.0000000000000000000, 0.0000000000000000000, -2.000000000000001800 ) ) ;
#1511 = DIRECTION ( 'NONE',  ( 1.000000000000000000, 0.0000000000000000000, 0.0000000000000000000 ) ) ;
#1512 = DIRECTION ( 'NONE',  ( 0.8660254037844380400, -0.5000000000000010000, 0.0000000000000000000 ) ) ;
#1513 = CARTESIAN_POINT ( 'NONE',  ( 0.0000000000000000000, 0.0000000000000000000, 1.800000000000000500 ) ) ;
#1514 = ORIENTED_EDGE ( 'NONE', *, *, #463, .F. ) ;
#1515 = EDGE_CURVE ( 'NONE', #1477, #535, #760, .T. ) ;
#1516 = ORIENTED_EDGE ( 'NONE', *, *, #1446, .T. ) ;
#1517 = AXIS2_PLACEMENT_3D ( 'NONE', #1165, #795, #1432 ) ;
#1518 = PERSON_AND_ORGANIZATION ( #272, #370 ) ;
#1519 = MANIFOLD_SOLID_BREP ( 'Revolve5[2]', #429 ) ;
#1520 = FACE_OUTER_BOUND ( 'NONE', #840, .T. ) ;
#1521 = CIRCLE ( 'NONE', #784, 4.013736263736263700 ) ;
#1522 = VECTOR ( 'NONE', #766, 1000.000000000000000 ) ;
#1523 = FACE_OUTER_BOUND ( 'NONE', #930, .T. ) ;
#1524 = ORIENTED_EDGE ( 'NONE', *, *, #936, .T. ) ;
#1525 = AXIS2_PLACEMENT_3D ( 'NONE', #1129, #752, #364 ) ;
#1526 = EDGE_LOOP ( 'NONE', ( #680, #127 ) ) ;
#1527 = ORIENTED_EDGE ( 'NONE', *, *, #1639, .T. ) ;
#1528 = ORIENTED_EDGE ( 'NONE', *, *, #1592, .T. ) ;
#1529 = EDGE_CURVE ( 'NONE', #1442, #181, #92, .T. ) ;
#1530 = AXIS2_PLACEMENT_3D ( 'NONE', #1004, #882, #629 ) ;
#1531 = DIRECTION ( 'NONE',  ( 1.000000000000000000, 0.0000000000000000000, 0.0000000000000000000 ) ) ;
#1532 = LOCAL_TIME ( 7, 13, 34.00000000000000000, #61 ) ;
#1533 = CIRCLE ( 'NONE', #559, 0.9271894486024348000 ) ;
#1534 = CONICAL_SURFACE ( 'NONE', #1541, 2.700000000000000600, 0.7853981633974537200 ) ;
#1535 = FACE_OUTER_BOUND ( 'NONE', #1409, .T. ) ;
#1536 = DIRECTION ( 'NONE',  ( 1.000000000000000000, 0.0000000000000000000, 0.0000000000000000000 ) ) ;
#1537 = ORIENTED_EDGE ( 'NONE', *, *, #1344, .T. ) ;
#1538 = EDGE_LOOP ( 'NONE', ( #554, #1544 ) ) ;
#1539 = EDGE_CURVE ( 'NONE', #1127, #475, #684, .T. ) ;
#1540 = ORIENTED_EDGE ( 'NONE', *, *, #633, .F. ) ;
#1541 = AXIS2_PLACEMENT_3D ( 'NONE', #1249, #1380, #622 ) ;
#1542 = CARTESIAN_POINT ( 'NONE',  ( 0.0000000000000000000, 4.013736263736263700, 1.899999999999999900 ) ) ;
#1543 = DIRECTION ( 'NONE',  ( -0.4999999999999919500, 0.8660254037844432600, 0.0000000000000000000 ) ) ;
#1544 = ORIENTED_EDGE ( 'NONE', *, *, #205, .F. ) ;
#1545 = VERTEX_POINT ( 'NONE', #482 ) ;
#1546 = CARTESIAN_POINT ( 'NONE',  ( 0.0000000000000000000, 0.0000000000000000000, 2.000000000000000400 ) ) ;
#1547 = DIRECTION ( 'NONE',  ( 0.0000000000000000000, 0.0000000000000000000, -1.000000000000000000 ) ) ;
#1548 = CARTESIAN_POINT ( 'NONE',  ( -3.486263736263736300, 4.269441725598877400E-016, 2.000000000000000000 ) ) ;
#1549 = EDGE_CURVE ( 'NONE', #602, #1383, #1036, .T. ) ;
#1550 = CIRCLE ( 'NONE', #756, 0.9271894486024352400 ) ;
#1551 = AXIS2_PLACEMENT_3D ( 'NONE', #512, #372, #1386 ) ;
#1552 = CIRCLE ( 'NONE', #48, 0.9271894486024352400 ) ;
#1553 = LINE ( 'NONE', #1268, #669 ) ;
#1554 = LINE ( 'NONE', #502, #193 ) ;
#1555 = EDGE_LOOP ( 'NONE', ( #585, #409, #1631, #1490 ) ) ;
#1556 = ORIENTED_EDGE ( 'NONE', *, *, #1473, .T. ) ;
#1557 = EDGE_CURVE ( 'NONE', #279, #261, #1313, .T. ) ;
#1558 = ORIENTED_EDGE ( 'NONE', *, *, #1074, .T. ) ;
#1559 = EDGE_LOOP ( 'NONE', ( #1273, #695, #322, #1408 ) ) ;
#1560 = PLANE ( 'NONE',  #677 ) ;
#1561 = AXIS2_PLACEMENT_3D ( 'NONE', #722, #472, #971 ) ;
#1562 = DIRECTION ( 'NONE',  ( 0.8660254037844327100, -0.5000000000000103300, 0.0000000000000000000 ) ) ;
#1563 = CARTESIAN_POINT ( 'NONE',  ( 0.0000000000000000000, 0.0000000000000000000, -1.626303258728256700E-015 ) ) ;
#1564 = ORIENTED_EDGE ( 'NONE', *, *, #782, .T. ) ;
#1565 = VERTEX_POINT ( 'NONE', #130 ) ;
#1566 = CARTESIAN_POINT ( 'NONE',  ( 0.0000000000000000000, 0.0000000000000000000, -2.000000000000001800 ) ) ;
#1567 = ADVANCED_FACE ( 'NONE', ( #1404 ), #209, .T. ) ;
#1568 = DIRECTION ( 'NONE',  ( -0.0000000000000000000, -0.0000000000000000000, 1.000000000000000000 ) ) ;
#1569 = CARTESIAN_POINT ( 'NONE',  ( -3.486263736263736300, 4.269441725598877400E-016, 0.9271894486024350200 ) ) ;
#1570 = DIRECTION ( 'NONE',  ( -0.0000000000000000000, -0.0000000000000000000, 1.000000000000000000 ) ) ;
#1571 = AXIS2_PLACEMENT_3D ( 'NONE', #557, #1547, #550 ) ;
#1572 = DIRECTION ( 'NONE',  ( 0.5000000000000041100, 0.8660254037844361500, -0.0000000000000000000 ) ) ;
#1573 = AXIS2_PLACEMENT_3D ( 'NONE', #757, #244, #1351 ) ;
#1574 = CYLINDRICAL_SURFACE ( 'NONE', #1317, 4.999999999999999100 ) ;
#1575 = DIRECTION ( 'NONE',  ( -0.0000000000000000000, -0.0000000000000000000, 1.000000000000000000 ) ) ;
#1576 = ADVANCED_FACE ( 'NONE', ( #1520 ), #1173, .F. ) ;
#1577 = SPHERICAL_SURFACE ( 'NONE', #1525, 0.9271894486024351300 ) ;
#1578 = VECTOR ( 'NONE', #1580, 1000.000000000000000 ) ;
#1579 = CARTESIAN_POINT ( 'NONE',  ( 1.874999999999981100, -3.247595264191655700, -1.530808498934192100E-016 ) ) ;
#1580 = DIRECTION ( 'NONE',  ( 0.7071067811865444600, 0.0000000000000000000, 0.7071067811865505700 ) ) ;
#1581 = EDGE_LOOP ( 'NONE', ( #85, #1021, #100, #46 ) ) ;
#1582 = EDGE_CURVE ( 'NONE', #1588, #1565, #961, .T. ) ;
#1583 = DIRECTION ( 'NONE',  ( 1.224646799147353200E-016, 1.000000000000000000, 0.0000000000000000000 ) ) ;
#1584 = DIRECTION ( 'NONE',  ( 1.000000000000000000, 0.0000000000000000000, 0.0000000000000000000 ) ) ;
#1585 = PERSON_AND_ORGANIZATION_ROLE ( 'creator' ) ;
#1586 = ADVANCED_FACE ( 'NONE', ( #850, #305 ), #1259, .F. ) ;
#1587 = ORIENTED_EDGE ( 'NONE', *, *, #798, .T. ) ;
#1588 = VERTEX_POINT ( 'NONE', #379 ) ;
#1589 = DIRECTION ( 'NONE',  ( 0.0000000000000000000, 0.0000000000000000000, -1.000000000000000000 ) ) ;
#1590 = PERSON_AND_ORGANIZATION_ROLE ( 'classification_officer' ) ;
#1591 = PERSON_AND_ORGANIZATION ( #272, #370 ) ;
#1592 = EDGE_CURVE ( 'NONE', #662, #610, #514, .T. ) ;
#1593 = FACE_OUTER_BOUND ( 'NONE', #104, .T. ) ;
#1594 = ADVANCED_FACE ( 'NONE', ( #1482 ), #616, .T. ) ;
#1595 = DIRECTION ( 'NONE',  ( -0.0000000000000000000, -0.0000000000000000000, 1.000000000000000000 ) ) ;
#1596 = CARTESIAN_POINT ( 'NONE',  ( 0.0000000000000000000, 0.0000000000000000000, -2.000000000000001800 ) ) ;
#1597 = TOROIDAL_SURFACE ( 'NONE', #1622, 3.749999999999996000, 0.9271894486024336900 ) ;
#1598 = VECTOR ( 'NONE', #825, 1000.000000000000000 ) ;
#1599 = DIRECTION ( 'NONE',  ( -0.0000000000000000000, -0.0000000000000000000, 1.000000000000000000 ) ) ;
#1600 = FACE_BOUND ( 'NONE', #1612, .T. ) ;
#1601 = EDGE_LOOP ( 'NONE', ( #1168, #783, #1644, #1300 ) ) ;
#1602 = CARTESIAN_POINT ( 'NONE',  ( 0.0000000000000000000, 0.0000000000000000000, -2.000000000000001800 ) ) ;
#1603 = ORIENTED_EDGE ( 'NONE', *, *, #1402, .F. ) ;
#1604 = CARTESIAN_POINT ( 'NONE',  ( 2.822810551397562300, 0.0000000000000000000, -1.739851217771673700E-015 ) ) ;
#1605 = CARTESIAN_POINT ( 'NONE',  ( -4.013736263736263700, 4.915409268006272100E-016, 0.8888888888888887300 ) ) ;
#1606 = ORIENTED_EDGE ( 'NONE', *, *, #621, .T. ) ;
#1607 = CARTESIAN_POINT ( 'NONE',  ( 0.0000000000000000000, 4.013736263736264600, -0.9271894486024352400 ) ) ;
#1608 = CARTESIAN_POINT ( 'NONE',  ( -2.700000000000000600, 3.306546357697854200E-016, 2.000000000000001800 ) ) ;
#1609 = AXIS2_PLACEMENT_3D ( 'NONE', #1447, #681, #1061 ) ;
#1610 = DIRECTION ( 'NONE',  ( -0.4999999999999892900, 0.8660254037844449200, 0.0000000000000000000 ) ) ;
#1611 = ORIENTED_EDGE ( 'NONE', *, *, #324, .F. ) ;
#1612 = EDGE_LOOP ( 'NONE', ( #588, #951 ) ) ;
#1613 = CARTESIAN_POINT ( 'NONE',  ( 4.013736263736263700, 0.0000000000000000000, 2.000000000000000000 ) ) ;
#1614 = ADVANCED_FACE ( 'NONE', ( #470 ), #402, .T. ) ;
#1615 = DIRECTION ( 'NONE',  ( 0.8660254037844450400, 0.4999999999999889000, -0.0000000000000000000 ) ) ;
#1616 = DIRECTION ( 'NONE',  ( 1.000000000000000000, 0.0000000000000000000, 0.0000000000000000000 ) ) ;
#1617 = FACE_OUTER_BOUND ( 'NONE', #501, .T. ) ;
#1618 = DIRECTION ( 'NONE',  ( -0.0000000000000000000, -0.0000000000000000000, 1.000000000000000000 ) ) ;
#1619 = DIRECTION ( 'NONE',  ( 1.000000000000000000, 0.0000000000000000000, 0.0000000000000000000 ) ) ;
#1620 = EDGE_CURVE ( 'NONE', #701, #679, #36, .T. ) ;
#1621 = CIRCLE ( 'NONE', #1350, 0.9271894486024351300 ) ;
#1622 = AXIS2_PLACEMENT_3D ( 'NONE', #416, #548, #68 ) ;
#1623 = FACE_OUTER_BOUND ( 'NONE', #692, .T. ) ;
#1624 = CIRCLE ( 'NONE', #938, 4.013736263736264600 ) ;
#1625 = ORIENTED_EDGE ( 'NONE', *, *, #864, .T. ) ;
#1626 = EDGE_LOOP ( 'NONE', ( #1359, #1528 ) ) ;
#1627 = EDGE_LOOP ( 'NONE', ( #1468, #139 ) ) ;
#1628 = EDGE_CURVE ( 'NONE', #1642, #1044, #65, .T. ) ;
#1629 = AXIS2_PLACEMENT_3D ( 'NONE', #973, #476, #732 ) ;
#1630 = EDGE_LOOP ( 'NONE', ( #481, #1498, #1434, #408 ) ) ;
#1631 = ORIENTED_EDGE ( 'NONE', *, *, #151, .T. ) ;
#1632 = DIRECTION ( 'NONE',  ( 1.000000000000000000, 0.0000000000000000000, 0.0000000000000000000 ) ) ;
#1633 = DIRECTION ( 'NONE',  ( -0.0000000000000000000, -0.0000000000000000000, 1.000000000000000000 ) ) ;
#1634 = CARTESIAN_POINT ( 'NONE',  ( 3.750000000000000000, -1.309305502066175000E-014, -1.530808498934192100E-016 ) ) ;
#1635 = DIRECTION ( 'NONE',  ( -0.0000000000000000000, -0.0000000000000000000, 1.000000000000000000 ) ) ;
#1636 = CARTESIAN_POINT ( 'NONE',  ( 0.0000000000000000000, 0.0000000000000000000, 2.000000000000000000 ) ) ;
#1637 = VECTOR ( 'NONE', #1182, 1000.000000000000000 ) ;
#1638 = CYLINDRICAL_SURFACE ( 'NONE', #776, 3.486263736263736300 ) ;
#1639 = EDGE_CURVE ( 'NONE', #181, #1442, #1022, .T. ) ;
#1640 = CIRCLE ( 'NONE', #493, 3.486263736263736300 ) ;
#1641 = ORIENTED_EDGE ( 'NONE', *, *, #1303, .T. ) ;
#1642 = VERTEX_POINT ( 'NONE', #594 ) ;
#1643 = DIRECTION ( 'NONE',  ( 1.000000000000000000, 0.0000000000000000000, 0.0000000000000000000 ) ) ;
#1644 = ORIENTED_EDGE ( 'NONE', *, *, #665, .T. ) ;
#1645 = ORIENTED_EDGE ( 'NONE', *, *, #1515, .T. ) ;
#1646 = EDGE_CURVE ( 'NONE', #1348, #1100, #919, .T. ) ;
#1647 = ORIENTED_EDGE ( 'NONE', *, *, #1384, .T. ) ;
ENDSEC;
END-ISO-10303-21;
