ISO-10303-21;
HEADER;
/* Generated by software containing ST-Developer
 * from STEP Tools, Inc. (www.steptools.com) 
 */

FILE_DESCRIPTION(
/* description */ ('',
'CAx-IF Rec.Pracs.---Representation and Presentation of Product Manufa
cturing Information (PMI)---4.0---2014-10-13'),
/* implementation_level */ '2;1');

FILE_NAME(
/* name */ 'GT2_30T_8mm-Bore_6mm-Belt v2.step',
/* time_stamp */ '2025-01-11T10:35:53-08:00',
/* author */ (''),
/* organization */ (''),
/* preprocessor_version */ 'ST-DEVELOPER v20',
/* originating_system */ 'Autodesk Translation Framework v13.20.0.188',

/* authorisation */ '');

FILE_SCHEMA (('AP242_MANAGED_MODEL_BASED_3D_ENGINEERING_MIM_LF { 1 0 10303 442 1 1 4 }'));
ENDSEC;

DATA;
#10=MECHANICAL_DESIGN_GEOMETRIC_PRESENTATION_REPRESENTATION('',(#17),#6979);
#11=SHAPE_REPRESENTATION_RELATIONSHIP('SRR','None',#6989,#12);
#12=ADVANCED_BREP_SHAPE_REPRESENTATION('',(#18),#6977);
#13=ITEM_DEFINED_TRANSFORMATION($,$,#3700,#4272);
#14=(
REPRESENTATION_RELATIONSHIP($,$,#6990,#6989)
REPRESENTATION_RELATIONSHIP_WITH_TRANSFORMATION(#13)
SHAPE_REPRESENTATION_RELATIONSHIP()
);
#15=CONTEXT_DEPENDENT_SHAPE_REPRESENTATION(#14,#6988);
#16=NEXT_ASSEMBLY_USAGE_OCCURRENCE('GT2 Timing Pulley v2 v1:1',
'GT2 Timing Pulley v2 v1:1','GT2 Timing Pulley v2 v1:1',#6992,#6993,
'GT2 Timing Pulley v2 v1:1');
#17=STYLED_ITEM('',(#7003),#18);
#18=MANIFOLD_SOLID_BREP('Body1',#3686);
#19=PLANE('',#4251);
#20=PLANE('',#4256);
#21=PLANE('',#4260);
#22=PLANE('',#4262);
#23=PLANE('',#4267);
#24=PLANE('',#4271);
#25=B_SPLINE_SURFACE_WITH_KNOTS('',3,3,((#6797,#6798,#6799,#6800,#6801,
#6802,#6803,#6804,#6805,#6806,#6807,#6808,#6809,#6810,#6811,#6812,#6813,
#6814,#6815),(#6816,#6817,#6818,#6819,#6820,#6821,#6822,#6823,#6824,#6825,
#6826,#6827,#6828,#6829,#6830,#6831,#6832,#6833,#6834),(#6835,#6836,#6837,
#6838,#6839,#6840,#6841,#6842,#6843,#6844,#6845,#6846,#6847,#6848,#6849,
#6850,#6851,#6852,#6853),(#6854,#6855,#6856,#6857,#6858,#6859,#6860,#6861,
#6862,#6863,#6864,#6865,#6866,#6867,#6868,#6869,#6870,#6871,#6872)),
 .UNSPECIFIED.,.F.,.T.,.F.,(4,4),(4,1,1,1,1,1,1,1,1,1,1,1,1,1,1,1,4),(0.,
1.),(0.,0.0726941540081451,0.14538830801629,0.181735385020363,0.218082462024435,
0.29077661603258,0.363470770040725,0.436164924048871,0.508859078057016,
0.581553232065161,0.617900309069233,0.654247386073306,0.726941540081451,
0.799635694089596,0.872329848097741,0.945024002105886,1.01771815611403),
 .UNSPECIFIED.);
#26=FACE_BOUND('',#426,.T.);
#27=FACE_BOUND('',#427,.T.);
#28=FACE_BOUND('',#432,.T.);
#29=FACE_BOUND('',#434,.T.);
#30=FACE_BOUND('',#435,.T.);
#31=FACE_BOUND('',#438,.T.);
#32=FACE_BOUND('',#441,.T.);
#33=FACE_BOUND('',#443,.T.);
#34=FACE_BOUND('',#447,.T.);
#35=FACE_BOUND('',#450,.T.);
#36=CONICAL_SURFACE('',#4242,4.15,0.785398163397447);
#37=CONICAL_SURFACE('',#4248,7.7,0.785398163397448);
#38=CONICAL_SURFACE('',#4255,4.15,0.785398163397447);
#39=CONICAL_SURFACE('',#4263,4.1,0.785398163397449);
#40=B_SPLINE_CURVE_WITH_KNOTS('',3,(#6697,#6698,#6699,#6700,#6701,#6702,
#6703,#6704,#6705,#6706,#6707,#6708,#6709,#6710,#6711,#6712,#6713,#6714,
#6715,#6716,#6717,#6718,#6719,#6720,#6721,#6722,#6723,#6724,#6725,#6726,
#6727,#6728,#6729,#6730),.UNSPECIFIED.,.T.,.F.,(4,2,2,2,2,2,2,2,2,2,2,2,
2,2,2,2,4),(0.,0.0636457722776078,0.127291544555216,0.190860541791862,0.254429539028508,
0.317998536265154,0.3815675335018,0.445213305779408,0.508859078057016,0.572504850334624,
0.636150622612231,0.699719619848877,0.763288617085524,0.82685761432217,
0.890426611558816,0.954072383836424,1.01771815611403),.UNSPECIFIED.);
#41=B_SPLINE_CURVE_WITH_KNOTS('',3,(#6733,#6734,#6735,#6736,#6737,#6738,
#6739,#6740,#6741,#6742,#6743,#6744,#6745,#6746,#6747,#6748,#6749,#6750,
#6751,#6752,#6753,#6754,#6755,#6756,#6757,#6758,#6759,#6760,#6761,#6762,
#6763,#6764,#6765,#6766),.UNSPECIFIED.,.T.,.F.,(4,2,2,2,2,2,2,2,2,2,2,2,
2,2,2,2,4),(0.,0.0629647459377045,0.125929491875409,0.188889742472959,0.251849993070509,
0.314810243668059,0.377770494265608,0.440735240203313,0.503699986141017,
0.566664732078721,0.629629478016426,0.692589728613976,0.755549979211526,
0.818510229809075,0.881470480406625,0.94443522634433,1.00739997228203),
 .UNSPECIFIED.);
#42=B_SPLINE_CURVE_WITH_KNOTS('',3,(#6778,#6779,#6780,#6781,#6782,#6783,
#6784,#6785,#6786,#6787,#6788,#6789,#6790,#6791,#6792,#6793,#6794,#6795,
#6796),.UNSPECIFIED.,.T.,.F.,(4,1,1,1,1,1,1,1,1,1,1,1,1,1,1,1,4),(-1.01771815611403,
-0.945024002105886,-0.872329848097741,-0.799635694089596,-0.726941540081451,
-0.654247386073306,-0.617900309069233,-0.581553232065161,-0.508859078057016,
-0.436164924048871,-0.363470770040725,-0.29077661603258,-0.218082462024435,
-0.181735385020363,-0.14538830801629,-0.0726941540081451,0.),
 .UNSPECIFIED.);
#43=B_SPLINE_CURVE_WITH_KNOTS('',3,(#6875,#6876,#6877,#6878,#6879,#6880,
#6881,#6882,#6883,#6884,#6885,#6886,#6887,#6888,#6889,#6890,#6891,#6892,
#6893),.UNSPECIFIED.,.T.,.F.,(4,1,1,1,1,1,1,1,1,1,1,1,1,1,1,1,4),(0.,0.0726941540081451,
0.14538830801629,0.181735385020363,0.218082462024435,0.29077661603258,0.363470770040725,
0.436164924048871,0.508859078057016,0.581553232065161,0.617900309069233,
0.654247386073306,0.726941540081451,0.799635694089596,0.872329848097741,
0.945024002105886,1.01771815611403),.UNSPECIFIED.);
#44=B_SPLINE_CURVE_WITH_KNOTS('',3,(#6897,#6898,#6899,#6900,#6901,#6902,
#6903,#6904,#6905,#6906,#6907,#6908,#6909,#6910,#6911,#6912,#6913,#6914,
#6915,#6916,#6917,#6918,#6919,#6920,#6921,#6922,#6923,#6924,#6925,#6926,
#6927,#6928,#6929,#6930),.UNSPECIFIED.,.T.,.F.,(4,2,2,2,2,2,2,2,2,2,2,2,
2,2,2,2,4),(0.,0.0629647459377045,0.125929491875409,0.188889742472959,0.251849993070509,
0.314810243668059,0.377770494265608,0.440735240203313,0.503699986141017,
0.566664732078721,0.629629478016426,0.692589728613976,0.755549979211526,
0.818510229809076,0.881470480406625,0.94443522634433,1.00739997228203),
 .UNSPECIFIED.);
#45=FACE_OUTER_BOUND('',#243,.T.);
#46=FACE_OUTER_BOUND('',#244,.T.);
#47=FACE_OUTER_BOUND('',#245,.T.);
#48=FACE_OUTER_BOUND('',#246,.T.);
#49=FACE_OUTER_BOUND('',#247,.T.);
#50=FACE_OUTER_BOUND('',#248,.T.);
#51=FACE_OUTER_BOUND('',#249,.T.);
#52=FACE_OUTER_BOUND('',#250,.T.);
#53=FACE_OUTER_BOUND('',#251,.T.);
#54=FACE_OUTER_BOUND('',#252,.T.);
#55=FACE_OUTER_BOUND('',#253,.T.);
#56=FACE_OUTER_BOUND('',#254,.T.);
#57=FACE_OUTER_BOUND('',#255,.T.);
#58=FACE_OUTER_BOUND('',#256,.T.);
#59=FACE_OUTER_BOUND('',#257,.T.);
#60=FACE_OUTER_BOUND('',#258,.T.);
#61=FACE_OUTER_BOUND('',#259,.T.);
#62=FACE_OUTER_BOUND('',#260,.T.);
#63=FACE_OUTER_BOUND('',#261,.T.);
#64=FACE_OUTER_BOUND('',#262,.T.);
#65=FACE_OUTER_BOUND('',#263,.T.);
#66=FACE_OUTER_BOUND('',#264,.T.);
#67=FACE_OUTER_BOUND('',#265,.T.);
#68=FACE_OUTER_BOUND('',#266,.T.);
#69=FACE_OUTER_BOUND('',#267,.T.);
#70=FACE_OUTER_BOUND('',#268,.T.);
#71=FACE_OUTER_BOUND('',#269,.T.);
#72=FACE_OUTER_BOUND('',#270,.T.);
#73=FACE_OUTER_BOUND('',#271,.T.);
#74=FACE_OUTER_BOUND('',#272,.T.);
#75=FACE_OUTER_BOUND('',#273,.T.);
#76=FACE_OUTER_BOUND('',#274,.T.);
#77=FACE_OUTER_BOUND('',#275,.T.);
#78=FACE_OUTER_BOUND('',#276,.T.);
#79=FACE_OUTER_BOUND('',#277,.T.);
#80=FACE_OUTER_BOUND('',#278,.T.);
#81=FACE_OUTER_BOUND('',#279,.T.);
#82=FACE_OUTER_BOUND('',#280,.T.);
#83=FACE_OUTER_BOUND('',#281,.T.);
#84=FACE_OUTER_BOUND('',#282,.T.);
#85=FACE_OUTER_BOUND('',#283,.T.);
#86=FACE_OUTER_BOUND('',#284,.T.);
#87=FACE_OUTER_BOUND('',#285,.T.);
#88=FACE_OUTER_BOUND('',#286,.T.);
#89=FACE_OUTER_BOUND('',#287,.T.);
#90=FACE_OUTER_BOUND('',#288,.T.);
#91=FACE_OUTER_BOUND('',#289,.T.);
#92=FACE_OUTER_BOUND('',#290,.T.);
#93=FACE_OUTER_BOUND('',#291,.T.);
#94=FACE_OUTER_BOUND('',#292,.T.);
#95=FACE_OUTER_BOUND('',#293,.T.);
#96=FACE_OUTER_BOUND('',#294,.T.);
#97=FACE_OUTER_BOUND('',#295,.T.);
#98=FACE_OUTER_BOUND('',#296,.T.);
#99=FACE_OUTER_BOUND('',#297,.T.);
#100=FACE_OUTER_BOUND('',#298,.T.);
#101=FACE_OUTER_BOUND('',#299,.T.);
#102=FACE_OUTER_BOUND('',#300,.T.);
#103=FACE_OUTER_BOUND('',#301,.T.);
#104=FACE_OUTER_BOUND('',#302,.T.);
#105=FACE_OUTER_BOUND('',#303,.T.);
#106=FACE_OUTER_BOUND('',#304,.T.);
#107=FACE_OUTER_BOUND('',#305,.T.);
#108=FACE_OUTER_BOUND('',#306,.T.);
#109=FACE_OUTER_BOUND('',#307,.T.);
#110=FACE_OUTER_BOUND('',#308,.T.);
#111=FACE_OUTER_BOUND('',#309,.T.);
#112=FACE_OUTER_BOUND('',#310,.T.);
#113=FACE_OUTER_BOUND('',#311,.T.);
#114=FACE_OUTER_BOUND('',#312,.T.);
#115=FACE_OUTER_BOUND('',#313,.T.);
#116=FACE_OUTER_BOUND('',#314,.T.);
#117=FACE_OUTER_BOUND('',#315,.T.);
#118=FACE_OUTER_BOUND('',#316,.T.);
#119=FACE_OUTER_BOUND('',#317,.T.);
#120=FACE_OUTER_BOUND('',#318,.T.);
#121=FACE_OUTER_BOUND('',#319,.T.);
#122=FACE_OUTER_BOUND('',#320,.T.);
#123=FACE_OUTER_BOUND('',#321,.T.);
#124=FACE_OUTER_BOUND('',#322,.T.);
#125=FACE_OUTER_BOUND('',#323,.T.);
#126=FACE_OUTER_BOUND('',#324,.T.);
#127=FACE_OUTER_BOUND('',#325,.T.);
#128=FACE_OUTER_BOUND('',#326,.T.);
#129=FACE_OUTER_BOUND('',#327,.T.);
#130=FACE_OUTER_BOUND('',#328,.T.);
#131=FACE_OUTER_BOUND('',#329,.T.);
#132=FACE_OUTER_BOUND('',#330,.T.);
#133=FACE_OUTER_BOUND('',#331,.T.);
#134=FACE_OUTER_BOUND('',#332,.T.);
#135=FACE_OUTER_BOUND('',#333,.T.);
#136=FACE_OUTER_BOUND('',#334,.T.);
#137=FACE_OUTER_BOUND('',#335,.T.);
#138=FACE_OUTER_BOUND('',#336,.T.);
#139=FACE_OUTER_BOUND('',#337,.T.);
#140=FACE_OUTER_BOUND('',#338,.T.);
#141=FACE_OUTER_BOUND('',#339,.T.);
#142=FACE_OUTER_BOUND('',#340,.T.);
#143=FACE_OUTER_BOUND('',#341,.T.);
#144=FACE_OUTER_BOUND('',#342,.T.);
#145=FACE_OUTER_BOUND('',#343,.T.);
#146=FACE_OUTER_BOUND('',#344,.T.);
#147=FACE_OUTER_BOUND('',#345,.T.);
#148=FACE_OUTER_BOUND('',#346,.T.);
#149=FACE_OUTER_BOUND('',#347,.T.);
#150=FACE_OUTER_BOUND('',#348,.T.);
#151=FACE_OUTER_BOUND('',#349,.T.);
#152=FACE_OUTER_BOUND('',#350,.T.);
#153=FACE_OUTER_BOUND('',#351,.T.);
#154=FACE_OUTER_BOUND('',#352,.T.);
#155=FACE_OUTER_BOUND('',#353,.T.);
#156=FACE_OUTER_BOUND('',#354,.T.);
#157=FACE_OUTER_BOUND('',#355,.T.);
#158=FACE_OUTER_BOUND('',#356,.T.);
#159=FACE_OUTER_BOUND('',#357,.T.);
#160=FACE_OUTER_BOUND('',#358,.T.);
#161=FACE_OUTER_BOUND('',#359,.T.);
#162=FACE_OUTER_BOUND('',#360,.T.);
#163=FACE_OUTER_BOUND('',#361,.T.);
#164=FACE_OUTER_BOUND('',#362,.T.);
#165=FACE_OUTER_BOUND('',#363,.T.);
#166=FACE_OUTER_BOUND('',#364,.T.);
#167=FACE_OUTER_BOUND('',#365,.T.);
#168=FACE_OUTER_BOUND('',#366,.T.);
#169=FACE_OUTER_BOUND('',#367,.T.);
#170=FACE_OUTER_BOUND('',#368,.T.);
#171=FACE_OUTER_BOUND('',#369,.T.);
#172=FACE_OUTER_BOUND('',#370,.T.);
#173=FACE_OUTER_BOUND('',#371,.T.);
#174=FACE_OUTER_BOUND('',#372,.T.);
#175=FACE_OUTER_BOUND('',#373,.T.);
#176=FACE_OUTER_BOUND('',#374,.T.);
#177=FACE_OUTER_BOUND('',#375,.T.);
#178=FACE_OUTER_BOUND('',#376,.T.);
#179=FACE_OUTER_BOUND('',#377,.T.);
#180=FACE_OUTER_BOUND('',#378,.T.);
#181=FACE_OUTER_BOUND('',#379,.T.);
#182=FACE_OUTER_BOUND('',#380,.T.);
#183=FACE_OUTER_BOUND('',#381,.T.);
#184=FACE_OUTER_BOUND('',#382,.T.);
#185=FACE_OUTER_BOUND('',#383,.T.);
#186=FACE_OUTER_BOUND('',#384,.T.);
#187=FACE_OUTER_BOUND('',#385,.T.);
#188=FACE_OUTER_BOUND('',#386,.T.);
#189=FACE_OUTER_BOUND('',#387,.T.);
#190=FACE_OUTER_BOUND('',#388,.T.);
#191=FACE_OUTER_BOUND('',#389,.T.);
#192=FACE_OUTER_BOUND('',#390,.T.);
#193=FACE_OUTER_BOUND('',#391,.T.);
#194=FACE_OUTER_BOUND('',#392,.T.);
#195=FACE_OUTER_BOUND('',#393,.T.);
#196=FACE_OUTER_BOUND('',#394,.T.);
#197=FACE_OUTER_BOUND('',#395,.T.);
#198=FACE_OUTER_BOUND('',#396,.T.);
#199=FACE_OUTER_BOUND('',#397,.T.);
#200=FACE_OUTER_BOUND('',#398,.T.);
#201=FACE_OUTER_BOUND('',#399,.T.);
#202=FACE_OUTER_BOUND('',#400,.T.);
#203=FACE_OUTER_BOUND('',#401,.T.);
#204=FACE_OUTER_BOUND('',#402,.T.);
#205=FACE_OUTER_BOUND('',#403,.T.);
#206=FACE_OUTER_BOUND('',#404,.T.);
#207=FACE_OUTER_BOUND('',#405,.T.);
#208=FACE_OUTER_BOUND('',#406,.T.);
#209=FACE_OUTER_BOUND('',#407,.T.);
#210=FACE_OUTER_BOUND('',#408,.T.);
#211=FACE_OUTER_BOUND('',#409,.T.);
#212=FACE_OUTER_BOUND('',#410,.T.);
#213=FACE_OUTER_BOUND('',#411,.T.);
#214=FACE_OUTER_BOUND('',#412,.T.);
#215=FACE_OUTER_BOUND('',#413,.T.);
#216=FACE_OUTER_BOUND('',#414,.T.);
#217=FACE_OUTER_BOUND('',#415,.T.);
#218=FACE_OUTER_BOUND('',#416,.T.);
#219=FACE_OUTER_BOUND('',#417,.T.);
#220=FACE_OUTER_BOUND('',#418,.T.);
#221=FACE_OUTER_BOUND('',#419,.T.);
#222=FACE_OUTER_BOUND('',#420,.T.);
#223=FACE_OUTER_BOUND('',#421,.T.);
#224=FACE_OUTER_BOUND('',#422,.T.);
#225=FACE_OUTER_BOUND('',#423,.T.);
#226=FACE_OUTER_BOUND('',#424,.T.);
#227=FACE_OUTER_BOUND('',#425,.T.);
#228=FACE_OUTER_BOUND('',#428,.T.);
#229=FACE_OUTER_BOUND('',#429,.T.);
#230=FACE_OUTER_BOUND('',#430,.T.);
#231=FACE_OUTER_BOUND('',#431,.T.);
#232=FACE_OUTER_BOUND('',#433,.T.);
#233=FACE_OUTER_BOUND('',#436,.T.);
#234=FACE_OUTER_BOUND('',#437,.T.);
#235=FACE_OUTER_BOUND('',#439,.T.);
#236=FACE_OUTER_BOUND('',#440,.T.);
#237=FACE_OUTER_BOUND('',#442,.T.);
#238=FACE_OUTER_BOUND('',#444,.T.);
#239=FACE_OUTER_BOUND('',#445,.T.);
#240=FACE_OUTER_BOUND('',#446,.T.);
#241=FACE_OUTER_BOUND('',#448,.T.);
#242=FACE_OUTER_BOUND('',#449,.T.);
#243=EDGE_LOOP('',(#2159,#2160,#2161,#2162));
#244=EDGE_LOOP('',(#2163,#2164,#2165,#2166));
#245=EDGE_LOOP('',(#2167,#2168,#2169,#2170));
#246=EDGE_LOOP('',(#2171,#2172,#2173,#2174));
#247=EDGE_LOOP('',(#2175,#2176,#2177,#2178));
#248=EDGE_LOOP('',(#2179,#2180,#2181,#2182));
#249=EDGE_LOOP('',(#2183,#2184,#2185,#2186));
#250=EDGE_LOOP('',(#2187,#2188,#2189,#2190));
#251=EDGE_LOOP('',(#2191,#2192,#2193,#2194));
#252=EDGE_LOOP('',(#2195,#2196,#2197,#2198));
#253=EDGE_LOOP('',(#2199,#2200,#2201,#2202));
#254=EDGE_LOOP('',(#2203,#2204,#2205,#2206));
#255=EDGE_LOOP('',(#2207,#2208,#2209,#2210));
#256=EDGE_LOOP('',(#2211,#2212,#2213,#2214));
#257=EDGE_LOOP('',(#2215,#2216,#2217,#2218));
#258=EDGE_LOOP('',(#2219,#2220,#2221,#2222));
#259=EDGE_LOOP('',(#2223,#2224,#2225,#2226));
#260=EDGE_LOOP('',(#2227,#2228,#2229,#2230));
#261=EDGE_LOOP('',(#2231,#2232,#2233,#2234));
#262=EDGE_LOOP('',(#2235,#2236,#2237,#2238));
#263=EDGE_LOOP('',(#2239,#2240,#2241,#2242));
#264=EDGE_LOOP('',(#2243,#2244,#2245,#2246));
#265=EDGE_LOOP('',(#2247,#2248,#2249,#2250));
#266=EDGE_LOOP('',(#2251,#2252,#2253,#2254));
#267=EDGE_LOOP('',(#2255,#2256,#2257,#2258));
#268=EDGE_LOOP('',(#2259,#2260,#2261,#2262));
#269=EDGE_LOOP('',(#2263,#2264,#2265,#2266));
#270=EDGE_LOOP('',(#2267,#2268,#2269,#2270));
#271=EDGE_LOOP('',(#2271,#2272,#2273,#2274));
#272=EDGE_LOOP('',(#2275,#2276,#2277,#2278));
#273=EDGE_LOOP('',(#2279,#2280,#2281,#2282));
#274=EDGE_LOOP('',(#2283,#2284,#2285,#2286));
#275=EDGE_LOOP('',(#2287,#2288,#2289,#2290));
#276=EDGE_LOOP('',(#2291,#2292,#2293,#2294));
#277=EDGE_LOOP('',(#2295,#2296,#2297,#2298));
#278=EDGE_LOOP('',(#2299,#2300,#2301,#2302));
#279=EDGE_LOOP('',(#2303,#2304,#2305,#2306));
#280=EDGE_LOOP('',(#2307,#2308,#2309,#2310));
#281=EDGE_LOOP('',(#2311,#2312,#2313,#2314));
#282=EDGE_LOOP('',(#2315,#2316,#2317,#2318));
#283=EDGE_LOOP('',(#2319,#2320,#2321,#2322));
#284=EDGE_LOOP('',(#2323,#2324,#2325,#2326));
#285=EDGE_LOOP('',(#2327,#2328,#2329,#2330));
#286=EDGE_LOOP('',(#2331,#2332,#2333,#2334));
#287=EDGE_LOOP('',(#2335,#2336,#2337,#2338));
#288=EDGE_LOOP('',(#2339,#2340,#2341,#2342));
#289=EDGE_LOOP('',(#2343,#2344,#2345,#2346));
#290=EDGE_LOOP('',(#2347,#2348,#2349,#2350));
#291=EDGE_LOOP('',(#2351,#2352,#2353,#2354));
#292=EDGE_LOOP('',(#2355,#2356,#2357,#2358));
#293=EDGE_LOOP('',(#2359,#2360,#2361,#2362));
#294=EDGE_LOOP('',(#2363,#2364,#2365,#2366));
#295=EDGE_LOOP('',(#2367,#2368,#2369,#2370));
#296=EDGE_LOOP('',(#2371,#2372,#2373,#2374));
#297=EDGE_LOOP('',(#2375,#2376,#2377,#2378));
#298=EDGE_LOOP('',(#2379,#2380,#2381,#2382));
#299=EDGE_LOOP('',(#2383,#2384,#2385,#2386));
#300=EDGE_LOOP('',(#2387,#2388,#2389,#2390));
#301=EDGE_LOOP('',(#2391,#2392,#2393,#2394));
#302=EDGE_LOOP('',(#2395,#2396,#2397,#2398));
#303=EDGE_LOOP('',(#2399,#2400,#2401,#2402));
#304=EDGE_LOOP('',(#2403,#2404,#2405,#2406));
#305=EDGE_LOOP('',(#2407,#2408,#2409,#2410));
#306=EDGE_LOOP('',(#2411,#2412,#2413,#2414));
#307=EDGE_LOOP('',(#2415,#2416,#2417,#2418));
#308=EDGE_LOOP('',(#2419,#2420,#2421,#2422));
#309=EDGE_LOOP('',(#2423,#2424,#2425,#2426));
#310=EDGE_LOOP('',(#2427,#2428,#2429,#2430));
#311=EDGE_LOOP('',(#2431,#2432,#2433,#2434));
#312=EDGE_LOOP('',(#2435,#2436,#2437,#2438));
#313=EDGE_LOOP('',(#2439,#2440,#2441,#2442));
#314=EDGE_LOOP('',(#2443,#2444,#2445,#2446));
#315=EDGE_LOOP('',(#2447,#2448,#2449,#2450));
#316=EDGE_LOOP('',(#2451,#2452,#2453,#2454));
#317=EDGE_LOOP('',(#2455,#2456,#2457,#2458));
#318=EDGE_LOOP('',(#2459,#2460,#2461,#2462));
#319=EDGE_LOOP('',(#2463,#2464,#2465,#2466));
#320=EDGE_LOOP('',(#2467,#2468,#2469,#2470));
#321=EDGE_LOOP('',(#2471,#2472,#2473,#2474));
#322=EDGE_LOOP('',(#2475,#2476,#2477,#2478));
#323=EDGE_LOOP('',(#2479,#2480,#2481,#2482));
#324=EDGE_LOOP('',(#2483,#2484,#2485,#2486));
#325=EDGE_LOOP('',(#2487,#2488,#2489,#2490));
#326=EDGE_LOOP('',(#2491,#2492,#2493,#2494));
#327=EDGE_LOOP('',(#2495,#2496,#2497,#2498));
#328=EDGE_LOOP('',(#2499,#2500,#2501,#2502));
#329=EDGE_LOOP('',(#2503,#2504,#2505,#2506));
#330=EDGE_LOOP('',(#2507,#2508,#2509,#2510));
#331=EDGE_LOOP('',(#2511,#2512,#2513,#2514));
#332=EDGE_LOOP('',(#2515,#2516,#2517,#2518));
#333=EDGE_LOOP('',(#2519,#2520,#2521,#2522));
#334=EDGE_LOOP('',(#2523,#2524,#2525,#2526));
#335=EDGE_LOOP('',(#2527,#2528,#2529,#2530));
#336=EDGE_LOOP('',(#2531,#2532,#2533,#2534));
#337=EDGE_LOOP('',(#2535,#2536,#2537,#2538));
#338=EDGE_LOOP('',(#2539,#2540,#2541,#2542));
#339=EDGE_LOOP('',(#2543,#2544,#2545,#2546));
#340=EDGE_LOOP('',(#2547,#2548,#2549,#2550));
#341=EDGE_LOOP('',(#2551,#2552,#2553,#2554));
#342=EDGE_LOOP('',(#2555,#2556,#2557,#2558));
#343=EDGE_LOOP('',(#2559,#2560,#2561,#2562));
#344=EDGE_LOOP('',(#2563,#2564,#2565,#2566));
#345=EDGE_LOOP('',(#2567,#2568,#2569,#2570));
#346=EDGE_LOOP('',(#2571,#2572,#2573,#2574));
#347=EDGE_LOOP('',(#2575,#2576,#2577,#2578));
#348=EDGE_LOOP('',(#2579,#2580,#2581,#2582));
#349=EDGE_LOOP('',(#2583,#2584,#2585,#2586));
#350=EDGE_LOOP('',(#2587,#2588,#2589,#2590));
#351=EDGE_LOOP('',(#2591,#2592,#2593,#2594));
#352=EDGE_LOOP('',(#2595,#2596,#2597,#2598));
#353=EDGE_LOOP('',(#2599,#2600,#2601,#2602));
#354=EDGE_LOOP('',(#2603,#2604,#2605,#2606));
#355=EDGE_LOOP('',(#2607,#2608,#2609,#2610));
#356=EDGE_LOOP('',(#2611,#2612,#2613,#2614));
#357=EDGE_LOOP('',(#2615,#2616,#2617,#2618));
#358=EDGE_LOOP('',(#2619,#2620,#2621,#2622));
#359=EDGE_LOOP('',(#2623,#2624,#2625,#2626));
#360=EDGE_LOOP('',(#2627,#2628,#2629,#2630));
#361=EDGE_LOOP('',(#2631,#2632,#2633,#2634));
#362=EDGE_LOOP('',(#2635,#2636,#2637,#2638));
#363=EDGE_LOOP('',(#2639,#2640,#2641,#2642));
#364=EDGE_LOOP('',(#2643,#2644,#2645,#2646));
#365=EDGE_LOOP('',(#2647,#2648,#2649,#2650));
#366=EDGE_LOOP('',(#2651,#2652,#2653,#2654));
#367=EDGE_LOOP('',(#2655,#2656,#2657,#2658));
#368=EDGE_LOOP('',(#2659,#2660,#2661,#2662));
#369=EDGE_LOOP('',(#2663,#2664,#2665,#2666));
#370=EDGE_LOOP('',(#2667,#2668,#2669,#2670));
#371=EDGE_LOOP('',(#2671,#2672,#2673,#2674));
#372=EDGE_LOOP('',(#2675,#2676,#2677,#2678));
#373=EDGE_LOOP('',(#2679,#2680,#2681,#2682));
#374=EDGE_LOOP('',(#2683,#2684,#2685,#2686));
#375=EDGE_LOOP('',(#2687,#2688,#2689,#2690));
#376=EDGE_LOOP('',(#2691,#2692,#2693,#2694));
#377=EDGE_LOOP('',(#2695,#2696,#2697,#2698));
#378=EDGE_LOOP('',(#2699,#2700,#2701,#2702));
#379=EDGE_LOOP('',(#2703,#2704,#2705,#2706));
#380=EDGE_LOOP('',(#2707,#2708,#2709,#2710));
#381=EDGE_LOOP('',(#2711,#2712,#2713,#2714));
#382=EDGE_LOOP('',(#2715,#2716,#2717,#2718));
#383=EDGE_LOOP('',(#2719,#2720,#2721,#2722));
#384=EDGE_LOOP('',(#2723,#2724,#2725,#2726));
#385=EDGE_LOOP('',(#2727,#2728,#2729,#2730));
#386=EDGE_LOOP('',(#2731,#2732,#2733,#2734));
#387=EDGE_LOOP('',(#2735,#2736,#2737,#2738));
#388=EDGE_LOOP('',(#2739,#2740,#2741,#2742));
#389=EDGE_LOOP('',(#2743,#2744,#2745,#2746));
#390=EDGE_LOOP('',(#2747,#2748,#2749,#2750));
#391=EDGE_LOOP('',(#2751,#2752,#2753,#2754));
#392=EDGE_LOOP('',(#2755,#2756,#2757,#2758));
#393=EDGE_LOOP('',(#2759,#2760,#2761,#2762));
#394=EDGE_LOOP('',(#2763,#2764,#2765,#2766));
#395=EDGE_LOOP('',(#2767,#2768,#2769,#2770));
#396=EDGE_LOOP('',(#2771,#2772,#2773,#2774));
#397=EDGE_LOOP('',(#2775,#2776,#2777,#2778));
#398=EDGE_LOOP('',(#2779,#2780,#2781,#2782));
#399=EDGE_LOOP('',(#2783,#2784,#2785,#2786));
#400=EDGE_LOOP('',(#2787,#2788,#2789,#2790));
#401=EDGE_LOOP('',(#2791,#2792,#2793,#2794));
#402=EDGE_LOOP('',(#2795,#2796,#2797,#2798));
#403=EDGE_LOOP('',(#2799,#2800,#2801,#2802));
#404=EDGE_LOOP('',(#2803,#2804,#2805,#2806));
#405=EDGE_LOOP('',(#2807,#2808,#2809,#2810));
#406=EDGE_LOOP('',(#2811,#2812,#2813,#2814));
#407=EDGE_LOOP('',(#2815,#2816,#2817,#2818));
#408=EDGE_LOOP('',(#2819,#2820,#2821,#2822));
#409=EDGE_LOOP('',(#2823,#2824,#2825,#2826));
#410=EDGE_LOOP('',(#2827,#2828,#2829,#2830));
#411=EDGE_LOOP('',(#2831,#2832,#2833,#2834));
#412=EDGE_LOOP('',(#2835,#2836,#2837,#2838));
#413=EDGE_LOOP('',(#2839,#2840,#2841,#2842));
#414=EDGE_LOOP('',(#2843,#2844,#2845,#2846));
#415=EDGE_LOOP('',(#2847,#2848,#2849,#2850));
#416=EDGE_LOOP('',(#2851,#2852,#2853,#2854));
#417=EDGE_LOOP('',(#2855,#2856,#2857,#2858));
#418=EDGE_LOOP('',(#2859,#2860,#2861,#2862));
#419=EDGE_LOOP('',(#2863,#2864,#2865,#2866));
#420=EDGE_LOOP('',(#2867,#2868,#2869,#2870));
#421=EDGE_LOOP('',(#2871,#2872,#2873,#2874));
#422=EDGE_LOOP('',(#2875,#2876,#2877,#2878));
#423=EDGE_LOOP('',(#2879,#2880,#2881,#2882));
#424=EDGE_LOOP('',(#2883,#2884,#2885,#2886));
#425=EDGE_LOOP('',(#2887,#2888,#2889,#2890));
#426=EDGE_LOOP('',(#2891));
#427=EDGE_LOOP('',(#2892));
#428=EDGE_LOOP('',(#2893,#2894,#2895,#2896));
#429=EDGE_LOOP('',(#2897,#2898,#2899,#2900));
#430=EDGE_LOOP('',(#2901,#2902,#2903,#2904));
#431=EDGE_LOOP('',(#2905));
#432=EDGE_LOOP('',(#2906));
#433=EDGE_LOOP('',(#2907,#2908,#2909,#2910));
#434=EDGE_LOOP('',(#2911));
#435=EDGE_LOOP('',(#2912));
#436=EDGE_LOOP('',(#2913,#2914,#2915,#2916));
#437=EDGE_LOOP('',(#2917));
#438=EDGE_LOOP('',(#2918));
#439=EDGE_LOOP('',(#2919,#2920,#2921,#2922));
#440=EDGE_LOOP('',(#2923));
#441=EDGE_LOOP('',(#2924));
#442=EDGE_LOOP('',(#2925));
#443=EDGE_LOOP('',(#2926,#2927,#2928,#2929,#2930,#2931,#2932,#2933,#2934,
#2935,#2936,#2937,#2938,#2939,#2940,#2941,#2942,#2943,#2944,#2945,#2946,
#2947,#2948,#2949,#2950,#2951,#2952,#2953,#2954,#2955,#2956,#2957,#2958,
#2959,#2960,#2961,#2962,#2963,#2964,#2965,#2966,#2967,#2968,#2969,#2970,
#2971,#2972,#2973,#2974,#2975,#2976,#2977,#2978,#2979,#2980,#2981,#2982,
#2983,#2984,#2985,#2986,#2987,#2988,#2989,#2990,#2991,#2992,#2993,#2994,
#2995,#2996,#2997,#2998,#2999,#3000,#3001,#3002,#3003,#3004,#3005,#3006,
#3007,#3008,#3009,#3010,#3011,#3012,#3013,#3014,#3015,#3016,#3017,#3018,
#3019,#3020,#3021,#3022,#3023,#3024,#3025,#3026,#3027,#3028,#3029,#3030,
#3031,#3032,#3033,#3034,#3035,#3036,#3037,#3038,#3039,#3040,#3041,#3042,
#3043,#3044,#3045,#3046,#3047,#3048,#3049,#3050,#3051,#3052,#3053,#3054,
#3055,#3056,#3057,#3058,#3059,#3060,#3061,#3062,#3063,#3064,#3065,#3066,
#3067,#3068,#3069,#3070,#3071,#3072,#3073,#3074,#3075,#3076,#3077,#3078,
#3079,#3080,#3081,#3082,#3083,#3084,#3085,#3086,#3087,#3088,#3089,#3090,
#3091,#3092,#3093,#3094,#3095,#3096,#3097,#3098,#3099,#3100,#3101,#3102,
#3103,#3104,#3105));
#444=EDGE_LOOP('',(#3106,#3107,#3108,#3109));
#445=EDGE_LOOP('',(#3110,#3111,#3112,#3113));
#446=EDGE_LOOP('',(#3114));
#447=EDGE_LOOP('',(#3115));
#448=EDGE_LOOP('',(#3116,#3117,#3118,#3119));
#449=EDGE_LOOP('',(#3120));
#450=EDGE_LOOP('',(#3121,#3122,#3123,#3124,#3125,#3126,#3127,#3128,#3129,
#3130,#3131,#3132,#3133,#3134,#3135,#3136,#3137,#3138,#3139,#3140,#3141,
#3142,#3143,#3144,#3145,#3146,#3147,#3148,#3149,#3150,#3151,#3152,#3153,
#3154,#3155,#3156,#3157,#3158,#3159,#3160,#3161,#3162,#3163,#3164,#3165,
#3166,#3167,#3168,#3169,#3170,#3171,#3172,#3173,#3174,#3175,#3176,#3177,
#3178,#3179,#3180,#3181,#3182,#3183,#3184,#3185,#3186,#3187,#3188,#3189,
#3190,#3191,#3192,#3193,#3194,#3195,#3196,#3197,#3198,#3199,#3200,#3201,
#3202,#3203,#3204,#3205,#3206,#3207,#3208,#3209,#3210,#3211,#3212,#3213,
#3214,#3215,#3216,#3217,#3218,#3219,#3220,#3221,#3222,#3223,#3224,#3225,
#3226,#3227,#3228,#3229,#3230,#3231,#3232,#3233,#3234,#3235,#3236,#3237,
#3238,#3239,#3240,#3241,#3242,#3243,#3244,#3245,#3246,#3247,#3248,#3249,
#3250,#3251,#3252,#3253,#3254,#3255,#3256,#3257,#3258,#3259,#3260,#3261,
#3262,#3263,#3264,#3265,#3266,#3267,#3268,#3269,#3270,#3271,#3272,#3273,
#3274,#3275,#3276,#3277,#3278,#3279,#3280,#3281,#3282,#3283,#3284,#3285,
#3286,#3287,#3288,#3289,#3290,#3291,#3292,#3293,#3294,#3295,#3296,#3297,
#3298,#3299,#3300));
#451=LINE('',#5620,#643);
#452=LINE('',#5623,#644);
#453=LINE('',#5628,#645);
#454=LINE('',#5635,#646);
#455=LINE('',#5638,#647);
#456=LINE('',#5643,#648);
#457=LINE('',#5652,#649);
#458=LINE('',#5658,#650);
#459=LINE('',#5664,#651);
#460=LINE('',#5670,#652);
#461=LINE('',#5677,#653);
#462=LINE('',#5680,#654);
#463=LINE('',#5685,#655);
#464=LINE('',#5694,#656);
#465=LINE('',#5700,#657);
#466=LINE('',#5706,#658);
#467=LINE('',#5713,#659);
#468=LINE('',#5716,#660);
#469=LINE('',#5721,#661);
#470=LINE('',#5730,#662);
#471=LINE('',#5736,#663);
#472=LINE('',#5742,#664);
#473=LINE('',#5749,#665);
#474=LINE('',#5752,#666);
#475=LINE('',#5757,#667);
#476=LINE('',#5766,#668);
#477=LINE('',#5772,#669);
#478=LINE('',#5778,#670);
#479=LINE('',#5785,#671);
#480=LINE('',#5788,#672);
#481=LINE('',#5793,#673);
#482=LINE('',#5802,#674);
#483=LINE('',#5808,#675);
#484=LINE('',#5814,#676);
#485=LINE('',#5821,#677);
#486=LINE('',#5824,#678);
#487=LINE('',#5829,#679);
#488=LINE('',#5838,#680);
#489=LINE('',#5844,#681);
#490=LINE('',#5850,#682);
#491=LINE('',#5857,#683);
#492=LINE('',#5860,#684);
#493=LINE('',#5865,#685);
#494=LINE('',#5874,#686);
#495=LINE('',#5880,#687);
#496=LINE('',#5886,#688);
#497=LINE('',#5893,#689);
#498=LINE('',#5896,#690);
#499=LINE('',#5901,#691);
#500=LINE('',#5910,#692);
#501=LINE('',#5916,#693);
#502=LINE('',#5922,#694);
#503=LINE('',#5929,#695);
#504=LINE('',#5932,#696);
#505=LINE('',#5937,#697);
#506=LINE('',#5946,#698);
#507=LINE('',#5952,#699);
#508=LINE('',#5958,#700);
#509=LINE('',#5965,#701);
#510=LINE('',#5968,#702);
#511=LINE('',#5973,#703);
#512=LINE('',#5982,#704);
#513=LINE('',#5988,#705);
#514=LINE('',#5994,#706);
#515=LINE('',#6001,#707);
#516=LINE('',#6004,#708);
#517=LINE('',#6009,#709);
#518=LINE('',#6018,#710);
#519=LINE('',#6024,#711);
#520=LINE('',#6030,#712);
#521=LINE('',#6037,#713);
#522=LINE('',#6040,#714);
#523=LINE('',#6045,#715);
#524=LINE('',#6054,#716);
#525=LINE('',#6060,#717);
#526=LINE('',#6066,#718);
#527=LINE('',#6073,#719);
#528=LINE('',#6076,#720);
#529=LINE('',#6081,#721);
#530=LINE('',#6090,#722);
#531=LINE('',#6096,#723);
#532=LINE('',#6102,#724);
#533=LINE('',#6109,#725);
#534=LINE('',#6112,#726);
#535=LINE('',#6117,#727);
#536=LINE('',#6126,#728);
#537=LINE('',#6132,#729);
#538=LINE('',#6138,#730);
#539=LINE('',#6145,#731);
#540=LINE('',#6148,#732);
#541=LINE('',#6153,#733);
#542=LINE('',#6162,#734);
#543=LINE('',#6168,#735);
#544=LINE('',#6174,#736);
#545=LINE('',#6181,#737);
#546=LINE('',#6184,#738);
#547=LINE('',#6189,#739);
#548=LINE('',#6198,#740);
#549=LINE('',#6204,#741);
#550=LINE('',#6210,#742);
#551=LINE('',#6217,#743);
#552=LINE('',#6220,#744);
#553=LINE('',#6225,#745);
#554=LINE('',#6234,#746);
#555=LINE('',#6240,#747);
#556=LINE('',#6246,#748);
#557=LINE('',#6253,#749);
#558=LINE('',#6256,#750);
#559=LINE('',#6261,#751);
#560=LINE('',#6270,#752);
#561=LINE('',#6276,#753);
#562=LINE('',#6282,#754);
#563=LINE('',#6289,#755);
#564=LINE('',#6292,#756);
#565=LINE('',#6297,#757);
#566=LINE('',#6306,#758);
#567=LINE('',#6312,#759);
#568=LINE('',#6318,#760);
#569=LINE('',#6325,#761);
#570=LINE('',#6328,#762);
#571=LINE('',#6333,#763);
#572=LINE('',#6342,#764);
#573=LINE('',#6348,#765);
#574=LINE('',#6354,#766);
#575=LINE('',#6361,#767);
#576=LINE('',#6364,#768);
#577=LINE('',#6369,#769);
#578=LINE('',#6378,#770);
#579=LINE('',#6384,#771);
#580=LINE('',#6390,#772);
#581=LINE('',#6397,#773);
#582=LINE('',#6400,#774);
#583=LINE('',#6405,#775);
#584=LINE('',#6414,#776);
#585=LINE('',#6420,#777);
#586=LINE('',#6426,#778);
#587=LINE('',#6433,#779);
#588=LINE('',#6436,#780);
#589=LINE('',#6441,#781);
#590=LINE('',#6450,#782);
#591=LINE('',#6456,#783);
#592=LINE('',#6462,#784);
#593=LINE('',#6469,#785);
#594=LINE('',#6472,#786);
#595=LINE('',#6477,#787);
#596=LINE('',#6486,#788);
#597=LINE('',#6492,#789);
#598=LINE('',#6498,#790);
#599=LINE('',#6505,#791);
#600=LINE('',#6508,#792);
#601=LINE('',#6513,#793);
#602=LINE('',#6522,#794);
#603=LINE('',#6528,#795);
#604=LINE('',#6534,#796);
#605=LINE('',#6541,#797);
#606=LINE('',#6544,#798);
#607=LINE('',#6549,#799);
#608=LINE('',#6558,#800);
#609=LINE('',#6564,#801);
#610=LINE('',#6570,#802);
#611=LINE('',#6577,#803);
#612=LINE('',#6580,#804);
#613=LINE('',#6585,#805);
#614=LINE('',#6594,#806);
#615=LINE('',#6600,#807);
#616=LINE('',#6606,#808);
#617=LINE('',#6613,#809);
#618=LINE('',#6616,#810);
#619=LINE('',#6621,#811);
#620=LINE('',#6630,#812);
#621=LINE('',#6636,#813);
#622=LINE('',#6642,#814);
#623=LINE('',#6649,#815);
#624=LINE('',#6652,#816);
#625=LINE('',#6657,#817);
#626=LINE('',#6666,#818);
#627=LINE('',#6673,#819);
#628=LINE('',#6679,#820);
#629=LINE('',#6684,#821);
#630=LINE('',#6690,#822);
#631=LINE('',#6732,#823);
#632=LINE('',#6771,#824);
#633=LINE('',#6776,#825);
#634=LINE('',#6874,#826);
#635=LINE('',#6896,#827);
#636=LINE('',#6935,#828);
#637=LINE('',#6942,#829);
#638=LINE('',#6945,#830);
#639=LINE('',#6951,#831);
#640=LINE('',#6961,#832);
#641=LINE('',#6964,#833);
#642=LINE('',#6971,#834);
#643=VECTOR('',#4281,10.);
#644=VECTOR('',#4284,10.);
#645=VECTOR('',#4289,10.);
#646=VECTOR('',#4296,10.);
#647=VECTOR('',#4299,10.);
#648=VECTOR('',#4304,10.);
#649=VECTOR('',#4317,10.);
#650=VECTOR('',#4324,10.);
#651=VECTOR('',#4331,10.);
#652=VECTOR('',#4338,10.);
#653=VECTOR('',#4345,10.);
#654=VECTOR('',#4348,10.);
#655=VECTOR('',#4353,10.);
#656=VECTOR('',#4366,10.);
#657=VECTOR('',#4373,10.);
#658=VECTOR('',#4380,10.);
#659=VECTOR('',#4387,10.);
#660=VECTOR('',#4390,10.);
#661=VECTOR('',#4395,10.);
#662=VECTOR('',#4408,10.);
#663=VECTOR('',#4415,10.);
#664=VECTOR('',#4422,10.);
#665=VECTOR('',#4429,10.);
#666=VECTOR('',#4432,10.);
#667=VECTOR('',#4437,10.);
#668=VECTOR('',#4450,10.);
#669=VECTOR('',#4457,10.);
#670=VECTOR('',#4464,10.);
#671=VECTOR('',#4471,10.);
#672=VECTOR('',#4474,10.);
#673=VECTOR('',#4479,10.);
#674=VECTOR('',#4492,10.);
#675=VECTOR('',#4499,10.);
#676=VECTOR('',#4506,10.);
#677=VECTOR('',#4513,10.);
#678=VECTOR('',#4516,10.);
#679=VECTOR('',#4521,10.);
#680=VECTOR('',#4534,10.);
#681=VECTOR('',#4541,10.);
#682=VECTOR('',#4548,10.);
#683=VECTOR('',#4555,10.);
#684=VECTOR('',#4558,10.);
#685=VECTOR('',#4563,10.);
#686=VECTOR('',#4576,10.);
#687=VECTOR('',#4583,10.);
#688=VECTOR('',#4590,10.);
#689=VECTOR('',#4597,10.);
#690=VECTOR('',#4600,10.);
#691=VECTOR('',#4605,10.);
#692=VECTOR('',#4618,10.);
#693=VECTOR('',#4625,10.);
#694=VECTOR('',#4632,10.);
#695=VECTOR('',#4639,10.);
#696=VECTOR('',#4642,10.);
#697=VECTOR('',#4647,10.);
#698=VECTOR('',#4660,10.);
#699=VECTOR('',#4667,10.);
#700=VECTOR('',#4674,10.);
#701=VECTOR('',#4681,10.);
#702=VECTOR('',#4684,10.);
#703=VECTOR('',#4689,10.);
#704=VECTOR('',#4702,10.);
#705=VECTOR('',#4709,10.);
#706=VECTOR('',#4716,10.);
#707=VECTOR('',#4723,10.);
#708=VECTOR('',#4726,10.);
#709=VECTOR('',#4731,10.);
#710=VECTOR('',#4744,10.);
#711=VECTOR('',#4751,10.);
#712=VECTOR('',#4758,10.);
#713=VECTOR('',#4765,10.);
#714=VECTOR('',#4768,10.);
#715=VECTOR('',#4773,10.);
#716=VECTOR('',#4786,10.);
#717=VECTOR('',#4793,10.);
#718=VECTOR('',#4800,10.);
#719=VECTOR('',#4807,10.);
#720=VECTOR('',#4810,10.);
#721=VECTOR('',#4815,10.);
#722=VECTOR('',#4828,10.);
#723=VECTOR('',#4835,10.);
#724=VECTOR('',#4842,10.);
#725=VECTOR('',#4849,10.);
#726=VECTOR('',#4852,10.);
#727=VECTOR('',#4857,10.);
#728=VECTOR('',#4870,10.);
#729=VECTOR('',#4877,10.);
#730=VECTOR('',#4884,10.);
#731=VECTOR('',#4891,10.);
#732=VECTOR('',#4894,10.);
#733=VECTOR('',#4899,10.);
#734=VECTOR('',#4912,10.);
#735=VECTOR('',#4919,10.);
#736=VECTOR('',#4926,10.);
#737=VECTOR('',#4933,10.);
#738=VECTOR('',#4936,10.);
#739=VECTOR('',#4941,10.);
#740=VECTOR('',#4954,10.);
#741=VECTOR('',#4961,10.);
#742=VECTOR('',#4968,10.);
#743=VECTOR('',#4975,10.);
#744=VECTOR('',#4978,10.);
#745=VECTOR('',#4983,10.);
#746=VECTOR('',#4996,10.);
#747=VECTOR('',#5003,10.);
#748=VECTOR('',#5010,10.);
#749=VECTOR('',#5017,10.);
#750=VECTOR('',#5020,10.);
#751=VECTOR('',#5025,10.);
#752=VECTOR('',#5038,10.);
#753=VECTOR('',#5045,10.);
#754=VECTOR('',#5052,10.);
#755=VECTOR('',#5059,10.);
#756=VECTOR('',#5062,10.);
#757=VECTOR('',#5067,10.);
#758=VECTOR('',#5080,10.);
#759=VECTOR('',#5087,10.);
#760=VECTOR('',#5094,10.);
#761=VECTOR('',#5101,10.);
#762=VECTOR('',#5104,10.);
#763=VECTOR('',#5109,10.);
#764=VECTOR('',#5122,10.);
#765=VECTOR('',#5129,10.);
#766=VECTOR('',#5136,10.);
#767=VECTOR('',#5143,10.);
#768=VECTOR('',#5146,10.);
#769=VECTOR('',#5151,10.);
#770=VECTOR('',#5164,10.);
#771=VECTOR('',#5171,10.);
#772=VECTOR('',#5178,10.);
#773=VECTOR('',#5185,10.);
#774=VECTOR('',#5188,10.);
#775=VECTOR('',#5193,10.);
#776=VECTOR('',#5206,10.);
#777=VECTOR('',#5213,10.);
#778=VECTOR('',#5220,10.);
#779=VECTOR('',#5227,10.);
#780=VECTOR('',#5230,10.);
#781=VECTOR('',#5235,10.);
#782=VECTOR('',#5248,10.);
#783=VECTOR('',#5255,10.);
#784=VECTOR('',#5262,10.);
#785=VECTOR('',#5269,10.);
#786=VECTOR('',#5272,10.);
#787=VECTOR('',#5277,10.);
#788=VECTOR('',#5290,10.);
#789=VECTOR('',#5297,10.);
#790=VECTOR('',#5304,10.);
#791=VECTOR('',#5311,10.);
#792=VECTOR('',#5314,10.);
#793=VECTOR('',#5319,10.);
#794=VECTOR('',#5332,10.);
#795=VECTOR('',#5339,10.);
#796=VECTOR('',#5346,10.);
#797=VECTOR('',#5353,10.);
#798=VECTOR('',#5356,10.);
#799=VECTOR('',#5361,10.);
#800=VECTOR('',#5374,10.);
#801=VECTOR('',#5381,10.);
#802=VECTOR('',#5388,10.);
#803=VECTOR('',#5395,10.);
#804=VECTOR('',#5398,10.);
#805=VECTOR('',#5403,10.);
#806=VECTOR('',#5416,10.);
#807=VECTOR('',#5423,10.);
#808=VECTOR('',#5430,10.);
#809=VECTOR('',#5437,10.);
#810=VECTOR('',#5440,10.);
#811=VECTOR('',#5445,10.);
#812=VECTOR('',#5458,10.);
#813=VECTOR('',#5465,10.);
#814=VECTOR('',#5472,10.);
#815=VECTOR('',#5479,10.);
#816=VECTOR('',#5482,10.);
#817=VECTOR('',#5487,10.);
#818=VECTOR('',#5500,10.);
#819=VECTOR('',#5509,10.);
#820=VECTOR('',#5516,10.);
#821=VECTOR('',#5521,10.);
#822=VECTOR('',#5528,10.);
#823=VECTOR('',#5539,1.666);
#824=VECTOR('',#5544,4.15);
#825=VECTOR('',#5551,4.);
#826=VECTOR('',#5552,10.);
#827=VECTOR('',#5555,1.666);
#828=VECTOR('',#5560,7.7);
#829=VECTOR('',#5569,7.85);
#830=VECTOR('',#5574,4.15);
#831=VECTOR('',#5581,10.5);
#832=VECTOR('',#5594,4.1);
#833=VECTOR('',#5599,4.);
#834=VECTOR('',#5608,10.5);
#835=CIRCLE('',#3702,0.15);
#836=CIRCLE('',#3703,0.15);
#837=CIRCLE('',#3705,1.);
#838=CIRCLE('',#3706,1.);
#839=CIRCLE('',#3708,0.15);
#840=CIRCLE('',#3709,0.15);
#841=CIRCLE('',#3711,1.);
#842=CIRCLE('',#3712,1.);
#843=CIRCLE('',#3714,0.555);
#844=CIRCLE('',#3715,0.555);
#845=CIRCLE('',#3717,9.2953046514663);
#846=CIRCLE('',#3718,9.2953046514663);
#847=CIRCLE('',#3720,9.2953046514663);
#848=CIRCLE('',#3721,9.2953046514663);
#849=CIRCLE('',#3723,0.15);
#850=CIRCLE('',#3724,0.15);
#851=CIRCLE('',#3726,1.);
#852=CIRCLE('',#3727,1.);
#853=CIRCLE('',#3729,0.15);
#854=CIRCLE('',#3730,0.15);
#855=CIRCLE('',#3732,1.);
#856=CIRCLE('',#3733,1.);
#857=CIRCLE('',#3735,0.555);
#858=CIRCLE('',#3736,0.555);
#859=CIRCLE('',#3738,9.2953046514663);
#860=CIRCLE('',#3739,9.2953046514663);
#861=CIRCLE('',#3741,0.15);
#862=CIRCLE('',#3742,0.15);
#863=CIRCLE('',#3744,1.);
#864=CIRCLE('',#3745,1.);
#865=CIRCLE('',#3747,0.15);
#866=CIRCLE('',#3748,0.15);
#867=CIRCLE('',#3750,1.);
#868=CIRCLE('',#3751,1.);
#869=CIRCLE('',#3753,0.555);
#870=CIRCLE('',#3754,0.555);
#871=CIRCLE('',#3756,9.2953046514663);
#872=CIRCLE('',#3757,9.2953046514663);
#873=CIRCLE('',#3759,0.15);
#874=CIRCLE('',#3760,0.15);
#875=CIRCLE('',#3762,1.);
#876=CIRCLE('',#3763,1.);
#877=CIRCLE('',#3765,0.15);
#878=CIRCLE('',#3766,0.15);
#879=CIRCLE('',#3768,1.);
#880=CIRCLE('',#3769,1.);
#881=CIRCLE('',#3771,0.555);
#882=CIRCLE('',#3772,0.555);
#883=CIRCLE('',#3774,9.2953046514663);
#884=CIRCLE('',#3775,9.2953046514663);
#885=CIRCLE('',#3777,0.15);
#886=CIRCLE('',#3778,0.15);
#887=CIRCLE('',#3780,1.);
#888=CIRCLE('',#3781,1.);
#889=CIRCLE('',#3783,0.15);
#890=CIRCLE('',#3784,0.15);
#891=CIRCLE('',#3786,1.);
#892=CIRCLE('',#3787,1.);
#893=CIRCLE('',#3789,0.555);
#894=CIRCLE('',#3790,0.555);
#895=CIRCLE('',#3792,9.2953046514663);
#896=CIRCLE('',#3793,9.2953046514663);
#897=CIRCLE('',#3795,0.15);
#898=CIRCLE('',#3796,0.15);
#899=CIRCLE('',#3798,1.);
#900=CIRCLE('',#3799,1.);
#901=CIRCLE('',#3801,0.15);
#902=CIRCLE('',#3802,0.15);
#903=CIRCLE('',#3804,1.);
#904=CIRCLE('',#3805,1.);
#905=CIRCLE('',#3807,0.555);
#906=CIRCLE('',#3808,0.555);
#907=CIRCLE('',#3810,9.2953046514663);
#908=CIRCLE('',#3811,9.2953046514663);
#909=CIRCLE('',#3813,0.15);
#910=CIRCLE('',#3814,0.15);
#911=CIRCLE('',#3816,1.);
#912=CIRCLE('',#3817,1.);
#913=CIRCLE('',#3819,0.15);
#914=CIRCLE('',#3820,0.15);
#915=CIRCLE('',#3822,1.);
#916=CIRCLE('',#3823,1.);
#917=CIRCLE('',#3825,0.555);
#918=CIRCLE('',#3826,0.555);
#919=CIRCLE('',#3828,9.2953046514663);
#920=CIRCLE('',#3829,9.2953046514663);
#921=CIRCLE('',#3831,0.15);
#922=CIRCLE('',#3832,0.15);
#923=CIRCLE('',#3834,1.);
#924=CIRCLE('',#3835,1.);
#925=CIRCLE('',#3837,0.15);
#926=CIRCLE('',#3838,0.15);
#927=CIRCLE('',#3840,1.);
#928=CIRCLE('',#3841,1.);
#929=CIRCLE('',#3843,0.555);
#930=CIRCLE('',#3844,0.555);
#931=CIRCLE('',#3846,9.2953046514663);
#932=CIRCLE('',#3847,9.2953046514663);
#933=CIRCLE('',#3849,0.15);
#934=CIRCLE('',#3850,0.15);
#935=CIRCLE('',#3852,1.);
#936=CIRCLE('',#3853,1.);
#937=CIRCLE('',#3855,0.15);
#938=CIRCLE('',#3856,0.15);
#939=CIRCLE('',#3858,1.);
#940=CIRCLE('',#3859,1.);
#941=CIRCLE('',#3861,0.555);
#942=CIRCLE('',#3862,0.555);
#943=CIRCLE('',#3864,9.2953046514663);
#944=CIRCLE('',#3865,9.2953046514663);
#945=CIRCLE('',#3867,0.15);
#946=CIRCLE('',#3868,0.15);
#947=CIRCLE('',#3870,1.);
#948=CIRCLE('',#3871,1.);
#949=CIRCLE('',#3873,0.15);
#950=CIRCLE('',#3874,0.15);
#951=CIRCLE('',#3876,1.);
#952=CIRCLE('',#3877,1.);
#953=CIRCLE('',#3879,0.555);
#954=CIRCLE('',#3880,0.555);
#955=CIRCLE('',#3882,9.2953046514663);
#956=CIRCLE('',#3883,9.2953046514663);
#957=CIRCLE('',#3885,0.15);
#958=CIRCLE('',#3886,0.15);
#959=CIRCLE('',#3888,1.);
#960=CIRCLE('',#3889,1.);
#961=CIRCLE('',#3891,0.15);
#962=CIRCLE('',#3892,0.15);
#963=CIRCLE('',#3894,1.);
#964=CIRCLE('',#3895,1.);
#965=CIRCLE('',#3897,0.555);
#966=CIRCLE('',#3898,0.555);
#967=CIRCLE('',#3900,9.2953046514663);
#968=CIRCLE('',#3901,9.2953046514663);
#969=CIRCLE('',#3903,0.15);
#970=CIRCLE('',#3904,0.15);
#971=CIRCLE('',#3906,1.);
#972=CIRCLE('',#3907,1.);
#973=CIRCLE('',#3909,0.15);
#974=CIRCLE('',#3910,0.15);
#975=CIRCLE('',#3912,1.);
#976=CIRCLE('',#3913,1.);
#977=CIRCLE('',#3915,0.555);
#978=CIRCLE('',#3916,0.555);
#979=CIRCLE('',#3918,9.2953046514663);
#980=CIRCLE('',#3919,9.2953046514663);
#981=CIRCLE('',#3921,0.15);
#982=CIRCLE('',#3922,0.15);
#983=CIRCLE('',#3924,1.);
#984=CIRCLE('',#3925,1.);
#985=CIRCLE('',#3927,0.15);
#986=CIRCLE('',#3928,0.15);
#987=CIRCLE('',#3930,1.);
#988=CIRCLE('',#3931,1.);
#989=CIRCLE('',#3933,0.555);
#990=CIRCLE('',#3934,0.555);
#991=CIRCLE('',#3936,9.2953046514663);
#992=CIRCLE('',#3937,9.2953046514663);
#993=CIRCLE('',#3939,0.15);
#994=CIRCLE('',#3940,0.15);
#995=CIRCLE('',#3942,1.);
#996=CIRCLE('',#3943,1.);
#997=CIRCLE('',#3945,0.15);
#998=CIRCLE('',#3946,0.15);
#999=CIRCLE('',#3948,1.);
#1000=CIRCLE('',#3949,1.);
#1001=CIRCLE('',#3951,0.555);
#1002=CIRCLE('',#3952,0.555);
#1003=CIRCLE('',#3954,9.2953046514663);
#1004=CIRCLE('',#3955,9.2953046514663);
#1005=CIRCLE('',#3957,0.15);
#1006=CIRCLE('',#3958,0.15);
#1007=CIRCLE('',#3960,1.);
#1008=CIRCLE('',#3961,1.);
#1009=CIRCLE('',#3963,0.15);
#1010=CIRCLE('',#3964,0.15);
#1011=CIRCLE('',#3966,1.);
#1012=CIRCLE('',#3967,1.);
#1013=CIRCLE('',#3969,0.555);
#1014=CIRCLE('',#3970,0.555);
#1015=CIRCLE('',#3972,9.2953046514663);
#1016=CIRCLE('',#3973,9.2953046514663);
#1017=CIRCLE('',#3975,0.15);
#1018=CIRCLE('',#3976,0.15);
#1019=CIRCLE('',#3978,1.);
#1020=CIRCLE('',#3979,1.);
#1021=CIRCLE('',#3981,0.15);
#1022=CIRCLE('',#3982,0.15);
#1023=CIRCLE('',#3984,1.);
#1024=CIRCLE('',#3985,1.);
#1025=CIRCLE('',#3987,0.555);
#1026=CIRCLE('',#3988,0.555);
#1027=CIRCLE('',#3990,9.2953046514663);
#1028=CIRCLE('',#3991,9.2953046514663);
#1029=CIRCLE('',#3993,0.15);
#1030=CIRCLE('',#3994,0.15);
#1031=CIRCLE('',#3996,1.);
#1032=CIRCLE('',#3997,1.);
#1033=CIRCLE('',#3999,0.15);
#1034=CIRCLE('',#4000,0.15);
#1035=CIRCLE('',#4002,1.);
#1036=CIRCLE('',#4003,1.);
#1037=CIRCLE('',#4005,0.555);
#1038=CIRCLE('',#4006,0.555);
#1039=CIRCLE('',#4008,9.2953046514663);
#1040=CIRCLE('',#4009,9.2953046514663);
#1041=CIRCLE('',#4011,0.15);
#1042=CIRCLE('',#4012,0.15);
#1043=CIRCLE('',#4014,1.);
#1044=CIRCLE('',#4015,1.);
#1045=CIRCLE('',#4017,0.15);
#1046=CIRCLE('',#4018,0.15);
#1047=CIRCLE('',#4020,1.);
#1048=CIRCLE('',#4021,1.);
#1049=CIRCLE('',#4023,0.555);
#1050=CIRCLE('',#4024,0.555);
#1051=CIRCLE('',#4026,9.2953046514663);
#1052=CIRCLE('',#4027,9.2953046514663);
#1053=CIRCLE('',#4029,0.15);
#1054=CIRCLE('',#4030,0.15);
#1055=CIRCLE('',#4032,1.);
#1056=CIRCLE('',#4033,1.);
#1057=CIRCLE('',#4035,0.15);
#1058=CIRCLE('',#4036,0.15);
#1059=CIRCLE('',#4038,1.);
#1060=CIRCLE('',#4039,1.);
#1061=CIRCLE('',#4041,0.555);
#1062=CIRCLE('',#4042,0.555);
#1063=CIRCLE('',#4044,9.2953046514663);
#1064=CIRCLE('',#4045,9.2953046514663);
#1065=CIRCLE('',#4047,0.15);
#1066=CIRCLE('',#4048,0.15);
#1067=CIRCLE('',#4050,1.);
#1068=CIRCLE('',#4051,1.);
#1069=CIRCLE('',#4053,0.15);
#1070=CIRCLE('',#4054,0.15);
#1071=CIRCLE('',#4056,1.);
#1072=CIRCLE('',#4057,1.);
#1073=CIRCLE('',#4059,0.555);
#1074=CIRCLE('',#4060,0.555);
#1075=CIRCLE('',#4062,9.2953046514663);
#1076=CIRCLE('',#4063,9.2953046514663);
#1077=CIRCLE('',#4065,0.15);
#1078=CIRCLE('',#4066,0.15);
#1079=CIRCLE('',#4068,1.);
#1080=CIRCLE('',#4069,1.);
#1081=CIRCLE('',#4071,0.15);
#1082=CIRCLE('',#4072,0.15);
#1083=CIRCLE('',#4074,1.);
#1084=CIRCLE('',#4075,1.);
#1085=CIRCLE('',#4077,0.555);
#1086=CIRCLE('',#4078,0.555);
#1087=CIRCLE('',#4080,9.2953046514663);
#1088=CIRCLE('',#4081,9.2953046514663);
#1089=CIRCLE('',#4083,0.15);
#1090=CIRCLE('',#4084,0.15);
#1091=CIRCLE('',#4086,1.);
#1092=CIRCLE('',#4087,1.);
#1093=CIRCLE('',#4089,0.15);
#1094=CIRCLE('',#4090,0.15);
#1095=CIRCLE('',#4092,1.);
#1096=CIRCLE('',#4093,1.);
#1097=CIRCLE('',#4095,0.555);
#1098=CIRCLE('',#4096,0.555);
#1099=CIRCLE('',#4098,9.2953046514663);
#1100=CIRCLE('',#4099,9.2953046514663);
#1101=CIRCLE('',#4101,0.15);
#1102=CIRCLE('',#4102,0.15);
#1103=CIRCLE('',#4104,1.);
#1104=CIRCLE('',#4105,1.);
#1105=CIRCLE('',#4107,0.15);
#1106=CIRCLE('',#4108,0.15);
#1107=CIRCLE('',#4110,1.);
#1108=CIRCLE('',#4111,1.);
#1109=CIRCLE('',#4113,0.555);
#1110=CIRCLE('',#4114,0.555);
#1111=CIRCLE('',#4116,9.2953046514663);
#1112=CIRCLE('',#4117,9.2953046514663);
#1113=CIRCLE('',#4119,0.15);
#1114=CIRCLE('',#4120,0.15);
#1115=CIRCLE('',#4122,1.);
#1116=CIRCLE('',#4123,1.);
#1117=CIRCLE('',#4125,0.15);
#1118=CIRCLE('',#4126,0.15);
#1119=CIRCLE('',#4128,1.);
#1120=CIRCLE('',#4129,1.);
#1121=CIRCLE('',#4131,0.555);
#1122=CIRCLE('',#4132,0.555);
#1123=CIRCLE('',#4134,9.2953046514663);
#1124=CIRCLE('',#4135,9.2953046514663);
#1125=CIRCLE('',#4137,0.15);
#1126=CIRCLE('',#4138,0.15);
#1127=CIRCLE('',#4140,1.);
#1128=CIRCLE('',#4141,1.);
#1129=CIRCLE('',#4143,0.15);
#1130=CIRCLE('',#4144,0.15);
#1131=CIRCLE('',#4146,1.);
#1132=CIRCLE('',#4147,1.);
#1133=CIRCLE('',#4149,0.555);
#1134=CIRCLE('',#4150,0.555);
#1135=CIRCLE('',#4152,9.2953046514663);
#1136=CIRCLE('',#4153,9.2953046514663);
#1137=CIRCLE('',#4155,0.15);
#1138=CIRCLE('',#4156,0.15);
#1139=CIRCLE('',#4158,1.);
#1140=CIRCLE('',#4159,1.);
#1141=CIRCLE('',#4161,0.15);
#1142=CIRCLE('',#4162,0.15);
#1143=CIRCLE('',#4164,1.);
#1144=CIRCLE('',#4165,1.);
#1145=CIRCLE('',#4167,0.555);
#1146=CIRCLE('',#4168,0.555);
#1147=CIRCLE('',#4170,9.2953046514663);
#1148=CIRCLE('',#4171,9.2953046514663);
#1149=CIRCLE('',#4173,0.15);
#1150=CIRCLE('',#4174,0.15);
#1151=CIRCLE('',#4176,1.);
#1152=CIRCLE('',#4177,1.);
#1153=CIRCLE('',#4179,0.15);
#1154=CIRCLE('',#4180,0.15);
#1155=CIRCLE('',#4182,1.);
#1156=CIRCLE('',#4183,1.);
#1157=CIRCLE('',#4185,0.555);
#1158=CIRCLE('',#4186,0.555);
#1159=CIRCLE('',#4188,9.2953046514663);
#1160=CIRCLE('',#4189,9.2953046514663);
#1161=CIRCLE('',#4191,0.15);
#1162=CIRCLE('',#4192,0.15);
#1163=CIRCLE('',#4194,1.);
#1164=CIRCLE('',#4195,1.);
#1165=CIRCLE('',#4197,0.15);
#1166=CIRCLE('',#4198,0.15);
#1167=CIRCLE('',#4200,1.);
#1168=CIRCLE('',#4201,1.);
#1169=CIRCLE('',#4203,0.555);
#1170=CIRCLE('',#4204,0.555);
#1171=CIRCLE('',#4206,9.2953046514663);
#1172=CIRCLE('',#4207,9.2953046514663);
#1173=CIRCLE('',#4209,0.15);
#1174=CIRCLE('',#4210,0.15);
#1175=CIRCLE('',#4212,1.);
#1176=CIRCLE('',#4213,1.);
#1177=CIRCLE('',#4215,0.15);
#1178=CIRCLE('',#4216,0.15);
#1179=CIRCLE('',#4218,1.);
#1180=CIRCLE('',#4219,1.);
#1181=CIRCLE('',#4221,0.555);
#1182=CIRCLE('',#4222,0.555);
#1183=CIRCLE('',#4224,9.2953046514663);
#1184=CIRCLE('',#4225,9.2953046514663);
#1185=CIRCLE('',#4227,0.15);
#1186=CIRCLE('',#4228,0.15);
#1187=CIRCLE('',#4230,0.15);
#1188=CIRCLE('',#4231,0.15);
#1189=CIRCLE('',#4233,1.);
#1190=CIRCLE('',#4234,1.);
#1191=CIRCLE('',#4236,1.);
#1192=CIRCLE('',#4237,1.);
#1193=CIRCLE('',#4239,0.555);
#1194=CIRCLE('',#4240,0.555);
#1195=CIRCLE('',#4243,4.);
#1196=CIRCLE('',#4244,4.3);
#1197=CIRCLE('',#4246,4.);
#1198=CIRCLE('',#4249,7.55);
#1199=CIRCLE('',#4250,7.85);
#1200=CIRCLE('',#4252,4.3);
#1201=CIRCLE('',#4254,7.85);
#1202=CIRCLE('',#4257,10.5);
#1203=CIRCLE('',#4259,10.5);
#1204=CIRCLE('',#4261,4.);
#1205=CIRCLE('',#4264,4.);
#1206=CIRCLE('',#4265,4.2);
#1207=CIRCLE('',#4268,10.5);
#1208=CIRCLE('',#4270,10.5);
#1209=VERTEX_POINT('',#5616);
#1210=VERTEX_POINT('',#5617);
#1211=VERTEX_POINT('',#5619);
#1212=VERTEX_POINT('',#5621);
#1213=VERTEX_POINT('',#5625);
#1214=VERTEX_POINT('',#5627);
#1215=VERTEX_POINT('',#5631);
#1216=VERTEX_POINT('',#5632);
#1217=VERTEX_POINT('',#5634);
#1218=VERTEX_POINT('',#5636);
#1219=VERTEX_POINT('',#5640);
#1220=VERTEX_POINT('',#5642);
#1221=VERTEX_POINT('',#5649);
#1222=VERTEX_POINT('',#5651);
#1223=VERTEX_POINT('',#5655);
#1224=VERTEX_POINT('',#5657);
#1225=VERTEX_POINT('',#5661);
#1226=VERTEX_POINT('',#5663);
#1227=VERTEX_POINT('',#5667);
#1228=VERTEX_POINT('',#5669);
#1229=VERTEX_POINT('',#5673);
#1230=VERTEX_POINT('',#5674);
#1231=VERTEX_POINT('',#5676);
#1232=VERTEX_POINT('',#5678);
#1233=VERTEX_POINT('',#5682);
#1234=VERTEX_POINT('',#5684);
#1235=VERTEX_POINT('',#5691);
#1236=VERTEX_POINT('',#5693);
#1237=VERTEX_POINT('',#5697);
#1238=VERTEX_POINT('',#5699);
#1239=VERTEX_POINT('',#5703);
#1240=VERTEX_POINT('',#5705);
#1241=VERTEX_POINT('',#5709);
#1242=VERTEX_POINT('',#5710);
#1243=VERTEX_POINT('',#5712);
#1244=VERTEX_POINT('',#5714);
#1245=VERTEX_POINT('',#5718);
#1246=VERTEX_POINT('',#5720);
#1247=VERTEX_POINT('',#5727);
#1248=VERTEX_POINT('',#5729);
#1249=VERTEX_POINT('',#5733);
#1250=VERTEX_POINT('',#5735);
#1251=VERTEX_POINT('',#5739);
#1252=VERTEX_POINT('',#5741);
#1253=VERTEX_POINT('',#5745);
#1254=VERTEX_POINT('',#5746);
#1255=VERTEX_POINT('',#5748);
#1256=VERTEX_POINT('',#5750);
#1257=VERTEX_POINT('',#5754);
#1258=VERTEX_POINT('',#5756);
#1259=VERTEX_POINT('',#5763);
#1260=VERTEX_POINT('',#5765);
#1261=VERTEX_POINT('',#5769);
#1262=VERTEX_POINT('',#5771);
#1263=VERTEX_POINT('',#5775);
#1264=VERTEX_POINT('',#5777);
#1265=VERTEX_POINT('',#5781);
#1266=VERTEX_POINT('',#5782);
#1267=VERTEX_POINT('',#5784);
#1268=VERTEX_POINT('',#5786);
#1269=VERTEX_POINT('',#5790);
#1270=VERTEX_POINT('',#5792);
#1271=VERTEX_POINT('',#5799);
#1272=VERTEX_POINT('',#5801);
#1273=VERTEX_POINT('',#5805);
#1274=VERTEX_POINT('',#5807);
#1275=VERTEX_POINT('',#5811);
#1276=VERTEX_POINT('',#5813);
#1277=VERTEX_POINT('',#5817);
#1278=VERTEX_POINT('',#5818);
#1279=VERTEX_POINT('',#5820);
#1280=VERTEX_POINT('',#5822);
#1281=VERTEX_POINT('',#5826);
#1282=VERTEX_POINT('',#5828);
#1283=VERTEX_POINT('',#5835);
#1284=VERTEX_POINT('',#5837);
#1285=VERTEX_POINT('',#5841);
#1286=VERTEX_POINT('',#5843);
#1287=VERTEX_POINT('',#5847);
#1288=VERTEX_POINT('',#5849);
#1289=VERTEX_POINT('',#5853);
#1290=VERTEX_POINT('',#5854);
#1291=VERTEX_POINT('',#5856);
#1292=VERTEX_POINT('',#5858);
#1293=VERTEX_POINT('',#5862);
#1294=VERTEX_POINT('',#5864);
#1295=VERTEX_POINT('',#5871);
#1296=VERTEX_POINT('',#5873);
#1297=VERTEX_POINT('',#5877);
#1298=VERTEX_POINT('',#5879);
#1299=VERTEX_POINT('',#5883);
#1300=VERTEX_POINT('',#5885);
#1301=VERTEX_POINT('',#5889);
#1302=VERTEX_POINT('',#5890);
#1303=VERTEX_POINT('',#5892);
#1304=VERTEX_POINT('',#5894);
#1305=VERTEX_POINT('',#5898);
#1306=VERTEX_POINT('',#5900);
#1307=VERTEX_POINT('',#5907);
#1308=VERTEX_POINT('',#5909);
#1309=VERTEX_POINT('',#5913);
#1310=VERTEX_POINT('',#5915);
#1311=VERTEX_POINT('',#5919);
#1312=VERTEX_POINT('',#5921);
#1313=VERTEX_POINT('',#5925);
#1314=VERTEX_POINT('',#5926);
#1315=VERTEX_POINT('',#5928);
#1316=VERTEX_POINT('',#5930);
#1317=VERTEX_POINT('',#5934);
#1318=VERTEX_POINT('',#5936);
#1319=VERTEX_POINT('',#5943);
#1320=VERTEX_POINT('',#5945);
#1321=VERTEX_POINT('',#5949);
#1322=VERTEX_POINT('',#5951);
#1323=VERTEX_POINT('',#5955);
#1324=VERTEX_POINT('',#5957);
#1325=VERTEX_POINT('',#5961);
#1326=VERTEX_POINT('',#5962);
#1327=VERTEX_POINT('',#5964);
#1328=VERTEX_POINT('',#5966);
#1329=VERTEX_POINT('',#5970);
#1330=VERTEX_POINT('',#5972);
#1331=VERTEX_POINT('',#5979);
#1332=VERTEX_POINT('',#5981);
#1333=VERTEX_POINT('',#5985);
#1334=VERTEX_POINT('',#5987);
#1335=VERTEX_POINT('',#5991);
#1336=VERTEX_POINT('',#5993);
#1337=VERTEX_POINT('',#5997);
#1338=VERTEX_POINT('',#5998);
#1339=VERTEX_POINT('',#6000);
#1340=VERTEX_POINT('',#6002);
#1341=VERTEX_POINT('',#6006);
#1342=VERTEX_POINT('',#6008);
#1343=VERTEX_POINT('',#6015);
#1344=VERTEX_POINT('',#6017);
#1345=VERTEX_POINT('',#6021);
#1346=VERTEX_POINT('',#6023);
#1347=VERTEX_POINT('',#6027);
#1348=VERTEX_POINT('',#6029);
#1349=VERTEX_POINT('',#6033);
#1350=VERTEX_POINT('',#6034);
#1351=VERTEX_POINT('',#6036);
#1352=VERTEX_POINT('',#6038);
#1353=VERTEX_POINT('',#6042);
#1354=VERTEX_POINT('',#6044);
#1355=VERTEX_POINT('',#6051);
#1356=VERTEX_POINT('',#6053);
#1357=VERTEX_POINT('',#6057);
#1358=VERTEX_POINT('',#6059);
#1359=VERTEX_POINT('',#6063);
#1360=VERTEX_POINT('',#6065);
#1361=VERTEX_POINT('',#6069);
#1362=VERTEX_POINT('',#6070);
#1363=VERTEX_POINT('',#6072);
#1364=VERTEX_POINT('',#6074);
#1365=VERTEX_POINT('',#6078);
#1366=VERTEX_POINT('',#6080);
#1367=VERTEX_POINT('',#6087);
#1368=VERTEX_POINT('',#6089);
#1369=VERTEX_POINT('',#6093);
#1370=VERTEX_POINT('',#6095);
#1371=VERTEX_POINT('',#6099);
#1372=VERTEX_POINT('',#6101);
#1373=VERTEX_POINT('',#6105);
#1374=VERTEX_POINT('',#6106);
#1375=VERTEX_POINT('',#6108);
#1376=VERTEX_POINT('',#6110);
#1377=VERTEX_POINT('',#6114);
#1378=VERTEX_POINT('',#6116);
#1379=VERTEX_POINT('',#6123);
#1380=VERTEX_POINT('',#6125);
#1381=VERTEX_POINT('',#6129);
#1382=VERTEX_POINT('',#6131);
#1383=VERTEX_POINT('',#6135);
#1384=VERTEX_POINT('',#6137);
#1385=VERTEX_POINT('',#6141);
#1386=VERTEX_POINT('',#6142);
#1387=VERTEX_POINT('',#6144);
#1388=VERTEX_POINT('',#6146);
#1389=VERTEX_POINT('',#6150);
#1390=VERTEX_POINT('',#6152);
#1391=VERTEX_POINT('',#6159);
#1392=VERTEX_POINT('',#6161);
#1393=VERTEX_POINT('',#6165);
#1394=VERTEX_POINT('',#6167);
#1395=VERTEX_POINT('',#6171);
#1396=VERTEX_POINT('',#6173);
#1397=VERTEX_POINT('',#6177);
#1398=VERTEX_POINT('',#6178);
#1399=VERTEX_POINT('',#6180);
#1400=VERTEX_POINT('',#6182);
#1401=VERTEX_POINT('',#6186);
#1402=VERTEX_POINT('',#6188);
#1403=VERTEX_POINT('',#6195);
#1404=VERTEX_POINT('',#6197);
#1405=VERTEX_POINT('',#6201);
#1406=VERTEX_POINT('',#6203);
#1407=VERTEX_POINT('',#6207);
#1408=VERTEX_POINT('',#6209);
#1409=VERTEX_POINT('',#6213);
#1410=VERTEX_POINT('',#6214);
#1411=VERTEX_POINT('',#6216);
#1412=VERTEX_POINT('',#6218);
#1413=VERTEX_POINT('',#6222);
#1414=VERTEX_POINT('',#6224);
#1415=VERTEX_POINT('',#6231);
#1416=VERTEX_POINT('',#6233);
#1417=VERTEX_POINT('',#6237);
#1418=VERTEX_POINT('',#6239);
#1419=VERTEX_POINT('',#6243);
#1420=VERTEX_POINT('',#6245);
#1421=VERTEX_POINT('',#6249);
#1422=VERTEX_POINT('',#6250);
#1423=VERTEX_POINT('',#6252);
#1424=VERTEX_POINT('',#6254);
#1425=VERTEX_POINT('',#6258);
#1426=VERTEX_POINT('',#6260);
#1427=VERTEX_POINT('',#6267);
#1428=VERTEX_POINT('',#6269);
#1429=VERTEX_POINT('',#6273);
#1430=VERTEX_POINT('',#6275);
#1431=VERTEX_POINT('',#6279);
#1432=VERTEX_POINT('',#6281);
#1433=VERTEX_POINT('',#6285);
#1434=VERTEX_POINT('',#6286);
#1435=VERTEX_POINT('',#6288);
#1436=VERTEX_POINT('',#6290);
#1437=VERTEX_POINT('',#6294);
#1438=VERTEX_POINT('',#6296);
#1439=VERTEX_POINT('',#6303);
#1440=VERTEX_POINT('',#6305);
#1441=VERTEX_POINT('',#6309);
#1442=VERTEX_POINT('',#6311);
#1443=VERTEX_POINT('',#6315);
#1444=VERTEX_POINT('',#6317);
#1445=VERTEX_POINT('',#6321);
#1446=VERTEX_POINT('',#6322);
#1447=VERTEX_POINT('',#6324);
#1448=VERTEX_POINT('',#6326);
#1449=VERTEX_POINT('',#6330);
#1450=VERTEX_POINT('',#6332);
#1451=VERTEX_POINT('',#6339);
#1452=VERTEX_POINT('',#6341);
#1453=VERTEX_POINT('',#6345);
#1454=VERTEX_POINT('',#6347);
#1455=VERTEX_POINT('',#6351);
#1456=VERTEX_POINT('',#6353);
#1457=VERTEX_POINT('',#6357);
#1458=VERTEX_POINT('',#6358);
#1459=VERTEX_POINT('',#6360);
#1460=VERTEX_POINT('',#6362);
#1461=VERTEX_POINT('',#6366);
#1462=VERTEX_POINT('',#6368);
#1463=VERTEX_POINT('',#6375);
#1464=VERTEX_POINT('',#6377);
#1465=VERTEX_POINT('',#6381);
#1466=VERTEX_POINT('',#6383);
#1467=VERTEX_POINT('',#6387);
#1468=VERTEX_POINT('',#6389);
#1469=VERTEX_POINT('',#6393);
#1470=VERTEX_POINT('',#6394);
#1471=VERTEX_POINT('',#6396);
#1472=VERTEX_POINT('',#6398);
#1473=VERTEX_POINT('',#6402);
#1474=VERTEX_POINT('',#6404);
#1475=VERTEX_POINT('',#6411);
#1476=VERTEX_POINT('',#6413);
#1477=VERTEX_POINT('',#6417);
#1478=VERTEX_POINT('',#6419);
#1479=VERTEX_POINT('',#6423);
#1480=VERTEX_POINT('',#6425);
#1481=VERTEX_POINT('',#6429);
#1482=VERTEX_POINT('',#6430);
#1483=VERTEX_POINT('',#6432);
#1484=VERTEX_POINT('',#6434);
#1485=VERTEX_POINT('',#6438);
#1486=VERTEX_POINT('',#6440);
#1487=VERTEX_POINT('',#6447);
#1488=VERTEX_POINT('',#6449);
#1489=VERTEX_POINT('',#6453);
#1490=VERTEX_POINT('',#6455);
#1491=VERTEX_POINT('',#6459);
#1492=VERTEX_POINT('',#6461);
#1493=VERTEX_POINT('',#6465);
#1494=VERTEX_POINT('',#6466);
#1495=VERTEX_POINT('',#6468);
#1496=VERTEX_POINT('',#6470);
#1497=VERTEX_POINT('',#6474);
#1498=VERTEX_POINT('',#6476);
#1499=VERTEX_POINT('',#6483);
#1500=VERTEX_POINT('',#6485);
#1501=VERTEX_POINT('',#6489);
#1502=VERTEX_POINT('',#6491);
#1503=VERTEX_POINT('',#6495);
#1504=VERTEX_POINT('',#6497);
#1505=VERTEX_POINT('',#6501);
#1506=VERTEX_POINT('',#6502);
#1507=VERTEX_POINT('',#6504);
#1508=VERTEX_POINT('',#6506);
#1509=VERTEX_POINT('',#6510);
#1510=VERTEX_POINT('',#6512);
#1511=VERTEX_POINT('',#6519);
#1512=VERTEX_POINT('',#6521);
#1513=VERTEX_POINT('',#6525);
#1514=VERTEX_POINT('',#6527);
#1515=VERTEX_POINT('',#6531);
#1516=VERTEX_POINT('',#6533);
#1517=VERTEX_POINT('',#6537);
#1518=VERTEX_POINT('',#6538);
#1519=VERTEX_POINT('',#6540);
#1520=VERTEX_POINT('',#6542);
#1521=VERTEX_POINT('',#6546);
#1522=VERTEX_POINT('',#6548);
#1523=VERTEX_POINT('',#6555);
#1524=VERTEX_POINT('',#6557);
#1525=VERTEX_POINT('',#6561);
#1526=VERTEX_POINT('',#6563);
#1527=VERTEX_POINT('',#6567);
#1528=VERTEX_POINT('',#6569);
#1529=VERTEX_POINT('',#6573);
#1530=VERTEX_POINT('',#6574);
#1531=VERTEX_POINT('',#6576);
#1532=VERTEX_POINT('',#6578);
#1533=VERTEX_POINT('',#6582);
#1534=VERTEX_POINT('',#6584);
#1535=VERTEX_POINT('',#6591);
#1536=VERTEX_POINT('',#6593);
#1537=VERTEX_POINT('',#6597);
#1538=VERTEX_POINT('',#6599);
#1539=VERTEX_POINT('',#6603);
#1540=VERTEX_POINT('',#6605);
#1541=VERTEX_POINT('',#6609);
#1542=VERTEX_POINT('',#6610);
#1543=VERTEX_POINT('',#6612);
#1544=VERTEX_POINT('',#6614);
#1545=VERTEX_POINT('',#6618);
#1546=VERTEX_POINT('',#6620);
#1547=VERTEX_POINT('',#6627);
#1548=VERTEX_POINT('',#6629);
#1549=VERTEX_POINT('',#6633);
#1550=VERTEX_POINT('',#6635);
#1551=VERTEX_POINT('',#6639);
#1552=VERTEX_POINT('',#6641);
#1553=VERTEX_POINT('',#6645);
#1554=VERTEX_POINT('',#6646);
#1555=VERTEX_POINT('',#6648);
#1556=VERTEX_POINT('',#6650);
#1557=VERTEX_POINT('',#6654);
#1558=VERTEX_POINT('',#6656);
#1559=VERTEX_POINT('',#6663);
#1560=VERTEX_POINT('',#6665);
#1561=VERTEX_POINT('',#6669);
#1562=VERTEX_POINT('',#6671);
#1563=VERTEX_POINT('',#6675);
#1564=VERTEX_POINT('',#6677);
#1565=VERTEX_POINT('',#6681);
#1566=VERTEX_POINT('',#6683);
#1567=VERTEX_POINT('',#6687);
#1568=VERTEX_POINT('',#6689);
#1569=VERTEX_POINT('',#6696);
#1570=VERTEX_POINT('',#6731);
#1571=VERTEX_POINT('',#6768);
#1572=VERTEX_POINT('',#6770);
#1573=VERTEX_POINT('',#6774);
#1574=VERTEX_POINT('',#6777);
#1575=VERTEX_POINT('',#6873);
#1576=VERTEX_POINT('',#6895);
#1577=VERTEX_POINT('',#6932);
#1578=VERTEX_POINT('',#6934);
#1579=VERTEX_POINT('',#6938);
#1580=VERTEX_POINT('',#6941);
#1581=VERTEX_POINT('',#6947);
#1582=VERTEX_POINT('',#6950);
#1583=VERTEX_POINT('',#6954);
#1584=VERTEX_POINT('',#6958);
#1585=VERTEX_POINT('',#6960);
#1586=VERTEX_POINT('',#6966);
#1587=VERTEX_POINT('',#6969);
#1588=EDGE_CURVE('',#1209,#1210,#835,.T.);
#1589=EDGE_CURVE('',#1209,#1211,#451,.T.);
#1590=EDGE_CURVE('',#1212,#1211,#836,.T.);
#1591=EDGE_CURVE('',#1212,#1210,#452,.T.);
#1592=EDGE_CURVE('',#1213,#1209,#837,.T.);
#1593=EDGE_CURVE('',#1213,#1214,#453,.T.);
#1594=EDGE_CURVE('',#1211,#1214,#838,.T.);
#1595=EDGE_CURVE('',#1215,#1216,#839,.T.);
#1596=EDGE_CURVE('',#1215,#1217,#454,.T.);
#1597=EDGE_CURVE('',#1218,#1217,#840,.T.);
#1598=EDGE_CURVE('',#1218,#1216,#455,.T.);
#1599=EDGE_CURVE('',#1219,#1215,#841,.T.);
#1600=EDGE_CURVE('',#1219,#1220,#456,.T.);
#1601=EDGE_CURVE('',#1217,#1220,#842,.T.);
#1602=EDGE_CURVE('',#1220,#1213,#843,.T.);
#1603=EDGE_CURVE('',#1214,#1219,#844,.T.);
#1604=EDGE_CURVE('',#1221,#1218,#845,.T.);
#1605=EDGE_CURVE('',#1222,#1221,#457,.T.);
#1606=EDGE_CURVE('',#1216,#1222,#846,.T.);
#1607=EDGE_CURVE('',#1223,#1212,#847,.T.);
#1608=EDGE_CURVE('',#1224,#1223,#458,.T.);
#1609=EDGE_CURVE('',#1210,#1224,#848,.T.);
#1610=EDGE_CURVE('',#1225,#1221,#849,.T.);
#1611=EDGE_CURVE('',#1225,#1226,#459,.T.);
#1612=EDGE_CURVE('',#1222,#1226,#850,.T.);
#1613=EDGE_CURVE('',#1227,#1225,#851,.T.);
#1614=EDGE_CURVE('',#1227,#1228,#460,.T.);
#1615=EDGE_CURVE('',#1226,#1228,#852,.T.);
#1616=EDGE_CURVE('',#1229,#1230,#853,.T.);
#1617=EDGE_CURVE('',#1229,#1231,#461,.T.);
#1618=EDGE_CURVE('',#1232,#1231,#854,.T.);
#1619=EDGE_CURVE('',#1232,#1230,#462,.T.);
#1620=EDGE_CURVE('',#1233,#1229,#855,.T.);
#1621=EDGE_CURVE('',#1233,#1234,#463,.T.);
#1622=EDGE_CURVE('',#1231,#1234,#856,.T.);
#1623=EDGE_CURVE('',#1234,#1227,#857,.T.);
#1624=EDGE_CURVE('',#1228,#1233,#858,.T.);
#1625=EDGE_CURVE('',#1235,#1232,#859,.T.);
#1626=EDGE_CURVE('',#1236,#1235,#464,.T.);
#1627=EDGE_CURVE('',#1230,#1236,#860,.T.);
#1628=EDGE_CURVE('',#1237,#1235,#861,.T.);
#1629=EDGE_CURVE('',#1237,#1238,#465,.T.);
#1630=EDGE_CURVE('',#1236,#1238,#862,.T.);
#1631=EDGE_CURVE('',#1239,#1237,#863,.T.);
#1632=EDGE_CURVE('',#1239,#1240,#466,.T.);
#1633=EDGE_CURVE('',#1238,#1240,#864,.T.);
#1634=EDGE_CURVE('',#1241,#1242,#865,.T.);
#1635=EDGE_CURVE('',#1241,#1243,#467,.T.);
#1636=EDGE_CURVE('',#1244,#1243,#866,.T.);
#1637=EDGE_CURVE('',#1244,#1242,#468,.T.);
#1638=EDGE_CURVE('',#1245,#1241,#867,.T.);
#1639=EDGE_CURVE('',#1245,#1246,#469,.T.);
#1640=EDGE_CURVE('',#1243,#1246,#868,.T.);
#1641=EDGE_CURVE('',#1246,#1239,#869,.T.);
#1642=EDGE_CURVE('',#1240,#1245,#870,.T.);
#1643=EDGE_CURVE('',#1247,#1244,#871,.T.);
#1644=EDGE_CURVE('',#1248,#1247,#470,.T.);
#1645=EDGE_CURVE('',#1242,#1248,#872,.T.);
#1646=EDGE_CURVE('',#1249,#1247,#873,.T.);
#1647=EDGE_CURVE('',#1249,#1250,#471,.T.);
#1648=EDGE_CURVE('',#1248,#1250,#874,.T.);
#1649=EDGE_CURVE('',#1251,#1249,#875,.T.);
#1650=EDGE_CURVE('',#1251,#1252,#472,.T.);
#1651=EDGE_CURVE('',#1250,#1252,#876,.T.);
#1652=EDGE_CURVE('',#1253,#1254,#877,.T.);
#1653=EDGE_CURVE('',#1253,#1255,#473,.T.);
#1654=EDGE_CURVE('',#1256,#1255,#878,.T.);
#1655=EDGE_CURVE('',#1256,#1254,#474,.T.);
#1656=EDGE_CURVE('',#1257,#1253,#879,.T.);
#1657=EDGE_CURVE('',#1257,#1258,#475,.T.);
#1658=EDGE_CURVE('',#1255,#1258,#880,.T.);
#1659=EDGE_CURVE('',#1258,#1251,#881,.T.);
#1660=EDGE_CURVE('',#1252,#1257,#882,.T.);
#1661=EDGE_CURVE('',#1259,#1256,#883,.T.);
#1662=EDGE_CURVE('',#1260,#1259,#476,.T.);
#1663=EDGE_CURVE('',#1254,#1260,#884,.T.);
#1664=EDGE_CURVE('',#1261,#1259,#885,.T.);
#1665=EDGE_CURVE('',#1261,#1262,#477,.T.);
#1666=EDGE_CURVE('',#1260,#1262,#886,.T.);
#1667=EDGE_CURVE('',#1263,#1261,#887,.T.);
#1668=EDGE_CURVE('',#1263,#1264,#478,.T.);
#1669=EDGE_CURVE('',#1262,#1264,#888,.T.);
#1670=EDGE_CURVE('',#1265,#1266,#889,.T.);
#1671=EDGE_CURVE('',#1265,#1267,#479,.T.);
#1672=EDGE_CURVE('',#1268,#1267,#890,.T.);
#1673=EDGE_CURVE('',#1268,#1266,#480,.T.);
#1674=EDGE_CURVE('',#1269,#1265,#891,.T.);
#1675=EDGE_CURVE('',#1269,#1270,#481,.T.);
#1676=EDGE_CURVE('',#1267,#1270,#892,.T.);
#1677=EDGE_CURVE('',#1270,#1263,#893,.T.);
#1678=EDGE_CURVE('',#1264,#1269,#894,.T.);
#1679=EDGE_CURVE('',#1271,#1268,#895,.T.);
#1680=EDGE_CURVE('',#1272,#1271,#482,.T.);
#1681=EDGE_CURVE('',#1266,#1272,#896,.T.);
#1682=EDGE_CURVE('',#1273,#1271,#897,.T.);
#1683=EDGE_CURVE('',#1273,#1274,#483,.T.);
#1684=EDGE_CURVE('',#1272,#1274,#898,.T.);
#1685=EDGE_CURVE('',#1275,#1273,#899,.T.);
#1686=EDGE_CURVE('',#1275,#1276,#484,.T.);
#1687=EDGE_CURVE('',#1274,#1276,#900,.T.);
#1688=EDGE_CURVE('',#1277,#1278,#901,.T.);
#1689=EDGE_CURVE('',#1277,#1279,#485,.T.);
#1690=EDGE_CURVE('',#1280,#1279,#902,.T.);
#1691=EDGE_CURVE('',#1280,#1278,#486,.T.);
#1692=EDGE_CURVE('',#1281,#1277,#903,.T.);
#1693=EDGE_CURVE('',#1281,#1282,#487,.T.);
#1694=EDGE_CURVE('',#1279,#1282,#904,.T.);
#1695=EDGE_CURVE('',#1282,#1275,#905,.T.);
#1696=EDGE_CURVE('',#1276,#1281,#906,.T.);
#1697=EDGE_CURVE('',#1283,#1280,#907,.T.);
#1698=EDGE_CURVE('',#1284,#1283,#488,.T.);
#1699=EDGE_CURVE('',#1278,#1284,#908,.T.);
#1700=EDGE_CURVE('',#1285,#1283,#909,.T.);
#1701=EDGE_CURVE('',#1285,#1286,#489,.T.);
#1702=EDGE_CURVE('',#1284,#1286,#910,.T.);
#1703=EDGE_CURVE('',#1287,#1285,#911,.T.);
#1704=EDGE_CURVE('',#1287,#1288,#490,.T.);
#1705=EDGE_CURVE('',#1286,#1288,#912,.T.);
#1706=EDGE_CURVE('',#1289,#1290,#913,.T.);
#1707=EDGE_CURVE('',#1289,#1291,#491,.T.);
#1708=EDGE_CURVE('',#1292,#1291,#914,.T.);
#1709=EDGE_CURVE('',#1292,#1290,#492,.T.);
#1710=EDGE_CURVE('',#1293,#1289,#915,.T.);
#1711=EDGE_CURVE('',#1293,#1294,#493,.T.);
#1712=EDGE_CURVE('',#1291,#1294,#916,.T.);
#1713=EDGE_CURVE('',#1294,#1287,#917,.T.);
#1714=EDGE_CURVE('',#1288,#1293,#918,.T.);
#1715=EDGE_CURVE('',#1295,#1292,#919,.T.);
#1716=EDGE_CURVE('',#1296,#1295,#494,.T.);
#1717=EDGE_CURVE('',#1290,#1296,#920,.T.);
#1718=EDGE_CURVE('',#1297,#1295,#921,.T.);
#1719=EDGE_CURVE('',#1297,#1298,#495,.T.);
#1720=EDGE_CURVE('',#1296,#1298,#922,.T.);
#1721=EDGE_CURVE('',#1299,#1297,#923,.T.);
#1722=EDGE_CURVE('',#1299,#1300,#496,.T.);
#1723=EDGE_CURVE('',#1298,#1300,#924,.T.);
#1724=EDGE_CURVE('',#1301,#1302,#925,.T.);
#1725=EDGE_CURVE('',#1301,#1303,#497,.T.);
#1726=EDGE_CURVE('',#1304,#1303,#926,.T.);
#1727=EDGE_CURVE('',#1304,#1302,#498,.T.);
#1728=EDGE_CURVE('',#1305,#1301,#927,.T.);
#1729=EDGE_CURVE('',#1305,#1306,#499,.T.);
#1730=EDGE_CURVE('',#1303,#1306,#928,.T.);
#1731=EDGE_CURVE('',#1306,#1299,#929,.T.);
#1732=EDGE_CURVE('',#1300,#1305,#930,.T.);
#1733=EDGE_CURVE('',#1307,#1304,#931,.T.);
#1734=EDGE_CURVE('',#1308,#1307,#500,.T.);
#1735=EDGE_CURVE('',#1302,#1308,#932,.T.);
#1736=EDGE_CURVE('',#1309,#1307,#933,.T.);
#1737=EDGE_CURVE('',#1309,#1310,#501,.T.);
#1738=EDGE_CURVE('',#1308,#1310,#934,.T.);
#1739=EDGE_CURVE('',#1311,#1309,#935,.T.);
#1740=EDGE_CURVE('',#1311,#1312,#502,.T.);
#1741=EDGE_CURVE('',#1310,#1312,#936,.T.);
#1742=EDGE_CURVE('',#1313,#1314,#937,.T.);
#1743=EDGE_CURVE('',#1313,#1315,#503,.T.);
#1744=EDGE_CURVE('',#1316,#1315,#938,.T.);
#1745=EDGE_CURVE('',#1316,#1314,#504,.T.);
#1746=EDGE_CURVE('',#1317,#1313,#939,.T.);
#1747=EDGE_CURVE('',#1317,#1318,#505,.T.);
#1748=EDGE_CURVE('',#1315,#1318,#940,.T.);
#1749=EDGE_CURVE('',#1318,#1311,#941,.T.);
#1750=EDGE_CURVE('',#1312,#1317,#942,.T.);
#1751=EDGE_CURVE('',#1319,#1316,#943,.T.);
#1752=EDGE_CURVE('',#1320,#1319,#506,.T.);
#1753=EDGE_CURVE('',#1314,#1320,#944,.T.);
#1754=EDGE_CURVE('',#1321,#1319,#945,.T.);
#1755=EDGE_CURVE('',#1321,#1322,#507,.T.);
#1756=EDGE_CURVE('',#1320,#1322,#946,.T.);
#1757=EDGE_CURVE('',#1323,#1321,#947,.T.);
#1758=EDGE_CURVE('',#1323,#1324,#508,.T.);
#1759=EDGE_CURVE('',#1322,#1324,#948,.T.);
#1760=EDGE_CURVE('',#1325,#1326,#949,.T.);
#1761=EDGE_CURVE('',#1325,#1327,#509,.T.);
#1762=EDGE_CURVE('',#1328,#1327,#950,.T.);
#1763=EDGE_CURVE('',#1328,#1326,#510,.T.);
#1764=EDGE_CURVE('',#1329,#1325,#951,.T.);
#1765=EDGE_CURVE('',#1329,#1330,#511,.T.);
#1766=EDGE_CURVE('',#1327,#1330,#952,.T.);
#1767=EDGE_CURVE('',#1330,#1323,#953,.T.);
#1768=EDGE_CURVE('',#1324,#1329,#954,.T.);
#1769=EDGE_CURVE('',#1331,#1328,#955,.T.);
#1770=EDGE_CURVE('',#1332,#1331,#512,.T.);
#1771=EDGE_CURVE('',#1326,#1332,#956,.T.);
#1772=EDGE_CURVE('',#1333,#1331,#957,.T.);
#1773=EDGE_CURVE('',#1333,#1334,#513,.T.);
#1774=EDGE_CURVE('',#1332,#1334,#958,.T.);
#1775=EDGE_CURVE('',#1335,#1333,#959,.T.);
#1776=EDGE_CURVE('',#1335,#1336,#514,.T.);
#1777=EDGE_CURVE('',#1334,#1336,#960,.T.);
#1778=EDGE_CURVE('',#1337,#1338,#961,.T.);
#1779=EDGE_CURVE('',#1337,#1339,#515,.T.);
#1780=EDGE_CURVE('',#1340,#1339,#962,.T.);
#1781=EDGE_CURVE('',#1340,#1338,#516,.T.);
#1782=EDGE_CURVE('',#1341,#1337,#963,.T.);
#1783=EDGE_CURVE('',#1341,#1342,#517,.T.);
#1784=EDGE_CURVE('',#1339,#1342,#964,.T.);
#1785=EDGE_CURVE('',#1342,#1335,#965,.T.);
#1786=EDGE_CURVE('',#1336,#1341,#966,.T.);
#1787=EDGE_CURVE('',#1343,#1340,#967,.T.);
#1788=EDGE_CURVE('',#1344,#1343,#518,.T.);
#1789=EDGE_CURVE('',#1338,#1344,#968,.T.);
#1790=EDGE_CURVE('',#1345,#1343,#969,.T.);
#1791=EDGE_CURVE('',#1345,#1346,#519,.T.);
#1792=EDGE_CURVE('',#1344,#1346,#970,.T.);
#1793=EDGE_CURVE('',#1347,#1345,#971,.T.);
#1794=EDGE_CURVE('',#1347,#1348,#520,.T.);
#1795=EDGE_CURVE('',#1346,#1348,#972,.T.);
#1796=EDGE_CURVE('',#1349,#1350,#973,.T.);
#1797=EDGE_CURVE('',#1349,#1351,#521,.T.);
#1798=EDGE_CURVE('',#1352,#1351,#974,.T.);
#1799=EDGE_CURVE('',#1352,#1350,#522,.T.);
#1800=EDGE_CURVE('',#1353,#1349,#975,.T.);
#1801=EDGE_CURVE('',#1353,#1354,#523,.T.);
#1802=EDGE_CURVE('',#1351,#1354,#976,.T.);
#1803=EDGE_CURVE('',#1354,#1347,#977,.T.);
#1804=EDGE_CURVE('',#1348,#1353,#978,.T.);
#1805=EDGE_CURVE('',#1355,#1352,#979,.T.);
#1806=EDGE_CURVE('',#1356,#1355,#524,.T.);
#1807=EDGE_CURVE('',#1350,#1356,#980,.T.);
#1808=EDGE_CURVE('',#1357,#1355,#981,.T.);
#1809=EDGE_CURVE('',#1357,#1358,#525,.T.);
#1810=EDGE_CURVE('',#1356,#1358,#982,.T.);
#1811=EDGE_CURVE('',#1359,#1357,#983,.T.);
#1812=EDGE_CURVE('',#1359,#1360,#526,.T.);
#1813=EDGE_CURVE('',#1358,#1360,#984,.T.);
#1814=EDGE_CURVE('',#1361,#1362,#985,.T.);
#1815=EDGE_CURVE('',#1361,#1363,#527,.T.);
#1816=EDGE_CURVE('',#1364,#1363,#986,.T.);
#1817=EDGE_CURVE('',#1364,#1362,#528,.T.);
#1818=EDGE_CURVE('',#1365,#1361,#987,.T.);
#1819=EDGE_CURVE('',#1365,#1366,#529,.T.);
#1820=EDGE_CURVE('',#1363,#1366,#988,.T.);
#1821=EDGE_CURVE('',#1366,#1359,#989,.T.);
#1822=EDGE_CURVE('',#1360,#1365,#990,.T.);
#1823=EDGE_CURVE('',#1367,#1364,#991,.T.);
#1824=EDGE_CURVE('',#1368,#1367,#530,.T.);
#1825=EDGE_CURVE('',#1362,#1368,#992,.T.);
#1826=EDGE_CURVE('',#1369,#1367,#993,.T.);
#1827=EDGE_CURVE('',#1369,#1370,#531,.T.);
#1828=EDGE_CURVE('',#1368,#1370,#994,.T.);
#1829=EDGE_CURVE('',#1371,#1369,#995,.T.);
#1830=EDGE_CURVE('',#1371,#1372,#532,.T.);
#1831=EDGE_CURVE('',#1370,#1372,#996,.T.);
#1832=EDGE_CURVE('',#1373,#1374,#997,.T.);
#1833=EDGE_CURVE('',#1373,#1375,#533,.T.);
#1834=EDGE_CURVE('',#1376,#1375,#998,.T.);
#1835=EDGE_CURVE('',#1376,#1374,#534,.T.);
#1836=EDGE_CURVE('',#1377,#1373,#999,.T.);
#1837=EDGE_CURVE('',#1377,#1378,#535,.T.);
#1838=EDGE_CURVE('',#1375,#1378,#1000,.T.);
#1839=EDGE_CURVE('',#1378,#1371,#1001,.T.);
#1840=EDGE_CURVE('',#1372,#1377,#1002,.T.);
#1841=EDGE_CURVE('',#1379,#1376,#1003,.T.);
#1842=EDGE_CURVE('',#1380,#1379,#536,.T.);
#1843=EDGE_CURVE('',#1374,#1380,#1004,.T.);
#1844=EDGE_CURVE('',#1381,#1379,#1005,.T.);
#1845=EDGE_CURVE('',#1381,#1382,#537,.T.);
#1846=EDGE_CURVE('',#1380,#1382,#1006,.T.);
#1847=EDGE_CURVE('',#1383,#1381,#1007,.T.);
#1848=EDGE_CURVE('',#1383,#1384,#538,.T.);
#1849=EDGE_CURVE('',#1382,#1384,#1008,.T.);
#1850=EDGE_CURVE('',#1385,#1386,#1009,.T.);
#1851=EDGE_CURVE('',#1385,#1387,#539,.T.);
#1852=EDGE_CURVE('',#1388,#1387,#1010,.T.);
#1853=EDGE_CURVE('',#1388,#1386,#540,.T.);
#1854=EDGE_CURVE('',#1389,#1385,#1011,.T.);
#1855=EDGE_CURVE('',#1389,#1390,#541,.T.);
#1856=EDGE_CURVE('',#1387,#1390,#1012,.T.);
#1857=EDGE_CURVE('',#1390,#1383,#1013,.T.);
#1858=EDGE_CURVE('',#1384,#1389,#1014,.T.);
#1859=EDGE_CURVE('',#1391,#1388,#1015,.T.);
#1860=EDGE_CURVE('',#1392,#1391,#542,.T.);
#1861=EDGE_CURVE('',#1386,#1392,#1016,.T.);
#1862=EDGE_CURVE('',#1393,#1391,#1017,.T.);
#1863=EDGE_CURVE('',#1393,#1394,#543,.T.);
#1864=EDGE_CURVE('',#1392,#1394,#1018,.T.);
#1865=EDGE_CURVE('',#1395,#1393,#1019,.T.);
#1866=EDGE_CURVE('',#1395,#1396,#544,.T.);
#1867=EDGE_CURVE('',#1394,#1396,#1020,.T.);
#1868=EDGE_CURVE('',#1397,#1398,#1021,.T.);
#1869=EDGE_CURVE('',#1397,#1399,#545,.T.);
#1870=EDGE_CURVE('',#1400,#1399,#1022,.T.);
#1871=EDGE_CURVE('',#1400,#1398,#546,.T.);
#1872=EDGE_CURVE('',#1401,#1397,#1023,.T.);
#1873=EDGE_CURVE('',#1401,#1402,#547,.T.);
#1874=EDGE_CURVE('',#1399,#1402,#1024,.T.);
#1875=EDGE_CURVE('',#1402,#1395,#1025,.T.);
#1876=EDGE_CURVE('',#1396,#1401,#1026,.T.);
#1877=EDGE_CURVE('',#1403,#1400,#1027,.T.);
#1878=EDGE_CURVE('',#1404,#1403,#548,.T.);
#1879=EDGE_CURVE('',#1398,#1404,#1028,.T.);
#1880=EDGE_CURVE('',#1405,#1403,#1029,.T.);
#1881=EDGE_CURVE('',#1405,#1406,#549,.T.);
#1882=EDGE_CURVE('',#1404,#1406,#1030,.T.);
#1883=EDGE_CURVE('',#1407,#1405,#1031,.T.);
#1884=EDGE_CURVE('',#1407,#1408,#550,.T.);
#1885=EDGE_CURVE('',#1406,#1408,#1032,.T.);
#1886=EDGE_CURVE('',#1409,#1410,#1033,.T.);
#1887=EDGE_CURVE('',#1409,#1411,#551,.T.);
#1888=EDGE_CURVE('',#1412,#1411,#1034,.T.);
#1889=EDGE_CURVE('',#1412,#1410,#552,.T.);
#1890=EDGE_CURVE('',#1413,#1409,#1035,.T.);
#1891=EDGE_CURVE('',#1413,#1414,#553,.T.);
#1892=EDGE_CURVE('',#1411,#1414,#1036,.T.);
#1893=EDGE_CURVE('',#1414,#1407,#1037,.T.);
#1894=EDGE_CURVE('',#1408,#1413,#1038,.T.);
#1895=EDGE_CURVE('',#1415,#1412,#1039,.T.);
#1896=EDGE_CURVE('',#1416,#1415,#554,.T.);
#1897=EDGE_CURVE('',#1410,#1416,#1040,.T.);
#1898=EDGE_CURVE('',#1417,#1415,#1041,.T.);
#1899=EDGE_CURVE('',#1417,#1418,#555,.T.);
#1900=EDGE_CURVE('',#1416,#1418,#1042,.T.);
#1901=EDGE_CURVE('',#1419,#1417,#1043,.T.);
#1902=EDGE_CURVE('',#1419,#1420,#556,.T.);
#1903=EDGE_CURVE('',#1418,#1420,#1044,.T.);
#1904=EDGE_CURVE('',#1421,#1422,#1045,.T.);
#1905=EDGE_CURVE('',#1421,#1423,#557,.T.);
#1906=EDGE_CURVE('',#1424,#1423,#1046,.T.);
#1907=EDGE_CURVE('',#1424,#1422,#558,.T.);
#1908=EDGE_CURVE('',#1425,#1421,#1047,.T.);
#1909=EDGE_CURVE('',#1425,#1426,#559,.T.);
#1910=EDGE_CURVE('',#1423,#1426,#1048,.T.);
#1911=EDGE_CURVE('',#1426,#1419,#1049,.T.);
#1912=EDGE_CURVE('',#1420,#1425,#1050,.T.);
#1913=EDGE_CURVE('',#1427,#1424,#1051,.T.);
#1914=EDGE_CURVE('',#1428,#1427,#560,.T.);
#1915=EDGE_CURVE('',#1422,#1428,#1052,.T.);
#1916=EDGE_CURVE('',#1429,#1427,#1053,.T.);
#1917=EDGE_CURVE('',#1429,#1430,#561,.T.);
#1918=EDGE_CURVE('',#1428,#1430,#1054,.T.);
#1919=EDGE_CURVE('',#1431,#1429,#1055,.T.);
#1920=EDGE_CURVE('',#1431,#1432,#562,.T.);
#1921=EDGE_CURVE('',#1430,#1432,#1056,.T.);
#1922=EDGE_CURVE('',#1433,#1434,#1057,.T.);
#1923=EDGE_CURVE('',#1433,#1435,#563,.T.);
#1924=EDGE_CURVE('',#1436,#1435,#1058,.T.);
#1925=EDGE_CURVE('',#1436,#1434,#564,.T.);
#1926=EDGE_CURVE('',#1437,#1433,#1059,.T.);
#1927=EDGE_CURVE('',#1437,#1438,#565,.T.);
#1928=EDGE_CURVE('',#1435,#1438,#1060,.T.);
#1929=EDGE_CURVE('',#1438,#1431,#1061,.T.);
#1930=EDGE_CURVE('',#1432,#1437,#1062,.T.);
#1931=EDGE_CURVE('',#1439,#1436,#1063,.T.);
#1932=EDGE_CURVE('',#1440,#1439,#566,.T.);
#1933=EDGE_CURVE('',#1434,#1440,#1064,.T.);
#1934=EDGE_CURVE('',#1441,#1439,#1065,.T.);
#1935=EDGE_CURVE('',#1441,#1442,#567,.T.);
#1936=EDGE_CURVE('',#1440,#1442,#1066,.T.);
#1937=EDGE_CURVE('',#1443,#1441,#1067,.T.);
#1938=EDGE_CURVE('',#1443,#1444,#568,.T.);
#1939=EDGE_CURVE('',#1442,#1444,#1068,.T.);
#1940=EDGE_CURVE('',#1445,#1446,#1069,.T.);
#1941=EDGE_CURVE('',#1445,#1447,#569,.T.);
#1942=EDGE_CURVE('',#1448,#1447,#1070,.T.);
#1943=EDGE_CURVE('',#1448,#1446,#570,.T.);
#1944=EDGE_CURVE('',#1449,#1445,#1071,.T.);
#1945=EDGE_CURVE('',#1449,#1450,#571,.T.);
#1946=EDGE_CURVE('',#1447,#1450,#1072,.T.);
#1947=EDGE_CURVE('',#1450,#1443,#1073,.T.);
#1948=EDGE_CURVE('',#1444,#1449,#1074,.T.);
#1949=EDGE_CURVE('',#1451,#1448,#1075,.T.);
#1950=EDGE_CURVE('',#1452,#1451,#572,.T.);
#1951=EDGE_CURVE('',#1446,#1452,#1076,.T.);
#1952=EDGE_CURVE('',#1453,#1451,#1077,.T.);
#1953=EDGE_CURVE('',#1453,#1454,#573,.T.);
#1954=EDGE_CURVE('',#1452,#1454,#1078,.T.);
#1955=EDGE_CURVE('',#1455,#1453,#1079,.T.);
#1956=EDGE_CURVE('',#1455,#1456,#574,.T.);
#1957=EDGE_CURVE('',#1454,#1456,#1080,.T.);
#1958=EDGE_CURVE('',#1457,#1458,#1081,.T.);
#1959=EDGE_CURVE('',#1457,#1459,#575,.T.);
#1960=EDGE_CURVE('',#1460,#1459,#1082,.T.);
#1961=EDGE_CURVE('',#1460,#1458,#576,.T.);
#1962=EDGE_CURVE('',#1461,#1457,#1083,.T.);
#1963=EDGE_CURVE('',#1461,#1462,#577,.T.);
#1964=EDGE_CURVE('',#1459,#1462,#1084,.T.);
#1965=EDGE_CURVE('',#1462,#1455,#1085,.T.);
#1966=EDGE_CURVE('',#1456,#1461,#1086,.T.);
#1967=EDGE_CURVE('',#1463,#1460,#1087,.T.);
#1968=EDGE_CURVE('',#1464,#1463,#578,.T.);
#1969=EDGE_CURVE('',#1458,#1464,#1088,.T.);
#1970=EDGE_CURVE('',#1465,#1463,#1089,.T.);
#1971=EDGE_CURVE('',#1465,#1466,#579,.T.);
#1972=EDGE_CURVE('',#1464,#1466,#1090,.T.);
#1973=EDGE_CURVE('',#1467,#1465,#1091,.T.);
#1974=EDGE_CURVE('',#1467,#1468,#580,.T.);
#1975=EDGE_CURVE('',#1466,#1468,#1092,.T.);
#1976=EDGE_CURVE('',#1469,#1470,#1093,.T.);
#1977=EDGE_CURVE('',#1469,#1471,#581,.T.);
#1978=EDGE_CURVE('',#1472,#1471,#1094,.T.);
#1979=EDGE_CURVE('',#1472,#1470,#582,.T.);
#1980=EDGE_CURVE('',#1473,#1469,#1095,.T.);
#1981=EDGE_CURVE('',#1473,#1474,#583,.T.);
#1982=EDGE_CURVE('',#1471,#1474,#1096,.T.);
#1983=EDGE_CURVE('',#1474,#1467,#1097,.T.);
#1984=EDGE_CURVE('',#1468,#1473,#1098,.T.);
#1985=EDGE_CURVE('',#1475,#1472,#1099,.T.);
#1986=EDGE_CURVE('',#1476,#1475,#584,.T.);
#1987=EDGE_CURVE('',#1470,#1476,#1100,.T.);
#1988=EDGE_CURVE('',#1477,#1475,#1101,.T.);
#1989=EDGE_CURVE('',#1477,#1478,#585,.T.);
#1990=EDGE_CURVE('',#1476,#1478,#1102,.T.);
#1991=EDGE_CURVE('',#1479,#1477,#1103,.T.);
#1992=EDGE_CURVE('',#1479,#1480,#586,.T.);
#1993=EDGE_CURVE('',#1478,#1480,#1104,.T.);
#1994=EDGE_CURVE('',#1481,#1482,#1105,.T.);
#1995=EDGE_CURVE('',#1481,#1483,#587,.T.);
#1996=EDGE_CURVE('',#1484,#1483,#1106,.T.);
#1997=EDGE_CURVE('',#1484,#1482,#588,.T.);
#1998=EDGE_CURVE('',#1485,#1481,#1107,.T.);
#1999=EDGE_CURVE('',#1485,#1486,#589,.T.);
#2000=EDGE_CURVE('',#1483,#1486,#1108,.T.);
#2001=EDGE_CURVE('',#1486,#1479,#1109,.T.);
#2002=EDGE_CURVE('',#1480,#1485,#1110,.T.);
#2003=EDGE_CURVE('',#1487,#1484,#1111,.T.);
#2004=EDGE_CURVE('',#1488,#1487,#590,.T.);
#2005=EDGE_CURVE('',#1482,#1488,#1112,.T.);
#2006=EDGE_CURVE('',#1489,#1487,#1113,.T.);
#2007=EDGE_CURVE('',#1489,#1490,#591,.T.);
#2008=EDGE_CURVE('',#1488,#1490,#1114,.T.);
#2009=EDGE_CURVE('',#1491,#1489,#1115,.T.);
#2010=EDGE_CURVE('',#1491,#1492,#592,.T.);
#2011=EDGE_CURVE('',#1490,#1492,#1116,.T.);
#2012=EDGE_CURVE('',#1493,#1494,#1117,.T.);
#2013=EDGE_CURVE('',#1493,#1495,#593,.T.);
#2014=EDGE_CURVE('',#1496,#1495,#1118,.T.);
#2015=EDGE_CURVE('',#1496,#1494,#594,.T.);
#2016=EDGE_CURVE('',#1497,#1493,#1119,.T.);
#2017=EDGE_CURVE('',#1497,#1498,#595,.T.);
#2018=EDGE_CURVE('',#1495,#1498,#1120,.T.);
#2019=EDGE_CURVE('',#1498,#1491,#1121,.T.);
#2020=EDGE_CURVE('',#1492,#1497,#1122,.T.);
#2021=EDGE_CURVE('',#1499,#1496,#1123,.T.);
#2022=EDGE_CURVE('',#1500,#1499,#596,.T.);
#2023=EDGE_CURVE('',#1494,#1500,#1124,.T.);
#2024=EDGE_CURVE('',#1501,#1499,#1125,.T.);
#2025=EDGE_CURVE('',#1501,#1502,#597,.T.);
#2026=EDGE_CURVE('',#1500,#1502,#1126,.T.);
#2027=EDGE_CURVE('',#1503,#1501,#1127,.T.);
#2028=EDGE_CURVE('',#1503,#1504,#598,.T.);
#2029=EDGE_CURVE('',#1502,#1504,#1128,.T.);
#2030=EDGE_CURVE('',#1505,#1506,#1129,.T.);
#2031=EDGE_CURVE('',#1505,#1507,#599,.T.);
#2032=EDGE_CURVE('',#1508,#1507,#1130,.T.);
#2033=EDGE_CURVE('',#1508,#1506,#600,.T.);
#2034=EDGE_CURVE('',#1509,#1505,#1131,.T.);
#2035=EDGE_CURVE('',#1509,#1510,#601,.T.);
#2036=EDGE_CURVE('',#1507,#1510,#1132,.T.);
#2037=EDGE_CURVE('',#1510,#1503,#1133,.T.);
#2038=EDGE_CURVE('',#1504,#1509,#1134,.T.);
#2039=EDGE_CURVE('',#1511,#1508,#1135,.T.);
#2040=EDGE_CURVE('',#1512,#1511,#602,.T.);
#2041=EDGE_CURVE('',#1506,#1512,#1136,.T.);
#2042=EDGE_CURVE('',#1513,#1511,#1137,.T.);
#2043=EDGE_CURVE('',#1513,#1514,#603,.T.);
#2044=EDGE_CURVE('',#1512,#1514,#1138,.T.);
#2045=EDGE_CURVE('',#1515,#1513,#1139,.T.);
#2046=EDGE_CURVE('',#1515,#1516,#604,.T.);
#2047=EDGE_CURVE('',#1514,#1516,#1140,.T.);
#2048=EDGE_CURVE('',#1517,#1518,#1141,.T.);
#2049=EDGE_CURVE('',#1517,#1519,#605,.T.);
#2050=EDGE_CURVE('',#1520,#1519,#1142,.T.);
#2051=EDGE_CURVE('',#1520,#1518,#606,.T.);
#2052=EDGE_CURVE('',#1521,#1517,#1143,.T.);
#2053=EDGE_CURVE('',#1521,#1522,#607,.T.);
#2054=EDGE_CURVE('',#1519,#1522,#1144,.T.);
#2055=EDGE_CURVE('',#1522,#1515,#1145,.T.);
#2056=EDGE_CURVE('',#1516,#1521,#1146,.T.);
#2057=EDGE_CURVE('',#1523,#1520,#1147,.T.);
#2058=EDGE_CURVE('',#1524,#1523,#608,.T.);
#2059=EDGE_CURVE('',#1518,#1524,#1148,.T.);
#2060=EDGE_CURVE('',#1525,#1523,#1149,.T.);
#2061=EDGE_CURVE('',#1525,#1526,#609,.T.);
#2062=EDGE_CURVE('',#1524,#1526,#1150,.T.);
#2063=EDGE_CURVE('',#1527,#1525,#1151,.T.);
#2064=EDGE_CURVE('',#1527,#1528,#610,.T.);
#2065=EDGE_CURVE('',#1526,#1528,#1152,.T.);
#2066=EDGE_CURVE('',#1529,#1530,#1153,.T.);
#2067=EDGE_CURVE('',#1529,#1531,#611,.T.);
#2068=EDGE_CURVE('',#1532,#1531,#1154,.T.);
#2069=EDGE_CURVE('',#1532,#1530,#612,.T.);
#2070=EDGE_CURVE('',#1533,#1529,#1155,.T.);
#2071=EDGE_CURVE('',#1533,#1534,#613,.T.);
#2072=EDGE_CURVE('',#1531,#1534,#1156,.T.);
#2073=EDGE_CURVE('',#1534,#1527,#1157,.T.);
#2074=EDGE_CURVE('',#1528,#1533,#1158,.T.);
#2075=EDGE_CURVE('',#1535,#1532,#1159,.T.);
#2076=EDGE_CURVE('',#1536,#1535,#614,.T.);
#2077=EDGE_CURVE('',#1530,#1536,#1160,.T.);
#2078=EDGE_CURVE('',#1537,#1535,#1161,.T.);
#2079=EDGE_CURVE('',#1537,#1538,#615,.T.);
#2080=EDGE_CURVE('',#1536,#1538,#1162,.T.);
#2081=EDGE_CURVE('',#1539,#1537,#1163,.T.);
#2082=EDGE_CURVE('',#1539,#1540,#616,.T.);
#2083=EDGE_CURVE('',#1538,#1540,#1164,.T.);
#2084=EDGE_CURVE('',#1541,#1542,#1165,.T.);
#2085=EDGE_CURVE('',#1541,#1543,#617,.T.);
#2086=EDGE_CURVE('',#1544,#1543,#1166,.T.);
#2087=EDGE_CURVE('',#1544,#1542,#618,.T.);
#2088=EDGE_CURVE('',#1545,#1541,#1167,.T.);
#2089=EDGE_CURVE('',#1545,#1546,#619,.T.);
#2090=EDGE_CURVE('',#1543,#1546,#1168,.T.);
#2091=EDGE_CURVE('',#1546,#1539,#1169,.T.);
#2092=EDGE_CURVE('',#1540,#1545,#1170,.T.);
#2093=EDGE_CURVE('',#1547,#1544,#1171,.T.);
#2094=EDGE_CURVE('',#1548,#1547,#620,.T.);
#2095=EDGE_CURVE('',#1542,#1548,#1172,.T.);
#2096=EDGE_CURVE('',#1549,#1547,#1173,.T.);
#2097=EDGE_CURVE('',#1549,#1550,#621,.T.);
#2098=EDGE_CURVE('',#1548,#1550,#1174,.T.);
#2099=EDGE_CURVE('',#1551,#1549,#1175,.T.);
#2100=EDGE_CURVE('',#1551,#1552,#622,.T.);
#2101=EDGE_CURVE('',#1550,#1552,#1176,.T.);
#2102=EDGE_CURVE('',#1553,#1554,#1177,.T.);
#2103=EDGE_CURVE('',#1553,#1555,#623,.T.);
#2104=EDGE_CURVE('',#1556,#1555,#1178,.T.);
#2105=EDGE_CURVE('',#1556,#1554,#624,.T.);
#2106=EDGE_CURVE('',#1557,#1553,#1179,.T.);
#2107=EDGE_CURVE('',#1557,#1558,#625,.T.);
#2108=EDGE_CURVE('',#1555,#1558,#1180,.T.);
#2109=EDGE_CURVE('',#1558,#1551,#1181,.T.);
#2110=EDGE_CURVE('',#1552,#1557,#1182,.T.);
#2111=EDGE_CURVE('',#1559,#1556,#1183,.T.);
#2112=EDGE_CURVE('',#1560,#1559,#626,.T.);
#2113=EDGE_CURVE('',#1554,#1560,#1184,.T.);
#2114=EDGE_CURVE('',#1224,#1561,#1185,.T.);
#2115=EDGE_CURVE('',#1562,#1223,#1186,.T.);
#2116=EDGE_CURVE('',#1562,#1561,#627,.T.);
#2117=EDGE_CURVE('',#1560,#1563,#1187,.T.);
#2118=EDGE_CURVE('',#1564,#1559,#1188,.T.);
#2119=EDGE_CURVE('',#1564,#1563,#628,.T.);
#2120=EDGE_CURVE('',#1565,#1564,#1189,.T.);
#2121=EDGE_CURVE('',#1565,#1566,#629,.T.);
#2122=EDGE_CURVE('',#1563,#1566,#1190,.T.);
#2123=EDGE_CURVE('',#1567,#1562,#1191,.T.);
#2124=EDGE_CURVE('',#1567,#1568,#630,.T.);
#2125=EDGE_CURVE('',#1561,#1568,#1192,.T.);
#2126=EDGE_CURVE('',#1568,#1565,#1193,.T.);
#2127=EDGE_CURVE('',#1566,#1567,#1194,.T.);
#2128=EDGE_CURVE('',#1569,#1569,#40,.T.);
#2129=EDGE_CURVE('',#1569,#1570,#631,.T.);
#2130=EDGE_CURVE('',#1570,#1570,#41,.T.);
#2131=EDGE_CURVE('',#1571,#1571,#1195,.T.);
#2132=EDGE_CURVE('',#1571,#1572,#632,.T.);
#2133=EDGE_CURVE('',#1572,#1572,#1196,.T.);
#2134=EDGE_CURVE('',#1573,#1573,#1197,.T.);
#2135=EDGE_CURVE('',#1573,#1571,#633,.T.);
#2136=EDGE_CURVE('',#1574,#1574,#42,.T.);
#2137=EDGE_CURVE('',#1574,#1575,#634,.T.);
#2138=EDGE_CURVE('',#1575,#1575,#43,.T.);
#2139=EDGE_CURVE('',#1575,#1576,#635,.T.);
#2140=EDGE_CURVE('',#1576,#1576,#44,.T.);
#2141=EDGE_CURVE('',#1577,#1577,#1198,.T.);
#2142=EDGE_CURVE('',#1577,#1578,#636,.T.);
#2143=EDGE_CURVE('',#1578,#1578,#1199,.T.);
#2144=EDGE_CURVE('',#1579,#1579,#1200,.T.);
#2145=EDGE_CURVE('',#1578,#1580,#637,.T.);
#2146=EDGE_CURVE('',#1580,#1580,#1201,.T.);
#2147=EDGE_CURVE('',#1579,#1573,#638,.T.);
#2148=EDGE_CURVE('',#1581,#1581,#1202,.T.);
#2149=EDGE_CURVE('',#1581,#1582,#639,.T.);
#2150=EDGE_CURVE('',#1582,#1582,#1203,.T.);
#2151=EDGE_CURVE('',#1583,#1583,#1204,.T.);
#2152=EDGE_CURVE('',#1584,#1584,#1205,.T.);
#2153=EDGE_CURVE('',#1584,#1585,#640,.T.);
#2154=EDGE_CURVE('',#1585,#1585,#1206,.T.);
#2155=EDGE_CURVE('',#1583,#1584,#641,.T.);
#2156=EDGE_CURVE('',#1586,#1586,#1207,.T.);
#2157=EDGE_CURVE('',#1587,#1587,#1208,.T.);
#2158=EDGE_CURVE('',#1587,#1586,#642,.T.);
#2159=ORIENTED_EDGE('',*,*,#1588,.F.);
#2160=ORIENTED_EDGE('',*,*,#1589,.T.);
#2161=ORIENTED_EDGE('',*,*,#1590,.F.);
#2162=ORIENTED_EDGE('',*,*,#1591,.T.);
#2163=ORIENTED_EDGE('',*,*,#1589,.F.);
#2164=ORIENTED_EDGE('',*,*,#1592,.F.);
#2165=ORIENTED_EDGE('',*,*,#1593,.T.);
#2166=ORIENTED_EDGE('',*,*,#1594,.F.);
#2167=ORIENTED_EDGE('',*,*,#1595,.F.);
#2168=ORIENTED_EDGE('',*,*,#1596,.T.);
#2169=ORIENTED_EDGE('',*,*,#1597,.F.);
#2170=ORIENTED_EDGE('',*,*,#1598,.T.);
#2171=ORIENTED_EDGE('',*,*,#1596,.F.);
#2172=ORIENTED_EDGE('',*,*,#1599,.F.);
#2173=ORIENTED_EDGE('',*,*,#1600,.T.);
#2174=ORIENTED_EDGE('',*,*,#1601,.F.);
#2175=ORIENTED_EDGE('',*,*,#1593,.F.);
#2176=ORIENTED_EDGE('',*,*,#1602,.F.);
#2177=ORIENTED_EDGE('',*,*,#1600,.F.);
#2178=ORIENTED_EDGE('',*,*,#1603,.F.);
#2179=ORIENTED_EDGE('',*,*,#1598,.F.);
#2180=ORIENTED_EDGE('',*,*,#1604,.F.);
#2181=ORIENTED_EDGE('',*,*,#1605,.F.);
#2182=ORIENTED_EDGE('',*,*,#1606,.F.);
#2183=ORIENTED_EDGE('',*,*,#1591,.F.);
#2184=ORIENTED_EDGE('',*,*,#1607,.F.);
#2185=ORIENTED_EDGE('',*,*,#1608,.F.);
#2186=ORIENTED_EDGE('',*,*,#1609,.F.);
#2187=ORIENTED_EDGE('',*,*,#1610,.F.);
#2188=ORIENTED_EDGE('',*,*,#1611,.T.);
#2189=ORIENTED_EDGE('',*,*,#1612,.F.);
#2190=ORIENTED_EDGE('',*,*,#1605,.T.);
#2191=ORIENTED_EDGE('',*,*,#1611,.F.);
#2192=ORIENTED_EDGE('',*,*,#1613,.F.);
#2193=ORIENTED_EDGE('',*,*,#1614,.T.);
#2194=ORIENTED_EDGE('',*,*,#1615,.F.);
#2195=ORIENTED_EDGE('',*,*,#1616,.F.);
#2196=ORIENTED_EDGE('',*,*,#1617,.T.);
#2197=ORIENTED_EDGE('',*,*,#1618,.F.);
#2198=ORIENTED_EDGE('',*,*,#1619,.T.);
#2199=ORIENTED_EDGE('',*,*,#1617,.F.);
#2200=ORIENTED_EDGE('',*,*,#1620,.F.);
#2201=ORIENTED_EDGE('',*,*,#1621,.T.);
#2202=ORIENTED_EDGE('',*,*,#1622,.F.);
#2203=ORIENTED_EDGE('',*,*,#1614,.F.);
#2204=ORIENTED_EDGE('',*,*,#1623,.F.);
#2205=ORIENTED_EDGE('',*,*,#1621,.F.);
#2206=ORIENTED_EDGE('',*,*,#1624,.F.);
#2207=ORIENTED_EDGE('',*,*,#1619,.F.);
#2208=ORIENTED_EDGE('',*,*,#1625,.F.);
#2209=ORIENTED_EDGE('',*,*,#1626,.F.);
#2210=ORIENTED_EDGE('',*,*,#1627,.F.);
#2211=ORIENTED_EDGE('',*,*,#1628,.F.);
#2212=ORIENTED_EDGE('',*,*,#1629,.T.);
#2213=ORIENTED_EDGE('',*,*,#1630,.F.);
#2214=ORIENTED_EDGE('',*,*,#1626,.T.);
#2215=ORIENTED_EDGE('',*,*,#1629,.F.);
#2216=ORIENTED_EDGE('',*,*,#1631,.F.);
#2217=ORIENTED_EDGE('',*,*,#1632,.T.);
#2218=ORIENTED_EDGE('',*,*,#1633,.F.);
#2219=ORIENTED_EDGE('',*,*,#1634,.F.);
#2220=ORIENTED_EDGE('',*,*,#1635,.T.);
#2221=ORIENTED_EDGE('',*,*,#1636,.F.);
#2222=ORIENTED_EDGE('',*,*,#1637,.T.);
#2223=ORIENTED_EDGE('',*,*,#1635,.F.);
#2224=ORIENTED_EDGE('',*,*,#1638,.F.);
#2225=ORIENTED_EDGE('',*,*,#1639,.T.);
#2226=ORIENTED_EDGE('',*,*,#1640,.F.);
#2227=ORIENTED_EDGE('',*,*,#1632,.F.);
#2228=ORIENTED_EDGE('',*,*,#1641,.F.);
#2229=ORIENTED_EDGE('',*,*,#1639,.F.);
#2230=ORIENTED_EDGE('',*,*,#1642,.F.);
#2231=ORIENTED_EDGE('',*,*,#1637,.F.);
#2232=ORIENTED_EDGE('',*,*,#1643,.F.);
#2233=ORIENTED_EDGE('',*,*,#1644,.F.);
#2234=ORIENTED_EDGE('',*,*,#1645,.F.);
#2235=ORIENTED_EDGE('',*,*,#1646,.F.);
#2236=ORIENTED_EDGE('',*,*,#1647,.T.);
#2237=ORIENTED_EDGE('',*,*,#1648,.F.);
#2238=ORIENTED_EDGE('',*,*,#1644,.T.);
#2239=ORIENTED_EDGE('',*,*,#1647,.F.);
#2240=ORIENTED_EDGE('',*,*,#1649,.F.);
#2241=ORIENTED_EDGE('',*,*,#1650,.T.);
#2242=ORIENTED_EDGE('',*,*,#1651,.F.);
#2243=ORIENTED_EDGE('',*,*,#1652,.F.);
#2244=ORIENTED_EDGE('',*,*,#1653,.T.);
#2245=ORIENTED_EDGE('',*,*,#1654,.F.);
#2246=ORIENTED_EDGE('',*,*,#1655,.T.);
#2247=ORIENTED_EDGE('',*,*,#1653,.F.);
#2248=ORIENTED_EDGE('',*,*,#1656,.F.);
#2249=ORIENTED_EDGE('',*,*,#1657,.T.);
#2250=ORIENTED_EDGE('',*,*,#1658,.F.);
#2251=ORIENTED_EDGE('',*,*,#1650,.F.);
#2252=ORIENTED_EDGE('',*,*,#1659,.F.);
#2253=ORIENTED_EDGE('',*,*,#1657,.F.);
#2254=ORIENTED_EDGE('',*,*,#1660,.F.);
#2255=ORIENTED_EDGE('',*,*,#1655,.F.);
#2256=ORIENTED_EDGE('',*,*,#1661,.F.);
#2257=ORIENTED_EDGE('',*,*,#1662,.F.);
#2258=ORIENTED_EDGE('',*,*,#1663,.F.);
#2259=ORIENTED_EDGE('',*,*,#1664,.F.);
#2260=ORIENTED_EDGE('',*,*,#1665,.T.);
#2261=ORIENTED_EDGE('',*,*,#1666,.F.);
#2262=ORIENTED_EDGE('',*,*,#1662,.T.);
#2263=ORIENTED_EDGE('',*,*,#1665,.F.);
#2264=ORIENTED_EDGE('',*,*,#1667,.F.);
#2265=ORIENTED_EDGE('',*,*,#1668,.T.);
#2266=ORIENTED_EDGE('',*,*,#1669,.F.);
#2267=ORIENTED_EDGE('',*,*,#1670,.F.);
#2268=ORIENTED_EDGE('',*,*,#1671,.T.);
#2269=ORIENTED_EDGE('',*,*,#1672,.F.);
#2270=ORIENTED_EDGE('',*,*,#1673,.T.);
#2271=ORIENTED_EDGE('',*,*,#1671,.F.);
#2272=ORIENTED_EDGE('',*,*,#1674,.F.);
#2273=ORIENTED_EDGE('',*,*,#1675,.T.);
#2274=ORIENTED_EDGE('',*,*,#1676,.F.);
#2275=ORIENTED_EDGE('',*,*,#1668,.F.);
#2276=ORIENTED_EDGE('',*,*,#1677,.F.);
#2277=ORIENTED_EDGE('',*,*,#1675,.F.);
#2278=ORIENTED_EDGE('',*,*,#1678,.F.);
#2279=ORIENTED_EDGE('',*,*,#1673,.F.);
#2280=ORIENTED_EDGE('',*,*,#1679,.F.);
#2281=ORIENTED_EDGE('',*,*,#1680,.F.);
#2282=ORIENTED_EDGE('',*,*,#1681,.F.);
#2283=ORIENTED_EDGE('',*,*,#1682,.F.);
#2284=ORIENTED_EDGE('',*,*,#1683,.T.);
#2285=ORIENTED_EDGE('',*,*,#1684,.F.);
#2286=ORIENTED_EDGE('',*,*,#1680,.T.);
#2287=ORIENTED_EDGE('',*,*,#1683,.F.);
#2288=ORIENTED_EDGE('',*,*,#1685,.F.);
#2289=ORIENTED_EDGE('',*,*,#1686,.T.);
#2290=ORIENTED_EDGE('',*,*,#1687,.F.);
#2291=ORIENTED_EDGE('',*,*,#1688,.F.);
#2292=ORIENTED_EDGE('',*,*,#1689,.T.);
#2293=ORIENTED_EDGE('',*,*,#1690,.F.);
#2294=ORIENTED_EDGE('',*,*,#1691,.T.);
#2295=ORIENTED_EDGE('',*,*,#1689,.F.);
#2296=ORIENTED_EDGE('',*,*,#1692,.F.);
#2297=ORIENTED_EDGE('',*,*,#1693,.T.);
#2298=ORIENTED_EDGE('',*,*,#1694,.F.);
#2299=ORIENTED_EDGE('',*,*,#1686,.F.);
#2300=ORIENTED_EDGE('',*,*,#1695,.F.);
#2301=ORIENTED_EDGE('',*,*,#1693,.F.);
#2302=ORIENTED_EDGE('',*,*,#1696,.F.);
#2303=ORIENTED_EDGE('',*,*,#1691,.F.);
#2304=ORIENTED_EDGE('',*,*,#1697,.F.);
#2305=ORIENTED_EDGE('',*,*,#1698,.F.);
#2306=ORIENTED_EDGE('',*,*,#1699,.F.);
#2307=ORIENTED_EDGE('',*,*,#1700,.F.);
#2308=ORIENTED_EDGE('',*,*,#1701,.T.);
#2309=ORIENTED_EDGE('',*,*,#1702,.F.);
#2310=ORIENTED_EDGE('',*,*,#1698,.T.);
#2311=ORIENTED_EDGE('',*,*,#1701,.F.);
#2312=ORIENTED_EDGE('',*,*,#1703,.F.);
#2313=ORIENTED_EDGE('',*,*,#1704,.T.);
#2314=ORIENTED_EDGE('',*,*,#1705,.F.);
#2315=ORIENTED_EDGE('',*,*,#1706,.F.);
#2316=ORIENTED_EDGE('',*,*,#1707,.T.);
#2317=ORIENTED_EDGE('',*,*,#1708,.F.);
#2318=ORIENTED_EDGE('',*,*,#1709,.T.);
#2319=ORIENTED_EDGE('',*,*,#1707,.F.);
#2320=ORIENTED_EDGE('',*,*,#1710,.F.);
#2321=ORIENTED_EDGE('',*,*,#1711,.T.);
#2322=ORIENTED_EDGE('',*,*,#1712,.F.);
#2323=ORIENTED_EDGE('',*,*,#1704,.F.);
#2324=ORIENTED_EDGE('',*,*,#1713,.F.);
#2325=ORIENTED_EDGE('',*,*,#1711,.F.);
#2326=ORIENTED_EDGE('',*,*,#1714,.F.);
#2327=ORIENTED_EDGE('',*,*,#1709,.F.);
#2328=ORIENTED_EDGE('',*,*,#1715,.F.);
#2329=ORIENTED_EDGE('',*,*,#1716,.F.);
#2330=ORIENTED_EDGE('',*,*,#1717,.F.);
#2331=ORIENTED_EDGE('',*,*,#1718,.F.);
#2332=ORIENTED_EDGE('',*,*,#1719,.T.);
#2333=ORIENTED_EDGE('',*,*,#1720,.F.);
#2334=ORIENTED_EDGE('',*,*,#1716,.T.);
#2335=ORIENTED_EDGE('',*,*,#1719,.F.);
#2336=ORIENTED_EDGE('',*,*,#1721,.F.);
#2337=ORIENTED_EDGE('',*,*,#1722,.T.);
#2338=ORIENTED_EDGE('',*,*,#1723,.F.);
#2339=ORIENTED_EDGE('',*,*,#1724,.F.);
#2340=ORIENTED_EDGE('',*,*,#1725,.T.);
#2341=ORIENTED_EDGE('',*,*,#1726,.F.);
#2342=ORIENTED_EDGE('',*,*,#1727,.T.);
#2343=ORIENTED_EDGE('',*,*,#1725,.F.);
#2344=ORIENTED_EDGE('',*,*,#1728,.F.);
#2345=ORIENTED_EDGE('',*,*,#1729,.T.);
#2346=ORIENTED_EDGE('',*,*,#1730,.F.);
#2347=ORIENTED_EDGE('',*,*,#1722,.F.);
#2348=ORIENTED_EDGE('',*,*,#1731,.F.);
#2349=ORIENTED_EDGE('',*,*,#1729,.F.);
#2350=ORIENTED_EDGE('',*,*,#1732,.F.);
#2351=ORIENTED_EDGE('',*,*,#1727,.F.);
#2352=ORIENTED_EDGE('',*,*,#1733,.F.);
#2353=ORIENTED_EDGE('',*,*,#1734,.F.);
#2354=ORIENTED_EDGE('',*,*,#1735,.F.);
#2355=ORIENTED_EDGE('',*,*,#1736,.F.);
#2356=ORIENTED_EDGE('',*,*,#1737,.T.);
#2357=ORIENTED_EDGE('',*,*,#1738,.F.);
#2358=ORIENTED_EDGE('',*,*,#1734,.T.);
#2359=ORIENTED_EDGE('',*,*,#1737,.F.);
#2360=ORIENTED_EDGE('',*,*,#1739,.F.);
#2361=ORIENTED_EDGE('',*,*,#1740,.T.);
#2362=ORIENTED_EDGE('',*,*,#1741,.F.);
#2363=ORIENTED_EDGE('',*,*,#1742,.F.);
#2364=ORIENTED_EDGE('',*,*,#1743,.T.);
#2365=ORIENTED_EDGE('',*,*,#1744,.F.);
#2366=ORIENTED_EDGE('',*,*,#1745,.T.);
#2367=ORIENTED_EDGE('',*,*,#1743,.F.);
#2368=ORIENTED_EDGE('',*,*,#1746,.F.);
#2369=ORIENTED_EDGE('',*,*,#1747,.T.);
#2370=ORIENTED_EDGE('',*,*,#1748,.F.);
#2371=ORIENTED_EDGE('',*,*,#1740,.F.);
#2372=ORIENTED_EDGE('',*,*,#1749,.F.);
#2373=ORIENTED_EDGE('',*,*,#1747,.F.);
#2374=ORIENTED_EDGE('',*,*,#1750,.F.);
#2375=ORIENTED_EDGE('',*,*,#1745,.F.);
#2376=ORIENTED_EDGE('',*,*,#1751,.F.);
#2377=ORIENTED_EDGE('',*,*,#1752,.F.);
#2378=ORIENTED_EDGE('',*,*,#1753,.F.);
#2379=ORIENTED_EDGE('',*,*,#1754,.F.);
#2380=ORIENTED_EDGE('',*,*,#1755,.T.);
#2381=ORIENTED_EDGE('',*,*,#1756,.F.);
#2382=ORIENTED_EDGE('',*,*,#1752,.T.);
#2383=ORIENTED_EDGE('',*,*,#1755,.F.);
#2384=ORIENTED_EDGE('',*,*,#1757,.F.);
#2385=ORIENTED_EDGE('',*,*,#1758,.T.);
#2386=ORIENTED_EDGE('',*,*,#1759,.F.);
#2387=ORIENTED_EDGE('',*,*,#1760,.F.);
#2388=ORIENTED_EDGE('',*,*,#1761,.T.);
#2389=ORIENTED_EDGE('',*,*,#1762,.F.);
#2390=ORIENTED_EDGE('',*,*,#1763,.T.);
#2391=ORIENTED_EDGE('',*,*,#1761,.F.);
#2392=ORIENTED_EDGE('',*,*,#1764,.F.);
#2393=ORIENTED_EDGE('',*,*,#1765,.T.);
#2394=ORIENTED_EDGE('',*,*,#1766,.F.);
#2395=ORIENTED_EDGE('',*,*,#1758,.F.);
#2396=ORIENTED_EDGE('',*,*,#1767,.F.);
#2397=ORIENTED_EDGE('',*,*,#1765,.F.);
#2398=ORIENTED_EDGE('',*,*,#1768,.F.);
#2399=ORIENTED_EDGE('',*,*,#1763,.F.);
#2400=ORIENTED_EDGE('',*,*,#1769,.F.);
#2401=ORIENTED_EDGE('',*,*,#1770,.F.);
#2402=ORIENTED_EDGE('',*,*,#1771,.F.);
#2403=ORIENTED_EDGE('',*,*,#1772,.F.);
#2404=ORIENTED_EDGE('',*,*,#1773,.T.);
#2405=ORIENTED_EDGE('',*,*,#1774,.F.);
#2406=ORIENTED_EDGE('',*,*,#1770,.T.);
#2407=ORIENTED_EDGE('',*,*,#1773,.F.);
#2408=ORIENTED_EDGE('',*,*,#1775,.F.);
#2409=ORIENTED_EDGE('',*,*,#1776,.T.);
#2410=ORIENTED_EDGE('',*,*,#1777,.F.);
#2411=ORIENTED_EDGE('',*,*,#1778,.F.);
#2412=ORIENTED_EDGE('',*,*,#1779,.T.);
#2413=ORIENTED_EDGE('',*,*,#1780,.F.);
#2414=ORIENTED_EDGE('',*,*,#1781,.T.);
#2415=ORIENTED_EDGE('',*,*,#1779,.F.);
#2416=ORIENTED_EDGE('',*,*,#1782,.F.);
#2417=ORIENTED_EDGE('',*,*,#1783,.T.);
#2418=ORIENTED_EDGE('',*,*,#1784,.F.);
#2419=ORIENTED_EDGE('',*,*,#1776,.F.);
#2420=ORIENTED_EDGE('',*,*,#1785,.F.);
#2421=ORIENTED_EDGE('',*,*,#1783,.F.);
#2422=ORIENTED_EDGE('',*,*,#1786,.F.);
#2423=ORIENTED_EDGE('',*,*,#1781,.F.);
#2424=ORIENTED_EDGE('',*,*,#1787,.F.);
#2425=ORIENTED_EDGE('',*,*,#1788,.F.);
#2426=ORIENTED_EDGE('',*,*,#1789,.F.);
#2427=ORIENTED_EDGE('',*,*,#1790,.F.);
#2428=ORIENTED_EDGE('',*,*,#1791,.T.);
#2429=ORIENTED_EDGE('',*,*,#1792,.F.);
#2430=ORIENTED_EDGE('',*,*,#1788,.T.);
#2431=ORIENTED_EDGE('',*,*,#1791,.F.);
#2432=ORIENTED_EDGE('',*,*,#1793,.F.);
#2433=ORIENTED_EDGE('',*,*,#1794,.T.);
#2434=ORIENTED_EDGE('',*,*,#1795,.F.);
#2435=ORIENTED_EDGE('',*,*,#1796,.F.);
#2436=ORIENTED_EDGE('',*,*,#1797,.T.);
#2437=ORIENTED_EDGE('',*,*,#1798,.F.);
#2438=ORIENTED_EDGE('',*,*,#1799,.T.);
#2439=ORIENTED_EDGE('',*,*,#1797,.F.);
#2440=ORIENTED_EDGE('',*,*,#1800,.F.);
#2441=ORIENTED_EDGE('',*,*,#1801,.T.);
#2442=ORIENTED_EDGE('',*,*,#1802,.F.);
#2443=ORIENTED_EDGE('',*,*,#1794,.F.);
#2444=ORIENTED_EDGE('',*,*,#1803,.F.);
#2445=ORIENTED_EDGE('',*,*,#1801,.F.);
#2446=ORIENTED_EDGE('',*,*,#1804,.F.);
#2447=ORIENTED_EDGE('',*,*,#1799,.F.);
#2448=ORIENTED_EDGE('',*,*,#1805,.F.);
#2449=ORIENTED_EDGE('',*,*,#1806,.F.);
#2450=ORIENTED_EDGE('',*,*,#1807,.F.);
#2451=ORIENTED_EDGE('',*,*,#1808,.F.);
#2452=ORIENTED_EDGE('',*,*,#1809,.T.);
#2453=ORIENTED_EDGE('',*,*,#1810,.F.);
#2454=ORIENTED_EDGE('',*,*,#1806,.T.);
#2455=ORIENTED_EDGE('',*,*,#1809,.F.);
#2456=ORIENTED_EDGE('',*,*,#1811,.F.);
#2457=ORIENTED_EDGE('',*,*,#1812,.T.);
#2458=ORIENTED_EDGE('',*,*,#1813,.F.);
#2459=ORIENTED_EDGE('',*,*,#1814,.F.);
#2460=ORIENTED_EDGE('',*,*,#1815,.T.);
#2461=ORIENTED_EDGE('',*,*,#1816,.F.);
#2462=ORIENTED_EDGE('',*,*,#1817,.T.);
#2463=ORIENTED_EDGE('',*,*,#1815,.F.);
#2464=ORIENTED_EDGE('',*,*,#1818,.F.);
#2465=ORIENTED_EDGE('',*,*,#1819,.T.);
#2466=ORIENTED_EDGE('',*,*,#1820,.F.);
#2467=ORIENTED_EDGE('',*,*,#1812,.F.);
#2468=ORIENTED_EDGE('',*,*,#1821,.F.);
#2469=ORIENTED_EDGE('',*,*,#1819,.F.);
#2470=ORIENTED_EDGE('',*,*,#1822,.F.);
#2471=ORIENTED_EDGE('',*,*,#1817,.F.);
#2472=ORIENTED_EDGE('',*,*,#1823,.F.);
#2473=ORIENTED_EDGE('',*,*,#1824,.F.);
#2474=ORIENTED_EDGE('',*,*,#1825,.F.);
#2475=ORIENTED_EDGE('',*,*,#1826,.F.);
#2476=ORIENTED_EDGE('',*,*,#1827,.T.);
#2477=ORIENTED_EDGE('',*,*,#1828,.F.);
#2478=ORIENTED_EDGE('',*,*,#1824,.T.);
#2479=ORIENTED_EDGE('',*,*,#1827,.F.);
#2480=ORIENTED_EDGE('',*,*,#1829,.F.);
#2481=ORIENTED_EDGE('',*,*,#1830,.T.);
#2482=ORIENTED_EDGE('',*,*,#1831,.F.);
#2483=ORIENTED_EDGE('',*,*,#1832,.F.);
#2484=ORIENTED_EDGE('',*,*,#1833,.T.);
#2485=ORIENTED_EDGE('',*,*,#1834,.F.);
#2486=ORIENTED_EDGE('',*,*,#1835,.T.);
#2487=ORIENTED_EDGE('',*,*,#1833,.F.);
#2488=ORIENTED_EDGE('',*,*,#1836,.F.);
#2489=ORIENTED_EDGE('',*,*,#1837,.T.);
#2490=ORIENTED_EDGE('',*,*,#1838,.F.);
#2491=ORIENTED_EDGE('',*,*,#1830,.F.);
#2492=ORIENTED_EDGE('',*,*,#1839,.F.);
#2493=ORIENTED_EDGE('',*,*,#1837,.F.);
#2494=ORIENTED_EDGE('',*,*,#1840,.F.);
#2495=ORIENTED_EDGE('',*,*,#1835,.F.);
#2496=ORIENTED_EDGE('',*,*,#1841,.F.);
#2497=ORIENTED_EDGE('',*,*,#1842,.F.);
#2498=ORIENTED_EDGE('',*,*,#1843,.F.);
#2499=ORIENTED_EDGE('',*,*,#1844,.F.);
#2500=ORIENTED_EDGE('',*,*,#1845,.T.);
#2501=ORIENTED_EDGE('',*,*,#1846,.F.);
#2502=ORIENTED_EDGE('',*,*,#1842,.T.);
#2503=ORIENTED_EDGE('',*,*,#1845,.F.);
#2504=ORIENTED_EDGE('',*,*,#1847,.F.);
#2505=ORIENTED_EDGE('',*,*,#1848,.T.);
#2506=ORIENTED_EDGE('',*,*,#1849,.F.);
#2507=ORIENTED_EDGE('',*,*,#1850,.F.);
#2508=ORIENTED_EDGE('',*,*,#1851,.T.);
#2509=ORIENTED_EDGE('',*,*,#1852,.F.);
#2510=ORIENTED_EDGE('',*,*,#1853,.T.);
#2511=ORIENTED_EDGE('',*,*,#1851,.F.);
#2512=ORIENTED_EDGE('',*,*,#1854,.F.);
#2513=ORIENTED_EDGE('',*,*,#1855,.T.);
#2514=ORIENTED_EDGE('',*,*,#1856,.F.);
#2515=ORIENTED_EDGE('',*,*,#1848,.F.);
#2516=ORIENTED_EDGE('',*,*,#1857,.F.);
#2517=ORIENTED_EDGE('',*,*,#1855,.F.);
#2518=ORIENTED_EDGE('',*,*,#1858,.F.);
#2519=ORIENTED_EDGE('',*,*,#1853,.F.);
#2520=ORIENTED_EDGE('',*,*,#1859,.F.);
#2521=ORIENTED_EDGE('',*,*,#1860,.F.);
#2522=ORIENTED_EDGE('',*,*,#1861,.F.);
#2523=ORIENTED_EDGE('',*,*,#1862,.F.);
#2524=ORIENTED_EDGE('',*,*,#1863,.T.);
#2525=ORIENTED_EDGE('',*,*,#1864,.F.);
#2526=ORIENTED_EDGE('',*,*,#1860,.T.);
#2527=ORIENTED_EDGE('',*,*,#1863,.F.);
#2528=ORIENTED_EDGE('',*,*,#1865,.F.);
#2529=ORIENTED_EDGE('',*,*,#1866,.T.);
#2530=ORIENTED_EDGE('',*,*,#1867,.F.);
#2531=ORIENTED_EDGE('',*,*,#1868,.F.);
#2532=ORIENTED_EDGE('',*,*,#1869,.T.);
#2533=ORIENTED_EDGE('',*,*,#1870,.F.);
#2534=ORIENTED_EDGE('',*,*,#1871,.T.);
#2535=ORIENTED_EDGE('',*,*,#1869,.F.);
#2536=ORIENTED_EDGE('',*,*,#1872,.F.);
#2537=ORIENTED_EDGE('',*,*,#1873,.T.);
#2538=ORIENTED_EDGE('',*,*,#1874,.F.);
#2539=ORIENTED_EDGE('',*,*,#1866,.F.);
#2540=ORIENTED_EDGE('',*,*,#1875,.F.);
#2541=ORIENTED_EDGE('',*,*,#1873,.F.);
#2542=ORIENTED_EDGE('',*,*,#1876,.F.);
#2543=ORIENTED_EDGE('',*,*,#1871,.F.);
#2544=ORIENTED_EDGE('',*,*,#1877,.F.);
#2545=ORIENTED_EDGE('',*,*,#1878,.F.);
#2546=ORIENTED_EDGE('',*,*,#1879,.F.);
#2547=ORIENTED_EDGE('',*,*,#1880,.F.);
#2548=ORIENTED_EDGE('',*,*,#1881,.T.);
#2549=ORIENTED_EDGE('',*,*,#1882,.F.);
#2550=ORIENTED_EDGE('',*,*,#1878,.T.);
#2551=ORIENTED_EDGE('',*,*,#1881,.F.);
#2552=ORIENTED_EDGE('',*,*,#1883,.F.);
#2553=ORIENTED_EDGE('',*,*,#1884,.T.);
#2554=ORIENTED_EDGE('',*,*,#1885,.F.);
#2555=ORIENTED_EDGE('',*,*,#1886,.F.);
#2556=ORIENTED_EDGE('',*,*,#1887,.T.);
#2557=ORIENTED_EDGE('',*,*,#1888,.F.);
#2558=ORIENTED_EDGE('',*,*,#1889,.T.);
#2559=ORIENTED_EDGE('',*,*,#1887,.F.);
#2560=ORIENTED_EDGE('',*,*,#1890,.F.);
#2561=ORIENTED_EDGE('',*,*,#1891,.T.);
#2562=ORIENTED_EDGE('',*,*,#1892,.F.);
#2563=ORIENTED_EDGE('',*,*,#1884,.F.);
#2564=ORIENTED_EDGE('',*,*,#1893,.F.);
#2565=ORIENTED_EDGE('',*,*,#1891,.F.);
#2566=ORIENTED_EDGE('',*,*,#1894,.F.);
#2567=ORIENTED_EDGE('',*,*,#1889,.F.);
#2568=ORIENTED_EDGE('',*,*,#1895,.F.);
#2569=ORIENTED_EDGE('',*,*,#1896,.F.);
#2570=ORIENTED_EDGE('',*,*,#1897,.F.);
#2571=ORIENTED_EDGE('',*,*,#1898,.F.);
#2572=ORIENTED_EDGE('',*,*,#1899,.T.);
#2573=ORIENTED_EDGE('',*,*,#1900,.F.);
#2574=ORIENTED_EDGE('',*,*,#1896,.T.);
#2575=ORIENTED_EDGE('',*,*,#1899,.F.);
#2576=ORIENTED_EDGE('',*,*,#1901,.F.);
#2577=ORIENTED_EDGE('',*,*,#1902,.T.);
#2578=ORIENTED_EDGE('',*,*,#1903,.F.);
#2579=ORIENTED_EDGE('',*,*,#1904,.F.);
#2580=ORIENTED_EDGE('',*,*,#1905,.T.);
#2581=ORIENTED_EDGE('',*,*,#1906,.F.);
#2582=ORIENTED_EDGE('',*,*,#1907,.T.);
#2583=ORIENTED_EDGE('',*,*,#1905,.F.);
#2584=ORIENTED_EDGE('',*,*,#1908,.F.);
#2585=ORIENTED_EDGE('',*,*,#1909,.T.);
#2586=ORIENTED_EDGE('',*,*,#1910,.F.);
#2587=ORIENTED_EDGE('',*,*,#1902,.F.);
#2588=ORIENTED_EDGE('',*,*,#1911,.F.);
#2589=ORIENTED_EDGE('',*,*,#1909,.F.);
#2590=ORIENTED_EDGE('',*,*,#1912,.F.);
#2591=ORIENTED_EDGE('',*,*,#1907,.F.);
#2592=ORIENTED_EDGE('',*,*,#1913,.F.);
#2593=ORIENTED_EDGE('',*,*,#1914,.F.);
#2594=ORIENTED_EDGE('',*,*,#1915,.F.);
#2595=ORIENTED_EDGE('',*,*,#1916,.F.);
#2596=ORIENTED_EDGE('',*,*,#1917,.T.);
#2597=ORIENTED_EDGE('',*,*,#1918,.F.);
#2598=ORIENTED_EDGE('',*,*,#1914,.T.);
#2599=ORIENTED_EDGE('',*,*,#1917,.F.);
#2600=ORIENTED_EDGE('',*,*,#1919,.F.);
#2601=ORIENTED_EDGE('',*,*,#1920,.T.);
#2602=ORIENTED_EDGE('',*,*,#1921,.F.);
#2603=ORIENTED_EDGE('',*,*,#1922,.F.);
#2604=ORIENTED_EDGE('',*,*,#1923,.T.);
#2605=ORIENTED_EDGE('',*,*,#1924,.F.);
#2606=ORIENTED_EDGE('',*,*,#1925,.T.);
#2607=ORIENTED_EDGE('',*,*,#1923,.F.);
#2608=ORIENTED_EDGE('',*,*,#1926,.F.);
#2609=ORIENTED_EDGE('',*,*,#1927,.T.);
#2610=ORIENTED_EDGE('',*,*,#1928,.F.);
#2611=ORIENTED_EDGE('',*,*,#1920,.F.);
#2612=ORIENTED_EDGE('',*,*,#1929,.F.);
#2613=ORIENTED_EDGE('',*,*,#1927,.F.);
#2614=ORIENTED_EDGE('',*,*,#1930,.F.);
#2615=ORIENTED_EDGE('',*,*,#1925,.F.);
#2616=ORIENTED_EDGE('',*,*,#1931,.F.);
#2617=ORIENTED_EDGE('',*,*,#1932,.F.);
#2618=ORIENTED_EDGE('',*,*,#1933,.F.);
#2619=ORIENTED_EDGE('',*,*,#1934,.F.);
#2620=ORIENTED_EDGE('',*,*,#1935,.T.);
#2621=ORIENTED_EDGE('',*,*,#1936,.F.);
#2622=ORIENTED_EDGE('',*,*,#1932,.T.);
#2623=ORIENTED_EDGE('',*,*,#1935,.F.);
#2624=ORIENTED_EDGE('',*,*,#1937,.F.);
#2625=ORIENTED_EDGE('',*,*,#1938,.T.);
#2626=ORIENTED_EDGE('',*,*,#1939,.F.);
#2627=ORIENTED_EDGE('',*,*,#1940,.F.);
#2628=ORIENTED_EDGE('',*,*,#1941,.T.);
#2629=ORIENTED_EDGE('',*,*,#1942,.F.);
#2630=ORIENTED_EDGE('',*,*,#1943,.T.);
#2631=ORIENTED_EDGE('',*,*,#1941,.F.);
#2632=ORIENTED_EDGE('',*,*,#1944,.F.);
#2633=ORIENTED_EDGE('',*,*,#1945,.T.);
#2634=ORIENTED_EDGE('',*,*,#1946,.F.);
#2635=ORIENTED_EDGE('',*,*,#1938,.F.);
#2636=ORIENTED_EDGE('',*,*,#1947,.F.);
#2637=ORIENTED_EDGE('',*,*,#1945,.F.);
#2638=ORIENTED_EDGE('',*,*,#1948,.F.);
#2639=ORIENTED_EDGE('',*,*,#1943,.F.);
#2640=ORIENTED_EDGE('',*,*,#1949,.F.);
#2641=ORIENTED_EDGE('',*,*,#1950,.F.);
#2642=ORIENTED_EDGE('',*,*,#1951,.F.);
#2643=ORIENTED_EDGE('',*,*,#1952,.F.);
#2644=ORIENTED_EDGE('',*,*,#1953,.T.);
#2645=ORIENTED_EDGE('',*,*,#1954,.F.);
#2646=ORIENTED_EDGE('',*,*,#1950,.T.);
#2647=ORIENTED_EDGE('',*,*,#1953,.F.);
#2648=ORIENTED_EDGE('',*,*,#1955,.F.);
#2649=ORIENTED_EDGE('',*,*,#1956,.T.);
#2650=ORIENTED_EDGE('',*,*,#1957,.F.);
#2651=ORIENTED_EDGE('',*,*,#1958,.F.);
#2652=ORIENTED_EDGE('',*,*,#1959,.T.);
#2653=ORIENTED_EDGE('',*,*,#1960,.F.);
#2654=ORIENTED_EDGE('',*,*,#1961,.T.);
#2655=ORIENTED_EDGE('',*,*,#1959,.F.);
#2656=ORIENTED_EDGE('',*,*,#1962,.F.);
#2657=ORIENTED_EDGE('',*,*,#1963,.T.);
#2658=ORIENTED_EDGE('',*,*,#1964,.F.);
#2659=ORIENTED_EDGE('',*,*,#1956,.F.);
#2660=ORIENTED_EDGE('',*,*,#1965,.F.);
#2661=ORIENTED_EDGE('',*,*,#1963,.F.);
#2662=ORIENTED_EDGE('',*,*,#1966,.F.);
#2663=ORIENTED_EDGE('',*,*,#1961,.F.);
#2664=ORIENTED_EDGE('',*,*,#1967,.F.);
#2665=ORIENTED_EDGE('',*,*,#1968,.F.);
#2666=ORIENTED_EDGE('',*,*,#1969,.F.);
#2667=ORIENTED_EDGE('',*,*,#1970,.F.);
#2668=ORIENTED_EDGE('',*,*,#1971,.T.);
#2669=ORIENTED_EDGE('',*,*,#1972,.F.);
#2670=ORIENTED_EDGE('',*,*,#1968,.T.);
#2671=ORIENTED_EDGE('',*,*,#1971,.F.);
#2672=ORIENTED_EDGE('',*,*,#1973,.F.);
#2673=ORIENTED_EDGE('',*,*,#1974,.T.);
#2674=ORIENTED_EDGE('',*,*,#1975,.F.);
#2675=ORIENTED_EDGE('',*,*,#1976,.F.);
#2676=ORIENTED_EDGE('',*,*,#1977,.T.);
#2677=ORIENTED_EDGE('',*,*,#1978,.F.);
#2678=ORIENTED_EDGE('',*,*,#1979,.T.);
#2679=ORIENTED_EDGE('',*,*,#1977,.F.);
#2680=ORIENTED_EDGE('',*,*,#1980,.F.);
#2681=ORIENTED_EDGE('',*,*,#1981,.T.);
#2682=ORIENTED_EDGE('',*,*,#1982,.F.);
#2683=ORIENTED_EDGE('',*,*,#1974,.F.);
#2684=ORIENTED_EDGE('',*,*,#1983,.F.);
#2685=ORIENTED_EDGE('',*,*,#1981,.F.);
#2686=ORIENTED_EDGE('',*,*,#1984,.F.);
#2687=ORIENTED_EDGE('',*,*,#1979,.F.);
#2688=ORIENTED_EDGE('',*,*,#1985,.F.);
#2689=ORIENTED_EDGE('',*,*,#1986,.F.);
#2690=ORIENTED_EDGE('',*,*,#1987,.F.);
#2691=ORIENTED_EDGE('',*,*,#1988,.F.);
#2692=ORIENTED_EDGE('',*,*,#1989,.T.);
#2693=ORIENTED_EDGE('',*,*,#1990,.F.);
#2694=ORIENTED_EDGE('',*,*,#1986,.T.);
#2695=ORIENTED_EDGE('',*,*,#1989,.F.);
#2696=ORIENTED_EDGE('',*,*,#1991,.F.);
#2697=ORIENTED_EDGE('',*,*,#1992,.T.);
#2698=ORIENTED_EDGE('',*,*,#1993,.F.);
#2699=ORIENTED_EDGE('',*,*,#1994,.F.);
#2700=ORIENTED_EDGE('',*,*,#1995,.T.);
#2701=ORIENTED_EDGE('',*,*,#1996,.F.);
#2702=ORIENTED_EDGE('',*,*,#1997,.T.);
#2703=ORIENTED_EDGE('',*,*,#1995,.F.);
#2704=ORIENTED_EDGE('',*,*,#1998,.F.);
#2705=ORIENTED_EDGE('',*,*,#1999,.T.);
#2706=ORIENTED_EDGE('',*,*,#2000,.F.);
#2707=ORIENTED_EDGE('',*,*,#1992,.F.);
#2708=ORIENTED_EDGE('',*,*,#2001,.F.);
#2709=ORIENTED_EDGE('',*,*,#1999,.F.);
#2710=ORIENTED_EDGE('',*,*,#2002,.F.);
#2711=ORIENTED_EDGE('',*,*,#1997,.F.);
#2712=ORIENTED_EDGE('',*,*,#2003,.F.);
#2713=ORIENTED_EDGE('',*,*,#2004,.F.);
#2714=ORIENTED_EDGE('',*,*,#2005,.F.);
#2715=ORIENTED_EDGE('',*,*,#2006,.F.);
#2716=ORIENTED_EDGE('',*,*,#2007,.T.);
#2717=ORIENTED_EDGE('',*,*,#2008,.F.);
#2718=ORIENTED_EDGE('',*,*,#2004,.T.);
#2719=ORIENTED_EDGE('',*,*,#2007,.F.);
#2720=ORIENTED_EDGE('',*,*,#2009,.F.);
#2721=ORIENTED_EDGE('',*,*,#2010,.T.);
#2722=ORIENTED_EDGE('',*,*,#2011,.F.);
#2723=ORIENTED_EDGE('',*,*,#2012,.F.);
#2724=ORIENTED_EDGE('',*,*,#2013,.T.);
#2725=ORIENTED_EDGE('',*,*,#2014,.F.);
#2726=ORIENTED_EDGE('',*,*,#2015,.T.);
#2727=ORIENTED_EDGE('',*,*,#2013,.F.);
#2728=ORIENTED_EDGE('',*,*,#2016,.F.);
#2729=ORIENTED_EDGE('',*,*,#2017,.T.);
#2730=ORIENTED_EDGE('',*,*,#2018,.F.);
#2731=ORIENTED_EDGE('',*,*,#2010,.F.);
#2732=ORIENTED_EDGE('',*,*,#2019,.F.);
#2733=ORIENTED_EDGE('',*,*,#2017,.F.);
#2734=ORIENTED_EDGE('',*,*,#2020,.F.);
#2735=ORIENTED_EDGE('',*,*,#2015,.F.);
#2736=ORIENTED_EDGE('',*,*,#2021,.F.);
#2737=ORIENTED_EDGE('',*,*,#2022,.F.);
#2738=ORIENTED_EDGE('',*,*,#2023,.F.);
#2739=ORIENTED_EDGE('',*,*,#2024,.F.);
#2740=ORIENTED_EDGE('',*,*,#2025,.T.);
#2741=ORIENTED_EDGE('',*,*,#2026,.F.);
#2742=ORIENTED_EDGE('',*,*,#2022,.T.);
#2743=ORIENTED_EDGE('',*,*,#2025,.F.);
#2744=ORIENTED_EDGE('',*,*,#2027,.F.);
#2745=ORIENTED_EDGE('',*,*,#2028,.T.);
#2746=ORIENTED_EDGE('',*,*,#2029,.F.);
#2747=ORIENTED_EDGE('',*,*,#2030,.F.);
#2748=ORIENTED_EDGE('',*,*,#2031,.T.);
#2749=ORIENTED_EDGE('',*,*,#2032,.F.);
#2750=ORIENTED_EDGE('',*,*,#2033,.T.);
#2751=ORIENTED_EDGE('',*,*,#2031,.F.);
#2752=ORIENTED_EDGE('',*,*,#2034,.F.);
#2753=ORIENTED_EDGE('',*,*,#2035,.T.);
#2754=ORIENTED_EDGE('',*,*,#2036,.F.);
#2755=ORIENTED_EDGE('',*,*,#2028,.F.);
#2756=ORIENTED_EDGE('',*,*,#2037,.F.);
#2757=ORIENTED_EDGE('',*,*,#2035,.F.);
#2758=ORIENTED_EDGE('',*,*,#2038,.F.);
#2759=ORIENTED_EDGE('',*,*,#2033,.F.);
#2760=ORIENTED_EDGE('',*,*,#2039,.F.);
#2761=ORIENTED_EDGE('',*,*,#2040,.F.);
#2762=ORIENTED_EDGE('',*,*,#2041,.F.);
#2763=ORIENTED_EDGE('',*,*,#2042,.F.);
#2764=ORIENTED_EDGE('',*,*,#2043,.T.);
#2765=ORIENTED_EDGE('',*,*,#2044,.F.);
#2766=ORIENTED_EDGE('',*,*,#2040,.T.);
#2767=ORIENTED_EDGE('',*,*,#2043,.F.);
#2768=ORIENTED_EDGE('',*,*,#2045,.F.);
#2769=ORIENTED_EDGE('',*,*,#2046,.T.);
#2770=ORIENTED_EDGE('',*,*,#2047,.F.);
#2771=ORIENTED_EDGE('',*,*,#2048,.F.);
#2772=ORIENTED_EDGE('',*,*,#2049,.T.);
#2773=ORIENTED_EDGE('',*,*,#2050,.F.);
#2774=ORIENTED_EDGE('',*,*,#2051,.T.);
#2775=ORIENTED_EDGE('',*,*,#2049,.F.);
#2776=ORIENTED_EDGE('',*,*,#2052,.F.);
#2777=ORIENTED_EDGE('',*,*,#2053,.T.);
#2778=ORIENTED_EDGE('',*,*,#2054,.F.);
#2779=ORIENTED_EDGE('',*,*,#2046,.F.);
#2780=ORIENTED_EDGE('',*,*,#2055,.F.);
#2781=ORIENTED_EDGE('',*,*,#2053,.F.);
#2782=ORIENTED_EDGE('',*,*,#2056,.F.);
#2783=ORIENTED_EDGE('',*,*,#2051,.F.);
#2784=ORIENTED_EDGE('',*,*,#2057,.F.);
#2785=ORIENTED_EDGE('',*,*,#2058,.F.);
#2786=ORIENTED_EDGE('',*,*,#2059,.F.);
#2787=ORIENTED_EDGE('',*,*,#2060,.F.);
#2788=ORIENTED_EDGE('',*,*,#2061,.T.);
#2789=ORIENTED_EDGE('',*,*,#2062,.F.);
#2790=ORIENTED_EDGE('',*,*,#2058,.T.);
#2791=ORIENTED_EDGE('',*,*,#2061,.F.);
#2792=ORIENTED_EDGE('',*,*,#2063,.F.);
#2793=ORIENTED_EDGE('',*,*,#2064,.T.);
#2794=ORIENTED_EDGE('',*,*,#2065,.F.);
#2795=ORIENTED_EDGE('',*,*,#2066,.F.);
#2796=ORIENTED_EDGE('',*,*,#2067,.T.);
#2797=ORIENTED_EDGE('',*,*,#2068,.F.);
#2798=ORIENTED_EDGE('',*,*,#2069,.T.);
#2799=ORIENTED_EDGE('',*,*,#2067,.F.);
#2800=ORIENTED_EDGE('',*,*,#2070,.F.);
#2801=ORIENTED_EDGE('',*,*,#2071,.T.);
#2802=ORIENTED_EDGE('',*,*,#2072,.F.);
#2803=ORIENTED_EDGE('',*,*,#2064,.F.);
#2804=ORIENTED_EDGE('',*,*,#2073,.F.);
#2805=ORIENTED_EDGE('',*,*,#2071,.F.);
#2806=ORIENTED_EDGE('',*,*,#2074,.F.);
#2807=ORIENTED_EDGE('',*,*,#2069,.F.);
#2808=ORIENTED_EDGE('',*,*,#2075,.F.);
#2809=ORIENTED_EDGE('',*,*,#2076,.F.);
#2810=ORIENTED_EDGE('',*,*,#2077,.F.);
#2811=ORIENTED_EDGE('',*,*,#2078,.F.);
#2812=ORIENTED_EDGE('',*,*,#2079,.T.);
#2813=ORIENTED_EDGE('',*,*,#2080,.F.);
#2814=ORIENTED_EDGE('',*,*,#2076,.T.);
#2815=ORIENTED_EDGE('',*,*,#2079,.F.);
#2816=ORIENTED_EDGE('',*,*,#2081,.F.);
#2817=ORIENTED_EDGE('',*,*,#2082,.T.);
#2818=ORIENTED_EDGE('',*,*,#2083,.F.);
#2819=ORIENTED_EDGE('',*,*,#2084,.F.);
#2820=ORIENTED_EDGE('',*,*,#2085,.T.);
#2821=ORIENTED_EDGE('',*,*,#2086,.F.);
#2822=ORIENTED_EDGE('',*,*,#2087,.T.);
#2823=ORIENTED_EDGE('',*,*,#2085,.F.);
#2824=ORIENTED_EDGE('',*,*,#2088,.F.);
#2825=ORIENTED_EDGE('',*,*,#2089,.T.);
#2826=ORIENTED_EDGE('',*,*,#2090,.F.);
#2827=ORIENTED_EDGE('',*,*,#2082,.F.);
#2828=ORIENTED_EDGE('',*,*,#2091,.F.);
#2829=ORIENTED_EDGE('',*,*,#2089,.F.);
#2830=ORIENTED_EDGE('',*,*,#2092,.F.);
#2831=ORIENTED_EDGE('',*,*,#2087,.F.);
#2832=ORIENTED_EDGE('',*,*,#2093,.F.);
#2833=ORIENTED_EDGE('',*,*,#2094,.F.);
#2834=ORIENTED_EDGE('',*,*,#2095,.F.);
#2835=ORIENTED_EDGE('',*,*,#2096,.F.);
#2836=ORIENTED_EDGE('',*,*,#2097,.T.);
#2837=ORIENTED_EDGE('',*,*,#2098,.F.);
#2838=ORIENTED_EDGE('',*,*,#2094,.T.);
#2839=ORIENTED_EDGE('',*,*,#2097,.F.);
#2840=ORIENTED_EDGE('',*,*,#2099,.F.);
#2841=ORIENTED_EDGE('',*,*,#2100,.T.);
#2842=ORIENTED_EDGE('',*,*,#2101,.F.);
#2843=ORIENTED_EDGE('',*,*,#2102,.F.);
#2844=ORIENTED_EDGE('',*,*,#2103,.T.);
#2845=ORIENTED_EDGE('',*,*,#2104,.F.);
#2846=ORIENTED_EDGE('',*,*,#2105,.T.);
#2847=ORIENTED_EDGE('',*,*,#2103,.F.);
#2848=ORIENTED_EDGE('',*,*,#2106,.F.);
#2849=ORIENTED_EDGE('',*,*,#2107,.T.);
#2850=ORIENTED_EDGE('',*,*,#2108,.F.);
#2851=ORIENTED_EDGE('',*,*,#2100,.F.);
#2852=ORIENTED_EDGE('',*,*,#2109,.F.);
#2853=ORIENTED_EDGE('',*,*,#2107,.F.);
#2854=ORIENTED_EDGE('',*,*,#2110,.F.);
#2855=ORIENTED_EDGE('',*,*,#2105,.F.);
#2856=ORIENTED_EDGE('',*,*,#2111,.F.);
#2857=ORIENTED_EDGE('',*,*,#2112,.F.);
#2858=ORIENTED_EDGE('',*,*,#2113,.F.);
#2859=ORIENTED_EDGE('',*,*,#2114,.F.);
#2860=ORIENTED_EDGE('',*,*,#1608,.T.);
#2861=ORIENTED_EDGE('',*,*,#2115,.F.);
#2862=ORIENTED_EDGE('',*,*,#2116,.T.);
#2863=ORIENTED_EDGE('',*,*,#2117,.F.);
#2864=ORIENTED_EDGE('',*,*,#2112,.T.);
#2865=ORIENTED_EDGE('',*,*,#2118,.F.);
#2866=ORIENTED_EDGE('',*,*,#2119,.T.);
#2867=ORIENTED_EDGE('',*,*,#2119,.F.);
#2868=ORIENTED_EDGE('',*,*,#2120,.F.);
#2869=ORIENTED_EDGE('',*,*,#2121,.T.);
#2870=ORIENTED_EDGE('',*,*,#2122,.F.);
#2871=ORIENTED_EDGE('',*,*,#2116,.F.);
#2872=ORIENTED_EDGE('',*,*,#2123,.F.);
#2873=ORIENTED_EDGE('',*,*,#2124,.T.);
#2874=ORIENTED_EDGE('',*,*,#2125,.F.);
#2875=ORIENTED_EDGE('',*,*,#2121,.F.);
#2876=ORIENTED_EDGE('',*,*,#2126,.F.);
#2877=ORIENTED_EDGE('',*,*,#2124,.F.);
#2878=ORIENTED_EDGE('',*,*,#2127,.F.);
#2879=ORIENTED_EDGE('',*,*,#2128,.F.);
#2880=ORIENTED_EDGE('',*,*,#2129,.T.);
#2881=ORIENTED_EDGE('',*,*,#2130,.F.);
#2882=ORIENTED_EDGE('',*,*,#2129,.F.);
#2883=ORIENTED_EDGE('',*,*,#2131,.T.);
#2884=ORIENTED_EDGE('',*,*,#2132,.T.);
#2885=ORIENTED_EDGE('',*,*,#2133,.F.);
#2886=ORIENTED_EDGE('',*,*,#2132,.F.);
#2887=ORIENTED_EDGE('',*,*,#2134,.F.);
#2888=ORIENTED_EDGE('',*,*,#2135,.T.);
#2889=ORIENTED_EDGE('',*,*,#2131,.F.);
#2890=ORIENTED_EDGE('',*,*,#2135,.F.);
#2891=ORIENTED_EDGE('',*,*,#2128,.T.);
#2892=ORIENTED_EDGE('',*,*,#2136,.F.);
#2893=ORIENTED_EDGE('',*,*,#2137,.T.);
#2894=ORIENTED_EDGE('',*,*,#2138,.T.);
#2895=ORIENTED_EDGE('',*,*,#2137,.F.);
#2896=ORIENTED_EDGE('',*,*,#2136,.T.);
#2897=ORIENTED_EDGE('',*,*,#2138,.F.);
#2898=ORIENTED_EDGE('',*,*,#2139,.T.);
#2899=ORIENTED_EDGE('',*,*,#2140,.F.);
#2900=ORIENTED_EDGE('',*,*,#2139,.F.);
#2901=ORIENTED_EDGE('',*,*,#2141,.T.);
#2902=ORIENTED_EDGE('',*,*,#2142,.T.);
#2903=ORIENTED_EDGE('',*,*,#2143,.T.);
#2904=ORIENTED_EDGE('',*,*,#2142,.F.);
#2905=ORIENTED_EDGE('',*,*,#2141,.F.);
#2906=ORIENTED_EDGE('',*,*,#2144,.F.);
#2907=ORIENTED_EDGE('',*,*,#2143,.F.);
#2908=ORIENTED_EDGE('',*,*,#2145,.T.);
#2909=ORIENTED_EDGE('',*,*,#2146,.F.);
#2910=ORIENTED_EDGE('',*,*,#2145,.F.);
#2911=ORIENTED_EDGE('',*,*,#2130,.T.);
#2912=ORIENTED_EDGE('',*,*,#2140,.T.);
#2913=ORIENTED_EDGE('',*,*,#2144,.T.);
#2914=ORIENTED_EDGE('',*,*,#2147,.T.);
#2915=ORIENTED_EDGE('',*,*,#2134,.T.);
#2916=ORIENTED_EDGE('',*,*,#2147,.F.);
#2917=ORIENTED_EDGE('',*,*,#2148,.T.);
#2918=ORIENTED_EDGE('',*,*,#2146,.T.);
#2919=ORIENTED_EDGE('',*,*,#2148,.F.);
#2920=ORIENTED_EDGE('',*,*,#2149,.T.);
#2921=ORIENTED_EDGE('',*,*,#2150,.T.);
#2922=ORIENTED_EDGE('',*,*,#2149,.F.);
#2923=ORIENTED_EDGE('',*,*,#2133,.T.);
#2924=ORIENTED_EDGE('',*,*,#2151,.T.);
#2925=ORIENTED_EDGE('',*,*,#2150,.F.);
#2926=ORIENTED_EDGE('',*,*,#2104,.T.);
#2927=ORIENTED_EDGE('',*,*,#2108,.T.);
#2928=ORIENTED_EDGE('',*,*,#2109,.T.);
#2929=ORIENTED_EDGE('',*,*,#2099,.T.);
#2930=ORIENTED_EDGE('',*,*,#2096,.T.);
#2931=ORIENTED_EDGE('',*,*,#2093,.T.);
#2932=ORIENTED_EDGE('',*,*,#2086,.T.);
#2933=ORIENTED_EDGE('',*,*,#2090,.T.);
#2934=ORIENTED_EDGE('',*,*,#2091,.T.);
#2935=ORIENTED_EDGE('',*,*,#2081,.T.);
#2936=ORIENTED_EDGE('',*,*,#2078,.T.);
#2937=ORIENTED_EDGE('',*,*,#2075,.T.);
#2938=ORIENTED_EDGE('',*,*,#2068,.T.);
#2939=ORIENTED_EDGE('',*,*,#2072,.T.);
#2940=ORIENTED_EDGE('',*,*,#2073,.T.);
#2941=ORIENTED_EDGE('',*,*,#2063,.T.);
#2942=ORIENTED_EDGE('',*,*,#2060,.T.);
#2943=ORIENTED_EDGE('',*,*,#2057,.T.);
#2944=ORIENTED_EDGE('',*,*,#2050,.T.);
#2945=ORIENTED_EDGE('',*,*,#2054,.T.);
#2946=ORIENTED_EDGE('',*,*,#2055,.T.);
#2947=ORIENTED_EDGE('',*,*,#2045,.T.);
#2948=ORIENTED_EDGE('',*,*,#2042,.T.);
#2949=ORIENTED_EDGE('',*,*,#2039,.T.);
#2950=ORIENTED_EDGE('',*,*,#2032,.T.);
#2951=ORIENTED_EDGE('',*,*,#2036,.T.);
#2952=ORIENTED_EDGE('',*,*,#2037,.T.);
#2953=ORIENTED_EDGE('',*,*,#2027,.T.);
#2954=ORIENTED_EDGE('',*,*,#2024,.T.);
#2955=ORIENTED_EDGE('',*,*,#2021,.T.);
#2956=ORIENTED_EDGE('',*,*,#2014,.T.);
#2957=ORIENTED_EDGE('',*,*,#2018,.T.);
#2958=ORIENTED_EDGE('',*,*,#2019,.T.);
#2959=ORIENTED_EDGE('',*,*,#2009,.T.);
#2960=ORIENTED_EDGE('',*,*,#2006,.T.);
#2961=ORIENTED_EDGE('',*,*,#2003,.T.);
#2962=ORIENTED_EDGE('',*,*,#1996,.T.);
#2963=ORIENTED_EDGE('',*,*,#2000,.T.);
#2964=ORIENTED_EDGE('',*,*,#2001,.T.);
#2965=ORIENTED_EDGE('',*,*,#1991,.T.);
#2966=ORIENTED_EDGE('',*,*,#1988,.T.);
#2967=ORIENTED_EDGE('',*,*,#1985,.T.);
#2968=ORIENTED_EDGE('',*,*,#1978,.T.);
#2969=ORIENTED_EDGE('',*,*,#1982,.T.);
#2970=ORIENTED_EDGE('',*,*,#1983,.T.);
#2971=ORIENTED_EDGE('',*,*,#1973,.T.);
#2972=ORIENTED_EDGE('',*,*,#1970,.T.);
#2973=ORIENTED_EDGE('',*,*,#1967,.T.);
#2974=ORIENTED_EDGE('',*,*,#1960,.T.);
#2975=ORIENTED_EDGE('',*,*,#1964,.T.);
#2976=ORIENTED_EDGE('',*,*,#1965,.T.);
#2977=ORIENTED_EDGE('',*,*,#1955,.T.);
#2978=ORIENTED_EDGE('',*,*,#1952,.T.);
#2979=ORIENTED_EDGE('',*,*,#1949,.T.);
#2980=ORIENTED_EDGE('',*,*,#1942,.T.);
#2981=ORIENTED_EDGE('',*,*,#1946,.T.);
#2982=ORIENTED_EDGE('',*,*,#1947,.T.);
#2983=ORIENTED_EDGE('',*,*,#1937,.T.);
#2984=ORIENTED_EDGE('',*,*,#1934,.T.);
#2985=ORIENTED_EDGE('',*,*,#1931,.T.);
#2986=ORIENTED_EDGE('',*,*,#1924,.T.);
#2987=ORIENTED_EDGE('',*,*,#1928,.T.);
#2988=ORIENTED_EDGE('',*,*,#1929,.T.);
#2989=ORIENTED_EDGE('',*,*,#1919,.T.);
#2990=ORIENTED_EDGE('',*,*,#1916,.T.);
#2991=ORIENTED_EDGE('',*,*,#1913,.T.);
#2992=ORIENTED_EDGE('',*,*,#1906,.T.);
#2993=ORIENTED_EDGE('',*,*,#1910,.T.);
#2994=ORIENTED_EDGE('',*,*,#1911,.T.);
#2995=ORIENTED_EDGE('',*,*,#1901,.T.);
#2996=ORIENTED_EDGE('',*,*,#1898,.T.);
#2997=ORIENTED_EDGE('',*,*,#1895,.T.);
#2998=ORIENTED_EDGE('',*,*,#1888,.T.);
#2999=ORIENTED_EDGE('',*,*,#1892,.T.);
#3000=ORIENTED_EDGE('',*,*,#1893,.T.);
#3001=ORIENTED_EDGE('',*,*,#1883,.T.);
#3002=ORIENTED_EDGE('',*,*,#1880,.T.);
#3003=ORIENTED_EDGE('',*,*,#1877,.T.);
#3004=ORIENTED_EDGE('',*,*,#1870,.T.);
#3005=ORIENTED_EDGE('',*,*,#1874,.T.);
#3006=ORIENTED_EDGE('',*,*,#1875,.T.);
#3007=ORIENTED_EDGE('',*,*,#1865,.T.);
#3008=ORIENTED_EDGE('',*,*,#1862,.T.);
#3009=ORIENTED_EDGE('',*,*,#1859,.T.);
#3010=ORIENTED_EDGE('',*,*,#1852,.T.);
#3011=ORIENTED_EDGE('',*,*,#1856,.T.);
#3012=ORIENTED_EDGE('',*,*,#1857,.T.);
#3013=ORIENTED_EDGE('',*,*,#1847,.T.);
#3014=ORIENTED_EDGE('',*,*,#1844,.T.);
#3015=ORIENTED_EDGE('',*,*,#1841,.T.);
#3016=ORIENTED_EDGE('',*,*,#1834,.T.);
#3017=ORIENTED_EDGE('',*,*,#1838,.T.);
#3018=ORIENTED_EDGE('',*,*,#1839,.T.);
#3019=ORIENTED_EDGE('',*,*,#1829,.T.);
#3020=ORIENTED_EDGE('',*,*,#1826,.T.);
#3021=ORIENTED_EDGE('',*,*,#1823,.T.);
#3022=ORIENTED_EDGE('',*,*,#1816,.T.);
#3023=ORIENTED_EDGE('',*,*,#1820,.T.);
#3024=ORIENTED_EDGE('',*,*,#1821,.T.);
#3025=ORIENTED_EDGE('',*,*,#1811,.T.);
#3026=ORIENTED_EDGE('',*,*,#1808,.T.);
#3027=ORIENTED_EDGE('',*,*,#1805,.T.);
#3028=ORIENTED_EDGE('',*,*,#1798,.T.);
#3029=ORIENTED_EDGE('',*,*,#1802,.T.);
#3030=ORIENTED_EDGE('',*,*,#1803,.T.);
#3031=ORIENTED_EDGE('',*,*,#1793,.T.);
#3032=ORIENTED_EDGE('',*,*,#1790,.T.);
#3033=ORIENTED_EDGE('',*,*,#1787,.T.);
#3034=ORIENTED_EDGE('',*,*,#1780,.T.);
#3035=ORIENTED_EDGE('',*,*,#1784,.T.);
#3036=ORIENTED_EDGE('',*,*,#1785,.T.);
#3037=ORIENTED_EDGE('',*,*,#1775,.T.);
#3038=ORIENTED_EDGE('',*,*,#1772,.T.);
#3039=ORIENTED_EDGE('',*,*,#1769,.T.);
#3040=ORIENTED_EDGE('',*,*,#1762,.T.);
#3041=ORIENTED_EDGE('',*,*,#1766,.T.);
#3042=ORIENTED_EDGE('',*,*,#1767,.T.);
#3043=ORIENTED_EDGE('',*,*,#1757,.T.);
#3044=ORIENTED_EDGE('',*,*,#1754,.T.);
#3045=ORIENTED_EDGE('',*,*,#1751,.T.);
#3046=ORIENTED_EDGE('',*,*,#1744,.T.);
#3047=ORIENTED_EDGE('',*,*,#1748,.T.);
#3048=ORIENTED_EDGE('',*,*,#1749,.T.);
#3049=ORIENTED_EDGE('',*,*,#1739,.T.);
#3050=ORIENTED_EDGE('',*,*,#1736,.T.);
#3051=ORIENTED_EDGE('',*,*,#1733,.T.);
#3052=ORIENTED_EDGE('',*,*,#1726,.T.);
#3053=ORIENTED_EDGE('',*,*,#1730,.T.);
#3054=ORIENTED_EDGE('',*,*,#1731,.T.);
#3055=ORIENTED_EDGE('',*,*,#1721,.T.);
#3056=ORIENTED_EDGE('',*,*,#1718,.T.);
#3057=ORIENTED_EDGE('',*,*,#1715,.T.);
#3058=ORIENTED_EDGE('',*,*,#1708,.T.);
#3059=ORIENTED_EDGE('',*,*,#1712,.T.);
#3060=ORIENTED_EDGE('',*,*,#1713,.T.);
#3061=ORIENTED_EDGE('',*,*,#1703,.T.);
#3062=ORIENTED_EDGE('',*,*,#1700,.T.);
#3063=ORIENTED_EDGE('',*,*,#1697,.T.);
#3064=ORIENTED_EDGE('',*,*,#1690,.T.);
#3065=ORIENTED_EDGE('',*,*,#1694,.T.);
#3066=ORIENTED_EDGE('',*,*,#1695,.T.);
#3067=ORIENTED_EDGE('',*,*,#1685,.T.);
#3068=ORIENTED_EDGE('',*,*,#1682,.T.);
#3069=ORIENTED_EDGE('',*,*,#1679,.T.);
#3070=ORIENTED_EDGE('',*,*,#1672,.T.);
#3071=ORIENTED_EDGE('',*,*,#1676,.T.);
#3072=ORIENTED_EDGE('',*,*,#1677,.T.);
#3073=ORIENTED_EDGE('',*,*,#1667,.T.);
#3074=ORIENTED_EDGE('',*,*,#1664,.T.);
#3075=ORIENTED_EDGE('',*,*,#1661,.T.);
#3076=ORIENTED_EDGE('',*,*,#1654,.T.);
#3077=ORIENTED_EDGE('',*,*,#1658,.T.);
#3078=ORIENTED_EDGE('',*,*,#1659,.T.);
#3079=ORIENTED_EDGE('',*,*,#1649,.T.);
#3080=ORIENTED_EDGE('',*,*,#1646,.T.);
#3081=ORIENTED_EDGE('',*,*,#1643,.T.);
#3082=ORIENTED_EDGE('',*,*,#1636,.T.);
#3083=ORIENTED_EDGE('',*,*,#1640,.T.);
#3084=ORIENTED_EDGE('',*,*,#1641,.T.);
#3085=ORIENTED_EDGE('',*,*,#1631,.T.);
#3086=ORIENTED_EDGE('',*,*,#1628,.T.);
#3087=ORIENTED_EDGE('',*,*,#1625,.T.);
#3088=ORIENTED_EDGE('',*,*,#1618,.T.);
#3089=ORIENTED_EDGE('',*,*,#1622,.T.);
#3090=ORIENTED_EDGE('',*,*,#1623,.T.);
#3091=ORIENTED_EDGE('',*,*,#1613,.T.);
#3092=ORIENTED_EDGE('',*,*,#1610,.T.);
#3093=ORIENTED_EDGE('',*,*,#1604,.T.);
#3094=ORIENTED_EDGE('',*,*,#1597,.T.);
#3095=ORIENTED_EDGE('',*,*,#1601,.T.);
#3096=ORIENTED_EDGE('',*,*,#1602,.T.);
#3097=ORIENTED_EDGE('',*,*,#1592,.T.);
#3098=ORIENTED_EDGE('',*,*,#1588,.T.);
#3099=ORIENTED_EDGE('',*,*,#1609,.T.);
#3100=ORIENTED_EDGE('',*,*,#2114,.T.);
#3101=ORIENTED_EDGE('',*,*,#2125,.T.);
#3102=ORIENTED_EDGE('',*,*,#2126,.T.);
#3103=ORIENTED_EDGE('',*,*,#2120,.T.);
#3104=ORIENTED_EDGE('',*,*,#2118,.T.);
#3105=ORIENTED_EDGE('',*,*,#2111,.T.);
#3106=ORIENTED_EDGE('',*,*,#2152,.T.);
#3107=ORIENTED_EDGE('',*,*,#2153,.T.);
#3108=ORIENTED_EDGE('',*,*,#2154,.T.);
#3109=ORIENTED_EDGE('',*,*,#2153,.F.);
#3110=ORIENTED_EDGE('',*,*,#2151,.F.);
#3111=ORIENTED_EDGE('',*,*,#2155,.T.);
#3112=ORIENTED_EDGE('',*,*,#2152,.F.);
#3113=ORIENTED_EDGE('',*,*,#2155,.F.);
#3114=ORIENTED_EDGE('',*,*,#2156,.F.);
#3115=ORIENTED_EDGE('',*,*,#2154,.F.);
#3116=ORIENTED_EDGE('',*,*,#2157,.F.);
#3117=ORIENTED_EDGE('',*,*,#2158,.T.);
#3118=ORIENTED_EDGE('',*,*,#2156,.T.);
#3119=ORIENTED_EDGE('',*,*,#2158,.F.);
#3120=ORIENTED_EDGE('',*,*,#2157,.T.);
#3121=ORIENTED_EDGE('',*,*,#2102,.T.);
#3122=ORIENTED_EDGE('',*,*,#2113,.T.);
#3123=ORIENTED_EDGE('',*,*,#2117,.T.);
#3124=ORIENTED_EDGE('',*,*,#2122,.T.);
#3125=ORIENTED_EDGE('',*,*,#2127,.T.);
#3126=ORIENTED_EDGE('',*,*,#2123,.T.);
#3127=ORIENTED_EDGE('',*,*,#2115,.T.);
#3128=ORIENTED_EDGE('',*,*,#1607,.T.);
#3129=ORIENTED_EDGE('',*,*,#1590,.T.);
#3130=ORIENTED_EDGE('',*,*,#1594,.T.);
#3131=ORIENTED_EDGE('',*,*,#1603,.T.);
#3132=ORIENTED_EDGE('',*,*,#1599,.T.);
#3133=ORIENTED_EDGE('',*,*,#1595,.T.);
#3134=ORIENTED_EDGE('',*,*,#1606,.T.);
#3135=ORIENTED_EDGE('',*,*,#1612,.T.);
#3136=ORIENTED_EDGE('',*,*,#1615,.T.);
#3137=ORIENTED_EDGE('',*,*,#1624,.T.);
#3138=ORIENTED_EDGE('',*,*,#1620,.T.);
#3139=ORIENTED_EDGE('',*,*,#1616,.T.);
#3140=ORIENTED_EDGE('',*,*,#1627,.T.);
#3141=ORIENTED_EDGE('',*,*,#1630,.T.);
#3142=ORIENTED_EDGE('',*,*,#1633,.T.);
#3143=ORIENTED_EDGE('',*,*,#1642,.T.);
#3144=ORIENTED_EDGE('',*,*,#1638,.T.);
#3145=ORIENTED_EDGE('',*,*,#1634,.T.);
#3146=ORIENTED_EDGE('',*,*,#1645,.T.);
#3147=ORIENTED_EDGE('',*,*,#1648,.T.);
#3148=ORIENTED_EDGE('',*,*,#1651,.T.);
#3149=ORIENTED_EDGE('',*,*,#1660,.T.);
#3150=ORIENTED_EDGE('',*,*,#1656,.T.);
#3151=ORIENTED_EDGE('',*,*,#1652,.T.);
#3152=ORIENTED_EDGE('',*,*,#1663,.T.);
#3153=ORIENTED_EDGE('',*,*,#1666,.T.);
#3154=ORIENTED_EDGE('',*,*,#1669,.T.);
#3155=ORIENTED_EDGE('',*,*,#1678,.T.);
#3156=ORIENTED_EDGE('',*,*,#1674,.T.);
#3157=ORIENTED_EDGE('',*,*,#1670,.T.);
#3158=ORIENTED_EDGE('',*,*,#1681,.T.);
#3159=ORIENTED_EDGE('',*,*,#1684,.T.);
#3160=ORIENTED_EDGE('',*,*,#1687,.T.);
#3161=ORIENTED_EDGE('',*,*,#1696,.T.);
#3162=ORIENTED_EDGE('',*,*,#1692,.T.);
#3163=ORIENTED_EDGE('',*,*,#1688,.T.);
#3164=ORIENTED_EDGE('',*,*,#1699,.T.);
#3165=ORIENTED_EDGE('',*,*,#1702,.T.);
#3166=ORIENTED_EDGE('',*,*,#1705,.T.);
#3167=ORIENTED_EDGE('',*,*,#1714,.T.);
#3168=ORIENTED_EDGE('',*,*,#1710,.T.);
#3169=ORIENTED_EDGE('',*,*,#1706,.T.);
#3170=ORIENTED_EDGE('',*,*,#1717,.T.);
#3171=ORIENTED_EDGE('',*,*,#1720,.T.);
#3172=ORIENTED_EDGE('',*,*,#1723,.T.);
#3173=ORIENTED_EDGE('',*,*,#1732,.T.);
#3174=ORIENTED_EDGE('',*,*,#1728,.T.);
#3175=ORIENTED_EDGE('',*,*,#1724,.T.);
#3176=ORIENTED_EDGE('',*,*,#1735,.T.);
#3177=ORIENTED_EDGE('',*,*,#1738,.T.);
#3178=ORIENTED_EDGE('',*,*,#1741,.T.);
#3179=ORIENTED_EDGE('',*,*,#1750,.T.);
#3180=ORIENTED_EDGE('',*,*,#1746,.T.);
#3181=ORIENTED_EDGE('',*,*,#1742,.T.);
#3182=ORIENTED_EDGE('',*,*,#1753,.T.);
#3183=ORIENTED_EDGE('',*,*,#1756,.T.);
#3184=ORIENTED_EDGE('',*,*,#1759,.T.);
#3185=ORIENTED_EDGE('',*,*,#1768,.T.);
#3186=ORIENTED_EDGE('',*,*,#1764,.T.);
#3187=ORIENTED_EDGE('',*,*,#1760,.T.);
#3188=ORIENTED_EDGE('',*,*,#1771,.T.);
#3189=ORIENTED_EDGE('',*,*,#1774,.T.);
#3190=ORIENTED_EDGE('',*,*,#1777,.T.);
#3191=ORIENTED_EDGE('',*,*,#1786,.T.);
#3192=ORIENTED_EDGE('',*,*,#1782,.T.);
#3193=ORIENTED_EDGE('',*,*,#1778,.T.);
#3194=ORIENTED_EDGE('',*,*,#1789,.T.);
#3195=ORIENTED_EDGE('',*,*,#1792,.T.);
#3196=ORIENTED_EDGE('',*,*,#1795,.T.);
#3197=ORIENTED_EDGE('',*,*,#1804,.T.);
#3198=ORIENTED_EDGE('',*,*,#1800,.T.);
#3199=ORIENTED_EDGE('',*,*,#1796,.T.);
#3200=ORIENTED_EDGE('',*,*,#1807,.T.);
#3201=ORIENTED_EDGE('',*,*,#1810,.T.);
#3202=ORIENTED_EDGE('',*,*,#1813,.T.);
#3203=ORIENTED_EDGE('',*,*,#1822,.T.);
#3204=ORIENTED_EDGE('',*,*,#1818,.T.);
#3205=ORIENTED_EDGE('',*,*,#1814,.T.);
#3206=ORIENTED_EDGE('',*,*,#1825,.T.);
#3207=ORIENTED_EDGE('',*,*,#1828,.T.);
#3208=ORIENTED_EDGE('',*,*,#1831,.T.);
#3209=ORIENTED_EDGE('',*,*,#1840,.T.);
#3210=ORIENTED_EDGE('',*,*,#1836,.T.);
#3211=ORIENTED_EDGE('',*,*,#1832,.T.);
#3212=ORIENTED_EDGE('',*,*,#1843,.T.);
#3213=ORIENTED_EDGE('',*,*,#1846,.T.);
#3214=ORIENTED_EDGE('',*,*,#1849,.T.);
#3215=ORIENTED_EDGE('',*,*,#1858,.T.);
#3216=ORIENTED_EDGE('',*,*,#1854,.T.);
#3217=ORIENTED_EDGE('',*,*,#1850,.T.);
#3218=ORIENTED_EDGE('',*,*,#1861,.T.);
#3219=ORIENTED_EDGE('',*,*,#1864,.T.);
#3220=ORIENTED_EDGE('',*,*,#1867,.T.);
#3221=ORIENTED_EDGE('',*,*,#1876,.T.);
#3222=ORIENTED_EDGE('',*,*,#1872,.T.);
#3223=ORIENTED_EDGE('',*,*,#1868,.T.);
#3224=ORIENTED_EDGE('',*,*,#1879,.T.);
#3225=ORIENTED_EDGE('',*,*,#1882,.T.);
#3226=ORIENTED_EDGE('',*,*,#1885,.T.);
#3227=ORIENTED_EDGE('',*,*,#1894,.T.);
#3228=ORIENTED_EDGE('',*,*,#1890,.T.);
#3229=ORIENTED_EDGE('',*,*,#1886,.T.);
#3230=ORIENTED_EDGE('',*,*,#1897,.T.);
#3231=ORIENTED_EDGE('',*,*,#1900,.T.);
#3232=ORIENTED_EDGE('',*,*,#1903,.T.);
#3233=ORIENTED_EDGE('',*,*,#1912,.T.);
#3234=ORIENTED_EDGE('',*,*,#1908,.T.);
#3235=ORIENTED_EDGE('',*,*,#1904,.T.);
#3236=ORIENTED_EDGE('',*,*,#1915,.T.);
#3237=ORIENTED_EDGE('',*,*,#1918,.T.);
#3238=ORIENTED_EDGE('',*,*,#1921,.T.);
#3239=ORIENTED_EDGE('',*,*,#1930,.T.);
#3240=ORIENTED_EDGE('',*,*,#1926,.T.);
#3241=ORIENTED_EDGE('',*,*,#1922,.T.);
#3242=ORIENTED_EDGE('',*,*,#1933,.T.);
#3243=ORIENTED_EDGE('',*,*,#1936,.T.);
#3244=ORIENTED_EDGE('',*,*,#1939,.T.);
#3245=ORIENTED_EDGE('',*,*,#1948,.T.);
#3246=ORIENTED_EDGE('',*,*,#1944,.T.);
#3247=ORIENTED_EDGE('',*,*,#1940,.T.);
#3248=ORIENTED_EDGE('',*,*,#1951,.T.);
#3249=ORIENTED_EDGE('',*,*,#1954,.T.);
#3250=ORIENTED_EDGE('',*,*,#1957,.T.);
#3251=ORIENTED_EDGE('',*,*,#1966,.T.);
#3252=ORIENTED_EDGE('',*,*,#1962,.T.);
#3253=ORIENTED_EDGE('',*,*,#1958,.T.);
#3254=ORIENTED_EDGE('',*,*,#1969,.T.);
#3255=ORIENTED_EDGE('',*,*,#1972,.T.);
#3256=ORIENTED_EDGE('',*,*,#1975,.T.);
#3257=ORIENTED_EDGE('',*,*,#1984,.T.);
#3258=ORIENTED_EDGE('',*,*,#1980,.T.);
#3259=ORIENTED_EDGE('',*,*,#1976,.T.);
#3260=ORIENTED_EDGE('',*,*,#1987,.T.);
#3261=ORIENTED_EDGE('',*,*,#1990,.T.);
#3262=ORIENTED_EDGE('',*,*,#1993,.T.);
#3263=ORIENTED_EDGE('',*,*,#2002,.T.);
#3264=ORIENTED_EDGE('',*,*,#1998,.T.);
#3265=ORIENTED_EDGE('',*,*,#1994,.T.);
#3266=ORIENTED_EDGE('',*,*,#2005,.T.);
#3267=ORIENTED_EDGE('',*,*,#2008,.T.);
#3268=ORIENTED_EDGE('',*,*,#2011,.T.);
#3269=ORIENTED_EDGE('',*,*,#2020,.T.);
#3270=ORIENTED_EDGE('',*,*,#2016,.T.);
#3271=ORIENTED_EDGE('',*,*,#2012,.T.);
#3272=ORIENTED_EDGE('',*,*,#2023,.T.);
#3273=ORIENTED_EDGE('',*,*,#2026,.T.);
#3274=ORIENTED_EDGE('',*,*,#2029,.T.);
#3275=ORIENTED_EDGE('',*,*,#2038,.T.);
#3276=ORIENTED_EDGE('',*,*,#2034,.T.);
#3277=ORIENTED_EDGE('',*,*,#2030,.T.);
#3278=ORIENTED_EDGE('',*,*,#2041,.T.);
#3279=ORIENTED_EDGE('',*,*,#2044,.T.);
#3280=ORIENTED_EDGE('',*,*,#2047,.T.);
#3281=ORIENTED_EDGE('',*,*,#2056,.T.);
#3282=ORIENTED_EDGE('',*,*,#2052,.T.);
#3283=ORIENTED_EDGE('',*,*,#2048,.T.);
#3284=ORIENTED_EDGE('',*,*,#2059,.T.);
#3285=ORIENTED_EDGE('',*,*,#2062,.T.);
#3286=ORIENTED_EDGE('',*,*,#2065,.T.);
#3287=ORIENTED_EDGE('',*,*,#2074,.T.);
#3288=ORIENTED_EDGE('',*,*,#2070,.T.);
#3289=ORIENTED_EDGE('',*,*,#2066,.T.);
#3290=ORIENTED_EDGE('',*,*,#2077,.T.);
#3291=ORIENTED_EDGE('',*,*,#2080,.T.);
#3292=ORIENTED_EDGE('',*,*,#2083,.T.);
#3293=ORIENTED_EDGE('',*,*,#2092,.T.);
#3294=ORIENTED_EDGE('',*,*,#2088,.T.);
#3295=ORIENTED_EDGE('',*,*,#2084,.T.);
#3296=ORIENTED_EDGE('',*,*,#2095,.T.);
#3297=ORIENTED_EDGE('',*,*,#2098,.T.);
#3298=ORIENTED_EDGE('',*,*,#2101,.T.);
#3299=ORIENTED_EDGE('',*,*,#2110,.T.);
#3300=ORIENTED_EDGE('',*,*,#2106,.T.);
#3301=CYLINDRICAL_SURFACE('',#3701,0.15);
#3302=CYLINDRICAL_SURFACE('',#3704,1.);
#3303=CYLINDRICAL_SURFACE('',#3707,0.15);
#3304=CYLINDRICAL_SURFACE('',#3710,1.);
#3305=CYLINDRICAL_SURFACE('',#3713,0.555);
#3306=CYLINDRICAL_SURFACE('',#3716,9.2953046514663);
#3307=CYLINDRICAL_SURFACE('',#3719,9.2953046514663);
#3308=CYLINDRICAL_SURFACE('',#3722,0.15);
#3309=CYLINDRICAL_SURFACE('',#3725,1.);
#3310=CYLINDRICAL_SURFACE('',#3728,0.15);
#3311=CYLINDRICAL_SURFACE('',#3731,1.);
#3312=CYLINDRICAL_SURFACE('',#3734,0.555);
#3313=CYLINDRICAL_SURFACE('',#3737,9.2953046514663);
#3314=CYLINDRICAL_SURFACE('',#3740,0.15);
#3315=CYLINDRICAL_SURFACE('',#3743,1.);
#3316=CYLINDRICAL_SURFACE('',#3746,0.15);
#3317=CYLINDRICAL_SURFACE('',#3749,1.);
#3318=CYLINDRICAL_SURFACE('',#3752,0.555);
#3319=CYLINDRICAL_SURFACE('',#3755,9.2953046514663);
#3320=CYLINDRICAL_SURFACE('',#3758,0.15);
#3321=CYLINDRICAL_SURFACE('',#3761,1.);
#3322=CYLINDRICAL_SURFACE('',#3764,0.15);
#3323=CYLINDRICAL_SURFACE('',#3767,1.);
#3324=CYLINDRICAL_SURFACE('',#3770,0.555);
#3325=CYLINDRICAL_SURFACE('',#3773,9.2953046514663);
#3326=CYLINDRICAL_SURFACE('',#3776,0.15);
#3327=CYLINDRICAL_SURFACE('',#3779,1.);
#3328=CYLINDRICAL_SURFACE('',#3782,0.15);
#3329=CYLINDRICAL_SURFACE('',#3785,1.);
#3330=CYLINDRICAL_SURFACE('',#3788,0.555);
#3331=CYLINDRICAL_SURFACE('',#3791,9.2953046514663);
#3332=CYLINDRICAL_SURFACE('',#3794,0.15);
#3333=CYLINDRICAL_SURFACE('',#3797,1.);
#3334=CYLINDRICAL_SURFACE('',#3800,0.15);
#3335=CYLINDRICAL_SURFACE('',#3803,1.);
#3336=CYLINDRICAL_SURFACE('',#3806,0.555);
#3337=CYLINDRICAL_SURFACE('',#3809,9.2953046514663);
#3338=CYLINDRICAL_SURFACE('',#3812,0.15);
#3339=CYLINDRICAL_SURFACE('',#3815,1.);
#3340=CYLINDRICAL_SURFACE('',#3818,0.15);
#3341=CYLINDRICAL_SURFACE('',#3821,1.);
#3342=CYLINDRICAL_SURFACE('',#3824,0.555);
#3343=CYLINDRICAL_SURFACE('',#3827,9.2953046514663);
#3344=CYLINDRICAL_SURFACE('',#3830,0.15);
#3345=CYLINDRICAL_SURFACE('',#3833,1.);
#3346=CYLINDRICAL_SURFACE('',#3836,0.15);
#3347=CYLINDRICAL_SURFACE('',#3839,1.);
#3348=CYLINDRICAL_SURFACE('',#3842,0.555);
#3349=CYLINDRICAL_SURFACE('',#3845,9.2953046514663);
#3350=CYLINDRICAL_SURFACE('',#3848,0.15);
#3351=CYLINDRICAL_SURFACE('',#3851,1.);
#3352=CYLINDRICAL_SURFACE('',#3854,0.15);
#3353=CYLINDRICAL_SURFACE('',#3857,1.);
#3354=CYLINDRICAL_SURFACE('',#3860,0.555);
#3355=CYLINDRICAL_SURFACE('',#3863,9.2953046514663);
#3356=CYLINDRICAL_SURFACE('',#3866,0.15);
#3357=CYLINDRICAL_SURFACE('',#3869,1.);
#3358=CYLINDRICAL_SURFACE('',#3872,0.15);
#3359=CYLINDRICAL_SURFACE('',#3875,1.);
#3360=CYLINDRICAL_SURFACE('',#3878,0.555);
#3361=CYLINDRICAL_SURFACE('',#3881,9.2953046514663);
#3362=CYLINDRICAL_SURFACE('',#3884,0.15);
#3363=CYLINDRICAL_SURFACE('',#3887,1.);
#3364=CYLINDRICAL_SURFACE('',#3890,0.15);
#3365=CYLINDRICAL_SURFACE('',#3893,1.);
#3366=CYLINDRICAL_SURFACE('',#3896,0.555);
#3367=CYLINDRICAL_SURFACE('',#3899,9.2953046514663);
#3368=CYLINDRICAL_SURFACE('',#3902,0.15);
#3369=CYLINDRICAL_SURFACE('',#3905,1.);
#3370=CYLINDRICAL_SURFACE('',#3908,0.15);
#3371=CYLINDRICAL_SURFACE('',#3911,1.);
#3372=CYLINDRICAL_SURFACE('',#3914,0.555);
#3373=CYLINDRICAL_SURFACE('',#3917,9.2953046514663);
#3374=CYLINDRICAL_SURFACE('',#3920,0.15);
#3375=CYLINDRICAL_SURFACE('',#3923,1.);
#3376=CYLINDRICAL_SURFACE('',#3926,0.15);
#3377=CYLINDRICAL_SURFACE('',#3929,1.);
#3378=CYLINDRICAL_SURFACE('',#3932,0.555);
#3379=CYLINDRICAL_SURFACE('',#3935,9.2953046514663);
#3380=CYLINDRICAL_SURFACE('',#3938,0.15);
#3381=CYLINDRICAL_SURFACE('',#3941,1.);
#3382=CYLINDRICAL_SURFACE('',#3944,0.15);
#3383=CYLINDRICAL_SURFACE('',#3947,1.);
#3384=CYLINDRICAL_SURFACE('',#3950,0.555);
#3385=CYLINDRICAL_SURFACE('',#3953,9.2953046514663);
#3386=CYLINDRICAL_SURFACE('',#3956,0.15);
#3387=CYLINDRICAL_SURFACE('',#3959,1.);
#3388=CYLINDRICAL_SURFACE('',#3962,0.15);
#3389=CYLINDRICAL_SURFACE('',#3965,1.);
#3390=CYLINDRICAL_SURFACE('',#3968,0.555);
#3391=CYLINDRICAL_SURFACE('',#3971,9.2953046514663);
#3392=CYLINDRICAL_SURFACE('',#3974,0.15);
#3393=CYLINDRICAL_SURFACE('',#3977,1.);
#3394=CYLINDRICAL_SURFACE('',#3980,0.15);
#3395=CYLINDRICAL_SURFACE('',#3983,1.);
#3396=CYLINDRICAL_SURFACE('',#3986,0.555);
#3397=CYLINDRICAL_SURFACE('',#3989,9.2953046514663);
#3398=CYLINDRICAL_SURFACE('',#3992,0.15);
#3399=CYLINDRICAL_SURFACE('',#3995,1.);
#3400=CYLINDRICAL_SURFACE('',#3998,0.15);
#3401=CYLINDRICAL_SURFACE('',#4001,1.);
#3402=CYLINDRICAL_SURFACE('',#4004,0.555);
#3403=CYLINDRICAL_SURFACE('',#4007,9.2953046514663);
#3404=CYLINDRICAL_SURFACE('',#4010,0.15);
#3405=CYLINDRICAL_SURFACE('',#4013,1.);
#3406=CYLINDRICAL_SURFACE('',#4016,0.15);
#3407=CYLINDRICAL_SURFACE('',#4019,1.);
#3408=CYLINDRICAL_SURFACE('',#4022,0.555);
#3409=CYLINDRICAL_SURFACE('',#4025,9.2953046514663);
#3410=CYLINDRICAL_SURFACE('',#4028,0.15);
#3411=CYLINDRICAL_SURFACE('',#4031,1.);
#3412=CYLINDRICAL_SURFACE('',#4034,0.15);
#3413=CYLINDRICAL_SURFACE('',#4037,1.);
#3414=CYLINDRICAL_SURFACE('',#4040,0.555);
#3415=CYLINDRICAL_SURFACE('',#4043,9.2953046514663);
#3416=CYLINDRICAL_SURFACE('',#4046,0.15);
#3417=CYLINDRICAL_SURFACE('',#4049,1.);
#3418=CYLINDRICAL_SURFACE('',#4052,0.15);
#3419=CYLINDRICAL_SURFACE('',#4055,1.);
#3420=CYLINDRICAL_SURFACE('',#4058,0.555);
#3421=CYLINDRICAL_SURFACE('',#4061,9.2953046514663);
#3422=CYLINDRICAL_SURFACE('',#4064,0.15);
#3423=CYLINDRICAL_SURFACE('',#4067,1.);
#3424=CYLINDRICAL_SURFACE('',#4070,0.15);
#3425=CYLINDRICAL_SURFACE('',#4073,1.);
#3426=CYLINDRICAL_SURFACE('',#4076,0.555);
#3427=CYLINDRICAL_SURFACE('',#4079,9.2953046514663);
#3428=CYLINDRICAL_SURFACE('',#4082,0.15);
#3429=CYLINDRICAL_SURFACE('',#4085,1.);
#3430=CYLINDRICAL_SURFACE('',#4088,0.15);
#3431=CYLINDRICAL_SURFACE('',#4091,1.);
#3432=CYLINDRICAL_SURFACE('',#4094,0.555);
#3433=CYLINDRICAL_SURFACE('',#4097,9.2953046514663);
#3434=CYLINDRICAL_SURFACE('',#4100,0.15);
#3435=CYLINDRICAL_SURFACE('',#4103,1.);
#3436=CYLINDRICAL_SURFACE('',#4106,0.15);
#3437=CYLINDRICAL_SURFACE('',#4109,1.);
#3438=CYLINDRICAL_SURFACE('',#4112,0.555);
#3439=CYLINDRICAL_SURFACE('',#4115,9.2953046514663);
#3440=CYLINDRICAL_SURFACE('',#4118,0.15);
#3441=CYLINDRICAL_SURFACE('',#4121,1.);
#3442=CYLINDRICAL_SURFACE('',#4124,0.15);
#3443=CYLINDRICAL_SURFACE('',#4127,1.);
#3444=CYLINDRICAL_SURFACE('',#4130,0.555);
#3445=CYLINDRICAL_SURFACE('',#4133,9.2953046514663);
#3446=CYLINDRICAL_SURFACE('',#4136,0.15);
#3447=CYLINDRICAL_SURFACE('',#4139,1.);
#3448=CYLINDRICAL_SURFACE('',#4142,0.15);
#3449=CYLINDRICAL_SURFACE('',#4145,1.);
#3450=CYLINDRICAL_SURFACE('',#4148,0.555);
#3451=CYLINDRICAL_SURFACE('',#4151,9.2953046514663);
#3452=CYLINDRICAL_SURFACE('',#4154,0.15);
#3453=CYLINDRICAL_SURFACE('',#4157,1.);
#3454=CYLINDRICAL_SURFACE('',#4160,0.15);
#3455=CYLINDRICAL_SURFACE('',#4163,1.);
#3456=CYLINDRICAL_SURFACE('',#4166,0.555);
#3457=CYLINDRICAL_SURFACE('',#4169,9.2953046514663);
#3458=CYLINDRICAL_SURFACE('',#4172,0.15);
#3459=CYLINDRICAL_SURFACE('',#4175,1.);
#3460=CYLINDRICAL_SURFACE('',#4178,0.15);
#3461=CYLINDRICAL_SURFACE('',#4181,1.);
#3462=CYLINDRICAL_SURFACE('',#4184,0.555);
#3463=CYLINDRICAL_SURFACE('',#4187,9.2953046514663);
#3464=CYLINDRICAL_SURFACE('',#4190,0.15);
#3465=CYLINDRICAL_SURFACE('',#4193,1.);
#3466=CYLINDRICAL_SURFACE('',#4196,0.15);
#3467=CYLINDRICAL_SURFACE('',#4199,1.);
#3468=CYLINDRICAL_SURFACE('',#4202,0.555);
#3469=CYLINDRICAL_SURFACE('',#4205,9.2953046514663);
#3470=CYLINDRICAL_SURFACE('',#4208,0.15);
#3471=CYLINDRICAL_SURFACE('',#4211,1.);
#3472=CYLINDRICAL_SURFACE('',#4214,0.15);
#3473=CYLINDRICAL_SURFACE('',#4217,1.);
#3474=CYLINDRICAL_SURFACE('',#4220,0.555);
#3475=CYLINDRICAL_SURFACE('',#4223,9.2953046514663);
#3476=CYLINDRICAL_SURFACE('',#4226,0.15);
#3477=CYLINDRICAL_SURFACE('',#4229,0.15);
#3478=CYLINDRICAL_SURFACE('',#4232,1.);
#3479=CYLINDRICAL_SURFACE('',#4235,1.);
#3480=CYLINDRICAL_SURFACE('',#4238,0.555);
#3481=CYLINDRICAL_SURFACE('',#4241,1.666);
#3482=CYLINDRICAL_SURFACE('',#4245,4.);
#3483=CYLINDRICAL_SURFACE('',#4247,1.666);
#3484=CYLINDRICAL_SURFACE('',#4253,7.85);
#3485=CYLINDRICAL_SURFACE('',#4258,10.5);
#3486=CYLINDRICAL_SURFACE('',#4266,4.);
#3487=CYLINDRICAL_SURFACE('',#4269,10.5);
#3488=ADVANCED_FACE('',(#45),#3301,.T.);
#3489=ADVANCED_FACE('',(#46),#3302,.F.);
#3490=ADVANCED_FACE('',(#47),#3303,.T.);
#3491=ADVANCED_FACE('',(#48),#3304,.F.);
#3492=ADVANCED_FACE('',(#49),#3305,.F.);
#3493=ADVANCED_FACE('',(#50),#3306,.T.);
#3494=ADVANCED_FACE('',(#51),#3307,.T.);
#3495=ADVANCED_FACE('',(#52),#3308,.T.);
#3496=ADVANCED_FACE('',(#53),#3309,.F.);
#3497=ADVANCED_FACE('',(#54),#3310,.T.);
#3498=ADVANCED_FACE('',(#55),#3311,.F.);
#3499=ADVANCED_FACE('',(#56),#3312,.F.);
#3500=ADVANCED_FACE('',(#57),#3313,.T.);
#3501=ADVANCED_FACE('',(#58),#3314,.T.);
#3502=ADVANCED_FACE('',(#59),#3315,.F.);
#3503=ADVANCED_FACE('',(#60),#3316,.T.);
#3504=ADVANCED_FACE('',(#61),#3317,.F.);
#3505=ADVANCED_FACE('',(#62),#3318,.F.);
#3506=ADVANCED_FACE('',(#63),#3319,.T.);
#3507=ADVANCED_FACE('',(#64),#3320,.T.);
#3508=ADVANCED_FACE('',(#65),#3321,.F.);
#3509=ADVANCED_FACE('',(#66),#3322,.T.);
#3510=ADVANCED_FACE('',(#67),#3323,.F.);
#3511=ADVANCED_FACE('',(#68),#3324,.F.);
#3512=ADVANCED_FACE('',(#69),#3325,.T.);
#3513=ADVANCED_FACE('',(#70),#3326,.T.);
#3514=ADVANCED_FACE('',(#71),#3327,.F.);
#3515=ADVANCED_FACE('',(#72),#3328,.T.);
#3516=ADVANCED_FACE('',(#73),#3329,.F.);
#3517=ADVANCED_FACE('',(#74),#3330,.F.);
#3518=ADVANCED_FACE('',(#75),#3331,.T.);
#3519=ADVANCED_FACE('',(#76),#3332,.T.);
#3520=ADVANCED_FACE('',(#77),#3333,.F.);
#3521=ADVANCED_FACE('',(#78),#3334,.T.);
#3522=ADVANCED_FACE('',(#79),#3335,.F.);
#3523=ADVANCED_FACE('',(#80),#3336,.F.);
#3524=ADVANCED_FACE('',(#81),#3337,.T.);
#3525=ADVANCED_FACE('',(#82),#3338,.T.);
#3526=ADVANCED_FACE('',(#83),#3339,.F.);
#3527=ADVANCED_FACE('',(#84),#3340,.T.);
#3528=ADVANCED_FACE('',(#85),#3341,.F.);
#3529=ADVANCED_FACE('',(#86),#3342,.F.);
#3530=ADVANCED_FACE('',(#87),#3343,.T.);
#3531=ADVANCED_FACE('',(#88),#3344,.T.);
#3532=ADVANCED_FACE('',(#89),#3345,.F.);
#3533=ADVANCED_FACE('',(#90),#3346,.T.);
#3534=ADVANCED_FACE('',(#91),#3347,.F.);
#3535=ADVANCED_FACE('',(#92),#3348,.F.);
#3536=ADVANCED_FACE('',(#93),#3349,.T.);
#3537=ADVANCED_FACE('',(#94),#3350,.T.);
#3538=ADVANCED_FACE('',(#95),#3351,.F.);
#3539=ADVANCED_FACE('',(#96),#3352,.T.);
#3540=ADVANCED_FACE('',(#97),#3353,.F.);
#3541=ADVANCED_FACE('',(#98),#3354,.F.);
#3542=ADVANCED_FACE('',(#99),#3355,.T.);
#3543=ADVANCED_FACE('',(#100),#3356,.T.);
#3544=ADVANCED_FACE('',(#101),#3357,.F.);
#3545=ADVANCED_FACE('',(#102),#3358,.T.);
#3546=ADVANCED_FACE('',(#103),#3359,.F.);
#3547=ADVANCED_FACE('',(#104),#3360,.F.);
#3548=ADVANCED_FACE('',(#105),#3361,.T.);
#3549=ADVANCED_FACE('',(#106),#3362,.T.);
#3550=ADVANCED_FACE('',(#107),#3363,.F.);
#3551=ADVANCED_FACE('',(#108),#3364,.T.);
#3552=ADVANCED_FACE('',(#109),#3365,.F.);
#3553=ADVANCED_FACE('',(#110),#3366,.F.);
#3554=ADVANCED_FACE('',(#111),#3367,.T.);
#3555=ADVANCED_FACE('',(#112),#3368,.T.);
#3556=ADVANCED_FACE('',(#113),#3369,.F.);
#3557=ADVANCED_FACE('',(#114),#3370,.T.);
#3558=ADVANCED_FACE('',(#115),#3371,.F.);
#3559=ADVANCED_FACE('',(#116),#3372,.F.);
#3560=ADVANCED_FACE('',(#117),#3373,.T.);
#3561=ADVANCED_FACE('',(#118),#3374,.T.);
#3562=ADVANCED_FACE('',(#119),#3375,.F.);
#3563=ADVANCED_FACE('',(#120),#3376,.T.);
#3564=ADVANCED_FACE('',(#121),#3377,.F.);
#3565=ADVANCED_FACE('',(#122),#3378,.F.);
#3566=ADVANCED_FACE('',(#123),#3379,.T.);
#3567=ADVANCED_FACE('',(#124),#3380,.T.);
#3568=ADVANCED_FACE('',(#125),#3381,.F.);
#3569=ADVANCED_FACE('',(#126),#3382,.T.);
#3570=ADVANCED_FACE('',(#127),#3383,.F.);
#3571=ADVANCED_FACE('',(#128),#3384,.F.);
#3572=ADVANCED_FACE('',(#129),#3385,.T.);
#3573=ADVANCED_FACE('',(#130),#3386,.T.);
#3574=ADVANCED_FACE('',(#131),#3387,.F.);
#3575=ADVANCED_FACE('',(#132),#3388,.T.);
#3576=ADVANCED_FACE('',(#133),#3389,.F.);
#3577=ADVANCED_FACE('',(#134),#3390,.F.);
#3578=ADVANCED_FACE('',(#135),#3391,.T.);
#3579=ADVANCED_FACE('',(#136),#3392,.T.);
#3580=ADVANCED_FACE('',(#137),#3393,.F.);
#3581=ADVANCED_FACE('',(#138),#3394,.T.);
#3582=ADVANCED_FACE('',(#139),#3395,.F.);
#3583=ADVANCED_FACE('',(#140),#3396,.F.);
#3584=ADVANCED_FACE('',(#141),#3397,.T.);
#3585=ADVANCED_FACE('',(#142),#3398,.T.);
#3586=ADVANCED_FACE('',(#143),#3399,.F.);
#3587=ADVANCED_FACE('',(#144),#3400,.T.);
#3588=ADVANCED_FACE('',(#145),#3401,.F.);
#3589=ADVANCED_FACE('',(#146),#3402,.F.);
#3590=ADVANCED_FACE('',(#147),#3403,.T.);
#3591=ADVANCED_FACE('',(#148),#3404,.T.);
#3592=ADVANCED_FACE('',(#149),#3405,.F.);
#3593=ADVANCED_FACE('',(#150),#3406,.T.);
#3594=ADVANCED_FACE('',(#151),#3407,.F.);
#3595=ADVANCED_FACE('',(#152),#3408,.F.);
#3596=ADVANCED_FACE('',(#153),#3409,.T.);
#3597=ADVANCED_FACE('',(#154),#3410,.T.);
#3598=ADVANCED_FACE('',(#155),#3411,.F.);
#3599=ADVANCED_FACE('',(#156),#3412,.T.);
#3600=ADVANCED_FACE('',(#157),#3413,.F.);
#3601=ADVANCED_FACE('',(#158),#3414,.F.);
#3602=ADVANCED_FACE('',(#159),#3415,.T.);
#3603=ADVANCED_FACE('',(#160),#3416,.T.);
#3604=ADVANCED_FACE('',(#161),#3417,.F.);
#3605=ADVANCED_FACE('',(#162),#3418,.T.);
#3606=ADVANCED_FACE('',(#163),#3419,.F.);
#3607=ADVANCED_FACE('',(#164),#3420,.F.);
#3608=ADVANCED_FACE('',(#165),#3421,.T.);
#3609=ADVANCED_FACE('',(#166),#3422,.T.);
#3610=ADVANCED_FACE('',(#167),#3423,.F.);
#3611=ADVANCED_FACE('',(#168),#3424,.T.);
#3612=ADVANCED_FACE('',(#169),#3425,.F.);
#3613=ADVANCED_FACE('',(#170),#3426,.F.);
#3614=ADVANCED_FACE('',(#171),#3427,.T.);
#3615=ADVANCED_FACE('',(#172),#3428,.T.);
#3616=ADVANCED_FACE('',(#173),#3429,.F.);
#3617=ADVANCED_FACE('',(#174),#3430,.T.);
#3618=ADVANCED_FACE('',(#175),#3431,.F.);
#3619=ADVANCED_FACE('',(#176),#3432,.F.);
#3620=ADVANCED_FACE('',(#177),#3433,.T.);
#3621=ADVANCED_FACE('',(#178),#3434,.T.);
#3622=ADVANCED_FACE('',(#179),#3435,.F.);
#3623=ADVANCED_FACE('',(#180),#3436,.T.);
#3624=ADVANCED_FACE('',(#181),#3437,.F.);
#3625=ADVANCED_FACE('',(#182),#3438,.F.);
#3626=ADVANCED_FACE('',(#183),#3439,.T.);
#3627=ADVANCED_FACE('',(#184),#3440,.T.);
#3628=ADVANCED_FACE('',(#185),#3441,.F.);
#3629=ADVANCED_FACE('',(#186),#3442,.T.);
#3630=ADVANCED_FACE('',(#187),#3443,.F.);
#3631=ADVANCED_FACE('',(#188),#3444,.F.);
#3632=ADVANCED_FACE('',(#189),#3445,.T.);
#3633=ADVANCED_FACE('',(#190),#3446,.T.);
#3634=ADVANCED_FACE('',(#191),#3447,.F.);
#3635=ADVANCED_FACE('',(#192),#3448,.T.);
#3636=ADVANCED_FACE('',(#193),#3449,.F.);
#3637=ADVANCED_FACE('',(#194),#3450,.F.);
#3638=ADVANCED_FACE('',(#195),#3451,.T.);
#3639=ADVANCED_FACE('',(#196),#3452,.T.);
#3640=ADVANCED_FACE('',(#197),#3453,.F.);
#3641=ADVANCED_FACE('',(#198),#3454,.T.);
#3642=ADVANCED_FACE('',(#199),#3455,.F.);
#3643=ADVANCED_FACE('',(#200),#3456,.F.);
#3644=ADVANCED_FACE('',(#201),#3457,.T.);
#3645=ADVANCED_FACE('',(#202),#3458,.T.);
#3646=ADVANCED_FACE('',(#203),#3459,.F.);
#3647=ADVANCED_FACE('',(#204),#3460,.T.);
#3648=ADVANCED_FACE('',(#205),#3461,.F.);
#3649=ADVANCED_FACE('',(#206),#3462,.F.);
#3650=ADVANCED_FACE('',(#207),#3463,.T.);
#3651=ADVANCED_FACE('',(#208),#3464,.T.);
#3652=ADVANCED_FACE('',(#209),#3465,.F.);
#3653=ADVANCED_FACE('',(#210),#3466,.T.);
#3654=ADVANCED_FACE('',(#211),#3467,.F.);
#3655=ADVANCED_FACE('',(#212),#3468,.F.);
#3656=ADVANCED_FACE('',(#213),#3469,.T.);
#3657=ADVANCED_FACE('',(#214),#3470,.T.);
#3658=ADVANCED_FACE('',(#215),#3471,.F.);
#3659=ADVANCED_FACE('',(#216),#3472,.T.);
#3660=ADVANCED_FACE('',(#217),#3473,.F.);
#3661=ADVANCED_FACE('',(#218),#3474,.F.);
#3662=ADVANCED_FACE('',(#219),#3475,.T.);
#3663=ADVANCED_FACE('',(#220),#3476,.T.);
#3664=ADVANCED_FACE('',(#221),#3477,.T.);
#3665=ADVANCED_FACE('',(#222),#3478,.F.);
#3666=ADVANCED_FACE('',(#223),#3479,.F.);
#3667=ADVANCED_FACE('',(#224),#3480,.F.);
#3668=ADVANCED_FACE('',(#225),#3481,.F.);
#3669=ADVANCED_FACE('',(#226),#36,.F.);
#3670=ADVANCED_FACE('',(#227,#26,#27),#3482,.F.);
#3671=ADVANCED_FACE('',(#228),#25,.T.);
#3672=ADVANCED_FACE('',(#229),#3483,.F.);
#3673=ADVANCED_FACE('',(#230),#37,.T.);
#3674=ADVANCED_FACE('',(#231,#28),#19,.T.);
#3675=ADVANCED_FACE('',(#232,#29,#30),#3484,.T.);
#3676=ADVANCED_FACE('',(#233),#38,.F.);
#3677=ADVANCED_FACE('',(#234,#31),#20,.T.);
#3678=ADVANCED_FACE('',(#235),#3485,.T.);
#3679=ADVANCED_FACE('',(#236,#32),#21,.T.);
#3680=ADVANCED_FACE('',(#237,#33),#22,.F.);
#3681=ADVANCED_FACE('',(#238),#39,.F.);
#3682=ADVANCED_FACE('',(#239),#3486,.F.);
#3683=ADVANCED_FACE('',(#240,#34),#23,.F.);
#3684=ADVANCED_FACE('',(#241),#3487,.T.);
#3685=ADVANCED_FACE('',(#242,#35),#24,.T.);
#3686=CLOSED_SHELL('',(#3488,#3489,#3490,#3491,#3492,#3493,#3494,#3495,
#3496,#3497,#3498,#3499,#3500,#3501,#3502,#3503,#3504,#3505,#3506,#3507,
#3508,#3509,#3510,#3511,#3512,#3513,#3514,#3515,#3516,#3517,#3518,#3519,
#3520,#3521,#3522,#3523,#3524,#3525,#3526,#3527,#3528,#3529,#3530,#3531,
#3532,#3533,#3534,#3535,#3536,#3537,#3538,#3539,#3540,#3541,#3542,#3543,
#3544,#3545,#3546,#3547,#3548,#3549,#3550,#3551,#3552,#3553,#3554,#3555,
#3556,#3557,#3558,#3559,#3560,#3561,#3562,#3563,#3564,#3565,#3566,#3567,
#3568,#3569,#3570,#3571,#3572,#3573,#3574,#3575,#3576,#3577,#3578,#3579,
#3580,#3581,#3582,#3583,#3584,#3585,#3586,#3587,#3588,#3589,#3590,#3591,
#3592,#3593,#3594,#3595,#3596,#3597,#3598,#3599,#3600,#3601,#3602,#3603,
#3604,#3605,#3606,#3607,#3608,#3609,#3610,#3611,#3612,#3613,#3614,#3615,
#3616,#3617,#3618,#3619,#3620,#3621,#3622,#3623,#3624,#3625,#3626,#3627,
#3628,#3629,#3630,#3631,#3632,#3633,#3634,#3635,#3636,#3637,#3638,#3639,
#3640,#3641,#3642,#3643,#3644,#3645,#3646,#3647,#3648,#3649,#3650,#3651,
#3652,#3653,#3654,#3655,#3656,#3657,#3658,#3659,#3660,#3661,#3662,#3663,
#3664,#3665,#3666,#3667,#3668,#3669,#3670,#3671,#3672,#3673,#3674,#3675,
#3676,#3677,#3678,#3679,#3680,#3681,#3682,#3683,#3684,#3685));
#3687=DERIVED_UNIT_ELEMENT(#3689,1.);
#3688=DERIVED_UNIT_ELEMENT(#6981,-3.);
#3689=(
MASS_UNIT()
NAMED_UNIT(*)
SI_UNIT(.KILO.,.GRAM.)
);
#3690=DERIVED_UNIT((#3687,#3688));
#3691=MEASURE_REPRESENTATION_ITEM('density measure',
POSITIVE_RATIO_MEASURE(7850.),#3690);
#3692=PROPERTY_DEFINITION_REPRESENTATION(#3697,#3694);
#3693=PROPERTY_DEFINITION_REPRESENTATION(#3698,#3695);
#3694=REPRESENTATION('material name',(#3696),#6978);
#3695=REPRESENTATION('density',(#3691),#6978);
#3696=DESCRIPTIVE_REPRESENTATION_ITEM('Steel','Steel');
#3697=PROPERTY_DEFINITION('material property','material name',#6993);
#3698=PROPERTY_DEFINITION('material property','density of part',#6993);
#3699=AXIS2_PLACEMENT_3D('',#5613,#4273,#4274);
#3700=AXIS2_PLACEMENT_3D('',#5614,#4275,#4276);
#3701=AXIS2_PLACEMENT_3D('',#5615,#4277,#4278);
#3702=AXIS2_PLACEMENT_3D('',#5618,#4279,#4280);
#3703=AXIS2_PLACEMENT_3D('',#5622,#4282,#4283);
#3704=AXIS2_PLACEMENT_3D('',#5624,#4285,#4286);
#3705=AXIS2_PLACEMENT_3D('',#5626,#4287,#4288);
#3706=AXIS2_PLACEMENT_3D('',#5629,#4290,#4291);
#3707=AXIS2_PLACEMENT_3D('',#5630,#4292,#4293);
#3708=AXIS2_PLACEMENT_3D('',#5633,#4294,#4295);
#3709=AXIS2_PLACEMENT_3D('',#5637,#4297,#4298);
#3710=AXIS2_PLACEMENT_3D('',#5639,#4300,#4301);
#3711=AXIS2_PLACEMENT_3D('',#5641,#4302,#4303);
#3712=AXIS2_PLACEMENT_3D('',#5644,#4305,#4306);
#3713=AXIS2_PLACEMENT_3D('',#5645,#4307,#4308);
#3714=AXIS2_PLACEMENT_3D('',#5646,#4309,#4310);
#3715=AXIS2_PLACEMENT_3D('',#5647,#4311,#4312);
#3716=AXIS2_PLACEMENT_3D('',#5648,#4313,#4314);
#3717=AXIS2_PLACEMENT_3D('',#5650,#4315,#4316);
#3718=AXIS2_PLACEMENT_3D('',#5653,#4318,#4319);
#3719=AXIS2_PLACEMENT_3D('',#5654,#4320,#4321);
#3720=AXIS2_PLACEMENT_3D('',#5656,#4322,#4323);
#3721=AXIS2_PLACEMENT_3D('',#5659,#4325,#4326);
#3722=AXIS2_PLACEMENT_3D('',#5660,#4327,#4328);
#3723=AXIS2_PLACEMENT_3D('',#5662,#4329,#4330);
#3724=AXIS2_PLACEMENT_3D('',#5665,#4332,#4333);
#3725=AXIS2_PLACEMENT_3D('',#5666,#4334,#4335);
#3726=AXIS2_PLACEMENT_3D('',#5668,#4336,#4337);
#3727=AXIS2_PLACEMENT_3D('',#5671,#4339,#4340);
#3728=AXIS2_PLACEMENT_3D('',#5672,#4341,#4342);
#3729=AXIS2_PLACEMENT_3D('',#5675,#4343,#4344);
#3730=AXIS2_PLACEMENT_3D('',#5679,#4346,#4347);
#3731=AXIS2_PLACEMENT_3D('',#5681,#4349,#4350);
#3732=AXIS2_PLACEMENT_3D('',#5683,#4351,#4352);
#3733=AXIS2_PLACEMENT_3D('',#5686,#4354,#4355);
#3734=AXIS2_PLACEMENT_3D('',#5687,#4356,#4357);
#3735=AXIS2_PLACEMENT_3D('',#5688,#4358,#4359);
#3736=AXIS2_PLACEMENT_3D('',#5689,#4360,#4361);
#3737=AXIS2_PLACEMENT_3D('',#5690,#4362,#4363);
#3738=AXIS2_PLACEMENT_3D('',#5692,#4364,#4365);
#3739=AXIS2_PLACEMENT_3D('',#5695,#4367,#4368);
#3740=AXIS2_PLACEMENT_3D('',#5696,#4369,#4370);
#3741=AXIS2_PLACEMENT_3D('',#5698,#4371,#4372);
#3742=AXIS2_PLACEMENT_3D('',#5701,#4374,#4375);
#3743=AXIS2_PLACEMENT_3D('',#5702,#4376,#4377);
#3744=AXIS2_PLACEMENT_3D('',#5704,#4378,#4379);
#3745=AXIS2_PLACEMENT_3D('',#5707,#4381,#4382);
#3746=AXIS2_PLACEMENT_3D('',#5708,#4383,#4384);
#3747=AXIS2_PLACEMENT_3D('',#5711,#4385,#4386);
#3748=AXIS2_PLACEMENT_3D('',#5715,#4388,#4389);
#3749=AXIS2_PLACEMENT_3D('',#5717,#4391,#4392);
#3750=AXIS2_PLACEMENT_3D('',#5719,#4393,#4394);
#3751=AXIS2_PLACEMENT_3D('',#5722,#4396,#4397);
#3752=AXIS2_PLACEMENT_3D('',#5723,#4398,#4399);
#3753=AXIS2_PLACEMENT_3D('',#5724,#4400,#4401);
#3754=AXIS2_PLACEMENT_3D('',#5725,#4402,#4403);
#3755=AXIS2_PLACEMENT_3D('',#5726,#4404,#4405);
#3756=AXIS2_PLACEMENT_3D('',#5728,#4406,#4407);
#3757=AXIS2_PLACEMENT_3D('',#5731,#4409,#4410);
#3758=AXIS2_PLACEMENT_3D('',#5732,#4411,#4412);
#3759=AXIS2_PLACEMENT_3D('',#5734,#4413,#4414);
#3760=AXIS2_PLACEMENT_3D('',#5737,#4416,#4417);
#3761=AXIS2_PLACEMENT_3D('',#5738,#4418,#4419);
#3762=AXIS2_PLACEMENT_3D('',#5740,#4420,#4421);
#3763=AXIS2_PLACEMENT_3D('',#5743,#4423,#4424);
#3764=AXIS2_PLACEMENT_3D('',#5744,#4425,#4426);
#3765=AXIS2_PLACEMENT_3D('',#5747,#4427,#4428);
#3766=AXIS2_PLACEMENT_3D('',#5751,#4430,#4431);
#3767=AXIS2_PLACEMENT_3D('',#5753,#4433,#4434);
#3768=AXIS2_PLACEMENT_3D('',#5755,#4435,#4436);
#3769=AXIS2_PLACEMENT_3D('',#5758,#4438,#4439);
#3770=AXIS2_PLACEMENT_3D('',#5759,#4440,#4441);
#3771=AXIS2_PLACEMENT_3D('',#5760,#4442,#4443);
#3772=AXIS2_PLACEMENT_3D('',#5761,#4444,#4445);
#3773=AXIS2_PLACEMENT_3D('',#5762,#4446,#4447);
#3774=AXIS2_PLACEMENT_3D('',#5764,#4448,#4449);
#3775=AXIS2_PLACEMENT_3D('',#5767,#4451,#4452);
#3776=AXIS2_PLACEMENT_3D('',#5768,#4453,#4454);
#3777=AXIS2_PLACEMENT_3D('',#5770,#4455,#4456);
#3778=AXIS2_PLACEMENT_3D('',#5773,#4458,#4459);
#3779=AXIS2_PLACEMENT_3D('',#5774,#4460,#4461);
#3780=AXIS2_PLACEMENT_3D('',#5776,#4462,#4463);
#3781=AXIS2_PLACEMENT_3D('',#5779,#4465,#4466);
#3782=AXIS2_PLACEMENT_3D('',#5780,#4467,#4468);
#3783=AXIS2_PLACEMENT_3D('',#5783,#4469,#4470);
#3784=AXIS2_PLACEMENT_3D('',#5787,#4472,#4473);
#3785=AXIS2_PLACEMENT_3D('',#5789,#4475,#4476);
#3786=AXIS2_PLACEMENT_3D('',#5791,#4477,#4478);
#3787=AXIS2_PLACEMENT_3D('',#5794,#4480,#4481);
#3788=AXIS2_PLACEMENT_3D('',#5795,#4482,#4483);
#3789=AXIS2_PLACEMENT_3D('',#5796,#4484,#4485);
#3790=AXIS2_PLACEMENT_3D('',#5797,#4486,#4487);
#3791=AXIS2_PLACEMENT_3D('',#5798,#4488,#4489);
#3792=AXIS2_PLACEMENT_3D('',#5800,#4490,#4491);
#3793=AXIS2_PLACEMENT_3D('',#5803,#4493,#4494);
#3794=AXIS2_PLACEMENT_3D('',#5804,#4495,#4496);
#3795=AXIS2_PLACEMENT_3D('',#5806,#4497,#4498);
#3796=AXIS2_PLACEMENT_3D('',#5809,#4500,#4501);
#3797=AXIS2_PLACEMENT_3D('',#5810,#4502,#4503);
#3798=AXIS2_PLACEMENT_3D('',#5812,#4504,#4505);
#3799=AXIS2_PLACEMENT_3D('',#5815,#4507,#4508);
#3800=AXIS2_PLACEMENT_3D('',#5816,#4509,#4510);
#3801=AXIS2_PLACEMENT_3D('',#5819,#4511,#4512);
#3802=AXIS2_PLACEMENT_3D('',#5823,#4514,#4515);
#3803=AXIS2_PLACEMENT_3D('',#5825,#4517,#4518);
#3804=AXIS2_PLACEMENT_3D('',#5827,#4519,#4520);
#3805=AXIS2_PLACEMENT_3D('',#5830,#4522,#4523);
#3806=AXIS2_PLACEMENT_3D('',#5831,#4524,#4525);
#3807=AXIS2_PLACEMENT_3D('',#5832,#4526,#4527);
#3808=AXIS2_PLACEMENT_3D('',#5833,#4528,#4529);
#3809=AXIS2_PLACEMENT_3D('',#5834,#4530,#4531);
#3810=AXIS2_PLACEMENT_3D('',#5836,#4532,#4533);
#3811=AXIS2_PLACEMENT_3D('',#5839,#4535,#4536);
#3812=AXIS2_PLACEMENT_3D('',#5840,#4537,#4538);
#3813=AXIS2_PLACEMENT_3D('',#5842,#4539,#4540);
#3814=AXIS2_PLACEMENT_3D('',#5845,#4542,#4543);
#3815=AXIS2_PLACEMENT_3D('',#5846,#4544,#4545);
#3816=AXIS2_PLACEMENT_3D('',#5848,#4546,#4547);
#3817=AXIS2_PLACEMENT_3D('',#5851,#4549,#4550);
#3818=AXIS2_PLACEMENT_3D('',#5852,#4551,#4552);
#3819=AXIS2_PLACEMENT_3D('',#5855,#4553,#4554);
#3820=AXIS2_PLACEMENT_3D('',#5859,#4556,#4557);
#3821=AXIS2_PLACEMENT_3D('',#5861,#4559,#4560);
#3822=AXIS2_PLACEMENT_3D('',#5863,#4561,#4562);
#3823=AXIS2_PLACEMENT_3D('',#5866,#4564,#4565);
#3824=AXIS2_PLACEMENT_3D('',#5867,#4566,#4567);
#3825=AXIS2_PLACEMENT_3D('',#5868,#4568,#4569);
#3826=AXIS2_PLACEMENT_3D('',#5869,#4570,#4571);
#3827=AXIS2_PLACEMENT_3D('',#5870,#4572,#4573);
#3828=AXIS2_PLACEMENT_3D('',#5872,#4574,#4575);
#3829=AXIS2_PLACEMENT_3D('',#5875,#4577,#4578);
#3830=AXIS2_PLACEMENT_3D('',#5876,#4579,#4580);
#3831=AXIS2_PLACEMENT_3D('',#5878,#4581,#4582);
#3832=AXIS2_PLACEMENT_3D('',#5881,#4584,#4585);
#3833=AXIS2_PLACEMENT_3D('',#5882,#4586,#4587);
#3834=AXIS2_PLACEMENT_3D('',#5884,#4588,#4589);
#3835=AXIS2_PLACEMENT_3D('',#5887,#4591,#4592);
#3836=AXIS2_PLACEMENT_3D('',#5888,#4593,#4594);
#3837=AXIS2_PLACEMENT_3D('',#5891,#4595,#4596);
#3838=AXIS2_PLACEMENT_3D('',#5895,#4598,#4599);
#3839=AXIS2_PLACEMENT_3D('',#5897,#4601,#4602);
#3840=AXIS2_PLACEMENT_3D('',#5899,#4603,#4604);
#3841=AXIS2_PLACEMENT_3D('',#5902,#4606,#4607);
#3842=AXIS2_PLACEMENT_3D('',#5903,#4608,#4609);
#3843=AXIS2_PLACEMENT_3D('',#5904,#4610,#4611);
#3844=AXIS2_PLACEMENT_3D('',#5905,#4612,#4613);
#3845=AXIS2_PLACEMENT_3D('',#5906,#4614,#4615);
#3846=AXIS2_PLACEMENT_3D('',#5908,#4616,#4617);
#3847=AXIS2_PLACEMENT_3D('',#5911,#4619,#4620);
#3848=AXIS2_PLACEMENT_3D('',#5912,#4621,#4622);
#3849=AXIS2_PLACEMENT_3D('',#5914,#4623,#4624);
#3850=AXIS2_PLACEMENT_3D('',#5917,#4626,#4627);
#3851=AXIS2_PLACEMENT_3D('',#5918,#4628,#4629);
#3852=AXIS2_PLACEMENT_3D('',#5920,#4630,#4631);
#3853=AXIS2_PLACEMENT_3D('',#5923,#4633,#4634);
#3854=AXIS2_PLACEMENT_3D('',#5924,#4635,#4636);
#3855=AXIS2_PLACEMENT_3D('',#5927,#4637,#4638);
#3856=AXIS2_PLACEMENT_3D('',#5931,#4640,#4641);
#3857=AXIS2_PLACEMENT_3D('',#5933,#4643,#4644);
#3858=AXIS2_PLACEMENT_3D('',#5935,#4645,#4646);
#3859=AXIS2_PLACEMENT_3D('',#5938,#4648,#4649);
#3860=AXIS2_PLACEMENT_3D('',#5939,#4650,#4651);
#3861=AXIS2_PLACEMENT_3D('',#5940,#4652,#4653);
#3862=AXIS2_PLACEMENT_3D('',#5941,#4654,#4655);
#3863=AXIS2_PLACEMENT_3D('',#5942,#4656,#4657);
#3864=AXIS2_PLACEMENT_3D('',#5944,#4658,#4659);
#3865=AXIS2_PLACEMENT_3D('',#5947,#4661,#4662);
#3866=AXIS2_PLACEMENT_3D('',#5948,#4663,#4664);
#3867=AXIS2_PLACEMENT_3D('',#5950,#4665,#4666);
#3868=AXIS2_PLACEMENT_3D('',#5953,#4668,#4669);
#3869=AXIS2_PLACEMENT_3D('',#5954,#4670,#4671);
#3870=AXIS2_PLACEMENT_3D('',#5956,#4672,#4673);
#3871=AXIS2_PLACEMENT_3D('',#5959,#4675,#4676);
#3872=AXIS2_PLACEMENT_3D('',#5960,#4677,#4678);
#3873=AXIS2_PLACEMENT_3D('',#5963,#4679,#4680);
#3874=AXIS2_PLACEMENT_3D('',#5967,#4682,#4683);
#3875=AXIS2_PLACEMENT_3D('',#5969,#4685,#4686);
#3876=AXIS2_PLACEMENT_3D('',#5971,#4687,#4688);
#3877=AXIS2_PLACEMENT_3D('',#5974,#4690,#4691);
#3878=AXIS2_PLACEMENT_3D('',#5975,#4692,#4693);
#3879=AXIS2_PLACEMENT_3D('',#5976,#4694,#4695);
#3880=AXIS2_PLACEMENT_3D('',#5977,#4696,#4697);
#3881=AXIS2_PLACEMENT_3D('',#5978,#4698,#4699);
#3882=AXIS2_PLACEMENT_3D('',#5980,#4700,#4701);
#3883=AXIS2_PLACEMENT_3D('',#5983,#4703,#4704);
#3884=AXIS2_PLACEMENT_3D('',#5984,#4705,#4706);
#3885=AXIS2_PLACEMENT_3D('',#5986,#4707,#4708);
#3886=AXIS2_PLACEMENT_3D('',#5989,#4710,#4711);
#3887=AXIS2_PLACEMENT_3D('',#5990,#4712,#4713);
#3888=AXIS2_PLACEMENT_3D('',#5992,#4714,#4715);
#3889=AXIS2_PLACEMENT_3D('',#5995,#4717,#4718);
#3890=AXIS2_PLACEMENT_3D('',#5996,#4719,#4720);
#3891=AXIS2_PLACEMENT_3D('',#5999,#4721,#4722);
#3892=AXIS2_PLACEMENT_3D('',#6003,#4724,#4725);
#3893=AXIS2_PLACEMENT_3D('',#6005,#4727,#4728);
#3894=AXIS2_PLACEMENT_3D('',#6007,#4729,#4730);
#3895=AXIS2_PLACEMENT_3D('',#6010,#4732,#4733);
#3896=AXIS2_PLACEMENT_3D('',#6011,#4734,#4735);
#3897=AXIS2_PLACEMENT_3D('',#6012,#4736,#4737);
#3898=AXIS2_PLACEMENT_3D('',#6013,#4738,#4739);
#3899=AXIS2_PLACEMENT_3D('',#6014,#4740,#4741);
#3900=AXIS2_PLACEMENT_3D('',#6016,#4742,#4743);
#3901=AXIS2_PLACEMENT_3D('',#6019,#4745,#4746);
#3902=AXIS2_PLACEMENT_3D('',#6020,#4747,#4748);
#3903=AXIS2_PLACEMENT_3D('',#6022,#4749,#4750);
#3904=AXIS2_PLACEMENT_3D('',#6025,#4752,#4753);
#3905=AXIS2_PLACEMENT_3D('',#6026,#4754,#4755);
#3906=AXIS2_PLACEMENT_3D('',#6028,#4756,#4757);
#3907=AXIS2_PLACEMENT_3D('',#6031,#4759,#4760);
#3908=AXIS2_PLACEMENT_3D('',#6032,#4761,#4762);
#3909=AXIS2_PLACEMENT_3D('',#6035,#4763,#4764);
#3910=AXIS2_PLACEMENT_3D('',#6039,#4766,#4767);
#3911=AXIS2_PLACEMENT_3D('',#6041,#4769,#4770);
#3912=AXIS2_PLACEMENT_3D('',#6043,#4771,#4772);
#3913=AXIS2_PLACEMENT_3D('',#6046,#4774,#4775);
#3914=AXIS2_PLACEMENT_3D('',#6047,#4776,#4777);
#3915=AXIS2_PLACEMENT_3D('',#6048,#4778,#4779);
#3916=AXIS2_PLACEMENT_3D('',#6049,#4780,#4781);
#3917=AXIS2_PLACEMENT_3D('',#6050,#4782,#4783);
#3918=AXIS2_PLACEMENT_3D('',#6052,#4784,#4785);
#3919=AXIS2_PLACEMENT_3D('',#6055,#4787,#4788);
#3920=AXIS2_PLACEMENT_3D('',#6056,#4789,#4790);
#3921=AXIS2_PLACEMENT_3D('',#6058,#4791,#4792);
#3922=AXIS2_PLACEMENT_3D('',#6061,#4794,#4795);
#3923=AXIS2_PLACEMENT_3D('',#6062,#4796,#4797);
#3924=AXIS2_PLACEMENT_3D('',#6064,#4798,#4799);
#3925=AXIS2_PLACEMENT_3D('',#6067,#4801,#4802);
#3926=AXIS2_PLACEMENT_3D('',#6068,#4803,#4804);
#3927=AXIS2_PLACEMENT_3D('',#6071,#4805,#4806);
#3928=AXIS2_PLACEMENT_3D('',#6075,#4808,#4809);
#3929=AXIS2_PLACEMENT_3D('',#6077,#4811,#4812);
#3930=AXIS2_PLACEMENT_3D('',#6079,#4813,#4814);
#3931=AXIS2_PLACEMENT_3D('',#6082,#4816,#4817);
#3932=AXIS2_PLACEMENT_3D('',#6083,#4818,#4819);
#3933=AXIS2_PLACEMENT_3D('',#6084,#4820,#4821);
#3934=AXIS2_PLACEMENT_3D('',#6085,#4822,#4823);
#3935=AXIS2_PLACEMENT_3D('',#6086,#4824,#4825);
#3936=AXIS2_PLACEMENT_3D('',#6088,#4826,#4827);
#3937=AXIS2_PLACEMENT_3D('',#6091,#4829,#4830);
#3938=AXIS2_PLACEMENT_3D('',#6092,#4831,#4832);
#3939=AXIS2_PLACEMENT_3D('',#6094,#4833,#4834);
#3940=AXIS2_PLACEMENT_3D('',#6097,#4836,#4837);
#3941=AXIS2_PLACEMENT_3D('',#6098,#4838,#4839);
#3942=AXIS2_PLACEMENT_3D('',#6100,#4840,#4841);
#3943=AXIS2_PLACEMENT_3D('',#6103,#4843,#4844);
#3944=AXIS2_PLACEMENT_3D('',#6104,#4845,#4846);
#3945=AXIS2_PLACEMENT_3D('',#6107,#4847,#4848);
#3946=AXIS2_PLACEMENT_3D('',#6111,#4850,#4851);
#3947=AXIS2_PLACEMENT_3D('',#6113,#4853,#4854);
#3948=AXIS2_PLACEMENT_3D('',#6115,#4855,#4856);
#3949=AXIS2_PLACEMENT_3D('',#6118,#4858,#4859);
#3950=AXIS2_PLACEMENT_3D('',#6119,#4860,#4861);
#3951=AXIS2_PLACEMENT_3D('',#6120,#4862,#4863);
#3952=AXIS2_PLACEMENT_3D('',#6121,#4864,#4865);
#3953=AXIS2_PLACEMENT_3D('',#6122,#4866,#4867);
#3954=AXIS2_PLACEMENT_3D('',#6124,#4868,#4869);
#3955=AXIS2_PLACEMENT_3D('',#6127,#4871,#4872);
#3956=AXIS2_PLACEMENT_3D('',#6128,#4873,#4874);
#3957=AXIS2_PLACEMENT_3D('',#6130,#4875,#4876);
#3958=AXIS2_PLACEMENT_3D('',#6133,#4878,#4879);
#3959=AXIS2_PLACEMENT_3D('',#6134,#4880,#4881);
#3960=AXIS2_PLACEMENT_3D('',#6136,#4882,#4883);
#3961=AXIS2_PLACEMENT_3D('',#6139,#4885,#4886);
#3962=AXIS2_PLACEMENT_3D('',#6140,#4887,#4888);
#3963=AXIS2_PLACEMENT_3D('',#6143,#4889,#4890);
#3964=AXIS2_PLACEMENT_3D('',#6147,#4892,#4893);
#3965=AXIS2_PLACEMENT_3D('',#6149,#4895,#4896);
#3966=AXIS2_PLACEMENT_3D('',#6151,#4897,#4898);
#3967=AXIS2_PLACEMENT_3D('',#6154,#4900,#4901);
#3968=AXIS2_PLACEMENT_3D('',#6155,#4902,#4903);
#3969=AXIS2_PLACEMENT_3D('',#6156,#4904,#4905);
#3970=AXIS2_PLACEMENT_3D('',#6157,#4906,#4907);
#3971=AXIS2_PLACEMENT_3D('',#6158,#4908,#4909);
#3972=AXIS2_PLACEMENT_3D('',#6160,#4910,#4911);
#3973=AXIS2_PLACEMENT_3D('',#6163,#4913,#4914);
#3974=AXIS2_PLACEMENT_3D('',#6164,#4915,#4916);
#3975=AXIS2_PLACEMENT_3D('',#6166,#4917,#4918);
#3976=AXIS2_PLACEMENT_3D('',#6169,#4920,#4921);
#3977=AXIS2_PLACEMENT_3D('',#6170,#4922,#4923);
#3978=AXIS2_PLACEMENT_3D('',#6172,#4924,#4925);
#3979=AXIS2_PLACEMENT_3D('',#6175,#4927,#4928);
#3980=AXIS2_PLACEMENT_3D('',#6176,#4929,#4930);
#3981=AXIS2_PLACEMENT_3D('',#6179,#4931,#4932);
#3982=AXIS2_PLACEMENT_3D('',#6183,#4934,#4935);
#3983=AXIS2_PLACEMENT_3D('',#6185,#4937,#4938);
#3984=AXIS2_PLACEMENT_3D('',#6187,#4939,#4940);
#3985=AXIS2_PLACEMENT_3D('',#6190,#4942,#4943);
#3986=AXIS2_PLACEMENT_3D('',#6191,#4944,#4945);
#3987=AXIS2_PLACEMENT_3D('',#6192,#4946,#4947);
#3988=AXIS2_PLACEMENT_3D('',#6193,#4948,#4949);
#3989=AXIS2_PLACEMENT_3D('',#6194,#4950,#4951);
#3990=AXIS2_PLACEMENT_3D('',#6196,#4952,#4953);
#3991=AXIS2_PLACEMENT_3D('',#6199,#4955,#4956);
#3992=AXIS2_PLACEMENT_3D('',#6200,#4957,#4958);
#3993=AXIS2_PLACEMENT_3D('',#6202,#4959,#4960);
#3994=AXIS2_PLACEMENT_3D('',#6205,#4962,#4963);
#3995=AXIS2_PLACEMENT_3D('',#6206,#4964,#4965);
#3996=AXIS2_PLACEMENT_3D('',#6208,#4966,#4967);
#3997=AXIS2_PLACEMENT_3D('',#6211,#4969,#4970);
#3998=AXIS2_PLACEMENT_3D('',#6212,#4971,#4972);
#3999=AXIS2_PLACEMENT_3D('',#6215,#4973,#4974);
#4000=AXIS2_PLACEMENT_3D('',#6219,#4976,#4977);
#4001=AXIS2_PLACEMENT_3D('',#6221,#4979,#4980);
#4002=AXIS2_PLACEMENT_3D('',#6223,#4981,#4982);
#4003=AXIS2_PLACEMENT_3D('',#6226,#4984,#4985);
#4004=AXIS2_PLACEMENT_3D('',#6227,#4986,#4987);
#4005=AXIS2_PLACEMENT_3D('',#6228,#4988,#4989);
#4006=AXIS2_PLACEMENT_3D('',#6229,#4990,#4991);
#4007=AXIS2_PLACEMENT_3D('',#6230,#4992,#4993);
#4008=AXIS2_PLACEMENT_3D('',#6232,#4994,#4995);
#4009=AXIS2_PLACEMENT_3D('',#6235,#4997,#4998);
#4010=AXIS2_PLACEMENT_3D('',#6236,#4999,#5000);
#4011=AXIS2_PLACEMENT_3D('',#6238,#5001,#5002);
#4012=AXIS2_PLACEMENT_3D('',#6241,#5004,#5005);
#4013=AXIS2_PLACEMENT_3D('',#6242,#5006,#5007);
#4014=AXIS2_PLACEMENT_3D('',#6244,#5008,#5009);
#4015=AXIS2_PLACEMENT_3D('',#6247,#5011,#5012);
#4016=AXIS2_PLACEMENT_3D('',#6248,#5013,#5014);
#4017=AXIS2_PLACEMENT_3D('',#6251,#5015,#5016);
#4018=AXIS2_PLACEMENT_3D('',#6255,#5018,#5019);
#4019=AXIS2_PLACEMENT_3D('',#6257,#5021,#5022);
#4020=AXIS2_PLACEMENT_3D('',#6259,#5023,#5024);
#4021=AXIS2_PLACEMENT_3D('',#6262,#5026,#5027);
#4022=AXIS2_PLACEMENT_3D('',#6263,#5028,#5029);
#4023=AXIS2_PLACEMENT_3D('',#6264,#5030,#5031);
#4024=AXIS2_PLACEMENT_3D('',#6265,#5032,#5033);
#4025=AXIS2_PLACEMENT_3D('',#6266,#5034,#5035);
#4026=AXIS2_PLACEMENT_3D('',#6268,#5036,#5037);
#4027=AXIS2_PLACEMENT_3D('',#6271,#5039,#5040);
#4028=AXIS2_PLACEMENT_3D('',#6272,#5041,#5042);
#4029=AXIS2_PLACEMENT_3D('',#6274,#5043,#5044);
#4030=AXIS2_PLACEMENT_3D('',#6277,#5046,#5047);
#4031=AXIS2_PLACEMENT_3D('',#6278,#5048,#5049);
#4032=AXIS2_PLACEMENT_3D('',#6280,#5050,#5051);
#4033=AXIS2_PLACEMENT_3D('',#6283,#5053,#5054);
#4034=AXIS2_PLACEMENT_3D('',#6284,#5055,#5056);
#4035=AXIS2_PLACEMENT_3D('',#6287,#5057,#5058);
#4036=AXIS2_PLACEMENT_3D('',#6291,#5060,#5061);
#4037=AXIS2_PLACEMENT_3D('',#6293,#5063,#5064);
#4038=AXIS2_PLACEMENT_3D('',#6295,#5065,#5066);
#4039=AXIS2_PLACEMENT_3D('',#6298,#5068,#5069);
#4040=AXIS2_PLACEMENT_3D('',#6299,#5070,#5071);
#4041=AXIS2_PLACEMENT_3D('',#6300,#5072,#5073);
#4042=AXIS2_PLACEMENT_3D('',#6301,#5074,#5075);
#4043=AXIS2_PLACEMENT_3D('',#6302,#5076,#5077);
#4044=AXIS2_PLACEMENT_3D('',#6304,#5078,#5079);
#4045=AXIS2_PLACEMENT_3D('',#6307,#5081,#5082);
#4046=AXIS2_PLACEMENT_3D('',#6308,#5083,#5084);
#4047=AXIS2_PLACEMENT_3D('',#6310,#5085,#5086);
#4048=AXIS2_PLACEMENT_3D('',#6313,#5088,#5089);
#4049=AXIS2_PLACEMENT_3D('',#6314,#5090,#5091);
#4050=AXIS2_PLACEMENT_3D('',#6316,#5092,#5093);
#4051=AXIS2_PLACEMENT_3D('',#6319,#5095,#5096);
#4052=AXIS2_PLACEMENT_3D('',#6320,#5097,#5098);
#4053=AXIS2_PLACEMENT_3D('',#6323,#5099,#5100);
#4054=AXIS2_PLACEMENT_3D('',#6327,#5102,#5103);
#4055=AXIS2_PLACEMENT_3D('',#6329,#5105,#5106);
#4056=AXIS2_PLACEMENT_3D('',#6331,#5107,#5108);
#4057=AXIS2_PLACEMENT_3D('',#6334,#5110,#5111);
#4058=AXIS2_PLACEMENT_3D('',#6335,#5112,#5113);
#4059=AXIS2_PLACEMENT_3D('',#6336,#5114,#5115);
#4060=AXIS2_PLACEMENT_3D('',#6337,#5116,#5117);
#4061=AXIS2_PLACEMENT_3D('',#6338,#5118,#5119);
#4062=AXIS2_PLACEMENT_3D('',#6340,#5120,#5121);
#4063=AXIS2_PLACEMENT_3D('',#6343,#5123,#5124);
#4064=AXIS2_PLACEMENT_3D('',#6344,#5125,#5126);
#4065=AXIS2_PLACEMENT_3D('',#6346,#5127,#5128);
#4066=AXIS2_PLACEMENT_3D('',#6349,#5130,#5131);
#4067=AXIS2_PLACEMENT_3D('',#6350,#5132,#5133);
#4068=AXIS2_PLACEMENT_3D('',#6352,#5134,#5135);
#4069=AXIS2_PLACEMENT_3D('',#6355,#5137,#5138);
#4070=AXIS2_PLACEMENT_3D('',#6356,#5139,#5140);
#4071=AXIS2_PLACEMENT_3D('',#6359,#5141,#5142);
#4072=AXIS2_PLACEMENT_3D('',#6363,#5144,#5145);
#4073=AXIS2_PLACEMENT_3D('',#6365,#5147,#5148);
#4074=AXIS2_PLACEMENT_3D('',#6367,#5149,#5150);
#4075=AXIS2_PLACEMENT_3D('',#6370,#5152,#5153);
#4076=AXIS2_PLACEMENT_3D('',#6371,#5154,#5155);
#4077=AXIS2_PLACEMENT_3D('',#6372,#5156,#5157);
#4078=AXIS2_PLACEMENT_3D('',#6373,#5158,#5159);
#4079=AXIS2_PLACEMENT_3D('',#6374,#5160,#5161);
#4080=AXIS2_PLACEMENT_3D('',#6376,#5162,#5163);
#4081=AXIS2_PLACEMENT_3D('',#6379,#5165,#5166);
#4082=AXIS2_PLACEMENT_3D('',#6380,#5167,#5168);
#4083=AXIS2_PLACEMENT_3D('',#6382,#5169,#5170);
#4084=AXIS2_PLACEMENT_3D('',#6385,#5172,#5173);
#4085=AXIS2_PLACEMENT_3D('',#6386,#5174,#5175);
#4086=AXIS2_PLACEMENT_3D('',#6388,#5176,#5177);
#4087=AXIS2_PLACEMENT_3D('',#6391,#5179,#5180);
#4088=AXIS2_PLACEMENT_3D('',#6392,#5181,#5182);
#4089=AXIS2_PLACEMENT_3D('',#6395,#5183,#5184);
#4090=AXIS2_PLACEMENT_3D('',#6399,#5186,#5187);
#4091=AXIS2_PLACEMENT_3D('',#6401,#5189,#5190);
#4092=AXIS2_PLACEMENT_3D('',#6403,#5191,#5192);
#4093=AXIS2_PLACEMENT_3D('',#6406,#5194,#5195);
#4094=AXIS2_PLACEMENT_3D('',#6407,#5196,#5197);
#4095=AXIS2_PLACEMENT_3D('',#6408,#5198,#5199);
#4096=AXIS2_PLACEMENT_3D('',#6409,#5200,#5201);
#4097=AXIS2_PLACEMENT_3D('',#6410,#5202,#5203);
#4098=AXIS2_PLACEMENT_3D('',#6412,#5204,#5205);
#4099=AXIS2_PLACEMENT_3D('',#6415,#5207,#5208);
#4100=AXIS2_PLACEMENT_3D('',#6416,#5209,#5210);
#4101=AXIS2_PLACEMENT_3D('',#6418,#5211,#5212);
#4102=AXIS2_PLACEMENT_3D('',#6421,#5214,#5215);
#4103=AXIS2_PLACEMENT_3D('',#6422,#5216,#5217);
#4104=AXIS2_PLACEMENT_3D('',#6424,#5218,#5219);
#4105=AXIS2_PLACEMENT_3D('',#6427,#5221,#5222);
#4106=AXIS2_PLACEMENT_3D('',#6428,#5223,#5224);
#4107=AXIS2_PLACEMENT_3D('',#6431,#5225,#5226);
#4108=AXIS2_PLACEMENT_3D('',#6435,#5228,#5229);
#4109=AXIS2_PLACEMENT_3D('',#6437,#5231,#5232);
#4110=AXIS2_PLACEMENT_3D('',#6439,#5233,#5234);
#4111=AXIS2_PLACEMENT_3D('',#6442,#5236,#5237);
#4112=AXIS2_PLACEMENT_3D('',#6443,#5238,#5239);
#4113=AXIS2_PLACEMENT_3D('',#6444,#5240,#5241);
#4114=AXIS2_PLACEMENT_3D('',#6445,#5242,#5243);
#4115=AXIS2_PLACEMENT_3D('',#6446,#5244,#5245);
#4116=AXIS2_PLACEMENT_3D('',#6448,#5246,#5247);
#4117=AXIS2_PLACEMENT_3D('',#6451,#5249,#5250);
#4118=AXIS2_PLACEMENT_3D('',#6452,#5251,#5252);
#4119=AXIS2_PLACEMENT_3D('',#6454,#5253,#5254);
#4120=AXIS2_PLACEMENT_3D('',#6457,#5256,#5257);
#4121=AXIS2_PLACEMENT_3D('',#6458,#5258,#5259);
#4122=AXIS2_PLACEMENT_3D('',#6460,#5260,#5261);
#4123=AXIS2_PLACEMENT_3D('',#6463,#5263,#5264);
#4124=AXIS2_PLACEMENT_3D('',#6464,#5265,#5266);
#4125=AXIS2_PLACEMENT_3D('',#6467,#5267,#5268);
#4126=AXIS2_PLACEMENT_3D('',#6471,#5270,#5271);
#4127=AXIS2_PLACEMENT_3D('',#6473,#5273,#5274);
#4128=AXIS2_PLACEMENT_3D('',#6475,#5275,#5276);
#4129=AXIS2_PLACEMENT_3D('',#6478,#5278,#5279);
#4130=AXIS2_PLACEMENT_3D('',#6479,#5280,#5281);
#4131=AXIS2_PLACEMENT_3D('',#6480,#5282,#5283);
#4132=AXIS2_PLACEMENT_3D('',#6481,#5284,#5285);
#4133=AXIS2_PLACEMENT_3D('',#6482,#5286,#5287);
#4134=AXIS2_PLACEMENT_3D('',#6484,#5288,#5289);
#4135=AXIS2_PLACEMENT_3D('',#6487,#5291,#5292);
#4136=AXIS2_PLACEMENT_3D('',#6488,#5293,#5294);
#4137=AXIS2_PLACEMENT_3D('',#6490,#5295,#5296);
#4138=AXIS2_PLACEMENT_3D('',#6493,#5298,#5299);
#4139=AXIS2_PLACEMENT_3D('',#6494,#5300,#5301);
#4140=AXIS2_PLACEMENT_3D('',#6496,#5302,#5303);
#4141=AXIS2_PLACEMENT_3D('',#6499,#5305,#5306);
#4142=AXIS2_PLACEMENT_3D('',#6500,#5307,#5308);
#4143=AXIS2_PLACEMENT_3D('',#6503,#5309,#5310);
#4144=AXIS2_PLACEMENT_3D('',#6507,#5312,#5313);
#4145=AXIS2_PLACEMENT_3D('',#6509,#5315,#5316);
#4146=AXIS2_PLACEMENT_3D('',#6511,#5317,#5318);
#4147=AXIS2_PLACEMENT_3D('',#6514,#5320,#5321);
#4148=AXIS2_PLACEMENT_3D('',#6515,#5322,#5323);
#4149=AXIS2_PLACEMENT_3D('',#6516,#5324,#5325);
#4150=AXIS2_PLACEMENT_3D('',#6517,#5326,#5327);
#4151=AXIS2_PLACEMENT_3D('',#6518,#5328,#5329);
#4152=AXIS2_PLACEMENT_3D('',#6520,#5330,#5331);
#4153=AXIS2_PLACEMENT_3D('',#6523,#5333,#5334);
#4154=AXIS2_PLACEMENT_3D('',#6524,#5335,#5336);
#4155=AXIS2_PLACEMENT_3D('',#6526,#5337,#5338);
#4156=AXIS2_PLACEMENT_3D('',#6529,#5340,#5341);
#4157=AXIS2_PLACEMENT_3D('',#6530,#5342,#5343);
#4158=AXIS2_PLACEMENT_3D('',#6532,#5344,#5345);
#4159=AXIS2_PLACEMENT_3D('',#6535,#5347,#5348);
#4160=AXIS2_PLACEMENT_3D('',#6536,#5349,#5350);
#4161=AXIS2_PLACEMENT_3D('',#6539,#5351,#5352);
#4162=AXIS2_PLACEMENT_3D('',#6543,#5354,#5355);
#4163=AXIS2_PLACEMENT_3D('',#6545,#5357,#5358);
#4164=AXIS2_PLACEMENT_3D('',#6547,#5359,#5360);
#4165=AXIS2_PLACEMENT_3D('',#6550,#5362,#5363);
#4166=AXIS2_PLACEMENT_3D('',#6551,#5364,#5365);
#4167=AXIS2_PLACEMENT_3D('',#6552,#5366,#5367);
#4168=AXIS2_PLACEMENT_3D('',#6553,#5368,#5369);
#4169=AXIS2_PLACEMENT_3D('',#6554,#5370,#5371);
#4170=AXIS2_PLACEMENT_3D('',#6556,#5372,#5373);
#4171=AXIS2_PLACEMENT_3D('',#6559,#5375,#5376);
#4172=AXIS2_PLACEMENT_3D('',#6560,#5377,#5378);
#4173=AXIS2_PLACEMENT_3D('',#6562,#5379,#5380);
#4174=AXIS2_PLACEMENT_3D('',#6565,#5382,#5383);
#4175=AXIS2_PLACEMENT_3D('',#6566,#5384,#5385);
#4176=AXIS2_PLACEMENT_3D('',#6568,#5386,#5387);
#4177=AXIS2_PLACEMENT_3D('',#6571,#5389,#5390);
#4178=AXIS2_PLACEMENT_3D('',#6572,#5391,#5392);
#4179=AXIS2_PLACEMENT_3D('',#6575,#5393,#5394);
#4180=AXIS2_PLACEMENT_3D('',#6579,#5396,#5397);
#4181=AXIS2_PLACEMENT_3D('',#6581,#5399,#5400);
#4182=AXIS2_PLACEMENT_3D('',#6583,#5401,#5402);
#4183=AXIS2_PLACEMENT_3D('',#6586,#5404,#5405);
#4184=AXIS2_PLACEMENT_3D('',#6587,#5406,#5407);
#4185=AXIS2_PLACEMENT_3D('',#6588,#5408,#5409);
#4186=AXIS2_PLACEMENT_3D('',#6589,#5410,#5411);
#4187=AXIS2_PLACEMENT_3D('',#6590,#5412,#5413);
#4188=AXIS2_PLACEMENT_3D('',#6592,#5414,#5415);
#4189=AXIS2_PLACEMENT_3D('',#6595,#5417,#5418);
#4190=AXIS2_PLACEMENT_3D('',#6596,#5419,#5420);
#4191=AXIS2_PLACEMENT_3D('',#6598,#5421,#5422);
#4192=AXIS2_PLACEMENT_3D('',#6601,#5424,#5425);
#4193=AXIS2_PLACEMENT_3D('',#6602,#5426,#5427);
#4194=AXIS2_PLACEMENT_3D('',#6604,#5428,#5429);
#4195=AXIS2_PLACEMENT_3D('',#6607,#5431,#5432);
#4196=AXIS2_PLACEMENT_3D('',#6608,#5433,#5434);
#4197=AXIS2_PLACEMENT_3D('',#6611,#5435,#5436);
#4198=AXIS2_PLACEMENT_3D('',#6615,#5438,#5439);
#4199=AXIS2_PLACEMENT_3D('',#6617,#5441,#5442);
#4200=AXIS2_PLACEMENT_3D('',#6619,#5443,#5444);
#4201=AXIS2_PLACEMENT_3D('',#6622,#5446,#5447);
#4202=AXIS2_PLACEMENT_3D('',#6623,#5448,#5449);
#4203=AXIS2_PLACEMENT_3D('',#6624,#5450,#5451);
#4204=AXIS2_PLACEMENT_3D('',#6625,#5452,#5453);
#4205=AXIS2_PLACEMENT_3D('',#6626,#5454,#5455);
#4206=AXIS2_PLACEMENT_3D('',#6628,#5456,#5457);
#4207=AXIS2_PLACEMENT_3D('',#6631,#5459,#5460);
#4208=AXIS2_PLACEMENT_3D('',#6632,#5461,#5462);
#4209=AXIS2_PLACEMENT_3D('',#6634,#5463,#5464);
#4210=AXIS2_PLACEMENT_3D('',#6637,#5466,#5467);
#4211=AXIS2_PLACEMENT_3D('',#6638,#5468,#5469);
#4212=AXIS2_PLACEMENT_3D('',#6640,#5470,#5471);
#4213=AXIS2_PLACEMENT_3D('',#6643,#5473,#5474);
#4214=AXIS2_PLACEMENT_3D('',#6644,#5475,#5476);
#4215=AXIS2_PLACEMENT_3D('',#6647,#5477,#5478);
#4216=AXIS2_PLACEMENT_3D('',#6651,#5480,#5481);
#4217=AXIS2_PLACEMENT_3D('',#6653,#5483,#5484);
#4218=AXIS2_PLACEMENT_3D('',#6655,#5485,#5486);
#4219=AXIS2_PLACEMENT_3D('',#6658,#5488,#5489);
#4220=AXIS2_PLACEMENT_3D('',#6659,#5490,#5491);
#4221=AXIS2_PLACEMENT_3D('',#6660,#5492,#5493);
#4222=AXIS2_PLACEMENT_3D('',#6661,#5494,#5495);
#4223=AXIS2_PLACEMENT_3D('',#6662,#5496,#5497);
#4224=AXIS2_PLACEMENT_3D('',#6664,#5498,#5499);
#4225=AXIS2_PLACEMENT_3D('',#6667,#5501,#5502);
#4226=AXIS2_PLACEMENT_3D('',#6668,#5503,#5504);
#4227=AXIS2_PLACEMENT_3D('',#6670,#5505,#5506);
#4228=AXIS2_PLACEMENT_3D('',#6672,#5507,#5508);
#4229=AXIS2_PLACEMENT_3D('',#6674,#5510,#5511);
#4230=AXIS2_PLACEMENT_3D('',#6676,#5512,#5513);
#4231=AXIS2_PLACEMENT_3D('',#6678,#5514,#5515);
#4232=AXIS2_PLACEMENT_3D('',#6680,#5517,#5518);
#4233=AXIS2_PLACEMENT_3D('',#6682,#5519,#5520);
#4234=AXIS2_PLACEMENT_3D('',#6685,#5522,#5523);
#4235=AXIS2_PLACEMENT_3D('',#6686,#5524,#5525);
#4236=AXIS2_PLACEMENT_3D('',#6688,#5526,#5527);
#4237=AXIS2_PLACEMENT_3D('',#6691,#5529,#5530);
#4238=AXIS2_PLACEMENT_3D('',#6692,#5531,#5532);
#4239=AXIS2_PLACEMENT_3D('',#6693,#5533,#5534);
#4240=AXIS2_PLACEMENT_3D('',#6694,#5535,#5536);
#4241=AXIS2_PLACEMENT_3D('',#6695,#5537,#5538);
#4242=AXIS2_PLACEMENT_3D('',#6767,#5540,#5541);
#4243=AXIS2_PLACEMENT_3D('',#6769,#5542,#5543);
#4244=AXIS2_PLACEMENT_3D('',#6772,#5545,#5546);
#4245=AXIS2_PLACEMENT_3D('',#6773,#5547,#5548);
#4246=AXIS2_PLACEMENT_3D('',#6775,#5549,#5550);
#4247=AXIS2_PLACEMENT_3D('',#6894,#5553,#5554);
#4248=AXIS2_PLACEMENT_3D('',#6931,#5556,#5557);
#4249=AXIS2_PLACEMENT_3D('',#6933,#5558,#5559);
#4250=AXIS2_PLACEMENT_3D('',#6936,#5561,#5562);
#4251=AXIS2_PLACEMENT_3D('',#6937,#5563,#5564);
#4252=AXIS2_PLACEMENT_3D('',#6939,#5565,#5566);
#4253=AXIS2_PLACEMENT_3D('',#6940,#5567,#5568);
#4254=AXIS2_PLACEMENT_3D('',#6943,#5570,#5571);
#4255=AXIS2_PLACEMENT_3D('',#6944,#5572,#5573);
#4256=AXIS2_PLACEMENT_3D('',#6946,#5575,#5576);
#4257=AXIS2_PLACEMENT_3D('',#6948,#5577,#5578);
#4258=AXIS2_PLACEMENT_3D('',#6949,#5579,#5580);
#4259=AXIS2_PLACEMENT_3D('',#6952,#5582,#5583);
#4260=AXIS2_PLACEMENT_3D('',#6953,#5584,#5585);
#4261=AXIS2_PLACEMENT_3D('',#6955,#5586,#5587);
#4262=AXIS2_PLACEMENT_3D('',#6956,#5588,#5589);
#4263=AXIS2_PLACEMENT_3D('',#6957,#5590,#5591);
#4264=AXIS2_PLACEMENT_3D('',#6959,#5592,#5593);
#4265=AXIS2_PLACEMENT_3D('',#6962,#5595,#5596);
#4266=AXIS2_PLACEMENT_3D('',#6963,#5597,#5598);
#4267=AXIS2_PLACEMENT_3D('',#6965,#5600,#5601);
#4268=AXIS2_PLACEMENT_3D('',#6967,#5602,#5603);
#4269=AXIS2_PLACEMENT_3D('',#6968,#5604,#5605);
#4270=AXIS2_PLACEMENT_3D('',#6970,#5606,#5607);
#4271=AXIS2_PLACEMENT_3D('',#6972,#5609,#5610);
#4272=AXIS2_PLACEMENT_3D('',#6973,#5611,#5612);
#4273=DIRECTION('axis',(0.,0.,1.));
#4274=DIRECTION('refdir',(1.,0.,0.));
#4275=DIRECTION('axis',(0.,0.,1.));
#4276=DIRECTION('refdir',(1.,0.,0.));
#4277=DIRECTION('center_axis',(0.,0.,1.));
#4278=DIRECTION('ref_axis',(0.770896635542289,0.636960263524797,0.));
#4279=DIRECTION('center_axis',(0.,0.,1.));
#4280=DIRECTION('ref_axis',(0.770896635542289,0.636960263524797,0.));
#4281=DIRECTION('',(0.,0.,-1.));
#4282=DIRECTION('center_axis',(0.,0.,-1.));
#4283=DIRECTION('ref_axis',(0.770896635542289,0.636960263524797,0.));
#4284=DIRECTION('',(0.,0.,1.));
#4285=DIRECTION('center_axis',(0.,0.,1.));
#4286=DIRECTION('ref_axis',(0.978147600733806,-0.20791169081776,0.));
#4287=DIRECTION('center_axis',(0.,0.,-1.));
#4288=DIRECTION('ref_axis',(0.978147600733806,-0.20791169081776,0.));
#4289=DIRECTION('',(0.,0.,-1.));
#4290=DIRECTION('center_axis',(0.,0.,1.));
#4291=DIRECTION('ref_axis',(0.978147600733806,-0.20791169081776,0.));
#4292=DIRECTION('center_axis',(0.,0.,-1.));
#4293=DIRECTION('ref_axis',(-0.445174040352865,0.895444065140814,0.));
#4294=DIRECTION('center_axis',(0.,0.,-1.));
#4295=DIRECTION('ref_axis',(-0.445174040352865,0.895444065140814,0.));
#4296=DIRECTION('',(0.,0.,1.));
#4297=DIRECTION('center_axis',(0.,0.,1.));
#4298=DIRECTION('ref_axis',(-0.445174040352865,0.895444065140814,0.));
#4299=DIRECTION('',(0.,0.,-1.));
#4300=DIRECTION('center_axis',(0.,0.,1.));
#4301=DIRECTION('ref_axis',(0.978147600733805,-0.20791169081776,0.));
#4302=DIRECTION('center_axis',(0.,0.,1.));
#4303=DIRECTION('ref_axis',(0.978147600733805,-0.20791169081776,0.));
#4304=DIRECTION('',(0.,0.,1.));
#4305=DIRECTION('center_axis',(0.,0.,-1.));
#4306=DIRECTION('ref_axis',(0.978147600733805,-0.20791169081776,0.));
#4307=DIRECTION('center_axis',(0.,0.,1.));
#4308=DIRECTION('ref_axis',(0.978147600733806,-0.20791169081776,0.));
#4309=DIRECTION('center_axis',(0.,0.,-1.));
#4310=DIRECTION('ref_axis',(0.978147600733806,-0.20791169081776,0.));
#4311=DIRECTION('center_axis',(0.,0.,1.));
#4312=DIRECTION('ref_axis',(0.978147600733806,-0.20791169081776,0.));
#4313=DIRECTION('center_axis',(0.,0.,1.));
#4314=DIRECTION('ref_axis',(1.,0.,0.));
#4315=DIRECTION('center_axis',(0.,0.,1.));
#4316=DIRECTION('ref_axis',(1.,0.,0.));
#4317=DIRECTION('',(0.,0.,1.));
#4318=DIRECTION('center_axis',(0.,0.,-1.));
#4319=DIRECTION('ref_axis',(1.,0.,0.));
#4320=DIRECTION('center_axis',(0.,0.,1.));
#4321=DIRECTION('ref_axis',(1.,0.,0.));
#4322=DIRECTION('center_axis',(0.,0.,-1.));
#4323=DIRECTION('ref_axis',(1.,0.,0.));
#4324=DIRECTION('',(0.,0.,-1.));
#4325=DIRECTION('center_axis',(0.,0.,1.));
#4326=DIRECTION('ref_axis',(1.,0.,0.));
#4327=DIRECTION('center_axis',(0.,0.,1.));
#4328=DIRECTION('ref_axis',(0.886482179842622,0.462762730588229,0.));
#4329=DIRECTION('center_axis',(0.,0.,1.));
#4330=DIRECTION('ref_axis',(0.886482179842622,0.462762730588229,0.));
#4331=DIRECTION('',(0.,0.,-1.));
#4332=DIRECTION('center_axis',(0.,0.,-1.));
#4333=DIRECTION('ref_axis',(0.886482179842622,0.462762730588229,0.));
#4334=DIRECTION('center_axis',(0.,0.,1.));
#4335=DIRECTION('ref_axis',(0.913545457642601,-0.406736643075801,0.));
#4336=DIRECTION('center_axis',(0.,0.,-1.));
#4337=DIRECTION('ref_axis',(0.913545457642601,-0.406736643075801,0.));
#4338=DIRECTION('',(0.,0.,-1.));
#4339=DIRECTION('center_axis',(0.,0.,1.));
#4340=DIRECTION('ref_axis',(0.913545457642601,-0.406736643075801,0.));
#4341=DIRECTION('center_axis',(0.,0.,-1.));
#4342=DIRECTION('ref_axis',(-0.249272629863981,0.968433351346748,0.));
#4343=DIRECTION('center_axis',(0.,0.,-1.));
#4344=DIRECTION('ref_axis',(-0.249272629863981,0.968433351346748,0.));
#4345=DIRECTION('',(0.,0.,1.));
#4346=DIRECTION('center_axis',(0.,0.,1.));
#4347=DIRECTION('ref_axis',(-0.249272629863981,0.968433351346748,0.));
#4348=DIRECTION('',(0.,0.,-1.));
#4349=DIRECTION('center_axis',(0.,0.,1.));
#4350=DIRECTION('ref_axis',(0.913545457642601,-0.406736643075801,0.));
#4351=DIRECTION('center_axis',(0.,0.,1.));
#4352=DIRECTION('ref_axis',(0.913545457642601,-0.406736643075801,0.));
#4353=DIRECTION('',(0.,0.,1.));
#4354=DIRECTION('center_axis',(0.,0.,-1.));
#4355=DIRECTION('ref_axis',(0.913545457642601,-0.406736643075801,0.));
#4356=DIRECTION('center_axis',(0.,0.,1.));
#4357=DIRECTION('ref_axis',(0.913545457642601,-0.406736643075801,0.));
#4358=DIRECTION('center_axis',(0.,0.,-1.));
#4359=DIRECTION('ref_axis',(0.913545457642601,-0.406736643075801,0.));
#4360=DIRECTION('center_axis',(0.,0.,1.));
#4361=DIRECTION('ref_axis',(0.913545457642601,-0.406736643075801,0.));
#4362=DIRECTION('center_axis',(0.,0.,1.));
#4363=DIRECTION('ref_axis',(1.,0.,0.));
#4364=DIRECTION('center_axis',(0.,0.,1.));
#4365=DIRECTION('ref_axis',(1.,0.,0.));
#4366=DIRECTION('',(0.,0.,1.));
#4367=DIRECTION('center_axis',(0.,0.,-1.));
#4368=DIRECTION('ref_axis',(1.,0.,0.));
#4369=DIRECTION('center_axis',(0.,0.,1.));
#4370=DIRECTION('ref_axis',(0.963324199070377,0.268340245743004,0.));
#4371=DIRECTION('center_axis',(0.,0.,1.));
#4372=DIRECTION('ref_axis',(0.963324199070377,0.268340245743004,0.));
#4373=DIRECTION('',(0.,0.,-1.));
#4374=DIRECTION('center_axis',(0.,0.,-1.));
#4375=DIRECTION('ref_axis',(0.963324199070377,0.268340245743004,0.));
#4376=DIRECTION('center_axis',(0.,0.,1.));
#4377=DIRECTION('ref_axis',(0.809016994374947,-0.587785252292473,0.));
#4378=DIRECTION('center_axis',(0.,0.,-1.));
#4379=DIRECTION('ref_axis',(0.809016994374947,-0.587785252292473,0.));
#4380=DIRECTION('',(0.,0.,-1.));
#4381=DIRECTION('center_axis',(0.,0.,1.));
#4382=DIRECTION('ref_axis',(0.809016994374947,-0.587785252292473,0.));
#4383=DIRECTION('center_axis',(0.,0.,-1.));
#4384=DIRECTION('ref_axis',(-0.0424768093072441,0.99909745304003,0.));
#4385=DIRECTION('center_axis',(0.,0.,-1.));
#4386=DIRECTION('ref_axis',(-0.0424768093072441,0.99909745304003,0.));
#4387=DIRECTION('',(0.,0.,1.));
#4388=DIRECTION('center_axis',(0.,0.,1.));
#4389=DIRECTION('ref_axis',(-0.0424768093072441,0.99909745304003,0.));
#4390=DIRECTION('',(0.,0.,-1.));
#4391=DIRECTION('center_axis',(0.,0.,1.));
#4392=DIRECTION('ref_axis',(0.809016994374947,-0.587785252292473,0.));
#4393=DIRECTION('center_axis',(0.,0.,1.));
#4394=DIRECTION('ref_axis',(0.809016994374947,-0.587785252292473,0.));
#4395=DIRECTION('',(0.,0.,1.));
#4396=DIRECTION('center_axis',(0.,0.,-1.));
#4397=DIRECTION('ref_axis',(0.809016994374947,-0.587785252292473,0.));
#4398=DIRECTION('center_axis',(0.,0.,1.));
#4399=DIRECTION('ref_axis',(0.809016994374947,-0.587785252292473,0.));
#4400=DIRECTION('center_axis',(0.,0.,-1.));
#4401=DIRECTION('ref_axis',(0.809016994374947,-0.587785252292473,0.));
#4402=DIRECTION('center_axis',(0.,0.,1.));
#4403=DIRECTION('ref_axis',(0.809016994374947,-0.587785252292473,0.));
#4404=DIRECTION('center_axis',(0.,0.,1.));
#4405=DIRECTION('ref_axis',(1.,0.,0.));
#4406=DIRECTION('center_axis',(0.,0.,1.));
#4407=DIRECTION('ref_axis',(1.,0.,0.));
#4408=DIRECTION('',(0.,0.,1.));
#4409=DIRECTION('center_axis',(0.,0.,-1.));
#4410=DIRECTION('ref_axis',(1.,0.,0.));
#4411=DIRECTION('center_axis',(0.,0.,1.));
#4412=DIRECTION('ref_axis',(0.998064328256385,0.0621900045194583,0.));
#4413=DIRECTION('center_axis',(0.,0.,1.));
#4414=DIRECTION('ref_axis',(0.998064328256385,0.0621900045194583,0.));
#4415=DIRECTION('',(0.,0.,-1.));
#4416=DIRECTION('center_axis',(0.,0.,-1.));
#4417=DIRECTION('ref_axis',(0.998064328256385,0.0621900045194583,0.));
#4418=DIRECTION('center_axis',(0.,0.,1.));
#4419=DIRECTION('ref_axis',(0.669130606358858,-0.743144825477395,0.));
#4420=DIRECTION('center_axis',(0.,0.,-1.));
#4421=DIRECTION('ref_axis',(0.669130606358858,-0.743144825477395,0.));
#4422=DIRECTION('',(0.,0.,-1.));
#4423=DIRECTION('center_axis',(0.,0.,1.));
#4424=DIRECTION('ref_axis',(0.669130606358858,-0.743144825477395,0.));
#4425=DIRECTION('center_axis',(0.,0.,-1.));
#4426=DIRECTION('ref_axis',(0.166175451642562,0.986096201833975,0.));
#4427=DIRECTION('center_axis',(0.,0.,-1.));
#4428=DIRECTION('ref_axis',(0.166175451642562,0.986096201833975,0.));
#4429=DIRECTION('',(0.,0.,1.));
#4430=DIRECTION('center_axis',(0.,0.,1.));
#4431=DIRECTION('ref_axis',(0.166175451642562,0.986096201833975,0.));
#4432=DIRECTION('',(0.,0.,-1.));
#4433=DIRECTION('center_axis',(0.,0.,1.));
#4434=DIRECTION('ref_axis',(0.669130606358858,-0.743144825477395,0.));
#4435=DIRECTION('center_axis',(0.,0.,1.));
#4436=DIRECTION('ref_axis',(0.669130606358858,-0.743144825477395,0.));
#4437=DIRECTION('',(0.,0.,1.));
#4438=DIRECTION('center_axis',(0.,0.,-1.));
#4439=DIRECTION('ref_axis',(0.669130606358858,-0.743144825477395,0.));
#4440=DIRECTION('center_axis',(0.,0.,1.));
#4441=DIRECTION('ref_axis',(0.669130606358858,-0.743144825477394,0.));
#4442=DIRECTION('center_axis',(0.,0.,-1.));
#4443=DIRECTION('ref_axis',(0.669130606358858,-0.743144825477394,0.));
#4444=DIRECTION('center_axis',(0.,0.,1.));
#4445=DIRECTION('ref_axis',(0.669130606358858,-0.743144825477394,0.));
#4446=DIRECTION('center_axis',(0.,0.,1.));
#4447=DIRECTION('ref_axis',(1.,0.,0.));
#4448=DIRECTION('center_axis',(0.,0.,1.));
#4449=DIRECTION('ref_axis',(1.,0.,0.));
#4450=DIRECTION('',(0.,0.,1.));
#4451=DIRECTION('center_axis',(0.,0.,-1.));
#4452=DIRECTION('ref_axis',(1.,0.,0.));
#4453=DIRECTION('center_axis',(0.,0.,1.));
#4454=DIRECTION('ref_axis',(0.989184257053587,-0.146678238322335,0.));
#4455=DIRECTION('center_axis',(0.,0.,1.));
#4456=DIRECTION('ref_axis',(0.989184257053587,-0.146678238322335,0.));
#4457=DIRECTION('',(0.,0.,-1.));
#4458=DIRECTION('center_axis',(0.,0.,-1.));
#4459=DIRECTION('ref_axis',(0.989184257053587,-0.146678238322335,0.));
#4460=DIRECTION('center_axis',(0.,0.,1.));
#4461=DIRECTION('ref_axis',(0.499999999999999,-0.866025403784439,0.));
#4462=DIRECTION('center_axis',(0.,0.,-1.));
#4463=DIRECTION('ref_axis',(0.499999999999999,-0.866025403784439,0.));
#4464=DIRECTION('',(0.,0.,-1.));
#4465=DIRECTION('center_axis',(0.,0.,1.));
#4466=DIRECTION('ref_axis',(0.499999999999999,-0.866025403784439,0.));
#4467=DIRECTION('center_axis',(0.,0.,-1.));
#4468=DIRECTION('ref_axis',(0.367565047957298,0.929997814793212,0.));
#4469=DIRECTION('center_axis',(0.,0.,-1.));
#4470=DIRECTION('ref_axis',(0.367565047957298,0.929997814793212,0.));
#4471=DIRECTION('',(0.,0.,1.));
#4472=DIRECTION('center_axis',(0.,0.,1.));
#4473=DIRECTION('ref_axis',(0.367565047957298,0.929997814793212,0.));
#4474=DIRECTION('',(0.,0.,-1.));
#4475=DIRECTION('center_axis',(0.,0.,1.));
#4476=DIRECTION('ref_axis',(0.499999999999999,-0.866025403784439,0.));
#4477=DIRECTION('center_axis',(0.,0.,1.));
#4478=DIRECTION('ref_axis',(0.499999999999999,-0.866025403784439,0.));
#4479=DIRECTION('',(0.,0.,1.));
#4480=DIRECTION('center_axis',(0.,0.,-1.));
#4481=DIRECTION('ref_axis',(0.499999999999999,-0.866025403784439,0.));
#4482=DIRECTION('center_axis',(0.,0.,1.));
#4483=DIRECTION('ref_axis',(0.499999999999999,-0.866025403784439,0.));
#4484=DIRECTION('center_axis',(0.,0.,-1.));
#4485=DIRECTION('ref_axis',(0.499999999999999,-0.866025403784439,0.));
#4486=DIRECTION('center_axis',(0.,0.,1.));
#4487=DIRECTION('ref_axis',(0.499999999999999,-0.866025403784439,0.));
#4488=DIRECTION('center_axis',(0.,0.,1.));
#4489=DIRECTION('ref_axis',(1.,0.,0.));
#4490=DIRECTION('center_axis',(0.,0.,1.));
#4491=DIRECTION('ref_axis',(1.,0.,0.));
#4492=DIRECTION('',(0.,0.,1.));
#4493=DIRECTION('center_axis',(0.,0.,-1.));
#4494=DIRECTION('ref_axis',(1.,0.,0.));
#4495=DIRECTION('center_axis',(0.,0.,1.));
#4496=DIRECTION('ref_axis',(0.937072087184851,-0.349135938309172,0.));
#4497=DIRECTION('center_axis',(0.,0.,1.));
#4498=DIRECTION('ref_axis',(0.937072087184851,-0.349135938309172,0.));
#4499=DIRECTION('',(0.,0.,-1.));
#4500=DIRECTION('center_axis',(0.,0.,-1.));
#4501=DIRECTION('ref_axis',(0.937072087184851,-0.349135938309172,0.));
#4502=DIRECTION('center_axis',(0.,0.,1.));
#4503=DIRECTION('ref_axis',(0.309016994374947,-0.951056516295154,0.));
#4504=DIRECTION('center_axis',(0.,0.,-1.));
#4505=DIRECTION('ref_axis',(0.309016994374947,-0.951056516295154,0.));
#4506=DIRECTION('',(0.,0.,-1.));
#4507=DIRECTION('center_axis',(0.,0.,1.));
#4508=DIRECTION('ref_axis',(0.309016994374947,-0.951056516295154,0.));
#4509=DIRECTION('center_axis',(0.,0.,-1.));
#4510=DIRECTION('ref_axis',(0.552890287903513,0.833254060621352,0.));
#4511=DIRECTION('center_axis',(0.,0.,-1.));
#4512=DIRECTION('ref_axis',(0.552890287903513,0.833254060621352,0.));
#4513=DIRECTION('',(0.,0.,1.));
#4514=DIRECTION('center_axis',(0.,0.,1.));
#4515=DIRECTION('ref_axis',(0.552890287903513,0.833254060621352,0.));
#4516=DIRECTION('',(0.,0.,-1.));
#4517=DIRECTION('center_axis',(0.,0.,1.));
#4518=DIRECTION('ref_axis',(0.309016994374947,-0.951056516295154,0.));
#4519=DIRECTION('center_axis',(0.,0.,1.));
#4520=DIRECTION('ref_axis',(0.309016994374947,-0.951056516295154,0.));
#4521=DIRECTION('',(0.,0.,1.));
#4522=DIRECTION('center_axis',(0.,0.,-1.));
#4523=DIRECTION('ref_axis',(0.309016994374947,-0.951056516295154,0.));
#4524=DIRECTION('center_axis',(0.,0.,1.));
#4525=DIRECTION('ref_axis',(0.309016994374947,-0.951056516295154,0.));
#4526=DIRECTION('center_axis',(0.,0.,-1.));
#4527=DIRECTION('ref_axis',(0.309016994374947,-0.951056516295154,0.));
#4528=DIRECTION('center_axis',(0.,0.,1.));
#4529=DIRECTION('ref_axis',(0.309016994374947,-0.951056516295154,0.));
#4530=DIRECTION('center_axis',(0.,0.,1.));
#4531=DIRECTION('ref_axis',(1.,0.,0.));
#4532=DIRECTION('center_axis',(0.,0.,1.));
#4533=DIRECTION('ref_axis',(1.,0.,0.));
#4534=DIRECTION('',(0.,0.,1.));
#4535=DIRECTION('center_axis',(0.,0.,-1.));
#4536=DIRECTION('ref_axis',(1.,0.,0.));
#4537=DIRECTION('center_axis',(0.,0.,1.));
#4538=DIRECTION('ref_axis',(0.844005370535378,-0.536334722451791,0.));
#4539=DIRECTION('center_axis',(0.,0.,1.));
#4540=DIRECTION('ref_axis',(0.844005370535378,-0.536334722451791,0.));
#4541=DIRECTION('',(0.,0.,-1.));
#4542=DIRECTION('center_axis',(0.,0.,-1.));
#4543=DIRECTION('ref_axis',(0.844005370535378,-0.536334722451791,0.));
#4544=DIRECTION('center_axis',(0.,0.,1.));
#4545=DIRECTION('ref_axis',(0.104528463267653,-0.994521895368273,0.));
#4546=DIRECTION('center_axis',(0.,0.,-1.));
#4547=DIRECTION('ref_axis',(0.104528463267653,-0.994521895368273,0.));
#4548=DIRECTION('',(0.,0.,-1.));
#4549=DIRECTION('center_axis',(0.,0.,1.));
#4550=DIRECTION('ref_axis',(0.104528463267653,-0.994521895368273,0.));
#4551=DIRECTION('center_axis',(0.,0.,-1.));
#4552=DIRECTION('ref_axis',(0.714051569206397,0.700093105603735,0.));
#4553=DIRECTION('center_axis',(0.,0.,-1.));
#4554=DIRECTION('ref_axis',(0.714051569206397,0.700093105603735,0.));
#4555=DIRECTION('',(0.,0.,1.));
#4556=DIRECTION('center_axis',(0.,0.,1.));
#4557=DIRECTION('ref_axis',(0.714051569206397,0.700093105603735,0.));
#4558=DIRECTION('',(0.,0.,-1.));
#4559=DIRECTION('center_axis',(0.,0.,1.));
#4560=DIRECTION('ref_axis',(0.104528463267653,-0.994521895368273,0.));
#4561=DIRECTION('center_axis',(0.,0.,1.));
#4562=DIRECTION('ref_axis',(0.104528463267653,-0.994521895368273,0.));
#4563=DIRECTION('',(0.,0.,1.));
#4564=DIRECTION('center_axis',(0.,0.,-1.));
#4565=DIRECTION('ref_axis',(0.104528463267653,-0.994521895368273,0.));
#4566=DIRECTION('center_axis',(0.,0.,1.));
#4567=DIRECTION('ref_axis',(0.104528463267653,-0.994521895368273,0.));
#4568=DIRECTION('center_axis',(0.,0.,-1.));
#4569=DIRECTION('ref_axis',(0.104528463267653,-0.994521895368273,0.));
#4570=DIRECTION('center_axis',(0.,0.,1.));
#4571=DIRECTION('ref_axis',(0.104528463267653,-0.994521895368273,0.));
#4572=DIRECTION('center_axis',(0.,0.,1.));
#4573=DIRECTION('ref_axis',(1.,0.,0.));
#4574=DIRECTION('center_axis',(0.,0.,1.));
#4575=DIRECTION('ref_axis',(1.,0.,0.));
#4576=DIRECTION('',(0.,0.,1.));
#4577=DIRECTION('center_axis',(0.,0.,-1.));
#4578=DIRECTION('ref_axis',(1.,0.,0.));
#4579=DIRECTION('center_axis',(0.,0.,1.));
#4580=DIRECTION('ref_axis',(0.714051569206396,-0.700093105603735,0.));
#4581=DIRECTION('center_axis',(0.,0.,1.));
#4582=DIRECTION('ref_axis',(0.714051569206396,-0.700093105603735,0.));
#4583=DIRECTION('',(0.,0.,-1.));
#4584=DIRECTION('center_axis',(0.,0.,-1.));
#4585=DIRECTION('ref_axis',(0.714051569206396,-0.700093105603735,0.));
#4586=DIRECTION('center_axis',(0.,0.,1.));
#4587=DIRECTION('ref_axis',(-0.104528463267654,-0.994521895368273,0.));
#4588=DIRECTION('center_axis',(0.,0.,-1.));
#4589=DIRECTION('ref_axis',(-0.104528463267654,-0.994521895368273,0.));
#4590=DIRECTION('',(0.,0.,-1.));
#4591=DIRECTION('center_axis',(0.,0.,1.));
#4592=DIRECTION('ref_axis',(-0.104528463267654,-0.994521895368273,0.));
#4593=DIRECTION('center_axis',(0.,0.,-1.));
#4594=DIRECTION('ref_axis',(0.844005370535376,0.536334722451794,0.));
#4595=DIRECTION('center_axis',(0.,0.,-1.));
#4596=DIRECTION('ref_axis',(0.844005370535376,0.536334722451794,0.));
#4597=DIRECTION('',(0.,0.,1.));
#4598=DIRECTION('center_axis',(0.,0.,1.));
#4599=DIRECTION('ref_axis',(0.844005370535376,0.536334722451794,0.));
#4600=DIRECTION('',(0.,0.,-1.));
#4601=DIRECTION('center_axis',(0.,0.,1.));
#4602=DIRECTION('ref_axis',(-0.104528463267654,-0.994521895368273,0.));
#4603=DIRECTION('center_axis',(0.,0.,1.));
#4604=DIRECTION('ref_axis',(-0.104528463267654,-0.994521895368273,0.));
#4605=DIRECTION('',(0.,0.,1.));
#4606=DIRECTION('center_axis',(0.,0.,-1.));
#4607=DIRECTION('ref_axis',(-0.104528463267654,-0.994521895368273,0.));
#4608=DIRECTION('center_axis',(0.,0.,1.));
#4609=DIRECTION('ref_axis',(-0.104528463267654,-0.994521895368273,0.));
#4610=DIRECTION('center_axis',(0.,0.,-1.));
#4611=DIRECTION('ref_axis',(-0.104528463267654,-0.994521895368273,0.));
#4612=DIRECTION('center_axis',(0.,0.,1.));
#4613=DIRECTION('ref_axis',(-0.104528463267654,-0.994521895368273,0.));
#4614=DIRECTION('center_axis',(0.,0.,1.));
#4615=DIRECTION('ref_axis',(1.,0.,0.));
#4616=DIRECTION('center_axis',(0.,0.,1.));
#4617=DIRECTION('ref_axis',(1.,0.,0.));
#4618=DIRECTION('',(0.,0.,1.));
#4619=DIRECTION('center_axis',(0.,0.,-1.));
#4620=DIRECTION('ref_axis',(1.,0.,0.));
#4621=DIRECTION('center_axis',(0.,0.,1.));
#4622=DIRECTION('ref_axis',(0.552890287903513,-0.833254060621352,0.));
#4623=DIRECTION('center_axis',(0.,0.,1.));
#4624=DIRECTION('ref_axis',(0.552890287903513,-0.833254060621352,0.));
#4625=DIRECTION('',(0.,0.,-1.));
#4626=DIRECTION('center_axis',(0.,0.,-1.));
#4627=DIRECTION('ref_axis',(0.552890287903513,-0.833254060621352,0.));
#4628=DIRECTION('center_axis',(0.,0.,1.));
#4629=DIRECTION('ref_axis',(-0.309016994374948,-0.951056516295154,0.));
#4630=DIRECTION('center_axis',(0.,0.,-1.));
#4631=DIRECTION('ref_axis',(-0.309016994374948,-0.951056516295154,0.));
#4632=DIRECTION('',(0.,0.,-1.));
#4633=DIRECTION('center_axis',(0.,0.,1.));
#4634=DIRECTION('ref_axis',(-0.309016994374948,-0.951056516295154,0.));
#4635=DIRECTION('center_axis',(0.,0.,-1.));
#4636=DIRECTION('ref_axis',(0.937072087184849,0.34913593830918,0.));
#4637=DIRECTION('center_axis',(0.,0.,-1.));
#4638=DIRECTION('ref_axis',(0.937072087184849,0.34913593830918,0.));
#4639=DIRECTION('',(0.,0.,1.));
#4640=DIRECTION('center_axis',(0.,0.,1.));
#4641=DIRECTION('ref_axis',(0.937072087184849,0.34913593830918,0.));
#4642=DIRECTION('',(0.,0.,-1.));
#4643=DIRECTION('center_axis',(0.,0.,1.));
#4644=DIRECTION('ref_axis',(-0.309016994374948,-0.951056516295154,0.));
#4645=DIRECTION('center_axis',(0.,0.,1.));
#4646=DIRECTION('ref_axis',(-0.309016994374948,-0.951056516295154,0.));
#4647=DIRECTION('',(0.,0.,1.));
#4648=DIRECTION('center_axis',(0.,0.,-1.));
#4649=DIRECTION('ref_axis',(-0.309016994374948,-0.951056516295154,0.));
#4650=DIRECTION('center_axis',(0.,0.,1.));
#4651=DIRECTION('ref_axis',(-0.309016994374948,-0.951056516295154,0.));
#4652=DIRECTION('center_axis',(0.,0.,-1.));
#4653=DIRECTION('ref_axis',(-0.309016994374948,-0.951056516295154,0.));
#4654=DIRECTION('center_axis',(0.,0.,1.));
#4655=DIRECTION('ref_axis',(-0.309016994374948,-0.951056516295154,0.));
#4656=DIRECTION('center_axis',(0.,0.,1.));
#4657=DIRECTION('ref_axis',(1.,0.,0.));
#4658=DIRECTION('center_axis',(0.,0.,1.));
#4659=DIRECTION('ref_axis',(1.,0.,0.));
#4660=DIRECTION('',(0.,0.,1.));
#4661=DIRECTION('center_axis',(0.,0.,-1.));
#4662=DIRECTION('ref_axis',(1.,0.,0.));
#4663=DIRECTION('center_axis',(0.,0.,1.));
#4664=DIRECTION('ref_axis',(0.367565047957291,-0.929997814793215,0.));
#4665=DIRECTION('center_axis',(0.,0.,1.));
#4666=DIRECTION('ref_axis',(0.367565047957291,-0.929997814793215,0.));
#4667=DIRECTION('',(0.,0.,-1.));
#4668=DIRECTION('center_axis',(0.,0.,-1.));
#4669=DIRECTION('ref_axis',(0.367565047957291,-0.929997814793215,0.));
#4670=DIRECTION('center_axis',(0.,0.,1.));
#4671=DIRECTION('ref_axis',(-0.5,-0.866025403784438,0.));
#4672=DIRECTION('center_axis',(0.,0.,-1.));
#4673=DIRECTION('ref_axis',(-0.5,-0.866025403784438,0.));
#4674=DIRECTION('',(0.,0.,-1.));
#4675=DIRECTION('center_axis',(0.,0.,1.));
#4676=DIRECTION('ref_axis',(-0.5,-0.866025403784438,0.));
#4677=DIRECTION('center_axis',(0.,0.,-1.));
#4678=DIRECTION('ref_axis',(0.989184257053585,0.146678238322345,0.));
#4679=DIRECTION('center_axis',(0.,0.,-1.));
#4680=DIRECTION('ref_axis',(0.989184257053585,0.146678238322345,0.));
#4681=DIRECTION('',(0.,0.,1.));
#4682=DIRECTION('center_axis',(0.,0.,1.));
#4683=DIRECTION('ref_axis',(0.989184257053585,0.146678238322345,0.));
#4684=DIRECTION('',(0.,0.,-1.));
#4685=DIRECTION('center_axis',(0.,0.,1.));
#4686=DIRECTION('ref_axis',(-0.5,-0.866025403784438,0.));
#4687=DIRECTION('center_axis',(0.,0.,1.));
#4688=DIRECTION('ref_axis',(-0.5,-0.866025403784438,0.));
#4689=DIRECTION('',(0.,0.,1.));
#4690=DIRECTION('center_axis',(0.,0.,-1.));
#4691=DIRECTION('ref_axis',(-0.5,-0.866025403784438,0.));
#4692=DIRECTION('center_axis',(0.,0.,1.));
#4693=DIRECTION('ref_axis',(-0.5,-0.866025403784438,0.));
#4694=DIRECTION('center_axis',(0.,0.,-1.));
#4695=DIRECTION('ref_axis',(-0.5,-0.866025403784438,0.));
#4696=DIRECTION('center_axis',(0.,0.,1.));
#4697=DIRECTION('ref_axis',(-0.5,-0.866025403784438,0.));
#4698=DIRECTION('center_axis',(0.,0.,1.));
#4699=DIRECTION('ref_axis',(1.,0.,0.));
#4700=DIRECTION('center_axis',(0.,0.,1.));
#4701=DIRECTION('ref_axis',(1.,0.,0.));
#4702=DIRECTION('',(0.,0.,1.));
#4703=DIRECTION('center_axis',(0.,0.,-1.));
#4704=DIRECTION('ref_axis',(1.,0.,0.));
#4705=DIRECTION('center_axis',(0.,0.,1.));
#4706=DIRECTION('ref_axis',(0.166175451642562,-0.986096201833975,0.));
#4707=DIRECTION('center_axis',(0.,0.,1.));
#4708=DIRECTION('ref_axis',(0.166175451642562,-0.986096201833975,0.));
#4709=DIRECTION('',(0.,0.,-1.));
#4710=DIRECTION('center_axis',(0.,0.,-1.));
#4711=DIRECTION('ref_axis',(0.166175451642562,-0.986096201833975,0.));
#4712=DIRECTION('center_axis',(0.,0.,1.));
#4713=DIRECTION('ref_axis',(-0.669130606358858,-0.743144825477394,0.));
#4714=DIRECTION('center_axis',(0.,0.,-1.));
#4715=DIRECTION('ref_axis',(-0.669130606358858,-0.743144825477394,0.));
#4716=DIRECTION('',(0.,0.,-1.));
#4717=DIRECTION('center_axis',(0.,0.,1.));
#4718=DIRECTION('ref_axis',(-0.669130606358858,-0.743144825477394,0.));
#4719=DIRECTION('center_axis',(0.,0.,-1.));
#4720=DIRECTION('ref_axis',(0.998064328256385,-0.0621900045194683,0.));
#4721=DIRECTION('center_axis',(0.,0.,-1.));
#4722=DIRECTION('ref_axis',(0.998064328256385,-0.0621900045194683,0.));
#4723=DIRECTION('',(0.,0.,1.));
#4724=DIRECTION('center_axis',(0.,0.,1.));
#4725=DIRECTION('ref_axis',(0.998064328256385,-0.0621900045194683,0.));
#4726=DIRECTION('',(0.,0.,-1.));
#4727=DIRECTION('center_axis',(0.,0.,1.));
#4728=DIRECTION('ref_axis',(-0.669130606358859,-0.743144825477394,0.));
#4729=DIRECTION('center_axis',(0.,0.,1.));
#4730=DIRECTION('ref_axis',(-0.669130606358859,-0.743144825477394,0.));
#4731=DIRECTION('',(0.,0.,1.));
#4732=DIRECTION('center_axis',(0.,0.,-1.));
#4733=DIRECTION('ref_axis',(-0.669130606358859,-0.743144825477394,0.));
#4734=DIRECTION('center_axis',(0.,0.,1.));
#4735=DIRECTION('ref_axis',(-0.669130606358858,-0.743144825477394,0.));
#4736=DIRECTION('center_axis',(0.,0.,-1.));
#4737=DIRECTION('ref_axis',(-0.669130606358858,-0.743144825477394,0.));
#4738=DIRECTION('center_axis',(0.,0.,1.));
#4739=DIRECTION('ref_axis',(-0.669130606358858,-0.743144825477394,0.));
#4740=DIRECTION('center_axis',(0.,0.,1.));
#4741=DIRECTION('ref_axis',(1.,0.,0.));
#4742=DIRECTION('center_axis',(0.,0.,1.));
#4743=DIRECTION('ref_axis',(1.,0.,0.));
#4744=DIRECTION('',(0.,0.,1.));
#4745=DIRECTION('center_axis',(0.,0.,-1.));
#4746=DIRECTION('ref_axis',(1.,0.,0.));
#4747=DIRECTION('center_axis',(0.,0.,1.));
#4748=DIRECTION('ref_axis',(-0.0424768093072445,-0.99909745304003,0.));
#4749=DIRECTION('center_axis',(0.,0.,1.));
#4750=DIRECTION('ref_axis',(-0.0424768093072445,-0.99909745304003,0.));
#4751=DIRECTION('',(0.,0.,-1.));
#4752=DIRECTION('center_axis',(0.,0.,-1.));
#4753=DIRECTION('ref_axis',(-0.0424768093072445,-0.99909745304003,0.));
#4754=DIRECTION('center_axis',(0.,0.,1.));
#4755=DIRECTION('ref_axis',(-0.809016994374948,-0.587785252292473,0.));
#4756=DIRECTION('center_axis',(0.,0.,-1.));
#4757=DIRECTION('ref_axis',(-0.809016994374948,-0.587785252292473,0.));
#4758=DIRECTION('',(0.,0.,-1.));
#4759=DIRECTION('center_axis',(0.,0.,1.));
#4760=DIRECTION('ref_axis',(-0.809016994374948,-0.587785252292473,0.));
#4761=DIRECTION('center_axis',(0.,0.,-1.));
#4762=DIRECTION('ref_axis',(0.963324199070375,-0.268340245743013,0.));
#4763=DIRECTION('center_axis',(0.,0.,-1.));
#4764=DIRECTION('ref_axis',(0.963324199070375,-0.268340245743013,0.));
#4765=DIRECTION('',(0.,0.,1.));
#4766=DIRECTION('center_axis',(0.,0.,1.));
#4767=DIRECTION('ref_axis',(0.963324199070375,-0.268340245743013,0.));
#4768=DIRECTION('',(0.,0.,-1.));
#4769=DIRECTION('center_axis',(0.,0.,1.));
#4770=DIRECTION('ref_axis',(-0.809016994374948,-0.587785252292473,0.));
#4771=DIRECTION('center_axis',(0.,0.,1.));
#4772=DIRECTION('ref_axis',(-0.809016994374948,-0.587785252292473,0.));
#4773=DIRECTION('',(0.,0.,1.));
#4774=DIRECTION('center_axis',(0.,0.,-1.));
#4775=DIRECTION('ref_axis',(-0.809016994374948,-0.587785252292473,0.));
#4776=DIRECTION('center_axis',(0.,0.,1.));
#4777=DIRECTION('ref_axis',(-0.809016994374947,-0.587785252292473,0.));
#4778=DIRECTION('center_axis',(0.,0.,-1.));
#4779=DIRECTION('ref_axis',(-0.809016994374947,-0.587785252292473,0.));
#4780=DIRECTION('center_axis',(0.,0.,1.));
#4781=DIRECTION('ref_axis',(-0.809016994374947,-0.587785252292473,0.));
#4782=DIRECTION('center_axis',(0.,0.,1.));
#4783=DIRECTION('ref_axis',(1.,0.,0.));
#4784=DIRECTION('center_axis',(0.,0.,1.));
#4785=DIRECTION('ref_axis',(1.,0.,0.));
#4786=DIRECTION('',(0.,0.,1.));
#4787=DIRECTION('center_axis',(0.,0.,-1.));
#4788=DIRECTION('ref_axis',(1.,0.,0.));
#4789=DIRECTION('center_axis',(0.,0.,1.));
#4790=DIRECTION('ref_axis',(-0.249272629863981,-0.968433351346748,0.));
#4791=DIRECTION('center_axis',(0.,0.,1.));
#4792=DIRECTION('ref_axis',(-0.249272629863981,-0.968433351346748,0.));
#4793=DIRECTION('',(0.,0.,-1.));
#4794=DIRECTION('center_axis',(0.,0.,-1.));
#4795=DIRECTION('ref_axis',(-0.249272629863981,-0.968433351346748,0.));
#4796=DIRECTION('center_axis',(0.,0.,1.));
#4797=DIRECTION('ref_axis',(-0.913545457642601,-0.4067366430758,0.));
#4798=DIRECTION('center_axis',(0.,0.,-1.));
#4799=DIRECTION('ref_axis',(-0.913545457642601,-0.4067366430758,0.));
#4800=DIRECTION('',(0.,0.,-1.));
#4801=DIRECTION('center_axis',(0.,0.,1.));
#4802=DIRECTION('ref_axis',(-0.913545457642601,-0.4067366430758,0.));
#4803=DIRECTION('center_axis',(0.,0.,-1.));
#4804=DIRECTION('ref_axis',(0.886482179842621,-0.462762730588231,0.));
#4805=DIRECTION('center_axis',(0.,0.,-1.));
#4806=DIRECTION('ref_axis',(0.886482179842621,-0.462762730588231,0.));
#4807=DIRECTION('',(0.,0.,1.));
#4808=DIRECTION('center_axis',(0.,0.,1.));
#4809=DIRECTION('ref_axis',(0.886482179842621,-0.462762730588231,0.));
#4810=DIRECTION('',(0.,0.,-1.));
#4811=DIRECTION('center_axis',(0.,0.,1.));
#4812=DIRECTION('ref_axis',(-0.913545457642601,-0.4067366430758,0.));
#4813=DIRECTION('center_axis',(0.,0.,1.));
#4814=DIRECTION('ref_axis',(-0.913545457642601,-0.4067366430758,0.));
#4815=DIRECTION('',(0.,0.,1.));
#4816=DIRECTION('center_axis',(0.,0.,-1.));
#4817=DIRECTION('ref_axis',(-0.913545457642601,-0.4067366430758,0.));
#4818=DIRECTION('center_axis',(0.,0.,1.));
#4819=DIRECTION('ref_axis',(-0.913545457642601,-0.4067366430758,0.));
#4820=DIRECTION('center_axis',(0.,0.,-1.));
#4821=DIRECTION('ref_axis',(-0.913545457642601,-0.4067366430758,0.));
#4822=DIRECTION('center_axis',(0.,0.,1.));
#4823=DIRECTION('ref_axis',(-0.913545457642601,-0.4067366430758,0.));
#4824=DIRECTION('center_axis',(0.,0.,1.));
#4825=DIRECTION('ref_axis',(1.,0.,0.));
#4826=DIRECTION('center_axis',(0.,0.,1.));
#4827=DIRECTION('ref_axis',(1.,0.,0.));
#4828=DIRECTION('',(0.,0.,1.));
#4829=DIRECTION('center_axis',(0.,0.,-1.));
#4830=DIRECTION('ref_axis',(1.,0.,0.));
#4831=DIRECTION('center_axis',(0.,0.,1.));
#4832=DIRECTION('ref_axis',(-0.445174040352865,-0.895444065140814,0.));
#4833=DIRECTION('center_axis',(0.,0.,1.));
#4834=DIRECTION('ref_axis',(-0.445174040352865,-0.895444065140814,0.));
#4835=DIRECTION('',(0.,0.,-1.));
#4836=DIRECTION('center_axis',(0.,0.,-1.));
#4837=DIRECTION('ref_axis',(-0.445174040352865,-0.895444065140814,0.));
#4838=DIRECTION('center_axis',(0.,0.,1.));
#4839=DIRECTION('ref_axis',(-0.978147600733806,-0.207911690817759,0.));
#4840=DIRECTION('center_axis',(0.,0.,-1.));
#4841=DIRECTION('ref_axis',(-0.978147600733806,-0.207911690817759,0.));
#4842=DIRECTION('',(0.,0.,-1.));
#4843=DIRECTION('center_axis',(0.,0.,1.));
#4844=DIRECTION('ref_axis',(-0.978147600733806,-0.207911690817759,0.));
#4845=DIRECTION('center_axis',(0.,0.,-1.));
#4846=DIRECTION('ref_axis',(0.770896635542285,-0.636960263524802,0.));
#4847=DIRECTION('center_axis',(0.,0.,-1.));
#4848=DIRECTION('ref_axis',(0.770896635542285,-0.636960263524802,0.));
#4849=DIRECTION('',(0.,0.,1.));
#4850=DIRECTION('center_axis',(0.,0.,1.));
#4851=DIRECTION('ref_axis',(0.770896635542285,-0.636960263524802,0.));
#4852=DIRECTION('',(0.,0.,-1.));
#4853=DIRECTION('center_axis',(0.,0.,1.));
#4854=DIRECTION('ref_axis',(-0.978147600733806,-0.207911690817759,0.));
#4855=DIRECTION('center_axis',(0.,0.,1.));
#4856=DIRECTION('ref_axis',(-0.978147600733806,-0.207911690817759,0.));
#4857=DIRECTION('',(0.,0.,1.));
#4858=DIRECTION('center_axis',(0.,0.,-1.));
#4859=DIRECTION('ref_axis',(-0.978147600733806,-0.207911690817759,0.));
#4860=DIRECTION('center_axis',(0.,0.,1.));
#4861=DIRECTION('ref_axis',(-0.978147600733806,-0.207911690817759,0.));
#4862=DIRECTION('center_axis',(0.,0.,-1.));
#4863=DIRECTION('ref_axis',(-0.978147600733806,-0.207911690817759,0.));
#4864=DIRECTION('center_axis',(0.,0.,1.));
#4865=DIRECTION('ref_axis',(-0.978147600733806,-0.207911690817759,0.));
#4866=DIRECTION('center_axis',(0.,0.,1.));
#4867=DIRECTION('ref_axis',(1.,0.,0.));
#4868=DIRECTION('center_axis',(0.,0.,1.));
#4869=DIRECTION('ref_axis',(1.,0.,0.));
#4870=DIRECTION('',(0.,0.,1.));
#4871=DIRECTION('center_axis',(0.,0.,-1.));
#4872=DIRECTION('ref_axis',(1.,0.,0.));
#4873=DIRECTION('center_axis',(0.,0.,1.));
#4874=DIRECTION('ref_axis',(-0.62161920909629,-0.78331957647087,0.));
#4875=DIRECTION('center_axis',(0.,0.,1.));
#4876=DIRECTION('ref_axis',(-0.62161920909629,-0.78331957647087,0.));
#4877=DIRECTION('',(0.,0.,-1.));
#4878=DIRECTION('center_axis',(0.,0.,-1.));
#4879=DIRECTION('ref_axis',(-0.62161920909629,-0.78331957647087,0.));
#4880=DIRECTION('center_axis',(0.,0.,1.));
#4881=DIRECTION('ref_axis',(-1.,1.22464679914735E-16,0.));
#4882=DIRECTION('center_axis',(0.,0.,-1.));
#4883=DIRECTION('ref_axis',(-1.,1.22464679914735E-16,0.));
#4884=DIRECTION('',(0.,0.,-1.));
#4885=DIRECTION('center_axis',(0.,0.,1.));
#4886=DIRECTION('ref_axis',(-1.,1.22464679914735E-16,0.));
#4887=DIRECTION('center_axis',(0.,0.,-1.));
#4888=DIRECTION('ref_axis',(0.621619209096291,-0.783319576470869,0.));
#4889=DIRECTION('center_axis',(0.,0.,-1.));
#4890=DIRECTION('ref_axis',(0.621619209096291,-0.783319576470869,0.));
#4891=DIRECTION('',(0.,0.,1.));
#4892=DIRECTION('center_axis',(0.,0.,1.));
#4893=DIRECTION('ref_axis',(0.621619209096291,-0.783319576470869,0.));
#4894=DIRECTION('',(0.,0.,-1.));
#4895=DIRECTION('center_axis',(0.,0.,1.));
#4896=DIRECTION('ref_axis',(-1.,1.22464679914735E-16,0.));
#4897=DIRECTION('center_axis',(0.,0.,1.));
#4898=DIRECTION('ref_axis',(-1.,1.22464679914735E-16,0.));
#4899=DIRECTION('',(0.,0.,1.));
#4900=DIRECTION('center_axis',(0.,0.,-1.));
#4901=DIRECTION('ref_axis',(-1.,1.22464679914735E-16,0.));
#4902=DIRECTION('center_axis',(0.,0.,1.));
#4903=DIRECTION('ref_axis',(-1.,1.22464679914735E-16,0.));
#4904=DIRECTION('center_axis',(0.,0.,-1.));
#4905=DIRECTION('ref_axis',(-1.,1.22464679914735E-16,0.));
#4906=DIRECTION('center_axis',(0.,0.,1.));
#4907=DIRECTION('ref_axis',(-1.,1.22464679914735E-16,0.));
#4908=DIRECTION('center_axis',(0.,0.,1.));
#4909=DIRECTION('ref_axis',(1.,0.,0.));
#4910=DIRECTION('center_axis',(0.,0.,1.));
#4911=DIRECTION('ref_axis',(1.,0.,0.));
#4912=DIRECTION('',(0.,0.,1.));
#4913=DIRECTION('center_axis',(0.,0.,-1.));
#4914=DIRECTION('ref_axis',(1.,0.,0.));
#4915=DIRECTION('center_axis',(0.,0.,1.));
#4916=DIRECTION('ref_axis',(-0.77089663554229,-0.636960263524796,0.));
#4917=DIRECTION('center_axis',(0.,0.,1.));
#4918=DIRECTION('ref_axis',(-0.77089663554229,-0.636960263524796,0.));
#4919=DIRECTION('',(0.,0.,-1.));
#4920=DIRECTION('center_axis',(0.,0.,-1.));
#4921=DIRECTION('ref_axis',(-0.77089663554229,-0.636960263524796,0.));
#4922=DIRECTION('center_axis',(0.,0.,1.));
#4923=DIRECTION('ref_axis',(-0.978147600733806,0.20791169081776,0.));
#4924=DIRECTION('center_axis',(0.,0.,-1.));
#4925=DIRECTION('ref_axis',(-0.978147600733806,0.20791169081776,0.));
#4926=DIRECTION('',(0.,0.,-1.));
#4927=DIRECTION('center_axis',(0.,0.,1.));
#4928=DIRECTION('ref_axis',(-0.978147600733806,0.20791169081776,0.));
#4929=DIRECTION('center_axis',(0.,0.,-1.));
#4930=DIRECTION('ref_axis',(0.445174040352869,-0.895444065140812,0.));
#4931=DIRECTION('center_axis',(0.,0.,-1.));
#4932=DIRECTION('ref_axis',(0.445174040352869,-0.895444065140812,0.));
#4933=DIRECTION('',(0.,0.,1.));
#4934=DIRECTION('center_axis',(0.,0.,1.));
#4935=DIRECTION('ref_axis',(0.445174040352869,-0.895444065140812,0.));
#4936=DIRECTION('',(0.,0.,-1.));
#4937=DIRECTION('center_axis',(0.,0.,1.));
#4938=DIRECTION('ref_axis',(-0.978147600733806,0.20791169081776,0.));
#4939=DIRECTION('center_axis',(0.,0.,1.));
#4940=DIRECTION('ref_axis',(-0.978147600733806,0.20791169081776,0.));
#4941=DIRECTION('',(0.,0.,1.));
#4942=DIRECTION('center_axis',(0.,0.,-1.));
#4943=DIRECTION('ref_axis',(-0.978147600733806,0.20791169081776,0.));
#4944=DIRECTION('center_axis',(0.,0.,1.));
#4945=DIRECTION('ref_axis',(-0.978147600733806,0.20791169081776,0.));
#4946=DIRECTION('center_axis',(0.,0.,-1.));
#4947=DIRECTION('ref_axis',(-0.978147600733806,0.20791169081776,0.));
#4948=DIRECTION('center_axis',(0.,0.,1.));
#4949=DIRECTION('ref_axis',(-0.978147600733806,0.20791169081776,0.));
#4950=DIRECTION('center_axis',(0.,0.,1.));
#4951=DIRECTION('ref_axis',(1.,0.,0.));
#4952=DIRECTION('center_axis',(0.,0.,1.));
#4953=DIRECTION('ref_axis',(1.,0.,0.));
#4954=DIRECTION('',(0.,0.,1.));
#4955=DIRECTION('center_axis',(0.,0.,-1.));
#4956=DIRECTION('ref_axis',(1.,0.,0.));
#4957=DIRECTION('center_axis',(0.,0.,1.));
#4958=DIRECTION('ref_axis',(-0.886482179842619,-0.462762730588233,0.));
#4959=DIRECTION('center_axis',(0.,0.,1.));
#4960=DIRECTION('ref_axis',(-0.886482179842619,-0.462762730588233,0.));
#4961=DIRECTION('',(0.,0.,-1.));
#4962=DIRECTION('center_axis',(0.,0.,-1.));
#4963=DIRECTION('ref_axis',(-0.886482179842619,-0.462762730588233,0.));
#4964=DIRECTION('center_axis',(0.,0.,1.));
#4965=DIRECTION('ref_axis',(-0.913545457642601,0.4067366430758,0.));
#4966=DIRECTION('center_axis',(0.,0.,-1.));
#4967=DIRECTION('ref_axis',(-0.913545457642601,0.4067366430758,0.));
#4968=DIRECTION('',(0.,0.,-1.));
#4969=DIRECTION('center_axis',(0.,0.,1.));
#4970=DIRECTION('ref_axis',(-0.913545457642601,0.4067366430758,0.));
#4971=DIRECTION('center_axis',(0.,0.,-1.));
#4972=DIRECTION('ref_axis',(0.249272629863974,-0.96843335134675,0.));
#4973=DIRECTION('center_axis',(0.,0.,-1.));
#4974=DIRECTION('ref_axis',(0.249272629863974,-0.96843335134675,0.));
#4975=DIRECTION('',(0.,0.,1.));
#4976=DIRECTION('center_axis',(0.,0.,1.));
#4977=DIRECTION('ref_axis',(0.249272629863974,-0.96843335134675,0.));
#4978=DIRECTION('',(0.,0.,-1.));
#4979=DIRECTION('center_axis',(0.,0.,1.));
#4980=DIRECTION('ref_axis',(-0.913545457642601,0.4067366430758,0.));
#4981=DIRECTION('center_axis',(0.,0.,1.));
#4982=DIRECTION('ref_axis',(-0.913545457642601,0.4067366430758,0.));
#4983=DIRECTION('',(0.,0.,1.));
#4984=DIRECTION('center_axis',(0.,0.,-1.));
#4985=DIRECTION('ref_axis',(-0.913545457642601,0.4067366430758,0.));
#4986=DIRECTION('center_axis',(0.,0.,1.));
#4987=DIRECTION('ref_axis',(-0.913545457642601,0.4067366430758,0.));
#4988=DIRECTION('center_axis',(0.,0.,-1.));
#4989=DIRECTION('ref_axis',(-0.913545457642601,0.4067366430758,0.));
#4990=DIRECTION('center_axis',(0.,0.,1.));
#4991=DIRECTION('ref_axis',(-0.913545457642601,0.4067366430758,0.));
#4992=DIRECTION('center_axis',(0.,0.,1.));
#4993=DIRECTION('ref_axis',(1.,0.,0.));
#4994=DIRECTION('center_axis',(0.,0.,1.));
#4995=DIRECTION('ref_axis',(1.,0.,0.));
#4996=DIRECTION('',(0.,0.,1.));
#4997=DIRECTION('center_axis',(0.,0.,-1.));
#4998=DIRECTION('ref_axis',(1.,0.,0.));
#4999=DIRECTION('center_axis',(0.,0.,1.));
#5000=DIRECTION('ref_axis',(-0.963324199070375,-0.268340245743013,0.));
#5001=DIRECTION('center_axis',(0.,0.,1.));
#5002=DIRECTION('ref_axis',(-0.963324199070375,-0.268340245743013,0.));
#5003=DIRECTION('',(0.,0.,-1.));
#5004=DIRECTION('center_axis',(0.,0.,-1.));
#5005=DIRECTION('ref_axis',(-0.963324199070375,-0.268340245743013,0.));
#5006=DIRECTION('center_axis',(0.,0.,1.));
#5007=DIRECTION('ref_axis',(-0.809016994374947,0.587785252292473,0.));
#5008=DIRECTION('center_axis',(0.,0.,-1.));
#5009=DIRECTION('ref_axis',(-0.809016994374947,0.587785252292473,0.));
#5010=DIRECTION('',(0.,0.,-1.));
#5011=DIRECTION('center_axis',(0.,0.,1.));
#5012=DIRECTION('ref_axis',(-0.809016994374947,0.587785252292473,0.));
#5013=DIRECTION('center_axis',(0.,0.,-1.));
#5014=DIRECTION('ref_axis',(0.0424768093072441,-0.99909745304003,0.));
#5015=DIRECTION('center_axis',(0.,0.,-1.));
#5016=DIRECTION('ref_axis',(0.0424768093072441,-0.99909745304003,0.));
#5017=DIRECTION('',(0.,0.,1.));
#5018=DIRECTION('center_axis',(0.,0.,1.));
#5019=DIRECTION('ref_axis',(0.0424768093072441,-0.99909745304003,0.));
#5020=DIRECTION('',(0.,0.,-1.));
#5021=DIRECTION('center_axis',(0.,0.,1.));
#5022=DIRECTION('ref_axis',(-0.809016994374947,0.587785252292473,0.));
#5023=DIRECTION('center_axis',(0.,0.,1.));
#5024=DIRECTION('ref_axis',(-0.809016994374947,0.587785252292473,0.));
#5025=DIRECTION('',(0.,0.,1.));
#5026=DIRECTION('center_axis',(0.,0.,-1.));
#5027=DIRECTION('ref_axis',(-0.809016994374947,0.587785252292473,0.));
#5028=DIRECTION('center_axis',(0.,0.,1.));
#5029=DIRECTION('ref_axis',(-0.809016994374947,0.587785252292473,0.));
#5030=DIRECTION('center_axis',(0.,0.,-1.));
#5031=DIRECTION('ref_axis',(-0.809016994374947,0.587785252292473,0.));
#5032=DIRECTION('center_axis',(0.,0.,1.));
#5033=DIRECTION('ref_axis',(-0.809016994374947,0.587785252292473,0.));
#5034=DIRECTION('center_axis',(0.,0.,1.));
#5035=DIRECTION('ref_axis',(1.,0.,0.));
#5036=DIRECTION('center_axis',(0.,0.,1.));
#5037=DIRECTION('ref_axis',(1.,0.,0.));
#5038=DIRECTION('',(0.,0.,1.));
#5039=DIRECTION('center_axis',(0.,0.,-1.));
#5040=DIRECTION('ref_axis',(1.,0.,0.));
#5041=DIRECTION('center_axis',(0.,0.,1.));
#5042=DIRECTION('ref_axis',(-0.998064328256385,-0.0621900045194683,0.));
#5043=DIRECTION('center_axis',(0.,0.,1.));
#5044=DIRECTION('ref_axis',(-0.998064328256385,-0.0621900045194683,0.));
#5045=DIRECTION('',(0.,0.,-1.));
#5046=DIRECTION('center_axis',(0.,0.,-1.));
#5047=DIRECTION('ref_axis',(-0.998064328256385,-0.0621900045194683,0.));
#5048=DIRECTION('center_axis',(0.,0.,1.));
#5049=DIRECTION('ref_axis',(-0.669130606358858,0.743144825477394,0.));
#5050=DIRECTION('center_axis',(0.,0.,-1.));
#5051=DIRECTION('ref_axis',(-0.669130606358858,0.743144825477394,0.));
#5052=DIRECTION('',(0.,0.,-1.));
#5053=DIRECTION('center_axis',(0.,0.,1.));
#5054=DIRECTION('ref_axis',(-0.669130606358858,0.743144825477394,0.));
#5055=DIRECTION('center_axis',(0.,0.,-1.));
#5056=DIRECTION('ref_axis',(-0.16617545164256,-0.986096201833975,0.));
#5057=DIRECTION('center_axis',(0.,0.,-1.));
#5058=DIRECTION('ref_axis',(-0.16617545164256,-0.986096201833975,0.));
#5059=DIRECTION('',(0.,0.,1.));
#5060=DIRECTION('center_axis',(0.,0.,1.));
#5061=DIRECTION('ref_axis',(-0.16617545164256,-0.986096201833975,0.));
#5062=DIRECTION('',(0.,0.,-1.));
#5063=DIRECTION('center_axis',(0.,0.,1.));
#5064=DIRECTION('ref_axis',(-0.669130606358858,0.743144825477394,0.));
#5065=DIRECTION('center_axis',(0.,0.,1.));
#5066=DIRECTION('ref_axis',(-0.669130606358858,0.743144825477394,0.));
#5067=DIRECTION('',(0.,0.,1.));
#5068=DIRECTION('center_axis',(0.,0.,-1.));
#5069=DIRECTION('ref_axis',(-0.669130606358858,0.743144825477394,0.));
#5070=DIRECTION('center_axis',(0.,0.,1.));
#5071=DIRECTION('ref_axis',(-0.669130606358858,0.743144825477394,0.));
#5072=DIRECTION('center_axis',(0.,0.,-1.));
#5073=DIRECTION('ref_axis',(-0.669130606358858,0.743144825477394,0.));
#5074=DIRECTION('center_axis',(0.,0.,1.));
#5075=DIRECTION('ref_axis',(-0.669130606358858,0.743144825477394,0.));
#5076=DIRECTION('center_axis',(0.,0.,1.));
#5077=DIRECTION('ref_axis',(1.,0.,0.));
#5078=DIRECTION('center_axis',(0.,0.,1.));
#5079=DIRECTION('ref_axis',(1.,0.,0.));
#5080=DIRECTION('',(0.,0.,1.));
#5081=DIRECTION('center_axis',(0.,0.,-1.));
#5082=DIRECTION('ref_axis',(1.,0.,0.));
#5083=DIRECTION('center_axis',(0.,0.,1.));
#5084=DIRECTION('ref_axis',(-0.989184257053587,0.146678238322335,0.));
#5085=DIRECTION('center_axis',(0.,0.,1.));
#5086=DIRECTION('ref_axis',(-0.989184257053587,0.146678238322335,0.));
#5087=DIRECTION('',(0.,0.,-1.));
#5088=DIRECTION('center_axis',(0.,0.,-1.));
#5089=DIRECTION('ref_axis',(-0.989184257053587,0.146678238322335,0.));
#5090=DIRECTION('center_axis',(0.,0.,1.));
#5091=DIRECTION('ref_axis',(-0.5,0.866025403784439,0.));
#5092=DIRECTION('center_axis',(0.,0.,-1.));
#5093=DIRECTION('ref_axis',(-0.5,0.866025403784439,0.));
#5094=DIRECTION('',(0.,0.,-1.));
#5095=DIRECTION('center_axis',(0.,0.,1.));
#5096=DIRECTION('ref_axis',(-0.5,0.866025403784439,0.));
#5097=DIRECTION('center_axis',(0.,0.,-1.));
#5098=DIRECTION('ref_axis',(-0.3675650479573,-0.929997814793211,0.));
#5099=DIRECTION('center_axis',(0.,0.,-1.));
#5100=DIRECTION('ref_axis',(-0.3675650479573,-0.929997814793211,0.));
#5101=DIRECTION('',(0.,0.,1.));
#5102=DIRECTION('center_axis',(0.,0.,1.));
#5103=DIRECTION('ref_axis',(-0.3675650479573,-0.929997814793211,0.));
#5104=DIRECTION('',(0.,0.,-1.));
#5105=DIRECTION('center_axis',(0.,0.,1.));
#5106=DIRECTION('ref_axis',(-0.5,0.866025403784439,0.));
#5107=DIRECTION('center_axis',(0.,0.,1.));
#5108=DIRECTION('ref_axis',(-0.5,0.866025403784439,0.));
#5109=DIRECTION('',(0.,0.,1.));
#5110=DIRECTION('center_axis',(0.,0.,-1.));
#5111=DIRECTION('ref_axis',(-0.5,0.866025403784439,0.));
#5112=DIRECTION('center_axis',(0.,0.,1.));
#5113=DIRECTION('ref_axis',(-0.5,0.866025403784439,0.));
#5114=DIRECTION('center_axis',(0.,0.,-1.));
#5115=DIRECTION('ref_axis',(-0.5,0.866025403784439,0.));
#5116=DIRECTION('center_axis',(0.,0.,1.));
#5117=DIRECTION('ref_axis',(-0.5,0.866025403784439,0.));
#5118=DIRECTION('center_axis',(0.,0.,1.));
#5119=DIRECTION('ref_axis',(1.,0.,0.));
#5120=DIRECTION('center_axis',(0.,0.,1.));
#5121=DIRECTION('ref_axis',(1.,0.,0.));
#5122=DIRECTION('',(0.,0.,1.));
#5123=DIRECTION('center_axis',(0.,0.,-1.));
#5124=DIRECTION('ref_axis',(1.,0.,0.));
#5125=DIRECTION('center_axis',(0.,0.,1.));
#5126=DIRECTION('ref_axis',(-0.937072087184848,0.349135938309181,0.));
#5127=DIRECTION('center_axis',(0.,0.,1.));
#5128=DIRECTION('ref_axis',(-0.937072087184848,0.349135938309181,0.));
#5129=DIRECTION('',(0.,0.,-1.));
#5130=DIRECTION('center_axis',(0.,0.,-1.));
#5131=DIRECTION('ref_axis',(-0.937072087184848,0.349135938309181,0.));
#5132=DIRECTION('center_axis',(0.,0.,1.));
#5133=DIRECTION('ref_axis',(-0.309016994374947,0.951056516295154,0.));
#5134=DIRECTION('center_axis',(0.,0.,-1.));
#5135=DIRECTION('ref_axis',(-0.309016994374947,0.951056516295154,0.));
#5136=DIRECTION('',(0.,0.,-1.));
#5137=DIRECTION('center_axis',(0.,0.,1.));
#5138=DIRECTION('ref_axis',(-0.309016994374947,0.951056516295154,0.));
#5139=DIRECTION('center_axis',(0.,0.,-1.));
#5140=DIRECTION('ref_axis',(-0.552890287903513,-0.833254060621352,0.));
#5141=DIRECTION('center_axis',(0.,0.,-1.));
#5142=DIRECTION('ref_axis',(-0.552890287903513,-0.833254060621352,0.));
#5143=DIRECTION('',(0.,0.,1.));
#5144=DIRECTION('center_axis',(0.,0.,1.));
#5145=DIRECTION('ref_axis',(-0.552890287903513,-0.833254060621352,0.));
#5146=DIRECTION('',(0.,0.,-1.));
#5147=DIRECTION('center_axis',(0.,0.,1.));
#5148=DIRECTION('ref_axis',(-0.309016994374947,0.951056516295154,0.));
#5149=DIRECTION('center_axis',(0.,0.,1.));
#5150=DIRECTION('ref_axis',(-0.309016994374947,0.951056516295154,0.));
#5151=DIRECTION('',(0.,0.,1.));
#5152=DIRECTION('center_axis',(0.,0.,-1.));
#5153=DIRECTION('ref_axis',(-0.309016994374947,0.951056516295154,0.));
#5154=DIRECTION('center_axis',(0.,0.,1.));
#5155=DIRECTION('ref_axis',(-0.309016994374947,0.951056516295154,0.));
#5156=DIRECTION('center_axis',(0.,0.,-1.));
#5157=DIRECTION('ref_axis',(-0.309016994374947,0.951056516295154,0.));
#5158=DIRECTION('center_axis',(0.,0.,1.));
#5159=DIRECTION('ref_axis',(-0.309016994374947,0.951056516295154,0.));
#5160=DIRECTION('center_axis',(0.,0.,1.));
#5161=DIRECTION('ref_axis',(1.,0.,0.));
#5162=DIRECTION('center_axis',(0.,0.,1.));
#5163=DIRECTION('ref_axis',(1.,0.,0.));
#5164=DIRECTION('',(0.,0.,1.));
#5165=DIRECTION('center_axis',(0.,0.,-1.));
#5166=DIRECTION('ref_axis',(1.,0.,0.));
#5167=DIRECTION('center_axis',(0.,0.,1.));
#5168=DIRECTION('ref_axis',(-0.844005370535376,0.536334722451794,0.));
#5169=DIRECTION('center_axis',(0.,0.,1.));
#5170=DIRECTION('ref_axis',(-0.844005370535376,0.536334722451794,0.));
#5171=DIRECTION('',(0.,0.,-1.));
#5172=DIRECTION('center_axis',(0.,0.,-1.));
#5173=DIRECTION('ref_axis',(-0.844005370535376,0.536334722451794,0.));
#5174=DIRECTION('center_axis',(0.,0.,1.));
#5175=DIRECTION('ref_axis',(-0.104528463267653,0.994521895368273,0.));
#5176=DIRECTION('center_axis',(0.,0.,-1.));
#5177=DIRECTION('ref_axis',(-0.104528463267653,0.994521895368273,0.));
#5178=DIRECTION('',(0.,0.,-1.));
#5179=DIRECTION('center_axis',(0.,0.,1.));
#5180=DIRECTION('ref_axis',(-0.104528463267653,0.994521895368273,0.));
#5181=DIRECTION('center_axis',(0.,0.,-1.));
#5182=DIRECTION('ref_axis',(-0.714051569206396,-0.700093105603735,0.));
#5183=DIRECTION('center_axis',(0.,0.,-1.));
#5184=DIRECTION('ref_axis',(-0.714051569206396,-0.700093105603735,0.));
#5185=DIRECTION('',(0.,0.,1.));
#5186=DIRECTION('center_axis',(0.,0.,1.));
#5187=DIRECTION('ref_axis',(-0.714051569206396,-0.700093105603735,0.));
#5188=DIRECTION('',(0.,0.,-1.));
#5189=DIRECTION('center_axis',(0.,0.,1.));
#5190=DIRECTION('ref_axis',(-0.104528463267653,0.994521895368273,0.));
#5191=DIRECTION('center_axis',(0.,0.,1.));
#5192=DIRECTION('ref_axis',(-0.104528463267653,0.994521895368273,0.));
#5193=DIRECTION('',(0.,0.,1.));
#5194=DIRECTION('center_axis',(0.,0.,-1.));
#5195=DIRECTION('ref_axis',(-0.104528463267653,0.994521895368273,0.));
#5196=DIRECTION('center_axis',(0.,0.,1.));
#5197=DIRECTION('ref_axis',(-0.104528463267653,0.994521895368273,0.));
#5198=DIRECTION('center_axis',(0.,0.,-1.));
#5199=DIRECTION('ref_axis',(-0.104528463267653,0.994521895368273,0.));
#5200=DIRECTION('center_axis',(0.,0.,1.));
#5201=DIRECTION('ref_axis',(-0.104528463267653,0.994521895368273,0.));
#5202=DIRECTION('center_axis',(0.,0.,1.));
#5203=DIRECTION('ref_axis',(-1.,-1.22464679914735E-16,0.));
#5204=DIRECTION('center_axis',(0.,0.,1.));
#5205=DIRECTION('ref_axis',(1.,0.,0.));
#5206=DIRECTION('',(0.,0.,1.));
#5207=DIRECTION('center_axis',(0.,0.,-1.));
#5208=DIRECTION('ref_axis',(1.,0.,0.));
#5209=DIRECTION('center_axis',(0.,0.,1.));
#5210=DIRECTION('ref_axis',(-0.714051569206396,0.700093105603736,0.));
#5211=DIRECTION('center_axis',(0.,0.,1.));
#5212=DIRECTION('ref_axis',(-0.714051569206396,0.700093105603736,0.));
#5213=DIRECTION('',(0.,0.,-1.));
#5214=DIRECTION('center_axis',(0.,0.,-1.));
#5215=DIRECTION('ref_axis',(-0.714051569206396,0.700093105603736,0.));
#5216=DIRECTION('center_axis',(0.,0.,1.));
#5217=DIRECTION('ref_axis',(0.104528463267654,0.994521895368273,0.));
#5218=DIRECTION('center_axis',(0.,0.,-1.));
#5219=DIRECTION('ref_axis',(0.104528463267654,0.994521895368273,0.));
#5220=DIRECTION('',(0.,0.,-1.));
#5221=DIRECTION('center_axis',(0.,0.,1.));
#5222=DIRECTION('ref_axis',(0.104528463267654,0.994521895368273,0.));
#5223=DIRECTION('center_axis',(0.,0.,-1.));
#5224=DIRECTION('ref_axis',(-0.844005370535376,-0.536334722451794,0.));
#5225=DIRECTION('center_axis',(0.,0.,-1.));
#5226=DIRECTION('ref_axis',(-0.844005370535376,-0.536334722451794,0.));
#5227=DIRECTION('',(0.,0.,1.));
#5228=DIRECTION('center_axis',(0.,0.,1.));
#5229=DIRECTION('ref_axis',(-0.844005370535376,-0.536334722451794,0.));
#5230=DIRECTION('',(0.,0.,-1.));
#5231=DIRECTION('center_axis',(0.,0.,1.));
#5232=DIRECTION('ref_axis',(0.104528463267654,0.994521895368273,0.));
#5233=DIRECTION('center_axis',(0.,0.,1.));
#5234=DIRECTION('ref_axis',(0.104528463267654,0.994521895368273,0.));
#5235=DIRECTION('',(0.,0.,1.));
#5236=DIRECTION('center_axis',(0.,0.,-1.));
#5237=DIRECTION('ref_axis',(0.104528463267654,0.994521895368273,0.));
#5238=DIRECTION('center_axis',(0.,0.,1.));
#5239=DIRECTION('ref_axis',(0.104528463267654,0.994521895368273,0.));
#5240=DIRECTION('center_axis',(0.,0.,-1.));
#5241=DIRECTION('ref_axis',(0.104528463267654,0.994521895368273,0.));
#5242=DIRECTION('center_axis',(0.,0.,1.));
#5243=DIRECTION('ref_axis',(0.104528463267654,0.994521895368273,0.));
#5244=DIRECTION('center_axis',(0.,0.,1.));
#5245=DIRECTION('ref_axis',(1.,0.,0.));
#5246=DIRECTION('center_axis',(0.,0.,1.));
#5247=DIRECTION('ref_axis',(1.,0.,0.));
#5248=DIRECTION('',(0.,0.,1.));
#5249=DIRECTION('center_axis',(0.,0.,-1.));
#5250=DIRECTION('ref_axis',(1.,0.,0.));
#5251=DIRECTION('center_axis',(0.,0.,1.));
#5252=DIRECTION('ref_axis',(-0.55289028790352,0.833254060621347,0.));
#5253=DIRECTION('center_axis',(0.,0.,1.));
#5254=DIRECTION('ref_axis',(-0.55289028790352,0.833254060621347,0.));
#5255=DIRECTION('',(0.,0.,-1.));
#5256=DIRECTION('center_axis',(0.,0.,-1.));
#5257=DIRECTION('ref_axis',(-0.55289028790352,0.833254060621347,0.));
#5258=DIRECTION('center_axis',(0.,0.,1.));
#5259=DIRECTION('ref_axis',(0.309016994374948,0.951056516295154,0.));
#5260=DIRECTION('center_axis',(0.,0.,-1.));
#5261=DIRECTION('ref_axis',(0.309016994374948,0.951056516295154,0.));
#5262=DIRECTION('',(0.,0.,-1.));
#5263=DIRECTION('center_axis',(0.,0.,1.));
#5264=DIRECTION('ref_axis',(0.309016994374948,0.951056516295154,0.));
#5265=DIRECTION('center_axis',(0.,0.,-1.));
#5266=DIRECTION('ref_axis',(-0.93707208718485,-0.349135938309177,0.));
#5267=DIRECTION('center_axis',(0.,0.,-1.));
#5268=DIRECTION('ref_axis',(-0.93707208718485,-0.349135938309177,0.));
#5269=DIRECTION('',(0.,0.,1.));
#5270=DIRECTION('center_axis',(0.,0.,1.));
#5271=DIRECTION('ref_axis',(-0.93707208718485,-0.349135938309177,0.));
#5272=DIRECTION('',(0.,0.,-1.));
#5273=DIRECTION('center_axis',(0.,0.,1.));
#5274=DIRECTION('ref_axis',(0.309016994374948,0.951056516295154,0.));
#5275=DIRECTION('center_axis',(0.,0.,1.));
#5276=DIRECTION('ref_axis',(0.309016994374948,0.951056516295154,0.));
#5277=DIRECTION('',(0.,0.,1.));
#5278=DIRECTION('center_axis',(0.,0.,-1.));
#5279=DIRECTION('ref_axis',(0.309016994374948,0.951056516295154,0.));
#5280=DIRECTION('center_axis',(0.,0.,1.));
#5281=DIRECTION('ref_axis',(0.309016994374947,0.951056516295154,0.));
#5282=DIRECTION('center_axis',(0.,0.,-1.));
#5283=DIRECTION('ref_axis',(0.309016994374947,0.951056516295154,0.));
#5284=DIRECTION('center_axis',(0.,0.,1.));
#5285=DIRECTION('ref_axis',(0.309016994374947,0.951056516295154,0.));
#5286=DIRECTION('center_axis',(0.,0.,1.));
#5287=DIRECTION('ref_axis',(1.,0.,0.));
#5288=DIRECTION('center_axis',(0.,0.,1.));
#5289=DIRECTION('ref_axis',(1.,0.,0.));
#5290=DIRECTION('',(0.,0.,1.));
#5291=DIRECTION('center_axis',(0.,0.,-1.));
#5292=DIRECTION('ref_axis',(1.,0.,0.));
#5293=DIRECTION('center_axis',(0.,0.,1.));
#5294=DIRECTION('ref_axis',(-0.367565047957291,0.929997814793215,0.));
#5295=DIRECTION('center_axis',(0.,0.,1.));
#5296=DIRECTION('ref_axis',(-0.367565047957291,0.929997814793215,0.));
#5297=DIRECTION('',(0.,0.,-1.));
#5298=DIRECTION('center_axis',(0.,0.,-1.));
#5299=DIRECTION('ref_axis',(-0.367565047957291,0.929997814793215,0.));
#5300=DIRECTION('center_axis',(0.,0.,1.));
#5301=DIRECTION('ref_axis',(0.5,0.866025403784439,0.));
#5302=DIRECTION('center_axis',(0.,0.,-1.));
#5303=DIRECTION('ref_axis',(0.5,0.866025403784439,0.));
#5304=DIRECTION('',(0.,0.,-1.));
#5305=DIRECTION('center_axis',(0.,0.,1.));
#5306=DIRECTION('ref_axis',(0.5,0.866025403784439,0.));
#5307=DIRECTION('center_axis',(0.,0.,-1.));
#5308=DIRECTION('ref_axis',(-0.989184257053585,-0.146678238322345,0.));
#5309=DIRECTION('center_axis',(0.,0.,-1.));
#5310=DIRECTION('ref_axis',(-0.989184257053585,-0.146678238322345,0.));
#5311=DIRECTION('',(0.,0.,1.));
#5312=DIRECTION('center_axis',(0.,0.,1.));
#5313=DIRECTION('ref_axis',(-0.989184257053585,-0.146678238322345,0.));
#5314=DIRECTION('',(0.,0.,-1.));
#5315=DIRECTION('center_axis',(0.,0.,1.));
#5316=DIRECTION('ref_axis',(0.5,0.866025403784439,0.));
#5317=DIRECTION('center_axis',(0.,0.,1.));
#5318=DIRECTION('ref_axis',(0.5,0.866025403784439,0.));
#5319=DIRECTION('',(0.,0.,1.));
#5320=DIRECTION('center_axis',(0.,0.,-1.));
#5321=DIRECTION('ref_axis',(0.5,0.866025403784439,0.));
#5322=DIRECTION('center_axis',(0.,0.,1.));
#5323=DIRECTION('ref_axis',(0.5,0.866025403784438,0.));
#5324=DIRECTION('center_axis',(0.,0.,-1.));
#5325=DIRECTION('ref_axis',(0.5,0.866025403784438,0.));
#5326=DIRECTION('center_axis',(0.,0.,1.));
#5327=DIRECTION('ref_axis',(0.5,0.866025403784438,0.));
#5328=DIRECTION('center_axis',(0.,0.,1.));
#5329=DIRECTION('ref_axis',(1.,0.,0.));
#5330=DIRECTION('center_axis',(0.,0.,1.));
#5331=DIRECTION('ref_axis',(1.,0.,0.));
#5332=DIRECTION('',(0.,0.,1.));
#5333=DIRECTION('center_axis',(0.,0.,-1.));
#5334=DIRECTION('ref_axis',(1.,0.,0.));
#5335=DIRECTION('center_axis',(0.,0.,1.));
#5336=DIRECTION('ref_axis',(-0.16617545164257,0.986096201833973,0.));
#5337=DIRECTION('center_axis',(0.,0.,1.));
#5338=DIRECTION('ref_axis',(-0.16617545164257,0.986096201833973,0.));
#5339=DIRECTION('',(0.,0.,-1.));
#5340=DIRECTION('center_axis',(0.,0.,-1.));
#5341=DIRECTION('ref_axis',(-0.16617545164257,0.986096201833973,0.));
#5342=DIRECTION('center_axis',(0.,0.,1.));
#5343=DIRECTION('ref_axis',(0.669130606358858,0.743144825477394,0.));
#5344=DIRECTION('center_axis',(0.,0.,-1.));
#5345=DIRECTION('ref_axis',(0.669130606358858,0.743144825477394,0.));
#5346=DIRECTION('',(0.,0.,-1.));
#5347=DIRECTION('center_axis',(0.,0.,1.));
#5348=DIRECTION('ref_axis',(0.669130606358858,0.743144825477394,0.));
#5349=DIRECTION('center_axis',(0.,0.,-1.));
#5350=DIRECTION('ref_axis',(-0.998064328256385,0.0621900045194683,0.));
#5351=DIRECTION('center_axis',(0.,0.,-1.));
#5352=DIRECTION('ref_axis',(-0.998064328256385,0.0621900045194683,0.));
#5353=DIRECTION('',(0.,0.,1.));
#5354=DIRECTION('center_axis',(0.,0.,1.));
#5355=DIRECTION('ref_axis',(-0.998064328256385,0.0621900045194683,0.));
#5356=DIRECTION('',(0.,0.,-1.));
#5357=DIRECTION('center_axis',(0.,0.,1.));
#5358=DIRECTION('ref_axis',(0.669130606358858,0.743144825477394,0.));
#5359=DIRECTION('center_axis',(0.,0.,1.));
#5360=DIRECTION('ref_axis',(0.669130606358858,0.743144825477394,0.));
#5361=DIRECTION('',(0.,0.,1.));
#5362=DIRECTION('center_axis',(0.,0.,-1.));
#5363=DIRECTION('ref_axis',(0.669130606358858,0.743144825477394,0.));
#5364=DIRECTION('center_axis',(0.,0.,1.));
#5365=DIRECTION('ref_axis',(0.669130606358858,0.743144825477394,0.));
#5366=DIRECTION('center_axis',(0.,0.,-1.));
#5367=DIRECTION('ref_axis',(0.669130606358858,0.743144825477394,0.));
#5368=DIRECTION('center_axis',(0.,0.,1.));
#5369=DIRECTION('ref_axis',(0.669130606358858,0.743144825477394,0.));
#5370=DIRECTION('center_axis',(0.,0.,1.));
#5371=DIRECTION('ref_axis',(1.,0.,0.));
#5372=DIRECTION('center_axis',(0.,0.,1.));
#5373=DIRECTION('ref_axis',(1.,0.,0.));
#5374=DIRECTION('',(0.,0.,1.));
#5375=DIRECTION('center_axis',(0.,0.,-1.));
#5376=DIRECTION('ref_axis',(1.,0.,0.));
#5377=DIRECTION('center_axis',(0.,0.,1.));
#5378=DIRECTION('ref_axis',(0.0424768093072441,0.99909745304003,0.));
#5379=DIRECTION('center_axis',(0.,0.,1.));
#5380=DIRECTION('ref_axis',(0.0424768093072441,0.99909745304003,0.));
#5381=DIRECTION('',(0.,0.,-1.));
#5382=DIRECTION('center_axis',(0.,0.,-1.));
#5383=DIRECTION('ref_axis',(0.0424768093072441,0.99909745304003,0.));
#5384=DIRECTION('center_axis',(0.,0.,1.));
#5385=DIRECTION('ref_axis',(0.809016994374948,0.587785252292473,0.));
#5386=DIRECTION('center_axis',(0.,0.,-1.));
#5387=DIRECTION('ref_axis',(0.809016994374948,0.587785252292473,0.));
#5388=DIRECTION('',(0.,0.,-1.));
#5389=DIRECTION('center_axis',(0.,0.,1.));
#5390=DIRECTION('ref_axis',(0.809016994374948,0.587785252292473,0.));
#5391=DIRECTION('center_axis',(0.,0.,-1.));
#5392=DIRECTION('ref_axis',(-0.963324199070377,0.268340245743004,0.));
#5393=DIRECTION('center_axis',(0.,0.,-1.));
#5394=DIRECTION('ref_axis',(-0.963324199070377,0.268340245743004,0.));
#5395=DIRECTION('',(0.,0.,1.));
#5396=DIRECTION('center_axis',(0.,0.,1.));
#5397=DIRECTION('ref_axis',(-0.963324199070377,0.268340245743004,0.));
#5398=DIRECTION('',(0.,0.,-1.));
#5399=DIRECTION('center_axis',(0.,0.,1.));
#5400=DIRECTION('ref_axis',(0.809016994374948,0.587785252292473,0.));
#5401=DIRECTION('center_axis',(0.,0.,1.));
#5402=DIRECTION('ref_axis',(0.809016994374948,0.587785252292473,0.));
#5403=DIRECTION('',(0.,0.,1.));
#5404=DIRECTION('center_axis',(0.,0.,-1.));
#5405=DIRECTION('ref_axis',(0.809016994374948,0.587785252292473,0.));
#5406=DIRECTION('center_axis',(0.,0.,1.));
#5407=DIRECTION('ref_axis',(0.809016994374947,0.587785252292473,0.));
#5408=DIRECTION('center_axis',(0.,0.,-1.));
#5409=DIRECTION('ref_axis',(0.809016994374947,0.587785252292473,0.));
#5410=DIRECTION('center_axis',(0.,0.,1.));
#5411=DIRECTION('ref_axis',(0.809016994374947,0.587785252292473,0.));
#5412=DIRECTION('center_axis',(0.,0.,1.));
#5413=DIRECTION('ref_axis',(1.,0.,0.));
#5414=DIRECTION('center_axis',(0.,0.,1.));
#5415=DIRECTION('ref_axis',(1.,0.,0.));
#5416=DIRECTION('',(0.,0.,1.));
#5417=DIRECTION('center_axis',(0.,0.,-1.));
#5418=DIRECTION('ref_axis',(1.,0.,0.));
#5419=DIRECTION('center_axis',(0.,0.,1.));
#5420=DIRECTION('ref_axis',(0.249272629863981,0.968433351346748,0.));
#5421=DIRECTION('center_axis',(0.,0.,1.));
#5422=DIRECTION('ref_axis',(0.249272629863981,0.968433351346748,0.));
#5423=DIRECTION('',(0.,0.,-1.));
#5424=DIRECTION('center_axis',(0.,0.,-1.));
#5425=DIRECTION('ref_axis',(0.249272629863981,0.968433351346748,0.));
#5426=DIRECTION('center_axis',(0.,0.,1.));
#5427=DIRECTION('ref_axis',(0.913545457642601,0.4067366430758,0.));
#5428=DIRECTION('center_axis',(0.,0.,-1.));
#5429=DIRECTION('ref_axis',(0.913545457642601,0.4067366430758,0.));
#5430=DIRECTION('',(0.,0.,-1.));
#5431=DIRECTION('center_axis',(0.,0.,1.));
#5432=DIRECTION('ref_axis',(0.913545457642601,0.4067366430758,0.));
#5433=DIRECTION('center_axis',(0.,0.,-1.));
#5434=DIRECTION('ref_axis',(-0.886482179842621,0.462762730588231,0.));
#5435=DIRECTION('center_axis',(0.,0.,-1.));
#5436=DIRECTION('ref_axis',(-0.886482179842621,0.462762730588231,0.));
#5437=DIRECTION('',(0.,0.,1.));
#5438=DIRECTION('center_axis',(0.,0.,1.));
#5439=DIRECTION('ref_axis',(-0.886482179842621,0.462762730588231,0.));
#5440=DIRECTION('',(0.,0.,-1.));
#5441=DIRECTION('center_axis',(0.,0.,1.));
#5442=DIRECTION('ref_axis',(0.913545457642601,0.4067366430758,0.));
#5443=DIRECTION('center_axis',(0.,0.,1.));
#5444=DIRECTION('ref_axis',(0.913545457642601,0.4067366430758,0.));
#5445=DIRECTION('',(0.,0.,1.));
#5446=DIRECTION('center_axis',(0.,0.,-1.));
#5447=DIRECTION('ref_axis',(0.913545457642601,0.4067366430758,0.));
#5448=DIRECTION('center_axis',(0.,0.,1.));
#5449=DIRECTION('ref_axis',(0.913545457642601,0.4067366430758,0.));
#5450=DIRECTION('center_axis',(0.,0.,-1.));
#5451=DIRECTION('ref_axis',(0.913545457642601,0.4067366430758,0.));
#5452=DIRECTION('center_axis',(0.,0.,1.));
#5453=DIRECTION('ref_axis',(0.913545457642601,0.4067366430758,0.));
#5454=DIRECTION('center_axis',(0.,0.,1.));
#5455=DIRECTION('ref_axis',(1.,0.,0.));
#5456=DIRECTION('center_axis',(0.,0.,1.));
#5457=DIRECTION('ref_axis',(1.,0.,0.));
#5458=DIRECTION('',(0.,0.,1.));
#5459=DIRECTION('center_axis',(0.,0.,-1.));
#5460=DIRECTION('ref_axis',(1.,0.,0.));
#5461=DIRECTION('center_axis',(0.,0.,1.));
#5462=DIRECTION('ref_axis',(0.445174040352873,0.89544406514081,0.));
#5463=DIRECTION('center_axis',(0.,0.,1.));
#5464=DIRECTION('ref_axis',(0.445174040352873,0.89544406514081,0.));
#5465=DIRECTION('',(0.,0.,-1.));
#5466=DIRECTION('center_axis',(0.,0.,-1.));
#5467=DIRECTION('ref_axis',(0.445174040352873,0.89544406514081,0.));
#5468=DIRECTION('center_axis',(0.,0.,1.));
#5469=DIRECTION('ref_axis',(0.978147600733806,0.207911690817759,0.));
#5470=DIRECTION('center_axis',(0.,0.,-1.));
#5471=DIRECTION('ref_axis',(0.978147600733806,0.207911690817759,0.));
#5472=DIRECTION('',(0.,0.,-1.));
#5473=DIRECTION('center_axis',(0.,0.,1.));
#5474=DIRECTION('ref_axis',(0.978147600733806,0.207911690817759,0.));
#5475=DIRECTION('center_axis',(0.,0.,-1.));
#5476=DIRECTION('ref_axis',(-0.770896635542289,0.636960263524797,0.));
#5477=DIRECTION('center_axis',(0.,0.,-1.));
#5478=DIRECTION('ref_axis',(-0.770896635542289,0.636960263524797,0.));
#5479=DIRECTION('',(0.,0.,1.));
#5480=DIRECTION('center_axis',(0.,0.,1.));
#5481=DIRECTION('ref_axis',(-0.770896635542289,0.636960263524797,0.));
#5482=DIRECTION('',(0.,0.,-1.));
#5483=DIRECTION('center_axis',(0.,0.,1.));
#5484=DIRECTION('ref_axis',(0.978147600733806,0.207911690817759,0.));
#5485=DIRECTION('center_axis',(0.,0.,1.));
#5486=DIRECTION('ref_axis',(0.978147600733806,0.207911690817759,0.));
#5487=DIRECTION('',(0.,0.,1.));
#5488=DIRECTION('center_axis',(0.,0.,-1.));
#5489=DIRECTION('ref_axis',(0.978147600733806,0.207911690817759,0.));
#5490=DIRECTION('center_axis',(0.,0.,1.));
#5491=DIRECTION('ref_axis',(0.978147600733806,0.207911690817759,0.));
#5492=DIRECTION('center_axis',(0.,0.,-1.));
#5493=DIRECTION('ref_axis',(0.978147600733806,0.207911690817759,0.));
#5494=DIRECTION('center_axis',(0.,0.,1.));
#5495=DIRECTION('ref_axis',(0.978147600733806,0.207911690817759,0.));
#5496=DIRECTION('center_axis',(0.,0.,1.));
#5497=DIRECTION('ref_axis',(1.,0.,0.));
#5498=DIRECTION('center_axis',(0.,0.,1.));
#5499=DIRECTION('ref_axis',(1.,0.,0.));
#5500=DIRECTION('',(0.,0.,1.));
#5501=DIRECTION('center_axis',(0.,0.,-1.));
#5502=DIRECTION('ref_axis',(1.,0.,0.));
#5503=DIRECTION('center_axis',(0.,0.,1.));
#5504=DIRECTION('ref_axis',(-0.621619209096292,0.783319576470868,0.));
#5505=DIRECTION('center_axis',(0.,0.,1.));
#5506=DIRECTION('ref_axis',(-0.621619209096292,0.783319576470868,0.));
#5507=DIRECTION('center_axis',(0.,0.,-1.));
#5508=DIRECTION('ref_axis',(-0.621619209096292,0.783319576470868,0.));
#5509=DIRECTION('',(0.,0.,1.));
#5510=DIRECTION('center_axis',(0.,0.,-1.));
#5511=DIRECTION('ref_axis',(0.62161920909629,0.78331957647087,0.));
#5512=DIRECTION('center_axis',(0.,0.,-1.));
#5513=DIRECTION('ref_axis',(0.62161920909629,0.78331957647087,0.));
#5514=DIRECTION('center_axis',(0.,0.,1.));
#5515=DIRECTION('ref_axis',(0.62161920909629,0.78331957647087,0.));
#5516=DIRECTION('',(0.,0.,-1.));
#5517=DIRECTION('center_axis',(0.,0.,1.));
#5518=DIRECTION('ref_axis',(1.,0.,0.));
#5519=DIRECTION('center_axis',(0.,0.,-1.));
#5520=DIRECTION('ref_axis',(1.,0.,0.));
#5521=DIRECTION('',(0.,0.,-1.));
#5522=DIRECTION('center_axis',(0.,0.,1.));
#5523=DIRECTION('ref_axis',(1.,0.,0.));
#5524=DIRECTION('center_axis',(0.,0.,1.));
#5525=DIRECTION('ref_axis',(1.,0.,0.));
#5526=DIRECTION('center_axis',(0.,0.,1.));
#5527=DIRECTION('ref_axis',(1.,0.,0.));
#5528=DIRECTION('',(0.,0.,1.));
#5529=DIRECTION('center_axis',(0.,0.,-1.));
#5530=DIRECTION('ref_axis',(1.,0.,0.));
#5531=DIRECTION('center_axis',(0.,0.,1.));
#5532=DIRECTION('ref_axis',(1.,0.,0.));
#5533=DIRECTION('center_axis',(0.,0.,-1.));
#5534=DIRECTION('ref_axis',(1.,0.,0.));
#5535=DIRECTION('center_axis',(0.,0.,1.));
#5536=DIRECTION('ref_axis',(1.,0.,0.));
#5537=DIRECTION('center_axis',(-6.12323399573677E-17,-1.,0.));
#5538=DIRECTION('ref_axis',(-1.,6.12323399573677E-17,0.));
#5539=DIRECTION('',(-6.12323399573677E-17,-1.,0.));
#5540=DIRECTION('center_axis',(0.,0.,-1.));
#5541=DIRECTION('ref_axis',(-1.,0.,0.));
#5542=DIRECTION('center_axis',(0.,0.,1.));
#5543=DIRECTION('ref_axis',(-1.,0.,0.));
#5544=DIRECTION('',(0.707106781186547,8.65956056235493E-17,-0.707106781186548));
#5545=DIRECTION('center_axis',(0.,0.,1.));
#5546=DIRECTION('ref_axis',(-1.,0.,0.));
#5547=DIRECTION('center_axis',(0.,0.,1.));
#5548=DIRECTION('ref_axis',(-1.,0.,0.));
#5549=DIRECTION('center_axis',(0.,0.,-1.));
#5550=DIRECTION('ref_axis',(-1.,0.,0.));
#5551=DIRECTION('',(0.,0.,-1.));
#5552=DIRECTION('',(-0.85155728954581,0.524261559358869,0.));
#5553=DIRECTION('center_axis',(-1.,0.,0.));
#5554=DIRECTION('ref_axis',(0.,1.,0.));
#5555=DIRECTION('',(-1.,0.,0.));
#5556=DIRECTION('center_axis',(0.,0.,-1.));
#5557=DIRECTION('ref_axis',(-1.,0.,0.));
#5558=DIRECTION('center_axis',(0.,0.,-1.));
#5559=DIRECTION('ref_axis',(-1.,0.,0.));
#5560=DIRECTION('',(0.707106781186548,8.65956056235493E-17,-0.707106781186548));
#5561=DIRECTION('center_axis',(0.,0.,1.));
#5562=DIRECTION('ref_axis',(-1.,0.,0.));
#5563=DIRECTION('center_axis',(0.,0.,1.));
#5564=DIRECTION('ref_axis',(-1.,0.,0.));
#5565=DIRECTION('center_axis',(0.,0.,1.));
#5566=DIRECTION('ref_axis',(-1.,0.,0.));
#5567=DIRECTION('center_axis',(0.,0.,1.));
#5568=DIRECTION('ref_axis',(-1.,0.,0.));
#5569=DIRECTION('',(0.,0.,-1.));
#5570=DIRECTION('center_axis',(0.,0.,-1.));
#5571=DIRECTION('ref_axis',(-1.,0.,0.));
#5572=DIRECTION('center_axis',(0.,0.,1.));
#5573=DIRECTION('ref_axis',(-1.,0.,0.));
#5574=DIRECTION('',(-0.707106781186547,-8.65956056235493E-17,-0.707106781186548));
#5575=DIRECTION('center_axis',(0.,0.,1.));
#5576=DIRECTION('ref_axis',(-1.,0.,0.));
#5577=DIRECTION('center_axis',(0.,0.,1.));
#5578=DIRECTION('ref_axis',(-1.,0.,0.));
#5579=DIRECTION('center_axis',(0.,0.,1.));
#5580=DIRECTION('ref_axis',(-1.,0.,0.));
#5581=DIRECTION('',(0.,0.,-1.));
#5582=DIRECTION('center_axis',(0.,0.,1.));
#5583=DIRECTION('ref_axis',(-1.,0.,0.));
#5584=DIRECTION('center_axis',(0.,0.,1.));
#5585=DIRECTION('ref_axis',(-1.,0.,0.));
#5586=DIRECTION('center_axis',(0.,0.,-1.));
#5587=DIRECTION('ref_axis',(-1.,0.,0.));
#5588=DIRECTION('center_axis',(0.,0.,1.));
#5589=DIRECTION('ref_axis',(-1.,0.,0.));
#5590=DIRECTION('center_axis',(0.,0.,-1.));
#5591=DIRECTION('ref_axis',(-0.17364817766693,0.984807753012208,0.));
#5592=DIRECTION('center_axis',(0.,0.,1.));
#5593=DIRECTION('ref_axis',(-0.17364817766693,0.984807753012208,0.));
#5594=DIRECTION('',(0.122787803968973,-0.696364240320019,-0.707106781186547));
#5595=DIRECTION('center_axis',(0.,0.,-1.));
#5596=DIRECTION('ref_axis',(-0.17364817766693,0.984807753012208,0.));
#5597=DIRECTION('center_axis',(0.,0.,1.));
#5598=DIRECTION('ref_axis',(-0.17364817766693,0.984807753012208,0.));
#5599=DIRECTION('',(0.,0.,-1.));
#5600=DIRECTION('center_axis',(0.,0.,1.));
#5601=DIRECTION('ref_axis',(-0.17364817766693,0.984807753012208,0.));
#5602=DIRECTION('center_axis',(0.,0.,1.));
#5603=DIRECTION('ref_axis',(-0.17364817766693,0.984807753012208,0.));
#5604=DIRECTION('center_axis',(0.,0.,1.));
#5605=DIRECTION('ref_axis',(-0.17364817766693,0.984807753012208,0.));
#5606=DIRECTION('center_axis',(0.,0.,1.));
#5607=DIRECTION('ref_axis',(-0.17364817766693,0.984807753012208,0.));
#5608=DIRECTION('',(0.,0.,-1.));
#5609=DIRECTION('center_axis',(0.,0.,1.));
#5610=DIRECTION('ref_axis',(-0.17364817766693,0.984807753012208,0.));
#5611=DIRECTION('',(0.,0.,1.));
#5612=DIRECTION('',(1.,0.,0.));
#5613=CARTESIAN_POINT('',(0.,0.,0.));
#5614=CARTESIAN_POINT('',(0.,0.,0.));
#5615=CARTESIAN_POINT('Origin',(1.1782145096139,9.06909078890858,0.));
#5616=CARTESIAN_POINT('',(1.32794000985288,9.06002025539695,3.5));
#5617=CARTESIAN_POINT('',(1.19753941820661,9.21784073985943,3.5));
#5618=CARTESIAN_POINT('Origin',(1.1782145096139,9.06909078890858,3.5));
#5619=CARTESIAN_POINT('',(1.32794000985288,9.06002025539695,-3.5));
#5620=CARTESIAN_POINT('',(1.32794000985288,9.06002025539695,0.));
#5621=CARTESIAN_POINT('',(1.19753941820661,9.21784073985943,-3.5));
#5622=CARTESIAN_POINT('Origin',(1.1782145096139,9.06909078890858,-3.5));
#5623=CARTESIAN_POINT('',(1.19753941820661,9.21784073985943,0.));
#5624=CARTESIAN_POINT('Origin',(2.32611001144612,8.99955003198611,0.));
#5625=CARTESIAN_POINT('',(1.3507161139112,8.77908065848575,3.5));
#5626=CARTESIAN_POINT('Origin',(2.32611001144612,8.99955003198611,3.5));
#5627=CARTESIAN_POINT('',(1.3507161139112,8.77908065848575,-3.5));
#5628=CARTESIAN_POINT('',(1.3507161139112,8.77908065848575,0.));
#5629=CARTESIAN_POINT('Origin',(2.32611001144612,8.99955003198611,-3.5));
#5630=CARTESIAN_POINT('Origin',(2.61237902984396,8.76424970961934,0.));
#5631=CARTESIAN_POINT('',(2.47190866085594,8.81686221228144,-3.5));
#5632=CARTESIAN_POINT('',(2.65522690308717,8.9079997000838,-3.5));
#5633=CARTESIAN_POINT('Origin',(2.61237902984396,8.76424970961934,-3.5));
#5634=CARTESIAN_POINT('',(2.47190866085594,8.81686221228144,3.5));
#5635=CARTESIAN_POINT('',(2.47190866085595,8.81686221228144,0.));
#5636=CARTESIAN_POINT('',(2.65522690308717,8.9079997000838,3.5));
#5637=CARTESIAN_POINT('Origin',(2.61237902984396,8.76424970961934,3.5));
#5638=CARTESIAN_POINT('',(2.65522690308717,8.9079997000838,0.));
#5639=CARTESIAN_POINT('Origin',(1.53543953426917,9.16761223002884,0.));
#5640=CARTESIAN_POINT('',(2.33683322589594,8.5694749957583,-3.5));
#5641=CARTESIAN_POINT('Origin',(1.53543953426917,9.16761223002884,-3.5));
#5642=CARTESIAN_POINT('',(2.33683322589594,8.5694749957583,3.5));
#5643=CARTESIAN_POINT('',(2.33683322589594,8.5694749957583,0.));
#5644=CARTESIAN_POINT('Origin',(1.53543953426917,9.16761223002884,3.5));
#5645=CARTESIAN_POINT('Origin',(1.89205972704308,8.90144116077845,0.));
#5646=CARTESIAN_POINT('Origin',(1.89205972704308,8.90144116077845,3.5));
#5647=CARTESIAN_POINT('Origin',(1.89205972704308,8.90144116077845,-3.5));
#5648=CARTESIAN_POINT('Origin',(0.,0.,0.));
#5649=CARTESIAN_POINT('',(3.08786716261596,8.76742635837958,3.5));
#5650=CARTESIAN_POINT('Origin',(0.,0.,3.5));
#5651=CARTESIAN_POINT('',(3.08786716261596,8.76742635837958,-3.5));
#5652=CARTESIAN_POINT('',(3.08786716261596,8.76742635837958,0.));
#5653=CARTESIAN_POINT('Origin',(0.,0.,-3.5));
#5654=CARTESIAN_POINT('Origin',(0.,0.,0.));
#5655=CARTESIAN_POINT('',(0.745126545210053,9.26539124890009,-3.5));
#5656=CARTESIAN_POINT('Origin',(0.,0.,-3.5));
#5657=CARTESIAN_POINT('',(0.745126545210053,9.26539124890009,3.5));
#5658=CARTESIAN_POINT('',(0.745126545210053,9.26539124890009,0.));
#5659=CARTESIAN_POINT('Origin',(0.,0.,3.5));
#5660=CARTESIAN_POINT('Origin',(3.03803769583034,8.62594482516814,0.));
#5661=CARTESIAN_POINT('',(3.18260546469876,8.58594282266314,3.5));
#5662=CARTESIAN_POINT('Origin',(3.03803769583034,8.62594482516814,3.5));
#5663=CARTESIAN_POINT('',(3.18260546469876,8.58594282266314,-3.5));
#5664=CARTESIAN_POINT('',(3.18260546469876,8.58594282266314,0.));
#5665=CARTESIAN_POINT('Origin',(3.03803769583034,8.62594482516814,-3.5));
#5666=CARTESIAN_POINT('Origin',(4.14639059048816,8.31926280596317,0.));
#5667=CARTESIAN_POINT('',(3.14647322962599,8.30640701168832,3.5));
#5668=CARTESIAN_POINT('Origin',(4.14639059048816,8.31926280596317,3.5));
#5669=CARTESIAN_POINT('',(3.14647322962599,8.30640701168832,-3.5));
#5670=CARTESIAN_POINT('',(3.14647322962599,8.30640701168832,0.));
#5671=CARTESIAN_POINT('Origin',(4.14639059048816,8.31926280596317,-3.5));
#5672=CARTESIAN_POINT('Origin',(4.37748225612519,8.02958568454439,0.));
#5673=CARTESIAN_POINT('',(4.251020256112,8.11025390971802,-3.5));
#5674=CARTESIAN_POINT('',(4.44928110410709,8.16128581904877,-3.5));
#5675=CARTESIAN_POINT('Origin',(4.37748225612519,8.02958568454439,-3.5));
#5676=CARTESIAN_POINT('',(4.251020256112,8.11025390971802,3.5));
#5677=CARTESIAN_POINT('',(4.251020256112,8.11025390971802,0.));
#5678=CARTESIAN_POINT('',(4.44928110410709,8.16128581904877,3.5));
#5679=CARTESIAN_POINT('Origin',(4.37748225612519,8.02958568454439,3.5));
#5680=CARTESIAN_POINT('',(4.44928110410709,8.16128581904877,0.));
#5681=CARTESIAN_POINT('Origin',(3.40794025602408,8.64804207754226,0.));
#5682=CARTESIAN_POINT('',(4.06746184901378,7.89635645949418,-3.5));
#5683=CARTESIAN_POINT('Origin',(3.40794025602408,8.64804207754226,-3.5));
#5684=CARTESIAN_POINT('',(4.06746184901378,7.89635645949418,3.5));
#5685=CARTESIAN_POINT('',(4.06746184901378,7.89635645949418,0.));
#5686=CARTESIAN_POINT('Origin',(3.40794025602408,8.64804207754226,3.5));
#5687=CARTESIAN_POINT('Origin',(3.7014273649045,8.31354197751086,0.));
#5688=CARTESIAN_POINT('Origin',(3.7014273649045,8.31354197751086,3.5));
#5689=CARTESIAN_POINT('Origin',(3.7014273649045,8.31354197751086,-3.5));
#5690=CARTESIAN_POINT('Origin',(0.,0.,0.));
#5691=CARTESIAN_POINT('',(4.84324029478839,7.9338333742592,3.5));
#5692=CARTESIAN_POINT('Origin',(0.,0.,3.5));
#5693=CARTESIAN_POINT('',(4.84324029478839,7.9338333742592,-3.5));
#5694=CARTESIAN_POINT('',(4.84324029478839,7.9338333742592,0.));
#5695=CARTESIAN_POINT('Origin',(0.,0.,-3.5));
#5696=CARTESIAN_POINT('Origin',(4.76508405661671,7.80580368069222,0.));
#5697=CARTESIAN_POINT('',(4.89817578890188,7.73661848865423,3.5));
#5698=CARTESIAN_POINT('Origin',(4.76508405661671,7.80580368069222,3.5));
#5699=CARTESIAN_POINT('',(4.89817578890188,7.73661848865423,-3.5));
#5700=CARTESIAN_POINT('',(4.89817578890188,7.73661848865423,0.));
#5701=CARTESIAN_POINT('Origin',(4.76508405661671,7.80580368069222,-3.5));
#5702=CARTESIAN_POINT('Origin',(5.78545400413632,7.27538387506763,0.));
#5703=CARTESIAN_POINT('',(4.80471436675242,7.47070351991704,3.5));
#5704=CARTESIAN_POINT('Origin',(5.78545400413632,7.27538387506763,3.5));
#5705=CARTESIAN_POINT('',(4.80471436675242,7.47070351991704,-3.5));
#5706=CARTESIAN_POINT('',(4.80471436675242,7.47070351991704,0.));
#5707=CARTESIAN_POINT('Origin',(5.78545400413632,7.27538387506763,-3.5));
#5708=CARTESIAN_POINT('Origin',(5.95126850232336,6.94399023482788,0.));
#5709=CARTESIAN_POINT('',(5.84434186751758,7.04918859398386,-3.5));
#5710=CARTESIAN_POINT('',(6.04888037085804,7.05788458552698,-3.5));
#5711=CARTESIAN_POINT('Origin',(5.95126850232336,6.94399023482788,-3.5));
#5712=CARTESIAN_POINT('',(5.84434186751758,7.04918859398386,3.5));
#5713=CARTESIAN_POINT('',(5.84434186751758,7.04918859398386,0.));
#5714=CARTESIAN_POINT('',(6.04888037085804,7.05788458552698,3.5));
#5715=CARTESIAN_POINT('Origin',(5.95126850232336,6.94399023482788,3.5));
#5716=CARTESIAN_POINT('',(6.04888037085804,7.05788458552698,0.));
#5717=CARTESIAN_POINT('Origin',(5.13149763547904,7.75051098835709,0.));
#5718=CARTESIAN_POINT('',(5.62032287148228,6.87812925502794,-3.5));
#5719=CARTESIAN_POINT('Origin',(5.13149763547904,7.75051098835709,-3.5));
#5720=CARTESIAN_POINT('',(5.62032287148228,6.87812925502794,3.5));
#5721=CARTESIAN_POINT('',(5.62032287148228,6.87812925502794,0.));
#5722=CARTESIAN_POINT('Origin',(5.13149763547904,7.75051098835709,3.5));
#5723=CARTESIAN_POINT('Origin',(5.34902486550049,7.36230111702561,0.));
#5724=CARTESIAN_POINT('Origin',(5.34902486550049,7.36230111702561,3.5));
#5725=CARTESIAN_POINT('Origin',(5.34902486550049,7.36230111702561,-3.5));
#5726=CARTESIAN_POINT('Origin',(0.,0.,0.));
#5727=CARTESIAN_POINT('',(6.38694058563315,6.75349380092727,3.5));
#5728=CARTESIAN_POINT('Origin',(0.,0.,3.5));
#5729=CARTESIAN_POINT('',(6.38694058563315,6.75349380092727,-3.5));
#5730=CARTESIAN_POINT('',(6.38694058563315,6.75349380092727,0.));
#5731=CARTESIAN_POINT('Origin',(0.,0.,-3.5));
#5732=CARTESIAN_POINT('Origin',(6.28387337871876,6.64451145896828,0.));
#5733=CARTESIAN_POINT('',(6.39967232707483,6.54916680227674,3.5));
#5734=CARTESIAN_POINT('Origin',(6.28387337871876,6.64451145896828,3.5));
#5735=CARTESIAN_POINT('',(6.39967232707483,6.54916680227674,-3.5));
#5736=CARTESIAN_POINT('',(6.39967232707483,6.54916680227674,0.));
#5737=CARTESIAN_POINT('Origin',(6.28387337871876,6.64451145896828,-3.5));
#5738=CARTESIAN_POINT('Origin',(7.1716653161153,5.91353575766646,0.));
#5739=CARTESIAN_POINT('',(6.25296643047427,6.30849443591257,3.5));
#5740=CARTESIAN_POINT('Origin',(7.1716653161153,5.91353575766646,3.5));
#5741=CARTESIAN_POINT('',(6.25296643047427,6.30849443591257,-3.5));
#5742=CARTESIAN_POINT('',(6.25296643047427,6.30849443591257,0.));
#5743=CARTESIAN_POINT('Origin',(7.1716653161153,5.91353575766646,-3.5));
#5744=CARTESIAN_POINT('Origin',(7.26495575761534,5.55490909088734,0.));
#5745=CARTESIAN_POINT('',(7.1822376950489,5.68003991093282,-3.5));
#5746=CARTESIAN_POINT('',(7.38411453965412,5.64601992812987,-3.5));
#5747=CARTESIAN_POINT('Origin',(7.26495575761534,5.55490909088734,-3.5));
#5748=CARTESIAN_POINT('',(7.1822376950489,5.68003991093282,3.5));
#5749=CARTESIAN_POINT('',(7.1822376950489,5.68003991093282,0.));
#5750=CARTESIAN_POINT('',(7.38411453965412,5.64601992812987,3.5));
#5751=CARTESIAN_POINT('Origin',(7.26495575761534,5.55490909088734,3.5));
#5752=CARTESIAN_POINT('',(7.38411453965412,5.64601992812987,0.));
#5753=CARTESIAN_POINT('Origin',(6.63078394460597,6.5142453779027,0.));
#5754=CARTESIAN_POINT('',(6.92754881516568,5.55929479719097,-3.5));
#5755=CARTESIAN_POINT('Origin',(6.63078394460597,6.5142453779027,-3.5));
#5756=CARTESIAN_POINT('',(6.92754881516568,5.55929479719097,3.5));
#5757=CARTESIAN_POINT('',(6.92754881516568,5.55929479719097,0.));
#5758=CARTESIAN_POINT('Origin',(6.63078394460597,6.5142453779027,3.5));
#5759=CARTESIAN_POINT('Origin',(6.76284431200504,6.08929236948598,0.));
#5760=CARTESIAN_POINT('Origin',(6.76284431200504,6.08929236948598,3.5));
#5761=CARTESIAN_POINT('Origin',(6.76284431200504,6.08929236948598,-3.5));
#5762=CARTESIAN_POINT('Origin',(0.,0.,0.));
#5763=CARTESIAN_POINT('',(7.65150092494448,5.27799414163607,3.5));
#5764=CARTESIAN_POINT('Origin',(0.,0.,3.5));
#5765=CARTESIAN_POINT('',(7.65150092494448,5.27799414163607,-3.5));
#5766=CARTESIAN_POINT('',(7.65150092494448,5.27799414163607,0.));
#5767=CARTESIAN_POINT('Origin',(0.,0.,-3.5));
#5768=CARTESIAN_POINT('Origin',(7.52802728080086,5.19282220258397,0.));
#5769=CARTESIAN_POINT('',(7.62147247551967,5.07548510025072,3.5));
#5770=CARTESIAN_POINT('Origin',(7.52802728080086,5.19282220258397,3.5));
#5771=CARTESIAN_POINT('',(7.62147247551967,5.07548510025072,-3.5));
#5772=CARTESIAN_POINT('',(7.62147247551967,5.07548510025072,0.));
#5773=CARTESIAN_POINT('Origin',(7.52802728080086,5.19282220258397,-3.5));
#5774=CARTESIAN_POINT('Origin',(8.24444044031175,4.29323775136239,0.));
#5775=CARTESIAN_POINT('',(7.42793385612245,4.87057387354385,3.5));
#5776=CARTESIAN_POINT('Origin',(8.24444044031175,4.29323775136239,3.5));
#5777=CARTESIAN_POINT('',(7.42793385612245,4.87057387354385,-3.5));
#5778=CARTESIAN_POINT('',(7.42793385612245,4.87057387354385,0.));
#5779=CARTESIAN_POINT('Origin',(8.24444044031175,4.29323775136239,-3.5));
#5780=CARTESIAN_POINT('Origin',(8.26112958517402,3.92305176426383,0.));
#5781=CARTESIAN_POINT('',(8.20623527110638,4.06264622791853,-3.5));
#5782=CARTESIAN_POINT('',(8.39662747015453,3.987397107264,-3.5));
#5783=CARTESIAN_POINT('Origin',(8.26112958517402,3.92305176426383,-3.5));
#5784=CARTESIAN_POINT('',(8.20623527110638,4.06264622791853,3.5));
#5785=CARTESIAN_POINT('',(8.20623527110638,4.06264622791853,0.));
#5786=CARTESIAN_POINT('',(8.39662747015453,3.987397107264,3.5));
#5787=CARTESIAN_POINT('Origin',(8.26112958517402,3.92305176426383,3.5));
#5788=CARTESIAN_POINT('',(8.39662747015453,3.987397107264,0.));
#5789=CARTESIAN_POINT('Origin',(7.8402731773221,4.99327598561653,0.));
#5790=CARTESIAN_POINT('',(7.93200763355898,3.99749248026061,-3.5));
#5791=CARTESIAN_POINT('Origin',(7.8402731773221,4.99327598561653,-3.5));
#5792=CARTESIAN_POINT('',(7.93200763355898,3.99749248026061,3.5));
#5793=CARTESIAN_POINT('',(7.93200763355898,3.99749248026061,0.));
#5794=CARTESIAN_POINT('Origin',(7.8402731773221,4.99327598561653,3.5));
#5795=CARTESIAN_POINT('Origin',(7.88109501034751,4.55015232573314,0.));
#5796=CARTESIAN_POINT('Origin',(7.88109501034751,4.55015232573314,3.5));
#5797=CARTESIAN_POINT('Origin',(7.88109501034751,4.55015232573314,-3.5));
#5798=CARTESIAN_POINT('Origin',(0.,0.,0.));
#5799=CARTESIAN_POINT('',(8.58165395786072,3.57182081172956,3.5));
#5800=CARTESIAN_POINT('Origin',(0.,0.,3.5));
#5801=CARTESIAN_POINT('',(8.58165395786072,3.57182081172956,-3.5));
#5802=CARTESIAN_POINT('',(8.58165395786072,3.57182081172956,0.));
#5803=CARTESIAN_POINT('Origin',(0.,0.,-3.5));
#5804=CARTESIAN_POINT('Origin',(8.44317026722923,3.51418169802123,0.));
#5805=CARTESIAN_POINT('',(8.51017770490177,3.37998034446412,3.5));
#5806=CARTESIAN_POINT('Origin',(8.44317026722923,3.51418169802123,3.5));
#5807=CARTESIAN_POINT('',(8.51017770490177,3.37998034446412,-3.5));
#5808=CARTESIAN_POINT('',(8.51017770490177,3.37998034446412,0.));
#5809=CARTESIAN_POINT('Origin',(8.44317026722923,3.51418169802123,-3.5));
#5810=CARTESIAN_POINT('Origin',(8.95689395605208,2.4853046540834,0.));
#5811=CARTESIAN_POINT('',(8.27826492907688,3.21978586129478,3.5));
#5812=CARTESIAN_POINT('Origin',(8.95689395605208,2.4853046540834,3.5));
#5813=CARTESIAN_POINT('',(8.27826492907688,3.21978586129478,-3.5));
#5814=CARTESIAN_POINT('',(8.27826492907688,3.21978586129478,0.));
#5815=CARTESIAN_POINT('Origin',(8.95689395605208,2.4853046540834,-3.5));
#5816=CARTESIAN_POINT('Origin',(8.89625240856271,2.11973825065105,0.));
#5817=CARTESIAN_POINT('',(8.87158098793077,2.2676954100047,-3.5));
#5818=CARTESIAN_POINT('',(9.04216748872032,2.15450589915653,-3.5));
#5819=CARTESIAN_POINT('Origin',(8.89625240856271,2.11973825065105,-3.5));
#5820=CARTESIAN_POINT('',(8.87158098793077,2.2676954100047,3.5));
#5821=CARTESIAN_POINT('',(8.87158098793077,2.2676954100047,0.));
#5822=CARTESIAN_POINT('',(9.04216748872032,2.15450589915653,3.5));
#5823=CARTESIAN_POINT('Origin',(8.89625240856271,2.11973825065105,3.5));
#5824=CARTESIAN_POINT('',(9.04216748872032,2.15450589915653,0.));
#5825=CARTESIAN_POINT('Origin',(8.70710485038446,3.25407647236238,0.));
#5826=CARTESIAN_POINT('',(8.58979965637021,2.26098055984573,-3.5));
#5827=CARTESIAN_POINT('Origin',(8.70710485038446,3.25407647236238,-3.5));
#5828=CARTESIAN_POINT('',(8.58979965637021,2.26098055984573,3.5));
#5829=CARTESIAN_POINT('',(8.58979965637021,2.26098055984573,0.));
#5830=CARTESIAN_POINT('Origin',(8.70710485038446,3.25407647236238,3.5));
#5831=CARTESIAN_POINT('Origin',(8.65490403904812,2.81214879129247,0.));
#5832=CARTESIAN_POINT('Origin',(8.65490403904812,2.81214879129247,3.5));
#5833=CARTESIAN_POINT('Origin',(8.65490403904812,2.81214879129247,-3.5));
#5834=CARTESIAN_POINT('Origin',(0.,0.,0.));
#5835=CARTESIAN_POINT('',(9.13674753347399,1.7095417728526,3.5));
#5836=CARTESIAN_POINT('Origin',(0.,0.,3.5));
#5837=CARTESIAN_POINT('',(9.13674753347399,1.7095417728526,-3.5));
#5838=CARTESIAN_POINT('',(9.13674753347399,1.7095417728526,0.));
#5839=CARTESIAN_POINT('Origin',(0.,0.,-3.5));
#5840=CARTESIAN_POINT('Origin',(8.98930619815369,1.68195459034025,0.));
#5841=CARTESIAN_POINT('',(9.02694733221633,1.53675422867927,3.5));
#5842=CARTESIAN_POINT('Origin',(8.98930619815369,1.68195459034025,3.5));
#5843=CARTESIAN_POINT('',(9.02694733221633,1.53675422867927,-3.5));
#5844=CARTESIAN_POINT('',(9.02694733221633,1.53675422867927,0.));
#5845=CARTESIAN_POINT('Origin',(8.98930619815369,1.68195459034025,-3.5));
#5846=CARTESIAN_POINT('Origin',(9.2778882259672,0.56875181760608,0.));
#5847=CARTESIAN_POINT('',(8.76679610110827,1.42827775666039,3.5));
#5848=CARTESIAN_POINT('Origin',(9.2778882259672,0.56875181760608,3.5));
#5849=CARTESIAN_POINT('',(8.76679610110827,1.42827775666039,-3.5));
#5850=CARTESIAN_POINT('',(8.76679610110827,1.42827775666039,0.));
#5851=CARTESIAN_POINT('Origin',(9.2778882259672,0.56875181760608,-3.5));
#5852=CARTESIAN_POINT('Origin',(9.1425663127419,0.223782003852162,0.));
#5853=CARTESIAN_POINT('',(9.14919604501388,0.373635421063789,-3.5));
#5854=CARTESIAN_POINT('',(9.29252139889547,0.227452444789572,-3.5));
#5855=CARTESIAN_POINT('Origin',(9.1425663127419,0.223782003852162,-3.5));
#5856=CARTESIAN_POINT('',(9.14919604501388,0.373635421063789,3.5));
#5857=CARTESIAN_POINT('',(9.14919604501388,0.373635421063789,0.));
#5858=CARTESIAN_POINT('',(9.29252139889547,0.227452444789572,3.5));
#5859=CARTESIAN_POINT('Origin',(9.1425663127419,0.223782003852162,3.5));
#5860=CARTESIAN_POINT('',(9.29252139889547,0.227452444789572,0.));
#5861=CARTESIAN_POINT('Origin',(9.19339426016039,1.37265820247463,0.));
#5862=CARTESIAN_POINT('',(8.87217621576619,0.425652939577134,-3.5));
#5863=CARTESIAN_POINT('Origin',(9.19339426016039,1.37265820247463,-3.5));
#5864=CARTESIAN_POINT('',(8.87217621576619,0.425652939577134,3.5));
#5865=CARTESIAN_POINT('',(8.87217621576619,0.425652939577134,0.));
#5866=CARTESIAN_POINT('Origin',(9.19339426016039,1.37265820247463,3.5));
#5867=CARTESIAN_POINT('Origin',(9.05045223040498,0.951240860485246,0.));
#5868=CARTESIAN_POINT('Origin',(9.05045223040498,0.951240860485246,3.5));
#5869=CARTESIAN_POINT('Origin',(9.05045223040498,0.951240860485246,-3.5));
#5870=CARTESIAN_POINT('Origin',(0.,0.,0.));
#5871=CARTESIAN_POINT('',(9.29252139889547,-0.227452444789584,3.5));
#5872=CARTESIAN_POINT('Origin',(0.,0.,3.5));
#5873=CARTESIAN_POINT('',(9.29252139889547,-0.227452444789584,-3.5));
#5874=CARTESIAN_POINT('',(9.29252139889547,-0.227452444789583,0.));
#5875=CARTESIAN_POINT('Origin',(0.,0.,-3.5));
#5876=CARTESIAN_POINT('Origin',(9.1425663127419,-0.223782003852174,0.));
#5877=CARTESIAN_POINT('',(9.14919604501388,-0.3736354210638,3.5));
#5878=CARTESIAN_POINT('Origin',(9.1425663127419,-0.223782003852174,3.5));
#5879=CARTESIAN_POINT('',(9.14919604501388,-0.3736354210638,-3.5));
#5880=CARTESIAN_POINT('',(9.14919604501388,-0.3736354210638,0.));
#5881=CARTESIAN_POINT('Origin',(9.1425663127419,-0.223782003852174,-3.5));
#5882=CARTESIAN_POINT('Origin',(9.19339426016039,-1.37265820247465,0.));
#5883=CARTESIAN_POINT('',(8.87217621576619,-0.425652939577145,3.5));
#5884=CARTESIAN_POINT('Origin',(9.19339426016039,-1.37265820247465,3.5));
#5885=CARTESIAN_POINT('',(8.87217621576619,-0.425652939577145,-3.5));
#5886=CARTESIAN_POINT('',(8.87217621576619,-0.425652939577145,0.));
#5887=CARTESIAN_POINT('Origin',(9.19339426016039,-1.37265820247465,-3.5));
#5888=CARTESIAN_POINT('Origin',(8.98930619815369,-1.68195459034026,0.));
#5889=CARTESIAN_POINT('',(9.02694733221632,-1.53675422867928,-3.5));
#5890=CARTESIAN_POINT('',(9.13674753347398,-1.70954177285261,-3.5));
#5891=CARTESIAN_POINT('Origin',(8.98930619815369,-1.68195459034026,-3.5));
#5892=CARTESIAN_POINT('',(9.02694733221632,-1.53675422867928,3.5));
#5893=CARTESIAN_POINT('',(9.02694733221632,-1.53675422867928,0.));
#5894=CARTESIAN_POINT('',(9.13674753347398,-1.70954177285261,3.5));
#5895=CARTESIAN_POINT('Origin',(8.98930619815369,-1.68195459034026,3.5));
#5896=CARTESIAN_POINT('',(9.13674753347398,-1.70954177285261,0.));
#5897=CARTESIAN_POINT('Origin',(9.2778882259672,-0.568751817606092,0.));
#5898=CARTESIAN_POINT('',(8.76679610110827,-1.4282777566604,-3.5));
#5899=CARTESIAN_POINT('Origin',(9.2778882259672,-0.568751817606092,-3.5));
#5900=CARTESIAN_POINT('',(8.76679610110827,-1.4282777566604,3.5));
#5901=CARTESIAN_POINT('',(8.76679610110827,-1.4282777566604,0.));
#5902=CARTESIAN_POINT('Origin',(9.2778882259672,-0.568751817606092,3.5));
#5903=CARTESIAN_POINT('Origin',(9.05045223040497,-0.951240860485258,0.));
#5904=CARTESIAN_POINT('Origin',(9.05045223040497,-0.951240860485258,3.5));
#5905=CARTESIAN_POINT('Origin',(9.05045223040497,-0.951240860485258,-3.5));
#5906=CARTESIAN_POINT('Origin',(0.,0.,0.));
#5907=CARTESIAN_POINT('',(9.04216748872032,-2.15450589915653,3.5));
#5908=CARTESIAN_POINT('Origin',(0.,0.,3.5));
#5909=CARTESIAN_POINT('',(9.04216748872032,-2.15450589915653,-3.5));
#5910=CARTESIAN_POINT('',(9.04216748872031,-2.15450589915653,0.));
#5911=CARTESIAN_POINT('Origin',(0.,0.,-3.5));
#5912=CARTESIAN_POINT('Origin',(8.89625240856271,-2.11973825065106,0.));
#5913=CARTESIAN_POINT('',(8.87158098793077,-2.26769541000471,3.5));
#5914=CARTESIAN_POINT('Origin',(8.89625240856271,-2.11973825065106,3.5));
#5915=CARTESIAN_POINT('',(8.87158098793077,-2.26769541000471,-3.5));
#5916=CARTESIAN_POINT('',(8.87158098793077,-2.26769541000471,0.));
#5917=CARTESIAN_POINT('Origin',(8.89625240856271,-2.11973825065106,-3.5));
#5918=CARTESIAN_POINT('Origin',(8.70710485038446,-3.25407647236238,0.));
#5919=CARTESIAN_POINT('',(8.58979965637021,-2.26098055984573,3.5));
#5920=CARTESIAN_POINT('Origin',(8.70710485038446,-3.25407647236238,3.5));
#5921=CARTESIAN_POINT('',(8.58979965637021,-2.26098055984573,-3.5));
#5922=CARTESIAN_POINT('',(8.58979965637021,-2.26098055984573,0.));
#5923=CARTESIAN_POINT('Origin',(8.70710485038446,-3.25407647236238,-3.5));
#5924=CARTESIAN_POINT('Origin',(8.44317026722923,-3.51418169802123,0.));
#5925=CARTESIAN_POINT('',(8.51017770490177,-3.37998034446412,-3.5));
#5926=CARTESIAN_POINT('',(8.58165395786072,-3.57182081172956,-3.5));
#5927=CARTESIAN_POINT('Origin',(8.44317026722923,-3.51418169802123,-3.5));
#5928=CARTESIAN_POINT('',(8.51017770490177,-3.37998034446412,3.5));
#5929=CARTESIAN_POINT('',(8.51017770490177,-3.37998034446412,0.));
#5930=CARTESIAN_POINT('',(8.58165395786072,-3.57182081172956,3.5));
#5931=CARTESIAN_POINT('Origin',(8.44317026722923,-3.51418169802123,3.5));
#5932=CARTESIAN_POINT('',(8.58165395786072,-3.57182081172956,0.));
#5933=CARTESIAN_POINT('Origin',(8.95689395605208,-2.48530465408341,0.));
#5934=CARTESIAN_POINT('',(8.27826492907688,-3.21978586129478,-3.5));
#5935=CARTESIAN_POINT('Origin',(8.95689395605208,-2.48530465408341,-3.5));
#5936=CARTESIAN_POINT('',(8.27826492907688,-3.21978586129478,3.5));
#5937=CARTESIAN_POINT('',(8.27826492907688,-3.21978586129478,0.));
#5938=CARTESIAN_POINT('Origin',(8.95689395605208,-2.48530465408341,3.5));
#5939=CARTESIAN_POINT('Origin',(8.65490403904812,-2.81214879129247,0.));
#5940=CARTESIAN_POINT('Origin',(8.65490403904812,-2.81214879129247,3.5));
#5941=CARTESIAN_POINT('Origin',(8.65490403904812,-2.81214879129247,-3.5));
#5942=CARTESIAN_POINT('Origin',(0.,0.,0.));
#5943=CARTESIAN_POINT('',(8.39662747015453,-3.98739710726401,3.5));
#5944=CARTESIAN_POINT('Origin',(0.,0.,3.5));
#5945=CARTESIAN_POINT('',(8.39662747015453,-3.98739710726401,-3.5));
#5946=CARTESIAN_POINT('',(8.39662747015452,-3.98739710726401,0.));
#5947=CARTESIAN_POINT('Origin',(0.,0.,-3.5));
#5948=CARTESIAN_POINT('Origin',(8.26112958517401,-3.92305176426385,0.));
#5949=CARTESIAN_POINT('',(8.20623527110637,-4.06264622791855,3.5));
#5950=CARTESIAN_POINT('Origin',(8.26112958517401,-3.92305176426385,3.5));
#5951=CARTESIAN_POINT('',(8.20623527110637,-4.06264622791855,-3.5));
#5952=CARTESIAN_POINT('',(8.20623527110637,-4.06264622791855,0.));
#5953=CARTESIAN_POINT('Origin',(8.26112958517401,-3.92305176426385,-3.5));
#5954=CARTESIAN_POINT('Origin',(7.84027317732209,-4.99327598561654,0.));
#5955=CARTESIAN_POINT('',(7.93200763355897,-3.99749248026062,3.5));
#5956=CARTESIAN_POINT('Origin',(7.84027317732209,-4.99327598561654,3.5));
#5957=CARTESIAN_POINT('',(7.93200763355897,-3.99749248026062,-3.5));
#5958=CARTESIAN_POINT('',(7.93200763355897,-3.99749248026062,0.));
#5959=CARTESIAN_POINT('Origin',(7.84027317732209,-4.99327598561654,-3.5));
#5960=CARTESIAN_POINT('Origin',(7.52802728080085,-5.19282220258398,0.));
#5961=CARTESIAN_POINT('',(7.62147247551967,-5.07548510025073,-3.5));
#5962=CARTESIAN_POINT('',(7.65150092494447,-5.27799414163609,-3.5));
#5963=CARTESIAN_POINT('Origin',(7.52802728080085,-5.19282220258398,-3.5));
#5964=CARTESIAN_POINT('',(7.62147247551967,-5.07548510025073,3.5));
#5965=CARTESIAN_POINT('',(7.62147247551967,-5.07548510025073,0.));
#5966=CARTESIAN_POINT('',(7.65150092494447,-5.27799414163609,3.5));
#5967=CARTESIAN_POINT('Origin',(7.52802728080085,-5.19282220258398,3.5));
#5968=CARTESIAN_POINT('',(7.65150092494447,-5.27799414163609,0.));
#5969=CARTESIAN_POINT('Origin',(8.24444044031174,-4.29323775136241,0.));
#5970=CARTESIAN_POINT('',(7.42793385612244,-4.87057387354386,-3.5));
#5971=CARTESIAN_POINT('Origin',(8.24444044031174,-4.29323775136241,-3.5));
#5972=CARTESIAN_POINT('',(7.42793385612244,-4.87057387354386,3.5));
#5973=CARTESIAN_POINT('',(7.42793385612244,-4.87057387354386,0.));
#5974=CARTESIAN_POINT('Origin',(8.24444044031174,-4.29323775136241,3.5));
#5975=CARTESIAN_POINT('Origin',(7.8810950103475,-4.55015232573315,0.));
#5976=CARTESIAN_POINT('Origin',(7.8810950103475,-4.55015232573315,3.5));
#5977=CARTESIAN_POINT('Origin',(7.8810950103475,-4.55015232573315,-3.5));
#5978=CARTESIAN_POINT('Origin',(0.,0.,0.));
#5979=CARTESIAN_POINT('',(7.38411453965411,-5.64601992812988,3.5));
#5980=CARTESIAN_POINT('Origin',(0.,0.,3.5));
#5981=CARTESIAN_POINT('',(7.38411453965411,-5.64601992812988,-3.5));
#5982=CARTESIAN_POINT('',(7.38411453965411,-5.64601992812988,0.));
#5983=CARTESIAN_POINT('Origin',(0.,0.,-3.5));
#5984=CARTESIAN_POINT('Origin',(7.26495575761533,-5.55490909088735,0.));
#5985=CARTESIAN_POINT('',(7.18223769504889,-5.68003991093283,3.5));
#5986=CARTESIAN_POINT('Origin',(7.26495575761533,-5.55490909088735,3.5));
#5987=CARTESIAN_POINT('',(7.18223769504889,-5.68003991093283,-3.5));
#5988=CARTESIAN_POINT('',(7.18223769504889,-5.68003991093283,0.));
#5989=CARTESIAN_POINT('Origin',(7.26495575761533,-5.55490909088735,-3.5));
#5990=CARTESIAN_POINT('Origin',(6.63078394460596,-6.5142453779027,0.));
#5991=CARTESIAN_POINT('',(6.92754881516568,-5.55929479719097,3.5));
#5992=CARTESIAN_POINT('Origin',(6.63078394460596,-6.5142453779027,3.5));
#5993=CARTESIAN_POINT('',(6.92754881516568,-5.55929479719097,-3.5));
#5994=CARTESIAN_POINT('',(6.92754881516568,-5.55929479719097,0.));
#5995=CARTESIAN_POINT('Origin',(6.63078394460596,-6.5142453779027,-3.5));
#5996=CARTESIAN_POINT('Origin',(6.28387337871875,-6.64451145896828,0.));
#5997=CARTESIAN_POINT('',(6.39967232707483,-6.54916680227674,-3.5));
#5998=CARTESIAN_POINT('',(6.38694058563314,-6.75349380092727,-3.5));
#5999=CARTESIAN_POINT('Origin',(6.28387337871875,-6.64451145896828,-3.5));
#6000=CARTESIAN_POINT('',(6.39967232707483,-6.54916680227674,3.5));
#6001=CARTESIAN_POINT('',(6.39967232707483,-6.54916680227674,0.));
#6002=CARTESIAN_POINT('',(6.38694058563314,-6.75349380092727,3.5));
#6003=CARTESIAN_POINT('Origin',(6.28387337871875,-6.64451145896828,3.5));
#6004=CARTESIAN_POINT('',(6.38694058563314,-6.75349380092727,0.));
#6005=CARTESIAN_POINT('Origin',(7.1716653161153,-5.91353575766646,0.));
#6006=CARTESIAN_POINT('',(6.25296643047426,-6.30849443591258,-3.5));
#6007=CARTESIAN_POINT('Origin',(7.1716653161153,-5.91353575766646,-3.5));
#6008=CARTESIAN_POINT('',(6.25296643047426,-6.30849443591258,3.5));
#6009=CARTESIAN_POINT('',(6.25296643047426,-6.30849443591258,0.));
#6010=CARTESIAN_POINT('Origin',(7.1716653161153,-5.91353575766646,3.5));
#6011=CARTESIAN_POINT('Origin',(6.76284431200504,-6.08929236948598,0.));
#6012=CARTESIAN_POINT('Origin',(6.76284431200504,-6.08929236948598,3.5));
#6013=CARTESIAN_POINT('Origin',(6.76284431200504,-6.08929236948598,-3.5));
#6014=CARTESIAN_POINT('Origin',(0.,0.,0.));
#6015=CARTESIAN_POINT('',(6.04888037085803,-7.05788458552698,3.5));
#6016=CARTESIAN_POINT('Origin',(0.,0.,3.5));
#6017=CARTESIAN_POINT('',(6.04888037085803,-7.05788458552698,-3.5));
#6018=CARTESIAN_POINT('',(6.04888037085803,-7.05788458552698,0.));
#6019=CARTESIAN_POINT('Origin',(0.,0.,-3.5));
#6020=CARTESIAN_POINT('Origin',(5.95126850232336,-6.94399023482788,0.));
#6021=CARTESIAN_POINT('',(5.84434186751758,-7.04918859398387,3.5));
#6022=CARTESIAN_POINT('Origin',(5.95126850232336,-6.94399023482788,3.5));
#6023=CARTESIAN_POINT('',(5.84434186751758,-7.04918859398387,-3.5));
#6024=CARTESIAN_POINT('',(5.84434186751758,-7.04918859398387,0.));
#6025=CARTESIAN_POINT('Origin',(5.95126850232336,-6.94399023482788,-3.5));
#6026=CARTESIAN_POINT('Origin',(5.13149763547904,-7.75051098835709,0.));
#6027=CARTESIAN_POINT('',(5.62032287148228,-6.87812925502794,3.5));
#6028=CARTESIAN_POINT('Origin',(5.13149763547904,-7.75051098835709,3.5));
#6029=CARTESIAN_POINT('',(5.62032287148228,-6.87812925502794,-3.5));
#6030=CARTESIAN_POINT('',(5.62032287148228,-6.87812925502794,0.));
#6031=CARTESIAN_POINT('Origin',(5.13149763547904,-7.75051098835709,-3.5));
#6032=CARTESIAN_POINT('Origin',(4.76508405661671,-7.80580368069223,0.));
#6033=CARTESIAN_POINT('',(4.89817578890188,-7.73661848865424,-3.5));
#6034=CARTESIAN_POINT('',(4.84324029478838,-7.9338333742592,-3.5));
#6035=CARTESIAN_POINT('Origin',(4.76508405661671,-7.80580368069223,-3.5));
#6036=CARTESIAN_POINT('',(4.89817578890188,-7.73661848865424,3.5));
#6037=CARTESIAN_POINT('',(4.89817578890188,-7.73661848865424,0.));
#6038=CARTESIAN_POINT('',(4.84324029478838,-7.9338333742592,3.5));
#6039=CARTESIAN_POINT('Origin',(4.76508405661671,-7.80580368069223,3.5));
#6040=CARTESIAN_POINT('',(4.84324029478838,-7.9338333742592,0.));
#6041=CARTESIAN_POINT('Origin',(5.78545400413632,-7.27538387506763,0.));
#6042=CARTESIAN_POINT('',(4.80471436675242,-7.47070351991704,-3.5));
#6043=CARTESIAN_POINT('Origin',(5.78545400413632,-7.27538387506763,-3.5));
#6044=CARTESIAN_POINT('',(4.80471436675242,-7.47070351991704,3.5));
#6045=CARTESIAN_POINT('',(4.80471436675242,-7.47070351991704,0.));
#6046=CARTESIAN_POINT('Origin',(5.78545400413632,-7.27538387506763,3.5));
#6047=CARTESIAN_POINT('Origin',(5.34902486550048,-7.36230111702562,0.));
#6048=CARTESIAN_POINT('Origin',(5.34902486550048,-7.36230111702562,3.5));
#6049=CARTESIAN_POINT('Origin',(5.34902486550048,-7.36230111702562,-3.5));
#6050=CARTESIAN_POINT('Origin',(0.,0.,0.));
#6051=CARTESIAN_POINT('',(4.44928110410708,-8.16128581904877,3.5));
#6052=CARTESIAN_POINT('Origin',(0.,0.,3.5));
#6053=CARTESIAN_POINT('',(4.44928110410708,-8.16128581904877,-3.5));
#6054=CARTESIAN_POINT('',(4.44928110410708,-8.16128581904877,0.));
#6055=CARTESIAN_POINT('Origin',(0.,0.,-3.5));
#6056=CARTESIAN_POINT('Origin',(4.37748225612518,-8.02958568454439,0.));
#6057=CARTESIAN_POINT('',(4.25102025611199,-8.11025390971803,3.5));
#6058=CARTESIAN_POINT('Origin',(4.37748225612518,-8.02958568454439,3.5));
#6059=CARTESIAN_POINT('',(4.25102025611199,-8.11025390971803,-3.5));
#6060=CARTESIAN_POINT('',(4.25102025611199,-8.11025390971803,0.));
#6061=CARTESIAN_POINT('Origin',(4.37748225612518,-8.02958568454439,-3.5));
#6062=CARTESIAN_POINT('Origin',(3.40794025602407,-8.64804207754227,0.));
#6063=CARTESIAN_POINT('',(4.06746184901377,-7.89635645949418,3.5));
#6064=CARTESIAN_POINT('Origin',(3.40794025602407,-8.64804207754227,3.5));
#6065=CARTESIAN_POINT('',(4.06746184901377,-7.89635645949418,-3.5));
#6066=CARTESIAN_POINT('',(4.06746184901377,-7.89635645949418,0.));
#6067=CARTESIAN_POINT('Origin',(3.40794025602407,-8.64804207754227,-3.5));
#6068=CARTESIAN_POINT('Origin',(3.03803769583033,-8.62594482516814,0.));
#6069=CARTESIAN_POINT('',(3.18260546469874,-8.58594282266314,-3.5));
#6070=CARTESIAN_POINT('',(3.08786716261595,-8.76742635837958,-3.5));
#6071=CARTESIAN_POINT('Origin',(3.03803769583033,-8.62594482516814,-3.5));
#6072=CARTESIAN_POINT('',(3.18260546469874,-8.58594282266314,3.5));
#6073=CARTESIAN_POINT('',(3.18260546469874,-8.58594282266314,0.));
#6074=CARTESIAN_POINT('',(3.08786716261595,-8.76742635837958,3.5));
#6075=CARTESIAN_POINT('Origin',(3.03803769583033,-8.62594482516814,3.5));
#6076=CARTESIAN_POINT('',(3.08786716261595,-8.76742635837958,0.));
#6077=CARTESIAN_POINT('Origin',(4.14639059048815,-8.31926280596318,0.));
#6078=CARTESIAN_POINT('',(3.14647322962598,-8.30640701168833,-3.5));
#6079=CARTESIAN_POINT('Origin',(4.14639059048815,-8.31926280596318,-3.5));
#6080=CARTESIAN_POINT('',(3.14647322962598,-8.30640701168833,3.5));
#6081=CARTESIAN_POINT('',(3.14647322962598,-8.30640701168833,0.));
#6082=CARTESIAN_POINT('Origin',(4.14639059048815,-8.31926280596318,3.5));
#6083=CARTESIAN_POINT('Origin',(3.70142736490449,-8.31354197751087,0.));
#6084=CARTESIAN_POINT('Origin',(3.70142736490449,-8.31354197751087,3.5));
#6085=CARTESIAN_POINT('Origin',(3.70142736490449,-8.31354197751087,-3.5));
#6086=CARTESIAN_POINT('Origin',(0.,0.,0.));
#6087=CARTESIAN_POINT('',(2.65522690308717,-8.9079997000838,3.5));
#6088=CARTESIAN_POINT('Origin',(0.,0.,3.5));
#6089=CARTESIAN_POINT('',(2.65522690308717,-8.9079997000838,-3.5));
#6090=CARTESIAN_POINT('',(2.65522690308717,-8.9079997000838,0.));
#6091=CARTESIAN_POINT('Origin',(0.,0.,-3.5));
#6092=CARTESIAN_POINT('Origin',(2.61237902984395,-8.76424970961934,0.));
#6093=CARTESIAN_POINT('',(2.47190866085594,-8.81686221228144,3.5));
#6094=CARTESIAN_POINT('Origin',(2.61237902984395,-8.76424970961934,3.5));
#6095=CARTESIAN_POINT('',(2.47190866085594,-8.81686221228144,-3.5));
#6096=CARTESIAN_POINT('',(2.47190866085594,-8.81686221228144,0.));
#6097=CARTESIAN_POINT('Origin',(2.61237902984395,-8.76424970961934,-3.5));
#6098=CARTESIAN_POINT('Origin',(1.53543953426916,-9.16761223002884,0.));
#6099=CARTESIAN_POINT('',(2.33683322589594,-8.5694749957583,3.5));
#6100=CARTESIAN_POINT('Origin',(1.53543953426916,-9.16761223002884,3.5));
#6101=CARTESIAN_POINT('',(2.33683322589594,-8.5694749957583,-3.5));
#6102=CARTESIAN_POINT('',(2.33683322589594,-8.5694749957583,0.));
#6103=CARTESIAN_POINT('Origin',(1.53543953426916,-9.16761223002884,-3.5));
#6104=CARTESIAN_POINT('Origin',(1.17821450961389,-9.06909078890858,0.));
#6105=CARTESIAN_POINT('',(1.32794000985288,-9.06002025539695,-3.5));
#6106=CARTESIAN_POINT('',(1.1975394182066,-9.21784073985943,-3.5));
#6107=CARTESIAN_POINT('Origin',(1.17821450961389,-9.06909078890858,-3.5));
#6108=CARTESIAN_POINT('',(1.32794000985288,-9.06002025539695,3.5));
#6109=CARTESIAN_POINT('',(1.32794000985288,-9.06002025539695,0.));
#6110=CARTESIAN_POINT('',(1.1975394182066,-9.21784073985943,3.5));
#6111=CARTESIAN_POINT('Origin',(1.17821450961389,-9.06909078890858,3.5));
#6112=CARTESIAN_POINT('',(1.1975394182066,-9.21784073985944,0.));
#6113=CARTESIAN_POINT('Origin',(2.32611001144611,-8.99955003198611,0.));
#6114=CARTESIAN_POINT('',(1.3507161139112,-8.77908065848575,-3.5));
#6115=CARTESIAN_POINT('Origin',(2.32611001144611,-8.99955003198611,-3.5));
#6116=CARTESIAN_POINT('',(1.3507161139112,-8.77908065848575,3.5));
#6117=CARTESIAN_POINT('',(1.3507161139112,-8.77908065848575,0.));
#6118=CARTESIAN_POINT('Origin',(2.32611001144611,-8.99955003198611,3.5));
#6119=CARTESIAN_POINT('Origin',(1.89205972704308,-8.90144116077845,0.));
#6120=CARTESIAN_POINT('Origin',(1.89205972704308,-8.90144116077845,3.5));
#6121=CARTESIAN_POINT('Origin',(1.89205972704308,-8.90144116077845,-3.5));
#6122=CARTESIAN_POINT('Origin',(0.,0.,0.));
#6123=CARTESIAN_POINT('',(0.745126545210051,-9.26539124890009,3.5));
#6124=CARTESIAN_POINT('Origin',(0.,0.,3.5));
#6125=CARTESIAN_POINT('',(0.745126545210051,-9.26539124890009,-3.5));
#6126=CARTESIAN_POINT('',(0.74512654521005,-9.26539124890009,0.));
#6127=CARTESIAN_POINT('Origin',(0.,0.,-3.5));
#6128=CARTESIAN_POINT('Origin',(0.733102304373159,-9.11587396684782,0.));
#6129=CARTESIAN_POINT('',(0.584762795586705,-9.13813132816927,3.5));
#6130=CARTESIAN_POINT('Origin',(0.733102304373159,-9.11587396684782,3.5));
#6131=CARTESIAN_POINT('',(0.584762795586705,-9.13813132816927,-3.5));
#6132=CARTESIAN_POINT('',(0.584762795586706,-9.13813132816927,0.));
#6133=CARTESIAN_POINT('Origin',(0.733102304373159,-9.11587396684782,-3.5));
#6134=CARTESIAN_POINT('Origin',(-0.404167262989654,-9.28651373697893,0.));
#6135=CARTESIAN_POINT('',(0.504073777436532,-8.86806635380447,3.5));
#6136=CARTESIAN_POINT('Origin',(-0.404167262989654,-9.28651373697893,3.5));
#6137=CARTESIAN_POINT('',(0.504073777436532,-8.86806635380447,-3.5));
#6138=CARTESIAN_POINT('',(0.504073777436532,-8.86806635380447,0.));
#6139=CARTESIAN_POINT('Origin',(-0.404167262989654,-9.28651373697893,-3.5));
#6140=CARTESIAN_POINT('Origin',(-0.733102304373162,-9.11587396684782,0.));
#6141=CARTESIAN_POINT('',(-0.584762795586708,-9.13813132816927,-3.5));
#6142=CARTESIAN_POINT('',(-0.745126545210053,-9.26539124890009,-3.5));
#6143=CARTESIAN_POINT('Origin',(-0.733102304373162,-9.11587396684782,-3.5));
#6144=CARTESIAN_POINT('',(-0.584762795586708,-9.13813132816927,3.5));
#6145=CARTESIAN_POINT('',(-0.584762795586708,-9.13813132816927,0.));
#6146=CARTESIAN_POINT('',(-0.745126545210053,-9.26539124890009,3.5));
#6147=CARTESIAN_POINT('Origin',(-0.733102304373162,-9.11587396684782,3.5));
#6148=CARTESIAN_POINT('',(-0.745126545210053,-9.26539124890009,0.));
#6149=CARTESIAN_POINT('Origin',(0.404167262989652,-9.28651373697893,0.));
#6150=CARTESIAN_POINT('',(-0.504073777436533,-8.86806635380447,-3.5));
#6151=CARTESIAN_POINT('Origin',(0.404167262989652,-9.28651373697893,-3.5));
#6152=CARTESIAN_POINT('',(-0.504073777436533,-8.86806635380447,3.5));
#6153=CARTESIAN_POINT('',(-0.504073777436533,-8.86806635380447,0.));
#6154=CARTESIAN_POINT('Origin',(0.404167262989652,-9.28651373697893,3.5));
#6155=CARTESIAN_POINT('Origin',(-1.1144658962684E-15,-9.1003046514663,0.));
#6156=CARTESIAN_POINT('Origin',(-1.1144658962684E-15,-9.1003046514663,3.5));
#6157=CARTESIAN_POINT('Origin',(-1.1144658962684E-15,-9.1003046514663,-3.5));
#6158=CARTESIAN_POINT('Origin',(0.,0.,0.));
#6159=CARTESIAN_POINT('',(-1.19753941820661,-9.21784073985943,3.5));
#6160=CARTESIAN_POINT('Origin',(0.,0.,3.5));
#6161=CARTESIAN_POINT('',(-1.19753941820661,-9.21784073985943,-3.5));
#6162=CARTESIAN_POINT('',(-1.19753941820661,-9.21784073985943,0.));
#6163=CARTESIAN_POINT('Origin',(0.,0.,-3.5));
#6164=CARTESIAN_POINT('Origin',(-1.1782145096139,-9.06909078890858,0.));
#6165=CARTESIAN_POINT('',(-1.32794000985288,-9.06002025539695,3.5));
#6166=CARTESIAN_POINT('Origin',(-1.1782145096139,-9.06909078890858,3.5));
#6167=CARTESIAN_POINT('',(-1.32794000985288,-9.06002025539695,-3.5));
#6168=CARTESIAN_POINT('',(-1.32794000985288,-9.06002025539695,0.));
#6169=CARTESIAN_POINT('Origin',(-1.1782145096139,-9.06909078890858,-3.5));
#6170=CARTESIAN_POINT('Origin',(-2.32611001144612,-8.99955003198611,0.));
#6171=CARTESIAN_POINT('',(-1.3507161139112,-8.77908065848575,3.5));
#6172=CARTESIAN_POINT('Origin',(-2.32611001144612,-8.99955003198611,3.5));
#6173=CARTESIAN_POINT('',(-1.3507161139112,-8.77908065848575,-3.5));
#6174=CARTESIAN_POINT('',(-1.3507161139112,-8.77908065848575,0.));
#6175=CARTESIAN_POINT('Origin',(-2.32611001144612,-8.99955003198611,-3.5));
#6176=CARTESIAN_POINT('Origin',(-2.61237902984396,-8.76424970961934,0.));
#6177=CARTESIAN_POINT('',(-2.47190866085594,-8.81686221228144,-3.5));
#6178=CARTESIAN_POINT('',(-2.65522690308717,-8.9079997000838,-3.5));
#6179=CARTESIAN_POINT('Origin',(-2.61237902984396,-8.76424970961934,-3.5));
#6180=CARTESIAN_POINT('',(-2.47190866085594,-8.81686221228144,3.5));
#6181=CARTESIAN_POINT('',(-2.47190866085594,-8.81686221228144,0.));
#6182=CARTESIAN_POINT('',(-2.65522690308717,-8.9079997000838,3.5));
#6183=CARTESIAN_POINT('Origin',(-2.61237902984396,-8.76424970961934,3.5));
#6184=CARTESIAN_POINT('',(-2.65522690308717,-8.9079997000838,0.));
#6185=CARTESIAN_POINT('Origin',(-1.53543953426916,-9.16761223002884,0.));
#6186=CARTESIAN_POINT('',(-2.33683322589594,-8.5694749957583,-3.5));
#6187=CARTESIAN_POINT('Origin',(-1.53543953426916,-9.16761223002884,-3.5));
#6188=CARTESIAN_POINT('',(-2.33683322589594,-8.5694749957583,3.5));
#6189=CARTESIAN_POINT('',(-2.33683322589594,-8.5694749957583,0.));
#6190=CARTESIAN_POINT('Origin',(-1.53543953426916,-9.16761223002884,3.5));
#6191=CARTESIAN_POINT('Origin',(-1.89205972704308,-8.90144116077845,0.));
#6192=CARTESIAN_POINT('Origin',(-1.89205972704308,-8.90144116077845,3.5));
#6193=CARTESIAN_POINT('Origin',(-1.89205972704308,-8.90144116077845,-3.5));
#6194=CARTESIAN_POINT('Origin',(0.,0.,0.));
#6195=CARTESIAN_POINT('',(-3.08786716261595,-8.76742635837958,3.5));
#6196=CARTESIAN_POINT('Origin',(0.,0.,3.5));
#6197=CARTESIAN_POINT('',(-3.08786716261595,-8.76742635837958,-3.5));
#6198=CARTESIAN_POINT('',(-3.08786716261595,-8.76742635837958,0.));
#6199=CARTESIAN_POINT('Origin',(0.,0.,-3.5));
#6200=CARTESIAN_POINT('Origin',(-3.03803769583034,-8.62594482516814,0.));
#6201=CARTESIAN_POINT('',(-3.18260546469875,-8.58594282266314,3.5));
#6202=CARTESIAN_POINT('Origin',(-3.03803769583034,-8.62594482516814,3.5));
#6203=CARTESIAN_POINT('',(-3.18260546469875,-8.58594282266314,-3.5));
#6204=CARTESIAN_POINT('',(-3.18260546469875,-8.58594282266314,0.));
#6205=CARTESIAN_POINT('Origin',(-3.03803769583034,-8.62594482516814,-3.5));
#6206=CARTESIAN_POINT('Origin',(-4.14639059048816,-8.31926280596317,0.));
#6207=CARTESIAN_POINT('',(-3.14647322962599,-8.30640701168833,3.5));
#6208=CARTESIAN_POINT('Origin',(-4.14639059048816,-8.31926280596317,3.5));
#6209=CARTESIAN_POINT('',(-3.14647322962599,-8.30640701168833,-3.5));
#6210=CARTESIAN_POINT('',(-3.14647322962599,-8.30640701168833,0.));
#6211=CARTESIAN_POINT('Origin',(-4.14639059048816,-8.31926280596317,-3.5));
#6212=CARTESIAN_POINT('Origin',(-4.37748225612519,-8.02958568454439,0.));
#6213=CARTESIAN_POINT('',(-4.251020256112,-8.11025390971803,-3.5));
#6214=CARTESIAN_POINT('',(-4.44928110410709,-8.16128581904877,-3.5));
#6215=CARTESIAN_POINT('Origin',(-4.37748225612519,-8.02958568454439,-3.5));
#6216=CARTESIAN_POINT('',(-4.251020256112,-8.11025390971803,3.5));
#6217=CARTESIAN_POINT('',(-4.251020256112,-8.11025390971803,0.));
#6218=CARTESIAN_POINT('',(-4.44928110410709,-8.16128581904877,3.5));
#6219=CARTESIAN_POINT('Origin',(-4.37748225612519,-8.02958568454439,3.5));
#6220=CARTESIAN_POINT('',(-4.44928110410709,-8.16128581904877,0.));
#6221=CARTESIAN_POINT('Origin',(-3.40794025602408,-8.64804207754226,0.));
#6222=CARTESIAN_POINT('',(-4.06746184901377,-7.89635645949418,-3.5));
#6223=CARTESIAN_POINT('Origin',(-3.40794025602408,-8.64804207754226,-3.5));
#6224=CARTESIAN_POINT('',(-4.06746184901377,-7.89635645949418,3.5));
#6225=CARTESIAN_POINT('',(-4.06746184901377,-7.89635645949418,0.));
#6226=CARTESIAN_POINT('Origin',(-3.40794025602408,-8.64804207754226,3.5));
#6227=CARTESIAN_POINT('Origin',(-3.70142736490449,-8.31354197751087,0.));
#6228=CARTESIAN_POINT('Origin',(-3.70142736490449,-8.31354197751087,3.5));
#6229=CARTESIAN_POINT('Origin',(-3.70142736490449,-8.31354197751087,-3.5));
#6230=CARTESIAN_POINT('Origin',(0.,0.,0.));
#6231=CARTESIAN_POINT('',(-4.84324029478839,-7.9338333742592,3.5));
#6232=CARTESIAN_POINT('Origin',(0.,0.,3.5));
#6233=CARTESIAN_POINT('',(-4.84324029478839,-7.9338333742592,-3.5));
#6234=CARTESIAN_POINT('',(-4.84324029478839,-7.9338333742592,0.));
#6235=CARTESIAN_POINT('Origin',(0.,0.,-3.5));
#6236=CARTESIAN_POINT('Origin',(-4.76508405661671,-7.80580368069223,0.));
#6237=CARTESIAN_POINT('',(-4.89817578890188,-7.73661848865423,3.5));
#6238=CARTESIAN_POINT('Origin',(-4.76508405661671,-7.80580368069223,3.5));
#6239=CARTESIAN_POINT('',(-4.89817578890188,-7.73661848865423,-3.5));
#6240=CARTESIAN_POINT('',(-4.89817578890188,-7.73661848865423,0.));
#6241=CARTESIAN_POINT('Origin',(-4.76508405661671,-7.80580368069223,-3.5));
#6242=CARTESIAN_POINT('Origin',(-5.78545400413632,-7.27538387506763,0.));
#6243=CARTESIAN_POINT('',(-4.80471436675242,-7.47070351991704,3.5));
#6244=CARTESIAN_POINT('Origin',(-5.78545400413632,-7.27538387506763,3.5));
#6245=CARTESIAN_POINT('',(-4.80471436675242,-7.47070351991704,-3.5));
#6246=CARTESIAN_POINT('',(-4.80471436675242,-7.47070351991704,0.));
#6247=CARTESIAN_POINT('Origin',(-5.78545400413632,-7.27538387506763,-3.5));
#6248=CARTESIAN_POINT('Origin',(-5.95126850232336,-6.94399023482788,0.));
#6249=CARTESIAN_POINT('',(-5.84434186751758,-7.04918859398386,-3.5));
#6250=CARTESIAN_POINT('',(-6.04888037085804,-7.05788458552698,-3.5));
#6251=CARTESIAN_POINT('Origin',(-5.95126850232336,-6.94399023482788,-3.5));
#6252=CARTESIAN_POINT('',(-5.84434186751758,-7.04918859398386,3.5));
#6253=CARTESIAN_POINT('',(-5.84434186751758,-7.04918859398386,0.));
#6254=CARTESIAN_POINT('',(-6.04888037085804,-7.05788458552698,3.5));
#6255=CARTESIAN_POINT('Origin',(-5.95126850232336,-6.94399023482788,3.5));
#6256=CARTESIAN_POINT('',(-6.04888037085803,-7.05788458552698,0.));
#6257=CARTESIAN_POINT('Origin',(-5.13149763547904,-7.75051098835709,0.));
#6258=CARTESIAN_POINT('',(-5.62032287148228,-6.87812925502794,-3.5));
#6259=CARTESIAN_POINT('Origin',(-5.13149763547904,-7.75051098835709,-3.5));
#6260=CARTESIAN_POINT('',(-5.62032287148228,-6.87812925502794,3.5));
#6261=CARTESIAN_POINT('',(-5.62032287148228,-6.87812925502794,0.));
#6262=CARTESIAN_POINT('Origin',(-5.13149763547904,-7.75051098835709,3.5));
#6263=CARTESIAN_POINT('Origin',(-5.34902486550048,-7.36230111702561,0.));
#6264=CARTESIAN_POINT('Origin',(-5.34902486550048,-7.36230111702561,3.5));
#6265=CARTESIAN_POINT('Origin',(-5.34902486550048,-7.36230111702561,-3.5));
#6266=CARTESIAN_POINT('Origin',(0.,0.,0.));
#6267=CARTESIAN_POINT('',(-6.38694058563315,-6.75349380092727,3.5));
#6268=CARTESIAN_POINT('Origin',(0.,0.,3.5));
#6269=CARTESIAN_POINT('',(-6.38694058563315,-6.75349380092727,-3.5));
#6270=CARTESIAN_POINT('',(-6.38694058563315,-6.75349380092727,0.));
#6271=CARTESIAN_POINT('Origin',(0.,0.,-3.5));
#6272=CARTESIAN_POINT('Origin',(-6.28387337871876,-6.64451145896828,0.));
#6273=CARTESIAN_POINT('',(-6.39967232707483,-6.54916680227674,3.5));
#6274=CARTESIAN_POINT('Origin',(-6.28387337871876,-6.64451145896828,3.5));
#6275=CARTESIAN_POINT('',(-6.39967232707483,-6.54916680227674,-3.5));
#6276=CARTESIAN_POINT('',(-6.39967232707483,-6.54916680227674,0.));
#6277=CARTESIAN_POINT('Origin',(-6.28387337871876,-6.64451145896828,-3.5));
#6278=CARTESIAN_POINT('Origin',(-7.1716653161153,-5.91353575766646,0.));
#6279=CARTESIAN_POINT('',(-6.25296643047427,-6.30849443591257,3.5));
#6280=CARTESIAN_POINT('Origin',(-7.1716653161153,-5.91353575766646,3.5));
#6281=CARTESIAN_POINT('',(-6.25296643047427,-6.30849443591257,-3.5));
#6282=CARTESIAN_POINT('',(-6.25296643047427,-6.30849443591257,0.));
#6283=CARTESIAN_POINT('Origin',(-7.1716653161153,-5.91353575766646,-3.5));
#6284=CARTESIAN_POINT('Origin',(-7.26495575761534,-5.55490909088734,0.));
#6285=CARTESIAN_POINT('',(-7.1822376950489,-5.68003991093282,-3.5));
#6286=CARTESIAN_POINT('',(-7.38411453965412,-5.64601992812987,-3.5));
#6287=CARTESIAN_POINT('Origin',(-7.26495575761534,-5.55490909088734,-3.5));
#6288=CARTESIAN_POINT('',(-7.1822376950489,-5.68003991093282,3.5));
#6289=CARTESIAN_POINT('',(-7.1822376950489,-5.68003991093282,0.));
#6290=CARTESIAN_POINT('',(-7.38411453965412,-5.64601992812987,3.5));
#6291=CARTESIAN_POINT('Origin',(-7.26495575761534,-5.55490909088734,3.5));
#6292=CARTESIAN_POINT('',(-7.38411453965412,-5.64601992812987,0.));
#6293=CARTESIAN_POINT('Origin',(-6.63078394460597,-6.5142453779027,0.));
#6294=CARTESIAN_POINT('',(-6.92754881516568,-5.55929479719097,-3.5));
#6295=CARTESIAN_POINT('Origin',(-6.63078394460597,-6.5142453779027,-3.5));
#6296=CARTESIAN_POINT('',(-6.92754881516568,-5.55929479719097,3.5));
#6297=CARTESIAN_POINT('',(-6.92754881516568,-5.55929479719097,0.));
#6298=CARTESIAN_POINT('Origin',(-6.63078394460597,-6.5142453779027,3.5));
#6299=CARTESIAN_POINT('Origin',(-6.76284431200504,-6.08929236948598,0.));
#6300=CARTESIAN_POINT('Origin',(-6.76284431200504,-6.08929236948598,3.5));
#6301=CARTESIAN_POINT('Origin',(-6.76284431200504,-6.08929236948598,-3.5));
#6302=CARTESIAN_POINT('Origin',(0.,0.,0.));
#6303=CARTESIAN_POINT('',(-7.65150092494448,-5.27799414163608,3.5));
#6304=CARTESIAN_POINT('Origin',(0.,0.,3.5));
#6305=CARTESIAN_POINT('',(-7.65150092494448,-5.27799414163608,-3.5));
#6306=CARTESIAN_POINT('',(-7.65150092494448,-5.27799414163608,0.));
#6307=CARTESIAN_POINT('Origin',(0.,0.,-3.5));
#6308=CARTESIAN_POINT('Origin',(-7.52802728080086,-5.19282220258398,0.));
#6309=CARTESIAN_POINT('',(-7.62147247551967,-5.07548510025073,3.5));
#6310=CARTESIAN_POINT('Origin',(-7.52802728080086,-5.19282220258398,3.5));
#6311=CARTESIAN_POINT('',(-7.62147247551967,-5.07548510025073,-3.5));
#6312=CARTESIAN_POINT('',(-7.62147247551967,-5.07548510025073,0.));
#6313=CARTESIAN_POINT('Origin',(-7.52802728080086,-5.19282220258398,-3.5));
#6314=CARTESIAN_POINT('Origin',(-8.24444044031175,-4.2932377513624,0.));
#6315=CARTESIAN_POINT('',(-7.42793385612244,-4.87057387354385,3.5));
#6316=CARTESIAN_POINT('Origin',(-8.24444044031175,-4.2932377513624,3.5));
#6317=CARTESIAN_POINT('',(-7.42793385612244,-4.87057387354385,-3.5));
#6318=CARTESIAN_POINT('',(-7.42793385612244,-4.87057387354385,0.));
#6319=CARTESIAN_POINT('Origin',(-8.24444044031175,-4.2932377513624,-3.5));
#6320=CARTESIAN_POINT('Origin',(-8.26112958517402,-3.92305176426384,0.));
#6321=CARTESIAN_POINT('',(-8.20623527110638,-4.06264622791854,-3.5));
#6322=CARTESIAN_POINT('',(-8.39662747015453,-3.987397107264,-3.5));
#6323=CARTESIAN_POINT('Origin',(-8.26112958517402,-3.92305176426384,-3.5));
#6324=CARTESIAN_POINT('',(-8.20623527110638,-4.06264622791854,3.5));
#6325=CARTESIAN_POINT('',(-8.20623527110638,-4.06264622791854,0.));
#6326=CARTESIAN_POINT('',(-8.39662747015453,-3.987397107264,3.5));
#6327=CARTESIAN_POINT('Origin',(-8.26112958517402,-3.92305176426384,3.5));
#6328=CARTESIAN_POINT('',(-8.39662747015453,-3.987397107264,0.));
#6329=CARTESIAN_POINT('Origin',(-7.84027317732209,-4.99327598561653,0.));
#6330=CARTESIAN_POINT('',(-7.93200763355897,-3.99749248026061,-3.5));
#6331=CARTESIAN_POINT('Origin',(-7.84027317732209,-4.99327598561653,-3.5));
#6332=CARTESIAN_POINT('',(-7.93200763355897,-3.99749248026061,3.5));
#6333=CARTESIAN_POINT('',(-7.93200763355897,-3.99749248026061,0.));
#6334=CARTESIAN_POINT('Origin',(-7.84027317732209,-4.99327598561653,3.5));
#6335=CARTESIAN_POINT('Origin',(-7.88109501034751,-4.55015232573315,0.));
#6336=CARTESIAN_POINT('Origin',(-7.88109501034751,-4.55015232573315,3.5));
#6337=CARTESIAN_POINT('Origin',(-7.88109501034751,-4.55015232573315,-3.5));
#6338=CARTESIAN_POINT('Origin',(0.,0.,0.));
#6339=CARTESIAN_POINT('',(-8.58165395786072,-3.57182081172956,3.5));
#6340=CARTESIAN_POINT('Origin',(0.,0.,3.5));
#6341=CARTESIAN_POINT('',(-8.58165395786072,-3.57182081172956,-3.5));
#6342=CARTESIAN_POINT('',(-8.58165395786072,-3.57182081172956,0.));
#6343=CARTESIAN_POINT('Origin',(0.,0.,-3.5));
#6344=CARTESIAN_POINT('Origin',(-8.44317026722923,-3.51418169802123,0.));
#6345=CARTESIAN_POINT('',(-8.51017770490177,-3.37998034446412,3.5));
#6346=CARTESIAN_POINT('Origin',(-8.44317026722923,-3.51418169802123,3.5));
#6347=CARTESIAN_POINT('',(-8.51017770490177,-3.37998034446412,-3.5));
#6348=CARTESIAN_POINT('',(-8.51017770490177,-3.37998034446412,0.));
#6349=CARTESIAN_POINT('Origin',(-8.44317026722923,-3.51418169802123,-3.5));
#6350=CARTESIAN_POINT('Origin',(-8.95689395605208,-2.4853046540834,0.));
#6351=CARTESIAN_POINT('',(-8.27826492907688,-3.21978586129478,3.5));
#6352=CARTESIAN_POINT('Origin',(-8.95689395605208,-2.4853046540834,3.5));
#6353=CARTESIAN_POINT('',(-8.27826492907688,-3.21978586129478,-3.5));
#6354=CARTESIAN_POINT('',(-8.27826492907688,-3.21978586129478,0.));
#6355=CARTESIAN_POINT('Origin',(-8.95689395605208,-2.4853046540834,-3.5));
#6356=CARTESIAN_POINT('Origin',(-8.89625240856271,-2.11973825065105,0.));
#6357=CARTESIAN_POINT('',(-8.87158098793077,-2.2676954100047,-3.5));
#6358=CARTESIAN_POINT('',(-9.04216748872032,-2.15450589915653,-3.5));
#6359=CARTESIAN_POINT('Origin',(-8.89625240856271,-2.11973825065105,-3.5));
#6360=CARTESIAN_POINT('',(-8.87158098793077,-2.2676954100047,3.5));
#6361=CARTESIAN_POINT('',(-8.87158098793077,-2.2676954100047,0.));
#6362=CARTESIAN_POINT('',(-9.04216748872032,-2.15450589915653,3.5));
#6363=CARTESIAN_POINT('Origin',(-8.89625240856271,-2.11973825065105,3.5));
#6364=CARTESIAN_POINT('',(-9.04216748872031,-2.15450589915653,0.));
#6365=CARTESIAN_POINT('Origin',(-8.70710485038446,-3.25407647236238,0.));
#6366=CARTESIAN_POINT('',(-8.58979965637021,-2.26098055984573,-3.5));
#6367=CARTESIAN_POINT('Origin',(-8.70710485038446,-3.25407647236238,-3.5));
#6368=CARTESIAN_POINT('',(-8.58979965637021,-2.26098055984573,3.5));
#6369=CARTESIAN_POINT('',(-8.58979965637021,-2.26098055984573,0.));
#6370=CARTESIAN_POINT('Origin',(-8.70710485038446,-3.25407647236238,3.5));
#6371=CARTESIAN_POINT('Origin',(-8.65490403904812,-2.81214879129247,0.));
#6372=CARTESIAN_POINT('Origin',(-8.65490403904812,-2.81214879129247,3.5));
#6373=CARTESIAN_POINT('Origin',(-8.65490403904812,-2.81214879129247,-3.5));
#6374=CARTESIAN_POINT('Origin',(0.,0.,0.));
#6375=CARTESIAN_POINT('',(-9.13674753347398,-1.7095417728526,3.5));
#6376=CARTESIAN_POINT('Origin',(0.,0.,3.5));
#6377=CARTESIAN_POINT('',(-9.13674753347398,-1.7095417728526,-3.5));
#6378=CARTESIAN_POINT('',(-9.13674753347398,-1.7095417728526,0.));
#6379=CARTESIAN_POINT('Origin',(0.,0.,-3.5));
#6380=CARTESIAN_POINT('Origin',(-8.9893061981537,-1.68195459034025,0.));
#6381=CARTESIAN_POINT('',(-9.02694733221633,-1.53675422867928,3.5));
#6382=CARTESIAN_POINT('Origin',(-8.9893061981537,-1.68195459034025,3.5));
#6383=CARTESIAN_POINT('',(-9.02694733221633,-1.53675422867928,-3.5));
#6384=CARTESIAN_POINT('',(-9.02694733221633,-1.53675422867928,0.));
#6385=CARTESIAN_POINT('Origin',(-8.9893061981537,-1.68195459034025,-3.5));
#6386=CARTESIAN_POINT('Origin',(-9.2778882259672,-0.568751817606083,0.));
#6387=CARTESIAN_POINT('',(-8.76679610110827,-1.42827775666039,3.5));
#6388=CARTESIAN_POINT('Origin',(-9.2778882259672,-0.568751817606083,3.5));
#6389=CARTESIAN_POINT('',(-8.76679610110827,-1.42827775666039,-3.5));
#6390=CARTESIAN_POINT('',(-8.76679610110827,-1.42827775666039,0.));
#6391=CARTESIAN_POINT('Origin',(-9.2778882259672,-0.568751817606083,-3.5));
#6392=CARTESIAN_POINT('Origin',(-9.1425663127419,-0.223782003852165,0.));
#6393=CARTESIAN_POINT('',(-9.14919604501388,-0.373635421063792,-3.5));
#6394=CARTESIAN_POINT('',(-9.29252139889547,-0.227452444789575,-3.5));
#6395=CARTESIAN_POINT('Origin',(-9.1425663127419,-0.223782003852165,-3.5));
#6396=CARTESIAN_POINT('',(-9.14919604501388,-0.373635421063792,3.5));
#6397=CARTESIAN_POINT('',(-9.14919604501388,-0.373635421063792,0.));
#6398=CARTESIAN_POINT('',(-9.29252139889547,-0.227452444789575,3.5));
#6399=CARTESIAN_POINT('Origin',(-9.1425663127419,-0.223782003852165,3.5));
#6400=CARTESIAN_POINT('',(-9.29252139889547,-0.227452444789575,0.));
#6401=CARTESIAN_POINT('Origin',(-9.19339426016039,-1.37265820247464,0.));
#6402=CARTESIAN_POINT('',(-8.87217621576619,-0.425652939577137,-3.5));
#6403=CARTESIAN_POINT('Origin',(-9.19339426016039,-1.37265820247464,-3.5));
#6404=CARTESIAN_POINT('',(-8.87217621576619,-0.425652939577137,3.5));
#6405=CARTESIAN_POINT('',(-8.87217621576619,-0.425652939577137,0.));
#6406=CARTESIAN_POINT('Origin',(-9.19339426016039,-1.37265820247464,3.5));
#6407=CARTESIAN_POINT('Origin',(-9.05045223040498,-0.951240860485249,0.));
#6408=CARTESIAN_POINT('Origin',(-9.05045223040498,-0.951240860485249,3.5));
#6409=CARTESIAN_POINT('Origin',(-9.05045223040498,-0.951240860485249,-3.5));
#6410=CARTESIAN_POINT('Origin',(0.,0.,0.));
#6411=CARTESIAN_POINT('',(-9.29252139889547,0.227452444789578,3.5));
#6412=CARTESIAN_POINT('Origin',(0.,0.,3.5));
#6413=CARTESIAN_POINT('',(-9.29252139889547,0.227452444789578,-3.5));
#6414=CARTESIAN_POINT('',(-9.29252139889547,0.227452444789578,0.));
#6415=CARTESIAN_POINT('Origin',(0.,0.,-3.5));
#6416=CARTESIAN_POINT('Origin',(-9.1425663127419,0.223782003852168,0.));
#6417=CARTESIAN_POINT('',(-9.14919604501388,0.373635421063796,3.5));
#6418=CARTESIAN_POINT('Origin',(-9.1425663127419,0.223782003852168,3.5));
#6419=CARTESIAN_POINT('',(-9.14919604501388,0.373635421063796,-3.5));
#6420=CARTESIAN_POINT('',(-9.14919604501388,0.373635421063795,0.));
#6421=CARTESIAN_POINT('Origin',(-9.1425663127419,0.223782003852168,-3.5));
#6422=CARTESIAN_POINT('Origin',(-9.19339426016039,1.37265820247464,0.));
#6423=CARTESIAN_POINT('',(-8.87217621576619,0.42565293957714,3.5));
#6424=CARTESIAN_POINT('Origin',(-9.19339426016039,1.37265820247464,3.5));
#6425=CARTESIAN_POINT('',(-8.87217621576619,0.42565293957714,-3.5));
#6426=CARTESIAN_POINT('',(-8.87217621576619,0.42565293957714,0.));
#6427=CARTESIAN_POINT('Origin',(-9.19339426016039,1.37265820247464,-3.5));
#6428=CARTESIAN_POINT('Origin',(-8.98930619815369,1.68195459034026,0.));
#6429=CARTESIAN_POINT('',(-9.02694733221632,1.53675422867928,-3.5));
#6430=CARTESIAN_POINT('',(-9.13674753347398,1.70954177285261,-3.5));
#6431=CARTESIAN_POINT('Origin',(-8.98930619815369,1.68195459034026,-3.5));
#6432=CARTESIAN_POINT('',(-9.02694733221632,1.53675422867928,3.5));
#6433=CARTESIAN_POINT('',(-9.02694733221632,1.53675422867928,0.));
#6434=CARTESIAN_POINT('',(-9.13674753347398,1.70954177285261,3.5));
#6435=CARTESIAN_POINT('Origin',(-8.98930619815369,1.68195459034026,3.5));
#6436=CARTESIAN_POINT('',(-9.13674753347398,1.70954177285261,0.));
#6437=CARTESIAN_POINT('Origin',(-9.2778882259672,0.568751817606087,0.));
#6438=CARTESIAN_POINT('',(-8.76679610110827,1.42827775666039,-3.5));
#6439=CARTESIAN_POINT('Origin',(-9.2778882259672,0.568751817606087,-3.5));
#6440=CARTESIAN_POINT('',(-8.76679610110827,1.42827775666039,3.5));
#6441=CARTESIAN_POINT('',(-8.76679610110827,1.42827775666039,0.));
#6442=CARTESIAN_POINT('Origin',(-9.2778882259672,0.568751817606087,3.5));
#6443=CARTESIAN_POINT('Origin',(-9.05045223040497,0.951240860485253,0.));
#6444=CARTESIAN_POINT('Origin',(-9.05045223040497,0.951240860485253,3.5));
#6445=CARTESIAN_POINT('Origin',(-9.05045223040497,0.951240860485253,-3.5));
#6446=CARTESIAN_POINT('Origin',(0.,0.,0.));
#6447=CARTESIAN_POINT('',(-9.04216748872032,2.15450589915653,3.5));
#6448=CARTESIAN_POINT('Origin',(0.,0.,3.5));
#6449=CARTESIAN_POINT('',(-9.04216748872032,2.15450589915653,-3.5));
#6450=CARTESIAN_POINT('',(-9.04216748872032,2.15450589915653,0.));
#6451=CARTESIAN_POINT('Origin',(0.,0.,-3.5));
#6452=CARTESIAN_POINT('Origin',(-8.89625240856271,2.11973825065106,0.));
#6453=CARTESIAN_POINT('',(-8.87158098793077,2.26769541000471,3.5));
#6454=CARTESIAN_POINT('Origin',(-8.89625240856271,2.11973825065106,3.5));
#6455=CARTESIAN_POINT('',(-8.87158098793077,2.26769541000471,-3.5));
#6456=CARTESIAN_POINT('',(-8.87158098793077,2.26769541000471,0.));
#6457=CARTESIAN_POINT('Origin',(-8.89625240856271,2.11973825065106,-3.5));
#6458=CARTESIAN_POINT('Origin',(-8.70710485038446,3.25407647236238,0.));
#6459=CARTESIAN_POINT('',(-8.58979965637021,2.26098055984573,3.5));
#6460=CARTESIAN_POINT('Origin',(-8.70710485038446,3.25407647236238,3.5));
#6461=CARTESIAN_POINT('',(-8.58979965637021,2.26098055984573,-3.5));
#6462=CARTESIAN_POINT('',(-8.58979965637021,2.26098055984573,0.));
#6463=CARTESIAN_POINT('Origin',(-8.70710485038446,3.25407647236238,-3.5));
#6464=CARTESIAN_POINT('Origin',(-8.44317026722923,3.51418169802123,0.));
#6465=CARTESIAN_POINT('',(-8.51017770490177,3.37998034446412,-3.5));
#6466=CARTESIAN_POINT('',(-8.58165395786072,3.57182081172956,-3.5));
#6467=CARTESIAN_POINT('Origin',(-8.44317026722923,3.51418169802123,-3.5));
#6468=CARTESIAN_POINT('',(-8.51017770490177,3.37998034446412,3.5));
#6469=CARTESIAN_POINT('',(-8.51017770490177,3.37998034446412,0.));
#6470=CARTESIAN_POINT('',(-8.58165395786072,3.57182081172956,3.5));
#6471=CARTESIAN_POINT('Origin',(-8.44317026722923,3.51418169802123,3.5));
#6472=CARTESIAN_POINT('',(-8.58165395786072,3.57182081172956,0.));
#6473=CARTESIAN_POINT('Origin',(-8.95689395605208,2.48530465408341,0.));
#6474=CARTESIAN_POINT('',(-8.27826492907688,3.21978586129478,-3.5));
#6475=CARTESIAN_POINT('Origin',(-8.95689395605208,2.48530465408341,-3.5));
#6476=CARTESIAN_POINT('',(-8.27826492907688,3.21978586129478,3.5));
#6477=CARTESIAN_POINT('',(-8.27826492907688,3.21978586129478,0.));
#6478=CARTESIAN_POINT('Origin',(-8.95689395605208,2.48530465408341,3.5));
#6479=CARTESIAN_POINT('Origin',(-8.65490403904812,2.81214879129247,0.));
#6480=CARTESIAN_POINT('Origin',(-8.65490403904812,2.81214879129247,3.5));
#6481=CARTESIAN_POINT('Origin',(-8.65490403904812,2.81214879129247,-3.5));
#6482=CARTESIAN_POINT('Origin',(0.,0.,0.));
#6483=CARTESIAN_POINT('',(-8.39662747015453,3.987397107264,3.5));
#6484=CARTESIAN_POINT('Origin',(0.,0.,3.5));
#6485=CARTESIAN_POINT('',(-8.39662747015453,3.987397107264,-3.5));
#6486=CARTESIAN_POINT('',(-8.39662747015453,3.987397107264,0.));
#6487=CARTESIAN_POINT('Origin',(0.,0.,-3.5));
#6488=CARTESIAN_POINT('Origin',(-8.26112958517402,3.92305176426384,0.));
#6489=CARTESIAN_POINT('',(-8.20623527110637,4.06264622791854,3.5));
#6490=CARTESIAN_POINT('Origin',(-8.26112958517402,3.92305176426384,3.5));
#6491=CARTESIAN_POINT('',(-8.20623527110637,4.06264622791854,-3.5));
#6492=CARTESIAN_POINT('',(-8.20623527110637,4.06264622791854,0.));
#6493=CARTESIAN_POINT('Origin',(-8.26112958517402,3.92305176426384,-3.5));
#6494=CARTESIAN_POINT('Origin',(-7.84027317732209,4.99327598561653,0.));
#6495=CARTESIAN_POINT('',(-7.93200763355897,3.99749248026061,3.5));
#6496=CARTESIAN_POINT('Origin',(-7.84027317732209,4.99327598561653,3.5));
#6497=CARTESIAN_POINT('',(-7.93200763355897,3.99749248026061,-3.5));
#6498=CARTESIAN_POINT('',(-7.93200763355897,3.99749248026061,0.));
#6499=CARTESIAN_POINT('Origin',(-7.84027317732209,4.99327598561653,-3.5));
#6500=CARTESIAN_POINT('Origin',(-7.52802728080086,5.19282220258398,0.));
#6501=CARTESIAN_POINT('',(-7.62147247551967,5.07548510025073,-3.5));
#6502=CARTESIAN_POINT('',(-7.65150092494447,5.27799414163608,-3.5));
#6503=CARTESIAN_POINT('Origin',(-7.52802728080086,5.19282220258398,-3.5));
#6504=CARTESIAN_POINT('',(-7.62147247551967,5.07548510025073,3.5));
#6505=CARTESIAN_POINT('',(-7.62147247551967,5.07548510025073,0.));
#6506=CARTESIAN_POINT('',(-7.65150092494447,5.27799414163608,3.5));
#6507=CARTESIAN_POINT('Origin',(-7.52802728080086,5.19282220258398,3.5));
#6508=CARTESIAN_POINT('',(-7.65150092494447,5.27799414163608,0.));
#6509=CARTESIAN_POINT('Origin',(-8.24444044031174,4.2932377513624,0.));
#6510=CARTESIAN_POINT('',(-7.42793385612244,4.87057387354385,-3.5));
#6511=CARTESIAN_POINT('Origin',(-8.24444044031174,4.2932377513624,-3.5));
#6512=CARTESIAN_POINT('',(-7.42793385612244,4.87057387354385,3.5));
#6513=CARTESIAN_POINT('',(-7.42793385612244,4.87057387354385,0.));
#6514=CARTESIAN_POINT('Origin',(-8.24444044031174,4.2932377513624,3.5));
#6515=CARTESIAN_POINT('Origin',(-7.8810950103475,4.55015232573315,0.));
#6516=CARTESIAN_POINT('Origin',(-7.8810950103475,4.55015232573315,3.5));
#6517=CARTESIAN_POINT('Origin',(-7.8810950103475,4.55015232573315,-3.5));
#6518=CARTESIAN_POINT('Origin',(0.,0.,0.));
#6519=CARTESIAN_POINT('',(-7.38411453965411,5.64601992812988,3.5));
#6520=CARTESIAN_POINT('Origin',(0.,0.,3.5));
#6521=CARTESIAN_POINT('',(-7.38411453965411,5.64601992812988,-3.5));
#6522=CARTESIAN_POINT('',(-7.38411453965411,5.64601992812988,0.));
#6523=CARTESIAN_POINT('Origin',(0.,0.,-3.5));
#6524=CARTESIAN_POINT('Origin',(-7.26495575761533,5.55490909088735,0.));
#6525=CARTESIAN_POINT('',(-7.18223769504889,5.68003991093283,3.5));
#6526=CARTESIAN_POINT('Origin',(-7.26495575761533,5.55490909088735,3.5));
#6527=CARTESIAN_POINT('',(-7.18223769504889,5.68003991093283,-3.5));
#6528=CARTESIAN_POINT('',(-7.18223769504889,5.68003991093283,0.));
#6529=CARTESIAN_POINT('Origin',(-7.26495575761533,5.55490909088735,-3.5));
#6530=CARTESIAN_POINT('Origin',(-6.63078394460597,6.5142453779027,0.));
#6531=CARTESIAN_POINT('',(-6.92754881516568,5.55929479719097,3.5));
#6532=CARTESIAN_POINT('Origin',(-6.63078394460597,6.5142453779027,3.5));
#6533=CARTESIAN_POINT('',(-6.92754881516568,5.55929479719097,-3.5));
#6534=CARTESIAN_POINT('',(-6.92754881516568,5.55929479719097,0.));
#6535=CARTESIAN_POINT('Origin',(-6.63078394460597,6.5142453779027,-3.5));
#6536=CARTESIAN_POINT('Origin',(-6.28387337871876,6.64451145896828,0.));
#6537=CARTESIAN_POINT('',(-6.39967232707483,6.54916680227674,-3.5));
#6538=CARTESIAN_POINT('',(-6.38694058563315,6.75349380092727,-3.5));
#6539=CARTESIAN_POINT('Origin',(-6.28387337871876,6.64451145896828,-3.5));
#6540=CARTESIAN_POINT('',(-6.39967232707483,6.54916680227674,3.5));
#6541=CARTESIAN_POINT('',(-6.39967232707483,6.54916680227674,0.));
#6542=CARTESIAN_POINT('',(-6.38694058563315,6.75349380092727,3.5));
#6543=CARTESIAN_POINT('Origin',(-6.28387337871876,6.64451145896828,3.5));
#6544=CARTESIAN_POINT('',(-6.38694058563315,6.75349380092727,0.));
#6545=CARTESIAN_POINT('Origin',(-7.1716653161153,5.91353575766646,0.));
#6546=CARTESIAN_POINT('',(-6.25296643047426,6.30849443591257,-3.5));
#6547=CARTESIAN_POINT('Origin',(-7.1716653161153,5.91353575766646,-3.5));
#6548=CARTESIAN_POINT('',(-6.25296643047426,6.30849443591257,3.5));
#6549=CARTESIAN_POINT('',(-6.25296643047426,6.30849443591257,0.));
#6550=CARTESIAN_POINT('Origin',(-7.1716653161153,5.91353575766646,3.5));
#6551=CARTESIAN_POINT('Origin',(-6.76284431200504,6.08929236948598,0.));
#6552=CARTESIAN_POINT('Origin',(-6.76284431200504,6.08929236948598,3.5));
#6553=CARTESIAN_POINT('Origin',(-6.76284431200504,6.08929236948598,-3.5));
#6554=CARTESIAN_POINT('Origin',(0.,0.,0.));
#6555=CARTESIAN_POINT('',(-6.04888037085803,7.05788458552698,3.5));
#6556=CARTESIAN_POINT('Origin',(0.,0.,3.5));
#6557=CARTESIAN_POINT('',(-6.04888037085803,7.05788458552698,-3.5));
#6558=CARTESIAN_POINT('',(-6.04888037085803,7.05788458552698,0.));
#6559=CARTESIAN_POINT('Origin',(0.,0.,-3.5));
#6560=CARTESIAN_POINT('Origin',(-5.95126850232336,6.94399023482788,0.));
#6561=CARTESIAN_POINT('',(-5.84434186751758,7.04918859398387,3.5));
#6562=CARTESIAN_POINT('Origin',(-5.95126850232336,6.94399023482788,3.5));
#6563=CARTESIAN_POINT('',(-5.84434186751758,7.04918859398387,-3.5));
#6564=CARTESIAN_POINT('',(-5.84434186751758,7.04918859398387,0.));
#6565=CARTESIAN_POINT('Origin',(-5.95126850232336,6.94399023482788,-3.5));
#6566=CARTESIAN_POINT('Origin',(-5.13149763547904,7.75051098835709,0.));
#6567=CARTESIAN_POINT('',(-5.62032287148228,6.87812925502794,3.5));
#6568=CARTESIAN_POINT('Origin',(-5.13149763547904,7.75051098835709,3.5));
#6569=CARTESIAN_POINT('',(-5.62032287148228,6.87812925502794,-3.5));
#6570=CARTESIAN_POINT('',(-5.62032287148228,6.87812925502794,0.));
#6571=CARTESIAN_POINT('Origin',(-5.13149763547904,7.75051098835709,-3.5));
#6572=CARTESIAN_POINT('Origin',(-4.76508405661671,7.80580368069223,0.));
#6573=CARTESIAN_POINT('',(-4.89817578890188,7.73661848865423,-3.5));
#6574=CARTESIAN_POINT('',(-4.84324029478838,7.9338333742592,-3.5));
#6575=CARTESIAN_POINT('Origin',(-4.76508405661671,7.80580368069223,-3.5));
#6576=CARTESIAN_POINT('',(-4.89817578890188,7.73661848865423,3.5));
#6577=CARTESIAN_POINT('',(-4.89817578890188,7.73661848865423,0.));
#6578=CARTESIAN_POINT('',(-4.84324029478838,7.9338333742592,3.5));
#6579=CARTESIAN_POINT('Origin',(-4.76508405661671,7.80580368069223,3.5));
#6580=CARTESIAN_POINT('',(-4.84324029478838,7.9338333742592,0.));
#6581=CARTESIAN_POINT('Origin',(-5.78545400413632,7.27538387506763,0.));
#6582=CARTESIAN_POINT('',(-4.80471436675242,7.47070351991704,-3.5));
#6583=CARTESIAN_POINT('Origin',(-5.78545400413632,7.27538387506763,-3.5));
#6584=CARTESIAN_POINT('',(-4.80471436675242,7.47070351991704,3.5));
#6585=CARTESIAN_POINT('',(-4.80471436675242,7.47070351991704,0.));
#6586=CARTESIAN_POINT('Origin',(-5.78545400413632,7.27538387506763,3.5));
#6587=CARTESIAN_POINT('Origin',(-5.34902486550048,7.36230111702562,0.));
#6588=CARTESIAN_POINT('Origin',(-5.34902486550048,7.36230111702562,3.5));
#6589=CARTESIAN_POINT('Origin',(-5.34902486550048,7.36230111702562,-3.5));
#6590=CARTESIAN_POINT('Origin',(0.,0.,0.));
#6591=CARTESIAN_POINT('',(-4.44928110410708,8.16128581904877,3.5));
#6592=CARTESIAN_POINT('Origin',(0.,0.,3.5));
#6593=CARTESIAN_POINT('',(-4.44928110410708,8.16128581904877,-3.5));
#6594=CARTESIAN_POINT('',(-4.44928110410708,8.16128581904877,0.));
#6595=CARTESIAN_POINT('Origin',(0.,0.,-3.5));
#6596=CARTESIAN_POINT('Origin',(-4.37748225612518,8.02958568454439,0.));
#6597=CARTESIAN_POINT('',(-4.251020256112,8.11025390971803,3.5));
#6598=CARTESIAN_POINT('Origin',(-4.37748225612518,8.02958568454439,3.5));
#6599=CARTESIAN_POINT('',(-4.251020256112,8.11025390971803,-3.5));
#6600=CARTESIAN_POINT('',(-4.251020256112,8.11025390971803,0.));
#6601=CARTESIAN_POINT('Origin',(-4.37748225612518,8.02958568454439,-3.5));
#6602=CARTESIAN_POINT('Origin',(-3.40794025602408,8.64804207754227,0.));
#6603=CARTESIAN_POINT('',(-4.06746184901377,7.89635645949418,3.5));
#6604=CARTESIAN_POINT('Origin',(-3.40794025602408,8.64804207754227,3.5));
#6605=CARTESIAN_POINT('',(-4.06746184901377,7.89635645949418,-3.5));
#6606=CARTESIAN_POINT('',(-4.06746184901377,7.89635645949418,0.));
#6607=CARTESIAN_POINT('Origin',(-3.40794025602408,8.64804207754227,-3.5));
#6608=CARTESIAN_POINT('Origin',(-3.03803769583034,8.62594482516814,0.));
#6609=CARTESIAN_POINT('',(-3.18260546469875,8.58594282266314,-3.5));
#6610=CARTESIAN_POINT('',(-3.08786716261595,8.76742635837958,-3.5));
#6611=CARTESIAN_POINT('Origin',(-3.03803769583034,8.62594482516814,-3.5));
#6612=CARTESIAN_POINT('',(-3.18260546469875,8.58594282266314,3.5));
#6613=CARTESIAN_POINT('',(-3.18260546469875,8.58594282266314,0.));
#6614=CARTESIAN_POINT('',(-3.08786716261595,8.76742635837958,3.5));
#6615=CARTESIAN_POINT('Origin',(-3.03803769583034,8.62594482516814,3.5));
#6616=CARTESIAN_POINT('',(-3.08786716261595,8.76742635837958,0.));
#6617=CARTESIAN_POINT('Origin',(-4.14639059048816,8.31926280596318,0.));
#6618=CARTESIAN_POINT('',(-3.14647322962599,8.30640701168833,-3.5));
#6619=CARTESIAN_POINT('Origin',(-4.14639059048816,8.31926280596318,-3.5));
#6620=CARTESIAN_POINT('',(-3.14647322962599,8.30640701168833,3.5));
#6621=CARTESIAN_POINT('',(-3.14647322962599,8.30640701168833,0.));
#6622=CARTESIAN_POINT('Origin',(-4.14639059048816,8.31926280596318,3.5));
#6623=CARTESIAN_POINT('Origin',(-3.70142736490449,8.31354197751087,0.));
#6624=CARTESIAN_POINT('Origin',(-3.70142736490449,8.31354197751087,3.5));
#6625=CARTESIAN_POINT('Origin',(-3.70142736490449,8.31354197751087,-3.5));
#6626=CARTESIAN_POINT('Origin',(0.,0.,0.));
#6627=CARTESIAN_POINT('',(-2.65522690308717,8.9079997000838,3.5));
#6628=CARTESIAN_POINT('Origin',(0.,0.,3.5));
#6629=CARTESIAN_POINT('',(-2.65522690308717,8.9079997000838,-3.5));
#6630=CARTESIAN_POINT('',(-2.65522690308717,8.9079997000838,0.));
#6631=CARTESIAN_POINT('Origin',(0.,0.,-3.5));
#6632=CARTESIAN_POINT('Origin',(-2.61237902984396,8.76424970961934,0.));
#6633=CARTESIAN_POINT('',(-2.47190866085594,8.81686221228144,3.5));
#6634=CARTESIAN_POINT('Origin',(-2.61237902984396,8.76424970961934,3.5));
#6635=CARTESIAN_POINT('',(-2.47190866085594,8.81686221228144,-3.5));
#6636=CARTESIAN_POINT('',(-2.47190866085594,8.81686221228144,0.));
#6637=CARTESIAN_POINT('Origin',(-2.61237902984396,8.76424970961934,-3.5));
#6638=CARTESIAN_POINT('Origin',(-1.53543953426916,9.16761223002884,0.));
#6639=CARTESIAN_POINT('',(-2.33683322589594,8.5694749957583,3.5));
#6640=CARTESIAN_POINT('Origin',(-1.53543953426916,9.16761223002884,3.5));
#6641=CARTESIAN_POINT('',(-2.33683322589594,8.5694749957583,-3.5));
#6642=CARTESIAN_POINT('',(-2.33683322589594,8.5694749957583,0.));
#6643=CARTESIAN_POINT('Origin',(-1.53543953426916,9.16761223002884,-3.5));
#6644=CARTESIAN_POINT('Origin',(-1.17821450961389,9.06909078890858,0.));
#6645=CARTESIAN_POINT('',(-1.32794000985288,9.06002025539695,-3.5));
#6646=CARTESIAN_POINT('',(-1.19753941820661,9.21784073985943,-3.5));
#6647=CARTESIAN_POINT('Origin',(-1.17821450961389,9.06909078890858,-3.5));
#6648=CARTESIAN_POINT('',(-1.32794000985288,9.06002025539695,3.5));
#6649=CARTESIAN_POINT('',(-1.32794000985288,9.06002025539695,0.));
#6650=CARTESIAN_POINT('',(-1.19753941820661,9.21784073985943,3.5));
#6651=CARTESIAN_POINT('Origin',(-1.17821450961389,9.06909078890858,3.5));
#6652=CARTESIAN_POINT('',(-1.19753941820661,9.21784073985943,0.));
#6653=CARTESIAN_POINT('Origin',(-2.32611001144612,8.99955003198611,0.));
#6654=CARTESIAN_POINT('',(-1.3507161139112,8.77908065848575,-3.5));
#6655=CARTESIAN_POINT('Origin',(-2.32611001144612,8.99955003198611,-3.5));
#6656=CARTESIAN_POINT('',(-1.3507161139112,8.77908065848575,3.5));
#6657=CARTESIAN_POINT('',(-1.3507161139112,8.77908065848575,0.));
#6658=CARTESIAN_POINT('Origin',(-2.32611001144612,8.99955003198611,3.5));
#6659=CARTESIAN_POINT('Origin',(-1.89205972704308,8.90144116077845,0.));
#6660=CARTESIAN_POINT('Origin',(-1.89205972704308,8.90144116077845,3.5));
#6661=CARTESIAN_POINT('Origin',(-1.89205972704308,8.90144116077845,-3.5));
#6662=CARTESIAN_POINT('Origin',(0.,0.,0.));
#6663=CARTESIAN_POINT('',(-0.745126545210051,9.26539124890009,3.5));
#6664=CARTESIAN_POINT('Origin',(0.,0.,3.5));
#6665=CARTESIAN_POINT('',(-0.745126545210051,9.26539124890009,-3.5));
#6666=CARTESIAN_POINT('',(-0.745126545210051,9.26539124890009,0.));
#6667=CARTESIAN_POINT('Origin',(0.,0.,-3.5));
#6668=CARTESIAN_POINT('Origin',(0.733102304373161,9.11587396684782,0.));
#6669=CARTESIAN_POINT('',(0.584762795586707,9.13813132816927,3.5));
#6670=CARTESIAN_POINT('Origin',(0.733102304373161,9.11587396684782,3.5));
#6671=CARTESIAN_POINT('',(0.584762795586707,9.13813132816927,-3.5));
#6672=CARTESIAN_POINT('Origin',(0.733102304373161,9.11587396684782,-3.5));
#6673=CARTESIAN_POINT('',(0.584762795586707,9.13813132816927,0.));
#6674=CARTESIAN_POINT('Origin',(-0.73310230437316,9.11587396684782,0.));
#6675=CARTESIAN_POINT('',(-0.584762795586706,9.13813132816927,-3.5));
#6676=CARTESIAN_POINT('Origin',(-0.73310230437316,9.11587396684782,-3.5));
#6677=CARTESIAN_POINT('',(-0.584762795586706,9.13813132816927,3.5));
#6678=CARTESIAN_POINT('Origin',(-0.73310230437316,9.11587396684782,3.5));
#6679=CARTESIAN_POINT('',(-0.584762795586707,9.13813132816927,0.));
#6680=CARTESIAN_POINT('Origin',(0.404167262989653,9.28651373697893,0.));
#6681=CARTESIAN_POINT('',(-0.504073777436533,8.86806635380447,3.5));
#6682=CARTESIAN_POINT('Origin',(0.404167262989653,9.28651373697893,3.5));
#6683=CARTESIAN_POINT('',(-0.504073777436533,8.86806635380447,-3.5));
#6684=CARTESIAN_POINT('',(-0.504073777436533,8.86806635380447,0.));
#6685=CARTESIAN_POINT('Origin',(0.404167262989653,9.28651373697893,-3.5));
#6686=CARTESIAN_POINT('Origin',(-0.404167262989653,9.28651373697893,0.));
#6687=CARTESIAN_POINT('',(0.504073777436532,8.86806635380447,-3.5));
#6688=CARTESIAN_POINT('Origin',(-0.404167262989653,9.28651373697893,-3.5));
#6689=CARTESIAN_POINT('',(0.504073777436532,8.86806635380447,3.5));
#6690=CARTESIAN_POINT('',(0.504073777436532,8.86806635380447,0.));
#6691=CARTESIAN_POINT('Origin',(-0.404167262989653,9.28651373697893,3.5));
#6692=CARTESIAN_POINT('Origin',(0.,9.1003046514663,0.));
#6693=CARTESIAN_POINT('Origin',(0.,9.1003046514663,3.5));
#6694=CARTESIAN_POINT('Origin',(0.,9.1003046514663,-3.5));
#6695=CARTESIAN_POINT('Origin',(-1.22464679914735E-16,-5.5,8.5));
#6696=CARTESIAN_POINT('',(1.666,-3.63654286376498,8.5));
#6697=CARTESIAN_POINT('Ctrl Pts',(1.666,-3.63654286376498,8.5));
#6698=CARTESIAN_POINT('Ctrl Pts',(1.666,-3.63654286376498,8.71215257425869));
#6699=CARTESIAN_POINT('Ctrl Pts',(1.62306969361665,-3.65707498068503,8.93636626303899));
#6700=CARTESIAN_POINT('Ctrl Pts',(1.45232491701002,-3.72817707926124,9.34588643784785));
#6701=CARTESIAN_POINT('Ctrl Pts',(1.32461459599392,-3.77742250014388,9.53146519891966));
#6702=CARTESIAN_POINT('Ctrl Pts',(1.03164201001145,-3.86771025481122,9.82443778490213));
#6703=CARTESIAN_POINT('Ctrl Pts',(0.845997344622554,-3.91501921913815,9.95228159626854));
#6704=CARTESIAN_POINT('Ctrl Pts',(0.436216177089197,-3.98155779148738,10.1231293494003));
#6705=CARTESIAN_POINT('Ctrl Pts',(0.211896657455487,-4.,10.166));
#6706=CARTESIAN_POINT('Ctrl Pts',(-0.211896657455487,-4.,10.166));
#6707=CARTESIAN_POINT('Ctrl Pts',(-0.436216177089197,-3.98155779148738,
10.1231293494003));
#6708=CARTESIAN_POINT('Ctrl Pts',(-0.845997344622554,-3.91501921913815,
9.95228159626854));
#6709=CARTESIAN_POINT('Ctrl Pts',(-1.03164201001145,-3.86771025481122,9.82443778490213));
#6710=CARTESIAN_POINT('Ctrl Pts',(-1.32461459599392,-3.77742250014388,9.53146519891966));
#6711=CARTESIAN_POINT('Ctrl Pts',(-1.45232491701002,-3.72817707926124,9.34588643784785));
#6712=CARTESIAN_POINT('Ctrl Pts',(-1.62306969361665,-3.65707498068503,8.93636626303899));
#6713=CARTESIAN_POINT('Ctrl Pts',(-1.666,-3.63654286376498,8.71215257425869));
#6714=CARTESIAN_POINT('Ctrl Pts',(-1.666,-3.63654286376498,8.28784742574131));
#6715=CARTESIAN_POINT('Ctrl Pts',(-1.62306969361665,-3.65707498068503,8.06363373696101));
#6716=CARTESIAN_POINT('Ctrl Pts',(-1.45232491701002,-3.72817707926124,7.65411356215215));
#6717=CARTESIAN_POINT('Ctrl Pts',(-1.32461459599392,-3.77742250014388,7.46853480108034));
#6718=CARTESIAN_POINT('Ctrl Pts',(-1.03164201001145,-3.86771025481122,7.17556221509787));
#6719=CARTESIAN_POINT('Ctrl Pts',(-0.845997344622554,-3.91501921913815,
7.04771840373146));
#6720=CARTESIAN_POINT('Ctrl Pts',(-0.436216177089197,-3.98155779148738,
6.87687065059971));
#6721=CARTESIAN_POINT('Ctrl Pts',(-0.211896657455487,-4.,6.834));
#6722=CARTESIAN_POINT('Ctrl Pts',(0.211896657455487,-4.,6.834));
#6723=CARTESIAN_POINT('Ctrl Pts',(0.436216177089197,-3.98155779148738,6.87687065059971));
#6724=CARTESIAN_POINT('Ctrl Pts',(0.845997344622554,-3.91501921913815,7.04771840373146));
#6725=CARTESIAN_POINT('Ctrl Pts',(1.03164201001145,-3.86771025481122,7.17556221509787));
#6726=CARTESIAN_POINT('Ctrl Pts',(1.32461459599392,-3.77742250014388,7.46853480108034));
#6727=CARTESIAN_POINT('Ctrl Pts',(1.45232491701002,-3.72817707926124,7.65411356215215));
#6728=CARTESIAN_POINT('Ctrl Pts',(1.62306969361665,-3.65707498068503,8.06363373696101));
#6729=CARTESIAN_POINT('Ctrl Pts',(1.666,-3.63654286376498,8.28784742574131));
#6730=CARTESIAN_POINT('Ctrl Pts',(1.666,-3.63654286376498,8.5));
#6731=CARTESIAN_POINT('',(1.666,-7.6711761810038,8.5));
#6732=CARTESIAN_POINT('',(1.666,-5.5,8.5));
#6733=CARTESIAN_POINT('Ctrl Pts',(1.666,-7.6711761810038,8.5));
#6734=CARTESIAN_POINT('Ctrl Pts',(1.666,-7.6711761810038,8.29011751354098));
#6735=CARTESIAN_POINT('Ctrl Pts',(1.62392387839267,-7.68068383208281,8.06669790756212));
#6736=CARTESIAN_POINT('Ctrl Pts',(1.45370807229742,-7.71471098507249,7.65642873298061));
#6737=CARTESIAN_POINT('Ctrl Pts',(1.32560172290952,-7.73870507501162,7.46952192799594));
#6738=CARTESIAN_POINT('Ctrl Pts',(1.03048860711524,-7.78349961236695,7.17440881220167));
#6739=CARTESIAN_POINT('Ctrl Pts',(0.843577347587633,-7.80725565491985,7.046294218542));
#6740=CARTESIAN_POINT('Ctrl Pts',(0.433292620898795,-7.8407347299052,6.87607242389614));
#6741=CARTESIAN_POINT('Ctrl Pts',(0.209867501991832,-7.85,6.834));
#6742=CARTESIAN_POINT('Ctrl Pts',(-0.209867501991834,-7.85,6.834));
#6743=CARTESIAN_POINT('Ctrl Pts',(-0.433292620898797,-7.8407347299052,6.87607242389614));
#6744=CARTESIAN_POINT('Ctrl Pts',(-0.843577347587636,-7.80725565491985,
7.046294218542));
#6745=CARTESIAN_POINT('Ctrl Pts',(-1.03048860711525,-7.78349961236695,7.17440881220167));
#6746=CARTESIAN_POINT('Ctrl Pts',(-1.32560172290952,-7.73870507501162,7.46952192799594));
#6747=CARTESIAN_POINT('Ctrl Pts',(-1.45370807229742,-7.71471098507249,7.65642873298061));
#6748=CARTESIAN_POINT('Ctrl Pts',(-1.62392387839267,-7.68068383208281,8.06669790756212));
#6749=CARTESIAN_POINT('Ctrl Pts',(-1.666,-7.6711761810038,8.29011751354098));
#6750=CARTESIAN_POINT('Ctrl Pts',(-1.666,-7.6711761810038,8.70988248645901));
#6751=CARTESIAN_POINT('Ctrl Pts',(-1.62392387839267,-7.68068383208281,8.93330209243788));
#6752=CARTESIAN_POINT('Ctrl Pts',(-1.45370807229742,-7.71471098507249,9.34357126701939));
#6753=CARTESIAN_POINT('Ctrl Pts',(-1.32560172290952,-7.73870507501162,9.53047807200406));
#6754=CARTESIAN_POINT('Ctrl Pts',(-1.03048860711524,-7.78349961236695,9.82559118779833));
#6755=CARTESIAN_POINT('Ctrl Pts',(-0.843577347587634,-7.80725565491985,
9.953705781458));
#6756=CARTESIAN_POINT('Ctrl Pts',(-0.433292620898796,-7.8407347299052,10.1239275761039));
#6757=CARTESIAN_POINT('Ctrl Pts',(-0.209867501991833,-7.85,10.166));
#6758=CARTESIAN_POINT('Ctrl Pts',(0.209867501991833,-7.85,10.166));
#6759=CARTESIAN_POINT('Ctrl Pts',(0.433292620898795,-7.8407347299052,10.1239275761039));
#6760=CARTESIAN_POINT('Ctrl Pts',(0.843577347587634,-7.80725565491985,9.953705781458));
#6761=CARTESIAN_POINT('Ctrl Pts',(1.03048860711524,-7.78349961236695,9.82559118779833));
#6762=CARTESIAN_POINT('Ctrl Pts',(1.32560172290952,-7.73870507501162,9.53047807200406));
#6763=CARTESIAN_POINT('Ctrl Pts',(1.45370807229742,-7.71471098507249,9.34357126701938));
#6764=CARTESIAN_POINT('Ctrl Pts',(1.62392387839267,-7.68068383208281,8.93330209243788));
#6765=CARTESIAN_POINT('Ctrl Pts',(1.666,-7.6711761810038,8.70988248645901));
#6766=CARTESIAN_POINT('Ctrl Pts',(1.666,-7.6711761810038,8.5));
#6767=CARTESIAN_POINT('Origin',(0.,0.,5.15));
#6768=CARTESIAN_POINT('',(4.,4.89858719658941E-16,5.3));
#6769=CARTESIAN_POINT('Origin',(0.,0.,5.3));
#6770=CARTESIAN_POINT('',(4.3,-5.26598123633362E-16,5.));
#6771=CARTESIAN_POINT('',(4.15,5.08228421646152E-16,5.15));
#6772=CARTESIAN_POINT('Origin',(0.,0.,5.));
#6773=CARTESIAN_POINT('Origin',(0.,0.,5.));
#6774=CARTESIAN_POINT('',(4.,-4.89858719658941E-16,11.7));
#6775=CARTESIAN_POINT('Origin',(0.,0.,11.7));
#6776=CARTESIAN_POINT('',(4.,4.89858719658941E-16,5.));
#6777=CARTESIAN_POINT('',(-3.50145297333782,-1.93386325150042,8.5));
#6778=CARTESIAN_POINT('Ctrl Pts',(-3.50145297333782,-1.93386325150042,8.5));
#6779=CARTESIAN_POINT('Ctrl Pts',(-3.50145297333782,-1.93386325150042,8.20972493661777));
#6780=CARTESIAN_POINT('Ctrl Pts',(-3.58315891097058,-1.78892186248232,7.58845616595457));
#6781=CARTESIAN_POINT('Ctrl Pts',(-3.81786885429537,-1.26925619482363,6.91850781272424));
#6782=CARTESIAN_POINT('Ctrl Pts',(-4.00740634241897,-0.449066120564584,
6.51710491617911));
#6783=CARTESIAN_POINT('Ctrl Pts',(-4.00985653761772,0.447363559673934,6.51330111970468));
#6784=CARTESIAN_POINT('Ctrl Pts',(-3.84679351220302,1.1387814413279,6.85813234043362));
#6785=CARTESIAN_POINT('Ctrl Pts',(-3.70277047445133,1.52068769390592,7.24978068863603));
#6786=CARTESIAN_POINT('Ctrl Pts',(-3.56057001719402,1.83325363012768,7.75620181076662));
#6787=CARTESIAN_POINT('Ctrl Pts',(-3.46117584219032,2.0034357743383,8.49655081731133));
#6788=CARTESIAN_POINT('Ctrl Pts',(-3.58220834728447,1.79139785590263,9.404459004529));
#6789=CARTESIAN_POINT('Ctrl Pts',(-3.81726323667484,1.2712379471875,10.0826916095355));
#6790=CARTESIAN_POINT('Ctrl Pts',(-4.00629941184307,0.44916558076302,10.4796361019801));
#6791=CARTESIAN_POINT('Ctrl Pts',(-4.0085008887768,-0.294689455425155,10.4835094908975));
#6792=CARTESIAN_POINT('Ctrl Pts',(-3.91212582069847,-0.865047002727072,
10.2826767600672));
#6793=CARTESIAN_POINT('Ctrl Pts',(-3.7783842910774,-1.35105116127961,9.9677655702442));
#6794=CARTESIAN_POINT('Ctrl Pts',(-3.58296124351547,-1.79283778522741,9.41218172163081));
#6795=CARTESIAN_POINT('Ctrl Pts',(-3.50145297333782,-1.93386325150042,8.79027506338223));
#6796=CARTESIAN_POINT('Ctrl Pts',(-3.50145297333782,-1.93386325150042,8.5));
#6797=CARTESIAN_POINT('Ctrl Pts',(-3.50145297333782,-1.93386325150042,8.5));
#6798=CARTESIAN_POINT('Ctrl Pts',(-3.50145297333782,-1.93386325150042,8.79027506338223));
#6799=CARTESIAN_POINT('Ctrl Pts',(-3.58296124351547,-1.79283778522741,9.41218172163081));
#6800=CARTESIAN_POINT('Ctrl Pts',(-3.7783842910774,-1.35105116127961,9.9677655702442));
#6801=CARTESIAN_POINT('Ctrl Pts',(-3.91212582069847,-0.865047002727072,
10.2826767600672));
#6802=CARTESIAN_POINT('Ctrl Pts',(-4.0085008887768,-0.294689455425155,10.4835094908975));
#6803=CARTESIAN_POINT('Ctrl Pts',(-4.00629941184307,0.44916558076302,10.4796361019801));
#6804=CARTESIAN_POINT('Ctrl Pts',(-3.81726323667484,1.2712379471875,10.0826916095355));
#6805=CARTESIAN_POINT('Ctrl Pts',(-3.58220834728447,1.79139785590263,9.404459004529));
#6806=CARTESIAN_POINT('Ctrl Pts',(-3.46117584219032,2.0034357743383,8.49655081731133));
#6807=CARTESIAN_POINT('Ctrl Pts',(-3.56057001719402,1.83325363012768,7.75620181076662));
#6808=CARTESIAN_POINT('Ctrl Pts',(-3.70277047445133,1.52068769390592,7.24978068863603));
#6809=CARTESIAN_POINT('Ctrl Pts',(-3.84679351220302,1.1387814413279,6.85813234043362));
#6810=CARTESIAN_POINT('Ctrl Pts',(-4.00985653761772,0.447363559673934,6.51330111970468));
#6811=CARTESIAN_POINT('Ctrl Pts',(-4.00740634241897,-0.449066120564584,
6.51710491617911));
#6812=CARTESIAN_POINT('Ctrl Pts',(-3.81786885429537,-1.26925619482363,6.91850781272424));
#6813=CARTESIAN_POINT('Ctrl Pts',(-3.58315891097058,-1.78892186248232,7.58845616595457));
#6814=CARTESIAN_POINT('Ctrl Pts',(-3.50145297333782,-1.93386325150042,8.20972493661777));
#6815=CARTESIAN_POINT('Ctrl Pts',(-3.50145297333782,-1.93386325150042,8.5));
#6816=CARTESIAN_POINT('Ctrl Pts',(-3.64648293681354,-1.84457550100028,8.5));
#6817=CARTESIAN_POINT('Ctrl Pts',(-3.64648293681354,-1.84457550100028,8.76762468878643));
#6818=CARTESIAN_POINT('Ctrl Pts',(-3.71847464633396,-1.71716401787256,9.34270512831988));
#6819=CARTESIAN_POINT('Ctrl Pts',(-3.89588920712639,-1.30335570378436,9.8764309906384));
#6820=CARTESIAN_POINT('Ctrl Pts',(-4.01890325718728,-0.837626318886887,
10.1844859447784));
#6821=CARTESIAN_POINT('Ctrl Pts',(-4.10779918570405,-0.286650500501587,
10.3833100649548));
#6822=CARTESIAN_POINT('Ctrl Pts',(-4.10590165376796,0.436629560182491,10.3793976606342));
#6823=CARTESIAN_POINT('Ctrl Pts',(-3.93123494677715,1.22885893546606,9.98673112408697));
#6824=CARTESIAN_POINT('Ctrl Pts',(-3.7178020534221,1.71562539627254,9.3351480156559));
#6825=CARTESIAN_POINT('Ctrl Pts',(-3.61092316624893,1.90741118165153,8.49665697226292));
#6826=CARTESIAN_POINT('Ctrl Pts',(-3.69869345004352,1.75378903461978,7.81371032437599));
#6827=CARTESIAN_POINT('Ctrl Pts',(-3.82716947717632,1.46225782127746,7.33248122188904));
#6828=CARTESIAN_POINT('Ctrl Pts',(-3.95861525048825,1.10104074727541,6.95468026539391));
#6829=CARTESIAN_POINT('Ctrl Pts',(-4.10903597789317,0.435291023178963,6.61361596053369));
#6830=CARTESIAN_POINT('Ctrl Pts',(-4.10686702236095,-0.436794114950095,
6.61743297323589));
#6831=CARTESIAN_POINT('Ctrl Pts',(-3.93176748189873,-1.22695828235699,7.01439954431691));
#6832=CARTESIAN_POINT('Ctrl Pts',(-3.71862573152185,-1.7133663532224,7.65786409823178));
#6833=CARTESIAN_POINT('Ctrl Pts',(-3.64648293681354,-1.84457550100028,8.23237531121357));
#6834=CARTESIAN_POINT('Ctrl Pts',(-3.64648293681354,-1.84457550100028,8.5));
#6835=CARTESIAN_POINT('Ctrl Pts',(-3.79151290028926,-1.75528775050014,8.5));
#6836=CARTESIAN_POINT('Ctrl Pts',(-3.79151290028926,-1.75528775050014,8.74497431419064));
#6837=CARTESIAN_POINT('Ctrl Pts',(-3.85398804915245,-1.64149025051772,9.27322853500895));
#6838=CARTESIAN_POINT('Ctrl Pts',(-4.01339412317538,-1.25566024628911,9.7850964110326));
#6839=CARTESIAN_POINT('Ctrl Pts',(-4.12568069367609,-0.810205635046701,
10.0862951294897));
#6840=CARTESIAN_POINT('Ctrl Pts',(-4.20709748263131,-0.278611545578019,
10.2831106390121));
#6841=CARTESIAN_POINT('Ctrl Pts',(-4.20550389569284,0.424093539601962,10.2791592192884));
#6842=CARTESIAN_POINT('Ctrl Pts',(-4.04520665687946,1.18647992374461,9.89077063863841));
#6843=CARTESIAN_POINT('Ctrl Pts',(-3.85339575955972,1.63985293664244,9.2658370267828));
#6844=CARTESIAN_POINT('Ctrl Pts',(-3.76067049030754,1.81138658896475,8.4967631272145));
#6845=CARTESIAN_POINT('Ctrl Pts',(-3.83681688289303,1.67432443911189,7.87121883798535));
#6846=CARTESIAN_POINT('Ctrl Pts',(-3.95156847990131,1.403827948649,7.41518175514206));
#6847=CARTESIAN_POINT('Ctrl Pts',(-4.07043698877349,1.06330005322292,7.05122819035419));
#6848=CARTESIAN_POINT('Ctrl Pts',(-4.20821541816862,0.423218486683991,6.71393080136269));
#6849=CARTESIAN_POINT('Ctrl Pts',(-4.20632770230293,-0.424522109335605,
6.71776103029266));
#6850=CARTESIAN_POINT('Ctrl Pts',(-4.04566610950208,-1.18466036989036,7.11029127590957));
#6851=CARTESIAN_POINT('Ctrl Pts',(-3.85409255207311,-1.63781084396247,7.72727203050899));
#6852=CARTESIAN_POINT('Ctrl Pts',(-3.79151290028926,-1.75528775050014,8.25502568580936));
#6853=CARTESIAN_POINT('Ctrl Pts',(-3.79151290028926,-1.75528775050014,8.5));
#6854=CARTESIAN_POINT('Ctrl Pts',(-3.93654286376498,-1.666,8.5));
#6855=CARTESIAN_POINT('Ctrl Pts',(-3.93654286376498,-1.666,8.72232393959484));
#6856=CARTESIAN_POINT('Ctrl Pts',(-3.98950145197094,-1.56581648316288,9.20375194169802));
#6857=CARTESIAN_POINT('Ctrl Pts',(-4.13089903922437,-1.20796478879386,9.69376183142681));
#6858=CARTESIAN_POINT('Ctrl Pts',(-4.2324581301649,-0.782784951206515,9.98810431420095));
#6859=CARTESIAN_POINT('Ctrl Pts',(-4.30639577955856,-0.270572590654452,
10.1829112130694));
#6860=CARTESIAN_POINT('Ctrl Pts',(-4.30510613761772,0.411557519021433,10.1789207779425));
#6861=CARTESIAN_POINT('Ctrl Pts',(-4.15917836698177,1.14410091202317,9.79481015318984));
#6862=CARTESIAN_POINT('Ctrl Pts',(-3.98898946569734,1.56408047701234,9.19652603790971));
#6863=CARTESIAN_POINT('Ctrl Pts',(-3.91041781436616,1.71536199627797,8.49686928216609));
#6864=CARTESIAN_POINT('Ctrl Pts',(-3.97494031574253,1.594859843604,7.92872735159472));
#6865=CARTESIAN_POINT('Ctrl Pts',(-4.0759674826263,1.34539807602055,7.49788228839507));
#6866=CARTESIAN_POINT('Ctrl Pts',(-4.18225872705872,1.02555935917042,7.14777611531448));
#6867=CARTESIAN_POINT('Ctrl Pts',(-4.30739485844406,0.411145950189019,6.8142456421917));
#6868=CARTESIAN_POINT('Ctrl Pts',(-4.30578838224491,-0.412250103721116,
6.81808908734944));
#6869=CARTESIAN_POINT('Ctrl Pts',(-4.15956473710543,-1.14236245742373,7.20618300750224));
#6870=CARTESIAN_POINT('Ctrl Pts',(-3.98955937262438,-1.56225533470255,7.7966799627862));
#6871=CARTESIAN_POINT('Ctrl Pts',(-3.93654286376498,-1.666,8.27767606040516));
#6872=CARTESIAN_POINT('Ctrl Pts',(-3.93654286376498,-1.666,8.5));
#6873=CARTESIAN_POINT('',(-3.93654286376498,-1.666,8.5));
#6874=CARTESIAN_POINT('',(-3.50145297333782,-1.93386325150042,8.5));
#6875=CARTESIAN_POINT('Ctrl Pts',(-3.93654286376498,-1.666,8.5));
#6876=CARTESIAN_POINT('Ctrl Pts',(-3.93654286376498,-1.666,8.72232393959484));
#6877=CARTESIAN_POINT('Ctrl Pts',(-3.98950145197094,-1.56581648316288,9.20375194169802));
#6878=CARTESIAN_POINT('Ctrl Pts',(-4.13089903922437,-1.20796478879386,9.69376183142681));
#6879=CARTESIAN_POINT('Ctrl Pts',(-4.2324581301649,-0.782784951206515,9.98810431420095));
#6880=CARTESIAN_POINT('Ctrl Pts',(-4.30639577955856,-0.270572590654452,
10.1829112130694));
#6881=CARTESIAN_POINT('Ctrl Pts',(-4.30510613761772,0.411557519021433,10.1789207779425));
#6882=CARTESIAN_POINT('Ctrl Pts',(-4.15917836698177,1.14410091202317,9.79481015318984));
#6883=CARTESIAN_POINT('Ctrl Pts',(-3.98898946569734,1.56408047701234,9.19652603790971));
#6884=CARTESIAN_POINT('Ctrl Pts',(-3.91041781436616,1.71536199627797,8.49686928216609));
#6885=CARTESIAN_POINT('Ctrl Pts',(-3.97494031574253,1.594859843604,7.92872735159472));
#6886=CARTESIAN_POINT('Ctrl Pts',(-4.0759674826263,1.34539807602055,7.49788228839507));
#6887=CARTESIAN_POINT('Ctrl Pts',(-4.18225872705872,1.02555935917042,7.14777611531448));
#6888=CARTESIAN_POINT('Ctrl Pts',(-4.30739485844406,0.411145950189019,6.8142456421917));
#6889=CARTESIAN_POINT('Ctrl Pts',(-4.30578838224491,-0.412250103721116,
6.81808908734944));
#6890=CARTESIAN_POINT('Ctrl Pts',(-4.15956473710543,-1.14236245742373,7.20618300750224));
#6891=CARTESIAN_POINT('Ctrl Pts',(-3.98955937262438,-1.56225533470255,7.7966799627862));
#6892=CARTESIAN_POINT('Ctrl Pts',(-3.93654286376498,-1.666,8.27767606040516));
#6893=CARTESIAN_POINT('Ctrl Pts',(-3.93654286376498,-1.666,8.5));
#6894=CARTESIAN_POINT('Origin',(-5.5,-2.14313189850787E-16,8.5));
#6895=CARTESIAN_POINT('',(-7.6711761810038,-1.666,8.5));
#6896=CARTESIAN_POINT('',(-5.5,-1.666,8.5));
#6897=CARTESIAN_POINT('Ctrl Pts',(-7.6711761810038,-1.666,8.5));
#6898=CARTESIAN_POINT('Ctrl Pts',(-7.6711761810038,-1.666,8.29011751354098));
#6899=CARTESIAN_POINT('Ctrl Pts',(-7.68068383208281,-1.62392387839267,8.06669790756212));
#6900=CARTESIAN_POINT('Ctrl Pts',(-7.71471098507249,-1.45370807229742,7.65642873298061));
#6901=CARTESIAN_POINT('Ctrl Pts',(-7.73870507501162,-1.32560172290952,7.46952192799594));
#6902=CARTESIAN_POINT('Ctrl Pts',(-7.78349961236695,-1.03048860711524,7.17440881220166));
#6903=CARTESIAN_POINT('Ctrl Pts',(-7.80725565491985,-0.843577347587634,
7.046294218542));
#6904=CARTESIAN_POINT('Ctrl Pts',(-7.8407347299052,-0.433292620898795,6.87607242389614));
#6905=CARTESIAN_POINT('Ctrl Pts',(-7.85,-0.209867501991832,6.834));
#6906=CARTESIAN_POINT('Ctrl Pts',(-7.85,0.209867501991833,6.834));
#6907=CARTESIAN_POINT('Ctrl Pts',(-7.8407347299052,0.433292620898796,6.87607242389614));
#6908=CARTESIAN_POINT('Ctrl Pts',(-7.80725565491985,0.843577347587635,7.046294218542));
#6909=CARTESIAN_POINT('Ctrl Pts',(-7.78349961236695,1.03048860711525,7.17440881220167));
#6910=CARTESIAN_POINT('Ctrl Pts',(-7.73870507501162,1.32560172290952,7.46952192799594));
#6911=CARTESIAN_POINT('Ctrl Pts',(-7.71471098507249,1.45370807229742,7.65642873298061));
#6912=CARTESIAN_POINT('Ctrl Pts',(-7.68068383208281,1.62392387839267,8.06669790756212));
#6913=CARTESIAN_POINT('Ctrl Pts',(-7.6711761810038,1.666,8.29011751354098));
#6914=CARTESIAN_POINT('Ctrl Pts',(-7.6711761810038,1.666,8.70988248645901));
#6915=CARTESIAN_POINT('Ctrl Pts',(-7.68068383208281,1.62392387839267,8.93330209243788));
#6916=CARTESIAN_POINT('Ctrl Pts',(-7.71471098507249,1.45370807229742,9.34357126701939));
#6917=CARTESIAN_POINT('Ctrl Pts',(-7.73870507501162,1.32560172290952,9.53047807200406));
#6918=CARTESIAN_POINT('Ctrl Pts',(-7.78349961236695,1.03048860711524,9.82559118779833));
#6919=CARTESIAN_POINT('Ctrl Pts',(-7.80725565491985,0.843577347587634,9.953705781458));
#6920=CARTESIAN_POINT('Ctrl Pts',(-7.8407347299052,0.433292620898795,10.1239275761039));
#6921=CARTESIAN_POINT('Ctrl Pts',(-7.85,0.209867501991832,10.166));
#6922=CARTESIAN_POINT('Ctrl Pts',(-7.85,-0.209867501991834,10.166));
#6923=CARTESIAN_POINT('Ctrl Pts',(-7.8407347299052,-0.433292620898797,10.1239275761039));
#6924=CARTESIAN_POINT('Ctrl Pts',(-7.80725565491985,-0.843577347587636,
9.953705781458));
#6925=CARTESIAN_POINT('Ctrl Pts',(-7.78349961236695,-1.03048860711525,9.82559118779833));
#6926=CARTESIAN_POINT('Ctrl Pts',(-7.73870507501162,-1.32560172290952,9.53047807200406));
#6927=CARTESIAN_POINT('Ctrl Pts',(-7.71471098507249,-1.45370807229742,9.34357126701939));
#6928=CARTESIAN_POINT('Ctrl Pts',(-7.68068383208281,-1.62392387839267,8.93330209243788));
#6929=CARTESIAN_POINT('Ctrl Pts',(-7.6711761810038,-1.666,8.70988248645901));
#6930=CARTESIAN_POINT('Ctrl Pts',(-7.6711761810038,-1.666,8.5));
#6931=CARTESIAN_POINT('Origin',(0.,0.,11.85));
#6932=CARTESIAN_POINT('',(7.55,-9.24608333356252E-16,12.));
#6933=CARTESIAN_POINT('Origin',(0.,0.,12.));
#6934=CARTESIAN_POINT('',(7.85,9.61347737330672E-16,11.7));
#6935=CARTESIAN_POINT('',(7.7,9.42978035343462E-16,11.85));
#6936=CARTESIAN_POINT('Origin',(0.,0.,11.7));
#6937=CARTESIAN_POINT('Origin',(0.,0.,12.));
#6938=CARTESIAN_POINT('',(4.3,5.26598123633362E-16,12.));
#6939=CARTESIAN_POINT('Origin',(0.,0.,12.));
#6940=CARTESIAN_POINT('Origin',(0.,0.,5.));
#6941=CARTESIAN_POINT('',(7.85,9.61347737330672E-16,5.));
#6942=CARTESIAN_POINT('',(7.85,9.61347737330672E-16,5.));
#6943=CARTESIAN_POINT('Origin',(0.,0.,5.));
#6944=CARTESIAN_POINT('Origin',(0.,0.,11.85));
#6945=CARTESIAN_POINT('',(4.15,5.08228421646152E-16,11.85));
#6946=CARTESIAN_POINT('Origin',(0.,0.,5.));
#6947=CARTESIAN_POINT('',(10.5,1.28587913910472E-15,5.));
#6948=CARTESIAN_POINT('Origin',(0.,0.,5.));
#6949=CARTESIAN_POINT('Origin',(0.,0.,3.5));
#6950=CARTESIAN_POINT('',(10.5,1.28587913910472E-15,3.5));
#6951=CARTESIAN_POINT('',(10.5,1.28587913910472E-15,3.5));
#6952=CARTESIAN_POINT('Origin',(0.,0.,3.5));
#6953=CARTESIAN_POINT('Origin',(0.,0.,5.));
#6954=CARTESIAN_POINT('',(0.694592710667721,-3.93923101204883,5.));
#6955=CARTESIAN_POINT('Origin',(0.,0.,5.));
#6956=CARTESIAN_POINT('Origin',(0.,0.,3.5));
#6957=CARTESIAN_POINT('Origin',(0.,0.,-4.9));
#6958=CARTESIAN_POINT('',(0.694592710667721,-3.93923101204883,-4.8));
#6959=CARTESIAN_POINT('Origin',(0.,0.,-4.8));
#6960=CARTESIAN_POINT('',(0.729322346201106,-4.13619256265128,-5.));
#6961=CARTESIAN_POINT('',(0.711957528434414,-4.03771178735005,-4.9));
#6962=CARTESIAN_POINT('Origin',(0.,0.,-5.));
#6963=CARTESIAN_POINT('Origin',(0.,0.,-5.));
#6964=CARTESIAN_POINT('',(0.694592710667721,-3.93923101204883,-5.));
#6965=CARTESIAN_POINT('Origin',(0.,0.,-5.));
#6966=CARTESIAN_POINT('',(1.82330586550277,-10.3404814066282,-5.));
#6967=CARTESIAN_POINT('Origin',(0.,0.,-5.));
#6968=CARTESIAN_POINT('Origin',(0.,0.,-5.));
#6969=CARTESIAN_POINT('',(1.82330586550277,-10.3404814066282,-3.5));
#6970=CARTESIAN_POINT('Origin',(0.,0.,-3.5));
#6971=CARTESIAN_POINT('',(1.82330586550277,-10.3404814066282,-5.));
#6972=CARTESIAN_POINT('Origin',(0.,0.,-3.5));
#6973=CARTESIAN_POINT('',(0.,0.,0.));
#6974=UNCERTAINTY_MEASURE_WITH_UNIT(LENGTH_MEASURE(0.01),#6980,
'DISTANCE_ACCURACY_VALUE',
'Maximum model space distance between geometric entities at asserted c
onnectivities');
#6975=UNCERTAINTY_MEASURE_WITH_UNIT(LENGTH_MEASURE(0.01),#6980,
'DISTANCE_ACCURACY_VALUE',
'Maximum model space distance between geometric entities at asserted c
onnectivities');
#6976=UNCERTAINTY_MEASURE_WITH_UNIT(LENGTH_MEASURE(0.01),#6980,
'DISTANCE_ACCURACY_VALUE',
'Maximum model space distance between geometric entities at asserted c
onnectivities');
#6977=(
GEOMETRIC_REPRESENTATION_CONTEXT(3)
GLOBAL_UNCERTAINTY_ASSIGNED_CONTEXT((#6974))
GLOBAL_UNIT_ASSIGNED_CONTEXT((#6980,#6982,#6983))
REPRESENTATION_CONTEXT('','3D')
);
#6978=(
GEOMETRIC_REPRESENTATION_CONTEXT(3)
GLOBAL_UNCERTAINTY_ASSIGNED_CONTEXT((#6975))
GLOBAL_UNIT_ASSIGNED_CONTEXT((#6980,#6982,#6983))
REPRESENTATION_CONTEXT('','3D')
);
#6979=(
GEOMETRIC_REPRESENTATION_CONTEXT(3)
GLOBAL_UNCERTAINTY_ASSIGNED_CONTEXT((#6976))
GLOBAL_UNIT_ASSIGNED_CONTEXT((#6980,#6982,#6983))
REPRESENTATION_CONTEXT('','3D')
);
#6980=(
LENGTH_UNIT()
NAMED_UNIT(*)
SI_UNIT(.MILLI.,.METRE.)
);
#6981=(
LENGTH_UNIT()
NAMED_UNIT(*)
SI_UNIT($,.METRE.)
);
#6982=(
NAMED_UNIT(*)
PLANE_ANGLE_UNIT()
SI_UNIT($,.RADIAN.)
);
#6983=(
NAMED_UNIT(*)
SI_UNIT($,.STERADIAN.)
SOLID_ANGLE_UNIT()
);
#6984=SHAPE_DEFINITION_REPRESENTATION(#6986,#6989);
#6985=SHAPE_DEFINITION_REPRESENTATION(#6987,#6990);
#6986=PRODUCT_DEFINITION_SHAPE('',$,#6992);
#6987=PRODUCT_DEFINITION_SHAPE('',$,#6993);
#6988=PRODUCT_DEFINITION_SHAPE($,$,#16);
#6989=SHAPE_REPRESENTATION('',(#3699,#4272),#6977);
#6990=SHAPE_REPRESENTATION('',(#3700),#6978);
#6991=PRODUCT_DEFINITION_CONTEXT('part definition',#6999,'design');
#6992=PRODUCT_DEFINITION('GT2_30T_8mm-Bore_6mm-Belt',
'GT2_30T_8mm-Bore_6mm-Belt v2',#6994,#6991);
#6993=PRODUCT_DEFINITION('GT2 Timing Pulley v2 v1',
'GT2 Timing Pulley v2 v1',#6995,#6991);
#6994=PRODUCT_DEFINITION_FORMATION('',$,#7001);
#6995=PRODUCT_DEFINITION_FORMATION('',$,#7002);
#6996=PRODUCT_RELATED_PRODUCT_CATEGORY('GT2_30T_8mm-Bore_6mm-Belt v2',
'GT2_30T_8mm-Bore_6mm-Belt v2',(#7001));
#6997=PRODUCT_RELATED_PRODUCT_CATEGORY('GT2 Timing Pulley v2 v1',
'GT2 Timing Pulley v2 v1',(#7002));
#6998=APPLICATION_PROTOCOL_DEFINITION('international standard',
'ap242_managed_model_based_3d_engineering',2011,#6999);
#6999=APPLICATION_CONTEXT('Managed model based 3d engineering');
#7000=PRODUCT_CONTEXT('part definition',#6999,'mechanical');
#7001=PRODUCT('GT2_30T_8mm-Bore_6mm-Belt',
'GT2_30T_8mm-Bore_6mm-Belt v2',$,(#7000));
#7002=PRODUCT('GT2 Timing Pulley v2 v1','GT2 Timing Pulley v2 v1',$,(#7000));
#7003=PRESENTATION_STYLE_ASSIGNMENT((#7005));
#7004=PRESENTATION_STYLE_ASSIGNMENT((#7006));
#7005=SURFACE_STYLE_USAGE(.BOTH.,#7007);
#7006=SURFACE_STYLE_USAGE(.BOTH.,#7008);
#7007=SURFACE_SIDE_STYLE('',(#7009));
#7008=SURFACE_SIDE_STYLE('',(#7010));
#7009=SURFACE_STYLE_FILL_AREA(#7011);
#7010=SURFACE_STYLE_FILL_AREA(#7012);
#7011=FILL_AREA_STYLE('Steel - Satin',(#7013));
#7012=FILL_AREA_STYLE('Plastic - Matte (Gray)',(#7014));
#7013=FILL_AREA_STYLE_COLOUR('Steel - Satin',#7015);
#7014=FILL_AREA_STYLE_COLOUR('Plastic - Matte (Gray)',#7016);
#7015=COLOUR_RGB('Steel - Satin',0.627450980392157,0.627450980392157,0.627450980392157);
#7016=COLOUR_RGB('Plastic - Matte (Gray)',0.701960784313725,0.701960784313725,
0.701960784313725);
ENDSEC;
END-ISO-10303-21;
