ISO-10303-21;
HEADER;
/* Generated by software containing ST-Developer
 * from STEP Tools, Inc. (www.steptools.com) 
 */

FILE_DESCRIPTION(
/* description */ ('',
'CAx-IF Rec.Pracs.---Representation and Presentation of Product Manufa
cturing Information (PMI)---4.0---2014-10-13'),
/* implementation_level */ '2;1');

FILE_NAME(
/* name */ 'GT2_40T_8mm-Bore_6mm-Belt v2.step',
/* time_stamp */ '2025-01-11T10:36:44-08:00',
/* author */ (''),
/* organization */ (''),
/* preprocessor_version */ 'ST-DEVELOPER v20',
/* originating_system */ 'Autodesk Translation Framework v13.20.0.188',

/* authorisation */ '');

FILE_SCHEMA (('AP242_MANAGED_MODEL_BASED_3D_ENGINEERING_MIM_LF { 1 0 10303 442 1 1 4 }'));
ENDSEC;

DATA;
#10=MECHANICAL_DESIGN_GEOMETRIC_PRESENTATION_REPRESENTATION('',(#17),#9079);
#11=SHAPE_REPRESENTATION_RELATIONSHIP('SRR','None',#9089,#12);
#12=ADVANCED_BREP_SHAPE_REPRESENTATION('',(#18),#9077);
#13=ITEM_DEFINED_TRANSFORMATION($,$,#4840,#5592);
#14=(
REPRESENTATION_RELATIONSHIP($,$,#9090,#9089)
REPRESENTATION_RELATIONSHIP_WITH_TRANSFORMATION(#13)
SHAPE_REPRESENTATION_RELATIONSHIP()
);
#15=CONTEXT_DEPENDENT_SHAPE_REPRESENTATION(#14,#9088);
#16=NEXT_ASSEMBLY_USAGE_OCCURRENCE('GT2 Timing Pulley v2 v1:1',
'GT2 Timing Pulley v2 v1:1','GT2 Timing Pulley v2 v1:1',#9092,#9093,
'GT2 Timing Pulley v2 v1:1');
#17=STYLED_ITEM('',(#9103),#18);
#18=MANIFOLD_SOLID_BREP('Body1',#4826);
#19=PLANE('',#5571);
#20=PLANE('',#5576);
#21=PLANE('',#5580);
#22=PLANE('',#5582);
#23=PLANE('',#5587);
#24=PLANE('',#5591);
#25=B_SPLINE_SURFACE_WITH_KNOTS('',3,3,((#8897,#8898,#8899,#8900,#8901,
#8902,#8903,#8904,#8905,#8906,#8907,#8908,#8909,#8910,#8911,#8912,#8913,
#8914,#8915),(#8916,#8917,#8918,#8919,#8920,#8921,#8922,#8923,#8924,#8925,
#8926,#8927,#8928,#8929,#8930,#8931,#8932,#8933,#8934),(#8935,#8936,#8937,
#8938,#8939,#8940,#8941,#8942,#8943,#8944,#8945,#8946,#8947,#8948,#8949,
#8950,#8951,#8952,#8953),(#8954,#8955,#8956,#8957,#8958,#8959,#8960,#8961,
#8962,#8963,#8964,#8965,#8966,#8967,#8968,#8969,#8970,#8971,#8972)),
 .UNSPECIFIED.,.F.,.T.,.F.,(4,4),(4,1,1,1,1,1,1,1,1,1,1,1,1,1,1,1,4),(0.,
1.),(0.,0.0726941540081451,0.14538830801629,0.181735385020363,0.218082462024435,
0.29077661603258,0.363470770040725,0.436164924048871,0.508859078057016,
0.581553232065161,0.617900309069233,0.654247386073306,0.726941540081451,
0.799635694089596,0.872329848097741,0.945024002105886,1.01771815611403),
 .UNSPECIFIED.);
#26=FACE_BOUND('',#546,.T.);
#27=FACE_BOUND('',#547,.T.);
#28=FACE_BOUND('',#552,.T.);
#29=FACE_BOUND('',#554,.T.);
#30=FACE_BOUND('',#555,.T.);
#31=FACE_BOUND('',#558,.T.);
#32=FACE_BOUND('',#561,.T.);
#33=FACE_BOUND('',#563,.T.);
#34=FACE_BOUND('',#567,.T.);
#35=FACE_BOUND('',#570,.T.);
#36=CONICAL_SURFACE('',#5562,4.15,0.785398163397447);
#37=CONICAL_SURFACE('',#5568,7.85,0.785398163397448);
#38=CONICAL_SURFACE('',#5575,4.15,0.785398163397447);
#39=CONICAL_SURFACE('',#5583,4.1,0.785398163397449);
#40=B_SPLINE_CURVE_WITH_KNOTS('',3,(#8797,#8798,#8799,#8800,#8801,#8802,
#8803,#8804,#8805,#8806,#8807,#8808,#8809,#8810,#8811,#8812,#8813,#8814,
#8815,#8816,#8817,#8818,#8819,#8820,#8821,#8822,#8823,#8824,#8825,#8826,
#8827,#8828,#8829,#8830),.UNSPECIFIED.,.T.,.F.,(4,2,2,2,2,2,2,2,2,2,2,2,
2,2,2,2,4),(0.,0.0636457722776078,0.127291544555216,0.190860541791862,0.254429539028508,
0.317998536265154,0.3815675335018,0.445213305779408,0.508859078057016,0.572504850334624,
0.636150622612231,0.699719619848877,0.763288617085524,0.82685761432217,
0.890426611558816,0.954072383836424,1.01771815611403),.UNSPECIFIED.);
#41=B_SPLINE_CURVE_WITH_KNOTS('',3,(#8833,#8834,#8835,#8836,#8837,#8838,
#8839,#8840,#8841,#8842,#8843,#8844,#8845,#8846,#8847,#8848,#8849,#8850,
#8851,#8852,#8853,#8854,#8855,#8856,#8857,#8858,#8859,#8860,#8861,#8862,
#8863,#8864,#8865,#8866),.UNSPECIFIED.,.T.,.F.,(4,2,2,2,2,2,2,2,2,2,2,2,
2,2,2,2,4),(0.,0.0629567415461821,0.125913483092364,0.18886606432736,0.251818645562356,
0.314771226797351,0.377723808032347,0.440680549578529,0.503637291124711,
0.566594032670893,0.629550774217075,0.692503355452071,0.755455936687066,
0.818408517922062,0.881361099157058,0.94431784070324,1.00727458224942),
 .UNSPECIFIED.);
#42=B_SPLINE_CURVE_WITH_KNOTS('',3,(#8878,#8879,#8880,#8881,#8882,#8883,
#8884,#8885,#8886,#8887,#8888,#8889,#8890,#8891,#8892,#8893,#8894,#8895,
#8896),.UNSPECIFIED.,.T.,.F.,(4,1,1,1,1,1,1,1,1,1,1,1,1,1,1,1,4),(-1.01771815611403,
-0.945024002105886,-0.872329848097741,-0.799635694089596,-0.726941540081451,
-0.654247386073306,-0.617900309069233,-0.581553232065161,-0.508859078057016,
-0.436164924048871,-0.363470770040725,-0.29077661603258,-0.218082462024435,
-0.181735385020363,-0.14538830801629,-0.0726941540081451,0.),
 .UNSPECIFIED.);
#43=B_SPLINE_CURVE_WITH_KNOTS('',3,(#8975,#8976,#8977,#8978,#8979,#8980,
#8981,#8982,#8983,#8984,#8985,#8986,#8987,#8988,#8989,#8990,#8991,#8992,
#8993),.UNSPECIFIED.,.T.,.F.,(4,1,1,1,1,1,1,1,1,1,1,1,1,1,1,1,4),(0.,0.0726941540081451,
0.14538830801629,0.181735385020363,0.218082462024435,0.29077661603258,0.363470770040725,
0.436164924048871,0.508859078057016,0.581553232065161,0.617900309069233,
0.654247386073306,0.726941540081451,0.799635694089596,0.872329848097741,
0.945024002105886,1.01771815611403),.UNSPECIFIED.);
#44=B_SPLINE_CURVE_WITH_KNOTS('',3,(#8997,#8998,#8999,#9000,#9001,#9002,
#9003,#9004,#9005,#9006,#9007,#9008,#9009,#9010,#9011,#9012,#9013,#9014,
#9015,#9016,#9017,#9018,#9019,#9020,#9021,#9022,#9023,#9024,#9025,#9026,
#9027,#9028,#9029,#9030),.UNSPECIFIED.,.T.,.F.,(4,2,2,2,2,2,2,2,2,2,2,2,
2,2,2,2,4),(0.,0.0629567415461821,0.125913483092364,0.18886606432736,0.251818645562355,
0.314771226797351,0.377723808032347,0.440680549578529,0.503637291124711,
0.566594032670893,0.629550774217075,0.692503355452071,0.755455936687066,
0.818408517922062,0.881361099157058,0.94431784070324,1.00727458224942),
 .UNSPECIFIED.);
#45=FACE_OUTER_BOUND('',#303,.T.);
#46=FACE_OUTER_BOUND('',#304,.T.);
#47=FACE_OUTER_BOUND('',#305,.T.);
#48=FACE_OUTER_BOUND('',#306,.T.);
#49=FACE_OUTER_BOUND('',#307,.T.);
#50=FACE_OUTER_BOUND('',#308,.T.);
#51=FACE_OUTER_BOUND('',#309,.T.);
#52=FACE_OUTER_BOUND('',#310,.T.);
#53=FACE_OUTER_BOUND('',#311,.T.);
#54=FACE_OUTER_BOUND('',#312,.T.);
#55=FACE_OUTER_BOUND('',#313,.T.);
#56=FACE_OUTER_BOUND('',#314,.T.);
#57=FACE_OUTER_BOUND('',#315,.T.);
#58=FACE_OUTER_BOUND('',#316,.T.);
#59=FACE_OUTER_BOUND('',#317,.T.);
#60=FACE_OUTER_BOUND('',#318,.T.);
#61=FACE_OUTER_BOUND('',#319,.T.);
#62=FACE_OUTER_BOUND('',#320,.T.);
#63=FACE_OUTER_BOUND('',#321,.T.);
#64=FACE_OUTER_BOUND('',#322,.T.);
#65=FACE_OUTER_BOUND('',#323,.T.);
#66=FACE_OUTER_BOUND('',#324,.T.);
#67=FACE_OUTER_BOUND('',#325,.T.);
#68=FACE_OUTER_BOUND('',#326,.T.);
#69=FACE_OUTER_BOUND('',#327,.T.);
#70=FACE_OUTER_BOUND('',#328,.T.);
#71=FACE_OUTER_BOUND('',#329,.T.);
#72=FACE_OUTER_BOUND('',#330,.T.);
#73=FACE_OUTER_BOUND('',#331,.T.);
#74=FACE_OUTER_BOUND('',#332,.T.);
#75=FACE_OUTER_BOUND('',#333,.T.);
#76=FACE_OUTER_BOUND('',#334,.T.);
#77=FACE_OUTER_BOUND('',#335,.T.);
#78=FACE_OUTER_BOUND('',#336,.T.);
#79=FACE_OUTER_BOUND('',#337,.T.);
#80=FACE_OUTER_BOUND('',#338,.T.);
#81=FACE_OUTER_BOUND('',#339,.T.);
#82=FACE_OUTER_BOUND('',#340,.T.);
#83=FACE_OUTER_BOUND('',#341,.T.);
#84=FACE_OUTER_BOUND('',#342,.T.);
#85=FACE_OUTER_BOUND('',#343,.T.);
#86=FACE_OUTER_BOUND('',#344,.T.);
#87=FACE_OUTER_BOUND('',#345,.T.);
#88=FACE_OUTER_BOUND('',#346,.T.);
#89=FACE_OUTER_BOUND('',#347,.T.);
#90=FACE_OUTER_BOUND('',#348,.T.);
#91=FACE_OUTER_BOUND('',#349,.T.);
#92=FACE_OUTER_BOUND('',#350,.T.);
#93=FACE_OUTER_BOUND('',#351,.T.);
#94=FACE_OUTER_BOUND('',#352,.T.);
#95=FACE_OUTER_BOUND('',#353,.T.);
#96=FACE_OUTER_BOUND('',#354,.T.);
#97=FACE_OUTER_BOUND('',#355,.T.);
#98=FACE_OUTER_BOUND('',#356,.T.);
#99=FACE_OUTER_BOUND('',#357,.T.);
#100=FACE_OUTER_BOUND('',#358,.T.);
#101=FACE_OUTER_BOUND('',#359,.T.);
#102=FACE_OUTER_BOUND('',#360,.T.);
#103=FACE_OUTER_BOUND('',#361,.T.);
#104=FACE_OUTER_BOUND('',#362,.T.);
#105=FACE_OUTER_BOUND('',#363,.T.);
#106=FACE_OUTER_BOUND('',#364,.T.);
#107=FACE_OUTER_BOUND('',#365,.T.);
#108=FACE_OUTER_BOUND('',#366,.T.);
#109=FACE_OUTER_BOUND('',#367,.T.);
#110=FACE_OUTER_BOUND('',#368,.T.);
#111=FACE_OUTER_BOUND('',#369,.T.);
#112=FACE_OUTER_BOUND('',#370,.T.);
#113=FACE_OUTER_BOUND('',#371,.T.);
#114=FACE_OUTER_BOUND('',#372,.T.);
#115=FACE_OUTER_BOUND('',#373,.T.);
#116=FACE_OUTER_BOUND('',#374,.T.);
#117=FACE_OUTER_BOUND('',#375,.T.);
#118=FACE_OUTER_BOUND('',#376,.T.);
#119=FACE_OUTER_BOUND('',#377,.T.);
#120=FACE_OUTER_BOUND('',#378,.T.);
#121=FACE_OUTER_BOUND('',#379,.T.);
#122=FACE_OUTER_BOUND('',#380,.T.);
#123=FACE_OUTER_BOUND('',#381,.T.);
#124=FACE_OUTER_BOUND('',#382,.T.);
#125=FACE_OUTER_BOUND('',#383,.T.);
#126=FACE_OUTER_BOUND('',#384,.T.);
#127=FACE_OUTER_BOUND('',#385,.T.);
#128=FACE_OUTER_BOUND('',#386,.T.);
#129=FACE_OUTER_BOUND('',#387,.T.);
#130=FACE_OUTER_BOUND('',#388,.T.);
#131=FACE_OUTER_BOUND('',#389,.T.);
#132=FACE_OUTER_BOUND('',#390,.T.);
#133=FACE_OUTER_BOUND('',#391,.T.);
#134=FACE_OUTER_BOUND('',#392,.T.);
#135=FACE_OUTER_BOUND('',#393,.T.);
#136=FACE_OUTER_BOUND('',#394,.T.);
#137=FACE_OUTER_BOUND('',#395,.T.);
#138=FACE_OUTER_BOUND('',#396,.T.);
#139=FACE_OUTER_BOUND('',#397,.T.);
#140=FACE_OUTER_BOUND('',#398,.T.);
#141=FACE_OUTER_BOUND('',#399,.T.);
#142=FACE_OUTER_BOUND('',#400,.T.);
#143=FACE_OUTER_BOUND('',#401,.T.);
#144=FACE_OUTER_BOUND('',#402,.T.);
#145=FACE_OUTER_BOUND('',#403,.T.);
#146=FACE_OUTER_BOUND('',#404,.T.);
#147=FACE_OUTER_BOUND('',#405,.T.);
#148=FACE_OUTER_BOUND('',#406,.T.);
#149=FACE_OUTER_BOUND('',#407,.T.);
#150=FACE_OUTER_BOUND('',#408,.T.);
#151=FACE_OUTER_BOUND('',#409,.T.);
#152=FACE_OUTER_BOUND('',#410,.T.);
#153=FACE_OUTER_BOUND('',#411,.T.);
#154=FACE_OUTER_BOUND('',#412,.T.);
#155=FACE_OUTER_BOUND('',#413,.T.);
#156=FACE_OUTER_BOUND('',#414,.T.);
#157=FACE_OUTER_BOUND('',#415,.T.);
#158=FACE_OUTER_BOUND('',#416,.T.);
#159=FACE_OUTER_BOUND('',#417,.T.);
#160=FACE_OUTER_BOUND('',#418,.T.);
#161=FACE_OUTER_BOUND('',#419,.T.);
#162=FACE_OUTER_BOUND('',#420,.T.);
#163=FACE_OUTER_BOUND('',#421,.T.);
#164=FACE_OUTER_BOUND('',#422,.T.);
#165=FACE_OUTER_BOUND('',#423,.T.);
#166=FACE_OUTER_BOUND('',#424,.T.);
#167=FACE_OUTER_BOUND('',#425,.T.);
#168=FACE_OUTER_BOUND('',#426,.T.);
#169=FACE_OUTER_BOUND('',#427,.T.);
#170=FACE_OUTER_BOUND('',#428,.T.);
#171=FACE_OUTER_BOUND('',#429,.T.);
#172=FACE_OUTER_BOUND('',#430,.T.);
#173=FACE_OUTER_BOUND('',#431,.T.);
#174=FACE_OUTER_BOUND('',#432,.T.);
#175=FACE_OUTER_BOUND('',#433,.T.);
#176=FACE_OUTER_BOUND('',#434,.T.);
#177=FACE_OUTER_BOUND('',#435,.T.);
#178=FACE_OUTER_BOUND('',#436,.T.);
#179=FACE_OUTER_BOUND('',#437,.T.);
#180=FACE_OUTER_BOUND('',#438,.T.);
#181=FACE_OUTER_BOUND('',#439,.T.);
#182=FACE_OUTER_BOUND('',#440,.T.);
#183=FACE_OUTER_BOUND('',#441,.T.);
#184=FACE_OUTER_BOUND('',#442,.T.);
#185=FACE_OUTER_BOUND('',#443,.T.);
#186=FACE_OUTER_BOUND('',#444,.T.);
#187=FACE_OUTER_BOUND('',#445,.T.);
#188=FACE_OUTER_BOUND('',#446,.T.);
#189=FACE_OUTER_BOUND('',#447,.T.);
#190=FACE_OUTER_BOUND('',#448,.T.);
#191=FACE_OUTER_BOUND('',#449,.T.);
#192=FACE_OUTER_BOUND('',#450,.T.);
#193=FACE_OUTER_BOUND('',#451,.T.);
#194=FACE_OUTER_BOUND('',#452,.T.);
#195=FACE_OUTER_BOUND('',#453,.T.);
#196=FACE_OUTER_BOUND('',#454,.T.);
#197=FACE_OUTER_BOUND('',#455,.T.);
#198=FACE_OUTER_BOUND('',#456,.T.);
#199=FACE_OUTER_BOUND('',#457,.T.);
#200=FACE_OUTER_BOUND('',#458,.T.);
#201=FACE_OUTER_BOUND('',#459,.T.);
#202=FACE_OUTER_BOUND('',#460,.T.);
#203=FACE_OUTER_BOUND('',#461,.T.);
#204=FACE_OUTER_BOUND('',#462,.T.);
#205=FACE_OUTER_BOUND('',#463,.T.);
#206=FACE_OUTER_BOUND('',#464,.T.);
#207=FACE_OUTER_BOUND('',#465,.T.);
#208=FACE_OUTER_BOUND('',#466,.T.);
#209=FACE_OUTER_BOUND('',#467,.T.);
#210=FACE_OUTER_BOUND('',#468,.T.);
#211=FACE_OUTER_BOUND('',#469,.T.);
#212=FACE_OUTER_BOUND('',#470,.T.);
#213=FACE_OUTER_BOUND('',#471,.T.);
#214=FACE_OUTER_BOUND('',#472,.T.);
#215=FACE_OUTER_BOUND('',#473,.T.);
#216=FACE_OUTER_BOUND('',#474,.T.);
#217=FACE_OUTER_BOUND('',#475,.T.);
#218=FACE_OUTER_BOUND('',#476,.T.);
#219=FACE_OUTER_BOUND('',#477,.T.);
#220=FACE_OUTER_BOUND('',#478,.T.);
#221=FACE_OUTER_BOUND('',#479,.T.);
#222=FACE_OUTER_BOUND('',#480,.T.);
#223=FACE_OUTER_BOUND('',#481,.T.);
#224=FACE_OUTER_BOUND('',#482,.T.);
#225=FACE_OUTER_BOUND('',#483,.T.);
#226=FACE_OUTER_BOUND('',#484,.T.);
#227=FACE_OUTER_BOUND('',#485,.T.);
#228=FACE_OUTER_BOUND('',#486,.T.);
#229=FACE_OUTER_BOUND('',#487,.T.);
#230=FACE_OUTER_BOUND('',#488,.T.);
#231=FACE_OUTER_BOUND('',#489,.T.);
#232=FACE_OUTER_BOUND('',#490,.T.);
#233=FACE_OUTER_BOUND('',#491,.T.);
#234=FACE_OUTER_BOUND('',#492,.T.);
#235=FACE_OUTER_BOUND('',#493,.T.);
#236=FACE_OUTER_BOUND('',#494,.T.);
#237=FACE_OUTER_BOUND('',#495,.T.);
#238=FACE_OUTER_BOUND('',#496,.T.);
#239=FACE_OUTER_BOUND('',#497,.T.);
#240=FACE_OUTER_BOUND('',#498,.T.);
#241=FACE_OUTER_BOUND('',#499,.T.);
#242=FACE_OUTER_BOUND('',#500,.T.);
#243=FACE_OUTER_BOUND('',#501,.T.);
#244=FACE_OUTER_BOUND('',#502,.T.);
#245=FACE_OUTER_BOUND('',#503,.T.);
#246=FACE_OUTER_BOUND('',#504,.T.);
#247=FACE_OUTER_BOUND('',#505,.T.);
#248=FACE_OUTER_BOUND('',#506,.T.);
#249=FACE_OUTER_BOUND('',#507,.T.);
#250=FACE_OUTER_BOUND('',#508,.T.);
#251=FACE_OUTER_BOUND('',#509,.T.);
#252=FACE_OUTER_BOUND('',#510,.T.);
#253=FACE_OUTER_BOUND('',#511,.T.);
#254=FACE_OUTER_BOUND('',#512,.T.);
#255=FACE_OUTER_BOUND('',#513,.T.);
#256=FACE_OUTER_BOUND('',#514,.T.);
#257=FACE_OUTER_BOUND('',#515,.T.);
#258=FACE_OUTER_BOUND('',#516,.T.);
#259=FACE_OUTER_BOUND('',#517,.T.);
#260=FACE_OUTER_BOUND('',#518,.T.);
#261=FACE_OUTER_BOUND('',#519,.T.);
#262=FACE_OUTER_BOUND('',#520,.T.);
#263=FACE_OUTER_BOUND('',#521,.T.);
#264=FACE_OUTER_BOUND('',#522,.T.);
#265=FACE_OUTER_BOUND('',#523,.T.);
#266=FACE_OUTER_BOUND('',#524,.T.);
#267=FACE_OUTER_BOUND('',#525,.T.);
#268=FACE_OUTER_BOUND('',#526,.T.);
#269=FACE_OUTER_BOUND('',#527,.T.);
#270=FACE_OUTER_BOUND('',#528,.T.);
#271=FACE_OUTER_BOUND('',#529,.T.);
#272=FACE_OUTER_BOUND('',#530,.T.);
#273=FACE_OUTER_BOUND('',#531,.T.);
#274=FACE_OUTER_BOUND('',#532,.T.);
#275=FACE_OUTER_BOUND('',#533,.T.);
#276=FACE_OUTER_BOUND('',#534,.T.);
#277=FACE_OUTER_BOUND('',#535,.T.);
#278=FACE_OUTER_BOUND('',#536,.T.);
#279=FACE_OUTER_BOUND('',#537,.T.);
#280=FACE_OUTER_BOUND('',#538,.T.);
#281=FACE_OUTER_BOUND('',#539,.T.);
#282=FACE_OUTER_BOUND('',#540,.T.);
#283=FACE_OUTER_BOUND('',#541,.T.);
#284=FACE_OUTER_BOUND('',#542,.T.);
#285=FACE_OUTER_BOUND('',#543,.T.);
#286=FACE_OUTER_BOUND('',#544,.T.);
#287=FACE_OUTER_BOUND('',#545,.T.);
#288=FACE_OUTER_BOUND('',#548,.T.);
#289=FACE_OUTER_BOUND('',#549,.T.);
#290=FACE_OUTER_BOUND('',#550,.T.);
#291=FACE_OUTER_BOUND('',#551,.T.);
#292=FACE_OUTER_BOUND('',#553,.T.);
#293=FACE_OUTER_BOUND('',#556,.T.);
#294=FACE_OUTER_BOUND('',#557,.T.);
#295=FACE_OUTER_BOUND('',#559,.T.);
#296=FACE_OUTER_BOUND('',#560,.T.);
#297=FACE_OUTER_BOUND('',#562,.T.);
#298=FACE_OUTER_BOUND('',#564,.T.);
#299=FACE_OUTER_BOUND('',#565,.T.);
#300=FACE_OUTER_BOUND('',#566,.T.);
#301=FACE_OUTER_BOUND('',#568,.T.);
#302=FACE_OUTER_BOUND('',#569,.T.);
#303=EDGE_LOOP('',(#2819,#2820,#2821,#2822));
#304=EDGE_LOOP('',(#2823,#2824,#2825,#2826));
#305=EDGE_LOOP('',(#2827,#2828,#2829,#2830));
#306=EDGE_LOOP('',(#2831,#2832,#2833,#2834));
#307=EDGE_LOOP('',(#2835,#2836,#2837,#2838));
#308=EDGE_LOOP('',(#2839,#2840,#2841,#2842));
#309=EDGE_LOOP('',(#2843,#2844,#2845,#2846));
#310=EDGE_LOOP('',(#2847,#2848,#2849,#2850));
#311=EDGE_LOOP('',(#2851,#2852,#2853,#2854));
#312=EDGE_LOOP('',(#2855,#2856,#2857,#2858));
#313=EDGE_LOOP('',(#2859,#2860,#2861,#2862));
#314=EDGE_LOOP('',(#2863,#2864,#2865,#2866));
#315=EDGE_LOOP('',(#2867,#2868,#2869,#2870));
#316=EDGE_LOOP('',(#2871,#2872,#2873,#2874));
#317=EDGE_LOOP('',(#2875,#2876,#2877,#2878));
#318=EDGE_LOOP('',(#2879,#2880,#2881,#2882));
#319=EDGE_LOOP('',(#2883,#2884,#2885,#2886));
#320=EDGE_LOOP('',(#2887,#2888,#2889,#2890));
#321=EDGE_LOOP('',(#2891,#2892,#2893,#2894));
#322=EDGE_LOOP('',(#2895,#2896,#2897,#2898));
#323=EDGE_LOOP('',(#2899,#2900,#2901,#2902));
#324=EDGE_LOOP('',(#2903,#2904,#2905,#2906));
#325=EDGE_LOOP('',(#2907,#2908,#2909,#2910));
#326=EDGE_LOOP('',(#2911,#2912,#2913,#2914));
#327=EDGE_LOOP('',(#2915,#2916,#2917,#2918));
#328=EDGE_LOOP('',(#2919,#2920,#2921,#2922));
#329=EDGE_LOOP('',(#2923,#2924,#2925,#2926));
#330=EDGE_LOOP('',(#2927,#2928,#2929,#2930));
#331=EDGE_LOOP('',(#2931,#2932,#2933,#2934));
#332=EDGE_LOOP('',(#2935,#2936,#2937,#2938));
#333=EDGE_LOOP('',(#2939,#2940,#2941,#2942));
#334=EDGE_LOOP('',(#2943,#2944,#2945,#2946));
#335=EDGE_LOOP('',(#2947,#2948,#2949,#2950));
#336=EDGE_LOOP('',(#2951,#2952,#2953,#2954));
#337=EDGE_LOOP('',(#2955,#2956,#2957,#2958));
#338=EDGE_LOOP('',(#2959,#2960,#2961,#2962));
#339=EDGE_LOOP('',(#2963,#2964,#2965,#2966));
#340=EDGE_LOOP('',(#2967,#2968,#2969,#2970));
#341=EDGE_LOOP('',(#2971,#2972,#2973,#2974));
#342=EDGE_LOOP('',(#2975,#2976,#2977,#2978));
#343=EDGE_LOOP('',(#2979,#2980,#2981,#2982));
#344=EDGE_LOOP('',(#2983,#2984,#2985,#2986));
#345=EDGE_LOOP('',(#2987,#2988,#2989,#2990));
#346=EDGE_LOOP('',(#2991,#2992,#2993,#2994));
#347=EDGE_LOOP('',(#2995,#2996,#2997,#2998));
#348=EDGE_LOOP('',(#2999,#3000,#3001,#3002));
#349=EDGE_LOOP('',(#3003,#3004,#3005,#3006));
#350=EDGE_LOOP('',(#3007,#3008,#3009,#3010));
#351=EDGE_LOOP('',(#3011,#3012,#3013,#3014));
#352=EDGE_LOOP('',(#3015,#3016,#3017,#3018));
#353=EDGE_LOOP('',(#3019,#3020,#3021,#3022));
#354=EDGE_LOOP('',(#3023,#3024,#3025,#3026));
#355=EDGE_LOOP('',(#3027,#3028,#3029,#3030));
#356=EDGE_LOOP('',(#3031,#3032,#3033,#3034));
#357=EDGE_LOOP('',(#3035,#3036,#3037,#3038));
#358=EDGE_LOOP('',(#3039,#3040,#3041,#3042));
#359=EDGE_LOOP('',(#3043,#3044,#3045,#3046));
#360=EDGE_LOOP('',(#3047,#3048,#3049,#3050));
#361=EDGE_LOOP('',(#3051,#3052,#3053,#3054));
#362=EDGE_LOOP('',(#3055,#3056,#3057,#3058));
#363=EDGE_LOOP('',(#3059,#3060,#3061,#3062));
#364=EDGE_LOOP('',(#3063,#3064,#3065,#3066));
#365=EDGE_LOOP('',(#3067,#3068,#3069,#3070));
#366=EDGE_LOOP('',(#3071,#3072,#3073,#3074));
#367=EDGE_LOOP('',(#3075,#3076,#3077,#3078));
#368=EDGE_LOOP('',(#3079,#3080,#3081,#3082));
#369=EDGE_LOOP('',(#3083,#3084,#3085,#3086));
#370=EDGE_LOOP('',(#3087,#3088,#3089,#3090));
#371=EDGE_LOOP('',(#3091,#3092,#3093,#3094));
#372=EDGE_LOOP('',(#3095,#3096,#3097,#3098));
#373=EDGE_LOOP('',(#3099,#3100,#3101,#3102));
#374=EDGE_LOOP('',(#3103,#3104,#3105,#3106));
#375=EDGE_LOOP('',(#3107,#3108,#3109,#3110));
#376=EDGE_LOOP('',(#3111,#3112,#3113,#3114));
#377=EDGE_LOOP('',(#3115,#3116,#3117,#3118));
#378=EDGE_LOOP('',(#3119,#3120,#3121,#3122));
#379=EDGE_LOOP('',(#3123,#3124,#3125,#3126));
#380=EDGE_LOOP('',(#3127,#3128,#3129,#3130));
#381=EDGE_LOOP('',(#3131,#3132,#3133,#3134));
#382=EDGE_LOOP('',(#3135,#3136,#3137,#3138));
#383=EDGE_LOOP('',(#3139,#3140,#3141,#3142));
#384=EDGE_LOOP('',(#3143,#3144,#3145,#3146));
#385=EDGE_LOOP('',(#3147,#3148,#3149,#3150));
#386=EDGE_LOOP('',(#3151,#3152,#3153,#3154));
#387=EDGE_LOOP('',(#3155,#3156,#3157,#3158));
#388=EDGE_LOOP('',(#3159,#3160,#3161,#3162));
#389=EDGE_LOOP('',(#3163,#3164,#3165,#3166));
#390=EDGE_LOOP('',(#3167,#3168,#3169,#3170));
#391=EDGE_LOOP('',(#3171,#3172,#3173,#3174));
#392=EDGE_LOOP('',(#3175,#3176,#3177,#3178));
#393=EDGE_LOOP('',(#3179,#3180,#3181,#3182));
#394=EDGE_LOOP('',(#3183,#3184,#3185,#3186));
#395=EDGE_LOOP('',(#3187,#3188,#3189,#3190));
#396=EDGE_LOOP('',(#3191,#3192,#3193,#3194));
#397=EDGE_LOOP('',(#3195,#3196,#3197,#3198));
#398=EDGE_LOOP('',(#3199,#3200,#3201,#3202));
#399=EDGE_LOOP('',(#3203,#3204,#3205,#3206));
#400=EDGE_LOOP('',(#3207,#3208,#3209,#3210));
#401=EDGE_LOOP('',(#3211,#3212,#3213,#3214));
#402=EDGE_LOOP('',(#3215,#3216,#3217,#3218));
#403=EDGE_LOOP('',(#3219,#3220,#3221,#3222));
#404=EDGE_LOOP('',(#3223,#3224,#3225,#3226));
#405=EDGE_LOOP('',(#3227,#3228,#3229,#3230));
#406=EDGE_LOOP('',(#3231,#3232,#3233,#3234));
#407=EDGE_LOOP('',(#3235,#3236,#3237,#3238));
#408=EDGE_LOOP('',(#3239,#3240,#3241,#3242));
#409=EDGE_LOOP('',(#3243,#3244,#3245,#3246));
#410=EDGE_LOOP('',(#3247,#3248,#3249,#3250));
#411=EDGE_LOOP('',(#3251,#3252,#3253,#3254));
#412=EDGE_LOOP('',(#3255,#3256,#3257,#3258));
#413=EDGE_LOOP('',(#3259,#3260,#3261,#3262));
#414=EDGE_LOOP('',(#3263,#3264,#3265,#3266));
#415=EDGE_LOOP('',(#3267,#3268,#3269,#3270));
#416=EDGE_LOOP('',(#3271,#3272,#3273,#3274));
#417=EDGE_LOOP('',(#3275,#3276,#3277,#3278));
#418=EDGE_LOOP('',(#3279,#3280,#3281,#3282));
#419=EDGE_LOOP('',(#3283,#3284,#3285,#3286));
#420=EDGE_LOOP('',(#3287,#3288,#3289,#3290));
#421=EDGE_LOOP('',(#3291,#3292,#3293,#3294));
#422=EDGE_LOOP('',(#3295,#3296,#3297,#3298));
#423=EDGE_LOOP('',(#3299,#3300,#3301,#3302));
#424=EDGE_LOOP('',(#3303,#3304,#3305,#3306));
#425=EDGE_LOOP('',(#3307,#3308,#3309,#3310));
#426=EDGE_LOOP('',(#3311,#3312,#3313,#3314));
#427=EDGE_LOOP('',(#3315,#3316,#3317,#3318));
#428=EDGE_LOOP('',(#3319,#3320,#3321,#3322));
#429=EDGE_LOOP('',(#3323,#3324,#3325,#3326));
#430=EDGE_LOOP('',(#3327,#3328,#3329,#3330));
#431=EDGE_LOOP('',(#3331,#3332,#3333,#3334));
#432=EDGE_LOOP('',(#3335,#3336,#3337,#3338));
#433=EDGE_LOOP('',(#3339,#3340,#3341,#3342));
#434=EDGE_LOOP('',(#3343,#3344,#3345,#3346));
#435=EDGE_LOOP('',(#3347,#3348,#3349,#3350));
#436=EDGE_LOOP('',(#3351,#3352,#3353,#3354));
#437=EDGE_LOOP('',(#3355,#3356,#3357,#3358));
#438=EDGE_LOOP('',(#3359,#3360,#3361,#3362));
#439=EDGE_LOOP('',(#3363,#3364,#3365,#3366));
#440=EDGE_LOOP('',(#3367,#3368,#3369,#3370));
#441=EDGE_LOOP('',(#3371,#3372,#3373,#3374));
#442=EDGE_LOOP('',(#3375,#3376,#3377,#3378));
#443=EDGE_LOOP('',(#3379,#3380,#3381,#3382));
#444=EDGE_LOOP('',(#3383,#3384,#3385,#3386));
#445=EDGE_LOOP('',(#3387,#3388,#3389,#3390));
#446=EDGE_LOOP('',(#3391,#3392,#3393,#3394));
#447=EDGE_LOOP('',(#3395,#3396,#3397,#3398));
#448=EDGE_LOOP('',(#3399,#3400,#3401,#3402));
#449=EDGE_LOOP('',(#3403,#3404,#3405,#3406));
#450=EDGE_LOOP('',(#3407,#3408,#3409,#3410));
#451=EDGE_LOOP('',(#3411,#3412,#3413,#3414));
#452=EDGE_LOOP('',(#3415,#3416,#3417,#3418));
#453=EDGE_LOOP('',(#3419,#3420,#3421,#3422));
#454=EDGE_LOOP('',(#3423,#3424,#3425,#3426));
#455=EDGE_LOOP('',(#3427,#3428,#3429,#3430));
#456=EDGE_LOOP('',(#3431,#3432,#3433,#3434));
#457=EDGE_LOOP('',(#3435,#3436,#3437,#3438));
#458=EDGE_LOOP('',(#3439,#3440,#3441,#3442));
#459=EDGE_LOOP('',(#3443,#3444,#3445,#3446));
#460=EDGE_LOOP('',(#3447,#3448,#3449,#3450));
#461=EDGE_LOOP('',(#3451,#3452,#3453,#3454));
#462=EDGE_LOOP('',(#3455,#3456,#3457,#3458));
#463=EDGE_LOOP('',(#3459,#3460,#3461,#3462));
#464=EDGE_LOOP('',(#3463,#3464,#3465,#3466));
#465=EDGE_LOOP('',(#3467,#3468,#3469,#3470));
#466=EDGE_LOOP('',(#3471,#3472,#3473,#3474));
#467=EDGE_LOOP('',(#3475,#3476,#3477,#3478));
#468=EDGE_LOOP('',(#3479,#3480,#3481,#3482));
#469=EDGE_LOOP('',(#3483,#3484,#3485,#3486));
#470=EDGE_LOOP('',(#3487,#3488,#3489,#3490));
#471=EDGE_LOOP('',(#3491,#3492,#3493,#3494));
#472=EDGE_LOOP('',(#3495,#3496,#3497,#3498));
#473=EDGE_LOOP('',(#3499,#3500,#3501,#3502));
#474=EDGE_LOOP('',(#3503,#3504,#3505,#3506));
#475=EDGE_LOOP('',(#3507,#3508,#3509,#3510));
#476=EDGE_LOOP('',(#3511,#3512,#3513,#3514));
#477=EDGE_LOOP('',(#3515,#3516,#3517,#3518));
#478=EDGE_LOOP('',(#3519,#3520,#3521,#3522));
#479=EDGE_LOOP('',(#3523,#3524,#3525,#3526));
#480=EDGE_LOOP('',(#3527,#3528,#3529,#3530));
#481=EDGE_LOOP('',(#3531,#3532,#3533,#3534));
#482=EDGE_LOOP('',(#3535,#3536,#3537,#3538));
#483=EDGE_LOOP('',(#3539,#3540,#3541,#3542));
#484=EDGE_LOOP('',(#3543,#3544,#3545,#3546));
#485=EDGE_LOOP('',(#3547,#3548,#3549,#3550));
#486=EDGE_LOOP('',(#3551,#3552,#3553,#3554));
#487=EDGE_LOOP('',(#3555,#3556,#3557,#3558));
#488=EDGE_LOOP('',(#3559,#3560,#3561,#3562));
#489=EDGE_LOOP('',(#3563,#3564,#3565,#3566));
#490=EDGE_LOOP('',(#3567,#3568,#3569,#3570));
#491=EDGE_LOOP('',(#3571,#3572,#3573,#3574));
#492=EDGE_LOOP('',(#3575,#3576,#3577,#3578));
#493=EDGE_LOOP('',(#3579,#3580,#3581,#3582));
#494=EDGE_LOOP('',(#3583,#3584,#3585,#3586));
#495=EDGE_LOOP('',(#3587,#3588,#3589,#3590));
#496=EDGE_LOOP('',(#3591,#3592,#3593,#3594));
#497=EDGE_LOOP('',(#3595,#3596,#3597,#3598));
#498=EDGE_LOOP('',(#3599,#3600,#3601,#3602));
#499=EDGE_LOOP('',(#3603,#3604,#3605,#3606));
#500=EDGE_LOOP('',(#3607,#3608,#3609,#3610));
#501=EDGE_LOOP('',(#3611,#3612,#3613,#3614));
#502=EDGE_LOOP('',(#3615,#3616,#3617,#3618));
#503=EDGE_LOOP('',(#3619,#3620,#3621,#3622));
#504=EDGE_LOOP('',(#3623,#3624,#3625,#3626));
#505=EDGE_LOOP('',(#3627,#3628,#3629,#3630));
#506=EDGE_LOOP('',(#3631,#3632,#3633,#3634));
#507=EDGE_LOOP('',(#3635,#3636,#3637,#3638));
#508=EDGE_LOOP('',(#3639,#3640,#3641,#3642));
#509=EDGE_LOOP('',(#3643,#3644,#3645,#3646));
#510=EDGE_LOOP('',(#3647,#3648,#3649,#3650));
#511=EDGE_LOOP('',(#3651,#3652,#3653,#3654));
#512=EDGE_LOOP('',(#3655,#3656,#3657,#3658));
#513=EDGE_LOOP('',(#3659,#3660,#3661,#3662));
#514=EDGE_LOOP('',(#3663,#3664,#3665,#3666));
#515=EDGE_LOOP('',(#3667,#3668,#3669,#3670));
#516=EDGE_LOOP('',(#3671,#3672,#3673,#3674));
#517=EDGE_LOOP('',(#3675,#3676,#3677,#3678));
#518=EDGE_LOOP('',(#3679,#3680,#3681,#3682));
#519=EDGE_LOOP('',(#3683,#3684,#3685,#3686));
#520=EDGE_LOOP('',(#3687,#3688,#3689,#3690));
#521=EDGE_LOOP('',(#3691,#3692,#3693,#3694));
#522=EDGE_LOOP('',(#3695,#3696,#3697,#3698));
#523=EDGE_LOOP('',(#3699,#3700,#3701,#3702));
#524=EDGE_LOOP('',(#3703,#3704,#3705,#3706));
#525=EDGE_LOOP('',(#3707,#3708,#3709,#3710));
#526=EDGE_LOOP('',(#3711,#3712,#3713,#3714));
#527=EDGE_LOOP('',(#3715,#3716,#3717,#3718));
#528=EDGE_LOOP('',(#3719,#3720,#3721,#3722));
#529=EDGE_LOOP('',(#3723,#3724,#3725,#3726));
#530=EDGE_LOOP('',(#3727,#3728,#3729,#3730));
#531=EDGE_LOOP('',(#3731,#3732,#3733,#3734));
#532=EDGE_LOOP('',(#3735,#3736,#3737,#3738));
#533=EDGE_LOOP('',(#3739,#3740,#3741,#3742));
#534=EDGE_LOOP('',(#3743,#3744,#3745,#3746));
#535=EDGE_LOOP('',(#3747,#3748,#3749,#3750));
#536=EDGE_LOOP('',(#3751,#3752,#3753,#3754));
#537=EDGE_LOOP('',(#3755,#3756,#3757,#3758));
#538=EDGE_LOOP('',(#3759,#3760,#3761,#3762));
#539=EDGE_LOOP('',(#3763,#3764,#3765,#3766));
#540=EDGE_LOOP('',(#3767,#3768,#3769,#3770));
#541=EDGE_LOOP('',(#3771,#3772,#3773,#3774));
#542=EDGE_LOOP('',(#3775,#3776,#3777,#3778));
#543=EDGE_LOOP('',(#3779,#3780,#3781,#3782));
#544=EDGE_LOOP('',(#3783,#3784,#3785,#3786));
#545=EDGE_LOOP('',(#3787,#3788,#3789,#3790));
#546=EDGE_LOOP('',(#3791));
#547=EDGE_LOOP('',(#3792));
#548=EDGE_LOOP('',(#3793,#3794,#3795,#3796));
#549=EDGE_LOOP('',(#3797,#3798,#3799,#3800));
#550=EDGE_LOOP('',(#3801,#3802,#3803,#3804));
#551=EDGE_LOOP('',(#3805));
#552=EDGE_LOOP('',(#3806));
#553=EDGE_LOOP('',(#3807,#3808,#3809,#3810));
#554=EDGE_LOOP('',(#3811));
#555=EDGE_LOOP('',(#3812));
#556=EDGE_LOOP('',(#3813,#3814,#3815,#3816));
#557=EDGE_LOOP('',(#3817));
#558=EDGE_LOOP('',(#3818));
#559=EDGE_LOOP('',(#3819,#3820,#3821,#3822));
#560=EDGE_LOOP('',(#3823));
#561=EDGE_LOOP('',(#3824));
#562=EDGE_LOOP('',(#3825));
#563=EDGE_LOOP('',(#3826,#3827,#3828,#3829,#3830,#3831,#3832,#3833,#3834,
#3835,#3836,#3837,#3838,#3839,#3840,#3841,#3842,#3843,#3844,#3845,#3846,
#3847,#3848,#3849,#3850,#3851,#3852,#3853,#3854,#3855,#3856,#3857,#3858,
#3859,#3860,#3861,#3862,#3863,#3864,#3865,#3866,#3867,#3868,#3869,#3870,
#3871,#3872,#3873,#3874,#3875,#3876,#3877,#3878,#3879,#3880,#3881,#3882,
#3883,#3884,#3885,#3886,#3887,#3888,#3889,#3890,#3891,#3892,#3893,#3894,
#3895,#3896,#3897,#3898,#3899,#3900,#3901,#3902,#3903,#3904,#3905,#3906,
#3907,#3908,#3909,#3910,#3911,#3912,#3913,#3914,#3915,#3916,#3917,#3918,
#3919,#3920,#3921,#3922,#3923,#3924,#3925,#3926,#3927,#3928,#3929,#3930,
#3931,#3932,#3933,#3934,#3935,#3936,#3937,#3938,#3939,#3940,#3941,#3942,
#3943,#3944,#3945,#3946,#3947,#3948,#3949,#3950,#3951,#3952,#3953,#3954,
#3955,#3956,#3957,#3958,#3959,#3960,#3961,#3962,#3963,#3964,#3965,#3966,
#3967,#3968,#3969,#3970,#3971,#3972,#3973,#3974,#3975,#3976,#3977,#3978,
#3979,#3980,#3981,#3982,#3983,#3984,#3985,#3986,#3987,#3988,#3989,#3990,
#3991,#3992,#3993,#3994,#3995,#3996,#3997,#3998,#3999,#4000,#4001,#4002,
#4003,#4004,#4005,#4006,#4007,#4008,#4009,#4010,#4011,#4012,#4013,#4014,
#4015,#4016,#4017,#4018,#4019,#4020,#4021,#4022,#4023,#4024,#4025,#4026,
#4027,#4028,#4029,#4030,#4031,#4032,#4033,#4034,#4035,#4036,#4037,#4038,
#4039,#4040,#4041,#4042,#4043,#4044,#4045,#4046,#4047,#4048,#4049,#4050,
#4051,#4052,#4053,#4054,#4055,#4056,#4057,#4058,#4059,#4060,#4061,#4062,
#4063,#4064,#4065));
#564=EDGE_LOOP('',(#4066,#4067,#4068,#4069));
#565=EDGE_LOOP('',(#4070,#4071,#4072,#4073));
#566=EDGE_LOOP('',(#4074));
#567=EDGE_LOOP('',(#4075));
#568=EDGE_LOOP('',(#4076,#4077,#4078,#4079));
#569=EDGE_LOOP('',(#4080));
#570=EDGE_LOOP('',(#4081,#4082,#4083,#4084,#4085,#4086,#4087,#4088,#4089,
#4090,#4091,#4092,#4093,#4094,#4095,#4096,#4097,#4098,#4099,#4100,#4101,
#4102,#4103,#4104,#4105,#4106,#4107,#4108,#4109,#4110,#4111,#4112,#4113,
#4114,#4115,#4116,#4117,#4118,#4119,#4120,#4121,#4122,#4123,#4124,#4125,
#4126,#4127,#4128,#4129,#4130,#4131,#4132,#4133,#4134,#4135,#4136,#4137,
#4138,#4139,#4140,#4141,#4142,#4143,#4144,#4145,#4146,#4147,#4148,#4149,
#4150,#4151,#4152,#4153,#4154,#4155,#4156,#4157,#4158,#4159,#4160,#4161,
#4162,#4163,#4164,#4165,#4166,#4167,#4168,#4169,#4170,#4171,#4172,#4173,
#4174,#4175,#4176,#4177,#4178,#4179,#4180,#4181,#4182,#4183,#4184,#4185,
#4186,#4187,#4188,#4189,#4190,#4191,#4192,#4193,#4194,#4195,#4196,#4197,
#4198,#4199,#4200,#4201,#4202,#4203,#4204,#4205,#4206,#4207,#4208,#4209,
#4210,#4211,#4212,#4213,#4214,#4215,#4216,#4217,#4218,#4219,#4220,#4221,
#4222,#4223,#4224,#4225,#4226,#4227,#4228,#4229,#4230,#4231,#4232,#4233,
#4234,#4235,#4236,#4237,#4238,#4239,#4240,#4241,#4242,#4243,#4244,#4245,
#4246,#4247,#4248,#4249,#4250,#4251,#4252,#4253,#4254,#4255,#4256,#4257,
#4258,#4259,#4260,#4261,#4262,#4263,#4264,#4265,#4266,#4267,#4268,#4269,
#4270,#4271,#4272,#4273,#4274,#4275,#4276,#4277,#4278,#4279,#4280,#4281,
#4282,#4283,#4284,#4285,#4286,#4287,#4288,#4289,#4290,#4291,#4292,#4293,
#4294,#4295,#4296,#4297,#4298,#4299,#4300,#4301,#4302,#4303,#4304,#4305,
#4306,#4307,#4308,#4309,#4310,#4311,#4312,#4313,#4314,#4315,#4316,#4317,
#4318,#4319,#4320));
#571=LINE('',#7360,#823);
#572=LINE('',#7363,#824);
#573=LINE('',#7368,#825);
#574=LINE('',#7375,#826);
#575=LINE('',#7378,#827);
#576=LINE('',#7383,#828);
#577=LINE('',#7392,#829);
#578=LINE('',#7398,#830);
#579=LINE('',#7405,#831);
#580=LINE('',#7408,#832);
#581=LINE('',#7413,#833);
#582=LINE('',#7419,#834);
#583=LINE('',#7425,#835);
#584=LINE('',#7434,#836);
#585=LINE('',#7441,#837);
#586=LINE('',#7444,#838);
#587=LINE('',#7449,#839);
#588=LINE('',#7455,#840);
#589=LINE('',#7461,#841);
#590=LINE('',#7470,#842);
#591=LINE('',#7477,#843);
#592=LINE('',#7480,#844);
#593=LINE('',#7485,#845);
#594=LINE('',#7491,#846);
#595=LINE('',#7497,#847);
#596=LINE('',#7506,#848);
#597=LINE('',#7513,#849);
#598=LINE('',#7516,#850);
#599=LINE('',#7521,#851);
#600=LINE('',#7527,#852);
#601=LINE('',#7533,#853);
#602=LINE('',#7542,#854);
#603=LINE('',#7549,#855);
#604=LINE('',#7552,#856);
#605=LINE('',#7557,#857);
#606=LINE('',#7563,#858);
#607=LINE('',#7569,#859);
#608=LINE('',#7578,#860);
#609=LINE('',#7585,#861);
#610=LINE('',#7588,#862);
#611=LINE('',#7593,#863);
#612=LINE('',#7599,#864);
#613=LINE('',#7605,#865);
#614=LINE('',#7614,#866);
#615=LINE('',#7621,#867);
#616=LINE('',#7624,#868);
#617=LINE('',#7629,#869);
#618=LINE('',#7635,#870);
#619=LINE('',#7641,#871);
#620=LINE('',#7650,#872);
#621=LINE('',#7657,#873);
#622=LINE('',#7660,#874);
#623=LINE('',#7665,#875);
#624=LINE('',#7671,#876);
#625=LINE('',#7677,#877);
#626=LINE('',#7686,#878);
#627=LINE('',#7693,#879);
#628=LINE('',#7696,#880);
#629=LINE('',#7701,#881);
#630=LINE('',#7707,#882);
#631=LINE('',#7713,#883);
#632=LINE('',#7722,#884);
#633=LINE('',#7729,#885);
#634=LINE('',#7732,#886);
#635=LINE('',#7737,#887);
#636=LINE('',#7743,#888);
#637=LINE('',#7749,#889);
#638=LINE('',#7758,#890);
#639=LINE('',#7765,#891);
#640=LINE('',#7768,#892);
#641=LINE('',#7773,#893);
#642=LINE('',#7779,#894);
#643=LINE('',#7785,#895);
#644=LINE('',#7794,#896);
#645=LINE('',#7801,#897);
#646=LINE('',#7804,#898);
#647=LINE('',#7809,#899);
#648=LINE('',#7815,#900);
#649=LINE('',#7821,#901);
#650=LINE('',#7830,#902);
#651=LINE('',#7837,#903);
#652=LINE('',#7840,#904);
#653=LINE('',#7845,#905);
#654=LINE('',#7851,#906);
#655=LINE('',#7857,#907);
#656=LINE('',#7866,#908);
#657=LINE('',#7873,#909);
#658=LINE('',#7876,#910);
#659=LINE('',#7881,#911);
#660=LINE('',#7887,#912);
#661=LINE('',#7893,#913);
#662=LINE('',#7902,#914);
#663=LINE('',#7909,#915);
#664=LINE('',#7912,#916);
#665=LINE('',#7917,#917);
#666=LINE('',#7923,#918);
#667=LINE('',#7929,#919);
#668=LINE('',#7938,#920);
#669=LINE('',#7945,#921);
#670=LINE('',#7948,#922);
#671=LINE('',#7953,#923);
#672=LINE('',#7959,#924);
#673=LINE('',#7965,#925);
#674=LINE('',#7974,#926);
#675=LINE('',#7981,#927);
#676=LINE('',#7984,#928);
#677=LINE('',#7989,#929);
#678=LINE('',#7995,#930);
#679=LINE('',#8001,#931);
#680=LINE('',#8010,#932);
#681=LINE('',#8017,#933);
#682=LINE('',#8020,#934);
#683=LINE('',#8025,#935);
#684=LINE('',#8031,#936);
#685=LINE('',#8037,#937);
#686=LINE('',#8046,#938);
#687=LINE('',#8053,#939);
#688=LINE('',#8056,#940);
#689=LINE('',#8061,#941);
#690=LINE('',#8067,#942);
#691=LINE('',#8073,#943);
#692=LINE('',#8082,#944);
#693=LINE('',#8089,#945);
#694=LINE('',#8092,#946);
#695=LINE('',#8097,#947);
#696=LINE('',#8103,#948);
#697=LINE('',#8109,#949);
#698=LINE('',#8118,#950);
#699=LINE('',#8125,#951);
#700=LINE('',#8128,#952);
#701=LINE('',#8133,#953);
#702=LINE('',#8139,#954);
#703=LINE('',#8145,#955);
#704=LINE('',#8154,#956);
#705=LINE('',#8161,#957);
#706=LINE('',#8164,#958);
#707=LINE('',#8169,#959);
#708=LINE('',#8175,#960);
#709=LINE('',#8181,#961);
#710=LINE('',#8190,#962);
#711=LINE('',#8197,#963);
#712=LINE('',#8200,#964);
#713=LINE('',#8205,#965);
#714=LINE('',#8211,#966);
#715=LINE('',#8217,#967);
#716=LINE('',#8226,#968);
#717=LINE('',#8233,#969);
#718=LINE('',#8236,#970);
#719=LINE('',#8241,#971);
#720=LINE('',#8247,#972);
#721=LINE('',#8253,#973);
#722=LINE('',#8262,#974);
#723=LINE('',#8269,#975);
#724=LINE('',#8272,#976);
#725=LINE('',#8277,#977);
#726=LINE('',#8283,#978);
#727=LINE('',#8289,#979);
#728=LINE('',#8298,#980);
#729=LINE('',#8305,#981);
#730=LINE('',#8308,#982);
#731=LINE('',#8313,#983);
#732=LINE('',#8319,#984);
#733=LINE('',#8325,#985);
#734=LINE('',#8334,#986);
#735=LINE('',#8341,#987);
#736=LINE('',#8344,#988);
#737=LINE('',#8349,#989);
#738=LINE('',#8355,#990);
#739=LINE('',#8361,#991);
#740=LINE('',#8370,#992);
#741=LINE('',#8377,#993);
#742=LINE('',#8380,#994);
#743=LINE('',#8385,#995);
#744=LINE('',#8391,#996);
#745=LINE('',#8397,#997);
#746=LINE('',#8406,#998);
#747=LINE('',#8413,#999);
#748=LINE('',#8416,#1000);
#749=LINE('',#8421,#1001);
#750=LINE('',#8427,#1002);
#751=LINE('',#8433,#1003);
#752=LINE('',#8442,#1004);
#753=LINE('',#8449,#1005);
#754=LINE('',#8452,#1006);
#755=LINE('',#8457,#1007);
#756=LINE('',#8463,#1008);
#757=LINE('',#8469,#1009);
#758=LINE('',#8478,#1010);
#759=LINE('',#8485,#1011);
#760=LINE('',#8488,#1012);
#761=LINE('',#8493,#1013);
#762=LINE('',#8499,#1014);
#763=LINE('',#8505,#1015);
#764=LINE('',#8514,#1016);
#765=LINE('',#8521,#1017);
#766=LINE('',#8524,#1018);
#767=LINE('',#8529,#1019);
#768=LINE('',#8535,#1020);
#769=LINE('',#8541,#1021);
#770=LINE('',#8550,#1022);
#771=LINE('',#8557,#1023);
#772=LINE('',#8560,#1024);
#773=LINE('',#8565,#1025);
#774=LINE('',#8571,#1026);
#775=LINE('',#8577,#1027);
#776=LINE('',#8586,#1028);
#777=LINE('',#8593,#1029);
#778=LINE('',#8596,#1030);
#779=LINE('',#8601,#1031);
#780=LINE('',#8607,#1032);
#781=LINE('',#8613,#1033);
#782=LINE('',#8622,#1034);
#783=LINE('',#8629,#1035);
#784=LINE('',#8632,#1036);
#785=LINE('',#8637,#1037);
#786=LINE('',#8643,#1038);
#787=LINE('',#8649,#1039);
#788=LINE('',#8658,#1040);
#789=LINE('',#8665,#1041);
#790=LINE('',#8668,#1042);
#791=LINE('',#8673,#1043);
#792=LINE('',#8679,#1044);
#793=LINE('',#8685,#1045);
#794=LINE('',#8694,#1046);
#795=LINE('',#8701,#1047);
#796=LINE('',#8704,#1048);
#797=LINE('',#8709,#1049);
#798=LINE('',#8715,#1050);
#799=LINE('',#8721,#1051);
#800=LINE('',#8730,#1052);
#801=LINE('',#8736,#1053);
#802=LINE('',#8742,#1054);
#803=LINE('',#8749,#1055);
#804=LINE('',#8752,#1056);
#805=LINE('',#8757,#1057);
#806=LINE('',#8766,#1058);
#807=LINE('',#8773,#1059);
#808=LINE('',#8778,#1060);
#809=LINE('',#8784,#1061);
#810=LINE('',#8790,#1062);
#811=LINE('',#8832,#1063);
#812=LINE('',#8871,#1064);
#813=LINE('',#8876,#1065);
#814=LINE('',#8974,#1066);
#815=LINE('',#8996,#1067);
#816=LINE('',#9035,#1068);
#817=LINE('',#9042,#1069);
#818=LINE('',#9045,#1070);
#819=LINE('',#9051,#1071);
#820=LINE('',#9061,#1072);
#821=LINE('',#9064,#1073);
#822=LINE('',#9071,#1074);
#823=VECTOR('',#5601,10.);
#824=VECTOR('',#5604,10.);
#825=VECTOR('',#5609,10.);
#826=VECTOR('',#5616,10.);
#827=VECTOR('',#5619,10.);
#828=VECTOR('',#5624,10.);
#829=VECTOR('',#5637,10.);
#830=VECTOR('',#5644,10.);
#831=VECTOR('',#5651,10.);
#832=VECTOR('',#5654,10.);
#833=VECTOR('',#5659,10.);
#834=VECTOR('',#5666,10.);
#835=VECTOR('',#5673,10.);
#836=VECTOR('',#5686,10.);
#837=VECTOR('',#5693,10.);
#838=VECTOR('',#5696,10.);
#839=VECTOR('',#5701,10.);
#840=VECTOR('',#5708,10.);
#841=VECTOR('',#5715,10.);
#842=VECTOR('',#5728,10.);
#843=VECTOR('',#5735,10.);
#844=VECTOR('',#5738,10.);
#845=VECTOR('',#5743,10.);
#846=VECTOR('',#5750,10.);
#847=VECTOR('',#5757,10.);
#848=VECTOR('',#5770,10.);
#849=VECTOR('',#5777,10.);
#850=VECTOR('',#5780,10.);
#851=VECTOR('',#5785,10.);
#852=VECTOR('',#5792,10.);
#853=VECTOR('',#5799,10.);
#854=VECTOR('',#5812,10.);
#855=VECTOR('',#5819,10.);
#856=VECTOR('',#5822,10.);
#857=VECTOR('',#5827,10.);
#858=VECTOR('',#5834,10.);
#859=VECTOR('',#5841,10.);
#860=VECTOR('',#5854,10.);
#861=VECTOR('',#5861,10.);
#862=VECTOR('',#5864,10.);
#863=VECTOR('',#5869,10.);
#864=VECTOR('',#5876,10.);
#865=VECTOR('',#5883,10.);
#866=VECTOR('',#5896,10.);
#867=VECTOR('',#5903,10.);
#868=VECTOR('',#5906,10.);
#869=VECTOR('',#5911,10.);
#870=VECTOR('',#5918,10.);
#871=VECTOR('',#5925,10.);
#872=VECTOR('',#5938,10.);
#873=VECTOR('',#5945,10.);
#874=VECTOR('',#5948,10.);
#875=VECTOR('',#5953,10.);
#876=VECTOR('',#5960,10.);
#877=VECTOR('',#5967,10.);
#878=VECTOR('',#5980,10.);
#879=VECTOR('',#5987,10.);
#880=VECTOR('',#5990,10.);
#881=VECTOR('',#5995,10.);
#882=VECTOR('',#6002,10.);
#883=VECTOR('',#6009,10.);
#884=VECTOR('',#6022,10.);
#885=VECTOR('',#6029,10.);
#886=VECTOR('',#6032,10.);
#887=VECTOR('',#6037,10.);
#888=VECTOR('',#6044,10.);
#889=VECTOR('',#6051,10.);
#890=VECTOR('',#6064,10.);
#891=VECTOR('',#6071,10.);
#892=VECTOR('',#6074,10.);
#893=VECTOR('',#6079,10.);
#894=VECTOR('',#6086,10.);
#895=VECTOR('',#6093,10.);
#896=VECTOR('',#6106,10.);
#897=VECTOR('',#6113,10.);
#898=VECTOR('',#6116,10.);
#899=VECTOR('',#6121,10.);
#900=VECTOR('',#6128,10.);
#901=VECTOR('',#6135,10.);
#902=VECTOR('',#6148,10.);
#903=VECTOR('',#6155,10.);
#904=VECTOR('',#6158,10.);
#905=VECTOR('',#6163,10.);
#906=VECTOR('',#6170,10.);
#907=VECTOR('',#6177,10.);
#908=VECTOR('',#6190,10.);
#909=VECTOR('',#6197,10.);
#910=VECTOR('',#6200,10.);
#911=VECTOR('',#6205,10.);
#912=VECTOR('',#6212,10.);
#913=VECTOR('',#6219,10.);
#914=VECTOR('',#6232,10.);
#915=VECTOR('',#6239,10.);
#916=VECTOR('',#6242,10.);
#917=VECTOR('',#6247,10.);
#918=VECTOR('',#6254,10.);
#919=VECTOR('',#6261,10.);
#920=VECTOR('',#6274,10.);
#921=VECTOR('',#6281,10.);
#922=VECTOR('',#6284,10.);
#923=VECTOR('',#6289,10.);
#924=VECTOR('',#6296,10.);
#925=VECTOR('',#6303,10.);
#926=VECTOR('',#6316,10.);
#927=VECTOR('',#6323,10.);
#928=VECTOR('',#6326,10.);
#929=VECTOR('',#6331,10.);
#930=VECTOR('',#6338,10.);
#931=VECTOR('',#6345,10.);
#932=VECTOR('',#6358,10.);
#933=VECTOR('',#6365,10.);
#934=VECTOR('',#6368,10.);
#935=VECTOR('',#6373,10.);
#936=VECTOR('',#6380,10.);
#937=VECTOR('',#6387,10.);
#938=VECTOR('',#6400,10.);
#939=VECTOR('',#6407,10.);
#940=VECTOR('',#6410,10.);
#941=VECTOR('',#6415,10.);
#942=VECTOR('',#6422,10.);
#943=VECTOR('',#6429,10.);
#944=VECTOR('',#6442,10.);
#945=VECTOR('',#6449,10.);
#946=VECTOR('',#6452,10.);
#947=VECTOR('',#6457,10.);
#948=VECTOR('',#6464,10.);
#949=VECTOR('',#6471,10.);
#950=VECTOR('',#6484,10.);
#951=VECTOR('',#6491,10.);
#952=VECTOR('',#6494,10.);
#953=VECTOR('',#6499,10.);
#954=VECTOR('',#6506,10.);
#955=VECTOR('',#6513,10.);
#956=VECTOR('',#6526,10.);
#957=VECTOR('',#6533,10.);
#958=VECTOR('',#6536,10.);
#959=VECTOR('',#6541,10.);
#960=VECTOR('',#6548,10.);
#961=VECTOR('',#6555,10.);
#962=VECTOR('',#6568,10.);
#963=VECTOR('',#6575,10.);
#964=VECTOR('',#6578,10.);
#965=VECTOR('',#6583,10.);
#966=VECTOR('',#6590,10.);
#967=VECTOR('',#6597,10.);
#968=VECTOR('',#6610,10.);
#969=VECTOR('',#6617,10.);
#970=VECTOR('',#6620,10.);
#971=VECTOR('',#6625,10.);
#972=VECTOR('',#6632,10.);
#973=VECTOR('',#6639,10.);
#974=VECTOR('',#6652,10.);
#975=VECTOR('',#6659,10.);
#976=VECTOR('',#6662,10.);
#977=VECTOR('',#6667,10.);
#978=VECTOR('',#6674,10.);
#979=VECTOR('',#6681,10.);
#980=VECTOR('',#6694,10.);
#981=VECTOR('',#6701,10.);
#982=VECTOR('',#6704,10.);
#983=VECTOR('',#6709,10.);
#984=VECTOR('',#6716,10.);
#985=VECTOR('',#6723,10.);
#986=VECTOR('',#6736,10.);
#987=VECTOR('',#6743,10.);
#988=VECTOR('',#6746,10.);
#989=VECTOR('',#6751,10.);
#990=VECTOR('',#6758,10.);
#991=VECTOR('',#6765,10.);
#992=VECTOR('',#6778,10.);
#993=VECTOR('',#6785,10.);
#994=VECTOR('',#6788,10.);
#995=VECTOR('',#6793,10.);
#996=VECTOR('',#6800,10.);
#997=VECTOR('',#6807,10.);
#998=VECTOR('',#6820,10.);
#999=VECTOR('',#6827,10.);
#1000=VECTOR('',#6830,10.);
#1001=VECTOR('',#6835,10.);
#1002=VECTOR('',#6842,10.);
#1003=VECTOR('',#6849,10.);
#1004=VECTOR('',#6862,10.);
#1005=VECTOR('',#6869,10.);
#1006=VECTOR('',#6872,10.);
#1007=VECTOR('',#6877,10.);
#1008=VECTOR('',#6884,10.);
#1009=VECTOR('',#6891,10.);
#1010=VECTOR('',#6904,10.);
#1011=VECTOR('',#6911,10.);
#1012=VECTOR('',#6914,10.);
#1013=VECTOR('',#6919,10.);
#1014=VECTOR('',#6926,10.);
#1015=VECTOR('',#6933,10.);
#1016=VECTOR('',#6946,10.);
#1017=VECTOR('',#6953,10.);
#1018=VECTOR('',#6956,10.);
#1019=VECTOR('',#6961,10.);
#1020=VECTOR('',#6968,10.);
#1021=VECTOR('',#6975,10.);
#1022=VECTOR('',#6988,10.);
#1023=VECTOR('',#6995,10.);
#1024=VECTOR('',#6998,10.);
#1025=VECTOR('',#7003,10.);
#1026=VECTOR('',#7010,10.);
#1027=VECTOR('',#7017,10.);
#1028=VECTOR('',#7030,10.);
#1029=VECTOR('',#7037,10.);
#1030=VECTOR('',#7040,10.);
#1031=VECTOR('',#7045,10.);
#1032=VECTOR('',#7052,10.);
#1033=VECTOR('',#7059,10.);
#1034=VECTOR('',#7072,10.);
#1035=VECTOR('',#7079,10.);
#1036=VECTOR('',#7082,10.);
#1037=VECTOR('',#7087,10.);
#1038=VECTOR('',#7094,10.);
#1039=VECTOR('',#7101,10.);
#1040=VECTOR('',#7114,10.);
#1041=VECTOR('',#7121,10.);
#1042=VECTOR('',#7124,10.);
#1043=VECTOR('',#7129,10.);
#1044=VECTOR('',#7136,10.);
#1045=VECTOR('',#7143,10.);
#1046=VECTOR('',#7156,10.);
#1047=VECTOR('',#7163,10.);
#1048=VECTOR('',#7166,10.);
#1049=VECTOR('',#7171,10.);
#1050=VECTOR('',#7178,10.);
#1051=VECTOR('',#7185,10.);
#1052=VECTOR('',#7198,10.);
#1053=VECTOR('',#7205,10.);
#1054=VECTOR('',#7212,10.);
#1055=VECTOR('',#7219,10.);
#1056=VECTOR('',#7222,10.);
#1057=VECTOR('',#7227,10.);
#1058=VECTOR('',#7240,10.);
#1059=VECTOR('',#7249,10.);
#1060=VECTOR('',#7254,10.);
#1061=VECTOR('',#7261,10.);
#1062=VECTOR('',#7268,10.);
#1063=VECTOR('',#7279,1.666);
#1064=VECTOR('',#7284,4.15);
#1065=VECTOR('',#7291,4.);
#1066=VECTOR('',#7292,10.);
#1067=VECTOR('',#7295,1.666);
#1068=VECTOR('',#7300,7.85);
#1069=VECTOR('',#7309,8.);
#1070=VECTOR('',#7314,4.15);
#1071=VECTOR('',#7321,13.5);
#1072=VECTOR('',#7334,4.1);
#1073=VECTOR('',#7339,4.);
#1074=VECTOR('',#7348,13.5);
#1075=CIRCLE('',#4842,0.15);
#1076=CIRCLE('',#4843,0.15);
#1077=CIRCLE('',#4845,1.);
#1078=CIRCLE('',#4846,1.);
#1079=CIRCLE('',#4848,0.15);
#1080=CIRCLE('',#4849,0.15);
#1081=CIRCLE('',#4851,1.);
#1082=CIRCLE('',#4852,1.);
#1083=CIRCLE('',#4854,0.555);
#1084=CIRCLE('',#4855,0.555);
#1085=CIRCLE('',#4857,12.4784062019551);
#1086=CIRCLE('',#4858,12.4784062019551);
#1087=CIRCLE('',#4860,12.4784062019551);
#1088=CIRCLE('',#4861,12.4784062019551);
#1089=CIRCLE('',#4863,0.15);
#1090=CIRCLE('',#4864,0.15);
#1091=CIRCLE('',#4866,1.);
#1092=CIRCLE('',#4867,1.);
#1093=CIRCLE('',#4869,0.15);
#1094=CIRCLE('',#4870,0.15);
#1095=CIRCLE('',#4872,1.);
#1096=CIRCLE('',#4873,1.);
#1097=CIRCLE('',#4875,0.555);
#1098=CIRCLE('',#4876,0.555);
#1099=CIRCLE('',#4878,12.4784062019551);
#1100=CIRCLE('',#4879,12.4784062019551);
#1101=CIRCLE('',#4881,0.15);
#1102=CIRCLE('',#4882,0.15);
#1103=CIRCLE('',#4884,1.);
#1104=CIRCLE('',#4885,1.);
#1105=CIRCLE('',#4887,0.15);
#1106=CIRCLE('',#4888,0.15);
#1107=CIRCLE('',#4890,1.);
#1108=CIRCLE('',#4891,1.);
#1109=CIRCLE('',#4893,0.555);
#1110=CIRCLE('',#4894,0.555);
#1111=CIRCLE('',#4896,12.4784062019551);
#1112=CIRCLE('',#4897,12.4784062019551);
#1113=CIRCLE('',#4899,0.15);
#1114=CIRCLE('',#4900,0.15);
#1115=CIRCLE('',#4902,1.);
#1116=CIRCLE('',#4903,1.);
#1117=CIRCLE('',#4905,0.15);
#1118=CIRCLE('',#4906,0.15);
#1119=CIRCLE('',#4908,1.);
#1120=CIRCLE('',#4909,1.);
#1121=CIRCLE('',#4911,0.555);
#1122=CIRCLE('',#4912,0.555);
#1123=CIRCLE('',#4914,12.4784062019551);
#1124=CIRCLE('',#4915,12.4784062019551);
#1125=CIRCLE('',#4917,0.15);
#1126=CIRCLE('',#4918,0.15);
#1127=CIRCLE('',#4920,1.);
#1128=CIRCLE('',#4921,1.);
#1129=CIRCLE('',#4923,0.15);
#1130=CIRCLE('',#4924,0.15);
#1131=CIRCLE('',#4926,1.);
#1132=CIRCLE('',#4927,1.);
#1133=CIRCLE('',#4929,0.555);
#1134=CIRCLE('',#4930,0.555);
#1135=CIRCLE('',#4932,12.4784062019551);
#1136=CIRCLE('',#4933,12.4784062019551);
#1137=CIRCLE('',#4935,0.15);
#1138=CIRCLE('',#4936,0.15);
#1139=CIRCLE('',#4938,1.);
#1140=CIRCLE('',#4939,1.);
#1141=CIRCLE('',#4941,0.15);
#1142=CIRCLE('',#4942,0.15);
#1143=CIRCLE('',#4944,1.);
#1144=CIRCLE('',#4945,1.);
#1145=CIRCLE('',#4947,0.555);
#1146=CIRCLE('',#4948,0.555);
#1147=CIRCLE('',#4950,12.4784062019551);
#1148=CIRCLE('',#4951,12.4784062019551);
#1149=CIRCLE('',#4953,0.15);
#1150=CIRCLE('',#4954,0.15);
#1151=CIRCLE('',#4956,1.);
#1152=CIRCLE('',#4957,1.);
#1153=CIRCLE('',#4959,0.15);
#1154=CIRCLE('',#4960,0.15);
#1155=CIRCLE('',#4962,1.);
#1156=CIRCLE('',#4963,1.);
#1157=CIRCLE('',#4965,0.555);
#1158=CIRCLE('',#4966,0.555);
#1159=CIRCLE('',#4968,12.4784062019551);
#1160=CIRCLE('',#4969,12.4784062019551);
#1161=CIRCLE('',#4971,0.15);
#1162=CIRCLE('',#4972,0.15);
#1163=CIRCLE('',#4974,1.);
#1164=CIRCLE('',#4975,1.);
#1165=CIRCLE('',#4977,0.15);
#1166=CIRCLE('',#4978,0.15);
#1167=CIRCLE('',#4980,1.);
#1168=CIRCLE('',#4981,1.);
#1169=CIRCLE('',#4983,0.555);
#1170=CIRCLE('',#4984,0.555);
#1171=CIRCLE('',#4986,12.4784062019551);
#1172=CIRCLE('',#4987,12.4784062019551);
#1173=CIRCLE('',#4989,0.15);
#1174=CIRCLE('',#4990,0.15);
#1175=CIRCLE('',#4992,1.);
#1176=CIRCLE('',#4993,1.);
#1177=CIRCLE('',#4995,0.15);
#1178=CIRCLE('',#4996,0.15);
#1179=CIRCLE('',#4998,1.);
#1180=CIRCLE('',#4999,1.);
#1181=CIRCLE('',#5001,0.555);
#1182=CIRCLE('',#5002,0.555);
#1183=CIRCLE('',#5004,12.4784062019551);
#1184=CIRCLE('',#5005,12.4784062019551);
#1185=CIRCLE('',#5007,0.15);
#1186=CIRCLE('',#5008,0.15);
#1187=CIRCLE('',#5010,1.);
#1188=CIRCLE('',#5011,1.);
#1189=CIRCLE('',#5013,0.15);
#1190=CIRCLE('',#5014,0.15);
#1191=CIRCLE('',#5016,1.);
#1192=CIRCLE('',#5017,1.);
#1193=CIRCLE('',#5019,0.555);
#1194=CIRCLE('',#5020,0.555);
#1195=CIRCLE('',#5022,12.4784062019551);
#1196=CIRCLE('',#5023,12.4784062019551);
#1197=CIRCLE('',#5025,0.15);
#1198=CIRCLE('',#5026,0.15);
#1199=CIRCLE('',#5028,1.);
#1200=CIRCLE('',#5029,1.);
#1201=CIRCLE('',#5031,0.15);
#1202=CIRCLE('',#5032,0.15);
#1203=CIRCLE('',#5034,1.);
#1204=CIRCLE('',#5035,1.);
#1205=CIRCLE('',#5037,0.555);
#1206=CIRCLE('',#5038,0.555);
#1207=CIRCLE('',#5040,12.4784062019551);
#1208=CIRCLE('',#5041,12.4784062019551);
#1209=CIRCLE('',#5043,0.15);
#1210=CIRCLE('',#5044,0.15);
#1211=CIRCLE('',#5046,1.);
#1212=CIRCLE('',#5047,1.);
#1213=CIRCLE('',#5049,0.15);
#1214=CIRCLE('',#5050,0.15);
#1215=CIRCLE('',#5052,1.);
#1216=CIRCLE('',#5053,1.);
#1217=CIRCLE('',#5055,0.555);
#1218=CIRCLE('',#5056,0.555);
#1219=CIRCLE('',#5058,12.4784062019551);
#1220=CIRCLE('',#5059,12.4784062019551);
#1221=CIRCLE('',#5061,0.15);
#1222=CIRCLE('',#5062,0.15);
#1223=CIRCLE('',#5064,1.);
#1224=CIRCLE('',#5065,1.);
#1225=CIRCLE('',#5067,0.15);
#1226=CIRCLE('',#5068,0.15);
#1227=CIRCLE('',#5070,1.);
#1228=CIRCLE('',#5071,1.);
#1229=CIRCLE('',#5073,0.555);
#1230=CIRCLE('',#5074,0.555);
#1231=CIRCLE('',#5076,12.4784062019551);
#1232=CIRCLE('',#5077,12.4784062019551);
#1233=CIRCLE('',#5079,0.15);
#1234=CIRCLE('',#5080,0.15);
#1235=CIRCLE('',#5082,1.);
#1236=CIRCLE('',#5083,1.);
#1237=CIRCLE('',#5085,0.15);
#1238=CIRCLE('',#5086,0.15);
#1239=CIRCLE('',#5088,1.);
#1240=CIRCLE('',#5089,1.);
#1241=CIRCLE('',#5091,0.555);
#1242=CIRCLE('',#5092,0.555);
#1243=CIRCLE('',#5094,12.4784062019551);
#1244=CIRCLE('',#5095,12.4784062019551);
#1245=CIRCLE('',#5097,0.15);
#1246=CIRCLE('',#5098,0.15);
#1247=CIRCLE('',#5100,1.);
#1248=CIRCLE('',#5101,1.);
#1249=CIRCLE('',#5103,0.15);
#1250=CIRCLE('',#5104,0.15);
#1251=CIRCLE('',#5106,1.);
#1252=CIRCLE('',#5107,1.);
#1253=CIRCLE('',#5109,0.555);
#1254=CIRCLE('',#5110,0.555);
#1255=CIRCLE('',#5112,12.4784062019551);
#1256=CIRCLE('',#5113,12.4784062019551);
#1257=CIRCLE('',#5115,0.15);
#1258=CIRCLE('',#5116,0.15);
#1259=CIRCLE('',#5118,1.);
#1260=CIRCLE('',#5119,1.);
#1261=CIRCLE('',#5121,0.15);
#1262=CIRCLE('',#5122,0.15);
#1263=CIRCLE('',#5124,1.);
#1264=CIRCLE('',#5125,1.);
#1265=CIRCLE('',#5127,0.555);
#1266=CIRCLE('',#5128,0.555);
#1267=CIRCLE('',#5130,12.4784062019551);
#1268=CIRCLE('',#5131,12.4784062019551);
#1269=CIRCLE('',#5133,0.15);
#1270=CIRCLE('',#5134,0.15);
#1271=CIRCLE('',#5136,1.);
#1272=CIRCLE('',#5137,1.);
#1273=CIRCLE('',#5139,0.15);
#1274=CIRCLE('',#5140,0.15);
#1275=CIRCLE('',#5142,1.);
#1276=CIRCLE('',#5143,1.);
#1277=CIRCLE('',#5145,0.555);
#1278=CIRCLE('',#5146,0.555);
#1279=CIRCLE('',#5148,12.4784062019551);
#1280=CIRCLE('',#5149,12.4784062019551);
#1281=CIRCLE('',#5151,0.15);
#1282=CIRCLE('',#5152,0.15);
#1283=CIRCLE('',#5154,1.);
#1284=CIRCLE('',#5155,1.);
#1285=CIRCLE('',#5157,0.15);
#1286=CIRCLE('',#5158,0.15);
#1287=CIRCLE('',#5160,1.);
#1288=CIRCLE('',#5161,1.);
#1289=CIRCLE('',#5163,0.555);
#1290=CIRCLE('',#5164,0.555);
#1291=CIRCLE('',#5166,12.4784062019551);
#1292=CIRCLE('',#5167,12.4784062019551);
#1293=CIRCLE('',#5169,0.15);
#1294=CIRCLE('',#5170,0.15);
#1295=CIRCLE('',#5172,1.);
#1296=CIRCLE('',#5173,1.);
#1297=CIRCLE('',#5175,0.15);
#1298=CIRCLE('',#5176,0.15);
#1299=CIRCLE('',#5178,1.);
#1300=CIRCLE('',#5179,1.);
#1301=CIRCLE('',#5181,0.555);
#1302=CIRCLE('',#5182,0.555);
#1303=CIRCLE('',#5184,12.4784062019551);
#1304=CIRCLE('',#5185,12.4784062019551);
#1305=CIRCLE('',#5187,0.15);
#1306=CIRCLE('',#5188,0.15);
#1307=CIRCLE('',#5190,1.);
#1308=CIRCLE('',#5191,1.);
#1309=CIRCLE('',#5193,0.15);
#1310=CIRCLE('',#5194,0.15);
#1311=CIRCLE('',#5196,1.);
#1312=CIRCLE('',#5197,1.);
#1313=CIRCLE('',#5199,0.555);
#1314=CIRCLE('',#5200,0.555);
#1315=CIRCLE('',#5202,12.4784062019551);
#1316=CIRCLE('',#5203,12.4784062019551);
#1317=CIRCLE('',#5205,0.15);
#1318=CIRCLE('',#5206,0.15);
#1319=CIRCLE('',#5208,1.);
#1320=CIRCLE('',#5209,1.);
#1321=CIRCLE('',#5211,0.15);
#1322=CIRCLE('',#5212,0.15);
#1323=CIRCLE('',#5214,1.);
#1324=CIRCLE('',#5215,1.);
#1325=CIRCLE('',#5217,0.555);
#1326=CIRCLE('',#5218,0.555);
#1327=CIRCLE('',#5220,12.4784062019551);
#1328=CIRCLE('',#5221,12.4784062019551);
#1329=CIRCLE('',#5223,0.15);
#1330=CIRCLE('',#5224,0.15);
#1331=CIRCLE('',#5226,1.);
#1332=CIRCLE('',#5227,1.);
#1333=CIRCLE('',#5229,0.15);
#1334=CIRCLE('',#5230,0.15);
#1335=CIRCLE('',#5232,1.);
#1336=CIRCLE('',#5233,1.);
#1337=CIRCLE('',#5235,0.555);
#1338=CIRCLE('',#5236,0.555);
#1339=CIRCLE('',#5238,12.4784062019551);
#1340=CIRCLE('',#5239,12.4784062019551);
#1341=CIRCLE('',#5241,0.15);
#1342=CIRCLE('',#5242,0.15);
#1343=CIRCLE('',#5244,1.);
#1344=CIRCLE('',#5245,1.);
#1345=CIRCLE('',#5247,0.15);
#1346=CIRCLE('',#5248,0.15);
#1347=CIRCLE('',#5250,1.);
#1348=CIRCLE('',#5251,1.);
#1349=CIRCLE('',#5253,0.555);
#1350=CIRCLE('',#5254,0.555);
#1351=CIRCLE('',#5256,12.4784062019551);
#1352=CIRCLE('',#5257,12.4784062019551);
#1353=CIRCLE('',#5259,0.15);
#1354=CIRCLE('',#5260,0.15);
#1355=CIRCLE('',#5262,1.);
#1356=CIRCLE('',#5263,1.);
#1357=CIRCLE('',#5265,0.15);
#1358=CIRCLE('',#5266,0.15);
#1359=CIRCLE('',#5268,1.);
#1360=CIRCLE('',#5269,1.);
#1361=CIRCLE('',#5271,0.555);
#1362=CIRCLE('',#5272,0.555);
#1363=CIRCLE('',#5274,12.4784062019551);
#1364=CIRCLE('',#5275,12.4784062019551);
#1365=CIRCLE('',#5277,0.15);
#1366=CIRCLE('',#5278,0.15);
#1367=CIRCLE('',#5280,1.);
#1368=CIRCLE('',#5281,1.);
#1369=CIRCLE('',#5283,0.15);
#1370=CIRCLE('',#5284,0.15);
#1371=CIRCLE('',#5286,1.);
#1372=CIRCLE('',#5287,1.);
#1373=CIRCLE('',#5289,0.555);
#1374=CIRCLE('',#5290,0.555);
#1375=CIRCLE('',#5292,12.4784062019551);
#1376=CIRCLE('',#5293,12.4784062019551);
#1377=CIRCLE('',#5295,0.15);
#1378=CIRCLE('',#5296,0.15);
#1379=CIRCLE('',#5298,1.);
#1380=CIRCLE('',#5299,1.);
#1381=CIRCLE('',#5301,0.15);
#1382=CIRCLE('',#5302,0.15);
#1383=CIRCLE('',#5304,1.);
#1384=CIRCLE('',#5305,1.);
#1385=CIRCLE('',#5307,0.555);
#1386=CIRCLE('',#5308,0.555);
#1387=CIRCLE('',#5310,12.4784062019551);
#1388=CIRCLE('',#5311,12.4784062019551);
#1389=CIRCLE('',#5313,0.15);
#1390=CIRCLE('',#5314,0.15);
#1391=CIRCLE('',#5316,1.);
#1392=CIRCLE('',#5317,1.);
#1393=CIRCLE('',#5319,0.15);
#1394=CIRCLE('',#5320,0.15);
#1395=CIRCLE('',#5322,1.);
#1396=CIRCLE('',#5323,1.);
#1397=CIRCLE('',#5325,0.555);
#1398=CIRCLE('',#5326,0.555);
#1399=CIRCLE('',#5328,12.4784062019551);
#1400=CIRCLE('',#5329,12.4784062019551);
#1401=CIRCLE('',#5331,0.15);
#1402=CIRCLE('',#5332,0.15);
#1403=CIRCLE('',#5334,1.);
#1404=CIRCLE('',#5335,1.);
#1405=CIRCLE('',#5337,0.15);
#1406=CIRCLE('',#5338,0.15);
#1407=CIRCLE('',#5340,1.);
#1408=CIRCLE('',#5341,1.);
#1409=CIRCLE('',#5343,0.555);
#1410=CIRCLE('',#5344,0.555);
#1411=CIRCLE('',#5346,12.4784062019551);
#1412=CIRCLE('',#5347,12.4784062019551);
#1413=CIRCLE('',#5349,0.15);
#1414=CIRCLE('',#5350,0.15);
#1415=CIRCLE('',#5352,1.);
#1416=CIRCLE('',#5353,1.);
#1417=CIRCLE('',#5355,0.15);
#1418=CIRCLE('',#5356,0.15);
#1419=CIRCLE('',#5358,1.);
#1420=CIRCLE('',#5359,1.);
#1421=CIRCLE('',#5361,0.555);
#1422=CIRCLE('',#5362,0.555);
#1423=CIRCLE('',#5364,12.4784062019551);
#1424=CIRCLE('',#5365,12.4784062019551);
#1425=CIRCLE('',#5367,0.15);
#1426=CIRCLE('',#5368,0.15);
#1427=CIRCLE('',#5370,1.);
#1428=CIRCLE('',#5371,1.);
#1429=CIRCLE('',#5373,0.15);
#1430=CIRCLE('',#5374,0.15);
#1431=CIRCLE('',#5376,1.);
#1432=CIRCLE('',#5377,1.);
#1433=CIRCLE('',#5379,0.555);
#1434=CIRCLE('',#5380,0.555);
#1435=CIRCLE('',#5382,12.4784062019551);
#1436=CIRCLE('',#5383,12.4784062019551);
#1437=CIRCLE('',#5385,0.15);
#1438=CIRCLE('',#5386,0.15);
#1439=CIRCLE('',#5388,1.);
#1440=CIRCLE('',#5389,1.);
#1441=CIRCLE('',#5391,0.15);
#1442=CIRCLE('',#5392,0.15);
#1443=CIRCLE('',#5394,1.);
#1444=CIRCLE('',#5395,1.);
#1445=CIRCLE('',#5397,0.555);
#1446=CIRCLE('',#5398,0.555);
#1447=CIRCLE('',#5400,12.4784062019551);
#1448=CIRCLE('',#5401,12.4784062019551);
#1449=CIRCLE('',#5403,0.15);
#1450=CIRCLE('',#5404,0.15);
#1451=CIRCLE('',#5406,1.);
#1452=CIRCLE('',#5407,1.);
#1453=CIRCLE('',#5409,0.15);
#1454=CIRCLE('',#5410,0.15);
#1455=CIRCLE('',#5412,1.);
#1456=CIRCLE('',#5413,1.);
#1457=CIRCLE('',#5415,0.555);
#1458=CIRCLE('',#5416,0.555);
#1459=CIRCLE('',#5418,12.4784062019551);
#1460=CIRCLE('',#5419,12.4784062019551);
#1461=CIRCLE('',#5421,0.15);
#1462=CIRCLE('',#5422,0.15);
#1463=CIRCLE('',#5424,1.);
#1464=CIRCLE('',#5425,1.);
#1465=CIRCLE('',#5427,0.15);
#1466=CIRCLE('',#5428,0.15);
#1467=CIRCLE('',#5430,1.);
#1468=CIRCLE('',#5431,1.);
#1469=CIRCLE('',#5433,0.555);
#1470=CIRCLE('',#5434,0.555);
#1471=CIRCLE('',#5436,12.4784062019551);
#1472=CIRCLE('',#5437,12.4784062019551);
#1473=CIRCLE('',#5439,0.15);
#1474=CIRCLE('',#5440,0.15);
#1475=CIRCLE('',#5442,1.);
#1476=CIRCLE('',#5443,1.);
#1477=CIRCLE('',#5445,0.15);
#1478=CIRCLE('',#5446,0.15);
#1479=CIRCLE('',#5448,1.);
#1480=CIRCLE('',#5449,1.);
#1481=CIRCLE('',#5451,0.555);
#1482=CIRCLE('',#5452,0.555);
#1483=CIRCLE('',#5454,12.4784062019551);
#1484=CIRCLE('',#5455,12.4784062019551);
#1485=CIRCLE('',#5457,0.15);
#1486=CIRCLE('',#5458,0.15);
#1487=CIRCLE('',#5460,1.);
#1488=CIRCLE('',#5461,1.);
#1489=CIRCLE('',#5463,0.15);
#1490=CIRCLE('',#5464,0.15);
#1491=CIRCLE('',#5466,1.);
#1492=CIRCLE('',#5467,1.);
#1493=CIRCLE('',#5469,0.555);
#1494=CIRCLE('',#5470,0.555);
#1495=CIRCLE('',#5472,12.4784062019551);
#1496=CIRCLE('',#5473,12.4784062019551);
#1497=CIRCLE('',#5475,0.15);
#1498=CIRCLE('',#5476,0.15);
#1499=CIRCLE('',#5478,1.);
#1500=CIRCLE('',#5479,1.);
#1501=CIRCLE('',#5481,0.15);
#1502=CIRCLE('',#5482,0.15);
#1503=CIRCLE('',#5484,1.);
#1504=CIRCLE('',#5485,1.);
#1505=CIRCLE('',#5487,0.555);
#1506=CIRCLE('',#5488,0.555);
#1507=CIRCLE('',#5490,12.4784062019551);
#1508=CIRCLE('',#5491,12.4784062019551);
#1509=CIRCLE('',#5493,0.15);
#1510=CIRCLE('',#5494,0.15);
#1511=CIRCLE('',#5496,1.);
#1512=CIRCLE('',#5497,1.);
#1513=CIRCLE('',#5499,0.15);
#1514=CIRCLE('',#5500,0.15);
#1515=CIRCLE('',#5502,1.);
#1516=CIRCLE('',#5503,1.);
#1517=CIRCLE('',#5505,0.555);
#1518=CIRCLE('',#5506,0.555);
#1519=CIRCLE('',#5508,12.4784062019551);
#1520=CIRCLE('',#5509,12.4784062019551);
#1521=CIRCLE('',#5511,0.15);
#1522=CIRCLE('',#5512,0.15);
#1523=CIRCLE('',#5514,1.);
#1524=CIRCLE('',#5515,1.);
#1525=CIRCLE('',#5517,0.15);
#1526=CIRCLE('',#5518,0.15);
#1527=CIRCLE('',#5520,1.);
#1528=CIRCLE('',#5521,1.);
#1529=CIRCLE('',#5523,0.555);
#1530=CIRCLE('',#5524,0.555);
#1531=CIRCLE('',#5526,12.4784062019551);
#1532=CIRCLE('',#5527,12.4784062019551);
#1533=CIRCLE('',#5529,0.15);
#1534=CIRCLE('',#5530,0.15);
#1535=CIRCLE('',#5532,1.);
#1536=CIRCLE('',#5533,1.);
#1537=CIRCLE('',#5535,0.15);
#1538=CIRCLE('',#5536,0.15);
#1539=CIRCLE('',#5538,1.);
#1540=CIRCLE('',#5539,1.);
#1541=CIRCLE('',#5541,0.555);
#1542=CIRCLE('',#5542,0.555);
#1543=CIRCLE('',#5544,12.4784062019551);
#1544=CIRCLE('',#5545,12.4784062019551);
#1545=CIRCLE('',#5547,0.15);
#1546=CIRCLE('',#5548,0.15);
#1547=CIRCLE('',#5550,1.);
#1548=CIRCLE('',#5551,1.);
#1549=CIRCLE('',#5553,0.15);
#1550=CIRCLE('',#5554,0.15);
#1551=CIRCLE('',#5556,1.);
#1552=CIRCLE('',#5557,1.);
#1553=CIRCLE('',#5559,0.555);
#1554=CIRCLE('',#5560,0.555);
#1555=CIRCLE('',#5563,4.);
#1556=CIRCLE('',#5564,4.3);
#1557=CIRCLE('',#5566,4.);
#1558=CIRCLE('',#5569,7.7);
#1559=CIRCLE('',#5570,8.);
#1560=CIRCLE('',#5572,4.3);
#1561=CIRCLE('',#5574,8.);
#1562=CIRCLE('',#5577,13.5);
#1563=CIRCLE('',#5579,13.5);
#1564=CIRCLE('',#5581,4.);
#1565=CIRCLE('',#5584,4.);
#1566=CIRCLE('',#5585,4.2);
#1567=CIRCLE('',#5588,13.5);
#1568=CIRCLE('',#5590,13.5);
#1569=VERTEX_POINT('',#7356);
#1570=VERTEX_POINT('',#7357);
#1571=VERTEX_POINT('',#7359);
#1572=VERTEX_POINT('',#7361);
#1573=VERTEX_POINT('',#7365);
#1574=VERTEX_POINT('',#7367);
#1575=VERTEX_POINT('',#7371);
#1576=VERTEX_POINT('',#7372);
#1577=VERTEX_POINT('',#7374);
#1578=VERTEX_POINT('',#7376);
#1579=VERTEX_POINT('',#7380);
#1580=VERTEX_POINT('',#7382);
#1581=VERTEX_POINT('',#7389);
#1582=VERTEX_POINT('',#7391);
#1583=VERTEX_POINT('',#7395);
#1584=VERTEX_POINT('',#7397);
#1585=VERTEX_POINT('',#7401);
#1586=VERTEX_POINT('',#7402);
#1587=VERTEX_POINT('',#7404);
#1588=VERTEX_POINT('',#7406);
#1589=VERTEX_POINT('',#7410);
#1590=VERTEX_POINT('',#7412);
#1591=VERTEX_POINT('',#7416);
#1592=VERTEX_POINT('',#7418);
#1593=VERTEX_POINT('',#7422);
#1594=VERTEX_POINT('',#7424);
#1595=VERTEX_POINT('',#7431);
#1596=VERTEX_POINT('',#7433);
#1597=VERTEX_POINT('',#7437);
#1598=VERTEX_POINT('',#7438);
#1599=VERTEX_POINT('',#7440);
#1600=VERTEX_POINT('',#7442);
#1601=VERTEX_POINT('',#7446);
#1602=VERTEX_POINT('',#7448);
#1603=VERTEX_POINT('',#7452);
#1604=VERTEX_POINT('',#7454);
#1605=VERTEX_POINT('',#7458);
#1606=VERTEX_POINT('',#7460);
#1607=VERTEX_POINT('',#7467);
#1608=VERTEX_POINT('',#7469);
#1609=VERTEX_POINT('',#7473);
#1610=VERTEX_POINT('',#7474);
#1611=VERTEX_POINT('',#7476);
#1612=VERTEX_POINT('',#7478);
#1613=VERTEX_POINT('',#7482);
#1614=VERTEX_POINT('',#7484);
#1615=VERTEX_POINT('',#7488);
#1616=VERTEX_POINT('',#7490);
#1617=VERTEX_POINT('',#7494);
#1618=VERTEX_POINT('',#7496);
#1619=VERTEX_POINT('',#7503);
#1620=VERTEX_POINT('',#7505);
#1621=VERTEX_POINT('',#7509);
#1622=VERTEX_POINT('',#7510);
#1623=VERTEX_POINT('',#7512);
#1624=VERTEX_POINT('',#7514);
#1625=VERTEX_POINT('',#7518);
#1626=VERTEX_POINT('',#7520);
#1627=VERTEX_POINT('',#7524);
#1628=VERTEX_POINT('',#7526);
#1629=VERTEX_POINT('',#7530);
#1630=VERTEX_POINT('',#7532);
#1631=VERTEX_POINT('',#7539);
#1632=VERTEX_POINT('',#7541);
#1633=VERTEX_POINT('',#7545);
#1634=VERTEX_POINT('',#7546);
#1635=VERTEX_POINT('',#7548);
#1636=VERTEX_POINT('',#7550);
#1637=VERTEX_POINT('',#7554);
#1638=VERTEX_POINT('',#7556);
#1639=VERTEX_POINT('',#7560);
#1640=VERTEX_POINT('',#7562);
#1641=VERTEX_POINT('',#7566);
#1642=VERTEX_POINT('',#7568);
#1643=VERTEX_POINT('',#7575);
#1644=VERTEX_POINT('',#7577);
#1645=VERTEX_POINT('',#7581);
#1646=VERTEX_POINT('',#7582);
#1647=VERTEX_POINT('',#7584);
#1648=VERTEX_POINT('',#7586);
#1649=VERTEX_POINT('',#7590);
#1650=VERTEX_POINT('',#7592);
#1651=VERTEX_POINT('',#7596);
#1652=VERTEX_POINT('',#7598);
#1653=VERTEX_POINT('',#7602);
#1654=VERTEX_POINT('',#7604);
#1655=VERTEX_POINT('',#7611);
#1656=VERTEX_POINT('',#7613);
#1657=VERTEX_POINT('',#7617);
#1658=VERTEX_POINT('',#7618);
#1659=VERTEX_POINT('',#7620);
#1660=VERTEX_POINT('',#7622);
#1661=VERTEX_POINT('',#7626);
#1662=VERTEX_POINT('',#7628);
#1663=VERTEX_POINT('',#7632);
#1664=VERTEX_POINT('',#7634);
#1665=VERTEX_POINT('',#7638);
#1666=VERTEX_POINT('',#7640);
#1667=VERTEX_POINT('',#7647);
#1668=VERTEX_POINT('',#7649);
#1669=VERTEX_POINT('',#7653);
#1670=VERTEX_POINT('',#7654);
#1671=VERTEX_POINT('',#7656);
#1672=VERTEX_POINT('',#7658);
#1673=VERTEX_POINT('',#7662);
#1674=VERTEX_POINT('',#7664);
#1675=VERTEX_POINT('',#7668);
#1676=VERTEX_POINT('',#7670);
#1677=VERTEX_POINT('',#7674);
#1678=VERTEX_POINT('',#7676);
#1679=VERTEX_POINT('',#7683);
#1680=VERTEX_POINT('',#7685);
#1681=VERTEX_POINT('',#7689);
#1682=VERTEX_POINT('',#7690);
#1683=VERTEX_POINT('',#7692);
#1684=VERTEX_POINT('',#7694);
#1685=VERTEX_POINT('',#7698);
#1686=VERTEX_POINT('',#7700);
#1687=VERTEX_POINT('',#7704);
#1688=VERTEX_POINT('',#7706);
#1689=VERTEX_POINT('',#7710);
#1690=VERTEX_POINT('',#7712);
#1691=VERTEX_POINT('',#7719);
#1692=VERTEX_POINT('',#7721);
#1693=VERTEX_POINT('',#7725);
#1694=VERTEX_POINT('',#7726);
#1695=VERTEX_POINT('',#7728);
#1696=VERTEX_POINT('',#7730);
#1697=VERTEX_POINT('',#7734);
#1698=VERTEX_POINT('',#7736);
#1699=VERTEX_POINT('',#7740);
#1700=VERTEX_POINT('',#7742);
#1701=VERTEX_POINT('',#7746);
#1702=VERTEX_POINT('',#7748);
#1703=VERTEX_POINT('',#7755);
#1704=VERTEX_POINT('',#7757);
#1705=VERTEX_POINT('',#7761);
#1706=VERTEX_POINT('',#7762);
#1707=VERTEX_POINT('',#7764);
#1708=VERTEX_POINT('',#7766);
#1709=VERTEX_POINT('',#7770);
#1710=VERTEX_POINT('',#7772);
#1711=VERTEX_POINT('',#7776);
#1712=VERTEX_POINT('',#7778);
#1713=VERTEX_POINT('',#7782);
#1714=VERTEX_POINT('',#7784);
#1715=VERTEX_POINT('',#7791);
#1716=VERTEX_POINT('',#7793);
#1717=VERTEX_POINT('',#7797);
#1718=VERTEX_POINT('',#7798);
#1719=VERTEX_POINT('',#7800);
#1720=VERTEX_POINT('',#7802);
#1721=VERTEX_POINT('',#7806);
#1722=VERTEX_POINT('',#7808);
#1723=VERTEX_POINT('',#7812);
#1724=VERTEX_POINT('',#7814);
#1725=VERTEX_POINT('',#7818);
#1726=VERTEX_POINT('',#7820);
#1727=VERTEX_POINT('',#7827);
#1728=VERTEX_POINT('',#7829);
#1729=VERTEX_POINT('',#7833);
#1730=VERTEX_POINT('',#7834);
#1731=VERTEX_POINT('',#7836);
#1732=VERTEX_POINT('',#7838);
#1733=VERTEX_POINT('',#7842);
#1734=VERTEX_POINT('',#7844);
#1735=VERTEX_POINT('',#7848);
#1736=VERTEX_POINT('',#7850);
#1737=VERTEX_POINT('',#7854);
#1738=VERTEX_POINT('',#7856);
#1739=VERTEX_POINT('',#7863);
#1740=VERTEX_POINT('',#7865);
#1741=VERTEX_POINT('',#7869);
#1742=VERTEX_POINT('',#7870);
#1743=VERTEX_POINT('',#7872);
#1744=VERTEX_POINT('',#7874);
#1745=VERTEX_POINT('',#7878);
#1746=VERTEX_POINT('',#7880);
#1747=VERTEX_POINT('',#7884);
#1748=VERTEX_POINT('',#7886);
#1749=VERTEX_POINT('',#7890);
#1750=VERTEX_POINT('',#7892);
#1751=VERTEX_POINT('',#7899);
#1752=VERTEX_POINT('',#7901);
#1753=VERTEX_POINT('',#7905);
#1754=VERTEX_POINT('',#7906);
#1755=VERTEX_POINT('',#7908);
#1756=VERTEX_POINT('',#7910);
#1757=VERTEX_POINT('',#7914);
#1758=VERTEX_POINT('',#7916);
#1759=VERTEX_POINT('',#7920);
#1760=VERTEX_POINT('',#7922);
#1761=VERTEX_POINT('',#7926);
#1762=VERTEX_POINT('',#7928);
#1763=VERTEX_POINT('',#7935);
#1764=VERTEX_POINT('',#7937);
#1765=VERTEX_POINT('',#7941);
#1766=VERTEX_POINT('',#7942);
#1767=VERTEX_POINT('',#7944);
#1768=VERTEX_POINT('',#7946);
#1769=VERTEX_POINT('',#7950);
#1770=VERTEX_POINT('',#7952);
#1771=VERTEX_POINT('',#7956);
#1772=VERTEX_POINT('',#7958);
#1773=VERTEX_POINT('',#7962);
#1774=VERTEX_POINT('',#7964);
#1775=VERTEX_POINT('',#7971);
#1776=VERTEX_POINT('',#7973);
#1777=VERTEX_POINT('',#7977);
#1778=VERTEX_POINT('',#7978);
#1779=VERTEX_POINT('',#7980);
#1780=VERTEX_POINT('',#7982);
#1781=VERTEX_POINT('',#7986);
#1782=VERTEX_POINT('',#7988);
#1783=VERTEX_POINT('',#7992);
#1784=VERTEX_POINT('',#7994);
#1785=VERTEX_POINT('',#7998);
#1786=VERTEX_POINT('',#8000);
#1787=VERTEX_POINT('',#8007);
#1788=VERTEX_POINT('',#8009);
#1789=VERTEX_POINT('',#8013);
#1790=VERTEX_POINT('',#8014);
#1791=VERTEX_POINT('',#8016);
#1792=VERTEX_POINT('',#8018);
#1793=VERTEX_POINT('',#8022);
#1794=VERTEX_POINT('',#8024);
#1795=VERTEX_POINT('',#8028);
#1796=VERTEX_POINT('',#8030);
#1797=VERTEX_POINT('',#8034);
#1798=VERTEX_POINT('',#8036);
#1799=VERTEX_POINT('',#8043);
#1800=VERTEX_POINT('',#8045);
#1801=VERTEX_POINT('',#8049);
#1802=VERTEX_POINT('',#8050);
#1803=VERTEX_POINT('',#8052);
#1804=VERTEX_POINT('',#8054);
#1805=VERTEX_POINT('',#8058);
#1806=VERTEX_POINT('',#8060);
#1807=VERTEX_POINT('',#8064);
#1808=VERTEX_POINT('',#8066);
#1809=VERTEX_POINT('',#8070);
#1810=VERTEX_POINT('',#8072);
#1811=VERTEX_POINT('',#8079);
#1812=VERTEX_POINT('',#8081);
#1813=VERTEX_POINT('',#8085);
#1814=VERTEX_POINT('',#8086);
#1815=VERTEX_POINT('',#8088);
#1816=VERTEX_POINT('',#8090);
#1817=VERTEX_POINT('',#8094);
#1818=VERTEX_POINT('',#8096);
#1819=VERTEX_POINT('',#8100);
#1820=VERTEX_POINT('',#8102);
#1821=VERTEX_POINT('',#8106);
#1822=VERTEX_POINT('',#8108);
#1823=VERTEX_POINT('',#8115);
#1824=VERTEX_POINT('',#8117);
#1825=VERTEX_POINT('',#8121);
#1826=VERTEX_POINT('',#8122);
#1827=VERTEX_POINT('',#8124);
#1828=VERTEX_POINT('',#8126);
#1829=VERTEX_POINT('',#8130);
#1830=VERTEX_POINT('',#8132);
#1831=VERTEX_POINT('',#8136);
#1832=VERTEX_POINT('',#8138);
#1833=VERTEX_POINT('',#8142);
#1834=VERTEX_POINT('',#8144);
#1835=VERTEX_POINT('',#8151);
#1836=VERTEX_POINT('',#8153);
#1837=VERTEX_POINT('',#8157);
#1838=VERTEX_POINT('',#8158);
#1839=VERTEX_POINT('',#8160);
#1840=VERTEX_POINT('',#8162);
#1841=VERTEX_POINT('',#8166);
#1842=VERTEX_POINT('',#8168);
#1843=VERTEX_POINT('',#8172);
#1844=VERTEX_POINT('',#8174);
#1845=VERTEX_POINT('',#8178);
#1846=VERTEX_POINT('',#8180);
#1847=VERTEX_POINT('',#8187);
#1848=VERTEX_POINT('',#8189);
#1849=VERTEX_POINT('',#8193);
#1850=VERTEX_POINT('',#8194);
#1851=VERTEX_POINT('',#8196);
#1852=VERTEX_POINT('',#8198);
#1853=VERTEX_POINT('',#8202);
#1854=VERTEX_POINT('',#8204);
#1855=VERTEX_POINT('',#8208);
#1856=VERTEX_POINT('',#8210);
#1857=VERTEX_POINT('',#8214);
#1858=VERTEX_POINT('',#8216);
#1859=VERTEX_POINT('',#8223);
#1860=VERTEX_POINT('',#8225);
#1861=VERTEX_POINT('',#8229);
#1862=VERTEX_POINT('',#8230);
#1863=VERTEX_POINT('',#8232);
#1864=VERTEX_POINT('',#8234);
#1865=VERTEX_POINT('',#8238);
#1866=VERTEX_POINT('',#8240);
#1867=VERTEX_POINT('',#8244);
#1868=VERTEX_POINT('',#8246);
#1869=VERTEX_POINT('',#8250);
#1870=VERTEX_POINT('',#8252);
#1871=VERTEX_POINT('',#8259);
#1872=VERTEX_POINT('',#8261);
#1873=VERTEX_POINT('',#8265);
#1874=VERTEX_POINT('',#8266);
#1875=VERTEX_POINT('',#8268);
#1876=VERTEX_POINT('',#8270);
#1877=VERTEX_POINT('',#8274);
#1878=VERTEX_POINT('',#8276);
#1879=VERTEX_POINT('',#8280);
#1880=VERTEX_POINT('',#8282);
#1881=VERTEX_POINT('',#8286);
#1882=VERTEX_POINT('',#8288);
#1883=VERTEX_POINT('',#8295);
#1884=VERTEX_POINT('',#8297);
#1885=VERTEX_POINT('',#8301);
#1886=VERTEX_POINT('',#8302);
#1887=VERTEX_POINT('',#8304);
#1888=VERTEX_POINT('',#8306);
#1889=VERTEX_POINT('',#8310);
#1890=VERTEX_POINT('',#8312);
#1891=VERTEX_POINT('',#8316);
#1892=VERTEX_POINT('',#8318);
#1893=VERTEX_POINT('',#8322);
#1894=VERTEX_POINT('',#8324);
#1895=VERTEX_POINT('',#8331);
#1896=VERTEX_POINT('',#8333);
#1897=VERTEX_POINT('',#8337);
#1898=VERTEX_POINT('',#8338);
#1899=VERTEX_POINT('',#8340);
#1900=VERTEX_POINT('',#8342);
#1901=VERTEX_POINT('',#8346);
#1902=VERTEX_POINT('',#8348);
#1903=VERTEX_POINT('',#8352);
#1904=VERTEX_POINT('',#8354);
#1905=VERTEX_POINT('',#8358);
#1906=VERTEX_POINT('',#8360);
#1907=VERTEX_POINT('',#8367);
#1908=VERTEX_POINT('',#8369);
#1909=VERTEX_POINT('',#8373);
#1910=VERTEX_POINT('',#8374);
#1911=VERTEX_POINT('',#8376);
#1912=VERTEX_POINT('',#8378);
#1913=VERTEX_POINT('',#8382);
#1914=VERTEX_POINT('',#8384);
#1915=VERTEX_POINT('',#8388);
#1916=VERTEX_POINT('',#8390);
#1917=VERTEX_POINT('',#8394);
#1918=VERTEX_POINT('',#8396);
#1919=VERTEX_POINT('',#8403);
#1920=VERTEX_POINT('',#8405);
#1921=VERTEX_POINT('',#8409);
#1922=VERTEX_POINT('',#8410);
#1923=VERTEX_POINT('',#8412);
#1924=VERTEX_POINT('',#8414);
#1925=VERTEX_POINT('',#8418);
#1926=VERTEX_POINT('',#8420);
#1927=VERTEX_POINT('',#8424);
#1928=VERTEX_POINT('',#8426);
#1929=VERTEX_POINT('',#8430);
#1930=VERTEX_POINT('',#8432);
#1931=VERTEX_POINT('',#8439);
#1932=VERTEX_POINT('',#8441);
#1933=VERTEX_POINT('',#8445);
#1934=VERTEX_POINT('',#8446);
#1935=VERTEX_POINT('',#8448);
#1936=VERTEX_POINT('',#8450);
#1937=VERTEX_POINT('',#8454);
#1938=VERTEX_POINT('',#8456);
#1939=VERTEX_POINT('',#8460);
#1940=VERTEX_POINT('',#8462);
#1941=VERTEX_POINT('',#8466);
#1942=VERTEX_POINT('',#8468);
#1943=VERTEX_POINT('',#8475);
#1944=VERTEX_POINT('',#8477);
#1945=VERTEX_POINT('',#8481);
#1946=VERTEX_POINT('',#8482);
#1947=VERTEX_POINT('',#8484);
#1948=VERTEX_POINT('',#8486);
#1949=VERTEX_POINT('',#8490);
#1950=VERTEX_POINT('',#8492);
#1951=VERTEX_POINT('',#8496);
#1952=VERTEX_POINT('',#8498);
#1953=VERTEX_POINT('',#8502);
#1954=VERTEX_POINT('',#8504);
#1955=VERTEX_POINT('',#8511);
#1956=VERTEX_POINT('',#8513);
#1957=VERTEX_POINT('',#8517);
#1958=VERTEX_POINT('',#8518);
#1959=VERTEX_POINT('',#8520);
#1960=VERTEX_POINT('',#8522);
#1961=VERTEX_POINT('',#8526);
#1962=VERTEX_POINT('',#8528);
#1963=VERTEX_POINT('',#8532);
#1964=VERTEX_POINT('',#8534);
#1965=VERTEX_POINT('',#8538);
#1966=VERTEX_POINT('',#8540);
#1967=VERTEX_POINT('',#8547);
#1968=VERTEX_POINT('',#8549);
#1969=VERTEX_POINT('',#8553);
#1970=VERTEX_POINT('',#8554);
#1971=VERTEX_POINT('',#8556);
#1972=VERTEX_POINT('',#8558);
#1973=VERTEX_POINT('',#8562);
#1974=VERTEX_POINT('',#8564);
#1975=VERTEX_POINT('',#8568);
#1976=VERTEX_POINT('',#8570);
#1977=VERTEX_POINT('',#8574);
#1978=VERTEX_POINT('',#8576);
#1979=VERTEX_POINT('',#8583);
#1980=VERTEX_POINT('',#8585);
#1981=VERTEX_POINT('',#8589);
#1982=VERTEX_POINT('',#8590);
#1983=VERTEX_POINT('',#8592);
#1984=VERTEX_POINT('',#8594);
#1985=VERTEX_POINT('',#8598);
#1986=VERTEX_POINT('',#8600);
#1987=VERTEX_POINT('',#8604);
#1988=VERTEX_POINT('',#8606);
#1989=VERTEX_POINT('',#8610);
#1990=VERTEX_POINT('',#8612);
#1991=VERTEX_POINT('',#8619);
#1992=VERTEX_POINT('',#8621);
#1993=VERTEX_POINT('',#8625);
#1994=VERTEX_POINT('',#8626);
#1995=VERTEX_POINT('',#8628);
#1996=VERTEX_POINT('',#8630);
#1997=VERTEX_POINT('',#8634);
#1998=VERTEX_POINT('',#8636);
#1999=VERTEX_POINT('',#8640);
#2000=VERTEX_POINT('',#8642);
#2001=VERTEX_POINT('',#8646);
#2002=VERTEX_POINT('',#8648);
#2003=VERTEX_POINT('',#8655);
#2004=VERTEX_POINT('',#8657);
#2005=VERTEX_POINT('',#8661);
#2006=VERTEX_POINT('',#8662);
#2007=VERTEX_POINT('',#8664);
#2008=VERTEX_POINT('',#8666);
#2009=VERTEX_POINT('',#8670);
#2010=VERTEX_POINT('',#8672);
#2011=VERTEX_POINT('',#8676);
#2012=VERTEX_POINT('',#8678);
#2013=VERTEX_POINT('',#8682);
#2014=VERTEX_POINT('',#8684);
#2015=VERTEX_POINT('',#8691);
#2016=VERTEX_POINT('',#8693);
#2017=VERTEX_POINT('',#8697);
#2018=VERTEX_POINT('',#8698);
#2019=VERTEX_POINT('',#8700);
#2020=VERTEX_POINT('',#8702);
#2021=VERTEX_POINT('',#8706);
#2022=VERTEX_POINT('',#8708);
#2023=VERTEX_POINT('',#8712);
#2024=VERTEX_POINT('',#8714);
#2025=VERTEX_POINT('',#8718);
#2026=VERTEX_POINT('',#8720);
#2027=VERTEX_POINT('',#8727);
#2028=VERTEX_POINT('',#8729);
#2029=VERTEX_POINT('',#8733);
#2030=VERTEX_POINT('',#8735);
#2031=VERTEX_POINT('',#8739);
#2032=VERTEX_POINT('',#8741);
#2033=VERTEX_POINT('',#8745);
#2034=VERTEX_POINT('',#8746);
#2035=VERTEX_POINT('',#8748);
#2036=VERTEX_POINT('',#8750);
#2037=VERTEX_POINT('',#8754);
#2038=VERTEX_POINT('',#8756);
#2039=VERTEX_POINT('',#8763);
#2040=VERTEX_POINT('',#8765);
#2041=VERTEX_POINT('',#8769);
#2042=VERTEX_POINT('',#8771);
#2043=VERTEX_POINT('',#8775);
#2044=VERTEX_POINT('',#8777);
#2045=VERTEX_POINT('',#8781);
#2046=VERTEX_POINT('',#8783);
#2047=VERTEX_POINT('',#8787);
#2048=VERTEX_POINT('',#8789);
#2049=VERTEX_POINT('',#8796);
#2050=VERTEX_POINT('',#8831);
#2051=VERTEX_POINT('',#8868);
#2052=VERTEX_POINT('',#8870);
#2053=VERTEX_POINT('',#8874);
#2054=VERTEX_POINT('',#8877);
#2055=VERTEX_POINT('',#8973);
#2056=VERTEX_POINT('',#8995);
#2057=VERTEX_POINT('',#9032);
#2058=VERTEX_POINT('',#9034);
#2059=VERTEX_POINT('',#9038);
#2060=VERTEX_POINT('',#9041);
#2061=VERTEX_POINT('',#9047);
#2062=VERTEX_POINT('',#9050);
#2063=VERTEX_POINT('',#9054);
#2064=VERTEX_POINT('',#9058);
#2065=VERTEX_POINT('',#9060);
#2066=VERTEX_POINT('',#9066);
#2067=VERTEX_POINT('',#9069);
#2068=EDGE_CURVE('',#1569,#1570,#1075,.T.);
#2069=EDGE_CURVE('',#1569,#1571,#571,.T.);
#2070=EDGE_CURVE('',#1572,#1571,#1076,.T.);
#2071=EDGE_CURVE('',#1572,#1570,#572,.T.);
#2072=EDGE_CURVE('',#1573,#1569,#1077,.T.);
#2073=EDGE_CURVE('',#1573,#1574,#573,.T.);
#2074=EDGE_CURVE('',#1571,#1574,#1078,.T.);
#2075=EDGE_CURVE('',#1575,#1576,#1079,.T.);
#2076=EDGE_CURVE('',#1575,#1577,#574,.T.);
#2077=EDGE_CURVE('',#1578,#1577,#1080,.T.);
#2078=EDGE_CURVE('',#1578,#1576,#575,.T.);
#2079=EDGE_CURVE('',#1579,#1575,#1081,.T.);
#2080=EDGE_CURVE('',#1579,#1580,#576,.T.);
#2081=EDGE_CURVE('',#1577,#1580,#1082,.T.);
#2082=EDGE_CURVE('',#1574,#1579,#1083,.T.);
#2083=EDGE_CURVE('',#1580,#1573,#1084,.T.);
#2084=EDGE_CURVE('',#1581,#1578,#1085,.T.);
#2085=EDGE_CURVE('',#1582,#1581,#577,.T.);
#2086=EDGE_CURVE('',#1576,#1582,#1086,.T.);
#2087=EDGE_CURVE('',#1583,#1572,#1087,.T.);
#2088=EDGE_CURVE('',#1584,#1583,#578,.T.);
#2089=EDGE_CURVE('',#1570,#1584,#1088,.T.);
#2090=EDGE_CURVE('',#1585,#1586,#1089,.T.);
#2091=EDGE_CURVE('',#1585,#1587,#579,.T.);
#2092=EDGE_CURVE('',#1588,#1587,#1090,.T.);
#2093=EDGE_CURVE('',#1588,#1586,#580,.T.);
#2094=EDGE_CURVE('',#1589,#1585,#1091,.T.);
#2095=EDGE_CURVE('',#1589,#1590,#581,.T.);
#2096=EDGE_CURVE('',#1587,#1590,#1092,.T.);
#2097=EDGE_CURVE('',#1591,#1583,#1093,.T.);
#2098=EDGE_CURVE('',#1591,#1592,#582,.T.);
#2099=EDGE_CURVE('',#1584,#1592,#1094,.T.);
#2100=EDGE_CURVE('',#1593,#1591,#1095,.T.);
#2101=EDGE_CURVE('',#1593,#1594,#583,.T.);
#2102=EDGE_CURVE('',#1592,#1594,#1096,.T.);
#2103=EDGE_CURVE('',#1590,#1593,#1097,.T.);
#2104=EDGE_CURVE('',#1594,#1589,#1098,.T.);
#2105=EDGE_CURVE('',#1595,#1588,#1099,.T.);
#2106=EDGE_CURVE('',#1596,#1595,#584,.T.);
#2107=EDGE_CURVE('',#1586,#1596,#1100,.T.);
#2108=EDGE_CURVE('',#1597,#1598,#1101,.T.);
#2109=EDGE_CURVE('',#1597,#1599,#585,.T.);
#2110=EDGE_CURVE('',#1600,#1599,#1102,.T.);
#2111=EDGE_CURVE('',#1600,#1598,#586,.T.);
#2112=EDGE_CURVE('',#1601,#1597,#1103,.T.);
#2113=EDGE_CURVE('',#1601,#1602,#587,.T.);
#2114=EDGE_CURVE('',#1599,#1602,#1104,.T.);
#2115=EDGE_CURVE('',#1603,#1595,#1105,.T.);
#2116=EDGE_CURVE('',#1603,#1604,#588,.T.);
#2117=EDGE_CURVE('',#1596,#1604,#1106,.T.);
#2118=EDGE_CURVE('',#1605,#1603,#1107,.T.);
#2119=EDGE_CURVE('',#1605,#1606,#589,.T.);
#2120=EDGE_CURVE('',#1604,#1606,#1108,.T.);
#2121=EDGE_CURVE('',#1602,#1605,#1109,.T.);
#2122=EDGE_CURVE('',#1606,#1601,#1110,.T.);
#2123=EDGE_CURVE('',#1607,#1600,#1111,.T.);
#2124=EDGE_CURVE('',#1608,#1607,#590,.T.);
#2125=EDGE_CURVE('',#1598,#1608,#1112,.T.);
#2126=EDGE_CURVE('',#1609,#1610,#1113,.T.);
#2127=EDGE_CURVE('',#1609,#1611,#591,.T.);
#2128=EDGE_CURVE('',#1612,#1611,#1114,.T.);
#2129=EDGE_CURVE('',#1612,#1610,#592,.T.);
#2130=EDGE_CURVE('',#1613,#1609,#1115,.T.);
#2131=EDGE_CURVE('',#1613,#1614,#593,.T.);
#2132=EDGE_CURVE('',#1611,#1614,#1116,.T.);
#2133=EDGE_CURVE('',#1615,#1607,#1117,.T.);
#2134=EDGE_CURVE('',#1615,#1616,#594,.T.);
#2135=EDGE_CURVE('',#1608,#1616,#1118,.T.);
#2136=EDGE_CURVE('',#1617,#1615,#1119,.T.);
#2137=EDGE_CURVE('',#1617,#1618,#595,.T.);
#2138=EDGE_CURVE('',#1616,#1618,#1120,.T.);
#2139=EDGE_CURVE('',#1614,#1617,#1121,.T.);
#2140=EDGE_CURVE('',#1618,#1613,#1122,.T.);
#2141=EDGE_CURVE('',#1619,#1612,#1123,.T.);
#2142=EDGE_CURVE('',#1620,#1619,#596,.T.);
#2143=EDGE_CURVE('',#1610,#1620,#1124,.T.);
#2144=EDGE_CURVE('',#1621,#1622,#1125,.T.);
#2145=EDGE_CURVE('',#1621,#1623,#597,.T.);
#2146=EDGE_CURVE('',#1624,#1623,#1126,.T.);
#2147=EDGE_CURVE('',#1624,#1622,#598,.T.);
#2148=EDGE_CURVE('',#1625,#1621,#1127,.T.);
#2149=EDGE_CURVE('',#1625,#1626,#599,.T.);
#2150=EDGE_CURVE('',#1623,#1626,#1128,.T.);
#2151=EDGE_CURVE('',#1627,#1619,#1129,.T.);
#2152=EDGE_CURVE('',#1627,#1628,#600,.T.);
#2153=EDGE_CURVE('',#1620,#1628,#1130,.T.);
#2154=EDGE_CURVE('',#1629,#1627,#1131,.T.);
#2155=EDGE_CURVE('',#1629,#1630,#601,.T.);
#2156=EDGE_CURVE('',#1628,#1630,#1132,.T.);
#2157=EDGE_CURVE('',#1626,#1629,#1133,.T.);
#2158=EDGE_CURVE('',#1630,#1625,#1134,.T.);
#2159=EDGE_CURVE('',#1631,#1624,#1135,.T.);
#2160=EDGE_CURVE('',#1632,#1631,#602,.T.);
#2161=EDGE_CURVE('',#1622,#1632,#1136,.T.);
#2162=EDGE_CURVE('',#1633,#1634,#1137,.T.);
#2163=EDGE_CURVE('',#1633,#1635,#603,.T.);
#2164=EDGE_CURVE('',#1636,#1635,#1138,.T.);
#2165=EDGE_CURVE('',#1636,#1634,#604,.T.);
#2166=EDGE_CURVE('',#1637,#1633,#1139,.T.);
#2167=EDGE_CURVE('',#1637,#1638,#605,.T.);
#2168=EDGE_CURVE('',#1635,#1638,#1140,.T.);
#2169=EDGE_CURVE('',#1639,#1631,#1141,.T.);
#2170=EDGE_CURVE('',#1639,#1640,#606,.T.);
#2171=EDGE_CURVE('',#1632,#1640,#1142,.T.);
#2172=EDGE_CURVE('',#1641,#1639,#1143,.T.);
#2173=EDGE_CURVE('',#1641,#1642,#607,.T.);
#2174=EDGE_CURVE('',#1640,#1642,#1144,.T.);
#2175=EDGE_CURVE('',#1638,#1641,#1145,.T.);
#2176=EDGE_CURVE('',#1642,#1637,#1146,.T.);
#2177=EDGE_CURVE('',#1643,#1636,#1147,.T.);
#2178=EDGE_CURVE('',#1644,#1643,#608,.T.);
#2179=EDGE_CURVE('',#1634,#1644,#1148,.T.);
#2180=EDGE_CURVE('',#1645,#1646,#1149,.T.);
#2181=EDGE_CURVE('',#1645,#1647,#609,.T.);
#2182=EDGE_CURVE('',#1648,#1647,#1150,.T.);
#2183=EDGE_CURVE('',#1648,#1646,#610,.T.);
#2184=EDGE_CURVE('',#1649,#1645,#1151,.T.);
#2185=EDGE_CURVE('',#1649,#1650,#611,.T.);
#2186=EDGE_CURVE('',#1647,#1650,#1152,.T.);
#2187=EDGE_CURVE('',#1651,#1643,#1153,.T.);
#2188=EDGE_CURVE('',#1651,#1652,#612,.T.);
#2189=EDGE_CURVE('',#1644,#1652,#1154,.T.);
#2190=EDGE_CURVE('',#1653,#1651,#1155,.T.);
#2191=EDGE_CURVE('',#1653,#1654,#613,.T.);
#2192=EDGE_CURVE('',#1652,#1654,#1156,.T.);
#2193=EDGE_CURVE('',#1650,#1653,#1157,.T.);
#2194=EDGE_CURVE('',#1654,#1649,#1158,.T.);
#2195=EDGE_CURVE('',#1655,#1648,#1159,.T.);
#2196=EDGE_CURVE('',#1656,#1655,#614,.T.);
#2197=EDGE_CURVE('',#1646,#1656,#1160,.T.);
#2198=EDGE_CURVE('',#1657,#1658,#1161,.T.);
#2199=EDGE_CURVE('',#1657,#1659,#615,.T.);
#2200=EDGE_CURVE('',#1660,#1659,#1162,.T.);
#2201=EDGE_CURVE('',#1660,#1658,#616,.T.);
#2202=EDGE_CURVE('',#1661,#1657,#1163,.T.);
#2203=EDGE_CURVE('',#1661,#1662,#617,.T.);
#2204=EDGE_CURVE('',#1659,#1662,#1164,.T.);
#2205=EDGE_CURVE('',#1663,#1655,#1165,.T.);
#2206=EDGE_CURVE('',#1663,#1664,#618,.T.);
#2207=EDGE_CURVE('',#1656,#1664,#1166,.T.);
#2208=EDGE_CURVE('',#1665,#1663,#1167,.T.);
#2209=EDGE_CURVE('',#1665,#1666,#619,.T.);
#2210=EDGE_CURVE('',#1664,#1666,#1168,.T.);
#2211=EDGE_CURVE('',#1662,#1665,#1169,.T.);
#2212=EDGE_CURVE('',#1666,#1661,#1170,.T.);
#2213=EDGE_CURVE('',#1667,#1660,#1171,.T.);
#2214=EDGE_CURVE('',#1668,#1667,#620,.T.);
#2215=EDGE_CURVE('',#1658,#1668,#1172,.T.);
#2216=EDGE_CURVE('',#1669,#1670,#1173,.T.);
#2217=EDGE_CURVE('',#1669,#1671,#621,.T.);
#2218=EDGE_CURVE('',#1672,#1671,#1174,.T.);
#2219=EDGE_CURVE('',#1672,#1670,#622,.T.);
#2220=EDGE_CURVE('',#1673,#1669,#1175,.T.);
#2221=EDGE_CURVE('',#1673,#1674,#623,.T.);
#2222=EDGE_CURVE('',#1671,#1674,#1176,.T.);
#2223=EDGE_CURVE('',#1675,#1667,#1177,.T.);
#2224=EDGE_CURVE('',#1675,#1676,#624,.T.);
#2225=EDGE_CURVE('',#1668,#1676,#1178,.T.);
#2226=EDGE_CURVE('',#1677,#1675,#1179,.T.);
#2227=EDGE_CURVE('',#1677,#1678,#625,.T.);
#2228=EDGE_CURVE('',#1676,#1678,#1180,.T.);
#2229=EDGE_CURVE('',#1674,#1677,#1181,.T.);
#2230=EDGE_CURVE('',#1678,#1673,#1182,.T.);
#2231=EDGE_CURVE('',#1679,#1672,#1183,.T.);
#2232=EDGE_CURVE('',#1680,#1679,#626,.T.);
#2233=EDGE_CURVE('',#1670,#1680,#1184,.T.);
#2234=EDGE_CURVE('',#1681,#1682,#1185,.T.);
#2235=EDGE_CURVE('',#1681,#1683,#627,.T.);
#2236=EDGE_CURVE('',#1684,#1683,#1186,.T.);
#2237=EDGE_CURVE('',#1684,#1682,#628,.T.);
#2238=EDGE_CURVE('',#1685,#1681,#1187,.T.);
#2239=EDGE_CURVE('',#1685,#1686,#629,.T.);
#2240=EDGE_CURVE('',#1683,#1686,#1188,.T.);
#2241=EDGE_CURVE('',#1687,#1679,#1189,.T.);
#2242=EDGE_CURVE('',#1687,#1688,#630,.T.);
#2243=EDGE_CURVE('',#1680,#1688,#1190,.T.);
#2244=EDGE_CURVE('',#1689,#1687,#1191,.T.);
#2245=EDGE_CURVE('',#1689,#1690,#631,.T.);
#2246=EDGE_CURVE('',#1688,#1690,#1192,.T.);
#2247=EDGE_CURVE('',#1686,#1689,#1193,.T.);
#2248=EDGE_CURVE('',#1690,#1685,#1194,.T.);
#2249=EDGE_CURVE('',#1691,#1684,#1195,.T.);
#2250=EDGE_CURVE('',#1692,#1691,#632,.T.);
#2251=EDGE_CURVE('',#1682,#1692,#1196,.T.);
#2252=EDGE_CURVE('',#1693,#1694,#1197,.T.);
#2253=EDGE_CURVE('',#1693,#1695,#633,.T.);
#2254=EDGE_CURVE('',#1696,#1695,#1198,.T.);
#2255=EDGE_CURVE('',#1696,#1694,#634,.T.);
#2256=EDGE_CURVE('',#1697,#1693,#1199,.T.);
#2257=EDGE_CURVE('',#1697,#1698,#635,.T.);
#2258=EDGE_CURVE('',#1695,#1698,#1200,.T.);
#2259=EDGE_CURVE('',#1699,#1691,#1201,.T.);
#2260=EDGE_CURVE('',#1699,#1700,#636,.T.);
#2261=EDGE_CURVE('',#1692,#1700,#1202,.T.);
#2262=EDGE_CURVE('',#1701,#1699,#1203,.T.);
#2263=EDGE_CURVE('',#1701,#1702,#637,.T.);
#2264=EDGE_CURVE('',#1700,#1702,#1204,.T.);
#2265=EDGE_CURVE('',#1698,#1701,#1205,.T.);
#2266=EDGE_CURVE('',#1702,#1697,#1206,.T.);
#2267=EDGE_CURVE('',#1703,#1696,#1207,.T.);
#2268=EDGE_CURVE('',#1704,#1703,#638,.T.);
#2269=EDGE_CURVE('',#1694,#1704,#1208,.T.);
#2270=EDGE_CURVE('',#1705,#1706,#1209,.T.);
#2271=EDGE_CURVE('',#1705,#1707,#639,.T.);
#2272=EDGE_CURVE('',#1708,#1707,#1210,.T.);
#2273=EDGE_CURVE('',#1708,#1706,#640,.T.);
#2274=EDGE_CURVE('',#1709,#1705,#1211,.T.);
#2275=EDGE_CURVE('',#1709,#1710,#641,.T.);
#2276=EDGE_CURVE('',#1707,#1710,#1212,.T.);
#2277=EDGE_CURVE('',#1711,#1703,#1213,.T.);
#2278=EDGE_CURVE('',#1711,#1712,#642,.T.);
#2279=EDGE_CURVE('',#1704,#1712,#1214,.T.);
#2280=EDGE_CURVE('',#1713,#1711,#1215,.T.);
#2281=EDGE_CURVE('',#1713,#1714,#643,.T.);
#2282=EDGE_CURVE('',#1712,#1714,#1216,.T.);
#2283=EDGE_CURVE('',#1710,#1713,#1217,.T.);
#2284=EDGE_CURVE('',#1714,#1709,#1218,.T.);
#2285=EDGE_CURVE('',#1715,#1708,#1219,.T.);
#2286=EDGE_CURVE('',#1716,#1715,#644,.T.);
#2287=EDGE_CURVE('',#1706,#1716,#1220,.T.);
#2288=EDGE_CURVE('',#1717,#1718,#1221,.T.);
#2289=EDGE_CURVE('',#1717,#1719,#645,.T.);
#2290=EDGE_CURVE('',#1720,#1719,#1222,.T.);
#2291=EDGE_CURVE('',#1720,#1718,#646,.T.);
#2292=EDGE_CURVE('',#1721,#1717,#1223,.T.);
#2293=EDGE_CURVE('',#1721,#1722,#647,.T.);
#2294=EDGE_CURVE('',#1719,#1722,#1224,.T.);
#2295=EDGE_CURVE('',#1723,#1715,#1225,.T.);
#2296=EDGE_CURVE('',#1723,#1724,#648,.T.);
#2297=EDGE_CURVE('',#1716,#1724,#1226,.T.);
#2298=EDGE_CURVE('',#1725,#1723,#1227,.T.);
#2299=EDGE_CURVE('',#1725,#1726,#649,.T.);
#2300=EDGE_CURVE('',#1724,#1726,#1228,.T.);
#2301=EDGE_CURVE('',#1722,#1725,#1229,.T.);
#2302=EDGE_CURVE('',#1726,#1721,#1230,.T.);
#2303=EDGE_CURVE('',#1727,#1720,#1231,.T.);
#2304=EDGE_CURVE('',#1728,#1727,#650,.T.);
#2305=EDGE_CURVE('',#1718,#1728,#1232,.T.);
#2306=EDGE_CURVE('',#1729,#1730,#1233,.T.);
#2307=EDGE_CURVE('',#1729,#1731,#651,.T.);
#2308=EDGE_CURVE('',#1732,#1731,#1234,.T.);
#2309=EDGE_CURVE('',#1732,#1730,#652,.T.);
#2310=EDGE_CURVE('',#1733,#1729,#1235,.T.);
#2311=EDGE_CURVE('',#1733,#1734,#653,.T.);
#2312=EDGE_CURVE('',#1731,#1734,#1236,.T.);
#2313=EDGE_CURVE('',#1735,#1727,#1237,.T.);
#2314=EDGE_CURVE('',#1735,#1736,#654,.T.);
#2315=EDGE_CURVE('',#1728,#1736,#1238,.T.);
#2316=EDGE_CURVE('',#1737,#1735,#1239,.T.);
#2317=EDGE_CURVE('',#1737,#1738,#655,.T.);
#2318=EDGE_CURVE('',#1736,#1738,#1240,.T.);
#2319=EDGE_CURVE('',#1734,#1737,#1241,.T.);
#2320=EDGE_CURVE('',#1738,#1733,#1242,.T.);
#2321=EDGE_CURVE('',#1739,#1732,#1243,.T.);
#2322=EDGE_CURVE('',#1740,#1739,#656,.T.);
#2323=EDGE_CURVE('',#1730,#1740,#1244,.T.);
#2324=EDGE_CURVE('',#1741,#1742,#1245,.T.);
#2325=EDGE_CURVE('',#1741,#1743,#657,.T.);
#2326=EDGE_CURVE('',#1744,#1743,#1246,.T.);
#2327=EDGE_CURVE('',#1744,#1742,#658,.T.);
#2328=EDGE_CURVE('',#1745,#1741,#1247,.T.);
#2329=EDGE_CURVE('',#1745,#1746,#659,.T.);
#2330=EDGE_CURVE('',#1743,#1746,#1248,.T.);
#2331=EDGE_CURVE('',#1747,#1739,#1249,.T.);
#2332=EDGE_CURVE('',#1747,#1748,#660,.T.);
#2333=EDGE_CURVE('',#1740,#1748,#1250,.T.);
#2334=EDGE_CURVE('',#1749,#1747,#1251,.T.);
#2335=EDGE_CURVE('',#1749,#1750,#661,.T.);
#2336=EDGE_CURVE('',#1748,#1750,#1252,.T.);
#2337=EDGE_CURVE('',#1746,#1749,#1253,.T.);
#2338=EDGE_CURVE('',#1750,#1745,#1254,.T.);
#2339=EDGE_CURVE('',#1751,#1744,#1255,.T.);
#2340=EDGE_CURVE('',#1752,#1751,#662,.T.);
#2341=EDGE_CURVE('',#1742,#1752,#1256,.T.);
#2342=EDGE_CURVE('',#1753,#1754,#1257,.T.);
#2343=EDGE_CURVE('',#1753,#1755,#663,.T.);
#2344=EDGE_CURVE('',#1756,#1755,#1258,.T.);
#2345=EDGE_CURVE('',#1756,#1754,#664,.T.);
#2346=EDGE_CURVE('',#1757,#1753,#1259,.T.);
#2347=EDGE_CURVE('',#1757,#1758,#665,.T.);
#2348=EDGE_CURVE('',#1755,#1758,#1260,.T.);
#2349=EDGE_CURVE('',#1759,#1751,#1261,.T.);
#2350=EDGE_CURVE('',#1759,#1760,#666,.T.);
#2351=EDGE_CURVE('',#1752,#1760,#1262,.T.);
#2352=EDGE_CURVE('',#1761,#1759,#1263,.T.);
#2353=EDGE_CURVE('',#1761,#1762,#667,.T.);
#2354=EDGE_CURVE('',#1760,#1762,#1264,.T.);
#2355=EDGE_CURVE('',#1758,#1761,#1265,.T.);
#2356=EDGE_CURVE('',#1762,#1757,#1266,.T.);
#2357=EDGE_CURVE('',#1763,#1756,#1267,.T.);
#2358=EDGE_CURVE('',#1764,#1763,#668,.T.);
#2359=EDGE_CURVE('',#1754,#1764,#1268,.T.);
#2360=EDGE_CURVE('',#1765,#1766,#1269,.T.);
#2361=EDGE_CURVE('',#1765,#1767,#669,.T.);
#2362=EDGE_CURVE('',#1768,#1767,#1270,.T.);
#2363=EDGE_CURVE('',#1768,#1766,#670,.T.);
#2364=EDGE_CURVE('',#1769,#1765,#1271,.T.);
#2365=EDGE_CURVE('',#1769,#1770,#671,.T.);
#2366=EDGE_CURVE('',#1767,#1770,#1272,.T.);
#2367=EDGE_CURVE('',#1771,#1763,#1273,.T.);
#2368=EDGE_CURVE('',#1771,#1772,#672,.T.);
#2369=EDGE_CURVE('',#1764,#1772,#1274,.T.);
#2370=EDGE_CURVE('',#1773,#1771,#1275,.T.);
#2371=EDGE_CURVE('',#1773,#1774,#673,.T.);
#2372=EDGE_CURVE('',#1772,#1774,#1276,.T.);
#2373=EDGE_CURVE('',#1770,#1773,#1277,.T.);
#2374=EDGE_CURVE('',#1774,#1769,#1278,.T.);
#2375=EDGE_CURVE('',#1775,#1768,#1279,.T.);
#2376=EDGE_CURVE('',#1776,#1775,#674,.T.);
#2377=EDGE_CURVE('',#1766,#1776,#1280,.T.);
#2378=EDGE_CURVE('',#1777,#1778,#1281,.T.);
#2379=EDGE_CURVE('',#1777,#1779,#675,.T.);
#2380=EDGE_CURVE('',#1780,#1779,#1282,.T.);
#2381=EDGE_CURVE('',#1780,#1778,#676,.T.);
#2382=EDGE_CURVE('',#1781,#1777,#1283,.T.);
#2383=EDGE_CURVE('',#1781,#1782,#677,.T.);
#2384=EDGE_CURVE('',#1779,#1782,#1284,.T.);
#2385=EDGE_CURVE('',#1783,#1775,#1285,.T.);
#2386=EDGE_CURVE('',#1783,#1784,#678,.T.);
#2387=EDGE_CURVE('',#1776,#1784,#1286,.T.);
#2388=EDGE_CURVE('',#1785,#1783,#1287,.T.);
#2389=EDGE_CURVE('',#1785,#1786,#679,.T.);
#2390=EDGE_CURVE('',#1784,#1786,#1288,.T.);
#2391=EDGE_CURVE('',#1782,#1785,#1289,.T.);
#2392=EDGE_CURVE('',#1786,#1781,#1290,.T.);
#2393=EDGE_CURVE('',#1787,#1780,#1291,.T.);
#2394=EDGE_CURVE('',#1788,#1787,#680,.T.);
#2395=EDGE_CURVE('',#1778,#1788,#1292,.T.);
#2396=EDGE_CURVE('',#1789,#1790,#1293,.T.);
#2397=EDGE_CURVE('',#1789,#1791,#681,.T.);
#2398=EDGE_CURVE('',#1792,#1791,#1294,.T.);
#2399=EDGE_CURVE('',#1792,#1790,#682,.T.);
#2400=EDGE_CURVE('',#1793,#1789,#1295,.T.);
#2401=EDGE_CURVE('',#1793,#1794,#683,.T.);
#2402=EDGE_CURVE('',#1791,#1794,#1296,.T.);
#2403=EDGE_CURVE('',#1795,#1787,#1297,.T.);
#2404=EDGE_CURVE('',#1795,#1796,#684,.T.);
#2405=EDGE_CURVE('',#1788,#1796,#1298,.T.);
#2406=EDGE_CURVE('',#1797,#1795,#1299,.T.);
#2407=EDGE_CURVE('',#1797,#1798,#685,.T.);
#2408=EDGE_CURVE('',#1796,#1798,#1300,.T.);
#2409=EDGE_CURVE('',#1794,#1797,#1301,.T.);
#2410=EDGE_CURVE('',#1798,#1793,#1302,.T.);
#2411=EDGE_CURVE('',#1799,#1792,#1303,.T.);
#2412=EDGE_CURVE('',#1800,#1799,#686,.T.);
#2413=EDGE_CURVE('',#1790,#1800,#1304,.T.);
#2414=EDGE_CURVE('',#1801,#1802,#1305,.T.);
#2415=EDGE_CURVE('',#1801,#1803,#687,.T.);
#2416=EDGE_CURVE('',#1804,#1803,#1306,.T.);
#2417=EDGE_CURVE('',#1804,#1802,#688,.T.);
#2418=EDGE_CURVE('',#1805,#1801,#1307,.T.);
#2419=EDGE_CURVE('',#1805,#1806,#689,.T.);
#2420=EDGE_CURVE('',#1803,#1806,#1308,.T.);
#2421=EDGE_CURVE('',#1807,#1799,#1309,.T.);
#2422=EDGE_CURVE('',#1807,#1808,#690,.T.);
#2423=EDGE_CURVE('',#1800,#1808,#1310,.T.);
#2424=EDGE_CURVE('',#1809,#1807,#1311,.T.);
#2425=EDGE_CURVE('',#1809,#1810,#691,.T.);
#2426=EDGE_CURVE('',#1808,#1810,#1312,.T.);
#2427=EDGE_CURVE('',#1806,#1809,#1313,.T.);
#2428=EDGE_CURVE('',#1810,#1805,#1314,.T.);
#2429=EDGE_CURVE('',#1811,#1804,#1315,.T.);
#2430=EDGE_CURVE('',#1812,#1811,#692,.T.);
#2431=EDGE_CURVE('',#1802,#1812,#1316,.T.);
#2432=EDGE_CURVE('',#1813,#1814,#1317,.T.);
#2433=EDGE_CURVE('',#1813,#1815,#693,.T.);
#2434=EDGE_CURVE('',#1816,#1815,#1318,.T.);
#2435=EDGE_CURVE('',#1816,#1814,#694,.T.);
#2436=EDGE_CURVE('',#1817,#1813,#1319,.T.);
#2437=EDGE_CURVE('',#1817,#1818,#695,.T.);
#2438=EDGE_CURVE('',#1815,#1818,#1320,.T.);
#2439=EDGE_CURVE('',#1819,#1811,#1321,.T.);
#2440=EDGE_CURVE('',#1819,#1820,#696,.T.);
#2441=EDGE_CURVE('',#1812,#1820,#1322,.T.);
#2442=EDGE_CURVE('',#1821,#1819,#1323,.T.);
#2443=EDGE_CURVE('',#1821,#1822,#697,.T.);
#2444=EDGE_CURVE('',#1820,#1822,#1324,.T.);
#2445=EDGE_CURVE('',#1818,#1821,#1325,.T.);
#2446=EDGE_CURVE('',#1822,#1817,#1326,.T.);
#2447=EDGE_CURVE('',#1823,#1816,#1327,.T.);
#2448=EDGE_CURVE('',#1824,#1823,#698,.T.);
#2449=EDGE_CURVE('',#1814,#1824,#1328,.T.);
#2450=EDGE_CURVE('',#1825,#1826,#1329,.T.);
#2451=EDGE_CURVE('',#1825,#1827,#699,.T.);
#2452=EDGE_CURVE('',#1828,#1827,#1330,.T.);
#2453=EDGE_CURVE('',#1828,#1826,#700,.T.);
#2454=EDGE_CURVE('',#1829,#1825,#1331,.T.);
#2455=EDGE_CURVE('',#1829,#1830,#701,.T.);
#2456=EDGE_CURVE('',#1827,#1830,#1332,.T.);
#2457=EDGE_CURVE('',#1831,#1823,#1333,.T.);
#2458=EDGE_CURVE('',#1831,#1832,#702,.T.);
#2459=EDGE_CURVE('',#1824,#1832,#1334,.T.);
#2460=EDGE_CURVE('',#1833,#1831,#1335,.T.);
#2461=EDGE_CURVE('',#1833,#1834,#703,.T.);
#2462=EDGE_CURVE('',#1832,#1834,#1336,.T.);
#2463=EDGE_CURVE('',#1830,#1833,#1337,.T.);
#2464=EDGE_CURVE('',#1834,#1829,#1338,.T.);
#2465=EDGE_CURVE('',#1835,#1828,#1339,.T.);
#2466=EDGE_CURVE('',#1836,#1835,#704,.T.);
#2467=EDGE_CURVE('',#1826,#1836,#1340,.T.);
#2468=EDGE_CURVE('',#1837,#1838,#1341,.T.);
#2469=EDGE_CURVE('',#1837,#1839,#705,.T.);
#2470=EDGE_CURVE('',#1840,#1839,#1342,.T.);
#2471=EDGE_CURVE('',#1840,#1838,#706,.T.);
#2472=EDGE_CURVE('',#1841,#1837,#1343,.T.);
#2473=EDGE_CURVE('',#1841,#1842,#707,.T.);
#2474=EDGE_CURVE('',#1839,#1842,#1344,.T.);
#2475=EDGE_CURVE('',#1843,#1835,#1345,.T.);
#2476=EDGE_CURVE('',#1843,#1844,#708,.T.);
#2477=EDGE_CURVE('',#1836,#1844,#1346,.T.);
#2478=EDGE_CURVE('',#1845,#1843,#1347,.T.);
#2479=EDGE_CURVE('',#1845,#1846,#709,.T.);
#2480=EDGE_CURVE('',#1844,#1846,#1348,.T.);
#2481=EDGE_CURVE('',#1842,#1845,#1349,.T.);
#2482=EDGE_CURVE('',#1846,#1841,#1350,.T.);
#2483=EDGE_CURVE('',#1847,#1840,#1351,.T.);
#2484=EDGE_CURVE('',#1848,#1847,#710,.T.);
#2485=EDGE_CURVE('',#1838,#1848,#1352,.T.);
#2486=EDGE_CURVE('',#1849,#1850,#1353,.T.);
#2487=EDGE_CURVE('',#1849,#1851,#711,.T.);
#2488=EDGE_CURVE('',#1852,#1851,#1354,.T.);
#2489=EDGE_CURVE('',#1852,#1850,#712,.T.);
#2490=EDGE_CURVE('',#1853,#1849,#1355,.T.);
#2491=EDGE_CURVE('',#1853,#1854,#713,.T.);
#2492=EDGE_CURVE('',#1851,#1854,#1356,.T.);
#2493=EDGE_CURVE('',#1855,#1847,#1357,.T.);
#2494=EDGE_CURVE('',#1855,#1856,#714,.T.);
#2495=EDGE_CURVE('',#1848,#1856,#1358,.T.);
#2496=EDGE_CURVE('',#1857,#1855,#1359,.T.);
#2497=EDGE_CURVE('',#1857,#1858,#715,.T.);
#2498=EDGE_CURVE('',#1856,#1858,#1360,.T.);
#2499=EDGE_CURVE('',#1854,#1857,#1361,.T.);
#2500=EDGE_CURVE('',#1858,#1853,#1362,.T.);
#2501=EDGE_CURVE('',#1859,#1852,#1363,.T.);
#2502=EDGE_CURVE('',#1860,#1859,#716,.T.);
#2503=EDGE_CURVE('',#1850,#1860,#1364,.T.);
#2504=EDGE_CURVE('',#1861,#1862,#1365,.T.);
#2505=EDGE_CURVE('',#1861,#1863,#717,.T.);
#2506=EDGE_CURVE('',#1864,#1863,#1366,.T.);
#2507=EDGE_CURVE('',#1864,#1862,#718,.T.);
#2508=EDGE_CURVE('',#1865,#1861,#1367,.T.);
#2509=EDGE_CURVE('',#1865,#1866,#719,.T.);
#2510=EDGE_CURVE('',#1863,#1866,#1368,.T.);
#2511=EDGE_CURVE('',#1867,#1859,#1369,.T.);
#2512=EDGE_CURVE('',#1867,#1868,#720,.T.);
#2513=EDGE_CURVE('',#1860,#1868,#1370,.T.);
#2514=EDGE_CURVE('',#1869,#1867,#1371,.T.);
#2515=EDGE_CURVE('',#1869,#1870,#721,.T.);
#2516=EDGE_CURVE('',#1868,#1870,#1372,.T.);
#2517=EDGE_CURVE('',#1866,#1869,#1373,.T.);
#2518=EDGE_CURVE('',#1870,#1865,#1374,.T.);
#2519=EDGE_CURVE('',#1871,#1864,#1375,.T.);
#2520=EDGE_CURVE('',#1872,#1871,#722,.T.);
#2521=EDGE_CURVE('',#1862,#1872,#1376,.T.);
#2522=EDGE_CURVE('',#1873,#1874,#1377,.T.);
#2523=EDGE_CURVE('',#1873,#1875,#723,.T.);
#2524=EDGE_CURVE('',#1876,#1875,#1378,.T.);
#2525=EDGE_CURVE('',#1876,#1874,#724,.T.);
#2526=EDGE_CURVE('',#1877,#1873,#1379,.T.);
#2527=EDGE_CURVE('',#1877,#1878,#725,.T.);
#2528=EDGE_CURVE('',#1875,#1878,#1380,.T.);
#2529=EDGE_CURVE('',#1879,#1871,#1381,.T.);
#2530=EDGE_CURVE('',#1879,#1880,#726,.T.);
#2531=EDGE_CURVE('',#1872,#1880,#1382,.T.);
#2532=EDGE_CURVE('',#1881,#1879,#1383,.T.);
#2533=EDGE_CURVE('',#1881,#1882,#727,.T.);
#2534=EDGE_CURVE('',#1880,#1882,#1384,.T.);
#2535=EDGE_CURVE('',#1878,#1881,#1385,.T.);
#2536=EDGE_CURVE('',#1882,#1877,#1386,.T.);
#2537=EDGE_CURVE('',#1883,#1876,#1387,.T.);
#2538=EDGE_CURVE('',#1884,#1883,#728,.T.);
#2539=EDGE_CURVE('',#1874,#1884,#1388,.T.);
#2540=EDGE_CURVE('',#1885,#1886,#1389,.T.);
#2541=EDGE_CURVE('',#1885,#1887,#729,.T.);
#2542=EDGE_CURVE('',#1888,#1887,#1390,.T.);
#2543=EDGE_CURVE('',#1888,#1886,#730,.T.);
#2544=EDGE_CURVE('',#1889,#1885,#1391,.T.);
#2545=EDGE_CURVE('',#1889,#1890,#731,.T.);
#2546=EDGE_CURVE('',#1887,#1890,#1392,.T.);
#2547=EDGE_CURVE('',#1891,#1883,#1393,.T.);
#2548=EDGE_CURVE('',#1891,#1892,#732,.T.);
#2549=EDGE_CURVE('',#1884,#1892,#1394,.T.);
#2550=EDGE_CURVE('',#1893,#1891,#1395,.T.);
#2551=EDGE_CURVE('',#1893,#1894,#733,.T.);
#2552=EDGE_CURVE('',#1892,#1894,#1396,.T.);
#2553=EDGE_CURVE('',#1890,#1893,#1397,.T.);
#2554=EDGE_CURVE('',#1894,#1889,#1398,.T.);
#2555=EDGE_CURVE('',#1895,#1888,#1399,.T.);
#2556=EDGE_CURVE('',#1896,#1895,#734,.T.);
#2557=EDGE_CURVE('',#1886,#1896,#1400,.T.);
#2558=EDGE_CURVE('',#1897,#1898,#1401,.T.);
#2559=EDGE_CURVE('',#1897,#1899,#735,.T.);
#2560=EDGE_CURVE('',#1900,#1899,#1402,.T.);
#2561=EDGE_CURVE('',#1900,#1898,#736,.T.);
#2562=EDGE_CURVE('',#1901,#1897,#1403,.T.);
#2563=EDGE_CURVE('',#1901,#1902,#737,.T.);
#2564=EDGE_CURVE('',#1899,#1902,#1404,.T.);
#2565=EDGE_CURVE('',#1903,#1895,#1405,.T.);
#2566=EDGE_CURVE('',#1903,#1904,#738,.T.);
#2567=EDGE_CURVE('',#1896,#1904,#1406,.T.);
#2568=EDGE_CURVE('',#1905,#1903,#1407,.T.);
#2569=EDGE_CURVE('',#1905,#1906,#739,.T.);
#2570=EDGE_CURVE('',#1904,#1906,#1408,.T.);
#2571=EDGE_CURVE('',#1902,#1905,#1409,.T.);
#2572=EDGE_CURVE('',#1906,#1901,#1410,.T.);
#2573=EDGE_CURVE('',#1907,#1900,#1411,.T.);
#2574=EDGE_CURVE('',#1908,#1907,#740,.T.);
#2575=EDGE_CURVE('',#1898,#1908,#1412,.T.);
#2576=EDGE_CURVE('',#1909,#1910,#1413,.T.);
#2577=EDGE_CURVE('',#1909,#1911,#741,.T.);
#2578=EDGE_CURVE('',#1912,#1911,#1414,.T.);
#2579=EDGE_CURVE('',#1912,#1910,#742,.T.);
#2580=EDGE_CURVE('',#1913,#1909,#1415,.T.);
#2581=EDGE_CURVE('',#1913,#1914,#743,.T.);
#2582=EDGE_CURVE('',#1911,#1914,#1416,.T.);
#2583=EDGE_CURVE('',#1915,#1907,#1417,.T.);
#2584=EDGE_CURVE('',#1915,#1916,#744,.T.);
#2585=EDGE_CURVE('',#1908,#1916,#1418,.T.);
#2586=EDGE_CURVE('',#1917,#1915,#1419,.T.);
#2587=EDGE_CURVE('',#1917,#1918,#745,.T.);
#2588=EDGE_CURVE('',#1916,#1918,#1420,.T.);
#2589=EDGE_CURVE('',#1914,#1917,#1421,.T.);
#2590=EDGE_CURVE('',#1918,#1913,#1422,.T.);
#2591=EDGE_CURVE('',#1919,#1912,#1423,.T.);
#2592=EDGE_CURVE('',#1920,#1919,#746,.T.);
#2593=EDGE_CURVE('',#1910,#1920,#1424,.T.);
#2594=EDGE_CURVE('',#1921,#1922,#1425,.T.);
#2595=EDGE_CURVE('',#1921,#1923,#747,.T.);
#2596=EDGE_CURVE('',#1924,#1923,#1426,.T.);
#2597=EDGE_CURVE('',#1924,#1922,#748,.T.);
#2598=EDGE_CURVE('',#1925,#1921,#1427,.T.);
#2599=EDGE_CURVE('',#1925,#1926,#749,.T.);
#2600=EDGE_CURVE('',#1923,#1926,#1428,.T.);
#2601=EDGE_CURVE('',#1927,#1919,#1429,.T.);
#2602=EDGE_CURVE('',#1927,#1928,#750,.T.);
#2603=EDGE_CURVE('',#1920,#1928,#1430,.T.);
#2604=EDGE_CURVE('',#1929,#1927,#1431,.T.);
#2605=EDGE_CURVE('',#1929,#1930,#751,.T.);
#2606=EDGE_CURVE('',#1928,#1930,#1432,.T.);
#2607=EDGE_CURVE('',#1926,#1929,#1433,.T.);
#2608=EDGE_CURVE('',#1930,#1925,#1434,.T.);
#2609=EDGE_CURVE('',#1931,#1924,#1435,.T.);
#2610=EDGE_CURVE('',#1932,#1931,#752,.T.);
#2611=EDGE_CURVE('',#1922,#1932,#1436,.T.);
#2612=EDGE_CURVE('',#1933,#1934,#1437,.T.);
#2613=EDGE_CURVE('',#1933,#1935,#753,.T.);
#2614=EDGE_CURVE('',#1936,#1935,#1438,.T.);
#2615=EDGE_CURVE('',#1936,#1934,#754,.T.);
#2616=EDGE_CURVE('',#1937,#1933,#1439,.T.);
#2617=EDGE_CURVE('',#1937,#1938,#755,.T.);
#2618=EDGE_CURVE('',#1935,#1938,#1440,.T.);
#2619=EDGE_CURVE('',#1939,#1931,#1441,.T.);
#2620=EDGE_CURVE('',#1939,#1940,#756,.T.);
#2621=EDGE_CURVE('',#1932,#1940,#1442,.T.);
#2622=EDGE_CURVE('',#1941,#1939,#1443,.T.);
#2623=EDGE_CURVE('',#1941,#1942,#757,.T.);
#2624=EDGE_CURVE('',#1940,#1942,#1444,.T.);
#2625=EDGE_CURVE('',#1938,#1941,#1445,.T.);
#2626=EDGE_CURVE('',#1942,#1937,#1446,.T.);
#2627=EDGE_CURVE('',#1943,#1936,#1447,.T.);
#2628=EDGE_CURVE('',#1944,#1943,#758,.T.);
#2629=EDGE_CURVE('',#1934,#1944,#1448,.T.);
#2630=EDGE_CURVE('',#1945,#1946,#1449,.T.);
#2631=EDGE_CURVE('',#1945,#1947,#759,.T.);
#2632=EDGE_CURVE('',#1948,#1947,#1450,.T.);
#2633=EDGE_CURVE('',#1948,#1946,#760,.T.);
#2634=EDGE_CURVE('',#1949,#1945,#1451,.T.);
#2635=EDGE_CURVE('',#1949,#1950,#761,.T.);
#2636=EDGE_CURVE('',#1947,#1950,#1452,.T.);
#2637=EDGE_CURVE('',#1951,#1943,#1453,.T.);
#2638=EDGE_CURVE('',#1951,#1952,#762,.T.);
#2639=EDGE_CURVE('',#1944,#1952,#1454,.T.);
#2640=EDGE_CURVE('',#1953,#1951,#1455,.T.);
#2641=EDGE_CURVE('',#1953,#1954,#763,.T.);
#2642=EDGE_CURVE('',#1952,#1954,#1456,.T.);
#2643=EDGE_CURVE('',#1950,#1953,#1457,.T.);
#2644=EDGE_CURVE('',#1954,#1949,#1458,.T.);
#2645=EDGE_CURVE('',#1955,#1948,#1459,.T.);
#2646=EDGE_CURVE('',#1956,#1955,#764,.T.);
#2647=EDGE_CURVE('',#1946,#1956,#1460,.T.);
#2648=EDGE_CURVE('',#1957,#1958,#1461,.T.);
#2649=EDGE_CURVE('',#1957,#1959,#765,.T.);
#2650=EDGE_CURVE('',#1960,#1959,#1462,.T.);
#2651=EDGE_CURVE('',#1960,#1958,#766,.T.);
#2652=EDGE_CURVE('',#1961,#1957,#1463,.T.);
#2653=EDGE_CURVE('',#1961,#1962,#767,.T.);
#2654=EDGE_CURVE('',#1959,#1962,#1464,.T.);
#2655=EDGE_CURVE('',#1963,#1955,#1465,.T.);
#2656=EDGE_CURVE('',#1963,#1964,#768,.T.);
#2657=EDGE_CURVE('',#1956,#1964,#1466,.T.);
#2658=EDGE_CURVE('',#1965,#1963,#1467,.T.);
#2659=EDGE_CURVE('',#1965,#1966,#769,.T.);
#2660=EDGE_CURVE('',#1964,#1966,#1468,.T.);
#2661=EDGE_CURVE('',#1962,#1965,#1469,.T.);
#2662=EDGE_CURVE('',#1966,#1961,#1470,.T.);
#2663=EDGE_CURVE('',#1967,#1960,#1471,.T.);
#2664=EDGE_CURVE('',#1968,#1967,#770,.T.);
#2665=EDGE_CURVE('',#1958,#1968,#1472,.T.);
#2666=EDGE_CURVE('',#1969,#1970,#1473,.T.);
#2667=EDGE_CURVE('',#1969,#1971,#771,.T.);
#2668=EDGE_CURVE('',#1972,#1971,#1474,.T.);
#2669=EDGE_CURVE('',#1972,#1970,#772,.T.);
#2670=EDGE_CURVE('',#1973,#1969,#1475,.T.);
#2671=EDGE_CURVE('',#1973,#1974,#773,.T.);
#2672=EDGE_CURVE('',#1971,#1974,#1476,.T.);
#2673=EDGE_CURVE('',#1975,#1967,#1477,.T.);
#2674=EDGE_CURVE('',#1975,#1976,#774,.T.);
#2675=EDGE_CURVE('',#1968,#1976,#1478,.T.);
#2676=EDGE_CURVE('',#1977,#1975,#1479,.T.);
#2677=EDGE_CURVE('',#1977,#1978,#775,.T.);
#2678=EDGE_CURVE('',#1976,#1978,#1480,.T.);
#2679=EDGE_CURVE('',#1974,#1977,#1481,.T.);
#2680=EDGE_CURVE('',#1978,#1973,#1482,.T.);
#2681=EDGE_CURVE('',#1979,#1972,#1483,.T.);
#2682=EDGE_CURVE('',#1980,#1979,#776,.T.);
#2683=EDGE_CURVE('',#1970,#1980,#1484,.T.);
#2684=EDGE_CURVE('',#1981,#1982,#1485,.T.);
#2685=EDGE_CURVE('',#1981,#1983,#777,.T.);
#2686=EDGE_CURVE('',#1984,#1983,#1486,.T.);
#2687=EDGE_CURVE('',#1984,#1982,#778,.T.);
#2688=EDGE_CURVE('',#1985,#1981,#1487,.T.);
#2689=EDGE_CURVE('',#1985,#1986,#779,.T.);
#2690=EDGE_CURVE('',#1983,#1986,#1488,.T.);
#2691=EDGE_CURVE('',#1987,#1979,#1489,.T.);
#2692=EDGE_CURVE('',#1987,#1988,#780,.T.);
#2693=EDGE_CURVE('',#1980,#1988,#1490,.T.);
#2694=EDGE_CURVE('',#1989,#1987,#1491,.T.);
#2695=EDGE_CURVE('',#1989,#1990,#781,.T.);
#2696=EDGE_CURVE('',#1988,#1990,#1492,.T.);
#2697=EDGE_CURVE('',#1986,#1989,#1493,.T.);
#2698=EDGE_CURVE('',#1990,#1985,#1494,.T.);
#2699=EDGE_CURVE('',#1991,#1984,#1495,.T.);
#2700=EDGE_CURVE('',#1992,#1991,#782,.T.);
#2701=EDGE_CURVE('',#1982,#1992,#1496,.T.);
#2702=EDGE_CURVE('',#1993,#1994,#1497,.T.);
#2703=EDGE_CURVE('',#1993,#1995,#783,.T.);
#2704=EDGE_CURVE('',#1996,#1995,#1498,.T.);
#2705=EDGE_CURVE('',#1996,#1994,#784,.T.);
#2706=EDGE_CURVE('',#1997,#1993,#1499,.T.);
#2707=EDGE_CURVE('',#1997,#1998,#785,.T.);
#2708=EDGE_CURVE('',#1995,#1998,#1500,.T.);
#2709=EDGE_CURVE('',#1999,#1991,#1501,.T.);
#2710=EDGE_CURVE('',#1999,#2000,#786,.T.);
#2711=EDGE_CURVE('',#1992,#2000,#1502,.T.);
#2712=EDGE_CURVE('',#2001,#1999,#1503,.T.);
#2713=EDGE_CURVE('',#2001,#2002,#787,.T.);
#2714=EDGE_CURVE('',#2000,#2002,#1504,.T.);
#2715=EDGE_CURVE('',#1998,#2001,#1505,.T.);
#2716=EDGE_CURVE('',#2002,#1997,#1506,.T.);
#2717=EDGE_CURVE('',#2003,#1996,#1507,.T.);
#2718=EDGE_CURVE('',#2004,#2003,#788,.T.);
#2719=EDGE_CURVE('',#1994,#2004,#1508,.T.);
#2720=EDGE_CURVE('',#2005,#2006,#1509,.T.);
#2721=EDGE_CURVE('',#2005,#2007,#789,.T.);
#2722=EDGE_CURVE('',#2008,#2007,#1510,.T.);
#2723=EDGE_CURVE('',#2008,#2006,#790,.T.);
#2724=EDGE_CURVE('',#2009,#2005,#1511,.T.);
#2725=EDGE_CURVE('',#2009,#2010,#791,.T.);
#2726=EDGE_CURVE('',#2007,#2010,#1512,.T.);
#2727=EDGE_CURVE('',#2011,#2003,#1513,.T.);
#2728=EDGE_CURVE('',#2011,#2012,#792,.T.);
#2729=EDGE_CURVE('',#2004,#2012,#1514,.T.);
#2730=EDGE_CURVE('',#2013,#2011,#1515,.T.);
#2731=EDGE_CURVE('',#2013,#2014,#793,.T.);
#2732=EDGE_CURVE('',#2012,#2014,#1516,.T.);
#2733=EDGE_CURVE('',#2010,#2013,#1517,.T.);
#2734=EDGE_CURVE('',#2014,#2009,#1518,.T.);
#2735=EDGE_CURVE('',#2015,#2008,#1519,.T.);
#2736=EDGE_CURVE('',#2016,#2015,#794,.T.);
#2737=EDGE_CURVE('',#2006,#2016,#1520,.T.);
#2738=EDGE_CURVE('',#2017,#2018,#1521,.T.);
#2739=EDGE_CURVE('',#2017,#2019,#795,.T.);
#2740=EDGE_CURVE('',#2020,#2019,#1522,.T.);
#2741=EDGE_CURVE('',#2020,#2018,#796,.T.);
#2742=EDGE_CURVE('',#2021,#2017,#1523,.T.);
#2743=EDGE_CURVE('',#2021,#2022,#797,.T.);
#2744=EDGE_CURVE('',#2019,#2022,#1524,.T.);
#2745=EDGE_CURVE('',#2023,#2015,#1525,.T.);
#2746=EDGE_CURVE('',#2023,#2024,#798,.T.);
#2747=EDGE_CURVE('',#2016,#2024,#1526,.T.);
#2748=EDGE_CURVE('',#2025,#2023,#1527,.T.);
#2749=EDGE_CURVE('',#2025,#2026,#799,.T.);
#2750=EDGE_CURVE('',#2024,#2026,#1528,.T.);
#2751=EDGE_CURVE('',#2022,#2025,#1529,.T.);
#2752=EDGE_CURVE('',#2026,#2021,#1530,.T.);
#2753=EDGE_CURVE('',#2027,#2020,#1531,.T.);
#2754=EDGE_CURVE('',#2028,#2027,#800,.T.);
#2755=EDGE_CURVE('',#2018,#2028,#1532,.T.);
#2756=EDGE_CURVE('',#2029,#2027,#1533,.T.);
#2757=EDGE_CURVE('',#2029,#2030,#801,.T.);
#2758=EDGE_CURVE('',#2028,#2030,#1534,.T.);
#2759=EDGE_CURVE('',#2031,#2029,#1535,.T.);
#2760=EDGE_CURVE('',#2031,#2032,#802,.T.);
#2761=EDGE_CURVE('',#2030,#2032,#1536,.T.);
#2762=EDGE_CURVE('',#2033,#2034,#1537,.T.);
#2763=EDGE_CURVE('',#2033,#2035,#803,.T.);
#2764=EDGE_CURVE('',#2036,#2035,#1538,.T.);
#2765=EDGE_CURVE('',#2036,#2034,#804,.T.);
#2766=EDGE_CURVE('',#2037,#2033,#1539,.T.);
#2767=EDGE_CURVE('',#2037,#2038,#805,.T.);
#2768=EDGE_CURVE('',#2035,#2038,#1540,.T.);
#2769=EDGE_CURVE('',#2038,#2031,#1541,.T.);
#2770=EDGE_CURVE('',#2032,#2037,#1542,.T.);
#2771=EDGE_CURVE('',#2039,#2036,#1543,.T.);
#2772=EDGE_CURVE('',#2040,#2039,#806,.T.);
#2773=EDGE_CURVE('',#2034,#2040,#1544,.T.);
#2774=EDGE_CURVE('',#1582,#2041,#1545,.T.);
#2775=EDGE_CURVE('',#2042,#1581,#1546,.T.);
#2776=EDGE_CURVE('',#2042,#2041,#807,.T.);
#2777=EDGE_CURVE('',#2043,#2042,#1547,.T.);
#2778=EDGE_CURVE('',#2043,#2044,#808,.T.);
#2779=EDGE_CURVE('',#2041,#2044,#1548,.T.);
#2780=EDGE_CURVE('',#2045,#2039,#1549,.T.);
#2781=EDGE_CURVE('',#2045,#2046,#809,.T.);
#2782=EDGE_CURVE('',#2040,#2046,#1550,.T.);
#2783=EDGE_CURVE('',#2047,#2045,#1551,.T.);
#2784=EDGE_CURVE('',#2047,#2048,#810,.T.);
#2785=EDGE_CURVE('',#2046,#2048,#1552,.T.);
#2786=EDGE_CURVE('',#2044,#2047,#1553,.T.);
#2787=EDGE_CURVE('',#2048,#2043,#1554,.T.);
#2788=EDGE_CURVE('',#2049,#2049,#40,.T.);
#2789=EDGE_CURVE('',#2049,#2050,#811,.T.);
#2790=EDGE_CURVE('',#2050,#2050,#41,.T.);
#2791=EDGE_CURVE('',#2051,#2051,#1555,.T.);
#2792=EDGE_CURVE('',#2051,#2052,#812,.T.);
#2793=EDGE_CURVE('',#2052,#2052,#1556,.T.);
#2794=EDGE_CURVE('',#2053,#2053,#1557,.T.);
#2795=EDGE_CURVE('',#2053,#2051,#813,.T.);
#2796=EDGE_CURVE('',#2054,#2054,#42,.T.);
#2797=EDGE_CURVE('',#2054,#2055,#814,.T.);
#2798=EDGE_CURVE('',#2055,#2055,#43,.T.);
#2799=EDGE_CURVE('',#2055,#2056,#815,.T.);
#2800=EDGE_CURVE('',#2056,#2056,#44,.T.);
#2801=EDGE_CURVE('',#2057,#2057,#1558,.T.);
#2802=EDGE_CURVE('',#2057,#2058,#816,.T.);
#2803=EDGE_CURVE('',#2058,#2058,#1559,.T.);
#2804=EDGE_CURVE('',#2059,#2059,#1560,.T.);
#2805=EDGE_CURVE('',#2058,#2060,#817,.T.);
#2806=EDGE_CURVE('',#2060,#2060,#1561,.T.);
#2807=EDGE_CURVE('',#2059,#2053,#818,.T.);
#2808=EDGE_CURVE('',#2061,#2061,#1562,.T.);
#2809=EDGE_CURVE('',#2061,#2062,#819,.T.);
#2810=EDGE_CURVE('',#2062,#2062,#1563,.T.);
#2811=EDGE_CURVE('',#2063,#2063,#1564,.T.);
#2812=EDGE_CURVE('',#2064,#2064,#1565,.T.);
#2813=EDGE_CURVE('',#2064,#2065,#820,.T.);
#2814=EDGE_CURVE('',#2065,#2065,#1566,.T.);
#2815=EDGE_CURVE('',#2063,#2064,#821,.T.);
#2816=EDGE_CURVE('',#2066,#2066,#1567,.T.);
#2817=EDGE_CURVE('',#2067,#2067,#1568,.T.);
#2818=EDGE_CURVE('',#2067,#2066,#822,.T.);
#2819=ORIENTED_EDGE('',*,*,#2068,.F.);
#2820=ORIENTED_EDGE('',*,*,#2069,.T.);
#2821=ORIENTED_EDGE('',*,*,#2070,.F.);
#2822=ORIENTED_EDGE('',*,*,#2071,.T.);
#2823=ORIENTED_EDGE('',*,*,#2069,.F.);
#2824=ORIENTED_EDGE('',*,*,#2072,.F.);
#2825=ORIENTED_EDGE('',*,*,#2073,.T.);
#2826=ORIENTED_EDGE('',*,*,#2074,.F.);
#2827=ORIENTED_EDGE('',*,*,#2075,.F.);
#2828=ORIENTED_EDGE('',*,*,#2076,.T.);
#2829=ORIENTED_EDGE('',*,*,#2077,.F.);
#2830=ORIENTED_EDGE('',*,*,#2078,.T.);
#2831=ORIENTED_EDGE('',*,*,#2076,.F.);
#2832=ORIENTED_EDGE('',*,*,#2079,.F.);
#2833=ORIENTED_EDGE('',*,*,#2080,.T.);
#2834=ORIENTED_EDGE('',*,*,#2081,.F.);
#2835=ORIENTED_EDGE('',*,*,#2080,.F.);
#2836=ORIENTED_EDGE('',*,*,#2082,.F.);
#2837=ORIENTED_EDGE('',*,*,#2073,.F.);
#2838=ORIENTED_EDGE('',*,*,#2083,.F.);
#2839=ORIENTED_EDGE('',*,*,#2078,.F.);
#2840=ORIENTED_EDGE('',*,*,#2084,.F.);
#2841=ORIENTED_EDGE('',*,*,#2085,.F.);
#2842=ORIENTED_EDGE('',*,*,#2086,.F.);
#2843=ORIENTED_EDGE('',*,*,#2071,.F.);
#2844=ORIENTED_EDGE('',*,*,#2087,.F.);
#2845=ORIENTED_EDGE('',*,*,#2088,.F.);
#2846=ORIENTED_EDGE('',*,*,#2089,.F.);
#2847=ORIENTED_EDGE('',*,*,#2090,.F.);
#2848=ORIENTED_EDGE('',*,*,#2091,.T.);
#2849=ORIENTED_EDGE('',*,*,#2092,.F.);
#2850=ORIENTED_EDGE('',*,*,#2093,.T.);
#2851=ORIENTED_EDGE('',*,*,#2091,.F.);
#2852=ORIENTED_EDGE('',*,*,#2094,.F.);
#2853=ORIENTED_EDGE('',*,*,#2095,.T.);
#2854=ORIENTED_EDGE('',*,*,#2096,.F.);
#2855=ORIENTED_EDGE('',*,*,#2097,.F.);
#2856=ORIENTED_EDGE('',*,*,#2098,.T.);
#2857=ORIENTED_EDGE('',*,*,#2099,.F.);
#2858=ORIENTED_EDGE('',*,*,#2088,.T.);
#2859=ORIENTED_EDGE('',*,*,#2098,.F.);
#2860=ORIENTED_EDGE('',*,*,#2100,.F.);
#2861=ORIENTED_EDGE('',*,*,#2101,.T.);
#2862=ORIENTED_EDGE('',*,*,#2102,.F.);
#2863=ORIENTED_EDGE('',*,*,#2101,.F.);
#2864=ORIENTED_EDGE('',*,*,#2103,.F.);
#2865=ORIENTED_EDGE('',*,*,#2095,.F.);
#2866=ORIENTED_EDGE('',*,*,#2104,.F.);
#2867=ORIENTED_EDGE('',*,*,#2093,.F.);
#2868=ORIENTED_EDGE('',*,*,#2105,.F.);
#2869=ORIENTED_EDGE('',*,*,#2106,.F.);
#2870=ORIENTED_EDGE('',*,*,#2107,.F.);
#2871=ORIENTED_EDGE('',*,*,#2108,.F.);
#2872=ORIENTED_EDGE('',*,*,#2109,.T.);
#2873=ORIENTED_EDGE('',*,*,#2110,.F.);
#2874=ORIENTED_EDGE('',*,*,#2111,.T.);
#2875=ORIENTED_EDGE('',*,*,#2109,.F.);
#2876=ORIENTED_EDGE('',*,*,#2112,.F.);
#2877=ORIENTED_EDGE('',*,*,#2113,.T.);
#2878=ORIENTED_EDGE('',*,*,#2114,.F.);
#2879=ORIENTED_EDGE('',*,*,#2115,.F.);
#2880=ORIENTED_EDGE('',*,*,#2116,.T.);
#2881=ORIENTED_EDGE('',*,*,#2117,.F.);
#2882=ORIENTED_EDGE('',*,*,#2106,.T.);
#2883=ORIENTED_EDGE('',*,*,#2116,.F.);
#2884=ORIENTED_EDGE('',*,*,#2118,.F.);
#2885=ORIENTED_EDGE('',*,*,#2119,.T.);
#2886=ORIENTED_EDGE('',*,*,#2120,.F.);
#2887=ORIENTED_EDGE('',*,*,#2119,.F.);
#2888=ORIENTED_EDGE('',*,*,#2121,.F.);
#2889=ORIENTED_EDGE('',*,*,#2113,.F.);
#2890=ORIENTED_EDGE('',*,*,#2122,.F.);
#2891=ORIENTED_EDGE('',*,*,#2111,.F.);
#2892=ORIENTED_EDGE('',*,*,#2123,.F.);
#2893=ORIENTED_EDGE('',*,*,#2124,.F.);
#2894=ORIENTED_EDGE('',*,*,#2125,.F.);
#2895=ORIENTED_EDGE('',*,*,#2126,.F.);
#2896=ORIENTED_EDGE('',*,*,#2127,.T.);
#2897=ORIENTED_EDGE('',*,*,#2128,.F.);
#2898=ORIENTED_EDGE('',*,*,#2129,.T.);
#2899=ORIENTED_EDGE('',*,*,#2127,.F.);
#2900=ORIENTED_EDGE('',*,*,#2130,.F.);
#2901=ORIENTED_EDGE('',*,*,#2131,.T.);
#2902=ORIENTED_EDGE('',*,*,#2132,.F.);
#2903=ORIENTED_EDGE('',*,*,#2133,.F.);
#2904=ORIENTED_EDGE('',*,*,#2134,.T.);
#2905=ORIENTED_EDGE('',*,*,#2135,.F.);
#2906=ORIENTED_EDGE('',*,*,#2124,.T.);
#2907=ORIENTED_EDGE('',*,*,#2134,.F.);
#2908=ORIENTED_EDGE('',*,*,#2136,.F.);
#2909=ORIENTED_EDGE('',*,*,#2137,.T.);
#2910=ORIENTED_EDGE('',*,*,#2138,.F.);
#2911=ORIENTED_EDGE('',*,*,#2137,.F.);
#2912=ORIENTED_EDGE('',*,*,#2139,.F.);
#2913=ORIENTED_EDGE('',*,*,#2131,.F.);
#2914=ORIENTED_EDGE('',*,*,#2140,.F.);
#2915=ORIENTED_EDGE('',*,*,#2129,.F.);
#2916=ORIENTED_EDGE('',*,*,#2141,.F.);
#2917=ORIENTED_EDGE('',*,*,#2142,.F.);
#2918=ORIENTED_EDGE('',*,*,#2143,.F.);
#2919=ORIENTED_EDGE('',*,*,#2144,.F.);
#2920=ORIENTED_EDGE('',*,*,#2145,.T.);
#2921=ORIENTED_EDGE('',*,*,#2146,.F.);
#2922=ORIENTED_EDGE('',*,*,#2147,.T.);
#2923=ORIENTED_EDGE('',*,*,#2145,.F.);
#2924=ORIENTED_EDGE('',*,*,#2148,.F.);
#2925=ORIENTED_EDGE('',*,*,#2149,.T.);
#2926=ORIENTED_EDGE('',*,*,#2150,.F.);
#2927=ORIENTED_EDGE('',*,*,#2151,.F.);
#2928=ORIENTED_EDGE('',*,*,#2152,.T.);
#2929=ORIENTED_EDGE('',*,*,#2153,.F.);
#2930=ORIENTED_EDGE('',*,*,#2142,.T.);
#2931=ORIENTED_EDGE('',*,*,#2152,.F.);
#2932=ORIENTED_EDGE('',*,*,#2154,.F.);
#2933=ORIENTED_EDGE('',*,*,#2155,.T.);
#2934=ORIENTED_EDGE('',*,*,#2156,.F.);
#2935=ORIENTED_EDGE('',*,*,#2155,.F.);
#2936=ORIENTED_EDGE('',*,*,#2157,.F.);
#2937=ORIENTED_EDGE('',*,*,#2149,.F.);
#2938=ORIENTED_EDGE('',*,*,#2158,.F.);
#2939=ORIENTED_EDGE('',*,*,#2147,.F.);
#2940=ORIENTED_EDGE('',*,*,#2159,.F.);
#2941=ORIENTED_EDGE('',*,*,#2160,.F.);
#2942=ORIENTED_EDGE('',*,*,#2161,.F.);
#2943=ORIENTED_EDGE('',*,*,#2162,.F.);
#2944=ORIENTED_EDGE('',*,*,#2163,.T.);
#2945=ORIENTED_EDGE('',*,*,#2164,.F.);
#2946=ORIENTED_EDGE('',*,*,#2165,.T.);
#2947=ORIENTED_EDGE('',*,*,#2163,.F.);
#2948=ORIENTED_EDGE('',*,*,#2166,.F.);
#2949=ORIENTED_EDGE('',*,*,#2167,.T.);
#2950=ORIENTED_EDGE('',*,*,#2168,.F.);
#2951=ORIENTED_EDGE('',*,*,#2169,.F.);
#2952=ORIENTED_EDGE('',*,*,#2170,.T.);
#2953=ORIENTED_EDGE('',*,*,#2171,.F.);
#2954=ORIENTED_EDGE('',*,*,#2160,.T.);
#2955=ORIENTED_EDGE('',*,*,#2170,.F.);
#2956=ORIENTED_EDGE('',*,*,#2172,.F.);
#2957=ORIENTED_EDGE('',*,*,#2173,.T.);
#2958=ORIENTED_EDGE('',*,*,#2174,.F.);
#2959=ORIENTED_EDGE('',*,*,#2173,.F.);
#2960=ORIENTED_EDGE('',*,*,#2175,.F.);
#2961=ORIENTED_EDGE('',*,*,#2167,.F.);
#2962=ORIENTED_EDGE('',*,*,#2176,.F.);
#2963=ORIENTED_EDGE('',*,*,#2165,.F.);
#2964=ORIENTED_EDGE('',*,*,#2177,.F.);
#2965=ORIENTED_EDGE('',*,*,#2178,.F.);
#2966=ORIENTED_EDGE('',*,*,#2179,.F.);
#2967=ORIENTED_EDGE('',*,*,#2180,.F.);
#2968=ORIENTED_EDGE('',*,*,#2181,.T.);
#2969=ORIENTED_EDGE('',*,*,#2182,.F.);
#2970=ORIENTED_EDGE('',*,*,#2183,.T.);
#2971=ORIENTED_EDGE('',*,*,#2181,.F.);
#2972=ORIENTED_EDGE('',*,*,#2184,.F.);
#2973=ORIENTED_EDGE('',*,*,#2185,.T.);
#2974=ORIENTED_EDGE('',*,*,#2186,.F.);
#2975=ORIENTED_EDGE('',*,*,#2187,.F.);
#2976=ORIENTED_EDGE('',*,*,#2188,.T.);
#2977=ORIENTED_EDGE('',*,*,#2189,.F.);
#2978=ORIENTED_EDGE('',*,*,#2178,.T.);
#2979=ORIENTED_EDGE('',*,*,#2188,.F.);
#2980=ORIENTED_EDGE('',*,*,#2190,.F.);
#2981=ORIENTED_EDGE('',*,*,#2191,.T.);
#2982=ORIENTED_EDGE('',*,*,#2192,.F.);
#2983=ORIENTED_EDGE('',*,*,#2191,.F.);
#2984=ORIENTED_EDGE('',*,*,#2193,.F.);
#2985=ORIENTED_EDGE('',*,*,#2185,.F.);
#2986=ORIENTED_EDGE('',*,*,#2194,.F.);
#2987=ORIENTED_EDGE('',*,*,#2183,.F.);
#2988=ORIENTED_EDGE('',*,*,#2195,.F.);
#2989=ORIENTED_EDGE('',*,*,#2196,.F.);
#2990=ORIENTED_EDGE('',*,*,#2197,.F.);
#2991=ORIENTED_EDGE('',*,*,#2198,.F.);
#2992=ORIENTED_EDGE('',*,*,#2199,.T.);
#2993=ORIENTED_EDGE('',*,*,#2200,.F.);
#2994=ORIENTED_EDGE('',*,*,#2201,.T.);
#2995=ORIENTED_EDGE('',*,*,#2199,.F.);
#2996=ORIENTED_EDGE('',*,*,#2202,.F.);
#2997=ORIENTED_EDGE('',*,*,#2203,.T.);
#2998=ORIENTED_EDGE('',*,*,#2204,.F.);
#2999=ORIENTED_EDGE('',*,*,#2205,.F.);
#3000=ORIENTED_EDGE('',*,*,#2206,.T.);
#3001=ORIENTED_EDGE('',*,*,#2207,.F.);
#3002=ORIENTED_EDGE('',*,*,#2196,.T.);
#3003=ORIENTED_EDGE('',*,*,#2206,.F.);
#3004=ORIENTED_EDGE('',*,*,#2208,.F.);
#3005=ORIENTED_EDGE('',*,*,#2209,.T.);
#3006=ORIENTED_EDGE('',*,*,#2210,.F.);
#3007=ORIENTED_EDGE('',*,*,#2209,.F.);
#3008=ORIENTED_EDGE('',*,*,#2211,.F.);
#3009=ORIENTED_EDGE('',*,*,#2203,.F.);
#3010=ORIENTED_EDGE('',*,*,#2212,.F.);
#3011=ORIENTED_EDGE('',*,*,#2201,.F.);
#3012=ORIENTED_EDGE('',*,*,#2213,.F.);
#3013=ORIENTED_EDGE('',*,*,#2214,.F.);
#3014=ORIENTED_EDGE('',*,*,#2215,.F.);
#3015=ORIENTED_EDGE('',*,*,#2216,.F.);
#3016=ORIENTED_EDGE('',*,*,#2217,.T.);
#3017=ORIENTED_EDGE('',*,*,#2218,.F.);
#3018=ORIENTED_EDGE('',*,*,#2219,.T.);
#3019=ORIENTED_EDGE('',*,*,#2217,.F.);
#3020=ORIENTED_EDGE('',*,*,#2220,.F.);
#3021=ORIENTED_EDGE('',*,*,#2221,.T.);
#3022=ORIENTED_EDGE('',*,*,#2222,.F.);
#3023=ORIENTED_EDGE('',*,*,#2223,.F.);
#3024=ORIENTED_EDGE('',*,*,#2224,.T.);
#3025=ORIENTED_EDGE('',*,*,#2225,.F.);
#3026=ORIENTED_EDGE('',*,*,#2214,.T.);
#3027=ORIENTED_EDGE('',*,*,#2224,.F.);
#3028=ORIENTED_EDGE('',*,*,#2226,.F.);
#3029=ORIENTED_EDGE('',*,*,#2227,.T.);
#3030=ORIENTED_EDGE('',*,*,#2228,.F.);
#3031=ORIENTED_EDGE('',*,*,#2227,.F.);
#3032=ORIENTED_EDGE('',*,*,#2229,.F.);
#3033=ORIENTED_EDGE('',*,*,#2221,.F.);
#3034=ORIENTED_EDGE('',*,*,#2230,.F.);
#3035=ORIENTED_EDGE('',*,*,#2219,.F.);
#3036=ORIENTED_EDGE('',*,*,#2231,.F.);
#3037=ORIENTED_EDGE('',*,*,#2232,.F.);
#3038=ORIENTED_EDGE('',*,*,#2233,.F.);
#3039=ORIENTED_EDGE('',*,*,#2234,.F.);
#3040=ORIENTED_EDGE('',*,*,#2235,.T.);
#3041=ORIENTED_EDGE('',*,*,#2236,.F.);
#3042=ORIENTED_EDGE('',*,*,#2237,.T.);
#3043=ORIENTED_EDGE('',*,*,#2235,.F.);
#3044=ORIENTED_EDGE('',*,*,#2238,.F.);
#3045=ORIENTED_EDGE('',*,*,#2239,.T.);
#3046=ORIENTED_EDGE('',*,*,#2240,.F.);
#3047=ORIENTED_EDGE('',*,*,#2241,.F.);
#3048=ORIENTED_EDGE('',*,*,#2242,.T.);
#3049=ORIENTED_EDGE('',*,*,#2243,.F.);
#3050=ORIENTED_EDGE('',*,*,#2232,.T.);
#3051=ORIENTED_EDGE('',*,*,#2242,.F.);
#3052=ORIENTED_EDGE('',*,*,#2244,.F.);
#3053=ORIENTED_EDGE('',*,*,#2245,.T.);
#3054=ORIENTED_EDGE('',*,*,#2246,.F.);
#3055=ORIENTED_EDGE('',*,*,#2245,.F.);
#3056=ORIENTED_EDGE('',*,*,#2247,.F.);
#3057=ORIENTED_EDGE('',*,*,#2239,.F.);
#3058=ORIENTED_EDGE('',*,*,#2248,.F.);
#3059=ORIENTED_EDGE('',*,*,#2237,.F.);
#3060=ORIENTED_EDGE('',*,*,#2249,.F.);
#3061=ORIENTED_EDGE('',*,*,#2250,.F.);
#3062=ORIENTED_EDGE('',*,*,#2251,.F.);
#3063=ORIENTED_EDGE('',*,*,#2252,.F.);
#3064=ORIENTED_EDGE('',*,*,#2253,.T.);
#3065=ORIENTED_EDGE('',*,*,#2254,.F.);
#3066=ORIENTED_EDGE('',*,*,#2255,.T.);
#3067=ORIENTED_EDGE('',*,*,#2253,.F.);
#3068=ORIENTED_EDGE('',*,*,#2256,.F.);
#3069=ORIENTED_EDGE('',*,*,#2257,.T.);
#3070=ORIENTED_EDGE('',*,*,#2258,.F.);
#3071=ORIENTED_EDGE('',*,*,#2259,.F.);
#3072=ORIENTED_EDGE('',*,*,#2260,.T.);
#3073=ORIENTED_EDGE('',*,*,#2261,.F.);
#3074=ORIENTED_EDGE('',*,*,#2250,.T.);
#3075=ORIENTED_EDGE('',*,*,#2260,.F.);
#3076=ORIENTED_EDGE('',*,*,#2262,.F.);
#3077=ORIENTED_EDGE('',*,*,#2263,.T.);
#3078=ORIENTED_EDGE('',*,*,#2264,.F.);
#3079=ORIENTED_EDGE('',*,*,#2263,.F.);
#3080=ORIENTED_EDGE('',*,*,#2265,.F.);
#3081=ORIENTED_EDGE('',*,*,#2257,.F.);
#3082=ORIENTED_EDGE('',*,*,#2266,.F.);
#3083=ORIENTED_EDGE('',*,*,#2255,.F.);
#3084=ORIENTED_EDGE('',*,*,#2267,.F.);
#3085=ORIENTED_EDGE('',*,*,#2268,.F.);
#3086=ORIENTED_EDGE('',*,*,#2269,.F.);
#3087=ORIENTED_EDGE('',*,*,#2270,.F.);
#3088=ORIENTED_EDGE('',*,*,#2271,.T.);
#3089=ORIENTED_EDGE('',*,*,#2272,.F.);
#3090=ORIENTED_EDGE('',*,*,#2273,.T.);
#3091=ORIENTED_EDGE('',*,*,#2271,.F.);
#3092=ORIENTED_EDGE('',*,*,#2274,.F.);
#3093=ORIENTED_EDGE('',*,*,#2275,.T.);
#3094=ORIENTED_EDGE('',*,*,#2276,.F.);
#3095=ORIENTED_EDGE('',*,*,#2277,.F.);
#3096=ORIENTED_EDGE('',*,*,#2278,.T.);
#3097=ORIENTED_EDGE('',*,*,#2279,.F.);
#3098=ORIENTED_EDGE('',*,*,#2268,.T.);
#3099=ORIENTED_EDGE('',*,*,#2278,.F.);
#3100=ORIENTED_EDGE('',*,*,#2280,.F.);
#3101=ORIENTED_EDGE('',*,*,#2281,.T.);
#3102=ORIENTED_EDGE('',*,*,#2282,.F.);
#3103=ORIENTED_EDGE('',*,*,#2281,.F.);
#3104=ORIENTED_EDGE('',*,*,#2283,.F.);
#3105=ORIENTED_EDGE('',*,*,#2275,.F.);
#3106=ORIENTED_EDGE('',*,*,#2284,.F.);
#3107=ORIENTED_EDGE('',*,*,#2273,.F.);
#3108=ORIENTED_EDGE('',*,*,#2285,.F.);
#3109=ORIENTED_EDGE('',*,*,#2286,.F.);
#3110=ORIENTED_EDGE('',*,*,#2287,.F.);
#3111=ORIENTED_EDGE('',*,*,#2288,.F.);
#3112=ORIENTED_EDGE('',*,*,#2289,.T.);
#3113=ORIENTED_EDGE('',*,*,#2290,.F.);
#3114=ORIENTED_EDGE('',*,*,#2291,.T.);
#3115=ORIENTED_EDGE('',*,*,#2289,.F.);
#3116=ORIENTED_EDGE('',*,*,#2292,.F.);
#3117=ORIENTED_EDGE('',*,*,#2293,.T.);
#3118=ORIENTED_EDGE('',*,*,#2294,.F.);
#3119=ORIENTED_EDGE('',*,*,#2295,.F.);
#3120=ORIENTED_EDGE('',*,*,#2296,.T.);
#3121=ORIENTED_EDGE('',*,*,#2297,.F.);
#3122=ORIENTED_EDGE('',*,*,#2286,.T.);
#3123=ORIENTED_EDGE('',*,*,#2296,.F.);
#3124=ORIENTED_EDGE('',*,*,#2298,.F.);
#3125=ORIENTED_EDGE('',*,*,#2299,.T.);
#3126=ORIENTED_EDGE('',*,*,#2300,.F.);
#3127=ORIENTED_EDGE('',*,*,#2299,.F.);
#3128=ORIENTED_EDGE('',*,*,#2301,.F.);
#3129=ORIENTED_EDGE('',*,*,#2293,.F.);
#3130=ORIENTED_EDGE('',*,*,#2302,.F.);
#3131=ORIENTED_EDGE('',*,*,#2291,.F.);
#3132=ORIENTED_EDGE('',*,*,#2303,.F.);
#3133=ORIENTED_EDGE('',*,*,#2304,.F.);
#3134=ORIENTED_EDGE('',*,*,#2305,.F.);
#3135=ORIENTED_EDGE('',*,*,#2306,.F.);
#3136=ORIENTED_EDGE('',*,*,#2307,.T.);
#3137=ORIENTED_EDGE('',*,*,#2308,.F.);
#3138=ORIENTED_EDGE('',*,*,#2309,.T.);
#3139=ORIENTED_EDGE('',*,*,#2307,.F.);
#3140=ORIENTED_EDGE('',*,*,#2310,.F.);
#3141=ORIENTED_EDGE('',*,*,#2311,.T.);
#3142=ORIENTED_EDGE('',*,*,#2312,.F.);
#3143=ORIENTED_EDGE('',*,*,#2313,.F.);
#3144=ORIENTED_EDGE('',*,*,#2314,.T.);
#3145=ORIENTED_EDGE('',*,*,#2315,.F.);
#3146=ORIENTED_EDGE('',*,*,#2304,.T.);
#3147=ORIENTED_EDGE('',*,*,#2314,.F.);
#3148=ORIENTED_EDGE('',*,*,#2316,.F.);
#3149=ORIENTED_EDGE('',*,*,#2317,.T.);
#3150=ORIENTED_EDGE('',*,*,#2318,.F.);
#3151=ORIENTED_EDGE('',*,*,#2317,.F.);
#3152=ORIENTED_EDGE('',*,*,#2319,.F.);
#3153=ORIENTED_EDGE('',*,*,#2311,.F.);
#3154=ORIENTED_EDGE('',*,*,#2320,.F.);
#3155=ORIENTED_EDGE('',*,*,#2309,.F.);
#3156=ORIENTED_EDGE('',*,*,#2321,.F.);
#3157=ORIENTED_EDGE('',*,*,#2322,.F.);
#3158=ORIENTED_EDGE('',*,*,#2323,.F.);
#3159=ORIENTED_EDGE('',*,*,#2324,.F.);
#3160=ORIENTED_EDGE('',*,*,#2325,.T.);
#3161=ORIENTED_EDGE('',*,*,#2326,.F.);
#3162=ORIENTED_EDGE('',*,*,#2327,.T.);
#3163=ORIENTED_EDGE('',*,*,#2325,.F.);
#3164=ORIENTED_EDGE('',*,*,#2328,.F.);
#3165=ORIENTED_EDGE('',*,*,#2329,.T.);
#3166=ORIENTED_EDGE('',*,*,#2330,.F.);
#3167=ORIENTED_EDGE('',*,*,#2331,.F.);
#3168=ORIENTED_EDGE('',*,*,#2332,.T.);
#3169=ORIENTED_EDGE('',*,*,#2333,.F.);
#3170=ORIENTED_EDGE('',*,*,#2322,.T.);
#3171=ORIENTED_EDGE('',*,*,#2332,.F.);
#3172=ORIENTED_EDGE('',*,*,#2334,.F.);
#3173=ORIENTED_EDGE('',*,*,#2335,.T.);
#3174=ORIENTED_EDGE('',*,*,#2336,.F.);
#3175=ORIENTED_EDGE('',*,*,#2335,.F.);
#3176=ORIENTED_EDGE('',*,*,#2337,.F.);
#3177=ORIENTED_EDGE('',*,*,#2329,.F.);
#3178=ORIENTED_EDGE('',*,*,#2338,.F.);
#3179=ORIENTED_EDGE('',*,*,#2327,.F.);
#3180=ORIENTED_EDGE('',*,*,#2339,.F.);
#3181=ORIENTED_EDGE('',*,*,#2340,.F.);
#3182=ORIENTED_EDGE('',*,*,#2341,.F.);
#3183=ORIENTED_EDGE('',*,*,#2342,.F.);
#3184=ORIENTED_EDGE('',*,*,#2343,.T.);
#3185=ORIENTED_EDGE('',*,*,#2344,.F.);
#3186=ORIENTED_EDGE('',*,*,#2345,.T.);
#3187=ORIENTED_EDGE('',*,*,#2343,.F.);
#3188=ORIENTED_EDGE('',*,*,#2346,.F.);
#3189=ORIENTED_EDGE('',*,*,#2347,.T.);
#3190=ORIENTED_EDGE('',*,*,#2348,.F.);
#3191=ORIENTED_EDGE('',*,*,#2349,.F.);
#3192=ORIENTED_EDGE('',*,*,#2350,.T.);
#3193=ORIENTED_EDGE('',*,*,#2351,.F.);
#3194=ORIENTED_EDGE('',*,*,#2340,.T.);
#3195=ORIENTED_EDGE('',*,*,#2350,.F.);
#3196=ORIENTED_EDGE('',*,*,#2352,.F.);
#3197=ORIENTED_EDGE('',*,*,#2353,.T.);
#3198=ORIENTED_EDGE('',*,*,#2354,.F.);
#3199=ORIENTED_EDGE('',*,*,#2353,.F.);
#3200=ORIENTED_EDGE('',*,*,#2355,.F.);
#3201=ORIENTED_EDGE('',*,*,#2347,.F.);
#3202=ORIENTED_EDGE('',*,*,#2356,.F.);
#3203=ORIENTED_EDGE('',*,*,#2345,.F.);
#3204=ORIENTED_EDGE('',*,*,#2357,.F.);
#3205=ORIENTED_EDGE('',*,*,#2358,.F.);
#3206=ORIENTED_EDGE('',*,*,#2359,.F.);
#3207=ORIENTED_EDGE('',*,*,#2360,.F.);
#3208=ORIENTED_EDGE('',*,*,#2361,.T.);
#3209=ORIENTED_EDGE('',*,*,#2362,.F.);
#3210=ORIENTED_EDGE('',*,*,#2363,.T.);
#3211=ORIENTED_EDGE('',*,*,#2361,.F.);
#3212=ORIENTED_EDGE('',*,*,#2364,.F.);
#3213=ORIENTED_EDGE('',*,*,#2365,.T.);
#3214=ORIENTED_EDGE('',*,*,#2366,.F.);
#3215=ORIENTED_EDGE('',*,*,#2367,.F.);
#3216=ORIENTED_EDGE('',*,*,#2368,.T.);
#3217=ORIENTED_EDGE('',*,*,#2369,.F.);
#3218=ORIENTED_EDGE('',*,*,#2358,.T.);
#3219=ORIENTED_EDGE('',*,*,#2368,.F.);
#3220=ORIENTED_EDGE('',*,*,#2370,.F.);
#3221=ORIENTED_EDGE('',*,*,#2371,.T.);
#3222=ORIENTED_EDGE('',*,*,#2372,.F.);
#3223=ORIENTED_EDGE('',*,*,#2371,.F.);
#3224=ORIENTED_EDGE('',*,*,#2373,.F.);
#3225=ORIENTED_EDGE('',*,*,#2365,.F.);
#3226=ORIENTED_EDGE('',*,*,#2374,.F.);
#3227=ORIENTED_EDGE('',*,*,#2363,.F.);
#3228=ORIENTED_EDGE('',*,*,#2375,.F.);
#3229=ORIENTED_EDGE('',*,*,#2376,.F.);
#3230=ORIENTED_EDGE('',*,*,#2377,.F.);
#3231=ORIENTED_EDGE('',*,*,#2378,.F.);
#3232=ORIENTED_EDGE('',*,*,#2379,.T.);
#3233=ORIENTED_EDGE('',*,*,#2380,.F.);
#3234=ORIENTED_EDGE('',*,*,#2381,.T.);
#3235=ORIENTED_EDGE('',*,*,#2379,.F.);
#3236=ORIENTED_EDGE('',*,*,#2382,.F.);
#3237=ORIENTED_EDGE('',*,*,#2383,.T.);
#3238=ORIENTED_EDGE('',*,*,#2384,.F.);
#3239=ORIENTED_EDGE('',*,*,#2385,.F.);
#3240=ORIENTED_EDGE('',*,*,#2386,.T.);
#3241=ORIENTED_EDGE('',*,*,#2387,.F.);
#3242=ORIENTED_EDGE('',*,*,#2376,.T.);
#3243=ORIENTED_EDGE('',*,*,#2386,.F.);
#3244=ORIENTED_EDGE('',*,*,#2388,.F.);
#3245=ORIENTED_EDGE('',*,*,#2389,.T.);
#3246=ORIENTED_EDGE('',*,*,#2390,.F.);
#3247=ORIENTED_EDGE('',*,*,#2389,.F.);
#3248=ORIENTED_EDGE('',*,*,#2391,.F.);
#3249=ORIENTED_EDGE('',*,*,#2383,.F.);
#3250=ORIENTED_EDGE('',*,*,#2392,.F.);
#3251=ORIENTED_EDGE('',*,*,#2381,.F.);
#3252=ORIENTED_EDGE('',*,*,#2393,.F.);
#3253=ORIENTED_EDGE('',*,*,#2394,.F.);
#3254=ORIENTED_EDGE('',*,*,#2395,.F.);
#3255=ORIENTED_EDGE('',*,*,#2396,.F.);
#3256=ORIENTED_EDGE('',*,*,#2397,.T.);
#3257=ORIENTED_EDGE('',*,*,#2398,.F.);
#3258=ORIENTED_EDGE('',*,*,#2399,.T.);
#3259=ORIENTED_EDGE('',*,*,#2397,.F.);
#3260=ORIENTED_EDGE('',*,*,#2400,.F.);
#3261=ORIENTED_EDGE('',*,*,#2401,.T.);
#3262=ORIENTED_EDGE('',*,*,#2402,.F.);
#3263=ORIENTED_EDGE('',*,*,#2403,.F.);
#3264=ORIENTED_EDGE('',*,*,#2404,.T.);
#3265=ORIENTED_EDGE('',*,*,#2405,.F.);
#3266=ORIENTED_EDGE('',*,*,#2394,.T.);
#3267=ORIENTED_EDGE('',*,*,#2404,.F.);
#3268=ORIENTED_EDGE('',*,*,#2406,.F.);
#3269=ORIENTED_EDGE('',*,*,#2407,.T.);
#3270=ORIENTED_EDGE('',*,*,#2408,.F.);
#3271=ORIENTED_EDGE('',*,*,#2407,.F.);
#3272=ORIENTED_EDGE('',*,*,#2409,.F.);
#3273=ORIENTED_EDGE('',*,*,#2401,.F.);
#3274=ORIENTED_EDGE('',*,*,#2410,.F.);
#3275=ORIENTED_EDGE('',*,*,#2399,.F.);
#3276=ORIENTED_EDGE('',*,*,#2411,.F.);
#3277=ORIENTED_EDGE('',*,*,#2412,.F.);
#3278=ORIENTED_EDGE('',*,*,#2413,.F.);
#3279=ORIENTED_EDGE('',*,*,#2414,.F.);
#3280=ORIENTED_EDGE('',*,*,#2415,.T.);
#3281=ORIENTED_EDGE('',*,*,#2416,.F.);
#3282=ORIENTED_EDGE('',*,*,#2417,.T.);
#3283=ORIENTED_EDGE('',*,*,#2415,.F.);
#3284=ORIENTED_EDGE('',*,*,#2418,.F.);
#3285=ORIENTED_EDGE('',*,*,#2419,.T.);
#3286=ORIENTED_EDGE('',*,*,#2420,.F.);
#3287=ORIENTED_EDGE('',*,*,#2421,.F.);
#3288=ORIENTED_EDGE('',*,*,#2422,.T.);
#3289=ORIENTED_EDGE('',*,*,#2423,.F.);
#3290=ORIENTED_EDGE('',*,*,#2412,.T.);
#3291=ORIENTED_EDGE('',*,*,#2422,.F.);
#3292=ORIENTED_EDGE('',*,*,#2424,.F.);
#3293=ORIENTED_EDGE('',*,*,#2425,.T.);
#3294=ORIENTED_EDGE('',*,*,#2426,.F.);
#3295=ORIENTED_EDGE('',*,*,#2425,.F.);
#3296=ORIENTED_EDGE('',*,*,#2427,.F.);
#3297=ORIENTED_EDGE('',*,*,#2419,.F.);
#3298=ORIENTED_EDGE('',*,*,#2428,.F.);
#3299=ORIENTED_EDGE('',*,*,#2417,.F.);
#3300=ORIENTED_EDGE('',*,*,#2429,.F.);
#3301=ORIENTED_EDGE('',*,*,#2430,.F.);
#3302=ORIENTED_EDGE('',*,*,#2431,.F.);
#3303=ORIENTED_EDGE('',*,*,#2432,.F.);
#3304=ORIENTED_EDGE('',*,*,#2433,.T.);
#3305=ORIENTED_EDGE('',*,*,#2434,.F.);
#3306=ORIENTED_EDGE('',*,*,#2435,.T.);
#3307=ORIENTED_EDGE('',*,*,#2433,.F.);
#3308=ORIENTED_EDGE('',*,*,#2436,.F.);
#3309=ORIENTED_EDGE('',*,*,#2437,.T.);
#3310=ORIENTED_EDGE('',*,*,#2438,.F.);
#3311=ORIENTED_EDGE('',*,*,#2439,.F.);
#3312=ORIENTED_EDGE('',*,*,#2440,.T.);
#3313=ORIENTED_EDGE('',*,*,#2441,.F.);
#3314=ORIENTED_EDGE('',*,*,#2430,.T.);
#3315=ORIENTED_EDGE('',*,*,#2440,.F.);
#3316=ORIENTED_EDGE('',*,*,#2442,.F.);
#3317=ORIENTED_EDGE('',*,*,#2443,.T.);
#3318=ORIENTED_EDGE('',*,*,#2444,.F.);
#3319=ORIENTED_EDGE('',*,*,#2443,.F.);
#3320=ORIENTED_EDGE('',*,*,#2445,.F.);
#3321=ORIENTED_EDGE('',*,*,#2437,.F.);
#3322=ORIENTED_EDGE('',*,*,#2446,.F.);
#3323=ORIENTED_EDGE('',*,*,#2435,.F.);
#3324=ORIENTED_EDGE('',*,*,#2447,.F.);
#3325=ORIENTED_EDGE('',*,*,#2448,.F.);
#3326=ORIENTED_EDGE('',*,*,#2449,.F.);
#3327=ORIENTED_EDGE('',*,*,#2450,.F.);
#3328=ORIENTED_EDGE('',*,*,#2451,.T.);
#3329=ORIENTED_EDGE('',*,*,#2452,.F.);
#3330=ORIENTED_EDGE('',*,*,#2453,.T.);
#3331=ORIENTED_EDGE('',*,*,#2451,.F.);
#3332=ORIENTED_EDGE('',*,*,#2454,.F.);
#3333=ORIENTED_EDGE('',*,*,#2455,.T.);
#3334=ORIENTED_EDGE('',*,*,#2456,.F.);
#3335=ORIENTED_EDGE('',*,*,#2457,.F.);
#3336=ORIENTED_EDGE('',*,*,#2458,.T.);
#3337=ORIENTED_EDGE('',*,*,#2459,.F.);
#3338=ORIENTED_EDGE('',*,*,#2448,.T.);
#3339=ORIENTED_EDGE('',*,*,#2458,.F.);
#3340=ORIENTED_EDGE('',*,*,#2460,.F.);
#3341=ORIENTED_EDGE('',*,*,#2461,.T.);
#3342=ORIENTED_EDGE('',*,*,#2462,.F.);
#3343=ORIENTED_EDGE('',*,*,#2461,.F.);
#3344=ORIENTED_EDGE('',*,*,#2463,.F.);
#3345=ORIENTED_EDGE('',*,*,#2455,.F.);
#3346=ORIENTED_EDGE('',*,*,#2464,.F.);
#3347=ORIENTED_EDGE('',*,*,#2453,.F.);
#3348=ORIENTED_EDGE('',*,*,#2465,.F.);
#3349=ORIENTED_EDGE('',*,*,#2466,.F.);
#3350=ORIENTED_EDGE('',*,*,#2467,.F.);
#3351=ORIENTED_EDGE('',*,*,#2468,.F.);
#3352=ORIENTED_EDGE('',*,*,#2469,.T.);
#3353=ORIENTED_EDGE('',*,*,#2470,.F.);
#3354=ORIENTED_EDGE('',*,*,#2471,.T.);
#3355=ORIENTED_EDGE('',*,*,#2469,.F.);
#3356=ORIENTED_EDGE('',*,*,#2472,.F.);
#3357=ORIENTED_EDGE('',*,*,#2473,.T.);
#3358=ORIENTED_EDGE('',*,*,#2474,.F.);
#3359=ORIENTED_EDGE('',*,*,#2475,.F.);
#3360=ORIENTED_EDGE('',*,*,#2476,.T.);
#3361=ORIENTED_EDGE('',*,*,#2477,.F.);
#3362=ORIENTED_EDGE('',*,*,#2466,.T.);
#3363=ORIENTED_EDGE('',*,*,#2476,.F.);
#3364=ORIENTED_EDGE('',*,*,#2478,.F.);
#3365=ORIENTED_EDGE('',*,*,#2479,.T.);
#3366=ORIENTED_EDGE('',*,*,#2480,.F.);
#3367=ORIENTED_EDGE('',*,*,#2479,.F.);
#3368=ORIENTED_EDGE('',*,*,#2481,.F.);
#3369=ORIENTED_EDGE('',*,*,#2473,.F.);
#3370=ORIENTED_EDGE('',*,*,#2482,.F.);
#3371=ORIENTED_EDGE('',*,*,#2471,.F.);
#3372=ORIENTED_EDGE('',*,*,#2483,.F.);
#3373=ORIENTED_EDGE('',*,*,#2484,.F.);
#3374=ORIENTED_EDGE('',*,*,#2485,.F.);
#3375=ORIENTED_EDGE('',*,*,#2486,.F.);
#3376=ORIENTED_EDGE('',*,*,#2487,.T.);
#3377=ORIENTED_EDGE('',*,*,#2488,.F.);
#3378=ORIENTED_EDGE('',*,*,#2489,.T.);
#3379=ORIENTED_EDGE('',*,*,#2487,.F.);
#3380=ORIENTED_EDGE('',*,*,#2490,.F.);
#3381=ORIENTED_EDGE('',*,*,#2491,.T.);
#3382=ORIENTED_EDGE('',*,*,#2492,.F.);
#3383=ORIENTED_EDGE('',*,*,#2493,.F.);
#3384=ORIENTED_EDGE('',*,*,#2494,.T.);
#3385=ORIENTED_EDGE('',*,*,#2495,.F.);
#3386=ORIENTED_EDGE('',*,*,#2484,.T.);
#3387=ORIENTED_EDGE('',*,*,#2494,.F.);
#3388=ORIENTED_EDGE('',*,*,#2496,.F.);
#3389=ORIENTED_EDGE('',*,*,#2497,.T.);
#3390=ORIENTED_EDGE('',*,*,#2498,.F.);
#3391=ORIENTED_EDGE('',*,*,#2497,.F.);
#3392=ORIENTED_EDGE('',*,*,#2499,.F.);
#3393=ORIENTED_EDGE('',*,*,#2491,.F.);
#3394=ORIENTED_EDGE('',*,*,#2500,.F.);
#3395=ORIENTED_EDGE('',*,*,#2489,.F.);
#3396=ORIENTED_EDGE('',*,*,#2501,.F.);
#3397=ORIENTED_EDGE('',*,*,#2502,.F.);
#3398=ORIENTED_EDGE('',*,*,#2503,.F.);
#3399=ORIENTED_EDGE('',*,*,#2504,.F.);
#3400=ORIENTED_EDGE('',*,*,#2505,.T.);
#3401=ORIENTED_EDGE('',*,*,#2506,.F.);
#3402=ORIENTED_EDGE('',*,*,#2507,.T.);
#3403=ORIENTED_EDGE('',*,*,#2505,.F.);
#3404=ORIENTED_EDGE('',*,*,#2508,.F.);
#3405=ORIENTED_EDGE('',*,*,#2509,.T.);
#3406=ORIENTED_EDGE('',*,*,#2510,.F.);
#3407=ORIENTED_EDGE('',*,*,#2511,.F.);
#3408=ORIENTED_EDGE('',*,*,#2512,.T.);
#3409=ORIENTED_EDGE('',*,*,#2513,.F.);
#3410=ORIENTED_EDGE('',*,*,#2502,.T.);
#3411=ORIENTED_EDGE('',*,*,#2512,.F.);
#3412=ORIENTED_EDGE('',*,*,#2514,.F.);
#3413=ORIENTED_EDGE('',*,*,#2515,.T.);
#3414=ORIENTED_EDGE('',*,*,#2516,.F.);
#3415=ORIENTED_EDGE('',*,*,#2515,.F.);
#3416=ORIENTED_EDGE('',*,*,#2517,.F.);
#3417=ORIENTED_EDGE('',*,*,#2509,.F.);
#3418=ORIENTED_EDGE('',*,*,#2518,.F.);
#3419=ORIENTED_EDGE('',*,*,#2507,.F.);
#3420=ORIENTED_EDGE('',*,*,#2519,.F.);
#3421=ORIENTED_EDGE('',*,*,#2520,.F.);
#3422=ORIENTED_EDGE('',*,*,#2521,.F.);
#3423=ORIENTED_EDGE('',*,*,#2522,.F.);
#3424=ORIENTED_EDGE('',*,*,#2523,.T.);
#3425=ORIENTED_EDGE('',*,*,#2524,.F.);
#3426=ORIENTED_EDGE('',*,*,#2525,.T.);
#3427=ORIENTED_EDGE('',*,*,#2523,.F.);
#3428=ORIENTED_EDGE('',*,*,#2526,.F.);
#3429=ORIENTED_EDGE('',*,*,#2527,.T.);
#3430=ORIENTED_EDGE('',*,*,#2528,.F.);
#3431=ORIENTED_EDGE('',*,*,#2529,.F.);
#3432=ORIENTED_EDGE('',*,*,#2530,.T.);
#3433=ORIENTED_EDGE('',*,*,#2531,.F.);
#3434=ORIENTED_EDGE('',*,*,#2520,.T.);
#3435=ORIENTED_EDGE('',*,*,#2530,.F.);
#3436=ORIENTED_EDGE('',*,*,#2532,.F.);
#3437=ORIENTED_EDGE('',*,*,#2533,.T.);
#3438=ORIENTED_EDGE('',*,*,#2534,.F.);
#3439=ORIENTED_EDGE('',*,*,#2533,.F.);
#3440=ORIENTED_EDGE('',*,*,#2535,.F.);
#3441=ORIENTED_EDGE('',*,*,#2527,.F.);
#3442=ORIENTED_EDGE('',*,*,#2536,.F.);
#3443=ORIENTED_EDGE('',*,*,#2525,.F.);
#3444=ORIENTED_EDGE('',*,*,#2537,.F.);
#3445=ORIENTED_EDGE('',*,*,#2538,.F.);
#3446=ORIENTED_EDGE('',*,*,#2539,.F.);
#3447=ORIENTED_EDGE('',*,*,#2540,.F.);
#3448=ORIENTED_EDGE('',*,*,#2541,.T.);
#3449=ORIENTED_EDGE('',*,*,#2542,.F.);
#3450=ORIENTED_EDGE('',*,*,#2543,.T.);
#3451=ORIENTED_EDGE('',*,*,#2541,.F.);
#3452=ORIENTED_EDGE('',*,*,#2544,.F.);
#3453=ORIENTED_EDGE('',*,*,#2545,.T.);
#3454=ORIENTED_EDGE('',*,*,#2546,.F.);
#3455=ORIENTED_EDGE('',*,*,#2547,.F.);
#3456=ORIENTED_EDGE('',*,*,#2548,.T.);
#3457=ORIENTED_EDGE('',*,*,#2549,.F.);
#3458=ORIENTED_EDGE('',*,*,#2538,.T.);
#3459=ORIENTED_EDGE('',*,*,#2548,.F.);
#3460=ORIENTED_EDGE('',*,*,#2550,.F.);
#3461=ORIENTED_EDGE('',*,*,#2551,.T.);
#3462=ORIENTED_EDGE('',*,*,#2552,.F.);
#3463=ORIENTED_EDGE('',*,*,#2551,.F.);
#3464=ORIENTED_EDGE('',*,*,#2553,.F.);
#3465=ORIENTED_EDGE('',*,*,#2545,.F.);
#3466=ORIENTED_EDGE('',*,*,#2554,.F.);
#3467=ORIENTED_EDGE('',*,*,#2543,.F.);
#3468=ORIENTED_EDGE('',*,*,#2555,.F.);
#3469=ORIENTED_EDGE('',*,*,#2556,.F.);
#3470=ORIENTED_EDGE('',*,*,#2557,.F.);
#3471=ORIENTED_EDGE('',*,*,#2558,.F.);
#3472=ORIENTED_EDGE('',*,*,#2559,.T.);
#3473=ORIENTED_EDGE('',*,*,#2560,.F.);
#3474=ORIENTED_EDGE('',*,*,#2561,.T.);
#3475=ORIENTED_EDGE('',*,*,#2559,.F.);
#3476=ORIENTED_EDGE('',*,*,#2562,.F.);
#3477=ORIENTED_EDGE('',*,*,#2563,.T.);
#3478=ORIENTED_EDGE('',*,*,#2564,.F.);
#3479=ORIENTED_EDGE('',*,*,#2565,.F.);
#3480=ORIENTED_EDGE('',*,*,#2566,.T.);
#3481=ORIENTED_EDGE('',*,*,#2567,.F.);
#3482=ORIENTED_EDGE('',*,*,#2556,.T.);
#3483=ORIENTED_EDGE('',*,*,#2566,.F.);
#3484=ORIENTED_EDGE('',*,*,#2568,.F.);
#3485=ORIENTED_EDGE('',*,*,#2569,.T.);
#3486=ORIENTED_EDGE('',*,*,#2570,.F.);
#3487=ORIENTED_EDGE('',*,*,#2569,.F.);
#3488=ORIENTED_EDGE('',*,*,#2571,.F.);
#3489=ORIENTED_EDGE('',*,*,#2563,.F.);
#3490=ORIENTED_EDGE('',*,*,#2572,.F.);
#3491=ORIENTED_EDGE('',*,*,#2561,.F.);
#3492=ORIENTED_EDGE('',*,*,#2573,.F.);
#3493=ORIENTED_EDGE('',*,*,#2574,.F.);
#3494=ORIENTED_EDGE('',*,*,#2575,.F.);
#3495=ORIENTED_EDGE('',*,*,#2576,.F.);
#3496=ORIENTED_EDGE('',*,*,#2577,.T.);
#3497=ORIENTED_EDGE('',*,*,#2578,.F.);
#3498=ORIENTED_EDGE('',*,*,#2579,.T.);
#3499=ORIENTED_EDGE('',*,*,#2577,.F.);
#3500=ORIENTED_EDGE('',*,*,#2580,.F.);
#3501=ORIENTED_EDGE('',*,*,#2581,.T.);
#3502=ORIENTED_EDGE('',*,*,#2582,.F.);
#3503=ORIENTED_EDGE('',*,*,#2583,.F.);
#3504=ORIENTED_EDGE('',*,*,#2584,.T.);
#3505=ORIENTED_EDGE('',*,*,#2585,.F.);
#3506=ORIENTED_EDGE('',*,*,#2574,.T.);
#3507=ORIENTED_EDGE('',*,*,#2584,.F.);
#3508=ORIENTED_EDGE('',*,*,#2586,.F.);
#3509=ORIENTED_EDGE('',*,*,#2587,.T.);
#3510=ORIENTED_EDGE('',*,*,#2588,.F.);
#3511=ORIENTED_EDGE('',*,*,#2587,.F.);
#3512=ORIENTED_EDGE('',*,*,#2589,.F.);
#3513=ORIENTED_EDGE('',*,*,#2581,.F.);
#3514=ORIENTED_EDGE('',*,*,#2590,.F.);
#3515=ORIENTED_EDGE('',*,*,#2579,.F.);
#3516=ORIENTED_EDGE('',*,*,#2591,.F.);
#3517=ORIENTED_EDGE('',*,*,#2592,.F.);
#3518=ORIENTED_EDGE('',*,*,#2593,.F.);
#3519=ORIENTED_EDGE('',*,*,#2594,.F.);
#3520=ORIENTED_EDGE('',*,*,#2595,.T.);
#3521=ORIENTED_EDGE('',*,*,#2596,.F.);
#3522=ORIENTED_EDGE('',*,*,#2597,.T.);
#3523=ORIENTED_EDGE('',*,*,#2595,.F.);
#3524=ORIENTED_EDGE('',*,*,#2598,.F.);
#3525=ORIENTED_EDGE('',*,*,#2599,.T.);
#3526=ORIENTED_EDGE('',*,*,#2600,.F.);
#3527=ORIENTED_EDGE('',*,*,#2601,.F.);
#3528=ORIENTED_EDGE('',*,*,#2602,.T.);
#3529=ORIENTED_EDGE('',*,*,#2603,.F.);
#3530=ORIENTED_EDGE('',*,*,#2592,.T.);
#3531=ORIENTED_EDGE('',*,*,#2602,.F.);
#3532=ORIENTED_EDGE('',*,*,#2604,.F.);
#3533=ORIENTED_EDGE('',*,*,#2605,.T.);
#3534=ORIENTED_EDGE('',*,*,#2606,.F.);
#3535=ORIENTED_EDGE('',*,*,#2605,.F.);
#3536=ORIENTED_EDGE('',*,*,#2607,.F.);
#3537=ORIENTED_EDGE('',*,*,#2599,.F.);
#3538=ORIENTED_EDGE('',*,*,#2608,.F.);
#3539=ORIENTED_EDGE('',*,*,#2597,.F.);
#3540=ORIENTED_EDGE('',*,*,#2609,.F.);
#3541=ORIENTED_EDGE('',*,*,#2610,.F.);
#3542=ORIENTED_EDGE('',*,*,#2611,.F.);
#3543=ORIENTED_EDGE('',*,*,#2612,.F.);
#3544=ORIENTED_EDGE('',*,*,#2613,.T.);
#3545=ORIENTED_EDGE('',*,*,#2614,.F.);
#3546=ORIENTED_EDGE('',*,*,#2615,.T.);
#3547=ORIENTED_EDGE('',*,*,#2613,.F.);
#3548=ORIENTED_EDGE('',*,*,#2616,.F.);
#3549=ORIENTED_EDGE('',*,*,#2617,.T.);
#3550=ORIENTED_EDGE('',*,*,#2618,.F.);
#3551=ORIENTED_EDGE('',*,*,#2619,.F.);
#3552=ORIENTED_EDGE('',*,*,#2620,.T.);
#3553=ORIENTED_EDGE('',*,*,#2621,.F.);
#3554=ORIENTED_EDGE('',*,*,#2610,.T.);
#3555=ORIENTED_EDGE('',*,*,#2620,.F.);
#3556=ORIENTED_EDGE('',*,*,#2622,.F.);
#3557=ORIENTED_EDGE('',*,*,#2623,.T.);
#3558=ORIENTED_EDGE('',*,*,#2624,.F.);
#3559=ORIENTED_EDGE('',*,*,#2623,.F.);
#3560=ORIENTED_EDGE('',*,*,#2625,.F.);
#3561=ORIENTED_EDGE('',*,*,#2617,.F.);
#3562=ORIENTED_EDGE('',*,*,#2626,.F.);
#3563=ORIENTED_EDGE('',*,*,#2615,.F.);
#3564=ORIENTED_EDGE('',*,*,#2627,.F.);
#3565=ORIENTED_EDGE('',*,*,#2628,.F.);
#3566=ORIENTED_EDGE('',*,*,#2629,.F.);
#3567=ORIENTED_EDGE('',*,*,#2630,.F.);
#3568=ORIENTED_EDGE('',*,*,#2631,.T.);
#3569=ORIENTED_EDGE('',*,*,#2632,.F.);
#3570=ORIENTED_EDGE('',*,*,#2633,.T.);
#3571=ORIENTED_EDGE('',*,*,#2631,.F.);
#3572=ORIENTED_EDGE('',*,*,#2634,.F.);
#3573=ORIENTED_EDGE('',*,*,#2635,.T.);
#3574=ORIENTED_EDGE('',*,*,#2636,.F.);
#3575=ORIENTED_EDGE('',*,*,#2637,.F.);
#3576=ORIENTED_EDGE('',*,*,#2638,.T.);
#3577=ORIENTED_EDGE('',*,*,#2639,.F.);
#3578=ORIENTED_EDGE('',*,*,#2628,.T.);
#3579=ORIENTED_EDGE('',*,*,#2638,.F.);
#3580=ORIENTED_EDGE('',*,*,#2640,.F.);
#3581=ORIENTED_EDGE('',*,*,#2641,.T.);
#3582=ORIENTED_EDGE('',*,*,#2642,.F.);
#3583=ORIENTED_EDGE('',*,*,#2641,.F.);
#3584=ORIENTED_EDGE('',*,*,#2643,.F.);
#3585=ORIENTED_EDGE('',*,*,#2635,.F.);
#3586=ORIENTED_EDGE('',*,*,#2644,.F.);
#3587=ORIENTED_EDGE('',*,*,#2633,.F.);
#3588=ORIENTED_EDGE('',*,*,#2645,.F.);
#3589=ORIENTED_EDGE('',*,*,#2646,.F.);
#3590=ORIENTED_EDGE('',*,*,#2647,.F.);
#3591=ORIENTED_EDGE('',*,*,#2648,.F.);
#3592=ORIENTED_EDGE('',*,*,#2649,.T.);
#3593=ORIENTED_EDGE('',*,*,#2650,.F.);
#3594=ORIENTED_EDGE('',*,*,#2651,.T.);
#3595=ORIENTED_EDGE('',*,*,#2649,.F.);
#3596=ORIENTED_EDGE('',*,*,#2652,.F.);
#3597=ORIENTED_EDGE('',*,*,#2653,.T.);
#3598=ORIENTED_EDGE('',*,*,#2654,.F.);
#3599=ORIENTED_EDGE('',*,*,#2655,.F.);
#3600=ORIENTED_EDGE('',*,*,#2656,.T.);
#3601=ORIENTED_EDGE('',*,*,#2657,.F.);
#3602=ORIENTED_EDGE('',*,*,#2646,.T.);
#3603=ORIENTED_EDGE('',*,*,#2656,.F.);
#3604=ORIENTED_EDGE('',*,*,#2658,.F.);
#3605=ORIENTED_EDGE('',*,*,#2659,.T.);
#3606=ORIENTED_EDGE('',*,*,#2660,.F.);
#3607=ORIENTED_EDGE('',*,*,#2659,.F.);
#3608=ORIENTED_EDGE('',*,*,#2661,.F.);
#3609=ORIENTED_EDGE('',*,*,#2653,.F.);
#3610=ORIENTED_EDGE('',*,*,#2662,.F.);
#3611=ORIENTED_EDGE('',*,*,#2651,.F.);
#3612=ORIENTED_EDGE('',*,*,#2663,.F.);
#3613=ORIENTED_EDGE('',*,*,#2664,.F.);
#3614=ORIENTED_EDGE('',*,*,#2665,.F.);
#3615=ORIENTED_EDGE('',*,*,#2666,.F.);
#3616=ORIENTED_EDGE('',*,*,#2667,.T.);
#3617=ORIENTED_EDGE('',*,*,#2668,.F.);
#3618=ORIENTED_EDGE('',*,*,#2669,.T.);
#3619=ORIENTED_EDGE('',*,*,#2667,.F.);
#3620=ORIENTED_EDGE('',*,*,#2670,.F.);
#3621=ORIENTED_EDGE('',*,*,#2671,.T.);
#3622=ORIENTED_EDGE('',*,*,#2672,.F.);
#3623=ORIENTED_EDGE('',*,*,#2673,.F.);
#3624=ORIENTED_EDGE('',*,*,#2674,.T.);
#3625=ORIENTED_EDGE('',*,*,#2675,.F.);
#3626=ORIENTED_EDGE('',*,*,#2664,.T.);
#3627=ORIENTED_EDGE('',*,*,#2674,.F.);
#3628=ORIENTED_EDGE('',*,*,#2676,.F.);
#3629=ORIENTED_EDGE('',*,*,#2677,.T.);
#3630=ORIENTED_EDGE('',*,*,#2678,.F.);
#3631=ORIENTED_EDGE('',*,*,#2677,.F.);
#3632=ORIENTED_EDGE('',*,*,#2679,.F.);
#3633=ORIENTED_EDGE('',*,*,#2671,.F.);
#3634=ORIENTED_EDGE('',*,*,#2680,.F.);
#3635=ORIENTED_EDGE('',*,*,#2669,.F.);
#3636=ORIENTED_EDGE('',*,*,#2681,.F.);
#3637=ORIENTED_EDGE('',*,*,#2682,.F.);
#3638=ORIENTED_EDGE('',*,*,#2683,.F.);
#3639=ORIENTED_EDGE('',*,*,#2684,.F.);
#3640=ORIENTED_EDGE('',*,*,#2685,.T.);
#3641=ORIENTED_EDGE('',*,*,#2686,.F.);
#3642=ORIENTED_EDGE('',*,*,#2687,.T.);
#3643=ORIENTED_EDGE('',*,*,#2685,.F.);
#3644=ORIENTED_EDGE('',*,*,#2688,.F.);
#3645=ORIENTED_EDGE('',*,*,#2689,.T.);
#3646=ORIENTED_EDGE('',*,*,#2690,.F.);
#3647=ORIENTED_EDGE('',*,*,#2691,.F.);
#3648=ORIENTED_EDGE('',*,*,#2692,.T.);
#3649=ORIENTED_EDGE('',*,*,#2693,.F.);
#3650=ORIENTED_EDGE('',*,*,#2682,.T.);
#3651=ORIENTED_EDGE('',*,*,#2692,.F.);
#3652=ORIENTED_EDGE('',*,*,#2694,.F.);
#3653=ORIENTED_EDGE('',*,*,#2695,.T.);
#3654=ORIENTED_EDGE('',*,*,#2696,.F.);
#3655=ORIENTED_EDGE('',*,*,#2695,.F.);
#3656=ORIENTED_EDGE('',*,*,#2697,.F.);
#3657=ORIENTED_EDGE('',*,*,#2689,.F.);
#3658=ORIENTED_EDGE('',*,*,#2698,.F.);
#3659=ORIENTED_EDGE('',*,*,#2687,.F.);
#3660=ORIENTED_EDGE('',*,*,#2699,.F.);
#3661=ORIENTED_EDGE('',*,*,#2700,.F.);
#3662=ORIENTED_EDGE('',*,*,#2701,.F.);
#3663=ORIENTED_EDGE('',*,*,#2702,.F.);
#3664=ORIENTED_EDGE('',*,*,#2703,.T.);
#3665=ORIENTED_EDGE('',*,*,#2704,.F.);
#3666=ORIENTED_EDGE('',*,*,#2705,.T.);
#3667=ORIENTED_EDGE('',*,*,#2703,.F.);
#3668=ORIENTED_EDGE('',*,*,#2706,.F.);
#3669=ORIENTED_EDGE('',*,*,#2707,.T.);
#3670=ORIENTED_EDGE('',*,*,#2708,.F.);
#3671=ORIENTED_EDGE('',*,*,#2709,.F.);
#3672=ORIENTED_EDGE('',*,*,#2710,.T.);
#3673=ORIENTED_EDGE('',*,*,#2711,.F.);
#3674=ORIENTED_EDGE('',*,*,#2700,.T.);
#3675=ORIENTED_EDGE('',*,*,#2710,.F.);
#3676=ORIENTED_EDGE('',*,*,#2712,.F.);
#3677=ORIENTED_EDGE('',*,*,#2713,.T.);
#3678=ORIENTED_EDGE('',*,*,#2714,.F.);
#3679=ORIENTED_EDGE('',*,*,#2713,.F.);
#3680=ORIENTED_EDGE('',*,*,#2715,.F.);
#3681=ORIENTED_EDGE('',*,*,#2707,.F.);
#3682=ORIENTED_EDGE('',*,*,#2716,.F.);
#3683=ORIENTED_EDGE('',*,*,#2705,.F.);
#3684=ORIENTED_EDGE('',*,*,#2717,.F.);
#3685=ORIENTED_EDGE('',*,*,#2718,.F.);
#3686=ORIENTED_EDGE('',*,*,#2719,.F.);
#3687=ORIENTED_EDGE('',*,*,#2720,.F.);
#3688=ORIENTED_EDGE('',*,*,#2721,.T.);
#3689=ORIENTED_EDGE('',*,*,#2722,.F.);
#3690=ORIENTED_EDGE('',*,*,#2723,.T.);
#3691=ORIENTED_EDGE('',*,*,#2721,.F.);
#3692=ORIENTED_EDGE('',*,*,#2724,.F.);
#3693=ORIENTED_EDGE('',*,*,#2725,.T.);
#3694=ORIENTED_EDGE('',*,*,#2726,.F.);
#3695=ORIENTED_EDGE('',*,*,#2727,.F.);
#3696=ORIENTED_EDGE('',*,*,#2728,.T.);
#3697=ORIENTED_EDGE('',*,*,#2729,.F.);
#3698=ORIENTED_EDGE('',*,*,#2718,.T.);
#3699=ORIENTED_EDGE('',*,*,#2728,.F.);
#3700=ORIENTED_EDGE('',*,*,#2730,.F.);
#3701=ORIENTED_EDGE('',*,*,#2731,.T.);
#3702=ORIENTED_EDGE('',*,*,#2732,.F.);
#3703=ORIENTED_EDGE('',*,*,#2731,.F.);
#3704=ORIENTED_EDGE('',*,*,#2733,.F.);
#3705=ORIENTED_EDGE('',*,*,#2725,.F.);
#3706=ORIENTED_EDGE('',*,*,#2734,.F.);
#3707=ORIENTED_EDGE('',*,*,#2723,.F.);
#3708=ORIENTED_EDGE('',*,*,#2735,.F.);
#3709=ORIENTED_EDGE('',*,*,#2736,.F.);
#3710=ORIENTED_EDGE('',*,*,#2737,.F.);
#3711=ORIENTED_EDGE('',*,*,#2738,.F.);
#3712=ORIENTED_EDGE('',*,*,#2739,.T.);
#3713=ORIENTED_EDGE('',*,*,#2740,.F.);
#3714=ORIENTED_EDGE('',*,*,#2741,.T.);
#3715=ORIENTED_EDGE('',*,*,#2739,.F.);
#3716=ORIENTED_EDGE('',*,*,#2742,.F.);
#3717=ORIENTED_EDGE('',*,*,#2743,.T.);
#3718=ORIENTED_EDGE('',*,*,#2744,.F.);
#3719=ORIENTED_EDGE('',*,*,#2745,.F.);
#3720=ORIENTED_EDGE('',*,*,#2746,.T.);
#3721=ORIENTED_EDGE('',*,*,#2747,.F.);
#3722=ORIENTED_EDGE('',*,*,#2736,.T.);
#3723=ORIENTED_EDGE('',*,*,#2746,.F.);
#3724=ORIENTED_EDGE('',*,*,#2748,.F.);
#3725=ORIENTED_EDGE('',*,*,#2749,.T.);
#3726=ORIENTED_EDGE('',*,*,#2750,.F.);
#3727=ORIENTED_EDGE('',*,*,#2749,.F.);
#3728=ORIENTED_EDGE('',*,*,#2751,.F.);
#3729=ORIENTED_EDGE('',*,*,#2743,.F.);
#3730=ORIENTED_EDGE('',*,*,#2752,.F.);
#3731=ORIENTED_EDGE('',*,*,#2741,.F.);
#3732=ORIENTED_EDGE('',*,*,#2753,.F.);
#3733=ORIENTED_EDGE('',*,*,#2754,.F.);
#3734=ORIENTED_EDGE('',*,*,#2755,.F.);
#3735=ORIENTED_EDGE('',*,*,#2756,.F.);
#3736=ORIENTED_EDGE('',*,*,#2757,.T.);
#3737=ORIENTED_EDGE('',*,*,#2758,.F.);
#3738=ORIENTED_EDGE('',*,*,#2754,.T.);
#3739=ORIENTED_EDGE('',*,*,#2757,.F.);
#3740=ORIENTED_EDGE('',*,*,#2759,.F.);
#3741=ORIENTED_EDGE('',*,*,#2760,.T.);
#3742=ORIENTED_EDGE('',*,*,#2761,.F.);
#3743=ORIENTED_EDGE('',*,*,#2762,.F.);
#3744=ORIENTED_EDGE('',*,*,#2763,.T.);
#3745=ORIENTED_EDGE('',*,*,#2764,.F.);
#3746=ORIENTED_EDGE('',*,*,#2765,.T.);
#3747=ORIENTED_EDGE('',*,*,#2763,.F.);
#3748=ORIENTED_EDGE('',*,*,#2766,.F.);
#3749=ORIENTED_EDGE('',*,*,#2767,.T.);
#3750=ORIENTED_EDGE('',*,*,#2768,.F.);
#3751=ORIENTED_EDGE('',*,*,#2760,.F.);
#3752=ORIENTED_EDGE('',*,*,#2769,.F.);
#3753=ORIENTED_EDGE('',*,*,#2767,.F.);
#3754=ORIENTED_EDGE('',*,*,#2770,.F.);
#3755=ORIENTED_EDGE('',*,*,#2765,.F.);
#3756=ORIENTED_EDGE('',*,*,#2771,.F.);
#3757=ORIENTED_EDGE('',*,*,#2772,.F.);
#3758=ORIENTED_EDGE('',*,*,#2773,.F.);
#3759=ORIENTED_EDGE('',*,*,#2774,.F.);
#3760=ORIENTED_EDGE('',*,*,#2085,.T.);
#3761=ORIENTED_EDGE('',*,*,#2775,.F.);
#3762=ORIENTED_EDGE('',*,*,#2776,.T.);
#3763=ORIENTED_EDGE('',*,*,#2776,.F.);
#3764=ORIENTED_EDGE('',*,*,#2777,.F.);
#3765=ORIENTED_EDGE('',*,*,#2778,.T.);
#3766=ORIENTED_EDGE('',*,*,#2779,.F.);
#3767=ORIENTED_EDGE('',*,*,#2780,.F.);
#3768=ORIENTED_EDGE('',*,*,#2781,.T.);
#3769=ORIENTED_EDGE('',*,*,#2782,.F.);
#3770=ORIENTED_EDGE('',*,*,#2772,.T.);
#3771=ORIENTED_EDGE('',*,*,#2781,.F.);
#3772=ORIENTED_EDGE('',*,*,#2783,.F.);
#3773=ORIENTED_EDGE('',*,*,#2784,.T.);
#3774=ORIENTED_EDGE('',*,*,#2785,.F.);
#3775=ORIENTED_EDGE('',*,*,#2784,.F.);
#3776=ORIENTED_EDGE('',*,*,#2786,.F.);
#3777=ORIENTED_EDGE('',*,*,#2778,.F.);
#3778=ORIENTED_EDGE('',*,*,#2787,.F.);
#3779=ORIENTED_EDGE('',*,*,#2788,.F.);
#3780=ORIENTED_EDGE('',*,*,#2789,.T.);
#3781=ORIENTED_EDGE('',*,*,#2790,.F.);
#3782=ORIENTED_EDGE('',*,*,#2789,.F.);
#3783=ORIENTED_EDGE('',*,*,#2791,.T.);
#3784=ORIENTED_EDGE('',*,*,#2792,.T.);
#3785=ORIENTED_EDGE('',*,*,#2793,.F.);
#3786=ORIENTED_EDGE('',*,*,#2792,.F.);
#3787=ORIENTED_EDGE('',*,*,#2794,.F.);
#3788=ORIENTED_EDGE('',*,*,#2795,.T.);
#3789=ORIENTED_EDGE('',*,*,#2791,.F.);
#3790=ORIENTED_EDGE('',*,*,#2795,.F.);
#3791=ORIENTED_EDGE('',*,*,#2788,.T.);
#3792=ORIENTED_EDGE('',*,*,#2796,.F.);
#3793=ORIENTED_EDGE('',*,*,#2797,.T.);
#3794=ORIENTED_EDGE('',*,*,#2798,.T.);
#3795=ORIENTED_EDGE('',*,*,#2797,.F.);
#3796=ORIENTED_EDGE('',*,*,#2796,.T.);
#3797=ORIENTED_EDGE('',*,*,#2798,.F.);
#3798=ORIENTED_EDGE('',*,*,#2799,.T.);
#3799=ORIENTED_EDGE('',*,*,#2800,.F.);
#3800=ORIENTED_EDGE('',*,*,#2799,.F.);
#3801=ORIENTED_EDGE('',*,*,#2801,.T.);
#3802=ORIENTED_EDGE('',*,*,#2802,.T.);
#3803=ORIENTED_EDGE('',*,*,#2803,.T.);
#3804=ORIENTED_EDGE('',*,*,#2802,.F.);
#3805=ORIENTED_EDGE('',*,*,#2801,.F.);
#3806=ORIENTED_EDGE('',*,*,#2804,.F.);
#3807=ORIENTED_EDGE('',*,*,#2803,.F.);
#3808=ORIENTED_EDGE('',*,*,#2805,.T.);
#3809=ORIENTED_EDGE('',*,*,#2806,.F.);
#3810=ORIENTED_EDGE('',*,*,#2805,.F.);
#3811=ORIENTED_EDGE('',*,*,#2790,.T.);
#3812=ORIENTED_EDGE('',*,*,#2800,.T.);
#3813=ORIENTED_EDGE('',*,*,#2804,.T.);
#3814=ORIENTED_EDGE('',*,*,#2807,.T.);
#3815=ORIENTED_EDGE('',*,*,#2794,.T.);
#3816=ORIENTED_EDGE('',*,*,#2807,.F.);
#3817=ORIENTED_EDGE('',*,*,#2808,.T.);
#3818=ORIENTED_EDGE('',*,*,#2806,.T.);
#3819=ORIENTED_EDGE('',*,*,#2808,.F.);
#3820=ORIENTED_EDGE('',*,*,#2809,.T.);
#3821=ORIENTED_EDGE('',*,*,#2810,.T.);
#3822=ORIENTED_EDGE('',*,*,#2809,.F.);
#3823=ORIENTED_EDGE('',*,*,#2793,.T.);
#3824=ORIENTED_EDGE('',*,*,#2811,.T.);
#3825=ORIENTED_EDGE('',*,*,#2810,.F.);
#3826=ORIENTED_EDGE('',*,*,#2764,.T.);
#3827=ORIENTED_EDGE('',*,*,#2768,.T.);
#3828=ORIENTED_EDGE('',*,*,#2769,.T.);
#3829=ORIENTED_EDGE('',*,*,#2759,.T.);
#3830=ORIENTED_EDGE('',*,*,#2756,.T.);
#3831=ORIENTED_EDGE('',*,*,#2753,.T.);
#3832=ORIENTED_EDGE('',*,*,#2740,.T.);
#3833=ORIENTED_EDGE('',*,*,#2744,.T.);
#3834=ORIENTED_EDGE('',*,*,#2751,.T.);
#3835=ORIENTED_EDGE('',*,*,#2748,.T.);
#3836=ORIENTED_EDGE('',*,*,#2745,.T.);
#3837=ORIENTED_EDGE('',*,*,#2735,.T.);
#3838=ORIENTED_EDGE('',*,*,#2722,.T.);
#3839=ORIENTED_EDGE('',*,*,#2726,.T.);
#3840=ORIENTED_EDGE('',*,*,#2733,.T.);
#3841=ORIENTED_EDGE('',*,*,#2730,.T.);
#3842=ORIENTED_EDGE('',*,*,#2727,.T.);
#3843=ORIENTED_EDGE('',*,*,#2717,.T.);
#3844=ORIENTED_EDGE('',*,*,#2704,.T.);
#3845=ORIENTED_EDGE('',*,*,#2708,.T.);
#3846=ORIENTED_EDGE('',*,*,#2715,.T.);
#3847=ORIENTED_EDGE('',*,*,#2712,.T.);
#3848=ORIENTED_EDGE('',*,*,#2709,.T.);
#3849=ORIENTED_EDGE('',*,*,#2699,.T.);
#3850=ORIENTED_EDGE('',*,*,#2686,.T.);
#3851=ORIENTED_EDGE('',*,*,#2690,.T.);
#3852=ORIENTED_EDGE('',*,*,#2697,.T.);
#3853=ORIENTED_EDGE('',*,*,#2694,.T.);
#3854=ORIENTED_EDGE('',*,*,#2691,.T.);
#3855=ORIENTED_EDGE('',*,*,#2681,.T.);
#3856=ORIENTED_EDGE('',*,*,#2668,.T.);
#3857=ORIENTED_EDGE('',*,*,#2672,.T.);
#3858=ORIENTED_EDGE('',*,*,#2679,.T.);
#3859=ORIENTED_EDGE('',*,*,#2676,.T.);
#3860=ORIENTED_EDGE('',*,*,#2673,.T.);
#3861=ORIENTED_EDGE('',*,*,#2663,.T.);
#3862=ORIENTED_EDGE('',*,*,#2650,.T.);
#3863=ORIENTED_EDGE('',*,*,#2654,.T.);
#3864=ORIENTED_EDGE('',*,*,#2661,.T.);
#3865=ORIENTED_EDGE('',*,*,#2658,.T.);
#3866=ORIENTED_EDGE('',*,*,#2655,.T.);
#3867=ORIENTED_EDGE('',*,*,#2645,.T.);
#3868=ORIENTED_EDGE('',*,*,#2632,.T.);
#3869=ORIENTED_EDGE('',*,*,#2636,.T.);
#3870=ORIENTED_EDGE('',*,*,#2643,.T.);
#3871=ORIENTED_EDGE('',*,*,#2640,.T.);
#3872=ORIENTED_EDGE('',*,*,#2637,.T.);
#3873=ORIENTED_EDGE('',*,*,#2627,.T.);
#3874=ORIENTED_EDGE('',*,*,#2614,.T.);
#3875=ORIENTED_EDGE('',*,*,#2618,.T.);
#3876=ORIENTED_EDGE('',*,*,#2625,.T.);
#3877=ORIENTED_EDGE('',*,*,#2622,.T.);
#3878=ORIENTED_EDGE('',*,*,#2619,.T.);
#3879=ORIENTED_EDGE('',*,*,#2609,.T.);
#3880=ORIENTED_EDGE('',*,*,#2596,.T.);
#3881=ORIENTED_EDGE('',*,*,#2600,.T.);
#3882=ORIENTED_EDGE('',*,*,#2607,.T.);
#3883=ORIENTED_EDGE('',*,*,#2604,.T.);
#3884=ORIENTED_EDGE('',*,*,#2601,.T.);
#3885=ORIENTED_EDGE('',*,*,#2591,.T.);
#3886=ORIENTED_EDGE('',*,*,#2578,.T.);
#3887=ORIENTED_EDGE('',*,*,#2582,.T.);
#3888=ORIENTED_EDGE('',*,*,#2589,.T.);
#3889=ORIENTED_EDGE('',*,*,#2586,.T.);
#3890=ORIENTED_EDGE('',*,*,#2583,.T.);
#3891=ORIENTED_EDGE('',*,*,#2573,.T.);
#3892=ORIENTED_EDGE('',*,*,#2560,.T.);
#3893=ORIENTED_EDGE('',*,*,#2564,.T.);
#3894=ORIENTED_EDGE('',*,*,#2571,.T.);
#3895=ORIENTED_EDGE('',*,*,#2568,.T.);
#3896=ORIENTED_EDGE('',*,*,#2565,.T.);
#3897=ORIENTED_EDGE('',*,*,#2555,.T.);
#3898=ORIENTED_EDGE('',*,*,#2542,.T.);
#3899=ORIENTED_EDGE('',*,*,#2546,.T.);
#3900=ORIENTED_EDGE('',*,*,#2553,.T.);
#3901=ORIENTED_EDGE('',*,*,#2550,.T.);
#3902=ORIENTED_EDGE('',*,*,#2547,.T.);
#3903=ORIENTED_EDGE('',*,*,#2537,.T.);
#3904=ORIENTED_EDGE('',*,*,#2524,.T.);
#3905=ORIENTED_EDGE('',*,*,#2528,.T.);
#3906=ORIENTED_EDGE('',*,*,#2535,.T.);
#3907=ORIENTED_EDGE('',*,*,#2532,.T.);
#3908=ORIENTED_EDGE('',*,*,#2529,.T.);
#3909=ORIENTED_EDGE('',*,*,#2519,.T.);
#3910=ORIENTED_EDGE('',*,*,#2506,.T.);
#3911=ORIENTED_EDGE('',*,*,#2510,.T.);
#3912=ORIENTED_EDGE('',*,*,#2517,.T.);
#3913=ORIENTED_EDGE('',*,*,#2514,.T.);
#3914=ORIENTED_EDGE('',*,*,#2511,.T.);
#3915=ORIENTED_EDGE('',*,*,#2501,.T.);
#3916=ORIENTED_EDGE('',*,*,#2488,.T.);
#3917=ORIENTED_EDGE('',*,*,#2492,.T.);
#3918=ORIENTED_EDGE('',*,*,#2499,.T.);
#3919=ORIENTED_EDGE('',*,*,#2496,.T.);
#3920=ORIENTED_EDGE('',*,*,#2493,.T.);
#3921=ORIENTED_EDGE('',*,*,#2483,.T.);
#3922=ORIENTED_EDGE('',*,*,#2470,.T.);
#3923=ORIENTED_EDGE('',*,*,#2474,.T.);
#3924=ORIENTED_EDGE('',*,*,#2481,.T.);
#3925=ORIENTED_EDGE('',*,*,#2478,.T.);
#3926=ORIENTED_EDGE('',*,*,#2475,.T.);
#3927=ORIENTED_EDGE('',*,*,#2465,.T.);
#3928=ORIENTED_EDGE('',*,*,#2452,.T.);
#3929=ORIENTED_EDGE('',*,*,#2456,.T.);
#3930=ORIENTED_EDGE('',*,*,#2463,.T.);
#3931=ORIENTED_EDGE('',*,*,#2460,.T.);
#3932=ORIENTED_EDGE('',*,*,#2457,.T.);
#3933=ORIENTED_EDGE('',*,*,#2447,.T.);
#3934=ORIENTED_EDGE('',*,*,#2434,.T.);
#3935=ORIENTED_EDGE('',*,*,#2438,.T.);
#3936=ORIENTED_EDGE('',*,*,#2445,.T.);
#3937=ORIENTED_EDGE('',*,*,#2442,.T.);
#3938=ORIENTED_EDGE('',*,*,#2439,.T.);
#3939=ORIENTED_EDGE('',*,*,#2429,.T.);
#3940=ORIENTED_EDGE('',*,*,#2416,.T.);
#3941=ORIENTED_EDGE('',*,*,#2420,.T.);
#3942=ORIENTED_EDGE('',*,*,#2427,.T.);
#3943=ORIENTED_EDGE('',*,*,#2424,.T.);
#3944=ORIENTED_EDGE('',*,*,#2421,.T.);
#3945=ORIENTED_EDGE('',*,*,#2411,.T.);
#3946=ORIENTED_EDGE('',*,*,#2398,.T.);
#3947=ORIENTED_EDGE('',*,*,#2402,.T.);
#3948=ORIENTED_EDGE('',*,*,#2409,.T.);
#3949=ORIENTED_EDGE('',*,*,#2406,.T.);
#3950=ORIENTED_EDGE('',*,*,#2403,.T.);
#3951=ORIENTED_EDGE('',*,*,#2393,.T.);
#3952=ORIENTED_EDGE('',*,*,#2380,.T.);
#3953=ORIENTED_EDGE('',*,*,#2384,.T.);
#3954=ORIENTED_EDGE('',*,*,#2391,.T.);
#3955=ORIENTED_EDGE('',*,*,#2388,.T.);
#3956=ORIENTED_EDGE('',*,*,#2385,.T.);
#3957=ORIENTED_EDGE('',*,*,#2375,.T.);
#3958=ORIENTED_EDGE('',*,*,#2362,.T.);
#3959=ORIENTED_EDGE('',*,*,#2366,.T.);
#3960=ORIENTED_EDGE('',*,*,#2373,.T.);
#3961=ORIENTED_EDGE('',*,*,#2370,.T.);
#3962=ORIENTED_EDGE('',*,*,#2367,.T.);
#3963=ORIENTED_EDGE('',*,*,#2357,.T.);
#3964=ORIENTED_EDGE('',*,*,#2344,.T.);
#3965=ORIENTED_EDGE('',*,*,#2348,.T.);
#3966=ORIENTED_EDGE('',*,*,#2355,.T.);
#3967=ORIENTED_EDGE('',*,*,#2352,.T.);
#3968=ORIENTED_EDGE('',*,*,#2349,.T.);
#3969=ORIENTED_EDGE('',*,*,#2339,.T.);
#3970=ORIENTED_EDGE('',*,*,#2326,.T.);
#3971=ORIENTED_EDGE('',*,*,#2330,.T.);
#3972=ORIENTED_EDGE('',*,*,#2337,.T.);
#3973=ORIENTED_EDGE('',*,*,#2334,.T.);
#3974=ORIENTED_EDGE('',*,*,#2331,.T.);
#3975=ORIENTED_EDGE('',*,*,#2321,.T.);
#3976=ORIENTED_EDGE('',*,*,#2308,.T.);
#3977=ORIENTED_EDGE('',*,*,#2312,.T.);
#3978=ORIENTED_EDGE('',*,*,#2319,.T.);
#3979=ORIENTED_EDGE('',*,*,#2316,.T.);
#3980=ORIENTED_EDGE('',*,*,#2313,.T.);
#3981=ORIENTED_EDGE('',*,*,#2303,.T.);
#3982=ORIENTED_EDGE('',*,*,#2290,.T.);
#3983=ORIENTED_EDGE('',*,*,#2294,.T.);
#3984=ORIENTED_EDGE('',*,*,#2301,.T.);
#3985=ORIENTED_EDGE('',*,*,#2298,.T.);
#3986=ORIENTED_EDGE('',*,*,#2295,.T.);
#3987=ORIENTED_EDGE('',*,*,#2285,.T.);
#3988=ORIENTED_EDGE('',*,*,#2272,.T.);
#3989=ORIENTED_EDGE('',*,*,#2276,.T.);
#3990=ORIENTED_EDGE('',*,*,#2283,.T.);
#3991=ORIENTED_EDGE('',*,*,#2280,.T.);
#3992=ORIENTED_EDGE('',*,*,#2277,.T.);
#3993=ORIENTED_EDGE('',*,*,#2267,.T.);
#3994=ORIENTED_EDGE('',*,*,#2254,.T.);
#3995=ORIENTED_EDGE('',*,*,#2258,.T.);
#3996=ORIENTED_EDGE('',*,*,#2265,.T.);
#3997=ORIENTED_EDGE('',*,*,#2262,.T.);
#3998=ORIENTED_EDGE('',*,*,#2259,.T.);
#3999=ORIENTED_EDGE('',*,*,#2249,.T.);
#4000=ORIENTED_EDGE('',*,*,#2236,.T.);
#4001=ORIENTED_EDGE('',*,*,#2240,.T.);
#4002=ORIENTED_EDGE('',*,*,#2247,.T.);
#4003=ORIENTED_EDGE('',*,*,#2244,.T.);
#4004=ORIENTED_EDGE('',*,*,#2241,.T.);
#4005=ORIENTED_EDGE('',*,*,#2231,.T.);
#4006=ORIENTED_EDGE('',*,*,#2218,.T.);
#4007=ORIENTED_EDGE('',*,*,#2222,.T.);
#4008=ORIENTED_EDGE('',*,*,#2229,.T.);
#4009=ORIENTED_EDGE('',*,*,#2226,.T.);
#4010=ORIENTED_EDGE('',*,*,#2223,.T.);
#4011=ORIENTED_EDGE('',*,*,#2213,.T.);
#4012=ORIENTED_EDGE('',*,*,#2200,.T.);
#4013=ORIENTED_EDGE('',*,*,#2204,.T.);
#4014=ORIENTED_EDGE('',*,*,#2211,.T.);
#4015=ORIENTED_EDGE('',*,*,#2208,.T.);
#4016=ORIENTED_EDGE('',*,*,#2205,.T.);
#4017=ORIENTED_EDGE('',*,*,#2195,.T.);
#4018=ORIENTED_EDGE('',*,*,#2182,.T.);
#4019=ORIENTED_EDGE('',*,*,#2186,.T.);
#4020=ORIENTED_EDGE('',*,*,#2193,.T.);
#4021=ORIENTED_EDGE('',*,*,#2190,.T.);
#4022=ORIENTED_EDGE('',*,*,#2187,.T.);
#4023=ORIENTED_EDGE('',*,*,#2177,.T.);
#4024=ORIENTED_EDGE('',*,*,#2164,.T.);
#4025=ORIENTED_EDGE('',*,*,#2168,.T.);
#4026=ORIENTED_EDGE('',*,*,#2175,.T.);
#4027=ORIENTED_EDGE('',*,*,#2172,.T.);
#4028=ORIENTED_EDGE('',*,*,#2169,.T.);
#4029=ORIENTED_EDGE('',*,*,#2159,.T.);
#4030=ORIENTED_EDGE('',*,*,#2146,.T.);
#4031=ORIENTED_EDGE('',*,*,#2150,.T.);
#4032=ORIENTED_EDGE('',*,*,#2157,.T.);
#4033=ORIENTED_EDGE('',*,*,#2154,.T.);
#4034=ORIENTED_EDGE('',*,*,#2151,.T.);
#4035=ORIENTED_EDGE('',*,*,#2141,.T.);
#4036=ORIENTED_EDGE('',*,*,#2128,.T.);
#4037=ORIENTED_EDGE('',*,*,#2132,.T.);
#4038=ORIENTED_EDGE('',*,*,#2139,.T.);
#4039=ORIENTED_EDGE('',*,*,#2136,.T.);
#4040=ORIENTED_EDGE('',*,*,#2133,.T.);
#4041=ORIENTED_EDGE('',*,*,#2123,.T.);
#4042=ORIENTED_EDGE('',*,*,#2110,.T.);
#4043=ORIENTED_EDGE('',*,*,#2114,.T.);
#4044=ORIENTED_EDGE('',*,*,#2121,.T.);
#4045=ORIENTED_EDGE('',*,*,#2118,.T.);
#4046=ORIENTED_EDGE('',*,*,#2115,.T.);
#4047=ORIENTED_EDGE('',*,*,#2105,.T.);
#4048=ORIENTED_EDGE('',*,*,#2092,.T.);
#4049=ORIENTED_EDGE('',*,*,#2096,.T.);
#4050=ORIENTED_EDGE('',*,*,#2103,.T.);
#4051=ORIENTED_EDGE('',*,*,#2100,.T.);
#4052=ORIENTED_EDGE('',*,*,#2097,.T.);
#4053=ORIENTED_EDGE('',*,*,#2087,.T.);
#4054=ORIENTED_EDGE('',*,*,#2070,.T.);
#4055=ORIENTED_EDGE('',*,*,#2074,.T.);
#4056=ORIENTED_EDGE('',*,*,#2082,.T.);
#4057=ORIENTED_EDGE('',*,*,#2079,.T.);
#4058=ORIENTED_EDGE('',*,*,#2075,.T.);
#4059=ORIENTED_EDGE('',*,*,#2086,.T.);
#4060=ORIENTED_EDGE('',*,*,#2774,.T.);
#4061=ORIENTED_EDGE('',*,*,#2779,.T.);
#4062=ORIENTED_EDGE('',*,*,#2786,.T.);
#4063=ORIENTED_EDGE('',*,*,#2783,.T.);
#4064=ORIENTED_EDGE('',*,*,#2780,.T.);
#4065=ORIENTED_EDGE('',*,*,#2771,.T.);
#4066=ORIENTED_EDGE('',*,*,#2812,.T.);
#4067=ORIENTED_EDGE('',*,*,#2813,.T.);
#4068=ORIENTED_EDGE('',*,*,#2814,.T.);
#4069=ORIENTED_EDGE('',*,*,#2813,.F.);
#4070=ORIENTED_EDGE('',*,*,#2811,.F.);
#4071=ORIENTED_EDGE('',*,*,#2815,.T.);
#4072=ORIENTED_EDGE('',*,*,#2812,.F.);
#4073=ORIENTED_EDGE('',*,*,#2815,.F.);
#4074=ORIENTED_EDGE('',*,*,#2816,.F.);
#4075=ORIENTED_EDGE('',*,*,#2814,.F.);
#4076=ORIENTED_EDGE('',*,*,#2817,.F.);
#4077=ORIENTED_EDGE('',*,*,#2818,.T.);
#4078=ORIENTED_EDGE('',*,*,#2816,.T.);
#4079=ORIENTED_EDGE('',*,*,#2818,.F.);
#4080=ORIENTED_EDGE('',*,*,#2817,.T.);
#4081=ORIENTED_EDGE('',*,*,#2762,.T.);
#4082=ORIENTED_EDGE('',*,*,#2773,.T.);
#4083=ORIENTED_EDGE('',*,*,#2782,.T.);
#4084=ORIENTED_EDGE('',*,*,#2785,.T.);
#4085=ORIENTED_EDGE('',*,*,#2787,.T.);
#4086=ORIENTED_EDGE('',*,*,#2777,.T.);
#4087=ORIENTED_EDGE('',*,*,#2775,.T.);
#4088=ORIENTED_EDGE('',*,*,#2084,.T.);
#4089=ORIENTED_EDGE('',*,*,#2077,.T.);
#4090=ORIENTED_EDGE('',*,*,#2081,.T.);
#4091=ORIENTED_EDGE('',*,*,#2083,.T.);
#4092=ORIENTED_EDGE('',*,*,#2072,.T.);
#4093=ORIENTED_EDGE('',*,*,#2068,.T.);
#4094=ORIENTED_EDGE('',*,*,#2089,.T.);
#4095=ORIENTED_EDGE('',*,*,#2099,.T.);
#4096=ORIENTED_EDGE('',*,*,#2102,.T.);
#4097=ORIENTED_EDGE('',*,*,#2104,.T.);
#4098=ORIENTED_EDGE('',*,*,#2094,.T.);
#4099=ORIENTED_EDGE('',*,*,#2090,.T.);
#4100=ORIENTED_EDGE('',*,*,#2107,.T.);
#4101=ORIENTED_EDGE('',*,*,#2117,.T.);
#4102=ORIENTED_EDGE('',*,*,#2120,.T.);
#4103=ORIENTED_EDGE('',*,*,#2122,.T.);
#4104=ORIENTED_EDGE('',*,*,#2112,.T.);
#4105=ORIENTED_EDGE('',*,*,#2108,.T.);
#4106=ORIENTED_EDGE('',*,*,#2125,.T.);
#4107=ORIENTED_EDGE('',*,*,#2135,.T.);
#4108=ORIENTED_EDGE('',*,*,#2138,.T.);
#4109=ORIENTED_EDGE('',*,*,#2140,.T.);
#4110=ORIENTED_EDGE('',*,*,#2130,.T.);
#4111=ORIENTED_EDGE('',*,*,#2126,.T.);
#4112=ORIENTED_EDGE('',*,*,#2143,.T.);
#4113=ORIENTED_EDGE('',*,*,#2153,.T.);
#4114=ORIENTED_EDGE('',*,*,#2156,.T.);
#4115=ORIENTED_EDGE('',*,*,#2158,.T.);
#4116=ORIENTED_EDGE('',*,*,#2148,.T.);
#4117=ORIENTED_EDGE('',*,*,#2144,.T.);
#4118=ORIENTED_EDGE('',*,*,#2161,.T.);
#4119=ORIENTED_EDGE('',*,*,#2171,.T.);
#4120=ORIENTED_EDGE('',*,*,#2174,.T.);
#4121=ORIENTED_EDGE('',*,*,#2176,.T.);
#4122=ORIENTED_EDGE('',*,*,#2166,.T.);
#4123=ORIENTED_EDGE('',*,*,#2162,.T.);
#4124=ORIENTED_EDGE('',*,*,#2179,.T.);
#4125=ORIENTED_EDGE('',*,*,#2189,.T.);
#4126=ORIENTED_EDGE('',*,*,#2192,.T.);
#4127=ORIENTED_EDGE('',*,*,#2194,.T.);
#4128=ORIENTED_EDGE('',*,*,#2184,.T.);
#4129=ORIENTED_EDGE('',*,*,#2180,.T.);
#4130=ORIENTED_EDGE('',*,*,#2197,.T.);
#4131=ORIENTED_EDGE('',*,*,#2207,.T.);
#4132=ORIENTED_EDGE('',*,*,#2210,.T.);
#4133=ORIENTED_EDGE('',*,*,#2212,.T.);
#4134=ORIENTED_EDGE('',*,*,#2202,.T.);
#4135=ORIENTED_EDGE('',*,*,#2198,.T.);
#4136=ORIENTED_EDGE('',*,*,#2215,.T.);
#4137=ORIENTED_EDGE('',*,*,#2225,.T.);
#4138=ORIENTED_EDGE('',*,*,#2228,.T.);
#4139=ORIENTED_EDGE('',*,*,#2230,.T.);
#4140=ORIENTED_EDGE('',*,*,#2220,.T.);
#4141=ORIENTED_EDGE('',*,*,#2216,.T.);
#4142=ORIENTED_EDGE('',*,*,#2233,.T.);
#4143=ORIENTED_EDGE('',*,*,#2243,.T.);
#4144=ORIENTED_EDGE('',*,*,#2246,.T.);
#4145=ORIENTED_EDGE('',*,*,#2248,.T.);
#4146=ORIENTED_EDGE('',*,*,#2238,.T.);
#4147=ORIENTED_EDGE('',*,*,#2234,.T.);
#4148=ORIENTED_EDGE('',*,*,#2251,.T.);
#4149=ORIENTED_EDGE('',*,*,#2261,.T.);
#4150=ORIENTED_EDGE('',*,*,#2264,.T.);
#4151=ORIENTED_EDGE('',*,*,#2266,.T.);
#4152=ORIENTED_EDGE('',*,*,#2256,.T.);
#4153=ORIENTED_EDGE('',*,*,#2252,.T.);
#4154=ORIENTED_EDGE('',*,*,#2269,.T.);
#4155=ORIENTED_EDGE('',*,*,#2279,.T.);
#4156=ORIENTED_EDGE('',*,*,#2282,.T.);
#4157=ORIENTED_EDGE('',*,*,#2284,.T.);
#4158=ORIENTED_EDGE('',*,*,#2274,.T.);
#4159=ORIENTED_EDGE('',*,*,#2270,.T.);
#4160=ORIENTED_EDGE('',*,*,#2287,.T.);
#4161=ORIENTED_EDGE('',*,*,#2297,.T.);
#4162=ORIENTED_EDGE('',*,*,#2300,.T.);
#4163=ORIENTED_EDGE('',*,*,#2302,.T.);
#4164=ORIENTED_EDGE('',*,*,#2292,.T.);
#4165=ORIENTED_EDGE('',*,*,#2288,.T.);
#4166=ORIENTED_EDGE('',*,*,#2305,.T.);
#4167=ORIENTED_EDGE('',*,*,#2315,.T.);
#4168=ORIENTED_EDGE('',*,*,#2318,.T.);
#4169=ORIENTED_EDGE('',*,*,#2320,.T.);
#4170=ORIENTED_EDGE('',*,*,#2310,.T.);
#4171=ORIENTED_EDGE('',*,*,#2306,.T.);
#4172=ORIENTED_EDGE('',*,*,#2323,.T.);
#4173=ORIENTED_EDGE('',*,*,#2333,.T.);
#4174=ORIENTED_EDGE('',*,*,#2336,.T.);
#4175=ORIENTED_EDGE('',*,*,#2338,.T.);
#4176=ORIENTED_EDGE('',*,*,#2328,.T.);
#4177=ORIENTED_EDGE('',*,*,#2324,.T.);
#4178=ORIENTED_EDGE('',*,*,#2341,.T.);
#4179=ORIENTED_EDGE('',*,*,#2351,.T.);
#4180=ORIENTED_EDGE('',*,*,#2354,.T.);
#4181=ORIENTED_EDGE('',*,*,#2356,.T.);
#4182=ORIENTED_EDGE('',*,*,#2346,.T.);
#4183=ORIENTED_EDGE('',*,*,#2342,.T.);
#4184=ORIENTED_EDGE('',*,*,#2359,.T.);
#4185=ORIENTED_EDGE('',*,*,#2369,.T.);
#4186=ORIENTED_EDGE('',*,*,#2372,.T.);
#4187=ORIENTED_EDGE('',*,*,#2374,.T.);
#4188=ORIENTED_EDGE('',*,*,#2364,.T.);
#4189=ORIENTED_EDGE('',*,*,#2360,.T.);
#4190=ORIENTED_EDGE('',*,*,#2377,.T.);
#4191=ORIENTED_EDGE('',*,*,#2387,.T.);
#4192=ORIENTED_EDGE('',*,*,#2390,.T.);
#4193=ORIENTED_EDGE('',*,*,#2392,.T.);
#4194=ORIENTED_EDGE('',*,*,#2382,.T.);
#4195=ORIENTED_EDGE('',*,*,#2378,.T.);
#4196=ORIENTED_EDGE('',*,*,#2395,.T.);
#4197=ORIENTED_EDGE('',*,*,#2405,.T.);
#4198=ORIENTED_EDGE('',*,*,#2408,.T.);
#4199=ORIENTED_EDGE('',*,*,#2410,.T.);
#4200=ORIENTED_EDGE('',*,*,#2400,.T.);
#4201=ORIENTED_EDGE('',*,*,#2396,.T.);
#4202=ORIENTED_EDGE('',*,*,#2413,.T.);
#4203=ORIENTED_EDGE('',*,*,#2423,.T.);
#4204=ORIENTED_EDGE('',*,*,#2426,.T.);
#4205=ORIENTED_EDGE('',*,*,#2428,.T.);
#4206=ORIENTED_EDGE('',*,*,#2418,.T.);
#4207=ORIENTED_EDGE('',*,*,#2414,.T.);
#4208=ORIENTED_EDGE('',*,*,#2431,.T.);
#4209=ORIENTED_EDGE('',*,*,#2441,.T.);
#4210=ORIENTED_EDGE('',*,*,#2444,.T.);
#4211=ORIENTED_EDGE('',*,*,#2446,.T.);
#4212=ORIENTED_EDGE('',*,*,#2436,.T.);
#4213=ORIENTED_EDGE('',*,*,#2432,.T.);
#4214=ORIENTED_EDGE('',*,*,#2449,.T.);
#4215=ORIENTED_EDGE('',*,*,#2459,.T.);
#4216=ORIENTED_EDGE('',*,*,#2462,.T.);
#4217=ORIENTED_EDGE('',*,*,#2464,.T.);
#4218=ORIENTED_EDGE('',*,*,#2454,.T.);
#4219=ORIENTED_EDGE('',*,*,#2450,.T.);
#4220=ORIENTED_EDGE('',*,*,#2467,.T.);
#4221=ORIENTED_EDGE('',*,*,#2477,.T.);
#4222=ORIENTED_EDGE('',*,*,#2480,.T.);
#4223=ORIENTED_EDGE('',*,*,#2482,.T.);
#4224=ORIENTED_EDGE('',*,*,#2472,.T.);
#4225=ORIENTED_EDGE('',*,*,#2468,.T.);
#4226=ORIENTED_EDGE('',*,*,#2485,.T.);
#4227=ORIENTED_EDGE('',*,*,#2495,.T.);
#4228=ORIENTED_EDGE('',*,*,#2498,.T.);
#4229=ORIENTED_EDGE('',*,*,#2500,.T.);
#4230=ORIENTED_EDGE('',*,*,#2490,.T.);
#4231=ORIENTED_EDGE('',*,*,#2486,.T.);
#4232=ORIENTED_EDGE('',*,*,#2503,.T.);
#4233=ORIENTED_EDGE('',*,*,#2513,.T.);
#4234=ORIENTED_EDGE('',*,*,#2516,.T.);
#4235=ORIENTED_EDGE('',*,*,#2518,.T.);
#4236=ORIENTED_EDGE('',*,*,#2508,.T.);
#4237=ORIENTED_EDGE('',*,*,#2504,.T.);
#4238=ORIENTED_EDGE('',*,*,#2521,.T.);
#4239=ORIENTED_EDGE('',*,*,#2531,.T.);
#4240=ORIENTED_EDGE('',*,*,#2534,.T.);
#4241=ORIENTED_EDGE('',*,*,#2536,.T.);
#4242=ORIENTED_EDGE('',*,*,#2526,.T.);
#4243=ORIENTED_EDGE('',*,*,#2522,.T.);
#4244=ORIENTED_EDGE('',*,*,#2539,.T.);
#4245=ORIENTED_EDGE('',*,*,#2549,.T.);
#4246=ORIENTED_EDGE('',*,*,#2552,.T.);
#4247=ORIENTED_EDGE('',*,*,#2554,.T.);
#4248=ORIENTED_EDGE('',*,*,#2544,.T.);
#4249=ORIENTED_EDGE('',*,*,#2540,.T.);
#4250=ORIENTED_EDGE('',*,*,#2557,.T.);
#4251=ORIENTED_EDGE('',*,*,#2567,.T.);
#4252=ORIENTED_EDGE('',*,*,#2570,.T.);
#4253=ORIENTED_EDGE('',*,*,#2572,.T.);
#4254=ORIENTED_EDGE('',*,*,#2562,.T.);
#4255=ORIENTED_EDGE('',*,*,#2558,.T.);
#4256=ORIENTED_EDGE('',*,*,#2575,.T.);
#4257=ORIENTED_EDGE('',*,*,#2585,.T.);
#4258=ORIENTED_EDGE('',*,*,#2588,.T.);
#4259=ORIENTED_EDGE('',*,*,#2590,.T.);
#4260=ORIENTED_EDGE('',*,*,#2580,.T.);
#4261=ORIENTED_EDGE('',*,*,#2576,.T.);
#4262=ORIENTED_EDGE('',*,*,#2593,.T.);
#4263=ORIENTED_EDGE('',*,*,#2603,.T.);
#4264=ORIENTED_EDGE('',*,*,#2606,.T.);
#4265=ORIENTED_EDGE('',*,*,#2608,.T.);
#4266=ORIENTED_EDGE('',*,*,#2598,.T.);
#4267=ORIENTED_EDGE('',*,*,#2594,.T.);
#4268=ORIENTED_EDGE('',*,*,#2611,.T.);
#4269=ORIENTED_EDGE('',*,*,#2621,.T.);
#4270=ORIENTED_EDGE('',*,*,#2624,.T.);
#4271=ORIENTED_EDGE('',*,*,#2626,.T.);
#4272=ORIENTED_EDGE('',*,*,#2616,.T.);
#4273=ORIENTED_EDGE('',*,*,#2612,.T.);
#4274=ORIENTED_EDGE('',*,*,#2629,.T.);
#4275=ORIENTED_EDGE('',*,*,#2639,.T.);
#4276=ORIENTED_EDGE('',*,*,#2642,.T.);
#4277=ORIENTED_EDGE('',*,*,#2644,.T.);
#4278=ORIENTED_EDGE('',*,*,#2634,.T.);
#4279=ORIENTED_EDGE('',*,*,#2630,.T.);
#4280=ORIENTED_EDGE('',*,*,#2647,.T.);
#4281=ORIENTED_EDGE('',*,*,#2657,.T.);
#4282=ORIENTED_EDGE('',*,*,#2660,.T.);
#4283=ORIENTED_EDGE('',*,*,#2662,.T.);
#4284=ORIENTED_EDGE('',*,*,#2652,.T.);
#4285=ORIENTED_EDGE('',*,*,#2648,.T.);
#4286=ORIENTED_EDGE('',*,*,#2665,.T.);
#4287=ORIENTED_EDGE('',*,*,#2675,.T.);
#4288=ORIENTED_EDGE('',*,*,#2678,.T.);
#4289=ORIENTED_EDGE('',*,*,#2680,.T.);
#4290=ORIENTED_EDGE('',*,*,#2670,.T.);
#4291=ORIENTED_EDGE('',*,*,#2666,.T.);
#4292=ORIENTED_EDGE('',*,*,#2683,.T.);
#4293=ORIENTED_EDGE('',*,*,#2693,.T.);
#4294=ORIENTED_EDGE('',*,*,#2696,.T.);
#4295=ORIENTED_EDGE('',*,*,#2698,.T.);
#4296=ORIENTED_EDGE('',*,*,#2688,.T.);
#4297=ORIENTED_EDGE('',*,*,#2684,.T.);
#4298=ORIENTED_EDGE('',*,*,#2701,.T.);
#4299=ORIENTED_EDGE('',*,*,#2711,.T.);
#4300=ORIENTED_EDGE('',*,*,#2714,.T.);
#4301=ORIENTED_EDGE('',*,*,#2716,.T.);
#4302=ORIENTED_EDGE('',*,*,#2706,.T.);
#4303=ORIENTED_EDGE('',*,*,#2702,.T.);
#4304=ORIENTED_EDGE('',*,*,#2719,.T.);
#4305=ORIENTED_EDGE('',*,*,#2729,.T.);
#4306=ORIENTED_EDGE('',*,*,#2732,.T.);
#4307=ORIENTED_EDGE('',*,*,#2734,.T.);
#4308=ORIENTED_EDGE('',*,*,#2724,.T.);
#4309=ORIENTED_EDGE('',*,*,#2720,.T.);
#4310=ORIENTED_EDGE('',*,*,#2737,.T.);
#4311=ORIENTED_EDGE('',*,*,#2747,.T.);
#4312=ORIENTED_EDGE('',*,*,#2750,.T.);
#4313=ORIENTED_EDGE('',*,*,#2752,.T.);
#4314=ORIENTED_EDGE('',*,*,#2742,.T.);
#4315=ORIENTED_EDGE('',*,*,#2738,.T.);
#4316=ORIENTED_EDGE('',*,*,#2755,.T.);
#4317=ORIENTED_EDGE('',*,*,#2758,.T.);
#4318=ORIENTED_EDGE('',*,*,#2761,.T.);
#4319=ORIENTED_EDGE('',*,*,#2770,.T.);
#4320=ORIENTED_EDGE('',*,*,#2766,.T.);
#4321=CYLINDRICAL_SURFACE('',#4841,0.15);
#4322=CYLINDRICAL_SURFACE('',#4844,1.);
#4323=CYLINDRICAL_SURFACE('',#4847,0.15);
#4324=CYLINDRICAL_SURFACE('',#4850,1.);
#4325=CYLINDRICAL_SURFACE('',#4853,0.555);
#4326=CYLINDRICAL_SURFACE('',#4856,12.4784062019551);
#4327=CYLINDRICAL_SURFACE('',#4859,12.4784062019551);
#4328=CYLINDRICAL_SURFACE('',#4862,0.15);
#4329=CYLINDRICAL_SURFACE('',#4865,1.);
#4330=CYLINDRICAL_SURFACE('',#4868,0.15);
#4331=CYLINDRICAL_SURFACE('',#4871,1.);
#4332=CYLINDRICAL_SURFACE('',#4874,0.555);
#4333=CYLINDRICAL_SURFACE('',#4877,12.4784062019551);
#4334=CYLINDRICAL_SURFACE('',#4880,0.15);
#4335=CYLINDRICAL_SURFACE('',#4883,1.);
#4336=CYLINDRICAL_SURFACE('',#4886,0.15);
#4337=CYLINDRICAL_SURFACE('',#4889,1.);
#4338=CYLINDRICAL_SURFACE('',#4892,0.555);
#4339=CYLINDRICAL_SURFACE('',#4895,12.4784062019551);
#4340=CYLINDRICAL_SURFACE('',#4898,0.15);
#4341=CYLINDRICAL_SURFACE('',#4901,1.);
#4342=CYLINDRICAL_SURFACE('',#4904,0.15);
#4343=CYLINDRICAL_SURFACE('',#4907,1.);
#4344=CYLINDRICAL_SURFACE('',#4910,0.555);
#4345=CYLINDRICAL_SURFACE('',#4913,12.4784062019551);
#4346=CYLINDRICAL_SURFACE('',#4916,0.15);
#4347=CYLINDRICAL_SURFACE('',#4919,1.);
#4348=CYLINDRICAL_SURFACE('',#4922,0.15);
#4349=CYLINDRICAL_SURFACE('',#4925,1.);
#4350=CYLINDRICAL_SURFACE('',#4928,0.555);
#4351=CYLINDRICAL_SURFACE('',#4931,12.4784062019551);
#4352=CYLINDRICAL_SURFACE('',#4934,0.15);
#4353=CYLINDRICAL_SURFACE('',#4937,1.);
#4354=CYLINDRICAL_SURFACE('',#4940,0.15);
#4355=CYLINDRICAL_SURFACE('',#4943,1.);
#4356=CYLINDRICAL_SURFACE('',#4946,0.555);
#4357=CYLINDRICAL_SURFACE('',#4949,12.4784062019551);
#4358=CYLINDRICAL_SURFACE('',#4952,0.15);
#4359=CYLINDRICAL_SURFACE('',#4955,1.);
#4360=CYLINDRICAL_SURFACE('',#4958,0.15);
#4361=CYLINDRICAL_SURFACE('',#4961,1.);
#4362=CYLINDRICAL_SURFACE('',#4964,0.555);
#4363=CYLINDRICAL_SURFACE('',#4967,12.4784062019551);
#4364=CYLINDRICAL_SURFACE('',#4970,0.15);
#4365=CYLINDRICAL_SURFACE('',#4973,1.);
#4366=CYLINDRICAL_SURFACE('',#4976,0.15);
#4367=CYLINDRICAL_SURFACE('',#4979,1.);
#4368=CYLINDRICAL_SURFACE('',#4982,0.555);
#4369=CYLINDRICAL_SURFACE('',#4985,12.4784062019551);
#4370=CYLINDRICAL_SURFACE('',#4988,0.15);
#4371=CYLINDRICAL_SURFACE('',#4991,1.);
#4372=CYLINDRICAL_SURFACE('',#4994,0.15);
#4373=CYLINDRICAL_SURFACE('',#4997,1.);
#4374=CYLINDRICAL_SURFACE('',#5000,0.555);
#4375=CYLINDRICAL_SURFACE('',#5003,12.4784062019551);
#4376=CYLINDRICAL_SURFACE('',#5006,0.15);
#4377=CYLINDRICAL_SURFACE('',#5009,1.);
#4378=CYLINDRICAL_SURFACE('',#5012,0.15);
#4379=CYLINDRICAL_SURFACE('',#5015,1.);
#4380=CYLINDRICAL_SURFACE('',#5018,0.555);
#4381=CYLINDRICAL_SURFACE('',#5021,12.4784062019551);
#4382=CYLINDRICAL_SURFACE('',#5024,0.15);
#4383=CYLINDRICAL_SURFACE('',#5027,1.);
#4384=CYLINDRICAL_SURFACE('',#5030,0.15);
#4385=CYLINDRICAL_SURFACE('',#5033,1.);
#4386=CYLINDRICAL_SURFACE('',#5036,0.555);
#4387=CYLINDRICAL_SURFACE('',#5039,12.4784062019551);
#4388=CYLINDRICAL_SURFACE('',#5042,0.15);
#4389=CYLINDRICAL_SURFACE('',#5045,1.);
#4390=CYLINDRICAL_SURFACE('',#5048,0.15);
#4391=CYLINDRICAL_SURFACE('',#5051,1.);
#4392=CYLINDRICAL_SURFACE('',#5054,0.555);
#4393=CYLINDRICAL_SURFACE('',#5057,12.4784062019551);
#4394=CYLINDRICAL_SURFACE('',#5060,0.15);
#4395=CYLINDRICAL_SURFACE('',#5063,1.);
#4396=CYLINDRICAL_SURFACE('',#5066,0.15);
#4397=CYLINDRICAL_SURFACE('',#5069,1.);
#4398=CYLINDRICAL_SURFACE('',#5072,0.555);
#4399=CYLINDRICAL_SURFACE('',#5075,12.4784062019551);
#4400=CYLINDRICAL_SURFACE('',#5078,0.15);
#4401=CYLINDRICAL_SURFACE('',#5081,1.);
#4402=CYLINDRICAL_SURFACE('',#5084,0.15);
#4403=CYLINDRICAL_SURFACE('',#5087,1.);
#4404=CYLINDRICAL_SURFACE('',#5090,0.555);
#4405=CYLINDRICAL_SURFACE('',#5093,12.4784062019551);
#4406=CYLINDRICAL_SURFACE('',#5096,0.15);
#4407=CYLINDRICAL_SURFACE('',#5099,1.);
#4408=CYLINDRICAL_SURFACE('',#5102,0.15);
#4409=CYLINDRICAL_SURFACE('',#5105,1.);
#4410=CYLINDRICAL_SURFACE('',#5108,0.555);
#4411=CYLINDRICAL_SURFACE('',#5111,12.4784062019551);
#4412=CYLINDRICAL_SURFACE('',#5114,0.15);
#4413=CYLINDRICAL_SURFACE('',#5117,1.);
#4414=CYLINDRICAL_SURFACE('',#5120,0.15);
#4415=CYLINDRICAL_SURFACE('',#5123,1.);
#4416=CYLINDRICAL_SURFACE('',#5126,0.555);
#4417=CYLINDRICAL_SURFACE('',#5129,12.4784062019551);
#4418=CYLINDRICAL_SURFACE('',#5132,0.15);
#4419=CYLINDRICAL_SURFACE('',#5135,1.);
#4420=CYLINDRICAL_SURFACE('',#5138,0.15);
#4421=CYLINDRICAL_SURFACE('',#5141,1.);
#4422=CYLINDRICAL_SURFACE('',#5144,0.555);
#4423=CYLINDRICAL_SURFACE('',#5147,12.4784062019551);
#4424=CYLINDRICAL_SURFACE('',#5150,0.15);
#4425=CYLINDRICAL_SURFACE('',#5153,1.);
#4426=CYLINDRICAL_SURFACE('',#5156,0.15);
#4427=CYLINDRICAL_SURFACE('',#5159,1.);
#4428=CYLINDRICAL_SURFACE('',#5162,0.555);
#4429=CYLINDRICAL_SURFACE('',#5165,12.4784062019551);
#4430=CYLINDRICAL_SURFACE('',#5168,0.15);
#4431=CYLINDRICAL_SURFACE('',#5171,1.);
#4432=CYLINDRICAL_SURFACE('',#5174,0.15);
#4433=CYLINDRICAL_SURFACE('',#5177,1.);
#4434=CYLINDRICAL_SURFACE('',#5180,0.555);
#4435=CYLINDRICAL_SURFACE('',#5183,12.4784062019551);
#4436=CYLINDRICAL_SURFACE('',#5186,0.15);
#4437=CYLINDRICAL_SURFACE('',#5189,1.);
#4438=CYLINDRICAL_SURFACE('',#5192,0.15);
#4439=CYLINDRICAL_SURFACE('',#5195,1.);
#4440=CYLINDRICAL_SURFACE('',#5198,0.555);
#4441=CYLINDRICAL_SURFACE('',#5201,12.4784062019551);
#4442=CYLINDRICAL_SURFACE('',#5204,0.15);
#4443=CYLINDRICAL_SURFACE('',#5207,1.);
#4444=CYLINDRICAL_SURFACE('',#5210,0.15);
#4445=CYLINDRICAL_SURFACE('',#5213,1.);
#4446=CYLINDRICAL_SURFACE('',#5216,0.555);
#4447=CYLINDRICAL_SURFACE('',#5219,12.4784062019551);
#4448=CYLINDRICAL_SURFACE('',#5222,0.15);
#4449=CYLINDRICAL_SURFACE('',#5225,1.);
#4450=CYLINDRICAL_SURFACE('',#5228,0.15);
#4451=CYLINDRICAL_SURFACE('',#5231,1.);
#4452=CYLINDRICAL_SURFACE('',#5234,0.555);
#4453=CYLINDRICAL_SURFACE('',#5237,12.4784062019551);
#4454=CYLINDRICAL_SURFACE('',#5240,0.15);
#4455=CYLINDRICAL_SURFACE('',#5243,1.);
#4456=CYLINDRICAL_SURFACE('',#5246,0.15);
#4457=CYLINDRICAL_SURFACE('',#5249,1.);
#4458=CYLINDRICAL_SURFACE('',#5252,0.555);
#4459=CYLINDRICAL_SURFACE('',#5255,12.4784062019551);
#4460=CYLINDRICAL_SURFACE('',#5258,0.15);
#4461=CYLINDRICAL_SURFACE('',#5261,1.);
#4462=CYLINDRICAL_SURFACE('',#5264,0.15);
#4463=CYLINDRICAL_SURFACE('',#5267,1.);
#4464=CYLINDRICAL_SURFACE('',#5270,0.555);
#4465=CYLINDRICAL_SURFACE('',#5273,12.4784062019551);
#4466=CYLINDRICAL_SURFACE('',#5276,0.15);
#4467=CYLINDRICAL_SURFACE('',#5279,1.);
#4468=CYLINDRICAL_SURFACE('',#5282,0.15);
#4469=CYLINDRICAL_SURFACE('',#5285,1.);
#4470=CYLINDRICAL_SURFACE('',#5288,0.555);
#4471=CYLINDRICAL_SURFACE('',#5291,12.4784062019551);
#4472=CYLINDRICAL_SURFACE('',#5294,0.15);
#4473=CYLINDRICAL_SURFACE('',#5297,1.);
#4474=CYLINDRICAL_SURFACE('',#5300,0.15);
#4475=CYLINDRICAL_SURFACE('',#5303,1.);
#4476=CYLINDRICAL_SURFACE('',#5306,0.555);
#4477=CYLINDRICAL_SURFACE('',#5309,12.4784062019551);
#4478=CYLINDRICAL_SURFACE('',#5312,0.15);
#4479=CYLINDRICAL_SURFACE('',#5315,1.);
#4480=CYLINDRICAL_SURFACE('',#5318,0.15);
#4481=CYLINDRICAL_SURFACE('',#5321,1.);
#4482=CYLINDRICAL_SURFACE('',#5324,0.555);
#4483=CYLINDRICAL_SURFACE('',#5327,12.4784062019551);
#4484=CYLINDRICAL_SURFACE('',#5330,0.15);
#4485=CYLINDRICAL_SURFACE('',#5333,1.);
#4486=CYLINDRICAL_SURFACE('',#5336,0.15);
#4487=CYLINDRICAL_SURFACE('',#5339,1.);
#4488=CYLINDRICAL_SURFACE('',#5342,0.555);
#4489=CYLINDRICAL_SURFACE('',#5345,12.4784062019551);
#4490=CYLINDRICAL_SURFACE('',#5348,0.15);
#4491=CYLINDRICAL_SURFACE('',#5351,1.);
#4492=CYLINDRICAL_SURFACE('',#5354,0.15);
#4493=CYLINDRICAL_SURFACE('',#5357,1.);
#4494=CYLINDRICAL_SURFACE('',#5360,0.555);
#4495=CYLINDRICAL_SURFACE('',#5363,12.4784062019551);
#4496=CYLINDRICAL_SURFACE('',#5366,0.15);
#4497=CYLINDRICAL_SURFACE('',#5369,1.);
#4498=CYLINDRICAL_SURFACE('',#5372,0.15);
#4499=CYLINDRICAL_SURFACE('',#5375,1.);
#4500=CYLINDRICAL_SURFACE('',#5378,0.555);
#4501=CYLINDRICAL_SURFACE('',#5381,12.4784062019551);
#4502=CYLINDRICAL_SURFACE('',#5384,0.15);
#4503=CYLINDRICAL_SURFACE('',#5387,1.);
#4504=CYLINDRICAL_SURFACE('',#5390,0.15);
#4505=CYLINDRICAL_SURFACE('',#5393,1.);
#4506=CYLINDRICAL_SURFACE('',#5396,0.555);
#4507=CYLINDRICAL_SURFACE('',#5399,12.4784062019551);
#4508=CYLINDRICAL_SURFACE('',#5402,0.15);
#4509=CYLINDRICAL_SURFACE('',#5405,1.);
#4510=CYLINDRICAL_SURFACE('',#5408,0.15);
#4511=CYLINDRICAL_SURFACE('',#5411,1.);
#4512=CYLINDRICAL_SURFACE('',#5414,0.555);
#4513=CYLINDRICAL_SURFACE('',#5417,12.4784062019551);
#4514=CYLINDRICAL_SURFACE('',#5420,0.15);
#4515=CYLINDRICAL_SURFACE('',#5423,1.);
#4516=CYLINDRICAL_SURFACE('',#5426,0.15);
#4517=CYLINDRICAL_SURFACE('',#5429,1.);
#4518=CYLINDRICAL_SURFACE('',#5432,0.555);
#4519=CYLINDRICAL_SURFACE('',#5435,12.4784062019551);
#4520=CYLINDRICAL_SURFACE('',#5438,0.15);
#4521=CYLINDRICAL_SURFACE('',#5441,1.);
#4522=CYLINDRICAL_SURFACE('',#5444,0.15);
#4523=CYLINDRICAL_SURFACE('',#5447,1.);
#4524=CYLINDRICAL_SURFACE('',#5450,0.555);
#4525=CYLINDRICAL_SURFACE('',#5453,12.4784062019551);
#4526=CYLINDRICAL_SURFACE('',#5456,0.15);
#4527=CYLINDRICAL_SURFACE('',#5459,1.);
#4528=CYLINDRICAL_SURFACE('',#5462,0.15);
#4529=CYLINDRICAL_SURFACE('',#5465,1.);
#4530=CYLINDRICAL_SURFACE('',#5468,0.555);
#4531=CYLINDRICAL_SURFACE('',#5471,12.4784062019551);
#4532=CYLINDRICAL_SURFACE('',#5474,0.15);
#4533=CYLINDRICAL_SURFACE('',#5477,1.);
#4534=CYLINDRICAL_SURFACE('',#5480,0.15);
#4535=CYLINDRICAL_SURFACE('',#5483,1.);
#4536=CYLINDRICAL_SURFACE('',#5486,0.555);
#4537=CYLINDRICAL_SURFACE('',#5489,12.4784062019551);
#4538=CYLINDRICAL_SURFACE('',#5492,0.15);
#4539=CYLINDRICAL_SURFACE('',#5495,1.);
#4540=CYLINDRICAL_SURFACE('',#5498,0.15);
#4541=CYLINDRICAL_SURFACE('',#5501,1.);
#4542=CYLINDRICAL_SURFACE('',#5504,0.555);
#4543=CYLINDRICAL_SURFACE('',#5507,12.4784062019551);
#4544=CYLINDRICAL_SURFACE('',#5510,0.15);
#4545=CYLINDRICAL_SURFACE('',#5513,1.);
#4546=CYLINDRICAL_SURFACE('',#5516,0.15);
#4547=CYLINDRICAL_SURFACE('',#5519,1.);
#4548=CYLINDRICAL_SURFACE('',#5522,0.555);
#4549=CYLINDRICAL_SURFACE('',#5525,12.4784062019551);
#4550=CYLINDRICAL_SURFACE('',#5528,0.15);
#4551=CYLINDRICAL_SURFACE('',#5531,1.);
#4552=CYLINDRICAL_SURFACE('',#5534,0.15);
#4553=CYLINDRICAL_SURFACE('',#5537,1.);
#4554=CYLINDRICAL_SURFACE('',#5540,0.555);
#4555=CYLINDRICAL_SURFACE('',#5543,12.4784062019551);
#4556=CYLINDRICAL_SURFACE('',#5546,0.15);
#4557=CYLINDRICAL_SURFACE('',#5549,1.);
#4558=CYLINDRICAL_SURFACE('',#5552,0.15);
#4559=CYLINDRICAL_SURFACE('',#5555,1.);
#4560=CYLINDRICAL_SURFACE('',#5558,0.555);
#4561=CYLINDRICAL_SURFACE('',#5561,1.666);
#4562=CYLINDRICAL_SURFACE('',#5565,4.);
#4563=CYLINDRICAL_SURFACE('',#5567,1.666);
#4564=CYLINDRICAL_SURFACE('',#5573,8.);
#4565=CYLINDRICAL_SURFACE('',#5578,13.5);
#4566=CYLINDRICAL_SURFACE('',#5586,4.);
#4567=CYLINDRICAL_SURFACE('',#5589,13.5);
#4568=ADVANCED_FACE('',(#45),#4321,.T.);
#4569=ADVANCED_FACE('',(#46),#4322,.F.);
#4570=ADVANCED_FACE('',(#47),#4323,.T.);
#4571=ADVANCED_FACE('',(#48),#4324,.F.);
#4572=ADVANCED_FACE('',(#49),#4325,.F.);
#4573=ADVANCED_FACE('',(#50),#4326,.T.);
#4574=ADVANCED_FACE('',(#51),#4327,.T.);
#4575=ADVANCED_FACE('',(#52),#4328,.T.);
#4576=ADVANCED_FACE('',(#53),#4329,.F.);
#4577=ADVANCED_FACE('',(#54),#4330,.T.);
#4578=ADVANCED_FACE('',(#55),#4331,.F.);
#4579=ADVANCED_FACE('',(#56),#4332,.F.);
#4580=ADVANCED_FACE('',(#57),#4333,.T.);
#4581=ADVANCED_FACE('',(#58),#4334,.T.);
#4582=ADVANCED_FACE('',(#59),#4335,.F.);
#4583=ADVANCED_FACE('',(#60),#4336,.T.);
#4584=ADVANCED_FACE('',(#61),#4337,.F.);
#4585=ADVANCED_FACE('',(#62),#4338,.F.);
#4586=ADVANCED_FACE('',(#63),#4339,.T.);
#4587=ADVANCED_FACE('',(#64),#4340,.T.);
#4588=ADVANCED_FACE('',(#65),#4341,.F.);
#4589=ADVANCED_FACE('',(#66),#4342,.T.);
#4590=ADVANCED_FACE('',(#67),#4343,.F.);
#4591=ADVANCED_FACE('',(#68),#4344,.F.);
#4592=ADVANCED_FACE('',(#69),#4345,.T.);
#4593=ADVANCED_FACE('',(#70),#4346,.T.);
#4594=ADVANCED_FACE('',(#71),#4347,.F.);
#4595=ADVANCED_FACE('',(#72),#4348,.T.);
#4596=ADVANCED_FACE('',(#73),#4349,.F.);
#4597=ADVANCED_FACE('',(#74),#4350,.F.);
#4598=ADVANCED_FACE('',(#75),#4351,.T.);
#4599=ADVANCED_FACE('',(#76),#4352,.T.);
#4600=ADVANCED_FACE('',(#77),#4353,.F.);
#4601=ADVANCED_FACE('',(#78),#4354,.T.);
#4602=ADVANCED_FACE('',(#79),#4355,.F.);
#4603=ADVANCED_FACE('',(#80),#4356,.F.);
#4604=ADVANCED_FACE('',(#81),#4357,.T.);
#4605=ADVANCED_FACE('',(#82),#4358,.T.);
#4606=ADVANCED_FACE('',(#83),#4359,.F.);
#4607=ADVANCED_FACE('',(#84),#4360,.T.);
#4608=ADVANCED_FACE('',(#85),#4361,.F.);
#4609=ADVANCED_FACE('',(#86),#4362,.F.);
#4610=ADVANCED_FACE('',(#87),#4363,.T.);
#4611=ADVANCED_FACE('',(#88),#4364,.T.);
#4612=ADVANCED_FACE('',(#89),#4365,.F.);
#4613=ADVANCED_FACE('',(#90),#4366,.T.);
#4614=ADVANCED_FACE('',(#91),#4367,.F.);
#4615=ADVANCED_FACE('',(#92),#4368,.F.);
#4616=ADVANCED_FACE('',(#93),#4369,.T.);
#4617=ADVANCED_FACE('',(#94),#4370,.T.);
#4618=ADVANCED_FACE('',(#95),#4371,.F.);
#4619=ADVANCED_FACE('',(#96),#4372,.T.);
#4620=ADVANCED_FACE('',(#97),#4373,.F.);
#4621=ADVANCED_FACE('',(#98),#4374,.F.);
#4622=ADVANCED_FACE('',(#99),#4375,.T.);
#4623=ADVANCED_FACE('',(#100),#4376,.T.);
#4624=ADVANCED_FACE('',(#101),#4377,.F.);
#4625=ADVANCED_FACE('',(#102),#4378,.T.);
#4626=ADVANCED_FACE('',(#103),#4379,.F.);
#4627=ADVANCED_FACE('',(#104),#4380,.F.);
#4628=ADVANCED_FACE('',(#105),#4381,.T.);
#4629=ADVANCED_FACE('',(#106),#4382,.T.);
#4630=ADVANCED_FACE('',(#107),#4383,.F.);
#4631=ADVANCED_FACE('',(#108),#4384,.T.);
#4632=ADVANCED_FACE('',(#109),#4385,.F.);
#4633=ADVANCED_FACE('',(#110),#4386,.F.);
#4634=ADVANCED_FACE('',(#111),#4387,.T.);
#4635=ADVANCED_FACE('',(#112),#4388,.T.);
#4636=ADVANCED_FACE('',(#113),#4389,.F.);
#4637=ADVANCED_FACE('',(#114),#4390,.T.);
#4638=ADVANCED_FACE('',(#115),#4391,.F.);
#4639=ADVANCED_FACE('',(#116),#4392,.F.);
#4640=ADVANCED_FACE('',(#117),#4393,.T.);
#4641=ADVANCED_FACE('',(#118),#4394,.T.);
#4642=ADVANCED_FACE('',(#119),#4395,.F.);
#4643=ADVANCED_FACE('',(#120),#4396,.T.);
#4644=ADVANCED_FACE('',(#121),#4397,.F.);
#4645=ADVANCED_FACE('',(#122),#4398,.F.);
#4646=ADVANCED_FACE('',(#123),#4399,.T.);
#4647=ADVANCED_FACE('',(#124),#4400,.T.);
#4648=ADVANCED_FACE('',(#125),#4401,.F.);
#4649=ADVANCED_FACE('',(#126),#4402,.T.);
#4650=ADVANCED_FACE('',(#127),#4403,.F.);
#4651=ADVANCED_FACE('',(#128),#4404,.F.);
#4652=ADVANCED_FACE('',(#129),#4405,.T.);
#4653=ADVANCED_FACE('',(#130),#4406,.T.);
#4654=ADVANCED_FACE('',(#131),#4407,.F.);
#4655=ADVANCED_FACE('',(#132),#4408,.T.);
#4656=ADVANCED_FACE('',(#133),#4409,.F.);
#4657=ADVANCED_FACE('',(#134),#4410,.F.);
#4658=ADVANCED_FACE('',(#135),#4411,.T.);
#4659=ADVANCED_FACE('',(#136),#4412,.T.);
#4660=ADVANCED_FACE('',(#137),#4413,.F.);
#4661=ADVANCED_FACE('',(#138),#4414,.T.);
#4662=ADVANCED_FACE('',(#139),#4415,.F.);
#4663=ADVANCED_FACE('',(#140),#4416,.F.);
#4664=ADVANCED_FACE('',(#141),#4417,.T.);
#4665=ADVANCED_FACE('',(#142),#4418,.T.);
#4666=ADVANCED_FACE('',(#143),#4419,.F.);
#4667=ADVANCED_FACE('',(#144),#4420,.T.);
#4668=ADVANCED_FACE('',(#145),#4421,.F.);
#4669=ADVANCED_FACE('',(#146),#4422,.F.);
#4670=ADVANCED_FACE('',(#147),#4423,.T.);
#4671=ADVANCED_FACE('',(#148),#4424,.T.);
#4672=ADVANCED_FACE('',(#149),#4425,.F.);
#4673=ADVANCED_FACE('',(#150),#4426,.T.);
#4674=ADVANCED_FACE('',(#151),#4427,.F.);
#4675=ADVANCED_FACE('',(#152),#4428,.F.);
#4676=ADVANCED_FACE('',(#153),#4429,.T.);
#4677=ADVANCED_FACE('',(#154),#4430,.T.);
#4678=ADVANCED_FACE('',(#155),#4431,.F.);
#4679=ADVANCED_FACE('',(#156),#4432,.T.);
#4680=ADVANCED_FACE('',(#157),#4433,.F.);
#4681=ADVANCED_FACE('',(#158),#4434,.F.);
#4682=ADVANCED_FACE('',(#159),#4435,.T.);
#4683=ADVANCED_FACE('',(#160),#4436,.T.);
#4684=ADVANCED_FACE('',(#161),#4437,.F.);
#4685=ADVANCED_FACE('',(#162),#4438,.T.);
#4686=ADVANCED_FACE('',(#163),#4439,.F.);
#4687=ADVANCED_FACE('',(#164),#4440,.F.);
#4688=ADVANCED_FACE('',(#165),#4441,.T.);
#4689=ADVANCED_FACE('',(#166),#4442,.T.);
#4690=ADVANCED_FACE('',(#167),#4443,.F.);
#4691=ADVANCED_FACE('',(#168),#4444,.T.);
#4692=ADVANCED_FACE('',(#169),#4445,.F.);
#4693=ADVANCED_FACE('',(#170),#4446,.F.);
#4694=ADVANCED_FACE('',(#171),#4447,.T.);
#4695=ADVANCED_FACE('',(#172),#4448,.T.);
#4696=ADVANCED_FACE('',(#173),#4449,.F.);
#4697=ADVANCED_FACE('',(#174),#4450,.T.);
#4698=ADVANCED_FACE('',(#175),#4451,.F.);
#4699=ADVANCED_FACE('',(#176),#4452,.F.);
#4700=ADVANCED_FACE('',(#177),#4453,.T.);
#4701=ADVANCED_FACE('',(#178),#4454,.T.);
#4702=ADVANCED_FACE('',(#179),#4455,.F.);
#4703=ADVANCED_FACE('',(#180),#4456,.T.);
#4704=ADVANCED_FACE('',(#181),#4457,.F.);
#4705=ADVANCED_FACE('',(#182),#4458,.F.);
#4706=ADVANCED_FACE('',(#183),#4459,.T.);
#4707=ADVANCED_FACE('',(#184),#4460,.T.);
#4708=ADVANCED_FACE('',(#185),#4461,.F.);
#4709=ADVANCED_FACE('',(#186),#4462,.T.);
#4710=ADVANCED_FACE('',(#187),#4463,.F.);
#4711=ADVANCED_FACE('',(#188),#4464,.F.);
#4712=ADVANCED_FACE('',(#189),#4465,.T.);
#4713=ADVANCED_FACE('',(#190),#4466,.T.);
#4714=ADVANCED_FACE('',(#191),#4467,.F.);
#4715=ADVANCED_FACE('',(#192),#4468,.T.);
#4716=ADVANCED_FACE('',(#193),#4469,.F.);
#4717=ADVANCED_FACE('',(#194),#4470,.F.);
#4718=ADVANCED_FACE('',(#195),#4471,.T.);
#4719=ADVANCED_FACE('',(#196),#4472,.T.);
#4720=ADVANCED_FACE('',(#197),#4473,.F.);
#4721=ADVANCED_FACE('',(#198),#4474,.T.);
#4722=ADVANCED_FACE('',(#199),#4475,.F.);
#4723=ADVANCED_FACE('',(#200),#4476,.F.);
#4724=ADVANCED_FACE('',(#201),#4477,.T.);
#4725=ADVANCED_FACE('',(#202),#4478,.T.);
#4726=ADVANCED_FACE('',(#203),#4479,.F.);
#4727=ADVANCED_FACE('',(#204),#4480,.T.);
#4728=ADVANCED_FACE('',(#205),#4481,.F.);
#4729=ADVANCED_FACE('',(#206),#4482,.F.);
#4730=ADVANCED_FACE('',(#207),#4483,.T.);
#4731=ADVANCED_FACE('',(#208),#4484,.T.);
#4732=ADVANCED_FACE('',(#209),#4485,.F.);
#4733=ADVANCED_FACE('',(#210),#4486,.T.);
#4734=ADVANCED_FACE('',(#211),#4487,.F.);
#4735=ADVANCED_FACE('',(#212),#4488,.F.);
#4736=ADVANCED_FACE('',(#213),#4489,.T.);
#4737=ADVANCED_FACE('',(#214),#4490,.T.);
#4738=ADVANCED_FACE('',(#215),#4491,.F.);
#4739=ADVANCED_FACE('',(#216),#4492,.T.);
#4740=ADVANCED_FACE('',(#217),#4493,.F.);
#4741=ADVANCED_FACE('',(#218),#4494,.F.);
#4742=ADVANCED_FACE('',(#219),#4495,.T.);
#4743=ADVANCED_FACE('',(#220),#4496,.T.);
#4744=ADVANCED_FACE('',(#221),#4497,.F.);
#4745=ADVANCED_FACE('',(#222),#4498,.T.);
#4746=ADVANCED_FACE('',(#223),#4499,.F.);
#4747=ADVANCED_FACE('',(#224),#4500,.F.);
#4748=ADVANCED_FACE('',(#225),#4501,.T.);
#4749=ADVANCED_FACE('',(#226),#4502,.T.);
#4750=ADVANCED_FACE('',(#227),#4503,.F.);
#4751=ADVANCED_FACE('',(#228),#4504,.T.);
#4752=ADVANCED_FACE('',(#229),#4505,.F.);
#4753=ADVANCED_FACE('',(#230),#4506,.F.);
#4754=ADVANCED_FACE('',(#231),#4507,.T.);
#4755=ADVANCED_FACE('',(#232),#4508,.T.);
#4756=ADVANCED_FACE('',(#233),#4509,.F.);
#4757=ADVANCED_FACE('',(#234),#4510,.T.);
#4758=ADVANCED_FACE('',(#235),#4511,.F.);
#4759=ADVANCED_FACE('',(#236),#4512,.F.);
#4760=ADVANCED_FACE('',(#237),#4513,.T.);
#4761=ADVANCED_FACE('',(#238),#4514,.T.);
#4762=ADVANCED_FACE('',(#239),#4515,.F.);
#4763=ADVANCED_FACE('',(#240),#4516,.T.);
#4764=ADVANCED_FACE('',(#241),#4517,.F.);
#4765=ADVANCED_FACE('',(#242),#4518,.F.);
#4766=ADVANCED_FACE('',(#243),#4519,.T.);
#4767=ADVANCED_FACE('',(#244),#4520,.T.);
#4768=ADVANCED_FACE('',(#245),#4521,.F.);
#4769=ADVANCED_FACE('',(#246),#4522,.T.);
#4770=ADVANCED_FACE('',(#247),#4523,.F.);
#4771=ADVANCED_FACE('',(#248),#4524,.F.);
#4772=ADVANCED_FACE('',(#249),#4525,.T.);
#4773=ADVANCED_FACE('',(#250),#4526,.T.);
#4774=ADVANCED_FACE('',(#251),#4527,.F.);
#4775=ADVANCED_FACE('',(#252),#4528,.T.);
#4776=ADVANCED_FACE('',(#253),#4529,.F.);
#4777=ADVANCED_FACE('',(#254),#4530,.F.);
#4778=ADVANCED_FACE('',(#255),#4531,.T.);
#4779=ADVANCED_FACE('',(#256),#4532,.T.);
#4780=ADVANCED_FACE('',(#257),#4533,.F.);
#4781=ADVANCED_FACE('',(#258),#4534,.T.);
#4782=ADVANCED_FACE('',(#259),#4535,.F.);
#4783=ADVANCED_FACE('',(#260),#4536,.F.);
#4784=ADVANCED_FACE('',(#261),#4537,.T.);
#4785=ADVANCED_FACE('',(#262),#4538,.T.);
#4786=ADVANCED_FACE('',(#263),#4539,.F.);
#4787=ADVANCED_FACE('',(#264),#4540,.T.);
#4788=ADVANCED_FACE('',(#265),#4541,.F.);
#4789=ADVANCED_FACE('',(#266),#4542,.F.);
#4790=ADVANCED_FACE('',(#267),#4543,.T.);
#4791=ADVANCED_FACE('',(#268),#4544,.T.);
#4792=ADVANCED_FACE('',(#269),#4545,.F.);
#4793=ADVANCED_FACE('',(#270),#4546,.T.);
#4794=ADVANCED_FACE('',(#271),#4547,.F.);
#4795=ADVANCED_FACE('',(#272),#4548,.F.);
#4796=ADVANCED_FACE('',(#273),#4549,.T.);
#4797=ADVANCED_FACE('',(#274),#4550,.T.);
#4798=ADVANCED_FACE('',(#275),#4551,.F.);
#4799=ADVANCED_FACE('',(#276),#4552,.T.);
#4800=ADVANCED_FACE('',(#277),#4553,.F.);
#4801=ADVANCED_FACE('',(#278),#4554,.F.);
#4802=ADVANCED_FACE('',(#279),#4555,.T.);
#4803=ADVANCED_FACE('',(#280),#4556,.T.);
#4804=ADVANCED_FACE('',(#281),#4557,.F.);
#4805=ADVANCED_FACE('',(#282),#4558,.T.);
#4806=ADVANCED_FACE('',(#283),#4559,.F.);
#4807=ADVANCED_FACE('',(#284),#4560,.F.);
#4808=ADVANCED_FACE('',(#285),#4561,.F.);
#4809=ADVANCED_FACE('',(#286),#36,.F.);
#4810=ADVANCED_FACE('',(#287,#26,#27),#4562,.F.);
#4811=ADVANCED_FACE('',(#288),#25,.T.);
#4812=ADVANCED_FACE('',(#289),#4563,.F.);
#4813=ADVANCED_FACE('',(#290),#37,.T.);
#4814=ADVANCED_FACE('',(#291,#28),#19,.T.);
#4815=ADVANCED_FACE('',(#292,#29,#30),#4564,.T.);
#4816=ADVANCED_FACE('',(#293),#38,.F.);
#4817=ADVANCED_FACE('',(#294,#31),#20,.T.);
#4818=ADVANCED_FACE('',(#295),#4565,.T.);
#4819=ADVANCED_FACE('',(#296,#32),#21,.T.);
#4820=ADVANCED_FACE('',(#297,#33),#22,.F.);
#4821=ADVANCED_FACE('',(#298),#39,.F.);
#4822=ADVANCED_FACE('',(#299),#4566,.F.);
#4823=ADVANCED_FACE('',(#300,#34),#23,.F.);
#4824=ADVANCED_FACE('',(#301),#4567,.T.);
#4825=ADVANCED_FACE('',(#302,#35),#24,.T.);
#4826=CLOSED_SHELL('',(#4568,#4569,#4570,#4571,#4572,#4573,#4574,#4575,
#4576,#4577,#4578,#4579,#4580,#4581,#4582,#4583,#4584,#4585,#4586,#4587,
#4588,#4589,#4590,#4591,#4592,#4593,#4594,#4595,#4596,#4597,#4598,#4599,
#4600,#4601,#4602,#4603,#4604,#4605,#4606,#4607,#4608,#4609,#4610,#4611,
#4612,#4613,#4614,#4615,#4616,#4617,#4618,#4619,#4620,#4621,#4622,#4623,
#4624,#4625,#4626,#4627,#4628,#4629,#4630,#4631,#4632,#4633,#4634,#4635,
#4636,#4637,#4638,#4639,#4640,#4641,#4642,#4643,#4644,#4645,#4646,#4647,
#4648,#4649,#4650,#4651,#4652,#4653,#4654,#4655,#4656,#4657,#4658,#4659,
#4660,#4661,#4662,#4663,#4664,#4665,#4666,#4667,#4668,#4669,#4670,#4671,
#4672,#4673,#4674,#4675,#4676,#4677,#4678,#4679,#4680,#4681,#4682,#4683,
#4684,#4685,#4686,#4687,#4688,#4689,#4690,#4691,#4692,#4693,#4694,#4695,
#4696,#4697,#4698,#4699,#4700,#4701,#4702,#4703,#4704,#4705,#4706,#4707,
#4708,#4709,#4710,#4711,#4712,#4713,#4714,#4715,#4716,#4717,#4718,#4719,
#4720,#4721,#4722,#4723,#4724,#4725,#4726,#4727,#4728,#4729,#4730,#4731,
#4732,#4733,#4734,#4735,#4736,#4737,#4738,#4739,#4740,#4741,#4742,#4743,
#4744,#4745,#4746,#4747,#4748,#4749,#4750,#4751,#4752,#4753,#4754,#4755,
#4756,#4757,#4758,#4759,#4760,#4761,#4762,#4763,#4764,#4765,#4766,#4767,
#4768,#4769,#4770,#4771,#4772,#4773,#4774,#4775,#4776,#4777,#4778,#4779,
#4780,#4781,#4782,#4783,#4784,#4785,#4786,#4787,#4788,#4789,#4790,#4791,
#4792,#4793,#4794,#4795,#4796,#4797,#4798,#4799,#4800,#4801,#4802,#4803,
#4804,#4805,#4806,#4807,#4808,#4809,#4810,#4811,#4812,#4813,#4814,#4815,
#4816,#4817,#4818,#4819,#4820,#4821,#4822,#4823,#4824,#4825));
#4827=DERIVED_UNIT_ELEMENT(#4829,1.);
#4828=DERIVED_UNIT_ELEMENT(#9081,-3.);
#4829=(
MASS_UNIT()
NAMED_UNIT(*)
SI_UNIT(.KILO.,.GRAM.)
);
#4830=DERIVED_UNIT((#4827,#4828));
#4831=MEASURE_REPRESENTATION_ITEM('density measure',
POSITIVE_RATIO_MEASURE(7850.),#4830);
#4832=PROPERTY_DEFINITION_REPRESENTATION(#4837,#4834);
#4833=PROPERTY_DEFINITION_REPRESENTATION(#4838,#4835);
#4834=REPRESENTATION('material name',(#4836),#9078);
#4835=REPRESENTATION('density',(#4831),#9078);
#4836=DESCRIPTIVE_REPRESENTATION_ITEM('Steel','Steel');
#4837=PROPERTY_DEFINITION('material property','material name',#9093);
#4838=PROPERTY_DEFINITION('material property','density of part',#9093);
#4839=AXIS2_PLACEMENT_3D('',#7353,#5593,#5594);
#4840=AXIS2_PLACEMENT_3D('',#7354,#5595,#5596);
#4841=AXIS2_PLACEMENT_3D('',#7355,#5597,#5598);
#4842=AXIS2_PLACEMENT_3D('',#7358,#5599,#5600);
#4843=AXIS2_PLACEMENT_3D('',#7362,#5602,#5603);
#4844=AXIS2_PLACEMENT_3D('',#7364,#5605,#5606);
#4845=AXIS2_PLACEMENT_3D('',#7366,#5607,#5608);
#4846=AXIS2_PLACEMENT_3D('',#7369,#5610,#5611);
#4847=AXIS2_PLACEMENT_3D('',#7370,#5612,#5613);
#4848=AXIS2_PLACEMENT_3D('',#7373,#5614,#5615);
#4849=AXIS2_PLACEMENT_3D('',#7377,#5617,#5618);
#4850=AXIS2_PLACEMENT_3D('',#7379,#5620,#5621);
#4851=AXIS2_PLACEMENT_3D('',#7381,#5622,#5623);
#4852=AXIS2_PLACEMENT_3D('',#7384,#5625,#5626);
#4853=AXIS2_PLACEMENT_3D('',#7385,#5627,#5628);
#4854=AXIS2_PLACEMENT_3D('',#7386,#5629,#5630);
#4855=AXIS2_PLACEMENT_3D('',#7387,#5631,#5632);
#4856=AXIS2_PLACEMENT_3D('',#7388,#5633,#5634);
#4857=AXIS2_PLACEMENT_3D('',#7390,#5635,#5636);
#4858=AXIS2_PLACEMENT_3D('',#7393,#5638,#5639);
#4859=AXIS2_PLACEMENT_3D('',#7394,#5640,#5641);
#4860=AXIS2_PLACEMENT_3D('',#7396,#5642,#5643);
#4861=AXIS2_PLACEMENT_3D('',#7399,#5645,#5646);
#4862=AXIS2_PLACEMENT_3D('',#7400,#5647,#5648);
#4863=AXIS2_PLACEMENT_3D('',#7403,#5649,#5650);
#4864=AXIS2_PLACEMENT_3D('',#7407,#5652,#5653);
#4865=AXIS2_PLACEMENT_3D('',#7409,#5655,#5656);
#4866=AXIS2_PLACEMENT_3D('',#7411,#5657,#5658);
#4867=AXIS2_PLACEMENT_3D('',#7414,#5660,#5661);
#4868=AXIS2_PLACEMENT_3D('',#7415,#5662,#5663);
#4869=AXIS2_PLACEMENT_3D('',#7417,#5664,#5665);
#4870=AXIS2_PLACEMENT_3D('',#7420,#5667,#5668);
#4871=AXIS2_PLACEMENT_3D('',#7421,#5669,#5670);
#4872=AXIS2_PLACEMENT_3D('',#7423,#5671,#5672);
#4873=AXIS2_PLACEMENT_3D('',#7426,#5674,#5675);
#4874=AXIS2_PLACEMENT_3D('',#7427,#5676,#5677);
#4875=AXIS2_PLACEMENT_3D('',#7428,#5678,#5679);
#4876=AXIS2_PLACEMENT_3D('',#7429,#5680,#5681);
#4877=AXIS2_PLACEMENT_3D('',#7430,#5682,#5683);
#4878=AXIS2_PLACEMENT_3D('',#7432,#5684,#5685);
#4879=AXIS2_PLACEMENT_3D('',#7435,#5687,#5688);
#4880=AXIS2_PLACEMENT_3D('',#7436,#5689,#5690);
#4881=AXIS2_PLACEMENT_3D('',#7439,#5691,#5692);
#4882=AXIS2_PLACEMENT_3D('',#7443,#5694,#5695);
#4883=AXIS2_PLACEMENT_3D('',#7445,#5697,#5698);
#4884=AXIS2_PLACEMENT_3D('',#7447,#5699,#5700);
#4885=AXIS2_PLACEMENT_3D('',#7450,#5702,#5703);
#4886=AXIS2_PLACEMENT_3D('',#7451,#5704,#5705);
#4887=AXIS2_PLACEMENT_3D('',#7453,#5706,#5707);
#4888=AXIS2_PLACEMENT_3D('',#7456,#5709,#5710);
#4889=AXIS2_PLACEMENT_3D('',#7457,#5711,#5712);
#4890=AXIS2_PLACEMENT_3D('',#7459,#5713,#5714);
#4891=AXIS2_PLACEMENT_3D('',#7462,#5716,#5717);
#4892=AXIS2_PLACEMENT_3D('',#7463,#5718,#5719);
#4893=AXIS2_PLACEMENT_3D('',#7464,#5720,#5721);
#4894=AXIS2_PLACEMENT_3D('',#7465,#5722,#5723);
#4895=AXIS2_PLACEMENT_3D('',#7466,#5724,#5725);
#4896=AXIS2_PLACEMENT_3D('',#7468,#5726,#5727);
#4897=AXIS2_PLACEMENT_3D('',#7471,#5729,#5730);
#4898=AXIS2_PLACEMENT_3D('',#7472,#5731,#5732);
#4899=AXIS2_PLACEMENT_3D('',#7475,#5733,#5734);
#4900=AXIS2_PLACEMENT_3D('',#7479,#5736,#5737);
#4901=AXIS2_PLACEMENT_3D('',#7481,#5739,#5740);
#4902=AXIS2_PLACEMENT_3D('',#7483,#5741,#5742);
#4903=AXIS2_PLACEMENT_3D('',#7486,#5744,#5745);
#4904=AXIS2_PLACEMENT_3D('',#7487,#5746,#5747);
#4905=AXIS2_PLACEMENT_3D('',#7489,#5748,#5749);
#4906=AXIS2_PLACEMENT_3D('',#7492,#5751,#5752);
#4907=AXIS2_PLACEMENT_3D('',#7493,#5753,#5754);
#4908=AXIS2_PLACEMENT_3D('',#7495,#5755,#5756);
#4909=AXIS2_PLACEMENT_3D('',#7498,#5758,#5759);
#4910=AXIS2_PLACEMENT_3D('',#7499,#5760,#5761);
#4911=AXIS2_PLACEMENT_3D('',#7500,#5762,#5763);
#4912=AXIS2_PLACEMENT_3D('',#7501,#5764,#5765);
#4913=AXIS2_PLACEMENT_3D('',#7502,#5766,#5767);
#4914=AXIS2_PLACEMENT_3D('',#7504,#5768,#5769);
#4915=AXIS2_PLACEMENT_3D('',#7507,#5771,#5772);
#4916=AXIS2_PLACEMENT_3D('',#7508,#5773,#5774);
#4917=AXIS2_PLACEMENT_3D('',#7511,#5775,#5776);
#4918=AXIS2_PLACEMENT_3D('',#7515,#5778,#5779);
#4919=AXIS2_PLACEMENT_3D('',#7517,#5781,#5782);
#4920=AXIS2_PLACEMENT_3D('',#7519,#5783,#5784);
#4921=AXIS2_PLACEMENT_3D('',#7522,#5786,#5787);
#4922=AXIS2_PLACEMENT_3D('',#7523,#5788,#5789);
#4923=AXIS2_PLACEMENT_3D('',#7525,#5790,#5791);
#4924=AXIS2_PLACEMENT_3D('',#7528,#5793,#5794);
#4925=AXIS2_PLACEMENT_3D('',#7529,#5795,#5796);
#4926=AXIS2_PLACEMENT_3D('',#7531,#5797,#5798);
#4927=AXIS2_PLACEMENT_3D('',#7534,#5800,#5801);
#4928=AXIS2_PLACEMENT_3D('',#7535,#5802,#5803);
#4929=AXIS2_PLACEMENT_3D('',#7536,#5804,#5805);
#4930=AXIS2_PLACEMENT_3D('',#7537,#5806,#5807);
#4931=AXIS2_PLACEMENT_3D('',#7538,#5808,#5809);
#4932=AXIS2_PLACEMENT_3D('',#7540,#5810,#5811);
#4933=AXIS2_PLACEMENT_3D('',#7543,#5813,#5814);
#4934=AXIS2_PLACEMENT_3D('',#7544,#5815,#5816);
#4935=AXIS2_PLACEMENT_3D('',#7547,#5817,#5818);
#4936=AXIS2_PLACEMENT_3D('',#7551,#5820,#5821);
#4937=AXIS2_PLACEMENT_3D('',#7553,#5823,#5824);
#4938=AXIS2_PLACEMENT_3D('',#7555,#5825,#5826);
#4939=AXIS2_PLACEMENT_3D('',#7558,#5828,#5829);
#4940=AXIS2_PLACEMENT_3D('',#7559,#5830,#5831);
#4941=AXIS2_PLACEMENT_3D('',#7561,#5832,#5833);
#4942=AXIS2_PLACEMENT_3D('',#7564,#5835,#5836);
#4943=AXIS2_PLACEMENT_3D('',#7565,#5837,#5838);
#4944=AXIS2_PLACEMENT_3D('',#7567,#5839,#5840);
#4945=AXIS2_PLACEMENT_3D('',#7570,#5842,#5843);
#4946=AXIS2_PLACEMENT_3D('',#7571,#5844,#5845);
#4947=AXIS2_PLACEMENT_3D('',#7572,#5846,#5847);
#4948=AXIS2_PLACEMENT_3D('',#7573,#5848,#5849);
#4949=AXIS2_PLACEMENT_3D('',#7574,#5850,#5851);
#4950=AXIS2_PLACEMENT_3D('',#7576,#5852,#5853);
#4951=AXIS2_PLACEMENT_3D('',#7579,#5855,#5856);
#4952=AXIS2_PLACEMENT_3D('',#7580,#5857,#5858);
#4953=AXIS2_PLACEMENT_3D('',#7583,#5859,#5860);
#4954=AXIS2_PLACEMENT_3D('',#7587,#5862,#5863);
#4955=AXIS2_PLACEMENT_3D('',#7589,#5865,#5866);
#4956=AXIS2_PLACEMENT_3D('',#7591,#5867,#5868);
#4957=AXIS2_PLACEMENT_3D('',#7594,#5870,#5871);
#4958=AXIS2_PLACEMENT_3D('',#7595,#5872,#5873);
#4959=AXIS2_PLACEMENT_3D('',#7597,#5874,#5875);
#4960=AXIS2_PLACEMENT_3D('',#7600,#5877,#5878);
#4961=AXIS2_PLACEMENT_3D('',#7601,#5879,#5880);
#4962=AXIS2_PLACEMENT_3D('',#7603,#5881,#5882);
#4963=AXIS2_PLACEMENT_3D('',#7606,#5884,#5885);
#4964=AXIS2_PLACEMENT_3D('',#7607,#5886,#5887);
#4965=AXIS2_PLACEMENT_3D('',#7608,#5888,#5889);
#4966=AXIS2_PLACEMENT_3D('',#7609,#5890,#5891);
#4967=AXIS2_PLACEMENT_3D('',#7610,#5892,#5893);
#4968=AXIS2_PLACEMENT_3D('',#7612,#5894,#5895);
#4969=AXIS2_PLACEMENT_3D('',#7615,#5897,#5898);
#4970=AXIS2_PLACEMENT_3D('',#7616,#5899,#5900);
#4971=AXIS2_PLACEMENT_3D('',#7619,#5901,#5902);
#4972=AXIS2_PLACEMENT_3D('',#7623,#5904,#5905);
#4973=AXIS2_PLACEMENT_3D('',#7625,#5907,#5908);
#4974=AXIS2_PLACEMENT_3D('',#7627,#5909,#5910);
#4975=AXIS2_PLACEMENT_3D('',#7630,#5912,#5913);
#4976=AXIS2_PLACEMENT_3D('',#7631,#5914,#5915);
#4977=AXIS2_PLACEMENT_3D('',#7633,#5916,#5917);
#4978=AXIS2_PLACEMENT_3D('',#7636,#5919,#5920);
#4979=AXIS2_PLACEMENT_3D('',#7637,#5921,#5922);
#4980=AXIS2_PLACEMENT_3D('',#7639,#5923,#5924);
#4981=AXIS2_PLACEMENT_3D('',#7642,#5926,#5927);
#4982=AXIS2_PLACEMENT_3D('',#7643,#5928,#5929);
#4983=AXIS2_PLACEMENT_3D('',#7644,#5930,#5931);
#4984=AXIS2_PLACEMENT_3D('',#7645,#5932,#5933);
#4985=AXIS2_PLACEMENT_3D('',#7646,#5934,#5935);
#4986=AXIS2_PLACEMENT_3D('',#7648,#5936,#5937);
#4987=AXIS2_PLACEMENT_3D('',#7651,#5939,#5940);
#4988=AXIS2_PLACEMENT_3D('',#7652,#5941,#5942);
#4989=AXIS2_PLACEMENT_3D('',#7655,#5943,#5944);
#4990=AXIS2_PLACEMENT_3D('',#7659,#5946,#5947);
#4991=AXIS2_PLACEMENT_3D('',#7661,#5949,#5950);
#4992=AXIS2_PLACEMENT_3D('',#7663,#5951,#5952);
#4993=AXIS2_PLACEMENT_3D('',#7666,#5954,#5955);
#4994=AXIS2_PLACEMENT_3D('',#7667,#5956,#5957);
#4995=AXIS2_PLACEMENT_3D('',#7669,#5958,#5959);
#4996=AXIS2_PLACEMENT_3D('',#7672,#5961,#5962);
#4997=AXIS2_PLACEMENT_3D('',#7673,#5963,#5964);
#4998=AXIS2_PLACEMENT_3D('',#7675,#5965,#5966);
#4999=AXIS2_PLACEMENT_3D('',#7678,#5968,#5969);
#5000=AXIS2_PLACEMENT_3D('',#7679,#5970,#5971);
#5001=AXIS2_PLACEMENT_3D('',#7680,#5972,#5973);
#5002=AXIS2_PLACEMENT_3D('',#7681,#5974,#5975);
#5003=AXIS2_PLACEMENT_3D('',#7682,#5976,#5977);
#5004=AXIS2_PLACEMENT_3D('',#7684,#5978,#5979);
#5005=AXIS2_PLACEMENT_3D('',#7687,#5981,#5982);
#5006=AXIS2_PLACEMENT_3D('',#7688,#5983,#5984);
#5007=AXIS2_PLACEMENT_3D('',#7691,#5985,#5986);
#5008=AXIS2_PLACEMENT_3D('',#7695,#5988,#5989);
#5009=AXIS2_PLACEMENT_3D('',#7697,#5991,#5992);
#5010=AXIS2_PLACEMENT_3D('',#7699,#5993,#5994);
#5011=AXIS2_PLACEMENT_3D('',#7702,#5996,#5997);
#5012=AXIS2_PLACEMENT_3D('',#7703,#5998,#5999);
#5013=AXIS2_PLACEMENT_3D('',#7705,#6000,#6001);
#5014=AXIS2_PLACEMENT_3D('',#7708,#6003,#6004);
#5015=AXIS2_PLACEMENT_3D('',#7709,#6005,#6006);
#5016=AXIS2_PLACEMENT_3D('',#7711,#6007,#6008);
#5017=AXIS2_PLACEMENT_3D('',#7714,#6010,#6011);
#5018=AXIS2_PLACEMENT_3D('',#7715,#6012,#6013);
#5019=AXIS2_PLACEMENT_3D('',#7716,#6014,#6015);
#5020=AXIS2_PLACEMENT_3D('',#7717,#6016,#6017);
#5021=AXIS2_PLACEMENT_3D('',#7718,#6018,#6019);
#5022=AXIS2_PLACEMENT_3D('',#7720,#6020,#6021);
#5023=AXIS2_PLACEMENT_3D('',#7723,#6023,#6024);
#5024=AXIS2_PLACEMENT_3D('',#7724,#6025,#6026);
#5025=AXIS2_PLACEMENT_3D('',#7727,#6027,#6028);
#5026=AXIS2_PLACEMENT_3D('',#7731,#6030,#6031);
#5027=AXIS2_PLACEMENT_3D('',#7733,#6033,#6034);
#5028=AXIS2_PLACEMENT_3D('',#7735,#6035,#6036);
#5029=AXIS2_PLACEMENT_3D('',#7738,#6038,#6039);
#5030=AXIS2_PLACEMENT_3D('',#7739,#6040,#6041);
#5031=AXIS2_PLACEMENT_3D('',#7741,#6042,#6043);
#5032=AXIS2_PLACEMENT_3D('',#7744,#6045,#6046);
#5033=AXIS2_PLACEMENT_3D('',#7745,#6047,#6048);
#5034=AXIS2_PLACEMENT_3D('',#7747,#6049,#6050);
#5035=AXIS2_PLACEMENT_3D('',#7750,#6052,#6053);
#5036=AXIS2_PLACEMENT_3D('',#7751,#6054,#6055);
#5037=AXIS2_PLACEMENT_3D('',#7752,#6056,#6057);
#5038=AXIS2_PLACEMENT_3D('',#7753,#6058,#6059);
#5039=AXIS2_PLACEMENT_3D('',#7754,#6060,#6061);
#5040=AXIS2_PLACEMENT_3D('',#7756,#6062,#6063);
#5041=AXIS2_PLACEMENT_3D('',#7759,#6065,#6066);
#5042=AXIS2_PLACEMENT_3D('',#7760,#6067,#6068);
#5043=AXIS2_PLACEMENT_3D('',#7763,#6069,#6070);
#5044=AXIS2_PLACEMENT_3D('',#7767,#6072,#6073);
#5045=AXIS2_PLACEMENT_3D('',#7769,#6075,#6076);
#5046=AXIS2_PLACEMENT_3D('',#7771,#6077,#6078);
#5047=AXIS2_PLACEMENT_3D('',#7774,#6080,#6081);
#5048=AXIS2_PLACEMENT_3D('',#7775,#6082,#6083);
#5049=AXIS2_PLACEMENT_3D('',#7777,#6084,#6085);
#5050=AXIS2_PLACEMENT_3D('',#7780,#6087,#6088);
#5051=AXIS2_PLACEMENT_3D('',#7781,#6089,#6090);
#5052=AXIS2_PLACEMENT_3D('',#7783,#6091,#6092);
#5053=AXIS2_PLACEMENT_3D('',#7786,#6094,#6095);
#5054=AXIS2_PLACEMENT_3D('',#7787,#6096,#6097);
#5055=AXIS2_PLACEMENT_3D('',#7788,#6098,#6099);
#5056=AXIS2_PLACEMENT_3D('',#7789,#6100,#6101);
#5057=AXIS2_PLACEMENT_3D('',#7790,#6102,#6103);
#5058=AXIS2_PLACEMENT_3D('',#7792,#6104,#6105);
#5059=AXIS2_PLACEMENT_3D('',#7795,#6107,#6108);
#5060=AXIS2_PLACEMENT_3D('',#7796,#6109,#6110);
#5061=AXIS2_PLACEMENT_3D('',#7799,#6111,#6112);
#5062=AXIS2_PLACEMENT_3D('',#7803,#6114,#6115);
#5063=AXIS2_PLACEMENT_3D('',#7805,#6117,#6118);
#5064=AXIS2_PLACEMENT_3D('',#7807,#6119,#6120);
#5065=AXIS2_PLACEMENT_3D('',#7810,#6122,#6123);
#5066=AXIS2_PLACEMENT_3D('',#7811,#6124,#6125);
#5067=AXIS2_PLACEMENT_3D('',#7813,#6126,#6127);
#5068=AXIS2_PLACEMENT_3D('',#7816,#6129,#6130);
#5069=AXIS2_PLACEMENT_3D('',#7817,#6131,#6132);
#5070=AXIS2_PLACEMENT_3D('',#7819,#6133,#6134);
#5071=AXIS2_PLACEMENT_3D('',#7822,#6136,#6137);
#5072=AXIS2_PLACEMENT_3D('',#7823,#6138,#6139);
#5073=AXIS2_PLACEMENT_3D('',#7824,#6140,#6141);
#5074=AXIS2_PLACEMENT_3D('',#7825,#6142,#6143);
#5075=AXIS2_PLACEMENT_3D('',#7826,#6144,#6145);
#5076=AXIS2_PLACEMENT_3D('',#7828,#6146,#6147);
#5077=AXIS2_PLACEMENT_3D('',#7831,#6149,#6150);
#5078=AXIS2_PLACEMENT_3D('',#7832,#6151,#6152);
#5079=AXIS2_PLACEMENT_3D('',#7835,#6153,#6154);
#5080=AXIS2_PLACEMENT_3D('',#7839,#6156,#6157);
#5081=AXIS2_PLACEMENT_3D('',#7841,#6159,#6160);
#5082=AXIS2_PLACEMENT_3D('',#7843,#6161,#6162);
#5083=AXIS2_PLACEMENT_3D('',#7846,#6164,#6165);
#5084=AXIS2_PLACEMENT_3D('',#7847,#6166,#6167);
#5085=AXIS2_PLACEMENT_3D('',#7849,#6168,#6169);
#5086=AXIS2_PLACEMENT_3D('',#7852,#6171,#6172);
#5087=AXIS2_PLACEMENT_3D('',#7853,#6173,#6174);
#5088=AXIS2_PLACEMENT_3D('',#7855,#6175,#6176);
#5089=AXIS2_PLACEMENT_3D('',#7858,#6178,#6179);
#5090=AXIS2_PLACEMENT_3D('',#7859,#6180,#6181);
#5091=AXIS2_PLACEMENT_3D('',#7860,#6182,#6183);
#5092=AXIS2_PLACEMENT_3D('',#7861,#6184,#6185);
#5093=AXIS2_PLACEMENT_3D('',#7862,#6186,#6187);
#5094=AXIS2_PLACEMENT_3D('',#7864,#6188,#6189);
#5095=AXIS2_PLACEMENT_3D('',#7867,#6191,#6192);
#5096=AXIS2_PLACEMENT_3D('',#7868,#6193,#6194);
#5097=AXIS2_PLACEMENT_3D('',#7871,#6195,#6196);
#5098=AXIS2_PLACEMENT_3D('',#7875,#6198,#6199);
#5099=AXIS2_PLACEMENT_3D('',#7877,#6201,#6202);
#5100=AXIS2_PLACEMENT_3D('',#7879,#6203,#6204);
#5101=AXIS2_PLACEMENT_3D('',#7882,#6206,#6207);
#5102=AXIS2_PLACEMENT_3D('',#7883,#6208,#6209);
#5103=AXIS2_PLACEMENT_3D('',#7885,#6210,#6211);
#5104=AXIS2_PLACEMENT_3D('',#7888,#6213,#6214);
#5105=AXIS2_PLACEMENT_3D('',#7889,#6215,#6216);
#5106=AXIS2_PLACEMENT_3D('',#7891,#6217,#6218);
#5107=AXIS2_PLACEMENT_3D('',#7894,#6220,#6221);
#5108=AXIS2_PLACEMENT_3D('',#7895,#6222,#6223);
#5109=AXIS2_PLACEMENT_3D('',#7896,#6224,#6225);
#5110=AXIS2_PLACEMENT_3D('',#7897,#6226,#6227);
#5111=AXIS2_PLACEMENT_3D('',#7898,#6228,#6229);
#5112=AXIS2_PLACEMENT_3D('',#7900,#6230,#6231);
#5113=AXIS2_PLACEMENT_3D('',#7903,#6233,#6234);
#5114=AXIS2_PLACEMENT_3D('',#7904,#6235,#6236);
#5115=AXIS2_PLACEMENT_3D('',#7907,#6237,#6238);
#5116=AXIS2_PLACEMENT_3D('',#7911,#6240,#6241);
#5117=AXIS2_PLACEMENT_3D('',#7913,#6243,#6244);
#5118=AXIS2_PLACEMENT_3D('',#7915,#6245,#6246);
#5119=AXIS2_PLACEMENT_3D('',#7918,#6248,#6249);
#5120=AXIS2_PLACEMENT_3D('',#7919,#6250,#6251);
#5121=AXIS2_PLACEMENT_3D('',#7921,#6252,#6253);
#5122=AXIS2_PLACEMENT_3D('',#7924,#6255,#6256);
#5123=AXIS2_PLACEMENT_3D('',#7925,#6257,#6258);
#5124=AXIS2_PLACEMENT_3D('',#7927,#6259,#6260);
#5125=AXIS2_PLACEMENT_3D('',#7930,#6262,#6263);
#5126=AXIS2_PLACEMENT_3D('',#7931,#6264,#6265);
#5127=AXIS2_PLACEMENT_3D('',#7932,#6266,#6267);
#5128=AXIS2_PLACEMENT_3D('',#7933,#6268,#6269);
#5129=AXIS2_PLACEMENT_3D('',#7934,#6270,#6271);
#5130=AXIS2_PLACEMENT_3D('',#7936,#6272,#6273);
#5131=AXIS2_PLACEMENT_3D('',#7939,#6275,#6276);
#5132=AXIS2_PLACEMENT_3D('',#7940,#6277,#6278);
#5133=AXIS2_PLACEMENT_3D('',#7943,#6279,#6280);
#5134=AXIS2_PLACEMENT_3D('',#7947,#6282,#6283);
#5135=AXIS2_PLACEMENT_3D('',#7949,#6285,#6286);
#5136=AXIS2_PLACEMENT_3D('',#7951,#6287,#6288);
#5137=AXIS2_PLACEMENT_3D('',#7954,#6290,#6291);
#5138=AXIS2_PLACEMENT_3D('',#7955,#6292,#6293);
#5139=AXIS2_PLACEMENT_3D('',#7957,#6294,#6295);
#5140=AXIS2_PLACEMENT_3D('',#7960,#6297,#6298);
#5141=AXIS2_PLACEMENT_3D('',#7961,#6299,#6300);
#5142=AXIS2_PLACEMENT_3D('',#7963,#6301,#6302);
#5143=AXIS2_PLACEMENT_3D('',#7966,#6304,#6305);
#5144=AXIS2_PLACEMENT_3D('',#7967,#6306,#6307);
#5145=AXIS2_PLACEMENT_3D('',#7968,#6308,#6309);
#5146=AXIS2_PLACEMENT_3D('',#7969,#6310,#6311);
#5147=AXIS2_PLACEMENT_3D('',#7970,#6312,#6313);
#5148=AXIS2_PLACEMENT_3D('',#7972,#6314,#6315);
#5149=AXIS2_PLACEMENT_3D('',#7975,#6317,#6318);
#5150=AXIS2_PLACEMENT_3D('',#7976,#6319,#6320);
#5151=AXIS2_PLACEMENT_3D('',#7979,#6321,#6322);
#5152=AXIS2_PLACEMENT_3D('',#7983,#6324,#6325);
#5153=AXIS2_PLACEMENT_3D('',#7985,#6327,#6328);
#5154=AXIS2_PLACEMENT_3D('',#7987,#6329,#6330);
#5155=AXIS2_PLACEMENT_3D('',#7990,#6332,#6333);
#5156=AXIS2_PLACEMENT_3D('',#7991,#6334,#6335);
#5157=AXIS2_PLACEMENT_3D('',#7993,#6336,#6337);
#5158=AXIS2_PLACEMENT_3D('',#7996,#6339,#6340);
#5159=AXIS2_PLACEMENT_3D('',#7997,#6341,#6342);
#5160=AXIS2_PLACEMENT_3D('',#7999,#6343,#6344);
#5161=AXIS2_PLACEMENT_3D('',#8002,#6346,#6347);
#5162=AXIS2_PLACEMENT_3D('',#8003,#6348,#6349);
#5163=AXIS2_PLACEMENT_3D('',#8004,#6350,#6351);
#5164=AXIS2_PLACEMENT_3D('',#8005,#6352,#6353);
#5165=AXIS2_PLACEMENT_3D('',#8006,#6354,#6355);
#5166=AXIS2_PLACEMENT_3D('',#8008,#6356,#6357);
#5167=AXIS2_PLACEMENT_3D('',#8011,#6359,#6360);
#5168=AXIS2_PLACEMENT_3D('',#8012,#6361,#6362);
#5169=AXIS2_PLACEMENT_3D('',#8015,#6363,#6364);
#5170=AXIS2_PLACEMENT_3D('',#8019,#6366,#6367);
#5171=AXIS2_PLACEMENT_3D('',#8021,#6369,#6370);
#5172=AXIS2_PLACEMENT_3D('',#8023,#6371,#6372);
#5173=AXIS2_PLACEMENT_3D('',#8026,#6374,#6375);
#5174=AXIS2_PLACEMENT_3D('',#8027,#6376,#6377);
#5175=AXIS2_PLACEMENT_3D('',#8029,#6378,#6379);
#5176=AXIS2_PLACEMENT_3D('',#8032,#6381,#6382);
#5177=AXIS2_PLACEMENT_3D('',#8033,#6383,#6384);
#5178=AXIS2_PLACEMENT_3D('',#8035,#6385,#6386);
#5179=AXIS2_PLACEMENT_3D('',#8038,#6388,#6389);
#5180=AXIS2_PLACEMENT_3D('',#8039,#6390,#6391);
#5181=AXIS2_PLACEMENT_3D('',#8040,#6392,#6393);
#5182=AXIS2_PLACEMENT_3D('',#8041,#6394,#6395);
#5183=AXIS2_PLACEMENT_3D('',#8042,#6396,#6397);
#5184=AXIS2_PLACEMENT_3D('',#8044,#6398,#6399);
#5185=AXIS2_PLACEMENT_3D('',#8047,#6401,#6402);
#5186=AXIS2_PLACEMENT_3D('',#8048,#6403,#6404);
#5187=AXIS2_PLACEMENT_3D('',#8051,#6405,#6406);
#5188=AXIS2_PLACEMENT_3D('',#8055,#6408,#6409);
#5189=AXIS2_PLACEMENT_3D('',#8057,#6411,#6412);
#5190=AXIS2_PLACEMENT_3D('',#8059,#6413,#6414);
#5191=AXIS2_PLACEMENT_3D('',#8062,#6416,#6417);
#5192=AXIS2_PLACEMENT_3D('',#8063,#6418,#6419);
#5193=AXIS2_PLACEMENT_3D('',#8065,#6420,#6421);
#5194=AXIS2_PLACEMENT_3D('',#8068,#6423,#6424);
#5195=AXIS2_PLACEMENT_3D('',#8069,#6425,#6426);
#5196=AXIS2_PLACEMENT_3D('',#8071,#6427,#6428);
#5197=AXIS2_PLACEMENT_3D('',#8074,#6430,#6431);
#5198=AXIS2_PLACEMENT_3D('',#8075,#6432,#6433);
#5199=AXIS2_PLACEMENT_3D('',#8076,#6434,#6435);
#5200=AXIS2_PLACEMENT_3D('',#8077,#6436,#6437);
#5201=AXIS2_PLACEMENT_3D('',#8078,#6438,#6439);
#5202=AXIS2_PLACEMENT_3D('',#8080,#6440,#6441);
#5203=AXIS2_PLACEMENT_3D('',#8083,#6443,#6444);
#5204=AXIS2_PLACEMENT_3D('',#8084,#6445,#6446);
#5205=AXIS2_PLACEMENT_3D('',#8087,#6447,#6448);
#5206=AXIS2_PLACEMENT_3D('',#8091,#6450,#6451);
#5207=AXIS2_PLACEMENT_3D('',#8093,#6453,#6454);
#5208=AXIS2_PLACEMENT_3D('',#8095,#6455,#6456);
#5209=AXIS2_PLACEMENT_3D('',#8098,#6458,#6459);
#5210=AXIS2_PLACEMENT_3D('',#8099,#6460,#6461);
#5211=AXIS2_PLACEMENT_3D('',#8101,#6462,#6463);
#5212=AXIS2_PLACEMENT_3D('',#8104,#6465,#6466);
#5213=AXIS2_PLACEMENT_3D('',#8105,#6467,#6468);
#5214=AXIS2_PLACEMENT_3D('',#8107,#6469,#6470);
#5215=AXIS2_PLACEMENT_3D('',#8110,#6472,#6473);
#5216=AXIS2_PLACEMENT_3D('',#8111,#6474,#6475);
#5217=AXIS2_PLACEMENT_3D('',#8112,#6476,#6477);
#5218=AXIS2_PLACEMENT_3D('',#8113,#6478,#6479);
#5219=AXIS2_PLACEMENT_3D('',#8114,#6480,#6481);
#5220=AXIS2_PLACEMENT_3D('',#8116,#6482,#6483);
#5221=AXIS2_PLACEMENT_3D('',#8119,#6485,#6486);
#5222=AXIS2_PLACEMENT_3D('',#8120,#6487,#6488);
#5223=AXIS2_PLACEMENT_3D('',#8123,#6489,#6490);
#5224=AXIS2_PLACEMENT_3D('',#8127,#6492,#6493);
#5225=AXIS2_PLACEMENT_3D('',#8129,#6495,#6496);
#5226=AXIS2_PLACEMENT_3D('',#8131,#6497,#6498);
#5227=AXIS2_PLACEMENT_3D('',#8134,#6500,#6501);
#5228=AXIS2_PLACEMENT_3D('',#8135,#6502,#6503);
#5229=AXIS2_PLACEMENT_3D('',#8137,#6504,#6505);
#5230=AXIS2_PLACEMENT_3D('',#8140,#6507,#6508);
#5231=AXIS2_PLACEMENT_3D('',#8141,#6509,#6510);
#5232=AXIS2_PLACEMENT_3D('',#8143,#6511,#6512);
#5233=AXIS2_PLACEMENT_3D('',#8146,#6514,#6515);
#5234=AXIS2_PLACEMENT_3D('',#8147,#6516,#6517);
#5235=AXIS2_PLACEMENT_3D('',#8148,#6518,#6519);
#5236=AXIS2_PLACEMENT_3D('',#8149,#6520,#6521);
#5237=AXIS2_PLACEMENT_3D('',#8150,#6522,#6523);
#5238=AXIS2_PLACEMENT_3D('',#8152,#6524,#6525);
#5239=AXIS2_PLACEMENT_3D('',#8155,#6527,#6528);
#5240=AXIS2_PLACEMENT_3D('',#8156,#6529,#6530);
#5241=AXIS2_PLACEMENT_3D('',#8159,#6531,#6532);
#5242=AXIS2_PLACEMENT_3D('',#8163,#6534,#6535);
#5243=AXIS2_PLACEMENT_3D('',#8165,#6537,#6538);
#5244=AXIS2_PLACEMENT_3D('',#8167,#6539,#6540);
#5245=AXIS2_PLACEMENT_3D('',#8170,#6542,#6543);
#5246=AXIS2_PLACEMENT_3D('',#8171,#6544,#6545);
#5247=AXIS2_PLACEMENT_3D('',#8173,#6546,#6547);
#5248=AXIS2_PLACEMENT_3D('',#8176,#6549,#6550);
#5249=AXIS2_PLACEMENT_3D('',#8177,#6551,#6552);
#5250=AXIS2_PLACEMENT_3D('',#8179,#6553,#6554);
#5251=AXIS2_PLACEMENT_3D('',#8182,#6556,#6557);
#5252=AXIS2_PLACEMENT_3D('',#8183,#6558,#6559);
#5253=AXIS2_PLACEMENT_3D('',#8184,#6560,#6561);
#5254=AXIS2_PLACEMENT_3D('',#8185,#6562,#6563);
#5255=AXIS2_PLACEMENT_3D('',#8186,#6564,#6565);
#5256=AXIS2_PLACEMENT_3D('',#8188,#6566,#6567);
#5257=AXIS2_PLACEMENT_3D('',#8191,#6569,#6570);
#5258=AXIS2_PLACEMENT_3D('',#8192,#6571,#6572);
#5259=AXIS2_PLACEMENT_3D('',#8195,#6573,#6574);
#5260=AXIS2_PLACEMENT_3D('',#8199,#6576,#6577);
#5261=AXIS2_PLACEMENT_3D('',#8201,#6579,#6580);
#5262=AXIS2_PLACEMENT_3D('',#8203,#6581,#6582);
#5263=AXIS2_PLACEMENT_3D('',#8206,#6584,#6585);
#5264=AXIS2_PLACEMENT_3D('',#8207,#6586,#6587);
#5265=AXIS2_PLACEMENT_3D('',#8209,#6588,#6589);
#5266=AXIS2_PLACEMENT_3D('',#8212,#6591,#6592);
#5267=AXIS2_PLACEMENT_3D('',#8213,#6593,#6594);
#5268=AXIS2_PLACEMENT_3D('',#8215,#6595,#6596);
#5269=AXIS2_PLACEMENT_3D('',#8218,#6598,#6599);
#5270=AXIS2_PLACEMENT_3D('',#8219,#6600,#6601);
#5271=AXIS2_PLACEMENT_3D('',#8220,#6602,#6603);
#5272=AXIS2_PLACEMENT_3D('',#8221,#6604,#6605);
#5273=AXIS2_PLACEMENT_3D('',#8222,#6606,#6607);
#5274=AXIS2_PLACEMENT_3D('',#8224,#6608,#6609);
#5275=AXIS2_PLACEMENT_3D('',#8227,#6611,#6612);
#5276=AXIS2_PLACEMENT_3D('',#8228,#6613,#6614);
#5277=AXIS2_PLACEMENT_3D('',#8231,#6615,#6616);
#5278=AXIS2_PLACEMENT_3D('',#8235,#6618,#6619);
#5279=AXIS2_PLACEMENT_3D('',#8237,#6621,#6622);
#5280=AXIS2_PLACEMENT_3D('',#8239,#6623,#6624);
#5281=AXIS2_PLACEMENT_3D('',#8242,#6626,#6627);
#5282=AXIS2_PLACEMENT_3D('',#8243,#6628,#6629);
#5283=AXIS2_PLACEMENT_3D('',#8245,#6630,#6631);
#5284=AXIS2_PLACEMENT_3D('',#8248,#6633,#6634);
#5285=AXIS2_PLACEMENT_3D('',#8249,#6635,#6636);
#5286=AXIS2_PLACEMENT_3D('',#8251,#6637,#6638);
#5287=AXIS2_PLACEMENT_3D('',#8254,#6640,#6641);
#5288=AXIS2_PLACEMENT_3D('',#8255,#6642,#6643);
#5289=AXIS2_PLACEMENT_3D('',#8256,#6644,#6645);
#5290=AXIS2_PLACEMENT_3D('',#8257,#6646,#6647);
#5291=AXIS2_PLACEMENT_3D('',#8258,#6648,#6649);
#5292=AXIS2_PLACEMENT_3D('',#8260,#6650,#6651);
#5293=AXIS2_PLACEMENT_3D('',#8263,#6653,#6654);
#5294=AXIS2_PLACEMENT_3D('',#8264,#6655,#6656);
#5295=AXIS2_PLACEMENT_3D('',#8267,#6657,#6658);
#5296=AXIS2_PLACEMENT_3D('',#8271,#6660,#6661);
#5297=AXIS2_PLACEMENT_3D('',#8273,#6663,#6664);
#5298=AXIS2_PLACEMENT_3D('',#8275,#6665,#6666);
#5299=AXIS2_PLACEMENT_3D('',#8278,#6668,#6669);
#5300=AXIS2_PLACEMENT_3D('',#8279,#6670,#6671);
#5301=AXIS2_PLACEMENT_3D('',#8281,#6672,#6673);
#5302=AXIS2_PLACEMENT_3D('',#8284,#6675,#6676);
#5303=AXIS2_PLACEMENT_3D('',#8285,#6677,#6678);
#5304=AXIS2_PLACEMENT_3D('',#8287,#6679,#6680);
#5305=AXIS2_PLACEMENT_3D('',#8290,#6682,#6683);
#5306=AXIS2_PLACEMENT_3D('',#8291,#6684,#6685);
#5307=AXIS2_PLACEMENT_3D('',#8292,#6686,#6687);
#5308=AXIS2_PLACEMENT_3D('',#8293,#6688,#6689);
#5309=AXIS2_PLACEMENT_3D('',#8294,#6690,#6691);
#5310=AXIS2_PLACEMENT_3D('',#8296,#6692,#6693);
#5311=AXIS2_PLACEMENT_3D('',#8299,#6695,#6696);
#5312=AXIS2_PLACEMENT_3D('',#8300,#6697,#6698);
#5313=AXIS2_PLACEMENT_3D('',#8303,#6699,#6700);
#5314=AXIS2_PLACEMENT_3D('',#8307,#6702,#6703);
#5315=AXIS2_PLACEMENT_3D('',#8309,#6705,#6706);
#5316=AXIS2_PLACEMENT_3D('',#8311,#6707,#6708);
#5317=AXIS2_PLACEMENT_3D('',#8314,#6710,#6711);
#5318=AXIS2_PLACEMENT_3D('',#8315,#6712,#6713);
#5319=AXIS2_PLACEMENT_3D('',#8317,#6714,#6715);
#5320=AXIS2_PLACEMENT_3D('',#8320,#6717,#6718);
#5321=AXIS2_PLACEMENT_3D('',#8321,#6719,#6720);
#5322=AXIS2_PLACEMENT_3D('',#8323,#6721,#6722);
#5323=AXIS2_PLACEMENT_3D('',#8326,#6724,#6725);
#5324=AXIS2_PLACEMENT_3D('',#8327,#6726,#6727);
#5325=AXIS2_PLACEMENT_3D('',#8328,#6728,#6729);
#5326=AXIS2_PLACEMENT_3D('',#8329,#6730,#6731);
#5327=AXIS2_PLACEMENT_3D('',#8330,#6732,#6733);
#5328=AXIS2_PLACEMENT_3D('',#8332,#6734,#6735);
#5329=AXIS2_PLACEMENT_3D('',#8335,#6737,#6738);
#5330=AXIS2_PLACEMENT_3D('',#8336,#6739,#6740);
#5331=AXIS2_PLACEMENT_3D('',#8339,#6741,#6742);
#5332=AXIS2_PLACEMENT_3D('',#8343,#6744,#6745);
#5333=AXIS2_PLACEMENT_3D('',#8345,#6747,#6748);
#5334=AXIS2_PLACEMENT_3D('',#8347,#6749,#6750);
#5335=AXIS2_PLACEMENT_3D('',#8350,#6752,#6753);
#5336=AXIS2_PLACEMENT_3D('',#8351,#6754,#6755);
#5337=AXIS2_PLACEMENT_3D('',#8353,#6756,#6757);
#5338=AXIS2_PLACEMENT_3D('',#8356,#6759,#6760);
#5339=AXIS2_PLACEMENT_3D('',#8357,#6761,#6762);
#5340=AXIS2_PLACEMENT_3D('',#8359,#6763,#6764);
#5341=AXIS2_PLACEMENT_3D('',#8362,#6766,#6767);
#5342=AXIS2_PLACEMENT_3D('',#8363,#6768,#6769);
#5343=AXIS2_PLACEMENT_3D('',#8364,#6770,#6771);
#5344=AXIS2_PLACEMENT_3D('',#8365,#6772,#6773);
#5345=AXIS2_PLACEMENT_3D('',#8366,#6774,#6775);
#5346=AXIS2_PLACEMENT_3D('',#8368,#6776,#6777);
#5347=AXIS2_PLACEMENT_3D('',#8371,#6779,#6780);
#5348=AXIS2_PLACEMENT_3D('',#8372,#6781,#6782);
#5349=AXIS2_PLACEMENT_3D('',#8375,#6783,#6784);
#5350=AXIS2_PLACEMENT_3D('',#8379,#6786,#6787);
#5351=AXIS2_PLACEMENT_3D('',#8381,#6789,#6790);
#5352=AXIS2_PLACEMENT_3D('',#8383,#6791,#6792);
#5353=AXIS2_PLACEMENT_3D('',#8386,#6794,#6795);
#5354=AXIS2_PLACEMENT_3D('',#8387,#6796,#6797);
#5355=AXIS2_PLACEMENT_3D('',#8389,#6798,#6799);
#5356=AXIS2_PLACEMENT_3D('',#8392,#6801,#6802);
#5357=AXIS2_PLACEMENT_3D('',#8393,#6803,#6804);
#5358=AXIS2_PLACEMENT_3D('',#8395,#6805,#6806);
#5359=AXIS2_PLACEMENT_3D('',#8398,#6808,#6809);
#5360=AXIS2_PLACEMENT_3D('',#8399,#6810,#6811);
#5361=AXIS2_PLACEMENT_3D('',#8400,#6812,#6813);
#5362=AXIS2_PLACEMENT_3D('',#8401,#6814,#6815);
#5363=AXIS2_PLACEMENT_3D('',#8402,#6816,#6817);
#5364=AXIS2_PLACEMENT_3D('',#8404,#6818,#6819);
#5365=AXIS2_PLACEMENT_3D('',#8407,#6821,#6822);
#5366=AXIS2_PLACEMENT_3D('',#8408,#6823,#6824);
#5367=AXIS2_PLACEMENT_3D('',#8411,#6825,#6826);
#5368=AXIS2_PLACEMENT_3D('',#8415,#6828,#6829);
#5369=AXIS2_PLACEMENT_3D('',#8417,#6831,#6832);
#5370=AXIS2_PLACEMENT_3D('',#8419,#6833,#6834);
#5371=AXIS2_PLACEMENT_3D('',#8422,#6836,#6837);
#5372=AXIS2_PLACEMENT_3D('',#8423,#6838,#6839);
#5373=AXIS2_PLACEMENT_3D('',#8425,#6840,#6841);
#5374=AXIS2_PLACEMENT_3D('',#8428,#6843,#6844);
#5375=AXIS2_PLACEMENT_3D('',#8429,#6845,#6846);
#5376=AXIS2_PLACEMENT_3D('',#8431,#6847,#6848);
#5377=AXIS2_PLACEMENT_3D('',#8434,#6850,#6851);
#5378=AXIS2_PLACEMENT_3D('',#8435,#6852,#6853);
#5379=AXIS2_PLACEMENT_3D('',#8436,#6854,#6855);
#5380=AXIS2_PLACEMENT_3D('',#8437,#6856,#6857);
#5381=AXIS2_PLACEMENT_3D('',#8438,#6858,#6859);
#5382=AXIS2_PLACEMENT_3D('',#8440,#6860,#6861);
#5383=AXIS2_PLACEMENT_3D('',#8443,#6863,#6864);
#5384=AXIS2_PLACEMENT_3D('',#8444,#6865,#6866);
#5385=AXIS2_PLACEMENT_3D('',#8447,#6867,#6868);
#5386=AXIS2_PLACEMENT_3D('',#8451,#6870,#6871);
#5387=AXIS2_PLACEMENT_3D('',#8453,#6873,#6874);
#5388=AXIS2_PLACEMENT_3D('',#8455,#6875,#6876);
#5389=AXIS2_PLACEMENT_3D('',#8458,#6878,#6879);
#5390=AXIS2_PLACEMENT_3D('',#8459,#6880,#6881);
#5391=AXIS2_PLACEMENT_3D('',#8461,#6882,#6883);
#5392=AXIS2_PLACEMENT_3D('',#8464,#6885,#6886);
#5393=AXIS2_PLACEMENT_3D('',#8465,#6887,#6888);
#5394=AXIS2_PLACEMENT_3D('',#8467,#6889,#6890);
#5395=AXIS2_PLACEMENT_3D('',#8470,#6892,#6893);
#5396=AXIS2_PLACEMENT_3D('',#8471,#6894,#6895);
#5397=AXIS2_PLACEMENT_3D('',#8472,#6896,#6897);
#5398=AXIS2_PLACEMENT_3D('',#8473,#6898,#6899);
#5399=AXIS2_PLACEMENT_3D('',#8474,#6900,#6901);
#5400=AXIS2_PLACEMENT_3D('',#8476,#6902,#6903);
#5401=AXIS2_PLACEMENT_3D('',#8479,#6905,#6906);
#5402=AXIS2_PLACEMENT_3D('',#8480,#6907,#6908);
#5403=AXIS2_PLACEMENT_3D('',#8483,#6909,#6910);
#5404=AXIS2_PLACEMENT_3D('',#8487,#6912,#6913);
#5405=AXIS2_PLACEMENT_3D('',#8489,#6915,#6916);
#5406=AXIS2_PLACEMENT_3D('',#8491,#6917,#6918);
#5407=AXIS2_PLACEMENT_3D('',#8494,#6920,#6921);
#5408=AXIS2_PLACEMENT_3D('',#8495,#6922,#6923);
#5409=AXIS2_PLACEMENT_3D('',#8497,#6924,#6925);
#5410=AXIS2_PLACEMENT_3D('',#8500,#6927,#6928);
#5411=AXIS2_PLACEMENT_3D('',#8501,#6929,#6930);
#5412=AXIS2_PLACEMENT_3D('',#8503,#6931,#6932);
#5413=AXIS2_PLACEMENT_3D('',#8506,#6934,#6935);
#5414=AXIS2_PLACEMENT_3D('',#8507,#6936,#6937);
#5415=AXIS2_PLACEMENT_3D('',#8508,#6938,#6939);
#5416=AXIS2_PLACEMENT_3D('',#8509,#6940,#6941);
#5417=AXIS2_PLACEMENT_3D('',#8510,#6942,#6943);
#5418=AXIS2_PLACEMENT_3D('',#8512,#6944,#6945);
#5419=AXIS2_PLACEMENT_3D('',#8515,#6947,#6948);
#5420=AXIS2_PLACEMENT_3D('',#8516,#6949,#6950);
#5421=AXIS2_PLACEMENT_3D('',#8519,#6951,#6952);
#5422=AXIS2_PLACEMENT_3D('',#8523,#6954,#6955);
#5423=AXIS2_PLACEMENT_3D('',#8525,#6957,#6958);
#5424=AXIS2_PLACEMENT_3D('',#8527,#6959,#6960);
#5425=AXIS2_PLACEMENT_3D('',#8530,#6962,#6963);
#5426=AXIS2_PLACEMENT_3D('',#8531,#6964,#6965);
#5427=AXIS2_PLACEMENT_3D('',#8533,#6966,#6967);
#5428=AXIS2_PLACEMENT_3D('',#8536,#6969,#6970);
#5429=AXIS2_PLACEMENT_3D('',#8537,#6971,#6972);
#5430=AXIS2_PLACEMENT_3D('',#8539,#6973,#6974);
#5431=AXIS2_PLACEMENT_3D('',#8542,#6976,#6977);
#5432=AXIS2_PLACEMENT_3D('',#8543,#6978,#6979);
#5433=AXIS2_PLACEMENT_3D('',#8544,#6980,#6981);
#5434=AXIS2_PLACEMENT_3D('',#8545,#6982,#6983);
#5435=AXIS2_PLACEMENT_3D('',#8546,#6984,#6985);
#5436=AXIS2_PLACEMENT_3D('',#8548,#6986,#6987);
#5437=AXIS2_PLACEMENT_3D('',#8551,#6989,#6990);
#5438=AXIS2_PLACEMENT_3D('',#8552,#6991,#6992);
#5439=AXIS2_PLACEMENT_3D('',#8555,#6993,#6994);
#5440=AXIS2_PLACEMENT_3D('',#8559,#6996,#6997);
#5441=AXIS2_PLACEMENT_3D('',#8561,#6999,#7000);
#5442=AXIS2_PLACEMENT_3D('',#8563,#7001,#7002);
#5443=AXIS2_PLACEMENT_3D('',#8566,#7004,#7005);
#5444=AXIS2_PLACEMENT_3D('',#8567,#7006,#7007);
#5445=AXIS2_PLACEMENT_3D('',#8569,#7008,#7009);
#5446=AXIS2_PLACEMENT_3D('',#8572,#7011,#7012);
#5447=AXIS2_PLACEMENT_3D('',#8573,#7013,#7014);
#5448=AXIS2_PLACEMENT_3D('',#8575,#7015,#7016);
#5449=AXIS2_PLACEMENT_3D('',#8578,#7018,#7019);
#5450=AXIS2_PLACEMENT_3D('',#8579,#7020,#7021);
#5451=AXIS2_PLACEMENT_3D('',#8580,#7022,#7023);
#5452=AXIS2_PLACEMENT_3D('',#8581,#7024,#7025);
#5453=AXIS2_PLACEMENT_3D('',#8582,#7026,#7027);
#5454=AXIS2_PLACEMENT_3D('',#8584,#7028,#7029);
#5455=AXIS2_PLACEMENT_3D('',#8587,#7031,#7032);
#5456=AXIS2_PLACEMENT_3D('',#8588,#7033,#7034);
#5457=AXIS2_PLACEMENT_3D('',#8591,#7035,#7036);
#5458=AXIS2_PLACEMENT_3D('',#8595,#7038,#7039);
#5459=AXIS2_PLACEMENT_3D('',#8597,#7041,#7042);
#5460=AXIS2_PLACEMENT_3D('',#8599,#7043,#7044);
#5461=AXIS2_PLACEMENT_3D('',#8602,#7046,#7047);
#5462=AXIS2_PLACEMENT_3D('',#8603,#7048,#7049);
#5463=AXIS2_PLACEMENT_3D('',#8605,#7050,#7051);
#5464=AXIS2_PLACEMENT_3D('',#8608,#7053,#7054);
#5465=AXIS2_PLACEMENT_3D('',#8609,#7055,#7056);
#5466=AXIS2_PLACEMENT_3D('',#8611,#7057,#7058);
#5467=AXIS2_PLACEMENT_3D('',#8614,#7060,#7061);
#5468=AXIS2_PLACEMENT_3D('',#8615,#7062,#7063);
#5469=AXIS2_PLACEMENT_3D('',#8616,#7064,#7065);
#5470=AXIS2_PLACEMENT_3D('',#8617,#7066,#7067);
#5471=AXIS2_PLACEMENT_3D('',#8618,#7068,#7069);
#5472=AXIS2_PLACEMENT_3D('',#8620,#7070,#7071);
#5473=AXIS2_PLACEMENT_3D('',#8623,#7073,#7074);
#5474=AXIS2_PLACEMENT_3D('',#8624,#7075,#7076);
#5475=AXIS2_PLACEMENT_3D('',#8627,#7077,#7078);
#5476=AXIS2_PLACEMENT_3D('',#8631,#7080,#7081);
#5477=AXIS2_PLACEMENT_3D('',#8633,#7083,#7084);
#5478=AXIS2_PLACEMENT_3D('',#8635,#7085,#7086);
#5479=AXIS2_PLACEMENT_3D('',#8638,#7088,#7089);
#5480=AXIS2_PLACEMENT_3D('',#8639,#7090,#7091);
#5481=AXIS2_PLACEMENT_3D('',#8641,#7092,#7093);
#5482=AXIS2_PLACEMENT_3D('',#8644,#7095,#7096);
#5483=AXIS2_PLACEMENT_3D('',#8645,#7097,#7098);
#5484=AXIS2_PLACEMENT_3D('',#8647,#7099,#7100);
#5485=AXIS2_PLACEMENT_3D('',#8650,#7102,#7103);
#5486=AXIS2_PLACEMENT_3D('',#8651,#7104,#7105);
#5487=AXIS2_PLACEMENT_3D('',#8652,#7106,#7107);
#5488=AXIS2_PLACEMENT_3D('',#8653,#7108,#7109);
#5489=AXIS2_PLACEMENT_3D('',#8654,#7110,#7111);
#5490=AXIS2_PLACEMENT_3D('',#8656,#7112,#7113);
#5491=AXIS2_PLACEMENT_3D('',#8659,#7115,#7116);
#5492=AXIS2_PLACEMENT_3D('',#8660,#7117,#7118);
#5493=AXIS2_PLACEMENT_3D('',#8663,#7119,#7120);
#5494=AXIS2_PLACEMENT_3D('',#8667,#7122,#7123);
#5495=AXIS2_PLACEMENT_3D('',#8669,#7125,#7126);
#5496=AXIS2_PLACEMENT_3D('',#8671,#7127,#7128);
#5497=AXIS2_PLACEMENT_3D('',#8674,#7130,#7131);
#5498=AXIS2_PLACEMENT_3D('',#8675,#7132,#7133);
#5499=AXIS2_PLACEMENT_3D('',#8677,#7134,#7135);
#5500=AXIS2_PLACEMENT_3D('',#8680,#7137,#7138);
#5501=AXIS2_PLACEMENT_3D('',#8681,#7139,#7140);
#5502=AXIS2_PLACEMENT_3D('',#8683,#7141,#7142);
#5503=AXIS2_PLACEMENT_3D('',#8686,#7144,#7145);
#5504=AXIS2_PLACEMENT_3D('',#8687,#7146,#7147);
#5505=AXIS2_PLACEMENT_3D('',#8688,#7148,#7149);
#5506=AXIS2_PLACEMENT_3D('',#8689,#7150,#7151);
#5507=AXIS2_PLACEMENT_3D('',#8690,#7152,#7153);
#5508=AXIS2_PLACEMENT_3D('',#8692,#7154,#7155);
#5509=AXIS2_PLACEMENT_3D('',#8695,#7157,#7158);
#5510=AXIS2_PLACEMENT_3D('',#8696,#7159,#7160);
#5511=AXIS2_PLACEMENT_3D('',#8699,#7161,#7162);
#5512=AXIS2_PLACEMENT_3D('',#8703,#7164,#7165);
#5513=AXIS2_PLACEMENT_3D('',#8705,#7167,#7168);
#5514=AXIS2_PLACEMENT_3D('',#8707,#7169,#7170);
#5515=AXIS2_PLACEMENT_3D('',#8710,#7172,#7173);
#5516=AXIS2_PLACEMENT_3D('',#8711,#7174,#7175);
#5517=AXIS2_PLACEMENT_3D('',#8713,#7176,#7177);
#5518=AXIS2_PLACEMENT_3D('',#8716,#7179,#7180);
#5519=AXIS2_PLACEMENT_3D('',#8717,#7181,#7182);
#5520=AXIS2_PLACEMENT_3D('',#8719,#7183,#7184);
#5521=AXIS2_PLACEMENT_3D('',#8722,#7186,#7187);
#5522=AXIS2_PLACEMENT_3D('',#8723,#7188,#7189);
#5523=AXIS2_PLACEMENT_3D('',#8724,#7190,#7191);
#5524=AXIS2_PLACEMENT_3D('',#8725,#7192,#7193);
#5525=AXIS2_PLACEMENT_3D('',#8726,#7194,#7195);
#5526=AXIS2_PLACEMENT_3D('',#8728,#7196,#7197);
#5527=AXIS2_PLACEMENT_3D('',#8731,#7199,#7200);
#5528=AXIS2_PLACEMENT_3D('',#8732,#7201,#7202);
#5529=AXIS2_PLACEMENT_3D('',#8734,#7203,#7204);
#5530=AXIS2_PLACEMENT_3D('',#8737,#7206,#7207);
#5531=AXIS2_PLACEMENT_3D('',#8738,#7208,#7209);
#5532=AXIS2_PLACEMENT_3D('',#8740,#7210,#7211);
#5533=AXIS2_PLACEMENT_3D('',#8743,#7213,#7214);
#5534=AXIS2_PLACEMENT_3D('',#8744,#7215,#7216);
#5535=AXIS2_PLACEMENT_3D('',#8747,#7217,#7218);
#5536=AXIS2_PLACEMENT_3D('',#8751,#7220,#7221);
#5537=AXIS2_PLACEMENT_3D('',#8753,#7223,#7224);
#5538=AXIS2_PLACEMENT_3D('',#8755,#7225,#7226);
#5539=AXIS2_PLACEMENT_3D('',#8758,#7228,#7229);
#5540=AXIS2_PLACEMENT_3D('',#8759,#7230,#7231);
#5541=AXIS2_PLACEMENT_3D('',#8760,#7232,#7233);
#5542=AXIS2_PLACEMENT_3D('',#8761,#7234,#7235);
#5543=AXIS2_PLACEMENT_3D('',#8762,#7236,#7237);
#5544=AXIS2_PLACEMENT_3D('',#8764,#7238,#7239);
#5545=AXIS2_PLACEMENT_3D('',#8767,#7241,#7242);
#5546=AXIS2_PLACEMENT_3D('',#8768,#7243,#7244);
#5547=AXIS2_PLACEMENT_3D('',#8770,#7245,#7246);
#5548=AXIS2_PLACEMENT_3D('',#8772,#7247,#7248);
#5549=AXIS2_PLACEMENT_3D('',#8774,#7250,#7251);
#5550=AXIS2_PLACEMENT_3D('',#8776,#7252,#7253);
#5551=AXIS2_PLACEMENT_3D('',#8779,#7255,#7256);
#5552=AXIS2_PLACEMENT_3D('',#8780,#7257,#7258);
#5553=AXIS2_PLACEMENT_3D('',#8782,#7259,#7260);
#5554=AXIS2_PLACEMENT_3D('',#8785,#7262,#7263);
#5555=AXIS2_PLACEMENT_3D('',#8786,#7264,#7265);
#5556=AXIS2_PLACEMENT_3D('',#8788,#7266,#7267);
#5557=AXIS2_PLACEMENT_3D('',#8791,#7269,#7270);
#5558=AXIS2_PLACEMENT_3D('',#8792,#7271,#7272);
#5559=AXIS2_PLACEMENT_3D('',#8793,#7273,#7274);
#5560=AXIS2_PLACEMENT_3D('',#8794,#7275,#7276);
#5561=AXIS2_PLACEMENT_3D('',#8795,#7277,#7278);
#5562=AXIS2_PLACEMENT_3D('',#8867,#7280,#7281);
#5563=AXIS2_PLACEMENT_3D('',#8869,#7282,#7283);
#5564=AXIS2_PLACEMENT_3D('',#8872,#7285,#7286);
#5565=AXIS2_PLACEMENT_3D('',#8873,#7287,#7288);
#5566=AXIS2_PLACEMENT_3D('',#8875,#7289,#7290);
#5567=AXIS2_PLACEMENT_3D('',#8994,#7293,#7294);
#5568=AXIS2_PLACEMENT_3D('',#9031,#7296,#7297);
#5569=AXIS2_PLACEMENT_3D('',#9033,#7298,#7299);
#5570=AXIS2_PLACEMENT_3D('',#9036,#7301,#7302);
#5571=AXIS2_PLACEMENT_3D('',#9037,#7303,#7304);
#5572=AXIS2_PLACEMENT_3D('',#9039,#7305,#7306);
#5573=AXIS2_PLACEMENT_3D('',#9040,#7307,#7308);
#5574=AXIS2_PLACEMENT_3D('',#9043,#7310,#7311);
#5575=AXIS2_PLACEMENT_3D('',#9044,#7312,#7313);
#5576=AXIS2_PLACEMENT_3D('',#9046,#7315,#7316);
#5577=AXIS2_PLACEMENT_3D('',#9048,#7317,#7318);
#5578=AXIS2_PLACEMENT_3D('',#9049,#7319,#7320);
#5579=AXIS2_PLACEMENT_3D('',#9052,#7322,#7323);
#5580=AXIS2_PLACEMENT_3D('',#9053,#7324,#7325);
#5581=AXIS2_PLACEMENT_3D('',#9055,#7326,#7327);
#5582=AXIS2_PLACEMENT_3D('',#9056,#7328,#7329);
#5583=AXIS2_PLACEMENT_3D('',#9057,#7330,#7331);
#5584=AXIS2_PLACEMENT_3D('',#9059,#7332,#7333);
#5585=AXIS2_PLACEMENT_3D('',#9062,#7335,#7336);
#5586=AXIS2_PLACEMENT_3D('',#9063,#7337,#7338);
#5587=AXIS2_PLACEMENT_3D('',#9065,#7340,#7341);
#5588=AXIS2_PLACEMENT_3D('',#9067,#7342,#7343);
#5589=AXIS2_PLACEMENT_3D('',#9068,#7344,#7345);
#5590=AXIS2_PLACEMENT_3D('',#9070,#7346,#7347);
#5591=AXIS2_PLACEMENT_3D('',#9072,#7349,#7350);
#5592=AXIS2_PLACEMENT_3D('',#9073,#7351,#7352);
#5593=DIRECTION('axis',(0.,0.,1.));
#5594=DIRECTION('refdir',(1.,0.,0.));
#5595=DIRECTION('axis',(0.,0.,1.));
#5596=DIRECTION('refdir',(1.,0.,0.));
#5597=DIRECTION('center_axis',(0.,0.,-1.));
#5598=DIRECTION('ref_axis',(-0.502359704548364,0.864658734557213,0.));
#5599=DIRECTION('center_axis',(0.,0.,-1.));
#5600=DIRECTION('ref_axis',(-0.502359704548364,0.864658734557213,0.));
#5601=DIRECTION('',(0.,0.,1.));
#5602=DIRECTION('center_axis',(0.,0.,1.));
#5603=DIRECTION('ref_axis',(-0.502359704548364,0.864658734557213,0.));
#5604=DIRECTION('',(0.,0.,-1.));
#5605=DIRECTION('center_axis',(0.,0.,1.));
#5606=DIRECTION('ref_axis',(0.987688340595138,-0.156434465040231,0.));
#5607=DIRECTION('center_axis',(0.,0.,1.));
#5608=DIRECTION('ref_axis',(0.987688340595138,-0.156434465040231,0.));
#5609=DIRECTION('',(0.,0.,1.));
#5610=DIRECTION('center_axis',(0.,0.,-1.));
#5611=DIRECTION('ref_axis',(0.987688340595138,-0.156434465040231,0.));
#5612=DIRECTION('center_axis',(0.,0.,1.));
#5613=DIRECTION('ref_axis',(0.744966713847729,0.667101637877555,0.));
#5614=DIRECTION('center_axis',(0.,0.,1.));
#5615=DIRECTION('ref_axis',(0.744966713847729,0.667101637877555,0.));
#5616=DIRECTION('',(0.,0.,-1.));
#5617=DIRECTION('center_axis',(0.,0.,-1.));
#5618=DIRECTION('ref_axis',(0.744966713847729,0.667101637877555,0.));
#5619=DIRECTION('',(0.,0.,1.));
#5620=DIRECTION('center_axis',(0.,0.,1.));
#5621=DIRECTION('ref_axis',(0.987688340595138,-0.156434465040231,0.));
#5622=DIRECTION('center_axis',(0.,0.,-1.));
#5623=DIRECTION('ref_axis',(0.987688340595138,-0.156434465040231,0.));
#5624=DIRECTION('',(0.,0.,-1.));
#5625=DIRECTION('center_axis',(0.,0.,1.));
#5626=DIRECTION('ref_axis',(0.987688340595138,-0.156434465040231,0.));
#5627=DIRECTION('center_axis',(0.,0.,1.));
#5628=DIRECTION('ref_axis',(0.987688340595138,-0.156434465040231,0.));
#5629=DIRECTION('center_axis',(0.,0.,-1.));
#5630=DIRECTION('ref_axis',(0.987688340595138,-0.156434465040231,0.));
#5631=DIRECTION('center_axis',(0.,0.,1.));
#5632=DIRECTION('ref_axis',(0.987688340595138,-0.156434465040231,0.));
#5633=DIRECTION('center_axis',(0.,0.,1.));
#5634=DIRECTION('ref_axis',(1.,0.,0.));
#5635=DIRECTION('center_axis',(0.,0.,-1.));
#5636=DIRECTION('ref_axis',(1.,0.,0.));
#5637=DIRECTION('',(0.,0.,-1.));
#5638=DIRECTION('center_axis',(0.,0.,1.));
#5639=DIRECTION('ref_axis',(1.,0.,0.));
#5640=DIRECTION('center_axis',(0.,0.,1.));
#5641=DIRECTION('ref_axis',(1.,0.,0.));
#5642=DIRECTION('center_axis',(0.,0.,1.));
#5643=DIRECTION('ref_axis',(1.,0.,0.));
#5644=DIRECTION('',(0.,0.,1.));
#5645=DIRECTION('center_axis',(0.,0.,-1.));
#5646=DIRECTION('ref_axis',(1.,0.,0.));
#5647=DIRECTION('center_axis',(0.,0.,-1.));
#5648=DIRECTION('ref_axis',(-0.360912396384406,0.932599722354701,0.));
#5649=DIRECTION('center_axis',(0.,0.,-1.));
#5650=DIRECTION('ref_axis',(-0.360912396384406,0.932599722354701,0.));
#5651=DIRECTION('',(0.,0.,1.));
#5652=DIRECTION('center_axis',(0.,0.,1.));
#5653=DIRECTION('ref_axis',(-0.360912396384406,0.932599722354701,0.));
#5654=DIRECTION('',(0.,0.,-1.));
#5655=DIRECTION('center_axis',(0.,0.,1.));
#5656=DIRECTION('ref_axis',(0.951056516295154,-0.309016994374948,0.));
#5657=DIRECTION('center_axis',(0.,0.,1.));
#5658=DIRECTION('ref_axis',(0.951056516295154,-0.309016994374948,0.));
#5659=DIRECTION('',(0.,0.,1.));
#5660=DIRECTION('center_axis',(0.,0.,-1.));
#5661=DIRECTION('ref_axis',(0.951056516295154,-0.309016994374948,0.));
#5662=DIRECTION('center_axis',(0.,0.,1.));
#5663=DIRECTION('ref_axis',(0.840152625247722,0.542350040370018,0.));
#5664=DIRECTION('center_axis',(0.,0.,1.));
#5665=DIRECTION('ref_axis',(0.840152625247722,0.542350040370018,0.));
#5666=DIRECTION('',(0.,0.,-1.));
#5667=DIRECTION('center_axis',(0.,0.,-1.));
#5668=DIRECTION('ref_axis',(0.840152625247722,0.542350040370018,0.));
#5669=DIRECTION('center_axis',(0.,0.,1.));
#5670=DIRECTION('ref_axis',(0.951056516295154,-0.309016994374948,0.));
#5671=DIRECTION('center_axis',(0.,0.,-1.));
#5672=DIRECTION('ref_axis',(0.951056516295154,-0.309016994374948,0.));
#5673=DIRECTION('',(0.,0.,-1.));
#5674=DIRECTION('center_axis',(0.,0.,1.));
#5675=DIRECTION('ref_axis',(0.951056516295154,-0.309016994374948,0.));
#5676=DIRECTION('center_axis',(0.,0.,1.));
#5677=DIRECTION('ref_axis',(0.951056516295153,-0.309016994374948,0.));
#5678=DIRECTION('center_axis',(0.,0.,-1.));
#5679=DIRECTION('ref_axis',(0.951056516295153,-0.309016994374948,0.));
#5680=DIRECTION('center_axis',(0.,0.,1.));
#5681=DIRECTION('ref_axis',(0.951056516295153,-0.309016994374948,0.));
#5682=DIRECTION('center_axis',(0.,0.,1.));
#5683=DIRECTION('ref_axis',(1.,0.,0.));
#5684=DIRECTION('center_axis',(0.,0.,1.));
#5685=DIRECTION('ref_axis',(1.,0.,0.));
#5686=DIRECTION('',(0.,0.,1.));
#5687=DIRECTION('center_axis',(0.,0.,-1.));
#5688=DIRECTION('ref_axis',(1.,0.,0.));
#5689=DIRECTION('center_axis',(0.,0.,-1.));
#5690=DIRECTION('ref_axis',(-0.210578227221897,0.977577009866785,0.));
#5691=DIRECTION('center_axis',(0.,0.,-1.));
#5692=DIRECTION('ref_axis',(-0.210578227221897,0.977577009866785,0.));
#5693=DIRECTION('',(0.,0.,1.));
#5694=DIRECTION('center_axis',(0.,0.,1.));
#5695=DIRECTION('ref_axis',(-0.210578227221897,0.977577009866785,0.));
#5696=DIRECTION('',(0.,0.,-1.));
#5697=DIRECTION('center_axis',(0.,0.,1.));
#5698=DIRECTION('ref_axis',(0.891006524188368,-0.453990499739547,0.));
#5699=DIRECTION('center_axis',(0.,0.,1.));
#5700=DIRECTION('ref_axis',(0.891006524188368,-0.453990499739547,0.));
#5701=DIRECTION('',(0.,0.,1.));
#5702=DIRECTION('center_axis',(0.,0.,-1.));
#5703=DIRECTION('ref_axis',(0.891006524188368,-0.453990499739547,0.));
#5704=DIRECTION('center_axis',(0.,0.,1.));
#5705=DIRECTION('ref_axis',(0.914651190707407,0.404243984911988,0.));
#5706=DIRECTION('center_axis',(0.,0.,1.));
#5707=DIRECTION('ref_axis',(0.914651190707407,0.404243984911988,0.));
#5708=DIRECTION('',(0.,0.,-1.));
#5709=DIRECTION('center_axis',(0.,0.,-1.));
#5710=DIRECTION('ref_axis',(0.914651190707407,0.404243984911988,0.));
#5711=DIRECTION('center_axis',(0.,0.,1.));
#5712=DIRECTION('ref_axis',(0.891006524188368,-0.453990499739547,0.));
#5713=DIRECTION('center_axis',(0.,0.,-1.));
#5714=DIRECTION('ref_axis',(0.891006524188368,-0.453990499739547,0.));
#5715=DIRECTION('',(0.,0.,-1.));
#5716=DIRECTION('center_axis',(0.,0.,1.));
#5717=DIRECTION('ref_axis',(0.891006524188368,-0.453990499739547,0.));
#5718=DIRECTION('center_axis',(0.,0.,1.));
#5719=DIRECTION('ref_axis',(0.891006524188368,-0.453990499739547,0.));
#5720=DIRECTION('center_axis',(0.,0.,-1.));
#5721=DIRECTION('ref_axis',(0.891006524188368,-0.453990499739547,0.));
#5722=DIRECTION('center_axis',(0.,0.,1.));
#5723=DIRECTION('ref_axis',(0.891006524188368,-0.453990499739547,0.));
#5724=DIRECTION('center_axis',(0.,0.,1.));
#5725=DIRECTION('ref_axis',(1.,0.,0.));
#5726=DIRECTION('center_axis',(0.,0.,1.));
#5727=DIRECTION('ref_axis',(1.,0.,0.));
#5728=DIRECTION('',(0.,0.,1.));
#5729=DIRECTION('center_axis',(0.,0.,-1.));
#5730=DIRECTION('ref_axis',(1.,0.,0.));
#5731=DIRECTION('center_axis',(0.,0.,-1.));
#5732=DIRECTION('ref_axis',(-0.0550589232361282,0.998483107003858,0.));
#5733=DIRECTION('center_axis',(0.,0.,-1.));
#5734=DIRECTION('ref_axis',(-0.0550589232361282,0.998483107003858,0.));
#5735=DIRECTION('',(0.,0.,1.));
#5736=DIRECTION('center_axis',(0.,0.,1.));
#5737=DIRECTION('ref_axis',(-0.0550589232361282,0.998483107003858,0.));
#5738=DIRECTION('',(0.,0.,-1.));
#5739=DIRECTION('center_axis',(0.,0.,1.));
#5740=DIRECTION('ref_axis',(0.809016994374947,-0.587785252292473,0.));
#5741=DIRECTION('center_axis',(0.,0.,1.));
#5742=DIRECTION('ref_axis',(0.809016994374947,-0.587785252292473,0.));
#5743=DIRECTION('',(0.,0.,1.));
#5744=DIRECTION('center_axis',(0.,0.,-1.));
#5745=DIRECTION('ref_axis',(0.809016994374947,-0.587785252292473,0.));
#5746=DIRECTION('center_axis',(0.,0.,1.));
#5747=DIRECTION('ref_axis',(0.966628008298598,0.256184100936584,0.));
#5748=DIRECTION('center_axis',(0.,0.,1.));
#5749=DIRECTION('ref_axis',(0.966628008298598,0.256184100936584,0.));
#5750=DIRECTION('',(0.,0.,-1.));
#5751=DIRECTION('center_axis',(0.,0.,-1.));
#5752=DIRECTION('ref_axis',(0.966628008298598,0.256184100936584,0.));
#5753=DIRECTION('center_axis',(0.,0.,1.));
#5754=DIRECTION('ref_axis',(0.809016994374947,-0.587785252292473,0.));
#5755=DIRECTION('center_axis',(0.,0.,-1.));
#5756=DIRECTION('ref_axis',(0.809016994374947,-0.587785252292473,0.));
#5757=DIRECTION('',(0.,0.,-1.));
#5758=DIRECTION('center_axis',(0.,0.,1.));
#5759=DIRECTION('ref_axis',(0.809016994374947,-0.587785252292473,0.));
#5760=DIRECTION('center_axis',(0.,0.,1.));
#5761=DIRECTION('ref_axis',(0.809016994374947,-0.587785252292473,0.));
#5762=DIRECTION('center_axis',(0.,0.,-1.));
#5763=DIRECTION('ref_axis',(0.809016994374947,-0.587785252292473,0.));
#5764=DIRECTION('center_axis',(0.,0.,1.));
#5765=DIRECTION('ref_axis',(0.809016994374947,-0.587785252292473,0.));
#5766=DIRECTION('center_axis',(0.,0.,1.));
#5767=DIRECTION('ref_axis',(1.,0.,0.));
#5768=DIRECTION('center_axis',(0.,0.,1.));
#5769=DIRECTION('ref_axis',(1.,0.,0.));
#5770=DIRECTION('',(0.,0.,1.));
#5771=DIRECTION('center_axis',(0.,0.,-1.));
#5772=DIRECTION('ref_axis',(1.,0.,0.));
#5773=DIRECTION('center_axis',(0.,0.,-1.));
#5774=DIRECTION('ref_axis',(0.10181611416981,0.994803236271053,0.));
#5775=DIRECTION('center_axis',(0.,0.,-1.));
#5776=DIRECTION('ref_axis',(0.10181611416981,0.994803236271053,0.));
#5777=DIRECTION('',(0.,0.,1.));
#5778=DIRECTION('center_axis',(0.,0.,1.));
#5779=DIRECTION('ref_axis',(0.10181611416981,0.994803236271053,0.));
#5780=DIRECTION('',(0.,0.,-1.));
#5781=DIRECTION('center_axis',(0.,0.,1.));
#5782=DIRECTION('ref_axis',(0.707106781186547,-0.707106781186548,0.));
#5783=DIRECTION('center_axis',(0.,0.,1.));
#5784=DIRECTION('ref_axis',(0.707106781186547,-0.707106781186548,0.));
#5785=DIRECTION('',(0.,0.,1.));
#5786=DIRECTION('center_axis',(0.,0.,-1.));
#5787=DIRECTION('ref_axis',(0.707106781186547,-0.707106781186548,0.));
#5788=DIRECTION('center_axis',(0.,0.,1.));
#5789=DIRECTION('ref_axis',(0.994803236271053,0.101816114169809,0.));
#5790=DIRECTION('center_axis',(0.,0.,1.));
#5791=DIRECTION('ref_axis',(0.994803236271053,0.101816114169809,0.));
#5792=DIRECTION('',(0.,0.,-1.));
#5793=DIRECTION('center_axis',(0.,0.,-1.));
#5794=DIRECTION('ref_axis',(0.994803236271053,0.101816114169809,0.));
#5795=DIRECTION('center_axis',(0.,0.,1.));
#5796=DIRECTION('ref_axis',(0.707106781186547,-0.707106781186548,0.));
#5797=DIRECTION('center_axis',(0.,0.,-1.));
#5798=DIRECTION('ref_axis',(0.707106781186547,-0.707106781186548,0.));
#5799=DIRECTION('',(0.,0.,-1.));
#5800=DIRECTION('center_axis',(0.,0.,1.));
#5801=DIRECTION('ref_axis',(0.707106781186547,-0.707106781186548,0.));
#5802=DIRECTION('center_axis',(0.,0.,1.));
#5803=DIRECTION('ref_axis',(0.707106781186547,-0.707106781186548,0.));
#5804=DIRECTION('center_axis',(0.,0.,-1.));
#5805=DIRECTION('ref_axis',(0.707106781186547,-0.707106781186548,0.));
#5806=DIRECTION('center_axis',(0.,0.,1.));
#5807=DIRECTION('ref_axis',(0.707106781186547,-0.707106781186548,0.));
#5808=DIRECTION('center_axis',(0.,0.,1.));
#5809=DIRECTION('ref_axis',(1.,0.,0.));
#5810=DIRECTION('center_axis',(0.,0.,1.));
#5811=DIRECTION('ref_axis',(1.,0.,0.));
#5812=DIRECTION('',(0.,0.,1.));
#5813=DIRECTION('center_axis',(0.,0.,-1.));
#5814=DIRECTION('ref_axis',(1.,0.,0.));
#5815=DIRECTION('center_axis',(0.,0.,-1.));
#5816=DIRECTION('ref_axis',(0.256184100936584,0.966628008298598,0.));
#5817=DIRECTION('center_axis',(0.,0.,-1.));
#5818=DIRECTION('ref_axis',(0.256184100936584,0.966628008298598,0.));
#5819=DIRECTION('',(0.,0.,1.));
#5820=DIRECTION('center_axis',(0.,0.,1.));
#5821=DIRECTION('ref_axis',(0.256184100936584,0.966628008298598,0.));
#5822=DIRECTION('',(0.,0.,-1.));
#5823=DIRECTION('center_axis',(0.,0.,1.));
#5824=DIRECTION('ref_axis',(0.587785252292473,-0.809016994374948,0.));
#5825=DIRECTION('center_axis',(0.,0.,1.));
#5826=DIRECTION('ref_axis',(0.587785252292473,-0.809016994374948,0.));
#5827=DIRECTION('',(0.,0.,1.));
#5828=DIRECTION('center_axis',(0.,0.,-1.));
#5829=DIRECTION('ref_axis',(0.587785252292473,-0.809016994374948,0.));
#5830=DIRECTION('center_axis',(0.,0.,1.));
#5831=DIRECTION('ref_axis',(0.998483107003858,-0.0550589232361282,0.));
#5832=DIRECTION('center_axis',(0.,0.,1.));
#5833=DIRECTION('ref_axis',(0.998483107003858,-0.0550589232361282,0.));
#5834=DIRECTION('',(0.,0.,-1.));
#5835=DIRECTION('center_axis',(0.,0.,-1.));
#5836=DIRECTION('ref_axis',(0.998483107003858,-0.0550589232361282,0.));
#5837=DIRECTION('center_axis',(0.,0.,1.));
#5838=DIRECTION('ref_axis',(0.587785252292473,-0.809016994374948,0.));
#5839=DIRECTION('center_axis',(0.,0.,-1.));
#5840=DIRECTION('ref_axis',(0.587785252292473,-0.809016994374948,0.));
#5841=DIRECTION('',(0.,0.,-1.));
#5842=DIRECTION('center_axis',(0.,0.,1.));
#5843=DIRECTION('ref_axis',(0.587785252292473,-0.809016994374948,0.));
#5844=DIRECTION('center_axis',(0.,0.,1.));
#5845=DIRECTION('ref_axis',(0.587785252292473,-0.809016994374948,0.));
#5846=DIRECTION('center_axis',(0.,0.,-1.));
#5847=DIRECTION('ref_axis',(0.587785252292473,-0.809016994374948,0.));
#5848=DIRECTION('center_axis',(0.,0.,1.));
#5849=DIRECTION('ref_axis',(0.587785252292473,-0.809016994374948,0.));
#5850=DIRECTION('center_axis',(0.,0.,1.));
#5851=DIRECTION('ref_axis',(1.,0.,0.));
#5852=DIRECTION('center_axis',(0.,0.,1.));
#5853=DIRECTION('ref_axis',(1.,0.,0.));
#5854=DIRECTION('',(0.,0.,1.));
#5855=DIRECTION('center_axis',(0.,0.,-1.));
#5856=DIRECTION('ref_axis',(1.,0.,0.));
#5857=DIRECTION('center_axis',(0.,0.,-1.));
#5858=DIRECTION('ref_axis',(0.404243984912005,0.914651190707399,0.));
#5859=DIRECTION('center_axis',(0.,0.,-1.));
#5860=DIRECTION('ref_axis',(0.404243984912005,0.914651190707399,0.));
#5861=DIRECTION('',(0.,0.,1.));
#5862=DIRECTION('center_axis',(0.,0.,1.));
#5863=DIRECTION('ref_axis',(0.404243984912005,0.914651190707399,0.));
#5864=DIRECTION('',(0.,0.,-1.));
#5865=DIRECTION('center_axis',(0.,0.,1.));
#5866=DIRECTION('ref_axis',(0.453990499739547,-0.891006524188368,0.));
#5867=DIRECTION('center_axis',(0.,0.,1.));
#5868=DIRECTION('ref_axis',(0.453990499739547,-0.891006524188368,0.));
#5869=DIRECTION('',(0.,0.,1.));
#5870=DIRECTION('center_axis',(0.,0.,-1.));
#5871=DIRECTION('ref_axis',(0.453990499739547,-0.891006524188368,0.));
#5872=DIRECTION('center_axis',(0.,0.,1.));
#5873=DIRECTION('ref_axis',(0.977577009866785,-0.210578227221897,0.));
#5874=DIRECTION('center_axis',(0.,0.,1.));
#5875=DIRECTION('ref_axis',(0.977577009866785,-0.210578227221897,0.));
#5876=DIRECTION('',(0.,0.,-1.));
#5877=DIRECTION('center_axis',(0.,0.,-1.));
#5878=DIRECTION('ref_axis',(0.977577009866785,-0.210578227221897,0.));
#5879=DIRECTION('center_axis',(0.,0.,1.));
#5880=DIRECTION('ref_axis',(0.453990499739547,-0.891006524188368,0.));
#5881=DIRECTION('center_axis',(0.,0.,-1.));
#5882=DIRECTION('ref_axis',(0.453990499739547,-0.891006524188368,0.));
#5883=DIRECTION('',(0.,0.,-1.));
#5884=DIRECTION('center_axis',(0.,0.,1.));
#5885=DIRECTION('ref_axis',(0.453990499739547,-0.891006524188368,0.));
#5886=DIRECTION('center_axis',(0.,0.,1.));
#5887=DIRECTION('ref_axis',(0.453990499739547,-0.891006524188368,0.));
#5888=DIRECTION('center_axis',(0.,0.,-1.));
#5889=DIRECTION('ref_axis',(0.453990499739547,-0.891006524188368,0.));
#5890=DIRECTION('center_axis',(0.,0.,1.));
#5891=DIRECTION('ref_axis',(0.453990499739547,-0.891006524188368,0.));
#5892=DIRECTION('center_axis',(0.,0.,1.));
#5893=DIRECTION('ref_axis',(1.,0.,0.));
#5894=DIRECTION('center_axis',(0.,0.,1.));
#5895=DIRECTION('ref_axis',(1.,0.,0.));
#5896=DIRECTION('',(0.,0.,1.));
#5897=DIRECTION('center_axis',(0.,0.,-1.));
#5898=DIRECTION('ref_axis',(1.,0.,0.));
#5899=DIRECTION('center_axis',(0.,0.,-1.));
#5900=DIRECTION('ref_axis',(0.542350040370016,0.840152625247724,0.));
#5901=DIRECTION('center_axis',(0.,0.,-1.));
#5902=DIRECTION('ref_axis',(0.542350040370016,0.840152625247724,0.));
#5903=DIRECTION('',(0.,0.,1.));
#5904=DIRECTION('center_axis',(0.,0.,1.));
#5905=DIRECTION('ref_axis',(0.542350040370016,0.840152625247724,0.));
#5906=DIRECTION('',(0.,0.,-1.));
#5907=DIRECTION('center_axis',(0.,0.,1.));
#5908=DIRECTION('ref_axis',(0.309016994374947,-0.951056516295154,0.));
#5909=DIRECTION('center_axis',(0.,0.,1.));
#5910=DIRECTION('ref_axis',(0.309016994374947,-0.951056516295154,0.));
#5911=DIRECTION('',(0.,0.,1.));
#5912=DIRECTION('center_axis',(0.,0.,-1.));
#5913=DIRECTION('ref_axis',(0.309016994374947,-0.951056516295154,0.));
#5914=DIRECTION('center_axis',(0.,0.,1.));
#5915=DIRECTION('ref_axis',(0.932599722354701,-0.360912396384406,0.));
#5916=DIRECTION('center_axis',(0.,0.,1.));
#5917=DIRECTION('ref_axis',(0.932599722354701,-0.360912396384406,0.));
#5918=DIRECTION('',(0.,0.,-1.));
#5919=DIRECTION('center_axis',(0.,0.,-1.));
#5920=DIRECTION('ref_axis',(0.932599722354701,-0.360912396384406,0.));
#5921=DIRECTION('center_axis',(0.,0.,1.));
#5922=DIRECTION('ref_axis',(0.309016994374947,-0.951056516295154,0.));
#5923=DIRECTION('center_axis',(0.,0.,-1.));
#5924=DIRECTION('ref_axis',(0.309016994374947,-0.951056516295154,0.));
#5925=DIRECTION('',(0.,0.,-1.));
#5926=DIRECTION('center_axis',(0.,0.,1.));
#5927=DIRECTION('ref_axis',(0.309016994374947,-0.951056516295154,0.));
#5928=DIRECTION('center_axis',(0.,0.,1.));
#5929=DIRECTION('ref_axis',(0.309016994374947,-0.951056516295154,0.));
#5930=DIRECTION('center_axis',(0.,0.,-1.));
#5931=DIRECTION('ref_axis',(0.309016994374947,-0.951056516295154,0.));
#5932=DIRECTION('center_axis',(0.,0.,1.));
#5933=DIRECTION('ref_axis',(0.309016994374947,-0.951056516295154,0.));
#5934=DIRECTION('center_axis',(0.,0.,1.));
#5935=DIRECTION('ref_axis',(1.,0.,0.));
#5936=DIRECTION('center_axis',(0.,0.,1.));
#5937=DIRECTION('ref_axis',(1.,0.,0.));
#5938=DIRECTION('',(0.,0.,1.));
#5939=DIRECTION('center_axis',(0.,0.,-1.));
#5940=DIRECTION('ref_axis',(1.,0.,0.));
#5941=DIRECTION('center_axis',(0.,0.,-1.));
#5942=DIRECTION('ref_axis',(0.667101637877545,0.744966713847737,0.));
#5943=DIRECTION('center_axis',(0.,0.,-1.));
#5944=DIRECTION('ref_axis',(0.667101637877545,0.744966713847737,0.));
#5945=DIRECTION('',(0.,0.,1.));
#5946=DIRECTION('center_axis',(0.,0.,1.));
#5947=DIRECTION('ref_axis',(0.667101637877545,0.744966713847737,0.));
#5948=DIRECTION('',(0.,0.,-1.));
#5949=DIRECTION('center_axis',(0.,0.,1.));
#5950=DIRECTION('ref_axis',(0.156434465040231,-0.987688340595138,0.));
#5951=DIRECTION('center_axis',(0.,0.,1.));
#5952=DIRECTION('ref_axis',(0.156434465040231,-0.987688340595138,0.));
#5953=DIRECTION('',(0.,0.,1.));
#5954=DIRECTION('center_axis',(0.,0.,-1.));
#5955=DIRECTION('ref_axis',(0.156434465040231,-0.987688340595138,0.));
#5956=DIRECTION('center_axis',(0.,0.,1.));
#5957=DIRECTION('ref_axis',(0.864658734557218,-0.502359704548355,0.));
#5958=DIRECTION('center_axis',(0.,0.,1.));
#5959=DIRECTION('ref_axis',(0.864658734557218,-0.502359704548355,0.));
#5960=DIRECTION('',(0.,0.,-1.));
#5961=DIRECTION('center_axis',(0.,0.,-1.));
#5962=DIRECTION('ref_axis',(0.864658734557218,-0.502359704548355,0.));
#5963=DIRECTION('center_axis',(0.,0.,1.));
#5964=DIRECTION('ref_axis',(0.156434465040231,-0.987688340595138,0.));
#5965=DIRECTION('center_axis',(0.,0.,-1.));
#5966=DIRECTION('ref_axis',(0.156434465040231,-0.987688340595138,0.));
#5967=DIRECTION('',(0.,0.,-1.));
#5968=DIRECTION('center_axis',(0.,0.,1.));
#5969=DIRECTION('ref_axis',(0.156434465040231,-0.987688340595138,0.));
#5970=DIRECTION('center_axis',(0.,0.,1.));
#5971=DIRECTION('ref_axis',(0.156434465040231,-0.987688340595138,0.));
#5972=DIRECTION('center_axis',(0.,0.,-1.));
#5973=DIRECTION('ref_axis',(0.156434465040231,-0.987688340595138,0.));
#5974=DIRECTION('center_axis',(0.,0.,1.));
#5975=DIRECTION('ref_axis',(0.156434465040231,-0.987688340595138,0.));
#5976=DIRECTION('center_axis',(0.,0.,1.));
#5977=DIRECTION('ref_axis',(1.,0.,0.));
#5978=DIRECTION('center_axis',(0.,0.,1.));
#5979=DIRECTION('ref_axis',(1.,0.,0.));
#5980=DIRECTION('',(0.,0.,1.));
#5981=DIRECTION('center_axis',(0.,0.,-1.));
#5982=DIRECTION('ref_axis',(1.,0.,0.));
#5983=DIRECTION('center_axis',(0.,0.,-1.));
#5984=DIRECTION('ref_axis',(0.77542697907712,0.631437249550049,0.));
#5985=DIRECTION('center_axis',(0.,0.,-1.));
#5986=DIRECTION('ref_axis',(0.77542697907712,0.631437249550049,0.));
#5987=DIRECTION('',(0.,0.,1.));
#5988=DIRECTION('center_axis',(0.,0.,1.));
#5989=DIRECTION('ref_axis',(0.77542697907712,0.631437249550049,0.));
#5990=DIRECTION('',(0.,0.,-1.));
#5991=DIRECTION('center_axis',(0.,0.,1.));
#5992=DIRECTION('ref_axis',(-1.83697019872103E-16,-1.,0.));
#5993=DIRECTION('center_axis',(0.,0.,1.));
#5994=DIRECTION('ref_axis',(-1.83697019872103E-16,-1.,0.));
#5995=DIRECTION('',(0.,0.,1.));
#5996=DIRECTION('center_axis',(0.,0.,-1.));
#5997=DIRECTION('ref_axis',(-1.83697019872103E-16,-1.,0.));
#5998=DIRECTION('center_axis',(0.,0.,1.));
#5999=DIRECTION('ref_axis',(0.77542697907712,-0.631437249550049,0.));
#6000=DIRECTION('center_axis',(0.,0.,1.));
#6001=DIRECTION('ref_axis',(0.77542697907712,-0.631437249550049,0.));
#6002=DIRECTION('',(0.,0.,-1.));
#6003=DIRECTION('center_axis',(0.,0.,-1.));
#6004=DIRECTION('ref_axis',(0.77542697907712,-0.631437249550049,0.));
#6005=DIRECTION('center_axis',(0.,0.,1.));
#6006=DIRECTION('ref_axis',(-1.83697019872103E-16,-1.,0.));
#6007=DIRECTION('center_axis',(0.,0.,-1.));
#6008=DIRECTION('ref_axis',(-1.83697019872103E-16,-1.,0.));
#6009=DIRECTION('',(0.,0.,-1.));
#6010=DIRECTION('center_axis',(0.,0.,1.));
#6011=DIRECTION('ref_axis',(-1.83697019872103E-16,-1.,0.));
#6012=DIRECTION('center_axis',(0.,0.,1.));
#6013=DIRECTION('ref_axis',(-1.83697019872103E-16,-1.,0.));
#6014=DIRECTION('center_axis',(0.,0.,-1.));
#6015=DIRECTION('ref_axis',(-1.83697019872103E-16,-1.,0.));
#6016=DIRECTION('center_axis',(0.,0.,1.));
#6017=DIRECTION('ref_axis',(-1.83697019872103E-16,-1.,0.));
#6018=DIRECTION('center_axis',(0.,0.,1.));
#6019=DIRECTION('ref_axis',(1.,0.,0.));
#6020=DIRECTION('center_axis',(0.,0.,1.));
#6021=DIRECTION('ref_axis',(1.,0.,0.));
#6022=DIRECTION('',(0.,0.,1.));
#6023=DIRECTION('center_axis',(0.,0.,-1.));
#6024=DIRECTION('ref_axis',(1.,0.,0.));
#6025=DIRECTION('center_axis',(0.,0.,-1.));
#6026=DIRECTION('ref_axis',(0.864658734557218,0.502359704548355,0.));
#6027=DIRECTION('center_axis',(0.,0.,-1.));
#6028=DIRECTION('ref_axis',(0.864658734557218,0.502359704548355,0.));
#6029=DIRECTION('',(0.,0.,1.));
#6030=DIRECTION('center_axis',(0.,0.,1.));
#6031=DIRECTION('ref_axis',(0.864658734557218,0.502359704548355,0.));
#6032=DIRECTION('',(0.,0.,-1.));
#6033=DIRECTION('center_axis',(0.,0.,1.));
#6034=DIRECTION('ref_axis',(-0.156434465040231,-0.987688340595138,0.));
#6035=DIRECTION('center_axis',(0.,0.,1.));
#6036=DIRECTION('ref_axis',(-0.156434465040231,-0.987688340595138,0.));
#6037=DIRECTION('',(0.,0.,1.));
#6038=DIRECTION('center_axis',(0.,0.,-1.));
#6039=DIRECTION('ref_axis',(-0.156434465040231,-0.987688340595138,0.));
#6040=DIRECTION('center_axis',(0.,0.,1.));
#6041=DIRECTION('ref_axis',(0.667101637877555,-0.744966713847729,0.));
#6042=DIRECTION('center_axis',(0.,0.,1.));
#6043=DIRECTION('ref_axis',(0.667101637877555,-0.744966713847729,0.));
#6044=DIRECTION('',(0.,0.,-1.));
#6045=DIRECTION('center_axis',(0.,0.,-1.));
#6046=DIRECTION('ref_axis',(0.667101637877555,-0.744966713847729,0.));
#6047=DIRECTION('center_axis',(0.,0.,1.));
#6048=DIRECTION('ref_axis',(-0.156434465040231,-0.987688340595138,0.));
#6049=DIRECTION('center_axis',(0.,0.,-1.));
#6050=DIRECTION('ref_axis',(-0.156434465040231,-0.987688340595138,0.));
#6051=DIRECTION('',(0.,0.,-1.));
#6052=DIRECTION('center_axis',(0.,0.,1.));
#6053=DIRECTION('ref_axis',(-0.156434465040231,-0.987688340595138,0.));
#6054=DIRECTION('center_axis',(0.,0.,1.));
#6055=DIRECTION('ref_axis',(-0.156434465040231,-0.987688340595138,0.));
#6056=DIRECTION('center_axis',(0.,0.,-1.));
#6057=DIRECTION('ref_axis',(-0.156434465040231,-0.987688340595138,0.));
#6058=DIRECTION('center_axis',(0.,0.,1.));
#6059=DIRECTION('ref_axis',(-0.156434465040231,-0.987688340595138,0.));
#6060=DIRECTION('center_axis',(0.,0.,1.));
#6061=DIRECTION('ref_axis',(1.,0.,0.));
#6062=DIRECTION('center_axis',(0.,0.,1.));
#6063=DIRECTION('ref_axis',(1.,0.,0.));
#6064=DIRECTION('',(0.,0.,1.));
#6065=DIRECTION('center_axis',(0.,0.,-1.));
#6066=DIRECTION('ref_axis',(1.,0.,0.));
#6067=DIRECTION('center_axis',(0.,0.,-1.));
#6068=DIRECTION('ref_axis',(0.932599722354703,0.360912396384401,0.));
#6069=DIRECTION('center_axis',(0.,0.,-1.));
#6070=DIRECTION('ref_axis',(0.932599722354703,0.360912396384401,0.));
#6071=DIRECTION('',(0.,0.,1.));
#6072=DIRECTION('center_axis',(0.,0.,1.));
#6073=DIRECTION('ref_axis',(0.932599722354703,0.360912396384401,0.));
#6074=DIRECTION('',(0.,0.,-1.));
#6075=DIRECTION('center_axis',(0.,0.,1.));
#6076=DIRECTION('ref_axis',(-0.309016994374948,-0.951056516295154,0.));
#6077=DIRECTION('center_axis',(0.,0.,1.));
#6078=DIRECTION('ref_axis',(-0.309016994374948,-0.951056516295154,0.));
#6079=DIRECTION('',(0.,0.,1.));
#6080=DIRECTION('center_axis',(0.,0.,-1.));
#6081=DIRECTION('ref_axis',(-0.309016994374948,-0.951056516295154,0.));
#6082=DIRECTION('center_axis',(0.,0.,1.));
#6083=DIRECTION('ref_axis',(0.542350040370018,-0.840152625247722,0.));
#6084=DIRECTION('center_axis',(0.,0.,1.));
#6085=DIRECTION('ref_axis',(0.542350040370018,-0.840152625247722,0.));
#6086=DIRECTION('',(0.,0.,-1.));
#6087=DIRECTION('center_axis',(0.,0.,-1.));
#6088=DIRECTION('ref_axis',(0.542350040370018,-0.840152625247722,0.));
#6089=DIRECTION('center_axis',(0.,0.,1.));
#6090=DIRECTION('ref_axis',(-0.309016994374948,-0.951056516295154,0.));
#6091=DIRECTION('center_axis',(0.,0.,-1.));
#6092=DIRECTION('ref_axis',(-0.309016994374948,-0.951056516295154,0.));
#6093=DIRECTION('',(0.,0.,-1.));
#6094=DIRECTION('center_axis',(0.,0.,1.));
#6095=DIRECTION('ref_axis',(-0.309016994374948,-0.951056516295154,0.));
#6096=DIRECTION('center_axis',(0.,0.,1.));
#6097=DIRECTION('ref_axis',(-0.309016994374948,-0.951056516295154,0.));
#6098=DIRECTION('center_axis',(0.,0.,-1.));
#6099=DIRECTION('ref_axis',(-0.309016994374948,-0.951056516295154,0.));
#6100=DIRECTION('center_axis',(0.,0.,1.));
#6101=DIRECTION('ref_axis',(-0.309016994374948,-0.951056516295154,0.));
#6102=DIRECTION('center_axis',(0.,0.,1.));
#6103=DIRECTION('ref_axis',(1.,0.,0.));
#6104=DIRECTION('center_axis',(0.,0.,1.));
#6105=DIRECTION('ref_axis',(1.,0.,0.));
#6106=DIRECTION('',(0.,0.,1.));
#6107=DIRECTION('center_axis',(0.,0.,-1.));
#6108=DIRECTION('ref_axis',(1.,0.,0.));
#6109=DIRECTION('center_axis',(0.,0.,-1.));
#6110=DIRECTION('ref_axis',(0.977577009866782,0.210578227221907,0.));
#6111=DIRECTION('center_axis',(0.,0.,-1.));
#6112=DIRECTION('ref_axis',(0.977577009866782,0.210578227221907,0.));
#6113=DIRECTION('',(0.,0.,1.));
#6114=DIRECTION('center_axis',(0.,0.,1.));
#6115=DIRECTION('ref_axis',(0.977577009866782,0.210578227221907,0.));
#6116=DIRECTION('',(0.,0.,-1.));
#6117=DIRECTION('center_axis',(0.,0.,1.));
#6118=DIRECTION('ref_axis',(-0.453990499739547,-0.891006524188368,0.));
#6119=DIRECTION('center_axis',(0.,0.,1.));
#6120=DIRECTION('ref_axis',(-0.453990499739547,-0.891006524188368,0.));
#6121=DIRECTION('',(0.,0.,1.));
#6122=DIRECTION('center_axis',(0.,0.,-1.));
#6123=DIRECTION('ref_axis',(-0.453990499739547,-0.891006524188368,0.));
#6124=DIRECTION('center_axis',(0.,0.,1.));
#6125=DIRECTION('ref_axis',(0.404243984911989,-0.914651190707406,0.));
#6126=DIRECTION('center_axis',(0.,0.,1.));
#6127=DIRECTION('ref_axis',(0.404243984911989,-0.914651190707406,0.));
#6128=DIRECTION('',(0.,0.,-1.));
#6129=DIRECTION('center_axis',(0.,0.,-1.));
#6130=DIRECTION('ref_axis',(0.404243984911989,-0.914651190707406,0.));
#6131=DIRECTION('center_axis',(0.,0.,1.));
#6132=DIRECTION('ref_axis',(-0.453990499739547,-0.891006524188368,0.));
#6133=DIRECTION('center_axis',(0.,0.,-1.));
#6134=DIRECTION('ref_axis',(-0.453990499739547,-0.891006524188368,0.));
#6135=DIRECTION('',(0.,0.,-1.));
#6136=DIRECTION('center_axis',(0.,0.,1.));
#6137=DIRECTION('ref_axis',(-0.453990499739547,-0.891006524188368,0.));
#6138=DIRECTION('center_axis',(0.,0.,1.));
#6139=DIRECTION('ref_axis',(-0.453990499739547,-0.891006524188368,0.));
#6140=DIRECTION('center_axis',(0.,0.,-1.));
#6141=DIRECTION('ref_axis',(-0.453990499739547,-0.891006524188368,0.));
#6142=DIRECTION('center_axis',(0.,0.,1.));
#6143=DIRECTION('ref_axis',(-0.453990499739547,-0.891006524188368,0.));
#6144=DIRECTION('center_axis',(0.,0.,1.));
#6145=DIRECTION('ref_axis',(1.,0.,0.));
#6146=DIRECTION('center_axis',(0.,0.,1.));
#6147=DIRECTION('ref_axis',(1.,0.,0.));
#6148=DIRECTION('',(0.,0.,1.));
#6149=DIRECTION('center_axis',(0.,0.,-1.));
#6150=DIRECTION('ref_axis',(1.,0.,0.));
#6151=DIRECTION('center_axis',(0.,0.,-1.));
#6152=DIRECTION('ref_axis',(0.998483107003858,0.0550589232361382,0.));
#6153=DIRECTION('center_axis',(0.,0.,-1.));
#6154=DIRECTION('ref_axis',(0.998483107003858,0.0550589232361382,0.));
#6155=DIRECTION('',(0.,0.,1.));
#6156=DIRECTION('center_axis',(0.,0.,1.));
#6157=DIRECTION('ref_axis',(0.998483107003858,0.0550589232361382,0.));
#6158=DIRECTION('',(0.,0.,-1.));
#6159=DIRECTION('center_axis',(0.,0.,1.));
#6160=DIRECTION('ref_axis',(-0.587785252292473,-0.809016994374947,0.));
#6161=DIRECTION('center_axis',(0.,0.,1.));
#6162=DIRECTION('ref_axis',(-0.587785252292473,-0.809016994374947,0.));
#6163=DIRECTION('',(0.,0.,1.));
#6164=DIRECTION('center_axis',(0.,0.,-1.));
#6165=DIRECTION('ref_axis',(-0.587785252292473,-0.809016994374947,0.));
#6166=DIRECTION('center_axis',(0.,0.,1.));
#6167=DIRECTION('ref_axis',(0.256184100936565,-0.966628008298603,0.));
#6168=DIRECTION('center_axis',(0.,0.,1.));
#6169=DIRECTION('ref_axis',(0.256184100936565,-0.966628008298603,0.));
#6170=DIRECTION('',(0.,0.,-1.));
#6171=DIRECTION('center_axis',(0.,0.,-1.));
#6172=DIRECTION('ref_axis',(0.256184100936565,-0.966628008298603,0.));
#6173=DIRECTION('center_axis',(0.,0.,1.));
#6174=DIRECTION('ref_axis',(-0.587785252292473,-0.809016994374947,0.));
#6175=DIRECTION('center_axis',(0.,0.,-1.));
#6176=DIRECTION('ref_axis',(-0.587785252292473,-0.809016994374947,0.));
#6177=DIRECTION('',(0.,0.,-1.));
#6178=DIRECTION('center_axis',(0.,0.,1.));
#6179=DIRECTION('ref_axis',(-0.587785252292473,-0.809016994374947,0.));
#6180=DIRECTION('center_axis',(0.,0.,1.));
#6181=DIRECTION('ref_axis',(-0.587785252292473,-0.809016994374947,0.));
#6182=DIRECTION('center_axis',(0.,0.,-1.));
#6183=DIRECTION('ref_axis',(-0.587785252292473,-0.809016994374947,0.));
#6184=DIRECTION('center_axis',(0.,0.,1.));
#6185=DIRECTION('ref_axis',(-0.587785252292473,-0.809016994374947,0.));
#6186=DIRECTION('center_axis',(0.,0.,1.));
#6187=DIRECTION('ref_axis',(1.,0.,0.));
#6188=DIRECTION('center_axis',(0.,0.,1.));
#6189=DIRECTION('ref_axis',(1.,0.,0.));
#6190=DIRECTION('',(0.,0.,1.));
#6191=DIRECTION('center_axis',(0.,0.,-1.));
#6192=DIRECTION('ref_axis',(1.,0.,0.));
#6193=DIRECTION('center_axis',(0.,0.,-1.));
#6194=DIRECTION('ref_axis',(0.994803236271053,-0.10181611416981,0.));
#6195=DIRECTION('center_axis',(0.,0.,-1.));
#6196=DIRECTION('ref_axis',(0.994803236271053,-0.10181611416981,0.));
#6197=DIRECTION('',(0.,0.,1.));
#6198=DIRECTION('center_axis',(0.,0.,1.));
#6199=DIRECTION('ref_axis',(0.994803236271053,-0.10181611416981,0.));
#6200=DIRECTION('',(0.,0.,-1.));
#6201=DIRECTION('center_axis',(0.,0.,1.));
#6202=DIRECTION('ref_axis',(-0.707106781186548,-0.707106781186547,0.));
#6203=DIRECTION('center_axis',(0.,0.,1.));
#6204=DIRECTION('ref_axis',(-0.707106781186548,-0.707106781186547,0.));
#6205=DIRECTION('',(0.,0.,1.));
#6206=DIRECTION('center_axis',(0.,0.,-1.));
#6207=DIRECTION('ref_axis',(-0.707106781186548,-0.707106781186547,0.));
#6208=DIRECTION('center_axis',(0.,0.,1.));
#6209=DIRECTION('ref_axis',(0.10181611416981,-0.994803236271053,0.));
#6210=DIRECTION('center_axis',(0.,0.,1.));
#6211=DIRECTION('ref_axis',(0.10181611416981,-0.994803236271053,0.));
#6212=DIRECTION('',(0.,0.,-1.));
#6213=DIRECTION('center_axis',(0.,0.,-1.));
#6214=DIRECTION('ref_axis',(0.10181611416981,-0.994803236271053,0.));
#6215=DIRECTION('center_axis',(0.,0.,1.));
#6216=DIRECTION('ref_axis',(-0.707106781186548,-0.707106781186547,0.));
#6217=DIRECTION('center_axis',(0.,0.,-1.));
#6218=DIRECTION('ref_axis',(-0.707106781186548,-0.707106781186547,0.));
#6219=DIRECTION('',(0.,0.,-1.));
#6220=DIRECTION('center_axis',(0.,0.,1.));
#6221=DIRECTION('ref_axis',(-0.707106781186548,-0.707106781186547,0.));
#6222=DIRECTION('center_axis',(0.,0.,1.));
#6223=DIRECTION('ref_axis',(-0.707106781186548,-0.707106781186547,0.));
#6224=DIRECTION('center_axis',(0.,0.,-1.));
#6225=DIRECTION('ref_axis',(-0.707106781186548,-0.707106781186547,0.));
#6226=DIRECTION('center_axis',(0.,0.,1.));
#6227=DIRECTION('ref_axis',(-0.707106781186548,-0.707106781186547,0.));
#6228=DIRECTION('center_axis',(0.,0.,1.));
#6229=DIRECTION('ref_axis',(1.,0.,0.));
#6230=DIRECTION('center_axis',(0.,0.,1.));
#6231=DIRECTION('ref_axis',(1.,0.,0.));
#6232=DIRECTION('',(0.,0.,1.));
#6233=DIRECTION('center_axis',(0.,0.,-1.));
#6234=DIRECTION('ref_axis',(1.,0.,0.));
#6235=DIRECTION('center_axis',(0.,0.,-1.));
#6236=DIRECTION('ref_axis',(0.966628008298602,-0.256184100936568,0.));
#6237=DIRECTION('center_axis',(0.,0.,-1.));
#6238=DIRECTION('ref_axis',(0.966628008298602,-0.256184100936568,0.));
#6239=DIRECTION('',(0.,0.,1.));
#6240=DIRECTION('center_axis',(0.,0.,1.));
#6241=DIRECTION('ref_axis',(0.966628008298602,-0.256184100936568,0.));
#6242=DIRECTION('',(0.,0.,-1.));
#6243=DIRECTION('center_axis',(0.,0.,1.));
#6244=DIRECTION('ref_axis',(-0.809016994374948,-0.587785252292473,0.));
#6245=DIRECTION('center_axis',(0.,0.,1.));
#6246=DIRECTION('ref_axis',(-0.809016994374948,-0.587785252292473,0.));
#6247=DIRECTION('',(0.,0.,1.));
#6248=DIRECTION('center_axis',(0.,0.,-1.));
#6249=DIRECTION('ref_axis',(-0.809016994374948,-0.587785252292473,0.));
#6250=DIRECTION('center_axis',(0.,0.,1.));
#6251=DIRECTION('ref_axis',(-0.0550589232361277,-0.998483107003858,0.));
#6252=DIRECTION('center_axis',(0.,0.,1.));
#6253=DIRECTION('ref_axis',(-0.0550589232361277,-0.998483107003858,0.));
#6254=DIRECTION('',(0.,0.,-1.));
#6255=DIRECTION('center_axis',(0.,0.,-1.));
#6256=DIRECTION('ref_axis',(-0.0550589232361277,-0.998483107003858,0.));
#6257=DIRECTION('center_axis',(0.,0.,1.));
#6258=DIRECTION('ref_axis',(-0.809016994374948,-0.587785252292473,0.));
#6259=DIRECTION('center_axis',(0.,0.,-1.));
#6260=DIRECTION('ref_axis',(-0.809016994374948,-0.587785252292473,0.));
#6261=DIRECTION('',(0.,0.,-1.));
#6262=DIRECTION('center_axis',(0.,0.,1.));
#6263=DIRECTION('ref_axis',(-0.809016994374948,-0.587785252292473,0.));
#6264=DIRECTION('center_axis',(0.,0.,1.));
#6265=DIRECTION('ref_axis',(-0.809016994374947,-0.587785252292473,0.));
#6266=DIRECTION('center_axis',(0.,0.,-1.));
#6267=DIRECTION('ref_axis',(-0.809016994374947,-0.587785252292473,0.));
#6268=DIRECTION('center_axis',(0.,0.,1.));
#6269=DIRECTION('ref_axis',(-0.809016994374947,-0.587785252292473,0.));
#6270=DIRECTION('center_axis',(0.,0.,1.));
#6271=DIRECTION('ref_axis',(1.,0.,0.));
#6272=DIRECTION('center_axis',(0.,0.,1.));
#6273=DIRECTION('ref_axis',(1.,0.,0.));
#6274=DIRECTION('',(0.,0.,1.));
#6275=DIRECTION('center_axis',(0.,0.,-1.));
#6276=DIRECTION('ref_axis',(1.,0.,0.));
#6277=DIRECTION('center_axis',(0.,0.,-1.));
#6278=DIRECTION('ref_axis',(0.914651190707399,-0.404243984912005,0.));
#6279=DIRECTION('center_axis',(0.,0.,-1.));
#6280=DIRECTION('ref_axis',(0.914651190707399,-0.404243984912005,0.));
#6281=DIRECTION('',(0.,0.,1.));
#6282=DIRECTION('center_axis',(0.,0.,1.));
#6283=DIRECTION('ref_axis',(0.914651190707399,-0.404243984912005,0.));
#6284=DIRECTION('',(0.,0.,-1.));
#6285=DIRECTION('center_axis',(0.,0.,1.));
#6286=DIRECTION('ref_axis',(-0.891006524188368,-0.453990499739547,0.));
#6287=DIRECTION('center_axis',(0.,0.,1.));
#6288=DIRECTION('ref_axis',(-0.891006524188368,-0.453990499739547,0.));
#6289=DIRECTION('',(0.,0.,1.));
#6290=DIRECTION('center_axis',(0.,0.,-1.));
#6291=DIRECTION('ref_axis',(-0.891006524188368,-0.453990499739547,0.));
#6292=DIRECTION('center_axis',(0.,0.,1.));
#6293=DIRECTION('ref_axis',(-0.210578227221915,-0.977577009866781,0.));
#6294=DIRECTION('center_axis',(0.,0.,1.));
#6295=DIRECTION('ref_axis',(-0.210578227221915,-0.977577009866781,0.));
#6296=DIRECTION('',(0.,0.,-1.));
#6297=DIRECTION('center_axis',(0.,0.,-1.));
#6298=DIRECTION('ref_axis',(-0.210578227221915,-0.977577009866781,0.));
#6299=DIRECTION('center_axis',(0.,0.,1.));
#6300=DIRECTION('ref_axis',(-0.891006524188368,-0.453990499739547,0.));
#6301=DIRECTION('center_axis',(0.,0.,-1.));
#6302=DIRECTION('ref_axis',(-0.891006524188368,-0.453990499739547,0.));
#6303=DIRECTION('',(0.,0.,-1.));
#6304=DIRECTION('center_axis',(0.,0.,1.));
#6305=DIRECTION('ref_axis',(-0.891006524188368,-0.453990499739547,0.));
#6306=DIRECTION('center_axis',(0.,0.,1.));
#6307=DIRECTION('ref_axis',(-0.891006524188368,-0.453990499739547,0.));
#6308=DIRECTION('center_axis',(0.,0.,-1.));
#6309=DIRECTION('ref_axis',(-0.891006524188368,-0.453990499739547,0.));
#6310=DIRECTION('center_axis',(0.,0.,1.));
#6311=DIRECTION('ref_axis',(-0.891006524188368,-0.453990499739547,0.));
#6312=DIRECTION('center_axis',(0.,0.,1.));
#6313=DIRECTION('ref_axis',(1.,0.,0.));
#6314=DIRECTION('center_axis',(0.,0.,1.));
#6315=DIRECTION('ref_axis',(1.,0.,0.));
#6316=DIRECTION('',(0.,0.,1.));
#6317=DIRECTION('center_axis',(0.,0.,-1.));
#6318=DIRECTION('ref_axis',(1.,0.,0.));
#6319=DIRECTION('center_axis',(0.,0.,-1.));
#6320=DIRECTION('ref_axis',(0.840152625247724,-0.542350040370016,0.));
#6321=DIRECTION('center_axis',(0.,0.,-1.));
#6322=DIRECTION('ref_axis',(0.840152625247724,-0.542350040370016,0.));
#6323=DIRECTION('',(0.,0.,1.));
#6324=DIRECTION('center_axis',(0.,0.,1.));
#6325=DIRECTION('ref_axis',(0.840152625247724,-0.542350040370016,0.));
#6326=DIRECTION('',(0.,0.,-1.));
#6327=DIRECTION('center_axis',(0.,0.,1.));
#6328=DIRECTION('ref_axis',(-0.951056516295154,-0.309016994374947,0.));
#6329=DIRECTION('center_axis',(0.,0.,1.));
#6330=DIRECTION('ref_axis',(-0.951056516295154,-0.309016994374947,0.));
#6331=DIRECTION('',(0.,0.,1.));
#6332=DIRECTION('center_axis',(0.,0.,-1.));
#6333=DIRECTION('ref_axis',(-0.951056516295154,-0.309016994374947,0.));
#6334=DIRECTION('center_axis',(0.,0.,1.));
#6335=DIRECTION('ref_axis',(-0.360912396384406,-0.932599722354701,0.));
#6336=DIRECTION('center_axis',(0.,0.,1.));
#6337=DIRECTION('ref_axis',(-0.360912396384406,-0.932599722354701,0.));
#6338=DIRECTION('',(0.,0.,-1.));
#6339=DIRECTION('center_axis',(0.,0.,-1.));
#6340=DIRECTION('ref_axis',(-0.360912396384406,-0.932599722354701,0.));
#6341=DIRECTION('center_axis',(0.,0.,1.));
#6342=DIRECTION('ref_axis',(-0.951056516295154,-0.309016994374947,0.));
#6343=DIRECTION('center_axis',(0.,0.,-1.));
#6344=DIRECTION('ref_axis',(-0.951056516295154,-0.309016994374947,0.));
#6345=DIRECTION('',(0.,0.,-1.));
#6346=DIRECTION('center_axis',(0.,0.,1.));
#6347=DIRECTION('ref_axis',(-0.951056516295154,-0.309016994374947,0.));
#6348=DIRECTION('center_axis',(0.,0.,1.));
#6349=DIRECTION('ref_axis',(-0.951056516295154,-0.309016994374947,0.));
#6350=DIRECTION('center_axis',(0.,0.,-1.));
#6351=DIRECTION('ref_axis',(-0.951056516295154,-0.309016994374947,0.));
#6352=DIRECTION('center_axis',(0.,0.,1.));
#6353=DIRECTION('ref_axis',(-0.951056516295154,-0.309016994374947,0.));
#6354=DIRECTION('center_axis',(0.,0.,1.));
#6355=DIRECTION('ref_axis',(1.,0.,0.));
#6356=DIRECTION('center_axis',(0.,0.,1.));
#6357=DIRECTION('ref_axis',(1.,0.,0.));
#6358=DIRECTION('',(0.,0.,1.));
#6359=DIRECTION('center_axis',(0.,0.,-1.));
#6360=DIRECTION('ref_axis',(1.,0.,0.));
#6361=DIRECTION('center_axis',(0.,0.,-1.));
#6362=DIRECTION('ref_axis',(0.744966713847738,-0.667101637877544,0.));
#6363=DIRECTION('center_axis',(0.,0.,-1.));
#6364=DIRECTION('ref_axis',(0.744966713847738,-0.667101637877544,0.));
#6365=DIRECTION('',(0.,0.,1.));
#6366=DIRECTION('center_axis',(0.,0.,1.));
#6367=DIRECTION('ref_axis',(0.744966713847738,-0.667101637877544,0.));
#6368=DIRECTION('',(0.,0.,-1.));
#6369=DIRECTION('center_axis',(0.,0.,1.));
#6370=DIRECTION('ref_axis',(-0.987688340595138,-0.156434465040231,0.));
#6371=DIRECTION('center_axis',(0.,0.,1.));
#6372=DIRECTION('ref_axis',(-0.987688340595138,-0.156434465040231,0.));
#6373=DIRECTION('',(0.,0.,1.));
#6374=DIRECTION('center_axis',(0.,0.,-1.));
#6375=DIRECTION('ref_axis',(-0.987688340595138,-0.156434465040231,0.));
#6376=DIRECTION('center_axis',(0.,0.,1.));
#6377=DIRECTION('ref_axis',(-0.502359704548355,-0.864658734557218,0.));
#6378=DIRECTION('center_axis',(0.,0.,1.));
#6379=DIRECTION('ref_axis',(-0.502359704548355,-0.864658734557218,0.));
#6380=DIRECTION('',(0.,0.,-1.));
#6381=DIRECTION('center_axis',(0.,0.,-1.));
#6382=DIRECTION('ref_axis',(-0.502359704548355,-0.864658734557218,0.));
#6383=DIRECTION('center_axis',(0.,0.,1.));
#6384=DIRECTION('ref_axis',(-0.987688340595138,-0.156434465040231,0.));
#6385=DIRECTION('center_axis',(0.,0.,-1.));
#6386=DIRECTION('ref_axis',(-0.987688340595138,-0.156434465040231,0.));
#6387=DIRECTION('',(0.,0.,-1.));
#6388=DIRECTION('center_axis',(0.,0.,1.));
#6389=DIRECTION('ref_axis',(-0.987688340595138,-0.156434465040231,0.));
#6390=DIRECTION('center_axis',(0.,0.,1.));
#6391=DIRECTION('ref_axis',(-0.987688340595138,-0.156434465040231,0.));
#6392=DIRECTION('center_axis',(0.,0.,-1.));
#6393=DIRECTION('ref_axis',(-0.987688340595138,-0.156434465040231,0.));
#6394=DIRECTION('center_axis',(0.,0.,1.));
#6395=DIRECTION('ref_axis',(-0.987688340595138,-0.156434465040231,0.));
#6396=DIRECTION('center_axis',(0.,0.,1.));
#6397=DIRECTION('ref_axis',(1.,0.,0.));
#6398=DIRECTION('center_axis',(0.,0.,1.));
#6399=DIRECTION('ref_axis',(1.,0.,0.));
#6400=DIRECTION('',(0.,0.,1.));
#6401=DIRECTION('center_axis',(0.,0.,-1.));
#6402=DIRECTION('ref_axis',(1.,0.,0.));
#6403=DIRECTION('center_axis',(0.,0.,-1.));
#6404=DIRECTION('ref_axis',(0.631437249550049,-0.77542697907712,0.));
#6405=DIRECTION('center_axis',(0.,0.,-1.));
#6406=DIRECTION('ref_axis',(0.631437249550049,-0.77542697907712,0.));
#6407=DIRECTION('',(0.,0.,1.));
#6408=DIRECTION('center_axis',(0.,0.,1.));
#6409=DIRECTION('ref_axis',(0.631437249550049,-0.77542697907712,0.));
#6410=DIRECTION('',(0.,0.,-1.));
#6411=DIRECTION('center_axis',(0.,0.,1.));
#6412=DIRECTION('ref_axis',(-1.,1.22464679914735E-16,0.));
#6413=DIRECTION('center_axis',(0.,0.,1.));
#6414=DIRECTION('ref_axis',(-1.,1.22464679914735E-16,0.));
#6415=DIRECTION('',(0.,0.,1.));
#6416=DIRECTION('center_axis',(0.,0.,-1.));
#6417=DIRECTION('ref_axis',(-1.,1.22464679914735E-16,0.));
#6418=DIRECTION('center_axis',(0.,0.,1.));
#6419=DIRECTION('ref_axis',(-0.63143724955005,-0.77542697907712,0.));
#6420=DIRECTION('center_axis',(0.,0.,1.));
#6421=DIRECTION('ref_axis',(-0.63143724955005,-0.77542697907712,0.));
#6422=DIRECTION('',(0.,0.,-1.));
#6423=DIRECTION('center_axis',(0.,0.,-1.));
#6424=DIRECTION('ref_axis',(-0.63143724955005,-0.77542697907712,0.));
#6425=DIRECTION('center_axis',(0.,0.,1.));
#6426=DIRECTION('ref_axis',(-1.,1.22464679914735E-16,0.));
#6427=DIRECTION('center_axis',(0.,0.,-1.));
#6428=DIRECTION('ref_axis',(-1.,1.22464679914735E-16,0.));
#6429=DIRECTION('',(0.,0.,-1.));
#6430=DIRECTION('center_axis',(0.,0.,1.));
#6431=DIRECTION('ref_axis',(-1.,1.22464679914735E-16,0.));
#6432=DIRECTION('center_axis',(0.,0.,1.));
#6433=DIRECTION('ref_axis',(-1.,1.22464679914735E-16,0.));
#6434=DIRECTION('center_axis',(0.,0.,-1.));
#6435=DIRECTION('ref_axis',(-1.,1.22464679914735E-16,0.));
#6436=DIRECTION('center_axis',(0.,0.,1.));
#6437=DIRECTION('ref_axis',(-1.,1.22464679914735E-16,0.));
#6438=DIRECTION('center_axis',(0.,0.,1.));
#6439=DIRECTION('ref_axis',(1.,0.,0.));
#6440=DIRECTION('center_axis',(0.,0.,1.));
#6441=DIRECTION('ref_axis',(1.,0.,0.));
#6442=DIRECTION('',(0.,0.,1.));
#6443=DIRECTION('center_axis',(0.,0.,-1.));
#6444=DIRECTION('ref_axis',(1.,0.,0.));
#6445=DIRECTION('center_axis',(0.,0.,-1.));
#6446=DIRECTION('ref_axis',(0.502359704548355,-0.864658734557218,0.));
#6447=DIRECTION('center_axis',(0.,0.,-1.));
#6448=DIRECTION('ref_axis',(0.502359704548355,-0.864658734557218,0.));
#6449=DIRECTION('',(0.,0.,1.));
#6450=DIRECTION('center_axis',(0.,0.,1.));
#6451=DIRECTION('ref_axis',(0.502359704548355,-0.864658734557218,0.));
#6452=DIRECTION('',(0.,0.,-1.));
#6453=DIRECTION('center_axis',(0.,0.,1.));
#6454=DIRECTION('ref_axis',(-0.987688340595138,0.156434465040231,0.));
#6455=DIRECTION('center_axis',(0.,0.,1.));
#6456=DIRECTION('ref_axis',(-0.987688340595138,0.156434465040231,0.));
#6457=DIRECTION('',(0.,0.,1.));
#6458=DIRECTION('center_axis',(0.,0.,-1.));
#6459=DIRECTION('ref_axis',(-0.987688340595138,0.156434465040231,0.));
#6460=DIRECTION('center_axis',(0.,0.,1.));
#6461=DIRECTION('ref_axis',(-0.744966713847739,-0.667101637877544,0.));
#6462=DIRECTION('center_axis',(0.,0.,1.));
#6463=DIRECTION('ref_axis',(-0.744966713847739,-0.667101637877544,0.));
#6464=DIRECTION('',(0.,0.,-1.));
#6465=DIRECTION('center_axis',(0.,0.,-1.));
#6466=DIRECTION('ref_axis',(-0.744966713847739,-0.667101637877544,0.));
#6467=DIRECTION('center_axis',(0.,0.,1.));
#6468=DIRECTION('ref_axis',(-0.987688340595138,0.156434465040231,0.));
#6469=DIRECTION('center_axis',(0.,0.,-1.));
#6470=DIRECTION('ref_axis',(-0.987688340595138,0.156434465040231,0.));
#6471=DIRECTION('',(0.,0.,-1.));
#6472=DIRECTION('center_axis',(0.,0.,1.));
#6473=DIRECTION('ref_axis',(-0.987688340595138,0.156434465040231,0.));
#6474=DIRECTION('center_axis',(0.,0.,1.));
#6475=DIRECTION('ref_axis',(-0.987688340595138,0.156434465040231,0.));
#6476=DIRECTION('center_axis',(0.,0.,-1.));
#6477=DIRECTION('ref_axis',(-0.987688340595138,0.156434465040231,0.));
#6478=DIRECTION('center_axis',(0.,0.,1.));
#6479=DIRECTION('ref_axis',(-0.987688340595138,0.156434465040231,0.));
#6480=DIRECTION('center_axis',(0.,0.,1.));
#6481=DIRECTION('ref_axis',(1.,0.,0.));
#6482=DIRECTION('center_axis',(0.,0.,1.));
#6483=DIRECTION('ref_axis',(1.,0.,0.));
#6484=DIRECTION('',(0.,0.,1.));
#6485=DIRECTION('center_axis',(0.,0.,-1.));
#6486=DIRECTION('ref_axis',(1.,0.,0.));
#6487=DIRECTION('center_axis',(0.,0.,-1.));
#6488=DIRECTION('ref_axis',(0.360912396384406,-0.932599722354701,0.));
#6489=DIRECTION('center_axis',(0.,0.,-1.));
#6490=DIRECTION('ref_axis',(0.360912396384406,-0.932599722354701,0.));
#6491=DIRECTION('',(0.,0.,1.));
#6492=DIRECTION('center_axis',(0.,0.,1.));
#6493=DIRECTION('ref_axis',(0.360912396384406,-0.932599722354701,0.));
#6494=DIRECTION('',(0.,0.,-1.));
#6495=DIRECTION('center_axis',(0.,0.,1.));
#6496=DIRECTION('ref_axis',(-0.951056516295154,0.309016994374948,0.));
#6497=DIRECTION('center_axis',(0.,0.,1.));
#6498=DIRECTION('ref_axis',(-0.951056516295154,0.309016994374948,0.));
#6499=DIRECTION('',(0.,0.,1.));
#6500=DIRECTION('center_axis',(0.,0.,-1.));
#6501=DIRECTION('ref_axis',(-0.951056516295154,0.309016994374948,0.));
#6502=DIRECTION('center_axis',(0.,0.,1.));
#6503=DIRECTION('ref_axis',(-0.840152625247725,-0.542350040370013,0.));
#6504=DIRECTION('center_axis',(0.,0.,1.));
#6505=DIRECTION('ref_axis',(-0.840152625247725,-0.542350040370013,0.));
#6506=DIRECTION('',(0.,0.,-1.));
#6507=DIRECTION('center_axis',(0.,0.,-1.));
#6508=DIRECTION('ref_axis',(-0.840152625247725,-0.542350040370013,0.));
#6509=DIRECTION('center_axis',(0.,0.,1.));
#6510=DIRECTION('ref_axis',(-0.951056516295154,0.309016994374948,0.));
#6511=DIRECTION('center_axis',(0.,0.,-1.));
#6512=DIRECTION('ref_axis',(-0.951056516295154,0.309016994374948,0.));
#6513=DIRECTION('',(0.,0.,-1.));
#6514=DIRECTION('center_axis',(0.,0.,1.));
#6515=DIRECTION('ref_axis',(-0.951056516295154,0.309016994374948,0.));
#6516=DIRECTION('center_axis',(0.,0.,1.));
#6517=DIRECTION('ref_axis',(-0.951056516295154,0.309016994374948,0.));
#6518=DIRECTION('center_axis',(0.,0.,-1.));
#6519=DIRECTION('ref_axis',(-0.951056516295154,0.309016994374948,0.));
#6520=DIRECTION('center_axis',(0.,0.,1.));
#6521=DIRECTION('ref_axis',(-0.951056516295154,0.309016994374948,0.));
#6522=DIRECTION('center_axis',(0.,0.,1.));
#6523=DIRECTION('ref_axis',(1.,0.,0.));
#6524=DIRECTION('center_axis',(0.,0.,1.));
#6525=DIRECTION('ref_axis',(1.,0.,0.));
#6526=DIRECTION('',(0.,0.,1.));
#6527=DIRECTION('center_axis',(0.,0.,-1.));
#6528=DIRECTION('ref_axis',(1.,0.,0.));
#6529=DIRECTION('center_axis',(0.,0.,-1.));
#6530=DIRECTION('ref_axis',(0.210578227221911,-0.977577009866781,0.));
#6531=DIRECTION('center_axis',(0.,0.,-1.));
#6532=DIRECTION('ref_axis',(0.210578227221911,-0.977577009866781,0.));
#6533=DIRECTION('',(0.,0.,1.));
#6534=DIRECTION('center_axis',(0.,0.,1.));
#6535=DIRECTION('ref_axis',(0.210578227221911,-0.977577009866781,0.));
#6536=DIRECTION('',(0.,0.,-1.));
#6537=DIRECTION('center_axis',(0.,0.,1.));
#6538=DIRECTION('ref_axis',(-0.891006524188368,0.453990499739547,0.));
#6539=DIRECTION('center_axis',(0.,0.,1.));
#6540=DIRECTION('ref_axis',(-0.891006524188368,0.453990499739547,0.));
#6541=DIRECTION('',(0.,0.,1.));
#6542=DIRECTION('center_axis',(0.,0.,-1.));
#6543=DIRECTION('ref_axis',(-0.891006524188368,0.453990499739547,0.));
#6544=DIRECTION('center_axis',(0.,0.,1.));
#6545=DIRECTION('ref_axis',(-0.914651190707406,-0.404243984911989,0.));
#6546=DIRECTION('center_axis',(0.,0.,1.));
#6547=DIRECTION('ref_axis',(-0.914651190707406,-0.404243984911989,0.));
#6548=DIRECTION('',(0.,0.,-1.));
#6549=DIRECTION('center_axis',(0.,0.,-1.));
#6550=DIRECTION('ref_axis',(-0.914651190707406,-0.404243984911989,0.));
#6551=DIRECTION('center_axis',(0.,0.,1.));
#6552=DIRECTION('ref_axis',(-0.891006524188368,0.453990499739547,0.));
#6553=DIRECTION('center_axis',(0.,0.,-1.));
#6554=DIRECTION('ref_axis',(-0.891006524188368,0.453990499739547,0.));
#6555=DIRECTION('',(0.,0.,-1.));
#6556=DIRECTION('center_axis',(0.,0.,1.));
#6557=DIRECTION('ref_axis',(-0.891006524188368,0.453990499739547,0.));
#6558=DIRECTION('center_axis',(0.,0.,1.));
#6559=DIRECTION('ref_axis',(-0.891006524188368,0.453990499739547,0.));
#6560=DIRECTION('center_axis',(0.,0.,-1.));
#6561=DIRECTION('ref_axis',(-0.891006524188368,0.453990499739547,0.));
#6562=DIRECTION('center_axis',(0.,0.,1.));
#6563=DIRECTION('ref_axis',(-0.891006524188368,0.453990499739547,0.));
#6564=DIRECTION('center_axis',(0.,0.,1.));
#6565=DIRECTION('ref_axis',(1.,0.,0.));
#6566=DIRECTION('center_axis',(0.,0.,1.));
#6567=DIRECTION('ref_axis',(1.,0.,0.));
#6568=DIRECTION('',(0.,0.,1.));
#6569=DIRECTION('center_axis',(0.,0.,-1.));
#6570=DIRECTION('ref_axis',(1.,0.,0.));
#6571=DIRECTION('center_axis',(0.,0.,-1.));
#6572=DIRECTION('ref_axis',(0.0550589232361382,-0.998483107003858,0.));
#6573=DIRECTION('center_axis',(0.,0.,-1.));
#6574=DIRECTION('ref_axis',(0.0550589232361382,-0.998483107003858,0.));
#6575=DIRECTION('',(0.,0.,1.));
#6576=DIRECTION('center_axis',(0.,0.,1.));
#6577=DIRECTION('ref_axis',(0.0550589232361382,-0.998483107003858,0.));
#6578=DIRECTION('',(0.,0.,-1.));
#6579=DIRECTION('center_axis',(0.,0.,1.));
#6580=DIRECTION('ref_axis',(-0.809016994374947,0.587785252292473,0.));
#6581=DIRECTION('center_axis',(0.,0.,1.));
#6582=DIRECTION('ref_axis',(-0.809016994374947,0.587785252292473,0.));
#6583=DIRECTION('',(0.,0.,1.));
#6584=DIRECTION('center_axis',(0.,0.,-1.));
#6585=DIRECTION('ref_axis',(-0.809016994374947,0.587785252292473,0.));
#6586=DIRECTION('center_axis',(0.,0.,1.));
#6587=DIRECTION('ref_axis',(-0.966628008298603,-0.256184100936565,0.));
#6588=DIRECTION('center_axis',(0.,0.,1.));
#6589=DIRECTION('ref_axis',(-0.966628008298603,-0.256184100936565,0.));
#6590=DIRECTION('',(0.,0.,-1.));
#6591=DIRECTION('center_axis',(0.,0.,-1.));
#6592=DIRECTION('ref_axis',(-0.966628008298603,-0.256184100936565,0.));
#6593=DIRECTION('center_axis',(0.,0.,1.));
#6594=DIRECTION('ref_axis',(-0.809016994374947,0.587785252292473,0.));
#6595=DIRECTION('center_axis',(0.,0.,-1.));
#6596=DIRECTION('ref_axis',(-0.809016994374947,0.587785252292473,0.));
#6597=DIRECTION('',(0.,0.,-1.));
#6598=DIRECTION('center_axis',(0.,0.,1.));
#6599=DIRECTION('ref_axis',(-0.809016994374947,0.587785252292473,0.));
#6600=DIRECTION('center_axis',(0.,0.,1.));
#6601=DIRECTION('ref_axis',(-0.809016994374947,0.587785252292473,0.));
#6602=DIRECTION('center_axis',(0.,0.,-1.));
#6603=DIRECTION('ref_axis',(-0.809016994374947,0.587785252292473,0.));
#6604=DIRECTION('center_axis',(0.,0.,1.));
#6605=DIRECTION('ref_axis',(-0.809016994374947,0.587785252292473,0.));
#6606=DIRECTION('center_axis',(0.,0.,1.));
#6607=DIRECTION('ref_axis',(1.,0.,0.));
#6608=DIRECTION('center_axis',(0.,0.,1.));
#6609=DIRECTION('ref_axis',(1.,0.,0.));
#6610=DIRECTION('',(0.,0.,1.));
#6611=DIRECTION('center_axis',(0.,0.,-1.));
#6612=DIRECTION('ref_axis',(1.,0.,0.));
#6613=DIRECTION('center_axis',(0.,0.,-1.));
#6614=DIRECTION('ref_axis',(-0.10181611416981,-0.994803236271053,0.));
#6615=DIRECTION('center_axis',(0.,0.,-1.));
#6616=DIRECTION('ref_axis',(-0.10181611416981,-0.994803236271053,0.));
#6617=DIRECTION('',(0.,0.,1.));
#6618=DIRECTION('center_axis',(0.,0.,1.));
#6619=DIRECTION('ref_axis',(-0.10181611416981,-0.994803236271053,0.));
#6620=DIRECTION('',(0.,0.,-1.));
#6621=DIRECTION('center_axis',(0.,0.,1.));
#6622=DIRECTION('ref_axis',(-0.707106781186547,0.707106781186548,0.));
#6623=DIRECTION('center_axis',(0.,0.,1.));
#6624=DIRECTION('ref_axis',(-0.707106781186547,0.707106781186548,0.));
#6625=DIRECTION('',(0.,0.,1.));
#6626=DIRECTION('center_axis',(0.,0.,-1.));
#6627=DIRECTION('ref_axis',(-0.707106781186547,0.707106781186548,0.));
#6628=DIRECTION('center_axis',(0.,0.,1.));
#6629=DIRECTION('ref_axis',(-0.994803236271053,-0.101816114169809,0.));
#6630=DIRECTION('center_axis',(0.,0.,1.));
#6631=DIRECTION('ref_axis',(-0.994803236271053,-0.101816114169809,0.));
#6632=DIRECTION('',(0.,0.,-1.));
#6633=DIRECTION('center_axis',(0.,0.,-1.));
#6634=DIRECTION('ref_axis',(-0.994803236271053,-0.101816114169809,0.));
#6635=DIRECTION('center_axis',(0.,0.,1.));
#6636=DIRECTION('ref_axis',(-0.707106781186547,0.707106781186548,0.));
#6637=DIRECTION('center_axis',(0.,0.,-1.));
#6638=DIRECTION('ref_axis',(-0.707106781186547,0.707106781186548,0.));
#6639=DIRECTION('',(0.,0.,-1.));
#6640=DIRECTION('center_axis',(0.,0.,1.));
#6641=DIRECTION('ref_axis',(-0.707106781186547,0.707106781186548,0.));
#6642=DIRECTION('center_axis',(0.,0.,1.));
#6643=DIRECTION('ref_axis',(-0.707106781186547,0.707106781186548,0.));
#6644=DIRECTION('center_axis',(0.,0.,-1.));
#6645=DIRECTION('ref_axis',(-0.707106781186547,0.707106781186548,0.));
#6646=DIRECTION('center_axis',(0.,0.,1.));
#6647=DIRECTION('ref_axis',(-0.707106781186547,0.707106781186548,0.));
#6648=DIRECTION('center_axis',(0.,0.,1.));
#6649=DIRECTION('ref_axis',(1.,0.,0.));
#6650=DIRECTION('center_axis',(0.,0.,1.));
#6651=DIRECTION('ref_axis',(1.,0.,0.));
#6652=DIRECTION('',(0.,0.,1.));
#6653=DIRECTION('center_axis',(0.,0.,-1.));
#6654=DIRECTION('ref_axis',(1.,0.,0.));
#6655=DIRECTION('center_axis',(0.,0.,-1.));
#6656=DIRECTION('ref_axis',(-0.256184100936568,-0.966628008298602,0.));
#6657=DIRECTION('center_axis',(0.,0.,-1.));
#6658=DIRECTION('ref_axis',(-0.256184100936568,-0.966628008298602,0.));
#6659=DIRECTION('',(0.,0.,1.));
#6660=DIRECTION('center_axis',(0.,0.,1.));
#6661=DIRECTION('ref_axis',(-0.256184100936568,-0.966628008298602,0.));
#6662=DIRECTION('',(0.,0.,-1.));
#6663=DIRECTION('center_axis',(0.,0.,1.));
#6664=DIRECTION('ref_axis',(-0.587785252292473,0.809016994374948,0.));
#6665=DIRECTION('center_axis',(0.,0.,1.));
#6666=DIRECTION('ref_axis',(-0.587785252292473,0.809016994374948,0.));
#6667=DIRECTION('',(0.,0.,1.));
#6668=DIRECTION('center_axis',(0.,0.,-1.));
#6669=DIRECTION('ref_axis',(-0.587785252292473,0.809016994374948,0.));
#6670=DIRECTION('center_axis',(0.,0.,1.));
#6671=DIRECTION('ref_axis',(-0.998483107003858,0.0550589232361277,0.));
#6672=DIRECTION('center_axis',(0.,0.,1.));
#6673=DIRECTION('ref_axis',(-0.998483107003858,0.0550589232361277,0.));
#6674=DIRECTION('',(0.,0.,-1.));
#6675=DIRECTION('center_axis',(0.,0.,-1.));
#6676=DIRECTION('ref_axis',(-0.998483107003858,0.0550589232361277,0.));
#6677=DIRECTION('center_axis',(0.,0.,1.));
#6678=DIRECTION('ref_axis',(-0.587785252292473,0.809016994374948,0.));
#6679=DIRECTION('center_axis',(0.,0.,-1.));
#6680=DIRECTION('ref_axis',(-0.587785252292473,0.809016994374948,0.));
#6681=DIRECTION('',(0.,0.,-1.));
#6682=DIRECTION('center_axis',(0.,0.,1.));
#6683=DIRECTION('ref_axis',(-0.587785252292473,0.809016994374948,0.));
#6684=DIRECTION('center_axis',(0.,0.,1.));
#6685=DIRECTION('ref_axis',(-0.587785252292473,0.809016994374947,0.));
#6686=DIRECTION('center_axis',(0.,0.,-1.));
#6687=DIRECTION('ref_axis',(-0.587785252292473,0.809016994374947,0.));
#6688=DIRECTION('center_axis',(0.,0.,1.));
#6689=DIRECTION('ref_axis',(-0.587785252292473,0.809016994374947,0.));
#6690=DIRECTION('center_axis',(0.,0.,1.));
#6691=DIRECTION('ref_axis',(1.,0.,0.));
#6692=DIRECTION('center_axis',(0.,0.,1.));
#6693=DIRECTION('ref_axis',(1.,0.,0.));
#6694=DIRECTION('',(0.,0.,1.));
#6695=DIRECTION('center_axis',(0.,0.,-1.));
#6696=DIRECTION('ref_axis',(1.,0.,0.));
#6697=DIRECTION('center_axis',(0.,0.,-1.));
#6698=DIRECTION('ref_axis',(-0.404243984912005,-0.914651190707399,0.));
#6699=DIRECTION('center_axis',(0.,0.,-1.));
#6700=DIRECTION('ref_axis',(-0.404243984912005,-0.914651190707399,0.));
#6701=DIRECTION('',(0.,0.,1.));
#6702=DIRECTION('center_axis',(0.,0.,1.));
#6703=DIRECTION('ref_axis',(-0.404243984912005,-0.914651190707399,0.));
#6704=DIRECTION('',(0.,0.,-1.));
#6705=DIRECTION('center_axis',(0.,0.,1.));
#6706=DIRECTION('ref_axis',(-0.453990499739547,0.891006524188368,0.));
#6707=DIRECTION('center_axis',(0.,0.,1.));
#6708=DIRECTION('ref_axis',(-0.453990499739547,0.891006524188368,0.));
#6709=DIRECTION('',(0.,0.,1.));
#6710=DIRECTION('center_axis',(0.,0.,-1.));
#6711=DIRECTION('ref_axis',(-0.453990499739547,0.891006524188368,0.));
#6712=DIRECTION('center_axis',(0.,0.,1.));
#6713=DIRECTION('ref_axis',(-0.977577009866783,0.210578227221901,0.));
#6714=DIRECTION('center_axis',(0.,0.,1.));
#6715=DIRECTION('ref_axis',(-0.977577009866783,0.210578227221901,0.));
#6716=DIRECTION('',(0.,0.,-1.));
#6717=DIRECTION('center_axis',(0.,0.,-1.));
#6718=DIRECTION('ref_axis',(-0.977577009866783,0.210578227221901,0.));
#6719=DIRECTION('center_axis',(0.,0.,1.));
#6720=DIRECTION('ref_axis',(-0.453990499739547,0.891006524188368,0.));
#6721=DIRECTION('center_axis',(0.,0.,-1.));
#6722=DIRECTION('ref_axis',(-0.453990499739547,0.891006524188368,0.));
#6723=DIRECTION('',(0.,0.,-1.));
#6724=DIRECTION('center_axis',(0.,0.,1.));
#6725=DIRECTION('ref_axis',(-0.453990499739547,0.891006524188368,0.));
#6726=DIRECTION('center_axis',(0.,0.,1.));
#6727=DIRECTION('ref_axis',(-0.453990499739547,0.891006524188368,0.));
#6728=DIRECTION('center_axis',(0.,0.,-1.));
#6729=DIRECTION('ref_axis',(-0.453990499739547,0.891006524188368,0.));
#6730=DIRECTION('center_axis',(0.,0.,1.));
#6731=DIRECTION('ref_axis',(-0.453990499739547,0.891006524188368,0.));
#6732=DIRECTION('center_axis',(0.,0.,1.));
#6733=DIRECTION('ref_axis',(1.,0.,0.));
#6734=DIRECTION('center_axis',(0.,0.,1.));
#6735=DIRECTION('ref_axis',(1.,0.,0.));
#6736=DIRECTION('',(0.,0.,1.));
#6737=DIRECTION('center_axis',(0.,0.,-1.));
#6738=DIRECTION('ref_axis',(1.,0.,0.));
#6739=DIRECTION('center_axis',(0.,0.,-1.));
#6740=DIRECTION('ref_axis',(-0.542350040370032,-0.840152625247713,0.));
#6741=DIRECTION('center_axis',(0.,0.,-1.));
#6742=DIRECTION('ref_axis',(-0.542350040370032,-0.840152625247713,0.));
#6743=DIRECTION('',(0.,0.,1.));
#6744=DIRECTION('center_axis',(0.,0.,1.));
#6745=DIRECTION('ref_axis',(-0.542350040370032,-0.840152625247713,0.));
#6746=DIRECTION('',(0.,0.,-1.));
#6747=DIRECTION('center_axis',(0.,0.,1.));
#6748=DIRECTION('ref_axis',(-0.309016994374947,0.951056516295154,0.));
#6749=DIRECTION('center_axis',(0.,0.,1.));
#6750=DIRECTION('ref_axis',(-0.309016994374947,0.951056516295154,0.));
#6751=DIRECTION('',(0.,0.,1.));
#6752=DIRECTION('center_axis',(0.,0.,-1.));
#6753=DIRECTION('ref_axis',(-0.309016994374947,0.951056516295154,0.));
#6754=DIRECTION('center_axis',(0.,0.,1.));
#6755=DIRECTION('ref_axis',(-0.932599722354699,0.36091239638441,0.));
#6756=DIRECTION('center_axis',(0.,0.,1.));
#6757=DIRECTION('ref_axis',(-0.932599722354699,0.36091239638441,0.));
#6758=DIRECTION('',(0.,0.,-1.));
#6759=DIRECTION('center_axis',(0.,0.,-1.));
#6760=DIRECTION('ref_axis',(-0.932599722354699,0.36091239638441,0.));
#6761=DIRECTION('center_axis',(0.,0.,1.));
#6762=DIRECTION('ref_axis',(-0.309016994374947,0.951056516295154,0.));
#6763=DIRECTION('center_axis',(0.,0.,-1.));
#6764=DIRECTION('ref_axis',(-0.309016994374947,0.951056516295154,0.));
#6765=DIRECTION('',(0.,0.,-1.));
#6766=DIRECTION('center_axis',(0.,0.,1.));
#6767=DIRECTION('ref_axis',(-0.309016994374947,0.951056516295154,0.));
#6768=DIRECTION('center_axis',(0.,0.,1.));
#6769=DIRECTION('ref_axis',(-0.309016994374947,0.951056516295154,0.));
#6770=DIRECTION('center_axis',(0.,0.,-1.));
#6771=DIRECTION('ref_axis',(-0.309016994374947,0.951056516295154,0.));
#6772=DIRECTION('center_axis',(0.,0.,1.));
#6773=DIRECTION('ref_axis',(-0.309016994374947,0.951056516295154,0.));
#6774=DIRECTION('center_axis',(0.,0.,1.));
#6775=DIRECTION('ref_axis',(1.,0.,0.));
#6776=DIRECTION('center_axis',(0.,0.,1.));
#6777=DIRECTION('ref_axis',(1.,0.,0.));
#6778=DIRECTION('',(0.,0.,1.));
#6779=DIRECTION('center_axis',(0.,0.,-1.));
#6780=DIRECTION('ref_axis',(1.,0.,0.));
#6781=DIRECTION('center_axis',(0.,0.,-1.));
#6782=DIRECTION('ref_axis',(-0.667101637877545,-0.744966713847737,0.));
#6783=DIRECTION('center_axis',(0.,0.,-1.));
#6784=DIRECTION('ref_axis',(-0.667101637877545,-0.744966713847737,0.));
#6785=DIRECTION('',(0.,0.,1.));
#6786=DIRECTION('center_axis',(0.,0.,1.));
#6787=DIRECTION('ref_axis',(-0.667101637877545,-0.744966713847737,0.));
#6788=DIRECTION('',(0.,0.,-1.));
#6789=DIRECTION('center_axis',(0.,0.,1.));
#6790=DIRECTION('ref_axis',(-0.156434465040231,0.987688340595138,0.));
#6791=DIRECTION('center_axis',(0.,0.,1.));
#6792=DIRECTION('ref_axis',(-0.156434465040231,0.987688340595138,0.));
#6793=DIRECTION('',(0.,0.,1.));
#6794=DIRECTION('center_axis',(0.,0.,-1.));
#6795=DIRECTION('ref_axis',(-0.156434465040231,0.987688340595138,0.));
#6796=DIRECTION('center_axis',(0.,0.,1.));
#6797=DIRECTION('ref_axis',(-0.864658734557218,0.502359704548355,0.));
#6798=DIRECTION('center_axis',(0.,0.,1.));
#6799=DIRECTION('ref_axis',(-0.864658734557218,0.502359704548355,0.));
#6800=DIRECTION('',(0.,0.,-1.));
#6801=DIRECTION('center_axis',(0.,0.,-1.));
#6802=DIRECTION('ref_axis',(-0.864658734557218,0.502359704548355,0.));
#6803=DIRECTION('center_axis',(0.,0.,1.));
#6804=DIRECTION('ref_axis',(-0.156434465040231,0.987688340595138,0.));
#6805=DIRECTION('center_axis',(0.,0.,-1.));
#6806=DIRECTION('ref_axis',(-0.156434465040231,0.987688340595138,0.));
#6807=DIRECTION('',(0.,0.,-1.));
#6808=DIRECTION('center_axis',(0.,0.,1.));
#6809=DIRECTION('ref_axis',(-0.156434465040231,0.987688340595138,0.));
#6810=DIRECTION('center_axis',(0.,0.,1.));
#6811=DIRECTION('ref_axis',(-0.156434465040231,0.987688340595138,0.));
#6812=DIRECTION('center_axis',(0.,0.,-1.));
#6813=DIRECTION('ref_axis',(-0.156434465040231,0.987688340595138,0.));
#6814=DIRECTION('center_axis',(0.,0.,1.));
#6815=DIRECTION('ref_axis',(-0.156434465040231,0.987688340595138,0.));
#6816=DIRECTION('center_axis',(0.,0.,1.));
#6817=DIRECTION('ref_axis',(1.,0.,0.));
#6818=DIRECTION('center_axis',(0.,0.,1.));
#6819=DIRECTION('ref_axis',(1.,0.,0.));
#6820=DIRECTION('',(0.,0.,1.));
#6821=DIRECTION('center_axis',(0.,0.,-1.));
#6822=DIRECTION('ref_axis',(1.,0.,0.));
#6823=DIRECTION('center_axis',(0.,0.,-1.));
#6824=DIRECTION('ref_axis',(-0.77542697907712,-0.631437249550049,0.));
#6825=DIRECTION('center_axis',(0.,0.,-1.));
#6826=DIRECTION('ref_axis',(-0.77542697907712,-0.631437249550049,0.));
#6827=DIRECTION('',(0.,0.,1.));
#6828=DIRECTION('center_axis',(0.,0.,1.));
#6829=DIRECTION('ref_axis',(-0.77542697907712,-0.631437249550049,0.));
#6830=DIRECTION('',(0.,0.,-1.));
#6831=DIRECTION('center_axis',(0.,0.,1.));
#6832=DIRECTION('ref_axis',(6.12323399573677E-17,1.,0.));
#6833=DIRECTION('center_axis',(0.,0.,1.));
#6834=DIRECTION('ref_axis',(6.12323399573677E-17,1.,0.));
#6835=DIRECTION('',(0.,0.,1.));
#6836=DIRECTION('center_axis',(0.,0.,-1.));
#6837=DIRECTION('ref_axis',(6.12323399573677E-17,1.,0.));
#6838=DIRECTION('center_axis',(0.,0.,1.));
#6839=DIRECTION('ref_axis',(-0.77542697907712,0.631437249550049,0.));
#6840=DIRECTION('center_axis',(0.,0.,1.));
#6841=DIRECTION('ref_axis',(-0.77542697907712,0.631437249550049,0.));
#6842=DIRECTION('',(0.,0.,-1.));
#6843=DIRECTION('center_axis',(0.,0.,-1.));
#6844=DIRECTION('ref_axis',(-0.77542697907712,0.631437249550049,0.));
#6845=DIRECTION('center_axis',(0.,0.,1.));
#6846=DIRECTION('ref_axis',(6.12323399573677E-17,1.,0.));
#6847=DIRECTION('center_axis',(0.,0.,-1.));
#6848=DIRECTION('ref_axis',(6.12323399573677E-17,1.,0.));
#6849=DIRECTION('',(0.,0.,-1.));
#6850=DIRECTION('center_axis',(0.,0.,1.));
#6851=DIRECTION('ref_axis',(6.12323399573677E-17,1.,0.));
#6852=DIRECTION('center_axis',(0.,0.,1.));
#6853=DIRECTION('ref_axis',(6.12323399573677E-17,1.,0.));
#6854=DIRECTION('center_axis',(0.,0.,-1.));
#6855=DIRECTION('ref_axis',(6.12323399573677E-17,1.,0.));
#6856=DIRECTION('center_axis',(0.,0.,1.));
#6857=DIRECTION('ref_axis',(6.12323399573677E-17,1.,0.));
#6858=DIRECTION('center_axis',(0.,0.,1.));
#6859=DIRECTION('ref_axis',(1.,0.,0.));
#6860=DIRECTION('center_axis',(0.,0.,1.));
#6861=DIRECTION('ref_axis',(1.,0.,0.));
#6862=DIRECTION('',(0.,0.,1.));
#6863=DIRECTION('center_axis',(0.,0.,-1.));
#6864=DIRECTION('ref_axis',(1.,0.,0.));
#6865=DIRECTION('center_axis',(0.,0.,-1.));
#6866=DIRECTION('ref_axis',(-0.864658734557218,-0.502359704548355,0.));
#6867=DIRECTION('center_axis',(0.,0.,-1.));
#6868=DIRECTION('ref_axis',(-0.864658734557218,-0.502359704548355,0.));
#6869=DIRECTION('',(0.,0.,1.));
#6870=DIRECTION('center_axis',(0.,0.,1.));
#6871=DIRECTION('ref_axis',(-0.864658734557218,-0.502359704548355,0.));
#6872=DIRECTION('',(0.,0.,-1.));
#6873=DIRECTION('center_axis',(0.,0.,1.));
#6874=DIRECTION('ref_axis',(0.156434465040231,0.987688340595138,0.));
#6875=DIRECTION('center_axis',(0.,0.,1.));
#6876=DIRECTION('ref_axis',(0.156434465040231,0.987688340595138,0.));
#6877=DIRECTION('',(0.,0.,1.));
#6878=DIRECTION('center_axis',(0.,0.,-1.));
#6879=DIRECTION('ref_axis',(0.156434465040231,0.987688340595138,0.));
#6880=DIRECTION('center_axis',(0.,0.,1.));
#6881=DIRECTION('ref_axis',(-0.667101637877545,0.744966713847737,0.));
#6882=DIRECTION('center_axis',(0.,0.,1.));
#6883=DIRECTION('ref_axis',(-0.667101637877545,0.744966713847737,0.));
#6884=DIRECTION('',(0.,0.,-1.));
#6885=DIRECTION('center_axis',(0.,0.,-1.));
#6886=DIRECTION('ref_axis',(-0.667101637877545,0.744966713847737,0.));
#6887=DIRECTION('center_axis',(0.,0.,1.));
#6888=DIRECTION('ref_axis',(0.156434465040231,0.987688340595138,0.));
#6889=DIRECTION('center_axis',(0.,0.,-1.));
#6890=DIRECTION('ref_axis',(0.156434465040231,0.987688340595138,0.));
#6891=DIRECTION('',(0.,0.,-1.));
#6892=DIRECTION('center_axis',(0.,0.,1.));
#6893=DIRECTION('ref_axis',(0.156434465040231,0.987688340595138,0.));
#6894=DIRECTION('center_axis',(0.,0.,1.));
#6895=DIRECTION('ref_axis',(0.156434465040231,0.987688340595138,0.));
#6896=DIRECTION('center_axis',(0.,0.,-1.));
#6897=DIRECTION('ref_axis',(0.156434465040231,0.987688340595138,0.));
#6898=DIRECTION('center_axis',(0.,0.,1.));
#6899=DIRECTION('ref_axis',(0.156434465040231,0.987688340595138,0.));
#6900=DIRECTION('center_axis',(0.,0.,1.));
#6901=DIRECTION('ref_axis',(1.,0.,0.));
#6902=DIRECTION('center_axis',(0.,0.,1.));
#6903=DIRECTION('ref_axis',(1.,0.,0.));
#6904=DIRECTION('',(0.,0.,1.));
#6905=DIRECTION('center_axis',(0.,0.,-1.));
#6906=DIRECTION('ref_axis',(1.,0.,0.));
#6907=DIRECTION('center_axis',(0.,0.,-1.));
#6908=DIRECTION('ref_axis',(-0.932599722354699,-0.36091239638441,0.));
#6909=DIRECTION('center_axis',(0.,0.,-1.));
#6910=DIRECTION('ref_axis',(-0.932599722354699,-0.36091239638441,0.));
#6911=DIRECTION('',(0.,0.,1.));
#6912=DIRECTION('center_axis',(0.,0.,1.));
#6913=DIRECTION('ref_axis',(-0.932599722354699,-0.36091239638441,0.));
#6914=DIRECTION('',(0.,0.,-1.));
#6915=DIRECTION('center_axis',(0.,0.,1.));
#6916=DIRECTION('ref_axis',(0.309016994374948,0.951056516295154,0.));
#6917=DIRECTION('center_axis',(0.,0.,1.));
#6918=DIRECTION('ref_axis',(0.309016994374948,0.951056516295154,0.));
#6919=DIRECTION('',(0.,0.,1.));
#6920=DIRECTION('center_axis',(0.,0.,-1.));
#6921=DIRECTION('ref_axis',(0.309016994374948,0.951056516295154,0.));
#6922=DIRECTION('center_axis',(0.,0.,1.));
#6923=DIRECTION('ref_axis',(-0.542350040370016,0.840152625247724,0.));
#6924=DIRECTION('center_axis',(0.,0.,1.));
#6925=DIRECTION('ref_axis',(-0.542350040370016,0.840152625247724,0.));
#6926=DIRECTION('',(0.,0.,-1.));
#6927=DIRECTION('center_axis',(0.,0.,-1.));
#6928=DIRECTION('ref_axis',(-0.542350040370016,0.840152625247724,0.));
#6929=DIRECTION('center_axis',(0.,0.,1.));
#6930=DIRECTION('ref_axis',(0.309016994374948,0.951056516295154,0.));
#6931=DIRECTION('center_axis',(0.,0.,-1.));
#6932=DIRECTION('ref_axis',(0.309016994374948,0.951056516295154,0.));
#6933=DIRECTION('',(0.,0.,-1.));
#6934=DIRECTION('center_axis',(0.,0.,1.));
#6935=DIRECTION('ref_axis',(0.309016994374948,0.951056516295154,0.));
#6936=DIRECTION('center_axis',(0.,0.,1.));
#6937=DIRECTION('ref_axis',(0.309016994374947,0.951056516295154,0.));
#6938=DIRECTION('center_axis',(0.,0.,-1.));
#6939=DIRECTION('ref_axis',(0.309016994374947,0.951056516295154,0.));
#6940=DIRECTION('center_axis',(0.,0.,1.));
#6941=DIRECTION('ref_axis',(0.309016994374947,0.951056516295154,0.));
#6942=DIRECTION('center_axis',(0.,0.,1.));
#6943=DIRECTION('ref_axis',(1.,0.,0.));
#6944=DIRECTION('center_axis',(0.,0.,1.));
#6945=DIRECTION('ref_axis',(1.,0.,0.));
#6946=DIRECTION('',(0.,0.,1.));
#6947=DIRECTION('center_axis',(0.,0.,-1.));
#6948=DIRECTION('ref_axis',(1.,0.,0.));
#6949=DIRECTION('center_axis',(0.,0.,-1.));
#6950=DIRECTION('ref_axis',(-0.977577009866785,-0.210578227221897,0.));
#6951=DIRECTION('center_axis',(0.,0.,-1.));
#6952=DIRECTION('ref_axis',(-0.977577009866785,-0.210578227221897,0.));
#6953=DIRECTION('',(0.,0.,1.));
#6954=DIRECTION('center_axis',(0.,0.,1.));
#6955=DIRECTION('ref_axis',(-0.977577009866785,-0.210578227221897,0.));
#6956=DIRECTION('',(0.,0.,-1.));
#6957=DIRECTION('center_axis',(0.,0.,1.));
#6958=DIRECTION('ref_axis',(0.453990499739547,0.891006524188368,0.));
#6959=DIRECTION('center_axis',(0.,0.,1.));
#6960=DIRECTION('ref_axis',(0.453990499739547,0.891006524188368,0.));
#6961=DIRECTION('',(0.,0.,1.));
#6962=DIRECTION('center_axis',(0.,0.,-1.));
#6963=DIRECTION('ref_axis',(0.453990499739547,0.891006524188368,0.));
#6964=DIRECTION('center_axis',(0.,0.,1.));
#6965=DIRECTION('ref_axis',(-0.404243984912005,0.914651190707399,0.));
#6966=DIRECTION('center_axis',(0.,0.,1.));
#6967=DIRECTION('ref_axis',(-0.404243984912005,0.914651190707399,0.));
#6968=DIRECTION('',(0.,0.,-1.));
#6969=DIRECTION('center_axis',(0.,0.,-1.));
#6970=DIRECTION('ref_axis',(-0.404243984912005,0.914651190707399,0.));
#6971=DIRECTION('center_axis',(0.,0.,1.));
#6972=DIRECTION('ref_axis',(0.453990499739547,0.891006524188368,0.));
#6973=DIRECTION('center_axis',(0.,0.,-1.));
#6974=DIRECTION('ref_axis',(0.453990499739547,0.891006524188368,0.));
#6975=DIRECTION('',(0.,0.,-1.));
#6976=DIRECTION('center_axis',(0.,0.,1.));
#6977=DIRECTION('ref_axis',(0.453990499739547,0.891006524188368,0.));
#6978=DIRECTION('center_axis',(0.,0.,1.));
#6979=DIRECTION('ref_axis',(0.453990499739547,0.891006524188368,0.));
#6980=DIRECTION('center_axis',(0.,0.,-1.));
#6981=DIRECTION('ref_axis',(0.453990499739547,0.891006524188368,0.));
#6982=DIRECTION('center_axis',(0.,0.,1.));
#6983=DIRECTION('ref_axis',(0.453990499739547,0.891006524188368,0.));
#6984=DIRECTION('center_axis',(0.,0.,1.));
#6985=DIRECTION('ref_axis',(1.,0.,0.));
#6986=DIRECTION('center_axis',(0.,0.,1.));
#6987=DIRECTION('ref_axis',(1.,0.,0.));
#6988=DIRECTION('',(0.,0.,1.));
#6989=DIRECTION('center_axis',(0.,0.,-1.));
#6990=DIRECTION('ref_axis',(1.,0.,0.));
#6991=DIRECTION('center_axis',(0.,0.,-1.));
#6992=DIRECTION('ref_axis',(-0.998483107003858,-0.0550589232361277,0.));
#6993=DIRECTION('center_axis',(0.,0.,-1.));
#6994=DIRECTION('ref_axis',(-0.998483107003858,-0.0550589232361277,0.));
#6995=DIRECTION('',(0.,0.,1.));
#6996=DIRECTION('center_axis',(0.,0.,1.));
#6997=DIRECTION('ref_axis',(-0.998483107003858,-0.0550589232361277,0.));
#6998=DIRECTION('',(0.,0.,-1.));
#6999=DIRECTION('center_axis',(0.,0.,1.));
#7000=DIRECTION('ref_axis',(0.587785252292473,0.809016994374948,0.));
#7001=DIRECTION('center_axis',(0.,0.,1.));
#7002=DIRECTION('ref_axis',(0.587785252292473,0.809016994374948,0.));
#7003=DIRECTION('',(0.,0.,1.));
#7004=DIRECTION('center_axis',(0.,0.,-1.));
#7005=DIRECTION('ref_axis',(0.587785252292473,0.809016994374948,0.));
#7006=DIRECTION('center_axis',(0.,0.,1.));
#7007=DIRECTION('ref_axis',(-0.256184100936568,0.966628008298602,0.));
#7008=DIRECTION('center_axis',(0.,0.,1.));
#7009=DIRECTION('ref_axis',(-0.256184100936568,0.966628008298602,0.));
#7010=DIRECTION('',(0.,0.,-1.));
#7011=DIRECTION('center_axis',(0.,0.,-1.));
#7012=DIRECTION('ref_axis',(-0.256184100936568,0.966628008298602,0.));
#7013=DIRECTION('center_axis',(0.,0.,1.));
#7014=DIRECTION('ref_axis',(0.587785252292473,0.809016994374948,0.));
#7015=DIRECTION('center_axis',(0.,0.,-1.));
#7016=DIRECTION('ref_axis',(0.587785252292473,0.809016994374948,0.));
#7017=DIRECTION('',(0.,0.,-1.));
#7018=DIRECTION('center_axis',(0.,0.,1.));
#7019=DIRECTION('ref_axis',(0.587785252292473,0.809016994374948,0.));
#7020=DIRECTION('center_axis',(0.,0.,1.));
#7021=DIRECTION('ref_axis',(0.587785252292473,0.809016994374947,0.));
#7022=DIRECTION('center_axis',(0.,0.,-1.));
#7023=DIRECTION('ref_axis',(0.587785252292473,0.809016994374947,0.));
#7024=DIRECTION('center_axis',(0.,0.,1.));
#7025=DIRECTION('ref_axis',(0.587785252292473,0.809016994374947,0.));
#7026=DIRECTION('center_axis',(0.,0.,1.));
#7027=DIRECTION('ref_axis',(1.,0.,0.));
#7028=DIRECTION('center_axis',(0.,0.,1.));
#7029=DIRECTION('ref_axis',(1.,0.,0.));
#7030=DIRECTION('',(0.,0.,1.));
#7031=DIRECTION('center_axis',(0.,0.,-1.));
#7032=DIRECTION('ref_axis',(1.,0.,0.));
#7033=DIRECTION('center_axis',(0.,0.,-1.));
#7034=DIRECTION('ref_axis',(-0.994803236271053,0.101816114169809,0.));
#7035=DIRECTION('center_axis',(0.,0.,-1.));
#7036=DIRECTION('ref_axis',(-0.994803236271053,0.101816114169809,0.));
#7037=DIRECTION('',(0.,0.,1.));
#7038=DIRECTION('center_axis',(0.,0.,1.));
#7039=DIRECTION('ref_axis',(-0.994803236271053,0.101816114169809,0.));
#7040=DIRECTION('',(0.,0.,-1.));
#7041=DIRECTION('center_axis',(0.,0.,1.));
#7042=DIRECTION('ref_axis',(0.707106781186548,0.707106781186548,0.));
#7043=DIRECTION('center_axis',(0.,0.,1.));
#7044=DIRECTION('ref_axis',(0.707106781186548,0.707106781186548,0.));
#7045=DIRECTION('',(0.,0.,1.));
#7046=DIRECTION('center_axis',(0.,0.,-1.));
#7047=DIRECTION('ref_axis',(0.707106781186548,0.707106781186548,0.));
#7048=DIRECTION('center_axis',(0.,0.,1.));
#7049=DIRECTION('ref_axis',(-0.101816114169809,0.994803236271053,0.));
#7050=DIRECTION('center_axis',(0.,0.,1.));
#7051=DIRECTION('ref_axis',(-0.101816114169809,0.994803236271053,0.));
#7052=DIRECTION('',(0.,0.,-1.));
#7053=DIRECTION('center_axis',(0.,0.,-1.));
#7054=DIRECTION('ref_axis',(-0.101816114169809,0.994803236271053,0.));
#7055=DIRECTION('center_axis',(0.,0.,1.));
#7056=DIRECTION('ref_axis',(0.707106781186548,0.707106781186548,0.));
#7057=DIRECTION('center_axis',(0.,0.,-1.));
#7058=DIRECTION('ref_axis',(0.707106781186548,0.707106781186548,0.));
#7059=DIRECTION('',(0.,0.,-1.));
#7060=DIRECTION('center_axis',(0.,0.,1.));
#7061=DIRECTION('ref_axis',(0.707106781186548,0.707106781186548,0.));
#7062=DIRECTION('center_axis',(0.,0.,1.));
#7063=DIRECTION('ref_axis',(0.707106781186547,0.707106781186547,0.));
#7064=DIRECTION('center_axis',(0.,0.,-1.));
#7065=DIRECTION('ref_axis',(0.707106781186547,0.707106781186547,0.));
#7066=DIRECTION('center_axis',(0.,0.,1.));
#7067=DIRECTION('ref_axis',(0.707106781186547,0.707106781186547,0.));
#7068=DIRECTION('center_axis',(0.,0.,1.));
#7069=DIRECTION('ref_axis',(1.,0.,0.));
#7070=DIRECTION('center_axis',(0.,0.,1.));
#7071=DIRECTION('ref_axis',(1.,0.,0.));
#7072=DIRECTION('',(0.,0.,1.));
#7073=DIRECTION('center_axis',(0.,0.,-1.));
#7074=DIRECTION('ref_axis',(1.,0.,0.));
#7075=DIRECTION('center_axis',(0.,0.,-1.));
#7076=DIRECTION('ref_axis',(-0.966628008298602,0.256184100936568,0.));
#7077=DIRECTION('center_axis',(0.,0.,-1.));
#7078=DIRECTION('ref_axis',(-0.966628008298602,0.256184100936568,0.));
#7079=DIRECTION('',(0.,0.,1.));
#7080=DIRECTION('center_axis',(0.,0.,1.));
#7081=DIRECTION('ref_axis',(-0.966628008298602,0.256184100936568,0.));
#7082=DIRECTION('',(0.,0.,-1.));
#7083=DIRECTION('center_axis',(0.,0.,1.));
#7084=DIRECTION('ref_axis',(0.809016994374948,0.587785252292473,0.));
#7085=DIRECTION('center_axis',(0.,0.,1.));
#7086=DIRECTION('ref_axis',(0.809016994374948,0.587785252292473,0.));
#7087=DIRECTION('',(0.,0.,1.));
#7088=DIRECTION('center_axis',(0.,0.,-1.));
#7089=DIRECTION('ref_axis',(0.809016994374948,0.587785252292473,0.));
#7090=DIRECTION('center_axis',(0.,0.,1.));
#7091=DIRECTION('ref_axis',(0.0550589232361277,0.998483107003858,0.));
#7092=DIRECTION('center_axis',(0.,0.,1.));
#7093=DIRECTION('ref_axis',(0.0550589232361277,0.998483107003858,0.));
#7094=DIRECTION('',(0.,0.,-1.));
#7095=DIRECTION('center_axis',(0.,0.,-1.));
#7096=DIRECTION('ref_axis',(0.0550589232361277,0.998483107003858,0.));
#7097=DIRECTION('center_axis',(0.,0.,1.));
#7098=DIRECTION('ref_axis',(0.809016994374948,0.587785252292473,0.));
#7099=DIRECTION('center_axis',(0.,0.,-1.));
#7100=DIRECTION('ref_axis',(0.809016994374948,0.587785252292473,0.));
#7101=DIRECTION('',(0.,0.,-1.));
#7102=DIRECTION('center_axis',(0.,0.,1.));
#7103=DIRECTION('ref_axis',(0.809016994374948,0.587785252292473,0.));
#7104=DIRECTION('center_axis',(0.,0.,1.));
#7105=DIRECTION('ref_axis',(0.809016994374947,0.587785252292473,0.));
#7106=DIRECTION('center_axis',(0.,0.,-1.));
#7107=DIRECTION('ref_axis',(0.809016994374947,0.587785252292473,0.));
#7108=DIRECTION('center_axis',(0.,0.,1.));
#7109=DIRECTION('ref_axis',(0.809016994374947,0.587785252292473,0.));
#7110=DIRECTION('center_axis',(0.,0.,1.));
#7111=DIRECTION('ref_axis',(1.,0.,0.));
#7112=DIRECTION('center_axis',(0.,0.,1.));
#7113=DIRECTION('ref_axis',(1.,0.,0.));
#7114=DIRECTION('',(0.,0.,1.));
#7115=DIRECTION('center_axis',(0.,0.,-1.));
#7116=DIRECTION('ref_axis',(1.,0.,0.));
#7117=DIRECTION('center_axis',(0.,0.,-1.));
#7118=DIRECTION('ref_axis',(-0.914651190707399,0.404243984912005,0.));
#7119=DIRECTION('center_axis',(0.,0.,-1.));
#7120=DIRECTION('ref_axis',(-0.914651190707399,0.404243984912005,0.));
#7121=DIRECTION('',(0.,0.,1.));
#7122=DIRECTION('center_axis',(0.,0.,1.));
#7123=DIRECTION('ref_axis',(-0.914651190707399,0.404243984912005,0.));
#7124=DIRECTION('',(0.,0.,-1.));
#7125=DIRECTION('center_axis',(0.,0.,1.));
#7126=DIRECTION('ref_axis',(0.891006524188368,0.453990499739547,0.));
#7127=DIRECTION('center_axis',(0.,0.,1.));
#7128=DIRECTION('ref_axis',(0.891006524188368,0.453990499739547,0.));
#7129=DIRECTION('',(0.,0.,1.));
#7130=DIRECTION('center_axis',(0.,0.,-1.));
#7131=DIRECTION('ref_axis',(0.891006524188368,0.453990499739547,0.));
#7132=DIRECTION('center_axis',(0.,0.,1.));
#7133=DIRECTION('ref_axis',(0.210578227221901,0.977577009866783,0.));
#7134=DIRECTION('center_axis',(0.,0.,1.));
#7135=DIRECTION('ref_axis',(0.210578227221901,0.977577009866783,0.));
#7136=DIRECTION('',(0.,0.,-1.));
#7137=DIRECTION('center_axis',(0.,0.,-1.));
#7138=DIRECTION('ref_axis',(0.210578227221901,0.977577009866783,0.));
#7139=DIRECTION('center_axis',(0.,0.,1.));
#7140=DIRECTION('ref_axis',(0.891006524188368,0.453990499739547,0.));
#7141=DIRECTION('center_axis',(0.,0.,-1.));
#7142=DIRECTION('ref_axis',(0.891006524188368,0.453990499739547,0.));
#7143=DIRECTION('',(0.,0.,-1.));
#7144=DIRECTION('center_axis',(0.,0.,1.));
#7145=DIRECTION('ref_axis',(0.891006524188368,0.453990499739547,0.));
#7146=DIRECTION('center_axis',(0.,0.,1.));
#7147=DIRECTION('ref_axis',(0.891006524188368,0.453990499739547,0.));
#7148=DIRECTION('center_axis',(0.,0.,-1.));
#7149=DIRECTION('ref_axis',(0.891006524188368,0.453990499739547,0.));
#7150=DIRECTION('center_axis',(0.,0.,1.));
#7151=DIRECTION('ref_axis',(0.891006524188368,0.453990499739547,0.));
#7152=DIRECTION('center_axis',(0.,0.,1.));
#7153=DIRECTION('ref_axis',(1.,0.,0.));
#7154=DIRECTION('center_axis',(0.,0.,1.));
#7155=DIRECTION('ref_axis',(1.,0.,0.));
#7156=DIRECTION('',(0.,0.,1.));
#7157=DIRECTION('center_axis',(0.,0.,-1.));
#7158=DIRECTION('ref_axis',(1.,0.,0.));
#7159=DIRECTION('center_axis',(0.,0.,-1.));
#7160=DIRECTION('ref_axis',(-0.840152625247715,0.54235004037003,0.));
#7161=DIRECTION('center_axis',(0.,0.,-1.));
#7162=DIRECTION('ref_axis',(-0.840152625247715,0.54235004037003,0.));
#7163=DIRECTION('',(0.,0.,1.));
#7164=DIRECTION('center_axis',(0.,0.,1.));
#7165=DIRECTION('ref_axis',(-0.840152625247715,0.54235004037003,0.));
#7166=DIRECTION('',(0.,0.,-1.));
#7167=DIRECTION('center_axis',(0.,0.,1.));
#7168=DIRECTION('ref_axis',(0.951056516295154,0.309016994374947,0.));
#7169=DIRECTION('center_axis',(0.,0.,1.));
#7170=DIRECTION('ref_axis',(0.951056516295154,0.309016994374947,0.));
#7171=DIRECTION('',(0.,0.,1.));
#7172=DIRECTION('center_axis',(0.,0.,-1.));
#7173=DIRECTION('ref_axis',(0.951056516295154,0.309016994374947,0.));
#7174=DIRECTION('center_axis',(0.,0.,1.));
#7175=DIRECTION('ref_axis',(0.360912396384406,0.932599722354701,0.));
#7176=DIRECTION('center_axis',(0.,0.,1.));
#7177=DIRECTION('ref_axis',(0.360912396384406,0.932599722354701,0.));
#7178=DIRECTION('',(0.,0.,-1.));
#7179=DIRECTION('center_axis',(0.,0.,-1.));
#7180=DIRECTION('ref_axis',(0.360912396384406,0.932599722354701,0.));
#7181=DIRECTION('center_axis',(0.,0.,1.));
#7182=DIRECTION('ref_axis',(0.951056516295154,0.309016994374947,0.));
#7183=DIRECTION('center_axis',(0.,0.,-1.));
#7184=DIRECTION('ref_axis',(0.951056516295154,0.309016994374947,0.));
#7185=DIRECTION('',(0.,0.,-1.));
#7186=DIRECTION('center_axis',(0.,0.,1.));
#7187=DIRECTION('ref_axis',(0.951056516295154,0.309016994374947,0.));
#7188=DIRECTION('center_axis',(0.,0.,1.));
#7189=DIRECTION('ref_axis',(0.951056516295154,0.309016994374947,0.));
#7190=DIRECTION('center_axis',(0.,0.,-1.));
#7191=DIRECTION('ref_axis',(0.951056516295154,0.309016994374947,0.));
#7192=DIRECTION('center_axis',(0.,0.,1.));
#7193=DIRECTION('ref_axis',(0.951056516295154,0.309016994374947,0.));
#7194=DIRECTION('center_axis',(0.,0.,1.));
#7195=DIRECTION('ref_axis',(1.,0.,0.));
#7196=DIRECTION('center_axis',(0.,0.,1.));
#7197=DIRECTION('ref_axis',(1.,0.,0.));
#7198=DIRECTION('',(0.,0.,1.));
#7199=DIRECTION('center_axis',(0.,0.,-1.));
#7200=DIRECTION('ref_axis',(1.,0.,0.));
#7201=DIRECTION('center_axis',(0.,0.,1.));
#7202=DIRECTION('ref_axis',(0.502359704548355,0.864658734557218,0.));
#7203=DIRECTION('center_axis',(0.,0.,1.));
#7204=DIRECTION('ref_axis',(0.502359704548355,0.864658734557218,0.));
#7205=DIRECTION('',(0.,0.,-1.));
#7206=DIRECTION('center_axis',(0.,0.,-1.));
#7207=DIRECTION('ref_axis',(0.502359704548355,0.864658734557218,0.));
#7208=DIRECTION('center_axis',(0.,0.,1.));
#7209=DIRECTION('ref_axis',(0.987688340595138,0.156434465040231,0.));
#7210=DIRECTION('center_axis',(0.,0.,-1.));
#7211=DIRECTION('ref_axis',(0.987688340595138,0.156434465040231,0.));
#7212=DIRECTION('',(0.,0.,-1.));
#7213=DIRECTION('center_axis',(0.,0.,1.));
#7214=DIRECTION('ref_axis',(0.987688340595138,0.156434465040231,0.));
#7215=DIRECTION('center_axis',(0.,0.,-1.));
#7216=DIRECTION('ref_axis',(-0.744966713847737,0.667101637877545,0.));
#7217=DIRECTION('center_axis',(0.,0.,-1.));
#7218=DIRECTION('ref_axis',(-0.744966713847737,0.667101637877545,0.));
#7219=DIRECTION('',(0.,0.,1.));
#7220=DIRECTION('center_axis',(0.,0.,1.));
#7221=DIRECTION('ref_axis',(-0.744966713847737,0.667101637877545,0.));
#7222=DIRECTION('',(0.,0.,-1.));
#7223=DIRECTION('center_axis',(0.,0.,1.));
#7224=DIRECTION('ref_axis',(0.987688340595138,0.156434465040231,0.));
#7225=DIRECTION('center_axis',(0.,0.,1.));
#7226=DIRECTION('ref_axis',(0.987688340595138,0.156434465040231,0.));
#7227=DIRECTION('',(0.,0.,1.));
#7228=DIRECTION('center_axis',(0.,0.,-1.));
#7229=DIRECTION('ref_axis',(0.987688340595138,0.156434465040231,0.));
#7230=DIRECTION('center_axis',(0.,0.,1.));
#7231=DIRECTION('ref_axis',(0.987688340595138,0.156434465040231,0.));
#7232=DIRECTION('center_axis',(0.,0.,-1.));
#7233=DIRECTION('ref_axis',(0.987688340595138,0.156434465040231,0.));
#7234=DIRECTION('center_axis',(0.,0.,1.));
#7235=DIRECTION('ref_axis',(0.987688340595138,0.156434465040231,0.));
#7236=DIRECTION('center_axis',(0.,0.,1.));
#7237=DIRECTION('ref_axis',(1.,0.,0.));
#7238=DIRECTION('center_axis',(0.,0.,1.));
#7239=DIRECTION('ref_axis',(1.,0.,0.));
#7240=DIRECTION('',(0.,0.,1.));
#7241=DIRECTION('center_axis',(0.,0.,-1.));
#7242=DIRECTION('ref_axis',(1.,0.,0.));
#7243=DIRECTION('center_axis',(0.,0.,1.));
#7244=DIRECTION('ref_axis',(-0.631437249550049,0.77542697907712,0.));
#7245=DIRECTION('center_axis',(0.,0.,1.));
#7246=DIRECTION('ref_axis',(-0.631437249550049,0.77542697907712,0.));
#7247=DIRECTION('center_axis',(0.,0.,-1.));
#7248=DIRECTION('ref_axis',(-0.631437249550049,0.77542697907712,0.));
#7249=DIRECTION('',(0.,0.,1.));
#7250=DIRECTION('center_axis',(0.,0.,1.));
#7251=DIRECTION('ref_axis',(1.,0.,0.));
#7252=DIRECTION('center_axis',(0.,0.,1.));
#7253=DIRECTION('ref_axis',(1.,0.,0.));
#7254=DIRECTION('',(0.,0.,1.));
#7255=DIRECTION('center_axis',(0.,0.,-1.));
#7256=DIRECTION('ref_axis',(1.,0.,0.));
#7257=DIRECTION('center_axis',(0.,0.,1.));
#7258=DIRECTION('ref_axis',(0.631437249550049,0.77542697907712,0.));
#7259=DIRECTION('center_axis',(0.,0.,1.));
#7260=DIRECTION('ref_axis',(0.631437249550049,0.77542697907712,0.));
#7261=DIRECTION('',(0.,0.,-1.));
#7262=DIRECTION('center_axis',(0.,0.,-1.));
#7263=DIRECTION('ref_axis',(0.631437249550049,0.77542697907712,0.));
#7264=DIRECTION('center_axis',(0.,0.,1.));
#7265=DIRECTION('ref_axis',(1.,0.,0.));
#7266=DIRECTION('center_axis',(0.,0.,-1.));
#7267=DIRECTION('ref_axis',(1.,0.,0.));
#7268=DIRECTION('',(0.,0.,-1.));
#7269=DIRECTION('center_axis',(0.,0.,1.));
#7270=DIRECTION('ref_axis',(1.,0.,0.));
#7271=DIRECTION('center_axis',(0.,0.,1.));
#7272=DIRECTION('ref_axis',(1.,0.,0.));
#7273=DIRECTION('center_axis',(0.,0.,-1.));
#7274=DIRECTION('ref_axis',(1.,0.,0.));
#7275=DIRECTION('center_axis',(0.,0.,1.));
#7276=DIRECTION('ref_axis',(1.,0.,0.));
#7277=DIRECTION('center_axis',(-6.12323399573677E-17,-1.,0.));
#7278=DIRECTION('ref_axis',(-1.,6.12323399573677E-17,0.));
#7279=DIRECTION('',(-6.12323399573677E-17,-1.,0.));
#7280=DIRECTION('center_axis',(0.,0.,-1.));
#7281=DIRECTION('ref_axis',(-1.,0.,0.));
#7282=DIRECTION('center_axis',(0.,0.,1.));
#7283=DIRECTION('ref_axis',(-1.,0.,0.));
#7284=DIRECTION('',(0.707106781186547,8.65956056235493E-17,-0.707106781186548));
#7285=DIRECTION('center_axis',(0.,0.,1.));
#7286=DIRECTION('ref_axis',(-1.,0.,0.));
#7287=DIRECTION('center_axis',(0.,0.,1.));
#7288=DIRECTION('ref_axis',(-1.,0.,0.));
#7289=DIRECTION('center_axis',(0.,0.,-1.));
#7290=DIRECTION('ref_axis',(-1.,0.,0.));
#7291=DIRECTION('',(0.,0.,-1.));
#7292=DIRECTION('',(-0.85155728954581,0.524261559358869,0.));
#7293=DIRECTION('center_axis',(-1.,0.,0.));
#7294=DIRECTION('ref_axis',(0.,1.,0.));
#7295=DIRECTION('',(-1.,0.,0.));
#7296=DIRECTION('center_axis',(0.,0.,-1.));
#7297=DIRECTION('ref_axis',(-1.,0.,0.));
#7298=DIRECTION('center_axis',(0.,0.,-1.));
#7299=DIRECTION('ref_axis',(-1.,0.,0.));
#7300=DIRECTION('',(0.707106781186547,8.65956056235493E-17,-0.707106781186547));
#7301=DIRECTION('center_axis',(0.,0.,1.));
#7302=DIRECTION('ref_axis',(-1.,0.,0.));
#7303=DIRECTION('center_axis',(0.,0.,1.));
#7304=DIRECTION('ref_axis',(-1.,0.,0.));
#7305=DIRECTION('center_axis',(0.,0.,1.));
#7306=DIRECTION('ref_axis',(-1.,0.,0.));
#7307=DIRECTION('center_axis',(0.,0.,1.));
#7308=DIRECTION('ref_axis',(-1.,0.,0.));
#7309=DIRECTION('',(0.,0.,-1.));
#7310=DIRECTION('center_axis',(0.,0.,-1.));
#7311=DIRECTION('ref_axis',(-1.,0.,0.));
#7312=DIRECTION('center_axis',(0.,0.,1.));
#7313=DIRECTION('ref_axis',(-1.,0.,0.));
#7314=DIRECTION('',(-0.707106781186547,-8.65956056235493E-17,-0.707106781186548));
#7315=DIRECTION('center_axis',(0.,0.,1.));
#7316=DIRECTION('ref_axis',(-1.,0.,0.));
#7317=DIRECTION('center_axis',(0.,0.,1.));
#7318=DIRECTION('ref_axis',(-1.,0.,0.));
#7319=DIRECTION('center_axis',(0.,0.,1.));
#7320=DIRECTION('ref_axis',(-1.,0.,0.));
#7321=DIRECTION('',(0.,0.,-1.));
#7322=DIRECTION('center_axis',(0.,0.,1.));
#7323=DIRECTION('ref_axis',(-1.,0.,0.));
#7324=DIRECTION('center_axis',(0.,0.,1.));
#7325=DIRECTION('ref_axis',(-1.,0.,0.));
#7326=DIRECTION('center_axis',(0.,0.,-1.));
#7327=DIRECTION('ref_axis',(-1.,0.,0.));
#7328=DIRECTION('center_axis',(0.,0.,1.));
#7329=DIRECTION('ref_axis',(-1.,0.,0.));
#7330=DIRECTION('center_axis',(0.,0.,-1.));
#7331=DIRECTION('ref_axis',(-0.17364817766693,0.984807753012208,0.));
#7332=DIRECTION('center_axis',(0.,0.,1.));
#7333=DIRECTION('ref_axis',(-0.17364817766693,0.984807753012208,0.));
#7334=DIRECTION('',(0.122787803968973,-0.696364240320019,-0.707106781186547));
#7335=DIRECTION('center_axis',(0.,0.,-1.));
#7336=DIRECTION('ref_axis',(-0.17364817766693,0.984807753012208,0.));
#7337=DIRECTION('center_axis',(0.,0.,1.));
#7338=DIRECTION('ref_axis',(-0.17364817766693,0.984807753012208,0.));
#7339=DIRECTION('',(0.,0.,-1.));
#7340=DIRECTION('center_axis',(0.,0.,1.));
#7341=DIRECTION('ref_axis',(-0.17364817766693,0.984807753012208,0.));
#7342=DIRECTION('center_axis',(0.,0.,1.));
#7343=DIRECTION('ref_axis',(-0.17364817766693,0.984807753012208,0.));
#7344=DIRECTION('center_axis',(0.,0.,1.));
#7345=DIRECTION('ref_axis',(-0.17364817766693,0.984807753012208,0.));
#7346=DIRECTION('center_axis',(0.,0.,1.));
#7347=DIRECTION('ref_axis',(-0.17364817766693,0.984807753012208,0.));
#7348=DIRECTION('',(0.,0.,-1.));
#7349=DIRECTION('center_axis',(0.,0.,1.));
#7350=DIRECTION('ref_axis',(-0.17364817766693,0.984807753012208,0.));
#7351=DIRECTION('',(0.,0.,1.));
#7352=DIRECTION('',(1.,0.,0.));
#7353=CARTESIAN_POINT('',(0.,0.,0.));
#7354=CARTESIAN_POINT('',(0.,0.,0.));
#7355=CARTESIAN_POINT('Origin',(2.65104127249576,12.0399991549804,0.));
#7356=CARTESIAN_POINT('',(2.50780376025757,12.0845302125449,-3.5));
#7357=CARTESIAN_POINT('',(2.68329655224241,12.1864900998489,-3.5));
#7358=CARTESIAN_POINT('Origin',(2.65104127249576,12.0399991549804,-3.5));
#7359=CARTESIAN_POINT('',(2.50780376025757,12.0845302125449,3.5));
#7360=CARTESIAN_POINT('',(2.50780376025757,12.0845302125449,0.));
#7361=CARTESIAN_POINT('',(2.68329655224241,12.1864900998489,3.5));
#7362=CARTESIAN_POINT('Origin',(2.65104127249576,12.0399991549804,3.5));
#7363=CARTESIAN_POINT('',(2.68329655224241,12.1864900998489,0.));
#7364=CARTESIAN_POINT('Origin',(1.55288701200293,12.3814039296416,0.));
#7365=CARTESIAN_POINT('',(2.38133884587206,11.8213436123909,-3.5));
#7366=CARTESIAN_POINT('Origin',(1.55288701200293,12.3814039296416,-3.5));
#7367=CARTESIAN_POINT('',(2.38133884587206,11.8213436123909,3.5));
#7368=CARTESIAN_POINT('',(2.38133884587206,11.8213436123909,0.));
#7369=CARTESIAN_POINT('Origin',(1.55288701200293,12.3814039296416,3.5));
#7370=CARTESIAN_POINT('Origin',(1.19927427397446,12.2699364585228,0.));
#7371=CARTESIAN_POINT('',(1.34926209693142,12.2680251854834,3.5));
#7372=CARTESIAN_POINT('',(1.21386587147289,12.4192250558183,3.5));
#7373=CARTESIAN_POINT('Origin',(1.19927427397446,12.2699364585228,3.5));
#7374=CARTESIAN_POINT('',(1.34926209693142,12.2680251854834,-3.5));
#7375=CARTESIAN_POINT('',(1.34926209693142,12.2680251854834,0.));
#7376=CARTESIAN_POINT('',(1.21386587147289,12.4192250558183,-3.5));
#7377=CARTESIAN_POINT('Origin',(1.19927427397446,12.2699364585228,-3.5));
#7378=CARTESIAN_POINT('',(1.21386587147289,12.4192250558183,0.));
#7379=CARTESIAN_POINT('Origin',(2.3491809166445,12.2552833652211,0.));
#7380=CARTESIAN_POINT('',(1.38820824570113,11.9786400466682,3.5));
#7381=CARTESIAN_POINT('Origin',(2.3491809166445,12.2552833652211,3.5));
#7382=CARTESIAN_POINT('',(1.38820824570113,11.9786400466682,-3.5));
#7383=CARTESIAN_POINT('',(1.38820824570113,11.9786400466682,0.));
#7384=CARTESIAN_POINT('Origin',(2.3491809166445,12.2552833652211,-3.5));
#7385=CARTESIAN_POINT('Origin',(1.9215480780747,12.132177088465,0.));
#7386=CARTESIAN_POINT('Origin',(1.9215480780747,12.132177088465,3.5));
#7387=CARTESIAN_POINT('Origin',(1.9215480780747,12.132177088465,-3.5));
#7388=CARTESIAN_POINT('Origin',(0.,0.,0.));
#7389=CARTESIAN_POINT('',(0.74387365952103,12.4562142450931,-3.5));
#7390=CARTESIAN_POINT('Origin',(0.,0.,-3.5));
#7391=CARTESIAN_POINT('',(0.74387365952103,12.4562142450931,3.5));
#7392=CARTESIAN_POINT('',(0.74387365952103,12.4562142450931,0.));
#7393=CARTESIAN_POINT('Origin',(0.,0.,3.5));
#7394=CARTESIAN_POINT('Origin',(0.,0.,0.));
#7395=CARTESIAN_POINT('',(3.14171599612129,12.0764333286242,3.5));
#7396=CARTESIAN_POINT('Origin',(0.,0.,3.5));
#7397=CARTESIAN_POINT('',(3.14171599612129,12.0764333286242,-3.5));
#7398=CARTESIAN_POINT('',(3.14171599612129,12.0764333286242,0.));
#7399=CARTESIAN_POINT('Origin',(0.,0.,-3.5));
#7400=CARTESIAN_POINT('Origin',(4.50187338217475,11.477052562887,0.));
#7401=CARTESIAN_POINT('',(4.36736555356901,11.5434426528385,-3.5));
#7402=CARTESIAN_POINT('',(4.55664777849689,11.6166941237045,-3.5));
#7403=CARTESIAN_POINT('Origin',(4.50187338217475,11.477052562887,-3.5));
#7404=CARTESIAN_POINT('',(4.36736555356901,11.5434426528385,3.5));
#7405=CARTESIAN_POINT('',(4.36736555356901,11.5434426528385,0.));
#7406=CARTESIAN_POINT('',(4.55664777849689,11.6166941237045,3.5));
#7407=CARTESIAN_POINT('Origin',(4.50187338217475,11.477052562887,3.5));
#7408=CARTESIAN_POINT('',(4.55664777849689,11.6166941237045,0.));
#7409=CARTESIAN_POINT('Origin',(3.47064669619741,11.9860432525152,0.));
#7410=CARTESIAN_POINT('',(4.20128617713524,11.3032797876938,-3.5));
#7411=CARTESIAN_POINT('Origin',(3.47064669619741,11.9860432525152,-3.5));
#7412=CARTESIAN_POINT('',(4.20128617713524,11.3032797876938,3.5));
#7413=CARTESIAN_POINT('',(4.20128617713524,11.3032797876938,0.));
#7414=CARTESIAN_POINT('Origin',(3.47064669619741,11.9860432525152,3.5));
#7415=CARTESIAN_POINT('Origin',(3.10395016354691,11.9312653504405,0.));
#7416=CARTESIAN_POINT('',(3.25179239853729,11.905914343497,3.5));
#7417=CARTESIAN_POINT('Origin',(3.10395016354691,11.9312653504405,3.5));
#7418=CARTESIAN_POINT('',(3.25179239853729,11.905914343497,-3.5));
#7419=CARTESIAN_POINT('',(3.25179239853729,11.905914343497,0.));
#7420=CARTESIAN_POINT('Origin',(3.10395016354691,11.9312653504405,-3.5));
#7421=CARTESIAN_POINT('Origin',(4.23740729847317,11.7369076305404,0.));
#7422=CARTESIAN_POINT('',(3.24498924620705,11.6139994959994,3.5));
#7423=CARTESIAN_POINT('Origin',(4.23740729847317,11.7369076305404,3.5));
#7424=CARTESIAN_POINT('',(3.24498924620705,11.6139994959994,-3.5));
#7425=CARTESIAN_POINT('',(3.24498924620705,11.6139994959994,0.));
#7426=CARTESIAN_POINT('Origin',(4.23740729847317,11.7369076305404,-3.5));
#7427=CARTESIAN_POINT('Origin',(3.79578126521474,11.6822135106697,0.));
#7428=CARTESIAN_POINT('Origin',(3.79578126521474,11.6822135106697,3.5));
#7429=CARTESIAN_POINT('Origin',(3.79578126521474,11.6822135106697,-3.5));
#7430=CARTESIAN_POINT('Origin',(0.,0.,0.));
#7431=CARTESIAN_POINT('',(4.99220664618759,11.4362797334951,3.5));
#7432=CARTESIAN_POINT('Origin',(0.,0.,3.5));
#7433=CARTESIAN_POINT('',(4.99220664618759,11.4362797334951,-3.5));
#7434=CARTESIAN_POINT('',(4.99220664618759,11.4362797334951,0.));
#7435=CARTESIAN_POINT('Origin',(0.,0.,-3.5));
#7436=CARTESIAN_POINT('Origin',(6.24185442832343,10.6315028465417,0.));
#7437=CARTESIAN_POINT('',(6.11938831249631,10.7181172245295,-3.5));
#7438=CARTESIAN_POINT('',(6.31779921379781,10.760856584637,-3.5));
#7439=CARTESIAN_POINT('Origin',(6.24185442832343,10.6315028465417,-3.5));
#7440=CARTESIAN_POINT('',(6.11938831249631,10.7181172245295,3.5));
#7441=CARTESIAN_POINT('',(6.11938831249631,10.7181172245295,0.));
#7442=CARTESIAN_POINT('',(6.31779921379781,10.760856584637,3.5));
#7443=CARTESIAN_POINT('Origin',(6.24185442832343,10.6315028465417,3.5));
#7444=CARTESIAN_POINT('',(6.31779921379781,10.760856584637,0.));
#7445=CARTESIAN_POINT('Origin',(5.3029475403155,11.295546411115,0.));
#7446=CARTESIAN_POINT('',(5.91778389944793,10.5068917011888,-3.5));
#7447=CARTESIAN_POINT('Origin',(5.3029475403155,11.295546411115,-3.5));
#7448=CARTESIAN_POINT('',(5.91778389944793,10.5068917011888,3.5));
#7449=CARTESIAN_POINT('',(5.91778389944793,10.5068917011888,0.));
#7450=CARTESIAN_POINT('Origin',(5.3029475403155,11.295546411115,3.5));
#7451=CARTESIAN_POINT('Origin',(4.93219649867285,11.2988068918308,0.));
#7452=CARTESIAN_POINT('',(5.07425277921094,11.2506403769093,3.5));
#7453=CARTESIAN_POINT('Origin',(4.93219649867285,11.2988068918308,3.5));
#7454=CARTESIAN_POINT('',(5.07425277921094,11.2506403769093,-3.5));
#7455=CARTESIAN_POINT('',(5.07425277921094,11.2506403769093,0.));
#7456=CARTESIAN_POINT('Origin',(4.93219649867285,11.2988068918308,-3.5));
#7457=CARTESIAN_POINT('Origin',(6.02129464946487,10.9295302774326,0.));
#7458=CARTESIAN_POINT('',(5.02186784196949,10.9633837330848,3.5));
#7459=CARTESIAN_POINT('Origin',(6.02129464946487,10.9295302774326,3.5));
#7460=CARTESIAN_POINT('',(5.02186784196949,10.9633837330848,-3.5));
#7461=CARTESIAN_POINT('',(5.02186784196949,10.9633837330848,0.));
#7462=CARTESIAN_POINT('Origin',(6.02129464946487,10.9295302774326,-3.5));
#7463=CARTESIAN_POINT('Origin',(5.57654972012943,10.9445950651978,0.));
#7464=CARTESIAN_POINT('Origin',(5.57654972012943,10.9445950651978,3.5));
#7465=CARTESIAN_POINT('Origin',(5.57654972012943,10.9445950651978,-3.5));
#7466=CARTESIAN_POINT('Origin',(0.,0.,0.));
#7467=CARTESIAN_POINT('',(6.71977260044078,10.514526976491,3.5));
#7468=CARTESIAN_POINT('Origin',(0.,0.,3.5));
#7469=CARTESIAN_POINT('',(6.71977260044078,10.514526976491,-3.5));
#7470=CARTESIAN_POINT('',(6.71977260044078,10.514526976491,0.));
#7471=CARTESIAN_POINT('Origin',(0.,0.,-3.5));
#7472=CARTESIAN_POINT('Origin',(7.82814030291962,9.52417024617943,0.));
#7473=CARTESIAN_POINT('',(7.72073142208451,9.62887617876088,-3.5));
#7474=CARTESIAN_POINT('',(7.92338546488157,9.64005104322036,-3.5));
#7475=CARTESIAN_POINT('Origin',(7.82814030291962,9.52417024617943,-3.5));
#7476=CARTESIAN_POINT('',(7.72073142208451,9.62887617876088,3.5));
#7477=CARTESIAN_POINT('',(7.72073142208451,9.62887617876088,0.));
#7478=CARTESIAN_POINT('',(7.92338546488157,9.64005104322036,3.5));
#7479=CARTESIAN_POINT('Origin',(7.82814030291962,9.52417024617943,3.5));
#7480=CARTESIAN_POINT('',(7.92338546488157,9.64005104322036,0.));
#7481=CARTESIAN_POINT('Origin',(7.00467221651715,10.3269157293039,0.));
#7482=CARTESIAN_POINT('',(7.48856614215746,9.45178907062614,-3.5));
#7483=CARTESIAN_POINT('Origin',(7.00467221651715,10.3269157293039,-3.5));
#7484=CARTESIAN_POINT('',(7.48856614215746,9.45178907062614,3.5));
#7485=CARTESIAN_POINT('',(7.48856614215746,9.45178907062614,0.));
#7486=CARTESIAN_POINT('Origin',(7.00467221651715,10.3269157293039,3.5));
#7487=CARTESIAN_POINT('Origin',(6.63899578697976,10.3881343089541,0.));
#7488=CARTESIAN_POINT('',(6.77176821598095,10.3183383055074,3.5));
#7489=CARTESIAN_POINT('Origin',(6.63899578697976,10.3881343089541,3.5));
#7490=CARTESIAN_POINT('',(6.77176821598095,10.3183383055074,-3.5));
#7491=CARTESIAN_POINT('',(6.77176821598095,10.3183383055074,0.));
#7492=CARTESIAN_POINT('Origin',(6.63899578697976,10.3881343089541,-3.5));
#7493=CARTESIAN_POINT('Origin',(7.65691774265552,9.85303161586309,0.));
#7494=CARTESIAN_POINT('',(6.67509138483882,10.042813077277,3.5));
#7495=CARTESIAN_POINT('Origin',(7.65691774265552,9.85303161586309,3.5));
#7496=CARTESIAN_POINT('',(6.67509138483882,10.042813077277,-3.5));
#7497=CARTESIAN_POINT('',(6.67509138483882,10.042813077277,0.));
#7498=CARTESIAN_POINT('Origin',(7.65691774265552,9.85303161586309,-3.5));
#7499=CARTESIAN_POINT('Origin',(7.22000501342709,9.93748436619227,0.));
#7500=CARTESIAN_POINT('Origin',(7.22000501342709,9.93748436619227,3.5));
#7501=CARTESIAN_POINT('Origin',(7.22000501342709,9.93748436619227,-3.5));
#7502=CARTESIAN_POINT('Origin',(0.,0.,0.));
#7503=CARTESIAN_POINT('',(8.28187545162446,9.3338716696112,3.5));
#7504=CARTESIAN_POINT('Origin',(0.,0.,3.5));
#7505=CARTESIAN_POINT('',(8.28187545162446,9.3338716696112,-3.5));
#7506=CARTESIAN_POINT('',(8.28187545162446,9.33387166961121,0.));
#7507=CARTESIAN_POINT('Origin',(0.,0.,-3.5));
#7508=CARTESIAN_POINT('Origin',(9.22167138314976,8.18232096544745,0.));
#7509=CARTESIAN_POINT('',(9.13196450042247,8.30254024506329,-3.5));
#7510=CARTESIAN_POINT('',(9.33387166961121,8.28187545162446,-3.5));
#7511=CARTESIAN_POINT('Origin',(9.22167138314976,8.18232096544745,-3.5));
#7512=CARTESIAN_POINT('',(9.13196450042247,8.30254024506329,3.5));
#7513=CARTESIAN_POINT('',(9.13196450042247,8.30254024506329,0.));
#7514=CARTESIAN_POINT('',(9.33387166961121,8.28187545162446,3.5));
#7515=CARTESIAN_POINT('Origin',(9.22167138314976,8.18232096544745,3.5));
#7516=CARTESIAN_POINT('',(9.33387166961121,8.28187545162446,0.));
#7517=CARTESIAN_POINT('Origin',(8.53391861557388,9.10400210916892,0.));
#7518=CARTESIAN_POINT('',(8.87495503332093,8.16395202445521,-3.5));
#7519=CARTESIAN_POINT('Origin',(8.53391861557388,9.10400210916892,-3.5));
#7520=CARTESIAN_POINT('',(8.87495503332093,8.16395202445521,3.5));
#7521=CARTESIAN_POINT('',(8.87495503332093,8.16395202445521,0.));
#7522=CARTESIAN_POINT('Origin',(8.53391861557388,9.10400210916892,3.5));
#7523=CARTESIAN_POINT('Origin',(8.18232096544745,9.22167138314976,0.));
#7524=CARTESIAN_POINT('',(8.3025402450633,9.13196450042247,3.5));
#7525=CARTESIAN_POINT('Origin',(8.18232096544745,9.22167138314976,3.5));
#7526=CARTESIAN_POINT('',(8.3025402450633,9.13196450042247,-3.5));
#7527=CARTESIAN_POINT('',(8.3025402450633,9.13196450042247,0.));
#7528=CARTESIAN_POINT('Origin',(8.18232096544745,9.22167138314976,-3.5));
#7529=CARTESIAN_POINT('Origin',(9.10400210916892,8.53391861557388,0.));
#7530=CARTESIAN_POINT('',(8.16395202445521,8.87495503332093,3.5));
#7531=CARTESIAN_POINT('Origin',(9.10400210916892,8.53391861557388,3.5));
#7532=CARTESIAN_POINT('',(8.16395202445521,8.87495503332093,-3.5));
#7533=CARTESIAN_POINT('',(8.16395202445521,8.87495503332093,0.));
#7534=CARTESIAN_POINT('Origin',(9.10400210916892,8.53391861557388,-3.5));
#7535=CARTESIAN_POINT('Origin',(8.68567982147132,8.68567982147132,0.));
#7536=CARTESIAN_POINT('Origin',(8.68567982147132,8.68567982147132,3.5));
#7537=CARTESIAN_POINT('Origin',(8.68567982147132,8.68567982147132,-3.5));
#7538=CARTESIAN_POINT('Origin',(0.,0.,0.));
#7539=CARTESIAN_POINT('',(9.64005104322037,7.92338546488156,3.5));
#7540=CARTESIAN_POINT('Origin',(0.,0.,3.5));
#7541=CARTESIAN_POINT('',(9.64005104322037,7.92338546488156,-3.5));
#7542=CARTESIAN_POINT('',(9.64005104322037,7.92338546488156,0.));
#7543=CARTESIAN_POINT('Origin',(0.,0.,-3.5));
#7544=CARTESIAN_POINT('Origin',(10.3881343089541,6.63899578697975,0.));
#7545=CARTESIAN_POINT('',(10.3183383055074,6.77176821598094,-3.5));
#7546=CARTESIAN_POINT('',(10.514526976491,6.71977260044077,-3.5));
#7547=CARTESIAN_POINT('Origin',(10.3881343089541,6.63899578697975,-3.5));
#7548=CARTESIAN_POINT('',(10.3183383055074,6.77176821598094,3.5));
#7549=CARTESIAN_POINT('',(10.3183383055074,6.77176821598094,0.));
#7550=CARTESIAN_POINT('',(10.514526976491,6.71977260044077,3.5));
#7551=CARTESIAN_POINT('Origin',(10.3881343089541,6.63899578697975,3.5));
#7552=CARTESIAN_POINT('',(10.514526976491,6.71977260044077,0.));
#7553=CARTESIAN_POINT('Origin',(9.8530316158631,7.65691774265551,0.));
#7554=CARTESIAN_POINT('',(10.042813077277,6.67509138483881,-3.5));
#7555=CARTESIAN_POINT('Origin',(9.8530316158631,7.65691774265551,-3.5));
#7556=CARTESIAN_POINT('',(10.042813077277,6.67509138483881,3.5));
#7557=CARTESIAN_POINT('',(10.042813077277,6.67509138483881,0.));
#7558=CARTESIAN_POINT('Origin',(9.8530316158631,7.65691774265551,3.5));
#7559=CARTESIAN_POINT('Origin',(9.52417024617944,7.82814030291961,0.));
#7560=CARTESIAN_POINT('',(9.62887617876088,7.72073142208451,3.5));
#7561=CARTESIAN_POINT('Origin',(9.52417024617944,7.82814030291961,3.5));
#7562=CARTESIAN_POINT('',(9.62887617876088,7.72073142208451,-3.5));
#7563=CARTESIAN_POINT('',(9.62887617876088,7.72073142208451,0.));
#7564=CARTESIAN_POINT('Origin',(9.52417024617944,7.82814030291961,-3.5));
#7565=CARTESIAN_POINT('Origin',(10.3269157293039,7.00467221651714,0.));
#7566=CARTESIAN_POINT('',(9.45178907062614,7.48856614215745,3.5));
#7567=CARTESIAN_POINT('Origin',(10.3269157293039,7.00467221651714,3.5));
#7568=CARTESIAN_POINT('',(9.45178907062614,7.48856614215745,-3.5));
#7569=CARTESIAN_POINT('',(9.45178907062614,7.48856614215745,0.));
#7570=CARTESIAN_POINT('Origin',(10.3269157293039,7.00467221651714,-3.5));
#7571=CARTESIAN_POINT('Origin',(9.93748436619227,7.22000501342708,0.));
#7572=CARTESIAN_POINT('Origin',(9.93748436619227,7.22000501342708,3.5));
#7573=CARTESIAN_POINT('Origin',(9.93748436619227,7.22000501342708,-3.5));
#7574=CARTESIAN_POINT('Origin',(0.,0.,0.));
#7575=CARTESIAN_POINT('',(10.760856584637,6.31779921379781,3.5));
#7576=CARTESIAN_POINT('Origin',(0.,0.,3.5));
#7577=CARTESIAN_POINT('',(10.760856584637,6.31779921379781,-3.5));
#7578=CARTESIAN_POINT('',(10.760856584637,6.31779921379781,0.));
#7579=CARTESIAN_POINT('Origin',(0.,0.,-3.5));
#7580=CARTESIAN_POINT('Origin',(11.2988068918308,4.93219649867284,0.));
#7581=CARTESIAN_POINT('',(11.2506403769093,5.07425277921094,-3.5));
#7582=CARTESIAN_POINT('',(11.4362797334951,4.99220664618758,-3.5));
#7583=CARTESIAN_POINT('Origin',(11.2988068918308,4.93219649867284,-3.5));
#7584=CARTESIAN_POINT('',(11.2506403769093,5.07425277921094,3.5));
#7585=CARTESIAN_POINT('',(11.2506403769093,5.07425277921094,0.));
#7586=CARTESIAN_POINT('',(11.4362797334951,4.99220664618758,3.5));
#7587=CARTESIAN_POINT('Origin',(11.2988068918308,4.93219649867284,3.5));
#7588=CARTESIAN_POINT('',(11.4362797334951,4.99220664618758,0.));
#7589=CARTESIAN_POINT('Origin',(10.9295302774326,6.02129464946487,0.));
#7590=CARTESIAN_POINT('',(10.9633837330848,5.02186784196949,-3.5));
#7591=CARTESIAN_POINT('Origin',(10.9295302774326,6.02129464946487,-3.5));
#7592=CARTESIAN_POINT('',(10.9633837330848,5.02186784196949,3.5));
#7593=CARTESIAN_POINT('',(10.9633837330848,5.02186784196949,0.));
#7594=CARTESIAN_POINT('Origin',(10.9295302774326,6.02129464946487,3.5));
#7595=CARTESIAN_POINT('Origin',(10.6315028465417,6.24185442832343,0.));
#7596=CARTESIAN_POINT('',(10.7181172245295,6.1193883124963,3.5));
#7597=CARTESIAN_POINT('Origin',(10.6315028465417,6.24185442832343,3.5));
#7598=CARTESIAN_POINT('',(10.7181172245295,6.1193883124963,-3.5));
#7599=CARTESIAN_POINT('',(10.7181172245295,6.1193883124963,0.));
#7600=CARTESIAN_POINT('Origin',(10.6315028465417,6.24185442832343,-3.5));
#7601=CARTESIAN_POINT('Origin',(11.295546411115,5.30294754031549,0.));
#7602=CARTESIAN_POINT('',(10.5068917011888,5.91778389944793,3.5));
#7603=CARTESIAN_POINT('Origin',(11.295546411115,5.30294754031549,3.5));
#7604=CARTESIAN_POINT('',(10.5068917011888,5.91778389944793,-3.5));
#7605=CARTESIAN_POINT('',(10.5068917011888,5.91778389944793,0.));
#7606=CARTESIAN_POINT('Origin',(11.295546411115,5.30294754031549,-3.5));
#7607=CARTESIAN_POINT('Origin',(10.9445950651978,5.57654972012942,0.));
#7608=CARTESIAN_POINT('Origin',(10.9445950651978,5.57654972012942,3.5));
#7609=CARTESIAN_POINT('Origin',(10.9445950651978,5.57654972012942,-3.5));
#7610=CARTESIAN_POINT('Origin',(0.,0.,0.));
#7611=CARTESIAN_POINT('',(11.6166941237045,4.55664777849688,3.5));
#7612=CARTESIAN_POINT('Origin',(0.,0.,3.5));
#7613=CARTESIAN_POINT('',(11.6166941237045,4.55664777849688,-3.5));
#7614=CARTESIAN_POINT('',(11.6166941237045,4.55664777849688,0.));
#7615=CARTESIAN_POINT('Origin',(0.,0.,-3.5));
#7616=CARTESIAN_POINT('Origin',(11.9312653504405,3.1039501635469,0.));
#7617=CARTESIAN_POINT('',(11.905914343497,3.25179239853728,-3.5));
#7618=CARTESIAN_POINT('',(12.0764333286242,3.14171599612129,-3.5));
#7619=CARTESIAN_POINT('Origin',(11.9312653504405,3.1039501635469,-3.5));
#7620=CARTESIAN_POINT('',(11.905914343497,3.25179239853728,3.5));
#7621=CARTESIAN_POINT('',(11.905914343497,3.25179239853728,0.));
#7622=CARTESIAN_POINT('',(12.0764333286242,3.14171599612129,3.5));
#7623=CARTESIAN_POINT('Origin',(11.9312653504405,3.1039501635469,3.5));
#7624=CARTESIAN_POINT('',(12.0764333286242,3.14171599612129,0.));
#7625=CARTESIAN_POINT('Origin',(11.7369076305404,4.23740729847316,0.));
#7626=CARTESIAN_POINT('',(11.6139994959994,3.24498924620705,-3.5));
#7627=CARTESIAN_POINT('Origin',(11.7369076305404,4.23740729847316,-3.5));
#7628=CARTESIAN_POINT('',(11.6139994959994,3.24498924620705,3.5));
#7629=CARTESIAN_POINT('',(11.6139994959994,3.24498924620705,0.));
#7630=CARTESIAN_POINT('Origin',(11.7369076305404,4.23740729847316,3.5));
#7631=CARTESIAN_POINT('Origin',(11.477052562887,4.50187338217474,0.));
#7632=CARTESIAN_POINT('',(11.5434426528385,4.367365553569,3.5));
#7633=CARTESIAN_POINT('Origin',(11.477052562887,4.50187338217474,3.5));
#7634=CARTESIAN_POINT('',(11.5434426528385,4.367365553569,-3.5));
#7635=CARTESIAN_POINT('',(11.5434426528385,4.367365553569,0.));
#7636=CARTESIAN_POINT('Origin',(11.477052562887,4.50187338217474,-3.5));
#7637=CARTESIAN_POINT('Origin',(11.9860432525152,3.4706466961974,0.));
#7638=CARTESIAN_POINT('',(11.3032797876938,4.20128617713524,3.5));
#7639=CARTESIAN_POINT('Origin',(11.9860432525152,3.4706466961974,3.5));
#7640=CARTESIAN_POINT('',(11.3032797876938,4.20128617713524,-3.5));
#7641=CARTESIAN_POINT('',(11.3032797876938,4.20128617713524,0.));
#7642=CARTESIAN_POINT('Origin',(11.9860432525152,3.4706466961974,-3.5));
#7643=CARTESIAN_POINT('Origin',(11.6822135106697,3.79578126521474,0.));
#7644=CARTESIAN_POINT('Origin',(11.6822135106697,3.79578126521474,3.5));
#7645=CARTESIAN_POINT('Origin',(11.6822135106697,3.79578126521474,-3.5));
#7646=CARTESIAN_POINT('Origin',(0.,0.,0.));
#7647=CARTESIAN_POINT('',(12.1864900998489,2.6832965522424,3.5));
#7648=CARTESIAN_POINT('Origin',(0.,0.,3.5));
#7649=CARTESIAN_POINT('',(12.1864900998489,2.6832965522424,-3.5));
#7650=CARTESIAN_POINT('',(12.1864900998489,2.6832965522424,0.));
#7651=CARTESIAN_POINT('Origin',(0.,0.,-3.5));
#7652=CARTESIAN_POINT('Origin',(12.2699364585228,1.19927427397445,0.));
#7653=CARTESIAN_POINT('',(12.2680251854834,1.34926209693141,-3.5));
#7654=CARTESIAN_POINT('',(12.4192250558183,1.21386587147289,-3.5));
#7655=CARTESIAN_POINT('Origin',(12.2699364585228,1.19927427397445,-3.5));
#7656=CARTESIAN_POINT('',(12.2680251854834,1.34926209693141,3.5));
#7657=CARTESIAN_POINT('',(12.2680251854834,1.34926209693141,0.));
#7658=CARTESIAN_POINT('',(12.4192250558183,1.21386587147289,3.5));
#7659=CARTESIAN_POINT('Origin',(12.2699364585228,1.19927427397445,3.5));
#7660=CARTESIAN_POINT('',(12.4192250558183,1.21386587147289,0.));
#7661=CARTESIAN_POINT('Origin',(12.2552833652211,2.34918091664449,0.));
#7662=CARTESIAN_POINT('',(11.9786400466682,1.38820824570112,-3.5));
#7663=CARTESIAN_POINT('Origin',(12.2552833652211,2.34918091664449,-3.5));
#7664=CARTESIAN_POINT('',(11.9786400466682,1.38820824570112,3.5));
#7665=CARTESIAN_POINT('',(11.9786400466682,1.38820824570112,0.));
#7666=CARTESIAN_POINT('Origin',(12.2552833652211,2.34918091664449,3.5));
#7667=CARTESIAN_POINT('Origin',(12.0399991549804,2.65104127249576,0.));
#7668=CARTESIAN_POINT('',(12.0845302125449,2.50780376025756,3.5));
#7669=CARTESIAN_POINT('Origin',(12.0399991549804,2.65104127249576,3.5));
#7670=CARTESIAN_POINT('',(12.0845302125449,2.50780376025756,-3.5));
#7671=CARTESIAN_POINT('',(12.0845302125449,2.50780376025756,0.));
#7672=CARTESIAN_POINT('Origin',(12.0399991549804,2.65104127249576,-3.5));
#7673=CARTESIAN_POINT('Origin',(12.3814039296416,1.55288701200293,0.));
#7674=CARTESIAN_POINT('',(11.8213436123909,2.38133884587206,3.5));
#7675=CARTESIAN_POINT('Origin',(12.3814039296416,1.55288701200293,3.5));
#7676=CARTESIAN_POINT('',(11.8213436123909,2.38133884587206,-3.5));
#7677=CARTESIAN_POINT('',(11.8213436123909,2.38133884587206,0.));
#7678=CARTESIAN_POINT('Origin',(12.3814039296416,1.55288701200293,-3.5));
#7679=CARTESIAN_POINT('Origin',(12.132177088465,1.92154807807469,0.));
#7680=CARTESIAN_POINT('Origin',(12.132177088465,1.92154807807469,3.5));
#7681=CARTESIAN_POINT('Origin',(12.132177088465,1.92154807807469,-3.5));
#7682=CARTESIAN_POINT('Origin',(0.,0.,0.));
#7683=CARTESIAN_POINT('',(12.4562142450931,0.743873659521027,3.5));
#7684=CARTESIAN_POINT('Origin',(0.,0.,3.5));
#7685=CARTESIAN_POINT('',(12.4562142450931,0.743873659521027,-3.5));
#7686=CARTESIAN_POINT('',(12.4562142450931,0.743873659521027,0.));
#7687=CARTESIAN_POINT('Origin',(0.,0.,-3.5));
#7688=CARTESIAN_POINT('Origin',(12.3064810094119,-0.734931728386375,0.));
#7689=CARTESIAN_POINT('',(12.328056532162,-0.586491515445078,-3.5));
#7690=CARTESIAN_POINT('',(12.4562142450931,-0.743873659521032,-3.5));
#7691=CARTESIAN_POINT('Origin',(12.3064810094119,-0.734931728386375,-3.5));
#7692=CARTESIAN_POINT('',(12.328056532162,-0.586491515445078,3.5));
#7693=CARTESIAN_POINT('',(12.328056532162,-0.586491515445078,0.));
#7694=CARTESIAN_POINT('',(12.4562142450931,-0.743873659521032,3.5));
#7695=CARTESIAN_POINT('Origin',(12.3064810094119,-0.734931728386375,3.5));
#7696=CARTESIAN_POINT('',(12.4562142450931,-0.743873659521032,0.));
#7697=CARTESIAN_POINT('Origin',(12.4718933504964,0.403109904163569,0.));
#7698=CARTESIAN_POINT('',(12.0483267245608,-0.502755049012994,-3.5));
#7699=CARTESIAN_POINT('Origin',(12.4718933504964,0.403109904163569,-3.5));
#7700=CARTESIAN_POINT('',(12.0483267245608,-0.502755049012994,3.5));
#7701=CARTESIAN_POINT('',(12.0483267245608,-0.502755049012994,0.));
#7702=CARTESIAN_POINT('Origin',(12.4718933504964,0.403109904163569,3.5));
#7703=CARTESIAN_POINT('Origin',(12.3064810094119,0.734931728386371,0.));
#7704=CARTESIAN_POINT('',(12.328056532162,0.586491515445074,3.5));
#7705=CARTESIAN_POINT('Origin',(12.3064810094119,0.734931728386371,3.5));
#7706=CARTESIAN_POINT('',(12.328056532162,0.586491515445074,-3.5));
#7707=CARTESIAN_POINT('',(12.328056532162,0.586491515445074,0.));
#7708=CARTESIAN_POINT('Origin',(12.3064810094119,0.734931728386371,-3.5));
#7709=CARTESIAN_POINT('Origin',(12.4718933504964,-0.403109904163574,0.));
#7710=CARTESIAN_POINT('',(12.0483267245608,0.502755049012989,3.5));
#7711=CARTESIAN_POINT('Origin',(12.4718933504964,-0.403109904163574,3.5));
#7712=CARTESIAN_POINT('',(12.0483267245608,0.502755049012989,-3.5));
#7713=CARTESIAN_POINT('',(12.0483267245608,0.502755049012989,0.));
#7714=CARTESIAN_POINT('Origin',(12.4718933504964,-0.403109904163574,-3.5));
#7715=CARTESIAN_POINT('Origin',(12.2834062019551,-2.25642511317765E-15,
0.));
#7716=CARTESIAN_POINT('Origin',(12.2834062019551,-2.25642511317765E-15,
3.5));
#7717=CARTESIAN_POINT('Origin',(12.2834062019551,-2.25642511317765E-15,
-3.5));
#7718=CARTESIAN_POINT('Origin',(0.,0.,0.));
#7719=CARTESIAN_POINT('',(12.4192250558183,-1.21386587147289,3.5));
#7720=CARTESIAN_POINT('Origin',(0.,0.,3.5));
#7721=CARTESIAN_POINT('',(12.4192250558183,-1.21386587147289,-3.5));
#7722=CARTESIAN_POINT('',(12.4192250558183,-1.21386587147289,0.));
#7723=CARTESIAN_POINT('Origin',(0.,0.,-3.5));
#7724=CARTESIAN_POINT('Origin',(12.0399991549804,-2.65104127249576,0.));
#7725=CARTESIAN_POINT('',(12.0845302125449,-2.50780376025757,-3.5));
#7726=CARTESIAN_POINT('',(12.1864900998489,-2.68329655224241,-3.5));
#7727=CARTESIAN_POINT('Origin',(12.0399991549804,-2.65104127249576,-3.5));
#7728=CARTESIAN_POINT('',(12.0845302125449,-2.50780376025757,3.5));
#7729=CARTESIAN_POINT('',(12.0845302125449,-2.50780376025757,0.));
#7730=CARTESIAN_POINT('',(12.1864900998489,-2.68329655224241,3.5));
#7731=CARTESIAN_POINT('Origin',(12.0399991549804,-2.65104127249576,3.5));
#7732=CARTESIAN_POINT('',(12.1864900998489,-2.68329655224241,0.));
#7733=CARTESIAN_POINT('Origin',(12.3814039296416,-1.55288701200293,0.));
#7734=CARTESIAN_POINT('',(11.8213436123909,-2.38133884587206,-3.5));
#7735=CARTESIAN_POINT('Origin',(12.3814039296416,-1.55288701200293,-3.5));
#7736=CARTESIAN_POINT('',(11.8213436123909,-2.38133884587206,3.5));
#7737=CARTESIAN_POINT('',(11.8213436123909,-2.38133884587206,0.));
#7738=CARTESIAN_POINT('Origin',(12.3814039296416,-1.55288701200293,3.5));
#7739=CARTESIAN_POINT('Origin',(12.2699364585228,-1.19927427397446,0.));
#7740=CARTESIAN_POINT('',(12.2680251854834,-1.34926209693142,3.5));
#7741=CARTESIAN_POINT('Origin',(12.2699364585228,-1.19927427397446,3.5));
#7742=CARTESIAN_POINT('',(12.2680251854834,-1.34926209693142,-3.5));
#7743=CARTESIAN_POINT('',(12.2680251854834,-1.34926209693142,0.));
#7744=CARTESIAN_POINT('Origin',(12.2699364585228,-1.19927427397446,-3.5));
#7745=CARTESIAN_POINT('Origin',(12.2552833652211,-2.3491809166445,0.));
#7746=CARTESIAN_POINT('',(11.9786400466682,-1.38820824570112,3.5));
#7747=CARTESIAN_POINT('Origin',(12.2552833652211,-2.3491809166445,3.5));
#7748=CARTESIAN_POINT('',(11.9786400466682,-1.38820824570112,-3.5));
#7749=CARTESIAN_POINT('',(11.9786400466682,-1.38820824570112,0.));
#7750=CARTESIAN_POINT('Origin',(12.2552833652211,-2.3491809166445,-3.5));
#7751=CARTESIAN_POINT('Origin',(12.132177088465,-1.9215480780747,0.));
#7752=CARTESIAN_POINT('Origin',(12.132177088465,-1.9215480780747,3.5));
#7753=CARTESIAN_POINT('Origin',(12.132177088465,-1.9215480780747,-3.5));
#7754=CARTESIAN_POINT('Origin',(0.,0.,0.));
#7755=CARTESIAN_POINT('',(12.0764333286242,-3.14171599612129,3.5));
#7756=CARTESIAN_POINT('Origin',(0.,0.,3.5));
#7757=CARTESIAN_POINT('',(12.0764333286242,-3.14171599612129,-3.5));
#7758=CARTESIAN_POINT('',(12.0764333286242,-3.14171599612129,0.));
#7759=CARTESIAN_POINT('Origin',(0.,0.,-3.5));
#7760=CARTESIAN_POINT('Origin',(11.477052562887,-4.50187338217475,0.));
#7761=CARTESIAN_POINT('',(11.5434426528385,-4.36736555356901,-3.5));
#7762=CARTESIAN_POINT('',(11.6166941237045,-4.55664777849689,-3.5));
#7763=CARTESIAN_POINT('Origin',(11.477052562887,-4.50187338217475,-3.5));
#7764=CARTESIAN_POINT('',(11.5434426528385,-4.36736555356901,3.5));
#7765=CARTESIAN_POINT('',(11.5434426528385,-4.36736555356901,0.));
#7766=CARTESIAN_POINT('',(11.6166941237045,-4.55664777849689,3.5));
#7767=CARTESIAN_POINT('Origin',(11.477052562887,-4.50187338217475,3.5));
#7768=CARTESIAN_POINT('',(11.6166941237045,-4.55664777849689,0.));
#7769=CARTESIAN_POINT('Origin',(11.9860432525152,-3.47064669619741,0.));
#7770=CARTESIAN_POINT('',(11.3032797876938,-4.20128617713524,-3.5));
#7771=CARTESIAN_POINT('Origin',(11.9860432525152,-3.47064669619741,-3.5));
#7772=CARTESIAN_POINT('',(11.3032797876938,-4.20128617713524,3.5));
#7773=CARTESIAN_POINT('',(11.3032797876938,-4.20128617713524,0.));
#7774=CARTESIAN_POINT('Origin',(11.9860432525152,-3.47064669619741,3.5));
#7775=CARTESIAN_POINT('Origin',(11.9312653504405,-3.10395016354691,0.));
#7776=CARTESIAN_POINT('',(11.905914343497,-3.25179239853729,3.5));
#7777=CARTESIAN_POINT('Origin',(11.9312653504405,-3.10395016354691,3.5));
#7778=CARTESIAN_POINT('',(11.905914343497,-3.25179239853729,-3.5));
#7779=CARTESIAN_POINT('',(11.905914343497,-3.25179239853729,0.));
#7780=CARTESIAN_POINT('Origin',(11.9312653504405,-3.10395016354691,-3.5));
#7781=CARTESIAN_POINT('Origin',(11.7369076305404,-4.23740729847316,0.));
#7782=CARTESIAN_POINT('',(11.6139994959994,-3.24498924620705,3.5));
#7783=CARTESIAN_POINT('Origin',(11.7369076305404,-4.23740729847316,3.5));
#7784=CARTESIAN_POINT('',(11.6139994959994,-3.24498924620705,-3.5));
#7785=CARTESIAN_POINT('',(11.6139994959994,-3.24498924620705,0.));
#7786=CARTESIAN_POINT('Origin',(11.7369076305404,-4.23740729847316,-3.5));
#7787=CARTESIAN_POINT('Origin',(11.6822135106697,-3.79578126521474,0.));
#7788=CARTESIAN_POINT('Origin',(11.6822135106697,-3.79578126521474,3.5));
#7789=CARTESIAN_POINT('Origin',(11.6822135106697,-3.79578126521474,-3.5));
#7790=CARTESIAN_POINT('Origin',(0.,0.,0.));
#7791=CARTESIAN_POINT('',(11.4362797334951,-4.99220664618759,3.5));
#7792=CARTESIAN_POINT('Origin',(0.,0.,3.5));
#7793=CARTESIAN_POINT('',(11.4362797334951,-4.99220664618759,-3.5));
#7794=CARTESIAN_POINT('',(11.4362797334951,-4.99220664618759,0.));
#7795=CARTESIAN_POINT('Origin',(0.,0.,-3.5));
#7796=CARTESIAN_POINT('Origin',(10.6315028465417,-6.24185442832343,0.));
#7797=CARTESIAN_POINT('',(10.7181172245295,-6.11938831249631,-3.5));
#7798=CARTESIAN_POINT('',(10.760856584637,-6.31779921379781,-3.5));
#7799=CARTESIAN_POINT('Origin',(10.6315028465417,-6.24185442832343,-3.5));
#7800=CARTESIAN_POINT('',(10.7181172245295,-6.11938831249631,3.5));
#7801=CARTESIAN_POINT('',(10.7181172245295,-6.11938831249631,0.));
#7802=CARTESIAN_POINT('',(10.760856584637,-6.31779921379781,3.5));
#7803=CARTESIAN_POINT('Origin',(10.6315028465417,-6.24185442832343,3.5));
#7804=CARTESIAN_POINT('',(10.760856584637,-6.31779921379781,0.));
#7805=CARTESIAN_POINT('Origin',(11.295546411115,-5.30294754031549,0.));
#7806=CARTESIAN_POINT('',(10.5068917011888,-5.91778389944793,-3.5));
#7807=CARTESIAN_POINT('Origin',(11.295546411115,-5.30294754031549,-3.5));
#7808=CARTESIAN_POINT('',(10.5068917011888,-5.91778389944793,3.5));
#7809=CARTESIAN_POINT('',(10.5068917011888,-5.91778389944793,0.));
#7810=CARTESIAN_POINT('Origin',(11.295546411115,-5.30294754031549,3.5));
#7811=CARTESIAN_POINT('Origin',(11.2988068918308,-4.93219649867285,0.));
#7812=CARTESIAN_POINT('',(11.2506403769093,-5.07425277921094,3.5));
#7813=CARTESIAN_POINT('Origin',(11.2988068918308,-4.93219649867285,3.5));
#7814=CARTESIAN_POINT('',(11.2506403769093,-5.07425277921094,-3.5));
#7815=CARTESIAN_POINT('',(11.2506403769093,-5.07425277921094,0.));
#7816=CARTESIAN_POINT('Origin',(11.2988068918308,-4.93219649867285,-3.5));
#7817=CARTESIAN_POINT('Origin',(10.9295302774326,-6.02129464946487,0.));
#7818=CARTESIAN_POINT('',(10.9633837330848,-5.02186784196949,3.5));
#7819=CARTESIAN_POINT('Origin',(10.9295302774326,-6.02129464946487,3.5));
#7820=CARTESIAN_POINT('',(10.9633837330848,-5.02186784196949,-3.5));
#7821=CARTESIAN_POINT('',(10.9633837330848,-5.02186784196949,0.));
#7822=CARTESIAN_POINT('Origin',(10.9295302774326,-6.02129464946487,-3.5));
#7823=CARTESIAN_POINT('Origin',(10.9445950651978,-5.57654972012943,0.));
#7824=CARTESIAN_POINT('Origin',(10.9445950651978,-5.57654972012943,3.5));
#7825=CARTESIAN_POINT('Origin',(10.9445950651978,-5.57654972012943,-3.5));
#7826=CARTESIAN_POINT('Origin',(0.,0.,0.));
#7827=CARTESIAN_POINT('',(10.514526976491,-6.71977260044078,3.5));
#7828=CARTESIAN_POINT('Origin',(0.,0.,3.5));
#7829=CARTESIAN_POINT('',(10.514526976491,-6.71977260044078,-3.5));
#7830=CARTESIAN_POINT('',(10.514526976491,-6.71977260044078,0.));
#7831=CARTESIAN_POINT('Origin',(0.,0.,-3.5));
#7832=CARTESIAN_POINT('Origin',(9.52417024617943,-7.82814030291962,0.));
#7833=CARTESIAN_POINT('',(9.62887617876088,-7.72073142208451,-3.5));
#7834=CARTESIAN_POINT('',(9.64005104322036,-7.92338546488157,-3.5));
#7835=CARTESIAN_POINT('Origin',(9.52417024617943,-7.82814030291962,-3.5));
#7836=CARTESIAN_POINT('',(9.62887617876088,-7.72073142208451,3.5));
#7837=CARTESIAN_POINT('',(9.62887617876088,-7.72073142208451,0.));
#7838=CARTESIAN_POINT('',(9.64005104322036,-7.92338546488157,3.5));
#7839=CARTESIAN_POINT('Origin',(9.52417024617943,-7.82814030291962,3.5));
#7840=CARTESIAN_POINT('',(9.64005104322037,-7.92338546488157,0.));
#7841=CARTESIAN_POINT('Origin',(10.3269157293039,-7.00467221651715,0.));
#7842=CARTESIAN_POINT('',(9.45178907062614,-7.48856614215746,-3.5));
#7843=CARTESIAN_POINT('Origin',(10.3269157293039,-7.00467221651715,-3.5));
#7844=CARTESIAN_POINT('',(9.45178907062614,-7.48856614215746,3.5));
#7845=CARTESIAN_POINT('',(9.45178907062614,-7.48856614215746,0.));
#7846=CARTESIAN_POINT('Origin',(10.3269157293039,-7.00467221651715,3.5));
#7847=CARTESIAN_POINT('Origin',(10.3881343089541,-6.63899578697976,0.));
#7848=CARTESIAN_POINT('',(10.3183383055074,-6.77176821598095,3.5));
#7849=CARTESIAN_POINT('Origin',(10.3881343089541,-6.63899578697976,3.5));
#7850=CARTESIAN_POINT('',(10.3183383055074,-6.77176821598095,-3.5));
#7851=CARTESIAN_POINT('',(10.3183383055074,-6.77176821598095,0.));
#7852=CARTESIAN_POINT('Origin',(10.3881343089541,-6.63899578697976,-3.5));
#7853=CARTESIAN_POINT('Origin',(9.85303161586309,-7.65691774265552,0.));
#7854=CARTESIAN_POINT('',(10.042813077277,-6.67509138483882,3.5));
#7855=CARTESIAN_POINT('Origin',(9.85303161586309,-7.65691774265552,3.5));
#7856=CARTESIAN_POINT('',(10.042813077277,-6.67509138483882,-3.5));
#7857=CARTESIAN_POINT('',(10.042813077277,-6.67509138483882,0.));
#7858=CARTESIAN_POINT('Origin',(9.85303161586309,-7.65691774265552,-3.5));
#7859=CARTESIAN_POINT('Origin',(9.93748436619227,-7.22000501342709,0.));
#7860=CARTESIAN_POINT('Origin',(9.93748436619227,-7.22000501342709,3.5));
#7861=CARTESIAN_POINT('Origin',(9.93748436619227,-7.22000501342709,-3.5));
#7862=CARTESIAN_POINT('Origin',(0.,0.,0.));
#7863=CARTESIAN_POINT('',(9.3338716696112,-8.28187545162446,3.5));
#7864=CARTESIAN_POINT('Origin',(0.,0.,3.5));
#7865=CARTESIAN_POINT('',(9.3338716696112,-8.28187545162446,-3.5));
#7866=CARTESIAN_POINT('',(9.33387166961121,-8.28187545162446,0.));
#7867=CARTESIAN_POINT('Origin',(0.,0.,-3.5));
#7868=CARTESIAN_POINT('Origin',(8.18232096544745,-9.22167138314976,0.));
#7869=CARTESIAN_POINT('',(8.30254024506329,-9.13196450042247,-3.5));
#7870=CARTESIAN_POINT('',(8.28187545162446,-9.33387166961121,-3.5));
#7871=CARTESIAN_POINT('Origin',(8.18232096544745,-9.22167138314976,-3.5));
#7872=CARTESIAN_POINT('',(8.30254024506329,-9.13196450042247,3.5));
#7873=CARTESIAN_POINT('',(8.30254024506329,-9.13196450042247,0.));
#7874=CARTESIAN_POINT('',(8.28187545162446,-9.33387166961121,3.5));
#7875=CARTESIAN_POINT('Origin',(8.18232096544745,-9.22167138314976,3.5));
#7876=CARTESIAN_POINT('',(8.28187545162446,-9.33387166961121,0.));
#7877=CARTESIAN_POINT('Origin',(9.10400210916892,-8.53391861557388,0.));
#7878=CARTESIAN_POINT('',(8.16395202445521,-8.87495503332093,-3.5));
#7879=CARTESIAN_POINT('Origin',(9.10400210916892,-8.53391861557388,-3.5));
#7880=CARTESIAN_POINT('',(8.16395202445521,-8.87495503332093,3.5));
#7881=CARTESIAN_POINT('',(8.16395202445521,-8.87495503332093,0.));
#7882=CARTESIAN_POINT('Origin',(9.10400210916892,-8.53391861557388,3.5));
#7883=CARTESIAN_POINT('Origin',(9.22167138314976,-8.18232096544745,0.));
#7884=CARTESIAN_POINT('',(9.13196450042247,-8.30254024506329,3.5));
#7885=CARTESIAN_POINT('Origin',(9.22167138314976,-8.18232096544745,3.5));
#7886=CARTESIAN_POINT('',(9.13196450042247,-8.30254024506329,-3.5));
#7887=CARTESIAN_POINT('',(9.13196450042247,-8.30254024506329,0.));
#7888=CARTESIAN_POINT('Origin',(9.22167138314976,-8.18232096544745,-3.5));
#7889=CARTESIAN_POINT('Origin',(8.53391861557388,-9.10400210916892,0.));
#7890=CARTESIAN_POINT('',(8.87495503332093,-8.16395202445521,3.5));
#7891=CARTESIAN_POINT('Origin',(8.53391861557388,-9.10400210916892,3.5));
#7892=CARTESIAN_POINT('',(8.87495503332093,-8.16395202445521,-3.5));
#7893=CARTESIAN_POINT('',(8.87495503332093,-8.16395202445521,0.));
#7894=CARTESIAN_POINT('Origin',(8.53391861557388,-9.10400210916892,-3.5));
#7895=CARTESIAN_POINT('Origin',(8.68567982147132,-8.68567982147132,0.));
#7896=CARTESIAN_POINT('Origin',(8.68567982147132,-8.68567982147132,3.5));
#7897=CARTESIAN_POINT('Origin',(8.68567982147132,-8.68567982147132,-3.5));
#7898=CARTESIAN_POINT('Origin',(0.,0.,0.));
#7899=CARTESIAN_POINT('',(7.92338546488157,-9.64005104322037,3.5));
#7900=CARTESIAN_POINT('Origin',(0.,0.,3.5));
#7901=CARTESIAN_POINT('',(7.92338546488157,-9.64005104322037,-3.5));
#7902=CARTESIAN_POINT('',(7.92338546488157,-9.64005104322037,0.));
#7903=CARTESIAN_POINT('Origin',(0.,0.,-3.5));
#7904=CARTESIAN_POINT('Origin',(6.63899578697976,-10.3881343089541,0.));
#7905=CARTESIAN_POINT('',(6.77176821598094,-10.3183383055074,-3.5));
#7906=CARTESIAN_POINT('',(6.71977260044077,-10.514526976491,-3.5));
#7907=CARTESIAN_POINT('Origin',(6.63899578697976,-10.3881343089541,-3.5));
#7908=CARTESIAN_POINT('',(6.77176821598094,-10.3183383055074,3.5));
#7909=CARTESIAN_POINT('',(6.77176821598094,-10.3183383055074,0.));
#7910=CARTESIAN_POINT('',(6.71977260044077,-10.514526976491,3.5));
#7911=CARTESIAN_POINT('Origin',(6.63899578697976,-10.3881343089541,3.5));
#7912=CARTESIAN_POINT('',(6.71977260044077,-10.514526976491,0.));
#7913=CARTESIAN_POINT('Origin',(7.65691774265552,-9.8530316158631,0.));
#7914=CARTESIAN_POINT('',(6.67509138483882,-10.042813077277,-3.5));
#7915=CARTESIAN_POINT('Origin',(7.65691774265552,-9.8530316158631,-3.5));
#7916=CARTESIAN_POINT('',(6.67509138483882,-10.042813077277,3.5));
#7917=CARTESIAN_POINT('',(6.67509138483882,-10.042813077277,0.));
#7918=CARTESIAN_POINT('Origin',(7.65691774265552,-9.8530316158631,3.5));
#7919=CARTESIAN_POINT('Origin',(7.82814030291962,-9.52417024617944,0.));
#7920=CARTESIAN_POINT('',(7.72073142208451,-9.62887617876088,3.5));
#7921=CARTESIAN_POINT('Origin',(7.82814030291962,-9.52417024617944,3.5));
#7922=CARTESIAN_POINT('',(7.72073142208451,-9.62887617876088,-3.5));
#7923=CARTESIAN_POINT('',(7.72073142208451,-9.62887617876088,0.));
#7924=CARTESIAN_POINT('Origin',(7.82814030291962,-9.52417024617944,-3.5));
#7925=CARTESIAN_POINT('Origin',(7.00467221651715,-10.3269157293039,0.));
#7926=CARTESIAN_POINT('',(7.48856614215745,-9.45178907062614,3.5));
#7927=CARTESIAN_POINT('Origin',(7.00467221651715,-10.3269157293039,3.5));
#7928=CARTESIAN_POINT('',(7.48856614215745,-9.45178907062614,-3.5));
#7929=CARTESIAN_POINT('',(7.48856614215745,-9.45178907062614,0.));
#7930=CARTESIAN_POINT('Origin',(7.00467221651715,-10.3269157293039,-3.5));
#7931=CARTESIAN_POINT('Origin',(7.22000501342708,-9.93748436619227,0.));
#7932=CARTESIAN_POINT('Origin',(7.22000501342708,-9.93748436619227,3.5));
#7933=CARTESIAN_POINT('Origin',(7.22000501342708,-9.93748436619227,-3.5));
#7934=CARTESIAN_POINT('Origin',(0.,0.,0.));
#7935=CARTESIAN_POINT('',(6.31779921379781,-10.760856584637,3.5));
#7936=CARTESIAN_POINT('Origin',(0.,0.,3.5));
#7937=CARTESIAN_POINT('',(6.31779921379781,-10.760856584637,-3.5));
#7938=CARTESIAN_POINT('',(6.31779921379781,-10.760856584637,0.));
#7939=CARTESIAN_POINT('Origin',(0.,0.,-3.5));
#7940=CARTESIAN_POINT('Origin',(4.93219649867284,-11.2988068918308,0.));
#7941=CARTESIAN_POINT('',(5.07425277921094,-11.2506403769093,-3.5));
#7942=CARTESIAN_POINT('',(4.99220664618758,-11.4362797334951,-3.5));
#7943=CARTESIAN_POINT('Origin',(4.93219649867284,-11.2988068918308,-3.5));
#7944=CARTESIAN_POINT('',(5.07425277921094,-11.2506403769093,3.5));
#7945=CARTESIAN_POINT('',(5.07425277921094,-11.2506403769093,0.));
#7946=CARTESIAN_POINT('',(4.99220664618758,-11.4362797334951,3.5));
#7947=CARTESIAN_POINT('Origin',(4.93219649867284,-11.2988068918308,3.5));
#7948=CARTESIAN_POINT('',(4.99220664618758,-11.4362797334951,0.));
#7949=CARTESIAN_POINT('Origin',(6.02129464946487,-10.9295302774326,0.));
#7950=CARTESIAN_POINT('',(5.02186784196949,-10.9633837330848,-3.5));
#7951=CARTESIAN_POINT('Origin',(6.02129464946487,-10.9295302774326,-3.5));
#7952=CARTESIAN_POINT('',(5.02186784196949,-10.9633837330848,3.5));
#7953=CARTESIAN_POINT('',(5.02186784196949,-10.9633837330848,0.));
#7954=CARTESIAN_POINT('Origin',(6.02129464946487,-10.9295302774326,3.5));
#7955=CARTESIAN_POINT('Origin',(6.24185442832343,-10.6315028465417,0.));
#7956=CARTESIAN_POINT('',(6.11938831249631,-10.7181172245295,3.5));
#7957=CARTESIAN_POINT('Origin',(6.24185442832343,-10.6315028465417,3.5));
#7958=CARTESIAN_POINT('',(6.11938831249631,-10.7181172245295,-3.5));
#7959=CARTESIAN_POINT('',(6.11938831249631,-10.7181172245295,0.));
#7960=CARTESIAN_POINT('Origin',(6.24185442832343,-10.6315028465417,-3.5));
#7961=CARTESIAN_POINT('Origin',(5.30294754031549,-11.295546411115,0.));
#7962=CARTESIAN_POINT('',(5.91778389944793,-10.5068917011888,3.5));
#7963=CARTESIAN_POINT('Origin',(5.30294754031549,-11.295546411115,3.5));
#7964=CARTESIAN_POINT('',(5.91778389944793,-10.5068917011888,-3.5));
#7965=CARTESIAN_POINT('',(5.91778389944793,-10.5068917011888,0.));
#7966=CARTESIAN_POINT('Origin',(5.30294754031549,-11.295546411115,-3.5));
#7967=CARTESIAN_POINT('Origin',(5.57654972012942,-10.9445950651978,0.));
#7968=CARTESIAN_POINT('Origin',(5.57654972012942,-10.9445950651978,3.5));
#7969=CARTESIAN_POINT('Origin',(5.57654972012942,-10.9445950651978,-3.5));
#7970=CARTESIAN_POINT('Origin',(0.,0.,0.));
#7971=CARTESIAN_POINT('',(4.55664777849688,-11.6166941237045,3.5));
#7972=CARTESIAN_POINT('Origin',(0.,0.,3.5));
#7973=CARTESIAN_POINT('',(4.55664777849688,-11.6166941237045,-3.5));
#7974=CARTESIAN_POINT('',(4.55664777849688,-11.6166941237045,0.));
#7975=CARTESIAN_POINT('Origin',(0.,0.,-3.5));
#7976=CARTESIAN_POINT('Origin',(3.1039501635469,-11.9312653504405,0.));
#7977=CARTESIAN_POINT('',(3.25179239853729,-11.905914343497,-3.5));
#7978=CARTESIAN_POINT('',(3.14171599612129,-12.0764333286242,-3.5));
#7979=CARTESIAN_POINT('Origin',(3.1039501635469,-11.9312653504405,-3.5));
#7980=CARTESIAN_POINT('',(3.25179239853729,-11.905914343497,3.5));
#7981=CARTESIAN_POINT('',(3.25179239853729,-11.905914343497,0.));
#7982=CARTESIAN_POINT('',(3.14171599612129,-12.0764333286242,3.5));
#7983=CARTESIAN_POINT('Origin',(3.1039501635469,-11.9312653504405,3.5));
#7984=CARTESIAN_POINT('',(3.14171599612129,-12.0764333286242,0.));
#7985=CARTESIAN_POINT('Origin',(4.23740729847316,-11.7369076305404,0.));
#7986=CARTESIAN_POINT('',(3.24498924620705,-11.6139994959994,-3.5));
#7987=CARTESIAN_POINT('Origin',(4.23740729847316,-11.7369076305404,-3.5));
#7988=CARTESIAN_POINT('',(3.24498924620705,-11.6139994959994,3.5));
#7989=CARTESIAN_POINT('',(3.24498924620705,-11.6139994959994,0.));
#7990=CARTESIAN_POINT('Origin',(4.23740729847316,-11.7369076305404,3.5));
#7991=CARTESIAN_POINT('Origin',(4.50187338217474,-11.477052562887,0.));
#7992=CARTESIAN_POINT('',(4.367365553569,-11.5434426528385,3.5));
#7993=CARTESIAN_POINT('Origin',(4.50187338217474,-11.477052562887,3.5));
#7994=CARTESIAN_POINT('',(4.367365553569,-11.5434426528385,-3.5));
#7995=CARTESIAN_POINT('',(4.367365553569,-11.5434426528385,0.));
#7996=CARTESIAN_POINT('Origin',(4.50187338217474,-11.477052562887,-3.5));
#7997=CARTESIAN_POINT('Origin',(3.4706466961974,-11.9860432525152,0.));
#7998=CARTESIAN_POINT('',(4.20128617713524,-11.3032797876938,3.5));
#7999=CARTESIAN_POINT('Origin',(3.4706466961974,-11.9860432525152,3.5));
#8000=CARTESIAN_POINT('',(4.20128617713524,-11.3032797876938,-3.5));
#8001=CARTESIAN_POINT('',(4.20128617713524,-11.3032797876938,0.));
#8002=CARTESIAN_POINT('Origin',(3.4706466961974,-11.9860432525152,-3.5));
#8003=CARTESIAN_POINT('Origin',(3.79578126521474,-11.6822135106697,0.));
#8004=CARTESIAN_POINT('Origin',(3.79578126521474,-11.6822135106697,3.5));
#8005=CARTESIAN_POINT('Origin',(3.79578126521474,-11.6822135106697,-3.5));
#8006=CARTESIAN_POINT('Origin',(0.,0.,0.));
#8007=CARTESIAN_POINT('',(2.6832965522424,-12.1864900998489,3.5));
#8008=CARTESIAN_POINT('Origin',(0.,0.,3.5));
#8009=CARTESIAN_POINT('',(2.6832965522424,-12.1864900998489,-3.5));
#8010=CARTESIAN_POINT('',(2.68329655224241,-12.1864900998489,0.));
#8011=CARTESIAN_POINT('Origin',(0.,0.,-3.5));
#8012=CARTESIAN_POINT('Origin',(1.19927427397445,-12.2699364585228,0.));
#8013=CARTESIAN_POINT('',(1.34926209693141,-12.2680251854834,-3.5));
#8014=CARTESIAN_POINT('',(1.21386587147289,-12.4192250558183,-3.5));
#8015=CARTESIAN_POINT('Origin',(1.19927427397445,-12.2699364585228,-3.5));
#8016=CARTESIAN_POINT('',(1.34926209693141,-12.2680251854834,3.5));
#8017=CARTESIAN_POINT('',(1.34926209693141,-12.2680251854834,0.));
#8018=CARTESIAN_POINT('',(1.21386587147289,-12.4192250558183,3.5));
#8019=CARTESIAN_POINT('Origin',(1.19927427397445,-12.2699364585228,3.5));
#8020=CARTESIAN_POINT('',(1.21386587147289,-12.4192250558183,0.));
#8021=CARTESIAN_POINT('Origin',(2.3491809166445,-12.2552833652211,0.));
#8022=CARTESIAN_POINT('',(1.38820824570112,-11.9786400466682,-3.5));
#8023=CARTESIAN_POINT('Origin',(2.3491809166445,-12.2552833652211,-3.5));
#8024=CARTESIAN_POINT('',(1.38820824570112,-11.9786400466682,3.5));
#8025=CARTESIAN_POINT('',(1.38820824570112,-11.9786400466682,0.));
#8026=CARTESIAN_POINT('Origin',(2.3491809166445,-12.2552833652211,3.5));
#8027=CARTESIAN_POINT('Origin',(2.65104127249576,-12.0399991549804,0.));
#8028=CARTESIAN_POINT('',(2.50780376025756,-12.0845302125449,3.5));
#8029=CARTESIAN_POINT('Origin',(2.65104127249576,-12.0399991549804,3.5));
#8030=CARTESIAN_POINT('',(2.50780376025756,-12.0845302125449,-3.5));
#8031=CARTESIAN_POINT('',(2.50780376025756,-12.0845302125449,0.));
#8032=CARTESIAN_POINT('Origin',(2.65104127249576,-12.0399991549804,-3.5));
#8033=CARTESIAN_POINT('Origin',(1.55288701200293,-12.3814039296416,0.));
#8034=CARTESIAN_POINT('',(2.38133884587206,-11.8213436123909,3.5));
#8035=CARTESIAN_POINT('Origin',(1.55288701200293,-12.3814039296416,3.5));
#8036=CARTESIAN_POINT('',(2.38133884587206,-11.8213436123909,-3.5));
#8037=CARTESIAN_POINT('',(2.38133884587206,-11.8213436123909,0.));
#8038=CARTESIAN_POINT('Origin',(1.55288701200293,-12.3814039296416,-3.5));
#8039=CARTESIAN_POINT('Origin',(1.92154807807469,-12.132177088465,0.));
#8040=CARTESIAN_POINT('Origin',(1.92154807807469,-12.132177088465,3.5));
#8041=CARTESIAN_POINT('Origin',(1.92154807807469,-12.132177088465,-3.5));
#8042=CARTESIAN_POINT('Origin',(0.,0.,0.));
#8043=CARTESIAN_POINT('',(0.743873659521028,-12.4562142450931,3.5));
#8044=CARTESIAN_POINT('Origin',(0.,0.,3.5));
#8045=CARTESIAN_POINT('',(0.743873659521028,-12.4562142450931,-3.5));
#8046=CARTESIAN_POINT('',(0.743873659521028,-12.4562142450931,0.));
#8047=CARTESIAN_POINT('Origin',(0.,0.,-3.5));
#8048=CARTESIAN_POINT('Origin',(-0.734931728386375,-12.3064810094119,0.));
#8049=CARTESIAN_POINT('',(-0.586491515445077,-12.328056532162,-3.5));
#8050=CARTESIAN_POINT('',(-0.743873659521031,-12.4562142450931,-3.5));
#8051=CARTESIAN_POINT('Origin',(-0.734931728386375,-12.3064810094119,-3.5));
#8052=CARTESIAN_POINT('',(-0.586491515445077,-12.328056532162,3.5));
#8053=CARTESIAN_POINT('',(-0.586491515445078,-12.328056532162,0.));
#8054=CARTESIAN_POINT('',(-0.743873659521031,-12.4562142450931,3.5));
#8055=CARTESIAN_POINT('Origin',(-0.734931728386375,-12.3064810094119,3.5));
#8056=CARTESIAN_POINT('',(-0.743873659521031,-12.4562142450931,0.));
#8057=CARTESIAN_POINT('Origin',(0.40310990416357,-12.4718933504964,0.));
#8058=CARTESIAN_POINT('',(-0.502755049012993,-12.0483267245608,-3.5));
#8059=CARTESIAN_POINT('Origin',(0.40310990416357,-12.4718933504964,-3.5));
#8060=CARTESIAN_POINT('',(-0.502755049012993,-12.0483267245608,3.5));
#8061=CARTESIAN_POINT('',(-0.502755049012993,-12.0483267245608,0.));
#8062=CARTESIAN_POINT('Origin',(0.40310990416357,-12.4718933504964,3.5));
#8063=CARTESIAN_POINT('Origin',(0.734931728386372,-12.3064810094119,0.));
#8064=CARTESIAN_POINT('',(0.586491515445074,-12.328056532162,3.5));
#8065=CARTESIAN_POINT('Origin',(0.734931728386372,-12.3064810094119,3.5));
#8066=CARTESIAN_POINT('',(0.586491515445074,-12.328056532162,-3.5));
#8067=CARTESIAN_POINT('',(0.586491515445075,-12.328056532162,0.));
#8068=CARTESIAN_POINT('Origin',(0.734931728386372,-12.3064810094119,-3.5));
#8069=CARTESIAN_POINT('Origin',(-0.403109904163573,-12.4718933504964,0.));
#8070=CARTESIAN_POINT('',(0.50275504901299,-12.0483267245608,3.5));
#8071=CARTESIAN_POINT('Origin',(-0.403109904163573,-12.4718933504964,3.5));
#8072=CARTESIAN_POINT('',(0.50275504901299,-12.0483267245608,-3.5));
#8073=CARTESIAN_POINT('',(0.50275504901299,-12.0483267245608,0.));
#8074=CARTESIAN_POINT('Origin',(-0.403109904163573,-12.4718933504964,-3.5));
#8075=CARTESIAN_POINT('Origin',(-1.5042834087851E-15,-12.2834062019551,
0.));
#8076=CARTESIAN_POINT('Origin',(-1.5042834087851E-15,-12.2834062019551,
3.5));
#8077=CARTESIAN_POINT('Origin',(-1.5042834087851E-15,-12.2834062019551,
-3.5));
#8078=CARTESIAN_POINT('Origin',(0.,0.,0.));
#8079=CARTESIAN_POINT('',(-1.21386587147289,-12.4192250558183,3.5));
#8080=CARTESIAN_POINT('Origin',(0.,0.,3.5));
#8081=CARTESIAN_POINT('',(-1.21386587147289,-12.4192250558183,-3.5));
#8082=CARTESIAN_POINT('',(-1.21386587147289,-12.4192250558183,0.));
#8083=CARTESIAN_POINT('Origin',(0.,0.,-3.5));
#8084=CARTESIAN_POINT('Origin',(-2.65104127249576,-12.0399991549804,0.));
#8085=CARTESIAN_POINT('',(-2.50780376025757,-12.0845302125449,-3.5));
#8086=CARTESIAN_POINT('',(-2.68329655224241,-12.1864900998489,-3.5));
#8087=CARTESIAN_POINT('Origin',(-2.65104127249576,-12.0399991549804,-3.5));
#8088=CARTESIAN_POINT('',(-2.50780376025757,-12.0845302125449,3.5));
#8089=CARTESIAN_POINT('',(-2.50780376025757,-12.0845302125449,0.));
#8090=CARTESIAN_POINT('',(-2.68329655224241,-12.1864900998489,3.5));
#8091=CARTESIAN_POINT('Origin',(-2.65104127249576,-12.0399991549804,3.5));
#8092=CARTESIAN_POINT('',(-2.68329655224241,-12.1864900998489,0.));
#8093=CARTESIAN_POINT('Origin',(-1.55288701200293,-12.3814039296416,0.));
#8094=CARTESIAN_POINT('',(-2.38133884587206,-11.8213436123909,-3.5));
#8095=CARTESIAN_POINT('Origin',(-1.55288701200293,-12.3814039296416,-3.5));
#8096=CARTESIAN_POINT('',(-2.38133884587206,-11.8213436123909,3.5));
#8097=CARTESIAN_POINT('',(-2.38133884587206,-11.8213436123909,0.));
#8098=CARTESIAN_POINT('Origin',(-1.55288701200293,-12.3814039296416,3.5));
#8099=CARTESIAN_POINT('Origin',(-1.19927427397446,-12.2699364585228,0.));
#8100=CARTESIAN_POINT('',(-1.34926209693142,-12.2680251854834,3.5));
#8101=CARTESIAN_POINT('Origin',(-1.19927427397446,-12.2699364585228,3.5));
#8102=CARTESIAN_POINT('',(-1.34926209693142,-12.2680251854834,-3.5));
#8103=CARTESIAN_POINT('',(-1.34926209693142,-12.2680251854834,0.));
#8104=CARTESIAN_POINT('Origin',(-1.19927427397446,-12.2699364585228,-3.5));
#8105=CARTESIAN_POINT('Origin',(-2.3491809166445,-12.2552833652211,0.));
#8106=CARTESIAN_POINT('',(-1.38820824570112,-11.9786400466682,3.5));
#8107=CARTESIAN_POINT('Origin',(-2.3491809166445,-12.2552833652211,3.5));
#8108=CARTESIAN_POINT('',(-1.38820824570112,-11.9786400466682,-3.5));
#8109=CARTESIAN_POINT('',(-1.38820824570112,-11.9786400466682,0.));
#8110=CARTESIAN_POINT('Origin',(-2.3491809166445,-12.2552833652211,-3.5));
#8111=CARTESIAN_POINT('Origin',(-1.9215480780747,-12.132177088465,0.));
#8112=CARTESIAN_POINT('Origin',(-1.9215480780747,-12.132177088465,3.5));
#8113=CARTESIAN_POINT('Origin',(-1.9215480780747,-12.132177088465,-3.5));
#8114=CARTESIAN_POINT('Origin',(0.,0.,0.));
#8115=CARTESIAN_POINT('',(-3.14171599612129,-12.0764333286242,3.5));
#8116=CARTESIAN_POINT('Origin',(0.,0.,3.5));
#8117=CARTESIAN_POINT('',(-3.14171599612129,-12.0764333286242,-3.5));
#8118=CARTESIAN_POINT('',(-3.14171599612129,-12.0764333286242,0.));
#8119=CARTESIAN_POINT('Origin',(0.,0.,-3.5));
#8120=CARTESIAN_POINT('Origin',(-4.50187338217475,-11.477052562887,0.));
#8121=CARTESIAN_POINT('',(-4.36736555356901,-11.5434426528385,-3.5));
#8122=CARTESIAN_POINT('',(-4.55664777849689,-11.6166941237045,-3.5));
#8123=CARTESIAN_POINT('Origin',(-4.50187338217475,-11.477052562887,-3.5));
#8124=CARTESIAN_POINT('',(-4.36736555356901,-11.5434426528385,3.5));
#8125=CARTESIAN_POINT('',(-4.36736555356901,-11.5434426528385,0.));
#8126=CARTESIAN_POINT('',(-4.55664777849689,-11.6166941237045,3.5));
#8127=CARTESIAN_POINT('Origin',(-4.50187338217475,-11.477052562887,3.5));
#8128=CARTESIAN_POINT('',(-4.55664777849689,-11.6166941237045,0.));
#8129=CARTESIAN_POINT('Origin',(-3.47064669619741,-11.9860432525152,0.));
#8130=CARTESIAN_POINT('',(-4.20128617713524,-11.3032797876938,-3.5));
#8131=CARTESIAN_POINT('Origin',(-3.47064669619741,-11.9860432525152,-3.5));
#8132=CARTESIAN_POINT('',(-4.20128617713524,-11.3032797876938,3.5));
#8133=CARTESIAN_POINT('',(-4.20128617713524,-11.3032797876938,0.));
#8134=CARTESIAN_POINT('Origin',(-3.47064669619741,-11.9860432525152,3.5));
#8135=CARTESIAN_POINT('Origin',(-3.10395016354691,-11.9312653504405,0.));
#8136=CARTESIAN_POINT('',(-3.25179239853729,-11.905914343497,3.5));
#8137=CARTESIAN_POINT('Origin',(-3.10395016354691,-11.9312653504405,3.5));
#8138=CARTESIAN_POINT('',(-3.25179239853729,-11.905914343497,-3.5));
#8139=CARTESIAN_POINT('',(-3.25179239853729,-11.905914343497,0.));
#8140=CARTESIAN_POINT('Origin',(-3.10395016354691,-11.9312653504405,-3.5));
#8141=CARTESIAN_POINT('Origin',(-4.23740729847316,-11.7369076305404,0.));
#8142=CARTESIAN_POINT('',(-3.24498924620705,-11.6139994959994,3.5));
#8143=CARTESIAN_POINT('Origin',(-4.23740729847316,-11.7369076305404,3.5));
#8144=CARTESIAN_POINT('',(-3.24498924620705,-11.6139994959994,-3.5));
#8145=CARTESIAN_POINT('',(-3.24498924620705,-11.6139994959994,0.));
#8146=CARTESIAN_POINT('Origin',(-4.23740729847316,-11.7369076305404,-3.5));
#8147=CARTESIAN_POINT('Origin',(-3.79578126521474,-11.6822135106697,0.));
#8148=CARTESIAN_POINT('Origin',(-3.79578126521474,-11.6822135106697,3.5));
#8149=CARTESIAN_POINT('Origin',(-3.79578126521474,-11.6822135106697,-3.5));
#8150=CARTESIAN_POINT('Origin',(0.,0.,0.));
#8151=CARTESIAN_POINT('',(-4.99220664618758,-11.4362797334951,3.5));
#8152=CARTESIAN_POINT('Origin',(0.,0.,3.5));
#8153=CARTESIAN_POINT('',(-4.99220664618758,-11.4362797334951,-3.5));
#8154=CARTESIAN_POINT('',(-4.99220664618758,-11.4362797334951,0.));
#8155=CARTESIAN_POINT('Origin',(0.,0.,-3.5));
#8156=CARTESIAN_POINT('Origin',(-6.24185442832343,-10.6315028465417,0.));
#8157=CARTESIAN_POINT('',(-6.11938831249631,-10.7181172245295,-3.5));
#8158=CARTESIAN_POINT('',(-6.31779921379781,-10.760856584637,-3.5));
#8159=CARTESIAN_POINT('Origin',(-6.24185442832343,-10.6315028465417,-3.5));
#8160=CARTESIAN_POINT('',(-6.11938831249631,-10.7181172245295,3.5));
#8161=CARTESIAN_POINT('',(-6.11938831249631,-10.7181172245295,0.));
#8162=CARTESIAN_POINT('',(-6.31779921379781,-10.760856584637,3.5));
#8163=CARTESIAN_POINT('Origin',(-6.24185442832343,-10.6315028465417,3.5));
#8164=CARTESIAN_POINT('',(-6.31779921379781,-10.760856584637,0.));
#8165=CARTESIAN_POINT('Origin',(-5.30294754031549,-11.295546411115,0.));
#8166=CARTESIAN_POINT('',(-5.91778389944793,-10.5068917011888,-3.5));
#8167=CARTESIAN_POINT('Origin',(-5.30294754031549,-11.295546411115,-3.5));
#8168=CARTESIAN_POINT('',(-5.91778389944793,-10.5068917011888,3.5));
#8169=CARTESIAN_POINT('',(-5.91778389944793,-10.5068917011888,0.));
#8170=CARTESIAN_POINT('Origin',(-5.30294754031549,-11.295546411115,3.5));
#8171=CARTESIAN_POINT('Origin',(-4.93219649867285,-11.2988068918308,0.));
#8172=CARTESIAN_POINT('',(-5.07425277921094,-11.2506403769093,3.5));
#8173=CARTESIAN_POINT('Origin',(-4.93219649867285,-11.2988068918308,3.5));
#8174=CARTESIAN_POINT('',(-5.07425277921094,-11.2506403769093,-3.5));
#8175=CARTESIAN_POINT('',(-5.07425277921094,-11.2506403769093,0.));
#8176=CARTESIAN_POINT('Origin',(-4.93219649867285,-11.2988068918308,-3.5));
#8177=CARTESIAN_POINT('Origin',(-6.02129464946487,-10.9295302774326,0.));
#8178=CARTESIAN_POINT('',(-5.02186784196949,-10.9633837330848,3.5));
#8179=CARTESIAN_POINT('Origin',(-6.02129464946487,-10.9295302774326,3.5));
#8180=CARTESIAN_POINT('',(-5.02186784196949,-10.9633837330848,-3.5));
#8181=CARTESIAN_POINT('',(-5.02186784196949,-10.9633837330848,0.));
#8182=CARTESIAN_POINT('Origin',(-6.02129464946487,-10.9295302774326,-3.5));
#8183=CARTESIAN_POINT('Origin',(-5.57654972012943,-10.9445950651978,0.));
#8184=CARTESIAN_POINT('Origin',(-5.57654972012943,-10.9445950651978,3.5));
#8185=CARTESIAN_POINT('Origin',(-5.57654972012943,-10.9445950651978,-3.5));
#8186=CARTESIAN_POINT('Origin',(0.,0.,0.));
#8187=CARTESIAN_POINT('',(-6.71977260044078,-10.514526976491,3.5));
#8188=CARTESIAN_POINT('Origin',(0.,0.,3.5));
#8189=CARTESIAN_POINT('',(-6.71977260044078,-10.514526976491,-3.5));
#8190=CARTESIAN_POINT('',(-6.71977260044078,-10.514526976491,0.));
#8191=CARTESIAN_POINT('Origin',(0.,0.,-3.5));
#8192=CARTESIAN_POINT('Origin',(-7.82814030291962,-9.52417024617943,0.));
#8193=CARTESIAN_POINT('',(-7.72073142208451,-9.62887617876088,-3.5));
#8194=CARTESIAN_POINT('',(-7.92338546488157,-9.64005104322036,-3.5));
#8195=CARTESIAN_POINT('Origin',(-7.82814030291962,-9.52417024617943,-3.5));
#8196=CARTESIAN_POINT('',(-7.72073142208451,-9.62887617876088,3.5));
#8197=CARTESIAN_POINT('',(-7.72073142208451,-9.62887617876088,0.));
#8198=CARTESIAN_POINT('',(-7.92338546488157,-9.64005104322036,3.5));
#8199=CARTESIAN_POINT('Origin',(-7.82814030291962,-9.52417024617943,3.5));
#8200=CARTESIAN_POINT('',(-7.92338546488157,-9.64005104322036,0.));
#8201=CARTESIAN_POINT('Origin',(-7.00467221651715,-10.3269157293039,0.));
#8202=CARTESIAN_POINT('',(-7.48856614215746,-9.45178907062614,-3.5));
#8203=CARTESIAN_POINT('Origin',(-7.00467221651715,-10.3269157293039,-3.5));
#8204=CARTESIAN_POINT('',(-7.48856614215746,-9.45178907062614,3.5));
#8205=CARTESIAN_POINT('',(-7.48856614215746,-9.45178907062614,0.));
#8206=CARTESIAN_POINT('Origin',(-7.00467221651715,-10.3269157293039,3.5));
#8207=CARTESIAN_POINT('Origin',(-6.63899578697976,-10.3881343089541,0.));
#8208=CARTESIAN_POINT('',(-6.77176821598095,-10.3183383055074,3.5));
#8209=CARTESIAN_POINT('Origin',(-6.63899578697976,-10.3881343089541,3.5));
#8210=CARTESIAN_POINT('',(-6.77176821598095,-10.3183383055074,-3.5));
#8211=CARTESIAN_POINT('',(-6.77176821598095,-10.3183383055074,0.));
#8212=CARTESIAN_POINT('Origin',(-6.63899578697976,-10.3881343089541,-3.5));
#8213=CARTESIAN_POINT('Origin',(-7.65691774265552,-9.85303161586309,0.));
#8214=CARTESIAN_POINT('',(-6.67509138483882,-10.042813077277,3.5));
#8215=CARTESIAN_POINT('Origin',(-7.65691774265552,-9.85303161586309,3.5));
#8216=CARTESIAN_POINT('',(-6.67509138483882,-10.042813077277,-3.5));
#8217=CARTESIAN_POINT('',(-6.67509138483882,-10.042813077277,0.));
#8218=CARTESIAN_POINT('Origin',(-7.65691774265552,-9.85303161586309,-3.5));
#8219=CARTESIAN_POINT('Origin',(-7.22000501342709,-9.93748436619227,0.));
#8220=CARTESIAN_POINT('Origin',(-7.22000501342709,-9.93748436619227,3.5));
#8221=CARTESIAN_POINT('Origin',(-7.22000501342709,-9.93748436619227,-3.5));
#8222=CARTESIAN_POINT('Origin',(0.,0.,0.));
#8223=CARTESIAN_POINT('',(-8.28187545162446,-9.3338716696112,3.5));
#8224=CARTESIAN_POINT('Origin',(0.,0.,3.5));
#8225=CARTESIAN_POINT('',(-8.28187545162446,-9.3338716696112,-3.5));
#8226=CARTESIAN_POINT('',(-8.28187545162446,-9.33387166961121,0.));
#8227=CARTESIAN_POINT('Origin',(0.,0.,-3.5));
#8228=CARTESIAN_POINT('Origin',(-9.22167138314976,-8.18232096544745,0.));
#8229=CARTESIAN_POINT('',(-9.13196450042247,-8.30254024506329,-3.5));
#8230=CARTESIAN_POINT('',(-9.33387166961121,-8.28187545162446,-3.5));
#8231=CARTESIAN_POINT('Origin',(-9.22167138314976,-8.18232096544745,-3.5));
#8232=CARTESIAN_POINT('',(-9.13196450042247,-8.30254024506329,3.5));
#8233=CARTESIAN_POINT('',(-9.13196450042247,-8.30254024506329,0.));
#8234=CARTESIAN_POINT('',(-9.33387166961121,-8.28187545162446,3.5));
#8235=CARTESIAN_POINT('Origin',(-9.22167138314976,-8.18232096544745,3.5));
#8236=CARTESIAN_POINT('',(-9.33387166961121,-8.28187545162446,0.));
#8237=CARTESIAN_POINT('Origin',(-8.53391861557388,-9.10400210916892,0.));
#8238=CARTESIAN_POINT('',(-8.87495503332093,-8.16395202445521,-3.5));
#8239=CARTESIAN_POINT('Origin',(-8.53391861557388,-9.10400210916892,-3.5));
#8240=CARTESIAN_POINT('',(-8.87495503332093,-8.16395202445521,3.5));
#8241=CARTESIAN_POINT('',(-8.87495503332093,-8.16395202445521,0.));
#8242=CARTESIAN_POINT('Origin',(-8.53391861557388,-9.10400210916892,3.5));
#8243=CARTESIAN_POINT('Origin',(-8.18232096544745,-9.22167138314976,0.));
#8244=CARTESIAN_POINT('',(-8.30254024506329,-9.13196450042247,3.5));
#8245=CARTESIAN_POINT('Origin',(-8.18232096544745,-9.22167138314976,3.5));
#8246=CARTESIAN_POINT('',(-8.30254024506329,-9.13196450042247,-3.5));
#8247=CARTESIAN_POINT('',(-8.30254024506329,-9.13196450042247,0.));
#8248=CARTESIAN_POINT('Origin',(-8.18232096544745,-9.22167138314976,-3.5));
#8249=CARTESIAN_POINT('Origin',(-9.10400210916892,-8.53391861557388,0.));
#8250=CARTESIAN_POINT('',(-8.16395202445521,-8.87495503332093,3.5));
#8251=CARTESIAN_POINT('Origin',(-9.10400210916892,-8.53391861557388,3.5));
#8252=CARTESIAN_POINT('',(-8.16395202445521,-8.87495503332093,-3.5));
#8253=CARTESIAN_POINT('',(-8.16395202445521,-8.87495503332093,0.));
#8254=CARTESIAN_POINT('Origin',(-9.10400210916892,-8.53391861557388,-3.5));
#8255=CARTESIAN_POINT('Origin',(-8.68567982147132,-8.68567982147132,0.));
#8256=CARTESIAN_POINT('Origin',(-8.68567982147132,-8.68567982147132,3.5));
#8257=CARTESIAN_POINT('Origin',(-8.68567982147132,-8.68567982147132,-3.5));
#8258=CARTESIAN_POINT('Origin',(0.,0.,0.));
#8259=CARTESIAN_POINT('',(-9.64005104322037,-7.92338546488157,3.5));
#8260=CARTESIAN_POINT('Origin',(0.,0.,3.5));
#8261=CARTESIAN_POINT('',(-9.64005104322037,-7.92338546488157,-3.5));
#8262=CARTESIAN_POINT('',(-9.64005104322037,-7.92338546488157,0.));
#8263=CARTESIAN_POINT('Origin',(0.,0.,-3.5));
#8264=CARTESIAN_POINT('Origin',(-10.3881343089541,-6.63899578697976,0.));
#8265=CARTESIAN_POINT('',(-10.3183383055074,-6.77176821598094,-3.5));
#8266=CARTESIAN_POINT('',(-10.514526976491,-6.71977260044077,-3.5));
#8267=CARTESIAN_POINT('Origin',(-10.3881343089541,-6.63899578697976,-3.5));
#8268=CARTESIAN_POINT('',(-10.3183383055074,-6.77176821598094,3.5));
#8269=CARTESIAN_POINT('',(-10.3183383055074,-6.77176821598094,0.));
#8270=CARTESIAN_POINT('',(-10.514526976491,-6.71977260044077,3.5));
#8271=CARTESIAN_POINT('Origin',(-10.3881343089541,-6.63899578697976,3.5));
#8272=CARTESIAN_POINT('',(-10.514526976491,-6.71977260044077,0.));
#8273=CARTESIAN_POINT('Origin',(-9.8530316158631,-7.65691774265552,0.));
#8274=CARTESIAN_POINT('',(-10.042813077277,-6.67509138483882,-3.5));
#8275=CARTESIAN_POINT('Origin',(-9.8530316158631,-7.65691774265552,-3.5));
#8276=CARTESIAN_POINT('',(-10.042813077277,-6.67509138483882,3.5));
#8277=CARTESIAN_POINT('',(-10.042813077277,-6.67509138483882,0.));
#8278=CARTESIAN_POINT('Origin',(-9.8530316158631,-7.65691774265552,3.5));
#8279=CARTESIAN_POINT('Origin',(-9.52417024617944,-7.82814030291962,0.));
#8280=CARTESIAN_POINT('',(-9.62887617876088,-7.72073142208451,3.5));
#8281=CARTESIAN_POINT('Origin',(-9.52417024617944,-7.82814030291962,3.5));
#8282=CARTESIAN_POINT('',(-9.62887617876088,-7.72073142208451,-3.5));
#8283=CARTESIAN_POINT('',(-9.62887617876088,-7.72073142208451,0.));
#8284=CARTESIAN_POINT('Origin',(-9.52417024617944,-7.82814030291962,-3.5));
#8285=CARTESIAN_POINT('Origin',(-10.3269157293039,-7.00467221651715,0.));
#8286=CARTESIAN_POINT('',(-9.45178907062614,-7.48856614215745,3.5));
#8287=CARTESIAN_POINT('Origin',(-10.3269157293039,-7.00467221651715,3.5));
#8288=CARTESIAN_POINT('',(-9.45178907062614,-7.48856614215745,-3.5));
#8289=CARTESIAN_POINT('',(-9.45178907062614,-7.48856614215745,0.));
#8290=CARTESIAN_POINT('Origin',(-10.3269157293039,-7.00467221651715,-3.5));
#8291=CARTESIAN_POINT('Origin',(-9.93748436619227,-7.22000501342708,0.));
#8292=CARTESIAN_POINT('Origin',(-9.93748436619227,-7.22000501342708,3.5));
#8293=CARTESIAN_POINT('Origin',(-9.93748436619227,-7.22000501342708,-3.5));
#8294=CARTESIAN_POINT('Origin',(0.,0.,0.));
#8295=CARTESIAN_POINT('',(-10.760856584637,-6.31779921379781,3.5));
#8296=CARTESIAN_POINT('Origin',(0.,0.,3.5));
#8297=CARTESIAN_POINT('',(-10.760856584637,-6.31779921379781,-3.5));
#8298=CARTESIAN_POINT('',(-10.760856584637,-6.31779921379781,0.));
#8299=CARTESIAN_POINT('Origin',(0.,0.,-3.5));
#8300=CARTESIAN_POINT('Origin',(-11.2988068918308,-4.93219649867284,0.));
#8301=CARTESIAN_POINT('',(-11.2506403769093,-5.07425277921094,-3.5));
#8302=CARTESIAN_POINT('',(-11.4362797334951,-4.99220664618758,-3.5));
#8303=CARTESIAN_POINT('Origin',(-11.2988068918308,-4.93219649867284,-3.5));
#8304=CARTESIAN_POINT('',(-11.2506403769093,-5.07425277921094,3.5));
#8305=CARTESIAN_POINT('',(-11.2506403769093,-5.07425277921094,0.));
#8306=CARTESIAN_POINT('',(-11.4362797334951,-4.99220664618758,3.5));
#8307=CARTESIAN_POINT('Origin',(-11.2988068918308,-4.93219649867284,3.5));
#8308=CARTESIAN_POINT('',(-11.4362797334951,-4.99220664618758,0.));
#8309=CARTESIAN_POINT('Origin',(-10.9295302774326,-6.02129464946487,0.));
#8310=CARTESIAN_POINT('',(-10.9633837330848,-5.02186784196949,-3.5));
#8311=CARTESIAN_POINT('Origin',(-10.9295302774326,-6.02129464946487,-3.5));
#8312=CARTESIAN_POINT('',(-10.9633837330848,-5.02186784196949,3.5));
#8313=CARTESIAN_POINT('',(-10.9633837330848,-5.02186784196949,0.));
#8314=CARTESIAN_POINT('Origin',(-10.9295302774326,-6.02129464946487,3.5));
#8315=CARTESIAN_POINT('Origin',(-10.6315028465417,-6.24185442832343,0.));
#8316=CARTESIAN_POINT('',(-10.7181172245295,-6.11938831249631,3.5));
#8317=CARTESIAN_POINT('Origin',(-10.6315028465417,-6.24185442832343,3.5));
#8318=CARTESIAN_POINT('',(-10.7181172245295,-6.11938831249631,-3.5));
#8319=CARTESIAN_POINT('',(-10.7181172245295,-6.11938831249631,0.));
#8320=CARTESIAN_POINT('Origin',(-10.6315028465417,-6.24185442832343,-3.5));
#8321=CARTESIAN_POINT('Origin',(-11.295546411115,-5.30294754031549,0.));
#8322=CARTESIAN_POINT('',(-10.5068917011888,-5.91778389944793,3.5));
#8323=CARTESIAN_POINT('Origin',(-11.295546411115,-5.30294754031549,3.5));
#8324=CARTESIAN_POINT('',(-10.5068917011888,-5.91778389944793,-3.5));
#8325=CARTESIAN_POINT('',(-10.5068917011888,-5.91778389944793,0.));
#8326=CARTESIAN_POINT('Origin',(-11.295546411115,-5.30294754031549,-3.5));
#8327=CARTESIAN_POINT('Origin',(-10.9445950651978,-5.57654972012943,0.));
#8328=CARTESIAN_POINT('Origin',(-10.9445950651978,-5.57654972012943,3.5));
#8329=CARTESIAN_POINT('Origin',(-10.9445950651978,-5.57654972012943,-3.5));
#8330=CARTESIAN_POINT('Origin',(0.,0.,0.));
#8331=CARTESIAN_POINT('',(-11.6166941237045,-4.55664777849688,3.5));
#8332=CARTESIAN_POINT('Origin',(0.,0.,3.5));
#8333=CARTESIAN_POINT('',(-11.6166941237045,-4.55664777849688,-3.5));
#8334=CARTESIAN_POINT('',(-11.6166941237045,-4.55664777849688,0.));
#8335=CARTESIAN_POINT('Origin',(0.,0.,-3.5));
#8336=CARTESIAN_POINT('Origin',(-11.9312653504405,-3.1039501635469,0.));
#8337=CARTESIAN_POINT('',(-11.905914343497,-3.25179239853729,-3.5));
#8338=CARTESIAN_POINT('',(-12.0764333286242,-3.14171599612129,-3.5));
#8339=CARTESIAN_POINT('Origin',(-11.9312653504405,-3.1039501635469,-3.5));
#8340=CARTESIAN_POINT('',(-11.905914343497,-3.25179239853729,3.5));
#8341=CARTESIAN_POINT('',(-11.905914343497,-3.25179239853729,0.));
#8342=CARTESIAN_POINT('',(-12.0764333286242,-3.14171599612129,3.5));
#8343=CARTESIAN_POINT('Origin',(-11.9312653504405,-3.1039501635469,3.5));
#8344=CARTESIAN_POINT('',(-12.0764333286242,-3.14171599612129,0.));
#8345=CARTESIAN_POINT('Origin',(-11.7369076305404,-4.23740729847316,0.));
#8346=CARTESIAN_POINT('',(-11.6139994959994,-3.24498924620705,-3.5));
#8347=CARTESIAN_POINT('Origin',(-11.7369076305404,-4.23740729847316,-3.5));
#8348=CARTESIAN_POINT('',(-11.6139994959994,-3.24498924620705,3.5));
#8349=CARTESIAN_POINT('',(-11.6139994959994,-3.24498924620705,0.));
#8350=CARTESIAN_POINT('Origin',(-11.7369076305404,-4.23740729847316,3.5));
#8351=CARTESIAN_POINT('Origin',(-11.477052562887,-4.50187338217474,0.));
#8352=CARTESIAN_POINT('',(-11.5434426528385,-4.36736555356901,3.5));
#8353=CARTESIAN_POINT('Origin',(-11.477052562887,-4.50187338217474,3.5));
#8354=CARTESIAN_POINT('',(-11.5434426528385,-4.36736555356901,-3.5));
#8355=CARTESIAN_POINT('',(-11.5434426528385,-4.367365553569,0.));
#8356=CARTESIAN_POINT('Origin',(-11.477052562887,-4.50187338217474,-3.5));
#8357=CARTESIAN_POINT('Origin',(-11.9860432525152,-3.4706466961974,0.));
#8358=CARTESIAN_POINT('',(-11.3032797876938,-4.20128617713524,3.5));
#8359=CARTESIAN_POINT('Origin',(-11.9860432525152,-3.4706466961974,3.5));
#8360=CARTESIAN_POINT('',(-11.3032797876938,-4.20128617713524,-3.5));
#8361=CARTESIAN_POINT('',(-11.3032797876938,-4.20128617713524,0.));
#8362=CARTESIAN_POINT('Origin',(-11.9860432525152,-3.4706466961974,-3.5));
#8363=CARTESIAN_POINT('Origin',(-11.6822135106697,-3.79578126521474,0.));
#8364=CARTESIAN_POINT('Origin',(-11.6822135106697,-3.79578126521474,3.5));
#8365=CARTESIAN_POINT('Origin',(-11.6822135106697,-3.79578126521474,-3.5));
#8366=CARTESIAN_POINT('Origin',(0.,0.,0.));
#8367=CARTESIAN_POINT('',(-12.1864900998489,-2.68329655224241,3.5));
#8368=CARTESIAN_POINT('Origin',(0.,0.,3.5));
#8369=CARTESIAN_POINT('',(-12.1864900998489,-2.68329655224241,-3.5));
#8370=CARTESIAN_POINT('',(-12.1864900998489,-2.68329655224241,0.));
#8371=CARTESIAN_POINT('Origin',(0.,0.,-3.5));
#8372=CARTESIAN_POINT('Origin',(-12.2699364585228,-1.19927427397445,0.));
#8373=CARTESIAN_POINT('',(-12.2680251854834,-1.34926209693141,-3.5));
#8374=CARTESIAN_POINT('',(-12.4192250558183,-1.21386587147289,-3.5));
#8375=CARTESIAN_POINT('Origin',(-12.2699364585228,-1.19927427397445,-3.5));
#8376=CARTESIAN_POINT('',(-12.2680251854834,-1.34926209693141,3.5));
#8377=CARTESIAN_POINT('',(-12.2680251854834,-1.34926209693141,0.));
#8378=CARTESIAN_POINT('',(-12.4192250558183,-1.21386587147289,3.5));
#8379=CARTESIAN_POINT('Origin',(-12.2699364585228,-1.19927427397445,3.5));
#8380=CARTESIAN_POINT('',(-12.4192250558183,-1.21386587147289,0.));
#8381=CARTESIAN_POINT('Origin',(-12.2552833652211,-2.3491809166445,0.));
#8382=CARTESIAN_POINT('',(-11.9786400466682,-1.38820824570112,-3.5));
#8383=CARTESIAN_POINT('Origin',(-12.2552833652211,-2.3491809166445,-3.5));
#8384=CARTESIAN_POINT('',(-11.9786400466682,-1.38820824570112,3.5));
#8385=CARTESIAN_POINT('',(-11.9786400466682,-1.38820824570112,0.));
#8386=CARTESIAN_POINT('Origin',(-12.2552833652211,-2.3491809166445,3.5));
#8387=CARTESIAN_POINT('Origin',(-12.0399991549804,-2.65104127249576,0.));
#8388=CARTESIAN_POINT('',(-12.0845302125449,-2.50780376025756,3.5));
#8389=CARTESIAN_POINT('Origin',(-12.0399991549804,-2.65104127249576,3.5));
#8390=CARTESIAN_POINT('',(-12.0845302125449,-2.50780376025756,-3.5));
#8391=CARTESIAN_POINT('',(-12.0845302125449,-2.50780376025756,0.));
#8392=CARTESIAN_POINT('Origin',(-12.0399991549804,-2.65104127249576,-3.5));
#8393=CARTESIAN_POINT('Origin',(-12.3814039296416,-1.55288701200293,0.));
#8394=CARTESIAN_POINT('',(-11.8213436123909,-2.38133884587206,3.5));
#8395=CARTESIAN_POINT('Origin',(-12.3814039296416,-1.55288701200293,3.5));
#8396=CARTESIAN_POINT('',(-11.8213436123909,-2.38133884587206,-3.5));
#8397=CARTESIAN_POINT('',(-11.8213436123909,-2.38133884587206,0.));
#8398=CARTESIAN_POINT('Origin',(-12.3814039296416,-1.55288701200293,-3.5));
#8399=CARTESIAN_POINT('Origin',(-12.132177088465,-1.92154807807469,0.));
#8400=CARTESIAN_POINT('Origin',(-12.132177088465,-1.92154807807469,3.5));
#8401=CARTESIAN_POINT('Origin',(-12.132177088465,-1.92154807807469,-3.5));
#8402=CARTESIAN_POINT('Origin',(0.,0.,0.));
#8403=CARTESIAN_POINT('',(-12.4562142450931,-0.743873659521029,3.5));
#8404=CARTESIAN_POINT('Origin',(0.,0.,3.5));
#8405=CARTESIAN_POINT('',(-12.4562142450931,-0.743873659521029,-3.5));
#8406=CARTESIAN_POINT('',(-12.4562142450931,-0.743873659521029,0.));
#8407=CARTESIAN_POINT('Origin',(0.,0.,-3.5));
#8408=CARTESIAN_POINT('Origin',(-12.3064810094119,0.734931728386374,0.));
#8409=CARTESIAN_POINT('',(-12.328056532162,0.586491515445077,-3.5));
#8410=CARTESIAN_POINT('',(-12.4562142450931,0.74387365952103,-3.5));
#8411=CARTESIAN_POINT('Origin',(-12.3064810094119,0.734931728386374,-3.5));
#8412=CARTESIAN_POINT('',(-12.328056532162,0.586491515445077,3.5));
#8413=CARTESIAN_POINT('',(-12.328056532162,0.586491515445077,0.));
#8414=CARTESIAN_POINT('',(-12.4562142450931,0.74387365952103,3.5));
#8415=CARTESIAN_POINT('Origin',(-12.3064810094119,0.734931728386374,3.5));
#8416=CARTESIAN_POINT('',(-12.4562142450931,0.743873659521031,0.));
#8417=CARTESIAN_POINT('Origin',(-12.4718933504964,-0.403109904163571,0.));
#8418=CARTESIAN_POINT('',(-12.0483267245608,0.502755049012992,-3.5));
#8419=CARTESIAN_POINT('Origin',(-12.4718933504964,-0.403109904163571,-3.5));
#8420=CARTESIAN_POINT('',(-12.0483267245608,0.502755049012992,3.5));
#8421=CARTESIAN_POINT('',(-12.0483267245608,0.502755049012992,0.));
#8422=CARTESIAN_POINT('Origin',(-12.4718933504964,-0.403109904163571,3.5));
#8423=CARTESIAN_POINT('Origin',(-12.3064810094119,-0.734931728386372,0.));
#8424=CARTESIAN_POINT('',(-12.328056532162,-0.586491515445075,3.5));
#8425=CARTESIAN_POINT('Origin',(-12.3064810094119,-0.734931728386372,3.5));
#8426=CARTESIAN_POINT('',(-12.328056532162,-0.586491515445075,-3.5));
#8427=CARTESIAN_POINT('',(-12.328056532162,-0.586491515445075,0.));
#8428=CARTESIAN_POINT('Origin',(-12.3064810094119,-0.734931728386372,-3.5));
#8429=CARTESIAN_POINT('Origin',(-12.4718933504964,0.403109904163572,0.));
#8430=CARTESIAN_POINT('',(-12.0483267245608,-0.502755049012991,3.5));
#8431=CARTESIAN_POINT('Origin',(-12.4718933504964,0.403109904163572,3.5));
#8432=CARTESIAN_POINT('',(-12.0483267245608,-0.502755049012991,-3.5));
#8433=CARTESIAN_POINT('',(-12.0483267245608,-0.502755049012991,0.));
#8434=CARTESIAN_POINT('Origin',(-12.4718933504964,0.403109904163572,-3.5));
#8435=CARTESIAN_POINT('Origin',(-12.2834062019551,7.52141704392551E-16,
0.));
#8436=CARTESIAN_POINT('Origin',(-12.2834062019551,7.52141704392551E-16,
3.5));
#8437=CARTESIAN_POINT('Origin',(-12.2834062019551,7.52141704392551E-16,
-3.5));
#8438=CARTESIAN_POINT('Origin',(0.,0.,0.));
#8439=CARTESIAN_POINT('',(-12.4192250558183,1.21386587147289,3.5));
#8440=CARTESIAN_POINT('Origin',(0.,0.,3.5));
#8441=CARTESIAN_POINT('',(-12.4192250558183,1.21386587147289,-3.5));
#8442=CARTESIAN_POINT('',(-12.4192250558183,1.21386587147289,0.));
#8443=CARTESIAN_POINT('Origin',(0.,0.,-3.5));
#8444=CARTESIAN_POINT('Origin',(-12.0399991549804,2.65104127249576,0.));
#8445=CARTESIAN_POINT('',(-12.0845302125449,2.50780376025757,-3.5));
#8446=CARTESIAN_POINT('',(-12.1864900998489,2.68329655224241,-3.5));
#8447=CARTESIAN_POINT('Origin',(-12.0399991549804,2.65104127249576,-3.5));
#8448=CARTESIAN_POINT('',(-12.0845302125449,2.50780376025757,3.5));
#8449=CARTESIAN_POINT('',(-12.0845302125449,2.50780376025757,0.));
#8450=CARTESIAN_POINT('',(-12.1864900998489,2.68329655224241,3.5));
#8451=CARTESIAN_POINT('Origin',(-12.0399991549804,2.65104127249576,3.5));
#8452=CARTESIAN_POINT('',(-12.1864900998489,2.68329655224241,0.));
#8453=CARTESIAN_POINT('Origin',(-12.3814039296416,1.55288701200293,0.));
#8454=CARTESIAN_POINT('',(-11.8213436123909,2.38133884587206,-3.5));
#8455=CARTESIAN_POINT('Origin',(-12.3814039296416,1.55288701200293,-3.5));
#8456=CARTESIAN_POINT('',(-11.8213436123909,2.38133884587206,3.5));
#8457=CARTESIAN_POINT('',(-11.8213436123909,2.38133884587206,0.));
#8458=CARTESIAN_POINT('Origin',(-12.3814039296416,1.55288701200293,3.5));
#8459=CARTESIAN_POINT('Origin',(-12.2699364585228,1.19927427397445,0.));
#8460=CARTESIAN_POINT('',(-12.2680251854834,1.34926209693142,3.5));
#8461=CARTESIAN_POINT('Origin',(-12.2699364585228,1.19927427397445,3.5));
#8462=CARTESIAN_POINT('',(-12.2680251854834,1.34926209693142,-3.5));
#8463=CARTESIAN_POINT('',(-12.2680251854834,1.34926209693142,0.));
#8464=CARTESIAN_POINT('Origin',(-12.2699364585228,1.19927427397445,-3.5));
#8465=CARTESIAN_POINT('Origin',(-12.2552833652211,2.3491809166445,0.));
#8466=CARTESIAN_POINT('',(-11.9786400466682,1.38820824570112,3.5));
#8467=CARTESIAN_POINT('Origin',(-12.2552833652211,2.3491809166445,3.5));
#8468=CARTESIAN_POINT('',(-11.9786400466682,1.38820824570112,-3.5));
#8469=CARTESIAN_POINT('',(-11.9786400466682,1.38820824570112,0.));
#8470=CARTESIAN_POINT('Origin',(-12.2552833652211,2.3491809166445,-3.5));
#8471=CARTESIAN_POINT('Origin',(-12.132177088465,1.92154807807469,0.));
#8472=CARTESIAN_POINT('Origin',(-12.132177088465,1.92154807807469,3.5));
#8473=CARTESIAN_POINT('Origin',(-12.132177088465,1.92154807807469,-3.5));
#8474=CARTESIAN_POINT('Origin',(0.,0.,0.));
#8475=CARTESIAN_POINT('',(-12.0764333286242,3.14171599612129,3.5));
#8476=CARTESIAN_POINT('Origin',(0.,0.,3.5));
#8477=CARTESIAN_POINT('',(-12.0764333286242,3.14171599612129,-3.5));
#8478=CARTESIAN_POINT('',(-12.0764333286242,3.14171599612129,0.));
#8479=CARTESIAN_POINT('Origin',(0.,0.,-3.5));
#8480=CARTESIAN_POINT('Origin',(-11.477052562887,4.50187338217475,0.));
#8481=CARTESIAN_POINT('',(-11.5434426528385,4.36736555356901,-3.5));
#8482=CARTESIAN_POINT('',(-11.6166941237045,4.55664777849689,-3.5));
#8483=CARTESIAN_POINT('Origin',(-11.477052562887,4.50187338217475,-3.5));
#8484=CARTESIAN_POINT('',(-11.5434426528385,4.36736555356901,3.5));
#8485=CARTESIAN_POINT('',(-11.5434426528385,4.36736555356901,0.));
#8486=CARTESIAN_POINT('',(-11.6166941237045,4.55664777849689,3.5));
#8487=CARTESIAN_POINT('Origin',(-11.477052562887,4.50187338217475,3.5));
#8488=CARTESIAN_POINT('',(-11.6166941237045,4.55664777849689,0.));
#8489=CARTESIAN_POINT('Origin',(-11.9860432525152,3.47064669619741,0.));
#8490=CARTESIAN_POINT('',(-11.3032797876938,4.20128617713524,-3.5));
#8491=CARTESIAN_POINT('Origin',(-11.9860432525152,3.47064669619741,-3.5));
#8492=CARTESIAN_POINT('',(-11.3032797876938,4.20128617713524,3.5));
#8493=CARTESIAN_POINT('',(-11.3032797876938,4.20128617713524,0.));
#8494=CARTESIAN_POINT('Origin',(-11.9860432525152,3.47064669619741,3.5));
#8495=CARTESIAN_POINT('Origin',(-11.9312653504405,3.10395016354691,0.));
#8496=CARTESIAN_POINT('',(-11.905914343497,3.25179239853729,3.5));
#8497=CARTESIAN_POINT('Origin',(-11.9312653504405,3.10395016354691,3.5));
#8498=CARTESIAN_POINT('',(-11.905914343497,3.25179239853729,-3.5));
#8499=CARTESIAN_POINT('',(-11.905914343497,3.25179239853729,0.));
#8500=CARTESIAN_POINT('Origin',(-11.9312653504405,3.10395016354691,-3.5));
#8501=CARTESIAN_POINT('Origin',(-11.7369076305404,4.23740729847316,0.));
#8502=CARTESIAN_POINT('',(-11.6139994959994,3.24498924620705,3.5));
#8503=CARTESIAN_POINT('Origin',(-11.7369076305404,4.23740729847316,3.5));
#8504=CARTESIAN_POINT('',(-11.6139994959994,3.24498924620705,-3.5));
#8505=CARTESIAN_POINT('',(-11.6139994959994,3.24498924620705,0.));
#8506=CARTESIAN_POINT('Origin',(-11.7369076305404,4.23740729847316,-3.5));
#8507=CARTESIAN_POINT('Origin',(-11.6822135106697,3.79578126521474,0.));
#8508=CARTESIAN_POINT('Origin',(-11.6822135106697,3.79578126521474,3.5));
#8509=CARTESIAN_POINT('Origin',(-11.6822135106697,3.79578126521474,-3.5));
#8510=CARTESIAN_POINT('Origin',(0.,0.,0.));
#8511=CARTESIAN_POINT('',(-11.4362797334951,4.99220664618758,3.5));
#8512=CARTESIAN_POINT('Origin',(0.,0.,3.5));
#8513=CARTESIAN_POINT('',(-11.4362797334951,4.99220664618758,-3.5));
#8514=CARTESIAN_POINT('',(-11.4362797334951,4.99220664618759,0.));
#8515=CARTESIAN_POINT('Origin',(0.,0.,-3.5));
#8516=CARTESIAN_POINT('Origin',(-10.6315028465417,6.24185442832343,0.));
#8517=CARTESIAN_POINT('',(-10.7181172245295,6.11938831249631,-3.5));
#8518=CARTESIAN_POINT('',(-10.760856584637,6.31779921379781,-3.5));
#8519=CARTESIAN_POINT('Origin',(-10.6315028465417,6.24185442832343,-3.5));
#8520=CARTESIAN_POINT('',(-10.7181172245295,6.11938831249631,3.5));
#8521=CARTESIAN_POINT('',(-10.7181172245295,6.11938831249631,0.));
#8522=CARTESIAN_POINT('',(-10.760856584637,6.31779921379781,3.5));
#8523=CARTESIAN_POINT('Origin',(-10.6315028465417,6.24185442832343,3.5));
#8524=CARTESIAN_POINT('',(-10.760856584637,6.31779921379781,0.));
#8525=CARTESIAN_POINT('Origin',(-11.295546411115,5.30294754031549,0.));
#8526=CARTESIAN_POINT('',(-10.5068917011888,5.91778389944793,-3.5));
#8527=CARTESIAN_POINT('Origin',(-11.295546411115,5.30294754031549,-3.5));
#8528=CARTESIAN_POINT('',(-10.5068917011888,5.91778389944793,3.5));
#8529=CARTESIAN_POINT('',(-10.5068917011888,5.91778389944793,0.));
#8530=CARTESIAN_POINT('Origin',(-11.295546411115,5.30294754031549,3.5));
#8531=CARTESIAN_POINT('Origin',(-11.2988068918308,4.93219649867285,0.));
#8532=CARTESIAN_POINT('',(-11.2506403769093,5.07425277921094,3.5));
#8533=CARTESIAN_POINT('Origin',(-11.2988068918308,4.93219649867285,3.5));
#8534=CARTESIAN_POINT('',(-11.2506403769093,5.07425277921094,-3.5));
#8535=CARTESIAN_POINT('',(-11.2506403769093,5.07425277921094,0.));
#8536=CARTESIAN_POINT('Origin',(-11.2988068918308,4.93219649867285,-3.5));
#8537=CARTESIAN_POINT('Origin',(-10.9295302774326,6.02129464946487,0.));
#8538=CARTESIAN_POINT('',(-10.9633837330848,5.02186784196949,3.5));
#8539=CARTESIAN_POINT('Origin',(-10.9295302774326,6.02129464946487,3.5));
#8540=CARTESIAN_POINT('',(-10.9633837330848,5.02186784196949,-3.5));
#8541=CARTESIAN_POINT('',(-10.9633837330848,5.02186784196949,0.));
#8542=CARTESIAN_POINT('Origin',(-10.9295302774326,6.02129464946487,-3.5));
#8543=CARTESIAN_POINT('Origin',(-10.9445950651978,5.57654972012943,0.));
#8544=CARTESIAN_POINT('Origin',(-10.9445950651978,5.57654972012943,3.5));
#8545=CARTESIAN_POINT('Origin',(-10.9445950651978,5.57654972012943,-3.5));
#8546=CARTESIAN_POINT('Origin',(0.,0.,0.));
#8547=CARTESIAN_POINT('',(-10.514526976491,6.71977260044077,3.5));
#8548=CARTESIAN_POINT('Origin',(0.,0.,3.5));
#8549=CARTESIAN_POINT('',(-10.514526976491,6.71977260044077,-3.5));
#8550=CARTESIAN_POINT('',(-10.514526976491,6.71977260044077,0.));
#8551=CARTESIAN_POINT('Origin',(0.,0.,-3.5));
#8552=CARTESIAN_POINT('Origin',(-9.52417024617944,7.82814030291962,0.));
#8553=CARTESIAN_POINT('',(-9.62887617876088,7.72073142208451,-3.5));
#8554=CARTESIAN_POINT('',(-9.64005104322037,7.92338546488157,-3.5));
#8555=CARTESIAN_POINT('Origin',(-9.52417024617944,7.82814030291962,-3.5));
#8556=CARTESIAN_POINT('',(-9.62887617876088,7.72073142208451,3.5));
#8557=CARTESIAN_POINT('',(-9.62887617876088,7.72073142208451,0.));
#8558=CARTESIAN_POINT('',(-9.64005104322037,7.92338546488157,3.5));
#8559=CARTESIAN_POINT('Origin',(-9.52417024617944,7.82814030291962,3.5));
#8560=CARTESIAN_POINT('',(-9.64005104322037,7.92338546488157,0.));
#8561=CARTESIAN_POINT('Origin',(-10.3269157293039,7.00467221651715,0.));
#8562=CARTESIAN_POINT('',(-9.45178907062614,7.48856614215745,-3.5));
#8563=CARTESIAN_POINT('Origin',(-10.3269157293039,7.00467221651715,-3.5));
#8564=CARTESIAN_POINT('',(-9.45178907062614,7.48856614215745,3.5));
#8565=CARTESIAN_POINT('',(-9.45178907062614,7.48856614215745,0.));
#8566=CARTESIAN_POINT('Origin',(-10.3269157293039,7.00467221651715,3.5));
#8567=CARTESIAN_POINT('Origin',(-10.3881343089541,6.63899578697976,0.));
#8568=CARTESIAN_POINT('',(-10.3183383055074,6.77176821598094,3.5));
#8569=CARTESIAN_POINT('Origin',(-10.3881343089541,6.63899578697976,3.5));
#8570=CARTESIAN_POINT('',(-10.3183383055074,6.77176821598094,-3.5));
#8571=CARTESIAN_POINT('',(-10.3183383055074,6.77176821598094,0.));
#8572=CARTESIAN_POINT('Origin',(-10.3881343089541,6.63899578697976,-3.5));
#8573=CARTESIAN_POINT('Origin',(-9.8530316158631,7.65691774265552,0.));
#8574=CARTESIAN_POINT('',(-10.042813077277,6.67509138483882,3.5));
#8575=CARTESIAN_POINT('Origin',(-9.8530316158631,7.65691774265552,3.5));
#8576=CARTESIAN_POINT('',(-10.042813077277,6.67509138483882,-3.5));
#8577=CARTESIAN_POINT('',(-10.042813077277,6.67509138483882,0.));
#8578=CARTESIAN_POINT('Origin',(-9.8530316158631,7.65691774265552,-3.5));
#8579=CARTESIAN_POINT('Origin',(-9.93748436619227,7.22000501342708,0.));
#8580=CARTESIAN_POINT('Origin',(-9.93748436619227,7.22000501342708,3.5));
#8581=CARTESIAN_POINT('Origin',(-9.93748436619227,7.22000501342708,-3.5));
#8582=CARTESIAN_POINT('Origin',(0.,0.,0.));
#8583=CARTESIAN_POINT('',(-9.33387166961121,8.28187545162446,3.5));
#8584=CARTESIAN_POINT('Origin',(0.,0.,3.5));
#8585=CARTESIAN_POINT('',(-9.33387166961121,8.28187545162446,-3.5));
#8586=CARTESIAN_POINT('',(-9.33387166961121,8.28187545162446,0.));
#8587=CARTESIAN_POINT('Origin',(0.,0.,-3.5));
#8588=CARTESIAN_POINT('Origin',(-8.18232096544745,9.22167138314976,0.));
#8589=CARTESIAN_POINT('',(-8.30254024506329,9.13196450042247,-3.5));
#8590=CARTESIAN_POINT('',(-8.28187545162446,9.3338716696112,-3.5));
#8591=CARTESIAN_POINT('Origin',(-8.18232096544745,9.22167138314976,-3.5));
#8592=CARTESIAN_POINT('',(-8.30254024506329,9.13196450042247,3.5));
#8593=CARTESIAN_POINT('',(-8.30254024506329,9.13196450042247,0.));
#8594=CARTESIAN_POINT('',(-8.28187545162446,9.3338716696112,3.5));
#8595=CARTESIAN_POINT('Origin',(-8.18232096544745,9.22167138314976,3.5));
#8596=CARTESIAN_POINT('',(-8.28187545162446,9.33387166961121,0.));
#8597=CARTESIAN_POINT('Origin',(-9.10400210916892,8.53391861557388,0.));
#8598=CARTESIAN_POINT('',(-8.16395202445521,8.87495503332093,-3.5));
#8599=CARTESIAN_POINT('Origin',(-9.10400210916892,8.53391861557388,-3.5));
#8600=CARTESIAN_POINT('',(-8.16395202445521,8.87495503332093,3.5));
#8601=CARTESIAN_POINT('',(-8.16395202445521,8.87495503332093,0.));
#8602=CARTESIAN_POINT('Origin',(-9.10400210916892,8.53391861557388,3.5));
#8603=CARTESIAN_POINT('Origin',(-9.22167138314976,8.18232096544745,0.));
#8604=CARTESIAN_POINT('',(-9.13196450042247,8.30254024506329,3.5));
#8605=CARTESIAN_POINT('Origin',(-9.22167138314976,8.18232096544745,3.5));
#8606=CARTESIAN_POINT('',(-9.13196450042247,8.30254024506329,-3.5));
#8607=CARTESIAN_POINT('',(-9.13196450042247,8.30254024506329,0.));
#8608=CARTESIAN_POINT('Origin',(-9.22167138314976,8.18232096544745,-3.5));
#8609=CARTESIAN_POINT('Origin',(-8.53391861557388,9.10400210916892,0.));
#8610=CARTESIAN_POINT('',(-8.87495503332093,8.16395202445521,3.5));
#8611=CARTESIAN_POINT('Origin',(-8.53391861557388,9.10400210916892,3.5));
#8612=CARTESIAN_POINT('',(-8.87495503332093,8.16395202445521,-3.5));
#8613=CARTESIAN_POINT('',(-8.87495503332093,8.16395202445521,0.));
#8614=CARTESIAN_POINT('Origin',(-8.53391861557388,9.10400210916892,-3.5));
#8615=CARTESIAN_POINT('Origin',(-8.68567982147132,8.68567982147132,0.));
#8616=CARTESIAN_POINT('Origin',(-8.68567982147132,8.68567982147132,3.5));
#8617=CARTESIAN_POINT('Origin',(-8.68567982147132,8.68567982147132,-3.5));
#8618=CARTESIAN_POINT('Origin',(0.,0.,0.));
#8619=CARTESIAN_POINT('',(-7.92338546488157,9.64005104322037,3.5));
#8620=CARTESIAN_POINT('Origin',(0.,0.,3.5));
#8621=CARTESIAN_POINT('',(-7.92338546488157,9.64005104322037,-3.5));
#8622=CARTESIAN_POINT('',(-7.92338546488157,9.64005104322037,0.));
#8623=CARTESIAN_POINT('Origin',(0.,0.,-3.5));
#8624=CARTESIAN_POINT('Origin',(-6.63899578697976,10.3881343089541,0.));
#8625=CARTESIAN_POINT('',(-6.77176821598094,10.3183383055074,-3.5));
#8626=CARTESIAN_POINT('',(-6.71977260044077,10.514526976491,-3.5));
#8627=CARTESIAN_POINT('Origin',(-6.63899578697976,10.3881343089541,-3.5));
#8628=CARTESIAN_POINT('',(-6.77176821598094,10.3183383055074,3.5));
#8629=CARTESIAN_POINT('',(-6.77176821598094,10.3183383055074,0.));
#8630=CARTESIAN_POINT('',(-6.71977260044077,10.514526976491,3.5));
#8631=CARTESIAN_POINT('Origin',(-6.63899578697976,10.3881343089541,3.5));
#8632=CARTESIAN_POINT('',(-6.71977260044077,10.514526976491,0.));
#8633=CARTESIAN_POINT('Origin',(-7.65691774265552,9.8530316158631,0.));
#8634=CARTESIAN_POINT('',(-6.67509138483882,10.042813077277,-3.5));
#8635=CARTESIAN_POINT('Origin',(-7.65691774265552,9.8530316158631,-3.5));
#8636=CARTESIAN_POINT('',(-6.67509138483882,10.042813077277,3.5));
#8637=CARTESIAN_POINT('',(-6.67509138483882,10.042813077277,0.));
#8638=CARTESIAN_POINT('Origin',(-7.65691774265552,9.8530316158631,3.5));
#8639=CARTESIAN_POINT('Origin',(-7.82814030291962,9.52417024617944,0.));
#8640=CARTESIAN_POINT('',(-7.72073142208451,9.62887617876088,3.5));
#8641=CARTESIAN_POINT('Origin',(-7.82814030291962,9.52417024617944,3.5));
#8642=CARTESIAN_POINT('',(-7.72073142208451,9.62887617876088,-3.5));
#8643=CARTESIAN_POINT('',(-7.72073142208451,9.62887617876088,0.));
#8644=CARTESIAN_POINT('Origin',(-7.82814030291962,9.52417024617944,-3.5));
#8645=CARTESIAN_POINT('Origin',(-7.00467221651715,10.3269157293039,0.));
#8646=CARTESIAN_POINT('',(-7.48856614215745,9.45178907062614,3.5));
#8647=CARTESIAN_POINT('Origin',(-7.00467221651715,10.3269157293039,3.5));
#8648=CARTESIAN_POINT('',(-7.48856614215745,9.45178907062614,-3.5));
#8649=CARTESIAN_POINT('',(-7.48856614215745,9.45178907062614,0.));
#8650=CARTESIAN_POINT('Origin',(-7.00467221651715,10.3269157293039,-3.5));
#8651=CARTESIAN_POINT('Origin',(-7.22000501342708,9.93748436619227,0.));
#8652=CARTESIAN_POINT('Origin',(-7.22000501342708,9.93748436619227,3.5));
#8653=CARTESIAN_POINT('Origin',(-7.22000501342708,9.93748436619227,-3.5));
#8654=CARTESIAN_POINT('Origin',(0.,0.,0.));
#8655=CARTESIAN_POINT('',(-6.31779921379781,10.760856584637,3.5));
#8656=CARTESIAN_POINT('Origin',(0.,0.,3.5));
#8657=CARTESIAN_POINT('',(-6.31779921379781,10.760856584637,-3.5));
#8658=CARTESIAN_POINT('',(-6.31779921379781,10.760856584637,0.));
#8659=CARTESIAN_POINT('Origin',(0.,0.,-3.5));
#8660=CARTESIAN_POINT('Origin',(-4.93219649867285,11.2988068918308,0.));
#8661=CARTESIAN_POINT('',(-5.07425277921094,11.2506403769093,-3.5));
#8662=CARTESIAN_POINT('',(-4.99220664618758,11.4362797334951,-3.5));
#8663=CARTESIAN_POINT('Origin',(-4.93219649867285,11.2988068918308,-3.5));
#8664=CARTESIAN_POINT('',(-5.07425277921094,11.2506403769093,3.5));
#8665=CARTESIAN_POINT('',(-5.07425277921094,11.2506403769093,0.));
#8666=CARTESIAN_POINT('',(-4.99220664618758,11.4362797334951,3.5));
#8667=CARTESIAN_POINT('Origin',(-4.93219649867285,11.2988068918308,3.5));
#8668=CARTESIAN_POINT('',(-4.99220664618758,11.4362797334951,0.));
#8669=CARTESIAN_POINT('Origin',(-6.02129464946487,10.9295302774326,0.));
#8670=CARTESIAN_POINT('',(-5.02186784196949,10.9633837330848,-3.5));
#8671=CARTESIAN_POINT('Origin',(-6.02129464946487,10.9295302774326,-3.5));
#8672=CARTESIAN_POINT('',(-5.02186784196949,10.9633837330848,3.5));
#8673=CARTESIAN_POINT('',(-5.02186784196949,10.9633837330848,0.));
#8674=CARTESIAN_POINT('Origin',(-6.02129464946487,10.9295302774326,3.5));
#8675=CARTESIAN_POINT('Origin',(-6.24185442832343,10.6315028465417,0.));
#8676=CARTESIAN_POINT('',(-6.11938831249631,10.7181172245295,3.5));
#8677=CARTESIAN_POINT('Origin',(-6.24185442832343,10.6315028465417,3.5));
#8678=CARTESIAN_POINT('',(-6.11938831249631,10.7181172245295,-3.5));
#8679=CARTESIAN_POINT('',(-6.11938831249631,10.7181172245295,0.));
#8680=CARTESIAN_POINT('Origin',(-6.24185442832343,10.6315028465417,-3.5));
#8681=CARTESIAN_POINT('Origin',(-5.30294754031549,11.295546411115,0.));
#8682=CARTESIAN_POINT('',(-5.91778389944793,10.5068917011888,3.5));
#8683=CARTESIAN_POINT('Origin',(-5.30294754031549,11.295546411115,3.5));
#8684=CARTESIAN_POINT('',(-5.91778389944793,10.5068917011888,-3.5));
#8685=CARTESIAN_POINT('',(-5.91778389944793,10.5068917011888,0.));
#8686=CARTESIAN_POINT('Origin',(-5.30294754031549,11.295546411115,-3.5));
#8687=CARTESIAN_POINT('Origin',(-5.57654972012943,10.9445950651978,0.));
#8688=CARTESIAN_POINT('Origin',(-5.57654972012943,10.9445950651978,3.5));
#8689=CARTESIAN_POINT('Origin',(-5.57654972012943,10.9445950651978,-3.5));
#8690=CARTESIAN_POINT('Origin',(0.,0.,0.));
#8691=CARTESIAN_POINT('',(-4.55664777849688,11.6166941237045,3.5));
#8692=CARTESIAN_POINT('Origin',(0.,0.,3.5));
#8693=CARTESIAN_POINT('',(-4.55664777849688,11.6166941237045,-3.5));
#8694=CARTESIAN_POINT('',(-4.55664777849689,11.6166941237045,0.));
#8695=CARTESIAN_POINT('Origin',(0.,0.,-3.5));
#8696=CARTESIAN_POINT('Origin',(-3.10395016354691,11.9312653504405,0.));
#8697=CARTESIAN_POINT('',(-3.25179239853729,11.905914343497,-3.5));
#8698=CARTESIAN_POINT('',(-3.14171599612129,12.0764333286242,-3.5));
#8699=CARTESIAN_POINT('Origin',(-3.10395016354691,11.9312653504405,-3.5));
#8700=CARTESIAN_POINT('',(-3.25179239853729,11.905914343497,3.5));
#8701=CARTESIAN_POINT('',(-3.25179239853729,11.905914343497,0.));
#8702=CARTESIAN_POINT('',(-3.14171599612129,12.0764333286242,3.5));
#8703=CARTESIAN_POINT('Origin',(-3.10395016354691,11.9312653504405,3.5));
#8704=CARTESIAN_POINT('',(-3.14171599612129,12.0764333286242,0.));
#8705=CARTESIAN_POINT('Origin',(-4.23740729847316,11.7369076305404,0.));
#8706=CARTESIAN_POINT('',(-3.24498924620705,11.6139994959994,-3.5));
#8707=CARTESIAN_POINT('Origin',(-4.23740729847316,11.7369076305404,-3.5));
#8708=CARTESIAN_POINT('',(-3.24498924620705,11.6139994959994,3.5));
#8709=CARTESIAN_POINT('',(-3.24498924620705,11.6139994959994,0.));
#8710=CARTESIAN_POINT('Origin',(-4.23740729847316,11.7369076305404,3.5));
#8711=CARTESIAN_POINT('Origin',(-4.50187338217475,11.477052562887,0.));
#8712=CARTESIAN_POINT('',(-4.36736555356901,11.5434426528385,3.5));
#8713=CARTESIAN_POINT('Origin',(-4.50187338217475,11.477052562887,3.5));
#8714=CARTESIAN_POINT('',(-4.36736555356901,11.5434426528385,-3.5));
#8715=CARTESIAN_POINT('',(-4.36736555356901,11.5434426528385,0.));
#8716=CARTESIAN_POINT('Origin',(-4.50187338217475,11.477052562887,-3.5));
#8717=CARTESIAN_POINT('Origin',(-3.4706466961974,11.9860432525152,0.));
#8718=CARTESIAN_POINT('',(-4.20128617713524,11.3032797876938,3.5));
#8719=CARTESIAN_POINT('Origin',(-3.4706466961974,11.9860432525152,3.5));
#8720=CARTESIAN_POINT('',(-4.20128617713524,11.3032797876938,-3.5));
#8721=CARTESIAN_POINT('',(-4.20128617713524,11.3032797876938,0.));
#8722=CARTESIAN_POINT('Origin',(-3.4706466961974,11.9860432525152,-3.5));
#8723=CARTESIAN_POINT('Origin',(-3.79578126521474,11.6822135106697,0.));
#8724=CARTESIAN_POINT('Origin',(-3.79578126521474,11.6822135106697,3.5));
#8725=CARTESIAN_POINT('Origin',(-3.79578126521474,11.6822135106697,-3.5));
#8726=CARTESIAN_POINT('Origin',(0.,0.,0.));
#8727=CARTESIAN_POINT('',(-2.68329655224241,12.1864900998489,3.5));
#8728=CARTESIAN_POINT('Origin',(0.,0.,3.5));
#8729=CARTESIAN_POINT('',(-2.68329655224241,12.1864900998489,-3.5));
#8730=CARTESIAN_POINT('',(-2.68329655224241,12.1864900998489,0.));
#8731=CARTESIAN_POINT('Origin',(0.,0.,-3.5));
#8732=CARTESIAN_POINT('Origin',(-2.65104127249576,12.0399991549804,0.));
#8733=CARTESIAN_POINT('',(-2.50780376025756,12.0845302125449,3.5));
#8734=CARTESIAN_POINT('Origin',(-2.65104127249576,12.0399991549804,3.5));
#8735=CARTESIAN_POINT('',(-2.50780376025756,12.0845302125449,-3.5));
#8736=CARTESIAN_POINT('',(-2.50780376025756,12.0845302125449,0.));
#8737=CARTESIAN_POINT('Origin',(-2.65104127249576,12.0399991549804,-3.5));
#8738=CARTESIAN_POINT('Origin',(-1.55288701200293,12.3814039296416,0.));
#8739=CARTESIAN_POINT('',(-2.38133884587206,11.8213436123909,3.5));
#8740=CARTESIAN_POINT('Origin',(-1.55288701200293,12.3814039296416,3.5));
#8741=CARTESIAN_POINT('',(-2.38133884587206,11.8213436123909,-3.5));
#8742=CARTESIAN_POINT('',(-2.38133884587206,11.8213436123909,0.));
#8743=CARTESIAN_POINT('Origin',(-1.55288701200293,12.3814039296416,-3.5));
#8744=CARTESIAN_POINT('Origin',(-1.19927427397445,12.2699364585228,0.));
#8745=CARTESIAN_POINT('',(-1.34926209693142,12.2680251854834,-3.5));
#8746=CARTESIAN_POINT('',(-1.21386587147289,12.4192250558183,-3.5));
#8747=CARTESIAN_POINT('Origin',(-1.19927427397445,12.2699364585228,-3.5));
#8748=CARTESIAN_POINT('',(-1.34926209693142,12.2680251854834,3.5));
#8749=CARTESIAN_POINT('',(-1.34926209693142,12.2680251854834,0.));
#8750=CARTESIAN_POINT('',(-1.21386587147289,12.4192250558183,3.5));
#8751=CARTESIAN_POINT('Origin',(-1.19927427397445,12.2699364585228,3.5));
#8752=CARTESIAN_POINT('',(-1.21386587147289,12.4192250558183,0.));
#8753=CARTESIAN_POINT('Origin',(-2.3491809166445,12.2552833652211,0.));
#8754=CARTESIAN_POINT('',(-1.38820824570112,11.9786400466682,-3.5));
#8755=CARTESIAN_POINT('Origin',(-2.3491809166445,12.2552833652211,-3.5));
#8756=CARTESIAN_POINT('',(-1.38820824570112,11.9786400466682,3.5));
#8757=CARTESIAN_POINT('',(-1.38820824570112,11.9786400466682,0.));
#8758=CARTESIAN_POINT('Origin',(-2.3491809166445,12.2552833652211,3.5));
#8759=CARTESIAN_POINT('Origin',(-1.92154807807469,12.132177088465,0.));
#8760=CARTESIAN_POINT('Origin',(-1.92154807807469,12.132177088465,3.5));
#8761=CARTESIAN_POINT('Origin',(-1.92154807807469,12.132177088465,-3.5));
#8762=CARTESIAN_POINT('Origin',(0.,0.,0.));
#8763=CARTESIAN_POINT('',(-0.743873659521029,12.4562142450931,3.5));
#8764=CARTESIAN_POINT('Origin',(0.,0.,3.5));
#8765=CARTESIAN_POINT('',(-0.743873659521029,12.4562142450931,-3.5));
#8766=CARTESIAN_POINT('',(-0.74387365952103,12.4562142450931,0.));
#8767=CARTESIAN_POINT('Origin',(0.,0.,-3.5));
#8768=CARTESIAN_POINT('Origin',(0.734931728386373,12.3064810094119,0.));
#8769=CARTESIAN_POINT('',(0.586491515445076,12.328056532162,3.5));
#8770=CARTESIAN_POINT('Origin',(0.734931728386373,12.3064810094119,3.5));
#8771=CARTESIAN_POINT('',(0.586491515445076,12.328056532162,-3.5));
#8772=CARTESIAN_POINT('Origin',(0.734931728386373,12.3064810094119,-3.5));
#8773=CARTESIAN_POINT('',(0.586491515445076,12.328056532162,0.));
#8774=CARTESIAN_POINT('Origin',(-0.403109904163571,12.4718933504964,0.));
#8775=CARTESIAN_POINT('',(0.502755049012992,12.0483267245608,-3.5));
#8776=CARTESIAN_POINT('Origin',(-0.403109904163571,12.4718933504964,-3.5));
#8777=CARTESIAN_POINT('',(0.502755049012992,12.0483267245608,3.5));
#8778=CARTESIAN_POINT('',(0.502755049012992,12.0483267245608,0.));
#8779=CARTESIAN_POINT('Origin',(-0.403109904163571,12.4718933504964,3.5));
#8780=CARTESIAN_POINT('Origin',(-0.734931728386373,12.3064810094119,0.));
#8781=CARTESIAN_POINT('',(-0.586491515445076,12.328056532162,3.5));
#8782=CARTESIAN_POINT('Origin',(-0.734931728386373,12.3064810094119,3.5));
#8783=CARTESIAN_POINT('',(-0.586491515445076,12.328056532162,-3.5));
#8784=CARTESIAN_POINT('',(-0.586491515445076,12.328056532162,0.));
#8785=CARTESIAN_POINT('Origin',(-0.734931728386373,12.3064810094119,-3.5));
#8786=CARTESIAN_POINT('Origin',(0.403109904163571,12.4718933504964,0.));
#8787=CARTESIAN_POINT('',(-0.502755049012991,12.0483267245608,3.5));
#8788=CARTESIAN_POINT('Origin',(0.403109904163571,12.4718933504964,3.5));
#8789=CARTESIAN_POINT('',(-0.502755049012991,12.0483267245608,-3.5));
#8790=CARTESIAN_POINT('',(-0.502755049012991,12.0483267245608,0.));
#8791=CARTESIAN_POINT('Origin',(0.403109904163571,12.4718933504964,-3.5));
#8792=CARTESIAN_POINT('Origin',(0.,12.2834062019551,0.));
#8793=CARTESIAN_POINT('Origin',(0.,12.2834062019551,3.5));
#8794=CARTESIAN_POINT('Origin',(0.,12.2834062019551,-3.5));
#8795=CARTESIAN_POINT('Origin',(-1.22464679914735E-16,-5.5,8.5));
#8796=CARTESIAN_POINT('',(1.666,-3.63654286376498,8.5));
#8797=CARTESIAN_POINT('Ctrl Pts',(1.666,-3.63654286376498,8.5));
#8798=CARTESIAN_POINT('Ctrl Pts',(1.666,-3.63654286376498,8.71215257425869));
#8799=CARTESIAN_POINT('Ctrl Pts',(1.62306969361665,-3.65707498068503,8.93636626303899));
#8800=CARTESIAN_POINT('Ctrl Pts',(1.45232491701002,-3.72817707926124,9.34588643784785));
#8801=CARTESIAN_POINT('Ctrl Pts',(1.32461459599392,-3.77742250014388,9.53146519891966));
#8802=CARTESIAN_POINT('Ctrl Pts',(1.03164201001145,-3.86771025481122,9.82443778490213));
#8803=CARTESIAN_POINT('Ctrl Pts',(0.845997344622554,-3.91501921913815,9.95228159626854));
#8804=CARTESIAN_POINT('Ctrl Pts',(0.436216177089197,-3.98155779148738,10.1231293494003));
#8805=CARTESIAN_POINT('Ctrl Pts',(0.211896657455487,-4.,10.166));
#8806=CARTESIAN_POINT('Ctrl Pts',(-0.211896657455487,-4.,10.166));
#8807=CARTESIAN_POINT('Ctrl Pts',(-0.436216177089197,-3.98155779148738,
10.1231293494003));
#8808=CARTESIAN_POINT('Ctrl Pts',(-0.845997344622554,-3.91501921913815,
9.95228159626854));
#8809=CARTESIAN_POINT('Ctrl Pts',(-1.03164201001145,-3.86771025481122,9.82443778490213));
#8810=CARTESIAN_POINT('Ctrl Pts',(-1.32461459599392,-3.77742250014388,9.53146519891966));
#8811=CARTESIAN_POINT('Ctrl Pts',(-1.45232491701002,-3.72817707926124,9.34588643784785));
#8812=CARTESIAN_POINT('Ctrl Pts',(-1.62306969361665,-3.65707498068503,8.93636626303899));
#8813=CARTESIAN_POINT('Ctrl Pts',(-1.666,-3.63654286376498,8.71215257425869));
#8814=CARTESIAN_POINT('Ctrl Pts',(-1.666,-3.63654286376498,8.28784742574131));
#8815=CARTESIAN_POINT('Ctrl Pts',(-1.62306969361665,-3.65707498068503,8.06363373696101));
#8816=CARTESIAN_POINT('Ctrl Pts',(-1.45232491701002,-3.72817707926124,7.65411356215215));
#8817=CARTESIAN_POINT('Ctrl Pts',(-1.32461459599392,-3.77742250014388,7.46853480108034));
#8818=CARTESIAN_POINT('Ctrl Pts',(-1.03164201001145,-3.86771025481122,7.17556221509787));
#8819=CARTESIAN_POINT('Ctrl Pts',(-0.845997344622554,-3.91501921913815,
7.04771840373146));
#8820=CARTESIAN_POINT('Ctrl Pts',(-0.436216177089197,-3.98155779148738,
6.87687065059971));
#8821=CARTESIAN_POINT('Ctrl Pts',(-0.211896657455487,-4.,6.834));
#8822=CARTESIAN_POINT('Ctrl Pts',(0.211896657455487,-4.,6.834));
#8823=CARTESIAN_POINT('Ctrl Pts',(0.436216177089197,-3.98155779148738,6.87687065059971));
#8824=CARTESIAN_POINT('Ctrl Pts',(0.845997344622554,-3.91501921913815,7.04771840373146));
#8825=CARTESIAN_POINT('Ctrl Pts',(1.03164201001145,-3.86771025481122,7.17556221509787));
#8826=CARTESIAN_POINT('Ctrl Pts',(1.32461459599392,-3.77742250014388,7.46853480108034));
#8827=CARTESIAN_POINT('Ctrl Pts',(1.45232491701002,-3.72817707926124,7.65411356215215));
#8828=CARTESIAN_POINT('Ctrl Pts',(1.62306969361665,-3.65707498068503,8.06363373696101));
#8829=CARTESIAN_POINT('Ctrl Pts',(1.666,-3.63654286376498,8.28784742574131));
#8830=CARTESIAN_POINT('Ctrl Pts',(1.666,-3.63654286376498,8.5));
#8831=CARTESIAN_POINT('',(1.666,-7.82460503795559,8.5));
#8832=CARTESIAN_POINT('',(1.666,-5.5,8.5));
#8833=CARTESIAN_POINT('Ctrl Pts',(1.666,-7.82460503795559,8.5));
#8834=CARTESIAN_POINT('Ctrl Pts',(1.666,-7.82460503795559,8.29014419484606));
#8835=CARTESIAN_POINT('Ctrl Pts',(1.6239341677316,-7.83392359630084,8.06673530048814));
#8836=CARTESIAN_POINT('Ctrl Pts',(1.45372553042545,-7.86728689150362,7.65645822148162));
#8837=CARTESIAN_POINT('Ctrl Pts',(1.32561487654328,-7.89081784630666,7.4695350816297));
#8838=CARTESIAN_POINT('Ctrl Pts',(1.03047467042895,-7.93475772132265,7.17439487551538));
#8839=CARTESIAN_POINT('Ctrl Pts',(0.843547401165121,-7.9580639777035,7.04627658782494));
#8840=CARTESIAN_POINT('Ctrl Pts',(0.43325592683094,-7.9909100727368,6.87606240718796));
#8841=CARTESIAN_POINT('Ctrl Pts',(0.209841937449985,-8.,6.834));
#8842=CARTESIAN_POINT('Ctrl Pts',(-0.209841937449986,-8.,6.834));
#8843=CARTESIAN_POINT('Ctrl Pts',(-0.433255926830941,-7.9909100727368,6.87606240718797));
#8844=CARTESIAN_POINT('Ctrl Pts',(-0.843547401165123,-7.9580639777035,7.04627658782494));
#8845=CARTESIAN_POINT('Ctrl Pts',(-1.03047467042895,-7.93475772132265,7.17439487551538));
#8846=CARTESIAN_POINT('Ctrl Pts',(-1.32561487654328,-7.89081784630666,7.4695350816297));
#8847=CARTESIAN_POINT('Ctrl Pts',(-1.45372553042545,-7.86728689150362,7.65645822148162));
#8848=CARTESIAN_POINT('Ctrl Pts',(-1.6239341677316,-7.83392359630084,8.06673530048814));
#8849=CARTESIAN_POINT('Ctrl Pts',(-1.666,-7.82460503795559,8.29014419484606));
#8850=CARTESIAN_POINT('Ctrl Pts',(-1.666,-7.82460503795559,8.70985580515394));
#8851=CARTESIAN_POINT('Ctrl Pts',(-1.6239341677316,-7.83392359630084,8.93326469951186));
#8852=CARTESIAN_POINT('Ctrl Pts',(-1.45372553042545,-7.86728689150362,9.34354177851838));
#8853=CARTESIAN_POINT('Ctrl Pts',(-1.32561487654328,-7.89081784630666,9.5304649183703));
#8854=CARTESIAN_POINT('Ctrl Pts',(-1.03047467042895,-7.93475772132265,9.82560512448462));
#8855=CARTESIAN_POINT('Ctrl Pts',(-0.843547401165121,-7.9580639777035,9.95372341217506));
#8856=CARTESIAN_POINT('Ctrl Pts',(-0.43325592683094,-7.9909100727368,10.123937592812));
#8857=CARTESIAN_POINT('Ctrl Pts',(-0.209841937449985,-8.,10.166));
#8858=CARTESIAN_POINT('Ctrl Pts',(0.209841937449986,-8.,10.166));
#8859=CARTESIAN_POINT('Ctrl Pts',(0.43325592683094,-7.9909100727368,10.123937592812));
#8860=CARTESIAN_POINT('Ctrl Pts',(0.843547401165122,-7.9580639777035,9.95372341217506));
#8861=CARTESIAN_POINT('Ctrl Pts',(1.03047467042895,-7.93475772132265,9.82560512448462));
#8862=CARTESIAN_POINT('Ctrl Pts',(1.32561487654328,-7.89081784630666,9.5304649183703));
#8863=CARTESIAN_POINT('Ctrl Pts',(1.45372553042545,-7.86728689150362,9.34354177851838));
#8864=CARTESIAN_POINT('Ctrl Pts',(1.6239341677316,-7.83392359630084,8.93326469951185));
#8865=CARTESIAN_POINT('Ctrl Pts',(1.666,-7.82460503795559,8.70985580515394));
#8866=CARTESIAN_POINT('Ctrl Pts',(1.666,-7.82460503795559,8.5));
#8867=CARTESIAN_POINT('Origin',(0.,0.,5.15));
#8868=CARTESIAN_POINT('',(4.,4.89858719658941E-16,5.3));
#8869=CARTESIAN_POINT('Origin',(0.,0.,5.3));
#8870=CARTESIAN_POINT('',(4.3,-5.26598123633362E-16,5.));
#8871=CARTESIAN_POINT('',(4.15,5.08228421646152E-16,5.15));
#8872=CARTESIAN_POINT('Origin',(0.,0.,5.));
#8873=CARTESIAN_POINT('Origin',(0.,0.,5.));
#8874=CARTESIAN_POINT('',(4.,-4.89858719658941E-16,11.7));
#8875=CARTESIAN_POINT('Origin',(0.,0.,11.7));
#8876=CARTESIAN_POINT('',(4.,4.89858719658941E-16,5.));
#8877=CARTESIAN_POINT('',(-3.50145297333782,-1.93386325150042,8.5));
#8878=CARTESIAN_POINT('Ctrl Pts',(-3.50145297333782,-1.93386325150042,8.5));
#8879=CARTESIAN_POINT('Ctrl Pts',(-3.50145297333782,-1.93386325150042,8.20972493661777));
#8880=CARTESIAN_POINT('Ctrl Pts',(-3.58315891097058,-1.78892186248232,7.58845616595457));
#8881=CARTESIAN_POINT('Ctrl Pts',(-3.81786885429537,-1.26925619482363,6.91850781272424));
#8882=CARTESIAN_POINT('Ctrl Pts',(-4.00740634241897,-0.449066120564584,
6.51710491617911));
#8883=CARTESIAN_POINT('Ctrl Pts',(-4.00985653761772,0.447363559673934,6.51330111970468));
#8884=CARTESIAN_POINT('Ctrl Pts',(-3.84679351220302,1.1387814413279,6.85813234043362));
#8885=CARTESIAN_POINT('Ctrl Pts',(-3.70277047445133,1.52068769390592,7.24978068863603));
#8886=CARTESIAN_POINT('Ctrl Pts',(-3.56057001719402,1.83325363012768,7.75620181076662));
#8887=CARTESIAN_POINT('Ctrl Pts',(-3.46117584219032,2.0034357743383,8.49655081731133));
#8888=CARTESIAN_POINT('Ctrl Pts',(-3.58220834728447,1.79139785590263,9.404459004529));
#8889=CARTESIAN_POINT('Ctrl Pts',(-3.81726323667484,1.2712379471875,10.0826916095355));
#8890=CARTESIAN_POINT('Ctrl Pts',(-4.00629941184307,0.44916558076302,10.4796361019801));
#8891=CARTESIAN_POINT('Ctrl Pts',(-4.0085008887768,-0.294689455425155,10.4835094908975));
#8892=CARTESIAN_POINT('Ctrl Pts',(-3.91212582069847,-0.865047002727072,
10.2826767600672));
#8893=CARTESIAN_POINT('Ctrl Pts',(-3.7783842910774,-1.35105116127961,9.9677655702442));
#8894=CARTESIAN_POINT('Ctrl Pts',(-3.58296124351547,-1.79283778522741,9.41218172163081));
#8895=CARTESIAN_POINT('Ctrl Pts',(-3.50145297333782,-1.93386325150042,8.79027506338223));
#8896=CARTESIAN_POINT('Ctrl Pts',(-3.50145297333782,-1.93386325150042,8.5));
#8897=CARTESIAN_POINT('Ctrl Pts',(-3.50145297333782,-1.93386325150042,8.5));
#8898=CARTESIAN_POINT('Ctrl Pts',(-3.50145297333782,-1.93386325150042,8.79027506338223));
#8899=CARTESIAN_POINT('Ctrl Pts',(-3.58296124351547,-1.79283778522741,9.41218172163081));
#8900=CARTESIAN_POINT('Ctrl Pts',(-3.7783842910774,-1.35105116127961,9.9677655702442));
#8901=CARTESIAN_POINT('Ctrl Pts',(-3.91212582069847,-0.865047002727072,
10.2826767600672));
#8902=CARTESIAN_POINT('Ctrl Pts',(-4.0085008887768,-0.294689455425155,10.4835094908975));
#8903=CARTESIAN_POINT('Ctrl Pts',(-4.00629941184307,0.44916558076302,10.4796361019801));
#8904=CARTESIAN_POINT('Ctrl Pts',(-3.81726323667484,1.2712379471875,10.0826916095355));
#8905=CARTESIAN_POINT('Ctrl Pts',(-3.58220834728447,1.79139785590263,9.404459004529));
#8906=CARTESIAN_POINT('Ctrl Pts',(-3.46117584219032,2.0034357743383,8.49655081731133));
#8907=CARTESIAN_POINT('Ctrl Pts',(-3.56057001719402,1.83325363012768,7.75620181076662));
#8908=CARTESIAN_POINT('Ctrl Pts',(-3.70277047445133,1.52068769390592,7.24978068863603));
#8909=CARTESIAN_POINT('Ctrl Pts',(-3.84679351220302,1.1387814413279,6.85813234043362));
#8910=CARTESIAN_POINT('Ctrl Pts',(-4.00985653761772,0.447363559673934,6.51330111970468));
#8911=CARTESIAN_POINT('Ctrl Pts',(-4.00740634241897,-0.449066120564584,
6.51710491617911));
#8912=CARTESIAN_POINT('Ctrl Pts',(-3.81786885429537,-1.26925619482363,6.91850781272424));
#8913=CARTESIAN_POINT('Ctrl Pts',(-3.58315891097058,-1.78892186248232,7.58845616595457));
#8914=CARTESIAN_POINT('Ctrl Pts',(-3.50145297333782,-1.93386325150042,8.20972493661777));
#8915=CARTESIAN_POINT('Ctrl Pts',(-3.50145297333782,-1.93386325150042,8.5));
#8916=CARTESIAN_POINT('Ctrl Pts',(-3.64648293681354,-1.84457550100028,8.5));
#8917=CARTESIAN_POINT('Ctrl Pts',(-3.64648293681354,-1.84457550100028,8.76762468878643));
#8918=CARTESIAN_POINT('Ctrl Pts',(-3.71847464633396,-1.71716401787256,9.34270512831988));
#8919=CARTESIAN_POINT('Ctrl Pts',(-3.89588920712639,-1.30335570378436,9.8764309906384));
#8920=CARTESIAN_POINT('Ctrl Pts',(-4.01890325718728,-0.837626318886887,
10.1844859447784));
#8921=CARTESIAN_POINT('Ctrl Pts',(-4.10779918570405,-0.286650500501587,
10.3833100649548));
#8922=CARTESIAN_POINT('Ctrl Pts',(-4.10590165376796,0.436629560182491,10.3793976606342));
#8923=CARTESIAN_POINT('Ctrl Pts',(-3.93123494677715,1.22885893546606,9.98673112408697));
#8924=CARTESIAN_POINT('Ctrl Pts',(-3.7178020534221,1.71562539627254,9.3351480156559));
#8925=CARTESIAN_POINT('Ctrl Pts',(-3.61092316624893,1.90741118165153,8.49665697226292));
#8926=CARTESIAN_POINT('Ctrl Pts',(-3.69869345004352,1.75378903461978,7.81371032437599));
#8927=CARTESIAN_POINT('Ctrl Pts',(-3.82716947717632,1.46225782127746,7.33248122188904));
#8928=CARTESIAN_POINT('Ctrl Pts',(-3.95861525048825,1.10104074727541,6.95468026539391));
#8929=CARTESIAN_POINT('Ctrl Pts',(-4.10903597789317,0.435291023178963,6.61361596053369));
#8930=CARTESIAN_POINT('Ctrl Pts',(-4.10686702236095,-0.436794114950095,
6.61743297323589));
#8931=CARTESIAN_POINT('Ctrl Pts',(-3.93176748189873,-1.22695828235699,7.01439954431691));
#8932=CARTESIAN_POINT('Ctrl Pts',(-3.71862573152185,-1.7133663532224,7.65786409823178));
#8933=CARTESIAN_POINT('Ctrl Pts',(-3.64648293681354,-1.84457550100028,8.23237531121357));
#8934=CARTESIAN_POINT('Ctrl Pts',(-3.64648293681354,-1.84457550100028,8.5));
#8935=CARTESIAN_POINT('Ctrl Pts',(-3.79151290028926,-1.75528775050014,8.5));
#8936=CARTESIAN_POINT('Ctrl Pts',(-3.79151290028926,-1.75528775050014,8.74497431419064));
#8937=CARTESIAN_POINT('Ctrl Pts',(-3.85398804915245,-1.64149025051772,9.27322853500895));
#8938=CARTESIAN_POINT('Ctrl Pts',(-4.01339412317538,-1.25566024628911,9.7850964110326));
#8939=CARTESIAN_POINT('Ctrl Pts',(-4.12568069367609,-0.810205635046701,
10.0862951294897));
#8940=CARTESIAN_POINT('Ctrl Pts',(-4.20709748263131,-0.278611545578019,
10.2831106390121));
#8941=CARTESIAN_POINT('Ctrl Pts',(-4.20550389569284,0.424093539601962,10.2791592192884));
#8942=CARTESIAN_POINT('Ctrl Pts',(-4.04520665687946,1.18647992374461,9.89077063863841));
#8943=CARTESIAN_POINT('Ctrl Pts',(-3.85339575955972,1.63985293664244,9.2658370267828));
#8944=CARTESIAN_POINT('Ctrl Pts',(-3.76067049030754,1.81138658896475,8.4967631272145));
#8945=CARTESIAN_POINT('Ctrl Pts',(-3.83681688289303,1.67432443911189,7.87121883798535));
#8946=CARTESIAN_POINT('Ctrl Pts',(-3.95156847990131,1.403827948649,7.41518175514206));
#8947=CARTESIAN_POINT('Ctrl Pts',(-4.07043698877349,1.06330005322292,7.05122819035419));
#8948=CARTESIAN_POINT('Ctrl Pts',(-4.20821541816862,0.423218486683991,6.71393080136269));
#8949=CARTESIAN_POINT('Ctrl Pts',(-4.20632770230293,-0.424522109335605,
6.71776103029266));
#8950=CARTESIAN_POINT('Ctrl Pts',(-4.04566610950208,-1.18466036989036,7.11029127590957));
#8951=CARTESIAN_POINT('Ctrl Pts',(-3.85409255207311,-1.63781084396247,7.72727203050899));
#8952=CARTESIAN_POINT('Ctrl Pts',(-3.79151290028926,-1.75528775050014,8.25502568580936));
#8953=CARTESIAN_POINT('Ctrl Pts',(-3.79151290028926,-1.75528775050014,8.5));
#8954=CARTESIAN_POINT('Ctrl Pts',(-3.93654286376498,-1.666,8.5));
#8955=CARTESIAN_POINT('Ctrl Pts',(-3.93654286376498,-1.666,8.72232393959484));
#8956=CARTESIAN_POINT('Ctrl Pts',(-3.98950145197094,-1.56581648316288,9.20375194169802));
#8957=CARTESIAN_POINT('Ctrl Pts',(-4.13089903922437,-1.20796478879386,9.69376183142681));
#8958=CARTESIAN_POINT('Ctrl Pts',(-4.2324581301649,-0.782784951206515,9.98810431420095));
#8959=CARTESIAN_POINT('Ctrl Pts',(-4.30639577955856,-0.270572590654452,
10.1829112130694));
#8960=CARTESIAN_POINT('Ctrl Pts',(-4.30510613761772,0.411557519021433,10.1789207779425));
#8961=CARTESIAN_POINT('Ctrl Pts',(-4.15917836698177,1.14410091202317,9.79481015318984));
#8962=CARTESIAN_POINT('Ctrl Pts',(-3.98898946569734,1.56408047701234,9.19652603790971));
#8963=CARTESIAN_POINT('Ctrl Pts',(-3.91041781436616,1.71536199627797,8.49686928216609));
#8964=CARTESIAN_POINT('Ctrl Pts',(-3.97494031574253,1.594859843604,7.92872735159472));
#8965=CARTESIAN_POINT('Ctrl Pts',(-4.0759674826263,1.34539807602055,7.49788228839507));
#8966=CARTESIAN_POINT('Ctrl Pts',(-4.18225872705872,1.02555935917042,7.14777611531448));
#8967=CARTESIAN_POINT('Ctrl Pts',(-4.30739485844406,0.411145950189019,6.8142456421917));
#8968=CARTESIAN_POINT('Ctrl Pts',(-4.30578838224491,-0.412250103721116,
6.81808908734944));
#8969=CARTESIAN_POINT('Ctrl Pts',(-4.15956473710543,-1.14236245742373,7.20618300750224));
#8970=CARTESIAN_POINT('Ctrl Pts',(-3.98955937262438,-1.56225533470255,7.7966799627862));
#8971=CARTESIAN_POINT('Ctrl Pts',(-3.93654286376498,-1.666,8.27767606040516));
#8972=CARTESIAN_POINT('Ctrl Pts',(-3.93654286376498,-1.666,8.5));
#8973=CARTESIAN_POINT('',(-3.93654286376498,-1.666,8.5));
#8974=CARTESIAN_POINT('',(-3.50145297333782,-1.93386325150042,8.5));
#8975=CARTESIAN_POINT('Ctrl Pts',(-3.93654286376498,-1.666,8.5));
#8976=CARTESIAN_POINT('Ctrl Pts',(-3.93654286376498,-1.666,8.72232393959484));
#8977=CARTESIAN_POINT('Ctrl Pts',(-3.98950145197094,-1.56581648316288,9.20375194169802));
#8978=CARTESIAN_POINT('Ctrl Pts',(-4.13089903922437,-1.20796478879386,9.69376183142681));
#8979=CARTESIAN_POINT('Ctrl Pts',(-4.2324581301649,-0.782784951206515,9.98810431420095));
#8980=CARTESIAN_POINT('Ctrl Pts',(-4.30639577955856,-0.270572590654452,
10.1829112130694));
#8981=CARTESIAN_POINT('Ctrl Pts',(-4.30510613761772,0.411557519021433,10.1789207779425));
#8982=CARTESIAN_POINT('Ctrl Pts',(-4.15917836698177,1.14410091202317,9.79481015318984));
#8983=CARTESIAN_POINT('Ctrl Pts',(-3.98898946569734,1.56408047701234,9.19652603790971));
#8984=CARTESIAN_POINT('Ctrl Pts',(-3.91041781436616,1.71536199627797,8.49686928216609));
#8985=CARTESIAN_POINT('Ctrl Pts',(-3.97494031574253,1.594859843604,7.92872735159472));
#8986=CARTESIAN_POINT('Ctrl Pts',(-4.0759674826263,1.34539807602055,7.49788228839507));
#8987=CARTESIAN_POINT('Ctrl Pts',(-4.18225872705872,1.02555935917042,7.14777611531448));
#8988=CARTESIAN_POINT('Ctrl Pts',(-4.30739485844406,0.411145950189019,6.8142456421917));
#8989=CARTESIAN_POINT('Ctrl Pts',(-4.30578838224491,-0.412250103721116,
6.81808908734944));
#8990=CARTESIAN_POINT('Ctrl Pts',(-4.15956473710543,-1.14236245742373,7.20618300750224));
#8991=CARTESIAN_POINT('Ctrl Pts',(-3.98955937262438,-1.56225533470255,7.7966799627862));
#8992=CARTESIAN_POINT('Ctrl Pts',(-3.93654286376498,-1.666,8.27767606040516));
#8993=CARTESIAN_POINT('Ctrl Pts',(-3.93654286376498,-1.666,8.5));
#8994=CARTESIAN_POINT('Origin',(-5.5,-2.14313189850787E-16,8.5));
#8995=CARTESIAN_POINT('',(-7.82460503795559,-1.666,8.5));
#8996=CARTESIAN_POINT('',(-5.5,-1.666,8.5));
#8997=CARTESIAN_POINT('Ctrl Pts',(-7.82460503795559,-1.666,8.5));
#8998=CARTESIAN_POINT('Ctrl Pts',(-7.82460503795559,-1.666,8.29014419484606));
#8999=CARTESIAN_POINT('Ctrl Pts',(-7.83392359630084,-1.6239341677316,8.06673530048814));
#9000=CARTESIAN_POINT('Ctrl Pts',(-7.86728689150362,-1.45372553042545,7.65645822148162));
#9001=CARTESIAN_POINT('Ctrl Pts',(-7.89081784630666,-1.32561487654328,7.4695350816297));
#9002=CARTESIAN_POINT('Ctrl Pts',(-7.93475772132265,-1.03047467042895,7.17439487551538));
#9003=CARTESIAN_POINT('Ctrl Pts',(-7.9580639777035,-0.843547401165121,7.04627658782494));
#9004=CARTESIAN_POINT('Ctrl Pts',(-7.9909100727368,-0.43325592683094,6.87606240718796));
#9005=CARTESIAN_POINT('Ctrl Pts',(-8.,-0.209841937449985,6.834));
#9006=CARTESIAN_POINT('Ctrl Pts',(-8.,0.209841937449986,6.834));
#9007=CARTESIAN_POINT('Ctrl Pts',(-7.9909100727368,0.433255926830941,6.87606240718797));
#9008=CARTESIAN_POINT('Ctrl Pts',(-7.9580639777035,0.843547401165123,7.04627658782494));
#9009=CARTESIAN_POINT('Ctrl Pts',(-7.93475772132265,1.03047467042896,7.17439487551538));
#9010=CARTESIAN_POINT('Ctrl Pts',(-7.89081784630666,1.32561487654328,7.4695350816297));
#9011=CARTESIAN_POINT('Ctrl Pts',(-7.86728689150362,1.45372553042545,7.65645822148162));
#9012=CARTESIAN_POINT('Ctrl Pts',(-7.83392359630084,1.6239341677316,8.06673530048814));
#9013=CARTESIAN_POINT('Ctrl Pts',(-7.82460503795559,1.666,8.29014419484606));
#9014=CARTESIAN_POINT('Ctrl Pts',(-7.82460503795559,1.666,8.70985580515394));
#9015=CARTESIAN_POINT('Ctrl Pts',(-7.83392359630084,1.6239341677316,8.93326469951186));
#9016=CARTESIAN_POINT('Ctrl Pts',(-7.86728689150362,1.45372553042545,9.34354177851838));
#9017=CARTESIAN_POINT('Ctrl Pts',(-7.89081784630666,1.32561487654328,9.5304649183703));
#9018=CARTESIAN_POINT('Ctrl Pts',(-7.93475772132265,1.03047467042895,9.82560512448462));
#9019=CARTESIAN_POINT('Ctrl Pts',(-7.9580639777035,0.843547401165121,9.95372341217506));
#9020=CARTESIAN_POINT('Ctrl Pts',(-7.9909100727368,0.433255926830939,10.123937592812));
#9021=CARTESIAN_POINT('Ctrl Pts',(-8.,0.209841937449985,10.166));
#9022=CARTESIAN_POINT('Ctrl Pts',(-8.,-0.209841937449986,10.166));
#9023=CARTESIAN_POINT('Ctrl Pts',(-7.9909100727368,-0.433255926830941,10.123937592812));
#9024=CARTESIAN_POINT('Ctrl Pts',(-7.9580639777035,-0.843547401165122,9.95372341217506));
#9025=CARTESIAN_POINT('Ctrl Pts',(-7.93475772132265,-1.03047467042895,9.82560512448462));
#9026=CARTESIAN_POINT('Ctrl Pts',(-7.89081784630666,-1.32561487654328,9.5304649183703));
#9027=CARTESIAN_POINT('Ctrl Pts',(-7.86728689150362,-1.45372553042545,9.34354177851838));
#9028=CARTESIAN_POINT('Ctrl Pts',(-7.83392359630083,-1.6239341677316,8.93326469951185));
#9029=CARTESIAN_POINT('Ctrl Pts',(-7.82460503795559,-1.666,8.70985580515394));
#9030=CARTESIAN_POINT('Ctrl Pts',(-7.82460503795559,-1.666,8.5));
#9031=CARTESIAN_POINT('Origin',(0.,0.,11.85));
#9032=CARTESIAN_POINT('',(7.7,-9.42978035343462E-16,12.));
#9033=CARTESIAN_POINT('Origin',(0.,0.,12.));
#9034=CARTESIAN_POINT('',(8.,9.79717439317883E-16,11.7));
#9035=CARTESIAN_POINT('',(7.85,9.61347737330672E-16,11.85));
#9036=CARTESIAN_POINT('Origin',(0.,0.,11.7));
#9037=CARTESIAN_POINT('Origin',(0.,0.,12.));
#9038=CARTESIAN_POINT('',(4.3,5.26598123633362E-16,12.));
#9039=CARTESIAN_POINT('Origin',(0.,0.,12.));
#9040=CARTESIAN_POINT('Origin',(0.,0.,5.));
#9041=CARTESIAN_POINT('',(8.,9.79717439317883E-16,5.));
#9042=CARTESIAN_POINT('',(8.,9.79717439317883E-16,5.));
#9043=CARTESIAN_POINT('Origin',(0.,0.,5.));
#9044=CARTESIAN_POINT('Origin',(0.,0.,11.85));
#9045=CARTESIAN_POINT('',(4.15,5.08228421646152E-16,11.85));
#9046=CARTESIAN_POINT('Origin',(0.,0.,5.));
#9047=CARTESIAN_POINT('',(13.5,1.65327317884893E-15,5.));
#9048=CARTESIAN_POINT('Origin',(0.,0.,5.));
#9049=CARTESIAN_POINT('Origin',(0.,0.,3.5));
#9050=CARTESIAN_POINT('',(13.5,1.65327317884893E-15,3.5));
#9051=CARTESIAN_POINT('',(13.5,1.65327317884893E-15,3.5));
#9052=CARTESIAN_POINT('Origin',(0.,0.,3.5));
#9053=CARTESIAN_POINT('Origin',(0.,0.,5.));
#9054=CARTESIAN_POINT('',(0.694592710667721,-3.93923101204883,5.));
#9055=CARTESIAN_POINT('Origin',(0.,0.,5.));
#9056=CARTESIAN_POINT('Origin',(0.,0.,3.5));
#9057=CARTESIAN_POINT('Origin',(0.,0.,-4.9));
#9058=CARTESIAN_POINT('',(0.694592710667721,-3.93923101204883,-4.8));
#9059=CARTESIAN_POINT('Origin',(0.,0.,-4.8));
#9060=CARTESIAN_POINT('',(0.729322346201106,-4.13619256265128,-5.));
#9061=CARTESIAN_POINT('',(0.711957528434414,-4.03771178735005,-4.9));
#9062=CARTESIAN_POINT('Origin',(0.,0.,-5.));
#9063=CARTESIAN_POINT('Origin',(0.,0.,-5.));
#9064=CARTESIAN_POINT('',(0.694592710667721,-3.93923101204883,-5.));
#9065=CARTESIAN_POINT('Origin',(0.,0.,-5.));
#9066=CARTESIAN_POINT('',(2.34425039850356,-13.2949046656648,-5.));
#9067=CARTESIAN_POINT('Origin',(0.,0.,-5.));
#9068=CARTESIAN_POINT('Origin',(0.,0.,-5.));
#9069=CARTESIAN_POINT('',(2.34425039850356,-13.2949046656648,-3.5));
#9070=CARTESIAN_POINT('Origin',(0.,0.,-3.5));
#9071=CARTESIAN_POINT('',(2.34425039850356,-13.2949046656648,-5.));
#9072=CARTESIAN_POINT('Origin',(0.,0.,-3.5));
#9073=CARTESIAN_POINT('',(0.,0.,0.));
#9074=UNCERTAINTY_MEASURE_WITH_UNIT(LENGTH_MEASURE(0.01),#9080,
'DISTANCE_ACCURACY_VALUE',
'Maximum model space distance between geometric entities at asserted c
onnectivities');
#9075=UNCERTAINTY_MEASURE_WITH_UNIT(LENGTH_MEASURE(0.01),#9080,
'DISTANCE_ACCURACY_VALUE',
'Maximum model space distance between geometric entities at asserted c
onnectivities');
#9076=UNCERTAINTY_MEASURE_WITH_UNIT(LENGTH_MEASURE(0.01),#9080,
'DISTANCE_ACCURACY_VALUE',
'Maximum model space distance between geometric entities at asserted c
onnectivities');
#9077=(
GEOMETRIC_REPRESENTATION_CONTEXT(3)
GLOBAL_UNCERTAINTY_ASSIGNED_CONTEXT((#9074))
GLOBAL_UNIT_ASSIGNED_CONTEXT((#9080,#9082,#9083))
REPRESENTATION_CONTEXT('','3D')
);
#9078=(
GEOMETRIC_REPRESENTATION_CONTEXT(3)
GLOBAL_UNCERTAINTY_ASSIGNED_CONTEXT((#9075))
GLOBAL_UNIT_ASSIGNED_CONTEXT((#9080,#9082,#9083))
REPRESENTATION_CONTEXT('','3D')
);
#9079=(
GEOMETRIC_REPRESENTATION_CONTEXT(3)
GLOBAL_UNCERTAINTY_ASSIGNED_CONTEXT((#9076))
GLOBAL_UNIT_ASSIGNED_CONTEXT((#9080,#9082,#9083))
REPRESENTATION_CONTEXT('','3D')
);
#9080=(
LENGTH_UNIT()
NAMED_UNIT(*)
SI_UNIT(.MILLI.,.METRE.)
);
#9081=(
LENGTH_UNIT()
NAMED_UNIT(*)
SI_UNIT($,.METRE.)
);
#9082=(
NAMED_UNIT(*)
PLANE_ANGLE_UNIT()
SI_UNIT($,.RADIAN.)
);
#9083=(
NAMED_UNIT(*)
SI_UNIT($,.STERADIAN.)
SOLID_ANGLE_UNIT()
);
#9084=SHAPE_DEFINITION_REPRESENTATION(#9086,#9089);
#9085=SHAPE_DEFINITION_REPRESENTATION(#9087,#9090);
#9086=PRODUCT_DEFINITION_SHAPE('',$,#9092);
#9087=PRODUCT_DEFINITION_SHAPE('',$,#9093);
#9088=PRODUCT_DEFINITION_SHAPE($,$,#16);
#9089=SHAPE_REPRESENTATION('',(#4839,#5592),#9077);
#9090=SHAPE_REPRESENTATION('',(#4840),#9078);
#9091=PRODUCT_DEFINITION_CONTEXT('part definition',#9099,'design');
#9092=PRODUCT_DEFINITION('GT2_40T_8mm-Bore_6mm-Belt',
'GT2_40T_8mm-Bore_6mm-Belt v2',#9094,#9091);
#9093=PRODUCT_DEFINITION('GT2 Timing Pulley v2 v1',
'GT2 Timing Pulley v2 v1',#9095,#9091);
#9094=PRODUCT_DEFINITION_FORMATION('',$,#9101);
#9095=PRODUCT_DEFINITION_FORMATION('',$,#9102);
#9096=PRODUCT_RELATED_PRODUCT_CATEGORY('GT2_40T_8mm-Bore_6mm-Belt v2',
'GT2_40T_8mm-Bore_6mm-Belt v2',(#9101));
#9097=PRODUCT_RELATED_PRODUCT_CATEGORY('GT2 Timing Pulley v2 v1',
'GT2 Timing Pulley v2 v1',(#9102));
#9098=APPLICATION_PROTOCOL_DEFINITION('international standard',
'ap242_managed_model_based_3d_engineering',2011,#9099);
#9099=APPLICATION_CONTEXT('Managed model based 3d engineering');
#9100=PRODUCT_CONTEXT('part definition',#9099,'mechanical');
#9101=PRODUCT('GT2_40T_8mm-Bore_6mm-Belt',
'GT2_40T_8mm-Bore_6mm-Belt v2',$,(#9100));
#9102=PRODUCT('GT2 Timing Pulley v2 v1','GT2 Timing Pulley v2 v1',$,(#9100));
#9103=PRESENTATION_STYLE_ASSIGNMENT((#9105));
#9104=PRESENTATION_STYLE_ASSIGNMENT((#9106));
#9105=SURFACE_STYLE_USAGE(.BOTH.,#9107);
#9106=SURFACE_STYLE_USAGE(.BOTH.,#9108);
#9107=SURFACE_SIDE_STYLE('',(#9109));
#9108=SURFACE_SIDE_STYLE('',(#9110));
#9109=SURFACE_STYLE_FILL_AREA(#9111);
#9110=SURFACE_STYLE_FILL_AREA(#9112);
#9111=FILL_AREA_STYLE('Steel - Satin',(#9113));
#9112=FILL_AREA_STYLE('Plastic - Matte (Gray)',(#9114));
#9113=FILL_AREA_STYLE_COLOUR('Steel - Satin',#9115);
#9114=FILL_AREA_STYLE_COLOUR('Plastic - Matte (Gray)',#9116);
#9115=COLOUR_RGB('Steel - Satin',0.627450980392157,0.627450980392157,0.627450980392157);
#9116=COLOUR_RGB('Plastic - Matte (Gray)',0.701960784313725,0.701960784313725,
0.701960784313725);
ENDSEC;
END-ISO-10303-21;
