ISO-10303-21;
HEADER;
/* Generated by software containing ST-Developer
 * from STEP Tools, Inc. (www.steptools.com) 
 */

FILE_DESCRIPTION(
/* description */ ('',
'CAx-IF Rec.Pracs.---Representation and Presentation of Product Manufa
cturing Information (PMI)---4.0---2014-10-13'),
/* implementation_level */ '2;1');

FILE_NAME(
/* name */ 'GT2_60T_8mm-Bore_6mm-Belt v2.step',
/* time_stamp */ '2025-01-11T10:37:02-08:00',
/* author */ (''),
/* organization */ (''),
/* preprocessor_version */ 'ST-DEVELOPER v20',
/* originating_system */ 'Autodesk Translation Framework v13.20.0.188',

/* authorisation */ '');

FILE_SCHEMA (('AP242_MANAGED_MODEL_BASED_3D_ENGINEERING_MIM_LF { 1 0 10303 442 1 1 4 }'));
ENDSEC;

DATA;
#10=MECHANICAL_DESIGN_GEOMETRIC_PRESENTATION_REPRESENTATION('',(#17),#13315);
#11=SHAPE_REPRESENTATION_RELATIONSHIP('SRR','None',#13325,#12);
#12=ADVANCED_BREP_SHAPE_REPRESENTATION('',(#18),#13313);
#13=ITEM_DEFINED_TRANSFORMATION($,$,#7120,#8232);
#14=(
REPRESENTATION_RELATIONSHIP($,$,#13326,#13325)
REPRESENTATION_RELATIONSHIP_WITH_TRANSFORMATION(#13)
SHAPE_REPRESENTATION_RELATIONSHIP()
);
#15=CONTEXT_DEPENDENT_SHAPE_REPRESENTATION(#14,#13324);
#16=NEXT_ASSEMBLY_USAGE_OCCURRENCE('GT2 Timing Pulley v2 v1:1',
'GT2 Timing Pulley v2 v1:1','GT2 Timing Pulley v2 v1:1',#13328,#13329,
'GT2 Timing Pulley v2 v1:1');
#17=STYLED_ITEM('',(#13339),#18);
#18=MANIFOLD_SOLID_BREP('Body1',#7106);
#19=PLANE('',#8211);
#20=PLANE('',#8216);
#21=PLANE('',#8220);
#22=PLANE('',#8222);
#23=PLANE('',#8227);
#24=PLANE('',#8231);
#25=B_SPLINE_SURFACE_WITH_KNOTS('',3,3,((#13103,#13104,#13105,#13106,#13107,
#13108,#13109,#13110,#13111,#13112,#13113,#13114,#13115,#13116,#13117,#13118,
#13119,#13120,#13121,#13122,#13123,#13124,#13125,#13126,#13127),(#13128,
#13129,#13130,#13131,#13132,#13133,#13134,#13135,#13136,#13137,#13138,#13139,
#13140,#13141,#13142,#13143,#13144,#13145,#13146,#13147,#13148,#13149,#13150,
#13151,#13152),(#13153,#13154,#13155,#13156,#13157,#13158,#13159,#13160,
#13161,#13162,#13163,#13164,#13165,#13166,#13167,#13168,#13169,#13170,#13171,
#13172,#13173,#13174,#13175,#13176,#13177),(#13178,#13179,#13180,#13181,
#13182,#13183,#13184,#13185,#13186,#13187,#13188,#13189,#13190,#13191,#13192,
#13193,#13194,#13195,#13196,#13197,#13198,#13199,#13200,#13201,#13202)),
 .UNSPECIFIED.,.F.,.T.,.F.,(4,4),(4,1,1,1,1,1,1,1,1,1,1,2,1,2,1,1,1,1,1,
1,4),(0.,1.),(0.,0.0508859078057016,0.101771815611403,0.146296984941392,
0.203543631222806,0.216265108174232,0.254429539028508,0.305315446834209,
0.356201354639911,0.407087262445613,0.457973170251314,0.508859078057016,
0.559775695879102,0.636150622612231,0.712464129312591,0.788777636012951,
0.865091142713311,0.903247896063491,0.941404649413671,0.970022214426306,
1.01771815611403),.UNSPECIFIED.);
#26=FACE_BOUND('',#786,.T.);
#27=FACE_BOUND('',#787,.T.);
#28=FACE_BOUND('',#792,.T.);
#29=FACE_BOUND('',#794,.T.);
#30=FACE_BOUND('',#795,.T.);
#31=FACE_BOUND('',#798,.T.);
#32=FACE_BOUND('',#801,.T.);
#33=FACE_BOUND('',#803,.T.);
#34=FACE_BOUND('',#807,.T.);
#35=FACE_BOUND('',#810,.T.);
#36=CONICAL_SURFACE('',#8202,4.15,0.785398163397447);
#37=CONICAL_SURFACE('',#8208,12.35,0.785398163397448);
#38=CONICAL_SURFACE('',#8215,4.15,0.785398163397447);
#39=CONICAL_SURFACE('',#8223,4.1,0.785398163397449);
#40=B_SPLINE_CURVE_WITH_KNOTS('',3,(#12997,#12998,#12999,#13000,#13001,
#13002,#13003,#13004,#13005,#13006,#13007,#13008,#13009,#13010,#13011,#13012,
#13013,#13014,#13015,#13016,#13017,#13018,#13019,#13020,#13021,#13022,#13023,
#13024,#13025,#13026,#13027,#13028,#13029,#13030),.UNSPECIFIED.,.T.,.F.,
(4,2,2,2,2,2,2,2,2,2,2,2,2,2,2,2,4),(0.,0.0636457722776078,0.127291544555216,
0.190860541791862,0.254429539028508,0.317998536265154,0.3815675335018,0.445213305779408,
0.508859078057016,0.572504850334624,0.636150622612231,0.699719619848877,
0.763288617085523,0.82685761432217,0.890426611558816,0.954072383836424,
1.01771815611403),.UNSPECIFIED.);
#41=B_SPLINE_CURVE_WITH_KNOTS('',3,(#13033,#13034,#13035,#13036,#13037,
#13038,#13039,#13040,#13041,#13042,#13043,#13044,#13045,#13046,#13047,#13048,
#13049,#13050,#13051,#13052,#13053,#13054,#13055,#13056,#13057,#13058,#13059,
#13060,#13061,#13062,#13063,#13064,#13065,#13066),.UNSPECIFIED.,.T.,.F.,
(4,2,2,2,2,2,2,2,2,2,2,2,2,2,2,2,4),(0.,0.0628366931910821,0.125673386382164,
0.188509399729448,0.251345413076731,0.314181426424015,0.377017439771299,
0.439854132962381,0.502690826153463,0.565527519344545,0.628364212535627,
0.691200225882911,0.754036239230194,0.816872252577478,0.879708265924761,
0.942544959115843,1.00538165230693),.UNSPECIFIED.);
#42=B_SPLINE_CURVE_WITH_KNOTS('',3,(#13078,#13079,#13080,#13081,#13082,
#13083,#13084,#13085,#13086,#13087,#13088,#13089,#13090,#13091,#13092,#13093,
#13094,#13095,#13096,#13097,#13098,#13099,#13100,#13101,#13102),
 .UNSPECIFIED.,.T.,.F.,(4,1,1,1,1,1,1,2,1,2,1,1,1,1,1,1,1,1,1,1,4),(-1.01771815611403,
-0.970022214426306,-0.941404649413671,-0.903247896063491,-0.865091142713311,
-0.788777636012951,-0.712464129312591,-0.636150622612231,-0.559775695879102,
-0.508859078057016,-0.457973170251314,-0.407087262445613,-0.356201354639911,
-0.305315446834209,-0.254429539028508,-0.216265108174232,-0.203543631222806,
-0.146296984941392,-0.101771815611403,-0.0508859078057016,0.),
 .UNSPECIFIED.);
#43=B_SPLINE_CURVE_WITH_KNOTS('',3,(#13205,#13206,#13207,#13208,#13209,
#13210,#13211,#13212,#13213,#13214,#13215,#13216,#13217,#13218,#13219,#13220,
#13221,#13222,#13223,#13224,#13225,#13226,#13227,#13228,#13229),
 .UNSPECIFIED.,.T.,.F.,(4,1,1,1,1,1,1,1,1,1,1,2,1,2,1,1,1,1,1,1,4),(0.,
0.0508859078057016,0.101771815611403,0.146296984941392,0.203543631222806,
0.216265108174232,0.254429539028508,0.305315446834209,0.356201354639911,
0.407087262445613,0.457973170251314,0.508859078057016,0.559775695879102,
0.636150622612231,0.712464129312591,0.788777636012951,0.865091142713311,
0.903247896063491,0.941404649413671,0.970022214426306,1.01771815611403),
 .UNSPECIFIED.);
#44=B_SPLINE_CURVE_WITH_KNOTS('',3,(#13233,#13234,#13235,#13236,#13237,
#13238,#13239,#13240,#13241,#13242,#13243,#13244,#13245,#13246,#13247,#13248,
#13249,#13250,#13251,#13252,#13253,#13254,#13255,#13256,#13257,#13258,#13259,
#13260,#13261,#13262,#13263,#13264,#13265,#13266),.UNSPECIFIED.,.T.,.F.,
(4,2,2,2,2,2,2,2,2,2,2,2,2,2,2,2,4),(0.,0.0628366931910821,0.125673386382164,
0.188509399729448,0.251345413076731,0.314181426424015,0.377017439771298,
0.439854132962381,0.502690826153463,0.565527519344545,0.628364212535627,
0.691200225882911,0.754036239230194,0.816872252577478,0.879708265924761,
0.942544959115843,1.00538165230693),.UNSPECIFIED.);
#45=FACE_OUTER_BOUND('',#423,.T.);
#46=FACE_OUTER_BOUND('',#424,.T.);
#47=FACE_OUTER_BOUND('',#425,.T.);
#48=FACE_OUTER_BOUND('',#426,.T.);
#49=FACE_OUTER_BOUND('',#427,.T.);
#50=FACE_OUTER_BOUND('',#428,.T.);
#51=FACE_OUTER_BOUND('',#429,.T.);
#52=FACE_OUTER_BOUND('',#430,.T.);
#53=FACE_OUTER_BOUND('',#431,.T.);
#54=FACE_OUTER_BOUND('',#432,.T.);
#55=FACE_OUTER_BOUND('',#433,.T.);
#56=FACE_OUTER_BOUND('',#434,.T.);
#57=FACE_OUTER_BOUND('',#435,.T.);
#58=FACE_OUTER_BOUND('',#436,.T.);
#59=FACE_OUTER_BOUND('',#437,.T.);
#60=FACE_OUTER_BOUND('',#438,.T.);
#61=FACE_OUTER_BOUND('',#439,.T.);
#62=FACE_OUTER_BOUND('',#440,.T.);
#63=FACE_OUTER_BOUND('',#441,.T.);
#64=FACE_OUTER_BOUND('',#442,.T.);
#65=FACE_OUTER_BOUND('',#443,.T.);
#66=FACE_OUTER_BOUND('',#444,.T.);
#67=FACE_OUTER_BOUND('',#445,.T.);
#68=FACE_OUTER_BOUND('',#446,.T.);
#69=FACE_OUTER_BOUND('',#447,.T.);
#70=FACE_OUTER_BOUND('',#448,.T.);
#71=FACE_OUTER_BOUND('',#449,.T.);
#72=FACE_OUTER_BOUND('',#450,.T.);
#73=FACE_OUTER_BOUND('',#451,.T.);
#74=FACE_OUTER_BOUND('',#452,.T.);
#75=FACE_OUTER_BOUND('',#453,.T.);
#76=FACE_OUTER_BOUND('',#454,.T.);
#77=FACE_OUTER_BOUND('',#455,.T.);
#78=FACE_OUTER_BOUND('',#456,.T.);
#79=FACE_OUTER_BOUND('',#457,.T.);
#80=FACE_OUTER_BOUND('',#458,.T.);
#81=FACE_OUTER_BOUND('',#459,.T.);
#82=FACE_OUTER_BOUND('',#460,.T.);
#83=FACE_OUTER_BOUND('',#461,.T.);
#84=FACE_OUTER_BOUND('',#462,.T.);
#85=FACE_OUTER_BOUND('',#463,.T.);
#86=FACE_OUTER_BOUND('',#464,.T.);
#87=FACE_OUTER_BOUND('',#465,.T.);
#88=FACE_OUTER_BOUND('',#466,.T.);
#89=FACE_OUTER_BOUND('',#467,.T.);
#90=FACE_OUTER_BOUND('',#468,.T.);
#91=FACE_OUTER_BOUND('',#469,.T.);
#92=FACE_OUTER_BOUND('',#470,.T.);
#93=FACE_OUTER_BOUND('',#471,.T.);
#94=FACE_OUTER_BOUND('',#472,.T.);
#95=FACE_OUTER_BOUND('',#473,.T.);
#96=FACE_OUTER_BOUND('',#474,.T.);
#97=FACE_OUTER_BOUND('',#475,.T.);
#98=FACE_OUTER_BOUND('',#476,.T.);
#99=FACE_OUTER_BOUND('',#477,.T.);
#100=FACE_OUTER_BOUND('',#478,.T.);
#101=FACE_OUTER_BOUND('',#479,.T.);
#102=FACE_OUTER_BOUND('',#480,.T.);
#103=FACE_OUTER_BOUND('',#481,.T.);
#104=FACE_OUTER_BOUND('',#482,.T.);
#105=FACE_OUTER_BOUND('',#483,.T.);
#106=FACE_OUTER_BOUND('',#484,.T.);
#107=FACE_OUTER_BOUND('',#485,.T.);
#108=FACE_OUTER_BOUND('',#486,.T.);
#109=FACE_OUTER_BOUND('',#487,.T.);
#110=FACE_OUTER_BOUND('',#488,.T.);
#111=FACE_OUTER_BOUND('',#489,.T.);
#112=FACE_OUTER_BOUND('',#490,.T.);
#113=FACE_OUTER_BOUND('',#491,.T.);
#114=FACE_OUTER_BOUND('',#492,.T.);
#115=FACE_OUTER_BOUND('',#493,.T.);
#116=FACE_OUTER_BOUND('',#494,.T.);
#117=FACE_OUTER_BOUND('',#495,.T.);
#118=FACE_OUTER_BOUND('',#496,.T.);
#119=FACE_OUTER_BOUND('',#497,.T.);
#120=FACE_OUTER_BOUND('',#498,.T.);
#121=FACE_OUTER_BOUND('',#499,.T.);
#122=FACE_OUTER_BOUND('',#500,.T.);
#123=FACE_OUTER_BOUND('',#501,.T.);
#124=FACE_OUTER_BOUND('',#502,.T.);
#125=FACE_OUTER_BOUND('',#503,.T.);
#126=FACE_OUTER_BOUND('',#504,.T.);
#127=FACE_OUTER_BOUND('',#505,.T.);
#128=FACE_OUTER_BOUND('',#506,.T.);
#129=FACE_OUTER_BOUND('',#507,.T.);
#130=FACE_OUTER_BOUND('',#508,.T.);
#131=FACE_OUTER_BOUND('',#509,.T.);
#132=FACE_OUTER_BOUND('',#510,.T.);
#133=FACE_OUTER_BOUND('',#511,.T.);
#134=FACE_OUTER_BOUND('',#512,.T.);
#135=FACE_OUTER_BOUND('',#513,.T.);
#136=FACE_OUTER_BOUND('',#514,.T.);
#137=FACE_OUTER_BOUND('',#515,.T.);
#138=FACE_OUTER_BOUND('',#516,.T.);
#139=FACE_OUTER_BOUND('',#517,.T.);
#140=FACE_OUTER_BOUND('',#518,.T.);
#141=FACE_OUTER_BOUND('',#519,.T.);
#142=FACE_OUTER_BOUND('',#520,.T.);
#143=FACE_OUTER_BOUND('',#521,.T.);
#144=FACE_OUTER_BOUND('',#522,.T.);
#145=FACE_OUTER_BOUND('',#523,.T.);
#146=FACE_OUTER_BOUND('',#524,.T.);
#147=FACE_OUTER_BOUND('',#525,.T.);
#148=FACE_OUTER_BOUND('',#526,.T.);
#149=FACE_OUTER_BOUND('',#527,.T.);
#150=FACE_OUTER_BOUND('',#528,.T.);
#151=FACE_OUTER_BOUND('',#529,.T.);
#152=FACE_OUTER_BOUND('',#530,.T.);
#153=FACE_OUTER_BOUND('',#531,.T.);
#154=FACE_OUTER_BOUND('',#532,.T.);
#155=FACE_OUTER_BOUND('',#533,.T.);
#156=FACE_OUTER_BOUND('',#534,.T.);
#157=FACE_OUTER_BOUND('',#535,.T.);
#158=FACE_OUTER_BOUND('',#536,.T.);
#159=FACE_OUTER_BOUND('',#537,.T.);
#160=FACE_OUTER_BOUND('',#538,.T.);
#161=FACE_OUTER_BOUND('',#539,.T.);
#162=FACE_OUTER_BOUND('',#540,.T.);
#163=FACE_OUTER_BOUND('',#541,.T.);
#164=FACE_OUTER_BOUND('',#542,.T.);
#165=FACE_OUTER_BOUND('',#543,.T.);
#166=FACE_OUTER_BOUND('',#544,.T.);
#167=FACE_OUTER_BOUND('',#545,.T.);
#168=FACE_OUTER_BOUND('',#546,.T.);
#169=FACE_OUTER_BOUND('',#547,.T.);
#170=FACE_OUTER_BOUND('',#548,.T.);
#171=FACE_OUTER_BOUND('',#549,.T.);
#172=FACE_OUTER_BOUND('',#550,.T.);
#173=FACE_OUTER_BOUND('',#551,.T.);
#174=FACE_OUTER_BOUND('',#552,.T.);
#175=FACE_OUTER_BOUND('',#553,.T.);
#176=FACE_OUTER_BOUND('',#554,.T.);
#177=FACE_OUTER_BOUND('',#555,.T.);
#178=FACE_OUTER_BOUND('',#556,.T.);
#179=FACE_OUTER_BOUND('',#557,.T.);
#180=FACE_OUTER_BOUND('',#558,.T.);
#181=FACE_OUTER_BOUND('',#559,.T.);
#182=FACE_OUTER_BOUND('',#560,.T.);
#183=FACE_OUTER_BOUND('',#561,.T.);
#184=FACE_OUTER_BOUND('',#562,.T.);
#185=FACE_OUTER_BOUND('',#563,.T.);
#186=FACE_OUTER_BOUND('',#564,.T.);
#187=FACE_OUTER_BOUND('',#565,.T.);
#188=FACE_OUTER_BOUND('',#566,.T.);
#189=FACE_OUTER_BOUND('',#567,.T.);
#190=FACE_OUTER_BOUND('',#568,.T.);
#191=FACE_OUTER_BOUND('',#569,.T.);
#192=FACE_OUTER_BOUND('',#570,.T.);
#193=FACE_OUTER_BOUND('',#571,.T.);
#194=FACE_OUTER_BOUND('',#572,.T.);
#195=FACE_OUTER_BOUND('',#573,.T.);
#196=FACE_OUTER_BOUND('',#574,.T.);
#197=FACE_OUTER_BOUND('',#575,.T.);
#198=FACE_OUTER_BOUND('',#576,.T.);
#199=FACE_OUTER_BOUND('',#577,.T.);
#200=FACE_OUTER_BOUND('',#578,.T.);
#201=FACE_OUTER_BOUND('',#579,.T.);
#202=FACE_OUTER_BOUND('',#580,.T.);
#203=FACE_OUTER_BOUND('',#581,.T.);
#204=FACE_OUTER_BOUND('',#582,.T.);
#205=FACE_OUTER_BOUND('',#583,.T.);
#206=FACE_OUTER_BOUND('',#584,.T.);
#207=FACE_OUTER_BOUND('',#585,.T.);
#208=FACE_OUTER_BOUND('',#586,.T.);
#209=FACE_OUTER_BOUND('',#587,.T.);
#210=FACE_OUTER_BOUND('',#588,.T.);
#211=FACE_OUTER_BOUND('',#589,.T.);
#212=FACE_OUTER_BOUND('',#590,.T.);
#213=FACE_OUTER_BOUND('',#591,.T.);
#214=FACE_OUTER_BOUND('',#592,.T.);
#215=FACE_OUTER_BOUND('',#593,.T.);
#216=FACE_OUTER_BOUND('',#594,.T.);
#217=FACE_OUTER_BOUND('',#595,.T.);
#218=FACE_OUTER_BOUND('',#596,.T.);
#219=FACE_OUTER_BOUND('',#597,.T.);
#220=FACE_OUTER_BOUND('',#598,.T.);
#221=FACE_OUTER_BOUND('',#599,.T.);
#222=FACE_OUTER_BOUND('',#600,.T.);
#223=FACE_OUTER_BOUND('',#601,.T.);
#224=FACE_OUTER_BOUND('',#602,.T.);
#225=FACE_OUTER_BOUND('',#603,.T.);
#226=FACE_OUTER_BOUND('',#604,.T.);
#227=FACE_OUTER_BOUND('',#605,.T.);
#228=FACE_OUTER_BOUND('',#606,.T.);
#229=FACE_OUTER_BOUND('',#607,.T.);
#230=FACE_OUTER_BOUND('',#608,.T.);
#231=FACE_OUTER_BOUND('',#609,.T.);
#232=FACE_OUTER_BOUND('',#610,.T.);
#233=FACE_OUTER_BOUND('',#611,.T.);
#234=FACE_OUTER_BOUND('',#612,.T.);
#235=FACE_OUTER_BOUND('',#613,.T.);
#236=FACE_OUTER_BOUND('',#614,.T.);
#237=FACE_OUTER_BOUND('',#615,.T.);
#238=FACE_OUTER_BOUND('',#616,.T.);
#239=FACE_OUTER_BOUND('',#617,.T.);
#240=FACE_OUTER_BOUND('',#618,.T.);
#241=FACE_OUTER_BOUND('',#619,.T.);
#242=FACE_OUTER_BOUND('',#620,.T.);
#243=FACE_OUTER_BOUND('',#621,.T.);
#244=FACE_OUTER_BOUND('',#622,.T.);
#245=FACE_OUTER_BOUND('',#623,.T.);
#246=FACE_OUTER_BOUND('',#624,.T.);
#247=FACE_OUTER_BOUND('',#625,.T.);
#248=FACE_OUTER_BOUND('',#626,.T.);
#249=FACE_OUTER_BOUND('',#627,.T.);
#250=FACE_OUTER_BOUND('',#628,.T.);
#251=FACE_OUTER_BOUND('',#629,.T.);
#252=FACE_OUTER_BOUND('',#630,.T.);
#253=FACE_OUTER_BOUND('',#631,.T.);
#254=FACE_OUTER_BOUND('',#632,.T.);
#255=FACE_OUTER_BOUND('',#633,.T.);
#256=FACE_OUTER_BOUND('',#634,.T.);
#257=FACE_OUTER_BOUND('',#635,.T.);
#258=FACE_OUTER_BOUND('',#636,.T.);
#259=FACE_OUTER_BOUND('',#637,.T.);
#260=FACE_OUTER_BOUND('',#638,.T.);
#261=FACE_OUTER_BOUND('',#639,.T.);
#262=FACE_OUTER_BOUND('',#640,.T.);
#263=FACE_OUTER_BOUND('',#641,.T.);
#264=FACE_OUTER_BOUND('',#642,.T.);
#265=FACE_OUTER_BOUND('',#643,.T.);
#266=FACE_OUTER_BOUND('',#644,.T.);
#267=FACE_OUTER_BOUND('',#645,.T.);
#268=FACE_OUTER_BOUND('',#646,.T.);
#269=FACE_OUTER_BOUND('',#647,.T.);
#270=FACE_OUTER_BOUND('',#648,.T.);
#271=FACE_OUTER_BOUND('',#649,.T.);
#272=FACE_OUTER_BOUND('',#650,.T.);
#273=FACE_OUTER_BOUND('',#651,.T.);
#274=FACE_OUTER_BOUND('',#652,.T.);
#275=FACE_OUTER_BOUND('',#653,.T.);
#276=FACE_OUTER_BOUND('',#654,.T.);
#277=FACE_OUTER_BOUND('',#655,.T.);
#278=FACE_OUTER_BOUND('',#656,.T.);
#279=FACE_OUTER_BOUND('',#657,.T.);
#280=FACE_OUTER_BOUND('',#658,.T.);
#281=FACE_OUTER_BOUND('',#659,.T.);
#282=FACE_OUTER_BOUND('',#660,.T.);
#283=FACE_OUTER_BOUND('',#661,.T.);
#284=FACE_OUTER_BOUND('',#662,.T.);
#285=FACE_OUTER_BOUND('',#663,.T.);
#286=FACE_OUTER_BOUND('',#664,.T.);
#287=FACE_OUTER_BOUND('',#665,.T.);
#288=FACE_OUTER_BOUND('',#666,.T.);
#289=FACE_OUTER_BOUND('',#667,.T.);
#290=FACE_OUTER_BOUND('',#668,.T.);
#291=FACE_OUTER_BOUND('',#669,.T.);
#292=FACE_OUTER_BOUND('',#670,.T.);
#293=FACE_OUTER_BOUND('',#671,.T.);
#294=FACE_OUTER_BOUND('',#672,.T.);
#295=FACE_OUTER_BOUND('',#673,.T.);
#296=FACE_OUTER_BOUND('',#674,.T.);
#297=FACE_OUTER_BOUND('',#675,.T.);
#298=FACE_OUTER_BOUND('',#676,.T.);
#299=FACE_OUTER_BOUND('',#677,.T.);
#300=FACE_OUTER_BOUND('',#678,.T.);
#301=FACE_OUTER_BOUND('',#679,.T.);
#302=FACE_OUTER_BOUND('',#680,.T.);
#303=FACE_OUTER_BOUND('',#681,.T.);
#304=FACE_OUTER_BOUND('',#682,.T.);
#305=FACE_OUTER_BOUND('',#683,.T.);
#306=FACE_OUTER_BOUND('',#684,.T.);
#307=FACE_OUTER_BOUND('',#685,.T.);
#308=FACE_OUTER_BOUND('',#686,.T.);
#309=FACE_OUTER_BOUND('',#687,.T.);
#310=FACE_OUTER_BOUND('',#688,.T.);
#311=FACE_OUTER_BOUND('',#689,.T.);
#312=FACE_OUTER_BOUND('',#690,.T.);
#313=FACE_OUTER_BOUND('',#691,.T.);
#314=FACE_OUTER_BOUND('',#692,.T.);
#315=FACE_OUTER_BOUND('',#693,.T.);
#316=FACE_OUTER_BOUND('',#694,.T.);
#317=FACE_OUTER_BOUND('',#695,.T.);
#318=FACE_OUTER_BOUND('',#696,.T.);
#319=FACE_OUTER_BOUND('',#697,.T.);
#320=FACE_OUTER_BOUND('',#698,.T.);
#321=FACE_OUTER_BOUND('',#699,.T.);
#322=FACE_OUTER_BOUND('',#700,.T.);
#323=FACE_OUTER_BOUND('',#701,.T.);
#324=FACE_OUTER_BOUND('',#702,.T.);
#325=FACE_OUTER_BOUND('',#703,.T.);
#326=FACE_OUTER_BOUND('',#704,.T.);
#327=FACE_OUTER_BOUND('',#705,.T.);
#328=FACE_OUTER_BOUND('',#706,.T.);
#329=FACE_OUTER_BOUND('',#707,.T.);
#330=FACE_OUTER_BOUND('',#708,.T.);
#331=FACE_OUTER_BOUND('',#709,.T.);
#332=FACE_OUTER_BOUND('',#710,.T.);
#333=FACE_OUTER_BOUND('',#711,.T.);
#334=FACE_OUTER_BOUND('',#712,.T.);
#335=FACE_OUTER_BOUND('',#713,.T.);
#336=FACE_OUTER_BOUND('',#714,.T.);
#337=FACE_OUTER_BOUND('',#715,.T.);
#338=FACE_OUTER_BOUND('',#716,.T.);
#339=FACE_OUTER_BOUND('',#717,.T.);
#340=FACE_OUTER_BOUND('',#718,.T.);
#341=FACE_OUTER_BOUND('',#719,.T.);
#342=FACE_OUTER_BOUND('',#720,.T.);
#343=FACE_OUTER_BOUND('',#721,.T.);
#344=FACE_OUTER_BOUND('',#722,.T.);
#345=FACE_OUTER_BOUND('',#723,.T.);
#346=FACE_OUTER_BOUND('',#724,.T.);
#347=FACE_OUTER_BOUND('',#725,.T.);
#348=FACE_OUTER_BOUND('',#726,.T.);
#349=FACE_OUTER_BOUND('',#727,.T.);
#350=FACE_OUTER_BOUND('',#728,.T.);
#351=FACE_OUTER_BOUND('',#729,.T.);
#352=FACE_OUTER_BOUND('',#730,.T.);
#353=FACE_OUTER_BOUND('',#731,.T.);
#354=FACE_OUTER_BOUND('',#732,.T.);
#355=FACE_OUTER_BOUND('',#733,.T.);
#356=FACE_OUTER_BOUND('',#734,.T.);
#357=FACE_OUTER_BOUND('',#735,.T.);
#358=FACE_OUTER_BOUND('',#736,.T.);
#359=FACE_OUTER_BOUND('',#737,.T.);
#360=FACE_OUTER_BOUND('',#738,.T.);
#361=FACE_OUTER_BOUND('',#739,.T.);
#362=FACE_OUTER_BOUND('',#740,.T.);
#363=FACE_OUTER_BOUND('',#741,.T.);
#364=FACE_OUTER_BOUND('',#742,.T.);
#365=FACE_OUTER_BOUND('',#743,.T.);
#366=FACE_OUTER_BOUND('',#744,.T.);
#367=FACE_OUTER_BOUND('',#745,.T.);
#368=FACE_OUTER_BOUND('',#746,.T.);
#369=FACE_OUTER_BOUND('',#747,.T.);
#370=FACE_OUTER_BOUND('',#748,.T.);
#371=FACE_OUTER_BOUND('',#749,.T.);
#372=FACE_OUTER_BOUND('',#750,.T.);
#373=FACE_OUTER_BOUND('',#751,.T.);
#374=FACE_OUTER_BOUND('',#752,.T.);
#375=FACE_OUTER_BOUND('',#753,.T.);
#376=FACE_OUTER_BOUND('',#754,.T.);
#377=FACE_OUTER_BOUND('',#755,.T.);
#378=FACE_OUTER_BOUND('',#756,.T.);
#379=FACE_OUTER_BOUND('',#757,.T.);
#380=FACE_OUTER_BOUND('',#758,.T.);
#381=FACE_OUTER_BOUND('',#759,.T.);
#382=FACE_OUTER_BOUND('',#760,.T.);
#383=FACE_OUTER_BOUND('',#761,.T.);
#384=FACE_OUTER_BOUND('',#762,.T.);
#385=FACE_OUTER_BOUND('',#763,.T.);
#386=FACE_OUTER_BOUND('',#764,.T.);
#387=FACE_OUTER_BOUND('',#765,.T.);
#388=FACE_OUTER_BOUND('',#766,.T.);
#389=FACE_OUTER_BOUND('',#767,.T.);
#390=FACE_OUTER_BOUND('',#768,.T.);
#391=FACE_OUTER_BOUND('',#769,.T.);
#392=FACE_OUTER_BOUND('',#770,.T.);
#393=FACE_OUTER_BOUND('',#771,.T.);
#394=FACE_OUTER_BOUND('',#772,.T.);
#395=FACE_OUTER_BOUND('',#773,.T.);
#396=FACE_OUTER_BOUND('',#774,.T.);
#397=FACE_OUTER_BOUND('',#775,.T.);
#398=FACE_OUTER_BOUND('',#776,.T.);
#399=FACE_OUTER_BOUND('',#777,.T.);
#400=FACE_OUTER_BOUND('',#778,.T.);
#401=FACE_OUTER_BOUND('',#779,.T.);
#402=FACE_OUTER_BOUND('',#780,.T.);
#403=FACE_OUTER_BOUND('',#781,.T.);
#404=FACE_OUTER_BOUND('',#782,.T.);
#405=FACE_OUTER_BOUND('',#783,.T.);
#406=FACE_OUTER_BOUND('',#784,.T.);
#407=FACE_OUTER_BOUND('',#785,.T.);
#408=FACE_OUTER_BOUND('',#788,.T.);
#409=FACE_OUTER_BOUND('',#789,.T.);
#410=FACE_OUTER_BOUND('',#790,.T.);
#411=FACE_OUTER_BOUND('',#791,.T.);
#412=FACE_OUTER_BOUND('',#793,.T.);
#413=FACE_OUTER_BOUND('',#796,.T.);
#414=FACE_OUTER_BOUND('',#797,.T.);
#415=FACE_OUTER_BOUND('',#799,.T.);
#416=FACE_OUTER_BOUND('',#800,.T.);
#417=FACE_OUTER_BOUND('',#802,.T.);
#418=FACE_OUTER_BOUND('',#804,.T.);
#419=FACE_OUTER_BOUND('',#805,.T.);
#420=FACE_OUTER_BOUND('',#806,.T.);
#421=FACE_OUTER_BOUND('',#808,.T.);
#422=FACE_OUTER_BOUND('',#809,.T.);
#423=EDGE_LOOP('',(#4139,#4140,#4141,#4142));
#424=EDGE_LOOP('',(#4143,#4144,#4145,#4146));
#425=EDGE_LOOP('',(#4147,#4148,#4149,#4150));
#426=EDGE_LOOP('',(#4151,#4152,#4153,#4154));
#427=EDGE_LOOP('',(#4155,#4156,#4157,#4158));
#428=EDGE_LOOP('',(#4159,#4160,#4161,#4162));
#429=EDGE_LOOP('',(#4163,#4164,#4165,#4166));
#430=EDGE_LOOP('',(#4167,#4168,#4169,#4170));
#431=EDGE_LOOP('',(#4171,#4172,#4173,#4174));
#432=EDGE_LOOP('',(#4175,#4176,#4177,#4178));
#433=EDGE_LOOP('',(#4179,#4180,#4181,#4182));
#434=EDGE_LOOP('',(#4183,#4184,#4185,#4186));
#435=EDGE_LOOP('',(#4187,#4188,#4189,#4190));
#436=EDGE_LOOP('',(#4191,#4192,#4193,#4194));
#437=EDGE_LOOP('',(#4195,#4196,#4197,#4198));
#438=EDGE_LOOP('',(#4199,#4200,#4201,#4202));
#439=EDGE_LOOP('',(#4203,#4204,#4205,#4206));
#440=EDGE_LOOP('',(#4207,#4208,#4209,#4210));
#441=EDGE_LOOP('',(#4211,#4212,#4213,#4214));
#442=EDGE_LOOP('',(#4215,#4216,#4217,#4218));
#443=EDGE_LOOP('',(#4219,#4220,#4221,#4222));
#444=EDGE_LOOP('',(#4223,#4224,#4225,#4226));
#445=EDGE_LOOP('',(#4227,#4228,#4229,#4230));
#446=EDGE_LOOP('',(#4231,#4232,#4233,#4234));
#447=EDGE_LOOP('',(#4235,#4236,#4237,#4238));
#448=EDGE_LOOP('',(#4239,#4240,#4241,#4242));
#449=EDGE_LOOP('',(#4243,#4244,#4245,#4246));
#450=EDGE_LOOP('',(#4247,#4248,#4249,#4250));
#451=EDGE_LOOP('',(#4251,#4252,#4253,#4254));
#452=EDGE_LOOP('',(#4255,#4256,#4257,#4258));
#453=EDGE_LOOP('',(#4259,#4260,#4261,#4262));
#454=EDGE_LOOP('',(#4263,#4264,#4265,#4266));
#455=EDGE_LOOP('',(#4267,#4268,#4269,#4270));
#456=EDGE_LOOP('',(#4271,#4272,#4273,#4274));
#457=EDGE_LOOP('',(#4275,#4276,#4277,#4278));
#458=EDGE_LOOP('',(#4279,#4280,#4281,#4282));
#459=EDGE_LOOP('',(#4283,#4284,#4285,#4286));
#460=EDGE_LOOP('',(#4287,#4288,#4289,#4290));
#461=EDGE_LOOP('',(#4291,#4292,#4293,#4294));
#462=EDGE_LOOP('',(#4295,#4296,#4297,#4298));
#463=EDGE_LOOP('',(#4299,#4300,#4301,#4302));
#464=EDGE_LOOP('',(#4303,#4304,#4305,#4306));
#465=EDGE_LOOP('',(#4307,#4308,#4309,#4310));
#466=EDGE_LOOP('',(#4311,#4312,#4313,#4314));
#467=EDGE_LOOP('',(#4315,#4316,#4317,#4318));
#468=EDGE_LOOP('',(#4319,#4320,#4321,#4322));
#469=EDGE_LOOP('',(#4323,#4324,#4325,#4326));
#470=EDGE_LOOP('',(#4327,#4328,#4329,#4330));
#471=EDGE_LOOP('',(#4331,#4332,#4333,#4334));
#472=EDGE_LOOP('',(#4335,#4336,#4337,#4338));
#473=EDGE_LOOP('',(#4339,#4340,#4341,#4342));
#474=EDGE_LOOP('',(#4343,#4344,#4345,#4346));
#475=EDGE_LOOP('',(#4347,#4348,#4349,#4350));
#476=EDGE_LOOP('',(#4351,#4352,#4353,#4354));
#477=EDGE_LOOP('',(#4355,#4356,#4357,#4358));
#478=EDGE_LOOP('',(#4359,#4360,#4361,#4362));
#479=EDGE_LOOP('',(#4363,#4364,#4365,#4366));
#480=EDGE_LOOP('',(#4367,#4368,#4369,#4370));
#481=EDGE_LOOP('',(#4371,#4372,#4373,#4374));
#482=EDGE_LOOP('',(#4375,#4376,#4377,#4378));
#483=EDGE_LOOP('',(#4379,#4380,#4381,#4382));
#484=EDGE_LOOP('',(#4383,#4384,#4385,#4386));
#485=EDGE_LOOP('',(#4387,#4388,#4389,#4390));
#486=EDGE_LOOP('',(#4391,#4392,#4393,#4394));
#487=EDGE_LOOP('',(#4395,#4396,#4397,#4398));
#488=EDGE_LOOP('',(#4399,#4400,#4401,#4402));
#489=EDGE_LOOP('',(#4403,#4404,#4405,#4406));
#490=EDGE_LOOP('',(#4407,#4408,#4409,#4410));
#491=EDGE_LOOP('',(#4411,#4412,#4413,#4414));
#492=EDGE_LOOP('',(#4415,#4416,#4417,#4418));
#493=EDGE_LOOP('',(#4419,#4420,#4421,#4422));
#494=EDGE_LOOP('',(#4423,#4424,#4425,#4426));
#495=EDGE_LOOP('',(#4427,#4428,#4429,#4430));
#496=EDGE_LOOP('',(#4431,#4432,#4433,#4434));
#497=EDGE_LOOP('',(#4435,#4436,#4437,#4438));
#498=EDGE_LOOP('',(#4439,#4440,#4441,#4442));
#499=EDGE_LOOP('',(#4443,#4444,#4445,#4446));
#500=EDGE_LOOP('',(#4447,#4448,#4449,#4450));
#501=EDGE_LOOP('',(#4451,#4452,#4453,#4454));
#502=EDGE_LOOP('',(#4455,#4456,#4457,#4458));
#503=EDGE_LOOP('',(#4459,#4460,#4461,#4462));
#504=EDGE_LOOP('',(#4463,#4464,#4465,#4466));
#505=EDGE_LOOP('',(#4467,#4468,#4469,#4470));
#506=EDGE_LOOP('',(#4471,#4472,#4473,#4474));
#507=EDGE_LOOP('',(#4475,#4476,#4477,#4478));
#508=EDGE_LOOP('',(#4479,#4480,#4481,#4482));
#509=EDGE_LOOP('',(#4483,#4484,#4485,#4486));
#510=EDGE_LOOP('',(#4487,#4488,#4489,#4490));
#511=EDGE_LOOP('',(#4491,#4492,#4493,#4494));
#512=EDGE_LOOP('',(#4495,#4496,#4497,#4498));
#513=EDGE_LOOP('',(#4499,#4500,#4501,#4502));
#514=EDGE_LOOP('',(#4503,#4504,#4505,#4506));
#515=EDGE_LOOP('',(#4507,#4508,#4509,#4510));
#516=EDGE_LOOP('',(#4511,#4512,#4513,#4514));
#517=EDGE_LOOP('',(#4515,#4516,#4517,#4518));
#518=EDGE_LOOP('',(#4519,#4520,#4521,#4522));
#519=EDGE_LOOP('',(#4523,#4524,#4525,#4526));
#520=EDGE_LOOP('',(#4527,#4528,#4529,#4530));
#521=EDGE_LOOP('',(#4531,#4532,#4533,#4534));
#522=EDGE_LOOP('',(#4535,#4536,#4537,#4538));
#523=EDGE_LOOP('',(#4539,#4540,#4541,#4542));
#524=EDGE_LOOP('',(#4543,#4544,#4545,#4546));
#525=EDGE_LOOP('',(#4547,#4548,#4549,#4550));
#526=EDGE_LOOP('',(#4551,#4552,#4553,#4554));
#527=EDGE_LOOP('',(#4555,#4556,#4557,#4558));
#528=EDGE_LOOP('',(#4559,#4560,#4561,#4562));
#529=EDGE_LOOP('',(#4563,#4564,#4565,#4566));
#530=EDGE_LOOP('',(#4567,#4568,#4569,#4570));
#531=EDGE_LOOP('',(#4571,#4572,#4573,#4574));
#532=EDGE_LOOP('',(#4575,#4576,#4577,#4578));
#533=EDGE_LOOP('',(#4579,#4580,#4581,#4582));
#534=EDGE_LOOP('',(#4583,#4584,#4585,#4586));
#535=EDGE_LOOP('',(#4587,#4588,#4589,#4590));
#536=EDGE_LOOP('',(#4591,#4592,#4593,#4594));
#537=EDGE_LOOP('',(#4595,#4596,#4597,#4598));
#538=EDGE_LOOP('',(#4599,#4600,#4601,#4602));
#539=EDGE_LOOP('',(#4603,#4604,#4605,#4606));
#540=EDGE_LOOP('',(#4607,#4608,#4609,#4610));
#541=EDGE_LOOP('',(#4611,#4612,#4613,#4614));
#542=EDGE_LOOP('',(#4615,#4616,#4617,#4618));
#543=EDGE_LOOP('',(#4619,#4620,#4621,#4622));
#544=EDGE_LOOP('',(#4623,#4624,#4625,#4626));
#545=EDGE_LOOP('',(#4627,#4628,#4629,#4630));
#546=EDGE_LOOP('',(#4631,#4632,#4633,#4634));
#547=EDGE_LOOP('',(#4635,#4636,#4637,#4638));
#548=EDGE_LOOP('',(#4639,#4640,#4641,#4642));
#549=EDGE_LOOP('',(#4643,#4644,#4645,#4646));
#550=EDGE_LOOP('',(#4647,#4648,#4649,#4650));
#551=EDGE_LOOP('',(#4651,#4652,#4653,#4654));
#552=EDGE_LOOP('',(#4655,#4656,#4657,#4658));
#553=EDGE_LOOP('',(#4659,#4660,#4661,#4662));
#554=EDGE_LOOP('',(#4663,#4664,#4665,#4666));
#555=EDGE_LOOP('',(#4667,#4668,#4669,#4670));
#556=EDGE_LOOP('',(#4671,#4672,#4673,#4674));
#557=EDGE_LOOP('',(#4675,#4676,#4677,#4678));
#558=EDGE_LOOP('',(#4679,#4680,#4681,#4682));
#559=EDGE_LOOP('',(#4683,#4684,#4685,#4686));
#560=EDGE_LOOP('',(#4687,#4688,#4689,#4690));
#561=EDGE_LOOP('',(#4691,#4692,#4693,#4694));
#562=EDGE_LOOP('',(#4695,#4696,#4697,#4698));
#563=EDGE_LOOP('',(#4699,#4700,#4701,#4702));
#564=EDGE_LOOP('',(#4703,#4704,#4705,#4706));
#565=EDGE_LOOP('',(#4707,#4708,#4709,#4710));
#566=EDGE_LOOP('',(#4711,#4712,#4713,#4714));
#567=EDGE_LOOP('',(#4715,#4716,#4717,#4718));
#568=EDGE_LOOP('',(#4719,#4720,#4721,#4722));
#569=EDGE_LOOP('',(#4723,#4724,#4725,#4726));
#570=EDGE_LOOP('',(#4727,#4728,#4729,#4730));
#571=EDGE_LOOP('',(#4731,#4732,#4733,#4734));
#572=EDGE_LOOP('',(#4735,#4736,#4737,#4738));
#573=EDGE_LOOP('',(#4739,#4740,#4741,#4742));
#574=EDGE_LOOP('',(#4743,#4744,#4745,#4746));
#575=EDGE_LOOP('',(#4747,#4748,#4749,#4750));
#576=EDGE_LOOP('',(#4751,#4752,#4753,#4754));
#577=EDGE_LOOP('',(#4755,#4756,#4757,#4758));
#578=EDGE_LOOP('',(#4759,#4760,#4761,#4762));
#579=EDGE_LOOP('',(#4763,#4764,#4765,#4766));
#580=EDGE_LOOP('',(#4767,#4768,#4769,#4770));
#581=EDGE_LOOP('',(#4771,#4772,#4773,#4774));
#582=EDGE_LOOP('',(#4775,#4776,#4777,#4778));
#583=EDGE_LOOP('',(#4779,#4780,#4781,#4782));
#584=EDGE_LOOP('',(#4783,#4784,#4785,#4786));
#585=EDGE_LOOP('',(#4787,#4788,#4789,#4790));
#586=EDGE_LOOP('',(#4791,#4792,#4793,#4794));
#587=EDGE_LOOP('',(#4795,#4796,#4797,#4798));
#588=EDGE_LOOP('',(#4799,#4800,#4801,#4802));
#589=EDGE_LOOP('',(#4803,#4804,#4805,#4806));
#590=EDGE_LOOP('',(#4807,#4808,#4809,#4810));
#591=EDGE_LOOP('',(#4811,#4812,#4813,#4814));
#592=EDGE_LOOP('',(#4815,#4816,#4817,#4818));
#593=EDGE_LOOP('',(#4819,#4820,#4821,#4822));
#594=EDGE_LOOP('',(#4823,#4824,#4825,#4826));
#595=EDGE_LOOP('',(#4827,#4828,#4829,#4830));
#596=EDGE_LOOP('',(#4831,#4832,#4833,#4834));
#597=EDGE_LOOP('',(#4835,#4836,#4837,#4838));
#598=EDGE_LOOP('',(#4839,#4840,#4841,#4842));
#599=EDGE_LOOP('',(#4843,#4844,#4845,#4846));
#600=EDGE_LOOP('',(#4847,#4848,#4849,#4850));
#601=EDGE_LOOP('',(#4851,#4852,#4853,#4854));
#602=EDGE_LOOP('',(#4855,#4856,#4857,#4858));
#603=EDGE_LOOP('',(#4859,#4860,#4861,#4862));
#604=EDGE_LOOP('',(#4863,#4864,#4865,#4866));
#605=EDGE_LOOP('',(#4867,#4868,#4869,#4870));
#606=EDGE_LOOP('',(#4871,#4872,#4873,#4874));
#607=EDGE_LOOP('',(#4875,#4876,#4877,#4878));
#608=EDGE_LOOP('',(#4879,#4880,#4881,#4882));
#609=EDGE_LOOP('',(#4883,#4884,#4885,#4886));
#610=EDGE_LOOP('',(#4887,#4888,#4889,#4890));
#611=EDGE_LOOP('',(#4891,#4892,#4893,#4894));
#612=EDGE_LOOP('',(#4895,#4896,#4897,#4898));
#613=EDGE_LOOP('',(#4899,#4900,#4901,#4902));
#614=EDGE_LOOP('',(#4903,#4904,#4905,#4906));
#615=EDGE_LOOP('',(#4907,#4908,#4909,#4910));
#616=EDGE_LOOP('',(#4911,#4912,#4913,#4914));
#617=EDGE_LOOP('',(#4915,#4916,#4917,#4918));
#618=EDGE_LOOP('',(#4919,#4920,#4921,#4922));
#619=EDGE_LOOP('',(#4923,#4924,#4925,#4926));
#620=EDGE_LOOP('',(#4927,#4928,#4929,#4930));
#621=EDGE_LOOP('',(#4931,#4932,#4933,#4934));
#622=EDGE_LOOP('',(#4935,#4936,#4937,#4938));
#623=EDGE_LOOP('',(#4939,#4940,#4941,#4942));
#624=EDGE_LOOP('',(#4943,#4944,#4945,#4946));
#625=EDGE_LOOP('',(#4947,#4948,#4949,#4950));
#626=EDGE_LOOP('',(#4951,#4952,#4953,#4954));
#627=EDGE_LOOP('',(#4955,#4956,#4957,#4958));
#628=EDGE_LOOP('',(#4959,#4960,#4961,#4962));
#629=EDGE_LOOP('',(#4963,#4964,#4965,#4966));
#630=EDGE_LOOP('',(#4967,#4968,#4969,#4970));
#631=EDGE_LOOP('',(#4971,#4972,#4973,#4974));
#632=EDGE_LOOP('',(#4975,#4976,#4977,#4978));
#633=EDGE_LOOP('',(#4979,#4980,#4981,#4982));
#634=EDGE_LOOP('',(#4983,#4984,#4985,#4986));
#635=EDGE_LOOP('',(#4987,#4988,#4989,#4990));
#636=EDGE_LOOP('',(#4991,#4992,#4993,#4994));
#637=EDGE_LOOP('',(#4995,#4996,#4997,#4998));
#638=EDGE_LOOP('',(#4999,#5000,#5001,#5002));
#639=EDGE_LOOP('',(#5003,#5004,#5005,#5006));
#640=EDGE_LOOP('',(#5007,#5008,#5009,#5010));
#641=EDGE_LOOP('',(#5011,#5012,#5013,#5014));
#642=EDGE_LOOP('',(#5015,#5016,#5017,#5018));
#643=EDGE_LOOP('',(#5019,#5020,#5021,#5022));
#644=EDGE_LOOP('',(#5023,#5024,#5025,#5026));
#645=EDGE_LOOP('',(#5027,#5028,#5029,#5030));
#646=EDGE_LOOP('',(#5031,#5032,#5033,#5034));
#647=EDGE_LOOP('',(#5035,#5036,#5037,#5038));
#648=EDGE_LOOP('',(#5039,#5040,#5041,#5042));
#649=EDGE_LOOP('',(#5043,#5044,#5045,#5046));
#650=EDGE_LOOP('',(#5047,#5048,#5049,#5050));
#651=EDGE_LOOP('',(#5051,#5052,#5053,#5054));
#652=EDGE_LOOP('',(#5055,#5056,#5057,#5058));
#653=EDGE_LOOP('',(#5059,#5060,#5061,#5062));
#654=EDGE_LOOP('',(#5063,#5064,#5065,#5066));
#655=EDGE_LOOP('',(#5067,#5068,#5069,#5070));
#656=EDGE_LOOP('',(#5071,#5072,#5073,#5074));
#657=EDGE_LOOP('',(#5075,#5076,#5077,#5078));
#658=EDGE_LOOP('',(#5079,#5080,#5081,#5082));
#659=EDGE_LOOP('',(#5083,#5084,#5085,#5086));
#660=EDGE_LOOP('',(#5087,#5088,#5089,#5090));
#661=EDGE_LOOP('',(#5091,#5092,#5093,#5094));
#662=EDGE_LOOP('',(#5095,#5096,#5097,#5098));
#663=EDGE_LOOP('',(#5099,#5100,#5101,#5102));
#664=EDGE_LOOP('',(#5103,#5104,#5105,#5106));
#665=EDGE_LOOP('',(#5107,#5108,#5109,#5110));
#666=EDGE_LOOP('',(#5111,#5112,#5113,#5114));
#667=EDGE_LOOP('',(#5115,#5116,#5117,#5118));
#668=EDGE_LOOP('',(#5119,#5120,#5121,#5122));
#669=EDGE_LOOP('',(#5123,#5124,#5125,#5126));
#670=EDGE_LOOP('',(#5127,#5128,#5129,#5130));
#671=EDGE_LOOP('',(#5131,#5132,#5133,#5134));
#672=EDGE_LOOP('',(#5135,#5136,#5137,#5138));
#673=EDGE_LOOP('',(#5139,#5140,#5141,#5142));
#674=EDGE_LOOP('',(#5143,#5144,#5145,#5146));
#675=EDGE_LOOP('',(#5147,#5148,#5149,#5150));
#676=EDGE_LOOP('',(#5151,#5152,#5153,#5154));
#677=EDGE_LOOP('',(#5155,#5156,#5157,#5158));
#678=EDGE_LOOP('',(#5159,#5160,#5161,#5162));
#679=EDGE_LOOP('',(#5163,#5164,#5165,#5166));
#680=EDGE_LOOP('',(#5167,#5168,#5169,#5170));
#681=EDGE_LOOP('',(#5171,#5172,#5173,#5174));
#682=EDGE_LOOP('',(#5175,#5176,#5177,#5178));
#683=EDGE_LOOP('',(#5179,#5180,#5181,#5182));
#684=EDGE_LOOP('',(#5183,#5184,#5185,#5186));
#685=EDGE_LOOP('',(#5187,#5188,#5189,#5190));
#686=EDGE_LOOP('',(#5191,#5192,#5193,#5194));
#687=EDGE_LOOP('',(#5195,#5196,#5197,#5198));
#688=EDGE_LOOP('',(#5199,#5200,#5201,#5202));
#689=EDGE_LOOP('',(#5203,#5204,#5205,#5206));
#690=EDGE_LOOP('',(#5207,#5208,#5209,#5210));
#691=EDGE_LOOP('',(#5211,#5212,#5213,#5214));
#692=EDGE_LOOP('',(#5215,#5216,#5217,#5218));
#693=EDGE_LOOP('',(#5219,#5220,#5221,#5222));
#694=EDGE_LOOP('',(#5223,#5224,#5225,#5226));
#695=EDGE_LOOP('',(#5227,#5228,#5229,#5230));
#696=EDGE_LOOP('',(#5231,#5232,#5233,#5234));
#697=EDGE_LOOP('',(#5235,#5236,#5237,#5238));
#698=EDGE_LOOP('',(#5239,#5240,#5241,#5242));
#699=EDGE_LOOP('',(#5243,#5244,#5245,#5246));
#700=EDGE_LOOP('',(#5247,#5248,#5249,#5250));
#701=EDGE_LOOP('',(#5251,#5252,#5253,#5254));
#702=EDGE_LOOP('',(#5255,#5256,#5257,#5258));
#703=EDGE_LOOP('',(#5259,#5260,#5261,#5262));
#704=EDGE_LOOP('',(#5263,#5264,#5265,#5266));
#705=EDGE_LOOP('',(#5267,#5268,#5269,#5270));
#706=EDGE_LOOP('',(#5271,#5272,#5273,#5274));
#707=EDGE_LOOP('',(#5275,#5276,#5277,#5278));
#708=EDGE_LOOP('',(#5279,#5280,#5281,#5282));
#709=EDGE_LOOP('',(#5283,#5284,#5285,#5286));
#710=EDGE_LOOP('',(#5287,#5288,#5289,#5290));
#711=EDGE_LOOP('',(#5291,#5292,#5293,#5294));
#712=EDGE_LOOP('',(#5295,#5296,#5297,#5298));
#713=EDGE_LOOP('',(#5299,#5300,#5301,#5302));
#714=EDGE_LOOP('',(#5303,#5304,#5305,#5306));
#715=EDGE_LOOP('',(#5307,#5308,#5309,#5310));
#716=EDGE_LOOP('',(#5311,#5312,#5313,#5314));
#717=EDGE_LOOP('',(#5315,#5316,#5317,#5318));
#718=EDGE_LOOP('',(#5319,#5320,#5321,#5322));
#719=EDGE_LOOP('',(#5323,#5324,#5325,#5326));
#720=EDGE_LOOP('',(#5327,#5328,#5329,#5330));
#721=EDGE_LOOP('',(#5331,#5332,#5333,#5334));
#722=EDGE_LOOP('',(#5335,#5336,#5337,#5338));
#723=EDGE_LOOP('',(#5339,#5340,#5341,#5342));
#724=EDGE_LOOP('',(#5343,#5344,#5345,#5346));
#725=EDGE_LOOP('',(#5347,#5348,#5349,#5350));
#726=EDGE_LOOP('',(#5351,#5352,#5353,#5354));
#727=EDGE_LOOP('',(#5355,#5356,#5357,#5358));
#728=EDGE_LOOP('',(#5359,#5360,#5361,#5362));
#729=EDGE_LOOP('',(#5363,#5364,#5365,#5366));
#730=EDGE_LOOP('',(#5367,#5368,#5369,#5370));
#731=EDGE_LOOP('',(#5371,#5372,#5373,#5374));
#732=EDGE_LOOP('',(#5375,#5376,#5377,#5378));
#733=EDGE_LOOP('',(#5379,#5380,#5381,#5382));
#734=EDGE_LOOP('',(#5383,#5384,#5385,#5386));
#735=EDGE_LOOP('',(#5387,#5388,#5389,#5390));
#736=EDGE_LOOP('',(#5391,#5392,#5393,#5394));
#737=EDGE_LOOP('',(#5395,#5396,#5397,#5398));
#738=EDGE_LOOP('',(#5399,#5400,#5401,#5402));
#739=EDGE_LOOP('',(#5403,#5404,#5405,#5406));
#740=EDGE_LOOP('',(#5407,#5408,#5409,#5410));
#741=EDGE_LOOP('',(#5411,#5412,#5413,#5414));
#742=EDGE_LOOP('',(#5415,#5416,#5417,#5418));
#743=EDGE_LOOP('',(#5419,#5420,#5421,#5422));
#744=EDGE_LOOP('',(#5423,#5424,#5425,#5426));
#745=EDGE_LOOP('',(#5427,#5428,#5429,#5430));
#746=EDGE_LOOP('',(#5431,#5432,#5433,#5434));
#747=EDGE_LOOP('',(#5435,#5436,#5437,#5438));
#748=EDGE_LOOP('',(#5439,#5440,#5441,#5442));
#749=EDGE_LOOP('',(#5443,#5444,#5445,#5446));
#750=EDGE_LOOP('',(#5447,#5448,#5449,#5450));
#751=EDGE_LOOP('',(#5451,#5452,#5453,#5454));
#752=EDGE_LOOP('',(#5455,#5456,#5457,#5458));
#753=EDGE_LOOP('',(#5459,#5460,#5461,#5462));
#754=EDGE_LOOP('',(#5463,#5464,#5465,#5466));
#755=EDGE_LOOP('',(#5467,#5468,#5469,#5470));
#756=EDGE_LOOP('',(#5471,#5472,#5473,#5474));
#757=EDGE_LOOP('',(#5475,#5476,#5477,#5478));
#758=EDGE_LOOP('',(#5479,#5480,#5481,#5482));
#759=EDGE_LOOP('',(#5483,#5484,#5485,#5486));
#760=EDGE_LOOP('',(#5487,#5488,#5489,#5490));
#761=EDGE_LOOP('',(#5491,#5492,#5493,#5494));
#762=EDGE_LOOP('',(#5495,#5496,#5497,#5498));
#763=EDGE_LOOP('',(#5499,#5500,#5501,#5502));
#764=EDGE_LOOP('',(#5503,#5504,#5505,#5506));
#765=EDGE_LOOP('',(#5507,#5508,#5509,#5510));
#766=EDGE_LOOP('',(#5511,#5512,#5513,#5514));
#767=EDGE_LOOP('',(#5515,#5516,#5517,#5518));
#768=EDGE_LOOP('',(#5519,#5520,#5521,#5522));
#769=EDGE_LOOP('',(#5523,#5524,#5525,#5526));
#770=EDGE_LOOP('',(#5527,#5528,#5529,#5530));
#771=EDGE_LOOP('',(#5531,#5532,#5533,#5534));
#772=EDGE_LOOP('',(#5535,#5536,#5537,#5538));
#773=EDGE_LOOP('',(#5539,#5540,#5541,#5542));
#774=EDGE_LOOP('',(#5543,#5544,#5545,#5546));
#775=EDGE_LOOP('',(#5547,#5548,#5549,#5550));
#776=EDGE_LOOP('',(#5551,#5552,#5553,#5554));
#777=EDGE_LOOP('',(#5555,#5556,#5557,#5558));
#778=EDGE_LOOP('',(#5559,#5560,#5561,#5562));
#779=EDGE_LOOP('',(#5563,#5564,#5565,#5566));
#780=EDGE_LOOP('',(#5567,#5568,#5569,#5570));
#781=EDGE_LOOP('',(#5571,#5572,#5573,#5574));
#782=EDGE_LOOP('',(#5575,#5576,#5577,#5578));
#783=EDGE_LOOP('',(#5579,#5580,#5581,#5582));
#784=EDGE_LOOP('',(#5583,#5584,#5585,#5586));
#785=EDGE_LOOP('',(#5587,#5588,#5589,#5590));
#786=EDGE_LOOP('',(#5591));
#787=EDGE_LOOP('',(#5592));
#788=EDGE_LOOP('',(#5593,#5594,#5595,#5596));
#789=EDGE_LOOP('',(#5597,#5598,#5599,#5600));
#790=EDGE_LOOP('',(#5601,#5602,#5603,#5604));
#791=EDGE_LOOP('',(#5605));
#792=EDGE_LOOP('',(#5606));
#793=EDGE_LOOP('',(#5607,#5608,#5609,#5610));
#794=EDGE_LOOP('',(#5611));
#795=EDGE_LOOP('',(#5612));
#796=EDGE_LOOP('',(#5613,#5614,#5615,#5616));
#797=EDGE_LOOP('',(#5617));
#798=EDGE_LOOP('',(#5618));
#799=EDGE_LOOP('',(#5619,#5620,#5621,#5622));
#800=EDGE_LOOP('',(#5623));
#801=EDGE_LOOP('',(#5624));
#802=EDGE_LOOP('',(#5625));
#803=EDGE_LOOP('',(#5626,#5627,#5628,#5629,#5630,#5631,#5632,#5633,#5634,
#5635,#5636,#5637,#5638,#5639,#5640,#5641,#5642,#5643,#5644,#5645,#5646,
#5647,#5648,#5649,#5650,#5651,#5652,#5653,#5654,#5655,#5656,#5657,#5658,
#5659,#5660,#5661,#5662,#5663,#5664,#5665,#5666,#5667,#5668,#5669,#5670,
#5671,#5672,#5673,#5674,#5675,#5676,#5677,#5678,#5679,#5680,#5681,#5682,
#5683,#5684,#5685,#5686,#5687,#5688,#5689,#5690,#5691,#5692,#5693,#5694,
#5695,#5696,#5697,#5698,#5699,#5700,#5701,#5702,#5703,#5704,#5705,#5706,
#5707,#5708,#5709,#5710,#5711,#5712,#5713,#5714,#5715,#5716,#5717,#5718,
#5719,#5720,#5721,#5722,#5723,#5724,#5725,#5726,#5727,#5728,#5729,#5730,
#5731,#5732,#5733,#5734,#5735,#5736,#5737,#5738,#5739,#5740,#5741,#5742,
#5743,#5744,#5745,#5746,#5747,#5748,#5749,#5750,#5751,#5752,#5753,#5754,
#5755,#5756,#5757,#5758,#5759,#5760,#5761,#5762,#5763,#5764,#5765,#5766,
#5767,#5768,#5769,#5770,#5771,#5772,#5773,#5774,#5775,#5776,#5777,#5778,
#5779,#5780,#5781,#5782,#5783,#5784,#5785,#5786,#5787,#5788,#5789,#5790,
#5791,#5792,#5793,#5794,#5795,#5796,#5797,#5798,#5799,#5800,#5801,#5802,
#5803,#5804,#5805,#5806,#5807,#5808,#5809,#5810,#5811,#5812,#5813,#5814,
#5815,#5816,#5817,#5818,#5819,#5820,#5821,#5822,#5823,#5824,#5825,#5826,
#5827,#5828,#5829,#5830,#5831,#5832,#5833,#5834,#5835,#5836,#5837,#5838,
#5839,#5840,#5841,#5842,#5843,#5844,#5845,#5846,#5847,#5848,#5849,#5850,
#5851,#5852,#5853,#5854,#5855,#5856,#5857,#5858,#5859,#5860,#5861,#5862,
#5863,#5864,#5865,#5866,#5867,#5868,#5869,#5870,#5871,#5872,#5873,#5874,
#5875,#5876,#5877,#5878,#5879,#5880,#5881,#5882,#5883,#5884,#5885,#5886,
#5887,#5888,#5889,#5890,#5891,#5892,#5893,#5894,#5895,#5896,#5897,#5898,
#5899,#5900,#5901,#5902,#5903,#5904,#5905,#5906,#5907,#5908,#5909,#5910,
#5911,#5912,#5913,#5914,#5915,#5916,#5917,#5918,#5919,#5920,#5921,#5922,
#5923,#5924,#5925,#5926,#5927,#5928,#5929,#5930,#5931,#5932,#5933,#5934,
#5935,#5936,#5937,#5938,#5939,#5940,#5941,#5942,#5943,#5944,#5945,#5946,
#5947,#5948,#5949,#5950,#5951,#5952,#5953,#5954,#5955,#5956,#5957,#5958,
#5959,#5960,#5961,#5962,#5963,#5964,#5965,#5966,#5967,#5968,#5969,#5970,
#5971,#5972,#5973,#5974,#5975,#5976,#5977,#5978,#5979,#5980,#5981,#5982,
#5983,#5984,#5985));
#804=EDGE_LOOP('',(#5986,#5987,#5988,#5989));
#805=EDGE_LOOP('',(#5990,#5991,#5992,#5993));
#806=EDGE_LOOP('',(#5994));
#807=EDGE_LOOP('',(#5995));
#808=EDGE_LOOP('',(#5996,#5997,#5998,#5999));
#809=EDGE_LOOP('',(#6000));
#810=EDGE_LOOP('',(#6001,#6002,#6003,#6004,#6005,#6006,#6007,#6008,#6009,
#6010,#6011,#6012,#6013,#6014,#6015,#6016,#6017,#6018,#6019,#6020,#6021,
#6022,#6023,#6024,#6025,#6026,#6027,#6028,#6029,#6030,#6031,#6032,#6033,
#6034,#6035,#6036,#6037,#6038,#6039,#6040,#6041,#6042,#6043,#6044,#6045,
#6046,#6047,#6048,#6049,#6050,#6051,#6052,#6053,#6054,#6055,#6056,#6057,
#6058,#6059,#6060,#6061,#6062,#6063,#6064,#6065,#6066,#6067,#6068,#6069,
#6070,#6071,#6072,#6073,#6074,#6075,#6076,#6077,#6078,#6079,#6080,#6081,
#6082,#6083,#6084,#6085,#6086,#6087,#6088,#6089,#6090,#6091,#6092,#6093,
#6094,#6095,#6096,#6097,#6098,#6099,#6100,#6101,#6102,#6103,#6104,#6105,
#6106,#6107,#6108,#6109,#6110,#6111,#6112,#6113,#6114,#6115,#6116,#6117,
#6118,#6119,#6120,#6121,#6122,#6123,#6124,#6125,#6126,#6127,#6128,#6129,
#6130,#6131,#6132,#6133,#6134,#6135,#6136,#6137,#6138,#6139,#6140,#6141,
#6142,#6143,#6144,#6145,#6146,#6147,#6148,#6149,#6150,#6151,#6152,#6153,
#6154,#6155,#6156,#6157,#6158,#6159,#6160,#6161,#6162,#6163,#6164,#6165,
#6166,#6167,#6168,#6169,#6170,#6171,#6172,#6173,#6174,#6175,#6176,#6177,
#6178,#6179,#6180,#6181,#6182,#6183,#6184,#6185,#6186,#6187,#6188,#6189,
#6190,#6191,#6192,#6193,#6194,#6195,#6196,#6197,#6198,#6199,#6200,#6201,
#6202,#6203,#6204,#6205,#6206,#6207,#6208,#6209,#6210,#6211,#6212,#6213,
#6214,#6215,#6216,#6217,#6218,#6219,#6220,#6221,#6222,#6223,#6224,#6225,
#6226,#6227,#6228,#6229,#6230,#6231,#6232,#6233,#6234,#6235,#6236,#6237,
#6238,#6239,#6240,#6241,#6242,#6243,#6244,#6245,#6246,#6247,#6248,#6249,
#6250,#6251,#6252,#6253,#6254,#6255,#6256,#6257,#6258,#6259,#6260,#6261,
#6262,#6263,#6264,#6265,#6266,#6267,#6268,#6269,#6270,#6271,#6272,#6273,
#6274,#6275,#6276,#6277,#6278,#6279,#6280,#6281,#6282,#6283,#6284,#6285,
#6286,#6287,#6288,#6289,#6290,#6291,#6292,#6293,#6294,#6295,#6296,#6297,
#6298,#6299,#6300,#6301,#6302,#6303,#6304,#6305,#6306,#6307,#6308,#6309,
#6310,#6311,#6312,#6313,#6314,#6315,#6316,#6317,#6318,#6319,#6320,#6321,
#6322,#6323,#6324,#6325,#6326,#6327,#6328,#6329,#6330,#6331,#6332,#6333,
#6334,#6335,#6336,#6337,#6338,#6339,#6340,#6341,#6342,#6343,#6344,#6345,
#6346,#6347,#6348,#6349,#6350,#6351,#6352,#6353,#6354,#6355,#6356,#6357,
#6358,#6359,#6360));
#811=LINE('',#10840,#1183);
#812=LINE('',#10843,#1184);
#813=LINE('',#10848,#1185);
#814=LINE('',#10855,#1186);
#815=LINE('',#10858,#1187);
#816=LINE('',#10863,#1188);
#817=LINE('',#10872,#1189);
#818=LINE('',#10878,#1190);
#819=LINE('',#10884,#1191);
#820=LINE('',#10890,#1192);
#821=LINE('',#10897,#1193);
#822=LINE('',#10900,#1194);
#823=LINE('',#10905,#1195);
#824=LINE('',#10914,#1196);
#825=LINE('',#10920,#1197);
#826=LINE('',#10926,#1198);
#827=LINE('',#10933,#1199);
#828=LINE('',#10936,#1200);
#829=LINE('',#10941,#1201);
#830=LINE('',#10950,#1202);
#831=LINE('',#10956,#1203);
#832=LINE('',#10962,#1204);
#833=LINE('',#10969,#1205);
#834=LINE('',#10972,#1206);
#835=LINE('',#10977,#1207);
#836=LINE('',#10986,#1208);
#837=LINE('',#10992,#1209);
#838=LINE('',#10998,#1210);
#839=LINE('',#11005,#1211);
#840=LINE('',#11008,#1212);
#841=LINE('',#11013,#1213);
#842=LINE('',#11022,#1214);
#843=LINE('',#11028,#1215);
#844=LINE('',#11034,#1216);
#845=LINE('',#11041,#1217);
#846=LINE('',#11044,#1218);
#847=LINE('',#11049,#1219);
#848=LINE('',#11058,#1220);
#849=LINE('',#11064,#1221);
#850=LINE('',#11070,#1222);
#851=LINE('',#11077,#1223);
#852=LINE('',#11080,#1224);
#853=LINE('',#11085,#1225);
#854=LINE('',#11094,#1226);
#855=LINE('',#11100,#1227);
#856=LINE('',#11106,#1228);
#857=LINE('',#11113,#1229);
#858=LINE('',#11116,#1230);
#859=LINE('',#11121,#1231);
#860=LINE('',#11130,#1232);
#861=LINE('',#11136,#1233);
#862=LINE('',#11142,#1234);
#863=LINE('',#11149,#1235);
#864=LINE('',#11152,#1236);
#865=LINE('',#11157,#1237);
#866=LINE('',#11166,#1238);
#867=LINE('',#11172,#1239);
#868=LINE('',#11178,#1240);
#869=LINE('',#11185,#1241);
#870=LINE('',#11188,#1242);
#871=LINE('',#11193,#1243);
#872=LINE('',#11202,#1244);
#873=LINE('',#11208,#1245);
#874=LINE('',#11214,#1246);
#875=LINE('',#11221,#1247);
#876=LINE('',#11224,#1248);
#877=LINE('',#11229,#1249);
#878=LINE('',#11238,#1250);
#879=LINE('',#11244,#1251);
#880=LINE('',#11250,#1252);
#881=LINE('',#11257,#1253);
#882=LINE('',#11260,#1254);
#883=LINE('',#11265,#1255);
#884=LINE('',#11274,#1256);
#885=LINE('',#11280,#1257);
#886=LINE('',#11286,#1258);
#887=LINE('',#11293,#1259);
#888=LINE('',#11296,#1260);
#889=LINE('',#11301,#1261);
#890=LINE('',#11310,#1262);
#891=LINE('',#11316,#1263);
#892=LINE('',#11322,#1264);
#893=LINE('',#11329,#1265);
#894=LINE('',#11332,#1266);
#895=LINE('',#11337,#1267);
#896=LINE('',#11346,#1268);
#897=LINE('',#11352,#1269);
#898=LINE('',#11358,#1270);
#899=LINE('',#11365,#1271);
#900=LINE('',#11368,#1272);
#901=LINE('',#11373,#1273);
#902=LINE('',#11382,#1274);
#903=LINE('',#11388,#1275);
#904=LINE('',#11394,#1276);
#905=LINE('',#11401,#1277);
#906=LINE('',#11404,#1278);
#907=LINE('',#11409,#1279);
#908=LINE('',#11418,#1280);
#909=LINE('',#11424,#1281);
#910=LINE('',#11430,#1282);
#911=LINE('',#11437,#1283);
#912=LINE('',#11440,#1284);
#913=LINE('',#11445,#1285);
#914=LINE('',#11454,#1286);
#915=LINE('',#11460,#1287);
#916=LINE('',#11466,#1288);
#917=LINE('',#11473,#1289);
#918=LINE('',#11476,#1290);
#919=LINE('',#11481,#1291);
#920=LINE('',#11490,#1292);
#921=LINE('',#11496,#1293);
#922=LINE('',#11502,#1294);
#923=LINE('',#11509,#1295);
#924=LINE('',#11512,#1296);
#925=LINE('',#11517,#1297);
#926=LINE('',#11526,#1298);
#927=LINE('',#11532,#1299);
#928=LINE('',#11538,#1300);
#929=LINE('',#11545,#1301);
#930=LINE('',#11548,#1302);
#931=LINE('',#11553,#1303);
#932=LINE('',#11562,#1304);
#933=LINE('',#11568,#1305);
#934=LINE('',#11574,#1306);
#935=LINE('',#11581,#1307);
#936=LINE('',#11584,#1308);
#937=LINE('',#11589,#1309);
#938=LINE('',#11598,#1310);
#939=LINE('',#11604,#1311);
#940=LINE('',#11610,#1312);
#941=LINE('',#11617,#1313);
#942=LINE('',#11620,#1314);
#943=LINE('',#11625,#1315);
#944=LINE('',#11634,#1316);
#945=LINE('',#11640,#1317);
#946=LINE('',#11646,#1318);
#947=LINE('',#11653,#1319);
#948=LINE('',#11656,#1320);
#949=LINE('',#11661,#1321);
#950=LINE('',#11670,#1322);
#951=LINE('',#11676,#1323);
#952=LINE('',#11682,#1324);
#953=LINE('',#11689,#1325);
#954=LINE('',#11692,#1326);
#955=LINE('',#11697,#1327);
#956=LINE('',#11706,#1328);
#957=LINE('',#11712,#1329);
#958=LINE('',#11718,#1330);
#959=LINE('',#11725,#1331);
#960=LINE('',#11728,#1332);
#961=LINE('',#11733,#1333);
#962=LINE('',#11742,#1334);
#963=LINE('',#11748,#1335);
#964=LINE('',#11754,#1336);
#965=LINE('',#11761,#1337);
#966=LINE('',#11764,#1338);
#967=LINE('',#11769,#1339);
#968=LINE('',#11778,#1340);
#969=LINE('',#11784,#1341);
#970=LINE('',#11790,#1342);
#971=LINE('',#11797,#1343);
#972=LINE('',#11800,#1344);
#973=LINE('',#11805,#1345);
#974=LINE('',#11814,#1346);
#975=LINE('',#11820,#1347);
#976=LINE('',#11826,#1348);
#977=LINE('',#11833,#1349);
#978=LINE('',#11836,#1350);
#979=LINE('',#11841,#1351);
#980=LINE('',#11850,#1352);
#981=LINE('',#11856,#1353);
#982=LINE('',#11862,#1354);
#983=LINE('',#11869,#1355);
#984=LINE('',#11872,#1356);
#985=LINE('',#11877,#1357);
#986=LINE('',#11886,#1358);
#987=LINE('',#11892,#1359);
#988=LINE('',#11898,#1360);
#989=LINE('',#11905,#1361);
#990=LINE('',#11908,#1362);
#991=LINE('',#11913,#1363);
#992=LINE('',#11922,#1364);
#993=LINE('',#11928,#1365);
#994=LINE('',#11934,#1366);
#995=LINE('',#11941,#1367);
#996=LINE('',#11944,#1368);
#997=LINE('',#11949,#1369);
#998=LINE('',#11958,#1370);
#999=LINE('',#11964,#1371);
#1000=LINE('',#11970,#1372);
#1001=LINE('',#11977,#1373);
#1002=LINE('',#11980,#1374);
#1003=LINE('',#11985,#1375);
#1004=LINE('',#11994,#1376);
#1005=LINE('',#12000,#1377);
#1006=LINE('',#12006,#1378);
#1007=LINE('',#12013,#1379);
#1008=LINE('',#12016,#1380);
#1009=LINE('',#12021,#1381);
#1010=LINE('',#12030,#1382);
#1011=LINE('',#12036,#1383);
#1012=LINE('',#12042,#1384);
#1013=LINE('',#12049,#1385);
#1014=LINE('',#12052,#1386);
#1015=LINE('',#12057,#1387);
#1016=LINE('',#12066,#1388);
#1017=LINE('',#12072,#1389);
#1018=LINE('',#12078,#1390);
#1019=LINE('',#12085,#1391);
#1020=LINE('',#12088,#1392);
#1021=LINE('',#12093,#1393);
#1022=LINE('',#12102,#1394);
#1023=LINE('',#12108,#1395);
#1024=LINE('',#12114,#1396);
#1025=LINE('',#12121,#1397);
#1026=LINE('',#12124,#1398);
#1027=LINE('',#12129,#1399);
#1028=LINE('',#12138,#1400);
#1029=LINE('',#12144,#1401);
#1030=LINE('',#12150,#1402);
#1031=LINE('',#12157,#1403);
#1032=LINE('',#12160,#1404);
#1033=LINE('',#12165,#1405);
#1034=LINE('',#12174,#1406);
#1035=LINE('',#12180,#1407);
#1036=LINE('',#12186,#1408);
#1037=LINE('',#12193,#1409);
#1038=LINE('',#12196,#1410);
#1039=LINE('',#12201,#1411);
#1040=LINE('',#12210,#1412);
#1041=LINE('',#12216,#1413);
#1042=LINE('',#12222,#1414);
#1043=LINE('',#12229,#1415);
#1044=LINE('',#12232,#1416);
#1045=LINE('',#12237,#1417);
#1046=LINE('',#12246,#1418);
#1047=LINE('',#12252,#1419);
#1048=LINE('',#12258,#1420);
#1049=LINE('',#12265,#1421);
#1050=LINE('',#12268,#1422);
#1051=LINE('',#12273,#1423);
#1052=LINE('',#12282,#1424);
#1053=LINE('',#12288,#1425);
#1054=LINE('',#12294,#1426);
#1055=LINE('',#12301,#1427);
#1056=LINE('',#12304,#1428);
#1057=LINE('',#12309,#1429);
#1058=LINE('',#12318,#1430);
#1059=LINE('',#12324,#1431);
#1060=LINE('',#12330,#1432);
#1061=LINE('',#12337,#1433);
#1062=LINE('',#12340,#1434);
#1063=LINE('',#12345,#1435);
#1064=LINE('',#12354,#1436);
#1065=LINE('',#12360,#1437);
#1066=LINE('',#12366,#1438);
#1067=LINE('',#12373,#1439);
#1068=LINE('',#12376,#1440);
#1069=LINE('',#12381,#1441);
#1070=LINE('',#12390,#1442);
#1071=LINE('',#12396,#1443);
#1072=LINE('',#12402,#1444);
#1073=LINE('',#12409,#1445);
#1074=LINE('',#12412,#1446);
#1075=LINE('',#12417,#1447);
#1076=LINE('',#12426,#1448);
#1077=LINE('',#12432,#1449);
#1078=LINE('',#12438,#1450);
#1079=LINE('',#12445,#1451);
#1080=LINE('',#12448,#1452);
#1081=LINE('',#12453,#1453);
#1082=LINE('',#12462,#1454);
#1083=LINE('',#12468,#1455);
#1084=LINE('',#12474,#1456);
#1085=LINE('',#12481,#1457);
#1086=LINE('',#12484,#1458);
#1087=LINE('',#12489,#1459);
#1088=LINE('',#12498,#1460);
#1089=LINE('',#12504,#1461);
#1090=LINE('',#12510,#1462);
#1091=LINE('',#12517,#1463);
#1092=LINE('',#12520,#1464);
#1093=LINE('',#12525,#1465);
#1094=LINE('',#12534,#1466);
#1095=LINE('',#12540,#1467);
#1096=LINE('',#12546,#1468);
#1097=LINE('',#12553,#1469);
#1098=LINE('',#12556,#1470);
#1099=LINE('',#12561,#1471);
#1100=LINE('',#12570,#1472);
#1101=LINE('',#12576,#1473);
#1102=LINE('',#12582,#1474);
#1103=LINE('',#12589,#1475);
#1104=LINE('',#12592,#1476);
#1105=LINE('',#12597,#1477);
#1106=LINE('',#12606,#1478);
#1107=LINE('',#12612,#1479);
#1108=LINE('',#12618,#1480);
#1109=LINE('',#12625,#1481);
#1110=LINE('',#12628,#1482);
#1111=LINE('',#12633,#1483);
#1112=LINE('',#12642,#1484);
#1113=LINE('',#12648,#1485);
#1114=LINE('',#12654,#1486);
#1115=LINE('',#12661,#1487);
#1116=LINE('',#12664,#1488);
#1117=LINE('',#12669,#1489);
#1118=LINE('',#12678,#1490);
#1119=LINE('',#12684,#1491);
#1120=LINE('',#12690,#1492);
#1121=LINE('',#12697,#1493);
#1122=LINE('',#12700,#1494);
#1123=LINE('',#12705,#1495);
#1124=LINE('',#12714,#1496);
#1125=LINE('',#12720,#1497);
#1126=LINE('',#12726,#1498);
#1127=LINE('',#12733,#1499);
#1128=LINE('',#12736,#1500);
#1129=LINE('',#12741,#1501);
#1130=LINE('',#12750,#1502);
#1131=LINE('',#12756,#1503);
#1132=LINE('',#12762,#1504);
#1133=LINE('',#12769,#1505);
#1134=LINE('',#12772,#1506);
#1135=LINE('',#12777,#1507);
#1136=LINE('',#12786,#1508);
#1137=LINE('',#12792,#1509);
#1138=LINE('',#12798,#1510);
#1139=LINE('',#12805,#1511);
#1140=LINE('',#12808,#1512);
#1141=LINE('',#12813,#1513);
#1142=LINE('',#12822,#1514);
#1143=LINE('',#12828,#1515);
#1144=LINE('',#12834,#1516);
#1145=LINE('',#12841,#1517);
#1146=LINE('',#12844,#1518);
#1147=LINE('',#12849,#1519);
#1148=LINE('',#12858,#1520);
#1149=LINE('',#12864,#1521);
#1150=LINE('',#12870,#1522);
#1151=LINE('',#12877,#1523);
#1152=LINE('',#12880,#1524);
#1153=LINE('',#12885,#1525);
#1154=LINE('',#12894,#1526);
#1155=LINE('',#12900,#1527);
#1156=LINE('',#12906,#1528);
#1157=LINE('',#12913,#1529);
#1158=LINE('',#12916,#1530);
#1159=LINE('',#12921,#1531);
#1160=LINE('',#12930,#1532);
#1161=LINE('',#12936,#1533);
#1162=LINE('',#12942,#1534);
#1163=LINE('',#12949,#1535);
#1164=LINE('',#12952,#1536);
#1165=LINE('',#12957,#1537);
#1166=LINE('',#12966,#1538);
#1167=LINE('',#12973,#1539);
#1168=LINE('',#12979,#1540);
#1169=LINE('',#12984,#1541);
#1170=LINE('',#12990,#1542);
#1171=LINE('',#13032,#1543);
#1172=LINE('',#13071,#1544);
#1173=LINE('',#13076,#1545);
#1174=LINE('',#13204,#1546);
#1175=LINE('',#13232,#1547);
#1176=LINE('',#13271,#1548);
#1177=LINE('',#13278,#1549);
#1178=LINE('',#13281,#1550);
#1179=LINE('',#13287,#1551);
#1180=LINE('',#13297,#1552);
#1181=LINE('',#13300,#1553);
#1182=LINE('',#13307,#1554);
#1183=VECTOR('',#8241,10.);
#1184=VECTOR('',#8244,10.);
#1185=VECTOR('',#8249,10.);
#1186=VECTOR('',#8256,10.);
#1187=VECTOR('',#8259,10.);
#1188=VECTOR('',#8264,10.);
#1189=VECTOR('',#8277,10.);
#1190=VECTOR('',#8284,10.);
#1191=VECTOR('',#8291,10.);
#1192=VECTOR('',#8298,10.);
#1193=VECTOR('',#8305,10.);
#1194=VECTOR('',#8308,10.);
#1195=VECTOR('',#8313,10.);
#1196=VECTOR('',#8326,10.);
#1197=VECTOR('',#8333,10.);
#1198=VECTOR('',#8340,10.);
#1199=VECTOR('',#8347,10.);
#1200=VECTOR('',#8350,10.);
#1201=VECTOR('',#8355,10.);
#1202=VECTOR('',#8368,10.);
#1203=VECTOR('',#8375,10.);
#1204=VECTOR('',#8382,10.);
#1205=VECTOR('',#8389,10.);
#1206=VECTOR('',#8392,10.);
#1207=VECTOR('',#8397,10.);
#1208=VECTOR('',#8410,10.);
#1209=VECTOR('',#8417,10.);
#1210=VECTOR('',#8424,10.);
#1211=VECTOR('',#8431,10.);
#1212=VECTOR('',#8434,10.);
#1213=VECTOR('',#8439,10.);
#1214=VECTOR('',#8452,10.);
#1215=VECTOR('',#8459,10.);
#1216=VECTOR('',#8466,10.);
#1217=VECTOR('',#8473,10.);
#1218=VECTOR('',#8476,10.);
#1219=VECTOR('',#8481,10.);
#1220=VECTOR('',#8494,10.);
#1221=VECTOR('',#8501,10.);
#1222=VECTOR('',#8508,10.);
#1223=VECTOR('',#8515,10.);
#1224=VECTOR('',#8518,10.);
#1225=VECTOR('',#8523,10.);
#1226=VECTOR('',#8536,10.);
#1227=VECTOR('',#8543,10.);
#1228=VECTOR('',#8550,10.);
#1229=VECTOR('',#8557,10.);
#1230=VECTOR('',#8560,10.);
#1231=VECTOR('',#8565,10.);
#1232=VECTOR('',#8578,10.);
#1233=VECTOR('',#8585,10.);
#1234=VECTOR('',#8592,10.);
#1235=VECTOR('',#8599,10.);
#1236=VECTOR('',#8602,10.);
#1237=VECTOR('',#8607,10.);
#1238=VECTOR('',#8620,10.);
#1239=VECTOR('',#8627,10.);
#1240=VECTOR('',#8634,10.);
#1241=VECTOR('',#8641,10.);
#1242=VECTOR('',#8644,10.);
#1243=VECTOR('',#8649,10.);
#1244=VECTOR('',#8662,10.);
#1245=VECTOR('',#8669,10.);
#1246=VECTOR('',#8676,10.);
#1247=VECTOR('',#8683,10.);
#1248=VECTOR('',#8686,10.);
#1249=VECTOR('',#8691,10.);
#1250=VECTOR('',#8704,10.);
#1251=VECTOR('',#8711,10.);
#1252=VECTOR('',#8718,10.);
#1253=VECTOR('',#8725,10.);
#1254=VECTOR('',#8728,10.);
#1255=VECTOR('',#8733,10.);
#1256=VECTOR('',#8746,10.);
#1257=VECTOR('',#8753,10.);
#1258=VECTOR('',#8760,10.);
#1259=VECTOR('',#8767,10.);
#1260=VECTOR('',#8770,10.);
#1261=VECTOR('',#8775,10.);
#1262=VECTOR('',#8788,10.);
#1263=VECTOR('',#8795,10.);
#1264=VECTOR('',#8802,10.);
#1265=VECTOR('',#8809,10.);
#1266=VECTOR('',#8812,10.);
#1267=VECTOR('',#8817,10.);
#1268=VECTOR('',#8830,10.);
#1269=VECTOR('',#8837,10.);
#1270=VECTOR('',#8844,10.);
#1271=VECTOR('',#8851,10.);
#1272=VECTOR('',#8854,10.);
#1273=VECTOR('',#8859,10.);
#1274=VECTOR('',#8872,10.);
#1275=VECTOR('',#8879,10.);
#1276=VECTOR('',#8886,10.);
#1277=VECTOR('',#8893,10.);
#1278=VECTOR('',#8896,10.);
#1279=VECTOR('',#8901,10.);
#1280=VECTOR('',#8914,10.);
#1281=VECTOR('',#8921,10.);
#1282=VECTOR('',#8928,10.);
#1283=VECTOR('',#8935,10.);
#1284=VECTOR('',#8938,10.);
#1285=VECTOR('',#8943,10.);
#1286=VECTOR('',#8956,10.);
#1287=VECTOR('',#8963,10.);
#1288=VECTOR('',#8970,10.);
#1289=VECTOR('',#8977,10.);
#1290=VECTOR('',#8980,10.);
#1291=VECTOR('',#8985,10.);
#1292=VECTOR('',#8998,10.);
#1293=VECTOR('',#9005,10.);
#1294=VECTOR('',#9012,10.);
#1295=VECTOR('',#9019,10.);
#1296=VECTOR('',#9022,10.);
#1297=VECTOR('',#9027,10.);
#1298=VECTOR('',#9040,10.);
#1299=VECTOR('',#9047,10.);
#1300=VECTOR('',#9054,10.);
#1301=VECTOR('',#9061,10.);
#1302=VECTOR('',#9064,10.);
#1303=VECTOR('',#9069,10.);
#1304=VECTOR('',#9082,10.);
#1305=VECTOR('',#9089,10.);
#1306=VECTOR('',#9096,10.);
#1307=VECTOR('',#9103,10.);
#1308=VECTOR('',#9106,10.);
#1309=VECTOR('',#9111,10.);
#1310=VECTOR('',#9124,10.);
#1311=VECTOR('',#9131,10.);
#1312=VECTOR('',#9138,10.);
#1313=VECTOR('',#9145,10.);
#1314=VECTOR('',#9148,10.);
#1315=VECTOR('',#9153,10.);
#1316=VECTOR('',#9166,10.);
#1317=VECTOR('',#9173,10.);
#1318=VECTOR('',#9180,10.);
#1319=VECTOR('',#9187,10.);
#1320=VECTOR('',#9190,10.);
#1321=VECTOR('',#9195,10.);
#1322=VECTOR('',#9208,10.);
#1323=VECTOR('',#9215,10.);
#1324=VECTOR('',#9222,10.);
#1325=VECTOR('',#9229,10.);
#1326=VECTOR('',#9232,10.);
#1327=VECTOR('',#9237,10.);
#1328=VECTOR('',#9250,10.);
#1329=VECTOR('',#9257,10.);
#1330=VECTOR('',#9264,10.);
#1331=VECTOR('',#9271,10.);
#1332=VECTOR('',#9274,10.);
#1333=VECTOR('',#9279,10.);
#1334=VECTOR('',#9292,10.);
#1335=VECTOR('',#9299,10.);
#1336=VECTOR('',#9306,10.);
#1337=VECTOR('',#9313,10.);
#1338=VECTOR('',#9316,10.);
#1339=VECTOR('',#9321,10.);
#1340=VECTOR('',#9334,10.);
#1341=VECTOR('',#9341,10.);
#1342=VECTOR('',#9348,10.);
#1343=VECTOR('',#9355,10.);
#1344=VECTOR('',#9358,10.);
#1345=VECTOR('',#9363,10.);
#1346=VECTOR('',#9376,10.);
#1347=VECTOR('',#9383,10.);
#1348=VECTOR('',#9390,10.);
#1349=VECTOR('',#9397,10.);
#1350=VECTOR('',#9400,10.);
#1351=VECTOR('',#9405,10.);
#1352=VECTOR('',#9418,10.);
#1353=VECTOR('',#9425,10.);
#1354=VECTOR('',#9432,10.);
#1355=VECTOR('',#9439,10.);
#1356=VECTOR('',#9442,10.);
#1357=VECTOR('',#9447,10.);
#1358=VECTOR('',#9460,10.);
#1359=VECTOR('',#9467,10.);
#1360=VECTOR('',#9474,10.);
#1361=VECTOR('',#9481,10.);
#1362=VECTOR('',#9484,10.);
#1363=VECTOR('',#9489,10.);
#1364=VECTOR('',#9502,10.);
#1365=VECTOR('',#9509,10.);
#1366=VECTOR('',#9516,10.);
#1367=VECTOR('',#9523,10.);
#1368=VECTOR('',#9526,10.);
#1369=VECTOR('',#9531,10.);
#1370=VECTOR('',#9544,10.);
#1371=VECTOR('',#9551,10.);
#1372=VECTOR('',#9558,10.);
#1373=VECTOR('',#9565,10.);
#1374=VECTOR('',#9568,10.);
#1375=VECTOR('',#9573,10.);
#1376=VECTOR('',#9586,10.);
#1377=VECTOR('',#9593,10.);
#1378=VECTOR('',#9600,10.);
#1379=VECTOR('',#9607,10.);
#1380=VECTOR('',#9610,10.);
#1381=VECTOR('',#9615,10.);
#1382=VECTOR('',#9628,10.);
#1383=VECTOR('',#9635,10.);
#1384=VECTOR('',#9642,10.);
#1385=VECTOR('',#9649,10.);
#1386=VECTOR('',#9652,10.);
#1387=VECTOR('',#9657,10.);
#1388=VECTOR('',#9670,10.);
#1389=VECTOR('',#9677,10.);
#1390=VECTOR('',#9684,10.);
#1391=VECTOR('',#9691,10.);
#1392=VECTOR('',#9694,10.);
#1393=VECTOR('',#9699,10.);
#1394=VECTOR('',#9712,10.);
#1395=VECTOR('',#9719,10.);
#1396=VECTOR('',#9726,10.);
#1397=VECTOR('',#9733,10.);
#1398=VECTOR('',#9736,10.);
#1399=VECTOR('',#9741,10.);
#1400=VECTOR('',#9754,10.);
#1401=VECTOR('',#9761,10.);
#1402=VECTOR('',#9768,10.);
#1403=VECTOR('',#9775,10.);
#1404=VECTOR('',#9778,10.);
#1405=VECTOR('',#9783,10.);
#1406=VECTOR('',#9796,10.);
#1407=VECTOR('',#9803,10.);
#1408=VECTOR('',#9810,10.);
#1409=VECTOR('',#9817,10.);
#1410=VECTOR('',#9820,10.);
#1411=VECTOR('',#9825,10.);
#1412=VECTOR('',#9838,10.);
#1413=VECTOR('',#9845,10.);
#1414=VECTOR('',#9852,10.);
#1415=VECTOR('',#9859,10.);
#1416=VECTOR('',#9862,10.);
#1417=VECTOR('',#9867,10.);
#1418=VECTOR('',#9880,10.);
#1419=VECTOR('',#9887,10.);
#1420=VECTOR('',#9894,10.);
#1421=VECTOR('',#9901,10.);
#1422=VECTOR('',#9904,10.);
#1423=VECTOR('',#9909,10.);
#1424=VECTOR('',#9922,10.);
#1425=VECTOR('',#9929,10.);
#1426=VECTOR('',#9936,10.);
#1427=VECTOR('',#9943,10.);
#1428=VECTOR('',#9946,10.);
#1429=VECTOR('',#9951,10.);
#1430=VECTOR('',#9964,10.);
#1431=VECTOR('',#9971,10.);
#1432=VECTOR('',#9978,10.);
#1433=VECTOR('',#9985,10.);
#1434=VECTOR('',#9988,10.);
#1435=VECTOR('',#9993,10.);
#1436=VECTOR('',#10006,10.);
#1437=VECTOR('',#10013,10.);
#1438=VECTOR('',#10020,10.);
#1439=VECTOR('',#10027,10.);
#1440=VECTOR('',#10030,10.);
#1441=VECTOR('',#10035,10.);
#1442=VECTOR('',#10048,10.);
#1443=VECTOR('',#10055,10.);
#1444=VECTOR('',#10062,10.);
#1445=VECTOR('',#10069,10.);
#1446=VECTOR('',#10072,10.);
#1447=VECTOR('',#10077,10.);
#1448=VECTOR('',#10090,10.);
#1449=VECTOR('',#10097,10.);
#1450=VECTOR('',#10104,10.);
#1451=VECTOR('',#10111,10.);
#1452=VECTOR('',#10114,10.);
#1453=VECTOR('',#10119,10.);
#1454=VECTOR('',#10132,10.);
#1455=VECTOR('',#10139,10.);
#1456=VECTOR('',#10146,10.);
#1457=VECTOR('',#10153,10.);
#1458=VECTOR('',#10156,10.);
#1459=VECTOR('',#10161,10.);
#1460=VECTOR('',#10174,10.);
#1461=VECTOR('',#10181,10.);
#1462=VECTOR('',#10188,10.);
#1463=VECTOR('',#10195,10.);
#1464=VECTOR('',#10198,10.);
#1465=VECTOR('',#10203,10.);
#1466=VECTOR('',#10216,10.);
#1467=VECTOR('',#10223,10.);
#1468=VECTOR('',#10230,10.);
#1469=VECTOR('',#10237,10.);
#1470=VECTOR('',#10240,10.);
#1471=VECTOR('',#10245,10.);
#1472=VECTOR('',#10258,10.);
#1473=VECTOR('',#10265,10.);
#1474=VECTOR('',#10272,10.);
#1475=VECTOR('',#10279,10.);
#1476=VECTOR('',#10282,10.);
#1477=VECTOR('',#10287,10.);
#1478=VECTOR('',#10300,10.);
#1479=VECTOR('',#10307,10.);
#1480=VECTOR('',#10314,10.);
#1481=VECTOR('',#10321,10.);
#1482=VECTOR('',#10324,10.);
#1483=VECTOR('',#10329,10.);
#1484=VECTOR('',#10342,10.);
#1485=VECTOR('',#10349,10.);
#1486=VECTOR('',#10356,10.);
#1487=VECTOR('',#10363,10.);
#1488=VECTOR('',#10366,10.);
#1489=VECTOR('',#10371,10.);
#1490=VECTOR('',#10384,10.);
#1491=VECTOR('',#10391,10.);
#1492=VECTOR('',#10398,10.);
#1493=VECTOR('',#10405,10.);
#1494=VECTOR('',#10408,10.);
#1495=VECTOR('',#10413,10.);
#1496=VECTOR('',#10426,10.);
#1497=VECTOR('',#10433,10.);
#1498=VECTOR('',#10440,10.);
#1499=VECTOR('',#10447,10.);
#1500=VECTOR('',#10450,10.);
#1501=VECTOR('',#10455,10.);
#1502=VECTOR('',#10468,10.);
#1503=VECTOR('',#10475,10.);
#1504=VECTOR('',#10482,10.);
#1505=VECTOR('',#10489,10.);
#1506=VECTOR('',#10492,10.);
#1507=VECTOR('',#10497,10.);
#1508=VECTOR('',#10510,10.);
#1509=VECTOR('',#10517,10.);
#1510=VECTOR('',#10524,10.);
#1511=VECTOR('',#10531,10.);
#1512=VECTOR('',#10534,10.);
#1513=VECTOR('',#10539,10.);
#1514=VECTOR('',#10552,10.);
#1515=VECTOR('',#10559,10.);
#1516=VECTOR('',#10566,10.);
#1517=VECTOR('',#10573,10.);
#1518=VECTOR('',#10576,10.);
#1519=VECTOR('',#10581,10.);
#1520=VECTOR('',#10594,10.);
#1521=VECTOR('',#10601,10.);
#1522=VECTOR('',#10608,10.);
#1523=VECTOR('',#10615,10.);
#1524=VECTOR('',#10618,10.);
#1525=VECTOR('',#10623,10.);
#1526=VECTOR('',#10636,10.);
#1527=VECTOR('',#10643,10.);
#1528=VECTOR('',#10650,10.);
#1529=VECTOR('',#10657,10.);
#1530=VECTOR('',#10660,10.);
#1531=VECTOR('',#10665,10.);
#1532=VECTOR('',#10678,10.);
#1533=VECTOR('',#10685,10.);
#1534=VECTOR('',#10692,10.);
#1535=VECTOR('',#10699,10.);
#1536=VECTOR('',#10702,10.);
#1537=VECTOR('',#10707,10.);
#1538=VECTOR('',#10720,10.);
#1539=VECTOR('',#10729,10.);
#1540=VECTOR('',#10736,10.);
#1541=VECTOR('',#10741,10.);
#1542=VECTOR('',#10748,10.);
#1543=VECTOR('',#10759,1.666);
#1544=VECTOR('',#10764,4.15);
#1545=VECTOR('',#10771,4.);
#1546=VECTOR('',#10772,10.);
#1547=VECTOR('',#10775,1.666);
#1548=VECTOR('',#10780,12.35);
#1549=VECTOR('',#10789,12.5);
#1550=VECTOR('',#10794,4.15);
#1551=VECTOR('',#10801,21.8);
#1552=VECTOR('',#10814,4.1);
#1553=VECTOR('',#10819,4.);
#1554=VECTOR('',#10828,21.8);
#1555=CIRCLE('',#7122,0.15);
#1556=CIRCLE('',#7123,0.15);
#1557=CIRCLE('',#7125,1.);
#1558=CIRCLE('',#7126,1.);
#1559=CIRCLE('',#7128,0.15);
#1560=CIRCLE('',#7129,0.15);
#1561=CIRCLE('',#7131,1.);
#1562=CIRCLE('',#7132,1.);
#1563=CIRCLE('',#7134,0.555);
#1564=CIRCLE('',#7135,0.555);
#1565=CIRCLE('',#7137,18.8446093029326);
#1566=CIRCLE('',#7138,18.8446093029326);
#1567=CIRCLE('',#7140,18.8446093029326);
#1568=CIRCLE('',#7141,18.8446093029326);
#1569=CIRCLE('',#7143,0.15);
#1570=CIRCLE('',#7144,0.15);
#1571=CIRCLE('',#7146,1.);
#1572=CIRCLE('',#7147,1.);
#1573=CIRCLE('',#7149,0.15);
#1574=CIRCLE('',#7150,0.15);
#1575=CIRCLE('',#7152,1.);
#1576=CIRCLE('',#7153,1.);
#1577=CIRCLE('',#7155,0.555);
#1578=CIRCLE('',#7156,0.555);
#1579=CIRCLE('',#7158,18.8446093029326);
#1580=CIRCLE('',#7159,18.8446093029326);
#1581=CIRCLE('',#7161,0.15);
#1582=CIRCLE('',#7162,0.15);
#1583=CIRCLE('',#7164,1.);
#1584=CIRCLE('',#7165,1.);
#1585=CIRCLE('',#7167,0.15);
#1586=CIRCLE('',#7168,0.15);
#1587=CIRCLE('',#7170,1.);
#1588=CIRCLE('',#7171,1.);
#1589=CIRCLE('',#7173,0.555);
#1590=CIRCLE('',#7174,0.555);
#1591=CIRCLE('',#7176,18.8446093029326);
#1592=CIRCLE('',#7177,18.8446093029326);
#1593=CIRCLE('',#7179,0.15);
#1594=CIRCLE('',#7180,0.15);
#1595=CIRCLE('',#7182,1.);
#1596=CIRCLE('',#7183,1.);
#1597=CIRCLE('',#7185,0.15);
#1598=CIRCLE('',#7186,0.15);
#1599=CIRCLE('',#7188,1.);
#1600=CIRCLE('',#7189,1.);
#1601=CIRCLE('',#7191,0.555);
#1602=CIRCLE('',#7192,0.555);
#1603=CIRCLE('',#7194,18.8446093029326);
#1604=CIRCLE('',#7195,18.8446093029326);
#1605=CIRCLE('',#7197,0.15);
#1606=CIRCLE('',#7198,0.15);
#1607=CIRCLE('',#7200,1.);
#1608=CIRCLE('',#7201,1.);
#1609=CIRCLE('',#7203,0.15);
#1610=CIRCLE('',#7204,0.15);
#1611=CIRCLE('',#7206,1.);
#1612=CIRCLE('',#7207,1.);
#1613=CIRCLE('',#7209,0.555);
#1614=CIRCLE('',#7210,0.555);
#1615=CIRCLE('',#7212,18.8446093029326);
#1616=CIRCLE('',#7213,18.8446093029326);
#1617=CIRCLE('',#7215,0.15);
#1618=CIRCLE('',#7216,0.15);
#1619=CIRCLE('',#7218,1.);
#1620=CIRCLE('',#7219,1.);
#1621=CIRCLE('',#7221,0.15);
#1622=CIRCLE('',#7222,0.15);
#1623=CIRCLE('',#7224,1.);
#1624=CIRCLE('',#7225,1.);
#1625=CIRCLE('',#7227,0.555);
#1626=CIRCLE('',#7228,0.555);
#1627=CIRCLE('',#7230,18.8446093029326);
#1628=CIRCLE('',#7231,18.8446093029326);
#1629=CIRCLE('',#7233,0.15);
#1630=CIRCLE('',#7234,0.15);
#1631=CIRCLE('',#7236,1.);
#1632=CIRCLE('',#7237,1.);
#1633=CIRCLE('',#7239,0.15);
#1634=CIRCLE('',#7240,0.15);
#1635=CIRCLE('',#7242,1.);
#1636=CIRCLE('',#7243,1.);
#1637=CIRCLE('',#7245,0.555);
#1638=CIRCLE('',#7246,0.555);
#1639=CIRCLE('',#7248,18.8446093029326);
#1640=CIRCLE('',#7249,18.8446093029326);
#1641=CIRCLE('',#7251,0.15);
#1642=CIRCLE('',#7252,0.15);
#1643=CIRCLE('',#7254,1.);
#1644=CIRCLE('',#7255,1.);
#1645=CIRCLE('',#7257,0.15);
#1646=CIRCLE('',#7258,0.15);
#1647=CIRCLE('',#7260,1.);
#1648=CIRCLE('',#7261,1.);
#1649=CIRCLE('',#7263,0.555);
#1650=CIRCLE('',#7264,0.555);
#1651=CIRCLE('',#7266,18.8446093029326);
#1652=CIRCLE('',#7267,18.8446093029326);
#1653=CIRCLE('',#7269,0.15);
#1654=CIRCLE('',#7270,0.15);
#1655=CIRCLE('',#7272,1.);
#1656=CIRCLE('',#7273,1.);
#1657=CIRCLE('',#7275,0.15);
#1658=CIRCLE('',#7276,0.15);
#1659=CIRCLE('',#7278,1.);
#1660=CIRCLE('',#7279,1.);
#1661=CIRCLE('',#7281,0.555);
#1662=CIRCLE('',#7282,0.555);
#1663=CIRCLE('',#7284,18.8446093029326);
#1664=CIRCLE('',#7285,18.8446093029326);
#1665=CIRCLE('',#7287,0.15);
#1666=CIRCLE('',#7288,0.15);
#1667=CIRCLE('',#7290,1.);
#1668=CIRCLE('',#7291,1.);
#1669=CIRCLE('',#7293,0.15);
#1670=CIRCLE('',#7294,0.15);
#1671=CIRCLE('',#7296,1.);
#1672=CIRCLE('',#7297,1.);
#1673=CIRCLE('',#7299,0.555);
#1674=CIRCLE('',#7300,0.555);
#1675=CIRCLE('',#7302,18.8446093029326);
#1676=CIRCLE('',#7303,18.8446093029326);
#1677=CIRCLE('',#7305,0.15);
#1678=CIRCLE('',#7306,0.15);
#1679=CIRCLE('',#7308,1.);
#1680=CIRCLE('',#7309,1.);
#1681=CIRCLE('',#7311,0.15);
#1682=CIRCLE('',#7312,0.15);
#1683=CIRCLE('',#7314,1.);
#1684=CIRCLE('',#7315,1.);
#1685=CIRCLE('',#7317,0.555);
#1686=CIRCLE('',#7318,0.555);
#1687=CIRCLE('',#7320,18.8446093029326);
#1688=CIRCLE('',#7321,18.8446093029326);
#1689=CIRCLE('',#7323,0.15);
#1690=CIRCLE('',#7324,0.15);
#1691=CIRCLE('',#7326,1.);
#1692=CIRCLE('',#7327,1.);
#1693=CIRCLE('',#7329,0.15);
#1694=CIRCLE('',#7330,0.15);
#1695=CIRCLE('',#7332,1.);
#1696=CIRCLE('',#7333,1.);
#1697=CIRCLE('',#7335,0.555);
#1698=CIRCLE('',#7336,0.555);
#1699=CIRCLE('',#7338,18.8446093029326);
#1700=CIRCLE('',#7339,18.8446093029326);
#1701=CIRCLE('',#7341,0.15);
#1702=CIRCLE('',#7342,0.15);
#1703=CIRCLE('',#7344,1.);
#1704=CIRCLE('',#7345,1.);
#1705=CIRCLE('',#7347,0.15);
#1706=CIRCLE('',#7348,0.15);
#1707=CIRCLE('',#7350,1.);
#1708=CIRCLE('',#7351,1.);
#1709=CIRCLE('',#7353,0.555);
#1710=CIRCLE('',#7354,0.555);
#1711=CIRCLE('',#7356,18.8446093029326);
#1712=CIRCLE('',#7357,18.8446093029326);
#1713=CIRCLE('',#7359,0.15);
#1714=CIRCLE('',#7360,0.15);
#1715=CIRCLE('',#7362,1.);
#1716=CIRCLE('',#7363,1.);
#1717=CIRCLE('',#7365,0.15);
#1718=CIRCLE('',#7366,0.15);
#1719=CIRCLE('',#7368,1.);
#1720=CIRCLE('',#7369,1.);
#1721=CIRCLE('',#7371,0.555);
#1722=CIRCLE('',#7372,0.555);
#1723=CIRCLE('',#7374,18.8446093029326);
#1724=CIRCLE('',#7375,18.8446093029326);
#1725=CIRCLE('',#7377,0.15);
#1726=CIRCLE('',#7378,0.15);
#1727=CIRCLE('',#7380,1.);
#1728=CIRCLE('',#7381,1.);
#1729=CIRCLE('',#7383,0.15);
#1730=CIRCLE('',#7384,0.15);
#1731=CIRCLE('',#7386,1.);
#1732=CIRCLE('',#7387,1.);
#1733=CIRCLE('',#7389,0.555);
#1734=CIRCLE('',#7390,0.555);
#1735=CIRCLE('',#7392,18.8446093029326);
#1736=CIRCLE('',#7393,18.8446093029326);
#1737=CIRCLE('',#7395,0.15);
#1738=CIRCLE('',#7396,0.15);
#1739=CIRCLE('',#7398,1.);
#1740=CIRCLE('',#7399,1.);
#1741=CIRCLE('',#7401,0.15);
#1742=CIRCLE('',#7402,0.15);
#1743=CIRCLE('',#7404,1.);
#1744=CIRCLE('',#7405,1.);
#1745=CIRCLE('',#7407,0.555);
#1746=CIRCLE('',#7408,0.555);
#1747=CIRCLE('',#7410,18.8446093029326);
#1748=CIRCLE('',#7411,18.8446093029326);
#1749=CIRCLE('',#7413,0.15);
#1750=CIRCLE('',#7414,0.15);
#1751=CIRCLE('',#7416,1.);
#1752=CIRCLE('',#7417,1.);
#1753=CIRCLE('',#7419,0.15);
#1754=CIRCLE('',#7420,0.15);
#1755=CIRCLE('',#7422,1.);
#1756=CIRCLE('',#7423,1.);
#1757=CIRCLE('',#7425,0.555);
#1758=CIRCLE('',#7426,0.555);
#1759=CIRCLE('',#7428,18.8446093029326);
#1760=CIRCLE('',#7429,18.8446093029326);
#1761=CIRCLE('',#7431,0.15);
#1762=CIRCLE('',#7432,0.15);
#1763=CIRCLE('',#7434,1.);
#1764=CIRCLE('',#7435,1.);
#1765=CIRCLE('',#7437,0.15);
#1766=CIRCLE('',#7438,0.15);
#1767=CIRCLE('',#7440,1.);
#1768=CIRCLE('',#7441,1.);
#1769=CIRCLE('',#7443,0.555);
#1770=CIRCLE('',#7444,0.555);
#1771=CIRCLE('',#7446,18.8446093029326);
#1772=CIRCLE('',#7447,18.8446093029326);
#1773=CIRCLE('',#7449,0.15);
#1774=CIRCLE('',#7450,0.15);
#1775=CIRCLE('',#7452,1.);
#1776=CIRCLE('',#7453,1.);
#1777=CIRCLE('',#7455,0.15);
#1778=CIRCLE('',#7456,0.15);
#1779=CIRCLE('',#7458,1.);
#1780=CIRCLE('',#7459,1.);
#1781=CIRCLE('',#7461,0.555);
#1782=CIRCLE('',#7462,0.555);
#1783=CIRCLE('',#7464,18.8446093029326);
#1784=CIRCLE('',#7465,18.8446093029326);
#1785=CIRCLE('',#7467,0.15);
#1786=CIRCLE('',#7468,0.15);
#1787=CIRCLE('',#7470,1.);
#1788=CIRCLE('',#7471,1.);
#1789=CIRCLE('',#7473,0.15);
#1790=CIRCLE('',#7474,0.15);
#1791=CIRCLE('',#7476,1.);
#1792=CIRCLE('',#7477,1.);
#1793=CIRCLE('',#7479,0.555);
#1794=CIRCLE('',#7480,0.555);
#1795=CIRCLE('',#7482,18.8446093029326);
#1796=CIRCLE('',#7483,18.8446093029326);
#1797=CIRCLE('',#7485,0.15);
#1798=CIRCLE('',#7486,0.15);
#1799=CIRCLE('',#7488,1.);
#1800=CIRCLE('',#7489,1.);
#1801=CIRCLE('',#7491,0.15);
#1802=CIRCLE('',#7492,0.15);
#1803=CIRCLE('',#7494,1.);
#1804=CIRCLE('',#7495,1.);
#1805=CIRCLE('',#7497,0.555);
#1806=CIRCLE('',#7498,0.555);
#1807=CIRCLE('',#7500,18.8446093029326);
#1808=CIRCLE('',#7501,18.8446093029326);
#1809=CIRCLE('',#7503,0.15);
#1810=CIRCLE('',#7504,0.15);
#1811=CIRCLE('',#7506,1.);
#1812=CIRCLE('',#7507,1.);
#1813=CIRCLE('',#7509,0.15);
#1814=CIRCLE('',#7510,0.15);
#1815=CIRCLE('',#7512,1.);
#1816=CIRCLE('',#7513,1.);
#1817=CIRCLE('',#7515,0.555);
#1818=CIRCLE('',#7516,0.555);
#1819=CIRCLE('',#7518,18.8446093029326);
#1820=CIRCLE('',#7519,18.8446093029326);
#1821=CIRCLE('',#7521,0.15);
#1822=CIRCLE('',#7522,0.15);
#1823=CIRCLE('',#7524,1.);
#1824=CIRCLE('',#7525,1.);
#1825=CIRCLE('',#7527,0.15);
#1826=CIRCLE('',#7528,0.15);
#1827=CIRCLE('',#7530,1.);
#1828=CIRCLE('',#7531,1.);
#1829=CIRCLE('',#7533,0.555);
#1830=CIRCLE('',#7534,0.555);
#1831=CIRCLE('',#7536,18.8446093029326);
#1832=CIRCLE('',#7537,18.8446093029326);
#1833=CIRCLE('',#7539,0.15);
#1834=CIRCLE('',#7540,0.15);
#1835=CIRCLE('',#7542,1.);
#1836=CIRCLE('',#7543,1.);
#1837=CIRCLE('',#7545,0.15);
#1838=CIRCLE('',#7546,0.15);
#1839=CIRCLE('',#7548,1.);
#1840=CIRCLE('',#7549,1.);
#1841=CIRCLE('',#7551,0.555);
#1842=CIRCLE('',#7552,0.555);
#1843=CIRCLE('',#7554,18.8446093029326);
#1844=CIRCLE('',#7555,18.8446093029326);
#1845=CIRCLE('',#7557,0.15);
#1846=CIRCLE('',#7558,0.15);
#1847=CIRCLE('',#7560,1.);
#1848=CIRCLE('',#7561,1.);
#1849=CIRCLE('',#7563,0.15);
#1850=CIRCLE('',#7564,0.15);
#1851=CIRCLE('',#7566,1.);
#1852=CIRCLE('',#7567,1.);
#1853=CIRCLE('',#7569,0.555);
#1854=CIRCLE('',#7570,0.555);
#1855=CIRCLE('',#7572,18.8446093029326);
#1856=CIRCLE('',#7573,18.8446093029326);
#1857=CIRCLE('',#7575,0.15);
#1858=CIRCLE('',#7576,0.15);
#1859=CIRCLE('',#7578,1.);
#1860=CIRCLE('',#7579,1.);
#1861=CIRCLE('',#7581,0.15);
#1862=CIRCLE('',#7582,0.15);
#1863=CIRCLE('',#7584,1.);
#1864=CIRCLE('',#7585,1.);
#1865=CIRCLE('',#7587,0.555);
#1866=CIRCLE('',#7588,0.555);
#1867=CIRCLE('',#7590,18.8446093029326);
#1868=CIRCLE('',#7591,18.8446093029326);
#1869=CIRCLE('',#7593,0.15);
#1870=CIRCLE('',#7594,0.15);
#1871=CIRCLE('',#7596,1.);
#1872=CIRCLE('',#7597,1.);
#1873=CIRCLE('',#7599,0.15);
#1874=CIRCLE('',#7600,0.15);
#1875=CIRCLE('',#7602,1.);
#1876=CIRCLE('',#7603,1.);
#1877=CIRCLE('',#7605,0.555);
#1878=CIRCLE('',#7606,0.555);
#1879=CIRCLE('',#7608,18.8446093029326);
#1880=CIRCLE('',#7609,18.8446093029326);
#1881=CIRCLE('',#7611,0.15);
#1882=CIRCLE('',#7612,0.15);
#1883=CIRCLE('',#7614,1.);
#1884=CIRCLE('',#7615,1.);
#1885=CIRCLE('',#7617,0.15);
#1886=CIRCLE('',#7618,0.15);
#1887=CIRCLE('',#7620,1.);
#1888=CIRCLE('',#7621,1.);
#1889=CIRCLE('',#7623,0.555);
#1890=CIRCLE('',#7624,0.555);
#1891=CIRCLE('',#7626,18.8446093029326);
#1892=CIRCLE('',#7627,18.8446093029326);
#1893=CIRCLE('',#7629,0.15);
#1894=CIRCLE('',#7630,0.15);
#1895=CIRCLE('',#7632,1.);
#1896=CIRCLE('',#7633,1.);
#1897=CIRCLE('',#7635,0.15);
#1898=CIRCLE('',#7636,0.15);
#1899=CIRCLE('',#7638,1.);
#1900=CIRCLE('',#7639,1.);
#1901=CIRCLE('',#7641,0.555);
#1902=CIRCLE('',#7642,0.555);
#1903=CIRCLE('',#7644,18.8446093029326);
#1904=CIRCLE('',#7645,18.8446093029326);
#1905=CIRCLE('',#7647,0.15);
#1906=CIRCLE('',#7648,0.15);
#1907=CIRCLE('',#7650,1.);
#1908=CIRCLE('',#7651,1.);
#1909=CIRCLE('',#7653,0.15);
#1910=CIRCLE('',#7654,0.15);
#1911=CIRCLE('',#7656,1.);
#1912=CIRCLE('',#7657,1.);
#1913=CIRCLE('',#7659,0.555);
#1914=CIRCLE('',#7660,0.555);
#1915=CIRCLE('',#7662,18.8446093029326);
#1916=CIRCLE('',#7663,18.8446093029326);
#1917=CIRCLE('',#7665,0.15);
#1918=CIRCLE('',#7666,0.15);
#1919=CIRCLE('',#7668,1.);
#1920=CIRCLE('',#7669,1.);
#1921=CIRCLE('',#7671,0.15);
#1922=CIRCLE('',#7672,0.15);
#1923=CIRCLE('',#7674,1.);
#1924=CIRCLE('',#7675,1.);
#1925=CIRCLE('',#7677,0.555);
#1926=CIRCLE('',#7678,0.555);
#1927=CIRCLE('',#7680,18.8446093029326);
#1928=CIRCLE('',#7681,18.8446093029326);
#1929=CIRCLE('',#7683,0.15);
#1930=CIRCLE('',#7684,0.15);
#1931=CIRCLE('',#7686,1.);
#1932=CIRCLE('',#7687,1.);
#1933=CIRCLE('',#7689,0.15);
#1934=CIRCLE('',#7690,0.15);
#1935=CIRCLE('',#7692,1.);
#1936=CIRCLE('',#7693,1.);
#1937=CIRCLE('',#7695,0.555);
#1938=CIRCLE('',#7696,0.555);
#1939=CIRCLE('',#7698,18.8446093029326);
#1940=CIRCLE('',#7699,18.8446093029326);
#1941=CIRCLE('',#7701,0.15);
#1942=CIRCLE('',#7702,0.15);
#1943=CIRCLE('',#7704,1.);
#1944=CIRCLE('',#7705,1.);
#1945=CIRCLE('',#7707,0.15);
#1946=CIRCLE('',#7708,0.15);
#1947=CIRCLE('',#7710,1.);
#1948=CIRCLE('',#7711,1.);
#1949=CIRCLE('',#7713,0.555);
#1950=CIRCLE('',#7714,0.555);
#1951=CIRCLE('',#7716,18.8446093029326);
#1952=CIRCLE('',#7717,18.8446093029326);
#1953=CIRCLE('',#7719,0.15);
#1954=CIRCLE('',#7720,0.15);
#1955=CIRCLE('',#7722,1.);
#1956=CIRCLE('',#7723,1.);
#1957=CIRCLE('',#7725,0.15);
#1958=CIRCLE('',#7726,0.15);
#1959=CIRCLE('',#7728,1.);
#1960=CIRCLE('',#7729,1.);
#1961=CIRCLE('',#7731,0.555);
#1962=CIRCLE('',#7732,0.555);
#1963=CIRCLE('',#7734,18.8446093029326);
#1964=CIRCLE('',#7735,18.8446093029326);
#1965=CIRCLE('',#7737,0.15);
#1966=CIRCLE('',#7738,0.15);
#1967=CIRCLE('',#7740,1.);
#1968=CIRCLE('',#7741,1.);
#1969=CIRCLE('',#7743,0.15);
#1970=CIRCLE('',#7744,0.15);
#1971=CIRCLE('',#7746,1.);
#1972=CIRCLE('',#7747,1.);
#1973=CIRCLE('',#7749,0.555);
#1974=CIRCLE('',#7750,0.555);
#1975=CIRCLE('',#7752,18.8446093029326);
#1976=CIRCLE('',#7753,18.8446093029326);
#1977=CIRCLE('',#7755,0.15);
#1978=CIRCLE('',#7756,0.15);
#1979=CIRCLE('',#7758,1.);
#1980=CIRCLE('',#7759,1.);
#1981=CIRCLE('',#7761,0.15);
#1982=CIRCLE('',#7762,0.15);
#1983=CIRCLE('',#7764,1.);
#1984=CIRCLE('',#7765,1.);
#1985=CIRCLE('',#7767,0.555);
#1986=CIRCLE('',#7768,0.555);
#1987=CIRCLE('',#7770,18.8446093029326);
#1988=CIRCLE('',#7771,18.8446093029326);
#1989=CIRCLE('',#7773,0.15);
#1990=CIRCLE('',#7774,0.15);
#1991=CIRCLE('',#7776,1.);
#1992=CIRCLE('',#7777,1.);
#1993=CIRCLE('',#7779,0.15);
#1994=CIRCLE('',#7780,0.15);
#1995=CIRCLE('',#7782,1.);
#1996=CIRCLE('',#7783,1.);
#1997=CIRCLE('',#7785,0.555);
#1998=CIRCLE('',#7786,0.555);
#1999=CIRCLE('',#7788,18.8446093029326);
#2000=CIRCLE('',#7789,18.8446093029326);
#2001=CIRCLE('',#7791,0.15);
#2002=CIRCLE('',#7792,0.15);
#2003=CIRCLE('',#7794,1.);
#2004=CIRCLE('',#7795,1.);
#2005=CIRCLE('',#7797,0.15);
#2006=CIRCLE('',#7798,0.15);
#2007=CIRCLE('',#7800,1.);
#2008=CIRCLE('',#7801,1.);
#2009=CIRCLE('',#7803,0.555);
#2010=CIRCLE('',#7804,0.555);
#2011=CIRCLE('',#7806,18.8446093029326);
#2012=CIRCLE('',#7807,18.8446093029326);
#2013=CIRCLE('',#7809,0.15);
#2014=CIRCLE('',#7810,0.15);
#2015=CIRCLE('',#7812,1.);
#2016=CIRCLE('',#7813,1.);
#2017=CIRCLE('',#7815,0.15);
#2018=CIRCLE('',#7816,0.15);
#2019=CIRCLE('',#7818,1.);
#2020=CIRCLE('',#7819,1.);
#2021=CIRCLE('',#7821,0.555);
#2022=CIRCLE('',#7822,0.555);
#2023=CIRCLE('',#7824,18.8446093029326);
#2024=CIRCLE('',#7825,18.8446093029326);
#2025=CIRCLE('',#7827,0.15);
#2026=CIRCLE('',#7828,0.15);
#2027=CIRCLE('',#7830,1.);
#2028=CIRCLE('',#7831,1.);
#2029=CIRCLE('',#7833,0.15);
#2030=CIRCLE('',#7834,0.15);
#2031=CIRCLE('',#7836,1.);
#2032=CIRCLE('',#7837,1.);
#2033=CIRCLE('',#7839,0.555);
#2034=CIRCLE('',#7840,0.555);
#2035=CIRCLE('',#7842,18.8446093029326);
#2036=CIRCLE('',#7843,18.8446093029326);
#2037=CIRCLE('',#7845,0.15);
#2038=CIRCLE('',#7846,0.15);
#2039=CIRCLE('',#7848,1.);
#2040=CIRCLE('',#7849,1.);
#2041=CIRCLE('',#7851,0.15);
#2042=CIRCLE('',#7852,0.15);
#2043=CIRCLE('',#7854,1.);
#2044=CIRCLE('',#7855,1.);
#2045=CIRCLE('',#7857,0.555);
#2046=CIRCLE('',#7858,0.555);
#2047=CIRCLE('',#7860,18.8446093029326);
#2048=CIRCLE('',#7861,18.8446093029326);
#2049=CIRCLE('',#7863,0.15);
#2050=CIRCLE('',#7864,0.15);
#2051=CIRCLE('',#7866,1.);
#2052=CIRCLE('',#7867,1.);
#2053=CIRCLE('',#7869,0.15);
#2054=CIRCLE('',#7870,0.15);
#2055=CIRCLE('',#7872,1.);
#2056=CIRCLE('',#7873,1.);
#2057=CIRCLE('',#7875,0.555);
#2058=CIRCLE('',#7876,0.555);
#2059=CIRCLE('',#7878,18.8446093029326);
#2060=CIRCLE('',#7879,18.8446093029326);
#2061=CIRCLE('',#7881,0.15);
#2062=CIRCLE('',#7882,0.15);
#2063=CIRCLE('',#7884,1.);
#2064=CIRCLE('',#7885,1.);
#2065=CIRCLE('',#7887,0.15);
#2066=CIRCLE('',#7888,0.15);
#2067=CIRCLE('',#7890,1.);
#2068=CIRCLE('',#7891,1.);
#2069=CIRCLE('',#7893,0.555);
#2070=CIRCLE('',#7894,0.555);
#2071=CIRCLE('',#7896,18.8446093029326);
#2072=CIRCLE('',#7897,18.8446093029326);
#2073=CIRCLE('',#7899,0.15);
#2074=CIRCLE('',#7900,0.15);
#2075=CIRCLE('',#7902,1.);
#2076=CIRCLE('',#7903,1.);
#2077=CIRCLE('',#7905,0.15);
#2078=CIRCLE('',#7906,0.15);
#2079=CIRCLE('',#7908,1.);
#2080=CIRCLE('',#7909,1.);
#2081=CIRCLE('',#7911,0.555);
#2082=CIRCLE('',#7912,0.555);
#2083=CIRCLE('',#7914,18.8446093029326);
#2084=CIRCLE('',#7915,18.8446093029326);
#2085=CIRCLE('',#7917,0.15);
#2086=CIRCLE('',#7918,0.15);
#2087=CIRCLE('',#7920,1.);
#2088=CIRCLE('',#7921,1.);
#2089=CIRCLE('',#7923,0.15);
#2090=CIRCLE('',#7924,0.15);
#2091=CIRCLE('',#7926,1.);
#2092=CIRCLE('',#7927,1.);
#2093=CIRCLE('',#7929,0.555);
#2094=CIRCLE('',#7930,0.555);
#2095=CIRCLE('',#7932,18.8446093029326);
#2096=CIRCLE('',#7933,18.8446093029326);
#2097=CIRCLE('',#7935,0.15);
#2098=CIRCLE('',#7936,0.15);
#2099=CIRCLE('',#7938,1.);
#2100=CIRCLE('',#7939,1.);
#2101=CIRCLE('',#7941,0.15);
#2102=CIRCLE('',#7942,0.15);
#2103=CIRCLE('',#7944,1.);
#2104=CIRCLE('',#7945,1.);
#2105=CIRCLE('',#7947,0.555);
#2106=CIRCLE('',#7948,0.555);
#2107=CIRCLE('',#7950,18.8446093029326);
#2108=CIRCLE('',#7951,18.8446093029326);
#2109=CIRCLE('',#7953,0.15);
#2110=CIRCLE('',#7954,0.15);
#2111=CIRCLE('',#7956,1.);
#2112=CIRCLE('',#7957,1.);
#2113=CIRCLE('',#7959,0.15);
#2114=CIRCLE('',#7960,0.15);
#2115=CIRCLE('',#7962,1.);
#2116=CIRCLE('',#7963,1.);
#2117=CIRCLE('',#7965,0.555);
#2118=CIRCLE('',#7966,0.555);
#2119=CIRCLE('',#7968,18.8446093029326);
#2120=CIRCLE('',#7969,18.8446093029326);
#2121=CIRCLE('',#7971,0.15);
#2122=CIRCLE('',#7972,0.15);
#2123=CIRCLE('',#7974,1.);
#2124=CIRCLE('',#7975,1.);
#2125=CIRCLE('',#7977,0.15);
#2126=CIRCLE('',#7978,0.15);
#2127=CIRCLE('',#7980,1.);
#2128=CIRCLE('',#7981,1.);
#2129=CIRCLE('',#7983,0.555);
#2130=CIRCLE('',#7984,0.555);
#2131=CIRCLE('',#7986,18.8446093029326);
#2132=CIRCLE('',#7987,18.8446093029326);
#2133=CIRCLE('',#7989,0.15);
#2134=CIRCLE('',#7990,0.15);
#2135=CIRCLE('',#7992,1.);
#2136=CIRCLE('',#7993,1.);
#2137=CIRCLE('',#7995,0.15);
#2138=CIRCLE('',#7996,0.15);
#2139=CIRCLE('',#7998,1.);
#2140=CIRCLE('',#7999,1.);
#2141=CIRCLE('',#8001,0.555);
#2142=CIRCLE('',#8002,0.555);
#2143=CIRCLE('',#8004,18.8446093029326);
#2144=CIRCLE('',#8005,18.8446093029326);
#2145=CIRCLE('',#8007,0.15);
#2146=CIRCLE('',#8008,0.15);
#2147=CIRCLE('',#8010,1.);
#2148=CIRCLE('',#8011,1.);
#2149=CIRCLE('',#8013,0.15);
#2150=CIRCLE('',#8014,0.15);
#2151=CIRCLE('',#8016,1.);
#2152=CIRCLE('',#8017,1.);
#2153=CIRCLE('',#8019,0.555);
#2154=CIRCLE('',#8020,0.555);
#2155=CIRCLE('',#8022,18.8446093029326);
#2156=CIRCLE('',#8023,18.8446093029326);
#2157=CIRCLE('',#8025,0.15);
#2158=CIRCLE('',#8026,0.15);
#2159=CIRCLE('',#8028,1.);
#2160=CIRCLE('',#8029,1.);
#2161=CIRCLE('',#8031,0.15);
#2162=CIRCLE('',#8032,0.15);
#2163=CIRCLE('',#8034,1.);
#2164=CIRCLE('',#8035,1.);
#2165=CIRCLE('',#8037,0.555);
#2166=CIRCLE('',#8038,0.555);
#2167=CIRCLE('',#8040,18.8446093029326);
#2168=CIRCLE('',#8041,18.8446093029326);
#2169=CIRCLE('',#8043,0.15);
#2170=CIRCLE('',#8044,0.15);
#2171=CIRCLE('',#8046,1.);
#2172=CIRCLE('',#8047,1.);
#2173=CIRCLE('',#8049,0.15);
#2174=CIRCLE('',#8050,0.15);
#2175=CIRCLE('',#8052,1.);
#2176=CIRCLE('',#8053,1.);
#2177=CIRCLE('',#8055,0.555);
#2178=CIRCLE('',#8056,0.555);
#2179=CIRCLE('',#8058,18.8446093029326);
#2180=CIRCLE('',#8059,18.8446093029326);
#2181=CIRCLE('',#8061,0.15);
#2182=CIRCLE('',#8062,0.15);
#2183=CIRCLE('',#8064,1.);
#2184=CIRCLE('',#8065,1.);
#2185=CIRCLE('',#8067,0.15);
#2186=CIRCLE('',#8068,0.15);
#2187=CIRCLE('',#8070,1.);
#2188=CIRCLE('',#8071,1.);
#2189=CIRCLE('',#8073,0.555);
#2190=CIRCLE('',#8074,0.555);
#2191=CIRCLE('',#8076,18.8446093029326);
#2192=CIRCLE('',#8077,18.8446093029326);
#2193=CIRCLE('',#8079,0.15);
#2194=CIRCLE('',#8080,0.15);
#2195=CIRCLE('',#8082,1.);
#2196=CIRCLE('',#8083,1.);
#2197=CIRCLE('',#8085,0.15);
#2198=CIRCLE('',#8086,0.15);
#2199=CIRCLE('',#8088,1.);
#2200=CIRCLE('',#8089,1.);
#2201=CIRCLE('',#8091,0.555);
#2202=CIRCLE('',#8092,0.555);
#2203=CIRCLE('',#8094,18.8446093029326);
#2204=CIRCLE('',#8095,18.8446093029326);
#2205=CIRCLE('',#8097,0.15);
#2206=CIRCLE('',#8098,0.15);
#2207=CIRCLE('',#8100,1.);
#2208=CIRCLE('',#8101,1.);
#2209=CIRCLE('',#8103,0.15);
#2210=CIRCLE('',#8104,0.15);
#2211=CIRCLE('',#8106,1.);
#2212=CIRCLE('',#8107,1.);
#2213=CIRCLE('',#8109,0.555);
#2214=CIRCLE('',#8110,0.555);
#2215=CIRCLE('',#8112,18.8446093029326);
#2216=CIRCLE('',#8113,18.8446093029326);
#2217=CIRCLE('',#8115,0.15);
#2218=CIRCLE('',#8116,0.15);
#2219=CIRCLE('',#8118,1.);
#2220=CIRCLE('',#8119,1.);
#2221=CIRCLE('',#8121,0.15);
#2222=CIRCLE('',#8122,0.15);
#2223=CIRCLE('',#8124,1.);
#2224=CIRCLE('',#8125,1.);
#2225=CIRCLE('',#8127,0.555);
#2226=CIRCLE('',#8128,0.555);
#2227=CIRCLE('',#8130,18.8446093029326);
#2228=CIRCLE('',#8131,18.8446093029326);
#2229=CIRCLE('',#8133,0.15);
#2230=CIRCLE('',#8134,0.15);
#2231=CIRCLE('',#8136,1.);
#2232=CIRCLE('',#8137,1.);
#2233=CIRCLE('',#8139,0.15);
#2234=CIRCLE('',#8140,0.15);
#2235=CIRCLE('',#8142,1.);
#2236=CIRCLE('',#8143,1.);
#2237=CIRCLE('',#8145,0.555);
#2238=CIRCLE('',#8146,0.555);
#2239=CIRCLE('',#8148,18.8446093029326);
#2240=CIRCLE('',#8149,18.8446093029326);
#2241=CIRCLE('',#8151,0.15);
#2242=CIRCLE('',#8152,0.15);
#2243=CIRCLE('',#8154,1.);
#2244=CIRCLE('',#8155,1.);
#2245=CIRCLE('',#8157,0.15);
#2246=CIRCLE('',#8158,0.15);
#2247=CIRCLE('',#8160,1.);
#2248=CIRCLE('',#8161,1.);
#2249=CIRCLE('',#8163,0.555);
#2250=CIRCLE('',#8164,0.555);
#2251=CIRCLE('',#8166,18.8446093029326);
#2252=CIRCLE('',#8167,18.8446093029326);
#2253=CIRCLE('',#8169,0.15);
#2254=CIRCLE('',#8170,0.15);
#2255=CIRCLE('',#8172,1.);
#2256=CIRCLE('',#8173,1.);
#2257=CIRCLE('',#8175,0.15);
#2258=CIRCLE('',#8176,0.15);
#2259=CIRCLE('',#8178,1.);
#2260=CIRCLE('',#8179,1.);
#2261=CIRCLE('',#8181,0.555);
#2262=CIRCLE('',#8182,0.555);
#2263=CIRCLE('',#8184,18.8446093029326);
#2264=CIRCLE('',#8185,18.8446093029326);
#2265=CIRCLE('',#8187,0.15);
#2266=CIRCLE('',#8188,0.15);
#2267=CIRCLE('',#8190,0.15);
#2268=CIRCLE('',#8191,0.15);
#2269=CIRCLE('',#8193,1.);
#2270=CIRCLE('',#8194,1.);
#2271=CIRCLE('',#8196,1.);
#2272=CIRCLE('',#8197,1.);
#2273=CIRCLE('',#8199,0.555);
#2274=CIRCLE('',#8200,0.555);
#2275=CIRCLE('',#8203,4.);
#2276=CIRCLE('',#8204,4.3);
#2277=CIRCLE('',#8206,4.);
#2278=CIRCLE('',#8209,12.2);
#2279=CIRCLE('',#8210,12.5);
#2280=CIRCLE('',#8212,4.3);
#2281=CIRCLE('',#8214,12.5);
#2282=CIRCLE('',#8217,21.8);
#2283=CIRCLE('',#8219,21.8);
#2284=CIRCLE('',#8221,4.);
#2285=CIRCLE('',#8224,4.);
#2286=CIRCLE('',#8225,4.2);
#2287=CIRCLE('',#8228,21.8);
#2288=CIRCLE('',#8230,21.8);
#2289=VERTEX_POINT('',#10836);
#2290=VERTEX_POINT('',#10837);
#2291=VERTEX_POINT('',#10839);
#2292=VERTEX_POINT('',#10841);
#2293=VERTEX_POINT('',#10845);
#2294=VERTEX_POINT('',#10847);
#2295=VERTEX_POINT('',#10851);
#2296=VERTEX_POINT('',#10852);
#2297=VERTEX_POINT('',#10854);
#2298=VERTEX_POINT('',#10856);
#2299=VERTEX_POINT('',#10860);
#2300=VERTEX_POINT('',#10862);
#2301=VERTEX_POINT('',#10869);
#2302=VERTEX_POINT('',#10871);
#2303=VERTEX_POINT('',#10875);
#2304=VERTEX_POINT('',#10877);
#2305=VERTEX_POINT('',#10881);
#2306=VERTEX_POINT('',#10883);
#2307=VERTEX_POINT('',#10887);
#2308=VERTEX_POINT('',#10889);
#2309=VERTEX_POINT('',#10893);
#2310=VERTEX_POINT('',#10894);
#2311=VERTEX_POINT('',#10896);
#2312=VERTEX_POINT('',#10898);
#2313=VERTEX_POINT('',#10902);
#2314=VERTEX_POINT('',#10904);
#2315=VERTEX_POINT('',#10911);
#2316=VERTEX_POINT('',#10913);
#2317=VERTEX_POINT('',#10917);
#2318=VERTEX_POINT('',#10919);
#2319=VERTEX_POINT('',#10923);
#2320=VERTEX_POINT('',#10925);
#2321=VERTEX_POINT('',#10929);
#2322=VERTEX_POINT('',#10930);
#2323=VERTEX_POINT('',#10932);
#2324=VERTEX_POINT('',#10934);
#2325=VERTEX_POINT('',#10938);
#2326=VERTEX_POINT('',#10940);
#2327=VERTEX_POINT('',#10947);
#2328=VERTEX_POINT('',#10949);
#2329=VERTEX_POINT('',#10953);
#2330=VERTEX_POINT('',#10955);
#2331=VERTEX_POINT('',#10959);
#2332=VERTEX_POINT('',#10961);
#2333=VERTEX_POINT('',#10965);
#2334=VERTEX_POINT('',#10966);
#2335=VERTEX_POINT('',#10968);
#2336=VERTEX_POINT('',#10970);
#2337=VERTEX_POINT('',#10974);
#2338=VERTEX_POINT('',#10976);
#2339=VERTEX_POINT('',#10983);
#2340=VERTEX_POINT('',#10985);
#2341=VERTEX_POINT('',#10989);
#2342=VERTEX_POINT('',#10991);
#2343=VERTEX_POINT('',#10995);
#2344=VERTEX_POINT('',#10997);
#2345=VERTEX_POINT('',#11001);
#2346=VERTEX_POINT('',#11002);
#2347=VERTEX_POINT('',#11004);
#2348=VERTEX_POINT('',#11006);
#2349=VERTEX_POINT('',#11010);
#2350=VERTEX_POINT('',#11012);
#2351=VERTEX_POINT('',#11019);
#2352=VERTEX_POINT('',#11021);
#2353=VERTEX_POINT('',#11025);
#2354=VERTEX_POINT('',#11027);
#2355=VERTEX_POINT('',#11031);
#2356=VERTEX_POINT('',#11033);
#2357=VERTEX_POINT('',#11037);
#2358=VERTEX_POINT('',#11038);
#2359=VERTEX_POINT('',#11040);
#2360=VERTEX_POINT('',#11042);
#2361=VERTEX_POINT('',#11046);
#2362=VERTEX_POINT('',#11048);
#2363=VERTEX_POINT('',#11055);
#2364=VERTEX_POINT('',#11057);
#2365=VERTEX_POINT('',#11061);
#2366=VERTEX_POINT('',#11063);
#2367=VERTEX_POINT('',#11067);
#2368=VERTEX_POINT('',#11069);
#2369=VERTEX_POINT('',#11073);
#2370=VERTEX_POINT('',#11074);
#2371=VERTEX_POINT('',#11076);
#2372=VERTEX_POINT('',#11078);
#2373=VERTEX_POINT('',#11082);
#2374=VERTEX_POINT('',#11084);
#2375=VERTEX_POINT('',#11091);
#2376=VERTEX_POINT('',#11093);
#2377=VERTEX_POINT('',#11097);
#2378=VERTEX_POINT('',#11099);
#2379=VERTEX_POINT('',#11103);
#2380=VERTEX_POINT('',#11105);
#2381=VERTEX_POINT('',#11109);
#2382=VERTEX_POINT('',#11110);
#2383=VERTEX_POINT('',#11112);
#2384=VERTEX_POINT('',#11114);
#2385=VERTEX_POINT('',#11118);
#2386=VERTEX_POINT('',#11120);
#2387=VERTEX_POINT('',#11127);
#2388=VERTEX_POINT('',#11129);
#2389=VERTEX_POINT('',#11133);
#2390=VERTEX_POINT('',#11135);
#2391=VERTEX_POINT('',#11139);
#2392=VERTEX_POINT('',#11141);
#2393=VERTEX_POINT('',#11145);
#2394=VERTEX_POINT('',#11146);
#2395=VERTEX_POINT('',#11148);
#2396=VERTEX_POINT('',#11150);
#2397=VERTEX_POINT('',#11154);
#2398=VERTEX_POINT('',#11156);
#2399=VERTEX_POINT('',#11163);
#2400=VERTEX_POINT('',#11165);
#2401=VERTEX_POINT('',#11169);
#2402=VERTEX_POINT('',#11171);
#2403=VERTEX_POINT('',#11175);
#2404=VERTEX_POINT('',#11177);
#2405=VERTEX_POINT('',#11181);
#2406=VERTEX_POINT('',#11182);
#2407=VERTEX_POINT('',#11184);
#2408=VERTEX_POINT('',#11186);
#2409=VERTEX_POINT('',#11190);
#2410=VERTEX_POINT('',#11192);
#2411=VERTEX_POINT('',#11199);
#2412=VERTEX_POINT('',#11201);
#2413=VERTEX_POINT('',#11205);
#2414=VERTEX_POINT('',#11207);
#2415=VERTEX_POINT('',#11211);
#2416=VERTEX_POINT('',#11213);
#2417=VERTEX_POINT('',#11217);
#2418=VERTEX_POINT('',#11218);
#2419=VERTEX_POINT('',#11220);
#2420=VERTEX_POINT('',#11222);
#2421=VERTEX_POINT('',#11226);
#2422=VERTEX_POINT('',#11228);
#2423=VERTEX_POINT('',#11235);
#2424=VERTEX_POINT('',#11237);
#2425=VERTEX_POINT('',#11241);
#2426=VERTEX_POINT('',#11243);
#2427=VERTEX_POINT('',#11247);
#2428=VERTEX_POINT('',#11249);
#2429=VERTEX_POINT('',#11253);
#2430=VERTEX_POINT('',#11254);
#2431=VERTEX_POINT('',#11256);
#2432=VERTEX_POINT('',#11258);
#2433=VERTEX_POINT('',#11262);
#2434=VERTEX_POINT('',#11264);
#2435=VERTEX_POINT('',#11271);
#2436=VERTEX_POINT('',#11273);
#2437=VERTEX_POINT('',#11277);
#2438=VERTEX_POINT('',#11279);
#2439=VERTEX_POINT('',#11283);
#2440=VERTEX_POINT('',#11285);
#2441=VERTEX_POINT('',#11289);
#2442=VERTEX_POINT('',#11290);
#2443=VERTEX_POINT('',#11292);
#2444=VERTEX_POINT('',#11294);
#2445=VERTEX_POINT('',#11298);
#2446=VERTEX_POINT('',#11300);
#2447=VERTEX_POINT('',#11307);
#2448=VERTEX_POINT('',#11309);
#2449=VERTEX_POINT('',#11313);
#2450=VERTEX_POINT('',#11315);
#2451=VERTEX_POINT('',#11319);
#2452=VERTEX_POINT('',#11321);
#2453=VERTEX_POINT('',#11325);
#2454=VERTEX_POINT('',#11326);
#2455=VERTEX_POINT('',#11328);
#2456=VERTEX_POINT('',#11330);
#2457=VERTEX_POINT('',#11334);
#2458=VERTEX_POINT('',#11336);
#2459=VERTEX_POINT('',#11343);
#2460=VERTEX_POINT('',#11345);
#2461=VERTEX_POINT('',#11349);
#2462=VERTEX_POINT('',#11351);
#2463=VERTEX_POINT('',#11355);
#2464=VERTEX_POINT('',#11357);
#2465=VERTEX_POINT('',#11361);
#2466=VERTEX_POINT('',#11362);
#2467=VERTEX_POINT('',#11364);
#2468=VERTEX_POINT('',#11366);
#2469=VERTEX_POINT('',#11370);
#2470=VERTEX_POINT('',#11372);
#2471=VERTEX_POINT('',#11379);
#2472=VERTEX_POINT('',#11381);
#2473=VERTEX_POINT('',#11385);
#2474=VERTEX_POINT('',#11387);
#2475=VERTEX_POINT('',#11391);
#2476=VERTEX_POINT('',#11393);
#2477=VERTEX_POINT('',#11397);
#2478=VERTEX_POINT('',#11398);
#2479=VERTEX_POINT('',#11400);
#2480=VERTEX_POINT('',#11402);
#2481=VERTEX_POINT('',#11406);
#2482=VERTEX_POINT('',#11408);
#2483=VERTEX_POINT('',#11415);
#2484=VERTEX_POINT('',#11417);
#2485=VERTEX_POINT('',#11421);
#2486=VERTEX_POINT('',#11423);
#2487=VERTEX_POINT('',#11427);
#2488=VERTEX_POINT('',#11429);
#2489=VERTEX_POINT('',#11433);
#2490=VERTEX_POINT('',#11434);
#2491=VERTEX_POINT('',#11436);
#2492=VERTEX_POINT('',#11438);
#2493=VERTEX_POINT('',#11442);
#2494=VERTEX_POINT('',#11444);
#2495=VERTEX_POINT('',#11451);
#2496=VERTEX_POINT('',#11453);
#2497=VERTEX_POINT('',#11457);
#2498=VERTEX_POINT('',#11459);
#2499=VERTEX_POINT('',#11463);
#2500=VERTEX_POINT('',#11465);
#2501=VERTEX_POINT('',#11469);
#2502=VERTEX_POINT('',#11470);
#2503=VERTEX_POINT('',#11472);
#2504=VERTEX_POINT('',#11474);
#2505=VERTEX_POINT('',#11478);
#2506=VERTEX_POINT('',#11480);
#2507=VERTEX_POINT('',#11487);
#2508=VERTEX_POINT('',#11489);
#2509=VERTEX_POINT('',#11493);
#2510=VERTEX_POINT('',#11495);
#2511=VERTEX_POINT('',#11499);
#2512=VERTEX_POINT('',#11501);
#2513=VERTEX_POINT('',#11505);
#2514=VERTEX_POINT('',#11506);
#2515=VERTEX_POINT('',#11508);
#2516=VERTEX_POINT('',#11510);
#2517=VERTEX_POINT('',#11514);
#2518=VERTEX_POINT('',#11516);
#2519=VERTEX_POINT('',#11523);
#2520=VERTEX_POINT('',#11525);
#2521=VERTEX_POINT('',#11529);
#2522=VERTEX_POINT('',#11531);
#2523=VERTEX_POINT('',#11535);
#2524=VERTEX_POINT('',#11537);
#2525=VERTEX_POINT('',#11541);
#2526=VERTEX_POINT('',#11542);
#2527=VERTEX_POINT('',#11544);
#2528=VERTEX_POINT('',#11546);
#2529=VERTEX_POINT('',#11550);
#2530=VERTEX_POINT('',#11552);
#2531=VERTEX_POINT('',#11559);
#2532=VERTEX_POINT('',#11561);
#2533=VERTEX_POINT('',#11565);
#2534=VERTEX_POINT('',#11567);
#2535=VERTEX_POINT('',#11571);
#2536=VERTEX_POINT('',#11573);
#2537=VERTEX_POINT('',#11577);
#2538=VERTEX_POINT('',#11578);
#2539=VERTEX_POINT('',#11580);
#2540=VERTEX_POINT('',#11582);
#2541=VERTEX_POINT('',#11586);
#2542=VERTEX_POINT('',#11588);
#2543=VERTEX_POINT('',#11595);
#2544=VERTEX_POINT('',#11597);
#2545=VERTEX_POINT('',#11601);
#2546=VERTEX_POINT('',#11603);
#2547=VERTEX_POINT('',#11607);
#2548=VERTEX_POINT('',#11609);
#2549=VERTEX_POINT('',#11613);
#2550=VERTEX_POINT('',#11614);
#2551=VERTEX_POINT('',#11616);
#2552=VERTEX_POINT('',#11618);
#2553=VERTEX_POINT('',#11622);
#2554=VERTEX_POINT('',#11624);
#2555=VERTEX_POINT('',#11631);
#2556=VERTEX_POINT('',#11633);
#2557=VERTEX_POINT('',#11637);
#2558=VERTEX_POINT('',#11639);
#2559=VERTEX_POINT('',#11643);
#2560=VERTEX_POINT('',#11645);
#2561=VERTEX_POINT('',#11649);
#2562=VERTEX_POINT('',#11650);
#2563=VERTEX_POINT('',#11652);
#2564=VERTEX_POINT('',#11654);
#2565=VERTEX_POINT('',#11658);
#2566=VERTEX_POINT('',#11660);
#2567=VERTEX_POINT('',#11667);
#2568=VERTEX_POINT('',#11669);
#2569=VERTEX_POINT('',#11673);
#2570=VERTEX_POINT('',#11675);
#2571=VERTEX_POINT('',#11679);
#2572=VERTEX_POINT('',#11681);
#2573=VERTEX_POINT('',#11685);
#2574=VERTEX_POINT('',#11686);
#2575=VERTEX_POINT('',#11688);
#2576=VERTEX_POINT('',#11690);
#2577=VERTEX_POINT('',#11694);
#2578=VERTEX_POINT('',#11696);
#2579=VERTEX_POINT('',#11703);
#2580=VERTEX_POINT('',#11705);
#2581=VERTEX_POINT('',#11709);
#2582=VERTEX_POINT('',#11711);
#2583=VERTEX_POINT('',#11715);
#2584=VERTEX_POINT('',#11717);
#2585=VERTEX_POINT('',#11721);
#2586=VERTEX_POINT('',#11722);
#2587=VERTEX_POINT('',#11724);
#2588=VERTEX_POINT('',#11726);
#2589=VERTEX_POINT('',#11730);
#2590=VERTEX_POINT('',#11732);
#2591=VERTEX_POINT('',#11739);
#2592=VERTEX_POINT('',#11741);
#2593=VERTEX_POINT('',#11745);
#2594=VERTEX_POINT('',#11747);
#2595=VERTEX_POINT('',#11751);
#2596=VERTEX_POINT('',#11753);
#2597=VERTEX_POINT('',#11757);
#2598=VERTEX_POINT('',#11758);
#2599=VERTEX_POINT('',#11760);
#2600=VERTEX_POINT('',#11762);
#2601=VERTEX_POINT('',#11766);
#2602=VERTEX_POINT('',#11768);
#2603=VERTEX_POINT('',#11775);
#2604=VERTEX_POINT('',#11777);
#2605=VERTEX_POINT('',#11781);
#2606=VERTEX_POINT('',#11783);
#2607=VERTEX_POINT('',#11787);
#2608=VERTEX_POINT('',#11789);
#2609=VERTEX_POINT('',#11793);
#2610=VERTEX_POINT('',#11794);
#2611=VERTEX_POINT('',#11796);
#2612=VERTEX_POINT('',#11798);
#2613=VERTEX_POINT('',#11802);
#2614=VERTEX_POINT('',#11804);
#2615=VERTEX_POINT('',#11811);
#2616=VERTEX_POINT('',#11813);
#2617=VERTEX_POINT('',#11817);
#2618=VERTEX_POINT('',#11819);
#2619=VERTEX_POINT('',#11823);
#2620=VERTEX_POINT('',#11825);
#2621=VERTEX_POINT('',#11829);
#2622=VERTEX_POINT('',#11830);
#2623=VERTEX_POINT('',#11832);
#2624=VERTEX_POINT('',#11834);
#2625=VERTEX_POINT('',#11838);
#2626=VERTEX_POINT('',#11840);
#2627=VERTEX_POINT('',#11847);
#2628=VERTEX_POINT('',#11849);
#2629=VERTEX_POINT('',#11853);
#2630=VERTEX_POINT('',#11855);
#2631=VERTEX_POINT('',#11859);
#2632=VERTEX_POINT('',#11861);
#2633=VERTEX_POINT('',#11865);
#2634=VERTEX_POINT('',#11866);
#2635=VERTEX_POINT('',#11868);
#2636=VERTEX_POINT('',#11870);
#2637=VERTEX_POINT('',#11874);
#2638=VERTEX_POINT('',#11876);
#2639=VERTEX_POINT('',#11883);
#2640=VERTEX_POINT('',#11885);
#2641=VERTEX_POINT('',#11889);
#2642=VERTEX_POINT('',#11891);
#2643=VERTEX_POINT('',#11895);
#2644=VERTEX_POINT('',#11897);
#2645=VERTEX_POINT('',#11901);
#2646=VERTEX_POINT('',#11902);
#2647=VERTEX_POINT('',#11904);
#2648=VERTEX_POINT('',#11906);
#2649=VERTEX_POINT('',#11910);
#2650=VERTEX_POINT('',#11912);
#2651=VERTEX_POINT('',#11919);
#2652=VERTEX_POINT('',#11921);
#2653=VERTEX_POINT('',#11925);
#2654=VERTEX_POINT('',#11927);
#2655=VERTEX_POINT('',#11931);
#2656=VERTEX_POINT('',#11933);
#2657=VERTEX_POINT('',#11937);
#2658=VERTEX_POINT('',#11938);
#2659=VERTEX_POINT('',#11940);
#2660=VERTEX_POINT('',#11942);
#2661=VERTEX_POINT('',#11946);
#2662=VERTEX_POINT('',#11948);
#2663=VERTEX_POINT('',#11955);
#2664=VERTEX_POINT('',#11957);
#2665=VERTEX_POINT('',#11961);
#2666=VERTEX_POINT('',#11963);
#2667=VERTEX_POINT('',#11967);
#2668=VERTEX_POINT('',#11969);
#2669=VERTEX_POINT('',#11973);
#2670=VERTEX_POINT('',#11974);
#2671=VERTEX_POINT('',#11976);
#2672=VERTEX_POINT('',#11978);
#2673=VERTEX_POINT('',#11982);
#2674=VERTEX_POINT('',#11984);
#2675=VERTEX_POINT('',#11991);
#2676=VERTEX_POINT('',#11993);
#2677=VERTEX_POINT('',#11997);
#2678=VERTEX_POINT('',#11999);
#2679=VERTEX_POINT('',#12003);
#2680=VERTEX_POINT('',#12005);
#2681=VERTEX_POINT('',#12009);
#2682=VERTEX_POINT('',#12010);
#2683=VERTEX_POINT('',#12012);
#2684=VERTEX_POINT('',#12014);
#2685=VERTEX_POINT('',#12018);
#2686=VERTEX_POINT('',#12020);
#2687=VERTEX_POINT('',#12027);
#2688=VERTEX_POINT('',#12029);
#2689=VERTEX_POINT('',#12033);
#2690=VERTEX_POINT('',#12035);
#2691=VERTEX_POINT('',#12039);
#2692=VERTEX_POINT('',#12041);
#2693=VERTEX_POINT('',#12045);
#2694=VERTEX_POINT('',#12046);
#2695=VERTEX_POINT('',#12048);
#2696=VERTEX_POINT('',#12050);
#2697=VERTEX_POINT('',#12054);
#2698=VERTEX_POINT('',#12056);
#2699=VERTEX_POINT('',#12063);
#2700=VERTEX_POINT('',#12065);
#2701=VERTEX_POINT('',#12069);
#2702=VERTEX_POINT('',#12071);
#2703=VERTEX_POINT('',#12075);
#2704=VERTEX_POINT('',#12077);
#2705=VERTEX_POINT('',#12081);
#2706=VERTEX_POINT('',#12082);
#2707=VERTEX_POINT('',#12084);
#2708=VERTEX_POINT('',#12086);
#2709=VERTEX_POINT('',#12090);
#2710=VERTEX_POINT('',#12092);
#2711=VERTEX_POINT('',#12099);
#2712=VERTEX_POINT('',#12101);
#2713=VERTEX_POINT('',#12105);
#2714=VERTEX_POINT('',#12107);
#2715=VERTEX_POINT('',#12111);
#2716=VERTEX_POINT('',#12113);
#2717=VERTEX_POINT('',#12117);
#2718=VERTEX_POINT('',#12118);
#2719=VERTEX_POINT('',#12120);
#2720=VERTEX_POINT('',#12122);
#2721=VERTEX_POINT('',#12126);
#2722=VERTEX_POINT('',#12128);
#2723=VERTEX_POINT('',#12135);
#2724=VERTEX_POINT('',#12137);
#2725=VERTEX_POINT('',#12141);
#2726=VERTEX_POINT('',#12143);
#2727=VERTEX_POINT('',#12147);
#2728=VERTEX_POINT('',#12149);
#2729=VERTEX_POINT('',#12153);
#2730=VERTEX_POINT('',#12154);
#2731=VERTEX_POINT('',#12156);
#2732=VERTEX_POINT('',#12158);
#2733=VERTEX_POINT('',#12162);
#2734=VERTEX_POINT('',#12164);
#2735=VERTEX_POINT('',#12171);
#2736=VERTEX_POINT('',#12173);
#2737=VERTEX_POINT('',#12177);
#2738=VERTEX_POINT('',#12179);
#2739=VERTEX_POINT('',#12183);
#2740=VERTEX_POINT('',#12185);
#2741=VERTEX_POINT('',#12189);
#2742=VERTEX_POINT('',#12190);
#2743=VERTEX_POINT('',#12192);
#2744=VERTEX_POINT('',#12194);
#2745=VERTEX_POINT('',#12198);
#2746=VERTEX_POINT('',#12200);
#2747=VERTEX_POINT('',#12207);
#2748=VERTEX_POINT('',#12209);
#2749=VERTEX_POINT('',#12213);
#2750=VERTEX_POINT('',#12215);
#2751=VERTEX_POINT('',#12219);
#2752=VERTEX_POINT('',#12221);
#2753=VERTEX_POINT('',#12225);
#2754=VERTEX_POINT('',#12226);
#2755=VERTEX_POINT('',#12228);
#2756=VERTEX_POINT('',#12230);
#2757=VERTEX_POINT('',#12234);
#2758=VERTEX_POINT('',#12236);
#2759=VERTEX_POINT('',#12243);
#2760=VERTEX_POINT('',#12245);
#2761=VERTEX_POINT('',#12249);
#2762=VERTEX_POINT('',#12251);
#2763=VERTEX_POINT('',#12255);
#2764=VERTEX_POINT('',#12257);
#2765=VERTEX_POINT('',#12261);
#2766=VERTEX_POINT('',#12262);
#2767=VERTEX_POINT('',#12264);
#2768=VERTEX_POINT('',#12266);
#2769=VERTEX_POINT('',#12270);
#2770=VERTEX_POINT('',#12272);
#2771=VERTEX_POINT('',#12279);
#2772=VERTEX_POINT('',#12281);
#2773=VERTEX_POINT('',#12285);
#2774=VERTEX_POINT('',#12287);
#2775=VERTEX_POINT('',#12291);
#2776=VERTEX_POINT('',#12293);
#2777=VERTEX_POINT('',#12297);
#2778=VERTEX_POINT('',#12298);
#2779=VERTEX_POINT('',#12300);
#2780=VERTEX_POINT('',#12302);
#2781=VERTEX_POINT('',#12306);
#2782=VERTEX_POINT('',#12308);
#2783=VERTEX_POINT('',#12315);
#2784=VERTEX_POINT('',#12317);
#2785=VERTEX_POINT('',#12321);
#2786=VERTEX_POINT('',#12323);
#2787=VERTEX_POINT('',#12327);
#2788=VERTEX_POINT('',#12329);
#2789=VERTEX_POINT('',#12333);
#2790=VERTEX_POINT('',#12334);
#2791=VERTEX_POINT('',#12336);
#2792=VERTEX_POINT('',#12338);
#2793=VERTEX_POINT('',#12342);
#2794=VERTEX_POINT('',#12344);
#2795=VERTEX_POINT('',#12351);
#2796=VERTEX_POINT('',#12353);
#2797=VERTEX_POINT('',#12357);
#2798=VERTEX_POINT('',#12359);
#2799=VERTEX_POINT('',#12363);
#2800=VERTEX_POINT('',#12365);
#2801=VERTEX_POINT('',#12369);
#2802=VERTEX_POINT('',#12370);
#2803=VERTEX_POINT('',#12372);
#2804=VERTEX_POINT('',#12374);
#2805=VERTEX_POINT('',#12378);
#2806=VERTEX_POINT('',#12380);
#2807=VERTEX_POINT('',#12387);
#2808=VERTEX_POINT('',#12389);
#2809=VERTEX_POINT('',#12393);
#2810=VERTEX_POINT('',#12395);
#2811=VERTEX_POINT('',#12399);
#2812=VERTEX_POINT('',#12401);
#2813=VERTEX_POINT('',#12405);
#2814=VERTEX_POINT('',#12406);
#2815=VERTEX_POINT('',#12408);
#2816=VERTEX_POINT('',#12410);
#2817=VERTEX_POINT('',#12414);
#2818=VERTEX_POINT('',#12416);
#2819=VERTEX_POINT('',#12423);
#2820=VERTEX_POINT('',#12425);
#2821=VERTEX_POINT('',#12429);
#2822=VERTEX_POINT('',#12431);
#2823=VERTEX_POINT('',#12435);
#2824=VERTEX_POINT('',#12437);
#2825=VERTEX_POINT('',#12441);
#2826=VERTEX_POINT('',#12442);
#2827=VERTEX_POINT('',#12444);
#2828=VERTEX_POINT('',#12446);
#2829=VERTEX_POINT('',#12450);
#2830=VERTEX_POINT('',#12452);
#2831=VERTEX_POINT('',#12459);
#2832=VERTEX_POINT('',#12461);
#2833=VERTEX_POINT('',#12465);
#2834=VERTEX_POINT('',#12467);
#2835=VERTEX_POINT('',#12471);
#2836=VERTEX_POINT('',#12473);
#2837=VERTEX_POINT('',#12477);
#2838=VERTEX_POINT('',#12478);
#2839=VERTEX_POINT('',#12480);
#2840=VERTEX_POINT('',#12482);
#2841=VERTEX_POINT('',#12486);
#2842=VERTEX_POINT('',#12488);
#2843=VERTEX_POINT('',#12495);
#2844=VERTEX_POINT('',#12497);
#2845=VERTEX_POINT('',#12501);
#2846=VERTEX_POINT('',#12503);
#2847=VERTEX_POINT('',#12507);
#2848=VERTEX_POINT('',#12509);
#2849=VERTEX_POINT('',#12513);
#2850=VERTEX_POINT('',#12514);
#2851=VERTEX_POINT('',#12516);
#2852=VERTEX_POINT('',#12518);
#2853=VERTEX_POINT('',#12522);
#2854=VERTEX_POINT('',#12524);
#2855=VERTEX_POINT('',#12531);
#2856=VERTEX_POINT('',#12533);
#2857=VERTEX_POINT('',#12537);
#2858=VERTEX_POINT('',#12539);
#2859=VERTEX_POINT('',#12543);
#2860=VERTEX_POINT('',#12545);
#2861=VERTEX_POINT('',#12549);
#2862=VERTEX_POINT('',#12550);
#2863=VERTEX_POINT('',#12552);
#2864=VERTEX_POINT('',#12554);
#2865=VERTEX_POINT('',#12558);
#2866=VERTEX_POINT('',#12560);
#2867=VERTEX_POINT('',#12567);
#2868=VERTEX_POINT('',#12569);
#2869=VERTEX_POINT('',#12573);
#2870=VERTEX_POINT('',#12575);
#2871=VERTEX_POINT('',#12579);
#2872=VERTEX_POINT('',#12581);
#2873=VERTEX_POINT('',#12585);
#2874=VERTEX_POINT('',#12586);
#2875=VERTEX_POINT('',#12588);
#2876=VERTEX_POINT('',#12590);
#2877=VERTEX_POINT('',#12594);
#2878=VERTEX_POINT('',#12596);
#2879=VERTEX_POINT('',#12603);
#2880=VERTEX_POINT('',#12605);
#2881=VERTEX_POINT('',#12609);
#2882=VERTEX_POINT('',#12611);
#2883=VERTEX_POINT('',#12615);
#2884=VERTEX_POINT('',#12617);
#2885=VERTEX_POINT('',#12621);
#2886=VERTEX_POINT('',#12622);
#2887=VERTEX_POINT('',#12624);
#2888=VERTEX_POINT('',#12626);
#2889=VERTEX_POINT('',#12630);
#2890=VERTEX_POINT('',#12632);
#2891=VERTEX_POINT('',#12639);
#2892=VERTEX_POINT('',#12641);
#2893=VERTEX_POINT('',#12645);
#2894=VERTEX_POINT('',#12647);
#2895=VERTEX_POINT('',#12651);
#2896=VERTEX_POINT('',#12653);
#2897=VERTEX_POINT('',#12657);
#2898=VERTEX_POINT('',#12658);
#2899=VERTEX_POINT('',#12660);
#2900=VERTEX_POINT('',#12662);
#2901=VERTEX_POINT('',#12666);
#2902=VERTEX_POINT('',#12668);
#2903=VERTEX_POINT('',#12675);
#2904=VERTEX_POINT('',#12677);
#2905=VERTEX_POINT('',#12681);
#2906=VERTEX_POINT('',#12683);
#2907=VERTEX_POINT('',#12687);
#2908=VERTEX_POINT('',#12689);
#2909=VERTEX_POINT('',#12693);
#2910=VERTEX_POINT('',#12694);
#2911=VERTEX_POINT('',#12696);
#2912=VERTEX_POINT('',#12698);
#2913=VERTEX_POINT('',#12702);
#2914=VERTEX_POINT('',#12704);
#2915=VERTEX_POINT('',#12711);
#2916=VERTEX_POINT('',#12713);
#2917=VERTEX_POINT('',#12717);
#2918=VERTEX_POINT('',#12719);
#2919=VERTEX_POINT('',#12723);
#2920=VERTEX_POINT('',#12725);
#2921=VERTEX_POINT('',#12729);
#2922=VERTEX_POINT('',#12730);
#2923=VERTEX_POINT('',#12732);
#2924=VERTEX_POINT('',#12734);
#2925=VERTEX_POINT('',#12738);
#2926=VERTEX_POINT('',#12740);
#2927=VERTEX_POINT('',#12747);
#2928=VERTEX_POINT('',#12749);
#2929=VERTEX_POINT('',#12753);
#2930=VERTEX_POINT('',#12755);
#2931=VERTEX_POINT('',#12759);
#2932=VERTEX_POINT('',#12761);
#2933=VERTEX_POINT('',#12765);
#2934=VERTEX_POINT('',#12766);
#2935=VERTEX_POINT('',#12768);
#2936=VERTEX_POINT('',#12770);
#2937=VERTEX_POINT('',#12774);
#2938=VERTEX_POINT('',#12776);
#2939=VERTEX_POINT('',#12783);
#2940=VERTEX_POINT('',#12785);
#2941=VERTEX_POINT('',#12789);
#2942=VERTEX_POINT('',#12791);
#2943=VERTEX_POINT('',#12795);
#2944=VERTEX_POINT('',#12797);
#2945=VERTEX_POINT('',#12801);
#2946=VERTEX_POINT('',#12802);
#2947=VERTEX_POINT('',#12804);
#2948=VERTEX_POINT('',#12806);
#2949=VERTEX_POINT('',#12810);
#2950=VERTEX_POINT('',#12812);
#2951=VERTEX_POINT('',#12819);
#2952=VERTEX_POINT('',#12821);
#2953=VERTEX_POINT('',#12825);
#2954=VERTEX_POINT('',#12827);
#2955=VERTEX_POINT('',#12831);
#2956=VERTEX_POINT('',#12833);
#2957=VERTEX_POINT('',#12837);
#2958=VERTEX_POINT('',#12838);
#2959=VERTEX_POINT('',#12840);
#2960=VERTEX_POINT('',#12842);
#2961=VERTEX_POINT('',#12846);
#2962=VERTEX_POINT('',#12848);
#2963=VERTEX_POINT('',#12855);
#2964=VERTEX_POINT('',#12857);
#2965=VERTEX_POINT('',#12861);
#2966=VERTEX_POINT('',#12863);
#2967=VERTEX_POINT('',#12867);
#2968=VERTEX_POINT('',#12869);
#2969=VERTEX_POINT('',#12873);
#2970=VERTEX_POINT('',#12874);
#2971=VERTEX_POINT('',#12876);
#2972=VERTEX_POINT('',#12878);
#2973=VERTEX_POINT('',#12882);
#2974=VERTEX_POINT('',#12884);
#2975=VERTEX_POINT('',#12891);
#2976=VERTEX_POINT('',#12893);
#2977=VERTEX_POINT('',#12897);
#2978=VERTEX_POINT('',#12899);
#2979=VERTEX_POINT('',#12903);
#2980=VERTEX_POINT('',#12905);
#2981=VERTEX_POINT('',#12909);
#2982=VERTEX_POINT('',#12910);
#2983=VERTEX_POINT('',#12912);
#2984=VERTEX_POINT('',#12914);
#2985=VERTEX_POINT('',#12918);
#2986=VERTEX_POINT('',#12920);
#2987=VERTEX_POINT('',#12927);
#2988=VERTEX_POINT('',#12929);
#2989=VERTEX_POINT('',#12933);
#2990=VERTEX_POINT('',#12935);
#2991=VERTEX_POINT('',#12939);
#2992=VERTEX_POINT('',#12941);
#2993=VERTEX_POINT('',#12945);
#2994=VERTEX_POINT('',#12946);
#2995=VERTEX_POINT('',#12948);
#2996=VERTEX_POINT('',#12950);
#2997=VERTEX_POINT('',#12954);
#2998=VERTEX_POINT('',#12956);
#2999=VERTEX_POINT('',#12963);
#3000=VERTEX_POINT('',#12965);
#3001=VERTEX_POINT('',#12969);
#3002=VERTEX_POINT('',#12971);
#3003=VERTEX_POINT('',#12975);
#3004=VERTEX_POINT('',#12977);
#3005=VERTEX_POINT('',#12981);
#3006=VERTEX_POINT('',#12983);
#3007=VERTEX_POINT('',#12987);
#3008=VERTEX_POINT('',#12989);
#3009=VERTEX_POINT('',#12996);
#3010=VERTEX_POINT('',#13031);
#3011=VERTEX_POINT('',#13068);
#3012=VERTEX_POINT('',#13070);
#3013=VERTEX_POINT('',#13074);
#3014=VERTEX_POINT('',#13077);
#3015=VERTEX_POINT('',#13203);
#3016=VERTEX_POINT('',#13231);
#3017=VERTEX_POINT('',#13268);
#3018=VERTEX_POINT('',#13270);
#3019=VERTEX_POINT('',#13274);
#3020=VERTEX_POINT('',#13277);
#3021=VERTEX_POINT('',#13283);
#3022=VERTEX_POINT('',#13286);
#3023=VERTEX_POINT('',#13290);
#3024=VERTEX_POINT('',#13294);
#3025=VERTEX_POINT('',#13296);
#3026=VERTEX_POINT('',#13302);
#3027=VERTEX_POINT('',#13305);
#3028=EDGE_CURVE('',#2289,#2290,#1555,.T.);
#3029=EDGE_CURVE('',#2289,#2291,#811,.T.);
#3030=EDGE_CURVE('',#2292,#2291,#1556,.T.);
#3031=EDGE_CURVE('',#2292,#2290,#812,.T.);
#3032=EDGE_CURVE('',#2293,#2289,#1557,.T.);
#3033=EDGE_CURVE('',#2293,#2294,#813,.T.);
#3034=EDGE_CURVE('',#2291,#2294,#1558,.T.);
#3035=EDGE_CURVE('',#2295,#2296,#1559,.T.);
#3036=EDGE_CURVE('',#2295,#2297,#814,.T.);
#3037=EDGE_CURVE('',#2298,#2297,#1560,.T.);
#3038=EDGE_CURVE('',#2298,#2296,#815,.T.);
#3039=EDGE_CURVE('',#2299,#2295,#1561,.T.);
#3040=EDGE_CURVE('',#2299,#2300,#816,.T.);
#3041=EDGE_CURVE('',#2297,#2300,#1562,.T.);
#3042=EDGE_CURVE('',#2300,#2293,#1563,.T.);
#3043=EDGE_CURVE('',#2294,#2299,#1564,.T.);
#3044=EDGE_CURVE('',#2301,#2298,#1565,.T.);
#3045=EDGE_CURVE('',#2302,#2301,#817,.T.);
#3046=EDGE_CURVE('',#2296,#2302,#1566,.T.);
#3047=EDGE_CURVE('',#2303,#2292,#1567,.T.);
#3048=EDGE_CURVE('',#2304,#2303,#818,.T.);
#3049=EDGE_CURVE('',#2290,#2304,#1568,.T.);
#3050=EDGE_CURVE('',#2305,#2301,#1569,.T.);
#3051=EDGE_CURVE('',#2305,#2306,#819,.T.);
#3052=EDGE_CURVE('',#2302,#2306,#1570,.T.);
#3053=EDGE_CURVE('',#2307,#2305,#1571,.T.);
#3054=EDGE_CURVE('',#2307,#2308,#820,.T.);
#3055=EDGE_CURVE('',#2306,#2308,#1572,.T.);
#3056=EDGE_CURVE('',#2309,#2310,#1573,.T.);
#3057=EDGE_CURVE('',#2309,#2311,#821,.T.);
#3058=EDGE_CURVE('',#2312,#2311,#1574,.T.);
#3059=EDGE_CURVE('',#2312,#2310,#822,.T.);
#3060=EDGE_CURVE('',#2313,#2309,#1575,.T.);
#3061=EDGE_CURVE('',#2313,#2314,#823,.T.);
#3062=EDGE_CURVE('',#2311,#2314,#1576,.T.);
#3063=EDGE_CURVE('',#2314,#2307,#1577,.T.);
#3064=EDGE_CURVE('',#2308,#2313,#1578,.T.);
#3065=EDGE_CURVE('',#2315,#2312,#1579,.T.);
#3066=EDGE_CURVE('',#2316,#2315,#824,.T.);
#3067=EDGE_CURVE('',#2310,#2316,#1580,.T.);
#3068=EDGE_CURVE('',#2317,#2315,#1581,.T.);
#3069=EDGE_CURVE('',#2317,#2318,#825,.T.);
#3070=EDGE_CURVE('',#2316,#2318,#1582,.T.);
#3071=EDGE_CURVE('',#2319,#2317,#1583,.T.);
#3072=EDGE_CURVE('',#2319,#2320,#826,.T.);
#3073=EDGE_CURVE('',#2318,#2320,#1584,.T.);
#3074=EDGE_CURVE('',#2321,#2322,#1585,.T.);
#3075=EDGE_CURVE('',#2321,#2323,#827,.T.);
#3076=EDGE_CURVE('',#2324,#2323,#1586,.T.);
#3077=EDGE_CURVE('',#2324,#2322,#828,.T.);
#3078=EDGE_CURVE('',#2325,#2321,#1587,.T.);
#3079=EDGE_CURVE('',#2325,#2326,#829,.T.);
#3080=EDGE_CURVE('',#2323,#2326,#1588,.T.);
#3081=EDGE_CURVE('',#2326,#2319,#1589,.T.);
#3082=EDGE_CURVE('',#2320,#2325,#1590,.T.);
#3083=EDGE_CURVE('',#2327,#2324,#1591,.T.);
#3084=EDGE_CURVE('',#2328,#2327,#830,.T.);
#3085=EDGE_CURVE('',#2322,#2328,#1592,.T.);
#3086=EDGE_CURVE('',#2329,#2327,#1593,.T.);
#3087=EDGE_CURVE('',#2329,#2330,#831,.T.);
#3088=EDGE_CURVE('',#2328,#2330,#1594,.T.);
#3089=EDGE_CURVE('',#2331,#2329,#1595,.T.);
#3090=EDGE_CURVE('',#2331,#2332,#832,.T.);
#3091=EDGE_CURVE('',#2330,#2332,#1596,.T.);
#3092=EDGE_CURVE('',#2333,#2334,#1597,.T.);
#3093=EDGE_CURVE('',#2333,#2335,#833,.T.);
#3094=EDGE_CURVE('',#2336,#2335,#1598,.T.);
#3095=EDGE_CURVE('',#2336,#2334,#834,.T.);
#3096=EDGE_CURVE('',#2337,#2333,#1599,.T.);
#3097=EDGE_CURVE('',#2337,#2338,#835,.T.);
#3098=EDGE_CURVE('',#2335,#2338,#1600,.T.);
#3099=EDGE_CURVE('',#2338,#2331,#1601,.T.);
#3100=EDGE_CURVE('',#2332,#2337,#1602,.T.);
#3101=EDGE_CURVE('',#2339,#2336,#1603,.T.);
#3102=EDGE_CURVE('',#2340,#2339,#836,.T.);
#3103=EDGE_CURVE('',#2334,#2340,#1604,.T.);
#3104=EDGE_CURVE('',#2341,#2339,#1605,.T.);
#3105=EDGE_CURVE('',#2341,#2342,#837,.T.);
#3106=EDGE_CURVE('',#2340,#2342,#1606,.T.);
#3107=EDGE_CURVE('',#2343,#2341,#1607,.T.);
#3108=EDGE_CURVE('',#2343,#2344,#838,.T.);
#3109=EDGE_CURVE('',#2342,#2344,#1608,.T.);
#3110=EDGE_CURVE('',#2345,#2346,#1609,.T.);
#3111=EDGE_CURVE('',#2345,#2347,#839,.T.);
#3112=EDGE_CURVE('',#2348,#2347,#1610,.T.);
#3113=EDGE_CURVE('',#2348,#2346,#840,.T.);
#3114=EDGE_CURVE('',#2349,#2345,#1611,.T.);
#3115=EDGE_CURVE('',#2349,#2350,#841,.T.);
#3116=EDGE_CURVE('',#2347,#2350,#1612,.T.);
#3117=EDGE_CURVE('',#2350,#2343,#1613,.T.);
#3118=EDGE_CURVE('',#2344,#2349,#1614,.T.);
#3119=EDGE_CURVE('',#2351,#2348,#1615,.T.);
#3120=EDGE_CURVE('',#2352,#2351,#842,.T.);
#3121=EDGE_CURVE('',#2346,#2352,#1616,.T.);
#3122=EDGE_CURVE('',#2353,#2351,#1617,.T.);
#3123=EDGE_CURVE('',#2353,#2354,#843,.T.);
#3124=EDGE_CURVE('',#2352,#2354,#1618,.T.);
#3125=EDGE_CURVE('',#2355,#2353,#1619,.T.);
#3126=EDGE_CURVE('',#2355,#2356,#844,.T.);
#3127=EDGE_CURVE('',#2354,#2356,#1620,.T.);
#3128=EDGE_CURVE('',#2357,#2358,#1621,.T.);
#3129=EDGE_CURVE('',#2357,#2359,#845,.T.);
#3130=EDGE_CURVE('',#2360,#2359,#1622,.T.);
#3131=EDGE_CURVE('',#2360,#2358,#846,.T.);
#3132=EDGE_CURVE('',#2361,#2357,#1623,.T.);
#3133=EDGE_CURVE('',#2361,#2362,#847,.T.);
#3134=EDGE_CURVE('',#2359,#2362,#1624,.T.);
#3135=EDGE_CURVE('',#2362,#2355,#1625,.T.);
#3136=EDGE_CURVE('',#2356,#2361,#1626,.T.);
#3137=EDGE_CURVE('',#2363,#2360,#1627,.T.);
#3138=EDGE_CURVE('',#2364,#2363,#848,.T.);
#3139=EDGE_CURVE('',#2358,#2364,#1628,.T.);
#3140=EDGE_CURVE('',#2365,#2363,#1629,.T.);
#3141=EDGE_CURVE('',#2365,#2366,#849,.T.);
#3142=EDGE_CURVE('',#2364,#2366,#1630,.T.);
#3143=EDGE_CURVE('',#2367,#2365,#1631,.T.);
#3144=EDGE_CURVE('',#2367,#2368,#850,.T.);
#3145=EDGE_CURVE('',#2366,#2368,#1632,.T.);
#3146=EDGE_CURVE('',#2369,#2370,#1633,.T.);
#3147=EDGE_CURVE('',#2369,#2371,#851,.T.);
#3148=EDGE_CURVE('',#2372,#2371,#1634,.T.);
#3149=EDGE_CURVE('',#2372,#2370,#852,.T.);
#3150=EDGE_CURVE('',#2373,#2369,#1635,.T.);
#3151=EDGE_CURVE('',#2373,#2374,#853,.T.);
#3152=EDGE_CURVE('',#2371,#2374,#1636,.T.);
#3153=EDGE_CURVE('',#2374,#2367,#1637,.T.);
#3154=EDGE_CURVE('',#2368,#2373,#1638,.T.);
#3155=EDGE_CURVE('',#2375,#2372,#1639,.T.);
#3156=EDGE_CURVE('',#2376,#2375,#854,.T.);
#3157=EDGE_CURVE('',#2370,#2376,#1640,.T.);
#3158=EDGE_CURVE('',#2377,#2375,#1641,.T.);
#3159=EDGE_CURVE('',#2377,#2378,#855,.T.);
#3160=EDGE_CURVE('',#2376,#2378,#1642,.T.);
#3161=EDGE_CURVE('',#2379,#2377,#1643,.T.);
#3162=EDGE_CURVE('',#2379,#2380,#856,.T.);
#3163=EDGE_CURVE('',#2378,#2380,#1644,.T.);
#3164=EDGE_CURVE('',#2381,#2382,#1645,.T.);
#3165=EDGE_CURVE('',#2381,#2383,#857,.T.);
#3166=EDGE_CURVE('',#2384,#2383,#1646,.T.);
#3167=EDGE_CURVE('',#2384,#2382,#858,.T.);
#3168=EDGE_CURVE('',#2385,#2381,#1647,.T.);
#3169=EDGE_CURVE('',#2385,#2386,#859,.T.);
#3170=EDGE_CURVE('',#2383,#2386,#1648,.T.);
#3171=EDGE_CURVE('',#2386,#2379,#1649,.T.);
#3172=EDGE_CURVE('',#2380,#2385,#1650,.T.);
#3173=EDGE_CURVE('',#2387,#2384,#1651,.T.);
#3174=EDGE_CURVE('',#2388,#2387,#860,.T.);
#3175=EDGE_CURVE('',#2382,#2388,#1652,.T.);
#3176=EDGE_CURVE('',#2389,#2387,#1653,.T.);
#3177=EDGE_CURVE('',#2389,#2390,#861,.T.);
#3178=EDGE_CURVE('',#2388,#2390,#1654,.T.);
#3179=EDGE_CURVE('',#2391,#2389,#1655,.T.);
#3180=EDGE_CURVE('',#2391,#2392,#862,.T.);
#3181=EDGE_CURVE('',#2390,#2392,#1656,.T.);
#3182=EDGE_CURVE('',#2393,#2394,#1657,.T.);
#3183=EDGE_CURVE('',#2393,#2395,#863,.T.);
#3184=EDGE_CURVE('',#2396,#2395,#1658,.T.);
#3185=EDGE_CURVE('',#2396,#2394,#864,.T.);
#3186=EDGE_CURVE('',#2397,#2393,#1659,.T.);
#3187=EDGE_CURVE('',#2397,#2398,#865,.T.);
#3188=EDGE_CURVE('',#2395,#2398,#1660,.T.);
#3189=EDGE_CURVE('',#2398,#2391,#1661,.T.);
#3190=EDGE_CURVE('',#2392,#2397,#1662,.T.);
#3191=EDGE_CURVE('',#2399,#2396,#1663,.T.);
#3192=EDGE_CURVE('',#2400,#2399,#866,.T.);
#3193=EDGE_CURVE('',#2394,#2400,#1664,.T.);
#3194=EDGE_CURVE('',#2401,#2399,#1665,.T.);
#3195=EDGE_CURVE('',#2401,#2402,#867,.T.);
#3196=EDGE_CURVE('',#2400,#2402,#1666,.T.);
#3197=EDGE_CURVE('',#2403,#2401,#1667,.T.);
#3198=EDGE_CURVE('',#2403,#2404,#868,.T.);
#3199=EDGE_CURVE('',#2402,#2404,#1668,.T.);
#3200=EDGE_CURVE('',#2405,#2406,#1669,.T.);
#3201=EDGE_CURVE('',#2405,#2407,#869,.T.);
#3202=EDGE_CURVE('',#2408,#2407,#1670,.T.);
#3203=EDGE_CURVE('',#2408,#2406,#870,.T.);
#3204=EDGE_CURVE('',#2409,#2405,#1671,.T.);
#3205=EDGE_CURVE('',#2409,#2410,#871,.T.);
#3206=EDGE_CURVE('',#2407,#2410,#1672,.T.);
#3207=EDGE_CURVE('',#2410,#2403,#1673,.T.);
#3208=EDGE_CURVE('',#2404,#2409,#1674,.T.);
#3209=EDGE_CURVE('',#2411,#2408,#1675,.T.);
#3210=EDGE_CURVE('',#2412,#2411,#872,.T.);
#3211=EDGE_CURVE('',#2406,#2412,#1676,.T.);
#3212=EDGE_CURVE('',#2413,#2411,#1677,.T.);
#3213=EDGE_CURVE('',#2413,#2414,#873,.T.);
#3214=EDGE_CURVE('',#2412,#2414,#1678,.T.);
#3215=EDGE_CURVE('',#2415,#2413,#1679,.T.);
#3216=EDGE_CURVE('',#2415,#2416,#874,.T.);
#3217=EDGE_CURVE('',#2414,#2416,#1680,.T.);
#3218=EDGE_CURVE('',#2417,#2418,#1681,.T.);
#3219=EDGE_CURVE('',#2417,#2419,#875,.T.);
#3220=EDGE_CURVE('',#2420,#2419,#1682,.T.);
#3221=EDGE_CURVE('',#2420,#2418,#876,.T.);
#3222=EDGE_CURVE('',#2421,#2417,#1683,.T.);
#3223=EDGE_CURVE('',#2421,#2422,#877,.T.);
#3224=EDGE_CURVE('',#2419,#2422,#1684,.T.);
#3225=EDGE_CURVE('',#2422,#2415,#1685,.T.);
#3226=EDGE_CURVE('',#2416,#2421,#1686,.T.);
#3227=EDGE_CURVE('',#2423,#2420,#1687,.T.);
#3228=EDGE_CURVE('',#2424,#2423,#878,.T.);
#3229=EDGE_CURVE('',#2418,#2424,#1688,.T.);
#3230=EDGE_CURVE('',#2425,#2423,#1689,.T.);
#3231=EDGE_CURVE('',#2425,#2426,#879,.T.);
#3232=EDGE_CURVE('',#2424,#2426,#1690,.T.);
#3233=EDGE_CURVE('',#2427,#2425,#1691,.T.);
#3234=EDGE_CURVE('',#2427,#2428,#880,.T.);
#3235=EDGE_CURVE('',#2426,#2428,#1692,.T.);
#3236=EDGE_CURVE('',#2429,#2430,#1693,.T.);
#3237=EDGE_CURVE('',#2429,#2431,#881,.T.);
#3238=EDGE_CURVE('',#2432,#2431,#1694,.T.);
#3239=EDGE_CURVE('',#2432,#2430,#882,.T.);
#3240=EDGE_CURVE('',#2433,#2429,#1695,.T.);
#3241=EDGE_CURVE('',#2433,#2434,#883,.T.);
#3242=EDGE_CURVE('',#2431,#2434,#1696,.T.);
#3243=EDGE_CURVE('',#2434,#2427,#1697,.T.);
#3244=EDGE_CURVE('',#2428,#2433,#1698,.T.);
#3245=EDGE_CURVE('',#2435,#2432,#1699,.T.);
#3246=EDGE_CURVE('',#2436,#2435,#884,.T.);
#3247=EDGE_CURVE('',#2430,#2436,#1700,.T.);
#3248=EDGE_CURVE('',#2437,#2435,#1701,.T.);
#3249=EDGE_CURVE('',#2437,#2438,#885,.T.);
#3250=EDGE_CURVE('',#2436,#2438,#1702,.T.);
#3251=EDGE_CURVE('',#2439,#2437,#1703,.T.);
#3252=EDGE_CURVE('',#2439,#2440,#886,.T.);
#3253=EDGE_CURVE('',#2438,#2440,#1704,.T.);
#3254=EDGE_CURVE('',#2441,#2442,#1705,.T.);
#3255=EDGE_CURVE('',#2441,#2443,#887,.T.);
#3256=EDGE_CURVE('',#2444,#2443,#1706,.T.);
#3257=EDGE_CURVE('',#2444,#2442,#888,.T.);
#3258=EDGE_CURVE('',#2445,#2441,#1707,.T.);
#3259=EDGE_CURVE('',#2445,#2446,#889,.T.);
#3260=EDGE_CURVE('',#2443,#2446,#1708,.T.);
#3261=EDGE_CURVE('',#2446,#2439,#1709,.T.);
#3262=EDGE_CURVE('',#2440,#2445,#1710,.T.);
#3263=EDGE_CURVE('',#2447,#2444,#1711,.T.);
#3264=EDGE_CURVE('',#2448,#2447,#890,.T.);
#3265=EDGE_CURVE('',#2442,#2448,#1712,.T.);
#3266=EDGE_CURVE('',#2449,#2447,#1713,.T.);
#3267=EDGE_CURVE('',#2449,#2450,#891,.T.);
#3268=EDGE_CURVE('',#2448,#2450,#1714,.T.);
#3269=EDGE_CURVE('',#2451,#2449,#1715,.T.);
#3270=EDGE_CURVE('',#2451,#2452,#892,.T.);
#3271=EDGE_CURVE('',#2450,#2452,#1716,.T.);
#3272=EDGE_CURVE('',#2453,#2454,#1717,.T.);
#3273=EDGE_CURVE('',#2453,#2455,#893,.T.);
#3274=EDGE_CURVE('',#2456,#2455,#1718,.T.);
#3275=EDGE_CURVE('',#2456,#2454,#894,.T.);
#3276=EDGE_CURVE('',#2457,#2453,#1719,.T.);
#3277=EDGE_CURVE('',#2457,#2458,#895,.T.);
#3278=EDGE_CURVE('',#2455,#2458,#1720,.T.);
#3279=EDGE_CURVE('',#2458,#2451,#1721,.T.);
#3280=EDGE_CURVE('',#2452,#2457,#1722,.T.);
#3281=EDGE_CURVE('',#2459,#2456,#1723,.T.);
#3282=EDGE_CURVE('',#2460,#2459,#896,.T.);
#3283=EDGE_CURVE('',#2454,#2460,#1724,.T.);
#3284=EDGE_CURVE('',#2461,#2459,#1725,.T.);
#3285=EDGE_CURVE('',#2461,#2462,#897,.T.);
#3286=EDGE_CURVE('',#2460,#2462,#1726,.T.);
#3287=EDGE_CURVE('',#2463,#2461,#1727,.T.);
#3288=EDGE_CURVE('',#2463,#2464,#898,.T.);
#3289=EDGE_CURVE('',#2462,#2464,#1728,.T.);
#3290=EDGE_CURVE('',#2465,#2466,#1729,.T.);
#3291=EDGE_CURVE('',#2465,#2467,#899,.T.);
#3292=EDGE_CURVE('',#2468,#2467,#1730,.T.);
#3293=EDGE_CURVE('',#2468,#2466,#900,.T.);
#3294=EDGE_CURVE('',#2469,#2465,#1731,.T.);
#3295=EDGE_CURVE('',#2469,#2470,#901,.T.);
#3296=EDGE_CURVE('',#2467,#2470,#1732,.T.);
#3297=EDGE_CURVE('',#2470,#2463,#1733,.T.);
#3298=EDGE_CURVE('',#2464,#2469,#1734,.T.);
#3299=EDGE_CURVE('',#2471,#2468,#1735,.T.);
#3300=EDGE_CURVE('',#2472,#2471,#902,.T.);
#3301=EDGE_CURVE('',#2466,#2472,#1736,.T.);
#3302=EDGE_CURVE('',#2473,#2471,#1737,.T.);
#3303=EDGE_CURVE('',#2473,#2474,#903,.T.);
#3304=EDGE_CURVE('',#2472,#2474,#1738,.T.);
#3305=EDGE_CURVE('',#2475,#2473,#1739,.T.);
#3306=EDGE_CURVE('',#2475,#2476,#904,.T.);
#3307=EDGE_CURVE('',#2474,#2476,#1740,.T.);
#3308=EDGE_CURVE('',#2477,#2478,#1741,.T.);
#3309=EDGE_CURVE('',#2477,#2479,#905,.T.);
#3310=EDGE_CURVE('',#2480,#2479,#1742,.T.);
#3311=EDGE_CURVE('',#2480,#2478,#906,.T.);
#3312=EDGE_CURVE('',#2481,#2477,#1743,.T.);
#3313=EDGE_CURVE('',#2481,#2482,#907,.T.);
#3314=EDGE_CURVE('',#2479,#2482,#1744,.T.);
#3315=EDGE_CURVE('',#2482,#2475,#1745,.T.);
#3316=EDGE_CURVE('',#2476,#2481,#1746,.T.);
#3317=EDGE_CURVE('',#2483,#2480,#1747,.T.);
#3318=EDGE_CURVE('',#2484,#2483,#908,.T.);
#3319=EDGE_CURVE('',#2478,#2484,#1748,.T.);
#3320=EDGE_CURVE('',#2485,#2483,#1749,.T.);
#3321=EDGE_CURVE('',#2485,#2486,#909,.T.);
#3322=EDGE_CURVE('',#2484,#2486,#1750,.T.);
#3323=EDGE_CURVE('',#2487,#2485,#1751,.T.);
#3324=EDGE_CURVE('',#2487,#2488,#910,.T.);
#3325=EDGE_CURVE('',#2486,#2488,#1752,.T.);
#3326=EDGE_CURVE('',#2489,#2490,#1753,.T.);
#3327=EDGE_CURVE('',#2489,#2491,#911,.T.);
#3328=EDGE_CURVE('',#2492,#2491,#1754,.T.);
#3329=EDGE_CURVE('',#2492,#2490,#912,.T.);
#3330=EDGE_CURVE('',#2493,#2489,#1755,.T.);
#3331=EDGE_CURVE('',#2493,#2494,#913,.T.);
#3332=EDGE_CURVE('',#2491,#2494,#1756,.T.);
#3333=EDGE_CURVE('',#2494,#2487,#1757,.T.);
#3334=EDGE_CURVE('',#2488,#2493,#1758,.T.);
#3335=EDGE_CURVE('',#2495,#2492,#1759,.T.);
#3336=EDGE_CURVE('',#2496,#2495,#914,.T.);
#3337=EDGE_CURVE('',#2490,#2496,#1760,.T.);
#3338=EDGE_CURVE('',#2497,#2495,#1761,.T.);
#3339=EDGE_CURVE('',#2497,#2498,#915,.T.);
#3340=EDGE_CURVE('',#2496,#2498,#1762,.T.);
#3341=EDGE_CURVE('',#2499,#2497,#1763,.T.);
#3342=EDGE_CURVE('',#2499,#2500,#916,.T.);
#3343=EDGE_CURVE('',#2498,#2500,#1764,.T.);
#3344=EDGE_CURVE('',#2501,#2502,#1765,.T.);
#3345=EDGE_CURVE('',#2501,#2503,#917,.T.);
#3346=EDGE_CURVE('',#2504,#2503,#1766,.T.);
#3347=EDGE_CURVE('',#2504,#2502,#918,.T.);
#3348=EDGE_CURVE('',#2505,#2501,#1767,.T.);
#3349=EDGE_CURVE('',#2505,#2506,#919,.T.);
#3350=EDGE_CURVE('',#2503,#2506,#1768,.T.);
#3351=EDGE_CURVE('',#2506,#2499,#1769,.T.);
#3352=EDGE_CURVE('',#2500,#2505,#1770,.T.);
#3353=EDGE_CURVE('',#2507,#2504,#1771,.T.);
#3354=EDGE_CURVE('',#2508,#2507,#920,.T.);
#3355=EDGE_CURVE('',#2502,#2508,#1772,.T.);
#3356=EDGE_CURVE('',#2509,#2507,#1773,.T.);
#3357=EDGE_CURVE('',#2509,#2510,#921,.T.);
#3358=EDGE_CURVE('',#2508,#2510,#1774,.T.);
#3359=EDGE_CURVE('',#2511,#2509,#1775,.T.);
#3360=EDGE_CURVE('',#2511,#2512,#922,.T.);
#3361=EDGE_CURVE('',#2510,#2512,#1776,.T.);
#3362=EDGE_CURVE('',#2513,#2514,#1777,.T.);
#3363=EDGE_CURVE('',#2513,#2515,#923,.T.);
#3364=EDGE_CURVE('',#2516,#2515,#1778,.T.);
#3365=EDGE_CURVE('',#2516,#2514,#924,.T.);
#3366=EDGE_CURVE('',#2517,#2513,#1779,.T.);
#3367=EDGE_CURVE('',#2517,#2518,#925,.T.);
#3368=EDGE_CURVE('',#2515,#2518,#1780,.T.);
#3369=EDGE_CURVE('',#2518,#2511,#1781,.T.);
#3370=EDGE_CURVE('',#2512,#2517,#1782,.T.);
#3371=EDGE_CURVE('',#2519,#2516,#1783,.T.);
#3372=EDGE_CURVE('',#2520,#2519,#926,.T.);
#3373=EDGE_CURVE('',#2514,#2520,#1784,.T.);
#3374=EDGE_CURVE('',#2521,#2519,#1785,.T.);
#3375=EDGE_CURVE('',#2521,#2522,#927,.T.);
#3376=EDGE_CURVE('',#2520,#2522,#1786,.T.);
#3377=EDGE_CURVE('',#2523,#2521,#1787,.T.);
#3378=EDGE_CURVE('',#2523,#2524,#928,.T.);
#3379=EDGE_CURVE('',#2522,#2524,#1788,.T.);
#3380=EDGE_CURVE('',#2525,#2526,#1789,.T.);
#3381=EDGE_CURVE('',#2525,#2527,#929,.T.);
#3382=EDGE_CURVE('',#2528,#2527,#1790,.T.);
#3383=EDGE_CURVE('',#2528,#2526,#930,.T.);
#3384=EDGE_CURVE('',#2529,#2525,#1791,.T.);
#3385=EDGE_CURVE('',#2529,#2530,#931,.T.);
#3386=EDGE_CURVE('',#2527,#2530,#1792,.T.);
#3387=EDGE_CURVE('',#2530,#2523,#1793,.T.);
#3388=EDGE_CURVE('',#2524,#2529,#1794,.T.);
#3389=EDGE_CURVE('',#2531,#2528,#1795,.T.);
#3390=EDGE_CURVE('',#2532,#2531,#932,.T.);
#3391=EDGE_CURVE('',#2526,#2532,#1796,.T.);
#3392=EDGE_CURVE('',#2533,#2531,#1797,.T.);
#3393=EDGE_CURVE('',#2533,#2534,#933,.T.);
#3394=EDGE_CURVE('',#2532,#2534,#1798,.T.);
#3395=EDGE_CURVE('',#2535,#2533,#1799,.T.);
#3396=EDGE_CURVE('',#2535,#2536,#934,.T.);
#3397=EDGE_CURVE('',#2534,#2536,#1800,.T.);
#3398=EDGE_CURVE('',#2537,#2538,#1801,.T.);
#3399=EDGE_CURVE('',#2537,#2539,#935,.T.);
#3400=EDGE_CURVE('',#2540,#2539,#1802,.T.);
#3401=EDGE_CURVE('',#2540,#2538,#936,.T.);
#3402=EDGE_CURVE('',#2541,#2537,#1803,.T.);
#3403=EDGE_CURVE('',#2541,#2542,#937,.T.);
#3404=EDGE_CURVE('',#2539,#2542,#1804,.T.);
#3405=EDGE_CURVE('',#2542,#2535,#1805,.T.);
#3406=EDGE_CURVE('',#2536,#2541,#1806,.T.);
#3407=EDGE_CURVE('',#2543,#2540,#1807,.T.);
#3408=EDGE_CURVE('',#2544,#2543,#938,.T.);
#3409=EDGE_CURVE('',#2538,#2544,#1808,.T.);
#3410=EDGE_CURVE('',#2545,#2543,#1809,.T.);
#3411=EDGE_CURVE('',#2545,#2546,#939,.T.);
#3412=EDGE_CURVE('',#2544,#2546,#1810,.T.);
#3413=EDGE_CURVE('',#2547,#2545,#1811,.T.);
#3414=EDGE_CURVE('',#2547,#2548,#940,.T.);
#3415=EDGE_CURVE('',#2546,#2548,#1812,.T.);
#3416=EDGE_CURVE('',#2549,#2550,#1813,.T.);
#3417=EDGE_CURVE('',#2549,#2551,#941,.T.);
#3418=EDGE_CURVE('',#2552,#2551,#1814,.T.);
#3419=EDGE_CURVE('',#2552,#2550,#942,.T.);
#3420=EDGE_CURVE('',#2553,#2549,#1815,.T.);
#3421=EDGE_CURVE('',#2553,#2554,#943,.T.);
#3422=EDGE_CURVE('',#2551,#2554,#1816,.T.);
#3423=EDGE_CURVE('',#2554,#2547,#1817,.T.);
#3424=EDGE_CURVE('',#2548,#2553,#1818,.T.);
#3425=EDGE_CURVE('',#2555,#2552,#1819,.T.);
#3426=EDGE_CURVE('',#2556,#2555,#944,.T.);
#3427=EDGE_CURVE('',#2550,#2556,#1820,.T.);
#3428=EDGE_CURVE('',#2557,#2555,#1821,.T.);
#3429=EDGE_CURVE('',#2557,#2558,#945,.T.);
#3430=EDGE_CURVE('',#2556,#2558,#1822,.T.);
#3431=EDGE_CURVE('',#2559,#2557,#1823,.T.);
#3432=EDGE_CURVE('',#2559,#2560,#946,.T.);
#3433=EDGE_CURVE('',#2558,#2560,#1824,.T.);
#3434=EDGE_CURVE('',#2561,#2562,#1825,.T.);
#3435=EDGE_CURVE('',#2561,#2563,#947,.T.);
#3436=EDGE_CURVE('',#2564,#2563,#1826,.T.);
#3437=EDGE_CURVE('',#2564,#2562,#948,.T.);
#3438=EDGE_CURVE('',#2565,#2561,#1827,.T.);
#3439=EDGE_CURVE('',#2565,#2566,#949,.T.);
#3440=EDGE_CURVE('',#2563,#2566,#1828,.T.);
#3441=EDGE_CURVE('',#2566,#2559,#1829,.T.);
#3442=EDGE_CURVE('',#2560,#2565,#1830,.T.);
#3443=EDGE_CURVE('',#2567,#2564,#1831,.T.);
#3444=EDGE_CURVE('',#2568,#2567,#950,.T.);
#3445=EDGE_CURVE('',#2562,#2568,#1832,.T.);
#3446=EDGE_CURVE('',#2569,#2567,#1833,.T.);
#3447=EDGE_CURVE('',#2569,#2570,#951,.T.);
#3448=EDGE_CURVE('',#2568,#2570,#1834,.T.);
#3449=EDGE_CURVE('',#2571,#2569,#1835,.T.);
#3450=EDGE_CURVE('',#2571,#2572,#952,.T.);
#3451=EDGE_CURVE('',#2570,#2572,#1836,.T.);
#3452=EDGE_CURVE('',#2573,#2574,#1837,.T.);
#3453=EDGE_CURVE('',#2573,#2575,#953,.T.);
#3454=EDGE_CURVE('',#2576,#2575,#1838,.T.);
#3455=EDGE_CURVE('',#2576,#2574,#954,.T.);
#3456=EDGE_CURVE('',#2577,#2573,#1839,.T.);
#3457=EDGE_CURVE('',#2577,#2578,#955,.T.);
#3458=EDGE_CURVE('',#2575,#2578,#1840,.T.);
#3459=EDGE_CURVE('',#2578,#2571,#1841,.T.);
#3460=EDGE_CURVE('',#2572,#2577,#1842,.T.);
#3461=EDGE_CURVE('',#2579,#2576,#1843,.T.);
#3462=EDGE_CURVE('',#2580,#2579,#956,.T.);
#3463=EDGE_CURVE('',#2574,#2580,#1844,.T.);
#3464=EDGE_CURVE('',#2581,#2579,#1845,.T.);
#3465=EDGE_CURVE('',#2581,#2582,#957,.T.);
#3466=EDGE_CURVE('',#2580,#2582,#1846,.T.);
#3467=EDGE_CURVE('',#2583,#2581,#1847,.T.);
#3468=EDGE_CURVE('',#2583,#2584,#958,.T.);
#3469=EDGE_CURVE('',#2582,#2584,#1848,.T.);
#3470=EDGE_CURVE('',#2585,#2586,#1849,.T.);
#3471=EDGE_CURVE('',#2585,#2587,#959,.T.);
#3472=EDGE_CURVE('',#2588,#2587,#1850,.T.);
#3473=EDGE_CURVE('',#2588,#2586,#960,.T.);
#3474=EDGE_CURVE('',#2589,#2585,#1851,.T.);
#3475=EDGE_CURVE('',#2589,#2590,#961,.T.);
#3476=EDGE_CURVE('',#2587,#2590,#1852,.T.);
#3477=EDGE_CURVE('',#2590,#2583,#1853,.T.);
#3478=EDGE_CURVE('',#2584,#2589,#1854,.T.);
#3479=EDGE_CURVE('',#2591,#2588,#1855,.T.);
#3480=EDGE_CURVE('',#2592,#2591,#962,.T.);
#3481=EDGE_CURVE('',#2586,#2592,#1856,.T.);
#3482=EDGE_CURVE('',#2593,#2591,#1857,.T.);
#3483=EDGE_CURVE('',#2593,#2594,#963,.T.);
#3484=EDGE_CURVE('',#2592,#2594,#1858,.T.);
#3485=EDGE_CURVE('',#2595,#2593,#1859,.T.);
#3486=EDGE_CURVE('',#2595,#2596,#964,.T.);
#3487=EDGE_CURVE('',#2594,#2596,#1860,.T.);
#3488=EDGE_CURVE('',#2597,#2598,#1861,.T.);
#3489=EDGE_CURVE('',#2597,#2599,#965,.T.);
#3490=EDGE_CURVE('',#2600,#2599,#1862,.T.);
#3491=EDGE_CURVE('',#2600,#2598,#966,.T.);
#3492=EDGE_CURVE('',#2601,#2597,#1863,.T.);
#3493=EDGE_CURVE('',#2601,#2602,#967,.T.);
#3494=EDGE_CURVE('',#2599,#2602,#1864,.T.);
#3495=EDGE_CURVE('',#2602,#2595,#1865,.T.);
#3496=EDGE_CURVE('',#2596,#2601,#1866,.T.);
#3497=EDGE_CURVE('',#2603,#2600,#1867,.T.);
#3498=EDGE_CURVE('',#2604,#2603,#968,.T.);
#3499=EDGE_CURVE('',#2598,#2604,#1868,.T.);
#3500=EDGE_CURVE('',#2605,#2603,#1869,.T.);
#3501=EDGE_CURVE('',#2605,#2606,#969,.T.);
#3502=EDGE_CURVE('',#2604,#2606,#1870,.T.);
#3503=EDGE_CURVE('',#2607,#2605,#1871,.T.);
#3504=EDGE_CURVE('',#2607,#2608,#970,.T.);
#3505=EDGE_CURVE('',#2606,#2608,#1872,.T.);
#3506=EDGE_CURVE('',#2609,#2610,#1873,.T.);
#3507=EDGE_CURVE('',#2609,#2611,#971,.T.);
#3508=EDGE_CURVE('',#2612,#2611,#1874,.T.);
#3509=EDGE_CURVE('',#2612,#2610,#972,.T.);
#3510=EDGE_CURVE('',#2613,#2609,#1875,.T.);
#3511=EDGE_CURVE('',#2613,#2614,#973,.T.);
#3512=EDGE_CURVE('',#2611,#2614,#1876,.T.);
#3513=EDGE_CURVE('',#2614,#2607,#1877,.T.);
#3514=EDGE_CURVE('',#2608,#2613,#1878,.T.);
#3515=EDGE_CURVE('',#2615,#2612,#1879,.T.);
#3516=EDGE_CURVE('',#2616,#2615,#974,.T.);
#3517=EDGE_CURVE('',#2610,#2616,#1880,.T.);
#3518=EDGE_CURVE('',#2617,#2615,#1881,.T.);
#3519=EDGE_CURVE('',#2617,#2618,#975,.T.);
#3520=EDGE_CURVE('',#2616,#2618,#1882,.T.);
#3521=EDGE_CURVE('',#2619,#2617,#1883,.T.);
#3522=EDGE_CURVE('',#2619,#2620,#976,.T.);
#3523=EDGE_CURVE('',#2618,#2620,#1884,.T.);
#3524=EDGE_CURVE('',#2621,#2622,#1885,.T.);
#3525=EDGE_CURVE('',#2621,#2623,#977,.T.);
#3526=EDGE_CURVE('',#2624,#2623,#1886,.T.);
#3527=EDGE_CURVE('',#2624,#2622,#978,.T.);
#3528=EDGE_CURVE('',#2625,#2621,#1887,.T.);
#3529=EDGE_CURVE('',#2625,#2626,#979,.T.);
#3530=EDGE_CURVE('',#2623,#2626,#1888,.T.);
#3531=EDGE_CURVE('',#2626,#2619,#1889,.T.);
#3532=EDGE_CURVE('',#2620,#2625,#1890,.T.);
#3533=EDGE_CURVE('',#2627,#2624,#1891,.T.);
#3534=EDGE_CURVE('',#2628,#2627,#980,.T.);
#3535=EDGE_CURVE('',#2622,#2628,#1892,.T.);
#3536=EDGE_CURVE('',#2629,#2627,#1893,.T.);
#3537=EDGE_CURVE('',#2629,#2630,#981,.T.);
#3538=EDGE_CURVE('',#2628,#2630,#1894,.T.);
#3539=EDGE_CURVE('',#2631,#2629,#1895,.T.);
#3540=EDGE_CURVE('',#2631,#2632,#982,.T.);
#3541=EDGE_CURVE('',#2630,#2632,#1896,.T.);
#3542=EDGE_CURVE('',#2633,#2634,#1897,.T.);
#3543=EDGE_CURVE('',#2633,#2635,#983,.T.);
#3544=EDGE_CURVE('',#2636,#2635,#1898,.T.);
#3545=EDGE_CURVE('',#2636,#2634,#984,.T.);
#3546=EDGE_CURVE('',#2637,#2633,#1899,.T.);
#3547=EDGE_CURVE('',#2637,#2638,#985,.T.);
#3548=EDGE_CURVE('',#2635,#2638,#1900,.T.);
#3549=EDGE_CURVE('',#2638,#2631,#1901,.T.);
#3550=EDGE_CURVE('',#2632,#2637,#1902,.T.);
#3551=EDGE_CURVE('',#2639,#2636,#1903,.T.);
#3552=EDGE_CURVE('',#2640,#2639,#986,.T.);
#3553=EDGE_CURVE('',#2634,#2640,#1904,.T.);
#3554=EDGE_CURVE('',#2641,#2639,#1905,.T.);
#3555=EDGE_CURVE('',#2641,#2642,#987,.T.);
#3556=EDGE_CURVE('',#2640,#2642,#1906,.T.);
#3557=EDGE_CURVE('',#2643,#2641,#1907,.T.);
#3558=EDGE_CURVE('',#2643,#2644,#988,.T.);
#3559=EDGE_CURVE('',#2642,#2644,#1908,.T.);
#3560=EDGE_CURVE('',#2645,#2646,#1909,.T.);
#3561=EDGE_CURVE('',#2645,#2647,#989,.T.);
#3562=EDGE_CURVE('',#2648,#2647,#1910,.T.);
#3563=EDGE_CURVE('',#2648,#2646,#990,.T.);
#3564=EDGE_CURVE('',#2649,#2645,#1911,.T.);
#3565=EDGE_CURVE('',#2649,#2650,#991,.T.);
#3566=EDGE_CURVE('',#2647,#2650,#1912,.T.);
#3567=EDGE_CURVE('',#2650,#2643,#1913,.T.);
#3568=EDGE_CURVE('',#2644,#2649,#1914,.T.);
#3569=EDGE_CURVE('',#2651,#2648,#1915,.T.);
#3570=EDGE_CURVE('',#2652,#2651,#992,.T.);
#3571=EDGE_CURVE('',#2646,#2652,#1916,.T.);
#3572=EDGE_CURVE('',#2653,#2651,#1917,.T.);
#3573=EDGE_CURVE('',#2653,#2654,#993,.T.);
#3574=EDGE_CURVE('',#2652,#2654,#1918,.T.);
#3575=EDGE_CURVE('',#2655,#2653,#1919,.T.);
#3576=EDGE_CURVE('',#2655,#2656,#994,.T.);
#3577=EDGE_CURVE('',#2654,#2656,#1920,.T.);
#3578=EDGE_CURVE('',#2657,#2658,#1921,.T.);
#3579=EDGE_CURVE('',#2657,#2659,#995,.T.);
#3580=EDGE_CURVE('',#2660,#2659,#1922,.T.);
#3581=EDGE_CURVE('',#2660,#2658,#996,.T.);
#3582=EDGE_CURVE('',#2661,#2657,#1923,.T.);
#3583=EDGE_CURVE('',#2661,#2662,#997,.T.);
#3584=EDGE_CURVE('',#2659,#2662,#1924,.T.);
#3585=EDGE_CURVE('',#2662,#2655,#1925,.T.);
#3586=EDGE_CURVE('',#2656,#2661,#1926,.T.);
#3587=EDGE_CURVE('',#2663,#2660,#1927,.T.);
#3588=EDGE_CURVE('',#2664,#2663,#998,.T.);
#3589=EDGE_CURVE('',#2658,#2664,#1928,.T.);
#3590=EDGE_CURVE('',#2665,#2663,#1929,.T.);
#3591=EDGE_CURVE('',#2665,#2666,#999,.T.);
#3592=EDGE_CURVE('',#2664,#2666,#1930,.T.);
#3593=EDGE_CURVE('',#2667,#2665,#1931,.T.);
#3594=EDGE_CURVE('',#2667,#2668,#1000,.T.);
#3595=EDGE_CURVE('',#2666,#2668,#1932,.T.);
#3596=EDGE_CURVE('',#2669,#2670,#1933,.T.);
#3597=EDGE_CURVE('',#2669,#2671,#1001,.T.);
#3598=EDGE_CURVE('',#2672,#2671,#1934,.T.);
#3599=EDGE_CURVE('',#2672,#2670,#1002,.T.);
#3600=EDGE_CURVE('',#2673,#2669,#1935,.T.);
#3601=EDGE_CURVE('',#2673,#2674,#1003,.T.);
#3602=EDGE_CURVE('',#2671,#2674,#1936,.T.);
#3603=EDGE_CURVE('',#2674,#2667,#1937,.T.);
#3604=EDGE_CURVE('',#2668,#2673,#1938,.T.);
#3605=EDGE_CURVE('',#2675,#2672,#1939,.T.);
#3606=EDGE_CURVE('',#2676,#2675,#1004,.T.);
#3607=EDGE_CURVE('',#2670,#2676,#1940,.T.);
#3608=EDGE_CURVE('',#2677,#2675,#1941,.T.);
#3609=EDGE_CURVE('',#2677,#2678,#1005,.T.);
#3610=EDGE_CURVE('',#2676,#2678,#1942,.T.);
#3611=EDGE_CURVE('',#2679,#2677,#1943,.T.);
#3612=EDGE_CURVE('',#2679,#2680,#1006,.T.);
#3613=EDGE_CURVE('',#2678,#2680,#1944,.T.);
#3614=EDGE_CURVE('',#2681,#2682,#1945,.T.);
#3615=EDGE_CURVE('',#2681,#2683,#1007,.T.);
#3616=EDGE_CURVE('',#2684,#2683,#1946,.T.);
#3617=EDGE_CURVE('',#2684,#2682,#1008,.T.);
#3618=EDGE_CURVE('',#2685,#2681,#1947,.T.);
#3619=EDGE_CURVE('',#2685,#2686,#1009,.T.);
#3620=EDGE_CURVE('',#2683,#2686,#1948,.T.);
#3621=EDGE_CURVE('',#2686,#2679,#1949,.T.);
#3622=EDGE_CURVE('',#2680,#2685,#1950,.T.);
#3623=EDGE_CURVE('',#2687,#2684,#1951,.T.);
#3624=EDGE_CURVE('',#2688,#2687,#1010,.T.);
#3625=EDGE_CURVE('',#2682,#2688,#1952,.T.);
#3626=EDGE_CURVE('',#2689,#2687,#1953,.T.);
#3627=EDGE_CURVE('',#2689,#2690,#1011,.T.);
#3628=EDGE_CURVE('',#2688,#2690,#1954,.T.);
#3629=EDGE_CURVE('',#2691,#2689,#1955,.T.);
#3630=EDGE_CURVE('',#2691,#2692,#1012,.T.);
#3631=EDGE_CURVE('',#2690,#2692,#1956,.T.);
#3632=EDGE_CURVE('',#2693,#2694,#1957,.T.);
#3633=EDGE_CURVE('',#2693,#2695,#1013,.T.);
#3634=EDGE_CURVE('',#2696,#2695,#1958,.T.);
#3635=EDGE_CURVE('',#2696,#2694,#1014,.T.);
#3636=EDGE_CURVE('',#2697,#2693,#1959,.T.);
#3637=EDGE_CURVE('',#2697,#2698,#1015,.T.);
#3638=EDGE_CURVE('',#2695,#2698,#1960,.T.);
#3639=EDGE_CURVE('',#2698,#2691,#1961,.T.);
#3640=EDGE_CURVE('',#2692,#2697,#1962,.T.);
#3641=EDGE_CURVE('',#2699,#2696,#1963,.T.);
#3642=EDGE_CURVE('',#2700,#2699,#1016,.T.);
#3643=EDGE_CURVE('',#2694,#2700,#1964,.T.);
#3644=EDGE_CURVE('',#2701,#2699,#1965,.T.);
#3645=EDGE_CURVE('',#2701,#2702,#1017,.T.);
#3646=EDGE_CURVE('',#2700,#2702,#1966,.T.);
#3647=EDGE_CURVE('',#2703,#2701,#1967,.T.);
#3648=EDGE_CURVE('',#2703,#2704,#1018,.T.);
#3649=EDGE_CURVE('',#2702,#2704,#1968,.T.);
#3650=EDGE_CURVE('',#2705,#2706,#1969,.T.);
#3651=EDGE_CURVE('',#2705,#2707,#1019,.T.);
#3652=EDGE_CURVE('',#2708,#2707,#1970,.T.);
#3653=EDGE_CURVE('',#2708,#2706,#1020,.T.);
#3654=EDGE_CURVE('',#2709,#2705,#1971,.T.);
#3655=EDGE_CURVE('',#2709,#2710,#1021,.T.);
#3656=EDGE_CURVE('',#2707,#2710,#1972,.T.);
#3657=EDGE_CURVE('',#2710,#2703,#1973,.T.);
#3658=EDGE_CURVE('',#2704,#2709,#1974,.T.);
#3659=EDGE_CURVE('',#2711,#2708,#1975,.T.);
#3660=EDGE_CURVE('',#2712,#2711,#1022,.T.);
#3661=EDGE_CURVE('',#2706,#2712,#1976,.T.);
#3662=EDGE_CURVE('',#2713,#2711,#1977,.T.);
#3663=EDGE_CURVE('',#2713,#2714,#1023,.T.);
#3664=EDGE_CURVE('',#2712,#2714,#1978,.T.);
#3665=EDGE_CURVE('',#2715,#2713,#1979,.T.);
#3666=EDGE_CURVE('',#2715,#2716,#1024,.T.);
#3667=EDGE_CURVE('',#2714,#2716,#1980,.T.);
#3668=EDGE_CURVE('',#2717,#2718,#1981,.T.);
#3669=EDGE_CURVE('',#2717,#2719,#1025,.T.);
#3670=EDGE_CURVE('',#2720,#2719,#1982,.T.);
#3671=EDGE_CURVE('',#2720,#2718,#1026,.T.);
#3672=EDGE_CURVE('',#2721,#2717,#1983,.T.);
#3673=EDGE_CURVE('',#2721,#2722,#1027,.T.);
#3674=EDGE_CURVE('',#2719,#2722,#1984,.T.);
#3675=EDGE_CURVE('',#2722,#2715,#1985,.T.);
#3676=EDGE_CURVE('',#2716,#2721,#1986,.T.);
#3677=EDGE_CURVE('',#2723,#2720,#1987,.T.);
#3678=EDGE_CURVE('',#2724,#2723,#1028,.T.);
#3679=EDGE_CURVE('',#2718,#2724,#1988,.T.);
#3680=EDGE_CURVE('',#2725,#2723,#1989,.T.);
#3681=EDGE_CURVE('',#2725,#2726,#1029,.T.);
#3682=EDGE_CURVE('',#2724,#2726,#1990,.T.);
#3683=EDGE_CURVE('',#2727,#2725,#1991,.T.);
#3684=EDGE_CURVE('',#2727,#2728,#1030,.T.);
#3685=EDGE_CURVE('',#2726,#2728,#1992,.T.);
#3686=EDGE_CURVE('',#2729,#2730,#1993,.T.);
#3687=EDGE_CURVE('',#2729,#2731,#1031,.T.);
#3688=EDGE_CURVE('',#2732,#2731,#1994,.T.);
#3689=EDGE_CURVE('',#2732,#2730,#1032,.T.);
#3690=EDGE_CURVE('',#2733,#2729,#1995,.T.);
#3691=EDGE_CURVE('',#2733,#2734,#1033,.T.);
#3692=EDGE_CURVE('',#2731,#2734,#1996,.T.);
#3693=EDGE_CURVE('',#2734,#2727,#1997,.T.);
#3694=EDGE_CURVE('',#2728,#2733,#1998,.T.);
#3695=EDGE_CURVE('',#2735,#2732,#1999,.T.);
#3696=EDGE_CURVE('',#2736,#2735,#1034,.T.);
#3697=EDGE_CURVE('',#2730,#2736,#2000,.T.);
#3698=EDGE_CURVE('',#2737,#2735,#2001,.T.);
#3699=EDGE_CURVE('',#2737,#2738,#1035,.T.);
#3700=EDGE_CURVE('',#2736,#2738,#2002,.T.);
#3701=EDGE_CURVE('',#2739,#2737,#2003,.T.);
#3702=EDGE_CURVE('',#2739,#2740,#1036,.T.);
#3703=EDGE_CURVE('',#2738,#2740,#2004,.T.);
#3704=EDGE_CURVE('',#2741,#2742,#2005,.T.);
#3705=EDGE_CURVE('',#2741,#2743,#1037,.T.);
#3706=EDGE_CURVE('',#2744,#2743,#2006,.T.);
#3707=EDGE_CURVE('',#2744,#2742,#1038,.T.);
#3708=EDGE_CURVE('',#2745,#2741,#2007,.T.);
#3709=EDGE_CURVE('',#2745,#2746,#1039,.T.);
#3710=EDGE_CURVE('',#2743,#2746,#2008,.T.);
#3711=EDGE_CURVE('',#2746,#2739,#2009,.T.);
#3712=EDGE_CURVE('',#2740,#2745,#2010,.T.);
#3713=EDGE_CURVE('',#2747,#2744,#2011,.T.);
#3714=EDGE_CURVE('',#2748,#2747,#1040,.T.);
#3715=EDGE_CURVE('',#2742,#2748,#2012,.T.);
#3716=EDGE_CURVE('',#2749,#2747,#2013,.T.);
#3717=EDGE_CURVE('',#2749,#2750,#1041,.T.);
#3718=EDGE_CURVE('',#2748,#2750,#2014,.T.);
#3719=EDGE_CURVE('',#2751,#2749,#2015,.T.);
#3720=EDGE_CURVE('',#2751,#2752,#1042,.T.);
#3721=EDGE_CURVE('',#2750,#2752,#2016,.T.);
#3722=EDGE_CURVE('',#2753,#2754,#2017,.T.);
#3723=EDGE_CURVE('',#2753,#2755,#1043,.T.);
#3724=EDGE_CURVE('',#2756,#2755,#2018,.T.);
#3725=EDGE_CURVE('',#2756,#2754,#1044,.T.);
#3726=EDGE_CURVE('',#2757,#2753,#2019,.T.);
#3727=EDGE_CURVE('',#2757,#2758,#1045,.T.);
#3728=EDGE_CURVE('',#2755,#2758,#2020,.T.);
#3729=EDGE_CURVE('',#2758,#2751,#2021,.T.);
#3730=EDGE_CURVE('',#2752,#2757,#2022,.T.);
#3731=EDGE_CURVE('',#2759,#2756,#2023,.T.);
#3732=EDGE_CURVE('',#2760,#2759,#1046,.T.);
#3733=EDGE_CURVE('',#2754,#2760,#2024,.T.);
#3734=EDGE_CURVE('',#2761,#2759,#2025,.T.);
#3735=EDGE_CURVE('',#2761,#2762,#1047,.T.);
#3736=EDGE_CURVE('',#2760,#2762,#2026,.T.);
#3737=EDGE_CURVE('',#2763,#2761,#2027,.T.);
#3738=EDGE_CURVE('',#2763,#2764,#1048,.T.);
#3739=EDGE_CURVE('',#2762,#2764,#2028,.T.);
#3740=EDGE_CURVE('',#2765,#2766,#2029,.T.);
#3741=EDGE_CURVE('',#2765,#2767,#1049,.T.);
#3742=EDGE_CURVE('',#2768,#2767,#2030,.T.);
#3743=EDGE_CURVE('',#2768,#2766,#1050,.T.);
#3744=EDGE_CURVE('',#2769,#2765,#2031,.T.);
#3745=EDGE_CURVE('',#2769,#2770,#1051,.T.);
#3746=EDGE_CURVE('',#2767,#2770,#2032,.T.);
#3747=EDGE_CURVE('',#2770,#2763,#2033,.T.);
#3748=EDGE_CURVE('',#2764,#2769,#2034,.T.);
#3749=EDGE_CURVE('',#2771,#2768,#2035,.T.);
#3750=EDGE_CURVE('',#2772,#2771,#1052,.T.);
#3751=EDGE_CURVE('',#2766,#2772,#2036,.T.);
#3752=EDGE_CURVE('',#2773,#2771,#2037,.T.);
#3753=EDGE_CURVE('',#2773,#2774,#1053,.T.);
#3754=EDGE_CURVE('',#2772,#2774,#2038,.T.);
#3755=EDGE_CURVE('',#2775,#2773,#2039,.T.);
#3756=EDGE_CURVE('',#2775,#2776,#1054,.T.);
#3757=EDGE_CURVE('',#2774,#2776,#2040,.T.);
#3758=EDGE_CURVE('',#2777,#2778,#2041,.T.);
#3759=EDGE_CURVE('',#2777,#2779,#1055,.T.);
#3760=EDGE_CURVE('',#2780,#2779,#2042,.T.);
#3761=EDGE_CURVE('',#2780,#2778,#1056,.T.);
#3762=EDGE_CURVE('',#2781,#2777,#2043,.T.);
#3763=EDGE_CURVE('',#2781,#2782,#1057,.T.);
#3764=EDGE_CURVE('',#2779,#2782,#2044,.T.);
#3765=EDGE_CURVE('',#2782,#2775,#2045,.T.);
#3766=EDGE_CURVE('',#2776,#2781,#2046,.T.);
#3767=EDGE_CURVE('',#2783,#2780,#2047,.T.);
#3768=EDGE_CURVE('',#2784,#2783,#1058,.T.);
#3769=EDGE_CURVE('',#2778,#2784,#2048,.T.);
#3770=EDGE_CURVE('',#2785,#2783,#2049,.T.);
#3771=EDGE_CURVE('',#2785,#2786,#1059,.T.);
#3772=EDGE_CURVE('',#2784,#2786,#2050,.T.);
#3773=EDGE_CURVE('',#2787,#2785,#2051,.T.);
#3774=EDGE_CURVE('',#2787,#2788,#1060,.T.);
#3775=EDGE_CURVE('',#2786,#2788,#2052,.T.);
#3776=EDGE_CURVE('',#2789,#2790,#2053,.T.);
#3777=EDGE_CURVE('',#2789,#2791,#1061,.T.);
#3778=EDGE_CURVE('',#2792,#2791,#2054,.T.);
#3779=EDGE_CURVE('',#2792,#2790,#1062,.T.);
#3780=EDGE_CURVE('',#2793,#2789,#2055,.T.);
#3781=EDGE_CURVE('',#2793,#2794,#1063,.T.);
#3782=EDGE_CURVE('',#2791,#2794,#2056,.T.);
#3783=EDGE_CURVE('',#2794,#2787,#2057,.T.);
#3784=EDGE_CURVE('',#2788,#2793,#2058,.T.);
#3785=EDGE_CURVE('',#2795,#2792,#2059,.T.);
#3786=EDGE_CURVE('',#2796,#2795,#1064,.T.);
#3787=EDGE_CURVE('',#2790,#2796,#2060,.T.);
#3788=EDGE_CURVE('',#2797,#2795,#2061,.T.);
#3789=EDGE_CURVE('',#2797,#2798,#1065,.T.);
#3790=EDGE_CURVE('',#2796,#2798,#2062,.T.);
#3791=EDGE_CURVE('',#2799,#2797,#2063,.T.);
#3792=EDGE_CURVE('',#2799,#2800,#1066,.T.);
#3793=EDGE_CURVE('',#2798,#2800,#2064,.T.);
#3794=EDGE_CURVE('',#2801,#2802,#2065,.T.);
#3795=EDGE_CURVE('',#2801,#2803,#1067,.T.);
#3796=EDGE_CURVE('',#2804,#2803,#2066,.T.);
#3797=EDGE_CURVE('',#2804,#2802,#1068,.T.);
#3798=EDGE_CURVE('',#2805,#2801,#2067,.T.);
#3799=EDGE_CURVE('',#2805,#2806,#1069,.T.);
#3800=EDGE_CURVE('',#2803,#2806,#2068,.T.);
#3801=EDGE_CURVE('',#2806,#2799,#2069,.T.);
#3802=EDGE_CURVE('',#2800,#2805,#2070,.T.);
#3803=EDGE_CURVE('',#2807,#2804,#2071,.T.);
#3804=EDGE_CURVE('',#2808,#2807,#1070,.T.);
#3805=EDGE_CURVE('',#2802,#2808,#2072,.T.);
#3806=EDGE_CURVE('',#2809,#2807,#2073,.T.);
#3807=EDGE_CURVE('',#2809,#2810,#1071,.T.);
#3808=EDGE_CURVE('',#2808,#2810,#2074,.T.);
#3809=EDGE_CURVE('',#2811,#2809,#2075,.T.);
#3810=EDGE_CURVE('',#2811,#2812,#1072,.T.);
#3811=EDGE_CURVE('',#2810,#2812,#2076,.T.);
#3812=EDGE_CURVE('',#2813,#2814,#2077,.T.);
#3813=EDGE_CURVE('',#2813,#2815,#1073,.T.);
#3814=EDGE_CURVE('',#2816,#2815,#2078,.T.);
#3815=EDGE_CURVE('',#2816,#2814,#1074,.T.);
#3816=EDGE_CURVE('',#2817,#2813,#2079,.T.);
#3817=EDGE_CURVE('',#2817,#2818,#1075,.T.);
#3818=EDGE_CURVE('',#2815,#2818,#2080,.T.);
#3819=EDGE_CURVE('',#2818,#2811,#2081,.T.);
#3820=EDGE_CURVE('',#2812,#2817,#2082,.T.);
#3821=EDGE_CURVE('',#2819,#2816,#2083,.T.);
#3822=EDGE_CURVE('',#2820,#2819,#1076,.T.);
#3823=EDGE_CURVE('',#2814,#2820,#2084,.T.);
#3824=EDGE_CURVE('',#2821,#2819,#2085,.T.);
#3825=EDGE_CURVE('',#2821,#2822,#1077,.T.);
#3826=EDGE_CURVE('',#2820,#2822,#2086,.T.);
#3827=EDGE_CURVE('',#2823,#2821,#2087,.T.);
#3828=EDGE_CURVE('',#2823,#2824,#1078,.T.);
#3829=EDGE_CURVE('',#2822,#2824,#2088,.T.);
#3830=EDGE_CURVE('',#2825,#2826,#2089,.T.);
#3831=EDGE_CURVE('',#2825,#2827,#1079,.T.);
#3832=EDGE_CURVE('',#2828,#2827,#2090,.T.);
#3833=EDGE_CURVE('',#2828,#2826,#1080,.T.);
#3834=EDGE_CURVE('',#2829,#2825,#2091,.T.);
#3835=EDGE_CURVE('',#2829,#2830,#1081,.T.);
#3836=EDGE_CURVE('',#2827,#2830,#2092,.T.);
#3837=EDGE_CURVE('',#2830,#2823,#2093,.T.);
#3838=EDGE_CURVE('',#2824,#2829,#2094,.T.);
#3839=EDGE_CURVE('',#2831,#2828,#2095,.T.);
#3840=EDGE_CURVE('',#2832,#2831,#1082,.T.);
#3841=EDGE_CURVE('',#2826,#2832,#2096,.T.);
#3842=EDGE_CURVE('',#2833,#2831,#2097,.T.);
#3843=EDGE_CURVE('',#2833,#2834,#1083,.T.);
#3844=EDGE_CURVE('',#2832,#2834,#2098,.T.);
#3845=EDGE_CURVE('',#2835,#2833,#2099,.T.);
#3846=EDGE_CURVE('',#2835,#2836,#1084,.T.);
#3847=EDGE_CURVE('',#2834,#2836,#2100,.T.);
#3848=EDGE_CURVE('',#2837,#2838,#2101,.T.);
#3849=EDGE_CURVE('',#2837,#2839,#1085,.T.);
#3850=EDGE_CURVE('',#2840,#2839,#2102,.T.);
#3851=EDGE_CURVE('',#2840,#2838,#1086,.T.);
#3852=EDGE_CURVE('',#2841,#2837,#2103,.T.);
#3853=EDGE_CURVE('',#2841,#2842,#1087,.T.);
#3854=EDGE_CURVE('',#2839,#2842,#2104,.T.);
#3855=EDGE_CURVE('',#2842,#2835,#2105,.T.);
#3856=EDGE_CURVE('',#2836,#2841,#2106,.T.);
#3857=EDGE_CURVE('',#2843,#2840,#2107,.T.);
#3858=EDGE_CURVE('',#2844,#2843,#1088,.T.);
#3859=EDGE_CURVE('',#2838,#2844,#2108,.T.);
#3860=EDGE_CURVE('',#2845,#2843,#2109,.T.);
#3861=EDGE_CURVE('',#2845,#2846,#1089,.T.);
#3862=EDGE_CURVE('',#2844,#2846,#2110,.T.);
#3863=EDGE_CURVE('',#2847,#2845,#2111,.T.);
#3864=EDGE_CURVE('',#2847,#2848,#1090,.T.);
#3865=EDGE_CURVE('',#2846,#2848,#2112,.T.);
#3866=EDGE_CURVE('',#2849,#2850,#2113,.T.);
#3867=EDGE_CURVE('',#2849,#2851,#1091,.T.);
#3868=EDGE_CURVE('',#2852,#2851,#2114,.T.);
#3869=EDGE_CURVE('',#2852,#2850,#1092,.T.);
#3870=EDGE_CURVE('',#2853,#2849,#2115,.T.);
#3871=EDGE_CURVE('',#2853,#2854,#1093,.T.);
#3872=EDGE_CURVE('',#2851,#2854,#2116,.T.);
#3873=EDGE_CURVE('',#2854,#2847,#2117,.T.);
#3874=EDGE_CURVE('',#2848,#2853,#2118,.T.);
#3875=EDGE_CURVE('',#2855,#2852,#2119,.T.);
#3876=EDGE_CURVE('',#2856,#2855,#1094,.T.);
#3877=EDGE_CURVE('',#2850,#2856,#2120,.T.);
#3878=EDGE_CURVE('',#2857,#2855,#2121,.T.);
#3879=EDGE_CURVE('',#2857,#2858,#1095,.T.);
#3880=EDGE_CURVE('',#2856,#2858,#2122,.T.);
#3881=EDGE_CURVE('',#2859,#2857,#2123,.T.);
#3882=EDGE_CURVE('',#2859,#2860,#1096,.T.);
#3883=EDGE_CURVE('',#2858,#2860,#2124,.T.);
#3884=EDGE_CURVE('',#2861,#2862,#2125,.T.);
#3885=EDGE_CURVE('',#2861,#2863,#1097,.T.);
#3886=EDGE_CURVE('',#2864,#2863,#2126,.T.);
#3887=EDGE_CURVE('',#2864,#2862,#1098,.T.);
#3888=EDGE_CURVE('',#2865,#2861,#2127,.T.);
#3889=EDGE_CURVE('',#2865,#2866,#1099,.T.);
#3890=EDGE_CURVE('',#2863,#2866,#2128,.T.);
#3891=EDGE_CURVE('',#2866,#2859,#2129,.T.);
#3892=EDGE_CURVE('',#2860,#2865,#2130,.T.);
#3893=EDGE_CURVE('',#2867,#2864,#2131,.T.);
#3894=EDGE_CURVE('',#2868,#2867,#1100,.T.);
#3895=EDGE_CURVE('',#2862,#2868,#2132,.T.);
#3896=EDGE_CURVE('',#2869,#2867,#2133,.T.);
#3897=EDGE_CURVE('',#2869,#2870,#1101,.T.);
#3898=EDGE_CURVE('',#2868,#2870,#2134,.T.);
#3899=EDGE_CURVE('',#2871,#2869,#2135,.T.);
#3900=EDGE_CURVE('',#2871,#2872,#1102,.T.);
#3901=EDGE_CURVE('',#2870,#2872,#2136,.T.);
#3902=EDGE_CURVE('',#2873,#2874,#2137,.T.);
#3903=EDGE_CURVE('',#2873,#2875,#1103,.T.);
#3904=EDGE_CURVE('',#2876,#2875,#2138,.T.);
#3905=EDGE_CURVE('',#2876,#2874,#1104,.T.);
#3906=EDGE_CURVE('',#2877,#2873,#2139,.T.);
#3907=EDGE_CURVE('',#2877,#2878,#1105,.T.);
#3908=EDGE_CURVE('',#2875,#2878,#2140,.T.);
#3909=EDGE_CURVE('',#2878,#2871,#2141,.T.);
#3910=EDGE_CURVE('',#2872,#2877,#2142,.T.);
#3911=EDGE_CURVE('',#2879,#2876,#2143,.T.);
#3912=EDGE_CURVE('',#2880,#2879,#1106,.T.);
#3913=EDGE_CURVE('',#2874,#2880,#2144,.T.);
#3914=EDGE_CURVE('',#2881,#2879,#2145,.T.);
#3915=EDGE_CURVE('',#2881,#2882,#1107,.T.);
#3916=EDGE_CURVE('',#2880,#2882,#2146,.T.);
#3917=EDGE_CURVE('',#2883,#2881,#2147,.T.);
#3918=EDGE_CURVE('',#2883,#2884,#1108,.T.);
#3919=EDGE_CURVE('',#2882,#2884,#2148,.T.);
#3920=EDGE_CURVE('',#2885,#2886,#2149,.T.);
#3921=EDGE_CURVE('',#2885,#2887,#1109,.T.);
#3922=EDGE_CURVE('',#2888,#2887,#2150,.T.);
#3923=EDGE_CURVE('',#2888,#2886,#1110,.T.);
#3924=EDGE_CURVE('',#2889,#2885,#2151,.T.);
#3925=EDGE_CURVE('',#2889,#2890,#1111,.T.);
#3926=EDGE_CURVE('',#2887,#2890,#2152,.T.);
#3927=EDGE_CURVE('',#2890,#2883,#2153,.T.);
#3928=EDGE_CURVE('',#2884,#2889,#2154,.T.);
#3929=EDGE_CURVE('',#2891,#2888,#2155,.T.);
#3930=EDGE_CURVE('',#2892,#2891,#1112,.T.);
#3931=EDGE_CURVE('',#2886,#2892,#2156,.T.);
#3932=EDGE_CURVE('',#2893,#2891,#2157,.T.);
#3933=EDGE_CURVE('',#2893,#2894,#1113,.T.);
#3934=EDGE_CURVE('',#2892,#2894,#2158,.T.);
#3935=EDGE_CURVE('',#2895,#2893,#2159,.T.);
#3936=EDGE_CURVE('',#2895,#2896,#1114,.T.);
#3937=EDGE_CURVE('',#2894,#2896,#2160,.T.);
#3938=EDGE_CURVE('',#2897,#2898,#2161,.T.);
#3939=EDGE_CURVE('',#2897,#2899,#1115,.T.);
#3940=EDGE_CURVE('',#2900,#2899,#2162,.T.);
#3941=EDGE_CURVE('',#2900,#2898,#1116,.T.);
#3942=EDGE_CURVE('',#2901,#2897,#2163,.T.);
#3943=EDGE_CURVE('',#2901,#2902,#1117,.T.);
#3944=EDGE_CURVE('',#2899,#2902,#2164,.T.);
#3945=EDGE_CURVE('',#2902,#2895,#2165,.T.);
#3946=EDGE_CURVE('',#2896,#2901,#2166,.T.);
#3947=EDGE_CURVE('',#2903,#2900,#2167,.T.);
#3948=EDGE_CURVE('',#2904,#2903,#1118,.T.);
#3949=EDGE_CURVE('',#2898,#2904,#2168,.T.);
#3950=EDGE_CURVE('',#2905,#2903,#2169,.T.);
#3951=EDGE_CURVE('',#2905,#2906,#1119,.T.);
#3952=EDGE_CURVE('',#2904,#2906,#2170,.T.);
#3953=EDGE_CURVE('',#2907,#2905,#2171,.T.);
#3954=EDGE_CURVE('',#2907,#2908,#1120,.T.);
#3955=EDGE_CURVE('',#2906,#2908,#2172,.T.);
#3956=EDGE_CURVE('',#2909,#2910,#2173,.T.);
#3957=EDGE_CURVE('',#2909,#2911,#1121,.T.);
#3958=EDGE_CURVE('',#2912,#2911,#2174,.T.);
#3959=EDGE_CURVE('',#2912,#2910,#1122,.T.);
#3960=EDGE_CURVE('',#2913,#2909,#2175,.T.);
#3961=EDGE_CURVE('',#2913,#2914,#1123,.T.);
#3962=EDGE_CURVE('',#2911,#2914,#2176,.T.);
#3963=EDGE_CURVE('',#2914,#2907,#2177,.T.);
#3964=EDGE_CURVE('',#2908,#2913,#2178,.T.);
#3965=EDGE_CURVE('',#2915,#2912,#2179,.T.);
#3966=EDGE_CURVE('',#2916,#2915,#1124,.T.);
#3967=EDGE_CURVE('',#2910,#2916,#2180,.T.);
#3968=EDGE_CURVE('',#2917,#2915,#2181,.T.);
#3969=EDGE_CURVE('',#2917,#2918,#1125,.T.);
#3970=EDGE_CURVE('',#2916,#2918,#2182,.T.);
#3971=EDGE_CURVE('',#2919,#2917,#2183,.T.);
#3972=EDGE_CURVE('',#2919,#2920,#1126,.T.);
#3973=EDGE_CURVE('',#2918,#2920,#2184,.T.);
#3974=EDGE_CURVE('',#2921,#2922,#2185,.T.);
#3975=EDGE_CURVE('',#2921,#2923,#1127,.T.);
#3976=EDGE_CURVE('',#2924,#2923,#2186,.T.);
#3977=EDGE_CURVE('',#2924,#2922,#1128,.T.);
#3978=EDGE_CURVE('',#2925,#2921,#2187,.T.);
#3979=EDGE_CURVE('',#2925,#2926,#1129,.T.);
#3980=EDGE_CURVE('',#2923,#2926,#2188,.T.);
#3981=EDGE_CURVE('',#2926,#2919,#2189,.T.);
#3982=EDGE_CURVE('',#2920,#2925,#2190,.T.);
#3983=EDGE_CURVE('',#2927,#2924,#2191,.T.);
#3984=EDGE_CURVE('',#2928,#2927,#1130,.T.);
#3985=EDGE_CURVE('',#2922,#2928,#2192,.T.);
#3986=EDGE_CURVE('',#2929,#2927,#2193,.T.);
#3987=EDGE_CURVE('',#2929,#2930,#1131,.T.);
#3988=EDGE_CURVE('',#2928,#2930,#2194,.T.);
#3989=EDGE_CURVE('',#2931,#2929,#2195,.T.);
#3990=EDGE_CURVE('',#2931,#2932,#1132,.T.);
#3991=EDGE_CURVE('',#2930,#2932,#2196,.T.);
#3992=EDGE_CURVE('',#2933,#2934,#2197,.T.);
#3993=EDGE_CURVE('',#2933,#2935,#1133,.T.);
#3994=EDGE_CURVE('',#2936,#2935,#2198,.T.);
#3995=EDGE_CURVE('',#2936,#2934,#1134,.T.);
#3996=EDGE_CURVE('',#2937,#2933,#2199,.T.);
#3997=EDGE_CURVE('',#2937,#2938,#1135,.T.);
#3998=EDGE_CURVE('',#2935,#2938,#2200,.T.);
#3999=EDGE_CURVE('',#2938,#2931,#2201,.T.);
#4000=EDGE_CURVE('',#2932,#2937,#2202,.T.);
#4001=EDGE_CURVE('',#2939,#2936,#2203,.T.);
#4002=EDGE_CURVE('',#2940,#2939,#1136,.T.);
#4003=EDGE_CURVE('',#2934,#2940,#2204,.T.);
#4004=EDGE_CURVE('',#2941,#2939,#2205,.T.);
#4005=EDGE_CURVE('',#2941,#2942,#1137,.T.);
#4006=EDGE_CURVE('',#2940,#2942,#2206,.T.);
#4007=EDGE_CURVE('',#2943,#2941,#2207,.T.);
#4008=EDGE_CURVE('',#2943,#2944,#1138,.T.);
#4009=EDGE_CURVE('',#2942,#2944,#2208,.T.);
#4010=EDGE_CURVE('',#2945,#2946,#2209,.T.);
#4011=EDGE_CURVE('',#2945,#2947,#1139,.T.);
#4012=EDGE_CURVE('',#2948,#2947,#2210,.T.);
#4013=EDGE_CURVE('',#2948,#2946,#1140,.T.);
#4014=EDGE_CURVE('',#2949,#2945,#2211,.T.);
#4015=EDGE_CURVE('',#2949,#2950,#1141,.T.);
#4016=EDGE_CURVE('',#2947,#2950,#2212,.T.);
#4017=EDGE_CURVE('',#2950,#2943,#2213,.T.);
#4018=EDGE_CURVE('',#2944,#2949,#2214,.T.);
#4019=EDGE_CURVE('',#2951,#2948,#2215,.T.);
#4020=EDGE_CURVE('',#2952,#2951,#1142,.T.);
#4021=EDGE_CURVE('',#2946,#2952,#2216,.T.);
#4022=EDGE_CURVE('',#2953,#2951,#2217,.T.);
#4023=EDGE_CURVE('',#2953,#2954,#1143,.T.);
#4024=EDGE_CURVE('',#2952,#2954,#2218,.T.);
#4025=EDGE_CURVE('',#2955,#2953,#2219,.T.);
#4026=EDGE_CURVE('',#2955,#2956,#1144,.T.);
#4027=EDGE_CURVE('',#2954,#2956,#2220,.T.);
#4028=EDGE_CURVE('',#2957,#2958,#2221,.T.);
#4029=EDGE_CURVE('',#2957,#2959,#1145,.T.);
#4030=EDGE_CURVE('',#2960,#2959,#2222,.T.);
#4031=EDGE_CURVE('',#2960,#2958,#1146,.T.);
#4032=EDGE_CURVE('',#2961,#2957,#2223,.T.);
#4033=EDGE_CURVE('',#2961,#2962,#1147,.T.);
#4034=EDGE_CURVE('',#2959,#2962,#2224,.T.);
#4035=EDGE_CURVE('',#2962,#2955,#2225,.T.);
#4036=EDGE_CURVE('',#2956,#2961,#2226,.T.);
#4037=EDGE_CURVE('',#2963,#2960,#2227,.T.);
#4038=EDGE_CURVE('',#2964,#2963,#1148,.T.);
#4039=EDGE_CURVE('',#2958,#2964,#2228,.T.);
#4040=EDGE_CURVE('',#2965,#2963,#2229,.T.);
#4041=EDGE_CURVE('',#2965,#2966,#1149,.T.);
#4042=EDGE_CURVE('',#2964,#2966,#2230,.T.);
#4043=EDGE_CURVE('',#2967,#2965,#2231,.T.);
#4044=EDGE_CURVE('',#2967,#2968,#1150,.T.);
#4045=EDGE_CURVE('',#2966,#2968,#2232,.T.);
#4046=EDGE_CURVE('',#2969,#2970,#2233,.T.);
#4047=EDGE_CURVE('',#2969,#2971,#1151,.T.);
#4048=EDGE_CURVE('',#2972,#2971,#2234,.T.);
#4049=EDGE_CURVE('',#2972,#2970,#1152,.T.);
#4050=EDGE_CURVE('',#2973,#2969,#2235,.T.);
#4051=EDGE_CURVE('',#2973,#2974,#1153,.T.);
#4052=EDGE_CURVE('',#2971,#2974,#2236,.T.);
#4053=EDGE_CURVE('',#2974,#2967,#2237,.T.);
#4054=EDGE_CURVE('',#2968,#2973,#2238,.T.);
#4055=EDGE_CURVE('',#2975,#2972,#2239,.T.);
#4056=EDGE_CURVE('',#2976,#2975,#1154,.T.);
#4057=EDGE_CURVE('',#2970,#2976,#2240,.T.);
#4058=EDGE_CURVE('',#2977,#2975,#2241,.T.);
#4059=EDGE_CURVE('',#2977,#2978,#1155,.T.);
#4060=EDGE_CURVE('',#2976,#2978,#2242,.T.);
#4061=EDGE_CURVE('',#2979,#2977,#2243,.T.);
#4062=EDGE_CURVE('',#2979,#2980,#1156,.T.);
#4063=EDGE_CURVE('',#2978,#2980,#2244,.T.);
#4064=EDGE_CURVE('',#2981,#2982,#2245,.T.);
#4065=EDGE_CURVE('',#2981,#2983,#1157,.T.);
#4066=EDGE_CURVE('',#2984,#2983,#2246,.T.);
#4067=EDGE_CURVE('',#2984,#2982,#1158,.T.);
#4068=EDGE_CURVE('',#2985,#2981,#2247,.T.);
#4069=EDGE_CURVE('',#2985,#2986,#1159,.T.);
#4070=EDGE_CURVE('',#2983,#2986,#2248,.T.);
#4071=EDGE_CURVE('',#2986,#2979,#2249,.T.);
#4072=EDGE_CURVE('',#2980,#2985,#2250,.T.);
#4073=EDGE_CURVE('',#2987,#2984,#2251,.T.);
#4074=EDGE_CURVE('',#2988,#2987,#1160,.T.);
#4075=EDGE_CURVE('',#2982,#2988,#2252,.T.);
#4076=EDGE_CURVE('',#2989,#2987,#2253,.T.);
#4077=EDGE_CURVE('',#2989,#2990,#1161,.T.);
#4078=EDGE_CURVE('',#2988,#2990,#2254,.T.);
#4079=EDGE_CURVE('',#2991,#2989,#2255,.T.);
#4080=EDGE_CURVE('',#2991,#2992,#1162,.T.);
#4081=EDGE_CURVE('',#2990,#2992,#2256,.T.);
#4082=EDGE_CURVE('',#2993,#2994,#2257,.T.);
#4083=EDGE_CURVE('',#2993,#2995,#1163,.T.);
#4084=EDGE_CURVE('',#2996,#2995,#2258,.T.);
#4085=EDGE_CURVE('',#2996,#2994,#1164,.T.);
#4086=EDGE_CURVE('',#2997,#2993,#2259,.T.);
#4087=EDGE_CURVE('',#2997,#2998,#1165,.T.);
#4088=EDGE_CURVE('',#2995,#2998,#2260,.T.);
#4089=EDGE_CURVE('',#2998,#2991,#2261,.T.);
#4090=EDGE_CURVE('',#2992,#2997,#2262,.T.);
#4091=EDGE_CURVE('',#2999,#2996,#2263,.T.);
#4092=EDGE_CURVE('',#3000,#2999,#1166,.T.);
#4093=EDGE_CURVE('',#2994,#3000,#2264,.T.);
#4094=EDGE_CURVE('',#3000,#3001,#2265,.T.);
#4095=EDGE_CURVE('',#3002,#2999,#2266,.T.);
#4096=EDGE_CURVE('',#3002,#3001,#1167,.T.);
#4097=EDGE_CURVE('',#2304,#3003,#2267,.T.);
#4098=EDGE_CURVE('',#3004,#2303,#2268,.T.);
#4099=EDGE_CURVE('',#3004,#3003,#1168,.T.);
#4100=EDGE_CURVE('',#3005,#3004,#2269,.T.);
#4101=EDGE_CURVE('',#3005,#3006,#1169,.T.);
#4102=EDGE_CURVE('',#3003,#3006,#2270,.T.);
#4103=EDGE_CURVE('',#3007,#3002,#2271,.T.);
#4104=EDGE_CURVE('',#3007,#3008,#1170,.T.);
#4105=EDGE_CURVE('',#3001,#3008,#2272,.T.);
#4106=EDGE_CURVE('',#3006,#3007,#2273,.T.);
#4107=EDGE_CURVE('',#3008,#3005,#2274,.T.);
#4108=EDGE_CURVE('',#3009,#3009,#40,.T.);
#4109=EDGE_CURVE('',#3009,#3010,#1171,.T.);
#4110=EDGE_CURVE('',#3010,#3010,#41,.T.);
#4111=EDGE_CURVE('',#3011,#3011,#2275,.T.);
#4112=EDGE_CURVE('',#3011,#3012,#1172,.T.);
#4113=EDGE_CURVE('',#3012,#3012,#2276,.T.);
#4114=EDGE_CURVE('',#3013,#3013,#2277,.T.);
#4115=EDGE_CURVE('',#3013,#3011,#1173,.T.);
#4116=EDGE_CURVE('',#3014,#3014,#42,.T.);
#4117=EDGE_CURVE('',#3014,#3015,#1174,.T.);
#4118=EDGE_CURVE('',#3015,#3015,#43,.T.);
#4119=EDGE_CURVE('',#3015,#3016,#1175,.T.);
#4120=EDGE_CURVE('',#3016,#3016,#44,.T.);
#4121=EDGE_CURVE('',#3017,#3017,#2278,.T.);
#4122=EDGE_CURVE('',#3017,#3018,#1176,.T.);
#4123=EDGE_CURVE('',#3018,#3018,#2279,.T.);
#4124=EDGE_CURVE('',#3019,#3019,#2280,.T.);
#4125=EDGE_CURVE('',#3018,#3020,#1177,.T.);
#4126=EDGE_CURVE('',#3020,#3020,#2281,.T.);
#4127=EDGE_CURVE('',#3019,#3013,#1178,.T.);
#4128=EDGE_CURVE('',#3021,#3021,#2282,.T.);
#4129=EDGE_CURVE('',#3021,#3022,#1179,.T.);
#4130=EDGE_CURVE('',#3022,#3022,#2283,.T.);
#4131=EDGE_CURVE('',#3023,#3023,#2284,.T.);
#4132=EDGE_CURVE('',#3024,#3024,#2285,.T.);
#4133=EDGE_CURVE('',#3024,#3025,#1180,.T.);
#4134=EDGE_CURVE('',#3025,#3025,#2286,.T.);
#4135=EDGE_CURVE('',#3023,#3024,#1181,.T.);
#4136=EDGE_CURVE('',#3026,#3026,#2287,.T.);
#4137=EDGE_CURVE('',#3027,#3027,#2288,.T.);
#4138=EDGE_CURVE('',#3027,#3026,#1182,.T.);
#4139=ORIENTED_EDGE('',*,*,#3028,.F.);
#4140=ORIENTED_EDGE('',*,*,#3029,.T.);
#4141=ORIENTED_EDGE('',*,*,#3030,.F.);
#4142=ORIENTED_EDGE('',*,*,#3031,.T.);
#4143=ORIENTED_EDGE('',*,*,#3029,.F.);
#4144=ORIENTED_EDGE('',*,*,#3032,.F.);
#4145=ORIENTED_EDGE('',*,*,#3033,.T.);
#4146=ORIENTED_EDGE('',*,*,#3034,.F.);
#4147=ORIENTED_EDGE('',*,*,#3035,.F.);
#4148=ORIENTED_EDGE('',*,*,#3036,.T.);
#4149=ORIENTED_EDGE('',*,*,#3037,.F.);
#4150=ORIENTED_EDGE('',*,*,#3038,.T.);
#4151=ORIENTED_EDGE('',*,*,#3036,.F.);
#4152=ORIENTED_EDGE('',*,*,#3039,.F.);
#4153=ORIENTED_EDGE('',*,*,#3040,.T.);
#4154=ORIENTED_EDGE('',*,*,#3041,.F.);
#4155=ORIENTED_EDGE('',*,*,#3033,.F.);
#4156=ORIENTED_EDGE('',*,*,#3042,.F.);
#4157=ORIENTED_EDGE('',*,*,#3040,.F.);
#4158=ORIENTED_EDGE('',*,*,#3043,.F.);
#4159=ORIENTED_EDGE('',*,*,#3038,.F.);
#4160=ORIENTED_EDGE('',*,*,#3044,.F.);
#4161=ORIENTED_EDGE('',*,*,#3045,.F.);
#4162=ORIENTED_EDGE('',*,*,#3046,.F.);
#4163=ORIENTED_EDGE('',*,*,#3031,.F.);
#4164=ORIENTED_EDGE('',*,*,#3047,.F.);
#4165=ORIENTED_EDGE('',*,*,#3048,.F.);
#4166=ORIENTED_EDGE('',*,*,#3049,.F.);
#4167=ORIENTED_EDGE('',*,*,#3050,.F.);
#4168=ORIENTED_EDGE('',*,*,#3051,.T.);
#4169=ORIENTED_EDGE('',*,*,#3052,.F.);
#4170=ORIENTED_EDGE('',*,*,#3045,.T.);
#4171=ORIENTED_EDGE('',*,*,#3051,.F.);
#4172=ORIENTED_EDGE('',*,*,#3053,.F.);
#4173=ORIENTED_EDGE('',*,*,#3054,.T.);
#4174=ORIENTED_EDGE('',*,*,#3055,.F.);
#4175=ORIENTED_EDGE('',*,*,#3056,.F.);
#4176=ORIENTED_EDGE('',*,*,#3057,.T.);
#4177=ORIENTED_EDGE('',*,*,#3058,.F.);
#4178=ORIENTED_EDGE('',*,*,#3059,.T.);
#4179=ORIENTED_EDGE('',*,*,#3057,.F.);
#4180=ORIENTED_EDGE('',*,*,#3060,.F.);
#4181=ORIENTED_EDGE('',*,*,#3061,.T.);
#4182=ORIENTED_EDGE('',*,*,#3062,.F.);
#4183=ORIENTED_EDGE('',*,*,#3054,.F.);
#4184=ORIENTED_EDGE('',*,*,#3063,.F.);
#4185=ORIENTED_EDGE('',*,*,#3061,.F.);
#4186=ORIENTED_EDGE('',*,*,#3064,.F.);
#4187=ORIENTED_EDGE('',*,*,#3059,.F.);
#4188=ORIENTED_EDGE('',*,*,#3065,.F.);
#4189=ORIENTED_EDGE('',*,*,#3066,.F.);
#4190=ORIENTED_EDGE('',*,*,#3067,.F.);
#4191=ORIENTED_EDGE('',*,*,#3068,.F.);
#4192=ORIENTED_EDGE('',*,*,#3069,.T.);
#4193=ORIENTED_EDGE('',*,*,#3070,.F.);
#4194=ORIENTED_EDGE('',*,*,#3066,.T.);
#4195=ORIENTED_EDGE('',*,*,#3069,.F.);
#4196=ORIENTED_EDGE('',*,*,#3071,.F.);
#4197=ORIENTED_EDGE('',*,*,#3072,.T.);
#4198=ORIENTED_EDGE('',*,*,#3073,.F.);
#4199=ORIENTED_EDGE('',*,*,#3074,.F.);
#4200=ORIENTED_EDGE('',*,*,#3075,.T.);
#4201=ORIENTED_EDGE('',*,*,#3076,.F.);
#4202=ORIENTED_EDGE('',*,*,#3077,.T.);
#4203=ORIENTED_EDGE('',*,*,#3075,.F.);
#4204=ORIENTED_EDGE('',*,*,#3078,.F.);
#4205=ORIENTED_EDGE('',*,*,#3079,.T.);
#4206=ORIENTED_EDGE('',*,*,#3080,.F.);
#4207=ORIENTED_EDGE('',*,*,#3072,.F.);
#4208=ORIENTED_EDGE('',*,*,#3081,.F.);
#4209=ORIENTED_EDGE('',*,*,#3079,.F.);
#4210=ORIENTED_EDGE('',*,*,#3082,.F.);
#4211=ORIENTED_EDGE('',*,*,#3077,.F.);
#4212=ORIENTED_EDGE('',*,*,#3083,.F.);
#4213=ORIENTED_EDGE('',*,*,#3084,.F.);
#4214=ORIENTED_EDGE('',*,*,#3085,.F.);
#4215=ORIENTED_EDGE('',*,*,#3086,.F.);
#4216=ORIENTED_EDGE('',*,*,#3087,.T.);
#4217=ORIENTED_EDGE('',*,*,#3088,.F.);
#4218=ORIENTED_EDGE('',*,*,#3084,.T.);
#4219=ORIENTED_EDGE('',*,*,#3087,.F.);
#4220=ORIENTED_EDGE('',*,*,#3089,.F.);
#4221=ORIENTED_EDGE('',*,*,#3090,.T.);
#4222=ORIENTED_EDGE('',*,*,#3091,.F.);
#4223=ORIENTED_EDGE('',*,*,#3092,.F.);
#4224=ORIENTED_EDGE('',*,*,#3093,.T.);
#4225=ORIENTED_EDGE('',*,*,#3094,.F.);
#4226=ORIENTED_EDGE('',*,*,#3095,.T.);
#4227=ORIENTED_EDGE('',*,*,#3093,.F.);
#4228=ORIENTED_EDGE('',*,*,#3096,.F.);
#4229=ORIENTED_EDGE('',*,*,#3097,.T.);
#4230=ORIENTED_EDGE('',*,*,#3098,.F.);
#4231=ORIENTED_EDGE('',*,*,#3090,.F.);
#4232=ORIENTED_EDGE('',*,*,#3099,.F.);
#4233=ORIENTED_EDGE('',*,*,#3097,.F.);
#4234=ORIENTED_EDGE('',*,*,#3100,.F.);
#4235=ORIENTED_EDGE('',*,*,#3095,.F.);
#4236=ORIENTED_EDGE('',*,*,#3101,.F.);
#4237=ORIENTED_EDGE('',*,*,#3102,.F.);
#4238=ORIENTED_EDGE('',*,*,#3103,.F.);
#4239=ORIENTED_EDGE('',*,*,#3104,.F.);
#4240=ORIENTED_EDGE('',*,*,#3105,.T.);
#4241=ORIENTED_EDGE('',*,*,#3106,.F.);
#4242=ORIENTED_EDGE('',*,*,#3102,.T.);
#4243=ORIENTED_EDGE('',*,*,#3105,.F.);
#4244=ORIENTED_EDGE('',*,*,#3107,.F.);
#4245=ORIENTED_EDGE('',*,*,#3108,.T.);
#4246=ORIENTED_EDGE('',*,*,#3109,.F.);
#4247=ORIENTED_EDGE('',*,*,#3110,.F.);
#4248=ORIENTED_EDGE('',*,*,#3111,.T.);
#4249=ORIENTED_EDGE('',*,*,#3112,.F.);
#4250=ORIENTED_EDGE('',*,*,#3113,.T.);
#4251=ORIENTED_EDGE('',*,*,#3111,.F.);
#4252=ORIENTED_EDGE('',*,*,#3114,.F.);
#4253=ORIENTED_EDGE('',*,*,#3115,.T.);
#4254=ORIENTED_EDGE('',*,*,#3116,.F.);
#4255=ORIENTED_EDGE('',*,*,#3108,.F.);
#4256=ORIENTED_EDGE('',*,*,#3117,.F.);
#4257=ORIENTED_EDGE('',*,*,#3115,.F.);
#4258=ORIENTED_EDGE('',*,*,#3118,.F.);
#4259=ORIENTED_EDGE('',*,*,#3113,.F.);
#4260=ORIENTED_EDGE('',*,*,#3119,.F.);
#4261=ORIENTED_EDGE('',*,*,#3120,.F.);
#4262=ORIENTED_EDGE('',*,*,#3121,.F.);
#4263=ORIENTED_EDGE('',*,*,#3122,.F.);
#4264=ORIENTED_EDGE('',*,*,#3123,.T.);
#4265=ORIENTED_EDGE('',*,*,#3124,.F.);
#4266=ORIENTED_EDGE('',*,*,#3120,.T.);
#4267=ORIENTED_EDGE('',*,*,#3123,.F.);
#4268=ORIENTED_EDGE('',*,*,#3125,.F.);
#4269=ORIENTED_EDGE('',*,*,#3126,.T.);
#4270=ORIENTED_EDGE('',*,*,#3127,.F.);
#4271=ORIENTED_EDGE('',*,*,#3128,.F.);
#4272=ORIENTED_EDGE('',*,*,#3129,.T.);
#4273=ORIENTED_EDGE('',*,*,#3130,.F.);
#4274=ORIENTED_EDGE('',*,*,#3131,.T.);
#4275=ORIENTED_EDGE('',*,*,#3129,.F.);
#4276=ORIENTED_EDGE('',*,*,#3132,.F.);
#4277=ORIENTED_EDGE('',*,*,#3133,.T.);
#4278=ORIENTED_EDGE('',*,*,#3134,.F.);
#4279=ORIENTED_EDGE('',*,*,#3126,.F.);
#4280=ORIENTED_EDGE('',*,*,#3135,.F.);
#4281=ORIENTED_EDGE('',*,*,#3133,.F.);
#4282=ORIENTED_EDGE('',*,*,#3136,.F.);
#4283=ORIENTED_EDGE('',*,*,#3131,.F.);
#4284=ORIENTED_EDGE('',*,*,#3137,.F.);
#4285=ORIENTED_EDGE('',*,*,#3138,.F.);
#4286=ORIENTED_EDGE('',*,*,#3139,.F.);
#4287=ORIENTED_EDGE('',*,*,#3140,.F.);
#4288=ORIENTED_EDGE('',*,*,#3141,.T.);
#4289=ORIENTED_EDGE('',*,*,#3142,.F.);
#4290=ORIENTED_EDGE('',*,*,#3138,.T.);
#4291=ORIENTED_EDGE('',*,*,#3141,.F.);
#4292=ORIENTED_EDGE('',*,*,#3143,.F.);
#4293=ORIENTED_EDGE('',*,*,#3144,.T.);
#4294=ORIENTED_EDGE('',*,*,#3145,.F.);
#4295=ORIENTED_EDGE('',*,*,#3146,.F.);
#4296=ORIENTED_EDGE('',*,*,#3147,.T.);
#4297=ORIENTED_EDGE('',*,*,#3148,.F.);
#4298=ORIENTED_EDGE('',*,*,#3149,.T.);
#4299=ORIENTED_EDGE('',*,*,#3147,.F.);
#4300=ORIENTED_EDGE('',*,*,#3150,.F.);
#4301=ORIENTED_EDGE('',*,*,#3151,.T.);
#4302=ORIENTED_EDGE('',*,*,#3152,.F.);
#4303=ORIENTED_EDGE('',*,*,#3144,.F.);
#4304=ORIENTED_EDGE('',*,*,#3153,.F.);
#4305=ORIENTED_EDGE('',*,*,#3151,.F.);
#4306=ORIENTED_EDGE('',*,*,#3154,.F.);
#4307=ORIENTED_EDGE('',*,*,#3149,.F.);
#4308=ORIENTED_EDGE('',*,*,#3155,.F.);
#4309=ORIENTED_EDGE('',*,*,#3156,.F.);
#4310=ORIENTED_EDGE('',*,*,#3157,.F.);
#4311=ORIENTED_EDGE('',*,*,#3158,.F.);
#4312=ORIENTED_EDGE('',*,*,#3159,.T.);
#4313=ORIENTED_EDGE('',*,*,#3160,.F.);
#4314=ORIENTED_EDGE('',*,*,#3156,.T.);
#4315=ORIENTED_EDGE('',*,*,#3159,.F.);
#4316=ORIENTED_EDGE('',*,*,#3161,.F.);
#4317=ORIENTED_EDGE('',*,*,#3162,.T.);
#4318=ORIENTED_EDGE('',*,*,#3163,.F.);
#4319=ORIENTED_EDGE('',*,*,#3164,.F.);
#4320=ORIENTED_EDGE('',*,*,#3165,.T.);
#4321=ORIENTED_EDGE('',*,*,#3166,.F.);
#4322=ORIENTED_EDGE('',*,*,#3167,.T.);
#4323=ORIENTED_EDGE('',*,*,#3165,.F.);
#4324=ORIENTED_EDGE('',*,*,#3168,.F.);
#4325=ORIENTED_EDGE('',*,*,#3169,.T.);
#4326=ORIENTED_EDGE('',*,*,#3170,.F.);
#4327=ORIENTED_EDGE('',*,*,#3162,.F.);
#4328=ORIENTED_EDGE('',*,*,#3171,.F.);
#4329=ORIENTED_EDGE('',*,*,#3169,.F.);
#4330=ORIENTED_EDGE('',*,*,#3172,.F.);
#4331=ORIENTED_EDGE('',*,*,#3167,.F.);
#4332=ORIENTED_EDGE('',*,*,#3173,.F.);
#4333=ORIENTED_EDGE('',*,*,#3174,.F.);
#4334=ORIENTED_EDGE('',*,*,#3175,.F.);
#4335=ORIENTED_EDGE('',*,*,#3176,.F.);
#4336=ORIENTED_EDGE('',*,*,#3177,.T.);
#4337=ORIENTED_EDGE('',*,*,#3178,.F.);
#4338=ORIENTED_EDGE('',*,*,#3174,.T.);
#4339=ORIENTED_EDGE('',*,*,#3177,.F.);
#4340=ORIENTED_EDGE('',*,*,#3179,.F.);
#4341=ORIENTED_EDGE('',*,*,#3180,.T.);
#4342=ORIENTED_EDGE('',*,*,#3181,.F.);
#4343=ORIENTED_EDGE('',*,*,#3182,.F.);
#4344=ORIENTED_EDGE('',*,*,#3183,.T.);
#4345=ORIENTED_EDGE('',*,*,#3184,.F.);
#4346=ORIENTED_EDGE('',*,*,#3185,.T.);
#4347=ORIENTED_EDGE('',*,*,#3183,.F.);
#4348=ORIENTED_EDGE('',*,*,#3186,.F.);
#4349=ORIENTED_EDGE('',*,*,#3187,.T.);
#4350=ORIENTED_EDGE('',*,*,#3188,.F.);
#4351=ORIENTED_EDGE('',*,*,#3180,.F.);
#4352=ORIENTED_EDGE('',*,*,#3189,.F.);
#4353=ORIENTED_EDGE('',*,*,#3187,.F.);
#4354=ORIENTED_EDGE('',*,*,#3190,.F.);
#4355=ORIENTED_EDGE('',*,*,#3185,.F.);
#4356=ORIENTED_EDGE('',*,*,#3191,.F.);
#4357=ORIENTED_EDGE('',*,*,#3192,.F.);
#4358=ORIENTED_EDGE('',*,*,#3193,.F.);
#4359=ORIENTED_EDGE('',*,*,#3194,.F.);
#4360=ORIENTED_EDGE('',*,*,#3195,.T.);
#4361=ORIENTED_EDGE('',*,*,#3196,.F.);
#4362=ORIENTED_EDGE('',*,*,#3192,.T.);
#4363=ORIENTED_EDGE('',*,*,#3195,.F.);
#4364=ORIENTED_EDGE('',*,*,#3197,.F.);
#4365=ORIENTED_EDGE('',*,*,#3198,.T.);
#4366=ORIENTED_EDGE('',*,*,#3199,.F.);
#4367=ORIENTED_EDGE('',*,*,#3200,.F.);
#4368=ORIENTED_EDGE('',*,*,#3201,.T.);
#4369=ORIENTED_EDGE('',*,*,#3202,.F.);
#4370=ORIENTED_EDGE('',*,*,#3203,.T.);
#4371=ORIENTED_EDGE('',*,*,#3201,.F.);
#4372=ORIENTED_EDGE('',*,*,#3204,.F.);
#4373=ORIENTED_EDGE('',*,*,#3205,.T.);
#4374=ORIENTED_EDGE('',*,*,#3206,.F.);
#4375=ORIENTED_EDGE('',*,*,#3198,.F.);
#4376=ORIENTED_EDGE('',*,*,#3207,.F.);
#4377=ORIENTED_EDGE('',*,*,#3205,.F.);
#4378=ORIENTED_EDGE('',*,*,#3208,.F.);
#4379=ORIENTED_EDGE('',*,*,#3203,.F.);
#4380=ORIENTED_EDGE('',*,*,#3209,.F.);
#4381=ORIENTED_EDGE('',*,*,#3210,.F.);
#4382=ORIENTED_EDGE('',*,*,#3211,.F.);
#4383=ORIENTED_EDGE('',*,*,#3212,.F.);
#4384=ORIENTED_EDGE('',*,*,#3213,.T.);
#4385=ORIENTED_EDGE('',*,*,#3214,.F.);
#4386=ORIENTED_EDGE('',*,*,#3210,.T.);
#4387=ORIENTED_EDGE('',*,*,#3213,.F.);
#4388=ORIENTED_EDGE('',*,*,#3215,.F.);
#4389=ORIENTED_EDGE('',*,*,#3216,.T.);
#4390=ORIENTED_EDGE('',*,*,#3217,.F.);
#4391=ORIENTED_EDGE('',*,*,#3218,.F.);
#4392=ORIENTED_EDGE('',*,*,#3219,.T.);
#4393=ORIENTED_EDGE('',*,*,#3220,.F.);
#4394=ORIENTED_EDGE('',*,*,#3221,.T.);
#4395=ORIENTED_EDGE('',*,*,#3219,.F.);
#4396=ORIENTED_EDGE('',*,*,#3222,.F.);
#4397=ORIENTED_EDGE('',*,*,#3223,.T.);
#4398=ORIENTED_EDGE('',*,*,#3224,.F.);
#4399=ORIENTED_EDGE('',*,*,#3216,.F.);
#4400=ORIENTED_EDGE('',*,*,#3225,.F.);
#4401=ORIENTED_EDGE('',*,*,#3223,.F.);
#4402=ORIENTED_EDGE('',*,*,#3226,.F.);
#4403=ORIENTED_EDGE('',*,*,#3221,.F.);
#4404=ORIENTED_EDGE('',*,*,#3227,.F.);
#4405=ORIENTED_EDGE('',*,*,#3228,.F.);
#4406=ORIENTED_EDGE('',*,*,#3229,.F.);
#4407=ORIENTED_EDGE('',*,*,#3230,.F.);
#4408=ORIENTED_EDGE('',*,*,#3231,.T.);
#4409=ORIENTED_EDGE('',*,*,#3232,.F.);
#4410=ORIENTED_EDGE('',*,*,#3228,.T.);
#4411=ORIENTED_EDGE('',*,*,#3231,.F.);
#4412=ORIENTED_EDGE('',*,*,#3233,.F.);
#4413=ORIENTED_EDGE('',*,*,#3234,.T.);
#4414=ORIENTED_EDGE('',*,*,#3235,.F.);
#4415=ORIENTED_EDGE('',*,*,#3236,.F.);
#4416=ORIENTED_EDGE('',*,*,#3237,.T.);
#4417=ORIENTED_EDGE('',*,*,#3238,.F.);
#4418=ORIENTED_EDGE('',*,*,#3239,.T.);
#4419=ORIENTED_EDGE('',*,*,#3237,.F.);
#4420=ORIENTED_EDGE('',*,*,#3240,.F.);
#4421=ORIENTED_EDGE('',*,*,#3241,.T.);
#4422=ORIENTED_EDGE('',*,*,#3242,.F.);
#4423=ORIENTED_EDGE('',*,*,#3234,.F.);
#4424=ORIENTED_EDGE('',*,*,#3243,.F.);
#4425=ORIENTED_EDGE('',*,*,#3241,.F.);
#4426=ORIENTED_EDGE('',*,*,#3244,.F.);
#4427=ORIENTED_EDGE('',*,*,#3239,.F.);
#4428=ORIENTED_EDGE('',*,*,#3245,.F.);
#4429=ORIENTED_EDGE('',*,*,#3246,.F.);
#4430=ORIENTED_EDGE('',*,*,#3247,.F.);
#4431=ORIENTED_EDGE('',*,*,#3248,.F.);
#4432=ORIENTED_EDGE('',*,*,#3249,.T.);
#4433=ORIENTED_EDGE('',*,*,#3250,.F.);
#4434=ORIENTED_EDGE('',*,*,#3246,.T.);
#4435=ORIENTED_EDGE('',*,*,#3249,.F.);
#4436=ORIENTED_EDGE('',*,*,#3251,.F.);
#4437=ORIENTED_EDGE('',*,*,#3252,.T.);
#4438=ORIENTED_EDGE('',*,*,#3253,.F.);
#4439=ORIENTED_EDGE('',*,*,#3254,.F.);
#4440=ORIENTED_EDGE('',*,*,#3255,.T.);
#4441=ORIENTED_EDGE('',*,*,#3256,.F.);
#4442=ORIENTED_EDGE('',*,*,#3257,.T.);
#4443=ORIENTED_EDGE('',*,*,#3255,.F.);
#4444=ORIENTED_EDGE('',*,*,#3258,.F.);
#4445=ORIENTED_EDGE('',*,*,#3259,.T.);
#4446=ORIENTED_EDGE('',*,*,#3260,.F.);
#4447=ORIENTED_EDGE('',*,*,#3252,.F.);
#4448=ORIENTED_EDGE('',*,*,#3261,.F.);
#4449=ORIENTED_EDGE('',*,*,#3259,.F.);
#4450=ORIENTED_EDGE('',*,*,#3262,.F.);
#4451=ORIENTED_EDGE('',*,*,#3257,.F.);
#4452=ORIENTED_EDGE('',*,*,#3263,.F.);
#4453=ORIENTED_EDGE('',*,*,#3264,.F.);
#4454=ORIENTED_EDGE('',*,*,#3265,.F.);
#4455=ORIENTED_EDGE('',*,*,#3266,.F.);
#4456=ORIENTED_EDGE('',*,*,#3267,.T.);
#4457=ORIENTED_EDGE('',*,*,#3268,.F.);
#4458=ORIENTED_EDGE('',*,*,#3264,.T.);
#4459=ORIENTED_EDGE('',*,*,#3267,.F.);
#4460=ORIENTED_EDGE('',*,*,#3269,.F.);
#4461=ORIENTED_EDGE('',*,*,#3270,.T.);
#4462=ORIENTED_EDGE('',*,*,#3271,.F.);
#4463=ORIENTED_EDGE('',*,*,#3272,.F.);
#4464=ORIENTED_EDGE('',*,*,#3273,.T.);
#4465=ORIENTED_EDGE('',*,*,#3274,.F.);
#4466=ORIENTED_EDGE('',*,*,#3275,.T.);
#4467=ORIENTED_EDGE('',*,*,#3273,.F.);
#4468=ORIENTED_EDGE('',*,*,#3276,.F.);
#4469=ORIENTED_EDGE('',*,*,#3277,.T.);
#4470=ORIENTED_EDGE('',*,*,#3278,.F.);
#4471=ORIENTED_EDGE('',*,*,#3270,.F.);
#4472=ORIENTED_EDGE('',*,*,#3279,.F.);
#4473=ORIENTED_EDGE('',*,*,#3277,.F.);
#4474=ORIENTED_EDGE('',*,*,#3280,.F.);
#4475=ORIENTED_EDGE('',*,*,#3275,.F.);
#4476=ORIENTED_EDGE('',*,*,#3281,.F.);
#4477=ORIENTED_EDGE('',*,*,#3282,.F.);
#4478=ORIENTED_EDGE('',*,*,#3283,.F.);
#4479=ORIENTED_EDGE('',*,*,#3284,.F.);
#4480=ORIENTED_EDGE('',*,*,#3285,.T.);
#4481=ORIENTED_EDGE('',*,*,#3286,.F.);
#4482=ORIENTED_EDGE('',*,*,#3282,.T.);
#4483=ORIENTED_EDGE('',*,*,#3285,.F.);
#4484=ORIENTED_EDGE('',*,*,#3287,.F.);
#4485=ORIENTED_EDGE('',*,*,#3288,.T.);
#4486=ORIENTED_EDGE('',*,*,#3289,.F.);
#4487=ORIENTED_EDGE('',*,*,#3290,.F.);
#4488=ORIENTED_EDGE('',*,*,#3291,.T.);
#4489=ORIENTED_EDGE('',*,*,#3292,.F.);
#4490=ORIENTED_EDGE('',*,*,#3293,.T.);
#4491=ORIENTED_EDGE('',*,*,#3291,.F.);
#4492=ORIENTED_EDGE('',*,*,#3294,.F.);
#4493=ORIENTED_EDGE('',*,*,#3295,.T.);
#4494=ORIENTED_EDGE('',*,*,#3296,.F.);
#4495=ORIENTED_EDGE('',*,*,#3288,.F.);
#4496=ORIENTED_EDGE('',*,*,#3297,.F.);
#4497=ORIENTED_EDGE('',*,*,#3295,.F.);
#4498=ORIENTED_EDGE('',*,*,#3298,.F.);
#4499=ORIENTED_EDGE('',*,*,#3293,.F.);
#4500=ORIENTED_EDGE('',*,*,#3299,.F.);
#4501=ORIENTED_EDGE('',*,*,#3300,.F.);
#4502=ORIENTED_EDGE('',*,*,#3301,.F.);
#4503=ORIENTED_EDGE('',*,*,#3302,.F.);
#4504=ORIENTED_EDGE('',*,*,#3303,.T.);
#4505=ORIENTED_EDGE('',*,*,#3304,.F.);
#4506=ORIENTED_EDGE('',*,*,#3300,.T.);
#4507=ORIENTED_EDGE('',*,*,#3303,.F.);
#4508=ORIENTED_EDGE('',*,*,#3305,.F.);
#4509=ORIENTED_EDGE('',*,*,#3306,.T.);
#4510=ORIENTED_EDGE('',*,*,#3307,.F.);
#4511=ORIENTED_EDGE('',*,*,#3308,.F.);
#4512=ORIENTED_EDGE('',*,*,#3309,.T.);
#4513=ORIENTED_EDGE('',*,*,#3310,.F.);
#4514=ORIENTED_EDGE('',*,*,#3311,.T.);
#4515=ORIENTED_EDGE('',*,*,#3309,.F.);
#4516=ORIENTED_EDGE('',*,*,#3312,.F.);
#4517=ORIENTED_EDGE('',*,*,#3313,.T.);
#4518=ORIENTED_EDGE('',*,*,#3314,.F.);
#4519=ORIENTED_EDGE('',*,*,#3306,.F.);
#4520=ORIENTED_EDGE('',*,*,#3315,.F.);
#4521=ORIENTED_EDGE('',*,*,#3313,.F.);
#4522=ORIENTED_EDGE('',*,*,#3316,.F.);
#4523=ORIENTED_EDGE('',*,*,#3311,.F.);
#4524=ORIENTED_EDGE('',*,*,#3317,.F.);
#4525=ORIENTED_EDGE('',*,*,#3318,.F.);
#4526=ORIENTED_EDGE('',*,*,#3319,.F.);
#4527=ORIENTED_EDGE('',*,*,#3320,.F.);
#4528=ORIENTED_EDGE('',*,*,#3321,.T.);
#4529=ORIENTED_EDGE('',*,*,#3322,.F.);
#4530=ORIENTED_EDGE('',*,*,#3318,.T.);
#4531=ORIENTED_EDGE('',*,*,#3321,.F.);
#4532=ORIENTED_EDGE('',*,*,#3323,.F.);
#4533=ORIENTED_EDGE('',*,*,#3324,.T.);
#4534=ORIENTED_EDGE('',*,*,#3325,.F.);
#4535=ORIENTED_EDGE('',*,*,#3326,.F.);
#4536=ORIENTED_EDGE('',*,*,#3327,.T.);
#4537=ORIENTED_EDGE('',*,*,#3328,.F.);
#4538=ORIENTED_EDGE('',*,*,#3329,.T.);
#4539=ORIENTED_EDGE('',*,*,#3327,.F.);
#4540=ORIENTED_EDGE('',*,*,#3330,.F.);
#4541=ORIENTED_EDGE('',*,*,#3331,.T.);
#4542=ORIENTED_EDGE('',*,*,#3332,.F.);
#4543=ORIENTED_EDGE('',*,*,#3324,.F.);
#4544=ORIENTED_EDGE('',*,*,#3333,.F.);
#4545=ORIENTED_EDGE('',*,*,#3331,.F.);
#4546=ORIENTED_EDGE('',*,*,#3334,.F.);
#4547=ORIENTED_EDGE('',*,*,#3329,.F.);
#4548=ORIENTED_EDGE('',*,*,#3335,.F.);
#4549=ORIENTED_EDGE('',*,*,#3336,.F.);
#4550=ORIENTED_EDGE('',*,*,#3337,.F.);
#4551=ORIENTED_EDGE('',*,*,#3338,.F.);
#4552=ORIENTED_EDGE('',*,*,#3339,.T.);
#4553=ORIENTED_EDGE('',*,*,#3340,.F.);
#4554=ORIENTED_EDGE('',*,*,#3336,.T.);
#4555=ORIENTED_EDGE('',*,*,#3339,.F.);
#4556=ORIENTED_EDGE('',*,*,#3341,.F.);
#4557=ORIENTED_EDGE('',*,*,#3342,.T.);
#4558=ORIENTED_EDGE('',*,*,#3343,.F.);
#4559=ORIENTED_EDGE('',*,*,#3344,.F.);
#4560=ORIENTED_EDGE('',*,*,#3345,.T.);
#4561=ORIENTED_EDGE('',*,*,#3346,.F.);
#4562=ORIENTED_EDGE('',*,*,#3347,.T.);
#4563=ORIENTED_EDGE('',*,*,#3345,.F.);
#4564=ORIENTED_EDGE('',*,*,#3348,.F.);
#4565=ORIENTED_EDGE('',*,*,#3349,.T.);
#4566=ORIENTED_EDGE('',*,*,#3350,.F.);
#4567=ORIENTED_EDGE('',*,*,#3342,.F.);
#4568=ORIENTED_EDGE('',*,*,#3351,.F.);
#4569=ORIENTED_EDGE('',*,*,#3349,.F.);
#4570=ORIENTED_EDGE('',*,*,#3352,.F.);
#4571=ORIENTED_EDGE('',*,*,#3347,.F.);
#4572=ORIENTED_EDGE('',*,*,#3353,.F.);
#4573=ORIENTED_EDGE('',*,*,#3354,.F.);
#4574=ORIENTED_EDGE('',*,*,#3355,.F.);
#4575=ORIENTED_EDGE('',*,*,#3356,.F.);
#4576=ORIENTED_EDGE('',*,*,#3357,.T.);
#4577=ORIENTED_EDGE('',*,*,#3358,.F.);
#4578=ORIENTED_EDGE('',*,*,#3354,.T.);
#4579=ORIENTED_EDGE('',*,*,#3357,.F.);
#4580=ORIENTED_EDGE('',*,*,#3359,.F.);
#4581=ORIENTED_EDGE('',*,*,#3360,.T.);
#4582=ORIENTED_EDGE('',*,*,#3361,.F.);
#4583=ORIENTED_EDGE('',*,*,#3362,.F.);
#4584=ORIENTED_EDGE('',*,*,#3363,.T.);
#4585=ORIENTED_EDGE('',*,*,#3364,.F.);
#4586=ORIENTED_EDGE('',*,*,#3365,.T.);
#4587=ORIENTED_EDGE('',*,*,#3363,.F.);
#4588=ORIENTED_EDGE('',*,*,#3366,.F.);
#4589=ORIENTED_EDGE('',*,*,#3367,.T.);
#4590=ORIENTED_EDGE('',*,*,#3368,.F.);
#4591=ORIENTED_EDGE('',*,*,#3360,.F.);
#4592=ORIENTED_EDGE('',*,*,#3369,.F.);
#4593=ORIENTED_EDGE('',*,*,#3367,.F.);
#4594=ORIENTED_EDGE('',*,*,#3370,.F.);
#4595=ORIENTED_EDGE('',*,*,#3365,.F.);
#4596=ORIENTED_EDGE('',*,*,#3371,.F.);
#4597=ORIENTED_EDGE('',*,*,#3372,.F.);
#4598=ORIENTED_EDGE('',*,*,#3373,.F.);
#4599=ORIENTED_EDGE('',*,*,#3374,.F.);
#4600=ORIENTED_EDGE('',*,*,#3375,.T.);
#4601=ORIENTED_EDGE('',*,*,#3376,.F.);
#4602=ORIENTED_EDGE('',*,*,#3372,.T.);
#4603=ORIENTED_EDGE('',*,*,#3375,.F.);
#4604=ORIENTED_EDGE('',*,*,#3377,.F.);
#4605=ORIENTED_EDGE('',*,*,#3378,.T.);
#4606=ORIENTED_EDGE('',*,*,#3379,.F.);
#4607=ORIENTED_EDGE('',*,*,#3380,.F.);
#4608=ORIENTED_EDGE('',*,*,#3381,.T.);
#4609=ORIENTED_EDGE('',*,*,#3382,.F.);
#4610=ORIENTED_EDGE('',*,*,#3383,.T.);
#4611=ORIENTED_EDGE('',*,*,#3381,.F.);
#4612=ORIENTED_EDGE('',*,*,#3384,.F.);
#4613=ORIENTED_EDGE('',*,*,#3385,.T.);
#4614=ORIENTED_EDGE('',*,*,#3386,.F.);
#4615=ORIENTED_EDGE('',*,*,#3378,.F.);
#4616=ORIENTED_EDGE('',*,*,#3387,.F.);
#4617=ORIENTED_EDGE('',*,*,#3385,.F.);
#4618=ORIENTED_EDGE('',*,*,#3388,.F.);
#4619=ORIENTED_EDGE('',*,*,#3383,.F.);
#4620=ORIENTED_EDGE('',*,*,#3389,.F.);
#4621=ORIENTED_EDGE('',*,*,#3390,.F.);
#4622=ORIENTED_EDGE('',*,*,#3391,.F.);
#4623=ORIENTED_EDGE('',*,*,#3392,.F.);
#4624=ORIENTED_EDGE('',*,*,#3393,.T.);
#4625=ORIENTED_EDGE('',*,*,#3394,.F.);
#4626=ORIENTED_EDGE('',*,*,#3390,.T.);
#4627=ORIENTED_EDGE('',*,*,#3393,.F.);
#4628=ORIENTED_EDGE('',*,*,#3395,.F.);
#4629=ORIENTED_EDGE('',*,*,#3396,.T.);
#4630=ORIENTED_EDGE('',*,*,#3397,.F.);
#4631=ORIENTED_EDGE('',*,*,#3398,.F.);
#4632=ORIENTED_EDGE('',*,*,#3399,.T.);
#4633=ORIENTED_EDGE('',*,*,#3400,.F.);
#4634=ORIENTED_EDGE('',*,*,#3401,.T.);
#4635=ORIENTED_EDGE('',*,*,#3399,.F.);
#4636=ORIENTED_EDGE('',*,*,#3402,.F.);
#4637=ORIENTED_EDGE('',*,*,#3403,.T.);
#4638=ORIENTED_EDGE('',*,*,#3404,.F.);
#4639=ORIENTED_EDGE('',*,*,#3396,.F.);
#4640=ORIENTED_EDGE('',*,*,#3405,.F.);
#4641=ORIENTED_EDGE('',*,*,#3403,.F.);
#4642=ORIENTED_EDGE('',*,*,#3406,.F.);
#4643=ORIENTED_EDGE('',*,*,#3401,.F.);
#4644=ORIENTED_EDGE('',*,*,#3407,.F.);
#4645=ORIENTED_EDGE('',*,*,#3408,.F.);
#4646=ORIENTED_EDGE('',*,*,#3409,.F.);
#4647=ORIENTED_EDGE('',*,*,#3410,.F.);
#4648=ORIENTED_EDGE('',*,*,#3411,.T.);
#4649=ORIENTED_EDGE('',*,*,#3412,.F.);
#4650=ORIENTED_EDGE('',*,*,#3408,.T.);
#4651=ORIENTED_EDGE('',*,*,#3411,.F.);
#4652=ORIENTED_EDGE('',*,*,#3413,.F.);
#4653=ORIENTED_EDGE('',*,*,#3414,.T.);
#4654=ORIENTED_EDGE('',*,*,#3415,.F.);
#4655=ORIENTED_EDGE('',*,*,#3416,.F.);
#4656=ORIENTED_EDGE('',*,*,#3417,.T.);
#4657=ORIENTED_EDGE('',*,*,#3418,.F.);
#4658=ORIENTED_EDGE('',*,*,#3419,.T.);
#4659=ORIENTED_EDGE('',*,*,#3417,.F.);
#4660=ORIENTED_EDGE('',*,*,#3420,.F.);
#4661=ORIENTED_EDGE('',*,*,#3421,.T.);
#4662=ORIENTED_EDGE('',*,*,#3422,.F.);
#4663=ORIENTED_EDGE('',*,*,#3414,.F.);
#4664=ORIENTED_EDGE('',*,*,#3423,.F.);
#4665=ORIENTED_EDGE('',*,*,#3421,.F.);
#4666=ORIENTED_EDGE('',*,*,#3424,.F.);
#4667=ORIENTED_EDGE('',*,*,#3419,.F.);
#4668=ORIENTED_EDGE('',*,*,#3425,.F.);
#4669=ORIENTED_EDGE('',*,*,#3426,.F.);
#4670=ORIENTED_EDGE('',*,*,#3427,.F.);
#4671=ORIENTED_EDGE('',*,*,#3428,.F.);
#4672=ORIENTED_EDGE('',*,*,#3429,.T.);
#4673=ORIENTED_EDGE('',*,*,#3430,.F.);
#4674=ORIENTED_EDGE('',*,*,#3426,.T.);
#4675=ORIENTED_EDGE('',*,*,#3429,.F.);
#4676=ORIENTED_EDGE('',*,*,#3431,.F.);
#4677=ORIENTED_EDGE('',*,*,#3432,.T.);
#4678=ORIENTED_EDGE('',*,*,#3433,.F.);
#4679=ORIENTED_EDGE('',*,*,#3434,.F.);
#4680=ORIENTED_EDGE('',*,*,#3435,.T.);
#4681=ORIENTED_EDGE('',*,*,#3436,.F.);
#4682=ORIENTED_EDGE('',*,*,#3437,.T.);
#4683=ORIENTED_EDGE('',*,*,#3435,.F.);
#4684=ORIENTED_EDGE('',*,*,#3438,.F.);
#4685=ORIENTED_EDGE('',*,*,#3439,.T.);
#4686=ORIENTED_EDGE('',*,*,#3440,.F.);
#4687=ORIENTED_EDGE('',*,*,#3432,.F.);
#4688=ORIENTED_EDGE('',*,*,#3441,.F.);
#4689=ORIENTED_EDGE('',*,*,#3439,.F.);
#4690=ORIENTED_EDGE('',*,*,#3442,.F.);
#4691=ORIENTED_EDGE('',*,*,#3437,.F.);
#4692=ORIENTED_EDGE('',*,*,#3443,.F.);
#4693=ORIENTED_EDGE('',*,*,#3444,.F.);
#4694=ORIENTED_EDGE('',*,*,#3445,.F.);
#4695=ORIENTED_EDGE('',*,*,#3446,.F.);
#4696=ORIENTED_EDGE('',*,*,#3447,.T.);
#4697=ORIENTED_EDGE('',*,*,#3448,.F.);
#4698=ORIENTED_EDGE('',*,*,#3444,.T.);
#4699=ORIENTED_EDGE('',*,*,#3447,.F.);
#4700=ORIENTED_EDGE('',*,*,#3449,.F.);
#4701=ORIENTED_EDGE('',*,*,#3450,.T.);
#4702=ORIENTED_EDGE('',*,*,#3451,.F.);
#4703=ORIENTED_EDGE('',*,*,#3452,.F.);
#4704=ORIENTED_EDGE('',*,*,#3453,.T.);
#4705=ORIENTED_EDGE('',*,*,#3454,.F.);
#4706=ORIENTED_EDGE('',*,*,#3455,.T.);
#4707=ORIENTED_EDGE('',*,*,#3453,.F.);
#4708=ORIENTED_EDGE('',*,*,#3456,.F.);
#4709=ORIENTED_EDGE('',*,*,#3457,.T.);
#4710=ORIENTED_EDGE('',*,*,#3458,.F.);
#4711=ORIENTED_EDGE('',*,*,#3450,.F.);
#4712=ORIENTED_EDGE('',*,*,#3459,.F.);
#4713=ORIENTED_EDGE('',*,*,#3457,.F.);
#4714=ORIENTED_EDGE('',*,*,#3460,.F.);
#4715=ORIENTED_EDGE('',*,*,#3455,.F.);
#4716=ORIENTED_EDGE('',*,*,#3461,.F.);
#4717=ORIENTED_EDGE('',*,*,#3462,.F.);
#4718=ORIENTED_EDGE('',*,*,#3463,.F.);
#4719=ORIENTED_EDGE('',*,*,#3464,.F.);
#4720=ORIENTED_EDGE('',*,*,#3465,.T.);
#4721=ORIENTED_EDGE('',*,*,#3466,.F.);
#4722=ORIENTED_EDGE('',*,*,#3462,.T.);
#4723=ORIENTED_EDGE('',*,*,#3465,.F.);
#4724=ORIENTED_EDGE('',*,*,#3467,.F.);
#4725=ORIENTED_EDGE('',*,*,#3468,.T.);
#4726=ORIENTED_EDGE('',*,*,#3469,.F.);
#4727=ORIENTED_EDGE('',*,*,#3470,.F.);
#4728=ORIENTED_EDGE('',*,*,#3471,.T.);
#4729=ORIENTED_EDGE('',*,*,#3472,.F.);
#4730=ORIENTED_EDGE('',*,*,#3473,.T.);
#4731=ORIENTED_EDGE('',*,*,#3471,.F.);
#4732=ORIENTED_EDGE('',*,*,#3474,.F.);
#4733=ORIENTED_EDGE('',*,*,#3475,.T.);
#4734=ORIENTED_EDGE('',*,*,#3476,.F.);
#4735=ORIENTED_EDGE('',*,*,#3468,.F.);
#4736=ORIENTED_EDGE('',*,*,#3477,.F.);
#4737=ORIENTED_EDGE('',*,*,#3475,.F.);
#4738=ORIENTED_EDGE('',*,*,#3478,.F.);
#4739=ORIENTED_EDGE('',*,*,#3473,.F.);
#4740=ORIENTED_EDGE('',*,*,#3479,.F.);
#4741=ORIENTED_EDGE('',*,*,#3480,.F.);
#4742=ORIENTED_EDGE('',*,*,#3481,.F.);
#4743=ORIENTED_EDGE('',*,*,#3482,.F.);
#4744=ORIENTED_EDGE('',*,*,#3483,.T.);
#4745=ORIENTED_EDGE('',*,*,#3484,.F.);
#4746=ORIENTED_EDGE('',*,*,#3480,.T.);
#4747=ORIENTED_EDGE('',*,*,#3483,.F.);
#4748=ORIENTED_EDGE('',*,*,#3485,.F.);
#4749=ORIENTED_EDGE('',*,*,#3486,.T.);
#4750=ORIENTED_EDGE('',*,*,#3487,.F.);
#4751=ORIENTED_EDGE('',*,*,#3488,.F.);
#4752=ORIENTED_EDGE('',*,*,#3489,.T.);
#4753=ORIENTED_EDGE('',*,*,#3490,.F.);
#4754=ORIENTED_EDGE('',*,*,#3491,.T.);
#4755=ORIENTED_EDGE('',*,*,#3489,.F.);
#4756=ORIENTED_EDGE('',*,*,#3492,.F.);
#4757=ORIENTED_EDGE('',*,*,#3493,.T.);
#4758=ORIENTED_EDGE('',*,*,#3494,.F.);
#4759=ORIENTED_EDGE('',*,*,#3486,.F.);
#4760=ORIENTED_EDGE('',*,*,#3495,.F.);
#4761=ORIENTED_EDGE('',*,*,#3493,.F.);
#4762=ORIENTED_EDGE('',*,*,#3496,.F.);
#4763=ORIENTED_EDGE('',*,*,#3491,.F.);
#4764=ORIENTED_EDGE('',*,*,#3497,.F.);
#4765=ORIENTED_EDGE('',*,*,#3498,.F.);
#4766=ORIENTED_EDGE('',*,*,#3499,.F.);
#4767=ORIENTED_EDGE('',*,*,#3500,.F.);
#4768=ORIENTED_EDGE('',*,*,#3501,.T.);
#4769=ORIENTED_EDGE('',*,*,#3502,.F.);
#4770=ORIENTED_EDGE('',*,*,#3498,.T.);
#4771=ORIENTED_EDGE('',*,*,#3501,.F.);
#4772=ORIENTED_EDGE('',*,*,#3503,.F.);
#4773=ORIENTED_EDGE('',*,*,#3504,.T.);
#4774=ORIENTED_EDGE('',*,*,#3505,.F.);
#4775=ORIENTED_EDGE('',*,*,#3506,.F.);
#4776=ORIENTED_EDGE('',*,*,#3507,.T.);
#4777=ORIENTED_EDGE('',*,*,#3508,.F.);
#4778=ORIENTED_EDGE('',*,*,#3509,.T.);
#4779=ORIENTED_EDGE('',*,*,#3507,.F.);
#4780=ORIENTED_EDGE('',*,*,#3510,.F.);
#4781=ORIENTED_EDGE('',*,*,#3511,.T.);
#4782=ORIENTED_EDGE('',*,*,#3512,.F.);
#4783=ORIENTED_EDGE('',*,*,#3504,.F.);
#4784=ORIENTED_EDGE('',*,*,#3513,.F.);
#4785=ORIENTED_EDGE('',*,*,#3511,.F.);
#4786=ORIENTED_EDGE('',*,*,#3514,.F.);
#4787=ORIENTED_EDGE('',*,*,#3509,.F.);
#4788=ORIENTED_EDGE('',*,*,#3515,.F.);
#4789=ORIENTED_EDGE('',*,*,#3516,.F.);
#4790=ORIENTED_EDGE('',*,*,#3517,.F.);
#4791=ORIENTED_EDGE('',*,*,#3518,.F.);
#4792=ORIENTED_EDGE('',*,*,#3519,.T.);
#4793=ORIENTED_EDGE('',*,*,#3520,.F.);
#4794=ORIENTED_EDGE('',*,*,#3516,.T.);
#4795=ORIENTED_EDGE('',*,*,#3519,.F.);
#4796=ORIENTED_EDGE('',*,*,#3521,.F.);
#4797=ORIENTED_EDGE('',*,*,#3522,.T.);
#4798=ORIENTED_EDGE('',*,*,#3523,.F.);
#4799=ORIENTED_EDGE('',*,*,#3524,.F.);
#4800=ORIENTED_EDGE('',*,*,#3525,.T.);
#4801=ORIENTED_EDGE('',*,*,#3526,.F.);
#4802=ORIENTED_EDGE('',*,*,#3527,.T.);
#4803=ORIENTED_EDGE('',*,*,#3525,.F.);
#4804=ORIENTED_EDGE('',*,*,#3528,.F.);
#4805=ORIENTED_EDGE('',*,*,#3529,.T.);
#4806=ORIENTED_EDGE('',*,*,#3530,.F.);
#4807=ORIENTED_EDGE('',*,*,#3522,.F.);
#4808=ORIENTED_EDGE('',*,*,#3531,.F.);
#4809=ORIENTED_EDGE('',*,*,#3529,.F.);
#4810=ORIENTED_EDGE('',*,*,#3532,.F.);
#4811=ORIENTED_EDGE('',*,*,#3527,.F.);
#4812=ORIENTED_EDGE('',*,*,#3533,.F.);
#4813=ORIENTED_EDGE('',*,*,#3534,.F.);
#4814=ORIENTED_EDGE('',*,*,#3535,.F.);
#4815=ORIENTED_EDGE('',*,*,#3536,.F.);
#4816=ORIENTED_EDGE('',*,*,#3537,.T.);
#4817=ORIENTED_EDGE('',*,*,#3538,.F.);
#4818=ORIENTED_EDGE('',*,*,#3534,.T.);
#4819=ORIENTED_EDGE('',*,*,#3537,.F.);
#4820=ORIENTED_EDGE('',*,*,#3539,.F.);
#4821=ORIENTED_EDGE('',*,*,#3540,.T.);
#4822=ORIENTED_EDGE('',*,*,#3541,.F.);
#4823=ORIENTED_EDGE('',*,*,#3542,.F.);
#4824=ORIENTED_EDGE('',*,*,#3543,.T.);
#4825=ORIENTED_EDGE('',*,*,#3544,.F.);
#4826=ORIENTED_EDGE('',*,*,#3545,.T.);
#4827=ORIENTED_EDGE('',*,*,#3543,.F.);
#4828=ORIENTED_EDGE('',*,*,#3546,.F.);
#4829=ORIENTED_EDGE('',*,*,#3547,.T.);
#4830=ORIENTED_EDGE('',*,*,#3548,.F.);
#4831=ORIENTED_EDGE('',*,*,#3540,.F.);
#4832=ORIENTED_EDGE('',*,*,#3549,.F.);
#4833=ORIENTED_EDGE('',*,*,#3547,.F.);
#4834=ORIENTED_EDGE('',*,*,#3550,.F.);
#4835=ORIENTED_EDGE('',*,*,#3545,.F.);
#4836=ORIENTED_EDGE('',*,*,#3551,.F.);
#4837=ORIENTED_EDGE('',*,*,#3552,.F.);
#4838=ORIENTED_EDGE('',*,*,#3553,.F.);
#4839=ORIENTED_EDGE('',*,*,#3554,.F.);
#4840=ORIENTED_EDGE('',*,*,#3555,.T.);
#4841=ORIENTED_EDGE('',*,*,#3556,.F.);
#4842=ORIENTED_EDGE('',*,*,#3552,.T.);
#4843=ORIENTED_EDGE('',*,*,#3555,.F.);
#4844=ORIENTED_EDGE('',*,*,#3557,.F.);
#4845=ORIENTED_EDGE('',*,*,#3558,.T.);
#4846=ORIENTED_EDGE('',*,*,#3559,.F.);
#4847=ORIENTED_EDGE('',*,*,#3560,.F.);
#4848=ORIENTED_EDGE('',*,*,#3561,.T.);
#4849=ORIENTED_EDGE('',*,*,#3562,.F.);
#4850=ORIENTED_EDGE('',*,*,#3563,.T.);
#4851=ORIENTED_EDGE('',*,*,#3561,.F.);
#4852=ORIENTED_EDGE('',*,*,#3564,.F.);
#4853=ORIENTED_EDGE('',*,*,#3565,.T.);
#4854=ORIENTED_EDGE('',*,*,#3566,.F.);
#4855=ORIENTED_EDGE('',*,*,#3558,.F.);
#4856=ORIENTED_EDGE('',*,*,#3567,.F.);
#4857=ORIENTED_EDGE('',*,*,#3565,.F.);
#4858=ORIENTED_EDGE('',*,*,#3568,.F.);
#4859=ORIENTED_EDGE('',*,*,#3563,.F.);
#4860=ORIENTED_EDGE('',*,*,#3569,.F.);
#4861=ORIENTED_EDGE('',*,*,#3570,.F.);
#4862=ORIENTED_EDGE('',*,*,#3571,.F.);
#4863=ORIENTED_EDGE('',*,*,#3572,.F.);
#4864=ORIENTED_EDGE('',*,*,#3573,.T.);
#4865=ORIENTED_EDGE('',*,*,#3574,.F.);
#4866=ORIENTED_EDGE('',*,*,#3570,.T.);
#4867=ORIENTED_EDGE('',*,*,#3573,.F.);
#4868=ORIENTED_EDGE('',*,*,#3575,.F.);
#4869=ORIENTED_EDGE('',*,*,#3576,.T.);
#4870=ORIENTED_EDGE('',*,*,#3577,.F.);
#4871=ORIENTED_EDGE('',*,*,#3578,.F.);
#4872=ORIENTED_EDGE('',*,*,#3579,.T.);
#4873=ORIENTED_EDGE('',*,*,#3580,.F.);
#4874=ORIENTED_EDGE('',*,*,#3581,.T.);
#4875=ORIENTED_EDGE('',*,*,#3579,.F.);
#4876=ORIENTED_EDGE('',*,*,#3582,.F.);
#4877=ORIENTED_EDGE('',*,*,#3583,.T.);
#4878=ORIENTED_EDGE('',*,*,#3584,.F.);
#4879=ORIENTED_EDGE('',*,*,#3576,.F.);
#4880=ORIENTED_EDGE('',*,*,#3585,.F.);
#4881=ORIENTED_EDGE('',*,*,#3583,.F.);
#4882=ORIENTED_EDGE('',*,*,#3586,.F.);
#4883=ORIENTED_EDGE('',*,*,#3581,.F.);
#4884=ORIENTED_EDGE('',*,*,#3587,.F.);
#4885=ORIENTED_EDGE('',*,*,#3588,.F.);
#4886=ORIENTED_EDGE('',*,*,#3589,.F.);
#4887=ORIENTED_EDGE('',*,*,#3590,.F.);
#4888=ORIENTED_EDGE('',*,*,#3591,.T.);
#4889=ORIENTED_EDGE('',*,*,#3592,.F.);
#4890=ORIENTED_EDGE('',*,*,#3588,.T.);
#4891=ORIENTED_EDGE('',*,*,#3591,.F.);
#4892=ORIENTED_EDGE('',*,*,#3593,.F.);
#4893=ORIENTED_EDGE('',*,*,#3594,.T.);
#4894=ORIENTED_EDGE('',*,*,#3595,.F.);
#4895=ORIENTED_EDGE('',*,*,#3596,.F.);
#4896=ORIENTED_EDGE('',*,*,#3597,.T.);
#4897=ORIENTED_EDGE('',*,*,#3598,.F.);
#4898=ORIENTED_EDGE('',*,*,#3599,.T.);
#4899=ORIENTED_EDGE('',*,*,#3597,.F.);
#4900=ORIENTED_EDGE('',*,*,#3600,.F.);
#4901=ORIENTED_EDGE('',*,*,#3601,.T.);
#4902=ORIENTED_EDGE('',*,*,#3602,.F.);
#4903=ORIENTED_EDGE('',*,*,#3594,.F.);
#4904=ORIENTED_EDGE('',*,*,#3603,.F.);
#4905=ORIENTED_EDGE('',*,*,#3601,.F.);
#4906=ORIENTED_EDGE('',*,*,#3604,.F.);
#4907=ORIENTED_EDGE('',*,*,#3599,.F.);
#4908=ORIENTED_EDGE('',*,*,#3605,.F.);
#4909=ORIENTED_EDGE('',*,*,#3606,.F.);
#4910=ORIENTED_EDGE('',*,*,#3607,.F.);
#4911=ORIENTED_EDGE('',*,*,#3608,.F.);
#4912=ORIENTED_EDGE('',*,*,#3609,.T.);
#4913=ORIENTED_EDGE('',*,*,#3610,.F.);
#4914=ORIENTED_EDGE('',*,*,#3606,.T.);
#4915=ORIENTED_EDGE('',*,*,#3609,.F.);
#4916=ORIENTED_EDGE('',*,*,#3611,.F.);
#4917=ORIENTED_EDGE('',*,*,#3612,.T.);
#4918=ORIENTED_EDGE('',*,*,#3613,.F.);
#4919=ORIENTED_EDGE('',*,*,#3614,.F.);
#4920=ORIENTED_EDGE('',*,*,#3615,.T.);
#4921=ORIENTED_EDGE('',*,*,#3616,.F.);
#4922=ORIENTED_EDGE('',*,*,#3617,.T.);
#4923=ORIENTED_EDGE('',*,*,#3615,.F.);
#4924=ORIENTED_EDGE('',*,*,#3618,.F.);
#4925=ORIENTED_EDGE('',*,*,#3619,.T.);
#4926=ORIENTED_EDGE('',*,*,#3620,.F.);
#4927=ORIENTED_EDGE('',*,*,#3612,.F.);
#4928=ORIENTED_EDGE('',*,*,#3621,.F.);
#4929=ORIENTED_EDGE('',*,*,#3619,.F.);
#4930=ORIENTED_EDGE('',*,*,#3622,.F.);
#4931=ORIENTED_EDGE('',*,*,#3617,.F.);
#4932=ORIENTED_EDGE('',*,*,#3623,.F.);
#4933=ORIENTED_EDGE('',*,*,#3624,.F.);
#4934=ORIENTED_EDGE('',*,*,#3625,.F.);
#4935=ORIENTED_EDGE('',*,*,#3626,.F.);
#4936=ORIENTED_EDGE('',*,*,#3627,.T.);
#4937=ORIENTED_EDGE('',*,*,#3628,.F.);
#4938=ORIENTED_EDGE('',*,*,#3624,.T.);
#4939=ORIENTED_EDGE('',*,*,#3627,.F.);
#4940=ORIENTED_EDGE('',*,*,#3629,.F.);
#4941=ORIENTED_EDGE('',*,*,#3630,.T.);
#4942=ORIENTED_EDGE('',*,*,#3631,.F.);
#4943=ORIENTED_EDGE('',*,*,#3632,.F.);
#4944=ORIENTED_EDGE('',*,*,#3633,.T.);
#4945=ORIENTED_EDGE('',*,*,#3634,.F.);
#4946=ORIENTED_EDGE('',*,*,#3635,.T.);
#4947=ORIENTED_EDGE('',*,*,#3633,.F.);
#4948=ORIENTED_EDGE('',*,*,#3636,.F.);
#4949=ORIENTED_EDGE('',*,*,#3637,.T.);
#4950=ORIENTED_EDGE('',*,*,#3638,.F.);
#4951=ORIENTED_EDGE('',*,*,#3630,.F.);
#4952=ORIENTED_EDGE('',*,*,#3639,.F.);
#4953=ORIENTED_EDGE('',*,*,#3637,.F.);
#4954=ORIENTED_EDGE('',*,*,#3640,.F.);
#4955=ORIENTED_EDGE('',*,*,#3635,.F.);
#4956=ORIENTED_EDGE('',*,*,#3641,.F.);
#4957=ORIENTED_EDGE('',*,*,#3642,.F.);
#4958=ORIENTED_EDGE('',*,*,#3643,.F.);
#4959=ORIENTED_EDGE('',*,*,#3644,.F.);
#4960=ORIENTED_EDGE('',*,*,#3645,.T.);
#4961=ORIENTED_EDGE('',*,*,#3646,.F.);
#4962=ORIENTED_EDGE('',*,*,#3642,.T.);
#4963=ORIENTED_EDGE('',*,*,#3645,.F.);
#4964=ORIENTED_EDGE('',*,*,#3647,.F.);
#4965=ORIENTED_EDGE('',*,*,#3648,.T.);
#4966=ORIENTED_EDGE('',*,*,#3649,.F.);
#4967=ORIENTED_EDGE('',*,*,#3650,.F.);
#4968=ORIENTED_EDGE('',*,*,#3651,.T.);
#4969=ORIENTED_EDGE('',*,*,#3652,.F.);
#4970=ORIENTED_EDGE('',*,*,#3653,.T.);
#4971=ORIENTED_EDGE('',*,*,#3651,.F.);
#4972=ORIENTED_EDGE('',*,*,#3654,.F.);
#4973=ORIENTED_EDGE('',*,*,#3655,.T.);
#4974=ORIENTED_EDGE('',*,*,#3656,.F.);
#4975=ORIENTED_EDGE('',*,*,#3648,.F.);
#4976=ORIENTED_EDGE('',*,*,#3657,.F.);
#4977=ORIENTED_EDGE('',*,*,#3655,.F.);
#4978=ORIENTED_EDGE('',*,*,#3658,.F.);
#4979=ORIENTED_EDGE('',*,*,#3653,.F.);
#4980=ORIENTED_EDGE('',*,*,#3659,.F.);
#4981=ORIENTED_EDGE('',*,*,#3660,.F.);
#4982=ORIENTED_EDGE('',*,*,#3661,.F.);
#4983=ORIENTED_EDGE('',*,*,#3662,.F.);
#4984=ORIENTED_EDGE('',*,*,#3663,.T.);
#4985=ORIENTED_EDGE('',*,*,#3664,.F.);
#4986=ORIENTED_EDGE('',*,*,#3660,.T.);
#4987=ORIENTED_EDGE('',*,*,#3663,.F.);
#4988=ORIENTED_EDGE('',*,*,#3665,.F.);
#4989=ORIENTED_EDGE('',*,*,#3666,.T.);
#4990=ORIENTED_EDGE('',*,*,#3667,.F.);
#4991=ORIENTED_EDGE('',*,*,#3668,.F.);
#4992=ORIENTED_EDGE('',*,*,#3669,.T.);
#4993=ORIENTED_EDGE('',*,*,#3670,.F.);
#4994=ORIENTED_EDGE('',*,*,#3671,.T.);
#4995=ORIENTED_EDGE('',*,*,#3669,.F.);
#4996=ORIENTED_EDGE('',*,*,#3672,.F.);
#4997=ORIENTED_EDGE('',*,*,#3673,.T.);
#4998=ORIENTED_EDGE('',*,*,#3674,.F.);
#4999=ORIENTED_EDGE('',*,*,#3666,.F.);
#5000=ORIENTED_EDGE('',*,*,#3675,.F.);
#5001=ORIENTED_EDGE('',*,*,#3673,.F.);
#5002=ORIENTED_EDGE('',*,*,#3676,.F.);
#5003=ORIENTED_EDGE('',*,*,#3671,.F.);
#5004=ORIENTED_EDGE('',*,*,#3677,.F.);
#5005=ORIENTED_EDGE('',*,*,#3678,.F.);
#5006=ORIENTED_EDGE('',*,*,#3679,.F.);
#5007=ORIENTED_EDGE('',*,*,#3680,.F.);
#5008=ORIENTED_EDGE('',*,*,#3681,.T.);
#5009=ORIENTED_EDGE('',*,*,#3682,.F.);
#5010=ORIENTED_EDGE('',*,*,#3678,.T.);
#5011=ORIENTED_EDGE('',*,*,#3681,.F.);
#5012=ORIENTED_EDGE('',*,*,#3683,.F.);
#5013=ORIENTED_EDGE('',*,*,#3684,.T.);
#5014=ORIENTED_EDGE('',*,*,#3685,.F.);
#5015=ORIENTED_EDGE('',*,*,#3686,.F.);
#5016=ORIENTED_EDGE('',*,*,#3687,.T.);
#5017=ORIENTED_EDGE('',*,*,#3688,.F.);
#5018=ORIENTED_EDGE('',*,*,#3689,.T.);
#5019=ORIENTED_EDGE('',*,*,#3687,.F.);
#5020=ORIENTED_EDGE('',*,*,#3690,.F.);
#5021=ORIENTED_EDGE('',*,*,#3691,.T.);
#5022=ORIENTED_EDGE('',*,*,#3692,.F.);
#5023=ORIENTED_EDGE('',*,*,#3684,.F.);
#5024=ORIENTED_EDGE('',*,*,#3693,.F.);
#5025=ORIENTED_EDGE('',*,*,#3691,.F.);
#5026=ORIENTED_EDGE('',*,*,#3694,.F.);
#5027=ORIENTED_EDGE('',*,*,#3689,.F.);
#5028=ORIENTED_EDGE('',*,*,#3695,.F.);
#5029=ORIENTED_EDGE('',*,*,#3696,.F.);
#5030=ORIENTED_EDGE('',*,*,#3697,.F.);
#5031=ORIENTED_EDGE('',*,*,#3698,.F.);
#5032=ORIENTED_EDGE('',*,*,#3699,.T.);
#5033=ORIENTED_EDGE('',*,*,#3700,.F.);
#5034=ORIENTED_EDGE('',*,*,#3696,.T.);
#5035=ORIENTED_EDGE('',*,*,#3699,.F.);
#5036=ORIENTED_EDGE('',*,*,#3701,.F.);
#5037=ORIENTED_EDGE('',*,*,#3702,.T.);
#5038=ORIENTED_EDGE('',*,*,#3703,.F.);
#5039=ORIENTED_EDGE('',*,*,#3704,.F.);
#5040=ORIENTED_EDGE('',*,*,#3705,.T.);
#5041=ORIENTED_EDGE('',*,*,#3706,.F.);
#5042=ORIENTED_EDGE('',*,*,#3707,.T.);
#5043=ORIENTED_EDGE('',*,*,#3705,.F.);
#5044=ORIENTED_EDGE('',*,*,#3708,.F.);
#5045=ORIENTED_EDGE('',*,*,#3709,.T.);
#5046=ORIENTED_EDGE('',*,*,#3710,.F.);
#5047=ORIENTED_EDGE('',*,*,#3702,.F.);
#5048=ORIENTED_EDGE('',*,*,#3711,.F.);
#5049=ORIENTED_EDGE('',*,*,#3709,.F.);
#5050=ORIENTED_EDGE('',*,*,#3712,.F.);
#5051=ORIENTED_EDGE('',*,*,#3707,.F.);
#5052=ORIENTED_EDGE('',*,*,#3713,.F.);
#5053=ORIENTED_EDGE('',*,*,#3714,.F.);
#5054=ORIENTED_EDGE('',*,*,#3715,.F.);
#5055=ORIENTED_EDGE('',*,*,#3716,.F.);
#5056=ORIENTED_EDGE('',*,*,#3717,.T.);
#5057=ORIENTED_EDGE('',*,*,#3718,.F.);
#5058=ORIENTED_EDGE('',*,*,#3714,.T.);
#5059=ORIENTED_EDGE('',*,*,#3717,.F.);
#5060=ORIENTED_EDGE('',*,*,#3719,.F.);
#5061=ORIENTED_EDGE('',*,*,#3720,.T.);
#5062=ORIENTED_EDGE('',*,*,#3721,.F.);
#5063=ORIENTED_EDGE('',*,*,#3722,.F.);
#5064=ORIENTED_EDGE('',*,*,#3723,.T.);
#5065=ORIENTED_EDGE('',*,*,#3724,.F.);
#5066=ORIENTED_EDGE('',*,*,#3725,.T.);
#5067=ORIENTED_EDGE('',*,*,#3723,.F.);
#5068=ORIENTED_EDGE('',*,*,#3726,.F.);
#5069=ORIENTED_EDGE('',*,*,#3727,.T.);
#5070=ORIENTED_EDGE('',*,*,#3728,.F.);
#5071=ORIENTED_EDGE('',*,*,#3720,.F.);
#5072=ORIENTED_EDGE('',*,*,#3729,.F.);
#5073=ORIENTED_EDGE('',*,*,#3727,.F.);
#5074=ORIENTED_EDGE('',*,*,#3730,.F.);
#5075=ORIENTED_EDGE('',*,*,#3725,.F.);
#5076=ORIENTED_EDGE('',*,*,#3731,.F.);
#5077=ORIENTED_EDGE('',*,*,#3732,.F.);
#5078=ORIENTED_EDGE('',*,*,#3733,.F.);
#5079=ORIENTED_EDGE('',*,*,#3734,.F.);
#5080=ORIENTED_EDGE('',*,*,#3735,.T.);
#5081=ORIENTED_EDGE('',*,*,#3736,.F.);
#5082=ORIENTED_EDGE('',*,*,#3732,.T.);
#5083=ORIENTED_EDGE('',*,*,#3735,.F.);
#5084=ORIENTED_EDGE('',*,*,#3737,.F.);
#5085=ORIENTED_EDGE('',*,*,#3738,.T.);
#5086=ORIENTED_EDGE('',*,*,#3739,.F.);
#5087=ORIENTED_EDGE('',*,*,#3740,.F.);
#5088=ORIENTED_EDGE('',*,*,#3741,.T.);
#5089=ORIENTED_EDGE('',*,*,#3742,.F.);
#5090=ORIENTED_EDGE('',*,*,#3743,.T.);
#5091=ORIENTED_EDGE('',*,*,#3741,.F.);
#5092=ORIENTED_EDGE('',*,*,#3744,.F.);
#5093=ORIENTED_EDGE('',*,*,#3745,.T.);
#5094=ORIENTED_EDGE('',*,*,#3746,.F.);
#5095=ORIENTED_EDGE('',*,*,#3738,.F.);
#5096=ORIENTED_EDGE('',*,*,#3747,.F.);
#5097=ORIENTED_EDGE('',*,*,#3745,.F.);
#5098=ORIENTED_EDGE('',*,*,#3748,.F.);
#5099=ORIENTED_EDGE('',*,*,#3743,.F.);
#5100=ORIENTED_EDGE('',*,*,#3749,.F.);
#5101=ORIENTED_EDGE('',*,*,#3750,.F.);
#5102=ORIENTED_EDGE('',*,*,#3751,.F.);
#5103=ORIENTED_EDGE('',*,*,#3752,.F.);
#5104=ORIENTED_EDGE('',*,*,#3753,.T.);
#5105=ORIENTED_EDGE('',*,*,#3754,.F.);
#5106=ORIENTED_EDGE('',*,*,#3750,.T.);
#5107=ORIENTED_EDGE('',*,*,#3753,.F.);
#5108=ORIENTED_EDGE('',*,*,#3755,.F.);
#5109=ORIENTED_EDGE('',*,*,#3756,.T.);
#5110=ORIENTED_EDGE('',*,*,#3757,.F.);
#5111=ORIENTED_EDGE('',*,*,#3758,.F.);
#5112=ORIENTED_EDGE('',*,*,#3759,.T.);
#5113=ORIENTED_EDGE('',*,*,#3760,.F.);
#5114=ORIENTED_EDGE('',*,*,#3761,.T.);
#5115=ORIENTED_EDGE('',*,*,#3759,.F.);
#5116=ORIENTED_EDGE('',*,*,#3762,.F.);
#5117=ORIENTED_EDGE('',*,*,#3763,.T.);
#5118=ORIENTED_EDGE('',*,*,#3764,.F.);
#5119=ORIENTED_EDGE('',*,*,#3756,.F.);
#5120=ORIENTED_EDGE('',*,*,#3765,.F.);
#5121=ORIENTED_EDGE('',*,*,#3763,.F.);
#5122=ORIENTED_EDGE('',*,*,#3766,.F.);
#5123=ORIENTED_EDGE('',*,*,#3761,.F.);
#5124=ORIENTED_EDGE('',*,*,#3767,.F.);
#5125=ORIENTED_EDGE('',*,*,#3768,.F.);
#5126=ORIENTED_EDGE('',*,*,#3769,.F.);
#5127=ORIENTED_EDGE('',*,*,#3770,.F.);
#5128=ORIENTED_EDGE('',*,*,#3771,.T.);
#5129=ORIENTED_EDGE('',*,*,#3772,.F.);
#5130=ORIENTED_EDGE('',*,*,#3768,.T.);
#5131=ORIENTED_EDGE('',*,*,#3771,.F.);
#5132=ORIENTED_EDGE('',*,*,#3773,.F.);
#5133=ORIENTED_EDGE('',*,*,#3774,.T.);
#5134=ORIENTED_EDGE('',*,*,#3775,.F.);
#5135=ORIENTED_EDGE('',*,*,#3776,.F.);
#5136=ORIENTED_EDGE('',*,*,#3777,.T.);
#5137=ORIENTED_EDGE('',*,*,#3778,.F.);
#5138=ORIENTED_EDGE('',*,*,#3779,.T.);
#5139=ORIENTED_EDGE('',*,*,#3777,.F.);
#5140=ORIENTED_EDGE('',*,*,#3780,.F.);
#5141=ORIENTED_EDGE('',*,*,#3781,.T.);
#5142=ORIENTED_EDGE('',*,*,#3782,.F.);
#5143=ORIENTED_EDGE('',*,*,#3774,.F.);
#5144=ORIENTED_EDGE('',*,*,#3783,.F.);
#5145=ORIENTED_EDGE('',*,*,#3781,.F.);
#5146=ORIENTED_EDGE('',*,*,#3784,.F.);
#5147=ORIENTED_EDGE('',*,*,#3779,.F.);
#5148=ORIENTED_EDGE('',*,*,#3785,.F.);
#5149=ORIENTED_EDGE('',*,*,#3786,.F.);
#5150=ORIENTED_EDGE('',*,*,#3787,.F.);
#5151=ORIENTED_EDGE('',*,*,#3788,.F.);
#5152=ORIENTED_EDGE('',*,*,#3789,.T.);
#5153=ORIENTED_EDGE('',*,*,#3790,.F.);
#5154=ORIENTED_EDGE('',*,*,#3786,.T.);
#5155=ORIENTED_EDGE('',*,*,#3789,.F.);
#5156=ORIENTED_EDGE('',*,*,#3791,.F.);
#5157=ORIENTED_EDGE('',*,*,#3792,.T.);
#5158=ORIENTED_EDGE('',*,*,#3793,.F.);
#5159=ORIENTED_EDGE('',*,*,#3794,.F.);
#5160=ORIENTED_EDGE('',*,*,#3795,.T.);
#5161=ORIENTED_EDGE('',*,*,#3796,.F.);
#5162=ORIENTED_EDGE('',*,*,#3797,.T.);
#5163=ORIENTED_EDGE('',*,*,#3795,.F.);
#5164=ORIENTED_EDGE('',*,*,#3798,.F.);
#5165=ORIENTED_EDGE('',*,*,#3799,.T.);
#5166=ORIENTED_EDGE('',*,*,#3800,.F.);
#5167=ORIENTED_EDGE('',*,*,#3792,.F.);
#5168=ORIENTED_EDGE('',*,*,#3801,.F.);
#5169=ORIENTED_EDGE('',*,*,#3799,.F.);
#5170=ORIENTED_EDGE('',*,*,#3802,.F.);
#5171=ORIENTED_EDGE('',*,*,#3797,.F.);
#5172=ORIENTED_EDGE('',*,*,#3803,.F.);
#5173=ORIENTED_EDGE('',*,*,#3804,.F.);
#5174=ORIENTED_EDGE('',*,*,#3805,.F.);
#5175=ORIENTED_EDGE('',*,*,#3806,.F.);
#5176=ORIENTED_EDGE('',*,*,#3807,.T.);
#5177=ORIENTED_EDGE('',*,*,#3808,.F.);
#5178=ORIENTED_EDGE('',*,*,#3804,.T.);
#5179=ORIENTED_EDGE('',*,*,#3807,.F.);
#5180=ORIENTED_EDGE('',*,*,#3809,.F.);
#5181=ORIENTED_EDGE('',*,*,#3810,.T.);
#5182=ORIENTED_EDGE('',*,*,#3811,.F.);
#5183=ORIENTED_EDGE('',*,*,#3812,.F.);
#5184=ORIENTED_EDGE('',*,*,#3813,.T.);
#5185=ORIENTED_EDGE('',*,*,#3814,.F.);
#5186=ORIENTED_EDGE('',*,*,#3815,.T.);
#5187=ORIENTED_EDGE('',*,*,#3813,.F.);
#5188=ORIENTED_EDGE('',*,*,#3816,.F.);
#5189=ORIENTED_EDGE('',*,*,#3817,.T.);
#5190=ORIENTED_EDGE('',*,*,#3818,.F.);
#5191=ORIENTED_EDGE('',*,*,#3810,.F.);
#5192=ORIENTED_EDGE('',*,*,#3819,.F.);
#5193=ORIENTED_EDGE('',*,*,#3817,.F.);
#5194=ORIENTED_EDGE('',*,*,#3820,.F.);
#5195=ORIENTED_EDGE('',*,*,#3815,.F.);
#5196=ORIENTED_EDGE('',*,*,#3821,.F.);
#5197=ORIENTED_EDGE('',*,*,#3822,.F.);
#5198=ORIENTED_EDGE('',*,*,#3823,.F.);
#5199=ORIENTED_EDGE('',*,*,#3824,.F.);
#5200=ORIENTED_EDGE('',*,*,#3825,.T.);
#5201=ORIENTED_EDGE('',*,*,#3826,.F.);
#5202=ORIENTED_EDGE('',*,*,#3822,.T.);
#5203=ORIENTED_EDGE('',*,*,#3825,.F.);
#5204=ORIENTED_EDGE('',*,*,#3827,.F.);
#5205=ORIENTED_EDGE('',*,*,#3828,.T.);
#5206=ORIENTED_EDGE('',*,*,#3829,.F.);
#5207=ORIENTED_EDGE('',*,*,#3830,.F.);
#5208=ORIENTED_EDGE('',*,*,#3831,.T.);
#5209=ORIENTED_EDGE('',*,*,#3832,.F.);
#5210=ORIENTED_EDGE('',*,*,#3833,.T.);
#5211=ORIENTED_EDGE('',*,*,#3831,.F.);
#5212=ORIENTED_EDGE('',*,*,#3834,.F.);
#5213=ORIENTED_EDGE('',*,*,#3835,.T.);
#5214=ORIENTED_EDGE('',*,*,#3836,.F.);
#5215=ORIENTED_EDGE('',*,*,#3828,.F.);
#5216=ORIENTED_EDGE('',*,*,#3837,.F.);
#5217=ORIENTED_EDGE('',*,*,#3835,.F.);
#5218=ORIENTED_EDGE('',*,*,#3838,.F.);
#5219=ORIENTED_EDGE('',*,*,#3833,.F.);
#5220=ORIENTED_EDGE('',*,*,#3839,.F.);
#5221=ORIENTED_EDGE('',*,*,#3840,.F.);
#5222=ORIENTED_EDGE('',*,*,#3841,.F.);
#5223=ORIENTED_EDGE('',*,*,#3842,.F.);
#5224=ORIENTED_EDGE('',*,*,#3843,.T.);
#5225=ORIENTED_EDGE('',*,*,#3844,.F.);
#5226=ORIENTED_EDGE('',*,*,#3840,.T.);
#5227=ORIENTED_EDGE('',*,*,#3843,.F.);
#5228=ORIENTED_EDGE('',*,*,#3845,.F.);
#5229=ORIENTED_EDGE('',*,*,#3846,.T.);
#5230=ORIENTED_EDGE('',*,*,#3847,.F.);
#5231=ORIENTED_EDGE('',*,*,#3848,.F.);
#5232=ORIENTED_EDGE('',*,*,#3849,.T.);
#5233=ORIENTED_EDGE('',*,*,#3850,.F.);
#5234=ORIENTED_EDGE('',*,*,#3851,.T.);
#5235=ORIENTED_EDGE('',*,*,#3849,.F.);
#5236=ORIENTED_EDGE('',*,*,#3852,.F.);
#5237=ORIENTED_EDGE('',*,*,#3853,.T.);
#5238=ORIENTED_EDGE('',*,*,#3854,.F.);
#5239=ORIENTED_EDGE('',*,*,#3846,.F.);
#5240=ORIENTED_EDGE('',*,*,#3855,.F.);
#5241=ORIENTED_EDGE('',*,*,#3853,.F.);
#5242=ORIENTED_EDGE('',*,*,#3856,.F.);
#5243=ORIENTED_EDGE('',*,*,#3851,.F.);
#5244=ORIENTED_EDGE('',*,*,#3857,.F.);
#5245=ORIENTED_EDGE('',*,*,#3858,.F.);
#5246=ORIENTED_EDGE('',*,*,#3859,.F.);
#5247=ORIENTED_EDGE('',*,*,#3860,.F.);
#5248=ORIENTED_EDGE('',*,*,#3861,.T.);
#5249=ORIENTED_EDGE('',*,*,#3862,.F.);
#5250=ORIENTED_EDGE('',*,*,#3858,.T.);
#5251=ORIENTED_EDGE('',*,*,#3861,.F.);
#5252=ORIENTED_EDGE('',*,*,#3863,.F.);
#5253=ORIENTED_EDGE('',*,*,#3864,.T.);
#5254=ORIENTED_EDGE('',*,*,#3865,.F.);
#5255=ORIENTED_EDGE('',*,*,#3866,.F.);
#5256=ORIENTED_EDGE('',*,*,#3867,.T.);
#5257=ORIENTED_EDGE('',*,*,#3868,.F.);
#5258=ORIENTED_EDGE('',*,*,#3869,.T.);
#5259=ORIENTED_EDGE('',*,*,#3867,.F.);
#5260=ORIENTED_EDGE('',*,*,#3870,.F.);
#5261=ORIENTED_EDGE('',*,*,#3871,.T.);
#5262=ORIENTED_EDGE('',*,*,#3872,.F.);
#5263=ORIENTED_EDGE('',*,*,#3864,.F.);
#5264=ORIENTED_EDGE('',*,*,#3873,.F.);
#5265=ORIENTED_EDGE('',*,*,#3871,.F.);
#5266=ORIENTED_EDGE('',*,*,#3874,.F.);
#5267=ORIENTED_EDGE('',*,*,#3869,.F.);
#5268=ORIENTED_EDGE('',*,*,#3875,.F.);
#5269=ORIENTED_EDGE('',*,*,#3876,.F.);
#5270=ORIENTED_EDGE('',*,*,#3877,.F.);
#5271=ORIENTED_EDGE('',*,*,#3878,.F.);
#5272=ORIENTED_EDGE('',*,*,#3879,.T.);
#5273=ORIENTED_EDGE('',*,*,#3880,.F.);
#5274=ORIENTED_EDGE('',*,*,#3876,.T.);
#5275=ORIENTED_EDGE('',*,*,#3879,.F.);
#5276=ORIENTED_EDGE('',*,*,#3881,.F.);
#5277=ORIENTED_EDGE('',*,*,#3882,.T.);
#5278=ORIENTED_EDGE('',*,*,#3883,.F.);
#5279=ORIENTED_EDGE('',*,*,#3884,.F.);
#5280=ORIENTED_EDGE('',*,*,#3885,.T.);
#5281=ORIENTED_EDGE('',*,*,#3886,.F.);
#5282=ORIENTED_EDGE('',*,*,#3887,.T.);
#5283=ORIENTED_EDGE('',*,*,#3885,.F.);
#5284=ORIENTED_EDGE('',*,*,#3888,.F.);
#5285=ORIENTED_EDGE('',*,*,#3889,.T.);
#5286=ORIENTED_EDGE('',*,*,#3890,.F.);
#5287=ORIENTED_EDGE('',*,*,#3882,.F.);
#5288=ORIENTED_EDGE('',*,*,#3891,.F.);
#5289=ORIENTED_EDGE('',*,*,#3889,.F.);
#5290=ORIENTED_EDGE('',*,*,#3892,.F.);
#5291=ORIENTED_EDGE('',*,*,#3887,.F.);
#5292=ORIENTED_EDGE('',*,*,#3893,.F.);
#5293=ORIENTED_EDGE('',*,*,#3894,.F.);
#5294=ORIENTED_EDGE('',*,*,#3895,.F.);
#5295=ORIENTED_EDGE('',*,*,#3896,.F.);
#5296=ORIENTED_EDGE('',*,*,#3897,.T.);
#5297=ORIENTED_EDGE('',*,*,#3898,.F.);
#5298=ORIENTED_EDGE('',*,*,#3894,.T.);
#5299=ORIENTED_EDGE('',*,*,#3897,.F.);
#5300=ORIENTED_EDGE('',*,*,#3899,.F.);
#5301=ORIENTED_EDGE('',*,*,#3900,.T.);
#5302=ORIENTED_EDGE('',*,*,#3901,.F.);
#5303=ORIENTED_EDGE('',*,*,#3902,.F.);
#5304=ORIENTED_EDGE('',*,*,#3903,.T.);
#5305=ORIENTED_EDGE('',*,*,#3904,.F.);
#5306=ORIENTED_EDGE('',*,*,#3905,.T.);
#5307=ORIENTED_EDGE('',*,*,#3903,.F.);
#5308=ORIENTED_EDGE('',*,*,#3906,.F.);
#5309=ORIENTED_EDGE('',*,*,#3907,.T.);
#5310=ORIENTED_EDGE('',*,*,#3908,.F.);
#5311=ORIENTED_EDGE('',*,*,#3900,.F.);
#5312=ORIENTED_EDGE('',*,*,#3909,.F.);
#5313=ORIENTED_EDGE('',*,*,#3907,.F.);
#5314=ORIENTED_EDGE('',*,*,#3910,.F.);
#5315=ORIENTED_EDGE('',*,*,#3905,.F.);
#5316=ORIENTED_EDGE('',*,*,#3911,.F.);
#5317=ORIENTED_EDGE('',*,*,#3912,.F.);
#5318=ORIENTED_EDGE('',*,*,#3913,.F.);
#5319=ORIENTED_EDGE('',*,*,#3914,.F.);
#5320=ORIENTED_EDGE('',*,*,#3915,.T.);
#5321=ORIENTED_EDGE('',*,*,#3916,.F.);
#5322=ORIENTED_EDGE('',*,*,#3912,.T.);
#5323=ORIENTED_EDGE('',*,*,#3915,.F.);
#5324=ORIENTED_EDGE('',*,*,#3917,.F.);
#5325=ORIENTED_EDGE('',*,*,#3918,.T.);
#5326=ORIENTED_EDGE('',*,*,#3919,.F.);
#5327=ORIENTED_EDGE('',*,*,#3920,.F.);
#5328=ORIENTED_EDGE('',*,*,#3921,.T.);
#5329=ORIENTED_EDGE('',*,*,#3922,.F.);
#5330=ORIENTED_EDGE('',*,*,#3923,.T.);
#5331=ORIENTED_EDGE('',*,*,#3921,.F.);
#5332=ORIENTED_EDGE('',*,*,#3924,.F.);
#5333=ORIENTED_EDGE('',*,*,#3925,.T.);
#5334=ORIENTED_EDGE('',*,*,#3926,.F.);
#5335=ORIENTED_EDGE('',*,*,#3918,.F.);
#5336=ORIENTED_EDGE('',*,*,#3927,.F.);
#5337=ORIENTED_EDGE('',*,*,#3925,.F.);
#5338=ORIENTED_EDGE('',*,*,#3928,.F.);
#5339=ORIENTED_EDGE('',*,*,#3923,.F.);
#5340=ORIENTED_EDGE('',*,*,#3929,.F.);
#5341=ORIENTED_EDGE('',*,*,#3930,.F.);
#5342=ORIENTED_EDGE('',*,*,#3931,.F.);
#5343=ORIENTED_EDGE('',*,*,#3932,.F.);
#5344=ORIENTED_EDGE('',*,*,#3933,.T.);
#5345=ORIENTED_EDGE('',*,*,#3934,.F.);
#5346=ORIENTED_EDGE('',*,*,#3930,.T.);
#5347=ORIENTED_EDGE('',*,*,#3933,.F.);
#5348=ORIENTED_EDGE('',*,*,#3935,.F.);
#5349=ORIENTED_EDGE('',*,*,#3936,.T.);
#5350=ORIENTED_EDGE('',*,*,#3937,.F.);
#5351=ORIENTED_EDGE('',*,*,#3938,.F.);
#5352=ORIENTED_EDGE('',*,*,#3939,.T.);
#5353=ORIENTED_EDGE('',*,*,#3940,.F.);
#5354=ORIENTED_EDGE('',*,*,#3941,.T.);
#5355=ORIENTED_EDGE('',*,*,#3939,.F.);
#5356=ORIENTED_EDGE('',*,*,#3942,.F.);
#5357=ORIENTED_EDGE('',*,*,#3943,.T.);
#5358=ORIENTED_EDGE('',*,*,#3944,.F.);
#5359=ORIENTED_EDGE('',*,*,#3936,.F.);
#5360=ORIENTED_EDGE('',*,*,#3945,.F.);
#5361=ORIENTED_EDGE('',*,*,#3943,.F.);
#5362=ORIENTED_EDGE('',*,*,#3946,.F.);
#5363=ORIENTED_EDGE('',*,*,#3941,.F.);
#5364=ORIENTED_EDGE('',*,*,#3947,.F.);
#5365=ORIENTED_EDGE('',*,*,#3948,.F.);
#5366=ORIENTED_EDGE('',*,*,#3949,.F.);
#5367=ORIENTED_EDGE('',*,*,#3950,.F.);
#5368=ORIENTED_EDGE('',*,*,#3951,.T.);
#5369=ORIENTED_EDGE('',*,*,#3952,.F.);
#5370=ORIENTED_EDGE('',*,*,#3948,.T.);
#5371=ORIENTED_EDGE('',*,*,#3951,.F.);
#5372=ORIENTED_EDGE('',*,*,#3953,.F.);
#5373=ORIENTED_EDGE('',*,*,#3954,.T.);
#5374=ORIENTED_EDGE('',*,*,#3955,.F.);
#5375=ORIENTED_EDGE('',*,*,#3956,.F.);
#5376=ORIENTED_EDGE('',*,*,#3957,.T.);
#5377=ORIENTED_EDGE('',*,*,#3958,.F.);
#5378=ORIENTED_EDGE('',*,*,#3959,.T.);
#5379=ORIENTED_EDGE('',*,*,#3957,.F.);
#5380=ORIENTED_EDGE('',*,*,#3960,.F.);
#5381=ORIENTED_EDGE('',*,*,#3961,.T.);
#5382=ORIENTED_EDGE('',*,*,#3962,.F.);
#5383=ORIENTED_EDGE('',*,*,#3954,.F.);
#5384=ORIENTED_EDGE('',*,*,#3963,.F.);
#5385=ORIENTED_EDGE('',*,*,#3961,.F.);
#5386=ORIENTED_EDGE('',*,*,#3964,.F.);
#5387=ORIENTED_EDGE('',*,*,#3959,.F.);
#5388=ORIENTED_EDGE('',*,*,#3965,.F.);
#5389=ORIENTED_EDGE('',*,*,#3966,.F.);
#5390=ORIENTED_EDGE('',*,*,#3967,.F.);
#5391=ORIENTED_EDGE('',*,*,#3968,.F.);
#5392=ORIENTED_EDGE('',*,*,#3969,.T.);
#5393=ORIENTED_EDGE('',*,*,#3970,.F.);
#5394=ORIENTED_EDGE('',*,*,#3966,.T.);
#5395=ORIENTED_EDGE('',*,*,#3969,.F.);
#5396=ORIENTED_EDGE('',*,*,#3971,.F.);
#5397=ORIENTED_EDGE('',*,*,#3972,.T.);
#5398=ORIENTED_EDGE('',*,*,#3973,.F.);
#5399=ORIENTED_EDGE('',*,*,#3974,.F.);
#5400=ORIENTED_EDGE('',*,*,#3975,.T.);
#5401=ORIENTED_EDGE('',*,*,#3976,.F.);
#5402=ORIENTED_EDGE('',*,*,#3977,.T.);
#5403=ORIENTED_EDGE('',*,*,#3975,.F.);
#5404=ORIENTED_EDGE('',*,*,#3978,.F.);
#5405=ORIENTED_EDGE('',*,*,#3979,.T.);
#5406=ORIENTED_EDGE('',*,*,#3980,.F.);
#5407=ORIENTED_EDGE('',*,*,#3972,.F.);
#5408=ORIENTED_EDGE('',*,*,#3981,.F.);
#5409=ORIENTED_EDGE('',*,*,#3979,.F.);
#5410=ORIENTED_EDGE('',*,*,#3982,.F.);
#5411=ORIENTED_EDGE('',*,*,#3977,.F.);
#5412=ORIENTED_EDGE('',*,*,#3983,.F.);
#5413=ORIENTED_EDGE('',*,*,#3984,.F.);
#5414=ORIENTED_EDGE('',*,*,#3985,.F.);
#5415=ORIENTED_EDGE('',*,*,#3986,.F.);
#5416=ORIENTED_EDGE('',*,*,#3987,.T.);
#5417=ORIENTED_EDGE('',*,*,#3988,.F.);
#5418=ORIENTED_EDGE('',*,*,#3984,.T.);
#5419=ORIENTED_EDGE('',*,*,#3987,.F.);
#5420=ORIENTED_EDGE('',*,*,#3989,.F.);
#5421=ORIENTED_EDGE('',*,*,#3990,.T.);
#5422=ORIENTED_EDGE('',*,*,#3991,.F.);
#5423=ORIENTED_EDGE('',*,*,#3992,.F.);
#5424=ORIENTED_EDGE('',*,*,#3993,.T.);
#5425=ORIENTED_EDGE('',*,*,#3994,.F.);
#5426=ORIENTED_EDGE('',*,*,#3995,.T.);
#5427=ORIENTED_EDGE('',*,*,#3993,.F.);
#5428=ORIENTED_EDGE('',*,*,#3996,.F.);
#5429=ORIENTED_EDGE('',*,*,#3997,.T.);
#5430=ORIENTED_EDGE('',*,*,#3998,.F.);
#5431=ORIENTED_EDGE('',*,*,#3990,.F.);
#5432=ORIENTED_EDGE('',*,*,#3999,.F.);
#5433=ORIENTED_EDGE('',*,*,#3997,.F.);
#5434=ORIENTED_EDGE('',*,*,#4000,.F.);
#5435=ORIENTED_EDGE('',*,*,#3995,.F.);
#5436=ORIENTED_EDGE('',*,*,#4001,.F.);
#5437=ORIENTED_EDGE('',*,*,#4002,.F.);
#5438=ORIENTED_EDGE('',*,*,#4003,.F.);
#5439=ORIENTED_EDGE('',*,*,#4004,.F.);
#5440=ORIENTED_EDGE('',*,*,#4005,.T.);
#5441=ORIENTED_EDGE('',*,*,#4006,.F.);
#5442=ORIENTED_EDGE('',*,*,#4002,.T.);
#5443=ORIENTED_EDGE('',*,*,#4005,.F.);
#5444=ORIENTED_EDGE('',*,*,#4007,.F.);
#5445=ORIENTED_EDGE('',*,*,#4008,.T.);
#5446=ORIENTED_EDGE('',*,*,#4009,.F.);
#5447=ORIENTED_EDGE('',*,*,#4010,.F.);
#5448=ORIENTED_EDGE('',*,*,#4011,.T.);
#5449=ORIENTED_EDGE('',*,*,#4012,.F.);
#5450=ORIENTED_EDGE('',*,*,#4013,.T.);
#5451=ORIENTED_EDGE('',*,*,#4011,.F.);
#5452=ORIENTED_EDGE('',*,*,#4014,.F.);
#5453=ORIENTED_EDGE('',*,*,#4015,.T.);
#5454=ORIENTED_EDGE('',*,*,#4016,.F.);
#5455=ORIENTED_EDGE('',*,*,#4008,.F.);
#5456=ORIENTED_EDGE('',*,*,#4017,.F.);
#5457=ORIENTED_EDGE('',*,*,#4015,.F.);
#5458=ORIENTED_EDGE('',*,*,#4018,.F.);
#5459=ORIENTED_EDGE('',*,*,#4013,.F.);
#5460=ORIENTED_EDGE('',*,*,#4019,.F.);
#5461=ORIENTED_EDGE('',*,*,#4020,.F.);
#5462=ORIENTED_EDGE('',*,*,#4021,.F.);
#5463=ORIENTED_EDGE('',*,*,#4022,.F.);
#5464=ORIENTED_EDGE('',*,*,#4023,.T.);
#5465=ORIENTED_EDGE('',*,*,#4024,.F.);
#5466=ORIENTED_EDGE('',*,*,#4020,.T.);
#5467=ORIENTED_EDGE('',*,*,#4023,.F.);
#5468=ORIENTED_EDGE('',*,*,#4025,.F.);
#5469=ORIENTED_EDGE('',*,*,#4026,.T.);
#5470=ORIENTED_EDGE('',*,*,#4027,.F.);
#5471=ORIENTED_EDGE('',*,*,#4028,.F.);
#5472=ORIENTED_EDGE('',*,*,#4029,.T.);
#5473=ORIENTED_EDGE('',*,*,#4030,.F.);
#5474=ORIENTED_EDGE('',*,*,#4031,.T.);
#5475=ORIENTED_EDGE('',*,*,#4029,.F.);
#5476=ORIENTED_EDGE('',*,*,#4032,.F.);
#5477=ORIENTED_EDGE('',*,*,#4033,.T.);
#5478=ORIENTED_EDGE('',*,*,#4034,.F.);
#5479=ORIENTED_EDGE('',*,*,#4026,.F.);
#5480=ORIENTED_EDGE('',*,*,#4035,.F.);
#5481=ORIENTED_EDGE('',*,*,#4033,.F.);
#5482=ORIENTED_EDGE('',*,*,#4036,.F.);
#5483=ORIENTED_EDGE('',*,*,#4031,.F.);
#5484=ORIENTED_EDGE('',*,*,#4037,.F.);
#5485=ORIENTED_EDGE('',*,*,#4038,.F.);
#5486=ORIENTED_EDGE('',*,*,#4039,.F.);
#5487=ORIENTED_EDGE('',*,*,#4040,.F.);
#5488=ORIENTED_EDGE('',*,*,#4041,.T.);
#5489=ORIENTED_EDGE('',*,*,#4042,.F.);
#5490=ORIENTED_EDGE('',*,*,#4038,.T.);
#5491=ORIENTED_EDGE('',*,*,#4041,.F.);
#5492=ORIENTED_EDGE('',*,*,#4043,.F.);
#5493=ORIENTED_EDGE('',*,*,#4044,.T.);
#5494=ORIENTED_EDGE('',*,*,#4045,.F.);
#5495=ORIENTED_EDGE('',*,*,#4046,.F.);
#5496=ORIENTED_EDGE('',*,*,#4047,.T.);
#5497=ORIENTED_EDGE('',*,*,#4048,.F.);
#5498=ORIENTED_EDGE('',*,*,#4049,.T.);
#5499=ORIENTED_EDGE('',*,*,#4047,.F.);
#5500=ORIENTED_EDGE('',*,*,#4050,.F.);
#5501=ORIENTED_EDGE('',*,*,#4051,.T.);
#5502=ORIENTED_EDGE('',*,*,#4052,.F.);
#5503=ORIENTED_EDGE('',*,*,#4044,.F.);
#5504=ORIENTED_EDGE('',*,*,#4053,.F.);
#5505=ORIENTED_EDGE('',*,*,#4051,.F.);
#5506=ORIENTED_EDGE('',*,*,#4054,.F.);
#5507=ORIENTED_EDGE('',*,*,#4049,.F.);
#5508=ORIENTED_EDGE('',*,*,#4055,.F.);
#5509=ORIENTED_EDGE('',*,*,#4056,.F.);
#5510=ORIENTED_EDGE('',*,*,#4057,.F.);
#5511=ORIENTED_EDGE('',*,*,#4058,.F.);
#5512=ORIENTED_EDGE('',*,*,#4059,.T.);
#5513=ORIENTED_EDGE('',*,*,#4060,.F.);
#5514=ORIENTED_EDGE('',*,*,#4056,.T.);
#5515=ORIENTED_EDGE('',*,*,#4059,.F.);
#5516=ORIENTED_EDGE('',*,*,#4061,.F.);
#5517=ORIENTED_EDGE('',*,*,#4062,.T.);
#5518=ORIENTED_EDGE('',*,*,#4063,.F.);
#5519=ORIENTED_EDGE('',*,*,#4064,.F.);
#5520=ORIENTED_EDGE('',*,*,#4065,.T.);
#5521=ORIENTED_EDGE('',*,*,#4066,.F.);
#5522=ORIENTED_EDGE('',*,*,#4067,.T.);
#5523=ORIENTED_EDGE('',*,*,#4065,.F.);
#5524=ORIENTED_EDGE('',*,*,#4068,.F.);
#5525=ORIENTED_EDGE('',*,*,#4069,.T.);
#5526=ORIENTED_EDGE('',*,*,#4070,.F.);
#5527=ORIENTED_EDGE('',*,*,#4062,.F.);
#5528=ORIENTED_EDGE('',*,*,#4071,.F.);
#5529=ORIENTED_EDGE('',*,*,#4069,.F.);
#5530=ORIENTED_EDGE('',*,*,#4072,.F.);
#5531=ORIENTED_EDGE('',*,*,#4067,.F.);
#5532=ORIENTED_EDGE('',*,*,#4073,.F.);
#5533=ORIENTED_EDGE('',*,*,#4074,.F.);
#5534=ORIENTED_EDGE('',*,*,#4075,.F.);
#5535=ORIENTED_EDGE('',*,*,#4076,.F.);
#5536=ORIENTED_EDGE('',*,*,#4077,.T.);
#5537=ORIENTED_EDGE('',*,*,#4078,.F.);
#5538=ORIENTED_EDGE('',*,*,#4074,.T.);
#5539=ORIENTED_EDGE('',*,*,#4077,.F.);
#5540=ORIENTED_EDGE('',*,*,#4079,.F.);
#5541=ORIENTED_EDGE('',*,*,#4080,.T.);
#5542=ORIENTED_EDGE('',*,*,#4081,.F.);
#5543=ORIENTED_EDGE('',*,*,#4082,.F.);
#5544=ORIENTED_EDGE('',*,*,#4083,.T.);
#5545=ORIENTED_EDGE('',*,*,#4084,.F.);
#5546=ORIENTED_EDGE('',*,*,#4085,.T.);
#5547=ORIENTED_EDGE('',*,*,#4083,.F.);
#5548=ORIENTED_EDGE('',*,*,#4086,.F.);
#5549=ORIENTED_EDGE('',*,*,#4087,.T.);
#5550=ORIENTED_EDGE('',*,*,#4088,.F.);
#5551=ORIENTED_EDGE('',*,*,#4080,.F.);
#5552=ORIENTED_EDGE('',*,*,#4089,.F.);
#5553=ORIENTED_EDGE('',*,*,#4087,.F.);
#5554=ORIENTED_EDGE('',*,*,#4090,.F.);
#5555=ORIENTED_EDGE('',*,*,#4085,.F.);
#5556=ORIENTED_EDGE('',*,*,#4091,.F.);
#5557=ORIENTED_EDGE('',*,*,#4092,.F.);
#5558=ORIENTED_EDGE('',*,*,#4093,.F.);
#5559=ORIENTED_EDGE('',*,*,#4094,.F.);
#5560=ORIENTED_EDGE('',*,*,#4092,.T.);
#5561=ORIENTED_EDGE('',*,*,#4095,.F.);
#5562=ORIENTED_EDGE('',*,*,#4096,.T.);
#5563=ORIENTED_EDGE('',*,*,#4097,.F.);
#5564=ORIENTED_EDGE('',*,*,#3048,.T.);
#5565=ORIENTED_EDGE('',*,*,#4098,.F.);
#5566=ORIENTED_EDGE('',*,*,#4099,.T.);
#5567=ORIENTED_EDGE('',*,*,#4099,.F.);
#5568=ORIENTED_EDGE('',*,*,#4100,.F.);
#5569=ORIENTED_EDGE('',*,*,#4101,.T.);
#5570=ORIENTED_EDGE('',*,*,#4102,.F.);
#5571=ORIENTED_EDGE('',*,*,#4096,.F.);
#5572=ORIENTED_EDGE('',*,*,#4103,.F.);
#5573=ORIENTED_EDGE('',*,*,#4104,.T.);
#5574=ORIENTED_EDGE('',*,*,#4105,.F.);
#5575=ORIENTED_EDGE('',*,*,#4104,.F.);
#5576=ORIENTED_EDGE('',*,*,#4106,.F.);
#5577=ORIENTED_EDGE('',*,*,#4101,.F.);
#5578=ORIENTED_EDGE('',*,*,#4107,.F.);
#5579=ORIENTED_EDGE('',*,*,#4108,.F.);
#5580=ORIENTED_EDGE('',*,*,#4109,.T.);
#5581=ORIENTED_EDGE('',*,*,#4110,.F.);
#5582=ORIENTED_EDGE('',*,*,#4109,.F.);
#5583=ORIENTED_EDGE('',*,*,#4111,.T.);
#5584=ORIENTED_EDGE('',*,*,#4112,.T.);
#5585=ORIENTED_EDGE('',*,*,#4113,.F.);
#5586=ORIENTED_EDGE('',*,*,#4112,.F.);
#5587=ORIENTED_EDGE('',*,*,#4114,.F.);
#5588=ORIENTED_EDGE('',*,*,#4115,.T.);
#5589=ORIENTED_EDGE('',*,*,#4111,.F.);
#5590=ORIENTED_EDGE('',*,*,#4115,.F.);
#5591=ORIENTED_EDGE('',*,*,#4108,.T.);
#5592=ORIENTED_EDGE('',*,*,#4116,.F.);
#5593=ORIENTED_EDGE('',*,*,#4117,.T.);
#5594=ORIENTED_EDGE('',*,*,#4118,.T.);
#5595=ORIENTED_EDGE('',*,*,#4117,.F.);
#5596=ORIENTED_EDGE('',*,*,#4116,.T.);
#5597=ORIENTED_EDGE('',*,*,#4118,.F.);
#5598=ORIENTED_EDGE('',*,*,#4119,.T.);
#5599=ORIENTED_EDGE('',*,*,#4120,.F.);
#5600=ORIENTED_EDGE('',*,*,#4119,.F.);
#5601=ORIENTED_EDGE('',*,*,#4121,.T.);
#5602=ORIENTED_EDGE('',*,*,#4122,.T.);
#5603=ORIENTED_EDGE('',*,*,#4123,.T.);
#5604=ORIENTED_EDGE('',*,*,#4122,.F.);
#5605=ORIENTED_EDGE('',*,*,#4121,.F.);
#5606=ORIENTED_EDGE('',*,*,#4124,.F.);
#5607=ORIENTED_EDGE('',*,*,#4123,.F.);
#5608=ORIENTED_EDGE('',*,*,#4125,.T.);
#5609=ORIENTED_EDGE('',*,*,#4126,.F.);
#5610=ORIENTED_EDGE('',*,*,#4125,.F.);
#5611=ORIENTED_EDGE('',*,*,#4110,.T.);
#5612=ORIENTED_EDGE('',*,*,#4120,.T.);
#5613=ORIENTED_EDGE('',*,*,#4124,.T.);
#5614=ORIENTED_EDGE('',*,*,#4127,.T.);
#5615=ORIENTED_EDGE('',*,*,#4114,.T.);
#5616=ORIENTED_EDGE('',*,*,#4127,.F.);
#5617=ORIENTED_EDGE('',*,*,#4128,.T.);
#5618=ORIENTED_EDGE('',*,*,#4126,.T.);
#5619=ORIENTED_EDGE('',*,*,#4128,.F.);
#5620=ORIENTED_EDGE('',*,*,#4129,.T.);
#5621=ORIENTED_EDGE('',*,*,#4130,.T.);
#5622=ORIENTED_EDGE('',*,*,#4129,.F.);
#5623=ORIENTED_EDGE('',*,*,#4113,.T.);
#5624=ORIENTED_EDGE('',*,*,#4131,.T.);
#5625=ORIENTED_EDGE('',*,*,#4130,.F.);
#5626=ORIENTED_EDGE('',*,*,#4084,.T.);
#5627=ORIENTED_EDGE('',*,*,#4088,.T.);
#5628=ORIENTED_EDGE('',*,*,#4089,.T.);
#5629=ORIENTED_EDGE('',*,*,#4079,.T.);
#5630=ORIENTED_EDGE('',*,*,#4076,.T.);
#5631=ORIENTED_EDGE('',*,*,#4073,.T.);
#5632=ORIENTED_EDGE('',*,*,#4066,.T.);
#5633=ORIENTED_EDGE('',*,*,#4070,.T.);
#5634=ORIENTED_EDGE('',*,*,#4071,.T.);
#5635=ORIENTED_EDGE('',*,*,#4061,.T.);
#5636=ORIENTED_EDGE('',*,*,#4058,.T.);
#5637=ORIENTED_EDGE('',*,*,#4055,.T.);
#5638=ORIENTED_EDGE('',*,*,#4048,.T.);
#5639=ORIENTED_EDGE('',*,*,#4052,.T.);
#5640=ORIENTED_EDGE('',*,*,#4053,.T.);
#5641=ORIENTED_EDGE('',*,*,#4043,.T.);
#5642=ORIENTED_EDGE('',*,*,#4040,.T.);
#5643=ORIENTED_EDGE('',*,*,#4037,.T.);
#5644=ORIENTED_EDGE('',*,*,#4030,.T.);
#5645=ORIENTED_EDGE('',*,*,#4034,.T.);
#5646=ORIENTED_EDGE('',*,*,#4035,.T.);
#5647=ORIENTED_EDGE('',*,*,#4025,.T.);
#5648=ORIENTED_EDGE('',*,*,#4022,.T.);
#5649=ORIENTED_EDGE('',*,*,#4019,.T.);
#5650=ORIENTED_EDGE('',*,*,#4012,.T.);
#5651=ORIENTED_EDGE('',*,*,#4016,.T.);
#5652=ORIENTED_EDGE('',*,*,#4017,.T.);
#5653=ORIENTED_EDGE('',*,*,#4007,.T.);
#5654=ORIENTED_EDGE('',*,*,#4004,.T.);
#5655=ORIENTED_EDGE('',*,*,#4001,.T.);
#5656=ORIENTED_EDGE('',*,*,#3994,.T.);
#5657=ORIENTED_EDGE('',*,*,#3998,.T.);
#5658=ORIENTED_EDGE('',*,*,#3999,.T.);
#5659=ORIENTED_EDGE('',*,*,#3989,.T.);
#5660=ORIENTED_EDGE('',*,*,#3986,.T.);
#5661=ORIENTED_EDGE('',*,*,#3983,.T.);
#5662=ORIENTED_EDGE('',*,*,#3976,.T.);
#5663=ORIENTED_EDGE('',*,*,#3980,.T.);
#5664=ORIENTED_EDGE('',*,*,#3981,.T.);
#5665=ORIENTED_EDGE('',*,*,#3971,.T.);
#5666=ORIENTED_EDGE('',*,*,#3968,.T.);
#5667=ORIENTED_EDGE('',*,*,#3965,.T.);
#5668=ORIENTED_EDGE('',*,*,#3958,.T.);
#5669=ORIENTED_EDGE('',*,*,#3962,.T.);
#5670=ORIENTED_EDGE('',*,*,#3963,.T.);
#5671=ORIENTED_EDGE('',*,*,#3953,.T.);
#5672=ORIENTED_EDGE('',*,*,#3950,.T.);
#5673=ORIENTED_EDGE('',*,*,#3947,.T.);
#5674=ORIENTED_EDGE('',*,*,#3940,.T.);
#5675=ORIENTED_EDGE('',*,*,#3944,.T.);
#5676=ORIENTED_EDGE('',*,*,#3945,.T.);
#5677=ORIENTED_EDGE('',*,*,#3935,.T.);
#5678=ORIENTED_EDGE('',*,*,#3932,.T.);
#5679=ORIENTED_EDGE('',*,*,#3929,.T.);
#5680=ORIENTED_EDGE('',*,*,#3922,.T.);
#5681=ORIENTED_EDGE('',*,*,#3926,.T.);
#5682=ORIENTED_EDGE('',*,*,#3927,.T.);
#5683=ORIENTED_EDGE('',*,*,#3917,.T.);
#5684=ORIENTED_EDGE('',*,*,#3914,.T.);
#5685=ORIENTED_EDGE('',*,*,#3911,.T.);
#5686=ORIENTED_EDGE('',*,*,#3904,.T.);
#5687=ORIENTED_EDGE('',*,*,#3908,.T.);
#5688=ORIENTED_EDGE('',*,*,#3909,.T.);
#5689=ORIENTED_EDGE('',*,*,#3899,.T.);
#5690=ORIENTED_EDGE('',*,*,#3896,.T.);
#5691=ORIENTED_EDGE('',*,*,#3893,.T.);
#5692=ORIENTED_EDGE('',*,*,#3886,.T.);
#5693=ORIENTED_EDGE('',*,*,#3890,.T.);
#5694=ORIENTED_EDGE('',*,*,#3891,.T.);
#5695=ORIENTED_EDGE('',*,*,#3881,.T.);
#5696=ORIENTED_EDGE('',*,*,#3878,.T.);
#5697=ORIENTED_EDGE('',*,*,#3875,.T.);
#5698=ORIENTED_EDGE('',*,*,#3868,.T.);
#5699=ORIENTED_EDGE('',*,*,#3872,.T.);
#5700=ORIENTED_EDGE('',*,*,#3873,.T.);
#5701=ORIENTED_EDGE('',*,*,#3863,.T.);
#5702=ORIENTED_EDGE('',*,*,#3860,.T.);
#5703=ORIENTED_EDGE('',*,*,#3857,.T.);
#5704=ORIENTED_EDGE('',*,*,#3850,.T.);
#5705=ORIENTED_EDGE('',*,*,#3854,.T.);
#5706=ORIENTED_EDGE('',*,*,#3855,.T.);
#5707=ORIENTED_EDGE('',*,*,#3845,.T.);
#5708=ORIENTED_EDGE('',*,*,#3842,.T.);
#5709=ORIENTED_EDGE('',*,*,#3839,.T.);
#5710=ORIENTED_EDGE('',*,*,#3832,.T.);
#5711=ORIENTED_EDGE('',*,*,#3836,.T.);
#5712=ORIENTED_EDGE('',*,*,#3837,.T.);
#5713=ORIENTED_EDGE('',*,*,#3827,.T.);
#5714=ORIENTED_EDGE('',*,*,#3824,.T.);
#5715=ORIENTED_EDGE('',*,*,#3821,.T.);
#5716=ORIENTED_EDGE('',*,*,#3814,.T.);
#5717=ORIENTED_EDGE('',*,*,#3818,.T.);
#5718=ORIENTED_EDGE('',*,*,#3819,.T.);
#5719=ORIENTED_EDGE('',*,*,#3809,.T.);
#5720=ORIENTED_EDGE('',*,*,#3806,.T.);
#5721=ORIENTED_EDGE('',*,*,#3803,.T.);
#5722=ORIENTED_EDGE('',*,*,#3796,.T.);
#5723=ORIENTED_EDGE('',*,*,#3800,.T.);
#5724=ORIENTED_EDGE('',*,*,#3801,.T.);
#5725=ORIENTED_EDGE('',*,*,#3791,.T.);
#5726=ORIENTED_EDGE('',*,*,#3788,.T.);
#5727=ORIENTED_EDGE('',*,*,#3785,.T.);
#5728=ORIENTED_EDGE('',*,*,#3778,.T.);
#5729=ORIENTED_EDGE('',*,*,#3782,.T.);
#5730=ORIENTED_EDGE('',*,*,#3783,.T.);
#5731=ORIENTED_EDGE('',*,*,#3773,.T.);
#5732=ORIENTED_EDGE('',*,*,#3770,.T.);
#5733=ORIENTED_EDGE('',*,*,#3767,.T.);
#5734=ORIENTED_EDGE('',*,*,#3760,.T.);
#5735=ORIENTED_EDGE('',*,*,#3764,.T.);
#5736=ORIENTED_EDGE('',*,*,#3765,.T.);
#5737=ORIENTED_EDGE('',*,*,#3755,.T.);
#5738=ORIENTED_EDGE('',*,*,#3752,.T.);
#5739=ORIENTED_EDGE('',*,*,#3749,.T.);
#5740=ORIENTED_EDGE('',*,*,#3742,.T.);
#5741=ORIENTED_EDGE('',*,*,#3746,.T.);
#5742=ORIENTED_EDGE('',*,*,#3747,.T.);
#5743=ORIENTED_EDGE('',*,*,#3737,.T.);
#5744=ORIENTED_EDGE('',*,*,#3734,.T.);
#5745=ORIENTED_EDGE('',*,*,#3731,.T.);
#5746=ORIENTED_EDGE('',*,*,#3724,.T.);
#5747=ORIENTED_EDGE('',*,*,#3728,.T.);
#5748=ORIENTED_EDGE('',*,*,#3729,.T.);
#5749=ORIENTED_EDGE('',*,*,#3719,.T.);
#5750=ORIENTED_EDGE('',*,*,#3716,.T.);
#5751=ORIENTED_EDGE('',*,*,#3713,.T.);
#5752=ORIENTED_EDGE('',*,*,#3706,.T.);
#5753=ORIENTED_EDGE('',*,*,#3710,.T.);
#5754=ORIENTED_EDGE('',*,*,#3711,.T.);
#5755=ORIENTED_EDGE('',*,*,#3701,.T.);
#5756=ORIENTED_EDGE('',*,*,#3698,.T.);
#5757=ORIENTED_EDGE('',*,*,#3695,.T.);
#5758=ORIENTED_EDGE('',*,*,#3688,.T.);
#5759=ORIENTED_EDGE('',*,*,#3692,.T.);
#5760=ORIENTED_EDGE('',*,*,#3693,.T.);
#5761=ORIENTED_EDGE('',*,*,#3683,.T.);
#5762=ORIENTED_EDGE('',*,*,#3680,.T.);
#5763=ORIENTED_EDGE('',*,*,#3677,.T.);
#5764=ORIENTED_EDGE('',*,*,#3670,.T.);
#5765=ORIENTED_EDGE('',*,*,#3674,.T.);
#5766=ORIENTED_EDGE('',*,*,#3675,.T.);
#5767=ORIENTED_EDGE('',*,*,#3665,.T.);
#5768=ORIENTED_EDGE('',*,*,#3662,.T.);
#5769=ORIENTED_EDGE('',*,*,#3659,.T.);
#5770=ORIENTED_EDGE('',*,*,#3652,.T.);
#5771=ORIENTED_EDGE('',*,*,#3656,.T.);
#5772=ORIENTED_EDGE('',*,*,#3657,.T.);
#5773=ORIENTED_EDGE('',*,*,#3647,.T.);
#5774=ORIENTED_EDGE('',*,*,#3644,.T.);
#5775=ORIENTED_EDGE('',*,*,#3641,.T.);
#5776=ORIENTED_EDGE('',*,*,#3634,.T.);
#5777=ORIENTED_EDGE('',*,*,#3638,.T.);
#5778=ORIENTED_EDGE('',*,*,#3639,.T.);
#5779=ORIENTED_EDGE('',*,*,#3629,.T.);
#5780=ORIENTED_EDGE('',*,*,#3626,.T.);
#5781=ORIENTED_EDGE('',*,*,#3623,.T.);
#5782=ORIENTED_EDGE('',*,*,#3616,.T.);
#5783=ORIENTED_EDGE('',*,*,#3620,.T.);
#5784=ORIENTED_EDGE('',*,*,#3621,.T.);
#5785=ORIENTED_EDGE('',*,*,#3611,.T.);
#5786=ORIENTED_EDGE('',*,*,#3608,.T.);
#5787=ORIENTED_EDGE('',*,*,#3605,.T.);
#5788=ORIENTED_EDGE('',*,*,#3598,.T.);
#5789=ORIENTED_EDGE('',*,*,#3602,.T.);
#5790=ORIENTED_EDGE('',*,*,#3603,.T.);
#5791=ORIENTED_EDGE('',*,*,#3593,.T.);
#5792=ORIENTED_EDGE('',*,*,#3590,.T.);
#5793=ORIENTED_EDGE('',*,*,#3587,.T.);
#5794=ORIENTED_EDGE('',*,*,#3580,.T.);
#5795=ORIENTED_EDGE('',*,*,#3584,.T.);
#5796=ORIENTED_EDGE('',*,*,#3585,.T.);
#5797=ORIENTED_EDGE('',*,*,#3575,.T.);
#5798=ORIENTED_EDGE('',*,*,#3572,.T.);
#5799=ORIENTED_EDGE('',*,*,#3569,.T.);
#5800=ORIENTED_EDGE('',*,*,#3562,.T.);
#5801=ORIENTED_EDGE('',*,*,#3566,.T.);
#5802=ORIENTED_EDGE('',*,*,#3567,.T.);
#5803=ORIENTED_EDGE('',*,*,#3557,.T.);
#5804=ORIENTED_EDGE('',*,*,#3554,.T.);
#5805=ORIENTED_EDGE('',*,*,#3551,.T.);
#5806=ORIENTED_EDGE('',*,*,#3544,.T.);
#5807=ORIENTED_EDGE('',*,*,#3548,.T.);
#5808=ORIENTED_EDGE('',*,*,#3549,.T.);
#5809=ORIENTED_EDGE('',*,*,#3539,.T.);
#5810=ORIENTED_EDGE('',*,*,#3536,.T.);
#5811=ORIENTED_EDGE('',*,*,#3533,.T.);
#5812=ORIENTED_EDGE('',*,*,#3526,.T.);
#5813=ORIENTED_EDGE('',*,*,#3530,.T.);
#5814=ORIENTED_EDGE('',*,*,#3531,.T.);
#5815=ORIENTED_EDGE('',*,*,#3521,.T.);
#5816=ORIENTED_EDGE('',*,*,#3518,.T.);
#5817=ORIENTED_EDGE('',*,*,#3515,.T.);
#5818=ORIENTED_EDGE('',*,*,#3508,.T.);
#5819=ORIENTED_EDGE('',*,*,#3512,.T.);
#5820=ORIENTED_EDGE('',*,*,#3513,.T.);
#5821=ORIENTED_EDGE('',*,*,#3503,.T.);
#5822=ORIENTED_EDGE('',*,*,#3500,.T.);
#5823=ORIENTED_EDGE('',*,*,#3497,.T.);
#5824=ORIENTED_EDGE('',*,*,#3490,.T.);
#5825=ORIENTED_EDGE('',*,*,#3494,.T.);
#5826=ORIENTED_EDGE('',*,*,#3495,.T.);
#5827=ORIENTED_EDGE('',*,*,#3485,.T.);
#5828=ORIENTED_EDGE('',*,*,#3482,.T.);
#5829=ORIENTED_EDGE('',*,*,#3479,.T.);
#5830=ORIENTED_EDGE('',*,*,#3472,.T.);
#5831=ORIENTED_EDGE('',*,*,#3476,.T.);
#5832=ORIENTED_EDGE('',*,*,#3477,.T.);
#5833=ORIENTED_EDGE('',*,*,#3467,.T.);
#5834=ORIENTED_EDGE('',*,*,#3464,.T.);
#5835=ORIENTED_EDGE('',*,*,#3461,.T.);
#5836=ORIENTED_EDGE('',*,*,#3454,.T.);
#5837=ORIENTED_EDGE('',*,*,#3458,.T.);
#5838=ORIENTED_EDGE('',*,*,#3459,.T.);
#5839=ORIENTED_EDGE('',*,*,#3449,.T.);
#5840=ORIENTED_EDGE('',*,*,#3446,.T.);
#5841=ORIENTED_EDGE('',*,*,#3443,.T.);
#5842=ORIENTED_EDGE('',*,*,#3436,.T.);
#5843=ORIENTED_EDGE('',*,*,#3440,.T.);
#5844=ORIENTED_EDGE('',*,*,#3441,.T.);
#5845=ORIENTED_EDGE('',*,*,#3431,.T.);
#5846=ORIENTED_EDGE('',*,*,#3428,.T.);
#5847=ORIENTED_EDGE('',*,*,#3425,.T.);
#5848=ORIENTED_EDGE('',*,*,#3418,.T.);
#5849=ORIENTED_EDGE('',*,*,#3422,.T.);
#5850=ORIENTED_EDGE('',*,*,#3423,.T.);
#5851=ORIENTED_EDGE('',*,*,#3413,.T.);
#5852=ORIENTED_EDGE('',*,*,#3410,.T.);
#5853=ORIENTED_EDGE('',*,*,#3407,.T.);
#5854=ORIENTED_EDGE('',*,*,#3400,.T.);
#5855=ORIENTED_EDGE('',*,*,#3404,.T.);
#5856=ORIENTED_EDGE('',*,*,#3405,.T.);
#5857=ORIENTED_EDGE('',*,*,#3395,.T.);
#5858=ORIENTED_EDGE('',*,*,#3392,.T.);
#5859=ORIENTED_EDGE('',*,*,#3389,.T.);
#5860=ORIENTED_EDGE('',*,*,#3382,.T.);
#5861=ORIENTED_EDGE('',*,*,#3386,.T.);
#5862=ORIENTED_EDGE('',*,*,#3387,.T.);
#5863=ORIENTED_EDGE('',*,*,#3377,.T.);
#5864=ORIENTED_EDGE('',*,*,#3374,.T.);
#5865=ORIENTED_EDGE('',*,*,#3371,.T.);
#5866=ORIENTED_EDGE('',*,*,#3364,.T.);
#5867=ORIENTED_EDGE('',*,*,#3368,.T.);
#5868=ORIENTED_EDGE('',*,*,#3369,.T.);
#5869=ORIENTED_EDGE('',*,*,#3359,.T.);
#5870=ORIENTED_EDGE('',*,*,#3356,.T.);
#5871=ORIENTED_EDGE('',*,*,#3353,.T.);
#5872=ORIENTED_EDGE('',*,*,#3346,.T.);
#5873=ORIENTED_EDGE('',*,*,#3350,.T.);
#5874=ORIENTED_EDGE('',*,*,#3351,.T.);
#5875=ORIENTED_EDGE('',*,*,#3341,.T.);
#5876=ORIENTED_EDGE('',*,*,#3338,.T.);
#5877=ORIENTED_EDGE('',*,*,#3335,.T.);
#5878=ORIENTED_EDGE('',*,*,#3328,.T.);
#5879=ORIENTED_EDGE('',*,*,#3332,.T.);
#5880=ORIENTED_EDGE('',*,*,#3333,.T.);
#5881=ORIENTED_EDGE('',*,*,#3323,.T.);
#5882=ORIENTED_EDGE('',*,*,#3320,.T.);
#5883=ORIENTED_EDGE('',*,*,#3317,.T.);
#5884=ORIENTED_EDGE('',*,*,#3310,.T.);
#5885=ORIENTED_EDGE('',*,*,#3314,.T.);
#5886=ORIENTED_EDGE('',*,*,#3315,.T.);
#5887=ORIENTED_EDGE('',*,*,#3305,.T.);
#5888=ORIENTED_EDGE('',*,*,#3302,.T.);
#5889=ORIENTED_EDGE('',*,*,#3299,.T.);
#5890=ORIENTED_EDGE('',*,*,#3292,.T.);
#5891=ORIENTED_EDGE('',*,*,#3296,.T.);
#5892=ORIENTED_EDGE('',*,*,#3297,.T.);
#5893=ORIENTED_EDGE('',*,*,#3287,.T.);
#5894=ORIENTED_EDGE('',*,*,#3284,.T.);
#5895=ORIENTED_EDGE('',*,*,#3281,.T.);
#5896=ORIENTED_EDGE('',*,*,#3274,.T.);
#5897=ORIENTED_EDGE('',*,*,#3278,.T.);
#5898=ORIENTED_EDGE('',*,*,#3279,.T.);
#5899=ORIENTED_EDGE('',*,*,#3269,.T.);
#5900=ORIENTED_EDGE('',*,*,#3266,.T.);
#5901=ORIENTED_EDGE('',*,*,#3263,.T.);
#5902=ORIENTED_EDGE('',*,*,#3256,.T.);
#5903=ORIENTED_EDGE('',*,*,#3260,.T.);
#5904=ORIENTED_EDGE('',*,*,#3261,.T.);
#5905=ORIENTED_EDGE('',*,*,#3251,.T.);
#5906=ORIENTED_EDGE('',*,*,#3248,.T.);
#5907=ORIENTED_EDGE('',*,*,#3245,.T.);
#5908=ORIENTED_EDGE('',*,*,#3238,.T.);
#5909=ORIENTED_EDGE('',*,*,#3242,.T.);
#5910=ORIENTED_EDGE('',*,*,#3243,.T.);
#5911=ORIENTED_EDGE('',*,*,#3233,.T.);
#5912=ORIENTED_EDGE('',*,*,#3230,.T.);
#5913=ORIENTED_EDGE('',*,*,#3227,.T.);
#5914=ORIENTED_EDGE('',*,*,#3220,.T.);
#5915=ORIENTED_EDGE('',*,*,#3224,.T.);
#5916=ORIENTED_EDGE('',*,*,#3225,.T.);
#5917=ORIENTED_EDGE('',*,*,#3215,.T.);
#5918=ORIENTED_EDGE('',*,*,#3212,.T.);
#5919=ORIENTED_EDGE('',*,*,#3209,.T.);
#5920=ORIENTED_EDGE('',*,*,#3202,.T.);
#5921=ORIENTED_EDGE('',*,*,#3206,.T.);
#5922=ORIENTED_EDGE('',*,*,#3207,.T.);
#5923=ORIENTED_EDGE('',*,*,#3197,.T.);
#5924=ORIENTED_EDGE('',*,*,#3194,.T.);
#5925=ORIENTED_EDGE('',*,*,#3191,.T.);
#5926=ORIENTED_EDGE('',*,*,#3184,.T.);
#5927=ORIENTED_EDGE('',*,*,#3188,.T.);
#5928=ORIENTED_EDGE('',*,*,#3189,.T.);
#5929=ORIENTED_EDGE('',*,*,#3179,.T.);
#5930=ORIENTED_EDGE('',*,*,#3176,.T.);
#5931=ORIENTED_EDGE('',*,*,#3173,.T.);
#5932=ORIENTED_EDGE('',*,*,#3166,.T.);
#5933=ORIENTED_EDGE('',*,*,#3170,.T.);
#5934=ORIENTED_EDGE('',*,*,#3171,.T.);
#5935=ORIENTED_EDGE('',*,*,#3161,.T.);
#5936=ORIENTED_EDGE('',*,*,#3158,.T.);
#5937=ORIENTED_EDGE('',*,*,#3155,.T.);
#5938=ORIENTED_EDGE('',*,*,#3148,.T.);
#5939=ORIENTED_EDGE('',*,*,#3152,.T.);
#5940=ORIENTED_EDGE('',*,*,#3153,.T.);
#5941=ORIENTED_EDGE('',*,*,#3143,.T.);
#5942=ORIENTED_EDGE('',*,*,#3140,.T.);
#5943=ORIENTED_EDGE('',*,*,#3137,.T.);
#5944=ORIENTED_EDGE('',*,*,#3130,.T.);
#5945=ORIENTED_EDGE('',*,*,#3134,.T.);
#5946=ORIENTED_EDGE('',*,*,#3135,.T.);
#5947=ORIENTED_EDGE('',*,*,#3125,.T.);
#5948=ORIENTED_EDGE('',*,*,#3122,.T.);
#5949=ORIENTED_EDGE('',*,*,#3119,.T.);
#5950=ORIENTED_EDGE('',*,*,#3112,.T.);
#5951=ORIENTED_EDGE('',*,*,#3116,.T.);
#5952=ORIENTED_EDGE('',*,*,#3117,.T.);
#5953=ORIENTED_EDGE('',*,*,#3107,.T.);
#5954=ORIENTED_EDGE('',*,*,#3104,.T.);
#5955=ORIENTED_EDGE('',*,*,#3101,.T.);
#5956=ORIENTED_EDGE('',*,*,#3094,.T.);
#5957=ORIENTED_EDGE('',*,*,#3098,.T.);
#5958=ORIENTED_EDGE('',*,*,#3099,.T.);
#5959=ORIENTED_EDGE('',*,*,#3089,.T.);
#5960=ORIENTED_EDGE('',*,*,#3086,.T.);
#5961=ORIENTED_EDGE('',*,*,#3083,.T.);
#5962=ORIENTED_EDGE('',*,*,#3076,.T.);
#5963=ORIENTED_EDGE('',*,*,#3080,.T.);
#5964=ORIENTED_EDGE('',*,*,#3081,.T.);
#5965=ORIENTED_EDGE('',*,*,#3071,.T.);
#5966=ORIENTED_EDGE('',*,*,#3068,.T.);
#5967=ORIENTED_EDGE('',*,*,#3065,.T.);
#5968=ORIENTED_EDGE('',*,*,#3058,.T.);
#5969=ORIENTED_EDGE('',*,*,#3062,.T.);
#5970=ORIENTED_EDGE('',*,*,#3063,.T.);
#5971=ORIENTED_EDGE('',*,*,#3053,.T.);
#5972=ORIENTED_EDGE('',*,*,#3050,.T.);
#5973=ORIENTED_EDGE('',*,*,#3044,.T.);
#5974=ORIENTED_EDGE('',*,*,#3037,.T.);
#5975=ORIENTED_EDGE('',*,*,#3041,.T.);
#5976=ORIENTED_EDGE('',*,*,#3042,.T.);
#5977=ORIENTED_EDGE('',*,*,#3032,.T.);
#5978=ORIENTED_EDGE('',*,*,#3028,.T.);
#5979=ORIENTED_EDGE('',*,*,#3049,.T.);
#5980=ORIENTED_EDGE('',*,*,#4097,.T.);
#5981=ORIENTED_EDGE('',*,*,#4102,.T.);
#5982=ORIENTED_EDGE('',*,*,#4106,.T.);
#5983=ORIENTED_EDGE('',*,*,#4103,.T.);
#5984=ORIENTED_EDGE('',*,*,#4095,.T.);
#5985=ORIENTED_EDGE('',*,*,#4091,.T.);
#5986=ORIENTED_EDGE('',*,*,#4132,.T.);
#5987=ORIENTED_EDGE('',*,*,#4133,.T.);
#5988=ORIENTED_EDGE('',*,*,#4134,.T.);
#5989=ORIENTED_EDGE('',*,*,#4133,.F.);
#5990=ORIENTED_EDGE('',*,*,#4131,.F.);
#5991=ORIENTED_EDGE('',*,*,#4135,.T.);
#5992=ORIENTED_EDGE('',*,*,#4132,.F.);
#5993=ORIENTED_EDGE('',*,*,#4135,.F.);
#5994=ORIENTED_EDGE('',*,*,#4136,.F.);
#5995=ORIENTED_EDGE('',*,*,#4134,.F.);
#5996=ORIENTED_EDGE('',*,*,#4137,.F.);
#5997=ORIENTED_EDGE('',*,*,#4138,.T.);
#5998=ORIENTED_EDGE('',*,*,#4136,.T.);
#5999=ORIENTED_EDGE('',*,*,#4138,.F.);
#6000=ORIENTED_EDGE('',*,*,#4137,.T.);
#6001=ORIENTED_EDGE('',*,*,#4082,.T.);
#6002=ORIENTED_EDGE('',*,*,#4093,.T.);
#6003=ORIENTED_EDGE('',*,*,#4094,.T.);
#6004=ORIENTED_EDGE('',*,*,#4105,.T.);
#6005=ORIENTED_EDGE('',*,*,#4107,.T.);
#6006=ORIENTED_EDGE('',*,*,#4100,.T.);
#6007=ORIENTED_EDGE('',*,*,#4098,.T.);
#6008=ORIENTED_EDGE('',*,*,#3047,.T.);
#6009=ORIENTED_EDGE('',*,*,#3030,.T.);
#6010=ORIENTED_EDGE('',*,*,#3034,.T.);
#6011=ORIENTED_EDGE('',*,*,#3043,.T.);
#6012=ORIENTED_EDGE('',*,*,#3039,.T.);
#6013=ORIENTED_EDGE('',*,*,#3035,.T.);
#6014=ORIENTED_EDGE('',*,*,#3046,.T.);
#6015=ORIENTED_EDGE('',*,*,#3052,.T.);
#6016=ORIENTED_EDGE('',*,*,#3055,.T.);
#6017=ORIENTED_EDGE('',*,*,#3064,.T.);
#6018=ORIENTED_EDGE('',*,*,#3060,.T.);
#6019=ORIENTED_EDGE('',*,*,#3056,.T.);
#6020=ORIENTED_EDGE('',*,*,#3067,.T.);
#6021=ORIENTED_EDGE('',*,*,#3070,.T.);
#6022=ORIENTED_EDGE('',*,*,#3073,.T.);
#6023=ORIENTED_EDGE('',*,*,#3082,.T.);
#6024=ORIENTED_EDGE('',*,*,#3078,.T.);
#6025=ORIENTED_EDGE('',*,*,#3074,.T.);
#6026=ORIENTED_EDGE('',*,*,#3085,.T.);
#6027=ORIENTED_EDGE('',*,*,#3088,.T.);
#6028=ORIENTED_EDGE('',*,*,#3091,.T.);
#6029=ORIENTED_EDGE('',*,*,#3100,.T.);
#6030=ORIENTED_EDGE('',*,*,#3096,.T.);
#6031=ORIENTED_EDGE('',*,*,#3092,.T.);
#6032=ORIENTED_EDGE('',*,*,#3103,.T.);
#6033=ORIENTED_EDGE('',*,*,#3106,.T.);
#6034=ORIENTED_EDGE('',*,*,#3109,.T.);
#6035=ORIENTED_EDGE('',*,*,#3118,.T.);
#6036=ORIENTED_EDGE('',*,*,#3114,.T.);
#6037=ORIENTED_EDGE('',*,*,#3110,.T.);
#6038=ORIENTED_EDGE('',*,*,#3121,.T.);
#6039=ORIENTED_EDGE('',*,*,#3124,.T.);
#6040=ORIENTED_EDGE('',*,*,#3127,.T.);
#6041=ORIENTED_EDGE('',*,*,#3136,.T.);
#6042=ORIENTED_EDGE('',*,*,#3132,.T.);
#6043=ORIENTED_EDGE('',*,*,#3128,.T.);
#6044=ORIENTED_EDGE('',*,*,#3139,.T.);
#6045=ORIENTED_EDGE('',*,*,#3142,.T.);
#6046=ORIENTED_EDGE('',*,*,#3145,.T.);
#6047=ORIENTED_EDGE('',*,*,#3154,.T.);
#6048=ORIENTED_EDGE('',*,*,#3150,.T.);
#6049=ORIENTED_EDGE('',*,*,#3146,.T.);
#6050=ORIENTED_EDGE('',*,*,#3157,.T.);
#6051=ORIENTED_EDGE('',*,*,#3160,.T.);
#6052=ORIENTED_EDGE('',*,*,#3163,.T.);
#6053=ORIENTED_EDGE('',*,*,#3172,.T.);
#6054=ORIENTED_EDGE('',*,*,#3168,.T.);
#6055=ORIENTED_EDGE('',*,*,#3164,.T.);
#6056=ORIENTED_EDGE('',*,*,#3175,.T.);
#6057=ORIENTED_EDGE('',*,*,#3178,.T.);
#6058=ORIENTED_EDGE('',*,*,#3181,.T.);
#6059=ORIENTED_EDGE('',*,*,#3190,.T.);
#6060=ORIENTED_EDGE('',*,*,#3186,.T.);
#6061=ORIENTED_EDGE('',*,*,#3182,.T.);
#6062=ORIENTED_EDGE('',*,*,#3193,.T.);
#6063=ORIENTED_EDGE('',*,*,#3196,.T.);
#6064=ORIENTED_EDGE('',*,*,#3199,.T.);
#6065=ORIENTED_EDGE('',*,*,#3208,.T.);
#6066=ORIENTED_EDGE('',*,*,#3204,.T.);
#6067=ORIENTED_EDGE('',*,*,#3200,.T.);
#6068=ORIENTED_EDGE('',*,*,#3211,.T.);
#6069=ORIENTED_EDGE('',*,*,#3214,.T.);
#6070=ORIENTED_EDGE('',*,*,#3217,.T.);
#6071=ORIENTED_EDGE('',*,*,#3226,.T.);
#6072=ORIENTED_EDGE('',*,*,#3222,.T.);
#6073=ORIENTED_EDGE('',*,*,#3218,.T.);
#6074=ORIENTED_EDGE('',*,*,#3229,.T.);
#6075=ORIENTED_EDGE('',*,*,#3232,.T.);
#6076=ORIENTED_EDGE('',*,*,#3235,.T.);
#6077=ORIENTED_EDGE('',*,*,#3244,.T.);
#6078=ORIENTED_EDGE('',*,*,#3240,.T.);
#6079=ORIENTED_EDGE('',*,*,#3236,.T.);
#6080=ORIENTED_EDGE('',*,*,#3247,.T.);
#6081=ORIENTED_EDGE('',*,*,#3250,.T.);
#6082=ORIENTED_EDGE('',*,*,#3253,.T.);
#6083=ORIENTED_EDGE('',*,*,#3262,.T.);
#6084=ORIENTED_EDGE('',*,*,#3258,.T.);
#6085=ORIENTED_EDGE('',*,*,#3254,.T.);
#6086=ORIENTED_EDGE('',*,*,#3265,.T.);
#6087=ORIENTED_EDGE('',*,*,#3268,.T.);
#6088=ORIENTED_EDGE('',*,*,#3271,.T.);
#6089=ORIENTED_EDGE('',*,*,#3280,.T.);
#6090=ORIENTED_EDGE('',*,*,#3276,.T.);
#6091=ORIENTED_EDGE('',*,*,#3272,.T.);
#6092=ORIENTED_EDGE('',*,*,#3283,.T.);
#6093=ORIENTED_EDGE('',*,*,#3286,.T.);
#6094=ORIENTED_EDGE('',*,*,#3289,.T.);
#6095=ORIENTED_EDGE('',*,*,#3298,.T.);
#6096=ORIENTED_EDGE('',*,*,#3294,.T.);
#6097=ORIENTED_EDGE('',*,*,#3290,.T.);
#6098=ORIENTED_EDGE('',*,*,#3301,.T.);
#6099=ORIENTED_EDGE('',*,*,#3304,.T.);
#6100=ORIENTED_EDGE('',*,*,#3307,.T.);
#6101=ORIENTED_EDGE('',*,*,#3316,.T.);
#6102=ORIENTED_EDGE('',*,*,#3312,.T.);
#6103=ORIENTED_EDGE('',*,*,#3308,.T.);
#6104=ORIENTED_EDGE('',*,*,#3319,.T.);
#6105=ORIENTED_EDGE('',*,*,#3322,.T.);
#6106=ORIENTED_EDGE('',*,*,#3325,.T.);
#6107=ORIENTED_EDGE('',*,*,#3334,.T.);
#6108=ORIENTED_EDGE('',*,*,#3330,.T.);
#6109=ORIENTED_EDGE('',*,*,#3326,.T.);
#6110=ORIENTED_EDGE('',*,*,#3337,.T.);
#6111=ORIENTED_EDGE('',*,*,#3340,.T.);
#6112=ORIENTED_EDGE('',*,*,#3343,.T.);
#6113=ORIENTED_EDGE('',*,*,#3352,.T.);
#6114=ORIENTED_EDGE('',*,*,#3348,.T.);
#6115=ORIENTED_EDGE('',*,*,#3344,.T.);
#6116=ORIENTED_EDGE('',*,*,#3355,.T.);
#6117=ORIENTED_EDGE('',*,*,#3358,.T.);
#6118=ORIENTED_EDGE('',*,*,#3361,.T.);
#6119=ORIENTED_EDGE('',*,*,#3370,.T.);
#6120=ORIENTED_EDGE('',*,*,#3366,.T.);
#6121=ORIENTED_EDGE('',*,*,#3362,.T.);
#6122=ORIENTED_EDGE('',*,*,#3373,.T.);
#6123=ORIENTED_EDGE('',*,*,#3376,.T.);
#6124=ORIENTED_EDGE('',*,*,#3379,.T.);
#6125=ORIENTED_EDGE('',*,*,#3388,.T.);
#6126=ORIENTED_EDGE('',*,*,#3384,.T.);
#6127=ORIENTED_EDGE('',*,*,#3380,.T.);
#6128=ORIENTED_EDGE('',*,*,#3391,.T.);
#6129=ORIENTED_EDGE('',*,*,#3394,.T.);
#6130=ORIENTED_EDGE('',*,*,#3397,.T.);
#6131=ORIENTED_EDGE('',*,*,#3406,.T.);
#6132=ORIENTED_EDGE('',*,*,#3402,.T.);
#6133=ORIENTED_EDGE('',*,*,#3398,.T.);
#6134=ORIENTED_EDGE('',*,*,#3409,.T.);
#6135=ORIENTED_EDGE('',*,*,#3412,.T.);
#6136=ORIENTED_EDGE('',*,*,#3415,.T.);
#6137=ORIENTED_EDGE('',*,*,#3424,.T.);
#6138=ORIENTED_EDGE('',*,*,#3420,.T.);
#6139=ORIENTED_EDGE('',*,*,#3416,.T.);
#6140=ORIENTED_EDGE('',*,*,#3427,.T.);
#6141=ORIENTED_EDGE('',*,*,#3430,.T.);
#6142=ORIENTED_EDGE('',*,*,#3433,.T.);
#6143=ORIENTED_EDGE('',*,*,#3442,.T.);
#6144=ORIENTED_EDGE('',*,*,#3438,.T.);
#6145=ORIENTED_EDGE('',*,*,#3434,.T.);
#6146=ORIENTED_EDGE('',*,*,#3445,.T.);
#6147=ORIENTED_EDGE('',*,*,#3448,.T.);
#6148=ORIENTED_EDGE('',*,*,#3451,.T.);
#6149=ORIENTED_EDGE('',*,*,#3460,.T.);
#6150=ORIENTED_EDGE('',*,*,#3456,.T.);
#6151=ORIENTED_EDGE('',*,*,#3452,.T.);
#6152=ORIENTED_EDGE('',*,*,#3463,.T.);
#6153=ORIENTED_EDGE('',*,*,#3466,.T.);
#6154=ORIENTED_EDGE('',*,*,#3469,.T.);
#6155=ORIENTED_EDGE('',*,*,#3478,.T.);
#6156=ORIENTED_EDGE('',*,*,#3474,.T.);
#6157=ORIENTED_EDGE('',*,*,#3470,.T.);
#6158=ORIENTED_EDGE('',*,*,#3481,.T.);
#6159=ORIENTED_EDGE('',*,*,#3484,.T.);
#6160=ORIENTED_EDGE('',*,*,#3487,.T.);
#6161=ORIENTED_EDGE('',*,*,#3496,.T.);
#6162=ORIENTED_EDGE('',*,*,#3492,.T.);
#6163=ORIENTED_EDGE('',*,*,#3488,.T.);
#6164=ORIENTED_EDGE('',*,*,#3499,.T.);
#6165=ORIENTED_EDGE('',*,*,#3502,.T.);
#6166=ORIENTED_EDGE('',*,*,#3505,.T.);
#6167=ORIENTED_EDGE('',*,*,#3514,.T.);
#6168=ORIENTED_EDGE('',*,*,#3510,.T.);
#6169=ORIENTED_EDGE('',*,*,#3506,.T.);
#6170=ORIENTED_EDGE('',*,*,#3517,.T.);
#6171=ORIENTED_EDGE('',*,*,#3520,.T.);
#6172=ORIENTED_EDGE('',*,*,#3523,.T.);
#6173=ORIENTED_EDGE('',*,*,#3532,.T.);
#6174=ORIENTED_EDGE('',*,*,#3528,.T.);
#6175=ORIENTED_EDGE('',*,*,#3524,.T.);
#6176=ORIENTED_EDGE('',*,*,#3535,.T.);
#6177=ORIENTED_EDGE('',*,*,#3538,.T.);
#6178=ORIENTED_EDGE('',*,*,#3541,.T.);
#6179=ORIENTED_EDGE('',*,*,#3550,.T.);
#6180=ORIENTED_EDGE('',*,*,#3546,.T.);
#6181=ORIENTED_EDGE('',*,*,#3542,.T.);
#6182=ORIENTED_EDGE('',*,*,#3553,.T.);
#6183=ORIENTED_EDGE('',*,*,#3556,.T.);
#6184=ORIENTED_EDGE('',*,*,#3559,.T.);
#6185=ORIENTED_EDGE('',*,*,#3568,.T.);
#6186=ORIENTED_EDGE('',*,*,#3564,.T.);
#6187=ORIENTED_EDGE('',*,*,#3560,.T.);
#6188=ORIENTED_EDGE('',*,*,#3571,.T.);
#6189=ORIENTED_EDGE('',*,*,#3574,.T.);
#6190=ORIENTED_EDGE('',*,*,#3577,.T.);
#6191=ORIENTED_EDGE('',*,*,#3586,.T.);
#6192=ORIENTED_EDGE('',*,*,#3582,.T.);
#6193=ORIENTED_EDGE('',*,*,#3578,.T.);
#6194=ORIENTED_EDGE('',*,*,#3589,.T.);
#6195=ORIENTED_EDGE('',*,*,#3592,.T.);
#6196=ORIENTED_EDGE('',*,*,#3595,.T.);
#6197=ORIENTED_EDGE('',*,*,#3604,.T.);
#6198=ORIENTED_EDGE('',*,*,#3600,.T.);
#6199=ORIENTED_EDGE('',*,*,#3596,.T.);
#6200=ORIENTED_EDGE('',*,*,#3607,.T.);
#6201=ORIENTED_EDGE('',*,*,#3610,.T.);
#6202=ORIENTED_EDGE('',*,*,#3613,.T.);
#6203=ORIENTED_EDGE('',*,*,#3622,.T.);
#6204=ORIENTED_EDGE('',*,*,#3618,.T.);
#6205=ORIENTED_EDGE('',*,*,#3614,.T.);
#6206=ORIENTED_EDGE('',*,*,#3625,.T.);
#6207=ORIENTED_EDGE('',*,*,#3628,.T.);
#6208=ORIENTED_EDGE('',*,*,#3631,.T.);
#6209=ORIENTED_EDGE('',*,*,#3640,.T.);
#6210=ORIENTED_EDGE('',*,*,#3636,.T.);
#6211=ORIENTED_EDGE('',*,*,#3632,.T.);
#6212=ORIENTED_EDGE('',*,*,#3643,.T.);
#6213=ORIENTED_EDGE('',*,*,#3646,.T.);
#6214=ORIENTED_EDGE('',*,*,#3649,.T.);
#6215=ORIENTED_EDGE('',*,*,#3658,.T.);
#6216=ORIENTED_EDGE('',*,*,#3654,.T.);
#6217=ORIENTED_EDGE('',*,*,#3650,.T.);
#6218=ORIENTED_EDGE('',*,*,#3661,.T.);
#6219=ORIENTED_EDGE('',*,*,#3664,.T.);
#6220=ORIENTED_EDGE('',*,*,#3667,.T.);
#6221=ORIENTED_EDGE('',*,*,#3676,.T.);
#6222=ORIENTED_EDGE('',*,*,#3672,.T.);
#6223=ORIENTED_EDGE('',*,*,#3668,.T.);
#6224=ORIENTED_EDGE('',*,*,#3679,.T.);
#6225=ORIENTED_EDGE('',*,*,#3682,.T.);
#6226=ORIENTED_EDGE('',*,*,#3685,.T.);
#6227=ORIENTED_EDGE('',*,*,#3694,.T.);
#6228=ORIENTED_EDGE('',*,*,#3690,.T.);
#6229=ORIENTED_EDGE('',*,*,#3686,.T.);
#6230=ORIENTED_EDGE('',*,*,#3697,.T.);
#6231=ORIENTED_EDGE('',*,*,#3700,.T.);
#6232=ORIENTED_EDGE('',*,*,#3703,.T.);
#6233=ORIENTED_EDGE('',*,*,#3712,.T.);
#6234=ORIENTED_EDGE('',*,*,#3708,.T.);
#6235=ORIENTED_EDGE('',*,*,#3704,.T.);
#6236=ORIENTED_EDGE('',*,*,#3715,.T.);
#6237=ORIENTED_EDGE('',*,*,#3718,.T.);
#6238=ORIENTED_EDGE('',*,*,#3721,.T.);
#6239=ORIENTED_EDGE('',*,*,#3730,.T.);
#6240=ORIENTED_EDGE('',*,*,#3726,.T.);
#6241=ORIENTED_EDGE('',*,*,#3722,.T.);
#6242=ORIENTED_EDGE('',*,*,#3733,.T.);
#6243=ORIENTED_EDGE('',*,*,#3736,.T.);
#6244=ORIENTED_EDGE('',*,*,#3739,.T.);
#6245=ORIENTED_EDGE('',*,*,#3748,.T.);
#6246=ORIENTED_EDGE('',*,*,#3744,.T.);
#6247=ORIENTED_EDGE('',*,*,#3740,.T.);
#6248=ORIENTED_EDGE('',*,*,#3751,.T.);
#6249=ORIENTED_EDGE('',*,*,#3754,.T.);
#6250=ORIENTED_EDGE('',*,*,#3757,.T.);
#6251=ORIENTED_EDGE('',*,*,#3766,.T.);
#6252=ORIENTED_EDGE('',*,*,#3762,.T.);
#6253=ORIENTED_EDGE('',*,*,#3758,.T.);
#6254=ORIENTED_EDGE('',*,*,#3769,.T.);
#6255=ORIENTED_EDGE('',*,*,#3772,.T.);
#6256=ORIENTED_EDGE('',*,*,#3775,.T.);
#6257=ORIENTED_EDGE('',*,*,#3784,.T.);
#6258=ORIENTED_EDGE('',*,*,#3780,.T.);
#6259=ORIENTED_EDGE('',*,*,#3776,.T.);
#6260=ORIENTED_EDGE('',*,*,#3787,.T.);
#6261=ORIENTED_EDGE('',*,*,#3790,.T.);
#6262=ORIENTED_EDGE('',*,*,#3793,.T.);
#6263=ORIENTED_EDGE('',*,*,#3802,.T.);
#6264=ORIENTED_EDGE('',*,*,#3798,.T.);
#6265=ORIENTED_EDGE('',*,*,#3794,.T.);
#6266=ORIENTED_EDGE('',*,*,#3805,.T.);
#6267=ORIENTED_EDGE('',*,*,#3808,.T.);
#6268=ORIENTED_EDGE('',*,*,#3811,.T.);
#6269=ORIENTED_EDGE('',*,*,#3820,.T.);
#6270=ORIENTED_EDGE('',*,*,#3816,.T.);
#6271=ORIENTED_EDGE('',*,*,#3812,.T.);
#6272=ORIENTED_EDGE('',*,*,#3823,.T.);
#6273=ORIENTED_EDGE('',*,*,#3826,.T.);
#6274=ORIENTED_EDGE('',*,*,#3829,.T.);
#6275=ORIENTED_EDGE('',*,*,#3838,.T.);
#6276=ORIENTED_EDGE('',*,*,#3834,.T.);
#6277=ORIENTED_EDGE('',*,*,#3830,.T.);
#6278=ORIENTED_EDGE('',*,*,#3841,.T.);
#6279=ORIENTED_EDGE('',*,*,#3844,.T.);
#6280=ORIENTED_EDGE('',*,*,#3847,.T.);
#6281=ORIENTED_EDGE('',*,*,#3856,.T.);
#6282=ORIENTED_EDGE('',*,*,#3852,.T.);
#6283=ORIENTED_EDGE('',*,*,#3848,.T.);
#6284=ORIENTED_EDGE('',*,*,#3859,.T.);
#6285=ORIENTED_EDGE('',*,*,#3862,.T.);
#6286=ORIENTED_EDGE('',*,*,#3865,.T.);
#6287=ORIENTED_EDGE('',*,*,#3874,.T.);
#6288=ORIENTED_EDGE('',*,*,#3870,.T.);
#6289=ORIENTED_EDGE('',*,*,#3866,.T.);
#6290=ORIENTED_EDGE('',*,*,#3877,.T.);
#6291=ORIENTED_EDGE('',*,*,#3880,.T.);
#6292=ORIENTED_EDGE('',*,*,#3883,.T.);
#6293=ORIENTED_EDGE('',*,*,#3892,.T.);
#6294=ORIENTED_EDGE('',*,*,#3888,.T.);
#6295=ORIENTED_EDGE('',*,*,#3884,.T.);
#6296=ORIENTED_EDGE('',*,*,#3895,.T.);
#6297=ORIENTED_EDGE('',*,*,#3898,.T.);
#6298=ORIENTED_EDGE('',*,*,#3901,.T.);
#6299=ORIENTED_EDGE('',*,*,#3910,.T.);
#6300=ORIENTED_EDGE('',*,*,#3906,.T.);
#6301=ORIENTED_EDGE('',*,*,#3902,.T.);
#6302=ORIENTED_EDGE('',*,*,#3913,.T.);
#6303=ORIENTED_EDGE('',*,*,#3916,.T.);
#6304=ORIENTED_EDGE('',*,*,#3919,.T.);
#6305=ORIENTED_EDGE('',*,*,#3928,.T.);
#6306=ORIENTED_EDGE('',*,*,#3924,.T.);
#6307=ORIENTED_EDGE('',*,*,#3920,.T.);
#6308=ORIENTED_EDGE('',*,*,#3931,.T.);
#6309=ORIENTED_EDGE('',*,*,#3934,.T.);
#6310=ORIENTED_EDGE('',*,*,#3937,.T.);
#6311=ORIENTED_EDGE('',*,*,#3946,.T.);
#6312=ORIENTED_EDGE('',*,*,#3942,.T.);
#6313=ORIENTED_EDGE('',*,*,#3938,.T.);
#6314=ORIENTED_EDGE('',*,*,#3949,.T.);
#6315=ORIENTED_EDGE('',*,*,#3952,.T.);
#6316=ORIENTED_EDGE('',*,*,#3955,.T.);
#6317=ORIENTED_EDGE('',*,*,#3964,.T.);
#6318=ORIENTED_EDGE('',*,*,#3960,.T.);
#6319=ORIENTED_EDGE('',*,*,#3956,.T.);
#6320=ORIENTED_EDGE('',*,*,#3967,.T.);
#6321=ORIENTED_EDGE('',*,*,#3970,.T.);
#6322=ORIENTED_EDGE('',*,*,#3973,.T.);
#6323=ORIENTED_EDGE('',*,*,#3982,.T.);
#6324=ORIENTED_EDGE('',*,*,#3978,.T.);
#6325=ORIENTED_EDGE('',*,*,#3974,.T.);
#6326=ORIENTED_EDGE('',*,*,#3985,.T.);
#6327=ORIENTED_EDGE('',*,*,#3988,.T.);
#6328=ORIENTED_EDGE('',*,*,#3991,.T.);
#6329=ORIENTED_EDGE('',*,*,#4000,.T.);
#6330=ORIENTED_EDGE('',*,*,#3996,.T.);
#6331=ORIENTED_EDGE('',*,*,#3992,.T.);
#6332=ORIENTED_EDGE('',*,*,#4003,.T.);
#6333=ORIENTED_EDGE('',*,*,#4006,.T.);
#6334=ORIENTED_EDGE('',*,*,#4009,.T.);
#6335=ORIENTED_EDGE('',*,*,#4018,.T.);
#6336=ORIENTED_EDGE('',*,*,#4014,.T.);
#6337=ORIENTED_EDGE('',*,*,#4010,.T.);
#6338=ORIENTED_EDGE('',*,*,#4021,.T.);
#6339=ORIENTED_EDGE('',*,*,#4024,.T.);
#6340=ORIENTED_EDGE('',*,*,#4027,.T.);
#6341=ORIENTED_EDGE('',*,*,#4036,.T.);
#6342=ORIENTED_EDGE('',*,*,#4032,.T.);
#6343=ORIENTED_EDGE('',*,*,#4028,.T.);
#6344=ORIENTED_EDGE('',*,*,#4039,.T.);
#6345=ORIENTED_EDGE('',*,*,#4042,.T.);
#6346=ORIENTED_EDGE('',*,*,#4045,.T.);
#6347=ORIENTED_EDGE('',*,*,#4054,.T.);
#6348=ORIENTED_EDGE('',*,*,#4050,.T.);
#6349=ORIENTED_EDGE('',*,*,#4046,.T.);
#6350=ORIENTED_EDGE('',*,*,#4057,.T.);
#6351=ORIENTED_EDGE('',*,*,#4060,.T.);
#6352=ORIENTED_EDGE('',*,*,#4063,.T.);
#6353=ORIENTED_EDGE('',*,*,#4072,.T.);
#6354=ORIENTED_EDGE('',*,*,#4068,.T.);
#6355=ORIENTED_EDGE('',*,*,#4064,.T.);
#6356=ORIENTED_EDGE('',*,*,#4075,.T.);
#6357=ORIENTED_EDGE('',*,*,#4078,.T.);
#6358=ORIENTED_EDGE('',*,*,#4081,.T.);
#6359=ORIENTED_EDGE('',*,*,#4090,.T.);
#6360=ORIENTED_EDGE('',*,*,#4086,.T.);
#6361=CYLINDRICAL_SURFACE('',#7121,0.15);
#6362=CYLINDRICAL_SURFACE('',#7124,1.);
#6363=CYLINDRICAL_SURFACE('',#7127,0.15);
#6364=CYLINDRICAL_SURFACE('',#7130,1.);
#6365=CYLINDRICAL_SURFACE('',#7133,0.555);
#6366=CYLINDRICAL_SURFACE('',#7136,18.8446093029326);
#6367=CYLINDRICAL_SURFACE('',#7139,18.8446093029326);
#6368=CYLINDRICAL_SURFACE('',#7142,0.15);
#6369=CYLINDRICAL_SURFACE('',#7145,1.);
#6370=CYLINDRICAL_SURFACE('',#7148,0.15);
#6371=CYLINDRICAL_SURFACE('',#7151,1.);
#6372=CYLINDRICAL_SURFACE('',#7154,0.555);
#6373=CYLINDRICAL_SURFACE('',#7157,18.8446093029326);
#6374=CYLINDRICAL_SURFACE('',#7160,0.15);
#6375=CYLINDRICAL_SURFACE('',#7163,1.);
#6376=CYLINDRICAL_SURFACE('',#7166,0.15);
#6377=CYLINDRICAL_SURFACE('',#7169,1.);
#6378=CYLINDRICAL_SURFACE('',#7172,0.555);
#6379=CYLINDRICAL_SURFACE('',#7175,18.8446093029326);
#6380=CYLINDRICAL_SURFACE('',#7178,0.15);
#6381=CYLINDRICAL_SURFACE('',#7181,1.);
#6382=CYLINDRICAL_SURFACE('',#7184,0.15);
#6383=CYLINDRICAL_SURFACE('',#7187,1.);
#6384=CYLINDRICAL_SURFACE('',#7190,0.555);
#6385=CYLINDRICAL_SURFACE('',#7193,18.8446093029326);
#6386=CYLINDRICAL_SURFACE('',#7196,0.15);
#6387=CYLINDRICAL_SURFACE('',#7199,1.);
#6388=CYLINDRICAL_SURFACE('',#7202,0.15);
#6389=CYLINDRICAL_SURFACE('',#7205,1.);
#6390=CYLINDRICAL_SURFACE('',#7208,0.555);
#6391=CYLINDRICAL_SURFACE('',#7211,18.8446093029326);
#6392=CYLINDRICAL_SURFACE('',#7214,0.15);
#6393=CYLINDRICAL_SURFACE('',#7217,1.);
#6394=CYLINDRICAL_SURFACE('',#7220,0.15);
#6395=CYLINDRICAL_SURFACE('',#7223,1.);
#6396=CYLINDRICAL_SURFACE('',#7226,0.555);
#6397=CYLINDRICAL_SURFACE('',#7229,18.8446093029326);
#6398=CYLINDRICAL_SURFACE('',#7232,0.15);
#6399=CYLINDRICAL_SURFACE('',#7235,1.);
#6400=CYLINDRICAL_SURFACE('',#7238,0.15);
#6401=CYLINDRICAL_SURFACE('',#7241,1.);
#6402=CYLINDRICAL_SURFACE('',#7244,0.555);
#6403=CYLINDRICAL_SURFACE('',#7247,18.8446093029326);
#6404=CYLINDRICAL_SURFACE('',#7250,0.15);
#6405=CYLINDRICAL_SURFACE('',#7253,1.);
#6406=CYLINDRICAL_SURFACE('',#7256,0.15);
#6407=CYLINDRICAL_SURFACE('',#7259,1.);
#6408=CYLINDRICAL_SURFACE('',#7262,0.555);
#6409=CYLINDRICAL_SURFACE('',#7265,18.8446093029326);
#6410=CYLINDRICAL_SURFACE('',#7268,0.15);
#6411=CYLINDRICAL_SURFACE('',#7271,1.);
#6412=CYLINDRICAL_SURFACE('',#7274,0.15);
#6413=CYLINDRICAL_SURFACE('',#7277,1.);
#6414=CYLINDRICAL_SURFACE('',#7280,0.555);
#6415=CYLINDRICAL_SURFACE('',#7283,18.8446093029326);
#6416=CYLINDRICAL_SURFACE('',#7286,0.15);
#6417=CYLINDRICAL_SURFACE('',#7289,1.);
#6418=CYLINDRICAL_SURFACE('',#7292,0.15);
#6419=CYLINDRICAL_SURFACE('',#7295,1.);
#6420=CYLINDRICAL_SURFACE('',#7298,0.555);
#6421=CYLINDRICAL_SURFACE('',#7301,18.8446093029326);
#6422=CYLINDRICAL_SURFACE('',#7304,0.15);
#6423=CYLINDRICAL_SURFACE('',#7307,1.);
#6424=CYLINDRICAL_SURFACE('',#7310,0.15);
#6425=CYLINDRICAL_SURFACE('',#7313,1.);
#6426=CYLINDRICAL_SURFACE('',#7316,0.555);
#6427=CYLINDRICAL_SURFACE('',#7319,18.8446093029326);
#6428=CYLINDRICAL_SURFACE('',#7322,0.15);
#6429=CYLINDRICAL_SURFACE('',#7325,1.);
#6430=CYLINDRICAL_SURFACE('',#7328,0.15);
#6431=CYLINDRICAL_SURFACE('',#7331,1.);
#6432=CYLINDRICAL_SURFACE('',#7334,0.555);
#6433=CYLINDRICAL_SURFACE('',#7337,18.8446093029326);
#6434=CYLINDRICAL_SURFACE('',#7340,0.15);
#6435=CYLINDRICAL_SURFACE('',#7343,1.);
#6436=CYLINDRICAL_SURFACE('',#7346,0.15);
#6437=CYLINDRICAL_SURFACE('',#7349,1.);
#6438=CYLINDRICAL_SURFACE('',#7352,0.555);
#6439=CYLINDRICAL_SURFACE('',#7355,18.8446093029326);
#6440=CYLINDRICAL_SURFACE('',#7358,0.15);
#6441=CYLINDRICAL_SURFACE('',#7361,1.);
#6442=CYLINDRICAL_SURFACE('',#7364,0.15);
#6443=CYLINDRICAL_SURFACE('',#7367,1.);
#6444=CYLINDRICAL_SURFACE('',#7370,0.555);
#6445=CYLINDRICAL_SURFACE('',#7373,18.8446093029326);
#6446=CYLINDRICAL_SURFACE('',#7376,0.15);
#6447=CYLINDRICAL_SURFACE('',#7379,1.);
#6448=CYLINDRICAL_SURFACE('',#7382,0.15);
#6449=CYLINDRICAL_SURFACE('',#7385,1.);
#6450=CYLINDRICAL_SURFACE('',#7388,0.555);
#6451=CYLINDRICAL_SURFACE('',#7391,18.8446093029326);
#6452=CYLINDRICAL_SURFACE('',#7394,0.15);
#6453=CYLINDRICAL_SURFACE('',#7397,1.);
#6454=CYLINDRICAL_SURFACE('',#7400,0.15);
#6455=CYLINDRICAL_SURFACE('',#7403,1.);
#6456=CYLINDRICAL_SURFACE('',#7406,0.555);
#6457=CYLINDRICAL_SURFACE('',#7409,18.8446093029326);
#6458=CYLINDRICAL_SURFACE('',#7412,0.15);
#6459=CYLINDRICAL_SURFACE('',#7415,1.);
#6460=CYLINDRICAL_SURFACE('',#7418,0.15);
#6461=CYLINDRICAL_SURFACE('',#7421,1.);
#6462=CYLINDRICAL_SURFACE('',#7424,0.555);
#6463=CYLINDRICAL_SURFACE('',#7427,18.8446093029326);
#6464=CYLINDRICAL_SURFACE('',#7430,0.15);
#6465=CYLINDRICAL_SURFACE('',#7433,1.);
#6466=CYLINDRICAL_SURFACE('',#7436,0.15);
#6467=CYLINDRICAL_SURFACE('',#7439,1.);
#6468=CYLINDRICAL_SURFACE('',#7442,0.555);
#6469=CYLINDRICAL_SURFACE('',#7445,18.8446093029326);
#6470=CYLINDRICAL_SURFACE('',#7448,0.15);
#6471=CYLINDRICAL_SURFACE('',#7451,1.);
#6472=CYLINDRICAL_SURFACE('',#7454,0.15);
#6473=CYLINDRICAL_SURFACE('',#7457,1.);
#6474=CYLINDRICAL_SURFACE('',#7460,0.555);
#6475=CYLINDRICAL_SURFACE('',#7463,18.8446093029326);
#6476=CYLINDRICAL_SURFACE('',#7466,0.15);
#6477=CYLINDRICAL_SURFACE('',#7469,1.);
#6478=CYLINDRICAL_SURFACE('',#7472,0.15);
#6479=CYLINDRICAL_SURFACE('',#7475,1.);
#6480=CYLINDRICAL_SURFACE('',#7478,0.555);
#6481=CYLINDRICAL_SURFACE('',#7481,18.8446093029326);
#6482=CYLINDRICAL_SURFACE('',#7484,0.15);
#6483=CYLINDRICAL_SURFACE('',#7487,1.);
#6484=CYLINDRICAL_SURFACE('',#7490,0.15);
#6485=CYLINDRICAL_SURFACE('',#7493,1.);
#6486=CYLINDRICAL_SURFACE('',#7496,0.555);
#6487=CYLINDRICAL_SURFACE('',#7499,18.8446093029326);
#6488=CYLINDRICAL_SURFACE('',#7502,0.15);
#6489=CYLINDRICAL_SURFACE('',#7505,1.);
#6490=CYLINDRICAL_SURFACE('',#7508,0.15);
#6491=CYLINDRICAL_SURFACE('',#7511,1.);
#6492=CYLINDRICAL_SURFACE('',#7514,0.555);
#6493=CYLINDRICAL_SURFACE('',#7517,18.8446093029326);
#6494=CYLINDRICAL_SURFACE('',#7520,0.15);
#6495=CYLINDRICAL_SURFACE('',#7523,1.);
#6496=CYLINDRICAL_SURFACE('',#7526,0.15);
#6497=CYLINDRICAL_SURFACE('',#7529,1.);
#6498=CYLINDRICAL_SURFACE('',#7532,0.555);
#6499=CYLINDRICAL_SURFACE('',#7535,18.8446093029326);
#6500=CYLINDRICAL_SURFACE('',#7538,0.15);
#6501=CYLINDRICAL_SURFACE('',#7541,1.);
#6502=CYLINDRICAL_SURFACE('',#7544,0.15);
#6503=CYLINDRICAL_SURFACE('',#7547,1.);
#6504=CYLINDRICAL_SURFACE('',#7550,0.555);
#6505=CYLINDRICAL_SURFACE('',#7553,18.8446093029326);
#6506=CYLINDRICAL_SURFACE('',#7556,0.15);
#6507=CYLINDRICAL_SURFACE('',#7559,1.);
#6508=CYLINDRICAL_SURFACE('',#7562,0.15);
#6509=CYLINDRICAL_SURFACE('',#7565,1.);
#6510=CYLINDRICAL_SURFACE('',#7568,0.555);
#6511=CYLINDRICAL_SURFACE('',#7571,18.8446093029326);
#6512=CYLINDRICAL_SURFACE('',#7574,0.15);
#6513=CYLINDRICAL_SURFACE('',#7577,1.);
#6514=CYLINDRICAL_SURFACE('',#7580,0.15);
#6515=CYLINDRICAL_SURFACE('',#7583,1.);
#6516=CYLINDRICAL_SURFACE('',#7586,0.555);
#6517=CYLINDRICAL_SURFACE('',#7589,18.8446093029326);
#6518=CYLINDRICAL_SURFACE('',#7592,0.15);
#6519=CYLINDRICAL_SURFACE('',#7595,1.);
#6520=CYLINDRICAL_SURFACE('',#7598,0.15);
#6521=CYLINDRICAL_SURFACE('',#7601,1.);
#6522=CYLINDRICAL_SURFACE('',#7604,0.555);
#6523=CYLINDRICAL_SURFACE('',#7607,18.8446093029326);
#6524=CYLINDRICAL_SURFACE('',#7610,0.15);
#6525=CYLINDRICAL_SURFACE('',#7613,1.);
#6526=CYLINDRICAL_SURFACE('',#7616,0.15);
#6527=CYLINDRICAL_SURFACE('',#7619,1.);
#6528=CYLINDRICAL_SURFACE('',#7622,0.555);
#6529=CYLINDRICAL_SURFACE('',#7625,18.8446093029326);
#6530=CYLINDRICAL_SURFACE('',#7628,0.15);
#6531=CYLINDRICAL_SURFACE('',#7631,1.);
#6532=CYLINDRICAL_SURFACE('',#7634,0.15);
#6533=CYLINDRICAL_SURFACE('',#7637,1.);
#6534=CYLINDRICAL_SURFACE('',#7640,0.555);
#6535=CYLINDRICAL_SURFACE('',#7643,18.8446093029326);
#6536=CYLINDRICAL_SURFACE('',#7646,0.15);
#6537=CYLINDRICAL_SURFACE('',#7649,1.);
#6538=CYLINDRICAL_SURFACE('',#7652,0.15);
#6539=CYLINDRICAL_SURFACE('',#7655,1.);
#6540=CYLINDRICAL_SURFACE('',#7658,0.555);
#6541=CYLINDRICAL_SURFACE('',#7661,18.8446093029326);
#6542=CYLINDRICAL_SURFACE('',#7664,0.15);
#6543=CYLINDRICAL_SURFACE('',#7667,1.);
#6544=CYLINDRICAL_SURFACE('',#7670,0.15);
#6545=CYLINDRICAL_SURFACE('',#7673,1.);
#6546=CYLINDRICAL_SURFACE('',#7676,0.555);
#6547=CYLINDRICAL_SURFACE('',#7679,18.8446093029326);
#6548=CYLINDRICAL_SURFACE('',#7682,0.15);
#6549=CYLINDRICAL_SURFACE('',#7685,1.);
#6550=CYLINDRICAL_SURFACE('',#7688,0.15);
#6551=CYLINDRICAL_SURFACE('',#7691,1.);
#6552=CYLINDRICAL_SURFACE('',#7694,0.555);
#6553=CYLINDRICAL_SURFACE('',#7697,18.8446093029326);
#6554=CYLINDRICAL_SURFACE('',#7700,0.15);
#6555=CYLINDRICAL_SURFACE('',#7703,1.);
#6556=CYLINDRICAL_SURFACE('',#7706,0.15);
#6557=CYLINDRICAL_SURFACE('',#7709,1.);
#6558=CYLINDRICAL_SURFACE('',#7712,0.555);
#6559=CYLINDRICAL_SURFACE('',#7715,18.8446093029326);
#6560=CYLINDRICAL_SURFACE('',#7718,0.15);
#6561=CYLINDRICAL_SURFACE('',#7721,1.);
#6562=CYLINDRICAL_SURFACE('',#7724,0.15);
#6563=CYLINDRICAL_SURFACE('',#7727,1.);
#6564=CYLINDRICAL_SURFACE('',#7730,0.555);
#6565=CYLINDRICAL_SURFACE('',#7733,18.8446093029326);
#6566=CYLINDRICAL_SURFACE('',#7736,0.15);
#6567=CYLINDRICAL_SURFACE('',#7739,1.);
#6568=CYLINDRICAL_SURFACE('',#7742,0.15);
#6569=CYLINDRICAL_SURFACE('',#7745,1.);
#6570=CYLINDRICAL_SURFACE('',#7748,0.555);
#6571=CYLINDRICAL_SURFACE('',#7751,18.8446093029326);
#6572=CYLINDRICAL_SURFACE('',#7754,0.15);
#6573=CYLINDRICAL_SURFACE('',#7757,1.);
#6574=CYLINDRICAL_SURFACE('',#7760,0.15);
#6575=CYLINDRICAL_SURFACE('',#7763,1.);
#6576=CYLINDRICAL_SURFACE('',#7766,0.555);
#6577=CYLINDRICAL_SURFACE('',#7769,18.8446093029326);
#6578=CYLINDRICAL_SURFACE('',#7772,0.15);
#6579=CYLINDRICAL_SURFACE('',#7775,1.);
#6580=CYLINDRICAL_SURFACE('',#7778,0.15);
#6581=CYLINDRICAL_SURFACE('',#7781,1.);
#6582=CYLINDRICAL_SURFACE('',#7784,0.555);
#6583=CYLINDRICAL_SURFACE('',#7787,18.8446093029326);
#6584=CYLINDRICAL_SURFACE('',#7790,0.15);
#6585=CYLINDRICAL_SURFACE('',#7793,1.);
#6586=CYLINDRICAL_SURFACE('',#7796,0.15);
#6587=CYLINDRICAL_SURFACE('',#7799,1.);
#6588=CYLINDRICAL_SURFACE('',#7802,0.555);
#6589=CYLINDRICAL_SURFACE('',#7805,18.8446093029326);
#6590=CYLINDRICAL_SURFACE('',#7808,0.15);
#6591=CYLINDRICAL_SURFACE('',#7811,1.);
#6592=CYLINDRICAL_SURFACE('',#7814,0.15);
#6593=CYLINDRICAL_SURFACE('',#7817,1.);
#6594=CYLINDRICAL_SURFACE('',#7820,0.555);
#6595=CYLINDRICAL_SURFACE('',#7823,18.8446093029326);
#6596=CYLINDRICAL_SURFACE('',#7826,0.15);
#6597=CYLINDRICAL_SURFACE('',#7829,1.);
#6598=CYLINDRICAL_SURFACE('',#7832,0.15);
#6599=CYLINDRICAL_SURFACE('',#7835,1.);
#6600=CYLINDRICAL_SURFACE('',#7838,0.555);
#6601=CYLINDRICAL_SURFACE('',#7841,18.8446093029326);
#6602=CYLINDRICAL_SURFACE('',#7844,0.15);
#6603=CYLINDRICAL_SURFACE('',#7847,1.);
#6604=CYLINDRICAL_SURFACE('',#7850,0.15);
#6605=CYLINDRICAL_SURFACE('',#7853,1.);
#6606=CYLINDRICAL_SURFACE('',#7856,0.555);
#6607=CYLINDRICAL_SURFACE('',#7859,18.8446093029326);
#6608=CYLINDRICAL_SURFACE('',#7862,0.15);
#6609=CYLINDRICAL_SURFACE('',#7865,1.);
#6610=CYLINDRICAL_SURFACE('',#7868,0.15);
#6611=CYLINDRICAL_SURFACE('',#7871,1.);
#6612=CYLINDRICAL_SURFACE('',#7874,0.555);
#6613=CYLINDRICAL_SURFACE('',#7877,18.8446093029326);
#6614=CYLINDRICAL_SURFACE('',#7880,0.15);
#6615=CYLINDRICAL_SURFACE('',#7883,1.);
#6616=CYLINDRICAL_SURFACE('',#7886,0.15);
#6617=CYLINDRICAL_SURFACE('',#7889,1.);
#6618=CYLINDRICAL_SURFACE('',#7892,0.555);
#6619=CYLINDRICAL_SURFACE('',#7895,18.8446093029326);
#6620=CYLINDRICAL_SURFACE('',#7898,0.15);
#6621=CYLINDRICAL_SURFACE('',#7901,1.);
#6622=CYLINDRICAL_SURFACE('',#7904,0.15);
#6623=CYLINDRICAL_SURFACE('',#7907,1.);
#6624=CYLINDRICAL_SURFACE('',#7910,0.555);
#6625=CYLINDRICAL_SURFACE('',#7913,18.8446093029326);
#6626=CYLINDRICAL_SURFACE('',#7916,0.15);
#6627=CYLINDRICAL_SURFACE('',#7919,1.);
#6628=CYLINDRICAL_SURFACE('',#7922,0.15);
#6629=CYLINDRICAL_SURFACE('',#7925,1.);
#6630=CYLINDRICAL_SURFACE('',#7928,0.555);
#6631=CYLINDRICAL_SURFACE('',#7931,18.8446093029326);
#6632=CYLINDRICAL_SURFACE('',#7934,0.15);
#6633=CYLINDRICAL_SURFACE('',#7937,1.);
#6634=CYLINDRICAL_SURFACE('',#7940,0.15);
#6635=CYLINDRICAL_SURFACE('',#7943,1.);
#6636=CYLINDRICAL_SURFACE('',#7946,0.555);
#6637=CYLINDRICAL_SURFACE('',#7949,18.8446093029326);
#6638=CYLINDRICAL_SURFACE('',#7952,0.15);
#6639=CYLINDRICAL_SURFACE('',#7955,1.);
#6640=CYLINDRICAL_SURFACE('',#7958,0.15);
#6641=CYLINDRICAL_SURFACE('',#7961,1.);
#6642=CYLINDRICAL_SURFACE('',#7964,0.555);
#6643=CYLINDRICAL_SURFACE('',#7967,18.8446093029326);
#6644=CYLINDRICAL_SURFACE('',#7970,0.15);
#6645=CYLINDRICAL_SURFACE('',#7973,1.);
#6646=CYLINDRICAL_SURFACE('',#7976,0.15);
#6647=CYLINDRICAL_SURFACE('',#7979,1.);
#6648=CYLINDRICAL_SURFACE('',#7982,0.555);
#6649=CYLINDRICAL_SURFACE('',#7985,18.8446093029326);
#6650=CYLINDRICAL_SURFACE('',#7988,0.15);
#6651=CYLINDRICAL_SURFACE('',#7991,1.);
#6652=CYLINDRICAL_SURFACE('',#7994,0.15);
#6653=CYLINDRICAL_SURFACE('',#7997,1.);
#6654=CYLINDRICAL_SURFACE('',#8000,0.555);
#6655=CYLINDRICAL_SURFACE('',#8003,18.8446093029326);
#6656=CYLINDRICAL_SURFACE('',#8006,0.15);
#6657=CYLINDRICAL_SURFACE('',#8009,1.);
#6658=CYLINDRICAL_SURFACE('',#8012,0.15);
#6659=CYLINDRICAL_SURFACE('',#8015,1.);
#6660=CYLINDRICAL_SURFACE('',#8018,0.555);
#6661=CYLINDRICAL_SURFACE('',#8021,18.8446093029326);
#6662=CYLINDRICAL_SURFACE('',#8024,0.15);
#6663=CYLINDRICAL_SURFACE('',#8027,1.);
#6664=CYLINDRICAL_SURFACE('',#8030,0.15);
#6665=CYLINDRICAL_SURFACE('',#8033,1.);
#6666=CYLINDRICAL_SURFACE('',#8036,0.555);
#6667=CYLINDRICAL_SURFACE('',#8039,18.8446093029326);
#6668=CYLINDRICAL_SURFACE('',#8042,0.15);
#6669=CYLINDRICAL_SURFACE('',#8045,1.);
#6670=CYLINDRICAL_SURFACE('',#8048,0.15);
#6671=CYLINDRICAL_SURFACE('',#8051,1.);
#6672=CYLINDRICAL_SURFACE('',#8054,0.555);
#6673=CYLINDRICAL_SURFACE('',#8057,18.8446093029326);
#6674=CYLINDRICAL_SURFACE('',#8060,0.15);
#6675=CYLINDRICAL_SURFACE('',#8063,1.);
#6676=CYLINDRICAL_SURFACE('',#8066,0.15);
#6677=CYLINDRICAL_SURFACE('',#8069,1.);
#6678=CYLINDRICAL_SURFACE('',#8072,0.555);
#6679=CYLINDRICAL_SURFACE('',#8075,18.8446093029326);
#6680=CYLINDRICAL_SURFACE('',#8078,0.15);
#6681=CYLINDRICAL_SURFACE('',#8081,1.);
#6682=CYLINDRICAL_SURFACE('',#8084,0.15);
#6683=CYLINDRICAL_SURFACE('',#8087,1.);
#6684=CYLINDRICAL_SURFACE('',#8090,0.555);
#6685=CYLINDRICAL_SURFACE('',#8093,18.8446093029326);
#6686=CYLINDRICAL_SURFACE('',#8096,0.15);
#6687=CYLINDRICAL_SURFACE('',#8099,1.);
#6688=CYLINDRICAL_SURFACE('',#8102,0.15);
#6689=CYLINDRICAL_SURFACE('',#8105,1.);
#6690=CYLINDRICAL_SURFACE('',#8108,0.555);
#6691=CYLINDRICAL_SURFACE('',#8111,18.8446093029326);
#6692=CYLINDRICAL_SURFACE('',#8114,0.15);
#6693=CYLINDRICAL_SURFACE('',#8117,1.);
#6694=CYLINDRICAL_SURFACE('',#8120,0.15);
#6695=CYLINDRICAL_SURFACE('',#8123,1.);
#6696=CYLINDRICAL_SURFACE('',#8126,0.555);
#6697=CYLINDRICAL_SURFACE('',#8129,18.8446093029326);
#6698=CYLINDRICAL_SURFACE('',#8132,0.15);
#6699=CYLINDRICAL_SURFACE('',#8135,1.);
#6700=CYLINDRICAL_SURFACE('',#8138,0.15);
#6701=CYLINDRICAL_SURFACE('',#8141,1.);
#6702=CYLINDRICAL_SURFACE('',#8144,0.555);
#6703=CYLINDRICAL_SURFACE('',#8147,18.8446093029326);
#6704=CYLINDRICAL_SURFACE('',#8150,0.15);
#6705=CYLINDRICAL_SURFACE('',#8153,1.);
#6706=CYLINDRICAL_SURFACE('',#8156,0.15);
#6707=CYLINDRICAL_SURFACE('',#8159,1.);
#6708=CYLINDRICAL_SURFACE('',#8162,0.555);
#6709=CYLINDRICAL_SURFACE('',#8165,18.8446093029326);
#6710=CYLINDRICAL_SURFACE('',#8168,0.15);
#6711=CYLINDRICAL_SURFACE('',#8171,1.);
#6712=CYLINDRICAL_SURFACE('',#8174,0.15);
#6713=CYLINDRICAL_SURFACE('',#8177,1.);
#6714=CYLINDRICAL_SURFACE('',#8180,0.555);
#6715=CYLINDRICAL_SURFACE('',#8183,18.8446093029326);
#6716=CYLINDRICAL_SURFACE('',#8186,0.15);
#6717=CYLINDRICAL_SURFACE('',#8189,0.15);
#6718=CYLINDRICAL_SURFACE('',#8192,1.);
#6719=CYLINDRICAL_SURFACE('',#8195,1.);
#6720=CYLINDRICAL_SURFACE('',#8198,0.555);
#6721=CYLINDRICAL_SURFACE('',#8201,1.666);
#6722=CYLINDRICAL_SURFACE('',#8205,4.);
#6723=CYLINDRICAL_SURFACE('',#8207,1.666);
#6724=CYLINDRICAL_SURFACE('',#8213,12.5);
#6725=CYLINDRICAL_SURFACE('',#8218,21.8);
#6726=CYLINDRICAL_SURFACE('',#8226,4.);
#6727=CYLINDRICAL_SURFACE('',#8229,21.8);
#6728=ADVANCED_FACE('',(#45),#6361,.T.);
#6729=ADVANCED_FACE('',(#46),#6362,.F.);
#6730=ADVANCED_FACE('',(#47),#6363,.T.);
#6731=ADVANCED_FACE('',(#48),#6364,.F.);
#6732=ADVANCED_FACE('',(#49),#6365,.F.);
#6733=ADVANCED_FACE('',(#50),#6366,.T.);
#6734=ADVANCED_FACE('',(#51),#6367,.T.);
#6735=ADVANCED_FACE('',(#52),#6368,.T.);
#6736=ADVANCED_FACE('',(#53),#6369,.F.);
#6737=ADVANCED_FACE('',(#54),#6370,.T.);
#6738=ADVANCED_FACE('',(#55),#6371,.F.);
#6739=ADVANCED_FACE('',(#56),#6372,.F.);
#6740=ADVANCED_FACE('',(#57),#6373,.T.);
#6741=ADVANCED_FACE('',(#58),#6374,.T.);
#6742=ADVANCED_FACE('',(#59),#6375,.F.);
#6743=ADVANCED_FACE('',(#60),#6376,.T.);
#6744=ADVANCED_FACE('',(#61),#6377,.F.);
#6745=ADVANCED_FACE('',(#62),#6378,.F.);
#6746=ADVANCED_FACE('',(#63),#6379,.T.);
#6747=ADVANCED_FACE('',(#64),#6380,.T.);
#6748=ADVANCED_FACE('',(#65),#6381,.F.);
#6749=ADVANCED_FACE('',(#66),#6382,.T.);
#6750=ADVANCED_FACE('',(#67),#6383,.F.);
#6751=ADVANCED_FACE('',(#68),#6384,.F.);
#6752=ADVANCED_FACE('',(#69),#6385,.T.);
#6753=ADVANCED_FACE('',(#70),#6386,.T.);
#6754=ADVANCED_FACE('',(#71),#6387,.F.);
#6755=ADVANCED_FACE('',(#72),#6388,.T.);
#6756=ADVANCED_FACE('',(#73),#6389,.F.);
#6757=ADVANCED_FACE('',(#74),#6390,.F.);
#6758=ADVANCED_FACE('',(#75),#6391,.T.);
#6759=ADVANCED_FACE('',(#76),#6392,.T.);
#6760=ADVANCED_FACE('',(#77),#6393,.F.);
#6761=ADVANCED_FACE('',(#78),#6394,.T.);
#6762=ADVANCED_FACE('',(#79),#6395,.F.);
#6763=ADVANCED_FACE('',(#80),#6396,.F.);
#6764=ADVANCED_FACE('',(#81),#6397,.T.);
#6765=ADVANCED_FACE('',(#82),#6398,.T.);
#6766=ADVANCED_FACE('',(#83),#6399,.F.);
#6767=ADVANCED_FACE('',(#84),#6400,.T.);
#6768=ADVANCED_FACE('',(#85),#6401,.F.);
#6769=ADVANCED_FACE('',(#86),#6402,.F.);
#6770=ADVANCED_FACE('',(#87),#6403,.T.);
#6771=ADVANCED_FACE('',(#88),#6404,.T.);
#6772=ADVANCED_FACE('',(#89),#6405,.F.);
#6773=ADVANCED_FACE('',(#90),#6406,.T.);
#6774=ADVANCED_FACE('',(#91),#6407,.F.);
#6775=ADVANCED_FACE('',(#92),#6408,.F.);
#6776=ADVANCED_FACE('',(#93),#6409,.T.);
#6777=ADVANCED_FACE('',(#94),#6410,.T.);
#6778=ADVANCED_FACE('',(#95),#6411,.F.);
#6779=ADVANCED_FACE('',(#96),#6412,.T.);
#6780=ADVANCED_FACE('',(#97),#6413,.F.);
#6781=ADVANCED_FACE('',(#98),#6414,.F.);
#6782=ADVANCED_FACE('',(#99),#6415,.T.);
#6783=ADVANCED_FACE('',(#100),#6416,.T.);
#6784=ADVANCED_FACE('',(#101),#6417,.F.);
#6785=ADVANCED_FACE('',(#102),#6418,.T.);
#6786=ADVANCED_FACE('',(#103),#6419,.F.);
#6787=ADVANCED_FACE('',(#104),#6420,.F.);
#6788=ADVANCED_FACE('',(#105),#6421,.T.);
#6789=ADVANCED_FACE('',(#106),#6422,.T.);
#6790=ADVANCED_FACE('',(#107),#6423,.F.);
#6791=ADVANCED_FACE('',(#108),#6424,.T.);
#6792=ADVANCED_FACE('',(#109),#6425,.F.);
#6793=ADVANCED_FACE('',(#110),#6426,.F.);
#6794=ADVANCED_FACE('',(#111),#6427,.T.);
#6795=ADVANCED_FACE('',(#112),#6428,.T.);
#6796=ADVANCED_FACE('',(#113),#6429,.F.);
#6797=ADVANCED_FACE('',(#114),#6430,.T.);
#6798=ADVANCED_FACE('',(#115),#6431,.F.);
#6799=ADVANCED_FACE('',(#116),#6432,.F.);
#6800=ADVANCED_FACE('',(#117),#6433,.T.);
#6801=ADVANCED_FACE('',(#118),#6434,.T.);
#6802=ADVANCED_FACE('',(#119),#6435,.F.);
#6803=ADVANCED_FACE('',(#120),#6436,.T.);
#6804=ADVANCED_FACE('',(#121),#6437,.F.);
#6805=ADVANCED_FACE('',(#122),#6438,.F.);
#6806=ADVANCED_FACE('',(#123),#6439,.T.);
#6807=ADVANCED_FACE('',(#124),#6440,.T.);
#6808=ADVANCED_FACE('',(#125),#6441,.F.);
#6809=ADVANCED_FACE('',(#126),#6442,.T.);
#6810=ADVANCED_FACE('',(#127),#6443,.F.);
#6811=ADVANCED_FACE('',(#128),#6444,.F.);
#6812=ADVANCED_FACE('',(#129),#6445,.T.);
#6813=ADVANCED_FACE('',(#130),#6446,.T.);
#6814=ADVANCED_FACE('',(#131),#6447,.F.);
#6815=ADVANCED_FACE('',(#132),#6448,.T.);
#6816=ADVANCED_FACE('',(#133),#6449,.F.);
#6817=ADVANCED_FACE('',(#134),#6450,.F.);
#6818=ADVANCED_FACE('',(#135),#6451,.T.);
#6819=ADVANCED_FACE('',(#136),#6452,.T.);
#6820=ADVANCED_FACE('',(#137),#6453,.F.);
#6821=ADVANCED_FACE('',(#138),#6454,.T.);
#6822=ADVANCED_FACE('',(#139),#6455,.F.);
#6823=ADVANCED_FACE('',(#140),#6456,.F.);
#6824=ADVANCED_FACE('',(#141),#6457,.T.);
#6825=ADVANCED_FACE('',(#142),#6458,.T.);
#6826=ADVANCED_FACE('',(#143),#6459,.F.);
#6827=ADVANCED_FACE('',(#144),#6460,.T.);
#6828=ADVANCED_FACE('',(#145),#6461,.F.);
#6829=ADVANCED_FACE('',(#146),#6462,.F.);
#6830=ADVANCED_FACE('',(#147),#6463,.T.);
#6831=ADVANCED_FACE('',(#148),#6464,.T.);
#6832=ADVANCED_FACE('',(#149),#6465,.F.);
#6833=ADVANCED_FACE('',(#150),#6466,.T.);
#6834=ADVANCED_FACE('',(#151),#6467,.F.);
#6835=ADVANCED_FACE('',(#152),#6468,.F.);
#6836=ADVANCED_FACE('',(#153),#6469,.T.);
#6837=ADVANCED_FACE('',(#154),#6470,.T.);
#6838=ADVANCED_FACE('',(#155),#6471,.F.);
#6839=ADVANCED_FACE('',(#156),#6472,.T.);
#6840=ADVANCED_FACE('',(#157),#6473,.F.);
#6841=ADVANCED_FACE('',(#158),#6474,.F.);
#6842=ADVANCED_FACE('',(#159),#6475,.T.);
#6843=ADVANCED_FACE('',(#160),#6476,.T.);
#6844=ADVANCED_FACE('',(#161),#6477,.F.);
#6845=ADVANCED_FACE('',(#162),#6478,.T.);
#6846=ADVANCED_FACE('',(#163),#6479,.F.);
#6847=ADVANCED_FACE('',(#164),#6480,.F.);
#6848=ADVANCED_FACE('',(#165),#6481,.T.);
#6849=ADVANCED_FACE('',(#166),#6482,.T.);
#6850=ADVANCED_FACE('',(#167),#6483,.F.);
#6851=ADVANCED_FACE('',(#168),#6484,.T.);
#6852=ADVANCED_FACE('',(#169),#6485,.F.);
#6853=ADVANCED_FACE('',(#170),#6486,.F.);
#6854=ADVANCED_FACE('',(#171),#6487,.T.);
#6855=ADVANCED_FACE('',(#172),#6488,.T.);
#6856=ADVANCED_FACE('',(#173),#6489,.F.);
#6857=ADVANCED_FACE('',(#174),#6490,.T.);
#6858=ADVANCED_FACE('',(#175),#6491,.F.);
#6859=ADVANCED_FACE('',(#176),#6492,.F.);
#6860=ADVANCED_FACE('',(#177),#6493,.T.);
#6861=ADVANCED_FACE('',(#178),#6494,.T.);
#6862=ADVANCED_FACE('',(#179),#6495,.F.);
#6863=ADVANCED_FACE('',(#180),#6496,.T.);
#6864=ADVANCED_FACE('',(#181),#6497,.F.);
#6865=ADVANCED_FACE('',(#182),#6498,.F.);
#6866=ADVANCED_FACE('',(#183),#6499,.T.);
#6867=ADVANCED_FACE('',(#184),#6500,.T.);
#6868=ADVANCED_FACE('',(#185),#6501,.F.);
#6869=ADVANCED_FACE('',(#186),#6502,.T.);
#6870=ADVANCED_FACE('',(#187),#6503,.F.);
#6871=ADVANCED_FACE('',(#188),#6504,.F.);
#6872=ADVANCED_FACE('',(#189),#6505,.T.);
#6873=ADVANCED_FACE('',(#190),#6506,.T.);
#6874=ADVANCED_FACE('',(#191),#6507,.F.);
#6875=ADVANCED_FACE('',(#192),#6508,.T.);
#6876=ADVANCED_FACE('',(#193),#6509,.F.);
#6877=ADVANCED_FACE('',(#194),#6510,.F.);
#6878=ADVANCED_FACE('',(#195),#6511,.T.);
#6879=ADVANCED_FACE('',(#196),#6512,.T.);
#6880=ADVANCED_FACE('',(#197),#6513,.F.);
#6881=ADVANCED_FACE('',(#198),#6514,.T.);
#6882=ADVANCED_FACE('',(#199),#6515,.F.);
#6883=ADVANCED_FACE('',(#200),#6516,.F.);
#6884=ADVANCED_FACE('',(#201),#6517,.T.);
#6885=ADVANCED_FACE('',(#202),#6518,.T.);
#6886=ADVANCED_FACE('',(#203),#6519,.F.);
#6887=ADVANCED_FACE('',(#204),#6520,.T.);
#6888=ADVANCED_FACE('',(#205),#6521,.F.);
#6889=ADVANCED_FACE('',(#206),#6522,.F.);
#6890=ADVANCED_FACE('',(#207),#6523,.T.);
#6891=ADVANCED_FACE('',(#208),#6524,.T.);
#6892=ADVANCED_FACE('',(#209),#6525,.F.);
#6893=ADVANCED_FACE('',(#210),#6526,.T.);
#6894=ADVANCED_FACE('',(#211),#6527,.F.);
#6895=ADVANCED_FACE('',(#212),#6528,.F.);
#6896=ADVANCED_FACE('',(#213),#6529,.T.);
#6897=ADVANCED_FACE('',(#214),#6530,.T.);
#6898=ADVANCED_FACE('',(#215),#6531,.F.);
#6899=ADVANCED_FACE('',(#216),#6532,.T.);
#6900=ADVANCED_FACE('',(#217),#6533,.F.);
#6901=ADVANCED_FACE('',(#218),#6534,.F.);
#6902=ADVANCED_FACE('',(#219),#6535,.T.);
#6903=ADVANCED_FACE('',(#220),#6536,.T.);
#6904=ADVANCED_FACE('',(#221),#6537,.F.);
#6905=ADVANCED_FACE('',(#222),#6538,.T.);
#6906=ADVANCED_FACE('',(#223),#6539,.F.);
#6907=ADVANCED_FACE('',(#224),#6540,.F.);
#6908=ADVANCED_FACE('',(#225),#6541,.T.);
#6909=ADVANCED_FACE('',(#226),#6542,.T.);
#6910=ADVANCED_FACE('',(#227),#6543,.F.);
#6911=ADVANCED_FACE('',(#228),#6544,.T.);
#6912=ADVANCED_FACE('',(#229),#6545,.F.);
#6913=ADVANCED_FACE('',(#230),#6546,.F.);
#6914=ADVANCED_FACE('',(#231),#6547,.T.);
#6915=ADVANCED_FACE('',(#232),#6548,.T.);
#6916=ADVANCED_FACE('',(#233),#6549,.F.);
#6917=ADVANCED_FACE('',(#234),#6550,.T.);
#6918=ADVANCED_FACE('',(#235),#6551,.F.);
#6919=ADVANCED_FACE('',(#236),#6552,.F.);
#6920=ADVANCED_FACE('',(#237),#6553,.T.);
#6921=ADVANCED_FACE('',(#238),#6554,.T.);
#6922=ADVANCED_FACE('',(#239),#6555,.F.);
#6923=ADVANCED_FACE('',(#240),#6556,.T.);
#6924=ADVANCED_FACE('',(#241),#6557,.F.);
#6925=ADVANCED_FACE('',(#242),#6558,.F.);
#6926=ADVANCED_FACE('',(#243),#6559,.T.);
#6927=ADVANCED_FACE('',(#244),#6560,.T.);
#6928=ADVANCED_FACE('',(#245),#6561,.F.);
#6929=ADVANCED_FACE('',(#246),#6562,.T.);
#6930=ADVANCED_FACE('',(#247),#6563,.F.);
#6931=ADVANCED_FACE('',(#248),#6564,.F.);
#6932=ADVANCED_FACE('',(#249),#6565,.T.);
#6933=ADVANCED_FACE('',(#250),#6566,.T.);
#6934=ADVANCED_FACE('',(#251),#6567,.F.);
#6935=ADVANCED_FACE('',(#252),#6568,.T.);
#6936=ADVANCED_FACE('',(#253),#6569,.F.);
#6937=ADVANCED_FACE('',(#254),#6570,.F.);
#6938=ADVANCED_FACE('',(#255),#6571,.T.);
#6939=ADVANCED_FACE('',(#256),#6572,.T.);
#6940=ADVANCED_FACE('',(#257),#6573,.F.);
#6941=ADVANCED_FACE('',(#258),#6574,.T.);
#6942=ADVANCED_FACE('',(#259),#6575,.F.);
#6943=ADVANCED_FACE('',(#260),#6576,.F.);
#6944=ADVANCED_FACE('',(#261),#6577,.T.);
#6945=ADVANCED_FACE('',(#262),#6578,.T.);
#6946=ADVANCED_FACE('',(#263),#6579,.F.);
#6947=ADVANCED_FACE('',(#264),#6580,.T.);
#6948=ADVANCED_FACE('',(#265),#6581,.F.);
#6949=ADVANCED_FACE('',(#266),#6582,.F.);
#6950=ADVANCED_FACE('',(#267),#6583,.T.);
#6951=ADVANCED_FACE('',(#268),#6584,.T.);
#6952=ADVANCED_FACE('',(#269),#6585,.F.);
#6953=ADVANCED_FACE('',(#270),#6586,.T.);
#6954=ADVANCED_FACE('',(#271),#6587,.F.);
#6955=ADVANCED_FACE('',(#272),#6588,.F.);
#6956=ADVANCED_FACE('',(#273),#6589,.T.);
#6957=ADVANCED_FACE('',(#274),#6590,.T.);
#6958=ADVANCED_FACE('',(#275),#6591,.F.);
#6959=ADVANCED_FACE('',(#276),#6592,.T.);
#6960=ADVANCED_FACE('',(#277),#6593,.F.);
#6961=ADVANCED_FACE('',(#278),#6594,.F.);
#6962=ADVANCED_FACE('',(#279),#6595,.T.);
#6963=ADVANCED_FACE('',(#280),#6596,.T.);
#6964=ADVANCED_FACE('',(#281),#6597,.F.);
#6965=ADVANCED_FACE('',(#282),#6598,.T.);
#6966=ADVANCED_FACE('',(#283),#6599,.F.);
#6967=ADVANCED_FACE('',(#284),#6600,.F.);
#6968=ADVANCED_FACE('',(#285),#6601,.T.);
#6969=ADVANCED_FACE('',(#286),#6602,.T.);
#6970=ADVANCED_FACE('',(#287),#6603,.F.);
#6971=ADVANCED_FACE('',(#288),#6604,.T.);
#6972=ADVANCED_FACE('',(#289),#6605,.F.);
#6973=ADVANCED_FACE('',(#290),#6606,.F.);
#6974=ADVANCED_FACE('',(#291),#6607,.T.);
#6975=ADVANCED_FACE('',(#292),#6608,.T.);
#6976=ADVANCED_FACE('',(#293),#6609,.F.);
#6977=ADVANCED_FACE('',(#294),#6610,.T.);
#6978=ADVANCED_FACE('',(#295),#6611,.F.);
#6979=ADVANCED_FACE('',(#296),#6612,.F.);
#6980=ADVANCED_FACE('',(#297),#6613,.T.);
#6981=ADVANCED_FACE('',(#298),#6614,.T.);
#6982=ADVANCED_FACE('',(#299),#6615,.F.);
#6983=ADVANCED_FACE('',(#300),#6616,.T.);
#6984=ADVANCED_FACE('',(#301),#6617,.F.);
#6985=ADVANCED_FACE('',(#302),#6618,.F.);
#6986=ADVANCED_FACE('',(#303),#6619,.T.);
#6987=ADVANCED_FACE('',(#304),#6620,.T.);
#6988=ADVANCED_FACE('',(#305),#6621,.F.);
#6989=ADVANCED_FACE('',(#306),#6622,.T.);
#6990=ADVANCED_FACE('',(#307),#6623,.F.);
#6991=ADVANCED_FACE('',(#308),#6624,.F.);
#6992=ADVANCED_FACE('',(#309),#6625,.T.);
#6993=ADVANCED_FACE('',(#310),#6626,.T.);
#6994=ADVANCED_FACE('',(#311),#6627,.F.);
#6995=ADVANCED_FACE('',(#312),#6628,.T.);
#6996=ADVANCED_FACE('',(#313),#6629,.F.);
#6997=ADVANCED_FACE('',(#314),#6630,.F.);
#6998=ADVANCED_FACE('',(#315),#6631,.T.);
#6999=ADVANCED_FACE('',(#316),#6632,.T.);
#7000=ADVANCED_FACE('',(#317),#6633,.F.);
#7001=ADVANCED_FACE('',(#318),#6634,.T.);
#7002=ADVANCED_FACE('',(#319),#6635,.F.);
#7003=ADVANCED_FACE('',(#320),#6636,.F.);
#7004=ADVANCED_FACE('',(#321),#6637,.T.);
#7005=ADVANCED_FACE('',(#322),#6638,.T.);
#7006=ADVANCED_FACE('',(#323),#6639,.F.);
#7007=ADVANCED_FACE('',(#324),#6640,.T.);
#7008=ADVANCED_FACE('',(#325),#6641,.F.);
#7009=ADVANCED_FACE('',(#326),#6642,.F.);
#7010=ADVANCED_FACE('',(#327),#6643,.T.);
#7011=ADVANCED_FACE('',(#328),#6644,.T.);
#7012=ADVANCED_FACE('',(#329),#6645,.F.);
#7013=ADVANCED_FACE('',(#330),#6646,.T.);
#7014=ADVANCED_FACE('',(#331),#6647,.F.);
#7015=ADVANCED_FACE('',(#332),#6648,.F.);
#7016=ADVANCED_FACE('',(#333),#6649,.T.);
#7017=ADVANCED_FACE('',(#334),#6650,.T.);
#7018=ADVANCED_FACE('',(#335),#6651,.F.);
#7019=ADVANCED_FACE('',(#336),#6652,.T.);
#7020=ADVANCED_FACE('',(#337),#6653,.F.);
#7021=ADVANCED_FACE('',(#338),#6654,.F.);
#7022=ADVANCED_FACE('',(#339),#6655,.T.);
#7023=ADVANCED_FACE('',(#340),#6656,.T.);
#7024=ADVANCED_FACE('',(#341),#6657,.F.);
#7025=ADVANCED_FACE('',(#342),#6658,.T.);
#7026=ADVANCED_FACE('',(#343),#6659,.F.);
#7027=ADVANCED_FACE('',(#344),#6660,.F.);
#7028=ADVANCED_FACE('',(#345),#6661,.T.);
#7029=ADVANCED_FACE('',(#346),#6662,.T.);
#7030=ADVANCED_FACE('',(#347),#6663,.F.);
#7031=ADVANCED_FACE('',(#348),#6664,.T.);
#7032=ADVANCED_FACE('',(#349),#6665,.F.);
#7033=ADVANCED_FACE('',(#350),#6666,.F.);
#7034=ADVANCED_FACE('',(#351),#6667,.T.);
#7035=ADVANCED_FACE('',(#352),#6668,.T.);
#7036=ADVANCED_FACE('',(#353),#6669,.F.);
#7037=ADVANCED_FACE('',(#354),#6670,.T.);
#7038=ADVANCED_FACE('',(#355),#6671,.F.);
#7039=ADVANCED_FACE('',(#356),#6672,.F.);
#7040=ADVANCED_FACE('',(#357),#6673,.T.);
#7041=ADVANCED_FACE('',(#358),#6674,.T.);
#7042=ADVANCED_FACE('',(#359),#6675,.F.);
#7043=ADVANCED_FACE('',(#360),#6676,.T.);
#7044=ADVANCED_FACE('',(#361),#6677,.F.);
#7045=ADVANCED_FACE('',(#362),#6678,.F.);
#7046=ADVANCED_FACE('',(#363),#6679,.T.);
#7047=ADVANCED_FACE('',(#364),#6680,.T.);
#7048=ADVANCED_FACE('',(#365),#6681,.F.);
#7049=ADVANCED_FACE('',(#366),#6682,.T.);
#7050=ADVANCED_FACE('',(#367),#6683,.F.);
#7051=ADVANCED_FACE('',(#368),#6684,.F.);
#7052=ADVANCED_FACE('',(#369),#6685,.T.);
#7053=ADVANCED_FACE('',(#370),#6686,.T.);
#7054=ADVANCED_FACE('',(#371),#6687,.F.);
#7055=ADVANCED_FACE('',(#372),#6688,.T.);
#7056=ADVANCED_FACE('',(#373),#6689,.F.);
#7057=ADVANCED_FACE('',(#374),#6690,.F.);
#7058=ADVANCED_FACE('',(#375),#6691,.T.);
#7059=ADVANCED_FACE('',(#376),#6692,.T.);
#7060=ADVANCED_FACE('',(#377),#6693,.F.);
#7061=ADVANCED_FACE('',(#378),#6694,.T.);
#7062=ADVANCED_FACE('',(#379),#6695,.F.);
#7063=ADVANCED_FACE('',(#380),#6696,.F.);
#7064=ADVANCED_FACE('',(#381),#6697,.T.);
#7065=ADVANCED_FACE('',(#382),#6698,.T.);
#7066=ADVANCED_FACE('',(#383),#6699,.F.);
#7067=ADVANCED_FACE('',(#384),#6700,.T.);
#7068=ADVANCED_FACE('',(#385),#6701,.F.);
#7069=ADVANCED_FACE('',(#386),#6702,.F.);
#7070=ADVANCED_FACE('',(#387),#6703,.T.);
#7071=ADVANCED_FACE('',(#388),#6704,.T.);
#7072=ADVANCED_FACE('',(#389),#6705,.F.);
#7073=ADVANCED_FACE('',(#390),#6706,.T.);
#7074=ADVANCED_FACE('',(#391),#6707,.F.);
#7075=ADVANCED_FACE('',(#392),#6708,.F.);
#7076=ADVANCED_FACE('',(#393),#6709,.T.);
#7077=ADVANCED_FACE('',(#394),#6710,.T.);
#7078=ADVANCED_FACE('',(#395),#6711,.F.);
#7079=ADVANCED_FACE('',(#396),#6712,.T.);
#7080=ADVANCED_FACE('',(#397),#6713,.F.);
#7081=ADVANCED_FACE('',(#398),#6714,.F.);
#7082=ADVANCED_FACE('',(#399),#6715,.T.);
#7083=ADVANCED_FACE('',(#400),#6716,.T.);
#7084=ADVANCED_FACE('',(#401),#6717,.T.);
#7085=ADVANCED_FACE('',(#402),#6718,.F.);
#7086=ADVANCED_FACE('',(#403),#6719,.F.);
#7087=ADVANCED_FACE('',(#404),#6720,.F.);
#7088=ADVANCED_FACE('',(#405),#6721,.F.);
#7089=ADVANCED_FACE('',(#406),#36,.F.);
#7090=ADVANCED_FACE('',(#407,#26,#27),#6722,.F.);
#7091=ADVANCED_FACE('',(#408),#25,.T.);
#7092=ADVANCED_FACE('',(#409),#6723,.F.);
#7093=ADVANCED_FACE('',(#410),#37,.T.);
#7094=ADVANCED_FACE('',(#411,#28),#19,.T.);
#7095=ADVANCED_FACE('',(#412,#29,#30),#6724,.T.);
#7096=ADVANCED_FACE('',(#413),#38,.F.);
#7097=ADVANCED_FACE('',(#414,#31),#20,.T.);
#7098=ADVANCED_FACE('',(#415),#6725,.T.);
#7099=ADVANCED_FACE('',(#416,#32),#21,.T.);
#7100=ADVANCED_FACE('',(#417,#33),#22,.F.);
#7101=ADVANCED_FACE('',(#418),#39,.F.);
#7102=ADVANCED_FACE('',(#419),#6726,.F.);
#7103=ADVANCED_FACE('',(#420,#34),#23,.F.);
#7104=ADVANCED_FACE('',(#421),#6727,.T.);
#7105=ADVANCED_FACE('',(#422,#35),#24,.T.);
#7106=CLOSED_SHELL('',(#6728,#6729,#6730,#6731,#6732,#6733,#6734,#6735,
#6736,#6737,#6738,#6739,#6740,#6741,#6742,#6743,#6744,#6745,#6746,#6747,
#6748,#6749,#6750,#6751,#6752,#6753,#6754,#6755,#6756,#6757,#6758,#6759,
#6760,#6761,#6762,#6763,#6764,#6765,#6766,#6767,#6768,#6769,#6770,#6771,
#6772,#6773,#6774,#6775,#6776,#6777,#6778,#6779,#6780,#6781,#6782,#6783,
#6784,#6785,#6786,#6787,#6788,#6789,#6790,#6791,#6792,#6793,#6794,#6795,
#6796,#6797,#6798,#6799,#6800,#6801,#6802,#6803,#6804,#6805,#6806,#6807,
#6808,#6809,#6810,#6811,#6812,#6813,#6814,#6815,#6816,#6817,#6818,#6819,
#6820,#6821,#6822,#6823,#6824,#6825,#6826,#6827,#6828,#6829,#6830,#6831,
#6832,#6833,#6834,#6835,#6836,#6837,#6838,#6839,#6840,#6841,#6842,#6843,
#6844,#6845,#6846,#6847,#6848,#6849,#6850,#6851,#6852,#6853,#6854,#6855,
#6856,#6857,#6858,#6859,#6860,#6861,#6862,#6863,#6864,#6865,#6866,#6867,
#6868,#6869,#6870,#6871,#6872,#6873,#6874,#6875,#6876,#6877,#6878,#6879,
#6880,#6881,#6882,#6883,#6884,#6885,#6886,#6887,#6888,#6889,#6890,#6891,
#6892,#6893,#6894,#6895,#6896,#6897,#6898,#6899,#6900,#6901,#6902,#6903,
#6904,#6905,#6906,#6907,#6908,#6909,#6910,#6911,#6912,#6913,#6914,#6915,
#6916,#6917,#6918,#6919,#6920,#6921,#6922,#6923,#6924,#6925,#6926,#6927,
#6928,#6929,#6930,#6931,#6932,#6933,#6934,#6935,#6936,#6937,#6938,#6939,
#6940,#6941,#6942,#6943,#6944,#6945,#6946,#6947,#6948,#6949,#6950,#6951,
#6952,#6953,#6954,#6955,#6956,#6957,#6958,#6959,#6960,#6961,#6962,#6963,
#6964,#6965,#6966,#6967,#6968,#6969,#6970,#6971,#6972,#6973,#6974,#6975,
#6976,#6977,#6978,#6979,#6980,#6981,#6982,#6983,#6984,#6985,#6986,#6987,
#6988,#6989,#6990,#6991,#6992,#6993,#6994,#6995,#6996,#6997,#6998,#6999,
#7000,#7001,#7002,#7003,#7004,#7005,#7006,#7007,#7008,#7009,#7010,#7011,
#7012,#7013,#7014,#7015,#7016,#7017,#7018,#7019,#7020,#7021,#7022,#7023,
#7024,#7025,#7026,#7027,#7028,#7029,#7030,#7031,#7032,#7033,#7034,#7035,
#7036,#7037,#7038,#7039,#7040,#7041,#7042,#7043,#7044,#7045,#7046,#7047,
#7048,#7049,#7050,#7051,#7052,#7053,#7054,#7055,#7056,#7057,#7058,#7059,
#7060,#7061,#7062,#7063,#7064,#7065,#7066,#7067,#7068,#7069,#7070,#7071,
#7072,#7073,#7074,#7075,#7076,#7077,#7078,#7079,#7080,#7081,#7082,#7083,
#7084,#7085,#7086,#7087,#7088,#7089,#7090,#7091,#7092,#7093,#7094,#7095,
#7096,#7097,#7098,#7099,#7100,#7101,#7102,#7103,#7104,#7105));
#7107=DERIVED_UNIT_ELEMENT(#7109,1.);
#7108=DERIVED_UNIT_ELEMENT(#13317,-3.);
#7109=(
MASS_UNIT()
NAMED_UNIT(*)
SI_UNIT(.KILO.,.GRAM.)
);
#7110=DERIVED_UNIT((#7107,#7108));
#7111=MEASURE_REPRESENTATION_ITEM('density measure',
POSITIVE_RATIO_MEASURE(7850.),#7110);
#7112=PROPERTY_DEFINITION_REPRESENTATION(#7117,#7114);
#7113=PROPERTY_DEFINITION_REPRESENTATION(#7118,#7115);
#7114=REPRESENTATION('material name',(#7116),#13314);
#7115=REPRESENTATION('density',(#7111),#13314);
#7116=DESCRIPTIVE_REPRESENTATION_ITEM('Steel','Steel');
#7117=PROPERTY_DEFINITION('material property','material name',#13329);
#7118=PROPERTY_DEFINITION('material property','density of part',#13329);
#7119=AXIS2_PLACEMENT_3D('',#10833,#8233,#8234);
#7120=AXIS2_PLACEMENT_3D('',#10834,#8235,#8236);
#7121=AXIS2_PLACEMENT_3D('',#10835,#8237,#8238);
#7122=AXIS2_PLACEMENT_3D('',#10838,#8239,#8240);
#7123=AXIS2_PLACEMENT_3D('',#10842,#8242,#8243);
#7124=AXIS2_PLACEMENT_3D('',#10844,#8245,#8246);
#7125=AXIS2_PLACEMENT_3D('',#10846,#8247,#8248);
#7126=AXIS2_PLACEMENT_3D('',#10849,#8250,#8251);
#7127=AXIS2_PLACEMENT_3D('',#10850,#8252,#8253);
#7128=AXIS2_PLACEMENT_3D('',#10853,#8254,#8255);
#7129=AXIS2_PLACEMENT_3D('',#10857,#8257,#8258);
#7130=AXIS2_PLACEMENT_3D('',#10859,#8260,#8261);
#7131=AXIS2_PLACEMENT_3D('',#10861,#8262,#8263);
#7132=AXIS2_PLACEMENT_3D('',#10864,#8265,#8266);
#7133=AXIS2_PLACEMENT_3D('',#10865,#8267,#8268);
#7134=AXIS2_PLACEMENT_3D('',#10866,#8269,#8270);
#7135=AXIS2_PLACEMENT_3D('',#10867,#8271,#8272);
#7136=AXIS2_PLACEMENT_3D('',#10868,#8273,#8274);
#7137=AXIS2_PLACEMENT_3D('',#10870,#8275,#8276);
#7138=AXIS2_PLACEMENT_3D('',#10873,#8278,#8279);
#7139=AXIS2_PLACEMENT_3D('',#10874,#8280,#8281);
#7140=AXIS2_PLACEMENT_3D('',#10876,#8282,#8283);
#7141=AXIS2_PLACEMENT_3D('',#10879,#8285,#8286);
#7142=AXIS2_PLACEMENT_3D('',#10880,#8287,#8288);
#7143=AXIS2_PLACEMENT_3D('',#10882,#8289,#8290);
#7144=AXIS2_PLACEMENT_3D('',#10885,#8292,#8293);
#7145=AXIS2_PLACEMENT_3D('',#10886,#8294,#8295);
#7146=AXIS2_PLACEMENT_3D('',#10888,#8296,#8297);
#7147=AXIS2_PLACEMENT_3D('',#10891,#8299,#8300);
#7148=AXIS2_PLACEMENT_3D('',#10892,#8301,#8302);
#7149=AXIS2_PLACEMENT_3D('',#10895,#8303,#8304);
#7150=AXIS2_PLACEMENT_3D('',#10899,#8306,#8307);
#7151=AXIS2_PLACEMENT_3D('',#10901,#8309,#8310);
#7152=AXIS2_PLACEMENT_3D('',#10903,#8311,#8312);
#7153=AXIS2_PLACEMENT_3D('',#10906,#8314,#8315);
#7154=AXIS2_PLACEMENT_3D('',#10907,#8316,#8317);
#7155=AXIS2_PLACEMENT_3D('',#10908,#8318,#8319);
#7156=AXIS2_PLACEMENT_3D('',#10909,#8320,#8321);
#7157=AXIS2_PLACEMENT_3D('',#10910,#8322,#8323);
#7158=AXIS2_PLACEMENT_3D('',#10912,#8324,#8325);
#7159=AXIS2_PLACEMENT_3D('',#10915,#8327,#8328);
#7160=AXIS2_PLACEMENT_3D('',#10916,#8329,#8330);
#7161=AXIS2_PLACEMENT_3D('',#10918,#8331,#8332);
#7162=AXIS2_PLACEMENT_3D('',#10921,#8334,#8335);
#7163=AXIS2_PLACEMENT_3D('',#10922,#8336,#8337);
#7164=AXIS2_PLACEMENT_3D('',#10924,#8338,#8339);
#7165=AXIS2_PLACEMENT_3D('',#10927,#8341,#8342);
#7166=AXIS2_PLACEMENT_3D('',#10928,#8343,#8344);
#7167=AXIS2_PLACEMENT_3D('',#10931,#8345,#8346);
#7168=AXIS2_PLACEMENT_3D('',#10935,#8348,#8349);
#7169=AXIS2_PLACEMENT_3D('',#10937,#8351,#8352);
#7170=AXIS2_PLACEMENT_3D('',#10939,#8353,#8354);
#7171=AXIS2_PLACEMENT_3D('',#10942,#8356,#8357);
#7172=AXIS2_PLACEMENT_3D('',#10943,#8358,#8359);
#7173=AXIS2_PLACEMENT_3D('',#10944,#8360,#8361);
#7174=AXIS2_PLACEMENT_3D('',#10945,#8362,#8363);
#7175=AXIS2_PLACEMENT_3D('',#10946,#8364,#8365);
#7176=AXIS2_PLACEMENT_3D('',#10948,#8366,#8367);
#7177=AXIS2_PLACEMENT_3D('',#10951,#8369,#8370);
#7178=AXIS2_PLACEMENT_3D('',#10952,#8371,#8372);
#7179=AXIS2_PLACEMENT_3D('',#10954,#8373,#8374);
#7180=AXIS2_PLACEMENT_3D('',#10957,#8376,#8377);
#7181=AXIS2_PLACEMENT_3D('',#10958,#8378,#8379);
#7182=AXIS2_PLACEMENT_3D('',#10960,#8380,#8381);
#7183=AXIS2_PLACEMENT_3D('',#10963,#8383,#8384);
#7184=AXIS2_PLACEMENT_3D('',#10964,#8385,#8386);
#7185=AXIS2_PLACEMENT_3D('',#10967,#8387,#8388);
#7186=AXIS2_PLACEMENT_3D('',#10971,#8390,#8391);
#7187=AXIS2_PLACEMENT_3D('',#10973,#8393,#8394);
#7188=AXIS2_PLACEMENT_3D('',#10975,#8395,#8396);
#7189=AXIS2_PLACEMENT_3D('',#10978,#8398,#8399);
#7190=AXIS2_PLACEMENT_3D('',#10979,#8400,#8401);
#7191=AXIS2_PLACEMENT_3D('',#10980,#8402,#8403);
#7192=AXIS2_PLACEMENT_3D('',#10981,#8404,#8405);
#7193=AXIS2_PLACEMENT_3D('',#10982,#8406,#8407);
#7194=AXIS2_PLACEMENT_3D('',#10984,#8408,#8409);
#7195=AXIS2_PLACEMENT_3D('',#10987,#8411,#8412);
#7196=AXIS2_PLACEMENT_3D('',#10988,#8413,#8414);
#7197=AXIS2_PLACEMENT_3D('',#10990,#8415,#8416);
#7198=AXIS2_PLACEMENT_3D('',#10993,#8418,#8419);
#7199=AXIS2_PLACEMENT_3D('',#10994,#8420,#8421);
#7200=AXIS2_PLACEMENT_3D('',#10996,#8422,#8423);
#7201=AXIS2_PLACEMENT_3D('',#10999,#8425,#8426);
#7202=AXIS2_PLACEMENT_3D('',#11000,#8427,#8428);
#7203=AXIS2_PLACEMENT_3D('',#11003,#8429,#8430);
#7204=AXIS2_PLACEMENT_3D('',#11007,#8432,#8433);
#7205=AXIS2_PLACEMENT_3D('',#11009,#8435,#8436);
#7206=AXIS2_PLACEMENT_3D('',#11011,#8437,#8438);
#7207=AXIS2_PLACEMENT_3D('',#11014,#8440,#8441);
#7208=AXIS2_PLACEMENT_3D('',#11015,#8442,#8443);
#7209=AXIS2_PLACEMENT_3D('',#11016,#8444,#8445);
#7210=AXIS2_PLACEMENT_3D('',#11017,#8446,#8447);
#7211=AXIS2_PLACEMENT_3D('',#11018,#8448,#8449);
#7212=AXIS2_PLACEMENT_3D('',#11020,#8450,#8451);
#7213=AXIS2_PLACEMENT_3D('',#11023,#8453,#8454);
#7214=AXIS2_PLACEMENT_3D('',#11024,#8455,#8456);
#7215=AXIS2_PLACEMENT_3D('',#11026,#8457,#8458);
#7216=AXIS2_PLACEMENT_3D('',#11029,#8460,#8461);
#7217=AXIS2_PLACEMENT_3D('',#11030,#8462,#8463);
#7218=AXIS2_PLACEMENT_3D('',#11032,#8464,#8465);
#7219=AXIS2_PLACEMENT_3D('',#11035,#8467,#8468);
#7220=AXIS2_PLACEMENT_3D('',#11036,#8469,#8470);
#7221=AXIS2_PLACEMENT_3D('',#11039,#8471,#8472);
#7222=AXIS2_PLACEMENT_3D('',#11043,#8474,#8475);
#7223=AXIS2_PLACEMENT_3D('',#11045,#8477,#8478);
#7224=AXIS2_PLACEMENT_3D('',#11047,#8479,#8480);
#7225=AXIS2_PLACEMENT_3D('',#11050,#8482,#8483);
#7226=AXIS2_PLACEMENT_3D('',#11051,#8484,#8485);
#7227=AXIS2_PLACEMENT_3D('',#11052,#8486,#8487);
#7228=AXIS2_PLACEMENT_3D('',#11053,#8488,#8489);
#7229=AXIS2_PLACEMENT_3D('',#11054,#8490,#8491);
#7230=AXIS2_PLACEMENT_3D('',#11056,#8492,#8493);
#7231=AXIS2_PLACEMENT_3D('',#11059,#8495,#8496);
#7232=AXIS2_PLACEMENT_3D('',#11060,#8497,#8498);
#7233=AXIS2_PLACEMENT_3D('',#11062,#8499,#8500);
#7234=AXIS2_PLACEMENT_3D('',#11065,#8502,#8503);
#7235=AXIS2_PLACEMENT_3D('',#11066,#8504,#8505);
#7236=AXIS2_PLACEMENT_3D('',#11068,#8506,#8507);
#7237=AXIS2_PLACEMENT_3D('',#11071,#8509,#8510);
#7238=AXIS2_PLACEMENT_3D('',#11072,#8511,#8512);
#7239=AXIS2_PLACEMENT_3D('',#11075,#8513,#8514);
#7240=AXIS2_PLACEMENT_3D('',#11079,#8516,#8517);
#7241=AXIS2_PLACEMENT_3D('',#11081,#8519,#8520);
#7242=AXIS2_PLACEMENT_3D('',#11083,#8521,#8522);
#7243=AXIS2_PLACEMENT_3D('',#11086,#8524,#8525);
#7244=AXIS2_PLACEMENT_3D('',#11087,#8526,#8527);
#7245=AXIS2_PLACEMENT_3D('',#11088,#8528,#8529);
#7246=AXIS2_PLACEMENT_3D('',#11089,#8530,#8531);
#7247=AXIS2_PLACEMENT_3D('',#11090,#8532,#8533);
#7248=AXIS2_PLACEMENT_3D('',#11092,#8534,#8535);
#7249=AXIS2_PLACEMENT_3D('',#11095,#8537,#8538);
#7250=AXIS2_PLACEMENT_3D('',#11096,#8539,#8540);
#7251=AXIS2_PLACEMENT_3D('',#11098,#8541,#8542);
#7252=AXIS2_PLACEMENT_3D('',#11101,#8544,#8545);
#7253=AXIS2_PLACEMENT_3D('',#11102,#8546,#8547);
#7254=AXIS2_PLACEMENT_3D('',#11104,#8548,#8549);
#7255=AXIS2_PLACEMENT_3D('',#11107,#8551,#8552);
#7256=AXIS2_PLACEMENT_3D('',#11108,#8553,#8554);
#7257=AXIS2_PLACEMENT_3D('',#11111,#8555,#8556);
#7258=AXIS2_PLACEMENT_3D('',#11115,#8558,#8559);
#7259=AXIS2_PLACEMENT_3D('',#11117,#8561,#8562);
#7260=AXIS2_PLACEMENT_3D('',#11119,#8563,#8564);
#7261=AXIS2_PLACEMENT_3D('',#11122,#8566,#8567);
#7262=AXIS2_PLACEMENT_3D('',#11123,#8568,#8569);
#7263=AXIS2_PLACEMENT_3D('',#11124,#8570,#8571);
#7264=AXIS2_PLACEMENT_3D('',#11125,#8572,#8573);
#7265=AXIS2_PLACEMENT_3D('',#11126,#8574,#8575);
#7266=AXIS2_PLACEMENT_3D('',#11128,#8576,#8577);
#7267=AXIS2_PLACEMENT_3D('',#11131,#8579,#8580);
#7268=AXIS2_PLACEMENT_3D('',#11132,#8581,#8582);
#7269=AXIS2_PLACEMENT_3D('',#11134,#8583,#8584);
#7270=AXIS2_PLACEMENT_3D('',#11137,#8586,#8587);
#7271=AXIS2_PLACEMENT_3D('',#11138,#8588,#8589);
#7272=AXIS2_PLACEMENT_3D('',#11140,#8590,#8591);
#7273=AXIS2_PLACEMENT_3D('',#11143,#8593,#8594);
#7274=AXIS2_PLACEMENT_3D('',#11144,#8595,#8596);
#7275=AXIS2_PLACEMENT_3D('',#11147,#8597,#8598);
#7276=AXIS2_PLACEMENT_3D('',#11151,#8600,#8601);
#7277=AXIS2_PLACEMENT_3D('',#11153,#8603,#8604);
#7278=AXIS2_PLACEMENT_3D('',#11155,#8605,#8606);
#7279=AXIS2_PLACEMENT_3D('',#11158,#8608,#8609);
#7280=AXIS2_PLACEMENT_3D('',#11159,#8610,#8611);
#7281=AXIS2_PLACEMENT_3D('',#11160,#8612,#8613);
#7282=AXIS2_PLACEMENT_3D('',#11161,#8614,#8615);
#7283=AXIS2_PLACEMENT_3D('',#11162,#8616,#8617);
#7284=AXIS2_PLACEMENT_3D('',#11164,#8618,#8619);
#7285=AXIS2_PLACEMENT_3D('',#11167,#8621,#8622);
#7286=AXIS2_PLACEMENT_3D('',#11168,#8623,#8624);
#7287=AXIS2_PLACEMENT_3D('',#11170,#8625,#8626);
#7288=AXIS2_PLACEMENT_3D('',#11173,#8628,#8629);
#7289=AXIS2_PLACEMENT_3D('',#11174,#8630,#8631);
#7290=AXIS2_PLACEMENT_3D('',#11176,#8632,#8633);
#7291=AXIS2_PLACEMENT_3D('',#11179,#8635,#8636);
#7292=AXIS2_PLACEMENT_3D('',#11180,#8637,#8638);
#7293=AXIS2_PLACEMENT_3D('',#11183,#8639,#8640);
#7294=AXIS2_PLACEMENT_3D('',#11187,#8642,#8643);
#7295=AXIS2_PLACEMENT_3D('',#11189,#8645,#8646);
#7296=AXIS2_PLACEMENT_3D('',#11191,#8647,#8648);
#7297=AXIS2_PLACEMENT_3D('',#11194,#8650,#8651);
#7298=AXIS2_PLACEMENT_3D('',#11195,#8652,#8653);
#7299=AXIS2_PLACEMENT_3D('',#11196,#8654,#8655);
#7300=AXIS2_PLACEMENT_3D('',#11197,#8656,#8657);
#7301=AXIS2_PLACEMENT_3D('',#11198,#8658,#8659);
#7302=AXIS2_PLACEMENT_3D('',#11200,#8660,#8661);
#7303=AXIS2_PLACEMENT_3D('',#11203,#8663,#8664);
#7304=AXIS2_PLACEMENT_3D('',#11204,#8665,#8666);
#7305=AXIS2_PLACEMENT_3D('',#11206,#8667,#8668);
#7306=AXIS2_PLACEMENT_3D('',#11209,#8670,#8671);
#7307=AXIS2_PLACEMENT_3D('',#11210,#8672,#8673);
#7308=AXIS2_PLACEMENT_3D('',#11212,#8674,#8675);
#7309=AXIS2_PLACEMENT_3D('',#11215,#8677,#8678);
#7310=AXIS2_PLACEMENT_3D('',#11216,#8679,#8680);
#7311=AXIS2_PLACEMENT_3D('',#11219,#8681,#8682);
#7312=AXIS2_PLACEMENT_3D('',#11223,#8684,#8685);
#7313=AXIS2_PLACEMENT_3D('',#11225,#8687,#8688);
#7314=AXIS2_PLACEMENT_3D('',#11227,#8689,#8690);
#7315=AXIS2_PLACEMENT_3D('',#11230,#8692,#8693);
#7316=AXIS2_PLACEMENT_3D('',#11231,#8694,#8695);
#7317=AXIS2_PLACEMENT_3D('',#11232,#8696,#8697);
#7318=AXIS2_PLACEMENT_3D('',#11233,#8698,#8699);
#7319=AXIS2_PLACEMENT_3D('',#11234,#8700,#8701);
#7320=AXIS2_PLACEMENT_3D('',#11236,#8702,#8703);
#7321=AXIS2_PLACEMENT_3D('',#11239,#8705,#8706);
#7322=AXIS2_PLACEMENT_3D('',#11240,#8707,#8708);
#7323=AXIS2_PLACEMENT_3D('',#11242,#8709,#8710);
#7324=AXIS2_PLACEMENT_3D('',#11245,#8712,#8713);
#7325=AXIS2_PLACEMENT_3D('',#11246,#8714,#8715);
#7326=AXIS2_PLACEMENT_3D('',#11248,#8716,#8717);
#7327=AXIS2_PLACEMENT_3D('',#11251,#8719,#8720);
#7328=AXIS2_PLACEMENT_3D('',#11252,#8721,#8722);
#7329=AXIS2_PLACEMENT_3D('',#11255,#8723,#8724);
#7330=AXIS2_PLACEMENT_3D('',#11259,#8726,#8727);
#7331=AXIS2_PLACEMENT_3D('',#11261,#8729,#8730);
#7332=AXIS2_PLACEMENT_3D('',#11263,#8731,#8732);
#7333=AXIS2_PLACEMENT_3D('',#11266,#8734,#8735);
#7334=AXIS2_PLACEMENT_3D('',#11267,#8736,#8737);
#7335=AXIS2_PLACEMENT_3D('',#11268,#8738,#8739);
#7336=AXIS2_PLACEMENT_3D('',#11269,#8740,#8741);
#7337=AXIS2_PLACEMENT_3D('',#11270,#8742,#8743);
#7338=AXIS2_PLACEMENT_3D('',#11272,#8744,#8745);
#7339=AXIS2_PLACEMENT_3D('',#11275,#8747,#8748);
#7340=AXIS2_PLACEMENT_3D('',#11276,#8749,#8750);
#7341=AXIS2_PLACEMENT_3D('',#11278,#8751,#8752);
#7342=AXIS2_PLACEMENT_3D('',#11281,#8754,#8755);
#7343=AXIS2_PLACEMENT_3D('',#11282,#8756,#8757);
#7344=AXIS2_PLACEMENT_3D('',#11284,#8758,#8759);
#7345=AXIS2_PLACEMENT_3D('',#11287,#8761,#8762);
#7346=AXIS2_PLACEMENT_3D('',#11288,#8763,#8764);
#7347=AXIS2_PLACEMENT_3D('',#11291,#8765,#8766);
#7348=AXIS2_PLACEMENT_3D('',#11295,#8768,#8769);
#7349=AXIS2_PLACEMENT_3D('',#11297,#8771,#8772);
#7350=AXIS2_PLACEMENT_3D('',#11299,#8773,#8774);
#7351=AXIS2_PLACEMENT_3D('',#11302,#8776,#8777);
#7352=AXIS2_PLACEMENT_3D('',#11303,#8778,#8779);
#7353=AXIS2_PLACEMENT_3D('',#11304,#8780,#8781);
#7354=AXIS2_PLACEMENT_3D('',#11305,#8782,#8783);
#7355=AXIS2_PLACEMENT_3D('',#11306,#8784,#8785);
#7356=AXIS2_PLACEMENT_3D('',#11308,#8786,#8787);
#7357=AXIS2_PLACEMENT_3D('',#11311,#8789,#8790);
#7358=AXIS2_PLACEMENT_3D('',#11312,#8791,#8792);
#7359=AXIS2_PLACEMENT_3D('',#11314,#8793,#8794);
#7360=AXIS2_PLACEMENT_3D('',#11317,#8796,#8797);
#7361=AXIS2_PLACEMENT_3D('',#11318,#8798,#8799);
#7362=AXIS2_PLACEMENT_3D('',#11320,#8800,#8801);
#7363=AXIS2_PLACEMENT_3D('',#11323,#8803,#8804);
#7364=AXIS2_PLACEMENT_3D('',#11324,#8805,#8806);
#7365=AXIS2_PLACEMENT_3D('',#11327,#8807,#8808);
#7366=AXIS2_PLACEMENT_3D('',#11331,#8810,#8811);
#7367=AXIS2_PLACEMENT_3D('',#11333,#8813,#8814);
#7368=AXIS2_PLACEMENT_3D('',#11335,#8815,#8816);
#7369=AXIS2_PLACEMENT_3D('',#11338,#8818,#8819);
#7370=AXIS2_PLACEMENT_3D('',#11339,#8820,#8821);
#7371=AXIS2_PLACEMENT_3D('',#11340,#8822,#8823);
#7372=AXIS2_PLACEMENT_3D('',#11341,#8824,#8825);
#7373=AXIS2_PLACEMENT_3D('',#11342,#8826,#8827);
#7374=AXIS2_PLACEMENT_3D('',#11344,#8828,#8829);
#7375=AXIS2_PLACEMENT_3D('',#11347,#8831,#8832);
#7376=AXIS2_PLACEMENT_3D('',#11348,#8833,#8834);
#7377=AXIS2_PLACEMENT_3D('',#11350,#8835,#8836);
#7378=AXIS2_PLACEMENT_3D('',#11353,#8838,#8839);
#7379=AXIS2_PLACEMENT_3D('',#11354,#8840,#8841);
#7380=AXIS2_PLACEMENT_3D('',#11356,#8842,#8843);
#7381=AXIS2_PLACEMENT_3D('',#11359,#8845,#8846);
#7382=AXIS2_PLACEMENT_3D('',#11360,#8847,#8848);
#7383=AXIS2_PLACEMENT_3D('',#11363,#8849,#8850);
#7384=AXIS2_PLACEMENT_3D('',#11367,#8852,#8853);
#7385=AXIS2_PLACEMENT_3D('',#11369,#8855,#8856);
#7386=AXIS2_PLACEMENT_3D('',#11371,#8857,#8858);
#7387=AXIS2_PLACEMENT_3D('',#11374,#8860,#8861);
#7388=AXIS2_PLACEMENT_3D('',#11375,#8862,#8863);
#7389=AXIS2_PLACEMENT_3D('',#11376,#8864,#8865);
#7390=AXIS2_PLACEMENT_3D('',#11377,#8866,#8867);
#7391=AXIS2_PLACEMENT_3D('',#11378,#8868,#8869);
#7392=AXIS2_PLACEMENT_3D('',#11380,#8870,#8871);
#7393=AXIS2_PLACEMENT_3D('',#11383,#8873,#8874);
#7394=AXIS2_PLACEMENT_3D('',#11384,#8875,#8876);
#7395=AXIS2_PLACEMENT_3D('',#11386,#8877,#8878);
#7396=AXIS2_PLACEMENT_3D('',#11389,#8880,#8881);
#7397=AXIS2_PLACEMENT_3D('',#11390,#8882,#8883);
#7398=AXIS2_PLACEMENT_3D('',#11392,#8884,#8885);
#7399=AXIS2_PLACEMENT_3D('',#11395,#8887,#8888);
#7400=AXIS2_PLACEMENT_3D('',#11396,#8889,#8890);
#7401=AXIS2_PLACEMENT_3D('',#11399,#8891,#8892);
#7402=AXIS2_PLACEMENT_3D('',#11403,#8894,#8895);
#7403=AXIS2_PLACEMENT_3D('',#11405,#8897,#8898);
#7404=AXIS2_PLACEMENT_3D('',#11407,#8899,#8900);
#7405=AXIS2_PLACEMENT_3D('',#11410,#8902,#8903);
#7406=AXIS2_PLACEMENT_3D('',#11411,#8904,#8905);
#7407=AXIS2_PLACEMENT_3D('',#11412,#8906,#8907);
#7408=AXIS2_PLACEMENT_3D('',#11413,#8908,#8909);
#7409=AXIS2_PLACEMENT_3D('',#11414,#8910,#8911);
#7410=AXIS2_PLACEMENT_3D('',#11416,#8912,#8913);
#7411=AXIS2_PLACEMENT_3D('',#11419,#8915,#8916);
#7412=AXIS2_PLACEMENT_3D('',#11420,#8917,#8918);
#7413=AXIS2_PLACEMENT_3D('',#11422,#8919,#8920);
#7414=AXIS2_PLACEMENT_3D('',#11425,#8922,#8923);
#7415=AXIS2_PLACEMENT_3D('',#11426,#8924,#8925);
#7416=AXIS2_PLACEMENT_3D('',#11428,#8926,#8927);
#7417=AXIS2_PLACEMENT_3D('',#11431,#8929,#8930);
#7418=AXIS2_PLACEMENT_3D('',#11432,#8931,#8932);
#7419=AXIS2_PLACEMENT_3D('',#11435,#8933,#8934);
#7420=AXIS2_PLACEMENT_3D('',#11439,#8936,#8937);
#7421=AXIS2_PLACEMENT_3D('',#11441,#8939,#8940);
#7422=AXIS2_PLACEMENT_3D('',#11443,#8941,#8942);
#7423=AXIS2_PLACEMENT_3D('',#11446,#8944,#8945);
#7424=AXIS2_PLACEMENT_3D('',#11447,#8946,#8947);
#7425=AXIS2_PLACEMENT_3D('',#11448,#8948,#8949);
#7426=AXIS2_PLACEMENT_3D('',#11449,#8950,#8951);
#7427=AXIS2_PLACEMENT_3D('',#11450,#8952,#8953);
#7428=AXIS2_PLACEMENT_3D('',#11452,#8954,#8955);
#7429=AXIS2_PLACEMENT_3D('',#11455,#8957,#8958);
#7430=AXIS2_PLACEMENT_3D('',#11456,#8959,#8960);
#7431=AXIS2_PLACEMENT_3D('',#11458,#8961,#8962);
#7432=AXIS2_PLACEMENT_3D('',#11461,#8964,#8965);
#7433=AXIS2_PLACEMENT_3D('',#11462,#8966,#8967);
#7434=AXIS2_PLACEMENT_3D('',#11464,#8968,#8969);
#7435=AXIS2_PLACEMENT_3D('',#11467,#8971,#8972);
#7436=AXIS2_PLACEMENT_3D('',#11468,#8973,#8974);
#7437=AXIS2_PLACEMENT_3D('',#11471,#8975,#8976);
#7438=AXIS2_PLACEMENT_3D('',#11475,#8978,#8979);
#7439=AXIS2_PLACEMENT_3D('',#11477,#8981,#8982);
#7440=AXIS2_PLACEMENT_3D('',#11479,#8983,#8984);
#7441=AXIS2_PLACEMENT_3D('',#11482,#8986,#8987);
#7442=AXIS2_PLACEMENT_3D('',#11483,#8988,#8989);
#7443=AXIS2_PLACEMENT_3D('',#11484,#8990,#8991);
#7444=AXIS2_PLACEMENT_3D('',#11485,#8992,#8993);
#7445=AXIS2_PLACEMENT_3D('',#11486,#8994,#8995);
#7446=AXIS2_PLACEMENT_3D('',#11488,#8996,#8997);
#7447=AXIS2_PLACEMENT_3D('',#11491,#8999,#9000);
#7448=AXIS2_PLACEMENT_3D('',#11492,#9001,#9002);
#7449=AXIS2_PLACEMENT_3D('',#11494,#9003,#9004);
#7450=AXIS2_PLACEMENT_3D('',#11497,#9006,#9007);
#7451=AXIS2_PLACEMENT_3D('',#11498,#9008,#9009);
#7452=AXIS2_PLACEMENT_3D('',#11500,#9010,#9011);
#7453=AXIS2_PLACEMENT_3D('',#11503,#9013,#9014);
#7454=AXIS2_PLACEMENT_3D('',#11504,#9015,#9016);
#7455=AXIS2_PLACEMENT_3D('',#11507,#9017,#9018);
#7456=AXIS2_PLACEMENT_3D('',#11511,#9020,#9021);
#7457=AXIS2_PLACEMENT_3D('',#11513,#9023,#9024);
#7458=AXIS2_PLACEMENT_3D('',#11515,#9025,#9026);
#7459=AXIS2_PLACEMENT_3D('',#11518,#9028,#9029);
#7460=AXIS2_PLACEMENT_3D('',#11519,#9030,#9031);
#7461=AXIS2_PLACEMENT_3D('',#11520,#9032,#9033);
#7462=AXIS2_PLACEMENT_3D('',#11521,#9034,#9035);
#7463=AXIS2_PLACEMENT_3D('',#11522,#9036,#9037);
#7464=AXIS2_PLACEMENT_3D('',#11524,#9038,#9039);
#7465=AXIS2_PLACEMENT_3D('',#11527,#9041,#9042);
#7466=AXIS2_PLACEMENT_3D('',#11528,#9043,#9044);
#7467=AXIS2_PLACEMENT_3D('',#11530,#9045,#9046);
#7468=AXIS2_PLACEMENT_3D('',#11533,#9048,#9049);
#7469=AXIS2_PLACEMENT_3D('',#11534,#9050,#9051);
#7470=AXIS2_PLACEMENT_3D('',#11536,#9052,#9053);
#7471=AXIS2_PLACEMENT_3D('',#11539,#9055,#9056);
#7472=AXIS2_PLACEMENT_3D('',#11540,#9057,#9058);
#7473=AXIS2_PLACEMENT_3D('',#11543,#9059,#9060);
#7474=AXIS2_PLACEMENT_3D('',#11547,#9062,#9063);
#7475=AXIS2_PLACEMENT_3D('',#11549,#9065,#9066);
#7476=AXIS2_PLACEMENT_3D('',#11551,#9067,#9068);
#7477=AXIS2_PLACEMENT_3D('',#11554,#9070,#9071);
#7478=AXIS2_PLACEMENT_3D('',#11555,#9072,#9073);
#7479=AXIS2_PLACEMENT_3D('',#11556,#9074,#9075);
#7480=AXIS2_PLACEMENT_3D('',#11557,#9076,#9077);
#7481=AXIS2_PLACEMENT_3D('',#11558,#9078,#9079);
#7482=AXIS2_PLACEMENT_3D('',#11560,#9080,#9081);
#7483=AXIS2_PLACEMENT_3D('',#11563,#9083,#9084);
#7484=AXIS2_PLACEMENT_3D('',#11564,#9085,#9086);
#7485=AXIS2_PLACEMENT_3D('',#11566,#9087,#9088);
#7486=AXIS2_PLACEMENT_3D('',#11569,#9090,#9091);
#7487=AXIS2_PLACEMENT_3D('',#11570,#9092,#9093);
#7488=AXIS2_PLACEMENT_3D('',#11572,#9094,#9095);
#7489=AXIS2_PLACEMENT_3D('',#11575,#9097,#9098);
#7490=AXIS2_PLACEMENT_3D('',#11576,#9099,#9100);
#7491=AXIS2_PLACEMENT_3D('',#11579,#9101,#9102);
#7492=AXIS2_PLACEMENT_3D('',#11583,#9104,#9105);
#7493=AXIS2_PLACEMENT_3D('',#11585,#9107,#9108);
#7494=AXIS2_PLACEMENT_3D('',#11587,#9109,#9110);
#7495=AXIS2_PLACEMENT_3D('',#11590,#9112,#9113);
#7496=AXIS2_PLACEMENT_3D('',#11591,#9114,#9115);
#7497=AXIS2_PLACEMENT_3D('',#11592,#9116,#9117);
#7498=AXIS2_PLACEMENT_3D('',#11593,#9118,#9119);
#7499=AXIS2_PLACEMENT_3D('',#11594,#9120,#9121);
#7500=AXIS2_PLACEMENT_3D('',#11596,#9122,#9123);
#7501=AXIS2_PLACEMENT_3D('',#11599,#9125,#9126);
#7502=AXIS2_PLACEMENT_3D('',#11600,#9127,#9128);
#7503=AXIS2_PLACEMENT_3D('',#11602,#9129,#9130);
#7504=AXIS2_PLACEMENT_3D('',#11605,#9132,#9133);
#7505=AXIS2_PLACEMENT_3D('',#11606,#9134,#9135);
#7506=AXIS2_PLACEMENT_3D('',#11608,#9136,#9137);
#7507=AXIS2_PLACEMENT_3D('',#11611,#9139,#9140);
#7508=AXIS2_PLACEMENT_3D('',#11612,#9141,#9142);
#7509=AXIS2_PLACEMENT_3D('',#11615,#9143,#9144);
#7510=AXIS2_PLACEMENT_3D('',#11619,#9146,#9147);
#7511=AXIS2_PLACEMENT_3D('',#11621,#9149,#9150);
#7512=AXIS2_PLACEMENT_3D('',#11623,#9151,#9152);
#7513=AXIS2_PLACEMENT_3D('',#11626,#9154,#9155);
#7514=AXIS2_PLACEMENT_3D('',#11627,#9156,#9157);
#7515=AXIS2_PLACEMENT_3D('',#11628,#9158,#9159);
#7516=AXIS2_PLACEMENT_3D('',#11629,#9160,#9161);
#7517=AXIS2_PLACEMENT_3D('',#11630,#9162,#9163);
#7518=AXIS2_PLACEMENT_3D('',#11632,#9164,#9165);
#7519=AXIS2_PLACEMENT_3D('',#11635,#9167,#9168);
#7520=AXIS2_PLACEMENT_3D('',#11636,#9169,#9170);
#7521=AXIS2_PLACEMENT_3D('',#11638,#9171,#9172);
#7522=AXIS2_PLACEMENT_3D('',#11641,#9174,#9175);
#7523=AXIS2_PLACEMENT_3D('',#11642,#9176,#9177);
#7524=AXIS2_PLACEMENT_3D('',#11644,#9178,#9179);
#7525=AXIS2_PLACEMENT_3D('',#11647,#9181,#9182);
#7526=AXIS2_PLACEMENT_3D('',#11648,#9183,#9184);
#7527=AXIS2_PLACEMENT_3D('',#11651,#9185,#9186);
#7528=AXIS2_PLACEMENT_3D('',#11655,#9188,#9189);
#7529=AXIS2_PLACEMENT_3D('',#11657,#9191,#9192);
#7530=AXIS2_PLACEMENT_3D('',#11659,#9193,#9194);
#7531=AXIS2_PLACEMENT_3D('',#11662,#9196,#9197);
#7532=AXIS2_PLACEMENT_3D('',#11663,#9198,#9199);
#7533=AXIS2_PLACEMENT_3D('',#11664,#9200,#9201);
#7534=AXIS2_PLACEMENT_3D('',#11665,#9202,#9203);
#7535=AXIS2_PLACEMENT_3D('',#11666,#9204,#9205);
#7536=AXIS2_PLACEMENT_3D('',#11668,#9206,#9207);
#7537=AXIS2_PLACEMENT_3D('',#11671,#9209,#9210);
#7538=AXIS2_PLACEMENT_3D('',#11672,#9211,#9212);
#7539=AXIS2_PLACEMENT_3D('',#11674,#9213,#9214);
#7540=AXIS2_PLACEMENT_3D('',#11677,#9216,#9217);
#7541=AXIS2_PLACEMENT_3D('',#11678,#9218,#9219);
#7542=AXIS2_PLACEMENT_3D('',#11680,#9220,#9221);
#7543=AXIS2_PLACEMENT_3D('',#11683,#9223,#9224);
#7544=AXIS2_PLACEMENT_3D('',#11684,#9225,#9226);
#7545=AXIS2_PLACEMENT_3D('',#11687,#9227,#9228);
#7546=AXIS2_PLACEMENT_3D('',#11691,#9230,#9231);
#7547=AXIS2_PLACEMENT_3D('',#11693,#9233,#9234);
#7548=AXIS2_PLACEMENT_3D('',#11695,#9235,#9236);
#7549=AXIS2_PLACEMENT_3D('',#11698,#9238,#9239);
#7550=AXIS2_PLACEMENT_3D('',#11699,#9240,#9241);
#7551=AXIS2_PLACEMENT_3D('',#11700,#9242,#9243);
#7552=AXIS2_PLACEMENT_3D('',#11701,#9244,#9245);
#7553=AXIS2_PLACEMENT_3D('',#11702,#9246,#9247);
#7554=AXIS2_PLACEMENT_3D('',#11704,#9248,#9249);
#7555=AXIS2_PLACEMENT_3D('',#11707,#9251,#9252);
#7556=AXIS2_PLACEMENT_3D('',#11708,#9253,#9254);
#7557=AXIS2_PLACEMENT_3D('',#11710,#9255,#9256);
#7558=AXIS2_PLACEMENT_3D('',#11713,#9258,#9259);
#7559=AXIS2_PLACEMENT_3D('',#11714,#9260,#9261);
#7560=AXIS2_PLACEMENT_3D('',#11716,#9262,#9263);
#7561=AXIS2_PLACEMENT_3D('',#11719,#9265,#9266);
#7562=AXIS2_PLACEMENT_3D('',#11720,#9267,#9268);
#7563=AXIS2_PLACEMENT_3D('',#11723,#9269,#9270);
#7564=AXIS2_PLACEMENT_3D('',#11727,#9272,#9273);
#7565=AXIS2_PLACEMENT_3D('',#11729,#9275,#9276);
#7566=AXIS2_PLACEMENT_3D('',#11731,#9277,#9278);
#7567=AXIS2_PLACEMENT_3D('',#11734,#9280,#9281);
#7568=AXIS2_PLACEMENT_3D('',#11735,#9282,#9283);
#7569=AXIS2_PLACEMENT_3D('',#11736,#9284,#9285);
#7570=AXIS2_PLACEMENT_3D('',#11737,#9286,#9287);
#7571=AXIS2_PLACEMENT_3D('',#11738,#9288,#9289);
#7572=AXIS2_PLACEMENT_3D('',#11740,#9290,#9291);
#7573=AXIS2_PLACEMENT_3D('',#11743,#9293,#9294);
#7574=AXIS2_PLACEMENT_3D('',#11744,#9295,#9296);
#7575=AXIS2_PLACEMENT_3D('',#11746,#9297,#9298);
#7576=AXIS2_PLACEMENT_3D('',#11749,#9300,#9301);
#7577=AXIS2_PLACEMENT_3D('',#11750,#9302,#9303);
#7578=AXIS2_PLACEMENT_3D('',#11752,#9304,#9305);
#7579=AXIS2_PLACEMENT_3D('',#11755,#9307,#9308);
#7580=AXIS2_PLACEMENT_3D('',#11756,#9309,#9310);
#7581=AXIS2_PLACEMENT_3D('',#11759,#9311,#9312);
#7582=AXIS2_PLACEMENT_3D('',#11763,#9314,#9315);
#7583=AXIS2_PLACEMENT_3D('',#11765,#9317,#9318);
#7584=AXIS2_PLACEMENT_3D('',#11767,#9319,#9320);
#7585=AXIS2_PLACEMENT_3D('',#11770,#9322,#9323);
#7586=AXIS2_PLACEMENT_3D('',#11771,#9324,#9325);
#7587=AXIS2_PLACEMENT_3D('',#11772,#9326,#9327);
#7588=AXIS2_PLACEMENT_3D('',#11773,#9328,#9329);
#7589=AXIS2_PLACEMENT_3D('',#11774,#9330,#9331);
#7590=AXIS2_PLACEMENT_3D('',#11776,#9332,#9333);
#7591=AXIS2_PLACEMENT_3D('',#11779,#9335,#9336);
#7592=AXIS2_PLACEMENT_3D('',#11780,#9337,#9338);
#7593=AXIS2_PLACEMENT_3D('',#11782,#9339,#9340);
#7594=AXIS2_PLACEMENT_3D('',#11785,#9342,#9343);
#7595=AXIS2_PLACEMENT_3D('',#11786,#9344,#9345);
#7596=AXIS2_PLACEMENT_3D('',#11788,#9346,#9347);
#7597=AXIS2_PLACEMENT_3D('',#11791,#9349,#9350);
#7598=AXIS2_PLACEMENT_3D('',#11792,#9351,#9352);
#7599=AXIS2_PLACEMENT_3D('',#11795,#9353,#9354);
#7600=AXIS2_PLACEMENT_3D('',#11799,#9356,#9357);
#7601=AXIS2_PLACEMENT_3D('',#11801,#9359,#9360);
#7602=AXIS2_PLACEMENT_3D('',#11803,#9361,#9362);
#7603=AXIS2_PLACEMENT_3D('',#11806,#9364,#9365);
#7604=AXIS2_PLACEMENT_3D('',#11807,#9366,#9367);
#7605=AXIS2_PLACEMENT_3D('',#11808,#9368,#9369);
#7606=AXIS2_PLACEMENT_3D('',#11809,#9370,#9371);
#7607=AXIS2_PLACEMENT_3D('',#11810,#9372,#9373);
#7608=AXIS2_PLACEMENT_3D('',#11812,#9374,#9375);
#7609=AXIS2_PLACEMENT_3D('',#11815,#9377,#9378);
#7610=AXIS2_PLACEMENT_3D('',#11816,#9379,#9380);
#7611=AXIS2_PLACEMENT_3D('',#11818,#9381,#9382);
#7612=AXIS2_PLACEMENT_3D('',#11821,#9384,#9385);
#7613=AXIS2_PLACEMENT_3D('',#11822,#9386,#9387);
#7614=AXIS2_PLACEMENT_3D('',#11824,#9388,#9389);
#7615=AXIS2_PLACEMENT_3D('',#11827,#9391,#9392);
#7616=AXIS2_PLACEMENT_3D('',#11828,#9393,#9394);
#7617=AXIS2_PLACEMENT_3D('',#11831,#9395,#9396);
#7618=AXIS2_PLACEMENT_3D('',#11835,#9398,#9399);
#7619=AXIS2_PLACEMENT_3D('',#11837,#9401,#9402);
#7620=AXIS2_PLACEMENT_3D('',#11839,#9403,#9404);
#7621=AXIS2_PLACEMENT_3D('',#11842,#9406,#9407);
#7622=AXIS2_PLACEMENT_3D('',#11843,#9408,#9409);
#7623=AXIS2_PLACEMENT_3D('',#11844,#9410,#9411);
#7624=AXIS2_PLACEMENT_3D('',#11845,#9412,#9413);
#7625=AXIS2_PLACEMENT_3D('',#11846,#9414,#9415);
#7626=AXIS2_PLACEMENT_3D('',#11848,#9416,#9417);
#7627=AXIS2_PLACEMENT_3D('',#11851,#9419,#9420);
#7628=AXIS2_PLACEMENT_3D('',#11852,#9421,#9422);
#7629=AXIS2_PLACEMENT_3D('',#11854,#9423,#9424);
#7630=AXIS2_PLACEMENT_3D('',#11857,#9426,#9427);
#7631=AXIS2_PLACEMENT_3D('',#11858,#9428,#9429);
#7632=AXIS2_PLACEMENT_3D('',#11860,#9430,#9431);
#7633=AXIS2_PLACEMENT_3D('',#11863,#9433,#9434);
#7634=AXIS2_PLACEMENT_3D('',#11864,#9435,#9436);
#7635=AXIS2_PLACEMENT_3D('',#11867,#9437,#9438);
#7636=AXIS2_PLACEMENT_3D('',#11871,#9440,#9441);
#7637=AXIS2_PLACEMENT_3D('',#11873,#9443,#9444);
#7638=AXIS2_PLACEMENT_3D('',#11875,#9445,#9446);
#7639=AXIS2_PLACEMENT_3D('',#11878,#9448,#9449);
#7640=AXIS2_PLACEMENT_3D('',#11879,#9450,#9451);
#7641=AXIS2_PLACEMENT_3D('',#11880,#9452,#9453);
#7642=AXIS2_PLACEMENT_3D('',#11881,#9454,#9455);
#7643=AXIS2_PLACEMENT_3D('',#11882,#9456,#9457);
#7644=AXIS2_PLACEMENT_3D('',#11884,#9458,#9459);
#7645=AXIS2_PLACEMENT_3D('',#11887,#9461,#9462);
#7646=AXIS2_PLACEMENT_3D('',#11888,#9463,#9464);
#7647=AXIS2_PLACEMENT_3D('',#11890,#9465,#9466);
#7648=AXIS2_PLACEMENT_3D('',#11893,#9468,#9469);
#7649=AXIS2_PLACEMENT_3D('',#11894,#9470,#9471);
#7650=AXIS2_PLACEMENT_3D('',#11896,#9472,#9473);
#7651=AXIS2_PLACEMENT_3D('',#11899,#9475,#9476);
#7652=AXIS2_PLACEMENT_3D('',#11900,#9477,#9478);
#7653=AXIS2_PLACEMENT_3D('',#11903,#9479,#9480);
#7654=AXIS2_PLACEMENT_3D('',#11907,#9482,#9483);
#7655=AXIS2_PLACEMENT_3D('',#11909,#9485,#9486);
#7656=AXIS2_PLACEMENT_3D('',#11911,#9487,#9488);
#7657=AXIS2_PLACEMENT_3D('',#11914,#9490,#9491);
#7658=AXIS2_PLACEMENT_3D('',#11915,#9492,#9493);
#7659=AXIS2_PLACEMENT_3D('',#11916,#9494,#9495);
#7660=AXIS2_PLACEMENT_3D('',#11917,#9496,#9497);
#7661=AXIS2_PLACEMENT_3D('',#11918,#9498,#9499);
#7662=AXIS2_PLACEMENT_3D('',#11920,#9500,#9501);
#7663=AXIS2_PLACEMENT_3D('',#11923,#9503,#9504);
#7664=AXIS2_PLACEMENT_3D('',#11924,#9505,#9506);
#7665=AXIS2_PLACEMENT_3D('',#11926,#9507,#9508);
#7666=AXIS2_PLACEMENT_3D('',#11929,#9510,#9511);
#7667=AXIS2_PLACEMENT_3D('',#11930,#9512,#9513);
#7668=AXIS2_PLACEMENT_3D('',#11932,#9514,#9515);
#7669=AXIS2_PLACEMENT_3D('',#11935,#9517,#9518);
#7670=AXIS2_PLACEMENT_3D('',#11936,#9519,#9520);
#7671=AXIS2_PLACEMENT_3D('',#11939,#9521,#9522);
#7672=AXIS2_PLACEMENT_3D('',#11943,#9524,#9525);
#7673=AXIS2_PLACEMENT_3D('',#11945,#9527,#9528);
#7674=AXIS2_PLACEMENT_3D('',#11947,#9529,#9530);
#7675=AXIS2_PLACEMENT_3D('',#11950,#9532,#9533);
#7676=AXIS2_PLACEMENT_3D('',#11951,#9534,#9535);
#7677=AXIS2_PLACEMENT_3D('',#11952,#9536,#9537);
#7678=AXIS2_PLACEMENT_3D('',#11953,#9538,#9539);
#7679=AXIS2_PLACEMENT_3D('',#11954,#9540,#9541);
#7680=AXIS2_PLACEMENT_3D('',#11956,#9542,#9543);
#7681=AXIS2_PLACEMENT_3D('',#11959,#9545,#9546);
#7682=AXIS2_PLACEMENT_3D('',#11960,#9547,#9548);
#7683=AXIS2_PLACEMENT_3D('',#11962,#9549,#9550);
#7684=AXIS2_PLACEMENT_3D('',#11965,#9552,#9553);
#7685=AXIS2_PLACEMENT_3D('',#11966,#9554,#9555);
#7686=AXIS2_PLACEMENT_3D('',#11968,#9556,#9557);
#7687=AXIS2_PLACEMENT_3D('',#11971,#9559,#9560);
#7688=AXIS2_PLACEMENT_3D('',#11972,#9561,#9562);
#7689=AXIS2_PLACEMENT_3D('',#11975,#9563,#9564);
#7690=AXIS2_PLACEMENT_3D('',#11979,#9566,#9567);
#7691=AXIS2_PLACEMENT_3D('',#11981,#9569,#9570);
#7692=AXIS2_PLACEMENT_3D('',#11983,#9571,#9572);
#7693=AXIS2_PLACEMENT_3D('',#11986,#9574,#9575);
#7694=AXIS2_PLACEMENT_3D('',#11987,#9576,#9577);
#7695=AXIS2_PLACEMENT_3D('',#11988,#9578,#9579);
#7696=AXIS2_PLACEMENT_3D('',#11989,#9580,#9581);
#7697=AXIS2_PLACEMENT_3D('',#11990,#9582,#9583);
#7698=AXIS2_PLACEMENT_3D('',#11992,#9584,#9585);
#7699=AXIS2_PLACEMENT_3D('',#11995,#9587,#9588);
#7700=AXIS2_PLACEMENT_3D('',#11996,#9589,#9590);
#7701=AXIS2_PLACEMENT_3D('',#11998,#9591,#9592);
#7702=AXIS2_PLACEMENT_3D('',#12001,#9594,#9595);
#7703=AXIS2_PLACEMENT_3D('',#12002,#9596,#9597);
#7704=AXIS2_PLACEMENT_3D('',#12004,#9598,#9599);
#7705=AXIS2_PLACEMENT_3D('',#12007,#9601,#9602);
#7706=AXIS2_PLACEMENT_3D('',#12008,#9603,#9604);
#7707=AXIS2_PLACEMENT_3D('',#12011,#9605,#9606);
#7708=AXIS2_PLACEMENT_3D('',#12015,#9608,#9609);
#7709=AXIS2_PLACEMENT_3D('',#12017,#9611,#9612);
#7710=AXIS2_PLACEMENT_3D('',#12019,#9613,#9614);
#7711=AXIS2_PLACEMENT_3D('',#12022,#9616,#9617);
#7712=AXIS2_PLACEMENT_3D('',#12023,#9618,#9619);
#7713=AXIS2_PLACEMENT_3D('',#12024,#9620,#9621);
#7714=AXIS2_PLACEMENT_3D('',#12025,#9622,#9623);
#7715=AXIS2_PLACEMENT_3D('',#12026,#9624,#9625);
#7716=AXIS2_PLACEMENT_3D('',#12028,#9626,#9627);
#7717=AXIS2_PLACEMENT_3D('',#12031,#9629,#9630);
#7718=AXIS2_PLACEMENT_3D('',#12032,#9631,#9632);
#7719=AXIS2_PLACEMENT_3D('',#12034,#9633,#9634);
#7720=AXIS2_PLACEMENT_3D('',#12037,#9636,#9637);
#7721=AXIS2_PLACEMENT_3D('',#12038,#9638,#9639);
#7722=AXIS2_PLACEMENT_3D('',#12040,#9640,#9641);
#7723=AXIS2_PLACEMENT_3D('',#12043,#9643,#9644);
#7724=AXIS2_PLACEMENT_3D('',#12044,#9645,#9646);
#7725=AXIS2_PLACEMENT_3D('',#12047,#9647,#9648);
#7726=AXIS2_PLACEMENT_3D('',#12051,#9650,#9651);
#7727=AXIS2_PLACEMENT_3D('',#12053,#9653,#9654);
#7728=AXIS2_PLACEMENT_3D('',#12055,#9655,#9656);
#7729=AXIS2_PLACEMENT_3D('',#12058,#9658,#9659);
#7730=AXIS2_PLACEMENT_3D('',#12059,#9660,#9661);
#7731=AXIS2_PLACEMENT_3D('',#12060,#9662,#9663);
#7732=AXIS2_PLACEMENT_3D('',#12061,#9664,#9665);
#7733=AXIS2_PLACEMENT_3D('',#12062,#9666,#9667);
#7734=AXIS2_PLACEMENT_3D('',#12064,#9668,#9669);
#7735=AXIS2_PLACEMENT_3D('',#12067,#9671,#9672);
#7736=AXIS2_PLACEMENT_3D('',#12068,#9673,#9674);
#7737=AXIS2_PLACEMENT_3D('',#12070,#9675,#9676);
#7738=AXIS2_PLACEMENT_3D('',#12073,#9678,#9679);
#7739=AXIS2_PLACEMENT_3D('',#12074,#9680,#9681);
#7740=AXIS2_PLACEMENT_3D('',#12076,#9682,#9683);
#7741=AXIS2_PLACEMENT_3D('',#12079,#9685,#9686);
#7742=AXIS2_PLACEMENT_3D('',#12080,#9687,#9688);
#7743=AXIS2_PLACEMENT_3D('',#12083,#9689,#9690);
#7744=AXIS2_PLACEMENT_3D('',#12087,#9692,#9693);
#7745=AXIS2_PLACEMENT_3D('',#12089,#9695,#9696);
#7746=AXIS2_PLACEMENT_3D('',#12091,#9697,#9698);
#7747=AXIS2_PLACEMENT_3D('',#12094,#9700,#9701);
#7748=AXIS2_PLACEMENT_3D('',#12095,#9702,#9703);
#7749=AXIS2_PLACEMENT_3D('',#12096,#9704,#9705);
#7750=AXIS2_PLACEMENT_3D('',#12097,#9706,#9707);
#7751=AXIS2_PLACEMENT_3D('',#12098,#9708,#9709);
#7752=AXIS2_PLACEMENT_3D('',#12100,#9710,#9711);
#7753=AXIS2_PLACEMENT_3D('',#12103,#9713,#9714);
#7754=AXIS2_PLACEMENT_3D('',#12104,#9715,#9716);
#7755=AXIS2_PLACEMENT_3D('',#12106,#9717,#9718);
#7756=AXIS2_PLACEMENT_3D('',#12109,#9720,#9721);
#7757=AXIS2_PLACEMENT_3D('',#12110,#9722,#9723);
#7758=AXIS2_PLACEMENT_3D('',#12112,#9724,#9725);
#7759=AXIS2_PLACEMENT_3D('',#12115,#9727,#9728);
#7760=AXIS2_PLACEMENT_3D('',#12116,#9729,#9730);
#7761=AXIS2_PLACEMENT_3D('',#12119,#9731,#9732);
#7762=AXIS2_PLACEMENT_3D('',#12123,#9734,#9735);
#7763=AXIS2_PLACEMENT_3D('',#12125,#9737,#9738);
#7764=AXIS2_PLACEMENT_3D('',#12127,#9739,#9740);
#7765=AXIS2_PLACEMENT_3D('',#12130,#9742,#9743);
#7766=AXIS2_PLACEMENT_3D('',#12131,#9744,#9745);
#7767=AXIS2_PLACEMENT_3D('',#12132,#9746,#9747);
#7768=AXIS2_PLACEMENT_3D('',#12133,#9748,#9749);
#7769=AXIS2_PLACEMENT_3D('',#12134,#9750,#9751);
#7770=AXIS2_PLACEMENT_3D('',#12136,#9752,#9753);
#7771=AXIS2_PLACEMENT_3D('',#12139,#9755,#9756);
#7772=AXIS2_PLACEMENT_3D('',#12140,#9757,#9758);
#7773=AXIS2_PLACEMENT_3D('',#12142,#9759,#9760);
#7774=AXIS2_PLACEMENT_3D('',#12145,#9762,#9763);
#7775=AXIS2_PLACEMENT_3D('',#12146,#9764,#9765);
#7776=AXIS2_PLACEMENT_3D('',#12148,#9766,#9767);
#7777=AXIS2_PLACEMENT_3D('',#12151,#9769,#9770);
#7778=AXIS2_PLACEMENT_3D('',#12152,#9771,#9772);
#7779=AXIS2_PLACEMENT_3D('',#12155,#9773,#9774);
#7780=AXIS2_PLACEMENT_3D('',#12159,#9776,#9777);
#7781=AXIS2_PLACEMENT_3D('',#12161,#9779,#9780);
#7782=AXIS2_PLACEMENT_3D('',#12163,#9781,#9782);
#7783=AXIS2_PLACEMENT_3D('',#12166,#9784,#9785);
#7784=AXIS2_PLACEMENT_3D('',#12167,#9786,#9787);
#7785=AXIS2_PLACEMENT_3D('',#12168,#9788,#9789);
#7786=AXIS2_PLACEMENT_3D('',#12169,#9790,#9791);
#7787=AXIS2_PLACEMENT_3D('',#12170,#9792,#9793);
#7788=AXIS2_PLACEMENT_3D('',#12172,#9794,#9795);
#7789=AXIS2_PLACEMENT_3D('',#12175,#9797,#9798);
#7790=AXIS2_PLACEMENT_3D('',#12176,#9799,#9800);
#7791=AXIS2_PLACEMENT_3D('',#12178,#9801,#9802);
#7792=AXIS2_PLACEMENT_3D('',#12181,#9804,#9805);
#7793=AXIS2_PLACEMENT_3D('',#12182,#9806,#9807);
#7794=AXIS2_PLACEMENT_3D('',#12184,#9808,#9809);
#7795=AXIS2_PLACEMENT_3D('',#12187,#9811,#9812);
#7796=AXIS2_PLACEMENT_3D('',#12188,#9813,#9814);
#7797=AXIS2_PLACEMENT_3D('',#12191,#9815,#9816);
#7798=AXIS2_PLACEMENT_3D('',#12195,#9818,#9819);
#7799=AXIS2_PLACEMENT_3D('',#12197,#9821,#9822);
#7800=AXIS2_PLACEMENT_3D('',#12199,#9823,#9824);
#7801=AXIS2_PLACEMENT_3D('',#12202,#9826,#9827);
#7802=AXIS2_PLACEMENT_3D('',#12203,#9828,#9829);
#7803=AXIS2_PLACEMENT_3D('',#12204,#9830,#9831);
#7804=AXIS2_PLACEMENT_3D('',#12205,#9832,#9833);
#7805=AXIS2_PLACEMENT_3D('',#12206,#9834,#9835);
#7806=AXIS2_PLACEMENT_3D('',#12208,#9836,#9837);
#7807=AXIS2_PLACEMENT_3D('',#12211,#9839,#9840);
#7808=AXIS2_PLACEMENT_3D('',#12212,#9841,#9842);
#7809=AXIS2_PLACEMENT_3D('',#12214,#9843,#9844);
#7810=AXIS2_PLACEMENT_3D('',#12217,#9846,#9847);
#7811=AXIS2_PLACEMENT_3D('',#12218,#9848,#9849);
#7812=AXIS2_PLACEMENT_3D('',#12220,#9850,#9851);
#7813=AXIS2_PLACEMENT_3D('',#12223,#9853,#9854);
#7814=AXIS2_PLACEMENT_3D('',#12224,#9855,#9856);
#7815=AXIS2_PLACEMENT_3D('',#12227,#9857,#9858);
#7816=AXIS2_PLACEMENT_3D('',#12231,#9860,#9861);
#7817=AXIS2_PLACEMENT_3D('',#12233,#9863,#9864);
#7818=AXIS2_PLACEMENT_3D('',#12235,#9865,#9866);
#7819=AXIS2_PLACEMENT_3D('',#12238,#9868,#9869);
#7820=AXIS2_PLACEMENT_3D('',#12239,#9870,#9871);
#7821=AXIS2_PLACEMENT_3D('',#12240,#9872,#9873);
#7822=AXIS2_PLACEMENT_3D('',#12241,#9874,#9875);
#7823=AXIS2_PLACEMENT_3D('',#12242,#9876,#9877);
#7824=AXIS2_PLACEMENT_3D('',#12244,#9878,#9879);
#7825=AXIS2_PLACEMENT_3D('',#12247,#9881,#9882);
#7826=AXIS2_PLACEMENT_3D('',#12248,#9883,#9884);
#7827=AXIS2_PLACEMENT_3D('',#12250,#9885,#9886);
#7828=AXIS2_PLACEMENT_3D('',#12253,#9888,#9889);
#7829=AXIS2_PLACEMENT_3D('',#12254,#9890,#9891);
#7830=AXIS2_PLACEMENT_3D('',#12256,#9892,#9893);
#7831=AXIS2_PLACEMENT_3D('',#12259,#9895,#9896);
#7832=AXIS2_PLACEMENT_3D('',#12260,#9897,#9898);
#7833=AXIS2_PLACEMENT_3D('',#12263,#9899,#9900);
#7834=AXIS2_PLACEMENT_3D('',#12267,#9902,#9903);
#7835=AXIS2_PLACEMENT_3D('',#12269,#9905,#9906);
#7836=AXIS2_PLACEMENT_3D('',#12271,#9907,#9908);
#7837=AXIS2_PLACEMENT_3D('',#12274,#9910,#9911);
#7838=AXIS2_PLACEMENT_3D('',#12275,#9912,#9913);
#7839=AXIS2_PLACEMENT_3D('',#12276,#9914,#9915);
#7840=AXIS2_PLACEMENT_3D('',#12277,#9916,#9917);
#7841=AXIS2_PLACEMENT_3D('',#12278,#9918,#9919);
#7842=AXIS2_PLACEMENT_3D('',#12280,#9920,#9921);
#7843=AXIS2_PLACEMENT_3D('',#12283,#9923,#9924);
#7844=AXIS2_PLACEMENT_3D('',#12284,#9925,#9926);
#7845=AXIS2_PLACEMENT_3D('',#12286,#9927,#9928);
#7846=AXIS2_PLACEMENT_3D('',#12289,#9930,#9931);
#7847=AXIS2_PLACEMENT_3D('',#12290,#9932,#9933);
#7848=AXIS2_PLACEMENT_3D('',#12292,#9934,#9935);
#7849=AXIS2_PLACEMENT_3D('',#12295,#9937,#9938);
#7850=AXIS2_PLACEMENT_3D('',#12296,#9939,#9940);
#7851=AXIS2_PLACEMENT_3D('',#12299,#9941,#9942);
#7852=AXIS2_PLACEMENT_3D('',#12303,#9944,#9945);
#7853=AXIS2_PLACEMENT_3D('',#12305,#9947,#9948);
#7854=AXIS2_PLACEMENT_3D('',#12307,#9949,#9950);
#7855=AXIS2_PLACEMENT_3D('',#12310,#9952,#9953);
#7856=AXIS2_PLACEMENT_3D('',#12311,#9954,#9955);
#7857=AXIS2_PLACEMENT_3D('',#12312,#9956,#9957);
#7858=AXIS2_PLACEMENT_3D('',#12313,#9958,#9959);
#7859=AXIS2_PLACEMENT_3D('',#12314,#9960,#9961);
#7860=AXIS2_PLACEMENT_3D('',#12316,#9962,#9963);
#7861=AXIS2_PLACEMENT_3D('',#12319,#9965,#9966);
#7862=AXIS2_PLACEMENT_3D('',#12320,#9967,#9968);
#7863=AXIS2_PLACEMENT_3D('',#12322,#9969,#9970);
#7864=AXIS2_PLACEMENT_3D('',#12325,#9972,#9973);
#7865=AXIS2_PLACEMENT_3D('',#12326,#9974,#9975);
#7866=AXIS2_PLACEMENT_3D('',#12328,#9976,#9977);
#7867=AXIS2_PLACEMENT_3D('',#12331,#9979,#9980);
#7868=AXIS2_PLACEMENT_3D('',#12332,#9981,#9982);
#7869=AXIS2_PLACEMENT_3D('',#12335,#9983,#9984);
#7870=AXIS2_PLACEMENT_3D('',#12339,#9986,#9987);
#7871=AXIS2_PLACEMENT_3D('',#12341,#9989,#9990);
#7872=AXIS2_PLACEMENT_3D('',#12343,#9991,#9992);
#7873=AXIS2_PLACEMENT_3D('',#12346,#9994,#9995);
#7874=AXIS2_PLACEMENT_3D('',#12347,#9996,#9997);
#7875=AXIS2_PLACEMENT_3D('',#12348,#9998,#9999);
#7876=AXIS2_PLACEMENT_3D('',#12349,#10000,#10001);
#7877=AXIS2_PLACEMENT_3D('',#12350,#10002,#10003);
#7878=AXIS2_PLACEMENT_3D('',#12352,#10004,#10005);
#7879=AXIS2_PLACEMENT_3D('',#12355,#10007,#10008);
#7880=AXIS2_PLACEMENT_3D('',#12356,#10009,#10010);
#7881=AXIS2_PLACEMENT_3D('',#12358,#10011,#10012);
#7882=AXIS2_PLACEMENT_3D('',#12361,#10014,#10015);
#7883=AXIS2_PLACEMENT_3D('',#12362,#10016,#10017);
#7884=AXIS2_PLACEMENT_3D('',#12364,#10018,#10019);
#7885=AXIS2_PLACEMENT_3D('',#12367,#10021,#10022);
#7886=AXIS2_PLACEMENT_3D('',#12368,#10023,#10024);
#7887=AXIS2_PLACEMENT_3D('',#12371,#10025,#10026);
#7888=AXIS2_PLACEMENT_3D('',#12375,#10028,#10029);
#7889=AXIS2_PLACEMENT_3D('',#12377,#10031,#10032);
#7890=AXIS2_PLACEMENT_3D('',#12379,#10033,#10034);
#7891=AXIS2_PLACEMENT_3D('',#12382,#10036,#10037);
#7892=AXIS2_PLACEMENT_3D('',#12383,#10038,#10039);
#7893=AXIS2_PLACEMENT_3D('',#12384,#10040,#10041);
#7894=AXIS2_PLACEMENT_3D('',#12385,#10042,#10043);
#7895=AXIS2_PLACEMENT_3D('',#12386,#10044,#10045);
#7896=AXIS2_PLACEMENT_3D('',#12388,#10046,#10047);
#7897=AXIS2_PLACEMENT_3D('',#12391,#10049,#10050);
#7898=AXIS2_PLACEMENT_3D('',#12392,#10051,#10052);
#7899=AXIS2_PLACEMENT_3D('',#12394,#10053,#10054);
#7900=AXIS2_PLACEMENT_3D('',#12397,#10056,#10057);
#7901=AXIS2_PLACEMENT_3D('',#12398,#10058,#10059);
#7902=AXIS2_PLACEMENT_3D('',#12400,#10060,#10061);
#7903=AXIS2_PLACEMENT_3D('',#12403,#10063,#10064);
#7904=AXIS2_PLACEMENT_3D('',#12404,#10065,#10066);
#7905=AXIS2_PLACEMENT_3D('',#12407,#10067,#10068);
#7906=AXIS2_PLACEMENT_3D('',#12411,#10070,#10071);
#7907=AXIS2_PLACEMENT_3D('',#12413,#10073,#10074);
#7908=AXIS2_PLACEMENT_3D('',#12415,#10075,#10076);
#7909=AXIS2_PLACEMENT_3D('',#12418,#10078,#10079);
#7910=AXIS2_PLACEMENT_3D('',#12419,#10080,#10081);
#7911=AXIS2_PLACEMENT_3D('',#12420,#10082,#10083);
#7912=AXIS2_PLACEMENT_3D('',#12421,#10084,#10085);
#7913=AXIS2_PLACEMENT_3D('',#12422,#10086,#10087);
#7914=AXIS2_PLACEMENT_3D('',#12424,#10088,#10089);
#7915=AXIS2_PLACEMENT_3D('',#12427,#10091,#10092);
#7916=AXIS2_PLACEMENT_3D('',#12428,#10093,#10094);
#7917=AXIS2_PLACEMENT_3D('',#12430,#10095,#10096);
#7918=AXIS2_PLACEMENT_3D('',#12433,#10098,#10099);
#7919=AXIS2_PLACEMENT_3D('',#12434,#10100,#10101);
#7920=AXIS2_PLACEMENT_3D('',#12436,#10102,#10103);
#7921=AXIS2_PLACEMENT_3D('',#12439,#10105,#10106);
#7922=AXIS2_PLACEMENT_3D('',#12440,#10107,#10108);
#7923=AXIS2_PLACEMENT_3D('',#12443,#10109,#10110);
#7924=AXIS2_PLACEMENT_3D('',#12447,#10112,#10113);
#7925=AXIS2_PLACEMENT_3D('',#12449,#10115,#10116);
#7926=AXIS2_PLACEMENT_3D('',#12451,#10117,#10118);
#7927=AXIS2_PLACEMENT_3D('',#12454,#10120,#10121);
#7928=AXIS2_PLACEMENT_3D('',#12455,#10122,#10123);
#7929=AXIS2_PLACEMENT_3D('',#12456,#10124,#10125);
#7930=AXIS2_PLACEMENT_3D('',#12457,#10126,#10127);
#7931=AXIS2_PLACEMENT_3D('',#12458,#10128,#10129);
#7932=AXIS2_PLACEMENT_3D('',#12460,#10130,#10131);
#7933=AXIS2_PLACEMENT_3D('',#12463,#10133,#10134);
#7934=AXIS2_PLACEMENT_3D('',#12464,#10135,#10136);
#7935=AXIS2_PLACEMENT_3D('',#12466,#10137,#10138);
#7936=AXIS2_PLACEMENT_3D('',#12469,#10140,#10141);
#7937=AXIS2_PLACEMENT_3D('',#12470,#10142,#10143);
#7938=AXIS2_PLACEMENT_3D('',#12472,#10144,#10145);
#7939=AXIS2_PLACEMENT_3D('',#12475,#10147,#10148);
#7940=AXIS2_PLACEMENT_3D('',#12476,#10149,#10150);
#7941=AXIS2_PLACEMENT_3D('',#12479,#10151,#10152);
#7942=AXIS2_PLACEMENT_3D('',#12483,#10154,#10155);
#7943=AXIS2_PLACEMENT_3D('',#12485,#10157,#10158);
#7944=AXIS2_PLACEMENT_3D('',#12487,#10159,#10160);
#7945=AXIS2_PLACEMENT_3D('',#12490,#10162,#10163);
#7946=AXIS2_PLACEMENT_3D('',#12491,#10164,#10165);
#7947=AXIS2_PLACEMENT_3D('',#12492,#10166,#10167);
#7948=AXIS2_PLACEMENT_3D('',#12493,#10168,#10169);
#7949=AXIS2_PLACEMENT_3D('',#12494,#10170,#10171);
#7950=AXIS2_PLACEMENT_3D('',#12496,#10172,#10173);
#7951=AXIS2_PLACEMENT_3D('',#12499,#10175,#10176);
#7952=AXIS2_PLACEMENT_3D('',#12500,#10177,#10178);
#7953=AXIS2_PLACEMENT_3D('',#12502,#10179,#10180);
#7954=AXIS2_PLACEMENT_3D('',#12505,#10182,#10183);
#7955=AXIS2_PLACEMENT_3D('',#12506,#10184,#10185);
#7956=AXIS2_PLACEMENT_3D('',#12508,#10186,#10187);
#7957=AXIS2_PLACEMENT_3D('',#12511,#10189,#10190);
#7958=AXIS2_PLACEMENT_3D('',#12512,#10191,#10192);
#7959=AXIS2_PLACEMENT_3D('',#12515,#10193,#10194);
#7960=AXIS2_PLACEMENT_3D('',#12519,#10196,#10197);
#7961=AXIS2_PLACEMENT_3D('',#12521,#10199,#10200);
#7962=AXIS2_PLACEMENT_3D('',#12523,#10201,#10202);
#7963=AXIS2_PLACEMENT_3D('',#12526,#10204,#10205);
#7964=AXIS2_PLACEMENT_3D('',#12527,#10206,#10207);
#7965=AXIS2_PLACEMENT_3D('',#12528,#10208,#10209);
#7966=AXIS2_PLACEMENT_3D('',#12529,#10210,#10211);
#7967=AXIS2_PLACEMENT_3D('',#12530,#10212,#10213);
#7968=AXIS2_PLACEMENT_3D('',#12532,#10214,#10215);
#7969=AXIS2_PLACEMENT_3D('',#12535,#10217,#10218);
#7970=AXIS2_PLACEMENT_3D('',#12536,#10219,#10220);
#7971=AXIS2_PLACEMENT_3D('',#12538,#10221,#10222);
#7972=AXIS2_PLACEMENT_3D('',#12541,#10224,#10225);
#7973=AXIS2_PLACEMENT_3D('',#12542,#10226,#10227);
#7974=AXIS2_PLACEMENT_3D('',#12544,#10228,#10229);
#7975=AXIS2_PLACEMENT_3D('',#12547,#10231,#10232);
#7976=AXIS2_PLACEMENT_3D('',#12548,#10233,#10234);
#7977=AXIS2_PLACEMENT_3D('',#12551,#10235,#10236);
#7978=AXIS2_PLACEMENT_3D('',#12555,#10238,#10239);
#7979=AXIS2_PLACEMENT_3D('',#12557,#10241,#10242);
#7980=AXIS2_PLACEMENT_3D('',#12559,#10243,#10244);
#7981=AXIS2_PLACEMENT_3D('',#12562,#10246,#10247);
#7982=AXIS2_PLACEMENT_3D('',#12563,#10248,#10249);
#7983=AXIS2_PLACEMENT_3D('',#12564,#10250,#10251);
#7984=AXIS2_PLACEMENT_3D('',#12565,#10252,#10253);
#7985=AXIS2_PLACEMENT_3D('',#12566,#10254,#10255);
#7986=AXIS2_PLACEMENT_3D('',#12568,#10256,#10257);
#7987=AXIS2_PLACEMENT_3D('',#12571,#10259,#10260);
#7988=AXIS2_PLACEMENT_3D('',#12572,#10261,#10262);
#7989=AXIS2_PLACEMENT_3D('',#12574,#10263,#10264);
#7990=AXIS2_PLACEMENT_3D('',#12577,#10266,#10267);
#7991=AXIS2_PLACEMENT_3D('',#12578,#10268,#10269);
#7992=AXIS2_PLACEMENT_3D('',#12580,#10270,#10271);
#7993=AXIS2_PLACEMENT_3D('',#12583,#10273,#10274);
#7994=AXIS2_PLACEMENT_3D('',#12584,#10275,#10276);
#7995=AXIS2_PLACEMENT_3D('',#12587,#10277,#10278);
#7996=AXIS2_PLACEMENT_3D('',#12591,#10280,#10281);
#7997=AXIS2_PLACEMENT_3D('',#12593,#10283,#10284);
#7998=AXIS2_PLACEMENT_3D('',#12595,#10285,#10286);
#7999=AXIS2_PLACEMENT_3D('',#12598,#10288,#10289);
#8000=AXIS2_PLACEMENT_3D('',#12599,#10290,#10291);
#8001=AXIS2_PLACEMENT_3D('',#12600,#10292,#10293);
#8002=AXIS2_PLACEMENT_3D('',#12601,#10294,#10295);
#8003=AXIS2_PLACEMENT_3D('',#12602,#10296,#10297);
#8004=AXIS2_PLACEMENT_3D('',#12604,#10298,#10299);
#8005=AXIS2_PLACEMENT_3D('',#12607,#10301,#10302);
#8006=AXIS2_PLACEMENT_3D('',#12608,#10303,#10304);
#8007=AXIS2_PLACEMENT_3D('',#12610,#10305,#10306);
#8008=AXIS2_PLACEMENT_3D('',#12613,#10308,#10309);
#8009=AXIS2_PLACEMENT_3D('',#12614,#10310,#10311);
#8010=AXIS2_PLACEMENT_3D('',#12616,#10312,#10313);
#8011=AXIS2_PLACEMENT_3D('',#12619,#10315,#10316);
#8012=AXIS2_PLACEMENT_3D('',#12620,#10317,#10318);
#8013=AXIS2_PLACEMENT_3D('',#12623,#10319,#10320);
#8014=AXIS2_PLACEMENT_3D('',#12627,#10322,#10323);
#8015=AXIS2_PLACEMENT_3D('',#12629,#10325,#10326);
#8016=AXIS2_PLACEMENT_3D('',#12631,#10327,#10328);
#8017=AXIS2_PLACEMENT_3D('',#12634,#10330,#10331);
#8018=AXIS2_PLACEMENT_3D('',#12635,#10332,#10333);
#8019=AXIS2_PLACEMENT_3D('',#12636,#10334,#10335);
#8020=AXIS2_PLACEMENT_3D('',#12637,#10336,#10337);
#8021=AXIS2_PLACEMENT_3D('',#12638,#10338,#10339);
#8022=AXIS2_PLACEMENT_3D('',#12640,#10340,#10341);
#8023=AXIS2_PLACEMENT_3D('',#12643,#10343,#10344);
#8024=AXIS2_PLACEMENT_3D('',#12644,#10345,#10346);
#8025=AXIS2_PLACEMENT_3D('',#12646,#10347,#10348);
#8026=AXIS2_PLACEMENT_3D('',#12649,#10350,#10351);
#8027=AXIS2_PLACEMENT_3D('',#12650,#10352,#10353);
#8028=AXIS2_PLACEMENT_3D('',#12652,#10354,#10355);
#8029=AXIS2_PLACEMENT_3D('',#12655,#10357,#10358);
#8030=AXIS2_PLACEMENT_3D('',#12656,#10359,#10360);
#8031=AXIS2_PLACEMENT_3D('',#12659,#10361,#10362);
#8032=AXIS2_PLACEMENT_3D('',#12663,#10364,#10365);
#8033=AXIS2_PLACEMENT_3D('',#12665,#10367,#10368);
#8034=AXIS2_PLACEMENT_3D('',#12667,#10369,#10370);
#8035=AXIS2_PLACEMENT_3D('',#12670,#10372,#10373);
#8036=AXIS2_PLACEMENT_3D('',#12671,#10374,#10375);
#8037=AXIS2_PLACEMENT_3D('',#12672,#10376,#10377);
#8038=AXIS2_PLACEMENT_3D('',#12673,#10378,#10379);
#8039=AXIS2_PLACEMENT_3D('',#12674,#10380,#10381);
#8040=AXIS2_PLACEMENT_3D('',#12676,#10382,#10383);
#8041=AXIS2_PLACEMENT_3D('',#12679,#10385,#10386);
#8042=AXIS2_PLACEMENT_3D('',#12680,#10387,#10388);
#8043=AXIS2_PLACEMENT_3D('',#12682,#10389,#10390);
#8044=AXIS2_PLACEMENT_3D('',#12685,#10392,#10393);
#8045=AXIS2_PLACEMENT_3D('',#12686,#10394,#10395);
#8046=AXIS2_PLACEMENT_3D('',#12688,#10396,#10397);
#8047=AXIS2_PLACEMENT_3D('',#12691,#10399,#10400);
#8048=AXIS2_PLACEMENT_3D('',#12692,#10401,#10402);
#8049=AXIS2_PLACEMENT_3D('',#12695,#10403,#10404);
#8050=AXIS2_PLACEMENT_3D('',#12699,#10406,#10407);
#8051=AXIS2_PLACEMENT_3D('',#12701,#10409,#10410);
#8052=AXIS2_PLACEMENT_3D('',#12703,#10411,#10412);
#8053=AXIS2_PLACEMENT_3D('',#12706,#10414,#10415);
#8054=AXIS2_PLACEMENT_3D('',#12707,#10416,#10417);
#8055=AXIS2_PLACEMENT_3D('',#12708,#10418,#10419);
#8056=AXIS2_PLACEMENT_3D('',#12709,#10420,#10421);
#8057=AXIS2_PLACEMENT_3D('',#12710,#10422,#10423);
#8058=AXIS2_PLACEMENT_3D('',#12712,#10424,#10425);
#8059=AXIS2_PLACEMENT_3D('',#12715,#10427,#10428);
#8060=AXIS2_PLACEMENT_3D('',#12716,#10429,#10430);
#8061=AXIS2_PLACEMENT_3D('',#12718,#10431,#10432);
#8062=AXIS2_PLACEMENT_3D('',#12721,#10434,#10435);
#8063=AXIS2_PLACEMENT_3D('',#12722,#10436,#10437);
#8064=AXIS2_PLACEMENT_3D('',#12724,#10438,#10439);
#8065=AXIS2_PLACEMENT_3D('',#12727,#10441,#10442);
#8066=AXIS2_PLACEMENT_3D('',#12728,#10443,#10444);
#8067=AXIS2_PLACEMENT_3D('',#12731,#10445,#10446);
#8068=AXIS2_PLACEMENT_3D('',#12735,#10448,#10449);
#8069=AXIS2_PLACEMENT_3D('',#12737,#10451,#10452);
#8070=AXIS2_PLACEMENT_3D('',#12739,#10453,#10454);
#8071=AXIS2_PLACEMENT_3D('',#12742,#10456,#10457);
#8072=AXIS2_PLACEMENT_3D('',#12743,#10458,#10459);
#8073=AXIS2_PLACEMENT_3D('',#12744,#10460,#10461);
#8074=AXIS2_PLACEMENT_3D('',#12745,#10462,#10463);
#8075=AXIS2_PLACEMENT_3D('',#12746,#10464,#10465);
#8076=AXIS2_PLACEMENT_3D('',#12748,#10466,#10467);
#8077=AXIS2_PLACEMENT_3D('',#12751,#10469,#10470);
#8078=AXIS2_PLACEMENT_3D('',#12752,#10471,#10472);
#8079=AXIS2_PLACEMENT_3D('',#12754,#10473,#10474);
#8080=AXIS2_PLACEMENT_3D('',#12757,#10476,#10477);
#8081=AXIS2_PLACEMENT_3D('',#12758,#10478,#10479);
#8082=AXIS2_PLACEMENT_3D('',#12760,#10480,#10481);
#8083=AXIS2_PLACEMENT_3D('',#12763,#10483,#10484);
#8084=AXIS2_PLACEMENT_3D('',#12764,#10485,#10486);
#8085=AXIS2_PLACEMENT_3D('',#12767,#10487,#10488);
#8086=AXIS2_PLACEMENT_3D('',#12771,#10490,#10491);
#8087=AXIS2_PLACEMENT_3D('',#12773,#10493,#10494);
#8088=AXIS2_PLACEMENT_3D('',#12775,#10495,#10496);
#8089=AXIS2_PLACEMENT_3D('',#12778,#10498,#10499);
#8090=AXIS2_PLACEMENT_3D('',#12779,#10500,#10501);
#8091=AXIS2_PLACEMENT_3D('',#12780,#10502,#10503);
#8092=AXIS2_PLACEMENT_3D('',#12781,#10504,#10505);
#8093=AXIS2_PLACEMENT_3D('',#12782,#10506,#10507);
#8094=AXIS2_PLACEMENT_3D('',#12784,#10508,#10509);
#8095=AXIS2_PLACEMENT_3D('',#12787,#10511,#10512);
#8096=AXIS2_PLACEMENT_3D('',#12788,#10513,#10514);
#8097=AXIS2_PLACEMENT_3D('',#12790,#10515,#10516);
#8098=AXIS2_PLACEMENT_3D('',#12793,#10518,#10519);
#8099=AXIS2_PLACEMENT_3D('',#12794,#10520,#10521);
#8100=AXIS2_PLACEMENT_3D('',#12796,#10522,#10523);
#8101=AXIS2_PLACEMENT_3D('',#12799,#10525,#10526);
#8102=AXIS2_PLACEMENT_3D('',#12800,#10527,#10528);
#8103=AXIS2_PLACEMENT_3D('',#12803,#10529,#10530);
#8104=AXIS2_PLACEMENT_3D('',#12807,#10532,#10533);
#8105=AXIS2_PLACEMENT_3D('',#12809,#10535,#10536);
#8106=AXIS2_PLACEMENT_3D('',#12811,#10537,#10538);
#8107=AXIS2_PLACEMENT_3D('',#12814,#10540,#10541);
#8108=AXIS2_PLACEMENT_3D('',#12815,#10542,#10543);
#8109=AXIS2_PLACEMENT_3D('',#12816,#10544,#10545);
#8110=AXIS2_PLACEMENT_3D('',#12817,#10546,#10547);
#8111=AXIS2_PLACEMENT_3D('',#12818,#10548,#10549);
#8112=AXIS2_PLACEMENT_3D('',#12820,#10550,#10551);
#8113=AXIS2_PLACEMENT_3D('',#12823,#10553,#10554);
#8114=AXIS2_PLACEMENT_3D('',#12824,#10555,#10556);
#8115=AXIS2_PLACEMENT_3D('',#12826,#10557,#10558);
#8116=AXIS2_PLACEMENT_3D('',#12829,#10560,#10561);
#8117=AXIS2_PLACEMENT_3D('',#12830,#10562,#10563);
#8118=AXIS2_PLACEMENT_3D('',#12832,#10564,#10565);
#8119=AXIS2_PLACEMENT_3D('',#12835,#10567,#10568);
#8120=AXIS2_PLACEMENT_3D('',#12836,#10569,#10570);
#8121=AXIS2_PLACEMENT_3D('',#12839,#10571,#10572);
#8122=AXIS2_PLACEMENT_3D('',#12843,#10574,#10575);
#8123=AXIS2_PLACEMENT_3D('',#12845,#10577,#10578);
#8124=AXIS2_PLACEMENT_3D('',#12847,#10579,#10580);
#8125=AXIS2_PLACEMENT_3D('',#12850,#10582,#10583);
#8126=AXIS2_PLACEMENT_3D('',#12851,#10584,#10585);
#8127=AXIS2_PLACEMENT_3D('',#12852,#10586,#10587);
#8128=AXIS2_PLACEMENT_3D('',#12853,#10588,#10589);
#8129=AXIS2_PLACEMENT_3D('',#12854,#10590,#10591);
#8130=AXIS2_PLACEMENT_3D('',#12856,#10592,#10593);
#8131=AXIS2_PLACEMENT_3D('',#12859,#10595,#10596);
#8132=AXIS2_PLACEMENT_3D('',#12860,#10597,#10598);
#8133=AXIS2_PLACEMENT_3D('',#12862,#10599,#10600);
#8134=AXIS2_PLACEMENT_3D('',#12865,#10602,#10603);
#8135=AXIS2_PLACEMENT_3D('',#12866,#10604,#10605);
#8136=AXIS2_PLACEMENT_3D('',#12868,#10606,#10607);
#8137=AXIS2_PLACEMENT_3D('',#12871,#10609,#10610);
#8138=AXIS2_PLACEMENT_3D('',#12872,#10611,#10612);
#8139=AXIS2_PLACEMENT_3D('',#12875,#10613,#10614);
#8140=AXIS2_PLACEMENT_3D('',#12879,#10616,#10617);
#8141=AXIS2_PLACEMENT_3D('',#12881,#10619,#10620);
#8142=AXIS2_PLACEMENT_3D('',#12883,#10621,#10622);
#8143=AXIS2_PLACEMENT_3D('',#12886,#10624,#10625);
#8144=AXIS2_PLACEMENT_3D('',#12887,#10626,#10627);
#8145=AXIS2_PLACEMENT_3D('',#12888,#10628,#10629);
#8146=AXIS2_PLACEMENT_3D('',#12889,#10630,#10631);
#8147=AXIS2_PLACEMENT_3D('',#12890,#10632,#10633);
#8148=AXIS2_PLACEMENT_3D('',#12892,#10634,#10635);
#8149=AXIS2_PLACEMENT_3D('',#12895,#10637,#10638);
#8150=AXIS2_PLACEMENT_3D('',#12896,#10639,#10640);
#8151=AXIS2_PLACEMENT_3D('',#12898,#10641,#10642);
#8152=AXIS2_PLACEMENT_3D('',#12901,#10644,#10645);
#8153=AXIS2_PLACEMENT_3D('',#12902,#10646,#10647);
#8154=AXIS2_PLACEMENT_3D('',#12904,#10648,#10649);
#8155=AXIS2_PLACEMENT_3D('',#12907,#10651,#10652);
#8156=AXIS2_PLACEMENT_3D('',#12908,#10653,#10654);
#8157=AXIS2_PLACEMENT_3D('',#12911,#10655,#10656);
#8158=AXIS2_PLACEMENT_3D('',#12915,#10658,#10659);
#8159=AXIS2_PLACEMENT_3D('',#12917,#10661,#10662);
#8160=AXIS2_PLACEMENT_3D('',#12919,#10663,#10664);
#8161=AXIS2_PLACEMENT_3D('',#12922,#10666,#10667);
#8162=AXIS2_PLACEMENT_3D('',#12923,#10668,#10669);
#8163=AXIS2_PLACEMENT_3D('',#12924,#10670,#10671);
#8164=AXIS2_PLACEMENT_3D('',#12925,#10672,#10673);
#8165=AXIS2_PLACEMENT_3D('',#12926,#10674,#10675);
#8166=AXIS2_PLACEMENT_3D('',#12928,#10676,#10677);
#8167=AXIS2_PLACEMENT_3D('',#12931,#10679,#10680);
#8168=AXIS2_PLACEMENT_3D('',#12932,#10681,#10682);
#8169=AXIS2_PLACEMENT_3D('',#12934,#10683,#10684);
#8170=AXIS2_PLACEMENT_3D('',#12937,#10686,#10687);
#8171=AXIS2_PLACEMENT_3D('',#12938,#10688,#10689);
#8172=AXIS2_PLACEMENT_3D('',#12940,#10690,#10691);
#8173=AXIS2_PLACEMENT_3D('',#12943,#10693,#10694);
#8174=AXIS2_PLACEMENT_3D('',#12944,#10695,#10696);
#8175=AXIS2_PLACEMENT_3D('',#12947,#10697,#10698);
#8176=AXIS2_PLACEMENT_3D('',#12951,#10700,#10701);
#8177=AXIS2_PLACEMENT_3D('',#12953,#10703,#10704);
#8178=AXIS2_PLACEMENT_3D('',#12955,#10705,#10706);
#8179=AXIS2_PLACEMENT_3D('',#12958,#10708,#10709);
#8180=AXIS2_PLACEMENT_3D('',#12959,#10710,#10711);
#8181=AXIS2_PLACEMENT_3D('',#12960,#10712,#10713);
#8182=AXIS2_PLACEMENT_3D('',#12961,#10714,#10715);
#8183=AXIS2_PLACEMENT_3D('',#12962,#10716,#10717);
#8184=AXIS2_PLACEMENT_3D('',#12964,#10718,#10719);
#8185=AXIS2_PLACEMENT_3D('',#12967,#10721,#10722);
#8186=AXIS2_PLACEMENT_3D('',#12968,#10723,#10724);
#8187=AXIS2_PLACEMENT_3D('',#12970,#10725,#10726);
#8188=AXIS2_PLACEMENT_3D('',#12972,#10727,#10728);
#8189=AXIS2_PLACEMENT_3D('',#12974,#10730,#10731);
#8190=AXIS2_PLACEMENT_3D('',#12976,#10732,#10733);
#8191=AXIS2_PLACEMENT_3D('',#12978,#10734,#10735);
#8192=AXIS2_PLACEMENT_3D('',#12980,#10737,#10738);
#8193=AXIS2_PLACEMENT_3D('',#12982,#10739,#10740);
#8194=AXIS2_PLACEMENT_3D('',#12985,#10742,#10743);
#8195=AXIS2_PLACEMENT_3D('',#12986,#10744,#10745);
#8196=AXIS2_PLACEMENT_3D('',#12988,#10746,#10747);
#8197=AXIS2_PLACEMENT_3D('',#12991,#10749,#10750);
#8198=AXIS2_PLACEMENT_3D('',#12992,#10751,#10752);
#8199=AXIS2_PLACEMENT_3D('',#12993,#10753,#10754);
#8200=AXIS2_PLACEMENT_3D('',#12994,#10755,#10756);
#8201=AXIS2_PLACEMENT_3D('',#12995,#10757,#10758);
#8202=AXIS2_PLACEMENT_3D('',#13067,#10760,#10761);
#8203=AXIS2_PLACEMENT_3D('',#13069,#10762,#10763);
#8204=AXIS2_PLACEMENT_3D('',#13072,#10765,#10766);
#8205=AXIS2_PLACEMENT_3D('',#13073,#10767,#10768);
#8206=AXIS2_PLACEMENT_3D('',#13075,#10769,#10770);
#8207=AXIS2_PLACEMENT_3D('',#13230,#10773,#10774);
#8208=AXIS2_PLACEMENT_3D('',#13267,#10776,#10777);
#8209=AXIS2_PLACEMENT_3D('',#13269,#10778,#10779);
#8210=AXIS2_PLACEMENT_3D('',#13272,#10781,#10782);
#8211=AXIS2_PLACEMENT_3D('',#13273,#10783,#10784);
#8212=AXIS2_PLACEMENT_3D('',#13275,#10785,#10786);
#8213=AXIS2_PLACEMENT_3D('',#13276,#10787,#10788);
#8214=AXIS2_PLACEMENT_3D('',#13279,#10790,#10791);
#8215=AXIS2_PLACEMENT_3D('',#13280,#10792,#10793);
#8216=AXIS2_PLACEMENT_3D('',#13282,#10795,#10796);
#8217=AXIS2_PLACEMENT_3D('',#13284,#10797,#10798);
#8218=AXIS2_PLACEMENT_3D('',#13285,#10799,#10800);
#8219=AXIS2_PLACEMENT_3D('',#13288,#10802,#10803);
#8220=AXIS2_PLACEMENT_3D('',#13289,#10804,#10805);
#8221=AXIS2_PLACEMENT_3D('',#13291,#10806,#10807);
#8222=AXIS2_PLACEMENT_3D('',#13292,#10808,#10809);
#8223=AXIS2_PLACEMENT_3D('',#13293,#10810,#10811);
#8224=AXIS2_PLACEMENT_3D('',#13295,#10812,#10813);
#8225=AXIS2_PLACEMENT_3D('',#13298,#10815,#10816);
#8226=AXIS2_PLACEMENT_3D('',#13299,#10817,#10818);
#8227=AXIS2_PLACEMENT_3D('',#13301,#10820,#10821);
#8228=AXIS2_PLACEMENT_3D('',#13303,#10822,#10823);
#8229=AXIS2_PLACEMENT_3D('',#13304,#10824,#10825);
#8230=AXIS2_PLACEMENT_3D('',#13306,#10826,#10827);
#8231=AXIS2_PLACEMENT_3D('',#13308,#10829,#10830);
#8232=AXIS2_PLACEMENT_3D('',#13309,#10831,#10832);
#8233=DIRECTION('axis',(0.,0.,1.));
#8234=DIRECTION('refdir',(1.,0.,0.));
#8235=DIRECTION('axis',(0.,0.,1.));
#8236=DIRECTION('refdir',(1.,0.,0.));
#8237=DIRECTION('center_axis',(0.,0.,1.));
#8238=DIRECTION('ref_axis',(0.717714865055197,0.696337111231909,0.));
#8239=DIRECTION('center_axis',(0.,0.,1.));
#8240=DIRECTION('ref_axis',(0.717714865055197,0.696337111231909,0.));
#8241=DIRECTION('',(0.,0.,-1.));
#8242=DIRECTION('center_axis',(0.,0.,-1.));
#8243=DIRECTION('ref_axis',(0.717714865055197,0.696337111231909,0.));
#8244=DIRECTION('',(0.,0.,1.));
#8245=DIRECTION('center_axis',(0.,0.,1.));
#8246=DIRECTION('ref_axis',(0.994521895368273,-0.104528463267654,0.));
#8247=DIRECTION('center_axis',(0.,0.,-1.));
#8248=DIRECTION('ref_axis',(0.994521895368273,-0.104528463267654,0.));
#8249=DIRECTION('',(0.,0.,-1.));
#8250=DIRECTION('center_axis',(0.,0.,1.));
#8251=DIRECTION('ref_axis',(0.994521895368273,-0.104528463267654,0.));
#8252=DIRECTION('center_axis',(0.,0.,-1.));
#8253=DIRECTION('ref_axis',(-0.557254447089344,0.83034178577207,0.));
#8254=DIRECTION('center_axis',(0.,0.,-1.));
#8255=DIRECTION('ref_axis',(-0.557254447089344,0.83034178577207,0.));
#8256=DIRECTION('',(0.,0.,1.));
#8257=DIRECTION('center_axis',(0.,0.,1.));
#8258=DIRECTION('ref_axis',(-0.557254447089344,0.83034178577207,0.));
#8259=DIRECTION('',(0.,0.,-1.));
#8260=DIRECTION('center_axis',(0.,0.,1.));
#8261=DIRECTION('ref_axis',(0.994521895368273,-0.104528463267654,0.));
#8262=DIRECTION('center_axis',(0.,0.,1.));
#8263=DIRECTION('ref_axis',(0.994521895368273,-0.104528463267654,0.));
#8264=DIRECTION('',(0.,0.,1.));
#8265=DIRECTION('center_axis',(0.,0.,-1.));
#8266=DIRECTION('ref_axis',(0.994521895368273,-0.104528463267654,0.));
#8267=DIRECTION('center_axis',(0.,0.,1.));
#8268=DIRECTION('ref_axis',(0.994521895368273,-0.104528463267654,0.));
#8269=DIRECTION('center_axis',(0.,0.,-1.));
#8270=DIRECTION('ref_axis',(0.994521895368273,-0.104528463267654,0.));
#8271=DIRECTION('center_axis',(0.,0.,1.));
#8272=DIRECTION('ref_axis',(0.994521895368273,-0.104528463267654,0.));
#8273=DIRECTION('center_axis',(0.,0.,1.));
#8274=DIRECTION('ref_axis',(1.,0.,0.));
#8275=DIRECTION('center_axis',(0.,0.,1.));
#8276=DIRECTION('ref_axis',(1.,0.,0.));
#8277=DIRECTION('',(0.,0.,1.));
#8278=DIRECTION('center_axis',(0.,0.,-1.));
#8279=DIRECTION('ref_axis',(1.,0.,0.));
#8280=DIRECTION('center_axis',(0.,0.,1.));
#8281=DIRECTION('ref_axis',(1.,0.,0.));
#8282=DIRECTION('center_axis',(0.,0.,-1.));
#8283=DIRECTION('ref_axis',(1.,0.,0.));
#8284=DIRECTION('',(0.,0.,-1.));
#8285=DIRECTION('center_axis',(0.,0.,1.));
#8286=DIRECTION('ref_axis',(1.,0.,0.));
#8287=DIRECTION('center_axis',(0.,0.,1.));
#8288=DIRECTION('ref_axis',(0.786570196082002,0.617500871769037,0.));
#8289=DIRECTION('center_axis',(0.,0.,1.));
#8290=DIRECTION('ref_axis',(0.786570196082002,0.617500871769037,0.));
#8291=DIRECTION('',(0.,0.,-1.));
#8292=DIRECTION('center_axis',(0.,0.,-1.));
#8293=DIRECTION('ref_axis',(0.786570196082002,0.617500871769037,0.));
#8294=DIRECTION('center_axis',(0.,0.,1.));
#8295=DIRECTION('ref_axis',(0.978147600733805,-0.20791169081776,0.));
#8296=DIRECTION('center_axis',(0.,0.,-1.));
#8297=DIRECTION('ref_axis',(0.978147600733805,-0.20791169081776,0.));
#8298=DIRECTION('',(0.,0.,-1.));
#8299=DIRECTION('center_axis',(0.,0.,1.));
#8300=DIRECTION('ref_axis',(0.978147600733805,-0.20791169081776,0.));
#8301=DIRECTION('center_axis',(0.,0.,-1.));
#8302=DIRECTION('ref_axis',(-0.467407398068029,0.884042037592826,0.));
#8303=DIRECTION('center_axis',(0.,0.,-1.));
#8304=DIRECTION('ref_axis',(-0.467407398068029,0.884042037592826,0.));
#8305=DIRECTION('',(0.,0.,1.));
#8306=DIRECTION('center_axis',(0.,0.,1.));
#8307=DIRECTION('ref_axis',(-0.467407398068029,0.884042037592826,0.));
#8308=DIRECTION('',(0.,0.,-1.));
#8309=DIRECTION('center_axis',(0.,0.,1.));
#8310=DIRECTION('ref_axis',(0.978147600733805,-0.20791169081776,0.));
#8311=DIRECTION('center_axis',(0.,0.,1.));
#8312=DIRECTION('ref_axis',(0.978147600733805,-0.20791169081776,0.));
#8313=DIRECTION('',(0.,0.,1.));
#8314=DIRECTION('center_axis',(0.,0.,-1.));
#8315=DIRECTION('ref_axis',(0.978147600733805,-0.20791169081776,0.));
#8316=DIRECTION('center_axis',(0.,0.,1.));
#8317=DIRECTION('ref_axis',(0.978147600733806,-0.20791169081776,0.));
#8318=DIRECTION('center_axis',(0.,0.,-1.));
#8319=DIRECTION('ref_axis',(0.978147600733806,-0.20791169081776,0.));
#8320=DIRECTION('center_axis',(0.,0.,1.));
#8321=DIRECTION('ref_axis',(0.978147600733806,-0.20791169081776,0.));
#8322=DIRECTION('center_axis',(0.,0.,1.));
#8323=DIRECTION('ref_axis',(1.,0.,0.));
#8324=DIRECTION('center_axis',(0.,0.,1.));
#8325=DIRECTION('ref_axis',(1.,0.,0.));
#8326=DIRECTION('',(0.,0.,1.));
#8327=DIRECTION('center_axis',(0.,0.,-1.));
#8328=DIRECTION('ref_axis',(1.,0.,0.));
#8329=DIRECTION('center_axis',(0.,0.,1.));
#8330=DIRECTION('ref_axis',(0.84680769944011,0.531899163534732,0.));
#8331=DIRECTION('center_axis',(0.,0.,1.));
#8332=DIRECTION('ref_axis',(0.84680769944011,0.531899163534732,0.));
#8333=DIRECTION('',(0.,0.,-1.));
#8334=DIRECTION('center_axis',(0.,0.,-1.));
#8335=DIRECTION('ref_axis',(0.84680769944011,0.531899163534732,0.));
#8336=DIRECTION('center_axis',(0.,0.,1.));
#8337=DIRECTION('ref_axis',(0.951056516295154,-0.309016994374948,0.));
#8338=DIRECTION('center_axis',(0.,0.,-1.));
#8339=DIRECTION('ref_axis',(0.951056516295154,-0.309016994374948,0.));
#8340=DIRECTION('',(0.,0.,-1.));
#8341=DIRECTION('center_axis',(0.,0.,1.));
#8342=DIRECTION('ref_axis',(0.951056516295154,-0.309016994374948,0.));
#8343=DIRECTION('center_axis',(0.,0.,-1.));
#8344=DIRECTION('ref_axis',(-0.372439335782182,0.928056539852032,0.));
#8345=DIRECTION('center_axis',(0.,0.,-1.));
#8346=DIRECTION('ref_axis',(-0.372439335782182,0.928056539852032,0.));
#8347=DIRECTION('',(0.,0.,1.));
#8348=DIRECTION('center_axis',(0.,0.,1.));
#8349=DIRECTION('ref_axis',(-0.372439335782182,0.928056539852032,0.));
#8350=DIRECTION('',(0.,0.,-1.));
#8351=DIRECTION('center_axis',(0.,0.,1.));
#8352=DIRECTION('ref_axis',(0.951056516295154,-0.309016994374948,0.));
#8353=DIRECTION('center_axis',(0.,0.,1.));
#8354=DIRECTION('ref_axis',(0.951056516295154,-0.309016994374948,0.));
#8355=DIRECTION('',(0.,0.,1.));
#8356=DIRECTION('center_axis',(0.,0.,-1.));
#8357=DIRECTION('ref_axis',(0.951056516295154,-0.309016994374948,0.));
#8358=DIRECTION('center_axis',(0.,0.,1.));
#8359=DIRECTION('ref_axis',(0.951056516295153,-0.309016994374948,0.));
#8360=DIRECTION('center_axis',(0.,0.,-1.));
#8361=DIRECTION('ref_axis',(0.951056516295153,-0.309016994374948,0.));
#8362=DIRECTION('center_axis',(0.,0.,1.));
#8363=DIRECTION('ref_axis',(0.951056516295153,-0.309016994374948,0.));
#8364=DIRECTION('center_axis',(0.,0.,1.));
#8365=DIRECTION('ref_axis',(1.,0.,0.));
#8366=DIRECTION('center_axis',(0.,0.,1.));
#8367=DIRECTION('ref_axis',(1.,0.,0.));
#8368=DIRECTION('',(0.,0.,1.));
#8369=DIRECTION('center_axis',(0.,0.,-1.));
#8370=DIRECTION('ref_axis',(1.,0.,0.));
#8371=DIRECTION('center_axis',(0.,0.,1.));
#8372=DIRECTION('ref_axis',(0.897767400437268,0.440469856757657,0.));
#8373=DIRECTION('center_axis',(0.,0.,1.));
#8374=DIRECTION('ref_axis',(0.897767400437268,0.440469856757657,0.));
#8375=DIRECTION('',(0.,0.,-1.));
#8376=DIRECTION('center_axis',(0.,0.,-1.));
#8377=DIRECTION('ref_axis',(0.897767400437268,0.440469856757657,0.));
#8378=DIRECTION('center_axis',(0.,0.,1.));
#8379=DIRECTION('ref_axis',(0.913545457642601,-0.406736643075801,0.));
#8380=DIRECTION('center_axis',(0.,0.,-1.));
#8381=DIRECTION('ref_axis',(0.913545457642601,-0.406736643075801,0.));
#8382=DIRECTION('',(0.,0.,-1.));
#8383=DIRECTION('center_axis',(0.,0.,1.));
#8384=DIRECTION('ref_axis',(0.913545457642601,-0.406736643075801,0.));
#8385=DIRECTION('center_axis',(0.,0.,-1.));
#8386=DIRECTION('ref_axis',(-0.273390750195567,0.961903060452302,0.));
#8387=DIRECTION('center_axis',(0.,0.,-1.));
#8388=DIRECTION('ref_axis',(-0.273390750195567,0.961903060452302,0.));
#8389=DIRECTION('',(0.,0.,1.));
#8390=DIRECTION('center_axis',(0.,0.,1.));
#8391=DIRECTION('ref_axis',(-0.273390750195567,0.961903060452302,0.));
#8392=DIRECTION('',(0.,0.,-1.));
#8393=DIRECTION('center_axis',(0.,0.,1.));
#8394=DIRECTION('ref_axis',(0.913545457642601,-0.406736643075801,0.));
#8395=DIRECTION('center_axis',(0.,0.,1.));
#8396=DIRECTION('ref_axis',(0.913545457642601,-0.406736643075801,0.));
#8397=DIRECTION('',(0.,0.,1.));
#8398=DIRECTION('center_axis',(0.,0.,-1.));
#8399=DIRECTION('ref_axis',(0.913545457642601,-0.406736643075801,0.));
#8400=DIRECTION('center_axis',(0.,0.,1.));
#8401=DIRECTION('ref_axis',(0.913545457642601,-0.406736643075801,0.));
#8402=DIRECTION('center_axis',(0.,0.,-1.));
#8403=DIRECTION('ref_axis',(0.913545457642601,-0.406736643075801,0.));
#8404=DIRECTION('center_axis',(0.,0.,1.));
#8405=DIRECTION('ref_axis',(0.913545457642601,-0.406736643075801,0.));
#8406=DIRECTION('center_axis',(0.,0.,1.));
#8407=DIRECTION('ref_axis',(1.,0.,0.));
#8408=DIRECTION('center_axis',(0.,0.,1.));
#8409=DIRECTION('ref_axis',(1.,0.,0.));
#8410=DIRECTION('',(0.,0.,1.));
#8411=DIRECTION('center_axis',(0.,0.,-1.));
#8412=DIRECTION('ref_axis',(1.,0.,0.));
#8413=DIRECTION('center_axis',(0.,0.,1.));
#8414=DIRECTION('ref_axis',(0.938890973925313,0.344214670055733,0.));
#8415=DIRECTION('center_axis',(0.,0.,1.));
#8416=DIRECTION('ref_axis',(0.938890973925313,0.344214670055733,0.));
#8417=DIRECTION('',(0.,0.,-1.));
#8418=DIRECTION('center_axis',(0.,0.,-1.));
#8419=DIRECTION('ref_axis',(0.938890973925313,0.344214670055733,0.));
#8420=DIRECTION('center_axis',(0.,0.,1.));
#8421=DIRECTION('ref_axis',(0.866025403784438,-0.5,0.));
#8422=DIRECTION('center_axis',(0.,0.,-1.));
#8423=DIRECTION('ref_axis',(0.866025403784438,-0.5,0.));
#8424=DIRECTION('',(0.,0.,-1.));
#8425=DIRECTION('center_axis',(0.,0.,1.));
#8426=DIRECTION('ref_axis',(0.866025403784438,-0.5,0.));
#8427=DIRECTION('center_axis',(0.,0.,-1.));
#8428=DIRECTION('ref_axis',(-0.171346838339123,0.985210769831099,0.));
#8429=DIRECTION('center_axis',(0.,0.,-1.));
#8430=DIRECTION('ref_axis',(-0.171346838339123,0.985210769831099,0.));
#8431=DIRECTION('',(0.,0.,1.));
#8432=DIRECTION('center_axis',(0.,0.,1.));
#8433=DIRECTION('ref_axis',(-0.171346838339123,0.985210769831099,0.));
#8434=DIRECTION('',(0.,0.,-1.));
#8435=DIRECTION('center_axis',(0.,0.,1.));
#8436=DIRECTION('ref_axis',(0.866025403784438,-0.5,0.));
#8437=DIRECTION('center_axis',(0.,0.,1.));
#8438=DIRECTION('ref_axis',(0.866025403784438,-0.5,0.));
#8439=DIRECTION('',(0.,0.,1.));
#8440=DIRECTION('center_axis',(0.,0.,-1.));
#8441=DIRECTION('ref_axis',(0.866025403784438,-0.5,0.));
#8442=DIRECTION('center_axis',(0.,0.,1.));
#8443=DIRECTION('ref_axis',(0.866025403784438,-0.5,0.));
#8444=DIRECTION('center_axis',(0.,0.,-1.));
#8445=DIRECTION('ref_axis',(0.866025403784438,-0.5,0.));
#8446=DIRECTION('center_axis',(0.,0.,1.));
#8447=DIRECTION('ref_axis',(0.866025403784438,-0.5,0.));
#8448=DIRECTION('center_axis',(0.,0.,1.));
#8449=DIRECTION('ref_axis',(1.,0.,0.));
#8450=DIRECTION('center_axis',(0.,0.,1.));
#8451=DIRECTION('ref_axis',(1.,0.,0.));
#8452=DIRECTION('',(0.,0.,1.));
#8453=DIRECTION('center_axis',(0.,0.,-1.));
#8454=DIRECTION('ref_axis',(1.,0.,0.));
#8455=DIRECTION('center_axis',(0.,0.,1.));
#8456=DIRECTION('ref_axis',(0.96972786142748,0.244188195397087,0.));
#8457=DIRECTION('center_axis',(0.,0.,1.));
#8458=DIRECTION('ref_axis',(0.96972786142748,0.244188195397087,0.));
#8459=DIRECTION('',(0.,0.,-1.));
#8460=DIRECTION('center_axis',(0.,0.,-1.));
#8461=DIRECTION('ref_axis',(0.96972786142748,0.244188195397087,0.));
#8462=DIRECTION('center_axis',(0.,0.,1.));
#8463=DIRECTION('ref_axis',(0.809016994374947,-0.587785252292473,0.));
#8464=DIRECTION('center_axis',(0.,0.,-1.));
#8465=DIRECTION('ref_axis',(0.809016994374947,-0.587785252292473,0.));
#8466=DIRECTION('',(0.,0.,-1.));
#8467=DIRECTION('center_axis',(0.,0.,1.));
#8468=DIRECTION('ref_axis',(0.809016994374947,-0.587785252292473,0.));
#8469=DIRECTION('center_axis',(0.,0.,-1.));
#8470=DIRECTION('ref_axis',(-0.0674256146651824,0.997724303847021,0.));
#8471=DIRECTION('center_axis',(0.,0.,-1.));
#8472=DIRECTION('ref_axis',(-0.0674256146651824,0.997724303847021,0.));
#8473=DIRECTION('',(0.,0.,1.));
#8474=DIRECTION('center_axis',(0.,0.,1.));
#8475=DIRECTION('ref_axis',(-0.0674256146651824,0.997724303847021,0.));
#8476=DIRECTION('',(0.,0.,-1.));
#8477=DIRECTION('center_axis',(0.,0.,1.));
#8478=DIRECTION('ref_axis',(0.809016994374947,-0.587785252292473,0.));
#8479=DIRECTION('center_axis',(0.,0.,1.));
#8480=DIRECTION('ref_axis',(0.809016994374947,-0.587785252292473,0.));
#8481=DIRECTION('',(0.,0.,1.));
#8482=DIRECTION('center_axis',(0.,0.,-1.));
#8483=DIRECTION('ref_axis',(0.809016994374947,-0.587785252292473,0.));
#8484=DIRECTION('center_axis',(0.,0.,1.));
#8485=DIRECTION('ref_axis',(0.809016994374947,-0.587785252292473,0.));
#8486=DIRECTION('center_axis',(0.,0.,-1.));
#8487=DIRECTION('ref_axis',(0.809016994374947,-0.587785252292473,0.));
#8488=DIRECTION('center_axis',(0.,0.,1.));
#8489=DIRECTION('ref_axis',(0.809016994374947,-0.587785252292473,0.));
#8490=DIRECTION('center_axis',(0.,0.,1.));
#8491=DIRECTION('ref_axis',(1.,0.,0.));
#8492=DIRECTION('center_axis',(0.,0.,1.));
#8493=DIRECTION('ref_axis',(1.,0.,0.));
#8494=DIRECTION('',(0.,0.,1.));
#8495=DIRECTION('center_axis',(0.,0.,-1.));
#8496=DIRECTION('ref_axis',(1.,0.,0.));
#8497=DIRECTION('center_axis',(0.,0.,1.));
#8498=DIRECTION('ref_axis',(0.989940207551235,0.14148634377005,0.));
#8499=DIRECTION('center_axis',(0.,0.,1.));
#8500=DIRECTION('ref_axis',(0.989940207551235,0.14148634377005,0.));
#8501=DIRECTION('',(0.,0.,-1.));
#8502=DIRECTION('center_axis',(0.,0.,-1.));
#8503=DIRECTION('ref_axis',(0.989940207551235,0.14148634377005,0.));
#8504=DIRECTION('center_axis',(0.,0.,1.));
#8505=DIRECTION('ref_axis',(0.743144825477394,-0.669130606358859,0.));
#8506=DIRECTION('center_axis',(0.,0.,-1.));
#8507=DIRECTION('ref_axis',(0.743144825477394,-0.669130606358859,0.));
#8508=DIRECTION('',(0.,0.,-1.));
#8509=DIRECTION('center_axis',(0.,0.,1.));
#8510=DIRECTION('ref_axis',(0.743144825477394,-0.669130606358859,0.));
#8511=DIRECTION('center_axis',(0.,0.,-1.));
#8512=DIRECTION('ref_axis',(0.0372343381527224,0.999306561602759,0.));
#8513=DIRECTION('center_axis',(0.,0.,-1.));
#8514=DIRECTION('ref_axis',(0.0372343381527224,0.999306561602759,0.));
#8515=DIRECTION('',(0.,0.,1.));
#8516=DIRECTION('center_axis',(0.,0.,1.));
#8517=DIRECTION('ref_axis',(0.0372343381527224,0.999306561602759,0.));
#8518=DIRECTION('',(0.,0.,-1.));
#8519=DIRECTION('center_axis',(0.,0.,1.));
#8520=DIRECTION('ref_axis',(0.743144825477394,-0.669130606358859,0.));
#8521=DIRECTION('center_axis',(0.,0.,1.));
#8522=DIRECTION('ref_axis',(0.743144825477394,-0.669130606358859,0.));
#8523=DIRECTION('',(0.,0.,1.));
#8524=DIRECTION('center_axis',(0.,0.,-1.));
#8525=DIRECTION('ref_axis',(0.743144825477394,-0.669130606358859,0.));
#8526=DIRECTION('center_axis',(0.,0.,1.));
#8527=DIRECTION('ref_axis',(0.743144825477394,-0.669130606358859,0.));
#8528=DIRECTION('center_axis',(0.,0.,-1.));
#8529=DIRECTION('ref_axis',(0.743144825477394,-0.669130606358859,0.));
#8530=DIRECTION('center_axis',(0.,0.,1.));
#8531=DIRECTION('ref_axis',(0.743144825477394,-0.669130606358859,0.));
#8532=DIRECTION('center_axis',(0.,0.,1.));
#8533=DIRECTION('ref_axis',(1.,0.,0.));
#8534=DIRECTION('center_axis',(0.,0.,1.));
#8535=DIRECTION('ref_axis',(1.,0.,0.));
#8536=DIRECTION('',(0.,0.,1.));
#8537=DIRECTION('center_axis',(0.,0.,-1.));
#8538=DIRECTION('ref_axis',(1.,0.,0.));
#8539=DIRECTION('center_axis',(0.,0.,1.));
#8540=DIRECTION('ref_axis',(0.99930656160276,0.0372343381527025,0.));
#8541=DIRECTION('center_axis',(0.,0.,1.));
#8542=DIRECTION('ref_axis',(0.99930656160276,0.0372343381527025,0.));
#8543=DIRECTION('',(0.,0.,-1.));
#8544=DIRECTION('center_axis',(0.,0.,-1.));
#8545=DIRECTION('ref_axis',(0.99930656160276,0.0372343381527025,0.));
#8546=DIRECTION('center_axis',(0.,0.,1.));
#8547=DIRECTION('ref_axis',(0.669130606358858,-0.743144825477395,0.));
#8548=DIRECTION('center_axis',(0.,0.,-1.));
#8549=DIRECTION('ref_axis',(0.669130606358858,-0.743144825477395,0.));
#8550=DIRECTION('',(0.,0.,-1.));
#8551=DIRECTION('center_axis',(0.,0.,1.));
#8552=DIRECTION('ref_axis',(0.669130606358858,-0.743144825477395,0.));
#8553=DIRECTION('center_axis',(0.,0.,-1.));
#8554=DIRECTION('ref_axis',(0.141486343770036,0.989940207551238,0.));
#8555=DIRECTION('center_axis',(0.,0.,-1.));
#8556=DIRECTION('ref_axis',(0.141486343770036,0.989940207551238,0.));
#8557=DIRECTION('',(0.,0.,1.));
#8558=DIRECTION('center_axis',(0.,0.,1.));
#8559=DIRECTION('ref_axis',(0.141486343770036,0.989940207551238,0.));
#8560=DIRECTION('',(0.,0.,-1.));
#8561=DIRECTION('center_axis',(0.,0.,1.));
#8562=DIRECTION('ref_axis',(0.669130606358858,-0.743144825477395,0.));
#8563=DIRECTION('center_axis',(0.,0.,1.));
#8564=DIRECTION('ref_axis',(0.669130606358858,-0.743144825477395,0.));
#8565=DIRECTION('',(0.,0.,1.));
#8566=DIRECTION('center_axis',(0.,0.,-1.));
#8567=DIRECTION('ref_axis',(0.669130606358858,-0.743144825477395,0.));
#8568=DIRECTION('center_axis',(0.,0.,1.));
#8569=DIRECTION('ref_axis',(0.669130606358858,-0.743144825477394,0.));
#8570=DIRECTION('center_axis',(0.,0.,-1.));
#8571=DIRECTION('ref_axis',(0.669130606358858,-0.743144825477394,0.));
#8572=DIRECTION('center_axis',(0.,0.,1.));
#8573=DIRECTION('ref_axis',(0.669130606358858,-0.743144825477394,0.));
#8574=DIRECTION('center_axis',(0.,0.,1.));
#8575=DIRECTION('ref_axis',(1.,0.,0.));
#8576=DIRECTION('center_axis',(0.,0.,1.));
#8577=DIRECTION('ref_axis',(1.,0.,0.));
#8578=DIRECTION('',(0.,0.,1.));
#8579=DIRECTION('center_axis',(0.,0.,-1.));
#8580=DIRECTION('ref_axis',(1.,0.,0.));
#8581=DIRECTION('center_axis',(0.,0.,1.));
#8582=DIRECTION('ref_axis',(0.997724303847019,-0.0674256146652036,0.));
#8583=DIRECTION('center_axis',(0.,0.,1.));
#8584=DIRECTION('ref_axis',(0.997724303847019,-0.0674256146652036,0.));
#8585=DIRECTION('',(0.,0.,-1.));
#8586=DIRECTION('center_axis',(0.,0.,-1.));
#8587=DIRECTION('ref_axis',(0.997724303847019,-0.0674256146652036,0.));
#8588=DIRECTION('center_axis',(0.,0.,1.));
#8589=DIRECTION('ref_axis',(0.587785252292473,-0.809016994374948,0.));
#8590=DIRECTION('center_axis',(0.,0.,-1.));
#8591=DIRECTION('ref_axis',(0.587785252292473,-0.809016994374948,0.));
#8592=DIRECTION('',(0.,0.,-1.));
#8593=DIRECTION('center_axis',(0.,0.,1.));
#8594=DIRECTION('ref_axis',(0.587785252292473,-0.809016994374948,0.));
#8595=DIRECTION('center_axis',(0.,0.,-1.));
#8596=DIRECTION('ref_axis',(0.244188195397087,0.96972786142748,0.));
#8597=DIRECTION('center_axis',(0.,0.,-1.));
#8598=DIRECTION('ref_axis',(0.244188195397087,0.96972786142748,0.));
#8599=DIRECTION('',(0.,0.,1.));
#8600=DIRECTION('center_axis',(0.,0.,1.));
#8601=DIRECTION('ref_axis',(0.244188195397087,0.96972786142748,0.));
#8602=DIRECTION('',(0.,0.,-1.));
#8603=DIRECTION('center_axis',(0.,0.,1.));
#8604=DIRECTION('ref_axis',(0.587785252292473,-0.809016994374948,0.));
#8605=DIRECTION('center_axis',(0.,0.,1.));
#8606=DIRECTION('ref_axis',(0.587785252292473,-0.809016994374948,0.));
#8607=DIRECTION('',(0.,0.,1.));
#8608=DIRECTION('center_axis',(0.,0.,-1.));
#8609=DIRECTION('ref_axis',(0.587785252292473,-0.809016994374948,0.));
#8610=DIRECTION('center_axis',(0.,0.,1.));
#8611=DIRECTION('ref_axis',(0.587785252292473,-0.809016994374948,0.));
#8612=DIRECTION('center_axis',(0.,0.,-1.));
#8613=DIRECTION('ref_axis',(0.587785252292473,-0.809016994374948,0.));
#8614=DIRECTION('center_axis',(0.,0.,1.));
#8615=DIRECTION('ref_axis',(0.587785252292473,-0.809016994374948,0.));
#8616=DIRECTION('center_axis',(0.,0.,1.));
#8617=DIRECTION('ref_axis',(1.,0.,0.));
#8618=DIRECTION('center_axis',(0.,0.,1.));
#8619=DIRECTION('ref_axis',(1.,0.,0.));
#8620=DIRECTION('',(0.,0.,1.));
#8621=DIRECTION('center_axis',(0.,0.,-1.));
#8622=DIRECTION('ref_axis',(1.,0.,0.));
#8623=DIRECTION('center_axis',(0.,0.,1.));
#8624=DIRECTION('ref_axis',(0.985210769831099,-0.171346838339123,0.));
#8625=DIRECTION('center_axis',(0.,0.,1.));
#8626=DIRECTION('ref_axis',(0.985210769831099,-0.171346838339123,0.));
#8627=DIRECTION('',(0.,0.,-1.));
#8628=DIRECTION('center_axis',(0.,0.,-1.));
#8629=DIRECTION('ref_axis',(0.985210769831099,-0.171346838339123,0.));
#8630=DIRECTION('center_axis',(0.,0.,1.));
#8631=DIRECTION('ref_axis',(0.499999999999999,-0.866025403784439,0.));
#8632=DIRECTION('center_axis',(0.,0.,-1.));
#8633=DIRECTION('ref_axis',(0.499999999999999,-0.866025403784439,0.));
#8634=DIRECTION('',(0.,0.,-1.));
#8635=DIRECTION('center_axis',(0.,0.,1.));
#8636=DIRECTION('ref_axis',(0.499999999999999,-0.866025403784439,0.));
#8637=DIRECTION('center_axis',(0.,0.,-1.));
#8638=DIRECTION('ref_axis',(0.344214670055713,0.938890973925321,0.));
#8639=DIRECTION('center_axis',(0.,0.,-1.));
#8640=DIRECTION('ref_axis',(0.344214670055713,0.938890973925321,0.));
#8641=DIRECTION('',(0.,0.,1.));
#8642=DIRECTION('center_axis',(0.,0.,1.));
#8643=DIRECTION('ref_axis',(0.344214670055713,0.938890973925321,0.));
#8644=DIRECTION('',(0.,0.,-1.));
#8645=DIRECTION('center_axis',(0.,0.,1.));
#8646=DIRECTION('ref_axis',(0.499999999999999,-0.866025403784439,0.));
#8647=DIRECTION('center_axis',(0.,0.,1.));
#8648=DIRECTION('ref_axis',(0.499999999999999,-0.866025403784439,0.));
#8649=DIRECTION('',(0.,0.,1.));
#8650=DIRECTION('center_axis',(0.,0.,-1.));
#8651=DIRECTION('ref_axis',(0.499999999999999,-0.866025403784439,0.));
#8652=DIRECTION('center_axis',(0.,0.,1.));
#8653=DIRECTION('ref_axis',(0.499999999999999,-0.866025403784439,0.));
#8654=DIRECTION('center_axis',(0.,0.,-1.));
#8655=DIRECTION('ref_axis',(0.499999999999999,-0.866025403784439,0.));
#8656=DIRECTION('center_axis',(0.,0.,1.));
#8657=DIRECTION('ref_axis',(0.499999999999999,-0.866025403784439,0.));
#8658=DIRECTION('center_axis',(0.,0.,1.));
#8659=DIRECTION('ref_axis',(1.,0.,0.));
#8660=DIRECTION('center_axis',(0.,0.,1.));
#8661=DIRECTION('ref_axis',(1.,0.,0.));
#8662=DIRECTION('',(0.,0.,1.));
#8663=DIRECTION('center_axis',(0.,0.,-1.));
#8664=DIRECTION('ref_axis',(1.,0.,0.));
#8665=DIRECTION('center_axis',(0.,0.,1.));
#8666=DIRECTION('ref_axis',(0.961903060452302,-0.273390750195567,0.));
#8667=DIRECTION('center_axis',(0.,0.,1.));
#8668=DIRECTION('ref_axis',(0.961903060452302,-0.273390750195567,0.));
#8669=DIRECTION('',(0.,0.,-1.));
#8670=DIRECTION('center_axis',(0.,0.,-1.));
#8671=DIRECTION('ref_axis',(0.961903060452302,-0.273390750195567,0.));
#8672=DIRECTION('center_axis',(0.,0.,1.));
#8673=DIRECTION('ref_axis',(0.4067366430758,-0.913545457642601,0.));
#8674=DIRECTION('center_axis',(0.,0.,-1.));
#8675=DIRECTION('ref_axis',(0.4067366430758,-0.913545457642601,0.));
#8676=DIRECTION('',(0.,0.,-1.));
#8677=DIRECTION('center_axis',(0.,0.,1.));
#8678=DIRECTION('ref_axis',(0.4067366430758,-0.913545457642601,0.));
#8679=DIRECTION('center_axis',(0.,0.,-1.));
#8680=DIRECTION('ref_axis',(0.440469856757665,0.897767400437264,0.));
#8681=DIRECTION('center_axis',(0.,0.,-1.));
#8682=DIRECTION('ref_axis',(0.440469856757665,0.897767400437264,0.));
#8683=DIRECTION('',(0.,0.,1.));
#8684=DIRECTION('center_axis',(0.,0.,1.));
#8685=DIRECTION('ref_axis',(0.440469856757665,0.897767400437264,0.));
#8686=DIRECTION('',(0.,0.,-1.));
#8687=DIRECTION('center_axis',(0.,0.,1.));
#8688=DIRECTION('ref_axis',(0.4067366430758,-0.913545457642601,0.));
#8689=DIRECTION('center_axis',(0.,0.,1.));
#8690=DIRECTION('ref_axis',(0.4067366430758,-0.913545457642601,0.));
#8691=DIRECTION('',(0.,0.,1.));
#8692=DIRECTION('center_axis',(0.,0.,-1.));
#8693=DIRECTION('ref_axis',(0.4067366430758,-0.913545457642601,0.));
#8694=DIRECTION('center_axis',(0.,0.,1.));
#8695=DIRECTION('ref_axis',(0.4067366430758,-0.913545457642601,0.));
#8696=DIRECTION('center_axis',(0.,0.,-1.));
#8697=DIRECTION('ref_axis',(0.4067366430758,-0.913545457642601,0.));
#8698=DIRECTION('center_axis',(0.,0.,1.));
#8699=DIRECTION('ref_axis',(0.4067366430758,-0.913545457642601,0.));
#8700=DIRECTION('center_axis',(0.,0.,1.));
#8701=DIRECTION('ref_axis',(1.,0.,0.));
#8702=DIRECTION('center_axis',(0.,0.,1.));
#8703=DIRECTION('ref_axis',(1.,0.,0.));
#8704=DIRECTION('',(0.,0.,1.));
#8705=DIRECTION('center_axis',(0.,0.,-1.));
#8706=DIRECTION('ref_axis',(1.,0.,0.));
#8707=DIRECTION('center_axis',(0.,0.,1.));
#8708=DIRECTION('ref_axis',(0.928056539852035,-0.372439335782175,0.));
#8709=DIRECTION('center_axis',(0.,0.,1.));
#8710=DIRECTION('ref_axis',(0.928056539852035,-0.372439335782175,0.));
#8711=DIRECTION('',(0.,0.,-1.));
#8712=DIRECTION('center_axis',(0.,0.,-1.));
#8713=DIRECTION('ref_axis',(0.928056539852035,-0.372439335782175,0.));
#8714=DIRECTION('center_axis',(0.,0.,1.));
#8715=DIRECTION('ref_axis',(0.309016994374947,-0.951056516295154,0.));
#8716=DIRECTION('center_axis',(0.,0.,-1.));
#8717=DIRECTION('ref_axis',(0.309016994374947,-0.951056516295154,0.));
#8718=DIRECTION('',(0.,0.,-1.));
#8719=DIRECTION('center_axis',(0.,0.,1.));
#8720=DIRECTION('ref_axis',(0.309016994374947,-0.951056516295154,0.));
#8721=DIRECTION('center_axis',(0.,0.,-1.));
#8722=DIRECTION('ref_axis',(0.531899163534737,0.846807699440107,0.));
#8723=DIRECTION('center_axis',(0.,0.,-1.));
#8724=DIRECTION('ref_axis',(0.531899163534737,0.846807699440107,0.));
#8725=DIRECTION('',(0.,0.,1.));
#8726=DIRECTION('center_axis',(0.,0.,1.));
#8727=DIRECTION('ref_axis',(0.531899163534737,0.846807699440107,0.));
#8728=DIRECTION('',(0.,0.,-1.));
#8729=DIRECTION('center_axis',(0.,0.,1.));
#8730=DIRECTION('ref_axis',(0.309016994374947,-0.951056516295154,0.));
#8731=DIRECTION('center_axis',(0.,0.,1.));
#8732=DIRECTION('ref_axis',(0.309016994374947,-0.951056516295154,0.));
#8733=DIRECTION('',(0.,0.,1.));
#8734=DIRECTION('center_axis',(0.,0.,-1.));
#8735=DIRECTION('ref_axis',(0.309016994374947,-0.951056516295154,0.));
#8736=DIRECTION('center_axis',(0.,0.,1.));
#8737=DIRECTION('ref_axis',(0.309016994374947,-0.951056516295154,0.));
#8738=DIRECTION('center_axis',(0.,0.,-1.));
#8739=DIRECTION('ref_axis',(0.309016994374947,-0.951056516295154,0.));
#8740=DIRECTION('center_axis',(0.,0.,1.));
#8741=DIRECTION('ref_axis',(0.309016994374947,-0.951056516295154,0.));
#8742=DIRECTION('center_axis',(0.,0.,1.));
#8743=DIRECTION('ref_axis',(1.,0.,0.));
#8744=DIRECTION('center_axis',(0.,0.,1.));
#8745=DIRECTION('ref_axis',(1.,0.,0.));
#8746=DIRECTION('',(0.,0.,1.));
#8747=DIRECTION('center_axis',(0.,0.,-1.));
#8748=DIRECTION('ref_axis',(1.,0.,0.));
#8749=DIRECTION('center_axis',(0.,0.,1.));
#8750=DIRECTION('ref_axis',(0.884042037592817,-0.467407398068045,0.));
#8751=DIRECTION('center_axis',(0.,0.,1.));
#8752=DIRECTION('ref_axis',(0.884042037592817,-0.467407398068045,0.));
#8753=DIRECTION('',(0.,0.,-1.));
#8754=DIRECTION('center_axis',(0.,0.,-1.));
#8755=DIRECTION('ref_axis',(0.884042037592817,-0.467407398068045,0.));
#8756=DIRECTION('center_axis',(0.,0.,1.));
#8757=DIRECTION('ref_axis',(0.207911690817759,-0.978147600733806,0.));
#8758=DIRECTION('center_axis',(0.,0.,-1.));
#8759=DIRECTION('ref_axis',(0.207911690817759,-0.978147600733806,0.));
#8760=DIRECTION('',(0.,0.,-1.));
#8761=DIRECTION('center_axis',(0.,0.,1.));
#8762=DIRECTION('ref_axis',(0.207911690817759,-0.978147600733806,0.));
#8763=DIRECTION('center_axis',(0.,0.,-1.));
#8764=DIRECTION('ref_axis',(0.617500871769037,0.786570196082002,0.));
#8765=DIRECTION('center_axis',(0.,0.,-1.));
#8766=DIRECTION('ref_axis',(0.617500871769037,0.786570196082002,0.));
#8767=DIRECTION('',(0.,0.,1.));
#8768=DIRECTION('center_axis',(0.,0.,1.));
#8769=DIRECTION('ref_axis',(0.617500871769037,0.786570196082002,0.));
#8770=DIRECTION('',(0.,0.,-1.));
#8771=DIRECTION('center_axis',(0.,0.,1.));
#8772=DIRECTION('ref_axis',(0.207911690817759,-0.978147600733806,0.));
#8773=DIRECTION('center_axis',(0.,0.,1.));
#8774=DIRECTION('ref_axis',(0.207911690817759,-0.978147600733806,0.));
#8775=DIRECTION('',(0.,0.,1.));
#8776=DIRECTION('center_axis',(0.,0.,-1.));
#8777=DIRECTION('ref_axis',(0.207911690817759,-0.978147600733806,0.));
#8778=DIRECTION('center_axis',(0.,0.,1.));
#8779=DIRECTION('ref_axis',(0.207911690817759,-0.978147600733806,0.));
#8780=DIRECTION('center_axis',(0.,0.,-1.));
#8781=DIRECTION('ref_axis',(0.207911690817759,-0.978147600733806,0.));
#8782=DIRECTION('center_axis',(0.,0.,1.));
#8783=DIRECTION('ref_axis',(0.207911690817759,-0.978147600733806,0.));
#8784=DIRECTION('center_axis',(0.,0.,1.));
#8785=DIRECTION('ref_axis',(1.,0.,0.));
#8786=DIRECTION('center_axis',(0.,0.,1.));
#8787=DIRECTION('ref_axis',(1.,0.,0.));
#8788=DIRECTION('',(0.,0.,1.));
#8789=DIRECTION('center_axis',(0.,0.,-1.));
#8790=DIRECTION('ref_axis',(1.,0.,0.));
#8791=DIRECTION('center_axis',(0.,0.,1.));
#8792=DIRECTION('ref_axis',(0.830341785772061,-0.557254447089356,0.));
#8793=DIRECTION('center_axis',(0.,0.,1.));
#8794=DIRECTION('ref_axis',(0.830341785772061,-0.557254447089356,0.));
#8795=DIRECTION('',(0.,0.,-1.));
#8796=DIRECTION('center_axis',(0.,0.,-1.));
#8797=DIRECTION('ref_axis',(0.830341785772061,-0.557254447089356,0.));
#8798=DIRECTION('center_axis',(0.,0.,1.));
#8799=DIRECTION('ref_axis',(0.104528463267653,-0.994521895368273,0.));
#8800=DIRECTION('center_axis',(0.,0.,-1.));
#8801=DIRECTION('ref_axis',(0.104528463267653,-0.994521895368273,0.));
#8802=DIRECTION('',(0.,0.,-1.));
#8803=DIRECTION('center_axis',(0.,0.,1.));
#8804=DIRECTION('ref_axis',(0.104528463267653,-0.994521895368273,0.));
#8805=DIRECTION('center_axis',(0.,0.,-1.));
#8806=DIRECTION('ref_axis',(0.6963371112319,0.717714865055206,0.));
#8807=DIRECTION('center_axis',(0.,0.,-1.));
#8808=DIRECTION('ref_axis',(0.6963371112319,0.717714865055206,0.));
#8809=DIRECTION('',(0.,0.,1.));
#8810=DIRECTION('center_axis',(0.,0.,1.));
#8811=DIRECTION('ref_axis',(0.6963371112319,0.717714865055206,0.));
#8812=DIRECTION('',(0.,0.,-1.));
#8813=DIRECTION('center_axis',(0.,0.,1.));
#8814=DIRECTION('ref_axis',(0.104528463267653,-0.994521895368273,0.));
#8815=DIRECTION('center_axis',(0.,0.,1.));
#8816=DIRECTION('ref_axis',(0.104528463267653,-0.994521895368273,0.));
#8817=DIRECTION('',(0.,0.,1.));
#8818=DIRECTION('center_axis',(0.,0.,-1.));
#8819=DIRECTION('ref_axis',(0.104528463267653,-0.994521895368273,0.));
#8820=DIRECTION('center_axis',(0.,0.,1.));
#8821=DIRECTION('ref_axis',(0.104528463267653,-0.994521895368273,0.));
#8822=DIRECTION('center_axis',(0.,0.,-1.));
#8823=DIRECTION('ref_axis',(0.104528463267653,-0.994521895368273,0.));
#8824=DIRECTION('center_axis',(0.,0.,1.));
#8825=DIRECTION('ref_axis',(0.104528463267653,-0.994521895368273,0.));
#8826=DIRECTION('center_axis',(0.,0.,1.));
#8827=DIRECTION('ref_axis',(1.,0.,0.));
#8828=DIRECTION('center_axis',(0.,0.,1.));
#8829=DIRECTION('ref_axis',(1.,0.,0.));
#8830=DIRECTION('',(0.,0.,1.));
#8831=DIRECTION('center_axis',(0.,0.,-1.));
#8832=DIRECTION('ref_axis',(1.,0.,0.));
#8833=DIRECTION('center_axis',(0.,0.,1.));
#8834=DIRECTION('ref_axis',(0.767544135586187,-0.640996099775384,0.));
#8835=DIRECTION('center_axis',(0.,0.,1.));
#8836=DIRECTION('ref_axis',(0.767544135586187,-0.640996099775384,0.));
#8837=DIRECTION('',(0.,0.,-1.));
#8838=DIRECTION('center_axis',(0.,0.,-1.));
#8839=DIRECTION('ref_axis',(0.767544135586187,-0.640996099775384,0.));
#8840=DIRECTION('center_axis',(0.,0.,1.));
#8841=DIRECTION('ref_axis',(-1.83697019872103E-16,-1.,0.));
#8842=DIRECTION('center_axis',(0.,0.,-1.));
#8843=DIRECTION('ref_axis',(-1.83697019872103E-16,-1.,0.));
#8844=DIRECTION('',(0.,0.,-1.));
#8845=DIRECTION('center_axis',(0.,0.,1.));
#8846=DIRECTION('ref_axis',(-1.83697019872103E-16,-1.,0.));
#8847=DIRECTION('center_axis',(0.,0.,-1.));
#8848=DIRECTION('ref_axis',(0.767544135586196,0.640996099775373,0.));
#8849=DIRECTION('center_axis',(0.,0.,-1.));
#8850=DIRECTION('ref_axis',(0.767544135586196,0.640996099775373,0.));
#8851=DIRECTION('',(0.,0.,1.));
#8852=DIRECTION('center_axis',(0.,0.,1.));
#8853=DIRECTION('ref_axis',(0.767544135586196,0.640996099775373,0.));
#8854=DIRECTION('',(0.,0.,-1.));
#8855=DIRECTION('center_axis',(0.,0.,1.));
#8856=DIRECTION('ref_axis',(-1.83697019872103E-16,-1.,0.));
#8857=DIRECTION('center_axis',(0.,0.,1.));
#8858=DIRECTION('ref_axis',(-1.83697019872103E-16,-1.,0.));
#8859=DIRECTION('',(0.,0.,1.));
#8860=DIRECTION('center_axis',(0.,0.,-1.));
#8861=DIRECTION('ref_axis',(-1.83697019872103E-16,-1.,0.));
#8862=DIRECTION('center_axis',(0.,0.,1.));
#8863=DIRECTION('ref_axis',(-1.83697019872103E-16,-1.,0.));
#8864=DIRECTION('center_axis',(0.,0.,-1.));
#8865=DIRECTION('ref_axis',(-1.83697019872103E-16,-1.,0.));
#8866=DIRECTION('center_axis',(0.,0.,1.));
#8867=DIRECTION('ref_axis',(-1.83697019872103E-16,-1.,0.));
#8868=DIRECTION('center_axis',(0.,0.,1.));
#8869=DIRECTION('ref_axis',(1.,0.,0.));
#8870=DIRECTION('center_axis',(0.,0.,1.));
#8871=DIRECTION('ref_axis',(1.,0.,0.));
#8872=DIRECTION('',(0.,0.,1.));
#8873=DIRECTION('center_axis',(0.,0.,-1.));
#8874=DIRECTION('ref_axis',(1.,0.,0.));
#8875=DIRECTION('center_axis',(0.,0.,1.));
#8876=DIRECTION('ref_axis',(0.696337111231909,-0.717714865055197,0.));
#8877=DIRECTION('center_axis',(0.,0.,1.));
#8878=DIRECTION('ref_axis',(0.696337111231909,-0.717714865055197,0.));
#8879=DIRECTION('',(0.,0.,-1.));
#8880=DIRECTION('center_axis',(0.,0.,-1.));
#8881=DIRECTION('ref_axis',(0.696337111231909,-0.717714865055197,0.));
#8882=DIRECTION('center_axis',(0.,0.,1.));
#8883=DIRECTION('ref_axis',(-0.104528463267654,-0.994521895368273,0.));
#8884=DIRECTION('center_axis',(0.,0.,-1.));
#8885=DIRECTION('ref_axis',(-0.104528463267654,-0.994521895368273,0.));
#8886=DIRECTION('',(0.,0.,-1.));
#8887=DIRECTION('center_axis',(0.,0.,1.));
#8888=DIRECTION('ref_axis',(-0.104528463267654,-0.994521895368273,0.));
#8889=DIRECTION('center_axis',(0.,0.,-1.));
#8890=DIRECTION('ref_axis',(0.83034178577207,0.557254447089344,0.));
#8891=DIRECTION('center_axis',(0.,0.,-1.));
#8892=DIRECTION('ref_axis',(0.83034178577207,0.557254447089344,0.));
#8893=DIRECTION('',(0.,0.,1.));
#8894=DIRECTION('center_axis',(0.,0.,1.));
#8895=DIRECTION('ref_axis',(0.83034178577207,0.557254447089344,0.));
#8896=DIRECTION('',(0.,0.,-1.));
#8897=DIRECTION('center_axis',(0.,0.,1.));
#8898=DIRECTION('ref_axis',(-0.104528463267654,-0.994521895368273,0.));
#8899=DIRECTION('center_axis',(0.,0.,1.));
#8900=DIRECTION('ref_axis',(-0.104528463267654,-0.994521895368273,0.));
#8901=DIRECTION('',(0.,0.,1.));
#8902=DIRECTION('center_axis',(0.,0.,-1.));
#8903=DIRECTION('ref_axis',(-0.104528463267654,-0.994521895368273,0.));
#8904=DIRECTION('center_axis',(0.,0.,1.));
#8905=DIRECTION('ref_axis',(-0.104528463267654,-0.994521895368273,0.));
#8906=DIRECTION('center_axis',(0.,0.,-1.));
#8907=DIRECTION('ref_axis',(-0.104528463267654,-0.994521895368273,0.));
#8908=DIRECTION('center_axis',(0.,0.,1.));
#8909=DIRECTION('ref_axis',(-0.104528463267654,-0.994521895368273,0.));
#8910=DIRECTION('center_axis',(0.,0.,1.));
#8911=DIRECTION('ref_axis',(1.,0.,0.));
#8912=DIRECTION('center_axis',(0.,0.,1.));
#8913=DIRECTION('ref_axis',(1.,0.,0.));
#8914=DIRECTION('',(0.,0.,1.));
#8915=DIRECTION('center_axis',(0.,0.,-1.));
#8916=DIRECTION('ref_axis',(1.,0.,0.));
#8917=DIRECTION('center_axis',(0.,0.,1.));
#8918=DIRECTION('ref_axis',(0.617500871769045,-0.786570196081996,0.));
#8919=DIRECTION('center_axis',(0.,0.,1.));
#8920=DIRECTION('ref_axis',(0.617500871769045,-0.786570196081996,0.));
#8921=DIRECTION('',(0.,0.,-1.));
#8922=DIRECTION('center_axis',(0.,0.,-1.));
#8923=DIRECTION('ref_axis',(0.617500871769045,-0.786570196081996,0.));
#8924=DIRECTION('center_axis',(0.,0.,1.));
#8925=DIRECTION('ref_axis',(-0.20791169081776,-0.978147600733805,0.));
#8926=DIRECTION('center_axis',(0.,0.,-1.));
#8927=DIRECTION('ref_axis',(-0.20791169081776,-0.978147600733805,0.));
#8928=DIRECTION('',(0.,0.,-1.));
#8929=DIRECTION('center_axis',(0.,0.,1.));
#8930=DIRECTION('ref_axis',(-0.20791169081776,-0.978147600733805,0.));
#8931=DIRECTION('center_axis',(0.,0.,-1.));
#8932=DIRECTION('ref_axis',(0.884042037592824,0.467407398068033,0.));
#8933=DIRECTION('center_axis',(0.,0.,-1.));
#8934=DIRECTION('ref_axis',(0.884042037592824,0.467407398068033,0.));
#8935=DIRECTION('',(0.,0.,1.));
#8936=DIRECTION('center_axis',(0.,0.,1.));
#8937=DIRECTION('ref_axis',(0.884042037592824,0.467407398068033,0.));
#8938=DIRECTION('',(0.,0.,-1.));
#8939=DIRECTION('center_axis',(0.,0.,1.));
#8940=DIRECTION('ref_axis',(-0.20791169081776,-0.978147600733805,0.));
#8941=DIRECTION('center_axis',(0.,0.,1.));
#8942=DIRECTION('ref_axis',(-0.20791169081776,-0.978147600733805,0.));
#8943=DIRECTION('',(0.,0.,1.));
#8944=DIRECTION('center_axis',(0.,0.,-1.));
#8945=DIRECTION('ref_axis',(-0.20791169081776,-0.978147600733805,0.));
#8946=DIRECTION('center_axis',(0.,0.,1.));
#8947=DIRECTION('ref_axis',(-0.20791169081776,-0.978147600733806,0.));
#8948=DIRECTION('center_axis',(0.,0.,-1.));
#8949=DIRECTION('ref_axis',(-0.20791169081776,-0.978147600733806,0.));
#8950=DIRECTION('center_axis',(0.,0.,1.));
#8951=DIRECTION('ref_axis',(-0.20791169081776,-0.978147600733806,0.));
#8952=DIRECTION('center_axis',(0.,0.,1.));
#8953=DIRECTION('ref_axis',(1.,0.,0.));
#8954=DIRECTION('center_axis',(0.,0.,1.));
#8955=DIRECTION('ref_axis',(1.,0.,0.));
#8956=DIRECTION('',(0.,0.,1.));
#8957=DIRECTION('center_axis',(0.,0.,-1.));
#8958=DIRECTION('ref_axis',(1.,0.,0.));
#8959=DIRECTION('center_axis',(0.,0.,1.));
#8960=DIRECTION('ref_axis',(0.531899163534732,-0.84680769944011,0.));
#8961=DIRECTION('center_axis',(0.,0.,1.));
#8962=DIRECTION('ref_axis',(0.531899163534732,-0.84680769944011,0.));
#8963=DIRECTION('',(0.,0.,-1.));
#8964=DIRECTION('center_axis',(0.,0.,-1.));
#8965=DIRECTION('ref_axis',(0.531899163534732,-0.84680769944011,0.));
#8966=DIRECTION('center_axis',(0.,0.,1.));
#8967=DIRECTION('ref_axis',(-0.309016994374948,-0.951056516295154,0.));
#8968=DIRECTION('center_axis',(0.,0.,-1.));
#8969=DIRECTION('ref_axis',(-0.309016994374948,-0.951056516295154,0.));
#8970=DIRECTION('',(0.,0.,-1.));
#8971=DIRECTION('center_axis',(0.,0.,1.));
#8972=DIRECTION('ref_axis',(-0.309016994374948,-0.951056516295154,0.));
#8973=DIRECTION('center_axis',(0.,0.,-1.));
#8974=DIRECTION('ref_axis',(0.928056539852032,0.372439335782182,0.));
#8975=DIRECTION('center_axis',(0.,0.,-1.));
#8976=DIRECTION('ref_axis',(0.928056539852032,0.372439335782182,0.));
#8977=DIRECTION('',(0.,0.,1.));
#8978=DIRECTION('center_axis',(0.,0.,1.));
#8979=DIRECTION('ref_axis',(0.928056539852032,0.372439335782182,0.));
#8980=DIRECTION('',(0.,0.,-1.));
#8981=DIRECTION('center_axis',(0.,0.,1.));
#8982=DIRECTION('ref_axis',(-0.309016994374948,-0.951056516295154,0.));
#8983=DIRECTION('center_axis',(0.,0.,1.));
#8984=DIRECTION('ref_axis',(-0.309016994374948,-0.951056516295154,0.));
#8985=DIRECTION('',(0.,0.,1.));
#8986=DIRECTION('center_axis',(0.,0.,-1.));
#8987=DIRECTION('ref_axis',(-0.309016994374948,-0.951056516295154,0.));
#8988=DIRECTION('center_axis',(0.,0.,1.));
#8989=DIRECTION('ref_axis',(-0.309016994374948,-0.951056516295154,0.));
#8990=DIRECTION('center_axis',(0.,0.,-1.));
#8991=DIRECTION('ref_axis',(-0.309016994374948,-0.951056516295154,0.));
#8992=DIRECTION('center_axis',(0.,0.,1.));
#8993=DIRECTION('ref_axis',(-0.309016994374948,-0.951056516295154,0.));
#8994=DIRECTION('center_axis',(0.,0.,1.));
#8995=DIRECTION('ref_axis',(1.,0.,0.));
#8996=DIRECTION('center_axis',(0.,0.,1.));
#8997=DIRECTION('ref_axis',(1.,0.,0.));
#8998=DIRECTION('',(0.,0.,1.));
#8999=DIRECTION('center_axis',(0.,0.,-1.));
#9000=DIRECTION('ref_axis',(1.,0.,0.));
#9001=DIRECTION('center_axis',(0.,0.,1.));
#9002=DIRECTION('ref_axis',(0.440469856757657,-0.897767400437268,0.));
#9003=DIRECTION('center_axis',(0.,0.,1.));
#9004=DIRECTION('ref_axis',(0.440469856757657,-0.897767400437268,0.));
#9005=DIRECTION('',(0.,0.,-1.));
#9006=DIRECTION('center_axis',(0.,0.,-1.));
#9007=DIRECTION('ref_axis',(0.440469856757657,-0.897767400437268,0.));
#9008=DIRECTION('center_axis',(0.,0.,1.));
#9009=DIRECTION('ref_axis',(-0.406736643075801,-0.913545457642601,0.));
#9010=DIRECTION('center_axis',(0.,0.,-1.));
#9011=DIRECTION('ref_axis',(-0.406736643075801,-0.913545457642601,0.));
#9012=DIRECTION('',(0.,0.,-1.));
#9013=DIRECTION('center_axis',(0.,0.,1.));
#9014=DIRECTION('ref_axis',(-0.406736643075801,-0.913545457642601,0.));
#9015=DIRECTION('center_axis',(0.,0.,-1.));
#9016=DIRECTION('ref_axis',(0.961903060452302,0.273390750195567,0.));
#9017=DIRECTION('center_axis',(0.,0.,-1.));
#9018=DIRECTION('ref_axis',(0.961903060452302,0.273390750195567,0.));
#9019=DIRECTION('',(0.,0.,1.));
#9020=DIRECTION('center_axis',(0.,0.,1.));
#9021=DIRECTION('ref_axis',(0.961903060452302,0.273390750195567,0.));
#9022=DIRECTION('',(0.,0.,-1.));
#9023=DIRECTION('center_axis',(0.,0.,1.));
#9024=DIRECTION('ref_axis',(-0.406736643075801,-0.913545457642601,0.));
#9025=DIRECTION('center_axis',(0.,0.,1.));
#9026=DIRECTION('ref_axis',(-0.406736643075801,-0.913545457642601,0.));
#9027=DIRECTION('',(0.,0.,1.));
#9028=DIRECTION('center_axis',(0.,0.,-1.));
#9029=DIRECTION('ref_axis',(-0.406736643075801,-0.913545457642601,0.));
#9030=DIRECTION('center_axis',(0.,0.,1.));
#9031=DIRECTION('ref_axis',(-0.406736643075801,-0.913545457642601,0.));
#9032=DIRECTION('center_axis',(0.,0.,-1.));
#9033=DIRECTION('ref_axis',(-0.406736643075801,-0.913545457642601,0.));
#9034=DIRECTION('center_axis',(0.,0.,1.));
#9035=DIRECTION('ref_axis',(-0.406736643075801,-0.913545457642601,0.));
#9036=DIRECTION('center_axis',(0.,0.,1.));
#9037=DIRECTION('ref_axis',(1.,0.,0.));
#9038=DIRECTION('center_axis',(0.,0.,1.));
#9039=DIRECTION('ref_axis',(1.,0.,0.));
#9040=DIRECTION('',(0.,0.,1.));
#9041=DIRECTION('center_axis',(0.,0.,-1.));
#9042=DIRECTION('ref_axis',(1.,0.,0.));
#9043=DIRECTION('center_axis',(0.,0.,1.));
#9044=DIRECTION('ref_axis',(0.344214670055733,-0.938890973925313,0.));
#9045=DIRECTION('center_axis',(0.,0.,1.));
#9046=DIRECTION('ref_axis',(0.344214670055733,-0.938890973925313,0.));
#9047=DIRECTION('',(0.,0.,-1.));
#9048=DIRECTION('center_axis',(0.,0.,-1.));
#9049=DIRECTION('ref_axis',(0.344214670055733,-0.938890973925313,0.));
#9050=DIRECTION('center_axis',(0.,0.,1.));
#9051=DIRECTION('ref_axis',(-0.5,-0.866025403784438,0.));
#9052=DIRECTION('center_axis',(0.,0.,-1.));
#9053=DIRECTION('ref_axis',(-0.5,-0.866025403784438,0.));
#9054=DIRECTION('',(0.,0.,-1.));
#9055=DIRECTION('center_axis',(0.,0.,1.));
#9056=DIRECTION('ref_axis',(-0.5,-0.866025403784438,0.));
#9057=DIRECTION('center_axis',(0.,0.,-1.));
#9058=DIRECTION('ref_axis',(0.985210769831099,0.171346838339123,0.));
#9059=DIRECTION('center_axis',(0.,0.,-1.));
#9060=DIRECTION('ref_axis',(0.985210769831099,0.171346838339123,0.));
#9061=DIRECTION('',(0.,0.,1.));
#9062=DIRECTION('center_axis',(0.,0.,1.));
#9063=DIRECTION('ref_axis',(0.985210769831099,0.171346838339123,0.));
#9064=DIRECTION('',(0.,0.,-1.));
#9065=DIRECTION('center_axis',(0.,0.,1.));
#9066=DIRECTION('ref_axis',(-0.5,-0.866025403784438,0.));
#9067=DIRECTION('center_axis',(0.,0.,1.));
#9068=DIRECTION('ref_axis',(-0.5,-0.866025403784438,0.));
#9069=DIRECTION('',(0.,0.,1.));
#9070=DIRECTION('center_axis',(0.,0.,-1.));
#9071=DIRECTION('ref_axis',(-0.5,-0.866025403784438,0.));
#9072=DIRECTION('center_axis',(0.,0.,1.));
#9073=DIRECTION('ref_axis',(-0.5,-0.866025403784438,0.));
#9074=DIRECTION('center_axis',(0.,0.,-1.));
#9075=DIRECTION('ref_axis',(-0.5,-0.866025403784438,0.));
#9076=DIRECTION('center_axis',(0.,0.,1.));
#9077=DIRECTION('ref_axis',(-0.5,-0.866025403784438,0.));
#9078=DIRECTION('center_axis',(0.,0.,1.));
#9079=DIRECTION('ref_axis',(1.,0.,0.));
#9080=DIRECTION('center_axis',(0.,0.,1.));
#9081=DIRECTION('ref_axis',(1.,0.,0.));
#9082=DIRECTION('',(0.,0.,1.));
#9083=DIRECTION('center_axis',(0.,0.,-1.));
#9084=DIRECTION('ref_axis',(1.,0.,0.));
#9085=DIRECTION('center_axis',(0.,0.,1.));
#9086=DIRECTION('ref_axis',(0.244188195397087,-0.96972786142748,0.));
#9087=DIRECTION('center_axis',(0.,0.,1.));
#9088=DIRECTION('ref_axis',(0.244188195397087,-0.96972786142748,0.));
#9089=DIRECTION('',(0.,0.,-1.));
#9090=DIRECTION('center_axis',(0.,0.,-1.));
#9091=DIRECTION('ref_axis',(0.244188195397087,-0.96972786142748,0.));
#9092=DIRECTION('center_axis',(0.,0.,1.));
#9093=DIRECTION('ref_axis',(-0.587785252292473,-0.809016994374947,0.));
#9094=DIRECTION('center_axis',(0.,0.,-1.));
#9095=DIRECTION('ref_axis',(-0.587785252292473,-0.809016994374947,0.));
#9096=DIRECTION('',(0.,0.,-1.));
#9097=DIRECTION('center_axis',(0.,0.,1.));
#9098=DIRECTION('ref_axis',(-0.587785252292473,-0.809016994374947,0.));
#9099=DIRECTION('center_axis',(0.,0.,-1.));
#9100=DIRECTION('ref_axis',(0.997724303847021,0.0674256146651824,0.));
#9101=DIRECTION('center_axis',(0.,0.,-1.));
#9102=DIRECTION('ref_axis',(0.997724303847021,0.0674256146651824,0.));
#9103=DIRECTION('',(0.,0.,1.));
#9104=DIRECTION('center_axis',(0.,0.,1.));
#9105=DIRECTION('ref_axis',(0.997724303847021,0.0674256146651824,0.));
#9106=DIRECTION('',(0.,0.,-1.));
#9107=DIRECTION('center_axis',(0.,0.,1.));
#9108=DIRECTION('ref_axis',(-0.587785252292473,-0.809016994374947,0.));
#9109=DIRECTION('center_axis',(0.,0.,1.));
#9110=DIRECTION('ref_axis',(-0.587785252292473,-0.809016994374947,0.));
#9111=DIRECTION('',(0.,0.,1.));
#9112=DIRECTION('center_axis',(0.,0.,-1.));
#9113=DIRECTION('ref_axis',(-0.587785252292473,-0.809016994374947,0.));
#9114=DIRECTION('center_axis',(0.,0.,1.));
#9115=DIRECTION('ref_axis',(-0.587785252292473,-0.809016994374947,0.));
#9116=DIRECTION('center_axis',(0.,0.,-1.));
#9117=DIRECTION('ref_axis',(-0.587785252292473,-0.809016994374947,0.));
#9118=DIRECTION('center_axis',(0.,0.,1.));
#9119=DIRECTION('ref_axis',(-0.587785252292473,-0.809016994374947,0.));
#9120=DIRECTION('center_axis',(0.,0.,1.));
#9121=DIRECTION('ref_axis',(1.,0.,0.));
#9122=DIRECTION('center_axis',(0.,0.,1.));
#9123=DIRECTION('ref_axis',(1.,0.,0.));
#9124=DIRECTION('',(0.,0.,1.));
#9125=DIRECTION('center_axis',(0.,0.,-1.));
#9126=DIRECTION('ref_axis',(1.,0.,0.));
#9127=DIRECTION('center_axis',(0.,0.,1.));
#9128=DIRECTION('ref_axis',(0.141486343770033,-0.989940207551238,0.));
#9129=DIRECTION('center_axis',(0.,0.,1.));
#9130=DIRECTION('ref_axis',(0.141486343770033,-0.989940207551238,0.));
#9131=DIRECTION('',(0.,0.,-1.));
#9132=DIRECTION('center_axis',(0.,0.,-1.));
#9133=DIRECTION('ref_axis',(0.141486343770033,-0.989940207551238,0.));
#9134=DIRECTION('center_axis',(0.,0.,1.));
#9135=DIRECTION('ref_axis',(-0.669130606358859,-0.743144825477394,0.));
#9136=DIRECTION('center_axis',(0.,0.,-1.));
#9137=DIRECTION('ref_axis',(-0.669130606358859,-0.743144825477394,0.));
#9138=DIRECTION('',(0.,0.,-1.));
#9139=DIRECTION('center_axis',(0.,0.,1.));
#9140=DIRECTION('ref_axis',(-0.669130606358859,-0.743144825477394,0.));
#9141=DIRECTION('center_axis',(0.,0.,-1.));
#9142=DIRECTION('ref_axis',(0.999306561602759,-0.0372343381527224,0.));
#9143=DIRECTION('center_axis',(0.,0.,-1.));
#9144=DIRECTION('ref_axis',(0.999306561602759,-0.0372343381527224,0.));
#9145=DIRECTION('',(0.,0.,1.));
#9146=DIRECTION('center_axis',(0.,0.,1.));
#9147=DIRECTION('ref_axis',(0.999306561602759,-0.0372343381527224,0.));
#9148=DIRECTION('',(0.,0.,-1.));
#9149=DIRECTION('center_axis',(0.,0.,1.));
#9150=DIRECTION('ref_axis',(-0.669130606358859,-0.743144825477394,0.));
#9151=DIRECTION('center_axis',(0.,0.,1.));
#9152=DIRECTION('ref_axis',(-0.669130606358859,-0.743144825477394,0.));
#9153=DIRECTION('',(0.,0.,1.));
#9154=DIRECTION('center_axis',(0.,0.,-1.));
#9155=DIRECTION('ref_axis',(-0.669130606358859,-0.743144825477394,0.));
#9156=DIRECTION('center_axis',(0.,0.,1.));
#9157=DIRECTION('ref_axis',(-0.669130606358858,-0.743144825477394,0.));
#9158=DIRECTION('center_axis',(0.,0.,-1.));
#9159=DIRECTION('ref_axis',(-0.669130606358858,-0.743144825477394,0.));
#9160=DIRECTION('center_axis',(0.,0.,1.));
#9161=DIRECTION('ref_axis',(-0.669130606358858,-0.743144825477394,0.));
#9162=DIRECTION('center_axis',(0.,0.,1.));
#9163=DIRECTION('ref_axis',(1.,0.,0.));
#9164=DIRECTION('center_axis',(0.,0.,1.));
#9165=DIRECTION('ref_axis',(1.,0.,0.));
#9166=DIRECTION('',(0.,0.,1.));
#9167=DIRECTION('center_axis',(0.,0.,-1.));
#9168=DIRECTION('ref_axis',(1.,0.,0.));
#9169=DIRECTION('center_axis',(0.,0.,1.));
#9170=DIRECTION('ref_axis',(0.0372343381527224,-0.999306561602759,0.));
#9171=DIRECTION('center_axis',(0.,0.,1.));
#9172=DIRECTION('ref_axis',(0.0372343381527224,-0.999306561602759,0.));
#9173=DIRECTION('',(0.,0.,-1.));
#9174=DIRECTION('center_axis',(0.,0.,-1.));
#9175=DIRECTION('ref_axis',(0.0372343381527224,-0.999306561602759,0.));
#9176=DIRECTION('center_axis',(0.,0.,1.));
#9177=DIRECTION('ref_axis',(-0.743144825477394,-0.669130606358858,0.));
#9178=DIRECTION('center_axis',(0.,0.,-1.));
#9179=DIRECTION('ref_axis',(-0.743144825477394,-0.669130606358858,0.));
#9180=DIRECTION('',(0.,0.,-1.));
#9181=DIRECTION('center_axis',(0.,0.,1.));
#9182=DIRECTION('ref_axis',(-0.743144825477394,-0.669130606358858,0.));
#9183=DIRECTION('center_axis',(0.,0.,-1.));
#9184=DIRECTION('ref_axis',(0.989940207551241,-0.141486343770014,0.));
#9185=DIRECTION('center_axis',(0.,0.,-1.));
#9186=DIRECTION('ref_axis',(0.989940207551241,-0.141486343770014,0.));
#9187=DIRECTION('',(0.,0.,1.));
#9188=DIRECTION('center_axis',(0.,0.,1.));
#9189=DIRECTION('ref_axis',(0.989940207551241,-0.141486343770014,0.));
#9190=DIRECTION('',(0.,0.,-1.));
#9191=DIRECTION('center_axis',(0.,0.,1.));
#9192=DIRECTION('ref_axis',(-0.743144825477394,-0.669130606358858,0.));
#9193=DIRECTION('center_axis',(0.,0.,1.));
#9194=DIRECTION('ref_axis',(-0.743144825477394,-0.669130606358858,0.));
#9195=DIRECTION('',(0.,0.,1.));
#9196=DIRECTION('center_axis',(0.,0.,-1.));
#9197=DIRECTION('ref_axis',(-0.743144825477394,-0.669130606358858,0.));
#9198=DIRECTION('center_axis',(0.,0.,1.));
#9199=DIRECTION('ref_axis',(-0.743144825477394,-0.669130606358858,0.));
#9200=DIRECTION('center_axis',(0.,0.,-1.));
#9201=DIRECTION('ref_axis',(-0.743144825477394,-0.669130606358858,0.));
#9202=DIRECTION('center_axis',(0.,0.,1.));
#9203=DIRECTION('ref_axis',(-0.743144825477394,-0.669130606358858,0.));
#9204=DIRECTION('center_axis',(0.,0.,1.));
#9205=DIRECTION('ref_axis',(1.,0.,0.));
#9206=DIRECTION('center_axis',(0.,0.,1.));
#9207=DIRECTION('ref_axis',(1.,0.,0.));
#9208=DIRECTION('',(0.,0.,1.));
#9209=DIRECTION('center_axis',(0.,0.,-1.));
#9210=DIRECTION('ref_axis',(1.,0.,0.));
#9211=DIRECTION('center_axis',(0.,0.,1.));
#9212=DIRECTION('ref_axis',(-0.0674256146652022,-0.997724303847019,0.));
#9213=DIRECTION('center_axis',(0.,0.,1.));
#9214=DIRECTION('ref_axis',(-0.0674256146652022,-0.997724303847019,0.));
#9215=DIRECTION('',(0.,0.,-1.));
#9216=DIRECTION('center_axis',(0.,0.,-1.));
#9217=DIRECTION('ref_axis',(-0.0674256146652022,-0.997724303847019,0.));
#9218=DIRECTION('center_axis',(0.,0.,1.));
#9219=DIRECTION('ref_axis',(-0.809016994374948,-0.587785252292473,0.));
#9220=DIRECTION('center_axis',(0.,0.,-1.));
#9221=DIRECTION('ref_axis',(-0.809016994374948,-0.587785252292473,0.));
#9222=DIRECTION('',(0.,0.,-1.));
#9223=DIRECTION('center_axis',(0.,0.,1.));
#9224=DIRECTION('ref_axis',(-0.809016994374948,-0.587785252292473,0.));
#9225=DIRECTION('center_axis',(0.,0.,-1.));
#9226=DIRECTION('ref_axis',(0.969727861427481,-0.244188195397083,0.));
#9227=DIRECTION('center_axis',(0.,0.,-1.));
#9228=DIRECTION('ref_axis',(0.969727861427481,-0.244188195397083,0.));
#9229=DIRECTION('',(0.,0.,1.));
#9230=DIRECTION('center_axis',(0.,0.,1.));
#9231=DIRECTION('ref_axis',(0.969727861427481,-0.244188195397083,0.));
#9232=DIRECTION('',(0.,0.,-1.));
#9233=DIRECTION('center_axis',(0.,0.,1.));
#9234=DIRECTION('ref_axis',(-0.809016994374948,-0.587785252292473,0.));
#9235=DIRECTION('center_axis',(0.,0.,1.));
#9236=DIRECTION('ref_axis',(-0.809016994374948,-0.587785252292473,0.));
#9237=DIRECTION('',(0.,0.,1.));
#9238=DIRECTION('center_axis',(0.,0.,-1.));
#9239=DIRECTION('ref_axis',(-0.809016994374948,-0.587785252292473,0.));
#9240=DIRECTION('center_axis',(0.,0.,1.));
#9241=DIRECTION('ref_axis',(-0.809016994374947,-0.587785252292473,0.));
#9242=DIRECTION('center_axis',(0.,0.,-1.));
#9243=DIRECTION('ref_axis',(-0.809016994374947,-0.587785252292473,0.));
#9244=DIRECTION('center_axis',(0.,0.,1.));
#9245=DIRECTION('ref_axis',(-0.809016994374947,-0.587785252292473,0.));
#9246=DIRECTION('center_axis',(0.,0.,1.));
#9247=DIRECTION('ref_axis',(1.,0.,0.));
#9248=DIRECTION('center_axis',(0.,0.,1.));
#9249=DIRECTION('ref_axis',(1.,0.,0.));
#9250=DIRECTION('',(0.,0.,1.));
#9251=DIRECTION('center_axis',(0.,0.,-1.));
#9252=DIRECTION('ref_axis',(1.,0.,0.));
#9253=DIRECTION('center_axis',(0.,0.,1.));
#9254=DIRECTION('ref_axis',(-0.171346838339123,-0.985210769831099,0.));
#9255=DIRECTION('center_axis',(0.,0.,1.));
#9256=DIRECTION('ref_axis',(-0.171346838339123,-0.985210769831099,0.));
#9257=DIRECTION('',(0.,0.,-1.));
#9258=DIRECTION('center_axis',(0.,0.,-1.));
#9259=DIRECTION('ref_axis',(-0.171346838339123,-0.985210769831099,0.));
#9260=DIRECTION('center_axis',(0.,0.,1.));
#9261=DIRECTION('ref_axis',(-0.866025403784439,-0.5,0.));
#9262=DIRECTION('center_axis',(0.,0.,-1.));
#9263=DIRECTION('ref_axis',(-0.866025403784439,-0.5,0.));
#9264=DIRECTION('',(0.,0.,-1.));
#9265=DIRECTION('center_axis',(0.,0.,1.));
#9266=DIRECTION('ref_axis',(-0.866025403784439,-0.5,0.));
#9267=DIRECTION('center_axis',(0.,0.,-1.));
#9268=DIRECTION('ref_axis',(0.938890973925319,-0.344214670055716,0.));
#9269=DIRECTION('center_axis',(0.,0.,-1.));
#9270=DIRECTION('ref_axis',(0.938890973925319,-0.344214670055716,0.));
#9271=DIRECTION('',(0.,0.,1.));
#9272=DIRECTION('center_axis',(0.,0.,1.));
#9273=DIRECTION('ref_axis',(0.938890973925319,-0.344214670055716,0.));
#9274=DIRECTION('',(0.,0.,-1.));
#9275=DIRECTION('center_axis',(0.,0.,1.));
#9276=DIRECTION('ref_axis',(-0.866025403784439,-0.5,0.));
#9277=DIRECTION('center_axis',(0.,0.,1.));
#9278=DIRECTION('ref_axis',(-0.866025403784439,-0.5,0.));
#9279=DIRECTION('',(0.,0.,1.));
#9280=DIRECTION('center_axis',(0.,0.,-1.));
#9281=DIRECTION('ref_axis',(-0.866025403784439,-0.5,0.));
#9282=DIRECTION('center_axis',(0.,0.,1.));
#9283=DIRECTION('ref_axis',(-0.866025403784439,-0.5,0.));
#9284=DIRECTION('center_axis',(0.,0.,-1.));
#9285=DIRECTION('ref_axis',(-0.866025403784439,-0.5,0.));
#9286=DIRECTION('center_axis',(0.,0.,1.));
#9287=DIRECTION('ref_axis',(-0.866025403784439,-0.5,0.));
#9288=DIRECTION('center_axis',(0.,0.,1.));
#9289=DIRECTION('ref_axis',(1.,0.,0.));
#9290=DIRECTION('center_axis',(0.,0.,1.));
#9291=DIRECTION('ref_axis',(1.,0.,0.));
#9292=DIRECTION('',(0.,0.,1.));
#9293=DIRECTION('center_axis',(0.,0.,-1.));
#9294=DIRECTION('ref_axis',(1.,0.,0.));
#9295=DIRECTION('center_axis',(0.,0.,1.));
#9296=DIRECTION('ref_axis',(-0.273390750195577,-0.961903060452299,0.));
#9297=DIRECTION('center_axis',(0.,0.,1.));
#9298=DIRECTION('ref_axis',(-0.273390750195577,-0.961903060452299,0.));
#9299=DIRECTION('',(0.,0.,-1.));
#9300=DIRECTION('center_axis',(0.,0.,-1.));
#9301=DIRECTION('ref_axis',(-0.273390750195577,-0.961903060452299,0.));
#9302=DIRECTION('center_axis',(0.,0.,1.));
#9303=DIRECTION('ref_axis',(-0.913545457642601,-0.4067366430758,0.));
#9304=DIRECTION('center_axis',(0.,0.,-1.));
#9305=DIRECTION('ref_axis',(-0.913545457642601,-0.4067366430758,0.));
#9306=DIRECTION('',(0.,0.,-1.));
#9307=DIRECTION('center_axis',(0.,0.,1.));
#9308=DIRECTION('ref_axis',(-0.913545457642601,-0.4067366430758,0.));
#9309=DIRECTION('center_axis',(0.,0.,-1.));
#9310=DIRECTION('ref_axis',(0.897767400437268,-0.440469856757657,0.));
#9311=DIRECTION('center_axis',(0.,0.,-1.));
#9312=DIRECTION('ref_axis',(0.897767400437268,-0.440469856757657,0.));
#9313=DIRECTION('',(0.,0.,1.));
#9314=DIRECTION('center_axis',(0.,0.,1.));
#9315=DIRECTION('ref_axis',(0.897767400437268,-0.440469856757657,0.));
#9316=DIRECTION('',(0.,0.,-1.));
#9317=DIRECTION('center_axis',(0.,0.,1.));
#9318=DIRECTION('ref_axis',(-0.913545457642601,-0.4067366430758,0.));
#9319=DIRECTION('center_axis',(0.,0.,1.));
#9320=DIRECTION('ref_axis',(-0.913545457642601,-0.4067366430758,0.));
#9321=DIRECTION('',(0.,0.,1.));
#9322=DIRECTION('center_axis',(0.,0.,-1.));
#9323=DIRECTION('ref_axis',(-0.913545457642601,-0.4067366430758,0.));
#9324=DIRECTION('center_axis',(0.,0.,1.));
#9325=DIRECTION('ref_axis',(-0.913545457642601,-0.4067366430758,0.));
#9326=DIRECTION('center_axis',(0.,0.,-1.));
#9327=DIRECTION('ref_axis',(-0.913545457642601,-0.4067366430758,0.));
#9328=DIRECTION('center_axis',(0.,0.,1.));
#9329=DIRECTION('ref_axis',(-0.913545457642601,-0.4067366430758,0.));
#9330=DIRECTION('center_axis',(0.,0.,1.));
#9331=DIRECTION('ref_axis',(1.,0.,0.));
#9332=DIRECTION('center_axis',(0.,0.,1.));
#9333=DIRECTION('ref_axis',(1.,0.,0.));
#9334=DIRECTION('',(0.,0.,1.));
#9335=DIRECTION('center_axis',(0.,0.,-1.));
#9336=DIRECTION('ref_axis',(1.,0.,0.));
#9337=DIRECTION('center_axis',(0.,0.,1.));
#9338=DIRECTION('ref_axis',(-0.372439335782191,-0.928056539852029,0.));
#9339=DIRECTION('center_axis',(0.,0.,1.));
#9340=DIRECTION('ref_axis',(-0.372439335782191,-0.928056539852029,0.));
#9341=DIRECTION('',(0.,0.,-1.));
#9342=DIRECTION('center_axis',(0.,0.,-1.));
#9343=DIRECTION('ref_axis',(-0.372439335782191,-0.928056539852029,0.));
#9344=DIRECTION('center_axis',(0.,0.,1.));
#9345=DIRECTION('ref_axis',(-0.951056516295154,-0.309016994374947,0.));
#9346=DIRECTION('center_axis',(0.,0.,-1.));
#9347=DIRECTION('ref_axis',(-0.951056516295154,-0.309016994374947,0.));
#9348=DIRECTION('',(0.,0.,-1.));
#9349=DIRECTION('center_axis',(0.,0.,1.));
#9350=DIRECTION('ref_axis',(-0.951056516295154,-0.309016994374947,0.));
#9351=DIRECTION('center_axis',(0.,0.,-1.));
#9352=DIRECTION('ref_axis',(0.846807699440107,-0.531899163534737,0.));
#9353=DIRECTION('center_axis',(0.,0.,-1.));
#9354=DIRECTION('ref_axis',(0.846807699440107,-0.531899163534737,0.));
#9355=DIRECTION('',(0.,0.,1.));
#9356=DIRECTION('center_axis',(0.,0.,1.));
#9357=DIRECTION('ref_axis',(0.846807699440107,-0.531899163534737,0.));
#9358=DIRECTION('',(0.,0.,-1.));
#9359=DIRECTION('center_axis',(0.,0.,1.));
#9360=DIRECTION('ref_axis',(-0.951056516295154,-0.309016994374947,0.));
#9361=DIRECTION('center_axis',(0.,0.,1.));
#9362=DIRECTION('ref_axis',(-0.951056516295154,-0.309016994374947,0.));
#9363=DIRECTION('',(0.,0.,1.));
#9364=DIRECTION('center_axis',(0.,0.,-1.));
#9365=DIRECTION('ref_axis',(-0.951056516295154,-0.309016994374947,0.));
#9366=DIRECTION('center_axis',(0.,0.,1.));
#9367=DIRECTION('ref_axis',(-0.951056516295154,-0.309016994374947,0.));
#9368=DIRECTION('center_axis',(0.,0.,-1.));
#9369=DIRECTION('ref_axis',(-0.951056516295154,-0.309016994374947,0.));
#9370=DIRECTION('center_axis',(0.,0.,1.));
#9371=DIRECTION('ref_axis',(-0.951056516295154,-0.309016994374947,0.));
#9372=DIRECTION('center_axis',(0.,0.,1.));
#9373=DIRECTION('ref_axis',(1.,0.,0.));
#9374=DIRECTION('center_axis',(0.,0.,1.));
#9375=DIRECTION('ref_axis',(1.,0.,0.));
#9376=DIRECTION('',(0.,0.,1.));
#9377=DIRECTION('center_axis',(0.,0.,-1.));
#9378=DIRECTION('ref_axis',(1.,0.,0.));
#9379=DIRECTION('center_axis',(0.,0.,1.));
#9380=DIRECTION('ref_axis',(-0.467407398068033,-0.884042037592824,0.));
#9381=DIRECTION('center_axis',(0.,0.,1.));
#9382=DIRECTION('ref_axis',(-0.467407398068033,-0.884042037592824,0.));
#9383=DIRECTION('',(0.,0.,-1.));
#9384=DIRECTION('center_axis',(0.,0.,-1.));
#9385=DIRECTION('ref_axis',(-0.467407398068033,-0.884042037592824,0.));
#9386=DIRECTION('center_axis',(0.,0.,1.));
#9387=DIRECTION('ref_axis',(-0.978147600733806,-0.207911690817759,0.));
#9388=DIRECTION('center_axis',(0.,0.,-1.));
#9389=DIRECTION('ref_axis',(-0.978147600733806,-0.207911690817759,0.));
#9390=DIRECTION('',(0.,0.,-1.));
#9391=DIRECTION('center_axis',(0.,0.,1.));
#9392=DIRECTION('ref_axis',(-0.978147600733806,-0.207911690817759,0.));
#9393=DIRECTION('center_axis',(0.,0.,-1.));
#9394=DIRECTION('ref_axis',(0.786570196081994,-0.617500871769047,0.));
#9395=DIRECTION('center_axis',(0.,0.,-1.));
#9396=DIRECTION('ref_axis',(0.786570196081994,-0.617500871769047,0.));
#9397=DIRECTION('',(0.,0.,1.));
#9398=DIRECTION('center_axis',(0.,0.,1.));
#9399=DIRECTION('ref_axis',(0.786570196081994,-0.617500871769047,0.));
#9400=DIRECTION('',(0.,0.,-1.));
#9401=DIRECTION('center_axis',(0.,0.,1.));
#9402=DIRECTION('ref_axis',(-0.978147600733806,-0.207911690817759,0.));
#9403=DIRECTION('center_axis',(0.,0.,1.));
#9404=DIRECTION('ref_axis',(-0.978147600733806,-0.207911690817759,0.));
#9405=DIRECTION('',(0.,0.,1.));
#9406=DIRECTION('center_axis',(0.,0.,-1.));
#9407=DIRECTION('ref_axis',(-0.978147600733806,-0.207911690817759,0.));
#9408=DIRECTION('center_axis',(0.,0.,1.));
#9409=DIRECTION('ref_axis',(-0.978147600733806,-0.207911690817759,0.));
#9410=DIRECTION('center_axis',(0.,0.,-1.));
#9411=DIRECTION('ref_axis',(-0.978147600733806,-0.207911690817759,0.));
#9412=DIRECTION('center_axis',(0.,0.,1.));
#9413=DIRECTION('ref_axis',(-0.978147600733806,-0.207911690817759,0.));
#9414=DIRECTION('center_axis',(0.,0.,1.));
#9415=DIRECTION('ref_axis',(1.,0.,0.));
#9416=DIRECTION('center_axis',(0.,0.,1.));
#9417=DIRECTION('ref_axis',(1.,0.,0.));
#9418=DIRECTION('',(0.,0.,1.));
#9419=DIRECTION('center_axis',(0.,0.,-1.));
#9420=DIRECTION('ref_axis',(1.,0.,0.));
#9421=DIRECTION('center_axis',(0.,0.,1.));
#9422=DIRECTION('ref_axis',(-0.557254447089366,-0.830341785772055,0.));
#9423=DIRECTION('center_axis',(0.,0.,1.));
#9424=DIRECTION('ref_axis',(-0.557254447089366,-0.830341785772055,0.));
#9425=DIRECTION('',(0.,0.,-1.));
#9426=DIRECTION('center_axis',(0.,0.,-1.));
#9427=DIRECTION('ref_axis',(-0.557254447089366,-0.830341785772055,0.));
#9428=DIRECTION('center_axis',(0.,0.,1.));
#9429=DIRECTION('ref_axis',(-0.994521895368273,-0.104528463267653,0.));
#9430=DIRECTION('center_axis',(0.,0.,-1.));
#9431=DIRECTION('ref_axis',(-0.994521895368273,-0.104528463267653,0.));
#9432=DIRECTION('',(0.,0.,-1.));
#9433=DIRECTION('center_axis',(0.,0.,1.));
#9434=DIRECTION('ref_axis',(-0.994521895368273,-0.104528463267653,0.));
#9435=DIRECTION('center_axis',(0.,0.,-1.));
#9436=DIRECTION('ref_axis',(0.717714865055196,-0.69633711123191,0.));
#9437=DIRECTION('center_axis',(0.,0.,-1.));
#9438=DIRECTION('ref_axis',(0.717714865055196,-0.69633711123191,0.));
#9439=DIRECTION('',(0.,0.,1.));
#9440=DIRECTION('center_axis',(0.,0.,1.));
#9441=DIRECTION('ref_axis',(0.717714865055196,-0.69633711123191,0.));
#9442=DIRECTION('',(0.,0.,-1.));
#9443=DIRECTION('center_axis',(0.,0.,1.));
#9444=DIRECTION('ref_axis',(-0.994521895368273,-0.104528463267653,0.));
#9445=DIRECTION('center_axis',(0.,0.,1.));
#9446=DIRECTION('ref_axis',(-0.994521895368273,-0.104528463267653,0.));
#9447=DIRECTION('',(0.,0.,1.));
#9448=DIRECTION('center_axis',(0.,0.,-1.));
#9449=DIRECTION('ref_axis',(-0.994521895368273,-0.104528463267653,0.));
#9450=DIRECTION('center_axis',(0.,0.,1.));
#9451=DIRECTION('ref_axis',(-0.994521895368273,-0.104528463267653,0.));
#9452=DIRECTION('center_axis',(0.,0.,-1.));
#9453=DIRECTION('ref_axis',(-0.994521895368273,-0.104528463267653,0.));
#9454=DIRECTION('center_axis',(0.,0.,1.));
#9455=DIRECTION('ref_axis',(-0.994521895368273,-0.104528463267653,0.));
#9456=DIRECTION('center_axis',(0.,0.,1.));
#9457=DIRECTION('ref_axis',(1.,0.,0.));
#9458=DIRECTION('center_axis',(0.,0.,1.));
#9459=DIRECTION('ref_axis',(1.,0.,0.));
#9460=DIRECTION('',(0.,0.,1.));
#9461=DIRECTION('center_axis',(0.,0.,-1.));
#9462=DIRECTION('ref_axis',(1.,0.,0.));
#9463=DIRECTION('center_axis',(0.,0.,1.));
#9464=DIRECTION('ref_axis',(-0.640996099775384,-0.767544135586187,0.));
#9465=DIRECTION('center_axis',(0.,0.,1.));
#9466=DIRECTION('ref_axis',(-0.640996099775384,-0.767544135586187,0.));
#9467=DIRECTION('',(0.,0.,-1.));
#9468=DIRECTION('center_axis',(0.,0.,-1.));
#9469=DIRECTION('ref_axis',(-0.640996099775384,-0.767544135586187,0.));
#9470=DIRECTION('center_axis',(0.,0.,1.));
#9471=DIRECTION('ref_axis',(-1.,1.22464679914735E-16,0.));
#9472=DIRECTION('center_axis',(0.,0.,-1.));
#9473=DIRECTION('ref_axis',(-1.,1.22464679914735E-16,0.));
#9474=DIRECTION('',(0.,0.,-1.));
#9475=DIRECTION('center_axis',(0.,0.,1.));
#9476=DIRECTION('ref_axis',(-1.,1.22464679914735E-16,0.));
#9477=DIRECTION('center_axis',(0.,0.,-1.));
#9478=DIRECTION('ref_axis',(0.640996099775373,-0.767544135586196,0.));
#9479=DIRECTION('center_axis',(0.,0.,-1.));
#9480=DIRECTION('ref_axis',(0.640996099775373,-0.767544135586196,0.));
#9481=DIRECTION('',(0.,0.,1.));
#9482=DIRECTION('center_axis',(0.,0.,1.));
#9483=DIRECTION('ref_axis',(0.640996099775373,-0.767544135586196,0.));
#9484=DIRECTION('',(0.,0.,-1.));
#9485=DIRECTION('center_axis',(0.,0.,1.));
#9486=DIRECTION('ref_axis',(-1.,1.22464679914735E-16,0.));
#9487=DIRECTION('center_axis',(0.,0.,1.));
#9488=DIRECTION('ref_axis',(-1.,1.22464679914735E-16,0.));
#9489=DIRECTION('',(0.,0.,1.));
#9490=DIRECTION('center_axis',(0.,0.,-1.));
#9491=DIRECTION('ref_axis',(-1.,1.22464679914735E-16,0.));
#9492=DIRECTION('center_axis',(0.,0.,1.));
#9493=DIRECTION('ref_axis',(-1.,1.22464679914735E-16,0.));
#9494=DIRECTION('center_axis',(0.,0.,-1.));
#9495=DIRECTION('ref_axis',(-1.,1.22464679914735E-16,0.));
#9496=DIRECTION('center_axis',(0.,0.,1.));
#9497=DIRECTION('ref_axis',(-1.,1.22464679914735E-16,0.));
#9498=DIRECTION('center_axis',(0.,0.,1.));
#9499=DIRECTION('ref_axis',(1.,0.,0.));
#9500=DIRECTION('center_axis',(0.,0.,1.));
#9501=DIRECTION('ref_axis',(1.,0.,0.));
#9502=DIRECTION('',(0.,0.,1.));
#9503=DIRECTION('center_axis',(0.,0.,-1.));
#9504=DIRECTION('ref_axis',(1.,0.,0.));
#9505=DIRECTION('center_axis',(0.,0.,1.));
#9506=DIRECTION('ref_axis',(-0.717714865055197,-0.696337111231909,0.));
#9507=DIRECTION('center_axis',(0.,0.,1.));
#9508=DIRECTION('ref_axis',(-0.717714865055197,-0.696337111231909,0.));
#9509=DIRECTION('',(0.,0.,-1.));
#9510=DIRECTION('center_axis',(0.,0.,-1.));
#9511=DIRECTION('ref_axis',(-0.717714865055197,-0.696337111231909,0.));
#9512=DIRECTION('center_axis',(0.,0.,1.));
#9513=DIRECTION('ref_axis',(-0.994521895368273,0.104528463267654,0.));
#9514=DIRECTION('center_axis',(0.,0.,-1.));
#9515=DIRECTION('ref_axis',(-0.994521895368273,0.104528463267654,0.));
#9516=DIRECTION('',(0.,0.,-1.));
#9517=DIRECTION('center_axis',(0.,0.,1.));
#9518=DIRECTION('ref_axis',(-0.994521895368273,0.104528463267654,0.));
#9519=DIRECTION('center_axis',(0.,0.,-1.));
#9520=DIRECTION('ref_axis',(0.557254447089356,-0.830341785772061,0.));
#9521=DIRECTION('center_axis',(0.,0.,-1.));
#9522=DIRECTION('ref_axis',(0.557254447089356,-0.830341785772061,0.));
#9523=DIRECTION('',(0.,0.,1.));
#9524=DIRECTION('center_axis',(0.,0.,1.));
#9525=DIRECTION('ref_axis',(0.557254447089356,-0.830341785772061,0.));
#9526=DIRECTION('',(0.,0.,-1.));
#9527=DIRECTION('center_axis',(0.,0.,1.));
#9528=DIRECTION('ref_axis',(-0.994521895368273,0.104528463267654,0.));
#9529=DIRECTION('center_axis',(0.,0.,1.));
#9530=DIRECTION('ref_axis',(-0.994521895368273,0.104528463267654,0.));
#9531=DIRECTION('',(0.,0.,1.));
#9532=DIRECTION('center_axis',(0.,0.,-1.));
#9533=DIRECTION('ref_axis',(-0.994521895368273,0.104528463267654,0.));
#9534=DIRECTION('center_axis',(0.,0.,1.));
#9535=DIRECTION('ref_axis',(-0.994521895368273,0.104528463267654,0.));
#9536=DIRECTION('center_axis',(0.,0.,-1.));
#9537=DIRECTION('ref_axis',(-0.994521895368273,0.104528463267654,0.));
#9538=DIRECTION('center_axis',(0.,0.,1.));
#9539=DIRECTION('ref_axis',(-0.994521895368273,0.104528463267654,0.));
#9540=DIRECTION('center_axis',(0.,0.,1.));
#9541=DIRECTION('ref_axis',(1.,0.,0.));
#9542=DIRECTION('center_axis',(0.,0.,1.));
#9543=DIRECTION('ref_axis',(1.,0.,0.));
#9544=DIRECTION('',(0.,0.,1.));
#9545=DIRECTION('center_axis',(0.,0.,-1.));
#9546=DIRECTION('ref_axis',(1.,0.,0.));
#9547=DIRECTION('center_axis',(0.,0.,1.));
#9548=DIRECTION('ref_axis',(-0.786570196081996,-0.617500871769045,0.));
#9549=DIRECTION('center_axis',(0.,0.,1.));
#9550=DIRECTION('ref_axis',(-0.786570196081996,-0.617500871769045,0.));
#9551=DIRECTION('',(0.,0.,-1.));
#9552=DIRECTION('center_axis',(0.,0.,-1.));
#9553=DIRECTION('ref_axis',(-0.786570196081996,-0.617500871769045,0.));
#9554=DIRECTION('center_axis',(0.,0.,1.));
#9555=DIRECTION('ref_axis',(-0.978147600733806,0.20791169081776,0.));
#9556=DIRECTION('center_axis',(0.,0.,-1.));
#9557=DIRECTION('ref_axis',(-0.978147600733806,0.20791169081776,0.));
#9558=DIRECTION('',(0.,0.,-1.));
#9559=DIRECTION('center_axis',(0.,0.,1.));
#9560=DIRECTION('ref_axis',(-0.978147600733806,0.20791169081776,0.));
#9561=DIRECTION('center_axis',(0.,0.,-1.));
#9562=DIRECTION('ref_axis',(0.467407398068029,-0.884042037592826,0.));
#9563=DIRECTION('center_axis',(0.,0.,-1.));
#9564=DIRECTION('ref_axis',(0.467407398068029,-0.884042037592826,0.));
#9565=DIRECTION('',(0.,0.,1.));
#9566=DIRECTION('center_axis',(0.,0.,1.));
#9567=DIRECTION('ref_axis',(0.467407398068029,-0.884042037592826,0.));
#9568=DIRECTION('',(0.,0.,-1.));
#9569=DIRECTION('center_axis',(0.,0.,1.));
#9570=DIRECTION('ref_axis',(-0.978147600733806,0.20791169081776,0.));
#9571=DIRECTION('center_axis',(0.,0.,1.));
#9572=DIRECTION('ref_axis',(-0.978147600733806,0.20791169081776,0.));
#9573=DIRECTION('',(0.,0.,1.));
#9574=DIRECTION('center_axis',(0.,0.,-1.));
#9575=DIRECTION('ref_axis',(-0.978147600733806,0.20791169081776,0.));
#9576=DIRECTION('center_axis',(0.,0.,1.));
#9577=DIRECTION('ref_axis',(-0.978147600733806,0.20791169081776,0.));
#9578=DIRECTION('center_axis',(0.,0.,-1.));
#9579=DIRECTION('ref_axis',(-0.978147600733806,0.20791169081776,0.));
#9580=DIRECTION('center_axis',(0.,0.,1.));
#9581=DIRECTION('ref_axis',(-0.978147600733806,0.20791169081776,0.));
#9582=DIRECTION('center_axis',(0.,0.,1.));
#9583=DIRECTION('ref_axis',(1.,0.,0.));
#9584=DIRECTION('center_axis',(0.,0.,1.));
#9585=DIRECTION('ref_axis',(1.,0.,0.));
#9586=DIRECTION('',(0.,0.,1.));
#9587=DIRECTION('center_axis',(0.,0.,-1.));
#9588=DIRECTION('ref_axis',(1.,0.,0.));
#9589=DIRECTION('center_axis',(0.,0.,1.));
#9590=DIRECTION('ref_axis',(-0.846807699440107,-0.531899163534737,0.));
#9591=DIRECTION('center_axis',(0.,0.,1.));
#9592=DIRECTION('ref_axis',(-0.846807699440107,-0.531899163534737,0.));
#9593=DIRECTION('',(0.,0.,-1.));
#9594=DIRECTION('center_axis',(0.,0.,-1.));
#9595=DIRECTION('ref_axis',(-0.846807699440107,-0.531899163534737,0.));
#9596=DIRECTION('center_axis',(0.,0.,1.));
#9597=DIRECTION('ref_axis',(-0.951056516295154,0.309016994374948,0.));
#9598=DIRECTION('center_axis',(0.,0.,-1.));
#9599=DIRECTION('ref_axis',(-0.951056516295154,0.309016994374948,0.));
#9600=DIRECTION('',(0.,0.,-1.));
#9601=DIRECTION('center_axis',(0.,0.,1.));
#9602=DIRECTION('ref_axis',(-0.951056516295154,0.309016994374948,0.));
#9603=DIRECTION('center_axis',(0.,0.,-1.));
#9604=DIRECTION('ref_axis',(0.372439335782191,-0.928056539852029,0.));
#9605=DIRECTION('center_axis',(0.,0.,-1.));
#9606=DIRECTION('ref_axis',(0.372439335782191,-0.928056539852029,0.));
#9607=DIRECTION('',(0.,0.,1.));
#9608=DIRECTION('center_axis',(0.,0.,1.));
#9609=DIRECTION('ref_axis',(0.372439335782191,-0.928056539852029,0.));
#9610=DIRECTION('',(0.,0.,-1.));
#9611=DIRECTION('center_axis',(0.,0.,1.));
#9612=DIRECTION('ref_axis',(-0.951056516295154,0.309016994374948,0.));
#9613=DIRECTION('center_axis',(0.,0.,1.));
#9614=DIRECTION('ref_axis',(-0.951056516295154,0.309016994374948,0.));
#9615=DIRECTION('',(0.,0.,1.));
#9616=DIRECTION('center_axis',(0.,0.,-1.));
#9617=DIRECTION('ref_axis',(-0.951056516295154,0.309016994374948,0.));
#9618=DIRECTION('center_axis',(0.,0.,1.));
#9619=DIRECTION('ref_axis',(-0.951056516295154,0.309016994374948,0.));
#9620=DIRECTION('center_axis',(0.,0.,-1.));
#9621=DIRECTION('ref_axis',(-0.951056516295154,0.309016994374948,0.));
#9622=DIRECTION('center_axis',(0.,0.,1.));
#9623=DIRECTION('ref_axis',(-0.951056516295154,0.309016994374948,0.));
#9624=DIRECTION('center_axis',(0.,0.,1.));
#9625=DIRECTION('ref_axis',(1.,0.,0.));
#9626=DIRECTION('center_axis',(0.,0.,1.));
#9627=DIRECTION('ref_axis',(1.,0.,0.));
#9628=DIRECTION('',(0.,0.,1.));
#9629=DIRECTION('center_axis',(0.,0.,-1.));
#9630=DIRECTION('ref_axis',(1.,0.,0.));
#9631=DIRECTION('center_axis',(0.,0.,1.));
#9632=DIRECTION('ref_axis',(-0.89776740043727,-0.440469856757653,0.));
#9633=DIRECTION('center_axis',(0.,0.,1.));
#9634=DIRECTION('ref_axis',(-0.89776740043727,-0.440469856757653,0.));
#9635=DIRECTION('',(0.,0.,-1.));
#9636=DIRECTION('center_axis',(0.,0.,-1.));
#9637=DIRECTION('ref_axis',(-0.89776740043727,-0.440469856757653,0.));
#9638=DIRECTION('center_axis',(0.,0.,1.));
#9639=DIRECTION('ref_axis',(-0.913545457642601,0.4067366430758,0.));
#9640=DIRECTION('center_axis',(0.,0.,-1.));
#9641=DIRECTION('ref_axis',(-0.913545457642601,0.4067366430758,0.));
#9642=DIRECTION('',(0.,0.,-1.));
#9643=DIRECTION('center_axis',(0.,0.,1.));
#9644=DIRECTION('ref_axis',(-0.913545457642601,0.4067366430758,0.));
#9645=DIRECTION('center_axis',(0.,0.,-1.));
#9646=DIRECTION('ref_axis',(0.273390750195577,-0.961903060452299,0.));
#9647=DIRECTION('center_axis',(0.,0.,-1.));
#9648=DIRECTION('ref_axis',(0.273390750195577,-0.961903060452299,0.));
#9649=DIRECTION('',(0.,0.,1.));
#9650=DIRECTION('center_axis',(0.,0.,1.));
#9651=DIRECTION('ref_axis',(0.273390750195577,-0.961903060452299,0.));
#9652=DIRECTION('',(0.,0.,-1.));
#9653=DIRECTION('center_axis',(0.,0.,1.));
#9654=DIRECTION('ref_axis',(-0.913545457642601,0.4067366430758,0.));
#9655=DIRECTION('center_axis',(0.,0.,1.));
#9656=DIRECTION('ref_axis',(-0.913545457642601,0.4067366430758,0.));
#9657=DIRECTION('',(0.,0.,1.));
#9658=DIRECTION('center_axis',(0.,0.,-1.));
#9659=DIRECTION('ref_axis',(-0.913545457642601,0.4067366430758,0.));
#9660=DIRECTION('center_axis',(0.,0.,1.));
#9661=DIRECTION('ref_axis',(-0.913545457642601,0.4067366430758,0.));
#9662=DIRECTION('center_axis',(0.,0.,-1.));
#9663=DIRECTION('ref_axis',(-0.913545457642601,0.4067366430758,0.));
#9664=DIRECTION('center_axis',(0.,0.,1.));
#9665=DIRECTION('ref_axis',(-0.913545457642601,0.4067366430758,0.));
#9666=DIRECTION('center_axis',(0.,0.,1.));
#9667=DIRECTION('ref_axis',(1.,0.,0.));
#9668=DIRECTION('center_axis',(0.,0.,1.));
#9669=DIRECTION('ref_axis',(1.,0.,0.));
#9670=DIRECTION('',(0.,0.,1.));
#9671=DIRECTION('center_axis',(0.,0.,-1.));
#9672=DIRECTION('ref_axis',(1.,0.,0.));
#9673=DIRECTION('center_axis',(0.,0.,1.));
#9674=DIRECTION('ref_axis',(-0.938890973925313,-0.344214670055733,0.));
#9675=DIRECTION('center_axis',(0.,0.,1.));
#9676=DIRECTION('ref_axis',(-0.938890973925313,-0.344214670055733,0.));
#9677=DIRECTION('',(0.,0.,-1.));
#9678=DIRECTION('center_axis',(0.,0.,-1.));
#9679=DIRECTION('ref_axis',(-0.938890973925313,-0.344214670055733,0.));
#9680=DIRECTION('center_axis',(0.,0.,1.));
#9681=DIRECTION('ref_axis',(-0.866025403784438,0.5,0.));
#9682=DIRECTION('center_axis',(0.,0.,-1.));
#9683=DIRECTION('ref_axis',(-0.866025403784438,0.5,0.));
#9684=DIRECTION('',(0.,0.,-1.));
#9685=DIRECTION('center_axis',(0.,0.,1.));
#9686=DIRECTION('ref_axis',(-0.866025403784438,0.5,0.));
#9687=DIRECTION('center_axis',(0.,0.,-1.));
#9688=DIRECTION('ref_axis',(0.171346838339123,-0.985210769831099,0.));
#9689=DIRECTION('center_axis',(0.,0.,-1.));
#9690=DIRECTION('ref_axis',(0.171346838339123,-0.985210769831099,0.));
#9691=DIRECTION('',(0.,0.,1.));
#9692=DIRECTION('center_axis',(0.,0.,1.));
#9693=DIRECTION('ref_axis',(0.171346838339123,-0.985210769831099,0.));
#9694=DIRECTION('',(0.,0.,-1.));
#9695=DIRECTION('center_axis',(0.,0.,1.));
#9696=DIRECTION('ref_axis',(-0.866025403784438,0.5,0.));
#9697=DIRECTION('center_axis',(0.,0.,1.));
#9698=DIRECTION('ref_axis',(-0.866025403784438,0.5,0.));
#9699=DIRECTION('',(0.,0.,1.));
#9700=DIRECTION('center_axis',(0.,0.,-1.));
#9701=DIRECTION('ref_axis',(-0.866025403784438,0.5,0.));
#9702=DIRECTION('center_axis',(0.,0.,1.));
#9703=DIRECTION('ref_axis',(-0.866025403784438,0.5,0.));
#9704=DIRECTION('center_axis',(0.,0.,-1.));
#9705=DIRECTION('ref_axis',(-0.866025403784438,0.5,0.));
#9706=DIRECTION('center_axis',(0.,0.,1.));
#9707=DIRECTION('ref_axis',(-0.866025403784438,0.5,0.));
#9708=DIRECTION('center_axis',(0.,0.,1.));
#9709=DIRECTION('ref_axis',(1.,0.,0.));
#9710=DIRECTION('center_axis',(0.,0.,1.));
#9711=DIRECTION('ref_axis',(1.,0.,0.));
#9712=DIRECTION('',(0.,0.,1.));
#9713=DIRECTION('center_axis',(0.,0.,-1.));
#9714=DIRECTION('ref_axis',(1.,0.,0.));
#9715=DIRECTION('center_axis',(0.,0.,1.));
#9716=DIRECTION('ref_axis',(-0.96972786142748,-0.244188195397087,0.));
#9717=DIRECTION('center_axis',(0.,0.,1.));
#9718=DIRECTION('ref_axis',(-0.96972786142748,-0.244188195397087,0.));
#9719=DIRECTION('',(0.,0.,-1.));
#9720=DIRECTION('center_axis',(0.,0.,-1.));
#9721=DIRECTION('ref_axis',(-0.96972786142748,-0.244188195397087,0.));
#9722=DIRECTION('center_axis',(0.,0.,1.));
#9723=DIRECTION('ref_axis',(-0.809016994374947,0.587785252292473,0.));
#9724=DIRECTION('center_axis',(0.,0.,-1.));
#9725=DIRECTION('ref_axis',(-0.809016994374947,0.587785252292473,0.));
#9726=DIRECTION('',(0.,0.,-1.));
#9727=DIRECTION('center_axis',(0.,0.,1.));
#9728=DIRECTION('ref_axis',(-0.809016994374947,0.587785252292473,0.));
#9729=DIRECTION('center_axis',(0.,0.,-1.));
#9730=DIRECTION('ref_axis',(0.0674256146652036,-0.997724303847019,0.));
#9731=DIRECTION('center_axis',(0.,0.,-1.));
#9732=DIRECTION('ref_axis',(0.0674256146652036,-0.997724303847019,0.));
#9733=DIRECTION('',(0.,0.,1.));
#9734=DIRECTION('center_axis',(0.,0.,1.));
#9735=DIRECTION('ref_axis',(0.0674256146652036,-0.997724303847019,0.));
#9736=DIRECTION('',(0.,0.,-1.));
#9737=DIRECTION('center_axis',(0.,0.,1.));
#9738=DIRECTION('ref_axis',(-0.809016994374947,0.587785252292473,0.));
#9739=DIRECTION('center_axis',(0.,0.,1.));
#9740=DIRECTION('ref_axis',(-0.809016994374947,0.587785252292473,0.));
#9741=DIRECTION('',(0.,0.,1.));
#9742=DIRECTION('center_axis',(0.,0.,-1.));
#9743=DIRECTION('ref_axis',(-0.809016994374947,0.587785252292473,0.));
#9744=DIRECTION('center_axis',(0.,0.,1.));
#9745=DIRECTION('ref_axis',(-0.809016994374947,0.587785252292473,0.));
#9746=DIRECTION('center_axis',(0.,0.,-1.));
#9747=DIRECTION('ref_axis',(-0.809016994374947,0.587785252292473,0.));
#9748=DIRECTION('center_axis',(0.,0.,1.));
#9749=DIRECTION('ref_axis',(-0.809016994374947,0.587785252292473,0.));
#9750=DIRECTION('center_axis',(0.,0.,1.));
#9751=DIRECTION('ref_axis',(1.,0.,0.));
#9752=DIRECTION('center_axis',(0.,0.,1.));
#9753=DIRECTION('ref_axis',(1.,0.,0.));
#9754=DIRECTION('',(0.,0.,1.));
#9755=DIRECTION('center_axis',(0.,0.,-1.));
#9756=DIRECTION('ref_axis',(1.,0.,0.));
#9757=DIRECTION('center_axis',(0.,0.,1.));
#9758=DIRECTION('ref_axis',(-0.989940207551238,-0.141486343770031,0.));
#9759=DIRECTION('center_axis',(0.,0.,1.));
#9760=DIRECTION('ref_axis',(-0.989940207551238,-0.141486343770031,0.));
#9761=DIRECTION('',(0.,0.,-1.));
#9762=DIRECTION('center_axis',(0.,0.,-1.));
#9763=DIRECTION('ref_axis',(-0.989940207551238,-0.141486343770031,0.));
#9764=DIRECTION('center_axis',(0.,0.,1.));
#9765=DIRECTION('ref_axis',(-0.743144825477394,0.669130606358859,0.));
#9766=DIRECTION('center_axis',(0.,0.,-1.));
#9767=DIRECTION('ref_axis',(-0.743144825477394,0.669130606358859,0.));
#9768=DIRECTION('',(0.,0.,-1.));
#9769=DIRECTION('center_axis',(0.,0.,1.));
#9770=DIRECTION('ref_axis',(-0.743144825477394,0.669130606358859,0.));
#9771=DIRECTION('center_axis',(0.,0.,-1.));
#9772=DIRECTION('ref_axis',(-0.0372343381527032,-0.99930656160276,0.));
#9773=DIRECTION('center_axis',(0.,0.,-1.));
#9774=DIRECTION('ref_axis',(-0.0372343381527032,-0.99930656160276,0.));
#9775=DIRECTION('',(0.,0.,1.));
#9776=DIRECTION('center_axis',(0.,0.,1.));
#9777=DIRECTION('ref_axis',(-0.0372343381527032,-0.99930656160276,0.));
#9778=DIRECTION('',(0.,0.,-1.));
#9779=DIRECTION('center_axis',(0.,0.,1.));
#9780=DIRECTION('ref_axis',(-0.743144825477394,0.669130606358859,0.));
#9781=DIRECTION('center_axis',(0.,0.,1.));
#9782=DIRECTION('ref_axis',(-0.743144825477394,0.669130606358859,0.));
#9783=DIRECTION('',(0.,0.,1.));
#9784=DIRECTION('center_axis',(0.,0.,-1.));
#9785=DIRECTION('ref_axis',(-0.743144825477394,0.669130606358859,0.));
#9786=DIRECTION('center_axis',(0.,0.,1.));
#9787=DIRECTION('ref_axis',(-0.743144825477394,0.669130606358858,0.));
#9788=DIRECTION('center_axis',(0.,0.,-1.));
#9789=DIRECTION('ref_axis',(-0.743144825477394,0.669130606358858,0.));
#9790=DIRECTION('center_axis',(0.,0.,1.));
#9791=DIRECTION('ref_axis',(-0.743144825477394,0.669130606358858,0.));
#9792=DIRECTION('center_axis',(0.,0.,1.));
#9793=DIRECTION('ref_axis',(1.,0.,0.));
#9794=DIRECTION('center_axis',(0.,0.,1.));
#9795=DIRECTION('ref_axis',(1.,0.,0.));
#9796=DIRECTION('',(0.,0.,1.));
#9797=DIRECTION('center_axis',(0.,0.,-1.));
#9798=DIRECTION('ref_axis',(1.,0.,0.));
#9799=DIRECTION('center_axis',(0.,0.,1.));
#9800=DIRECTION('ref_axis',(-0.999306561602759,-0.0372343381527224,0.));
#9801=DIRECTION('center_axis',(0.,0.,1.));
#9802=DIRECTION('ref_axis',(-0.999306561602759,-0.0372343381527224,0.));
#9803=DIRECTION('',(0.,0.,-1.));
#9804=DIRECTION('center_axis',(0.,0.,-1.));
#9805=DIRECTION('ref_axis',(-0.999306561602759,-0.0372343381527224,0.));
#9806=DIRECTION('center_axis',(0.,0.,1.));
#9807=DIRECTION('ref_axis',(-0.669130606358858,0.743144825477394,0.));
#9808=DIRECTION('center_axis',(0.,0.,-1.));
#9809=DIRECTION('ref_axis',(-0.669130606358858,0.743144825477394,0.));
#9810=DIRECTION('',(0.,0.,-1.));
#9811=DIRECTION('center_axis',(0.,0.,1.));
#9812=DIRECTION('ref_axis',(-0.669130606358858,0.743144825477394,0.));
#9813=DIRECTION('center_axis',(0.,0.,-1.));
#9814=DIRECTION('ref_axis',(-0.141486343770014,-0.989940207551241,0.));
#9815=DIRECTION('center_axis',(0.,0.,-1.));
#9816=DIRECTION('ref_axis',(-0.141486343770014,-0.989940207551241,0.));
#9817=DIRECTION('',(0.,0.,1.));
#9818=DIRECTION('center_axis',(0.,0.,1.));
#9819=DIRECTION('ref_axis',(-0.141486343770014,-0.989940207551241,0.));
#9820=DIRECTION('',(0.,0.,-1.));
#9821=DIRECTION('center_axis',(0.,0.,1.));
#9822=DIRECTION('ref_axis',(-0.669130606358858,0.743144825477394,0.));
#9823=DIRECTION('center_axis',(0.,0.,1.));
#9824=DIRECTION('ref_axis',(-0.669130606358858,0.743144825477394,0.));
#9825=DIRECTION('',(0.,0.,1.));
#9826=DIRECTION('center_axis',(0.,0.,-1.));
#9827=DIRECTION('ref_axis',(-0.669130606358858,0.743144825477394,0.));
#9828=DIRECTION('center_axis',(0.,0.,1.));
#9829=DIRECTION('ref_axis',(-0.669130606358858,0.743144825477394,0.));
#9830=DIRECTION('center_axis',(0.,0.,-1.));
#9831=DIRECTION('ref_axis',(-0.669130606358858,0.743144825477394,0.));
#9832=DIRECTION('center_axis',(0.,0.,1.));
#9833=DIRECTION('ref_axis',(-0.669130606358858,0.743144825477394,0.));
#9834=DIRECTION('center_axis',(0.,0.,1.));
#9835=DIRECTION('ref_axis',(1.,0.,0.));
#9836=DIRECTION('center_axis',(0.,0.,1.));
#9837=DIRECTION('ref_axis',(1.,0.,0.));
#9838=DIRECTION('',(0.,0.,1.));
#9839=DIRECTION('center_axis',(0.,0.,-1.));
#9840=DIRECTION('ref_axis',(1.,0.,0.));
#9841=DIRECTION('center_axis',(0.,0.,1.));
#9842=DIRECTION('ref_axis',(-0.997724303847019,0.0674256146652036,0.));
#9843=DIRECTION('center_axis',(0.,0.,1.));
#9844=DIRECTION('ref_axis',(-0.997724303847019,0.0674256146652036,0.));
#9845=DIRECTION('',(0.,0.,-1.));
#9846=DIRECTION('center_axis',(0.,0.,-1.));
#9847=DIRECTION('ref_axis',(-0.997724303847019,0.0674256146652036,0.));
#9848=DIRECTION('center_axis',(0.,0.,1.));
#9849=DIRECTION('ref_axis',(-0.587785252292473,0.809016994374948,0.));
#9850=DIRECTION('center_axis',(0.,0.,-1.));
#9851=DIRECTION('ref_axis',(-0.587785252292473,0.809016994374948,0.));
#9852=DIRECTION('',(0.,0.,-1.));
#9853=DIRECTION('center_axis',(0.,0.,1.));
#9854=DIRECTION('ref_axis',(-0.587785252292473,0.809016994374948,0.));
#9855=DIRECTION('center_axis',(0.,0.,-1.));
#9856=DIRECTION('ref_axis',(-0.244188195397087,-0.96972786142748,0.));
#9857=DIRECTION('center_axis',(0.,0.,-1.));
#9858=DIRECTION('ref_axis',(-0.244188195397087,-0.96972786142748,0.));
#9859=DIRECTION('',(0.,0.,1.));
#9860=DIRECTION('center_axis',(0.,0.,1.));
#9861=DIRECTION('ref_axis',(-0.244188195397087,-0.96972786142748,0.));
#9862=DIRECTION('',(0.,0.,-1.));
#9863=DIRECTION('center_axis',(0.,0.,1.));
#9864=DIRECTION('ref_axis',(-0.587785252292473,0.809016994374948,0.));
#9865=DIRECTION('center_axis',(0.,0.,1.));
#9866=DIRECTION('ref_axis',(-0.587785252292473,0.809016994374948,0.));
#9867=DIRECTION('',(0.,0.,1.));
#9868=DIRECTION('center_axis',(0.,0.,-1.));
#9869=DIRECTION('ref_axis',(-0.587785252292473,0.809016994374948,0.));
#9870=DIRECTION('center_axis',(0.,0.,1.));
#9871=DIRECTION('ref_axis',(-0.587785252292473,0.809016994374947,0.));
#9872=DIRECTION('center_axis',(0.,0.,-1.));
#9873=DIRECTION('ref_axis',(-0.587785252292473,0.809016994374947,0.));
#9874=DIRECTION('center_axis',(0.,0.,1.));
#9875=DIRECTION('ref_axis',(-0.587785252292473,0.809016994374947,0.));
#9876=DIRECTION('center_axis',(0.,0.,1.));
#9877=DIRECTION('ref_axis',(1.,0.,0.));
#9878=DIRECTION('center_axis',(0.,0.,1.));
#9879=DIRECTION('ref_axis',(1.,0.,0.));
#9880=DIRECTION('',(0.,0.,1.));
#9881=DIRECTION('center_axis',(0.,0.,-1.));
#9882=DIRECTION('ref_axis',(1.,0.,0.));
#9883=DIRECTION('center_axis',(0.,0.,1.));
#9884=DIRECTION('ref_axis',(-0.985210769831099,0.171346838339123,0.));
#9885=DIRECTION('center_axis',(0.,0.,1.));
#9886=DIRECTION('ref_axis',(-0.985210769831099,0.171346838339123,0.));
#9887=DIRECTION('',(0.,0.,-1.));
#9888=DIRECTION('center_axis',(0.,0.,-1.));
#9889=DIRECTION('ref_axis',(-0.985210769831099,0.171346838339123,0.));
#9890=DIRECTION('center_axis',(0.,0.,1.));
#9891=DIRECTION('ref_axis',(-0.5,0.866025403784439,0.));
#9892=DIRECTION('center_axis',(0.,0.,-1.));
#9893=DIRECTION('ref_axis',(-0.5,0.866025403784439,0.));
#9894=DIRECTION('',(0.,0.,-1.));
#9895=DIRECTION('center_axis',(0.,0.,1.));
#9896=DIRECTION('ref_axis',(-0.5,0.866025403784439,0.));
#9897=DIRECTION('center_axis',(0.,0.,-1.));
#9898=DIRECTION('ref_axis',(-0.344214670055716,-0.938890973925319,0.));
#9899=DIRECTION('center_axis',(0.,0.,-1.));
#9900=DIRECTION('ref_axis',(-0.344214670055716,-0.938890973925319,0.));
#9901=DIRECTION('',(0.,0.,1.));
#9902=DIRECTION('center_axis',(0.,0.,1.));
#9903=DIRECTION('ref_axis',(-0.344214670055716,-0.938890973925319,0.));
#9904=DIRECTION('',(0.,0.,-1.));
#9905=DIRECTION('center_axis',(0.,0.,1.));
#9906=DIRECTION('ref_axis',(-0.5,0.866025403784439,0.));
#9907=DIRECTION('center_axis',(0.,0.,1.));
#9908=DIRECTION('ref_axis',(-0.5,0.866025403784439,0.));
#9909=DIRECTION('',(0.,0.,1.));
#9910=DIRECTION('center_axis',(0.,0.,-1.));
#9911=DIRECTION('ref_axis',(-0.5,0.866025403784439,0.));
#9912=DIRECTION('center_axis',(0.,0.,1.));
#9913=DIRECTION('ref_axis',(-0.5,0.866025403784439,0.));
#9914=DIRECTION('center_axis',(0.,0.,-1.));
#9915=DIRECTION('ref_axis',(-0.5,0.866025403784439,0.));
#9916=DIRECTION('center_axis',(0.,0.,1.));
#9917=DIRECTION('ref_axis',(-0.5,0.866025403784439,0.));
#9918=DIRECTION('center_axis',(0.,0.,1.));
#9919=DIRECTION('ref_axis',(1.,0.,0.));
#9920=DIRECTION('center_axis',(0.,0.,1.));
#9921=DIRECTION('ref_axis',(1.,0.,0.));
#9922=DIRECTION('',(0.,0.,1.));
#9923=DIRECTION('center_axis',(0.,0.,-1.));
#9924=DIRECTION('ref_axis',(1.,0.,0.));
#9925=DIRECTION('center_axis',(0.,0.,1.));
#9926=DIRECTION('ref_axis',(-0.961903060452301,0.273390750195571,0.));
#9927=DIRECTION('center_axis',(0.,0.,1.));
#9928=DIRECTION('ref_axis',(-0.961903060452301,0.273390750195571,0.));
#9929=DIRECTION('',(0.,0.,-1.));
#9930=DIRECTION('center_axis',(0.,0.,-1.));
#9931=DIRECTION('ref_axis',(-0.961903060452301,0.273390750195571,0.));
#9932=DIRECTION('center_axis',(0.,0.,1.));
#9933=DIRECTION('ref_axis',(-0.4067366430758,0.913545457642601,0.));
#9934=DIRECTION('center_axis',(0.,0.,-1.));
#9935=DIRECTION('ref_axis',(-0.4067366430758,0.913545457642601,0.));
#9936=DIRECTION('',(0.,0.,-1.));
#9937=DIRECTION('center_axis',(0.,0.,1.));
#9938=DIRECTION('ref_axis',(-0.4067366430758,0.913545457642601,0.));
#9939=DIRECTION('center_axis',(0.,0.,-1.));
#9940=DIRECTION('ref_axis',(-0.440469856757669,-0.897767400437262,0.));
#9941=DIRECTION('center_axis',(0.,0.,-1.));
#9942=DIRECTION('ref_axis',(-0.440469856757669,-0.897767400437262,0.));
#9943=DIRECTION('',(0.,0.,1.));
#9944=DIRECTION('center_axis',(0.,0.,1.));
#9945=DIRECTION('ref_axis',(-0.440469856757669,-0.897767400437262,0.));
#9946=DIRECTION('',(0.,0.,-1.));
#9947=DIRECTION('center_axis',(0.,0.,1.));
#9948=DIRECTION('ref_axis',(-0.4067366430758,0.913545457642601,0.));
#9949=DIRECTION('center_axis',(0.,0.,1.));
#9950=DIRECTION('ref_axis',(-0.4067366430758,0.913545457642601,0.));
#9951=DIRECTION('',(0.,0.,1.));
#9952=DIRECTION('center_axis',(0.,0.,-1.));
#9953=DIRECTION('ref_axis',(-0.4067366430758,0.913545457642601,0.));
#9954=DIRECTION('center_axis',(0.,0.,1.));
#9955=DIRECTION('ref_axis',(-0.4067366430758,0.913545457642601,0.));
#9956=DIRECTION('center_axis',(0.,0.,-1.));
#9957=DIRECTION('ref_axis',(-0.4067366430758,0.913545457642601,0.));
#9958=DIRECTION('center_axis',(0.,0.,1.));
#9959=DIRECTION('ref_axis',(-0.4067366430758,0.913545457642601,0.));
#9960=DIRECTION('center_axis',(0.,0.,1.));
#9961=DIRECTION('ref_axis',(1.,0.,0.));
#9962=DIRECTION('center_axis',(0.,0.,1.));
#9963=DIRECTION('ref_axis',(1.,0.,0.));
#9964=DIRECTION('',(0.,0.,1.));
#9965=DIRECTION('center_axis',(0.,0.,-1.));
#9966=DIRECTION('ref_axis',(1.,0.,0.));
#9967=DIRECTION('center_axis',(0.,0.,1.));
#9968=DIRECTION('ref_axis',(-0.928056539852032,0.372439335782182,0.));
#9969=DIRECTION('center_axis',(0.,0.,1.));
#9970=DIRECTION('ref_axis',(-0.928056539852032,0.372439335782182,0.));
#9971=DIRECTION('',(0.,0.,-1.));
#9972=DIRECTION('center_axis',(0.,0.,-1.));
#9973=DIRECTION('ref_axis',(-0.928056539852032,0.372439335782182,0.));
#9974=DIRECTION('center_axis',(0.,0.,1.));
#9975=DIRECTION('ref_axis',(-0.309016994374947,0.951056516295154,0.));
#9976=DIRECTION('center_axis',(0.,0.,-1.));
#9977=DIRECTION('ref_axis',(-0.309016994374947,0.951056516295154,0.));
#9978=DIRECTION('',(0.,0.,-1.));
#9979=DIRECTION('center_axis',(0.,0.,1.));
#9980=DIRECTION('ref_axis',(-0.309016994374947,0.951056516295154,0.));
#9981=DIRECTION('center_axis',(0.,0.,-1.));
#9982=DIRECTION('ref_axis',(-0.531899163534727,-0.846807699440114,0.));
#9983=DIRECTION('center_axis',(0.,0.,-1.));
#9984=DIRECTION('ref_axis',(-0.531899163534727,-0.846807699440114,0.));
#9985=DIRECTION('',(0.,0.,1.));
#9986=DIRECTION('center_axis',(0.,0.,1.));
#9987=DIRECTION('ref_axis',(-0.531899163534727,-0.846807699440114,0.));
#9988=DIRECTION('',(0.,0.,-1.));
#9989=DIRECTION('center_axis',(0.,0.,1.));
#9990=DIRECTION('ref_axis',(-0.309016994374947,0.951056516295154,0.));
#9991=DIRECTION('center_axis',(0.,0.,1.));
#9992=DIRECTION('ref_axis',(-0.309016994374947,0.951056516295154,0.));
#9993=DIRECTION('',(0.,0.,1.));
#9994=DIRECTION('center_axis',(0.,0.,-1.));
#9995=DIRECTION('ref_axis',(-0.309016994374947,0.951056516295154,0.));
#9996=DIRECTION('center_axis',(0.,0.,1.));
#9997=DIRECTION('ref_axis',(-0.309016994374947,0.951056516295154,0.));
#9998=DIRECTION('center_axis',(0.,0.,-1.));
#9999=DIRECTION('ref_axis',(-0.309016994374947,0.951056516295154,0.));
#10000=DIRECTION('center_axis',(0.,0.,1.));
#10001=DIRECTION('ref_axis',(-0.309016994374947,0.951056516295154,0.));
#10002=DIRECTION('center_axis',(0.,0.,1.));
#10003=DIRECTION('ref_axis',(1.,0.,0.));
#10004=DIRECTION('center_axis',(0.,0.,1.));
#10005=DIRECTION('ref_axis',(1.,0.,0.));
#10006=DIRECTION('',(0.,0.,1.));
#10007=DIRECTION('center_axis',(0.,0.,-1.));
#10008=DIRECTION('ref_axis',(1.,0.,0.));
#10009=DIRECTION('center_axis',(0.,0.,1.));
#10010=DIRECTION('ref_axis',(-0.884042037592826,0.467407398068029,0.));
#10011=DIRECTION('center_axis',(0.,0.,1.));
#10012=DIRECTION('ref_axis',(-0.884042037592826,0.467407398068029,0.));
#10013=DIRECTION('',(0.,0.,-1.));
#10014=DIRECTION('center_axis',(0.,0.,-1.));
#10015=DIRECTION('ref_axis',(-0.884042037592826,0.467407398068029,0.));
#10016=DIRECTION('center_axis',(0.,0.,1.));
#10017=DIRECTION('ref_axis',(-0.207911690817759,0.978147600733806,0.));
#10018=DIRECTION('center_axis',(0.,0.,-1.));
#10019=DIRECTION('ref_axis',(-0.207911690817759,0.978147600733806,0.));
#10020=DIRECTION('',(0.,0.,-1.));
#10021=DIRECTION('center_axis',(0.,0.,1.));
#10022=DIRECTION('ref_axis',(-0.207911690817759,0.978147600733806,0.));
#10023=DIRECTION('center_axis',(0.,0.,-1.));
#10024=DIRECTION('ref_axis',(-0.617500871769059,-0.786570196081985,0.));
#10025=DIRECTION('center_axis',(0.,0.,-1.));
#10026=DIRECTION('ref_axis',(-0.617500871769059,-0.786570196081985,0.));
#10027=DIRECTION('',(0.,0.,1.));
#10028=DIRECTION('center_axis',(0.,0.,1.));
#10029=DIRECTION('ref_axis',(-0.617500871769059,-0.786570196081985,0.));
#10030=DIRECTION('',(0.,0.,-1.));
#10031=DIRECTION('center_axis',(0.,0.,1.));
#10032=DIRECTION('ref_axis',(-0.207911690817759,0.978147600733806,0.));
#10033=DIRECTION('center_axis',(0.,0.,1.));
#10034=DIRECTION('ref_axis',(-0.207911690817759,0.978147600733806,0.));
#10035=DIRECTION('',(0.,0.,1.));
#10036=DIRECTION('center_axis',(0.,0.,-1.));
#10037=DIRECTION('ref_axis',(-0.207911690817759,0.978147600733806,0.));
#10038=DIRECTION('center_axis',(0.,0.,1.));
#10039=DIRECTION('ref_axis',(-0.207911690817759,0.978147600733806,0.));
#10040=DIRECTION('center_axis',(0.,0.,-1.));
#10041=DIRECTION('ref_axis',(-0.207911690817759,0.978147600733806,0.));
#10042=DIRECTION('center_axis',(0.,0.,1.));
#10043=DIRECTION('ref_axis',(-0.207911690817759,0.978147600733806,0.));
#10044=DIRECTION('center_axis',(0.,0.,1.));
#10045=DIRECTION('ref_axis',(1.,0.,0.));
#10046=DIRECTION('center_axis',(0.,0.,1.));
#10047=DIRECTION('ref_axis',(1.,0.,0.));
#10048=DIRECTION('',(0.,0.,1.));
#10049=DIRECTION('center_axis',(0.,0.,-1.));
#10050=DIRECTION('ref_axis',(1.,0.,0.));
#10051=DIRECTION('center_axis',(0.,0.,1.));
#10052=DIRECTION('ref_axis',(-0.830341785772055,0.557254447089366,0.));
#10053=DIRECTION('center_axis',(0.,0.,1.));
#10054=DIRECTION('ref_axis',(-0.830341785772055,0.557254447089366,0.));
#10055=DIRECTION('',(0.,0.,-1.));
#10056=DIRECTION('center_axis',(0.,0.,-1.));
#10057=DIRECTION('ref_axis',(-0.830341785772055,0.557254447089366,0.));
#10058=DIRECTION('center_axis',(0.,0.,1.));
#10059=DIRECTION('ref_axis',(-0.104528463267653,0.994521895368273,0.));
#10060=DIRECTION('center_axis',(0.,0.,-1.));
#10061=DIRECTION('ref_axis',(-0.104528463267653,0.994521895368273,0.));
#10062=DIRECTION('',(0.,0.,-1.));
#10063=DIRECTION('center_axis',(0.,0.,1.));
#10064=DIRECTION('ref_axis',(-0.104528463267653,0.994521895368273,0.));
#10065=DIRECTION('center_axis',(0.,0.,-1.));
#10066=DIRECTION('ref_axis',(-0.696337111231909,-0.717714865055198,0.));
#10067=DIRECTION('center_axis',(0.,0.,-1.));
#10068=DIRECTION('ref_axis',(-0.696337111231909,-0.717714865055198,0.));
#10069=DIRECTION('',(0.,0.,1.));
#10070=DIRECTION('center_axis',(0.,0.,1.));
#10071=DIRECTION('ref_axis',(-0.696337111231909,-0.717714865055198,0.));
#10072=DIRECTION('',(0.,0.,-1.));
#10073=DIRECTION('center_axis',(0.,0.,1.));
#10074=DIRECTION('ref_axis',(-0.104528463267653,0.994521895368273,0.));
#10075=DIRECTION('center_axis',(0.,0.,1.));
#10076=DIRECTION('ref_axis',(-0.104528463267653,0.994521895368273,0.));
#10077=DIRECTION('',(0.,0.,1.));
#10078=DIRECTION('center_axis',(0.,0.,-1.));
#10079=DIRECTION('ref_axis',(-0.104528463267653,0.994521895368273,0.));
#10080=DIRECTION('center_axis',(0.,0.,1.));
#10081=DIRECTION('ref_axis',(-0.104528463267653,0.994521895368273,0.));
#10082=DIRECTION('center_axis',(0.,0.,-1.));
#10083=DIRECTION('ref_axis',(-0.104528463267653,0.994521895368273,0.));
#10084=DIRECTION('center_axis',(0.,0.,1.));
#10085=DIRECTION('ref_axis',(-0.104528463267653,0.994521895368273,0.));
#10086=DIRECTION('center_axis',(0.,0.,1.));
#10087=DIRECTION('ref_axis',(1.,0.,0.));
#10088=DIRECTION('center_axis',(0.,0.,1.));
#10089=DIRECTION('ref_axis',(1.,0.,0.));
#10090=DIRECTION('',(0.,0.,1.));
#10091=DIRECTION('center_axis',(0.,0.,-1.));
#10092=DIRECTION('ref_axis',(1.,0.,0.));
#10093=DIRECTION('center_axis',(0.,0.,1.));
#10094=DIRECTION('ref_axis',(-0.767544135586187,0.640996099775384,0.));
#10095=DIRECTION('center_axis',(0.,0.,1.));
#10096=DIRECTION('ref_axis',(-0.767544135586187,0.640996099775384,0.));
#10097=DIRECTION('',(0.,0.,-1.));
#10098=DIRECTION('center_axis',(0.,0.,-1.));
#10099=DIRECTION('ref_axis',(-0.767544135586187,0.640996099775384,0.));
#10100=DIRECTION('center_axis',(0.,0.,1.));
#10101=DIRECTION('ref_axis',(6.12323399573677E-17,1.,0.));
#10102=DIRECTION('center_axis',(0.,0.,-1.));
#10103=DIRECTION('ref_axis',(6.12323399573677E-17,1.,0.));
#10104=DIRECTION('',(0.,0.,-1.));
#10105=DIRECTION('center_axis',(0.,0.,1.));
#10106=DIRECTION('ref_axis',(6.12323399573677E-17,1.,0.));
#10107=DIRECTION('center_axis',(0.,0.,-1.));
#10108=DIRECTION('ref_axis',(-0.767544135586196,-0.640996099775373,0.));
#10109=DIRECTION('center_axis',(0.,0.,-1.));
#10110=DIRECTION('ref_axis',(-0.767544135586196,-0.640996099775373,0.));
#10111=DIRECTION('',(0.,0.,1.));
#10112=DIRECTION('center_axis',(0.,0.,1.));
#10113=DIRECTION('ref_axis',(-0.767544135586196,-0.640996099775373,0.));
#10114=DIRECTION('',(0.,0.,-1.));
#10115=DIRECTION('center_axis',(0.,0.,1.));
#10116=DIRECTION('ref_axis',(6.12323399573677E-17,1.,0.));
#10117=DIRECTION('center_axis',(0.,0.,1.));
#10118=DIRECTION('ref_axis',(6.12323399573677E-17,1.,0.));
#10119=DIRECTION('',(0.,0.,1.));
#10120=DIRECTION('center_axis',(0.,0.,-1.));
#10121=DIRECTION('ref_axis',(6.12323399573677E-17,1.,0.));
#10122=DIRECTION('center_axis',(0.,0.,1.));
#10123=DIRECTION('ref_axis',(6.12323399573677E-17,1.,0.));
#10124=DIRECTION('center_axis',(0.,0.,-1.));
#10125=DIRECTION('ref_axis',(6.12323399573677E-17,1.,0.));
#10126=DIRECTION('center_axis',(0.,0.,1.));
#10127=DIRECTION('ref_axis',(6.12323399573677E-17,1.,0.));
#10128=DIRECTION('center_axis',(0.,0.,1.));
#10129=DIRECTION('ref_axis',(1.,0.,0.));
#10130=DIRECTION('center_axis',(0.,0.,1.));
#10131=DIRECTION('ref_axis',(1.,0.,0.));
#10132=DIRECTION('',(0.,0.,1.));
#10133=DIRECTION('center_axis',(0.,0.,-1.));
#10134=DIRECTION('ref_axis',(1.,0.,0.));
#10135=DIRECTION('center_axis',(0.,0.,1.));
#10136=DIRECTION('ref_axis',(-0.696337111231909,0.717714865055197,0.));
#10137=DIRECTION('center_axis',(0.,0.,1.));
#10138=DIRECTION('ref_axis',(-0.696337111231909,0.717714865055197,0.));
#10139=DIRECTION('',(0.,0.,-1.));
#10140=DIRECTION('center_axis',(0.,0.,-1.));
#10141=DIRECTION('ref_axis',(-0.696337111231909,0.717714865055197,0.));
#10142=DIRECTION('center_axis',(0.,0.,1.));
#10143=DIRECTION('ref_axis',(0.104528463267654,0.994521895368273,0.));
#10144=DIRECTION('center_axis',(0.,0.,-1.));
#10145=DIRECTION('ref_axis',(0.104528463267654,0.994521895368273,0.));
#10146=DIRECTION('',(0.,0.,-1.));
#10147=DIRECTION('center_axis',(0.,0.,1.));
#10148=DIRECTION('ref_axis',(0.104528463267654,0.994521895368273,0.));
#10149=DIRECTION('center_axis',(0.,0.,-1.));
#10150=DIRECTION('ref_axis',(-0.830341785772061,-0.557254447089356,0.));
#10151=DIRECTION('center_axis',(0.,0.,-1.));
#10152=DIRECTION('ref_axis',(-0.830341785772061,-0.557254447089356,0.));
#10153=DIRECTION('',(0.,0.,1.));
#10154=DIRECTION('center_axis',(0.,0.,1.));
#10155=DIRECTION('ref_axis',(-0.830341785772061,-0.557254447089356,0.));
#10156=DIRECTION('',(0.,0.,-1.));
#10157=DIRECTION('center_axis',(0.,0.,1.));
#10158=DIRECTION('ref_axis',(0.104528463267654,0.994521895368273,0.));
#10159=DIRECTION('center_axis',(0.,0.,1.));
#10160=DIRECTION('ref_axis',(0.104528463267654,0.994521895368273,0.));
#10161=DIRECTION('',(0.,0.,1.));
#10162=DIRECTION('center_axis',(0.,0.,-1.));
#10163=DIRECTION('ref_axis',(0.104528463267654,0.994521895368273,0.));
#10164=DIRECTION('center_axis',(0.,0.,1.));
#10165=DIRECTION('ref_axis',(0.104528463267654,0.994521895368273,0.));
#10166=DIRECTION('center_axis',(0.,0.,-1.));
#10167=DIRECTION('ref_axis',(0.104528463267654,0.994521895368273,0.));
#10168=DIRECTION('center_axis',(0.,0.,1.));
#10169=DIRECTION('ref_axis',(0.104528463267654,0.994521895368273,0.));
#10170=DIRECTION('center_axis',(0.,0.,1.));
#10171=DIRECTION('ref_axis',(1.,0.,0.));
#10172=DIRECTION('center_axis',(0.,0.,1.));
#10173=DIRECTION('ref_axis',(1.,0.,0.));
#10174=DIRECTION('',(0.,0.,1.));
#10175=DIRECTION('center_axis',(0.,0.,-1.));
#10176=DIRECTION('ref_axis',(1.,0.,0.));
#10177=DIRECTION('center_axis',(0.,0.,1.));
#10178=DIRECTION('ref_axis',(-0.617500871769047,0.786570196081994,0.));
#10179=DIRECTION('center_axis',(0.,0.,1.));
#10180=DIRECTION('ref_axis',(-0.617500871769047,0.786570196081994,0.));
#10181=DIRECTION('',(0.,0.,-1.));
#10182=DIRECTION('center_axis',(0.,0.,-1.));
#10183=DIRECTION('ref_axis',(-0.617500871769047,0.786570196081994,0.));
#10184=DIRECTION('center_axis',(0.,0.,1.));
#10185=DIRECTION('ref_axis',(0.207911690817759,0.978147600733806,0.));
#10186=DIRECTION('center_axis',(0.,0.,-1.));
#10187=DIRECTION('ref_axis',(0.207911690817759,0.978147600733806,0.));
#10188=DIRECTION('',(0.,0.,-1.));
#10189=DIRECTION('center_axis',(0.,0.,1.));
#10190=DIRECTION('ref_axis',(0.207911690817759,0.978147600733806,0.));
#10191=DIRECTION('center_axis',(0.,0.,-1.));
#10192=DIRECTION('ref_axis',(-0.884042037592826,-0.467407398068029,0.));
#10193=DIRECTION('center_axis',(0.,0.,-1.));
#10194=DIRECTION('ref_axis',(-0.884042037592826,-0.467407398068029,0.));
#10195=DIRECTION('',(0.,0.,1.));
#10196=DIRECTION('center_axis',(0.,0.,1.));
#10197=DIRECTION('ref_axis',(-0.884042037592826,-0.467407398068029,0.));
#10198=DIRECTION('',(0.,0.,-1.));
#10199=DIRECTION('center_axis',(0.,0.,1.));
#10200=DIRECTION('ref_axis',(0.207911690817759,0.978147600733806,0.));
#10201=DIRECTION('center_axis',(0.,0.,1.));
#10202=DIRECTION('ref_axis',(0.207911690817759,0.978147600733806,0.));
#10203=DIRECTION('',(0.,0.,1.));
#10204=DIRECTION('center_axis',(0.,0.,-1.));
#10205=DIRECTION('ref_axis',(0.207911690817759,0.978147600733806,0.));
#10206=DIRECTION('center_axis',(0.,0.,1.));
#10207=DIRECTION('ref_axis',(0.20791169081776,0.978147600733806,0.));
#10208=DIRECTION('center_axis',(0.,0.,-1.));
#10209=DIRECTION('ref_axis',(0.20791169081776,0.978147600733806,0.));
#10210=DIRECTION('center_axis',(0.,0.,1.));
#10211=DIRECTION('ref_axis',(0.20791169081776,0.978147600733806,0.));
#10212=DIRECTION('center_axis',(0.,0.,1.));
#10213=DIRECTION('ref_axis',(1.,0.,0.));
#10214=DIRECTION('center_axis',(0.,0.,1.));
#10215=DIRECTION('ref_axis',(1.,0.,0.));
#10216=DIRECTION('',(0.,0.,1.));
#10217=DIRECTION('center_axis',(0.,0.,-1.));
#10218=DIRECTION('ref_axis',(1.,0.,0.));
#10219=DIRECTION('center_axis',(0.,0.,1.));
#10220=DIRECTION('ref_axis',(-0.531899163534718,0.846807699440119,0.));
#10221=DIRECTION('center_axis',(0.,0.,1.));
#10222=DIRECTION('ref_axis',(-0.531899163534718,0.846807699440119,0.));
#10223=DIRECTION('',(0.,0.,-1.));
#10224=DIRECTION('center_axis',(0.,0.,-1.));
#10225=DIRECTION('ref_axis',(-0.531899163534718,0.846807699440119,0.));
#10226=DIRECTION('center_axis',(0.,0.,1.));
#10227=DIRECTION('ref_axis',(0.309016994374948,0.951056516295154,0.));
#10228=DIRECTION('center_axis',(0.,0.,-1.));
#10229=DIRECTION('ref_axis',(0.309016994374948,0.951056516295154,0.));
#10230=DIRECTION('',(0.,0.,-1.));
#10231=DIRECTION('center_axis',(0.,0.,1.));
#10232=DIRECTION('ref_axis',(0.309016994374948,0.951056516295154,0.));
#10233=DIRECTION('center_axis',(0.,0.,-1.));
#10234=DIRECTION('ref_axis',(-0.928056539852032,-0.372439335782182,0.));
#10235=DIRECTION('center_axis',(0.,0.,-1.));
#10236=DIRECTION('ref_axis',(-0.928056539852032,-0.372439335782182,0.));
#10237=DIRECTION('',(0.,0.,1.));
#10238=DIRECTION('center_axis',(0.,0.,1.));
#10239=DIRECTION('ref_axis',(-0.928056539852032,-0.372439335782182,0.));
#10240=DIRECTION('',(0.,0.,-1.));
#10241=DIRECTION('center_axis',(0.,0.,1.));
#10242=DIRECTION('ref_axis',(0.309016994374948,0.951056516295154,0.));
#10243=DIRECTION('center_axis',(0.,0.,1.));
#10244=DIRECTION('ref_axis',(0.309016994374948,0.951056516295154,0.));
#10245=DIRECTION('',(0.,0.,1.));
#10246=DIRECTION('center_axis',(0.,0.,-1.));
#10247=DIRECTION('ref_axis',(0.309016994374948,0.951056516295154,0.));
#10248=DIRECTION('center_axis',(0.,0.,1.));
#10249=DIRECTION('ref_axis',(0.309016994374947,0.951056516295154,0.));
#10250=DIRECTION('center_axis',(0.,0.,-1.));
#10251=DIRECTION('ref_axis',(0.309016994374947,0.951056516295154,0.));
#10252=DIRECTION('center_axis',(0.,0.,1.));
#10253=DIRECTION('ref_axis',(0.309016994374947,0.951056516295154,0.));
#10254=DIRECTION('center_axis',(0.,0.,1.));
#10255=DIRECTION('ref_axis',(1.,0.,0.));
#10256=DIRECTION('center_axis',(0.,0.,1.));
#10257=DIRECTION('ref_axis',(1.,0.,0.));
#10258=DIRECTION('',(0.,0.,1.));
#10259=DIRECTION('center_axis',(0.,0.,-1.));
#10260=DIRECTION('ref_axis',(1.,0.,0.));
#10261=DIRECTION('center_axis',(0.,0.,1.));
#10262=DIRECTION('ref_axis',(-0.440469856757657,0.897767400437268,0.));
#10263=DIRECTION('center_axis',(0.,0.,1.));
#10264=DIRECTION('ref_axis',(-0.440469856757657,0.897767400437268,0.));
#10265=DIRECTION('',(0.,0.,-1.));
#10266=DIRECTION('center_axis',(0.,0.,-1.));
#10267=DIRECTION('ref_axis',(-0.440469856757657,0.897767400437268,0.));
#10268=DIRECTION('center_axis',(0.,0.,1.));
#10269=DIRECTION('ref_axis',(0.4067366430758,0.913545457642601,0.));
#10270=DIRECTION('center_axis',(0.,0.,-1.));
#10271=DIRECTION('ref_axis',(0.4067366430758,0.913545457642601,0.));
#10272=DIRECTION('',(0.,0.,-1.));
#10273=DIRECTION('center_axis',(0.,0.,1.));
#10274=DIRECTION('ref_axis',(0.4067366430758,0.913545457642601,0.));
#10275=DIRECTION('center_axis',(0.,0.,-1.));
#10276=DIRECTION('ref_axis',(-0.961903060452302,-0.273390750195567,0.));
#10277=DIRECTION('center_axis',(0.,0.,-1.));
#10278=DIRECTION('ref_axis',(-0.961903060452302,-0.273390750195567,0.));
#10279=DIRECTION('',(0.,0.,1.));
#10280=DIRECTION('center_axis',(0.,0.,1.));
#10281=DIRECTION('ref_axis',(-0.961903060452302,-0.273390750195567,0.));
#10282=DIRECTION('',(0.,0.,-1.));
#10283=DIRECTION('center_axis',(0.,0.,1.));
#10284=DIRECTION('ref_axis',(0.4067366430758,0.913545457642601,0.));
#10285=DIRECTION('center_axis',(0.,0.,1.));
#10286=DIRECTION('ref_axis',(0.4067366430758,0.913545457642601,0.));
#10287=DIRECTION('',(0.,0.,1.));
#10288=DIRECTION('center_axis',(0.,0.,-1.));
#10289=DIRECTION('ref_axis',(0.4067366430758,0.913545457642601,0.));
#10290=DIRECTION('center_axis',(0.,0.,1.));
#10291=DIRECTION('ref_axis',(0.4067366430758,0.913545457642601,0.));
#10292=DIRECTION('center_axis',(0.,0.,-1.));
#10293=DIRECTION('ref_axis',(0.4067366430758,0.913545457642601,0.));
#10294=DIRECTION('center_axis',(0.,0.,1.));
#10295=DIRECTION('ref_axis',(0.4067366430758,0.913545457642601,0.));
#10296=DIRECTION('center_axis',(0.,0.,1.));
#10297=DIRECTION('ref_axis',(1.,0.,0.));
#10298=DIRECTION('center_axis',(0.,0.,1.));
#10299=DIRECTION('ref_axis',(1.,0.,0.));
#10300=DIRECTION('',(0.,0.,1.));
#10301=DIRECTION('center_axis',(0.,0.,-1.));
#10302=DIRECTION('ref_axis',(1.,0.,0.));
#10303=DIRECTION('center_axis',(0.,0.,1.));
#10304=DIRECTION('ref_axis',(-0.344214670055716,0.938890973925319,0.));
#10305=DIRECTION('center_axis',(0.,0.,1.));
#10306=DIRECTION('ref_axis',(-0.344214670055716,0.938890973925319,0.));
#10307=DIRECTION('',(0.,0.,-1.));
#10308=DIRECTION('center_axis',(0.,0.,-1.));
#10309=DIRECTION('ref_axis',(-0.344214670055716,0.938890973925319,0.));
#10310=DIRECTION('center_axis',(0.,0.,1.));
#10311=DIRECTION('ref_axis',(0.5,0.866025403784439,0.));
#10312=DIRECTION('center_axis',(0.,0.,-1.));
#10313=DIRECTION('ref_axis',(0.5,0.866025403784439,0.));
#10314=DIRECTION('',(0.,0.,-1.));
#10315=DIRECTION('center_axis',(0.,0.,1.));
#10316=DIRECTION('ref_axis',(0.5,0.866025403784439,0.));
#10317=DIRECTION('center_axis',(0.,0.,-1.));
#10318=DIRECTION('ref_axis',(-0.985210769831099,-0.171346838339123,0.));
#10319=DIRECTION('center_axis',(0.,0.,-1.));
#10320=DIRECTION('ref_axis',(-0.985210769831099,-0.171346838339123,0.));
#10321=DIRECTION('',(0.,0.,1.));
#10322=DIRECTION('center_axis',(0.,0.,1.));
#10323=DIRECTION('ref_axis',(-0.985210769831099,-0.171346838339123,0.));
#10324=DIRECTION('',(0.,0.,-1.));
#10325=DIRECTION('center_axis',(0.,0.,1.));
#10326=DIRECTION('ref_axis',(0.5,0.866025403784439,0.));
#10327=DIRECTION('center_axis',(0.,0.,1.));
#10328=DIRECTION('ref_axis',(0.5,0.866025403784439,0.));
#10329=DIRECTION('',(0.,0.,1.));
#10330=DIRECTION('center_axis',(0.,0.,-1.));
#10331=DIRECTION('ref_axis',(0.5,0.866025403784439,0.));
#10332=DIRECTION('center_axis',(0.,0.,1.));
#10333=DIRECTION('ref_axis',(0.5,0.866025403784438,0.));
#10334=DIRECTION('center_axis',(0.,0.,-1.));
#10335=DIRECTION('ref_axis',(0.5,0.866025403784438,0.));
#10336=DIRECTION('center_axis',(0.,0.,1.));
#10337=DIRECTION('ref_axis',(0.5,0.866025403784438,0.));
#10338=DIRECTION('center_axis',(0.,0.,1.));
#10339=DIRECTION('ref_axis',(1.,0.,0.));
#10340=DIRECTION('center_axis',(0.,0.,1.));
#10341=DIRECTION('ref_axis',(1.,0.,0.));
#10342=DIRECTION('',(0.,0.,1.));
#10343=DIRECTION('center_axis',(0.,0.,-1.));
#10344=DIRECTION('ref_axis',(1.,0.,0.));
#10345=DIRECTION('center_axis',(0.,0.,1.));
#10346=DIRECTION('ref_axis',(-0.244188195397092,0.969727861427479,0.));
#10347=DIRECTION('center_axis',(0.,0.,1.));
#10348=DIRECTION('ref_axis',(-0.244188195397092,0.969727861427479,0.));
#10349=DIRECTION('',(0.,0.,-1.));
#10350=DIRECTION('center_axis',(0.,0.,-1.));
#10351=DIRECTION('ref_axis',(-0.244188195397092,0.969727861427479,0.));
#10352=DIRECTION('center_axis',(0.,0.,1.));
#10353=DIRECTION('ref_axis',(0.587785252292473,0.809016994374948,0.));
#10354=DIRECTION('center_axis',(0.,0.,-1.));
#10355=DIRECTION('ref_axis',(0.587785252292473,0.809016994374948,0.));
#10356=DIRECTION('',(0.,0.,-1.));
#10357=DIRECTION('center_axis',(0.,0.,1.));
#10358=DIRECTION('ref_axis',(0.587785252292473,0.809016994374948,0.));
#10359=DIRECTION('center_axis',(0.,0.,-1.));
#10360=DIRECTION('ref_axis',(-0.997724303847019,-0.0674256146652022,0.));
#10361=DIRECTION('center_axis',(0.,0.,-1.));
#10362=DIRECTION('ref_axis',(-0.997724303847019,-0.0674256146652022,0.));
#10363=DIRECTION('',(0.,0.,1.));
#10364=DIRECTION('center_axis',(0.,0.,1.));
#10365=DIRECTION('ref_axis',(-0.997724303847019,-0.0674256146652022,0.));
#10366=DIRECTION('',(0.,0.,-1.));
#10367=DIRECTION('center_axis',(0.,0.,1.));
#10368=DIRECTION('ref_axis',(0.587785252292473,0.809016994374948,0.));
#10369=DIRECTION('center_axis',(0.,0.,1.));
#10370=DIRECTION('ref_axis',(0.587785252292473,0.809016994374948,0.));
#10371=DIRECTION('',(0.,0.,1.));
#10372=DIRECTION('center_axis',(0.,0.,-1.));
#10373=DIRECTION('ref_axis',(0.587785252292473,0.809016994374948,0.));
#10374=DIRECTION('center_axis',(0.,0.,1.));
#10375=DIRECTION('ref_axis',(0.587785252292473,0.809016994374947,0.));
#10376=DIRECTION('center_axis',(0.,0.,-1.));
#10377=DIRECTION('ref_axis',(0.587785252292473,0.809016994374947,0.));
#10378=DIRECTION('center_axis',(0.,0.,1.));
#10379=DIRECTION('ref_axis',(0.587785252292473,0.809016994374947,0.));
#10380=DIRECTION('center_axis',(0.,0.,1.));
#10381=DIRECTION('ref_axis',(1.,0.,0.));
#10382=DIRECTION('center_axis',(0.,0.,1.));
#10383=DIRECTION('ref_axis',(1.,0.,0.));
#10384=DIRECTION('',(0.,0.,1.));
#10385=DIRECTION('center_axis',(0.,0.,-1.));
#10386=DIRECTION('ref_axis',(1.,0.,0.));
#10387=DIRECTION('center_axis',(0.,0.,1.));
#10388=DIRECTION('ref_axis',(-0.141486343770053,0.989940207551235,0.));
#10389=DIRECTION('center_axis',(0.,0.,1.));
#10390=DIRECTION('ref_axis',(-0.141486343770053,0.989940207551235,0.));
#10391=DIRECTION('',(0.,0.,-1.));
#10392=DIRECTION('center_axis',(0.,0.,-1.));
#10393=DIRECTION('ref_axis',(-0.141486343770053,0.989940207551235,0.));
#10394=DIRECTION('center_axis',(0.,0.,1.));
#10395=DIRECTION('ref_axis',(0.669130606358858,0.743144825477394,0.));
#10396=DIRECTION('center_axis',(0.,0.,-1.));
#10397=DIRECTION('ref_axis',(0.669130606358858,0.743144825477394,0.));
#10398=DIRECTION('',(0.,0.,-1.));
#10399=DIRECTION('center_axis',(0.,0.,1.));
#10400=DIRECTION('ref_axis',(0.669130606358858,0.743144825477394,0.));
#10401=DIRECTION('center_axis',(0.,0.,-1.));
#10402=DIRECTION('ref_axis',(-0.999306561602759,0.0372343381527224,0.));
#10403=DIRECTION('center_axis',(0.,0.,-1.));
#10404=DIRECTION('ref_axis',(-0.999306561602759,0.0372343381527224,0.));
#10405=DIRECTION('',(0.,0.,1.));
#10406=DIRECTION('center_axis',(0.,0.,1.));
#10407=DIRECTION('ref_axis',(-0.999306561602759,0.0372343381527224,0.));
#10408=DIRECTION('',(0.,0.,-1.));
#10409=DIRECTION('center_axis',(0.,0.,1.));
#10410=DIRECTION('ref_axis',(0.669130606358858,0.743144825477394,0.));
#10411=DIRECTION('center_axis',(0.,0.,1.));
#10412=DIRECTION('ref_axis',(0.669130606358858,0.743144825477394,0.));
#10413=DIRECTION('',(0.,0.,1.));
#10414=DIRECTION('center_axis',(0.,0.,-1.));
#10415=DIRECTION('ref_axis',(0.669130606358858,0.743144825477394,0.));
#10416=DIRECTION('center_axis',(0.,0.,1.));
#10417=DIRECTION('ref_axis',(0.669130606358858,0.743144825477394,0.));
#10418=DIRECTION('center_axis',(0.,0.,-1.));
#10419=DIRECTION('ref_axis',(0.669130606358858,0.743144825477394,0.));
#10420=DIRECTION('center_axis',(0.,0.,1.));
#10421=DIRECTION('ref_axis',(0.669130606358858,0.743144825477394,0.));
#10422=DIRECTION('center_axis',(0.,0.,1.));
#10423=DIRECTION('ref_axis',(1.,0.,0.));
#10424=DIRECTION('center_axis',(0.,0.,1.));
#10425=DIRECTION('ref_axis',(1.,0.,0.));
#10426=DIRECTION('',(0.,0.,1.));
#10427=DIRECTION('center_axis',(0.,0.,-1.));
#10428=DIRECTION('ref_axis',(1.,0.,0.));
#10429=DIRECTION('center_axis',(0.,0.,1.));
#10430=DIRECTION('ref_axis',(-0.0372343381527032,0.99930656160276,0.));
#10431=DIRECTION('center_axis',(0.,0.,1.));
#10432=DIRECTION('ref_axis',(-0.0372343381527032,0.99930656160276,0.));
#10433=DIRECTION('',(0.,0.,-1.));
#10434=DIRECTION('center_axis',(0.,0.,-1.));
#10435=DIRECTION('ref_axis',(-0.0372343381527032,0.99930656160276,0.));
#10436=DIRECTION('center_axis',(0.,0.,1.));
#10437=DIRECTION('ref_axis',(0.743144825477394,0.669130606358858,0.));
#10438=DIRECTION('center_axis',(0.,0.,-1.));
#10439=DIRECTION('ref_axis',(0.743144825477394,0.669130606358858,0.));
#10440=DIRECTION('',(0.,0.,-1.));
#10441=DIRECTION('center_axis',(0.,0.,1.));
#10442=DIRECTION('ref_axis',(0.743144825477394,0.669130606358858,0.));
#10443=DIRECTION('center_axis',(0.,0.,-1.));
#10444=DIRECTION('ref_axis',(-0.989940207551238,0.141486343770031,0.));
#10445=DIRECTION('center_axis',(0.,0.,-1.));
#10446=DIRECTION('ref_axis',(-0.989940207551238,0.141486343770031,0.));
#10447=DIRECTION('',(0.,0.,1.));
#10448=DIRECTION('center_axis',(0.,0.,1.));
#10449=DIRECTION('ref_axis',(-0.989940207551238,0.141486343770031,0.));
#10450=DIRECTION('',(0.,0.,-1.));
#10451=DIRECTION('center_axis',(0.,0.,1.));
#10452=DIRECTION('ref_axis',(0.743144825477394,0.669130606358858,0.));
#10453=DIRECTION('center_axis',(0.,0.,1.));
#10454=DIRECTION('ref_axis',(0.743144825477394,0.669130606358858,0.));
#10455=DIRECTION('',(0.,0.,1.));
#10456=DIRECTION('center_axis',(0.,0.,-1.));
#10457=DIRECTION('ref_axis',(0.743144825477394,0.669130606358858,0.));
#10458=DIRECTION('center_axis',(0.,0.,1.));
#10459=DIRECTION('ref_axis',(0.743144825477394,0.669130606358858,0.));
#10460=DIRECTION('center_axis',(0.,0.,-1.));
#10461=DIRECTION('ref_axis',(0.743144825477394,0.669130606358858,0.));
#10462=DIRECTION('center_axis',(0.,0.,1.));
#10463=DIRECTION('ref_axis',(0.743144825477394,0.669130606358858,0.));
#10464=DIRECTION('center_axis',(0.,0.,1.));
#10465=DIRECTION('ref_axis',(1.,0.,0.));
#10466=DIRECTION('center_axis',(0.,0.,1.));
#10467=DIRECTION('ref_axis',(1.,0.,0.));
#10468=DIRECTION('',(0.,0.,1.));
#10469=DIRECTION('center_axis',(0.,0.,-1.));
#10470=DIRECTION('ref_axis',(1.,0.,0.));
#10471=DIRECTION('center_axis',(0.,0.,1.));
#10472=DIRECTION('ref_axis',(0.0674256146652036,0.997724303847019,0.));
#10473=DIRECTION('center_axis',(0.,0.,1.));
#10474=DIRECTION('ref_axis',(0.0674256146652036,0.997724303847019,0.));
#10475=DIRECTION('',(0.,0.,-1.));
#10476=DIRECTION('center_axis',(0.,0.,-1.));
#10477=DIRECTION('ref_axis',(0.0674256146652036,0.997724303847019,0.));
#10478=DIRECTION('center_axis',(0.,0.,1.));
#10479=DIRECTION('ref_axis',(0.809016994374948,0.587785252292473,0.));
#10480=DIRECTION('center_axis',(0.,0.,-1.));
#10481=DIRECTION('ref_axis',(0.809016994374948,0.587785252292473,0.));
#10482=DIRECTION('',(0.,0.,-1.));
#10483=DIRECTION('center_axis',(0.,0.,1.));
#10484=DIRECTION('ref_axis',(0.809016994374948,0.587785252292473,0.));
#10485=DIRECTION('center_axis',(0.,0.,-1.));
#10486=DIRECTION('ref_axis',(-0.96972786142748,0.244188195397087,0.));
#10487=DIRECTION('center_axis',(0.,0.,-1.));
#10488=DIRECTION('ref_axis',(-0.96972786142748,0.244188195397087,0.));
#10489=DIRECTION('',(0.,0.,1.));
#10490=DIRECTION('center_axis',(0.,0.,1.));
#10491=DIRECTION('ref_axis',(-0.96972786142748,0.244188195397087,0.));
#10492=DIRECTION('',(0.,0.,-1.));
#10493=DIRECTION('center_axis',(0.,0.,1.));
#10494=DIRECTION('ref_axis',(0.809016994374948,0.587785252292473,0.));
#10495=DIRECTION('center_axis',(0.,0.,1.));
#10496=DIRECTION('ref_axis',(0.809016994374948,0.587785252292473,0.));
#10497=DIRECTION('',(0.,0.,1.));
#10498=DIRECTION('center_axis',(0.,0.,-1.));
#10499=DIRECTION('ref_axis',(0.809016994374948,0.587785252292473,0.));
#10500=DIRECTION('center_axis',(0.,0.,1.));
#10501=DIRECTION('ref_axis',(0.809016994374947,0.587785252292473,0.));
#10502=DIRECTION('center_axis',(0.,0.,-1.));
#10503=DIRECTION('ref_axis',(0.809016994374947,0.587785252292473,0.));
#10504=DIRECTION('center_axis',(0.,0.,1.));
#10505=DIRECTION('ref_axis',(0.809016994374947,0.587785252292473,0.));
#10506=DIRECTION('center_axis',(0.,0.,1.));
#10507=DIRECTION('ref_axis',(1.,0.,0.));
#10508=DIRECTION('center_axis',(0.,0.,1.));
#10509=DIRECTION('ref_axis',(1.,0.,0.));
#10510=DIRECTION('',(0.,0.,1.));
#10511=DIRECTION('center_axis',(0.,0.,-1.));
#10512=DIRECTION('ref_axis',(1.,0.,0.));
#10513=DIRECTION('center_axis',(0.,0.,1.));
#10514=DIRECTION('ref_axis',(0.171346838339123,0.985210769831099,0.));
#10515=DIRECTION('center_axis',(0.,0.,1.));
#10516=DIRECTION('ref_axis',(0.171346838339123,0.985210769831099,0.));
#10517=DIRECTION('',(0.,0.,-1.));
#10518=DIRECTION('center_axis',(0.,0.,-1.));
#10519=DIRECTION('ref_axis',(0.171346838339123,0.985210769831099,0.));
#10520=DIRECTION('center_axis',(0.,0.,1.));
#10521=DIRECTION('ref_axis',(0.866025403784439,0.5,0.));
#10522=DIRECTION('center_axis',(0.,0.,-1.));
#10523=DIRECTION('ref_axis',(0.866025403784439,0.5,0.));
#10524=DIRECTION('',(0.,0.,-1.));
#10525=DIRECTION('center_axis',(0.,0.,1.));
#10526=DIRECTION('ref_axis',(0.866025403784439,0.5,0.));
#10527=DIRECTION('center_axis',(0.,0.,-1.));
#10528=DIRECTION('ref_axis',(-0.938890973925313,0.344214670055733,0.));
#10529=DIRECTION('center_axis',(0.,0.,-1.));
#10530=DIRECTION('ref_axis',(-0.938890973925313,0.344214670055733,0.));
#10531=DIRECTION('',(0.,0.,1.));
#10532=DIRECTION('center_axis',(0.,0.,1.));
#10533=DIRECTION('ref_axis',(-0.938890973925313,0.344214670055733,0.));
#10534=DIRECTION('',(0.,0.,-1.));
#10535=DIRECTION('center_axis',(0.,0.,1.));
#10536=DIRECTION('ref_axis',(0.866025403784439,0.5,0.));
#10537=DIRECTION('center_axis',(0.,0.,1.));
#10538=DIRECTION('ref_axis',(0.866025403784439,0.5,0.));
#10539=DIRECTION('',(0.,0.,1.));
#10540=DIRECTION('center_axis',(0.,0.,-1.));
#10541=DIRECTION('ref_axis',(0.866025403784439,0.5,0.));
#10542=DIRECTION('center_axis',(0.,0.,1.));
#10543=DIRECTION('ref_axis',(0.866025403784439,0.5,0.));
#10544=DIRECTION('center_axis',(0.,0.,-1.));
#10545=DIRECTION('ref_axis',(0.866025403784439,0.5,0.));
#10546=DIRECTION('center_axis',(0.,0.,1.));
#10547=DIRECTION('ref_axis',(0.866025403784439,0.5,0.));
#10548=DIRECTION('center_axis',(0.,0.,1.));
#10549=DIRECTION('ref_axis',(1.,0.,0.));
#10550=DIRECTION('center_axis',(0.,0.,1.));
#10551=DIRECTION('ref_axis',(1.,0.,0.));
#10552=DIRECTION('',(0.,0.,1.));
#10553=DIRECTION('center_axis',(0.,0.,-1.));
#10554=DIRECTION('ref_axis',(1.,0.,0.));
#10555=DIRECTION('center_axis',(0.,0.,1.));
#10556=DIRECTION('ref_axis',(0.273390750195571,0.961903060452301,0.));
#10557=DIRECTION('center_axis',(0.,0.,1.));
#10558=DIRECTION('ref_axis',(0.273390750195571,0.961903060452301,0.));
#10559=DIRECTION('',(0.,0.,-1.));
#10560=DIRECTION('center_axis',(0.,0.,-1.));
#10561=DIRECTION('ref_axis',(0.273390750195571,0.961903060452301,0.));
#10562=DIRECTION('center_axis',(0.,0.,1.));
#10563=DIRECTION('ref_axis',(0.913545457642601,0.4067366430758,0.));
#10564=DIRECTION('center_axis',(0.,0.,-1.));
#10565=DIRECTION('ref_axis',(0.913545457642601,0.4067366430758,0.));
#10566=DIRECTION('',(0.,0.,-1.));
#10567=DIRECTION('center_axis',(0.,0.,1.));
#10568=DIRECTION('ref_axis',(0.913545457642601,0.4067366430758,0.));
#10569=DIRECTION('center_axis',(0.,0.,-1.));
#10570=DIRECTION('ref_axis',(-0.89776740043726,0.440469856757673,0.));
#10571=DIRECTION('center_axis',(0.,0.,-1.));
#10572=DIRECTION('ref_axis',(-0.89776740043726,0.440469856757673,0.));
#10573=DIRECTION('',(0.,0.,1.));
#10574=DIRECTION('center_axis',(0.,0.,1.));
#10575=DIRECTION('ref_axis',(-0.89776740043726,0.440469856757673,0.));
#10576=DIRECTION('',(0.,0.,-1.));
#10577=DIRECTION('center_axis',(0.,0.,1.));
#10578=DIRECTION('ref_axis',(0.913545457642601,0.4067366430758,0.));
#10579=DIRECTION('center_axis',(0.,0.,1.));
#10580=DIRECTION('ref_axis',(0.913545457642601,0.4067366430758,0.));
#10581=DIRECTION('',(0.,0.,1.));
#10582=DIRECTION('center_axis',(0.,0.,-1.));
#10583=DIRECTION('ref_axis',(0.913545457642601,0.4067366430758,0.));
#10584=DIRECTION('center_axis',(0.,0.,1.));
#10585=DIRECTION('ref_axis',(0.913545457642601,0.4067366430758,0.));
#10586=DIRECTION('center_axis',(0.,0.,-1.));
#10587=DIRECTION('ref_axis',(0.913545457642601,0.4067366430758,0.));
#10588=DIRECTION('center_axis',(0.,0.,1.));
#10589=DIRECTION('ref_axis',(0.913545457642601,0.4067366430758,0.));
#10590=DIRECTION('center_axis',(0.,0.,1.));
#10591=DIRECTION('ref_axis',(1.,0.,0.));
#10592=DIRECTION('center_axis',(0.,0.,1.));
#10593=DIRECTION('ref_axis',(1.,0.,0.));
#10594=DIRECTION('',(0.,0.,1.));
#10595=DIRECTION('center_axis',(0.,0.,-1.));
#10596=DIRECTION('ref_axis',(1.,0.,0.));
#10597=DIRECTION('center_axis',(0.,0.,1.));
#10598=DIRECTION('ref_axis',(0.372439335782182,0.928056539852032,0.));
#10599=DIRECTION('center_axis',(0.,0.,1.));
#10600=DIRECTION('ref_axis',(0.372439335782182,0.928056539852032,0.));
#10601=DIRECTION('',(0.,0.,-1.));
#10602=DIRECTION('center_axis',(0.,0.,-1.));
#10603=DIRECTION('ref_axis',(0.372439335782182,0.928056539852032,0.));
#10604=DIRECTION('center_axis',(0.,0.,1.));
#10605=DIRECTION('ref_axis',(0.951056516295154,0.309016994374947,0.));
#10606=DIRECTION('center_axis',(0.,0.,-1.));
#10607=DIRECTION('ref_axis',(0.951056516295154,0.309016994374947,0.));
#10608=DIRECTION('',(0.,0.,-1.));
#10609=DIRECTION('center_axis',(0.,0.,1.));
#10610=DIRECTION('ref_axis',(0.951056516295154,0.309016994374947,0.));
#10611=DIRECTION('center_axis',(0.,0.,-1.));
#10612=DIRECTION('ref_axis',(-0.846807699440107,0.531899163534737,0.));
#10613=DIRECTION('center_axis',(0.,0.,-1.));
#10614=DIRECTION('ref_axis',(-0.846807699440107,0.531899163534737,0.));
#10615=DIRECTION('',(0.,0.,1.));
#10616=DIRECTION('center_axis',(0.,0.,1.));
#10617=DIRECTION('ref_axis',(-0.846807699440107,0.531899163534737,0.));
#10618=DIRECTION('',(0.,0.,-1.));
#10619=DIRECTION('center_axis',(0.,0.,1.));
#10620=DIRECTION('ref_axis',(0.951056516295154,0.309016994374947,0.));
#10621=DIRECTION('center_axis',(0.,0.,1.));
#10622=DIRECTION('ref_axis',(0.951056516295154,0.309016994374947,0.));
#10623=DIRECTION('',(0.,0.,1.));
#10624=DIRECTION('center_axis',(0.,0.,-1.));
#10625=DIRECTION('ref_axis',(0.951056516295154,0.309016994374947,0.));
#10626=DIRECTION('center_axis',(0.,0.,1.));
#10627=DIRECTION('ref_axis',(0.951056516295154,0.309016994374947,0.));
#10628=DIRECTION('center_axis',(0.,0.,-1.));
#10629=DIRECTION('ref_axis',(0.951056516295154,0.309016994374947,0.));
#10630=DIRECTION('center_axis',(0.,0.,1.));
#10631=DIRECTION('ref_axis',(0.951056516295154,0.309016994374947,0.));
#10632=DIRECTION('center_axis',(0.,0.,1.));
#10633=DIRECTION('ref_axis',(1.,0.,0.));
#10634=DIRECTION('center_axis',(0.,0.,1.));
#10635=DIRECTION('ref_axis',(1.,0.,0.));
#10636=DIRECTION('',(0.,0.,1.));
#10637=DIRECTION('center_axis',(0.,0.,-1.));
#10638=DIRECTION('ref_axis',(1.,0.,0.));
#10639=DIRECTION('center_axis',(0.,0.,1.));
#10640=DIRECTION('ref_axis',(0.467407398068033,0.884042037592824,0.));
#10641=DIRECTION('center_axis',(0.,0.,1.));
#10642=DIRECTION('ref_axis',(0.467407398068033,0.884042037592824,0.));
#10643=DIRECTION('',(0.,0.,-1.));
#10644=DIRECTION('center_axis',(0.,0.,-1.));
#10645=DIRECTION('ref_axis',(0.467407398068033,0.884042037592824,0.));
#10646=DIRECTION('center_axis',(0.,0.,1.));
#10647=DIRECTION('ref_axis',(0.978147600733806,0.207911690817759,0.));
#10648=DIRECTION('center_axis',(0.,0.,-1.));
#10649=DIRECTION('ref_axis',(0.978147600733806,0.207911690817759,0.));
#10650=DIRECTION('',(0.,0.,-1.));
#10651=DIRECTION('center_axis',(0.,0.,1.));
#10652=DIRECTION('ref_axis',(0.978147600733806,0.207911690817759,0.));
#10653=DIRECTION('center_axis',(0.,0.,-1.));
#10654=DIRECTION('ref_axis',(-0.786570196081985,0.617500871769059,0.));
#10655=DIRECTION('center_axis',(0.,0.,-1.));
#10656=DIRECTION('ref_axis',(-0.786570196081985,0.617500871769059,0.));
#10657=DIRECTION('',(0.,0.,1.));
#10658=DIRECTION('center_axis',(0.,0.,1.));
#10659=DIRECTION('ref_axis',(-0.786570196081985,0.617500871769059,0.));
#10660=DIRECTION('',(0.,0.,-1.));
#10661=DIRECTION('center_axis',(0.,0.,1.));
#10662=DIRECTION('ref_axis',(0.978147600733806,0.207911690817759,0.));
#10663=DIRECTION('center_axis',(0.,0.,1.));
#10664=DIRECTION('ref_axis',(0.978147600733806,0.207911690817759,0.));
#10665=DIRECTION('',(0.,0.,1.));
#10666=DIRECTION('center_axis',(0.,0.,-1.));
#10667=DIRECTION('ref_axis',(0.978147600733806,0.207911690817759,0.));
#10668=DIRECTION('center_axis',(0.,0.,1.));
#10669=DIRECTION('ref_axis',(0.978147600733806,0.207911690817759,0.));
#10670=DIRECTION('center_axis',(0.,0.,-1.));
#10671=DIRECTION('ref_axis',(0.978147600733806,0.207911690817759,0.));
#10672=DIRECTION('center_axis',(0.,0.,1.));
#10673=DIRECTION('ref_axis',(0.978147600733806,0.207911690817759,0.));
#10674=DIRECTION('center_axis',(0.,0.,1.));
#10675=DIRECTION('ref_axis',(1.,0.,0.));
#10676=DIRECTION('center_axis',(0.,0.,1.));
#10677=DIRECTION('ref_axis',(1.,0.,0.));
#10678=DIRECTION('',(0.,0.,1.));
#10679=DIRECTION('center_axis',(0.,0.,-1.));
#10680=DIRECTION('ref_axis',(1.,0.,0.));
#10681=DIRECTION('center_axis',(0.,0.,1.));
#10682=DIRECTION('ref_axis',(0.557254447089356,0.830341785772061,0.));
#10683=DIRECTION('center_axis',(0.,0.,1.));
#10684=DIRECTION('ref_axis',(0.557254447089356,0.830341785772061,0.));
#10685=DIRECTION('',(0.,0.,-1.));
#10686=DIRECTION('center_axis',(0.,0.,-1.));
#10687=DIRECTION('ref_axis',(0.557254447089356,0.830341785772061,0.));
#10688=DIRECTION('center_axis',(0.,0.,1.));
#10689=DIRECTION('ref_axis',(0.994521895368273,0.104528463267653,0.));
#10690=DIRECTION('center_axis',(0.,0.,-1.));
#10691=DIRECTION('ref_axis',(0.994521895368273,0.104528463267653,0.));
#10692=DIRECTION('',(0.,0.,-1.));
#10693=DIRECTION('center_axis',(0.,0.,1.));
#10694=DIRECTION('ref_axis',(0.994521895368273,0.104528463267653,0.));
#10695=DIRECTION('center_axis',(0.,0.,-1.));
#10696=DIRECTION('ref_axis',(-0.717714865055196,0.69633711123191,0.));
#10697=DIRECTION('center_axis',(0.,0.,-1.));
#10698=DIRECTION('ref_axis',(-0.717714865055196,0.69633711123191,0.));
#10699=DIRECTION('',(0.,0.,1.));
#10700=DIRECTION('center_axis',(0.,0.,1.));
#10701=DIRECTION('ref_axis',(-0.717714865055196,0.69633711123191,0.));
#10702=DIRECTION('',(0.,0.,-1.));
#10703=DIRECTION('center_axis',(0.,0.,1.));
#10704=DIRECTION('ref_axis',(0.994521895368273,0.104528463267653,0.));
#10705=DIRECTION('center_axis',(0.,0.,1.));
#10706=DIRECTION('ref_axis',(0.994521895368273,0.104528463267653,0.));
#10707=DIRECTION('',(0.,0.,1.));
#10708=DIRECTION('center_axis',(0.,0.,-1.));
#10709=DIRECTION('ref_axis',(0.994521895368273,0.104528463267653,0.));
#10710=DIRECTION('center_axis',(0.,0.,1.));
#10711=DIRECTION('ref_axis',(0.994521895368273,0.104528463267653,0.));
#10712=DIRECTION('center_axis',(0.,0.,-1.));
#10713=DIRECTION('ref_axis',(0.994521895368273,0.104528463267653,0.));
#10714=DIRECTION('center_axis',(0.,0.,1.));
#10715=DIRECTION('ref_axis',(0.994521895368273,0.104528463267653,0.));
#10716=DIRECTION('center_axis',(0.,0.,1.));
#10717=DIRECTION('ref_axis',(1.,0.,0.));
#10718=DIRECTION('center_axis',(0.,0.,1.));
#10719=DIRECTION('ref_axis',(1.,0.,0.));
#10720=DIRECTION('',(0.,0.,1.));
#10721=DIRECTION('center_axis',(0.,0.,-1.));
#10722=DIRECTION('ref_axis',(1.,0.,0.));
#10723=DIRECTION('center_axis',(0.,0.,-1.));
#10724=DIRECTION('ref_axis',(0.640996099775378,0.767544135586192,0.));
#10725=DIRECTION('center_axis',(0.,0.,-1.));
#10726=DIRECTION('ref_axis',(0.640996099775378,0.767544135586192,0.));
#10727=DIRECTION('center_axis',(0.,0.,1.));
#10728=DIRECTION('ref_axis',(0.640996099775378,0.767544135586192,0.));
#10729=DIRECTION('',(0.,0.,-1.));
#10730=DIRECTION('center_axis',(0.,0.,1.));
#10731=DIRECTION('ref_axis',(-0.640996099775375,0.767544135586194,0.));
#10732=DIRECTION('center_axis',(0.,0.,1.));
#10733=DIRECTION('ref_axis',(-0.640996099775375,0.767544135586194,0.));
#10734=DIRECTION('center_axis',(0.,0.,-1.));
#10735=DIRECTION('ref_axis',(-0.640996099775375,0.767544135586194,0.));
#10736=DIRECTION('',(0.,0.,1.));
#10737=DIRECTION('center_axis',(0.,0.,1.));
#10738=DIRECTION('ref_axis',(1.,0.,0.));
#10739=DIRECTION('center_axis',(0.,0.,1.));
#10740=DIRECTION('ref_axis',(1.,0.,0.));
#10741=DIRECTION('',(0.,0.,1.));
#10742=DIRECTION('center_axis',(0.,0.,-1.));
#10743=DIRECTION('ref_axis',(1.,0.,0.));
#10744=DIRECTION('center_axis',(0.,0.,1.));
#10745=DIRECTION('ref_axis',(1.,0.,0.));
#10746=DIRECTION('center_axis',(0.,0.,-1.));
#10747=DIRECTION('ref_axis',(1.,0.,0.));
#10748=DIRECTION('',(0.,0.,-1.));
#10749=DIRECTION('center_axis',(0.,0.,1.));
#10750=DIRECTION('ref_axis',(1.,0.,0.));
#10751=DIRECTION('center_axis',(0.,0.,1.));
#10752=DIRECTION('ref_axis',(1.,0.,0.));
#10753=DIRECTION('center_axis',(0.,0.,-1.));
#10754=DIRECTION('ref_axis',(1.,0.,0.));
#10755=DIRECTION('center_axis',(0.,0.,1.));
#10756=DIRECTION('ref_axis',(1.,0.,0.));
#10757=DIRECTION('center_axis',(-6.12323399573677E-17,-1.,0.));
#10758=DIRECTION('ref_axis',(-1.,6.12323399573677E-17,0.));
#10759=DIRECTION('',(-6.12323399573677E-17,-1.,0.));
#10760=DIRECTION('center_axis',(0.,0.,-1.));
#10761=DIRECTION('ref_axis',(-1.,0.,0.));
#10762=DIRECTION('center_axis',(0.,0.,1.));
#10763=DIRECTION('ref_axis',(-1.,0.,0.));
#10764=DIRECTION('',(0.707106781186547,8.65956056235493E-17,-0.707106781186548));
#10765=DIRECTION('center_axis',(0.,0.,1.));
#10766=DIRECTION('ref_axis',(-1.,0.,0.));
#10767=DIRECTION('center_axis',(0.,0.,1.));
#10768=DIRECTION('ref_axis',(-1.,0.,0.));
#10769=DIRECTION('center_axis',(0.,0.,-1.));
#10770=DIRECTION('ref_axis',(-1.,0.,0.));
#10771=DIRECTION('',(0.,0.,-1.));
#10772=DIRECTION('',(-0.851557289545811,0.524261559358868,0.));
#10773=DIRECTION('center_axis',(-1.,0.,0.));
#10774=DIRECTION('ref_axis',(0.,1.,0.));
#10775=DIRECTION('',(-1.,0.,0.));
#10776=DIRECTION('center_axis',(0.,0.,-1.));
#10777=DIRECTION('ref_axis',(-1.,0.,0.));
#10778=DIRECTION('center_axis',(0.,0.,-1.));
#10779=DIRECTION('ref_axis',(-1.,0.,0.));
#10780=DIRECTION('',(0.707106781186548,8.65956056235493E-17,-0.707106781186548));
#10781=DIRECTION('center_axis',(0.,0.,1.));
#10782=DIRECTION('ref_axis',(-1.,0.,0.));
#10783=DIRECTION('center_axis',(0.,0.,1.));
#10784=DIRECTION('ref_axis',(-1.,0.,0.));
#10785=DIRECTION('center_axis',(0.,0.,1.));
#10786=DIRECTION('ref_axis',(-1.,0.,0.));
#10787=DIRECTION('center_axis',(0.,0.,1.));
#10788=DIRECTION('ref_axis',(-1.,0.,0.));
#10789=DIRECTION('',(0.,0.,-1.));
#10790=DIRECTION('center_axis',(0.,0.,-1.));
#10791=DIRECTION('ref_axis',(-1.,0.,0.));
#10792=DIRECTION('center_axis',(0.,0.,1.));
#10793=DIRECTION('ref_axis',(-1.,0.,0.));
#10794=DIRECTION('',(-0.707106781186547,-8.65956056235493E-17,-0.707106781186548));
#10795=DIRECTION('center_axis',(0.,0.,1.));
#10796=DIRECTION('ref_axis',(-1.,0.,0.));
#10797=DIRECTION('center_axis',(0.,0.,1.));
#10798=DIRECTION('ref_axis',(-1.,0.,0.));
#10799=DIRECTION('center_axis',(0.,0.,1.));
#10800=DIRECTION('ref_axis',(-1.,0.,0.));
#10801=DIRECTION('',(0.,0.,-1.));
#10802=DIRECTION('center_axis',(0.,0.,1.));
#10803=DIRECTION('ref_axis',(-1.,0.,0.));
#10804=DIRECTION('center_axis',(0.,0.,1.));
#10805=DIRECTION('ref_axis',(-1.,0.,0.));
#10806=DIRECTION('center_axis',(0.,0.,-1.));
#10807=DIRECTION('ref_axis',(-1.,0.,0.));
#10808=DIRECTION('center_axis',(0.,0.,1.));
#10809=DIRECTION('ref_axis',(-1.,0.,0.));
#10810=DIRECTION('center_axis',(0.,0.,-1.));
#10811=DIRECTION('ref_axis',(-0.17364817766693,0.984807753012208,0.));
#10812=DIRECTION('center_axis',(0.,0.,1.));
#10813=DIRECTION('ref_axis',(-0.17364817766693,0.984807753012208,0.));
#10814=DIRECTION('',(0.122787803968973,-0.696364240320019,-0.707106781186547));
#10815=DIRECTION('center_axis',(0.,0.,-1.));
#10816=DIRECTION('ref_axis',(-0.17364817766693,0.984807753012208,0.));
#10817=DIRECTION('center_axis',(0.,0.,1.));
#10818=DIRECTION('ref_axis',(-0.17364817766693,0.984807753012208,0.));
#10819=DIRECTION('',(0.,0.,-1.));
#10820=DIRECTION('center_axis',(0.,0.,1.));
#10821=DIRECTION('ref_axis',(-0.17364817766693,0.984807753012208,0.));
#10822=DIRECTION('center_axis',(0.,0.,1.));
#10823=DIRECTION('ref_axis',(-0.17364817766693,0.984807753012208,0.));
#10824=DIRECTION('center_axis',(0.,0.,1.));
#10825=DIRECTION('ref_axis',(-0.17364817766693,0.984807753012208,0.));
#10826=DIRECTION('center_axis',(0.,0.,1.));
#10827=DIRECTION('ref_axis',(-0.17364817766693,0.984807753012208,0.));
#10828=DIRECTION('',(0.,0.,-1.));
#10829=DIRECTION('center_axis',(0.,0.,1.));
#10830=DIRECTION('ref_axis',(-0.17364817766693,0.984807753012208,0.));
#10831=DIRECTION('',(0.,0.,1.));
#10832=DIRECTION('',(1.,0.,0.));
#10833=CARTESIAN_POINT('',(0.,0.,0.));
#10834=CARTESIAN_POINT('',(0.,0.,0.));
#10835=CARTESIAN_POINT('Origin',(1.21991702031598,18.6547639881301,0.));
#10836=CARTESIAN_POINT('',(1.36982479975966,18.6600230433936,3.5));
#10837=CARTESIAN_POINT('',(1.22970527264488,18.8044442811428,3.5));
#10838=CARTESIAN_POINT('Origin',(1.21991702031598,18.6547639881301,3.5));
#10839=CARTESIAN_POINT('',(1.36982479975966,18.6600230433936,-3.5));
#10840=CARTESIAN_POINT('',(1.36982479975966,18.6600230433936,0.));
#10841=CARTESIAN_POINT('',(1.22970527264488,18.8044442811428,-3.5));
#10842=CARTESIAN_POINT('Origin',(1.21991702031598,18.6547639881301,-3.5));
#10843=CARTESIAN_POINT('',(1.22970527264488,18.8044442811428,0.));
#10844=CARTESIAN_POINT('Origin',(2.36920999605088,18.6950834118168,0.));
#10845=CARTESIAN_POINT('',(1.42585045656058,18.3633112320719,3.5));
#10846=CARTESIAN_POINT('Origin',(2.36920999605088,18.6950834118168,3.5));
#10847=CARTESIAN_POINT('',(1.42585045656058,18.3633112320719,-3.5));
#10848=CARTESIAN_POINT('',(1.42585045656058,18.3633112320719,0.));
#10849=CARTESIAN_POINT('Origin',(2.36920999605088,18.6950834118168,-3.5));
#10850=CARTESIAN_POINT('Origin',(2.68528461606201,18.5007476475962,0.));
#10851=CARTESIAN_POINT('',(2.53974610033977,18.5370593597751,-3.5));
#10852=CARTESIAN_POINT('',(2.70683054333347,18.6491921591754,-3.5));
#10853=CARTESIAN_POINT('Origin',(2.68528461606201,18.5007476475962,-3.5));
#10854=CARTESIAN_POINT('',(2.53974610033977,18.5370593597751,3.5));
#10855=CARTESIAN_POINT('',(2.53974610033977,18.5370593597751,0.));
#10856=CARTESIAN_POINT('',(2.70683054333347,18.6491921591754,3.5));
#10857=CARTESIAN_POINT('Origin',(2.68528461606201,18.5007476475962,3.5));
#10858=CARTESIAN_POINT('',(2.70683054333347,18.6491921591754,0.));
#10859=CARTESIAN_POINT('Origin',(1.56948932885818,18.7791374409682,0.));
#10860=CARTESIAN_POINT('',(2.42325488418292,18.2584798024561,-3.5));
#10861=CARTESIAN_POINT('Origin',(1.56948932885818,18.7791374409682,-3.5));
#10862=CARTESIAN_POINT('',(2.42325488418292,18.2584798024561,3.5));
#10863=CARTESIAN_POINT('',(2.42325488418292,18.2584798024561,0.));
#10864=CARTESIAN_POINT('Origin',(1.56948932885818,18.7791374409682,3.5));
#10865=CARTESIAN_POINT('Origin',(1.94941500097769,18.5474447918303,0.));
#10866=CARTESIAN_POINT('Origin',(1.94941500097769,18.5474447918303,3.5));
#10867=CARTESIAN_POINT('Origin',(1.94941500097769,18.5474447918303,-3.5));
#10868=CARTESIAN_POINT('Origin',(0.,0.,0.));
#10869=CARTESIAN_POINT('',(3.18856848180521,18.5728923654075,3.5));
#10870=CARTESIAN_POINT('Origin',(0.,0.,3.5));
#10871=CARTESIAN_POINT('',(3.18856848180521,18.5728923654075,-3.5));
#10872=CARTESIAN_POINT('',(3.18856848180521,18.5728923654075,0.));
#10873=CARTESIAN_POINT('Origin',(0.,0.,-3.5));
#10874=CARTESIAN_POINT('Origin',(0.,0.,0.));
#10875=CARTESIAN_POINT('',(0.742630844814936,18.8299707702509,-3.5));
#10876=CARTESIAN_POINT('Origin',(0.,0.,-3.5));
#10877=CARTESIAN_POINT('',(0.742630844814936,18.8299707702509,3.5));
#10878=CARTESIAN_POINT('',(0.742630844814936,18.8299707702509,0.));
#10879=CARTESIAN_POINT('Origin',(0.,0.,3.5));
#10880=CARTESIAN_POINT('Origin',(3.16318799953666,18.4250551876753,0.));
#10881=CARTESIAN_POINT('',(3.31282428944437,18.4146158034667,3.5));
#10882=CARTESIAN_POINT('Origin',(3.16318799953666,18.4250551876753,3.5));
#10883=CARTESIAN_POINT('',(3.31282428944437,18.4146158034667,-3.5));
#10884=CARTESIAN_POINT('',(3.31282428944437,18.4146158034667,0.));
#10885=CARTESIAN_POINT('Origin',(3.16318799953666,18.4250551876753,-3.5));
#10886=CARTESIAN_POINT('Origin',(4.31039955549578,18.3450199087424,0.));
#10887=CARTESIAN_POINT('',(3.33752820216445,18.1136731346839,3.5));
#10888=CARTESIAN_POINT('Origin',(4.31039955549578,18.3450199087424,3.5));
#10889=CARTESIAN_POINT('',(3.33752820216445,18.1136731346839,-3.5));
#10890=CARTESIAN_POINT('',(3.33752820216445,18.1136731346839,0.));
#10891=CARTESIAN_POINT('Origin',(4.31039955549578,18.3450199087424,-3.5));
#10892=CARTESIAN_POINT('Origin',(4.60442906687513,18.1187099418642,0.));
#10893=CARTESIAN_POINT('',(4.46348343384265,18.1700356520792,-3.5));
#10894=CARTESIAN_POINT('',(4.64137363997851,18.2640890962097,-3.5));
#10895=CARTESIAN_POINT('Origin',(4.60442906687513,18.1187099418642,-3.5));
#10896=CARTESIAN_POINT('',(4.46348343384265,18.1700356520792,3.5));
#10897=CARTESIAN_POINT('',(4.46348343384265,18.1700356520792,0.));
#10898=CARTESIAN_POINT('',(4.64137363997851,18.2640890962097,3.5));
#10899=CARTESIAN_POINT('Origin',(4.60442906687513,18.1187099418642,3.5));
#10900=CARTESIAN_POINT('',(4.64137363997851,18.2640890962097,0.));
#10901=CARTESIAN_POINT('Origin',(3.52384588029278,18.5122070535125,0.));
#10902=CARTESIAN_POINT('',(4.31851087573224,17.9051588305325,-3.5));
#10903=CARTESIAN_POINT('Origin',(3.52384588029278,18.5122070535125,-3.5));
#10904=CARTESIAN_POINT('',(4.31851087573224,17.9051588305325,3.5));
#10905=CARTESIAN_POINT('',(4.31851087573224,17.9051588305325,0.));
#10906=CARTESIAN_POINT('Origin',(3.52384588029278,18.5122070535125,3.5));
#10907=CARTESIAN_POINT('Origin',(3.87747180326334,18.2420705942864,0.));
#10908=CARTESIAN_POINT('Origin',(3.87747180326334,18.2420705942864,3.5));
#10909=CARTESIAN_POINT('Origin',(3.87747180326334,18.2420705942864,-3.5));
#10910=CARTESIAN_POINT('Origin',(0.,0.,0.));
#10911=CARTESIAN_POINT('',(5.11249706742803,18.1378519542892,3.5));
#10912=CARTESIAN_POINT('Origin',(0.,0.,3.5));
#10913=CARTESIAN_POINT('',(5.11249706742803,18.1378519542892,-3.5));
#10914=CARTESIAN_POINT('',(5.11249706742803,18.1378519542892,0.));
#10915=CARTESIAN_POINT('Origin',(0.,0.,-3.5));
#10916=CARTESIAN_POINT('Origin',(5.07180242909478,17.9934776268936,0.));
#10917=CARTESIAN_POINT('',(5.21952778296088,17.9674541792909,3.5));
#10918=CARTESIAN_POINT('Origin',(5.07180242909478,17.9934776268936,3.5));
#10919=CARTESIAN_POINT('',(5.21952778296088,17.9674541792909,-3.5));
#10920=CARTESIAN_POINT('',(5.21952778296088,17.9674541792909,0.));
#10921=CARTESIAN_POINT('Origin',(5.07180242909478,17.9934776268936,-3.5));
#10922=CARTESIAN_POINT('Origin',(6.20436347540157,17.7939645286057,0.));
#10923=CARTESIAN_POINT('',(5.21263929036274,17.6655778439025,3.5));
#10924=CARTESIAN_POINT('Origin',(6.20436347540157,17.7939645286057,3.5));
#10925=CARTESIAN_POINT('',(5.21263929036274,17.6655778439025,-3.5));
#10926=CARTESIAN_POINT('',(5.21263929036274,17.6655778439025,0.));
#10927=CARTESIAN_POINT('Origin',(6.20436347540157,17.7939645286057,-3.5));
#10928=CARTESIAN_POINT('Origin',(6.47312642929284,17.5381598584254,0.));
#10929=CARTESIAN_POINT('',(6.33831790880039,17.6039372314547,-3.5));
#10930=CARTESIAN_POINT('',(6.52506487575407,17.6788808510995,-3.5));
#10931=CARTESIAN_POINT('Origin',(6.47312642929284,17.5381598584254,-3.5));
#10932=CARTESIAN_POINT('',(6.33831790880039,17.6039372314547,3.5));
#10933=CARTESIAN_POINT('',(6.33831790880039,17.6039372314547,0.));
#10934=CARTESIAN_POINT('',(6.52506487575407,17.6788808510995,3.5));
#10935=CARTESIAN_POINT('Origin',(6.47312642929284,17.5381598584254,3.5));
#10936=CARTESIAN_POINT('',(6.52506487575407,17.6788808510995,0.));
#10937=CARTESIAN_POINT('Origin',(5.43959443885073,18.0424530516501,0.));
#10938=CARTESIAN_POINT('',(6.16645235842054,17.3556651915662,-3.5));
#10939=CARTESIAN_POINT('Origin',(5.43959443885073,18.0424530516501,-3.5));
#10940=CARTESIAN_POINT('',(6.16645235842054,17.3556651915662,3.5));
#10941=CARTESIAN_POINT('',(6.16645235842054,17.3556651915662,0.));
#10942=CARTESIAN_POINT('Origin',(5.43959443885073,18.0424530516501,3.5));
#10943=CARTESIAN_POINT('Origin',(5.76304621305929,17.7368324539128,0.));
#10944=CARTESIAN_POINT('Origin',(5.76304621305929,17.7368324539128,3.5));
#10945=CARTESIAN_POINT('Origin',(5.76304621305929,17.7368324539128,-3.5));
#10946=CARTESIAN_POINT('Origin',(0.,0.,0.));
#10947=CARTESIAN_POINT('',(6.98041206532133,17.5040894415702,3.5));
#10948=CARTESIAN_POINT('Origin',(0.,0.,3.5));
#10949=CARTESIAN_POINT('',(6.98041206532133,17.5040894415702,-3.5));
#10950=CARTESIAN_POINT('',(6.98041206532133,17.5040894415702,0.));
#10951=CARTESIAN_POINT('Origin',(0.,0.,-3.5));
#10952=CARTESIAN_POINT('Origin',(6.92484912989686,17.3647597598545,0.));
#10953=CARTESIAN_POINT('',(7.06904503783088,17.3234373671952,3.5));
#10954=CARTESIAN_POINT('Origin',(6.92484912989686,17.3647597598545,3.5));
#10955=CARTESIAN_POINT('',(7.06904503783088,17.3234373671952,-3.5));
#10956=CARTESIAN_POINT('',(7.06904503783088,17.3234373671952,0.));
#10957=CARTESIAN_POINT('Origin',(6.92484912989686,17.3647597598545,-3.5));
#10958=CARTESIAN_POINT('Origin',(8.03035109072435,17.047954749467,0.));
#10959=CARTESIAN_POINT('',(7.03063961168093,17.0239347855035,3.5));
#10960=CARTESIAN_POINT('Origin',(8.03035109072435,17.047954749467,3.5));
#10961=CARTESIAN_POINT('',(7.03063961168093,17.0239347855035,-3.5));
#10962=CARTESIAN_POINT('',(7.03063961168093,17.0239347855035,0.));
#10963=CARTESIAN_POINT('Origin',(8.03035109072435,17.047954749467,-3.5));
#10964=CARTESIAN_POINT('Origin',(8.27090286396244,16.7654580254818,0.));
#10965=CARTESIAN_POINT('',(8.14370844637104,16.8449663906617,-3.5));
#10966=CARTESIAN_POINT('',(8.33726613529327,16.8999790878411,-3.5));
#10967=CARTESIAN_POINT('Origin',(8.27090286396244,16.7654580254818,-3.5));
#10968=CARTESIAN_POINT('',(8.14370844637104,16.8449663906617,3.5));
#10969=CARTESIAN_POINT('',(8.14370844637104,16.8449663906617,0.));
#10970=CARTESIAN_POINT('',(8.33726613529327,16.8999790878411,3.5));
#10971=CARTESIAN_POINT('Origin',(8.27090286396244,16.7654580254818,3.5));
#10972=CARTESIAN_POINT('',(8.33726613529327,16.8999790878411,0.));
#10973=CARTESIAN_POINT('Origin',(7.29574566242832,17.3750221585278,0.));
#10974=CARTESIAN_POINT('',(7.94683289865688,16.6160192528547,-3.5));
#10975=CARTESIAN_POINT('Origin',(7.29574566242832,17.3750221585278,-3.5));
#10976=CARTESIAN_POINT('',(7.94683289865688,16.6160192528547,3.5));
#10977=CARTESIAN_POINT('',(7.94683289865688,16.6160192528547,0.));
#10978=CARTESIAN_POINT('Origin',(7.29574566242832,17.3750221585278,3.5));
#10979=CARTESIAN_POINT('Origin',(7.58547948255003,17.0372658655033,0.));
#10980=CARTESIAN_POINT('Origin',(7.58547948255003,17.0372658655033,3.5));
#10981=CARTESIAN_POINT('Origin',(7.58547948255003,17.0372658655033,-3.5));
#10982=CARTESIAN_POINT('Origin',(0.,0.,0.));
#10983=CARTESIAN_POINT('',(8.77184820788182,16.6785484619632,3.5));
#10984=CARTESIAN_POINT('Origin',(0.,0.,3.5));
#10985=CARTESIAN_POINT('',(8.77184820788182,16.6785484619632,-3.5));
#10986=CARTESIAN_POINT('',(8.77184820788182,16.6785484619632,0.));
#10987=CARTESIAN_POINT('Origin',(0.,0.,-3.5));
#10988=CARTESIAN_POINT('Origin',(8.70202573451393,16.5457899510767,0.));
#10989=CARTESIAN_POINT('',(8.84111235597361,16.4896213501423,3.5));
#10990=CARTESIAN_POINT('Origin',(8.70202573451393,16.5457899510767,3.5));
#10991=CARTESIAN_POINT('',(8.84111235597361,16.4896213501423,-3.5));
#10992=CARTESIAN_POINT('',(8.84111235597361,16.4896213501423,0.));
#10993=CARTESIAN_POINT('Origin',(8.70202573451393,16.5457899510767,-3.5));
#10994=CARTESIAN_POINT('Origin',(9.76835649903814,16.1151640105794,0.));
#10995=CARTESIAN_POINT('',(8.7716107741576,16.1957739351071,3.5));
#10996=CARTESIAN_POINT('Origin',(9.76835649903814,16.1151640105794,3.5));
#10997=CARTESIAN_POINT('',(8.7716107741576,16.1957739351071,-3.5));
#10998=CARTESIAN_POINT('',(8.7716107741576,16.1957739351071,0.));
#10999=CARTESIAN_POINT('Origin',(9.76835649903814,16.1151640105794,-3.5));
#11000=CARTESIAN_POINT('Origin',(9.97806155605676,15.8090703260133,0.));
#11001=CARTESIAN_POINT('',(9.85987481002267,15.9014385730568,-3.5));
#11002=CARTESIAN_POINT('',(10.0581225623691,15.9359176171482,-3.5));
#11003=CARTESIAN_POINT('Origin',(9.97806155605676,15.8090703260133,-3.5));
#11004=CARTESIAN_POINT('',(9.85987481002267,15.9014385730568,3.5));
#11005=CARTESIAN_POINT('',(9.85987481002267,15.9014385730568,0.));
#11006=CARTESIAN_POINT('',(10.0581225623691,15.9359176171482,3.5));
#11007=CARTESIAN_POINT('Origin',(9.97806155605676,15.8090703260133,3.5));
#11008=CARTESIAN_POINT('',(10.0581225623691,15.9359176171482,0.));
#11009=CARTESIAN_POINT('Origin',(9.07196316979541,16.5172268866795,0.));
#11010=CARTESIAN_POINT('',(9.64014627467382,15.6943247300833,-3.5));
#11011=CARTESIAN_POINT('Origin',(9.07196316979541,16.5172268866795,-3.5));
#11012=CARTESIAN_POINT('',(9.64014627467382,15.6943247300833,3.5));
#11013=CARTESIAN_POINT('',(9.64014627467382,15.6943247300833,0.));
#11014=CARTESIAN_POINT('Origin',(9.07196316979541,16.5172268866795,3.5));
#11015=CARTESIAN_POINT('Origin',(9.3248046514663,16.1510354269942,0.));
#11016=CARTESIAN_POINT('Origin',(9.3248046514663,16.1510354269942,3.5));
#11017=CARTESIAN_POINT('Origin',(9.3248046514663,16.1510354269942,-3.5));
#11018=CARTESIAN_POINT('Origin',(0.,0.,0.));
#11019=CARTESIAN_POINT('',(10.4671781458495,15.6702738151962,3.5));
#11020=CARTESIAN_POINT('Origin',(0.,0.,3.5));
#11021=CARTESIAN_POINT('',(10.4671781458495,15.6702738151962,-3.5));
#11022=CARTESIAN_POINT('',(10.4671781458495,15.6702738151962,0.));
#11023=CARTESIAN_POINT('Origin',(0.,0.,-3.5));
#11024=CARTESIAN_POINT('Origin',(10.3838611241677,15.5455410051658,0.));
#11025=CARTESIAN_POINT('',(10.5163145970226,15.4751415909021,3.5));
#11026=CARTESIAN_POINT('Origin',(10.3838611241677,15.5455410051658,3.5));
#11027=CARTESIAN_POINT('',(10.5163145970226,15.4751415909021,-3.5));
#11028=CARTESIAN_POINT('',(10.5163145970226,15.4751415909021,0.));
#11029=CARTESIAN_POINT('Origin',(10.3838611241677,15.5455410051658,-3.5));
#11030=CARTESIAN_POINT('Origin',(11.3993377493885,15.0058121624769,0.));
#11031=CARTESIAN_POINT('',(10.416478333415,15.1901687962941,3.5));
#11032=CARTESIAN_POINT('Origin',(11.3993377493885,15.0058121624769,3.5));
#11033=CARTESIAN_POINT('',(10.416478333415,15.1901687962941,-3.5));
#11034=CARTESIAN_POINT('',(10.416478333415,15.1901687962941,0.));
#11035=CARTESIAN_POINT('Origin',(11.3993377493885,15.0058121624769,-3.5));
#11036=CARTESIAN_POINT('Origin',(11.5758985176993,14.6794751437925,0.));
#11037=CARTESIAN_POINT('',(11.4680143219443,14.7836912668555,-3.5));
#11038=CARTESIAN_POINT('',(11.6687800938541,14.7972588982368,-3.5));
#11039=CARTESIAN_POINT('Origin',(11.5758985176993,14.6794751437925,-3.5));
#11040=CARTESIAN_POINT('',(11.4680143219443,14.7836912668555,3.5));
#11041=CARTESIAN_POINT('',(11.4680143219443,14.7836912668555,0.));
#11042=CARTESIAN_POINT('',(11.6687800938541,14.7972588982368,3.5));
#11043=CARTESIAN_POINT('Origin',(11.5758985176993,14.6794751437925,3.5));
#11044=CARTESIAN_POINT('',(11.6687800938541,14.7972588982368,0.));
#11045=CARTESIAN_POINT('Origin',(10.7487863502439,15.4784654206089,0.));
#11046=CARTESIAN_POINT('',(11.2278401907751,14.6006799013206,-3.5));
#11047=CARTESIAN_POINT('Origin',(10.7487863502439,15.4784654206089,-3.5));
#11048=CARTESIAN_POINT('',(11.2278401907751,14.6006799013206,3.5));
#11049=CARTESIAN_POINT('',(11.2278401907751,14.6006799013206,0.));
#11050=CARTESIAN_POINT('Origin',(10.7487863502439,15.4784654206089,3.5));
#11051=CARTESIAN_POINT('Origin',(10.9619653092803,15.0878508645256,0.));
#11052=CARTESIAN_POINT('Origin',(10.9619653092803,15.0878508645256,3.5));
#11053=CARTESIAN_POINT('Origin',(10.9619653092803,15.0878508645256,-3.5));
#11054=CARTESIAN_POINT('Origin',(0.,0.,0.));
#11055=CARTESIAN_POINT('',(12.0478274896534,14.4903123692943,3.5));
#11056=CARTESIAN_POINT('Origin',(0.,0.,3.5));
#11057=CARTESIAN_POINT('',(12.0478274896534,14.4903123692943,-3.5));
#11058=CARTESIAN_POINT('',(12.0478274896534,14.4903123692943,0.));
#11059=CARTESIAN_POINT('Origin',(0.,0.,-3.5));
#11060=CARTESIAN_POINT('Origin',(11.9519287583825,14.3749718588887,0.));
#11061=CARTESIAN_POINT('',(12.0762978946663,14.2911129420103,3.5));
#11062=CARTESIAN_POINT('Origin',(11.9519287583825,14.3749718588887,3.5));
#11063=CARTESIAN_POINT('',(12.0762978946663,14.2911129420103,-3.5));
#11064=CARTESIAN_POINT('',(12.0762978946663,14.2911129420103,0.));
#11065=CARTESIAN_POINT('Origin',(11.9519287583825,14.3749718588887,-3.5));
#11066=CARTESIAN_POINT('Origin',(12.9054254698917,13.7320534961543,0.));
#11067=CARTESIAN_POINT('',(11.9472207762634,14.0181369894017,3.5));
#11068=CARTESIAN_POINT('Origin',(12.9054254698917,13.7320534961543,3.5));
#11069=CARTESIAN_POINT('',(11.9472207762634,14.0181369894017,-3.5));
#11070=CARTESIAN_POINT('',(11.9472207762634,14.0181369894017,0.));
#11071=CARTESIAN_POINT('Origin',(12.9054254698917,13.7320534961543,-3.5));
#11072=CARTESIAN_POINT('Origin',(13.0469075127695,13.3890485600185,0.));
#11073=CARTESIAN_POINT('',(12.9505078691183,13.5039707454482,-3.5));
#11074=CARTESIAN_POINT('',(13.1515920287817,13.4964783143107,-3.5));
#11075=CARTESIAN_POINT('Origin',(13.0469075127695,13.3890485600185,-3.5));
#11076=CARTESIAN_POINT('',(12.9505078691183,13.5039707454482,3.5));
#11077=CARTESIAN_POINT('',(12.9505078691183,13.5039707454482,0.));
#11078=CARTESIAN_POINT('',(13.1515920287817,13.4964783143107,3.5));
#11079=CARTESIAN_POINT('Origin',(13.0469075127695,13.3890485600185,3.5));
#11080=CARTESIAN_POINT('',(13.1515920287817,13.4964783143107,0.));
#11081=CARTESIAN_POINT('Origin',(12.3078435781109,14.2701186483129,0.));
#11082=CARTESIAN_POINT('',(12.6925195401697,13.3470669681703,-3.5));
#11083=CARTESIAN_POINT('Origin',(12.3078435781109,14.2701186483129,-3.5));
#11084=CARTESIAN_POINT('',(12.6925195401697,13.3470669681703,3.5));
#11085=CARTESIAN_POINT('',(12.6925195401697,13.3470669681703,0.));
#11086=CARTESIAN_POINT('Origin',(12.3078435781109,14.2701186483129,3.5));
#11087=CARTESIAN_POINT('Origin',(12.4790243812271,13.8593606506494,0.));
#11088=CARTESIAN_POINT('Origin',(12.4790243812271,13.8593606506494,3.5));
#11089=CARTESIAN_POINT('Origin',(12.4790243812271,13.8593606506494,-3.5));
#11090=CARTESIAN_POINT('Origin',(0.,0.,0.));
#11091=CARTESIAN_POINT('',(13.4964783143107,13.1515920287817,3.5));
#11092=CARTESIAN_POINT('Origin',(0.,0.,3.5));
#11093=CARTESIAN_POINT('',(13.4964783143107,13.1515920287817,-3.5));
#11094=CARTESIAN_POINT('',(13.4964783143107,13.1515920287817,0.));
#11095=CARTESIAN_POINT('Origin',(0.,0.,-3.5));
#11096=CARTESIAN_POINT('Origin',(13.3890485600185,13.0469075127694,0.));
#11097=CARTESIAN_POINT('',(13.5039707454482,12.9505078691183,3.5));
#11098=CARTESIAN_POINT('Origin',(13.3890485600185,13.0469075127694,3.5));
#11099=CARTESIAN_POINT('',(13.5039707454482,12.9505078691183,-3.5));
#11100=CARTESIAN_POINT('',(13.5039707454482,12.9505078691183,0.));
#11101=CARTESIAN_POINT('Origin',(13.3890485600185,13.0469075127694,-3.5));
#11102=CARTESIAN_POINT('Origin',(14.2701186483129,12.3078435781109,0.));
#11103=CARTESIAN_POINT('',(13.3470669681703,12.6925195401697,3.5));
#11104=CARTESIAN_POINT('Origin',(14.2701186483129,12.3078435781109,3.5));
#11105=CARTESIAN_POINT('',(13.3470669681703,12.6925195401697,-3.5));
#11106=CARTESIAN_POINT('',(13.3470669681703,12.6925195401697,0.));
#11107=CARTESIAN_POINT('Origin',(14.2701186483129,12.3078435781109,-3.5));
#11108=CARTESIAN_POINT('Origin',(14.3749718588888,11.9519287583825,0.));
#11109=CARTESIAN_POINT('',(14.2911129420104,12.0762978946663,-3.5));
#11110=CARTESIAN_POINT('',(14.4903123692943,12.0478274896534,-3.5));
#11111=CARTESIAN_POINT('Origin',(14.3749718588888,11.9519287583825,-3.5));
#11112=CARTESIAN_POINT('',(14.2911129420104,12.0762978946663,3.5));
#11113=CARTESIAN_POINT('',(14.2911129420104,12.0762978946663,0.));
#11114=CARTESIAN_POINT('',(14.4903123692943,12.0478274896534,3.5));
#11115=CARTESIAN_POINT('Origin',(14.3749718588888,11.9519287583825,3.5));
#11116=CARTESIAN_POINT('',(14.4903123692943,12.0478274896534,0.));
#11117=CARTESIAN_POINT('Origin',(13.7320534961543,12.9054254698917,0.));
#11118=CARTESIAN_POINT('',(14.0181369894017,11.9472207762634,-3.5));
#11119=CARTESIAN_POINT('Origin',(13.7320534961543,12.9054254698917,-3.5));
#11120=CARTESIAN_POINT('',(14.0181369894017,11.9472207762634,3.5));
#11121=CARTESIAN_POINT('',(14.0181369894017,11.9472207762634,0.));
#11122=CARTESIAN_POINT('Origin',(13.7320534961543,12.9054254698917,3.5));
#11123=CARTESIAN_POINT('Origin',(13.8593606506494,12.4790243812271,0.));
#11124=CARTESIAN_POINT('Origin',(13.8593606506494,12.4790243812271,3.5));
#11125=CARTESIAN_POINT('Origin',(13.8593606506494,12.4790243812271,-3.5));
#11126=CARTESIAN_POINT('Origin',(0.,0.,0.));
#11127=CARTESIAN_POINT('',(14.7972588982368,11.6687800938541,3.5));
#11128=CARTESIAN_POINT('Origin',(0.,0.,3.5));
#11129=CARTESIAN_POINT('',(14.7972588982368,11.6687800938541,-3.5));
#11130=CARTESIAN_POINT('',(14.7972588982368,11.6687800938541,0.));
#11131=CARTESIAN_POINT('Origin',(0.,0.,-3.5));
#11132=CARTESIAN_POINT('Origin',(14.6794751437925,11.5758985176993,0.));
#11133=CARTESIAN_POINT('',(14.7836912668555,11.4680143219442,3.5));
#11134=CARTESIAN_POINT('Origin',(14.6794751437925,11.5758985176993,3.5));
#11135=CARTESIAN_POINT('',(14.7836912668555,11.4680143219442,-3.5));
#11136=CARTESIAN_POINT('',(14.7836912668555,11.4680143219442,0.));
#11137=CARTESIAN_POINT('Origin',(14.6794751437925,11.5758985176993,-3.5));
#11138=CARTESIAN_POINT('Origin',(15.4784654206089,10.7487863502439,0.));
#11139=CARTESIAN_POINT('',(14.6006799013206,11.2278401907751,3.5));
#11140=CARTESIAN_POINT('Origin',(15.4784654206089,10.7487863502439,3.5));
#11141=CARTESIAN_POINT('',(14.6006799013206,11.2278401907751,-3.5));
#11142=CARTESIAN_POINT('',(14.6006799013206,11.2278401907751,0.));
#11143=CARTESIAN_POINT('Origin',(15.4784654206089,10.7487863502439,-3.5));
#11144=CARTESIAN_POINT('Origin',(15.5455410051658,10.3838611241677,0.));
#11145=CARTESIAN_POINT('',(15.4751415909021,10.5163145970226,-3.5));
#11146=CARTESIAN_POINT('',(15.6702738151962,10.4671781458495,-3.5));
#11147=CARTESIAN_POINT('Origin',(15.5455410051658,10.3838611241677,-3.5));
#11148=CARTESIAN_POINT('',(15.4751415909021,10.5163145970226,3.5));
#11149=CARTESIAN_POINT('',(15.4751415909021,10.5163145970226,0.));
#11150=CARTESIAN_POINT('',(15.6702738151962,10.4671781458495,3.5));
#11151=CARTESIAN_POINT('Origin',(15.5455410051658,10.3838611241677,3.5));
#11152=CARTESIAN_POINT('',(15.6702738151962,10.4671781458495,0.));
#11153=CARTESIAN_POINT('Origin',(15.0058121624769,11.3993377493885,0.));
#11154=CARTESIAN_POINT('',(15.1901687962941,10.416478333415,-3.5));
#11155=CARTESIAN_POINT('Origin',(15.0058121624769,11.3993377493885,-3.5));
#11156=CARTESIAN_POINT('',(15.1901687962941,10.416478333415,3.5));
#11157=CARTESIAN_POINT('',(15.1901687962941,10.416478333415,0.));
#11158=CARTESIAN_POINT('Origin',(15.0058121624769,11.3993377493885,3.5));
#11159=CARTESIAN_POINT('Origin',(15.0878508645256,10.9619653092803,0.));
#11160=CARTESIAN_POINT('Origin',(15.0878508645256,10.9619653092803,3.5));
#11161=CARTESIAN_POINT('Origin',(15.0878508645256,10.9619653092803,-3.5));
#11162=CARTESIAN_POINT('Origin',(0.,0.,0.));
#11163=CARTESIAN_POINT('',(15.9359176171482,10.0581225623691,3.5));
#11164=CARTESIAN_POINT('Origin',(0.,0.,3.5));
#11165=CARTESIAN_POINT('',(15.9359176171482,10.0581225623691,-3.5));
#11166=CARTESIAN_POINT('',(15.9359176171482,10.0581225623691,0.));
#11167=CARTESIAN_POINT('Origin',(0.,0.,-3.5));
#11168=CARTESIAN_POINT('Origin',(15.8090703260134,9.97806155605674,0.));
#11169=CARTESIAN_POINT('',(15.9014385730568,9.85987481002265,3.5));
#11170=CARTESIAN_POINT('Origin',(15.8090703260134,9.97806155605674,3.5));
#11171=CARTESIAN_POINT('',(15.9014385730568,9.85987481002265,-3.5));
#11172=CARTESIAN_POINT('',(15.9014385730568,9.85987481002265,0.));
#11173=CARTESIAN_POINT('Origin',(15.8090703260134,9.97806155605674,-3.5));
#11174=CARTESIAN_POINT('Origin',(16.5172268866795,9.07196316979538,0.));
#11175=CARTESIAN_POINT('',(15.6943247300833,9.64014627467381,3.5));
#11176=CARTESIAN_POINT('Origin',(16.5172268866795,9.07196316979538,3.5));
#11177=CARTESIAN_POINT('',(15.6943247300833,9.64014627467381,-3.5));
#11178=CARTESIAN_POINT('',(15.6943247300833,9.64014627467381,0.));
#11179=CARTESIAN_POINT('Origin',(16.5172268866795,9.07196316979538,-3.5));
#11180=CARTESIAN_POINT('Origin',(16.5457899510767,8.70202573451391,0.));
#11181=CARTESIAN_POINT('',(16.4896213501423,8.84111235597359,-3.5));
#11182=CARTESIAN_POINT('',(16.6785484619632,8.7718482078818,-3.5));
#11183=CARTESIAN_POINT('Origin',(16.5457899510767,8.70202573451391,-3.5));
#11184=CARTESIAN_POINT('',(16.4896213501423,8.84111235597359,3.5));
#11185=CARTESIAN_POINT('',(16.4896213501423,8.84111235597359,0.));
#11186=CARTESIAN_POINT('',(16.6785484619632,8.7718482078818,3.5));
#11187=CARTESIAN_POINT('Origin',(16.5457899510767,8.70202573451391,3.5));
#11188=CARTESIAN_POINT('',(16.6785484619632,8.7718482078818,0.));
#11189=CARTESIAN_POINT('Origin',(16.1151640105794,9.76835649903813,0.));
#11190=CARTESIAN_POINT('',(16.1957739351071,8.77161077415758,-3.5));
#11191=CARTESIAN_POINT('Origin',(16.1151640105794,9.76835649903813,-3.5));
#11192=CARTESIAN_POINT('',(16.1957739351071,8.77161077415758,3.5));
#11193=CARTESIAN_POINT('',(16.1957739351071,8.77161077415758,0.));
#11194=CARTESIAN_POINT('Origin',(16.1151640105794,9.76835649903813,3.5));
#11195=CARTESIAN_POINT('Origin',(16.1510354269942,9.32480465146628,0.));
#11196=CARTESIAN_POINT('Origin',(16.1510354269942,9.32480465146628,3.5));
#11197=CARTESIAN_POINT('Origin',(16.1510354269942,9.32480465146628,-3.5));
#11198=CARTESIAN_POINT('Origin',(0.,0.,0.));
#11199=CARTESIAN_POINT('',(16.8999790878411,8.33726613529325,3.5));
#11200=CARTESIAN_POINT('Origin',(0.,0.,3.5));
#11201=CARTESIAN_POINT('',(16.8999790878411,8.33726613529325,-3.5));
#11202=CARTESIAN_POINT('',(16.8999790878411,8.33726613529325,0.));
#11203=CARTESIAN_POINT('Origin',(0.,0.,-3.5));
#11204=CARTESIAN_POINT('Origin',(16.7654580254818,8.27090286396242,0.));
#11205=CARTESIAN_POINT('',(16.8449663906617,8.14370844637101,3.5));
#11206=CARTESIAN_POINT('Origin',(16.7654580254818,8.27090286396242,3.5));
#11207=CARTESIAN_POINT('',(16.8449663906617,8.14370844637101,-3.5));
#11208=CARTESIAN_POINT('',(16.8449663906617,8.14370844637101,0.));
#11209=CARTESIAN_POINT('Origin',(16.7654580254818,8.27090286396242,-3.5));
#11210=CARTESIAN_POINT('Origin',(17.3750221585278,7.2957456624283,0.));
#11211=CARTESIAN_POINT('',(16.6160192528547,7.94683289865686,3.5));
#11212=CARTESIAN_POINT('Origin',(17.3750221585278,7.2957456624283,3.5));
#11213=CARTESIAN_POINT('',(16.6160192528547,7.94683289865686,-3.5));
#11214=CARTESIAN_POINT('',(16.6160192528547,7.94683289865686,0.));
#11215=CARTESIAN_POINT('Origin',(17.3750221585278,7.2957456624283,-3.5));
#11216=CARTESIAN_POINT('Origin',(17.3647597598545,6.92484912989684,0.));
#11217=CARTESIAN_POINT('',(17.3234373671952,7.06904503783086,-3.5));
#11218=CARTESIAN_POINT('',(17.5040894415702,6.98041206532131,-3.5));
#11219=CARTESIAN_POINT('Origin',(17.3647597598545,6.92484912989684,-3.5));
#11220=CARTESIAN_POINT('',(17.3234373671952,7.06904503783086,3.5));
#11221=CARTESIAN_POINT('',(17.3234373671952,7.06904503783086,0.));
#11222=CARTESIAN_POINT('',(17.5040894415702,6.98041206532131,3.5));
#11223=CARTESIAN_POINT('Origin',(17.3647597598545,6.92484912989684,3.5));
#11224=CARTESIAN_POINT('',(17.5040894415702,6.98041206532131,0.));
#11225=CARTESIAN_POINT('Origin',(17.0479547494671,8.03035109072433,0.));
#11226=CARTESIAN_POINT('',(17.0239347855035,7.03063961168091,-3.5));
#11227=CARTESIAN_POINT('Origin',(17.0479547494671,8.03035109072433,-3.5));
#11228=CARTESIAN_POINT('',(17.0239347855035,7.03063961168091,3.5));
#11229=CARTESIAN_POINT('',(17.0239347855035,7.03063961168091,0.));
#11230=CARTESIAN_POINT('Origin',(17.0479547494671,8.03035109072433,3.5));
#11231=CARTESIAN_POINT('Origin',(17.0372658655033,7.58547948255001,0.));
#11232=CARTESIAN_POINT('Origin',(17.0372658655033,7.58547948255001,3.5));
#11233=CARTESIAN_POINT('Origin',(17.0372658655033,7.58547948255001,-3.5));
#11234=CARTESIAN_POINT('Origin',(0.,0.,0.));
#11235=CARTESIAN_POINT('',(17.6788808510995,6.52506487575406,3.5));
#11236=CARTESIAN_POINT('Origin',(0.,0.,3.5));
#11237=CARTESIAN_POINT('',(17.6788808510995,6.52506487575406,-3.5));
#11238=CARTESIAN_POINT('',(17.6788808510995,6.52506487575406,0.));
#11239=CARTESIAN_POINT('Origin',(0.,0.,-3.5));
#11240=CARTESIAN_POINT('Origin',(17.5381598584254,6.47312642929283,0.));
#11241=CARTESIAN_POINT('',(17.6039372314547,6.33831790880038,3.5));
#11242=CARTESIAN_POINT('Origin',(17.5381598584254,6.47312642929283,3.5));
#11243=CARTESIAN_POINT('',(17.6039372314547,6.33831790880038,-3.5));
#11244=CARTESIAN_POINT('',(17.6039372314547,6.33831790880038,0.));
#11245=CARTESIAN_POINT('Origin',(17.5381598584254,6.47312642929283,-3.5));
#11246=CARTESIAN_POINT('Origin',(18.0424530516501,5.43959443885072,0.));
#11247=CARTESIAN_POINT('',(17.3556651915662,6.16645235842053,3.5));
#11248=CARTESIAN_POINT('Origin',(18.0424530516501,5.43959443885072,3.5));
#11249=CARTESIAN_POINT('',(17.3556651915662,6.16645235842053,-3.5));
#11250=CARTESIAN_POINT('',(17.3556651915662,6.16645235842053,0.));
#11251=CARTESIAN_POINT('Origin',(18.0424530516501,5.43959443885072,-3.5));
#11252=CARTESIAN_POINT('Origin',(17.9934776268936,5.07180242909477,0.));
#11253=CARTESIAN_POINT('',(17.9674541792909,5.21952778296088,-3.5));
#11254=CARTESIAN_POINT('',(18.1378519542892,5.11249706742802,-3.5));
#11255=CARTESIAN_POINT('Origin',(17.9934776268936,5.07180242909477,-3.5));
#11256=CARTESIAN_POINT('',(17.9674541792909,5.21952778296088,3.5));
#11257=CARTESIAN_POINT('',(17.9674541792909,5.21952778296088,0.));
#11258=CARTESIAN_POINT('',(18.1378519542892,5.11249706742802,3.5));
#11259=CARTESIAN_POINT('Origin',(17.9934776268936,5.07180242909477,3.5));
#11260=CARTESIAN_POINT('',(18.1378519542892,5.11249706742802,0.));
#11261=CARTESIAN_POINT('Origin',(17.7939645286057,6.20436347540156,0.));
#11262=CARTESIAN_POINT('',(17.6655778439025,5.21263929036274,-3.5));
#11263=CARTESIAN_POINT('Origin',(17.7939645286057,6.20436347540156,-3.5));
#11264=CARTESIAN_POINT('',(17.6655778439025,5.21263929036274,3.5));
#11265=CARTESIAN_POINT('',(17.6655778439025,5.21263929036274,0.));
#11266=CARTESIAN_POINT('Origin',(17.7939645286057,6.20436347540156,3.5));
#11267=CARTESIAN_POINT('Origin',(17.7368324539128,5.76304621305928,0.));
#11268=CARTESIAN_POINT('Origin',(17.7368324539128,5.76304621305928,3.5));
#11269=CARTESIAN_POINT('Origin',(17.7368324539128,5.76304621305928,-3.5));
#11270=CARTESIAN_POINT('Origin',(0.,0.,0.));
#11271=CARTESIAN_POINT('',(18.2640890962097,4.64137363997848,3.5));
#11272=CARTESIAN_POINT('Origin',(0.,0.,3.5));
#11273=CARTESIAN_POINT('',(18.2640890962097,4.64137363997848,-3.5));
#11274=CARTESIAN_POINT('',(18.2640890962097,4.64137363997848,0.));
#11275=CARTESIAN_POINT('Origin',(0.,0.,-3.5));
#11276=CARTESIAN_POINT('Origin',(18.1187099418642,4.60442906687511,0.));
#11277=CARTESIAN_POINT('',(18.1700356520792,4.46348343384263,3.5));
#11278=CARTESIAN_POINT('Origin',(18.1187099418642,4.60442906687511,3.5));
#11279=CARTESIAN_POINT('',(18.1700356520792,4.46348343384263,-3.5));
#11280=CARTESIAN_POINT('',(18.1700356520792,4.46348343384263,0.));
#11281=CARTESIAN_POINT('Origin',(18.1187099418642,4.60442906687511,-3.5));
#11282=CARTESIAN_POINT('Origin',(18.5122070535125,3.52384588029275,0.));
#11283=CARTESIAN_POINT('',(17.9051588305325,4.31851087573222,3.5));
#11284=CARTESIAN_POINT('Origin',(18.5122070535125,3.52384588029275,3.5));
#11285=CARTESIAN_POINT('',(17.9051588305325,4.31851087573222,-3.5));
#11286=CARTESIAN_POINT('',(17.9051588305325,4.31851087573222,0.));
#11287=CARTESIAN_POINT('Origin',(18.5122070535125,3.52384588029275,-3.5));
#11288=CARTESIAN_POINT('Origin',(18.4250551876753,3.16318799953664,0.));
#11289=CARTESIAN_POINT('',(18.4146158034667,3.31282428944435,-3.5));
#11290=CARTESIAN_POINT('',(18.5728923654075,3.18856848180519,-3.5));
#11291=CARTESIAN_POINT('Origin',(18.4250551876753,3.16318799953664,-3.5));
#11292=CARTESIAN_POINT('',(18.4146158034667,3.31282428944435,3.5));
#11293=CARTESIAN_POINT('',(18.4146158034667,3.31282428944435,0.));
#11294=CARTESIAN_POINT('',(18.5728923654075,3.18856848180519,3.5));
#11295=CARTESIAN_POINT('Origin',(18.4250551876753,3.16318799953664,3.5));
#11296=CARTESIAN_POINT('',(18.5728923654075,3.18856848180519,0.));
#11297=CARTESIAN_POINT('Origin',(18.3450199087424,4.31039955549575,0.));
#11298=CARTESIAN_POINT('',(18.1136731346839,3.33752820216443,-3.5));
#11299=CARTESIAN_POINT('Origin',(18.3450199087424,4.31039955549575,-3.5));
#11300=CARTESIAN_POINT('',(18.1136731346839,3.33752820216443,3.5));
#11301=CARTESIAN_POINT('',(18.1136731346839,3.33752820216443,0.));
#11302=CARTESIAN_POINT('Origin',(18.3450199087424,4.31039955549575,3.5));
#11303=CARTESIAN_POINT('Origin',(18.2420705942864,3.87747180326331,0.));
#11304=CARTESIAN_POINT('Origin',(18.2420705942864,3.87747180326331,3.5));
#11305=CARTESIAN_POINT('Origin',(18.2420705942864,3.87747180326331,-3.5));
#11306=CARTESIAN_POINT('Origin',(0.,0.,0.));
#11307=CARTESIAN_POINT('',(18.6491921591754,2.70683054333344,3.5));
#11308=CARTESIAN_POINT('Origin',(0.,0.,3.5));
#11309=CARTESIAN_POINT('',(18.6491921591754,2.70683054333344,-3.5));
#11310=CARTESIAN_POINT('',(18.6491921591754,2.70683054333344,0.));
#11311=CARTESIAN_POINT('Origin',(0.,0.,-3.5));
#11312=CARTESIAN_POINT('Origin',(18.5007476475962,2.68528461606198,0.));
#11313=CARTESIAN_POINT('',(18.5370593597751,2.53974610033975,3.5));
#11314=CARTESIAN_POINT('Origin',(18.5007476475962,2.68528461606198,3.5));
#11315=CARTESIAN_POINT('',(18.5370593597751,2.53974610033975,-3.5));
#11316=CARTESIAN_POINT('',(18.5370593597751,2.53974610033975,0.));
#11317=CARTESIAN_POINT('Origin',(18.5007476475962,2.68528461606198,-3.5));
#11318=CARTESIAN_POINT('Origin',(18.7791374409682,1.56948932885816,0.));
#11319=CARTESIAN_POINT('',(18.2584798024561,2.4232548841829,3.5));
#11320=CARTESIAN_POINT('Origin',(18.7791374409682,1.56948932885816,3.5));
#11321=CARTESIAN_POINT('',(18.2584798024561,2.4232548841829,-3.5));
#11322=CARTESIAN_POINT('',(18.2584798024561,2.4232548841829,0.));
#11323=CARTESIAN_POINT('Origin',(18.7791374409682,1.56948932885816,-3.5));
#11324=CARTESIAN_POINT('Origin',(18.6547639881301,1.21991702031595,0.));
#11325=CARTESIAN_POINT('',(18.6600230433936,1.36982479975964,-3.5));
#11326=CARTESIAN_POINT('',(18.8044442811428,1.22970527264486,-3.5));
#11327=CARTESIAN_POINT('Origin',(18.6547639881301,1.21991702031595,-3.5));
#11328=CARTESIAN_POINT('',(18.6600230433936,1.36982479975964,3.5));
#11329=CARTESIAN_POINT('',(18.6600230433936,1.36982479975964,0.));
#11330=CARTESIAN_POINT('',(18.8044442811428,1.22970527264486,3.5));
#11331=CARTESIAN_POINT('Origin',(18.6547639881301,1.21991702031595,3.5));
#11332=CARTESIAN_POINT('',(18.8044442811428,1.22970527264486,0.));
#11333=CARTESIAN_POINT('Origin',(18.6950834118168,2.36920999605085,0.));
#11334=CARTESIAN_POINT('',(18.3633112320719,1.42585045656056,-3.5));
#11335=CARTESIAN_POINT('Origin',(18.6950834118168,2.36920999605085,-3.5));
#11336=CARTESIAN_POINT('',(18.3633112320719,1.42585045656056,3.5));
#11337=CARTESIAN_POINT('',(18.3633112320719,1.42585045656056,0.));
#11338=CARTESIAN_POINT('Origin',(18.6950834118168,2.36920999605085,3.5));
#11339=CARTESIAN_POINT('Origin',(18.5474447918303,1.94941500097767,0.));
#11340=CARTESIAN_POINT('Origin',(18.5474447918303,1.94941500097767,3.5));
#11341=CARTESIAN_POINT('Origin',(18.5474447918303,1.94941500097767,-3.5));
#11342=CARTESIAN_POINT('Origin',(0.,0.,0.));
#11343=CARTESIAN_POINT('',(18.8299707702509,0.742630844814932,3.5));
#11344=CARTESIAN_POINT('Origin',(0.,0.,3.5));
#11345=CARTESIAN_POINT('',(18.8299707702509,0.742630844814932,-3.5));
#11346=CARTESIAN_POINT('',(18.8299707702509,0.742630844814932,0.));
#11347=CARTESIAN_POINT('Origin',(0.,0.,-3.5));
#11348=CARTESIAN_POINT('Origin',(18.6800872905707,0.736719625063356,0.));
#11349=CARTESIAN_POINT('',(18.7009871659963,0.588182777085506,3.5));
#11350=CARTESIAN_POINT('Origin',(18.6800872905707,0.736719625063356,3.5));
#11351=CARTESIAN_POINT('',(18.7009871659963,0.588182777085506,-3.5));
#11352=CARTESIAN_POINT('',(18.7009871659963,0.588182777085506,0.));
#11353=CARTESIAN_POINT('Origin',(18.6800872905707,0.736719625063356,-3.5));
#11354=CARTESIAN_POINT('Origin',(18.8403196688335,-0.402062876100159,0.));
#11355=CARTESIAN_POINT('',(18.4117570488314,0.501449205023786,3.5));
#11356=CARTESIAN_POINT('Origin',(18.8403196688335,-0.402062876100159,3.5));
#11357=CARTESIAN_POINT('',(18.4117570488314,0.501449205023786,-3.5));
#11358=CARTESIAN_POINT('',(18.4117570488314,0.501449205023786,0.));
#11359=CARTESIAN_POINT('Origin',(18.8403196688335,-0.402062876100159,-3.5));
#11360=CARTESIAN_POINT('Origin',(18.6800872905707,-0.736719625063362,0.));
#11361=CARTESIAN_POINT('',(18.7009871659963,-0.588182777085512,-3.5));
#11362=CARTESIAN_POINT('',(18.8299707702509,-0.742630844814939,-3.5));
#11363=CARTESIAN_POINT('Origin',(18.6800872905707,-0.736719625063362,-3.5));
#11364=CARTESIAN_POINT('',(18.7009871659963,-0.588182777085512,3.5));
#11365=CARTESIAN_POINT('',(18.7009871659963,-0.588182777085512,0.));
#11366=CARTESIAN_POINT('',(18.8299707702509,-0.742630844814939,3.5));
#11367=CARTESIAN_POINT('Origin',(18.6800872905707,-0.736719625063362,3.5));
#11368=CARTESIAN_POINT('',(18.8299707702509,-0.742630844814939,0.));
#11369=CARTESIAN_POINT('Origin',(18.8403196688335,0.402062876100152,0.));
#11370=CARTESIAN_POINT('',(18.4117570488314,-0.501449205023789,-3.5));
#11371=CARTESIAN_POINT('Origin',(18.8403196688335,0.402062876100152,-3.5));
#11372=CARTESIAN_POINT('',(18.4117570488314,-0.501449205023789,3.5));
#11373=CARTESIAN_POINT('',(18.4117570488314,-0.501449205023789,0.));
#11374=CARTESIAN_POINT('Origin',(18.8403196688335,0.402062876100152,3.5));
#11375=CARTESIAN_POINT('Origin',(18.6496093029326,-3.42587765072776E-15,
0.));
#11376=CARTESIAN_POINT('Origin',(18.6496093029326,-3.42587765072776E-15,
3.5));
#11377=CARTESIAN_POINT('Origin',(18.6496093029326,-3.42587765072776E-15,
-3.5));
#11378=CARTESIAN_POINT('Origin',(0.,0.,0.));
#11379=CARTESIAN_POINT('',(18.8044442811428,-1.22970527264488,3.5));
#11380=CARTESIAN_POINT('Origin',(0.,0.,3.5));
#11381=CARTESIAN_POINT('',(18.8044442811428,-1.22970527264488,-3.5));
#11382=CARTESIAN_POINT('',(18.8044442811428,-1.22970527264488,0.));
#11383=CARTESIAN_POINT('Origin',(0.,0.,-3.5));
#11384=CARTESIAN_POINT('Origin',(18.6547639881301,-1.21991702031598,0.));
#11385=CARTESIAN_POINT('',(18.6600230433936,-1.36982479975966,3.5));
#11386=CARTESIAN_POINT('Origin',(18.6547639881301,-1.21991702031598,3.5));
#11387=CARTESIAN_POINT('',(18.6600230433936,-1.36982479975966,-3.5));
#11388=CARTESIAN_POINT('',(18.6600230433936,-1.36982479975966,0.));
#11389=CARTESIAN_POINT('Origin',(18.6547639881301,-1.21991702031598,-3.5));
#11390=CARTESIAN_POINT('Origin',(18.6950834118168,-2.36920999605088,0.));
#11391=CARTESIAN_POINT('',(18.3633112320719,-1.42585045656058,3.5));
#11392=CARTESIAN_POINT('Origin',(18.6950834118168,-2.36920999605088,3.5));
#11393=CARTESIAN_POINT('',(18.3633112320719,-1.42585045656058,-3.5));
#11394=CARTESIAN_POINT('',(18.3633112320719,-1.42585045656058,0.));
#11395=CARTESIAN_POINT('Origin',(18.6950834118168,-2.36920999605088,-3.5));
#11396=CARTESIAN_POINT('Origin',(18.5007476475962,-2.68528461606201,0.));
#11397=CARTESIAN_POINT('',(18.5370593597751,-2.53974610033977,-3.5));
#11398=CARTESIAN_POINT('',(18.6491921591754,-2.70683054333346,-3.5));
#11399=CARTESIAN_POINT('Origin',(18.5007476475962,-2.68528461606201,-3.5));
#11400=CARTESIAN_POINT('',(18.5370593597751,-2.53974610033977,3.5));
#11401=CARTESIAN_POINT('',(18.5370593597751,-2.53974610033977,0.));
#11402=CARTESIAN_POINT('',(18.6491921591754,-2.70683054333346,3.5));
#11403=CARTESIAN_POINT('Origin',(18.5007476475962,-2.68528461606201,3.5));
#11404=CARTESIAN_POINT('',(18.6491921591754,-2.70683054333346,0.));
#11405=CARTESIAN_POINT('Origin',(18.7791374409682,-1.56948932885818,0.));
#11406=CARTESIAN_POINT('',(18.2584798024561,-2.42325488418292,-3.5));
#11407=CARTESIAN_POINT('Origin',(18.7791374409682,-1.56948932885818,-3.5));
#11408=CARTESIAN_POINT('',(18.2584798024561,-2.42325488418292,3.5));
#11409=CARTESIAN_POINT('',(18.2584798024561,-2.42325488418292,0.));
#11410=CARTESIAN_POINT('Origin',(18.7791374409682,-1.56948932885818,3.5));
#11411=CARTESIAN_POINT('Origin',(18.5474447918303,-1.94941500097769,0.));
#11412=CARTESIAN_POINT('Origin',(18.5474447918303,-1.94941500097769,3.5));
#11413=CARTESIAN_POINT('Origin',(18.5474447918303,-1.94941500097769,-3.5));
#11414=CARTESIAN_POINT('Origin',(0.,0.,0.));
#11415=CARTESIAN_POINT('',(18.5728923654075,-3.18856848180521,3.5));
#11416=CARTESIAN_POINT('Origin',(0.,0.,3.5));
#11417=CARTESIAN_POINT('',(18.5728923654075,-3.18856848180521,-3.5));
#11418=CARTESIAN_POINT('',(18.5728923654075,-3.18856848180521,0.));
#11419=CARTESIAN_POINT('Origin',(0.,0.,-3.5));
#11420=CARTESIAN_POINT('Origin',(18.4250551876753,-3.16318799953666,0.));
#11421=CARTESIAN_POINT('',(18.4146158034667,-3.31282428944437,3.5));
#11422=CARTESIAN_POINT('Origin',(18.4250551876753,-3.16318799953666,3.5));
#11423=CARTESIAN_POINT('',(18.4146158034667,-3.31282428944437,-3.5));
#11424=CARTESIAN_POINT('',(18.4146158034667,-3.31282428944437,0.));
#11425=CARTESIAN_POINT('Origin',(18.4250551876753,-3.16318799953666,-3.5));
#11426=CARTESIAN_POINT('Origin',(18.3450199087424,-4.31039955549578,0.));
#11427=CARTESIAN_POINT('',(18.1136731346839,-3.33752820216445,3.5));
#11428=CARTESIAN_POINT('Origin',(18.3450199087424,-4.31039955549578,3.5));
#11429=CARTESIAN_POINT('',(18.1136731346839,-3.33752820216445,-3.5));
#11430=CARTESIAN_POINT('',(18.1136731346839,-3.33752820216445,0.));
#11431=CARTESIAN_POINT('Origin',(18.3450199087424,-4.31039955549578,-3.5));
#11432=CARTESIAN_POINT('Origin',(18.1187099418642,-4.60442906687513,0.));
#11433=CARTESIAN_POINT('',(18.1700356520792,-4.46348343384265,-3.5));
#11434=CARTESIAN_POINT('',(18.2640890962097,-4.64137363997851,-3.5));
#11435=CARTESIAN_POINT('Origin',(18.1187099418642,-4.60442906687513,-3.5));
#11436=CARTESIAN_POINT('',(18.1700356520792,-4.46348343384265,3.5));
#11437=CARTESIAN_POINT('',(18.1700356520792,-4.46348343384265,0.));
#11438=CARTESIAN_POINT('',(18.2640890962097,-4.64137363997851,3.5));
#11439=CARTESIAN_POINT('Origin',(18.1187099418642,-4.60442906687513,3.5));
#11440=CARTESIAN_POINT('',(18.2640890962097,-4.64137363997851,0.));
#11441=CARTESIAN_POINT('Origin',(18.5122070535125,-3.52384588029278,0.));
#11442=CARTESIAN_POINT('',(17.9051588305325,-4.31851087573224,-3.5));
#11443=CARTESIAN_POINT('Origin',(18.5122070535125,-3.52384588029278,-3.5));
#11444=CARTESIAN_POINT('',(17.9051588305325,-4.31851087573224,3.5));
#11445=CARTESIAN_POINT('',(17.9051588305325,-4.31851087573224,0.));
#11446=CARTESIAN_POINT('Origin',(18.5122070535125,-3.52384588029278,3.5));
#11447=CARTESIAN_POINT('Origin',(18.2420705942864,-3.87747180326334,0.));
#11448=CARTESIAN_POINT('Origin',(18.2420705942864,-3.87747180326334,3.5));
#11449=CARTESIAN_POINT('Origin',(18.2420705942864,-3.87747180326334,-3.5));
#11450=CARTESIAN_POINT('Origin',(0.,0.,0.));
#11451=CARTESIAN_POINT('',(18.1378519542892,-5.11249706742803,3.5));
#11452=CARTESIAN_POINT('Origin',(0.,0.,3.5));
#11453=CARTESIAN_POINT('',(18.1378519542892,-5.11249706742803,-3.5));
#11454=CARTESIAN_POINT('',(18.1378519542892,-5.11249706742803,0.));
#11455=CARTESIAN_POINT('Origin',(0.,0.,-3.5));
#11456=CARTESIAN_POINT('Origin',(17.9934776268936,-5.07180242909478,0.));
#11457=CARTESIAN_POINT('',(17.9674541792909,-5.21952778296088,3.5));
#11458=CARTESIAN_POINT('Origin',(17.9934776268936,-5.07180242909478,3.5));
#11459=CARTESIAN_POINT('',(17.9674541792909,-5.21952778296088,-3.5));
#11460=CARTESIAN_POINT('',(17.9674541792909,-5.21952778296088,0.));
#11461=CARTESIAN_POINT('Origin',(17.9934776268936,-5.07180242909478,-3.5));
#11462=CARTESIAN_POINT('Origin',(17.7939645286057,-6.20436347540157,0.));
#11463=CARTESIAN_POINT('',(17.6655778439025,-5.21263929036274,3.5));
#11464=CARTESIAN_POINT('Origin',(17.7939645286057,-6.20436347540157,3.5));
#11465=CARTESIAN_POINT('',(17.6655778439025,-5.21263929036274,-3.5));
#11466=CARTESIAN_POINT('',(17.6655778439025,-5.21263929036274,0.));
#11467=CARTESIAN_POINT('Origin',(17.7939645286057,-6.20436347540157,-3.5));
#11468=CARTESIAN_POINT('Origin',(17.5381598584254,-6.47312642929284,0.));
#11469=CARTESIAN_POINT('',(17.6039372314547,-6.33831790880039,-3.5));
#11470=CARTESIAN_POINT('',(17.6788808510995,-6.52506487575407,-3.5));
#11471=CARTESIAN_POINT('Origin',(17.5381598584254,-6.47312642929284,-3.5));
#11472=CARTESIAN_POINT('',(17.6039372314547,-6.33831790880039,3.5));
#11473=CARTESIAN_POINT('',(17.6039372314547,-6.33831790880039,0.));
#11474=CARTESIAN_POINT('',(17.6788808510995,-6.52506487575407,3.5));
#11475=CARTESIAN_POINT('Origin',(17.5381598584254,-6.47312642929284,3.5));
#11476=CARTESIAN_POINT('',(17.6788808510995,-6.52506487575407,0.));
#11477=CARTESIAN_POINT('Origin',(18.0424530516501,-5.43959443885072,0.));
#11478=CARTESIAN_POINT('',(17.3556651915662,-6.16645235842053,-3.5));
#11479=CARTESIAN_POINT('Origin',(18.0424530516501,-5.43959443885072,-3.5));
#11480=CARTESIAN_POINT('',(17.3556651915662,-6.16645235842053,3.5));
#11481=CARTESIAN_POINT('',(17.3556651915662,-6.16645235842053,0.));
#11482=CARTESIAN_POINT('Origin',(18.0424530516501,-5.43959443885072,3.5));
#11483=CARTESIAN_POINT('Origin',(17.7368324539128,-5.76304621305929,0.));
#11484=CARTESIAN_POINT('Origin',(17.7368324539128,-5.76304621305929,3.5));
#11485=CARTESIAN_POINT('Origin',(17.7368324539128,-5.76304621305929,-3.5));
#11486=CARTESIAN_POINT('Origin',(0.,0.,0.));
#11487=CARTESIAN_POINT('',(17.5040894415702,-6.98041206532133,3.5));
#11488=CARTESIAN_POINT('Origin',(0.,0.,3.5));
#11489=CARTESIAN_POINT('',(17.5040894415702,-6.98041206532133,-3.5));
#11490=CARTESIAN_POINT('',(17.5040894415702,-6.98041206532133,0.));
#11491=CARTESIAN_POINT('Origin',(0.,0.,-3.5));
#11492=CARTESIAN_POINT('Origin',(17.3647597598545,-6.92484912989686,0.));
#11493=CARTESIAN_POINT('',(17.3234373671952,-7.06904503783088,3.5));
#11494=CARTESIAN_POINT('Origin',(17.3647597598545,-6.92484912989686,3.5));
#11495=CARTESIAN_POINT('',(17.3234373671952,-7.06904503783088,-3.5));
#11496=CARTESIAN_POINT('',(17.3234373671952,-7.06904503783088,0.));
#11497=CARTESIAN_POINT('Origin',(17.3647597598545,-6.92484912989686,-3.5));
#11498=CARTESIAN_POINT('Origin',(17.047954749467,-8.03035109072435,0.));
#11499=CARTESIAN_POINT('',(17.0239347855035,-7.03063961168093,3.5));
#11500=CARTESIAN_POINT('Origin',(17.047954749467,-8.03035109072435,3.5));
#11501=CARTESIAN_POINT('',(17.0239347855035,-7.03063961168093,-3.5));
#11502=CARTESIAN_POINT('',(17.0239347855035,-7.03063961168093,0.));
#11503=CARTESIAN_POINT('Origin',(17.047954749467,-8.03035109072435,-3.5));
#11504=CARTESIAN_POINT('Origin',(16.7654580254818,-8.27090286396244,0.));
#11505=CARTESIAN_POINT('',(16.8449663906617,-8.14370844637104,-3.5));
#11506=CARTESIAN_POINT('',(16.8999790878411,-8.33726613529327,-3.5));
#11507=CARTESIAN_POINT('Origin',(16.7654580254818,-8.27090286396244,-3.5));
#11508=CARTESIAN_POINT('',(16.8449663906617,-8.14370844637104,3.5));
#11509=CARTESIAN_POINT('',(16.8449663906617,-8.14370844637104,0.));
#11510=CARTESIAN_POINT('',(16.8999790878411,-8.33726613529327,3.5));
#11511=CARTESIAN_POINT('Origin',(16.7654580254818,-8.27090286396244,3.5));
#11512=CARTESIAN_POINT('',(16.8999790878411,-8.33726613529327,0.));
#11513=CARTESIAN_POINT('Origin',(17.3750221585278,-7.29574566242832,0.));
#11514=CARTESIAN_POINT('',(16.6160192528547,-7.94683289865688,-3.5));
#11515=CARTESIAN_POINT('Origin',(17.3750221585278,-7.29574566242832,-3.5));
#11516=CARTESIAN_POINT('',(16.6160192528547,-7.94683289865688,3.5));
#11517=CARTESIAN_POINT('',(16.6160192528547,-7.94683289865688,0.));
#11518=CARTESIAN_POINT('Origin',(17.3750221585278,-7.29574566242832,3.5));
#11519=CARTESIAN_POINT('Origin',(17.0372658655033,-7.58547948255003,0.));
#11520=CARTESIAN_POINT('Origin',(17.0372658655033,-7.58547948255003,3.5));
#11521=CARTESIAN_POINT('Origin',(17.0372658655033,-7.58547948255003,-3.5));
#11522=CARTESIAN_POINT('Origin',(0.,0.,0.));
#11523=CARTESIAN_POINT('',(16.6785484619632,-8.77184820788182,3.5));
#11524=CARTESIAN_POINT('Origin',(0.,0.,3.5));
#11525=CARTESIAN_POINT('',(16.6785484619632,-8.77184820788182,-3.5));
#11526=CARTESIAN_POINT('',(16.6785484619632,-8.77184820788182,0.));
#11527=CARTESIAN_POINT('Origin',(0.,0.,-3.5));
#11528=CARTESIAN_POINT('Origin',(16.5457899510767,-8.70202573451393,0.));
#11529=CARTESIAN_POINT('',(16.4896213501423,-8.84111235597361,3.5));
#11530=CARTESIAN_POINT('Origin',(16.5457899510767,-8.70202573451393,3.5));
#11531=CARTESIAN_POINT('',(16.4896213501423,-8.84111235597361,-3.5));
#11532=CARTESIAN_POINT('',(16.4896213501423,-8.84111235597361,0.));
#11533=CARTESIAN_POINT('Origin',(16.5457899510767,-8.70202573451393,-3.5));
#11534=CARTESIAN_POINT('Origin',(16.1151640105794,-9.76835649903814,0.));
#11535=CARTESIAN_POINT('',(16.1957739351071,-8.7716107741576,3.5));
#11536=CARTESIAN_POINT('Origin',(16.1151640105794,-9.76835649903814,3.5));
#11537=CARTESIAN_POINT('',(16.1957739351071,-8.7716107741576,-3.5));
#11538=CARTESIAN_POINT('',(16.1957739351071,-8.7716107741576,0.));
#11539=CARTESIAN_POINT('Origin',(16.1151640105794,-9.76835649903814,-3.5));
#11540=CARTESIAN_POINT('Origin',(15.8090703260133,-9.97806155605676,0.));
#11541=CARTESIAN_POINT('',(15.9014385730568,-9.85987481002267,-3.5));
#11542=CARTESIAN_POINT('',(15.9359176171482,-10.0581225623691,-3.5));
#11543=CARTESIAN_POINT('Origin',(15.8090703260133,-9.97806155605676,-3.5));
#11544=CARTESIAN_POINT('',(15.9014385730568,-9.85987481002267,3.5));
#11545=CARTESIAN_POINT('',(15.9014385730568,-9.85987481002267,0.));
#11546=CARTESIAN_POINT('',(15.9359176171482,-10.0581225623691,3.5));
#11547=CARTESIAN_POINT('Origin',(15.8090703260133,-9.97806155605676,3.5));
#11548=CARTESIAN_POINT('',(15.9359176171482,-10.0581225623691,0.));
#11549=CARTESIAN_POINT('Origin',(16.5172268866795,-9.07196316979541,0.));
#11550=CARTESIAN_POINT('',(15.6943247300833,-9.64014627467382,-3.5));
#11551=CARTESIAN_POINT('Origin',(16.5172268866795,-9.07196316979541,-3.5));
#11552=CARTESIAN_POINT('',(15.6943247300833,-9.64014627467382,3.5));
#11553=CARTESIAN_POINT('',(15.6943247300833,-9.64014627467382,0.));
#11554=CARTESIAN_POINT('Origin',(16.5172268866795,-9.07196316979541,3.5));
#11555=CARTESIAN_POINT('Origin',(16.1510354269942,-9.3248046514663,0.));
#11556=CARTESIAN_POINT('Origin',(16.1510354269942,-9.3248046514663,3.5));
#11557=CARTESIAN_POINT('Origin',(16.1510354269942,-9.3248046514663,-3.5));
#11558=CARTESIAN_POINT('Origin',(0.,0.,0.));
#11559=CARTESIAN_POINT('',(15.6702738151962,-10.4671781458495,3.5));
#11560=CARTESIAN_POINT('Origin',(0.,0.,3.5));
#11561=CARTESIAN_POINT('',(15.6702738151962,-10.4671781458495,-3.5));
#11562=CARTESIAN_POINT('',(15.6702738151962,-10.4671781458495,0.));
#11563=CARTESIAN_POINT('Origin',(0.,0.,-3.5));
#11564=CARTESIAN_POINT('Origin',(15.5455410051658,-10.3838611241677,0.));
#11565=CARTESIAN_POINT('',(15.4751415909021,-10.5163145970226,3.5));
#11566=CARTESIAN_POINT('Origin',(15.5455410051658,-10.3838611241677,3.5));
#11567=CARTESIAN_POINT('',(15.4751415909021,-10.5163145970226,-3.5));
#11568=CARTESIAN_POINT('',(15.4751415909021,-10.5163145970226,0.));
#11569=CARTESIAN_POINT('Origin',(15.5455410051658,-10.3838611241677,-3.5));
#11570=CARTESIAN_POINT('Origin',(15.0058121624769,-11.3993377493885,0.));
#11571=CARTESIAN_POINT('',(15.1901687962941,-10.416478333415,3.5));
#11572=CARTESIAN_POINT('Origin',(15.0058121624769,-11.3993377493885,3.5));
#11573=CARTESIAN_POINT('',(15.1901687962941,-10.416478333415,-3.5));
#11574=CARTESIAN_POINT('',(15.1901687962941,-10.416478333415,0.));
#11575=CARTESIAN_POINT('Origin',(15.0058121624769,-11.3993377493885,-3.5));
#11576=CARTESIAN_POINT('Origin',(14.6794751437925,-11.5758985176993,0.));
#11577=CARTESIAN_POINT('',(14.7836912668555,-11.4680143219443,-3.5));
#11578=CARTESIAN_POINT('',(14.7972588982368,-11.6687800938541,-3.5));
#11579=CARTESIAN_POINT('Origin',(14.6794751437925,-11.5758985176993,-3.5));
#11580=CARTESIAN_POINT('',(14.7836912668555,-11.4680143219443,3.5));
#11581=CARTESIAN_POINT('',(14.7836912668555,-11.4680143219443,0.));
#11582=CARTESIAN_POINT('',(14.7972588982368,-11.6687800938541,3.5));
#11583=CARTESIAN_POINT('Origin',(14.6794751437925,-11.5758985176993,3.5));
#11584=CARTESIAN_POINT('',(14.7972588982368,-11.6687800938541,0.));
#11585=CARTESIAN_POINT('Origin',(15.4784654206089,-10.7487863502439,0.));
#11586=CARTESIAN_POINT('',(14.6006799013206,-11.2278401907751,-3.5));
#11587=CARTESIAN_POINT('Origin',(15.4784654206089,-10.7487863502439,-3.5));
#11588=CARTESIAN_POINT('',(14.6006799013206,-11.2278401907751,3.5));
#11589=CARTESIAN_POINT('',(14.6006799013206,-11.2278401907751,0.));
#11590=CARTESIAN_POINT('Origin',(15.4784654206089,-10.7487863502439,3.5));
#11591=CARTESIAN_POINT('Origin',(15.0878508645256,-10.9619653092803,0.));
#11592=CARTESIAN_POINT('Origin',(15.0878508645256,-10.9619653092803,3.5));
#11593=CARTESIAN_POINT('Origin',(15.0878508645256,-10.9619653092803,-3.5));
#11594=CARTESIAN_POINT('Origin',(0.,0.,0.));
#11595=CARTESIAN_POINT('',(14.4903123692943,-12.0478274896534,3.5));
#11596=CARTESIAN_POINT('Origin',(0.,0.,3.5));
#11597=CARTESIAN_POINT('',(14.4903123692943,-12.0478274896534,-3.5));
#11598=CARTESIAN_POINT('',(14.4903123692943,-12.0478274896534,0.));
#11599=CARTESIAN_POINT('Origin',(0.,0.,-3.5));
#11600=CARTESIAN_POINT('Origin',(14.3749718588888,-11.9519287583825,0.));
#11601=CARTESIAN_POINT('',(14.2911129420103,-12.0762978946663,3.5));
#11602=CARTESIAN_POINT('Origin',(14.3749718588888,-11.9519287583825,3.5));
#11603=CARTESIAN_POINT('',(14.2911129420103,-12.0762978946663,-3.5));
#11604=CARTESIAN_POINT('',(14.2911129420103,-12.0762978946663,0.));
#11605=CARTESIAN_POINT('Origin',(14.3749718588888,-11.9519287583825,-3.5));
#11606=CARTESIAN_POINT('Origin',(13.7320534961543,-12.9054254698917,0.));
#11607=CARTESIAN_POINT('',(14.0181369894017,-11.9472207762634,3.5));
#11608=CARTESIAN_POINT('Origin',(13.7320534961543,-12.9054254698917,3.5));
#11609=CARTESIAN_POINT('',(14.0181369894017,-11.9472207762634,-3.5));
#11610=CARTESIAN_POINT('',(14.0181369894017,-11.9472207762634,0.));
#11611=CARTESIAN_POINT('Origin',(13.7320534961543,-12.9054254698917,-3.5));
#11612=CARTESIAN_POINT('Origin',(13.3890485600185,-13.0469075127694,0.));
#11613=CARTESIAN_POINT('',(13.5039707454482,-12.9505078691183,-3.5));
#11614=CARTESIAN_POINT('',(13.4964783143107,-13.1515920287817,-3.5));
#11615=CARTESIAN_POINT('Origin',(13.3890485600185,-13.0469075127694,-3.5));
#11616=CARTESIAN_POINT('',(13.5039707454482,-12.9505078691183,3.5));
#11617=CARTESIAN_POINT('',(13.5039707454482,-12.9505078691183,0.));
#11618=CARTESIAN_POINT('',(13.4964783143107,-13.1515920287817,3.5));
#11619=CARTESIAN_POINT('Origin',(13.3890485600185,-13.0469075127694,3.5));
#11620=CARTESIAN_POINT('',(13.4964783143107,-13.1515920287817,0.));
#11621=CARTESIAN_POINT('Origin',(14.2701186483129,-12.3078435781109,0.));
#11622=CARTESIAN_POINT('',(13.3470669681703,-12.6925195401697,-3.5));
#11623=CARTESIAN_POINT('Origin',(14.2701186483129,-12.3078435781109,-3.5));
#11624=CARTESIAN_POINT('',(13.3470669681703,-12.6925195401697,3.5));
#11625=CARTESIAN_POINT('',(13.3470669681703,-12.6925195401697,0.));
#11626=CARTESIAN_POINT('Origin',(14.2701186483129,-12.3078435781109,3.5));
#11627=CARTESIAN_POINT('Origin',(13.8593606506494,-12.4790243812271,0.));
#11628=CARTESIAN_POINT('Origin',(13.8593606506494,-12.4790243812271,3.5));
#11629=CARTESIAN_POINT('Origin',(13.8593606506494,-12.4790243812271,-3.5));
#11630=CARTESIAN_POINT('Origin',(0.,0.,0.));
#11631=CARTESIAN_POINT('',(13.1515920287817,-13.4964783143107,3.5));
#11632=CARTESIAN_POINT('Origin',(0.,0.,3.5));
#11633=CARTESIAN_POINT('',(13.1515920287817,-13.4964783143107,-3.5));
#11634=CARTESIAN_POINT('',(13.1515920287817,-13.4964783143107,0.));
#11635=CARTESIAN_POINT('Origin',(0.,0.,-3.5));
#11636=CARTESIAN_POINT('Origin',(13.0469075127694,-13.3890485600185,0.));
#11637=CARTESIAN_POINT('',(12.9505078691183,-13.5039707454482,3.5));
#11638=CARTESIAN_POINT('Origin',(13.0469075127694,-13.3890485600185,3.5));
#11639=CARTESIAN_POINT('',(12.9505078691183,-13.5039707454482,-3.5));
#11640=CARTESIAN_POINT('',(12.9505078691183,-13.5039707454482,0.));
#11641=CARTESIAN_POINT('Origin',(13.0469075127694,-13.3890485600185,-3.5));
#11642=CARTESIAN_POINT('Origin',(12.3078435781109,-14.2701186483129,0.));
#11643=CARTESIAN_POINT('',(12.6925195401697,-13.3470669681703,3.5));
#11644=CARTESIAN_POINT('Origin',(12.3078435781109,-14.2701186483129,3.5));
#11645=CARTESIAN_POINT('',(12.6925195401697,-13.3470669681703,-3.5));
#11646=CARTESIAN_POINT('',(12.6925195401697,-13.3470669681703,0.));
#11647=CARTESIAN_POINT('Origin',(12.3078435781109,-14.2701186483129,-3.5));
#11648=CARTESIAN_POINT('Origin',(11.9519287583825,-14.3749718588888,0.));
#11649=CARTESIAN_POINT('',(12.0762978946663,-14.2911129420104,-3.5));
#11650=CARTESIAN_POINT('',(12.0478274896534,-14.4903123692943,-3.5));
#11651=CARTESIAN_POINT('Origin',(11.9519287583825,-14.3749718588888,-3.5));
#11652=CARTESIAN_POINT('',(12.0762978946663,-14.2911129420104,3.5));
#11653=CARTESIAN_POINT('',(12.0762978946663,-14.2911129420104,0.));
#11654=CARTESIAN_POINT('',(12.0478274896534,-14.4903123692943,3.5));
#11655=CARTESIAN_POINT('Origin',(11.9519287583825,-14.3749718588888,3.5));
#11656=CARTESIAN_POINT('',(12.0478274896534,-14.4903123692943,0.));
#11657=CARTESIAN_POINT('Origin',(12.9054254698917,-13.7320534961543,0.));
#11658=CARTESIAN_POINT('',(11.9472207762634,-14.0181369894017,-3.5));
#11659=CARTESIAN_POINT('Origin',(12.9054254698917,-13.7320534961543,-3.5));
#11660=CARTESIAN_POINT('',(11.9472207762634,-14.0181369894017,3.5));
#11661=CARTESIAN_POINT('',(11.9472207762634,-14.0181369894017,0.));
#11662=CARTESIAN_POINT('Origin',(12.9054254698917,-13.7320534961543,3.5));
#11663=CARTESIAN_POINT('Origin',(12.4790243812271,-13.8593606506494,0.));
#11664=CARTESIAN_POINT('Origin',(12.4790243812271,-13.8593606506494,3.5));
#11665=CARTESIAN_POINT('Origin',(12.4790243812271,-13.8593606506494,-3.5));
#11666=CARTESIAN_POINT('Origin',(0.,0.,0.));
#11667=CARTESIAN_POINT('',(11.6687800938541,-14.7972588982368,3.5));
#11668=CARTESIAN_POINT('Origin',(0.,0.,3.5));
#11669=CARTESIAN_POINT('',(11.6687800938541,-14.7972588982368,-3.5));
#11670=CARTESIAN_POINT('',(11.6687800938541,-14.7972588982368,0.));
#11671=CARTESIAN_POINT('Origin',(0.,0.,-3.5));
#11672=CARTESIAN_POINT('Origin',(11.5758985176993,-14.6794751437925,0.));
#11673=CARTESIAN_POINT('',(11.4680143219442,-14.7836912668555,3.5));
#11674=CARTESIAN_POINT('Origin',(11.5758985176993,-14.6794751437925,3.5));
#11675=CARTESIAN_POINT('',(11.4680143219442,-14.7836912668555,-3.5));
#11676=CARTESIAN_POINT('',(11.4680143219442,-14.7836912668555,0.));
#11677=CARTESIAN_POINT('Origin',(11.5758985176993,-14.6794751437925,-3.5));
#11678=CARTESIAN_POINT('Origin',(10.7487863502439,-15.4784654206089,0.));
#11679=CARTESIAN_POINT('',(11.2278401907751,-14.6006799013206,3.5));
#11680=CARTESIAN_POINT('Origin',(10.7487863502439,-15.4784654206089,3.5));
#11681=CARTESIAN_POINT('',(11.2278401907751,-14.6006799013206,-3.5));
#11682=CARTESIAN_POINT('',(11.2278401907751,-14.6006799013206,0.));
#11683=CARTESIAN_POINT('Origin',(10.7487863502439,-15.4784654206089,-3.5));
#11684=CARTESIAN_POINT('Origin',(10.3838611241677,-15.5455410051658,0.));
#11685=CARTESIAN_POINT('',(10.5163145970226,-15.4751415909021,-3.5));
#11686=CARTESIAN_POINT('',(10.4671781458495,-15.6702738151962,-3.5));
#11687=CARTESIAN_POINT('Origin',(10.3838611241677,-15.5455410051658,-3.5));
#11688=CARTESIAN_POINT('',(10.5163145970226,-15.4751415909021,3.5));
#11689=CARTESIAN_POINT('',(10.5163145970226,-15.4751415909021,0.));
#11690=CARTESIAN_POINT('',(10.4671781458495,-15.6702738151962,3.5));
#11691=CARTESIAN_POINT('Origin',(10.3838611241677,-15.5455410051658,3.5));
#11692=CARTESIAN_POINT('',(10.4671781458495,-15.6702738151962,0.));
#11693=CARTESIAN_POINT('Origin',(11.3993377493885,-15.0058121624769,0.));
#11694=CARTESIAN_POINT('',(10.416478333415,-15.1901687962941,-3.5));
#11695=CARTESIAN_POINT('Origin',(11.3993377493885,-15.0058121624769,-3.5));
#11696=CARTESIAN_POINT('',(10.416478333415,-15.1901687962941,3.5));
#11697=CARTESIAN_POINT('',(10.416478333415,-15.1901687962941,0.));
#11698=CARTESIAN_POINT('Origin',(11.3993377493885,-15.0058121624769,3.5));
#11699=CARTESIAN_POINT('Origin',(10.9619653092803,-15.0878508645256,0.));
#11700=CARTESIAN_POINT('Origin',(10.9619653092803,-15.0878508645256,3.5));
#11701=CARTESIAN_POINT('Origin',(10.9619653092803,-15.0878508645256,-3.5));
#11702=CARTESIAN_POINT('Origin',(0.,0.,0.));
#11703=CARTESIAN_POINT('',(10.0581225623691,-15.9359176171482,3.5));
#11704=CARTESIAN_POINT('Origin',(0.,0.,3.5));
#11705=CARTESIAN_POINT('',(10.0581225623691,-15.9359176171482,-3.5));
#11706=CARTESIAN_POINT('',(10.0581225623691,-15.9359176171482,0.));
#11707=CARTESIAN_POINT('Origin',(0.,0.,-3.5));
#11708=CARTESIAN_POINT('Origin',(9.97806155605675,-15.8090703260134,0.));
#11709=CARTESIAN_POINT('',(9.85987481002266,-15.9014385730568,3.5));
#11710=CARTESIAN_POINT('Origin',(9.97806155605675,-15.8090703260134,3.5));
#11711=CARTESIAN_POINT('',(9.85987481002266,-15.9014385730568,-3.5));
#11712=CARTESIAN_POINT('',(9.85987481002266,-15.9014385730568,0.));
#11713=CARTESIAN_POINT('Origin',(9.97806155605675,-15.8090703260134,-3.5));
#11714=CARTESIAN_POINT('Origin',(9.07196316979539,-16.5172268866795,0.));
#11715=CARTESIAN_POINT('',(9.64014627467382,-15.6943247300833,3.5));
#11716=CARTESIAN_POINT('Origin',(9.07196316979539,-16.5172268866795,3.5));
#11717=CARTESIAN_POINT('',(9.64014627467382,-15.6943247300833,-3.5));
#11718=CARTESIAN_POINT('',(9.64014627467382,-15.6943247300833,0.));
#11719=CARTESIAN_POINT('Origin',(9.07196316979539,-16.5172268866795,-3.5));
#11720=CARTESIAN_POINT('Origin',(8.70202573451392,-16.5457899510767,0.));
#11721=CARTESIAN_POINT('',(8.8411123559736,-16.4896213501423,-3.5));
#11722=CARTESIAN_POINT('',(8.77184820788181,-16.6785484619632,-3.5));
#11723=CARTESIAN_POINT('Origin',(8.70202573451392,-16.5457899510767,-3.5));
#11724=CARTESIAN_POINT('',(8.8411123559736,-16.4896213501423,3.5));
#11725=CARTESIAN_POINT('',(8.8411123559736,-16.4896213501423,0.));
#11726=CARTESIAN_POINT('',(8.77184820788181,-16.6785484619632,3.5));
#11727=CARTESIAN_POINT('Origin',(8.70202573451392,-16.5457899510767,3.5));
#11728=CARTESIAN_POINT('',(8.77184820788181,-16.6785484619632,0.));
#11729=CARTESIAN_POINT('Origin',(9.76835649903813,-16.1151640105794,0.));
#11730=CARTESIAN_POINT('',(8.77161077415759,-16.1957739351071,-3.5));
#11731=CARTESIAN_POINT('Origin',(9.76835649903813,-16.1151640105794,-3.5));
#11732=CARTESIAN_POINT('',(8.77161077415759,-16.1957739351071,3.5));
#11733=CARTESIAN_POINT('',(8.77161077415759,-16.1957739351071,0.));
#11734=CARTESIAN_POINT('Origin',(9.76835649903813,-16.1151640105794,3.5));
#11735=CARTESIAN_POINT('Origin',(9.32480465146629,-16.1510354269942,0.));
#11736=CARTESIAN_POINT('Origin',(9.32480465146629,-16.1510354269942,3.5));
#11737=CARTESIAN_POINT('Origin',(9.32480465146629,-16.1510354269942,-3.5));
#11738=CARTESIAN_POINT('Origin',(0.,0.,0.));
#11739=CARTESIAN_POINT('',(8.33726613529326,-16.8999790878411,3.5));
#11740=CARTESIAN_POINT('Origin',(0.,0.,3.5));
#11741=CARTESIAN_POINT('',(8.33726613529326,-16.8999790878411,-3.5));
#11742=CARTESIAN_POINT('',(8.33726613529326,-16.8999790878411,0.));
#11743=CARTESIAN_POINT('Origin',(0.,0.,-3.5));
#11744=CARTESIAN_POINT('Origin',(8.27090286396242,-16.7654580254818,0.));
#11745=CARTESIAN_POINT('',(8.14370844637102,-16.8449663906617,3.5));
#11746=CARTESIAN_POINT('Origin',(8.27090286396242,-16.7654580254818,3.5));
#11747=CARTESIAN_POINT('',(8.14370844637102,-16.8449663906617,-3.5));
#11748=CARTESIAN_POINT('',(8.14370844637102,-16.8449663906617,0.));
#11749=CARTESIAN_POINT('Origin',(8.27090286396242,-16.7654580254818,-3.5));
#11750=CARTESIAN_POINT('Origin',(7.2957456624283,-17.3750221585278,0.));
#11751=CARTESIAN_POINT('',(7.94683289865686,-16.6160192528547,3.5));
#11752=CARTESIAN_POINT('Origin',(7.2957456624283,-17.3750221585278,3.5));
#11753=CARTESIAN_POINT('',(7.94683289865686,-16.6160192528547,-3.5));
#11754=CARTESIAN_POINT('',(7.94683289865686,-16.6160192528547,0.));
#11755=CARTESIAN_POINT('Origin',(7.2957456624283,-17.3750221585278,-3.5));
#11756=CARTESIAN_POINT('Origin',(6.92484912989684,-17.3647597598545,0.));
#11757=CARTESIAN_POINT('',(7.06904503783086,-17.3234373671952,-3.5));
#11758=CARTESIAN_POINT('',(6.98041206532131,-17.5040894415702,-3.5));
#11759=CARTESIAN_POINT('Origin',(6.92484912989684,-17.3647597598545,-3.5));
#11760=CARTESIAN_POINT('',(7.06904503783086,-17.3234373671952,3.5));
#11761=CARTESIAN_POINT('',(7.06904503783086,-17.3234373671952,0.));
#11762=CARTESIAN_POINT('',(6.98041206532131,-17.5040894415702,3.5));
#11763=CARTESIAN_POINT('Origin',(6.92484912989684,-17.3647597598545,3.5));
#11764=CARTESIAN_POINT('',(6.98041206532131,-17.5040894415702,0.));
#11765=CARTESIAN_POINT('Origin',(8.03035109072433,-17.0479547494671,0.));
#11766=CARTESIAN_POINT('',(7.03063961168091,-17.0239347855035,-3.5));
#11767=CARTESIAN_POINT('Origin',(8.03035109072433,-17.0479547494671,-3.5));
#11768=CARTESIAN_POINT('',(7.03063961168091,-17.0239347855035,3.5));
#11769=CARTESIAN_POINT('',(7.03063961168091,-17.0239347855035,0.));
#11770=CARTESIAN_POINT('Origin',(8.03035109072433,-17.0479547494671,3.5));
#11771=CARTESIAN_POINT('Origin',(7.58547948255001,-17.0372658655033,0.));
#11772=CARTESIAN_POINT('Origin',(7.58547948255001,-17.0372658655033,3.5));
#11773=CARTESIAN_POINT('Origin',(7.58547948255001,-17.0372658655033,-3.5));
#11774=CARTESIAN_POINT('Origin',(0.,0.,0.));
#11775=CARTESIAN_POINT('',(6.52506487575406,-17.6788808510995,3.5));
#11776=CARTESIAN_POINT('Origin',(0.,0.,3.5));
#11777=CARTESIAN_POINT('',(6.52506487575406,-17.6788808510995,-3.5));
#11778=CARTESIAN_POINT('',(6.52506487575406,-17.6788808510995,0.));
#11779=CARTESIAN_POINT('Origin',(0.,0.,-3.5));
#11780=CARTESIAN_POINT('Origin',(6.47312642929283,-17.5381598584254,0.));
#11781=CARTESIAN_POINT('',(6.33831790880039,-17.6039372314547,3.5));
#11782=CARTESIAN_POINT('Origin',(6.47312642929283,-17.5381598584254,3.5));
#11783=CARTESIAN_POINT('',(6.33831790880039,-17.6039372314547,-3.5));
#11784=CARTESIAN_POINT('',(6.33831790880039,-17.6039372314547,0.));
#11785=CARTESIAN_POINT('Origin',(6.47312642929283,-17.5381598584254,-3.5));
#11786=CARTESIAN_POINT('Origin',(5.43959443885072,-18.0424530516501,0.));
#11787=CARTESIAN_POINT('',(6.16645235842053,-17.3556651915662,3.5));
#11788=CARTESIAN_POINT('Origin',(5.43959443885072,-18.0424530516501,3.5));
#11789=CARTESIAN_POINT('',(6.16645235842053,-17.3556651915662,-3.5));
#11790=CARTESIAN_POINT('',(6.16645235842053,-17.3556651915662,0.));
#11791=CARTESIAN_POINT('Origin',(5.43959443885072,-18.0424530516501,-3.5));
#11792=CARTESIAN_POINT('Origin',(5.07180242909477,-17.9934776268936,0.));
#11793=CARTESIAN_POINT('',(5.21952778296088,-17.9674541792909,-3.5));
#11794=CARTESIAN_POINT('',(5.11249706742802,-18.1378519542892,-3.5));
#11795=CARTESIAN_POINT('Origin',(5.07180242909477,-17.9934776268936,-3.5));
#11796=CARTESIAN_POINT('',(5.21952778296088,-17.9674541792909,3.5));
#11797=CARTESIAN_POINT('',(5.21952778296088,-17.9674541792909,0.));
#11798=CARTESIAN_POINT('',(5.11249706742802,-18.1378519542892,3.5));
#11799=CARTESIAN_POINT('Origin',(5.07180242909477,-17.9934776268936,3.5));
#11800=CARTESIAN_POINT('',(5.11249706742802,-18.1378519542892,0.));
#11801=CARTESIAN_POINT('Origin',(6.20436347540157,-17.7939645286057,0.));
#11802=CARTESIAN_POINT('',(5.21263929036274,-17.6655778439025,-3.5));
#11803=CARTESIAN_POINT('Origin',(6.20436347540157,-17.7939645286057,-3.5));
#11804=CARTESIAN_POINT('',(5.21263929036274,-17.6655778439025,3.5));
#11805=CARTESIAN_POINT('',(5.21263929036274,-17.6655778439025,0.));
#11806=CARTESIAN_POINT('Origin',(6.20436347540157,-17.7939645286057,3.5));
#11807=CARTESIAN_POINT('Origin',(5.76304621305928,-17.7368324539128,0.));
#11808=CARTESIAN_POINT('Origin',(5.76304621305928,-17.7368324539128,3.5));
#11809=CARTESIAN_POINT('Origin',(5.76304621305928,-17.7368324539128,-3.5));
#11810=CARTESIAN_POINT('Origin',(0.,0.,0.));
#11811=CARTESIAN_POINT('',(4.64137363997849,-18.2640890962097,3.5));
#11812=CARTESIAN_POINT('Origin',(0.,0.,3.5));
#11813=CARTESIAN_POINT('',(4.64137363997849,-18.2640890962097,-3.5));
#11814=CARTESIAN_POINT('',(4.64137363997849,-18.2640890962097,0.));
#11815=CARTESIAN_POINT('Origin',(0.,0.,-3.5));
#11816=CARTESIAN_POINT('Origin',(4.60442906687512,-18.1187099418642,0.));
#11817=CARTESIAN_POINT('',(4.46348343384264,-18.1700356520792,3.5));
#11818=CARTESIAN_POINT('Origin',(4.60442906687512,-18.1187099418642,3.5));
#11819=CARTESIAN_POINT('',(4.46348343384264,-18.1700356520792,-3.5));
#11820=CARTESIAN_POINT('',(4.46348343384264,-18.1700356520792,0.));
#11821=CARTESIAN_POINT('Origin',(4.60442906687512,-18.1187099418642,-3.5));
#11822=CARTESIAN_POINT('Origin',(3.52384588029276,-18.5122070535125,0.));
#11823=CARTESIAN_POINT('',(4.31851087573223,-17.9051588305325,3.5));
#11824=CARTESIAN_POINT('Origin',(3.52384588029276,-18.5122070535125,3.5));
#11825=CARTESIAN_POINT('',(4.31851087573223,-17.9051588305325,-3.5));
#11826=CARTESIAN_POINT('',(4.31851087573223,-17.9051588305325,0.));
#11827=CARTESIAN_POINT('Origin',(3.52384588029276,-18.5122070535125,-3.5));
#11828=CARTESIAN_POINT('Origin',(3.16318799953665,-18.4250551876753,0.));
#11829=CARTESIAN_POINT('',(3.31282428944436,-18.4146158034667,-3.5));
#11830=CARTESIAN_POINT('',(3.1885684818052,-18.5728923654075,-3.5));
#11831=CARTESIAN_POINT('Origin',(3.16318799953665,-18.4250551876753,-3.5));
#11832=CARTESIAN_POINT('',(3.31282428944436,-18.4146158034667,3.5));
#11833=CARTESIAN_POINT('',(3.31282428944436,-18.4146158034667,0.));
#11834=CARTESIAN_POINT('',(3.1885684818052,-18.5728923654075,3.5));
#11835=CARTESIAN_POINT('Origin',(3.16318799953665,-18.4250551876753,3.5));
#11836=CARTESIAN_POINT('',(3.1885684818052,-18.5728923654075,0.));
#11837=CARTESIAN_POINT('Origin',(4.31039955549576,-18.3450199087424,0.));
#11838=CARTESIAN_POINT('',(3.33752820216444,-18.1136731346839,-3.5));
#11839=CARTESIAN_POINT('Origin',(4.31039955549576,-18.3450199087424,-3.5));
#11840=CARTESIAN_POINT('',(3.33752820216444,-18.1136731346839,3.5));
#11841=CARTESIAN_POINT('',(3.33752820216444,-18.1136731346839,0.));
#11842=CARTESIAN_POINT('Origin',(4.31039955549576,-18.3450199087424,3.5));
#11843=CARTESIAN_POINT('Origin',(3.87747180326332,-18.2420705942864,0.));
#11844=CARTESIAN_POINT('Origin',(3.87747180326332,-18.2420705942864,3.5));
#11845=CARTESIAN_POINT('Origin',(3.87747180326332,-18.2420705942864,-3.5));
#11846=CARTESIAN_POINT('Origin',(0.,0.,0.));
#11847=CARTESIAN_POINT('',(2.70683054333344,-18.6491921591754,3.5));
#11848=CARTESIAN_POINT('Origin',(0.,0.,3.5));
#11849=CARTESIAN_POINT('',(2.70683054333344,-18.6491921591754,-3.5));
#11850=CARTESIAN_POINT('',(2.70683054333344,-18.6491921591754,0.));
#11851=CARTESIAN_POINT('Origin',(0.,0.,-3.5));
#11852=CARTESIAN_POINT('Origin',(2.68528461606199,-18.5007476475962,0.));
#11853=CARTESIAN_POINT('',(2.53974610033975,-18.5370593597751,3.5));
#11854=CARTESIAN_POINT('Origin',(2.68528461606199,-18.5007476475962,3.5));
#11855=CARTESIAN_POINT('',(2.53974610033975,-18.5370593597751,-3.5));
#11856=CARTESIAN_POINT('',(2.53974610033975,-18.5370593597751,0.));
#11857=CARTESIAN_POINT('Origin',(2.68528461606199,-18.5007476475962,-3.5));
#11858=CARTESIAN_POINT('Origin',(1.56948932885816,-18.7791374409682,0.));
#11859=CARTESIAN_POINT('',(2.4232548841829,-18.2584798024561,3.5));
#11860=CARTESIAN_POINT('Origin',(1.56948932885816,-18.7791374409682,3.5));
#11861=CARTESIAN_POINT('',(2.4232548841829,-18.2584798024561,-3.5));
#11862=CARTESIAN_POINT('',(2.4232548841829,-18.2584798024561,0.));
#11863=CARTESIAN_POINT('Origin',(1.56948932885816,-18.7791374409682,-3.5));
#11864=CARTESIAN_POINT('Origin',(1.21991702031596,-18.6547639881301,0.));
#11865=CARTESIAN_POINT('',(1.36982479975964,-18.6600230433936,-3.5));
#11866=CARTESIAN_POINT('',(1.22970527264486,-18.8044442811428,-3.5));
#11867=CARTESIAN_POINT('Origin',(1.21991702031596,-18.6547639881301,-3.5));
#11868=CARTESIAN_POINT('',(1.36982479975964,-18.6600230433936,3.5));
#11869=CARTESIAN_POINT('',(1.36982479975964,-18.6600230433936,0.));
#11870=CARTESIAN_POINT('',(1.22970527264486,-18.8044442811428,3.5));
#11871=CARTESIAN_POINT('Origin',(1.21991702031596,-18.6547639881301,3.5));
#11872=CARTESIAN_POINT('',(1.22970527264486,-18.8044442811428,0.));
#11873=CARTESIAN_POINT('Origin',(2.36920999605085,-18.6950834118168,0.));
#11874=CARTESIAN_POINT('',(1.42585045656056,-18.3633112320719,-3.5));
#11875=CARTESIAN_POINT('Origin',(2.36920999605085,-18.6950834118168,-3.5));
#11876=CARTESIAN_POINT('',(1.42585045656056,-18.3633112320719,3.5));
#11877=CARTESIAN_POINT('',(1.42585045656056,-18.3633112320719,0.));
#11878=CARTESIAN_POINT('Origin',(2.36920999605085,-18.6950834118168,3.5));
#11879=CARTESIAN_POINT('Origin',(1.94941500097767,-18.5474447918303,0.));
#11880=CARTESIAN_POINT('Origin',(1.94941500097767,-18.5474447918303,3.5));
#11881=CARTESIAN_POINT('Origin',(1.94941500097767,-18.5474447918303,-3.5));
#11882=CARTESIAN_POINT('Origin',(0.,0.,0.));
#11883=CARTESIAN_POINT('',(0.742630844814933,-18.8299707702509,3.5));
#11884=CARTESIAN_POINT('Origin',(0.,0.,3.5));
#11885=CARTESIAN_POINT('',(0.742630844814933,-18.8299707702509,-3.5));
#11886=CARTESIAN_POINT('',(0.742630844814933,-18.8299707702509,0.));
#11887=CARTESIAN_POINT('Origin',(0.,0.,-3.5));
#11888=CARTESIAN_POINT('Origin',(0.736719625063357,-18.6800872905707,0.));
#11889=CARTESIAN_POINT('',(0.588182777085507,-18.7009871659963,3.5));
#11890=CARTESIAN_POINT('Origin',(0.736719625063357,-18.6800872905707,3.5));
#11891=CARTESIAN_POINT('',(0.588182777085507,-18.7009871659963,-3.5));
#11892=CARTESIAN_POINT('',(0.588182777085507,-18.7009871659963,0.));
#11893=CARTESIAN_POINT('Origin',(0.736719625063357,-18.6800872905707,-3.5));
#11894=CARTESIAN_POINT('Origin',(-0.402062876100158,-18.8403196688335,0.));
#11895=CARTESIAN_POINT('',(0.501449205023787,-18.4117570488314,3.5));
#11896=CARTESIAN_POINT('Origin',(-0.402062876100158,-18.8403196688335,3.5));
#11897=CARTESIAN_POINT('',(0.501449205023787,-18.4117570488314,-3.5));
#11898=CARTESIAN_POINT('',(0.501449205023787,-18.4117570488314,0.));
#11899=CARTESIAN_POINT('Origin',(-0.402062876100158,-18.8403196688335,-3.5));
#11900=CARTESIAN_POINT('Origin',(-0.736719625063361,-18.6800872905707,0.));
#11901=CARTESIAN_POINT('',(-0.588182777085511,-18.7009871659963,-3.5));
#11902=CARTESIAN_POINT('',(-0.742630844814937,-18.8299707702509,-3.5));
#11903=CARTESIAN_POINT('Origin',(-0.736719625063361,-18.6800872905707,-3.5));
#11904=CARTESIAN_POINT('',(-0.588182777085511,-18.7009871659963,3.5));
#11905=CARTESIAN_POINT('',(-0.588182777085511,-18.7009871659963,0.));
#11906=CARTESIAN_POINT('',(-0.742630844814937,-18.8299707702509,3.5));
#11907=CARTESIAN_POINT('Origin',(-0.736719625063361,-18.6800872905707,3.5));
#11908=CARTESIAN_POINT('',(-0.742630844814937,-18.8299707702509,0.));
#11909=CARTESIAN_POINT('Origin',(0.402062876100154,-18.8403196688335,0.));
#11910=CARTESIAN_POINT('',(-0.501449205023787,-18.4117570488314,-3.5));
#11911=CARTESIAN_POINT('Origin',(0.402062876100154,-18.8403196688335,-3.5));
#11912=CARTESIAN_POINT('',(-0.501449205023787,-18.4117570488314,3.5));
#11913=CARTESIAN_POINT('',(-0.501449205023787,-18.4117570488314,0.));
#11914=CARTESIAN_POINT('Origin',(0.402062876100154,-18.8403196688335,3.5));
#11915=CARTESIAN_POINT('Origin',(-2.28391843381851E-15,-18.6496093029326,
0.));
#11916=CARTESIAN_POINT('Origin',(-2.28391843381851E-15,-18.6496093029326,
3.5));
#11917=CARTESIAN_POINT('Origin',(-2.28391843381851E-15,-18.6496093029326,
-3.5));
#11918=CARTESIAN_POINT('Origin',(0.,0.,0.));
#11919=CARTESIAN_POINT('',(-1.22970527264487,-18.8044442811428,3.5));
#11920=CARTESIAN_POINT('Origin',(0.,0.,3.5));
#11921=CARTESIAN_POINT('',(-1.22970527264487,-18.8044442811428,-3.5));
#11922=CARTESIAN_POINT('',(-1.22970527264487,-18.8044442811428,0.));
#11923=CARTESIAN_POINT('Origin',(0.,0.,-3.5));
#11924=CARTESIAN_POINT('Origin',(-1.21991702031597,-18.6547639881301,0.));
#11925=CARTESIAN_POINT('',(-1.36982479975965,-18.6600230433936,3.5));
#11926=CARTESIAN_POINT('Origin',(-1.21991702031597,-18.6547639881301,3.5));
#11927=CARTESIAN_POINT('',(-1.36982479975965,-18.6600230433936,-3.5));
#11928=CARTESIAN_POINT('',(-1.36982479975965,-18.6600230433936,0.));
#11929=CARTESIAN_POINT('Origin',(-1.21991702031597,-18.6547639881301,-3.5));
#11930=CARTESIAN_POINT('Origin',(-2.36920999605087,-18.6950834118168,0.));
#11931=CARTESIAN_POINT('',(-1.42585045656057,-18.3633112320719,3.5));
#11932=CARTESIAN_POINT('Origin',(-2.36920999605087,-18.6950834118168,3.5));
#11933=CARTESIAN_POINT('',(-1.42585045656057,-18.3633112320719,-3.5));
#11934=CARTESIAN_POINT('',(-1.42585045656057,-18.3633112320719,0.));
#11935=CARTESIAN_POINT('Origin',(-2.36920999605087,-18.6950834118168,-3.5));
#11936=CARTESIAN_POINT('Origin',(-2.685284616062,-18.5007476475962,0.));
#11937=CARTESIAN_POINT('',(-2.53974610033976,-18.5370593597751,-3.5));
#11938=CARTESIAN_POINT('',(-2.70683054333346,-18.6491921591754,-3.5));
#11939=CARTESIAN_POINT('Origin',(-2.685284616062,-18.5007476475962,-3.5));
#11940=CARTESIAN_POINT('',(-2.53974610033976,-18.5370593597751,3.5));
#11941=CARTESIAN_POINT('',(-2.53974610033976,-18.5370593597751,0.));
#11942=CARTESIAN_POINT('',(-2.70683054333346,-18.6491921591754,3.5));
#11943=CARTESIAN_POINT('Origin',(-2.685284616062,-18.5007476475962,3.5));
#11944=CARTESIAN_POINT('',(-2.70683054333346,-18.6491921591754,0.));
#11945=CARTESIAN_POINT('Origin',(-1.56948932885817,-18.7791374409682,0.));
#11946=CARTESIAN_POINT('',(-2.42325488418291,-18.2584798024561,-3.5));
#11947=CARTESIAN_POINT('Origin',(-1.56948932885817,-18.7791374409682,-3.5));
#11948=CARTESIAN_POINT('',(-2.42325488418291,-18.2584798024561,3.5));
#11949=CARTESIAN_POINT('',(-2.42325488418291,-18.2584798024561,0.));
#11950=CARTESIAN_POINT('Origin',(-1.56948932885817,-18.7791374409682,3.5));
#11951=CARTESIAN_POINT('Origin',(-1.94941500097768,-18.5474447918303,0.));
#11952=CARTESIAN_POINT('Origin',(-1.94941500097768,-18.5474447918303,3.5));
#11953=CARTESIAN_POINT('Origin',(-1.94941500097768,-18.5474447918303,-3.5));
#11954=CARTESIAN_POINT('Origin',(0.,0.,0.));
#11955=CARTESIAN_POINT('',(-3.18856848180521,-18.5728923654075,3.5));
#11956=CARTESIAN_POINT('Origin',(0.,0.,3.5));
#11957=CARTESIAN_POINT('',(-3.18856848180521,-18.5728923654075,-3.5));
#11958=CARTESIAN_POINT('',(-3.18856848180521,-18.5728923654075,0.));
#11959=CARTESIAN_POINT('Origin',(0.,0.,-3.5));
#11960=CARTESIAN_POINT('Origin',(-3.16318799953666,-18.4250551876753,0.));
#11961=CARTESIAN_POINT('',(-3.31282428944437,-18.4146158034667,3.5));
#11962=CARTESIAN_POINT('Origin',(-3.16318799953666,-18.4250551876753,3.5));
#11963=CARTESIAN_POINT('',(-3.31282428944437,-18.4146158034667,-3.5));
#11964=CARTESIAN_POINT('',(-3.31282428944437,-18.4146158034667,0.));
#11965=CARTESIAN_POINT('Origin',(-3.16318799953666,-18.4250551876753,-3.5));
#11966=CARTESIAN_POINT('Origin',(-4.31039955549578,-18.3450199087424,0.));
#11967=CARTESIAN_POINT('',(-3.33752820216445,-18.1136731346839,3.5));
#11968=CARTESIAN_POINT('Origin',(-4.31039955549578,-18.3450199087424,3.5));
#11969=CARTESIAN_POINT('',(-3.33752820216445,-18.1136731346839,-3.5));
#11970=CARTESIAN_POINT('',(-3.33752820216445,-18.1136731346839,0.));
#11971=CARTESIAN_POINT('Origin',(-4.31039955549578,-18.3450199087424,-3.5));
#11972=CARTESIAN_POINT('Origin',(-4.60442906687513,-18.1187099418642,0.));
#11973=CARTESIAN_POINT('',(-4.46348343384265,-18.1700356520792,-3.5));
#11974=CARTESIAN_POINT('',(-4.64137363997851,-18.2640890962097,-3.5));
#11975=CARTESIAN_POINT('Origin',(-4.60442906687513,-18.1187099418642,-3.5));
#11976=CARTESIAN_POINT('',(-4.46348343384265,-18.1700356520792,3.5));
#11977=CARTESIAN_POINT('',(-4.46348343384265,-18.1700356520792,0.));
#11978=CARTESIAN_POINT('',(-4.64137363997851,-18.2640890962097,3.5));
#11979=CARTESIAN_POINT('Origin',(-4.60442906687513,-18.1187099418642,3.5));
#11980=CARTESIAN_POINT('',(-4.64137363997851,-18.2640890962097,0.));
#11981=CARTESIAN_POINT('Origin',(-3.52384588029278,-18.5122070535125,0.));
#11982=CARTESIAN_POINT('',(-4.31851087573224,-17.9051588305325,-3.5));
#11983=CARTESIAN_POINT('Origin',(-3.52384588029278,-18.5122070535125,-3.5));
#11984=CARTESIAN_POINT('',(-4.31851087573224,-17.9051588305325,3.5));
#11985=CARTESIAN_POINT('',(-4.31851087573224,-17.9051588305325,0.));
#11986=CARTESIAN_POINT('Origin',(-3.52384588029278,-18.5122070535125,3.5));
#11987=CARTESIAN_POINT('Origin',(-3.87747180326334,-18.2420705942864,0.));
#11988=CARTESIAN_POINT('Origin',(-3.87747180326334,-18.2420705942864,3.5));
#11989=CARTESIAN_POINT('Origin',(-3.87747180326334,-18.2420705942864,-3.5));
#11990=CARTESIAN_POINT('Origin',(0.,0.,0.));
#11991=CARTESIAN_POINT('',(-5.11249706742803,-18.1378519542892,3.5));
#11992=CARTESIAN_POINT('Origin',(0.,0.,3.5));
#11993=CARTESIAN_POINT('',(-5.11249706742803,-18.1378519542892,-3.5));
#11994=CARTESIAN_POINT('',(-5.11249706742803,-18.1378519542892,0.));
#11995=CARTESIAN_POINT('Origin',(0.,0.,-3.5));
#11996=CARTESIAN_POINT('Origin',(-5.07180242909478,-17.9934776268936,0.));
#11997=CARTESIAN_POINT('',(-5.21952778296088,-17.9674541792909,3.5));
#11998=CARTESIAN_POINT('Origin',(-5.07180242909478,-17.9934776268936,3.5));
#11999=CARTESIAN_POINT('',(-5.21952778296088,-17.9674541792909,-3.5));
#12000=CARTESIAN_POINT('',(-5.21952778296088,-17.9674541792909,0.));
#12001=CARTESIAN_POINT('Origin',(-5.07180242909478,-17.9934776268936,-3.5));
#12002=CARTESIAN_POINT('Origin',(-6.20436347540157,-17.7939645286057,0.));
#12003=CARTESIAN_POINT('',(-5.21263929036274,-17.6655778439025,3.5));
#12004=CARTESIAN_POINT('Origin',(-6.20436347540157,-17.7939645286057,3.5));
#12005=CARTESIAN_POINT('',(-5.21263929036274,-17.6655778439025,-3.5));
#12006=CARTESIAN_POINT('',(-5.21263929036274,-17.6655778439025,0.));
#12007=CARTESIAN_POINT('Origin',(-6.20436347540157,-17.7939645286057,-3.5));
#12008=CARTESIAN_POINT('Origin',(-6.47312642929284,-17.5381598584254,0.));
#12009=CARTESIAN_POINT('',(-6.33831790880039,-17.6039372314547,-3.5));
#12010=CARTESIAN_POINT('',(-6.52506487575407,-17.6788808510995,-3.5));
#12011=CARTESIAN_POINT('Origin',(-6.47312642929284,-17.5381598584254,-3.5));
#12012=CARTESIAN_POINT('',(-6.33831790880039,-17.6039372314547,3.5));
#12013=CARTESIAN_POINT('',(-6.33831790880039,-17.6039372314547,0.));
#12014=CARTESIAN_POINT('',(-6.52506487575407,-17.6788808510995,3.5));
#12015=CARTESIAN_POINT('Origin',(-6.47312642929284,-17.5381598584254,3.5));
#12016=CARTESIAN_POINT('',(-6.52506487575407,-17.6788808510995,0.));
#12017=CARTESIAN_POINT('Origin',(-5.43959443885072,-18.0424530516501,0.));
#12018=CARTESIAN_POINT('',(-6.16645235842053,-17.3556651915662,-3.5));
#12019=CARTESIAN_POINT('Origin',(-5.43959443885072,-18.0424530516501,-3.5));
#12020=CARTESIAN_POINT('',(-6.16645235842053,-17.3556651915662,3.5));
#12021=CARTESIAN_POINT('',(-6.16645235842053,-17.3556651915662,0.));
#12022=CARTESIAN_POINT('Origin',(-5.43959443885072,-18.0424530516501,3.5));
#12023=CARTESIAN_POINT('Origin',(-5.76304621305929,-17.7368324539128,0.));
#12024=CARTESIAN_POINT('Origin',(-5.76304621305929,-17.7368324539128,3.5));
#12025=CARTESIAN_POINT('Origin',(-5.76304621305929,-17.7368324539128,-3.5));
#12026=CARTESIAN_POINT('Origin',(0.,0.,0.));
#12027=CARTESIAN_POINT('',(-6.98041206532132,-17.5040894415702,3.5));
#12028=CARTESIAN_POINT('Origin',(0.,0.,3.5));
#12029=CARTESIAN_POINT('',(-6.98041206532132,-17.5040894415702,-3.5));
#12030=CARTESIAN_POINT('',(-6.98041206532132,-17.5040894415702,0.));
#12031=CARTESIAN_POINT('Origin',(0.,0.,-3.5));
#12032=CARTESIAN_POINT('Origin',(-6.92484912989685,-17.3647597598545,0.));
#12033=CARTESIAN_POINT('',(-7.06904503783087,-17.3234373671952,3.5));
#12034=CARTESIAN_POINT('Origin',(-6.92484912989685,-17.3647597598545,3.5));
#12035=CARTESIAN_POINT('',(-7.06904503783087,-17.3234373671952,-3.5));
#12036=CARTESIAN_POINT('',(-7.06904503783087,-17.3234373671952,0.));
#12037=CARTESIAN_POINT('Origin',(-6.92484912989685,-17.3647597598545,-3.5));
#12038=CARTESIAN_POINT('Origin',(-8.03035109072434,-17.047954749467,0.));
#12039=CARTESIAN_POINT('',(-7.03063961168092,-17.0239347855035,3.5));
#12040=CARTESIAN_POINT('Origin',(-8.03035109072434,-17.047954749467,3.5));
#12041=CARTESIAN_POINT('',(-7.03063961168092,-17.0239347855035,-3.5));
#12042=CARTESIAN_POINT('',(-7.03063961168092,-17.0239347855035,0.));
#12043=CARTESIAN_POINT('Origin',(-8.03035109072434,-17.047954749467,-3.5));
#12044=CARTESIAN_POINT('Origin',(-8.27090286396244,-16.7654580254818,0.));
#12045=CARTESIAN_POINT('',(-8.14370844637103,-16.8449663906617,-3.5));
#12046=CARTESIAN_POINT('',(-8.33726613529326,-16.8999790878411,-3.5));
#12047=CARTESIAN_POINT('Origin',(-8.27090286396244,-16.7654580254818,-3.5));
#12048=CARTESIAN_POINT('',(-8.14370844637103,-16.8449663906617,3.5));
#12049=CARTESIAN_POINT('',(-8.14370844637103,-16.8449663906617,0.));
#12050=CARTESIAN_POINT('',(-8.33726613529326,-16.8999790878411,3.5));
#12051=CARTESIAN_POINT('Origin',(-8.27090286396244,-16.7654580254818,3.5));
#12052=CARTESIAN_POINT('',(-8.33726613529326,-16.8999790878411,0.));
#12053=CARTESIAN_POINT('Origin',(-7.29574566242831,-17.3750221585278,0.));
#12054=CARTESIAN_POINT('',(-7.94683289865687,-16.6160192528547,-3.5));
#12055=CARTESIAN_POINT('Origin',(-7.29574566242831,-17.3750221585278,-3.5));
#12056=CARTESIAN_POINT('',(-7.94683289865687,-16.6160192528547,3.5));
#12057=CARTESIAN_POINT('',(-7.94683289865687,-16.6160192528547,0.));
#12058=CARTESIAN_POINT('Origin',(-7.29574566242831,-17.3750221585278,3.5));
#12059=CARTESIAN_POINT('Origin',(-7.58547948255002,-17.0372658655033,0.));
#12060=CARTESIAN_POINT('Origin',(-7.58547948255002,-17.0372658655033,3.5));
#12061=CARTESIAN_POINT('Origin',(-7.58547948255002,-17.0372658655033,-3.5));
#12062=CARTESIAN_POINT('Origin',(0.,0.,0.));
#12063=CARTESIAN_POINT('',(-8.77184820788182,-16.6785484619632,3.5));
#12064=CARTESIAN_POINT('Origin',(0.,0.,3.5));
#12065=CARTESIAN_POINT('',(-8.77184820788182,-16.6785484619632,-3.5));
#12066=CARTESIAN_POINT('',(-8.77184820788182,-16.6785484619632,0.));
#12067=CARTESIAN_POINT('Origin',(0.,0.,-3.5));
#12068=CARTESIAN_POINT('Origin',(-8.70202573451393,-16.5457899510767,0.));
#12069=CARTESIAN_POINT('',(-8.84111235597361,-16.4896213501423,3.5));
#12070=CARTESIAN_POINT('Origin',(-8.70202573451393,-16.5457899510767,3.5));
#12071=CARTESIAN_POINT('',(-8.84111235597361,-16.4896213501423,-3.5));
#12072=CARTESIAN_POINT('',(-8.84111235597361,-16.4896213501423,0.));
#12073=CARTESIAN_POINT('Origin',(-8.70202573451393,-16.5457899510767,-3.5));
#12074=CARTESIAN_POINT('Origin',(-9.76835649903814,-16.1151640105794,0.));
#12075=CARTESIAN_POINT('',(-8.7716107741576,-16.1957739351071,3.5));
#12076=CARTESIAN_POINT('Origin',(-9.76835649903814,-16.1151640105794,3.5));
#12077=CARTESIAN_POINT('',(-8.7716107741576,-16.1957739351071,-3.5));
#12078=CARTESIAN_POINT('',(-8.7716107741576,-16.1957739351071,0.));
#12079=CARTESIAN_POINT('Origin',(-9.76835649903814,-16.1151640105794,-3.5));
#12080=CARTESIAN_POINT('Origin',(-9.97806155605676,-15.8090703260134,0.));
#12081=CARTESIAN_POINT('',(-9.85987481002267,-15.9014385730568,-3.5));
#12082=CARTESIAN_POINT('',(-10.0581225623691,-15.9359176171482,-3.5));
#12083=CARTESIAN_POINT('Origin',(-9.97806155605676,-15.8090703260134,-3.5));
#12084=CARTESIAN_POINT('',(-9.85987481002267,-15.9014385730568,3.5));
#12085=CARTESIAN_POINT('',(-9.85987481002267,-15.9014385730568,0.));
#12086=CARTESIAN_POINT('',(-10.0581225623691,-15.9359176171482,3.5));
#12087=CARTESIAN_POINT('Origin',(-9.97806155605676,-15.8090703260134,3.5));
#12088=CARTESIAN_POINT('',(-10.0581225623691,-15.9359176171482,0.));
#12089=CARTESIAN_POINT('Origin',(-9.0719631697954,-16.5172268866795,0.));
#12090=CARTESIAN_POINT('',(-9.64014627467382,-15.6943247300833,-3.5));
#12091=CARTESIAN_POINT('Origin',(-9.0719631697954,-16.5172268866795,-3.5));
#12092=CARTESIAN_POINT('',(-9.64014627467382,-15.6943247300833,3.5));
#12093=CARTESIAN_POINT('',(-9.64014627467382,-15.6943247300833,0.));
#12094=CARTESIAN_POINT('Origin',(-9.0719631697954,-16.5172268866795,3.5));
#12095=CARTESIAN_POINT('Origin',(-9.3248046514663,-16.1510354269942,0.));
#12096=CARTESIAN_POINT('Origin',(-9.3248046514663,-16.1510354269942,3.5));
#12097=CARTESIAN_POINT('Origin',(-9.3248046514663,-16.1510354269942,-3.5));
#12098=CARTESIAN_POINT('Origin',(0.,0.,0.));
#12099=CARTESIAN_POINT('',(-10.4671781458495,-15.6702738151962,3.5));
#12100=CARTESIAN_POINT('Origin',(0.,0.,3.5));
#12101=CARTESIAN_POINT('',(-10.4671781458495,-15.6702738151962,-3.5));
#12102=CARTESIAN_POINT('',(-10.4671781458495,-15.6702738151962,0.));
#12103=CARTESIAN_POINT('Origin',(0.,0.,-3.5));
#12104=CARTESIAN_POINT('Origin',(-10.3838611241677,-15.5455410051658,0.));
#12105=CARTESIAN_POINT('',(-10.5163145970226,-15.4751415909021,3.5));
#12106=CARTESIAN_POINT('Origin',(-10.3838611241677,-15.5455410051658,3.5));
#12107=CARTESIAN_POINT('',(-10.5163145970226,-15.4751415909021,-3.5));
#12108=CARTESIAN_POINT('',(-10.5163145970226,-15.4751415909021,0.));
#12109=CARTESIAN_POINT('Origin',(-10.3838611241677,-15.5455410051658,-3.5));
#12110=CARTESIAN_POINT('Origin',(-11.3993377493885,-15.0058121624769,0.));
#12111=CARTESIAN_POINT('',(-10.416478333415,-15.1901687962941,3.5));
#12112=CARTESIAN_POINT('Origin',(-11.3993377493885,-15.0058121624769,3.5));
#12113=CARTESIAN_POINT('',(-10.416478333415,-15.1901687962941,-3.5));
#12114=CARTESIAN_POINT('',(-10.416478333415,-15.1901687962941,0.));
#12115=CARTESIAN_POINT('Origin',(-11.3993377493885,-15.0058121624769,-3.5));
#12116=CARTESIAN_POINT('Origin',(-11.5758985176993,-14.6794751437925,0.));
#12117=CARTESIAN_POINT('',(-11.4680143219443,-14.7836912668555,-3.5));
#12118=CARTESIAN_POINT('',(-11.6687800938541,-14.7972588982368,-3.5));
#12119=CARTESIAN_POINT('Origin',(-11.5758985176993,-14.6794751437925,-3.5));
#12120=CARTESIAN_POINT('',(-11.4680143219443,-14.7836912668555,3.5));
#12121=CARTESIAN_POINT('',(-11.4680143219443,-14.7836912668555,0.));
#12122=CARTESIAN_POINT('',(-11.6687800938541,-14.7972588982368,3.5));
#12123=CARTESIAN_POINT('Origin',(-11.5758985176993,-14.6794751437925,3.5));
#12124=CARTESIAN_POINT('',(-11.6687800938541,-14.7972588982368,0.));
#12125=CARTESIAN_POINT('Origin',(-10.7487863502439,-15.4784654206089,0.));
#12126=CARTESIAN_POINT('',(-11.2278401907751,-14.6006799013206,-3.5));
#12127=CARTESIAN_POINT('Origin',(-10.7487863502439,-15.4784654206089,-3.5));
#12128=CARTESIAN_POINT('',(-11.2278401907751,-14.6006799013206,3.5));
#12129=CARTESIAN_POINT('',(-11.2278401907751,-14.6006799013206,0.));
#12130=CARTESIAN_POINT('Origin',(-10.7487863502439,-15.4784654206089,3.5));
#12131=CARTESIAN_POINT('Origin',(-10.9619653092803,-15.0878508645256,0.));
#12132=CARTESIAN_POINT('Origin',(-10.9619653092803,-15.0878508645256,3.5));
#12133=CARTESIAN_POINT('Origin',(-10.9619653092803,-15.0878508645256,-3.5));
#12134=CARTESIAN_POINT('Origin',(0.,0.,0.));
#12135=CARTESIAN_POINT('',(-12.0478274896534,-14.4903123692943,3.5));
#12136=CARTESIAN_POINT('Origin',(0.,0.,3.5));
#12137=CARTESIAN_POINT('',(-12.0478274896534,-14.4903123692943,-3.5));
#12138=CARTESIAN_POINT('',(-12.0478274896534,-14.4903123692943,0.));
#12139=CARTESIAN_POINT('Origin',(0.,0.,-3.5));
#12140=CARTESIAN_POINT('Origin',(-11.9519287583825,-14.3749718588888,0.));
#12141=CARTESIAN_POINT('',(-12.0762978946663,-14.2911129420103,3.5));
#12142=CARTESIAN_POINT('Origin',(-11.9519287583825,-14.3749718588888,3.5));
#12143=CARTESIAN_POINT('',(-12.0762978946663,-14.2911129420103,-3.5));
#12144=CARTESIAN_POINT('',(-12.0762978946663,-14.2911129420103,0.));
#12145=CARTESIAN_POINT('Origin',(-11.9519287583825,-14.3749718588888,-3.5));
#12146=CARTESIAN_POINT('Origin',(-12.9054254698917,-13.7320534961543,0.));
#12147=CARTESIAN_POINT('',(-11.9472207762634,-14.0181369894017,3.5));
#12148=CARTESIAN_POINT('Origin',(-12.9054254698917,-13.7320534961543,3.5));
#12149=CARTESIAN_POINT('',(-11.9472207762634,-14.0181369894017,-3.5));
#12150=CARTESIAN_POINT('',(-11.9472207762634,-14.0181369894017,0.));
#12151=CARTESIAN_POINT('Origin',(-12.9054254698917,-13.7320534961543,-3.5));
#12152=CARTESIAN_POINT('Origin',(-13.0469075127694,-13.3890485600185,0.));
#12153=CARTESIAN_POINT('',(-12.9505078691183,-13.5039707454482,-3.5));
#12154=CARTESIAN_POINT('',(-13.1515920287817,-13.4964783143107,-3.5));
#12155=CARTESIAN_POINT('Origin',(-13.0469075127694,-13.3890485600185,-3.5));
#12156=CARTESIAN_POINT('',(-12.9505078691183,-13.5039707454482,3.5));
#12157=CARTESIAN_POINT('',(-12.9505078691183,-13.5039707454482,0.));
#12158=CARTESIAN_POINT('',(-13.1515920287817,-13.4964783143107,3.5));
#12159=CARTESIAN_POINT('Origin',(-13.0469075127694,-13.3890485600185,3.5));
#12160=CARTESIAN_POINT('',(-13.1515920287817,-13.4964783143107,0.));
#12161=CARTESIAN_POINT('Origin',(-12.3078435781109,-14.2701186483129,0.));
#12162=CARTESIAN_POINT('',(-12.6925195401697,-13.3470669681703,-3.5));
#12163=CARTESIAN_POINT('Origin',(-12.3078435781109,-14.2701186483129,-3.5));
#12164=CARTESIAN_POINT('',(-12.6925195401697,-13.3470669681703,3.5));
#12165=CARTESIAN_POINT('',(-12.6925195401697,-13.3470669681703,0.));
#12166=CARTESIAN_POINT('Origin',(-12.3078435781109,-14.2701186483129,3.5));
#12167=CARTESIAN_POINT('Origin',(-12.4790243812271,-13.8593606506494,0.));
#12168=CARTESIAN_POINT('Origin',(-12.4790243812271,-13.8593606506494,3.5));
#12169=CARTESIAN_POINT('Origin',(-12.4790243812271,-13.8593606506494,-3.5));
#12170=CARTESIAN_POINT('Origin',(0.,0.,0.));
#12171=CARTESIAN_POINT('',(-13.4964783143107,-13.1515920287817,3.5));
#12172=CARTESIAN_POINT('Origin',(0.,0.,3.5));
#12173=CARTESIAN_POINT('',(-13.4964783143107,-13.1515920287817,-3.5));
#12174=CARTESIAN_POINT('',(-13.4964783143107,-13.1515920287817,0.));
#12175=CARTESIAN_POINT('Origin',(0.,0.,-3.5));
#12176=CARTESIAN_POINT('Origin',(-13.3890485600185,-13.0469075127694,0.));
#12177=CARTESIAN_POINT('',(-13.5039707454482,-12.9505078691183,3.5));
#12178=CARTESIAN_POINT('Origin',(-13.3890485600185,-13.0469075127694,3.5));
#12179=CARTESIAN_POINT('',(-13.5039707454482,-12.9505078691183,-3.5));
#12180=CARTESIAN_POINT('',(-13.5039707454482,-12.9505078691183,0.));
#12181=CARTESIAN_POINT('Origin',(-13.3890485600185,-13.0469075127694,-3.5));
#12182=CARTESIAN_POINT('Origin',(-14.2701186483129,-12.3078435781109,0.));
#12183=CARTESIAN_POINT('',(-13.3470669681703,-12.6925195401697,3.5));
#12184=CARTESIAN_POINT('Origin',(-14.2701186483129,-12.3078435781109,3.5));
#12185=CARTESIAN_POINT('',(-13.3470669681703,-12.6925195401697,-3.5));
#12186=CARTESIAN_POINT('',(-13.3470669681703,-12.6925195401697,0.));
#12187=CARTESIAN_POINT('Origin',(-14.2701186483129,-12.3078435781109,-3.5));
#12188=CARTESIAN_POINT('Origin',(-14.3749718588888,-11.9519287583825,0.));
#12189=CARTESIAN_POINT('',(-14.2911129420104,-12.0762978946663,-3.5));
#12190=CARTESIAN_POINT('',(-14.4903123692943,-12.0478274896534,-3.5));
#12191=CARTESIAN_POINT('Origin',(-14.3749718588888,-11.9519287583825,-3.5));
#12192=CARTESIAN_POINT('',(-14.2911129420104,-12.0762978946663,3.5));
#12193=CARTESIAN_POINT('',(-14.2911129420104,-12.0762978946663,0.));
#12194=CARTESIAN_POINT('',(-14.4903123692943,-12.0478274896534,3.5));
#12195=CARTESIAN_POINT('Origin',(-14.3749718588888,-11.9519287583825,3.5));
#12196=CARTESIAN_POINT('',(-14.4903123692943,-12.0478274896534,0.));
#12197=CARTESIAN_POINT('Origin',(-13.7320534961543,-12.9054254698917,0.));
#12198=CARTESIAN_POINT('',(-14.0181369894017,-11.9472207762634,-3.5));
#12199=CARTESIAN_POINT('Origin',(-13.7320534961543,-12.9054254698917,-3.5));
#12200=CARTESIAN_POINT('',(-14.0181369894017,-11.9472207762634,3.5));
#12201=CARTESIAN_POINT('',(-14.0181369894017,-11.9472207762634,0.));
#12202=CARTESIAN_POINT('Origin',(-13.7320534961543,-12.9054254698917,3.5));
#12203=CARTESIAN_POINT('Origin',(-13.8593606506494,-12.4790243812271,0.));
#12204=CARTESIAN_POINT('Origin',(-13.8593606506494,-12.4790243812271,3.5));
#12205=CARTESIAN_POINT('Origin',(-13.8593606506494,-12.4790243812271,-3.5));
#12206=CARTESIAN_POINT('Origin',(0.,0.,0.));
#12207=CARTESIAN_POINT('',(-14.7972588982368,-11.6687800938541,3.5));
#12208=CARTESIAN_POINT('Origin',(0.,0.,3.5));
#12209=CARTESIAN_POINT('',(-14.7972588982368,-11.6687800938541,-3.5));
#12210=CARTESIAN_POINT('',(-14.7972588982368,-11.6687800938541,0.));
#12211=CARTESIAN_POINT('Origin',(0.,0.,-3.5));
#12212=CARTESIAN_POINT('Origin',(-14.6794751437925,-11.5758985176993,0.));
#12213=CARTESIAN_POINT('',(-14.7836912668555,-11.4680143219442,3.5));
#12214=CARTESIAN_POINT('Origin',(-14.6794751437925,-11.5758985176993,3.5));
#12215=CARTESIAN_POINT('',(-14.7836912668555,-11.4680143219442,-3.5));
#12216=CARTESIAN_POINT('',(-14.7836912668555,-11.4680143219442,0.));
#12217=CARTESIAN_POINT('Origin',(-14.6794751437925,-11.5758985176993,-3.5));
#12218=CARTESIAN_POINT('Origin',(-15.4784654206089,-10.7487863502439,0.));
#12219=CARTESIAN_POINT('',(-14.6006799013206,-11.2278401907751,3.5));
#12220=CARTESIAN_POINT('Origin',(-15.4784654206089,-10.7487863502439,3.5));
#12221=CARTESIAN_POINT('',(-14.6006799013206,-11.2278401907751,-3.5));
#12222=CARTESIAN_POINT('',(-14.6006799013206,-11.2278401907751,0.));
#12223=CARTESIAN_POINT('Origin',(-15.4784654206089,-10.7487863502439,-3.5));
#12224=CARTESIAN_POINT('Origin',(-15.5455410051658,-10.3838611241677,0.));
#12225=CARTESIAN_POINT('',(-15.4751415909021,-10.5163145970226,-3.5));
#12226=CARTESIAN_POINT('',(-15.6702738151962,-10.4671781458495,-3.5));
#12227=CARTESIAN_POINT('Origin',(-15.5455410051658,-10.3838611241677,-3.5));
#12228=CARTESIAN_POINT('',(-15.4751415909021,-10.5163145970226,3.5));
#12229=CARTESIAN_POINT('',(-15.4751415909021,-10.5163145970226,0.));
#12230=CARTESIAN_POINT('',(-15.6702738151962,-10.4671781458495,3.5));
#12231=CARTESIAN_POINT('Origin',(-15.5455410051658,-10.3838611241677,3.5));
#12232=CARTESIAN_POINT('',(-15.6702738151962,-10.4671781458495,0.));
#12233=CARTESIAN_POINT('Origin',(-15.0058121624769,-11.3993377493885,0.));
#12234=CARTESIAN_POINT('',(-15.1901687962941,-10.416478333415,-3.5));
#12235=CARTESIAN_POINT('Origin',(-15.0058121624769,-11.3993377493885,-3.5));
#12236=CARTESIAN_POINT('',(-15.1901687962941,-10.416478333415,3.5));
#12237=CARTESIAN_POINT('',(-15.1901687962941,-10.416478333415,0.));
#12238=CARTESIAN_POINT('Origin',(-15.0058121624769,-11.3993377493885,3.5));
#12239=CARTESIAN_POINT('Origin',(-15.0878508645256,-10.9619653092803,0.));
#12240=CARTESIAN_POINT('Origin',(-15.0878508645256,-10.9619653092803,3.5));
#12241=CARTESIAN_POINT('Origin',(-15.0878508645256,-10.9619653092803,-3.5));
#12242=CARTESIAN_POINT('Origin',(0.,0.,0.));
#12243=CARTESIAN_POINT('',(-15.9359176171482,-10.0581225623691,3.5));
#12244=CARTESIAN_POINT('Origin',(0.,0.,3.5));
#12245=CARTESIAN_POINT('',(-15.9359176171482,-10.0581225623691,-3.5));
#12246=CARTESIAN_POINT('',(-15.9359176171482,-10.0581225623691,0.));
#12247=CARTESIAN_POINT('Origin',(0.,0.,-3.5));
#12248=CARTESIAN_POINT('Origin',(-15.8090703260134,-9.97806155605675,0.));
#12249=CARTESIAN_POINT('',(-15.9014385730568,-9.85987481002266,3.5));
#12250=CARTESIAN_POINT('Origin',(-15.8090703260134,-9.97806155605675,3.5));
#12251=CARTESIAN_POINT('',(-15.9014385730568,-9.85987481002266,-3.5));
#12252=CARTESIAN_POINT('',(-15.9014385730568,-9.85987481002266,0.));
#12253=CARTESIAN_POINT('Origin',(-15.8090703260134,-9.97806155605675,-3.5));
#12254=CARTESIAN_POINT('Origin',(-16.5172268866795,-9.07196316979539,0.));
#12255=CARTESIAN_POINT('',(-15.6943247300833,-9.64014627467382,3.5));
#12256=CARTESIAN_POINT('Origin',(-16.5172268866795,-9.07196316979539,3.5));
#12257=CARTESIAN_POINT('',(-15.6943247300833,-9.64014627467382,-3.5));
#12258=CARTESIAN_POINT('',(-15.6943247300833,-9.64014627467382,0.));
#12259=CARTESIAN_POINT('Origin',(-16.5172268866795,-9.07196316979539,-3.5));
#12260=CARTESIAN_POINT('Origin',(-16.5457899510767,-8.70202573451392,0.));
#12261=CARTESIAN_POINT('',(-16.4896213501423,-8.8411123559736,-3.5));
#12262=CARTESIAN_POINT('',(-16.6785484619632,-8.77184820788181,-3.5));
#12263=CARTESIAN_POINT('Origin',(-16.5457899510767,-8.70202573451392,-3.5));
#12264=CARTESIAN_POINT('',(-16.4896213501423,-8.8411123559736,3.5));
#12265=CARTESIAN_POINT('',(-16.4896213501423,-8.8411123559736,0.));
#12266=CARTESIAN_POINT('',(-16.6785484619632,-8.77184820788181,3.5));
#12267=CARTESIAN_POINT('Origin',(-16.5457899510767,-8.70202573451392,3.5));
#12268=CARTESIAN_POINT('',(-16.6785484619632,-8.77184820788181,0.));
#12269=CARTESIAN_POINT('Origin',(-16.1151640105794,-9.76835649903814,0.));
#12270=CARTESIAN_POINT('',(-16.1957739351071,-8.77161077415759,-3.5));
#12271=CARTESIAN_POINT('Origin',(-16.1151640105794,-9.76835649903814,-3.5));
#12272=CARTESIAN_POINT('',(-16.1957739351071,-8.77161077415759,3.5));
#12273=CARTESIAN_POINT('',(-16.1957739351071,-8.77161077415759,0.));
#12274=CARTESIAN_POINT('Origin',(-16.1151640105794,-9.76835649903814,3.5));
#12275=CARTESIAN_POINT('Origin',(-16.1510354269942,-9.32480465146629,0.));
#12276=CARTESIAN_POINT('Origin',(-16.1510354269942,-9.32480465146629,3.5));
#12277=CARTESIAN_POINT('Origin',(-16.1510354269942,-9.32480465146629,-3.5));
#12278=CARTESIAN_POINT('Origin',(0.,0.,0.));
#12279=CARTESIAN_POINT('',(-16.8999790878411,-8.33726613529326,3.5));
#12280=CARTESIAN_POINT('Origin',(0.,0.,3.5));
#12281=CARTESIAN_POINT('',(-16.8999790878411,-8.33726613529326,-3.5));
#12282=CARTESIAN_POINT('',(-16.8999790878411,-8.33726613529326,0.));
#12283=CARTESIAN_POINT('Origin',(0.,0.,-3.5));
#12284=CARTESIAN_POINT('Origin',(-16.7654580254818,-8.27090286396243,0.));
#12285=CARTESIAN_POINT('',(-16.8449663906617,-8.14370844637102,3.5));
#12286=CARTESIAN_POINT('Origin',(-16.7654580254818,-8.27090286396243,3.5));
#12287=CARTESIAN_POINT('',(-16.8449663906617,-8.14370844637102,-3.5));
#12288=CARTESIAN_POINT('',(-16.8449663906617,-8.14370844637102,0.));
#12289=CARTESIAN_POINT('Origin',(-16.7654580254818,-8.27090286396243,-3.5));
#12290=CARTESIAN_POINT('Origin',(-17.3750221585278,-7.2957456624283,0.));
#12291=CARTESIAN_POINT('',(-16.6160192528547,-7.94683289865687,3.5));
#12292=CARTESIAN_POINT('Origin',(-17.3750221585278,-7.2957456624283,3.5));
#12293=CARTESIAN_POINT('',(-16.6160192528547,-7.94683289865687,-3.5));
#12294=CARTESIAN_POINT('',(-16.6160192528547,-7.94683289865687,0.));
#12295=CARTESIAN_POINT('Origin',(-17.3750221585278,-7.2957456624283,-3.5));
#12296=CARTESIAN_POINT('Origin',(-17.3647597598545,-6.92484912989685,0.));
#12297=CARTESIAN_POINT('',(-17.3234373671952,-7.06904503783087,-3.5));
#12298=CARTESIAN_POINT('',(-17.5040894415702,-6.98041206532132,-3.5));
#12299=CARTESIAN_POINT('Origin',(-17.3647597598545,-6.92484912989685,-3.5));
#12300=CARTESIAN_POINT('',(-17.3234373671952,-7.06904503783087,3.5));
#12301=CARTESIAN_POINT('',(-17.3234373671952,-7.06904503783087,0.));
#12302=CARTESIAN_POINT('',(-17.5040894415702,-6.98041206532132,3.5));
#12303=CARTESIAN_POINT('Origin',(-17.3647597598545,-6.92484912989685,3.5));
#12304=CARTESIAN_POINT('',(-17.5040894415702,-6.98041206532132,0.));
#12305=CARTESIAN_POINT('Origin',(-17.0479547494671,-8.03035109072434,0.));
#12306=CARTESIAN_POINT('',(-17.0239347855035,-7.03063961168092,-3.5));
#12307=CARTESIAN_POINT('Origin',(-17.0479547494671,-8.03035109072434,-3.5));
#12308=CARTESIAN_POINT('',(-17.0239347855035,-7.03063961168092,3.5));
#12309=CARTESIAN_POINT('',(-17.0239347855035,-7.03063961168092,0.));
#12310=CARTESIAN_POINT('Origin',(-17.0479547494671,-8.03035109072434,3.5));
#12311=CARTESIAN_POINT('Origin',(-17.0372658655033,-7.58547948255001,0.));
#12312=CARTESIAN_POINT('Origin',(-17.0372658655033,-7.58547948255001,3.5));
#12313=CARTESIAN_POINT('Origin',(-17.0372658655033,-7.58547948255001,-3.5));
#12314=CARTESIAN_POINT('Origin',(0.,0.,0.));
#12315=CARTESIAN_POINT('',(-17.6788808510995,-6.52506487575406,3.5));
#12316=CARTESIAN_POINT('Origin',(0.,0.,3.5));
#12317=CARTESIAN_POINT('',(-17.6788808510995,-6.52506487575406,-3.5));
#12318=CARTESIAN_POINT('',(-17.6788808510995,-6.52506487575406,0.));
#12319=CARTESIAN_POINT('Origin',(0.,0.,-3.5));
#12320=CARTESIAN_POINT('Origin',(-17.5381598584254,-6.47312642929284,0.));
#12321=CARTESIAN_POINT('',(-17.6039372314547,-6.33831790880039,3.5));
#12322=CARTESIAN_POINT('Origin',(-17.5381598584254,-6.47312642929284,3.5));
#12323=CARTESIAN_POINT('',(-17.6039372314547,-6.33831790880039,-3.5));
#12324=CARTESIAN_POINT('',(-17.6039372314547,-6.33831790880039,0.));
#12325=CARTESIAN_POINT('Origin',(-17.5381598584254,-6.47312642929284,-3.5));
#12326=CARTESIAN_POINT('Origin',(-18.0424530516501,-5.43959443885072,0.));
#12327=CARTESIAN_POINT('',(-17.3556651915662,-6.16645235842053,3.5));
#12328=CARTESIAN_POINT('Origin',(-18.0424530516501,-5.43959443885072,3.5));
#12329=CARTESIAN_POINT('',(-17.3556651915662,-6.16645235842053,-3.5));
#12330=CARTESIAN_POINT('',(-17.3556651915662,-6.16645235842053,0.));
#12331=CARTESIAN_POINT('Origin',(-18.0424530516501,-5.43959443885072,-3.5));
#12332=CARTESIAN_POINT('Origin',(-17.9934776268936,-5.07180242909478,0.));
#12333=CARTESIAN_POINT('',(-17.9674541792909,-5.21952778296088,-3.5));
#12334=CARTESIAN_POINT('',(-18.1378519542892,-5.11249706742802,-3.5));
#12335=CARTESIAN_POINT('Origin',(-17.9934776268936,-5.07180242909478,-3.5));
#12336=CARTESIAN_POINT('',(-17.9674541792909,-5.21952778296088,3.5));
#12337=CARTESIAN_POINT('',(-17.9674541792909,-5.21952778296088,0.));
#12338=CARTESIAN_POINT('',(-18.1378519542892,-5.11249706742802,3.5));
#12339=CARTESIAN_POINT('Origin',(-17.9934776268936,-5.07180242909478,3.5));
#12340=CARTESIAN_POINT('',(-18.1378519542892,-5.11249706742802,0.));
#12341=CARTESIAN_POINT('Origin',(-17.7939645286057,-6.20436347540157,0.));
#12342=CARTESIAN_POINT('',(-17.6655778439025,-5.21263929036274,-3.5));
#12343=CARTESIAN_POINT('Origin',(-17.7939645286057,-6.20436347540157,-3.5));
#12344=CARTESIAN_POINT('',(-17.6655778439025,-5.21263929036274,3.5));
#12345=CARTESIAN_POINT('',(-17.6655778439025,-5.21263929036274,0.));
#12346=CARTESIAN_POINT('Origin',(-17.7939645286057,-6.20436347540157,3.5));
#12347=CARTESIAN_POINT('Origin',(-17.7368324539128,-5.76304621305929,0.));
#12348=CARTESIAN_POINT('Origin',(-17.7368324539128,-5.76304621305929,3.5));
#12349=CARTESIAN_POINT('Origin',(-17.7368324539128,-5.76304621305929,-3.5));
#12350=CARTESIAN_POINT('Origin',(0.,0.,0.));
#12351=CARTESIAN_POINT('',(-18.2640890962097,-4.64137363997849,3.5));
#12352=CARTESIAN_POINT('Origin',(0.,0.,3.5));
#12353=CARTESIAN_POINT('',(-18.2640890962097,-4.64137363997849,-3.5));
#12354=CARTESIAN_POINT('',(-18.2640890962097,-4.64137363997849,0.));
#12355=CARTESIAN_POINT('Origin',(0.,0.,-3.5));
#12356=CARTESIAN_POINT('Origin',(-18.1187099418642,-4.60442906687512,0.));
#12357=CARTESIAN_POINT('',(-18.1700356520792,-4.46348343384264,3.5));
#12358=CARTESIAN_POINT('Origin',(-18.1187099418642,-4.60442906687512,3.5));
#12359=CARTESIAN_POINT('',(-18.1700356520792,-4.46348343384264,-3.5));
#12360=CARTESIAN_POINT('',(-18.1700356520792,-4.46348343384264,0.));
#12361=CARTESIAN_POINT('Origin',(-18.1187099418642,-4.60442906687512,-3.5));
#12362=CARTESIAN_POINT('Origin',(-18.5122070535125,-3.52384588029276,0.));
#12363=CARTESIAN_POINT('',(-17.9051588305325,-4.31851087573223,3.5));
#12364=CARTESIAN_POINT('Origin',(-18.5122070535125,-3.52384588029276,3.5));
#12365=CARTESIAN_POINT('',(-17.9051588305325,-4.31851087573223,-3.5));
#12366=CARTESIAN_POINT('',(-17.9051588305325,-4.31851087573223,0.));
#12367=CARTESIAN_POINT('Origin',(-18.5122070535125,-3.52384588029276,-3.5));
#12368=CARTESIAN_POINT('Origin',(-18.4250551876753,-3.16318799953665,0.));
#12369=CARTESIAN_POINT('',(-18.4146158034667,-3.31282428944436,-3.5));
#12370=CARTESIAN_POINT('',(-18.5728923654075,-3.1885684818052,-3.5));
#12371=CARTESIAN_POINT('Origin',(-18.4250551876753,-3.16318799953665,-3.5));
#12372=CARTESIAN_POINT('',(-18.4146158034667,-3.31282428944436,3.5));
#12373=CARTESIAN_POINT('',(-18.4146158034667,-3.31282428944436,0.));
#12374=CARTESIAN_POINT('',(-18.5728923654075,-3.1885684818052,3.5));
#12375=CARTESIAN_POINT('Origin',(-18.4250551876753,-3.16318799953665,3.5));
#12376=CARTESIAN_POINT('',(-18.5728923654075,-3.1885684818052,0.));
#12377=CARTESIAN_POINT('Origin',(-18.3450199087424,-4.31039955549577,0.));
#12378=CARTESIAN_POINT('',(-18.1136731346839,-3.33752820216444,-3.5));
#12379=CARTESIAN_POINT('Origin',(-18.3450199087424,-4.31039955549577,-3.5));
#12380=CARTESIAN_POINT('',(-18.1136731346839,-3.33752820216444,3.5));
#12381=CARTESIAN_POINT('',(-18.1136731346839,-3.33752820216444,0.));
#12382=CARTESIAN_POINT('Origin',(-18.3450199087424,-4.31039955549577,3.5));
#12383=CARTESIAN_POINT('Origin',(-18.2420705942864,-3.87747180326333,0.));
#12384=CARTESIAN_POINT('Origin',(-18.2420705942864,-3.87747180326333,3.5));
#12385=CARTESIAN_POINT('Origin',(-18.2420705942864,-3.87747180326333,-3.5));
#12386=CARTESIAN_POINT('Origin',(0.,0.,0.));
#12387=CARTESIAN_POINT('',(-18.6491921591754,-2.70683054333345,3.5));
#12388=CARTESIAN_POINT('Origin',(0.,0.,3.5));
#12389=CARTESIAN_POINT('',(-18.6491921591754,-2.70683054333345,-3.5));
#12390=CARTESIAN_POINT('',(-18.6491921591754,-2.70683054333345,0.));
#12391=CARTESIAN_POINT('Origin',(0.,0.,-3.5));
#12392=CARTESIAN_POINT('Origin',(-18.5007476475962,-2.68528461606199,0.));
#12393=CARTESIAN_POINT('',(-18.5370593597751,-2.53974610033975,3.5));
#12394=CARTESIAN_POINT('Origin',(-18.5007476475962,-2.68528461606199,3.5));
#12395=CARTESIAN_POINT('',(-18.5370593597751,-2.53974610033975,-3.5));
#12396=CARTESIAN_POINT('',(-18.5370593597751,-2.53974610033975,0.));
#12397=CARTESIAN_POINT('Origin',(-18.5007476475962,-2.68528461606199,-3.5));
#12398=CARTESIAN_POINT('Origin',(-18.7791374409682,-1.56948932885817,0.));
#12399=CARTESIAN_POINT('',(-18.2584798024561,-2.42325488418291,3.5));
#12400=CARTESIAN_POINT('Origin',(-18.7791374409682,-1.56948932885817,3.5));
#12401=CARTESIAN_POINT('',(-18.2584798024561,-2.42325488418291,-3.5));
#12402=CARTESIAN_POINT('',(-18.2584798024561,-2.42325488418291,0.));
#12403=CARTESIAN_POINT('Origin',(-18.7791374409682,-1.56948932885817,-3.5));
#12404=CARTESIAN_POINT('Origin',(-18.6547639881301,-1.21991702031596,0.));
#12405=CARTESIAN_POINT('',(-18.6600230433936,-1.36982479975964,-3.5));
#12406=CARTESIAN_POINT('',(-18.8044442811428,-1.22970527264487,-3.5));
#12407=CARTESIAN_POINT('Origin',(-18.6547639881301,-1.21991702031596,-3.5));
#12408=CARTESIAN_POINT('',(-18.6600230433936,-1.36982479975964,3.5));
#12409=CARTESIAN_POINT('',(-18.6600230433936,-1.36982479975964,0.));
#12410=CARTESIAN_POINT('',(-18.8044442811428,-1.22970527264487,3.5));
#12411=CARTESIAN_POINT('Origin',(-18.6547639881301,-1.21991702031596,3.5));
#12412=CARTESIAN_POINT('',(-18.8044442811428,-1.22970527264487,0.));
#12413=CARTESIAN_POINT('Origin',(-18.6950834118168,-2.36920999605086,0.));
#12414=CARTESIAN_POINT('',(-18.3633112320719,-1.42585045656056,-3.5));
#12415=CARTESIAN_POINT('Origin',(-18.6950834118168,-2.36920999605086,-3.5));
#12416=CARTESIAN_POINT('',(-18.3633112320719,-1.42585045656056,3.5));
#12417=CARTESIAN_POINT('',(-18.3633112320719,-1.42585045656056,0.));
#12418=CARTESIAN_POINT('Origin',(-18.6950834118168,-2.36920999605086,3.5));
#12419=CARTESIAN_POINT('Origin',(-18.5474447918303,-1.94941500097767,0.));
#12420=CARTESIAN_POINT('Origin',(-18.5474447918303,-1.94941500097767,3.5));
#12421=CARTESIAN_POINT('Origin',(-18.5474447918303,-1.94941500097767,-3.5));
#12422=CARTESIAN_POINT('Origin',(0.,0.,0.));
#12423=CARTESIAN_POINT('',(-18.8299707702509,-0.742630844814935,3.5));
#12424=CARTESIAN_POINT('Origin',(0.,0.,3.5));
#12425=CARTESIAN_POINT('',(-18.8299707702509,-0.742630844814935,-3.5));
#12426=CARTESIAN_POINT('',(-18.8299707702509,-0.742630844814935,0.));
#12427=CARTESIAN_POINT('Origin',(0.,0.,-3.5));
#12428=CARTESIAN_POINT('Origin',(-18.6800872905707,-0.736719625063358,0.));
#12429=CARTESIAN_POINT('',(-18.7009871659963,-0.588182777085508,3.5));
#12430=CARTESIAN_POINT('Origin',(-18.6800872905707,-0.736719625063358,3.5));
#12431=CARTESIAN_POINT('',(-18.7009871659963,-0.588182777085508,-3.5));
#12432=CARTESIAN_POINT('',(-18.7009871659963,-0.588182777085508,0.));
#12433=CARTESIAN_POINT('Origin',(-18.6800872905707,-0.736719625063358,-3.5));
#12434=CARTESIAN_POINT('Origin',(-18.8403196688335,0.402062876100157,0.));
#12435=CARTESIAN_POINT('',(-18.4117570488314,-0.501449205023789,3.5));
#12436=CARTESIAN_POINT('Origin',(-18.8403196688335,0.402062876100157,3.5));
#12437=CARTESIAN_POINT('',(-18.4117570488314,-0.501449205023789,-3.5));
#12438=CARTESIAN_POINT('',(-18.4117570488314,-0.501449205023789,0.));
#12439=CARTESIAN_POINT('Origin',(-18.8403196688335,0.402062876100157,-3.5));
#12440=CARTESIAN_POINT('Origin',(-18.6800872905707,0.73671962506336,0.));
#12441=CARTESIAN_POINT('',(-18.7009871659963,0.58818277708551,-3.5));
#12442=CARTESIAN_POINT('',(-18.8299707702509,0.742630844814936,-3.5));
#12443=CARTESIAN_POINT('Origin',(-18.6800872905707,0.73671962506336,-3.5));
#12444=CARTESIAN_POINT('',(-18.7009871659963,0.58818277708551,3.5));
#12445=CARTESIAN_POINT('',(-18.7009871659963,0.58818277708551,0.));
#12446=CARTESIAN_POINT('',(-18.8299707702509,0.742630844814936,3.5));
#12447=CARTESIAN_POINT('Origin',(-18.6800872905707,0.73671962506336,3.5));
#12448=CARTESIAN_POINT('',(-18.8299707702509,0.742630844814936,0.));
#12449=CARTESIAN_POINT('Origin',(-18.8403196688335,-0.402062876100155,0.));
#12450=CARTESIAN_POINT('',(-18.4117570488314,0.501449205023786,-3.5));
#12451=CARTESIAN_POINT('Origin',(-18.8403196688335,-0.402062876100155,-3.5));
#12452=CARTESIAN_POINT('',(-18.4117570488314,0.501449205023786,3.5));
#12453=CARTESIAN_POINT('',(-18.4117570488314,0.501449205023786,0.));
#12454=CARTESIAN_POINT('Origin',(-18.8403196688335,-0.402062876100155,3.5));
#12455=CARTESIAN_POINT('Origin',(-18.6496093029326,1.14195921690926E-15,
0.));
#12456=CARTESIAN_POINT('Origin',(-18.6496093029326,1.14195921690926E-15,
3.5));
#12457=CARTESIAN_POINT('Origin',(-18.6496093029326,1.14195921690926E-15,
-3.5));
#12458=CARTESIAN_POINT('Origin',(0.,0.,0.));
#12459=CARTESIAN_POINT('',(-18.8044442811428,1.22970527264487,3.5));
#12460=CARTESIAN_POINT('Origin',(0.,0.,3.5));
#12461=CARTESIAN_POINT('',(-18.8044442811428,1.22970527264487,-3.5));
#12462=CARTESIAN_POINT('',(-18.8044442811428,1.22970527264487,0.));
#12463=CARTESIAN_POINT('Origin',(0.,0.,-3.5));
#12464=CARTESIAN_POINT('Origin',(-18.6547639881301,1.21991702031597,0.));
#12465=CARTESIAN_POINT('',(-18.6600230433936,1.36982479975965,3.5));
#12466=CARTESIAN_POINT('Origin',(-18.6547639881301,1.21991702031597,3.5));
#12467=CARTESIAN_POINT('',(-18.6600230433936,1.36982479975965,-3.5));
#12468=CARTESIAN_POINT('',(-18.6600230433936,1.36982479975965,0.));
#12469=CARTESIAN_POINT('Origin',(-18.6547639881301,1.21991702031597,-3.5));
#12470=CARTESIAN_POINT('Origin',(-18.6950834118168,2.36920999605087,0.));
#12471=CARTESIAN_POINT('',(-18.3633112320719,1.42585045656056,3.5));
#12472=CARTESIAN_POINT('Origin',(-18.6950834118168,2.36920999605087,3.5));
#12473=CARTESIAN_POINT('',(-18.3633112320719,1.42585045656056,-3.5));
#12474=CARTESIAN_POINT('',(-18.3633112320719,1.42585045656056,0.));
#12475=CARTESIAN_POINT('Origin',(-18.6950834118168,2.36920999605087,-3.5));
#12476=CARTESIAN_POINT('Origin',(-18.5007476475962,2.685284616062,0.));
#12477=CARTESIAN_POINT('',(-18.5370593597751,2.53974610033976,-3.5));
#12478=CARTESIAN_POINT('',(-18.6491921591754,2.70683054333345,-3.5));
#12479=CARTESIAN_POINT('Origin',(-18.5007476475962,2.685284616062,-3.5));
#12480=CARTESIAN_POINT('',(-18.5370593597751,2.53974610033976,3.5));
#12481=CARTESIAN_POINT('',(-18.5370593597751,2.53974610033976,0.));
#12482=CARTESIAN_POINT('',(-18.6491921591754,2.70683054333345,3.5));
#12483=CARTESIAN_POINT('Origin',(-18.5007476475962,2.685284616062,3.5));
#12484=CARTESIAN_POINT('',(-18.6491921591754,2.70683054333345,0.));
#12485=CARTESIAN_POINT('Origin',(-18.7791374409682,1.56948932885817,0.));
#12486=CARTESIAN_POINT('',(-18.2584798024561,2.42325488418291,-3.5));
#12487=CARTESIAN_POINT('Origin',(-18.7791374409682,1.56948932885817,-3.5));
#12488=CARTESIAN_POINT('',(-18.2584798024561,2.42325488418291,3.5));
#12489=CARTESIAN_POINT('',(-18.2584798024561,2.42325488418291,0.));
#12490=CARTESIAN_POINT('Origin',(-18.7791374409682,1.56948932885817,3.5));
#12491=CARTESIAN_POINT('Origin',(-18.5474447918303,1.94941500097768,0.));
#12492=CARTESIAN_POINT('Origin',(-18.5474447918303,1.94941500097768,3.5));
#12493=CARTESIAN_POINT('Origin',(-18.5474447918303,1.94941500097768,-3.5));
#12494=CARTESIAN_POINT('Origin',(0.,0.,0.));
#12495=CARTESIAN_POINT('',(-18.5728923654075,3.1885684818052,3.5));
#12496=CARTESIAN_POINT('Origin',(0.,0.,3.5));
#12497=CARTESIAN_POINT('',(-18.5728923654075,3.1885684818052,-3.5));
#12498=CARTESIAN_POINT('',(-18.5728923654075,3.1885684818052,0.));
#12499=CARTESIAN_POINT('Origin',(0.,0.,-3.5));
#12500=CARTESIAN_POINT('Origin',(-18.4250551876753,3.16318799953666,0.));
#12501=CARTESIAN_POINT('',(-18.4146158034667,3.31282428944437,3.5));
#12502=CARTESIAN_POINT('Origin',(-18.4250551876753,3.16318799953666,3.5));
#12503=CARTESIAN_POINT('',(-18.4146158034667,3.31282428944437,-3.5));
#12504=CARTESIAN_POINT('',(-18.4146158034667,3.31282428944437,0.));
#12505=CARTESIAN_POINT('Origin',(-18.4250551876753,3.16318799953666,-3.5));
#12506=CARTESIAN_POINT('Origin',(-18.3450199087424,4.31039955549577,0.));
#12507=CARTESIAN_POINT('',(-18.1136731346839,3.33752820216445,3.5));
#12508=CARTESIAN_POINT('Origin',(-18.3450199087424,4.31039955549577,3.5));
#12509=CARTESIAN_POINT('',(-18.1136731346839,3.33752820216445,-3.5));
#12510=CARTESIAN_POINT('',(-18.1136731346839,3.33752820216445,0.));
#12511=CARTESIAN_POINT('Origin',(-18.3450199087424,4.31039955549577,-3.5));
#12512=CARTESIAN_POINT('Origin',(-18.1187099418642,4.60442906687512,0.));
#12513=CARTESIAN_POINT('',(-18.1700356520792,4.46348343384264,-3.5));
#12514=CARTESIAN_POINT('',(-18.2640890962097,4.6413736399785,-3.5));
#12515=CARTESIAN_POINT('Origin',(-18.1187099418642,4.60442906687512,-3.5));
#12516=CARTESIAN_POINT('',(-18.1700356520792,4.46348343384264,3.5));
#12517=CARTESIAN_POINT('',(-18.1700356520792,4.46348343384264,0.));
#12518=CARTESIAN_POINT('',(-18.2640890962097,4.6413736399785,3.5));
#12519=CARTESIAN_POINT('Origin',(-18.1187099418642,4.60442906687512,3.5));
#12520=CARTESIAN_POINT('',(-18.2640890962097,4.6413736399785,0.));
#12521=CARTESIAN_POINT('Origin',(-18.5122070535125,3.52384588029277,0.));
#12522=CARTESIAN_POINT('',(-17.9051588305325,4.31851087573223,-3.5));
#12523=CARTESIAN_POINT('Origin',(-18.5122070535125,3.52384588029277,-3.5));
#12524=CARTESIAN_POINT('',(-17.9051588305325,4.31851087573223,3.5));
#12525=CARTESIAN_POINT('',(-17.9051588305325,4.31851087573223,0.));
#12526=CARTESIAN_POINT('Origin',(-18.5122070535125,3.52384588029277,3.5));
#12527=CARTESIAN_POINT('Origin',(-18.2420705942864,3.87747180326333,0.));
#12528=CARTESIAN_POINT('Origin',(-18.2420705942864,3.87747180326333,3.5));
#12529=CARTESIAN_POINT('Origin',(-18.2420705942864,3.87747180326333,-3.5));
#12530=CARTESIAN_POINT('Origin',(0.,0.,0.));
#12531=CARTESIAN_POINT('',(-18.1378519542892,5.11249706742803,3.5));
#12532=CARTESIAN_POINT('Origin',(0.,0.,3.5));
#12533=CARTESIAN_POINT('',(-18.1378519542892,5.11249706742803,-3.5));
#12534=CARTESIAN_POINT('',(-18.1378519542892,5.11249706742803,0.));
#12535=CARTESIAN_POINT('Origin',(0.,0.,-3.5));
#12536=CARTESIAN_POINT('Origin',(-17.9934776268936,5.07180242909478,0.));
#12537=CARTESIAN_POINT('',(-17.9674541792909,5.21952778296088,3.5));
#12538=CARTESIAN_POINT('Origin',(-17.9934776268936,5.07180242909478,3.5));
#12539=CARTESIAN_POINT('',(-17.9674541792909,5.21952778296088,-3.5));
#12540=CARTESIAN_POINT('',(-17.9674541792909,5.21952778296088,0.));
#12541=CARTESIAN_POINT('Origin',(-17.9934776268936,5.07180242909478,-3.5));
#12542=CARTESIAN_POINT('Origin',(-17.7939645286057,6.20436347540157,0.));
#12543=CARTESIAN_POINT('',(-17.6655778439025,5.21263929036274,3.5));
#12544=CARTESIAN_POINT('Origin',(-17.7939645286057,6.20436347540157,3.5));
#12545=CARTESIAN_POINT('',(-17.6655778439025,5.21263929036274,-3.5));
#12546=CARTESIAN_POINT('',(-17.6655778439025,5.21263929036274,0.));
#12547=CARTESIAN_POINT('Origin',(-17.7939645286057,6.20436347540157,-3.5));
#12548=CARTESIAN_POINT('Origin',(-17.5381598584254,6.47312642929284,0.));
#12549=CARTESIAN_POINT('',(-17.6039372314547,6.33831790880039,-3.5));
#12550=CARTESIAN_POINT('',(-17.6788808510995,6.52506487575407,-3.5));
#12551=CARTESIAN_POINT('Origin',(-17.5381598584254,6.47312642929284,-3.5));
#12552=CARTESIAN_POINT('',(-17.6039372314547,6.33831790880039,3.5));
#12553=CARTESIAN_POINT('',(-17.6039372314547,6.33831790880039,0.));
#12554=CARTESIAN_POINT('',(-17.6788808510995,6.52506487575407,3.5));
#12555=CARTESIAN_POINT('Origin',(-17.5381598584254,6.47312642929284,3.5));
#12556=CARTESIAN_POINT('',(-17.6788808510995,6.52506487575407,0.));
#12557=CARTESIAN_POINT('Origin',(-18.0424530516501,5.43959443885072,0.));
#12558=CARTESIAN_POINT('',(-17.3556651915662,6.16645235842053,-3.5));
#12559=CARTESIAN_POINT('Origin',(-18.0424530516501,5.43959443885072,-3.5));
#12560=CARTESIAN_POINT('',(-17.3556651915662,6.16645235842053,3.5));
#12561=CARTESIAN_POINT('',(-17.3556651915662,6.16645235842053,0.));
#12562=CARTESIAN_POINT('Origin',(-18.0424530516501,5.43959443885072,3.5));
#12563=CARTESIAN_POINT('Origin',(-17.7368324539128,5.76304621305929,0.));
#12564=CARTESIAN_POINT('Origin',(-17.7368324539128,5.76304621305929,3.5));
#12565=CARTESIAN_POINT('Origin',(-17.7368324539128,5.76304621305929,-3.5));
#12566=CARTESIAN_POINT('Origin',(0.,0.,0.));
#12567=CARTESIAN_POINT('',(-17.5040894415702,6.98041206532132,3.5));
#12568=CARTESIAN_POINT('Origin',(0.,0.,3.5));
#12569=CARTESIAN_POINT('',(-17.5040894415702,6.98041206532132,-3.5));
#12570=CARTESIAN_POINT('',(-17.5040894415702,6.98041206532132,0.));
#12571=CARTESIAN_POINT('Origin',(0.,0.,-3.5));
#12572=CARTESIAN_POINT('Origin',(-17.3647597598545,6.92484912989685,0.));
#12573=CARTESIAN_POINT('',(-17.3234373671952,7.06904503783087,3.5));
#12574=CARTESIAN_POINT('Origin',(-17.3647597598545,6.92484912989685,3.5));
#12575=CARTESIAN_POINT('',(-17.3234373671952,7.06904503783087,-3.5));
#12576=CARTESIAN_POINT('',(-17.3234373671952,7.06904503783087,0.));
#12577=CARTESIAN_POINT('Origin',(-17.3647597598545,6.92484912989685,-3.5));
#12578=CARTESIAN_POINT('Origin',(-17.047954749467,8.03035109072434,0.));
#12579=CARTESIAN_POINT('',(-17.0239347855035,7.03063961168092,3.5));
#12580=CARTESIAN_POINT('Origin',(-17.047954749467,8.03035109072434,3.5));
#12581=CARTESIAN_POINT('',(-17.0239347855035,7.03063961168092,-3.5));
#12582=CARTESIAN_POINT('',(-17.0239347855035,7.03063961168092,0.));
#12583=CARTESIAN_POINT('Origin',(-17.047954749467,8.03035109072434,-3.5));
#12584=CARTESIAN_POINT('Origin',(-16.7654580254818,8.27090286396243,0.));
#12585=CARTESIAN_POINT('',(-16.8449663906617,8.14370844637103,-3.5));
#12586=CARTESIAN_POINT('',(-16.8999790878411,8.33726613529326,-3.5));
#12587=CARTESIAN_POINT('Origin',(-16.7654580254818,8.27090286396243,-3.5));
#12588=CARTESIAN_POINT('',(-16.8449663906617,8.14370844637103,3.5));
#12589=CARTESIAN_POINT('',(-16.8449663906617,8.14370844637103,0.));
#12590=CARTESIAN_POINT('',(-16.8999790878411,8.33726613529326,3.5));
#12591=CARTESIAN_POINT('Origin',(-16.7654580254818,8.27090286396243,3.5));
#12592=CARTESIAN_POINT('',(-16.8999790878411,8.33726613529326,0.));
#12593=CARTESIAN_POINT('Origin',(-17.3750221585278,7.29574566242831,0.));
#12594=CARTESIAN_POINT('',(-16.6160192528547,7.94683289865687,-3.5));
#12595=CARTESIAN_POINT('Origin',(-17.3750221585278,7.29574566242831,-3.5));
#12596=CARTESIAN_POINT('',(-16.6160192528547,7.94683289865687,3.5));
#12597=CARTESIAN_POINT('',(-16.6160192528547,7.94683289865687,0.));
#12598=CARTESIAN_POINT('Origin',(-17.3750221585278,7.29574566242831,3.5));
#12599=CARTESIAN_POINT('Origin',(-17.0372658655033,7.58547948255002,0.));
#12600=CARTESIAN_POINT('Origin',(-17.0372658655033,7.58547948255002,3.5));
#12601=CARTESIAN_POINT('Origin',(-17.0372658655033,7.58547948255002,-3.5));
#12602=CARTESIAN_POINT('Origin',(0.,0.,0.));
#12603=CARTESIAN_POINT('',(-16.6785484619632,8.77184820788181,3.5));
#12604=CARTESIAN_POINT('Origin',(0.,0.,3.5));
#12605=CARTESIAN_POINT('',(-16.6785484619632,8.77184820788181,-3.5));
#12606=CARTESIAN_POINT('',(-16.6785484619632,8.77184820788182,0.));
#12607=CARTESIAN_POINT('Origin',(0.,0.,-3.5));
#12608=CARTESIAN_POINT('Origin',(-16.5457899510767,8.70202573451393,0.));
#12609=CARTESIAN_POINT('',(-16.4896213501423,8.84111235597361,3.5));
#12610=CARTESIAN_POINT('Origin',(-16.5457899510767,8.70202573451393,3.5));
#12611=CARTESIAN_POINT('',(-16.4896213501423,8.84111235597361,-3.5));
#12612=CARTESIAN_POINT('',(-16.4896213501423,8.84111235597361,0.));
#12613=CARTESIAN_POINT('Origin',(-16.5457899510767,8.70202573451393,-3.5));
#12614=CARTESIAN_POINT('Origin',(-16.1151640105794,9.76835649903814,0.));
#12615=CARTESIAN_POINT('',(-16.1957739351071,8.7716107741576,3.5));
#12616=CARTESIAN_POINT('Origin',(-16.1151640105794,9.76835649903814,3.5));
#12617=CARTESIAN_POINT('',(-16.1957739351071,8.7716107741576,-3.5));
#12618=CARTESIAN_POINT('',(-16.1957739351071,8.7716107741576,0.));
#12619=CARTESIAN_POINT('Origin',(-16.1151640105794,9.76835649903814,-3.5));
#12620=CARTESIAN_POINT('Origin',(-15.8090703260134,9.97806155605676,0.));
#12621=CARTESIAN_POINT('',(-15.9014385730568,9.85987481002267,-3.5));
#12622=CARTESIAN_POINT('',(-15.9359176171482,10.0581225623691,-3.5));
#12623=CARTESIAN_POINT('Origin',(-15.8090703260134,9.97806155605676,-3.5));
#12624=CARTESIAN_POINT('',(-15.9014385730568,9.85987481002267,3.5));
#12625=CARTESIAN_POINT('',(-15.9014385730568,9.85987481002267,0.));
#12626=CARTESIAN_POINT('',(-15.9359176171482,10.0581225623691,3.5));
#12627=CARTESIAN_POINT('Origin',(-15.8090703260134,9.97806155605676,3.5));
#12628=CARTESIAN_POINT('',(-15.9359176171482,10.0581225623691,0.));
#12629=CARTESIAN_POINT('Origin',(-16.5172268866795,9.0719631697954,0.));
#12630=CARTESIAN_POINT('',(-15.6943247300833,9.64014627467382,-3.5));
#12631=CARTESIAN_POINT('Origin',(-16.5172268866795,9.0719631697954,-3.5));
#12632=CARTESIAN_POINT('',(-15.6943247300833,9.64014627467382,3.5));
#12633=CARTESIAN_POINT('',(-15.6943247300833,9.64014627467382,0.));
#12634=CARTESIAN_POINT('Origin',(-16.5172268866795,9.0719631697954,3.5));
#12635=CARTESIAN_POINT('Origin',(-16.1510354269942,9.3248046514663,0.));
#12636=CARTESIAN_POINT('Origin',(-16.1510354269942,9.3248046514663,3.5));
#12637=CARTESIAN_POINT('Origin',(-16.1510354269942,9.3248046514663,-3.5));
#12638=CARTESIAN_POINT('Origin',(0.,0.,0.));
#12639=CARTESIAN_POINT('',(-15.6702738151962,10.4671781458495,3.5));
#12640=CARTESIAN_POINT('Origin',(0.,0.,3.5));
#12641=CARTESIAN_POINT('',(-15.6702738151962,10.4671781458495,-3.5));
#12642=CARTESIAN_POINT('',(-15.6702738151962,10.4671781458495,0.));
#12643=CARTESIAN_POINT('Origin',(0.,0.,-3.5));
#12644=CARTESIAN_POINT('Origin',(-15.5455410051658,10.3838611241677,0.));
#12645=CARTESIAN_POINT('',(-15.4751415909021,10.5163145970226,3.5));
#12646=CARTESIAN_POINT('Origin',(-15.5455410051658,10.3838611241677,3.5));
#12647=CARTESIAN_POINT('',(-15.4751415909021,10.5163145970226,-3.5));
#12648=CARTESIAN_POINT('',(-15.4751415909021,10.5163145970226,0.));
#12649=CARTESIAN_POINT('Origin',(-15.5455410051658,10.3838611241677,-3.5));
#12650=CARTESIAN_POINT('Origin',(-15.0058121624769,11.3993377493885,0.));
#12651=CARTESIAN_POINT('',(-15.1901687962941,10.416478333415,3.5));
#12652=CARTESIAN_POINT('Origin',(-15.0058121624769,11.3993377493885,3.5));
#12653=CARTESIAN_POINT('',(-15.1901687962941,10.416478333415,-3.5));
#12654=CARTESIAN_POINT('',(-15.1901687962941,10.416478333415,0.));
#12655=CARTESIAN_POINT('Origin',(-15.0058121624769,11.3993377493885,-3.5));
#12656=CARTESIAN_POINT('Origin',(-14.6794751437925,11.5758985176993,0.));
#12657=CARTESIAN_POINT('',(-14.7836912668555,11.4680143219442,-3.5));
#12658=CARTESIAN_POINT('',(-14.7972588982368,11.6687800938541,-3.5));
#12659=CARTESIAN_POINT('Origin',(-14.6794751437925,11.5758985176993,-3.5));
#12660=CARTESIAN_POINT('',(-14.7836912668555,11.4680143219442,3.5));
#12661=CARTESIAN_POINT('',(-14.7836912668555,11.4680143219442,0.));
#12662=CARTESIAN_POINT('',(-14.7972588982368,11.6687800938541,3.5));
#12663=CARTESIAN_POINT('Origin',(-14.6794751437925,11.5758985176993,3.5));
#12664=CARTESIAN_POINT('',(-14.7972588982368,11.6687800938541,0.));
#12665=CARTESIAN_POINT('Origin',(-15.4784654206089,10.7487863502439,0.));
#12666=CARTESIAN_POINT('',(-14.6006799013206,11.2278401907751,-3.5));
#12667=CARTESIAN_POINT('Origin',(-15.4784654206089,10.7487863502439,-3.5));
#12668=CARTESIAN_POINT('',(-14.6006799013206,11.2278401907751,3.5));
#12669=CARTESIAN_POINT('',(-14.6006799013206,11.2278401907751,0.));
#12670=CARTESIAN_POINT('Origin',(-15.4784654206089,10.7487863502439,3.5));
#12671=CARTESIAN_POINT('Origin',(-15.0878508645256,10.9619653092803,0.));
#12672=CARTESIAN_POINT('Origin',(-15.0878508645256,10.9619653092803,3.5));
#12673=CARTESIAN_POINT('Origin',(-15.0878508645256,10.9619653092803,-3.5));
#12674=CARTESIAN_POINT('Origin',(0.,0.,0.));
#12675=CARTESIAN_POINT('',(-14.4903123692943,12.0478274896534,3.5));
#12676=CARTESIAN_POINT('Origin',(0.,0.,3.5));
#12677=CARTESIAN_POINT('',(-14.4903123692943,12.0478274896534,-3.5));
#12678=CARTESIAN_POINT('',(-14.4903123692943,12.0478274896534,0.));
#12679=CARTESIAN_POINT('Origin',(0.,0.,-3.5));
#12680=CARTESIAN_POINT('Origin',(-14.3749718588888,11.9519287583825,0.));
#12681=CARTESIAN_POINT('',(-14.2911129420104,12.0762978946663,3.5));
#12682=CARTESIAN_POINT('Origin',(-14.3749718588888,11.9519287583825,3.5));
#12683=CARTESIAN_POINT('',(-14.2911129420104,12.0762978946663,-3.5));
#12684=CARTESIAN_POINT('',(-14.2911129420104,12.0762978946663,0.));
#12685=CARTESIAN_POINT('Origin',(-14.3749718588888,11.9519287583825,-3.5));
#12686=CARTESIAN_POINT('Origin',(-13.7320534961543,12.9054254698917,0.));
#12687=CARTESIAN_POINT('',(-14.0181369894017,11.9472207762634,3.5));
#12688=CARTESIAN_POINT('Origin',(-13.7320534961543,12.9054254698917,3.5));
#12689=CARTESIAN_POINT('',(-14.0181369894017,11.9472207762634,-3.5));
#12690=CARTESIAN_POINT('',(-14.0181369894017,11.9472207762634,0.));
#12691=CARTESIAN_POINT('Origin',(-13.7320534961543,12.9054254698917,-3.5));
#12692=CARTESIAN_POINT('Origin',(-13.3890485600185,13.0469075127694,0.));
#12693=CARTESIAN_POINT('',(-13.5039707454482,12.9505078691183,-3.5));
#12694=CARTESIAN_POINT('',(-13.4964783143107,13.1515920287817,-3.5));
#12695=CARTESIAN_POINT('Origin',(-13.3890485600185,13.0469075127694,-3.5));
#12696=CARTESIAN_POINT('',(-13.5039707454482,12.9505078691183,3.5));
#12697=CARTESIAN_POINT('',(-13.5039707454482,12.9505078691183,0.));
#12698=CARTESIAN_POINT('',(-13.4964783143107,13.1515920287817,3.5));
#12699=CARTESIAN_POINT('Origin',(-13.3890485600185,13.0469075127694,3.5));
#12700=CARTESIAN_POINT('',(-13.4964783143107,13.1515920287817,0.));
#12701=CARTESIAN_POINT('Origin',(-14.2701186483129,12.3078435781109,0.));
#12702=CARTESIAN_POINT('',(-13.3470669681703,12.6925195401697,-3.5));
#12703=CARTESIAN_POINT('Origin',(-14.2701186483129,12.3078435781109,-3.5));
#12704=CARTESIAN_POINT('',(-13.3470669681703,12.6925195401697,3.5));
#12705=CARTESIAN_POINT('',(-13.3470669681703,12.6925195401697,0.));
#12706=CARTESIAN_POINT('Origin',(-14.2701186483129,12.3078435781109,3.5));
#12707=CARTESIAN_POINT('Origin',(-13.8593606506494,12.4790243812271,0.));
#12708=CARTESIAN_POINT('Origin',(-13.8593606506494,12.4790243812271,3.5));
#12709=CARTESIAN_POINT('Origin',(-13.8593606506494,12.4790243812271,-3.5));
#12710=CARTESIAN_POINT('Origin',(0.,0.,0.));
#12711=CARTESIAN_POINT('',(-13.1515920287817,13.4964783143107,3.5));
#12712=CARTESIAN_POINT('Origin',(0.,0.,3.5));
#12713=CARTESIAN_POINT('',(-13.1515920287817,13.4964783143107,-3.5));
#12714=CARTESIAN_POINT('',(-13.1515920287817,13.4964783143107,0.));
#12715=CARTESIAN_POINT('Origin',(0.,0.,-3.5));
#12716=CARTESIAN_POINT('Origin',(-13.0469075127694,13.3890485600185,0.));
#12717=CARTESIAN_POINT('',(-12.9505078691183,13.5039707454482,3.5));
#12718=CARTESIAN_POINT('Origin',(-13.0469075127694,13.3890485600185,3.5));
#12719=CARTESIAN_POINT('',(-12.9505078691183,13.5039707454482,-3.5));
#12720=CARTESIAN_POINT('',(-12.9505078691183,13.5039707454482,0.));
#12721=CARTESIAN_POINT('Origin',(-13.0469075127694,13.3890485600185,-3.5));
#12722=CARTESIAN_POINT('Origin',(-12.3078435781109,14.2701186483129,0.));
#12723=CARTESIAN_POINT('',(-12.6925195401697,13.3470669681703,3.5));
#12724=CARTESIAN_POINT('Origin',(-12.3078435781109,14.2701186483129,3.5));
#12725=CARTESIAN_POINT('',(-12.6925195401697,13.3470669681703,-3.5));
#12726=CARTESIAN_POINT('',(-12.6925195401697,13.3470669681703,0.));
#12727=CARTESIAN_POINT('Origin',(-12.3078435781109,14.2701186483129,-3.5));
#12728=CARTESIAN_POINT('Origin',(-11.9519287583825,14.3749718588888,0.));
#12729=CARTESIAN_POINT('',(-12.0762978946663,14.2911129420104,-3.5));
#12730=CARTESIAN_POINT('',(-12.0478274896534,14.4903123692943,-3.5));
#12731=CARTESIAN_POINT('Origin',(-11.9519287583825,14.3749718588888,-3.5));
#12732=CARTESIAN_POINT('',(-12.0762978946663,14.2911129420104,3.5));
#12733=CARTESIAN_POINT('',(-12.0762978946663,14.2911129420104,0.));
#12734=CARTESIAN_POINT('',(-12.0478274896534,14.4903123692943,3.5));
#12735=CARTESIAN_POINT('Origin',(-11.9519287583825,14.3749718588888,3.5));
#12736=CARTESIAN_POINT('',(-12.0478274896534,14.4903123692943,0.));
#12737=CARTESIAN_POINT('Origin',(-12.9054254698917,13.7320534961543,0.));
#12738=CARTESIAN_POINT('',(-11.9472207762634,14.0181369894017,-3.5));
#12739=CARTESIAN_POINT('Origin',(-12.9054254698917,13.7320534961543,-3.5));
#12740=CARTESIAN_POINT('',(-11.9472207762634,14.0181369894017,3.5));
#12741=CARTESIAN_POINT('',(-11.9472207762634,14.0181369894017,0.));
#12742=CARTESIAN_POINT('Origin',(-12.9054254698917,13.7320534961543,3.5));
#12743=CARTESIAN_POINT('Origin',(-12.4790243812271,13.8593606506494,0.));
#12744=CARTESIAN_POINT('Origin',(-12.4790243812271,13.8593606506494,3.5));
#12745=CARTESIAN_POINT('Origin',(-12.4790243812271,13.8593606506494,-3.5));
#12746=CARTESIAN_POINT('Origin',(0.,0.,0.));
#12747=CARTESIAN_POINT('',(-11.6687800938541,14.7972588982368,3.5));
#12748=CARTESIAN_POINT('Origin',(0.,0.,3.5));
#12749=CARTESIAN_POINT('',(-11.6687800938541,14.7972588982368,-3.5));
#12750=CARTESIAN_POINT('',(-11.6687800938541,14.7972588982368,0.));
#12751=CARTESIAN_POINT('Origin',(0.,0.,-3.5));
#12752=CARTESIAN_POINT('Origin',(-11.5758985176993,14.6794751437925,0.));
#12753=CARTESIAN_POINT('',(-11.4680143219442,14.7836912668555,3.5));
#12754=CARTESIAN_POINT('Origin',(-11.5758985176993,14.6794751437925,3.5));
#12755=CARTESIAN_POINT('',(-11.4680143219442,14.7836912668555,-3.5));
#12756=CARTESIAN_POINT('',(-11.4680143219442,14.7836912668555,0.));
#12757=CARTESIAN_POINT('Origin',(-11.5758985176993,14.6794751437925,-3.5));
#12758=CARTESIAN_POINT('Origin',(-10.7487863502439,15.4784654206089,0.));
#12759=CARTESIAN_POINT('',(-11.2278401907751,14.6006799013206,3.5));
#12760=CARTESIAN_POINT('Origin',(-10.7487863502439,15.4784654206089,3.5));
#12761=CARTESIAN_POINT('',(-11.2278401907751,14.6006799013206,-3.5));
#12762=CARTESIAN_POINT('',(-11.2278401907751,14.6006799013206,0.));
#12763=CARTESIAN_POINT('Origin',(-10.7487863502439,15.4784654206089,-3.5));
#12764=CARTESIAN_POINT('Origin',(-10.3838611241677,15.5455410051658,0.));
#12765=CARTESIAN_POINT('',(-10.5163145970226,15.4751415909021,-3.5));
#12766=CARTESIAN_POINT('',(-10.4671781458495,15.6702738151962,-3.5));
#12767=CARTESIAN_POINT('Origin',(-10.3838611241677,15.5455410051658,-3.5));
#12768=CARTESIAN_POINT('',(-10.5163145970226,15.4751415909021,3.5));
#12769=CARTESIAN_POINT('',(-10.5163145970226,15.4751415909021,0.));
#12770=CARTESIAN_POINT('',(-10.4671781458495,15.6702738151962,3.5));
#12771=CARTESIAN_POINT('Origin',(-10.3838611241677,15.5455410051658,3.5));
#12772=CARTESIAN_POINT('',(-10.4671781458495,15.6702738151962,0.));
#12773=CARTESIAN_POINT('Origin',(-11.3993377493885,15.0058121624769,0.));
#12774=CARTESIAN_POINT('',(-10.416478333415,15.1901687962941,-3.5));
#12775=CARTESIAN_POINT('Origin',(-11.3993377493885,15.0058121624769,-3.5));
#12776=CARTESIAN_POINT('',(-10.416478333415,15.1901687962941,3.5));
#12777=CARTESIAN_POINT('',(-10.416478333415,15.1901687962941,0.));
#12778=CARTESIAN_POINT('Origin',(-11.3993377493885,15.0058121624769,3.5));
#12779=CARTESIAN_POINT('Origin',(-10.9619653092803,15.0878508645256,0.));
#12780=CARTESIAN_POINT('Origin',(-10.9619653092803,15.0878508645256,3.5));
#12781=CARTESIAN_POINT('Origin',(-10.9619653092803,15.0878508645256,-3.5));
#12782=CARTESIAN_POINT('Origin',(0.,0.,0.));
#12783=CARTESIAN_POINT('',(-10.0581225623691,15.9359176171482,3.5));
#12784=CARTESIAN_POINT('Origin',(0.,0.,3.5));
#12785=CARTESIAN_POINT('',(-10.0581225623691,15.9359176171482,-3.5));
#12786=CARTESIAN_POINT('',(-10.0581225623691,15.9359176171482,0.));
#12787=CARTESIAN_POINT('Origin',(0.,0.,-3.5));
#12788=CARTESIAN_POINT('Origin',(-9.97806155605675,15.8090703260134,0.));
#12789=CARTESIAN_POINT('',(-9.85987481002266,15.9014385730568,3.5));
#12790=CARTESIAN_POINT('Origin',(-9.97806155605675,15.8090703260134,3.5));
#12791=CARTESIAN_POINT('',(-9.85987481002266,15.9014385730568,-3.5));
#12792=CARTESIAN_POINT('',(-9.85987481002266,15.9014385730568,0.));
#12793=CARTESIAN_POINT('Origin',(-9.97806155605675,15.8090703260134,-3.5));
#12794=CARTESIAN_POINT('Origin',(-9.0719631697954,16.5172268866795,0.));
#12795=CARTESIAN_POINT('',(-9.64014627467382,15.6943247300833,3.5));
#12796=CARTESIAN_POINT('Origin',(-9.0719631697954,16.5172268866795,3.5));
#12797=CARTESIAN_POINT('',(-9.64014627467382,15.6943247300833,-3.5));
#12798=CARTESIAN_POINT('',(-9.64014627467382,15.6943247300833,0.));
#12799=CARTESIAN_POINT('Origin',(-9.0719631697954,16.5172268866795,-3.5));
#12800=CARTESIAN_POINT('Origin',(-8.70202573451392,16.5457899510767,0.));
#12801=CARTESIAN_POINT('',(-8.84111235597361,16.4896213501423,-3.5));
#12802=CARTESIAN_POINT('',(-8.77184820788181,16.6785484619632,-3.5));
#12803=CARTESIAN_POINT('Origin',(-8.70202573451392,16.5457899510767,-3.5));
#12804=CARTESIAN_POINT('',(-8.84111235597361,16.4896213501423,3.5));
#12805=CARTESIAN_POINT('',(-8.84111235597361,16.4896213501423,0.));
#12806=CARTESIAN_POINT('',(-8.77184820788181,16.6785484619632,3.5));
#12807=CARTESIAN_POINT('Origin',(-8.70202573451392,16.5457899510767,3.5));
#12808=CARTESIAN_POINT('',(-8.77184820788181,16.6785484619632,0.));
#12809=CARTESIAN_POINT('Origin',(-9.76835649903814,16.1151640105794,0.));
#12810=CARTESIAN_POINT('',(-8.7716107741576,16.1957739351071,-3.5));
#12811=CARTESIAN_POINT('Origin',(-9.76835649903814,16.1151640105794,-3.5));
#12812=CARTESIAN_POINT('',(-8.7716107741576,16.1957739351071,3.5));
#12813=CARTESIAN_POINT('',(-8.7716107741576,16.1957739351071,0.));
#12814=CARTESIAN_POINT('Origin',(-9.76835649903814,16.1151640105794,3.5));
#12815=CARTESIAN_POINT('Origin',(-9.32480465146629,16.1510354269942,0.));
#12816=CARTESIAN_POINT('Origin',(-9.32480465146629,16.1510354269942,3.5));
#12817=CARTESIAN_POINT('Origin',(-9.32480465146629,16.1510354269942,-3.5));
#12818=CARTESIAN_POINT('Origin',(0.,0.,0.));
#12819=CARTESIAN_POINT('',(-8.33726613529326,16.8999790878411,3.5));
#12820=CARTESIAN_POINT('Origin',(0.,0.,3.5));
#12821=CARTESIAN_POINT('',(-8.33726613529326,16.8999790878411,-3.5));
#12822=CARTESIAN_POINT('',(-8.33726613529326,16.8999790878411,0.));
#12823=CARTESIAN_POINT('Origin',(0.,0.,-3.5));
#12824=CARTESIAN_POINT('Origin',(-8.27090286396243,16.7654580254818,0.));
#12825=CARTESIAN_POINT('',(-8.14370844637102,16.8449663906617,3.5));
#12826=CARTESIAN_POINT('Origin',(-8.27090286396243,16.7654580254818,3.5));
#12827=CARTESIAN_POINT('',(-8.14370844637102,16.8449663906617,-3.5));
#12828=CARTESIAN_POINT('',(-8.14370844637102,16.8449663906617,0.));
#12829=CARTESIAN_POINT('Origin',(-8.27090286396243,16.7654580254818,-3.5));
#12830=CARTESIAN_POINT('Origin',(-7.29574566242831,17.3750221585278,0.));
#12831=CARTESIAN_POINT('',(-7.94683289865687,16.6160192528547,3.5));
#12832=CARTESIAN_POINT('Origin',(-7.29574566242831,17.3750221585278,3.5));
#12833=CARTESIAN_POINT('',(-7.94683289865687,16.6160192528547,-3.5));
#12834=CARTESIAN_POINT('',(-7.94683289865687,16.6160192528547,0.));
#12835=CARTESIAN_POINT('Origin',(-7.29574566242831,17.3750221585278,-3.5));
#12836=CARTESIAN_POINT('Origin',(-6.92484912989685,17.3647597598545,0.));
#12837=CARTESIAN_POINT('',(-7.06904503783087,17.3234373671952,-3.5));
#12838=CARTESIAN_POINT('',(-6.98041206532132,17.5040894415702,-3.5));
#12839=CARTESIAN_POINT('Origin',(-6.92484912989685,17.3647597598545,-3.5));
#12840=CARTESIAN_POINT('',(-7.06904503783087,17.3234373671952,3.5));
#12841=CARTESIAN_POINT('',(-7.06904503783087,17.3234373671952,0.));
#12842=CARTESIAN_POINT('',(-6.98041206532132,17.5040894415702,3.5));
#12843=CARTESIAN_POINT('Origin',(-6.92484912989685,17.3647597598545,3.5));
#12844=CARTESIAN_POINT('',(-6.98041206532132,17.5040894415702,0.));
#12845=CARTESIAN_POINT('Origin',(-8.03035109072434,17.0479547494671,0.));
#12846=CARTESIAN_POINT('',(-7.03063961168092,17.0239347855035,-3.5));
#12847=CARTESIAN_POINT('Origin',(-8.03035109072434,17.0479547494671,-3.5));
#12848=CARTESIAN_POINT('',(-7.03063961168092,17.0239347855035,3.5));
#12849=CARTESIAN_POINT('',(-7.03063961168092,17.0239347855035,0.));
#12850=CARTESIAN_POINT('Origin',(-8.03035109072434,17.0479547494671,3.5));
#12851=CARTESIAN_POINT('Origin',(-7.58547948255002,17.0372658655033,0.));
#12852=CARTESIAN_POINT('Origin',(-7.58547948255002,17.0372658655033,3.5));
#12853=CARTESIAN_POINT('Origin',(-7.58547948255002,17.0372658655033,-3.5));
#12854=CARTESIAN_POINT('Origin',(0.,0.,0.));
#12855=CARTESIAN_POINT('',(-6.52506487575407,17.6788808510995,3.5));
#12856=CARTESIAN_POINT('Origin',(0.,0.,3.5));
#12857=CARTESIAN_POINT('',(-6.52506487575407,17.6788808510995,-3.5));
#12858=CARTESIAN_POINT('',(-6.52506487575407,17.6788808510995,0.));
#12859=CARTESIAN_POINT('Origin',(0.,0.,-3.5));
#12860=CARTESIAN_POINT('Origin',(-6.47312642929284,17.5381598584254,0.));
#12861=CARTESIAN_POINT('',(-6.33831790880039,17.6039372314547,3.5));
#12862=CARTESIAN_POINT('Origin',(-6.47312642929284,17.5381598584254,3.5));
#12863=CARTESIAN_POINT('',(-6.33831790880039,17.6039372314547,-3.5));
#12864=CARTESIAN_POINT('',(-6.33831790880039,17.6039372314547,0.));
#12865=CARTESIAN_POINT('Origin',(-6.47312642929284,17.5381598584254,-3.5));
#12866=CARTESIAN_POINT('Origin',(-5.43959443885072,18.0424530516501,0.));
#12867=CARTESIAN_POINT('',(-6.16645235842054,17.3556651915662,3.5));
#12868=CARTESIAN_POINT('Origin',(-5.43959443885072,18.0424530516501,3.5));
#12869=CARTESIAN_POINT('',(-6.16645235842054,17.3556651915662,-3.5));
#12870=CARTESIAN_POINT('',(-6.16645235842054,17.3556651915662,0.));
#12871=CARTESIAN_POINT('Origin',(-5.43959443885072,18.0424530516501,-3.5));
#12872=CARTESIAN_POINT('Origin',(-5.07180242909478,17.9934776268936,0.));
#12873=CARTESIAN_POINT('',(-5.21952778296088,17.9674541792909,-3.5));
#12874=CARTESIAN_POINT('',(-5.11249706742803,18.1378519542892,-3.5));
#12875=CARTESIAN_POINT('Origin',(-5.07180242909478,17.9934776268936,-3.5));
#12876=CARTESIAN_POINT('',(-5.21952778296088,17.9674541792909,3.5));
#12877=CARTESIAN_POINT('',(-5.21952778296088,17.9674541792909,0.));
#12878=CARTESIAN_POINT('',(-5.11249706742803,18.1378519542892,3.5));
#12879=CARTESIAN_POINT('Origin',(-5.07180242909478,17.9934776268936,3.5));
#12880=CARTESIAN_POINT('',(-5.11249706742803,18.1378519542892,0.));
#12881=CARTESIAN_POINT('Origin',(-6.20436347540157,17.7939645286057,0.));
#12882=CARTESIAN_POINT('',(-5.21263929036274,17.6655778439025,-3.5));
#12883=CARTESIAN_POINT('Origin',(-6.20436347540157,17.7939645286057,-3.5));
#12884=CARTESIAN_POINT('',(-5.21263929036274,17.6655778439025,3.5));
#12885=CARTESIAN_POINT('',(-5.21263929036274,17.6655778439025,0.));
#12886=CARTESIAN_POINT('Origin',(-6.20436347540157,17.7939645286057,3.5));
#12887=CARTESIAN_POINT('Origin',(-5.76304621305929,17.7368324539128,0.));
#12888=CARTESIAN_POINT('Origin',(-5.76304621305929,17.7368324539128,3.5));
#12889=CARTESIAN_POINT('Origin',(-5.76304621305929,17.7368324539128,-3.5));
#12890=CARTESIAN_POINT('Origin',(0.,0.,0.));
#12891=CARTESIAN_POINT('',(-4.6413736399785,18.2640890962097,3.5));
#12892=CARTESIAN_POINT('Origin',(0.,0.,3.5));
#12893=CARTESIAN_POINT('',(-4.6413736399785,18.2640890962097,-3.5));
#12894=CARTESIAN_POINT('',(-4.6413736399785,18.2640890962097,0.));
#12895=CARTESIAN_POINT('Origin',(0.,0.,-3.5));
#12896=CARTESIAN_POINT('Origin',(-4.60442906687512,18.1187099418642,0.));
#12897=CARTESIAN_POINT('',(-4.46348343384264,18.1700356520792,3.5));
#12898=CARTESIAN_POINT('Origin',(-4.60442906687512,18.1187099418642,3.5));
#12899=CARTESIAN_POINT('',(-4.46348343384264,18.1700356520792,-3.5));
#12900=CARTESIAN_POINT('',(-4.46348343384264,18.1700356520792,0.));
#12901=CARTESIAN_POINT('Origin',(-4.60442906687512,18.1187099418642,-3.5));
#12902=CARTESIAN_POINT('Origin',(-3.52384588029277,18.5122070535125,0.));
#12903=CARTESIAN_POINT('',(-4.31851087573223,17.9051588305325,3.5));
#12904=CARTESIAN_POINT('Origin',(-3.52384588029277,18.5122070535125,3.5));
#12905=CARTESIAN_POINT('',(-4.31851087573223,17.9051588305325,-3.5));
#12906=CARTESIAN_POINT('',(-4.31851087573223,17.9051588305325,0.));
#12907=CARTESIAN_POINT('Origin',(-3.52384588029277,18.5122070535125,-3.5));
#12908=CARTESIAN_POINT('Origin',(-3.16318799953665,18.4250551876753,0.));
#12909=CARTESIAN_POINT('',(-3.31282428944436,18.4146158034667,-3.5));
#12910=CARTESIAN_POINT('',(-3.1885684818052,18.5728923654075,-3.5));
#12911=CARTESIAN_POINT('Origin',(-3.16318799953665,18.4250551876753,-3.5));
#12912=CARTESIAN_POINT('',(-3.31282428944436,18.4146158034667,3.5));
#12913=CARTESIAN_POINT('',(-3.31282428944436,18.4146158034667,0.));
#12914=CARTESIAN_POINT('',(-3.1885684818052,18.5728923654075,3.5));
#12915=CARTESIAN_POINT('Origin',(-3.16318799953665,18.4250551876753,3.5));
#12916=CARTESIAN_POINT('',(-3.1885684818052,18.5728923654075,0.));
#12917=CARTESIAN_POINT('Origin',(-4.31039955549577,18.3450199087424,0.));
#12918=CARTESIAN_POINT('',(-3.33752820216445,18.1136731346839,-3.5));
#12919=CARTESIAN_POINT('Origin',(-4.31039955549577,18.3450199087424,-3.5));
#12920=CARTESIAN_POINT('',(-3.33752820216445,18.1136731346839,3.5));
#12921=CARTESIAN_POINT('',(-3.33752820216445,18.1136731346839,0.));
#12922=CARTESIAN_POINT('Origin',(-4.31039955549577,18.3450199087424,3.5));
#12923=CARTESIAN_POINT('Origin',(-3.87747180326333,18.2420705942864,0.));
#12924=CARTESIAN_POINT('Origin',(-3.87747180326333,18.2420705942864,3.5));
#12925=CARTESIAN_POINT('Origin',(-3.87747180326333,18.2420705942864,-3.5));
#12926=CARTESIAN_POINT('Origin',(0.,0.,0.));
#12927=CARTESIAN_POINT('',(-2.70683054333345,18.6491921591754,3.5));
#12928=CARTESIAN_POINT('Origin',(0.,0.,3.5));
#12929=CARTESIAN_POINT('',(-2.70683054333345,18.6491921591754,-3.5));
#12930=CARTESIAN_POINT('',(-2.70683054333345,18.6491921591754,0.));
#12931=CARTESIAN_POINT('Origin',(0.,0.,-3.5));
#12932=CARTESIAN_POINT('Origin',(-2.68528461606199,18.5007476475962,0.));
#12933=CARTESIAN_POINT('',(-2.53974610033975,18.5370593597751,3.5));
#12934=CARTESIAN_POINT('Origin',(-2.68528461606199,18.5007476475962,3.5));
#12935=CARTESIAN_POINT('',(-2.53974610033975,18.5370593597751,-3.5));
#12936=CARTESIAN_POINT('',(-2.53974610033976,18.5370593597751,0.));
#12937=CARTESIAN_POINT('Origin',(-2.68528461606199,18.5007476475962,-3.5));
#12938=CARTESIAN_POINT('Origin',(-1.56948932885817,18.7791374409682,0.));
#12939=CARTESIAN_POINT('',(-2.42325488418291,18.2584798024561,3.5));
#12940=CARTESIAN_POINT('Origin',(-1.56948932885817,18.7791374409682,3.5));
#12941=CARTESIAN_POINT('',(-2.42325488418291,18.2584798024561,-3.5));
#12942=CARTESIAN_POINT('',(-2.42325488418291,18.2584798024561,0.));
#12943=CARTESIAN_POINT('Origin',(-1.56948932885817,18.7791374409682,-3.5));
#12944=CARTESIAN_POINT('Origin',(-1.21991702031596,18.6547639881301,0.));
#12945=CARTESIAN_POINT('',(-1.36982479975965,18.6600230433936,-3.5));
#12946=CARTESIAN_POINT('',(-1.22970527264487,18.8044442811428,-3.5));
#12947=CARTESIAN_POINT('Origin',(-1.21991702031596,18.6547639881301,-3.5));
#12948=CARTESIAN_POINT('',(-1.36982479975965,18.6600230433936,3.5));
#12949=CARTESIAN_POINT('',(-1.36982479975965,18.6600230433936,0.));
#12950=CARTESIAN_POINT('',(-1.22970527264487,18.8044442811428,3.5));
#12951=CARTESIAN_POINT('Origin',(-1.21991702031596,18.6547639881301,3.5));
#12952=CARTESIAN_POINT('',(-1.22970527264487,18.8044442811428,0.));
#12953=CARTESIAN_POINT('Origin',(-2.36920999605086,18.6950834118168,0.));
#12954=CARTESIAN_POINT('',(-1.42585045656057,18.3633112320719,-3.5));
#12955=CARTESIAN_POINT('Origin',(-2.36920999605086,18.6950834118168,-3.5));
#12956=CARTESIAN_POINT('',(-1.42585045656057,18.3633112320719,3.5));
#12957=CARTESIAN_POINT('',(-1.42585045656057,18.3633112320719,0.));
#12958=CARTESIAN_POINT('Origin',(-2.36920999605086,18.6950834118168,3.5));
#12959=CARTESIAN_POINT('Origin',(-1.94941500097768,18.5474447918303,0.));
#12960=CARTESIAN_POINT('Origin',(-1.94941500097768,18.5474447918303,3.5));
#12961=CARTESIAN_POINT('Origin',(-1.94941500097768,18.5474447918303,-3.5));
#12962=CARTESIAN_POINT('Origin',(0.,0.,0.));
#12963=CARTESIAN_POINT('',(-0.742630844814933,18.8299707702509,3.5));
#12964=CARTESIAN_POINT('Origin',(0.,0.,3.5));
#12965=CARTESIAN_POINT('',(-0.742630844814933,18.8299707702509,-3.5));
#12966=CARTESIAN_POINT('',(-0.742630844814933,18.8299707702509,0.));
#12967=CARTESIAN_POINT('Origin',(0.,0.,-3.5));
#12968=CARTESIAN_POINT('Origin',(-0.736719625063357,18.6800872905707,0.));
#12969=CARTESIAN_POINT('',(-0.588182777085509,18.7009871659963,-3.5));
#12970=CARTESIAN_POINT('Origin',(-0.736719625063357,18.6800872905707,-3.5));
#12971=CARTESIAN_POINT('',(-0.588182777085509,18.7009871659963,3.5));
#12972=CARTESIAN_POINT('Origin',(-0.736719625063357,18.6800872905707,3.5));
#12973=CARTESIAN_POINT('',(-0.588182777085509,18.7009871659963,0.));
#12974=CARTESIAN_POINT('Origin',(0.736719625063359,18.6800872905707,0.));
#12975=CARTESIAN_POINT('',(0.588182777085509,18.7009871659963,3.5));
#12976=CARTESIAN_POINT('Origin',(0.736719625063359,18.6800872905707,3.5));
#12977=CARTESIAN_POINT('',(0.588182777085509,18.7009871659963,-3.5));
#12978=CARTESIAN_POINT('Origin',(0.736719625063359,18.6800872905707,-3.5));
#12979=CARTESIAN_POINT('',(0.588182777085509,18.7009871659963,0.));
#12980=CARTESIAN_POINT('Origin',(-0.402062876100156,18.8403196688335,0.));
#12981=CARTESIAN_POINT('',(0.501449205023785,18.4117570488314,-3.5));
#12982=CARTESIAN_POINT('Origin',(-0.402062876100156,18.8403196688335,-3.5));
#12983=CARTESIAN_POINT('',(0.501449205023785,18.4117570488314,3.5));
#12984=CARTESIAN_POINT('',(0.501449205023785,18.4117570488314,0.));
#12985=CARTESIAN_POINT('Origin',(-0.402062876100156,18.8403196688335,3.5));
#12986=CARTESIAN_POINT('Origin',(0.402062876100156,18.8403196688335,0.));
#12987=CARTESIAN_POINT('',(-0.50144920502379,18.4117570488314,3.5));
#12988=CARTESIAN_POINT('Origin',(0.402062876100156,18.8403196688335,3.5));
#12989=CARTESIAN_POINT('',(-0.50144920502379,18.4117570488314,-3.5));
#12990=CARTESIAN_POINT('',(-0.50144920502379,18.4117570488314,0.));
#12991=CARTESIAN_POINT('Origin',(0.402062876100156,18.8403196688335,-3.5));
#12992=CARTESIAN_POINT('Origin',(0.,18.6496093029326,0.));
#12993=CARTESIAN_POINT('Origin',(0.,18.6496093029326,3.5));
#12994=CARTESIAN_POINT('Origin',(0.,18.6496093029326,-3.5));
#12995=CARTESIAN_POINT('Origin',(1.22464679914736E-16,-7.,8.));
#12996=CARTESIAN_POINT('',(1.666,-3.63654286376498,8.));
#12997=CARTESIAN_POINT('Ctrl Pts',(1.666,-3.63654286376498,8.));
#12998=CARTESIAN_POINT('Ctrl Pts',(1.666,-3.63654286376498,8.21215257425869));
#12999=CARTESIAN_POINT('Ctrl Pts',(1.62306969361665,-3.65707498068503,8.43636626303899));
#13000=CARTESIAN_POINT('Ctrl Pts',(1.45232491701002,-3.72817707926124,8.84588643784785));
#13001=CARTESIAN_POINT('Ctrl Pts',(1.32461459599392,-3.77742250014388,9.03146519891966));
#13002=CARTESIAN_POINT('Ctrl Pts',(1.03164201001145,-3.86771025481122,9.32443778490213));
#13003=CARTESIAN_POINT('Ctrl Pts',(0.845997344622554,-3.91501921913815,
9.45228159626854));
#13004=CARTESIAN_POINT('Ctrl Pts',(0.436216177089197,-3.98155779148738,
9.62312934940029));
#13005=CARTESIAN_POINT('Ctrl Pts',(0.211896657455487,-4.,9.666));
#13006=CARTESIAN_POINT('Ctrl Pts',(-0.211896657455487,-4.,9.666));
#13007=CARTESIAN_POINT('Ctrl Pts',(-0.436216177089197,-3.98155779148738,
9.62312934940029));
#13008=CARTESIAN_POINT('Ctrl Pts',(-0.845997344622554,-3.91501921913815,
9.45228159626854));
#13009=CARTESIAN_POINT('Ctrl Pts',(-1.03164201001145,-3.86771025481122,
9.32443778490213));
#13010=CARTESIAN_POINT('Ctrl Pts',(-1.32461459599392,-3.77742250014388,
9.03146519891966));
#13011=CARTESIAN_POINT('Ctrl Pts',(-1.45232491701002,-3.72817707926124,
8.84588643784785));
#13012=CARTESIAN_POINT('Ctrl Pts',(-1.62306969361665,-3.65707498068503,
8.43636626303899));
#13013=CARTESIAN_POINT('Ctrl Pts',(-1.666,-3.63654286376498,8.21215257425869));
#13014=CARTESIAN_POINT('Ctrl Pts',(-1.666,-3.63654286376498,7.78784742574131));
#13015=CARTESIAN_POINT('Ctrl Pts',(-1.62306969361665,-3.65707498068503,
7.56363373696101));
#13016=CARTESIAN_POINT('Ctrl Pts',(-1.45232491701002,-3.72817707926124,
7.15411356215215));
#13017=CARTESIAN_POINT('Ctrl Pts',(-1.32461459599392,-3.77742250014388,
6.96853480108034));
#13018=CARTESIAN_POINT('Ctrl Pts',(-1.03164201001145,-3.86771025481122,
6.67556221509787));
#13019=CARTESIAN_POINT('Ctrl Pts',(-0.845997344622554,-3.91501921913815,
6.54771840373146));
#13020=CARTESIAN_POINT('Ctrl Pts',(-0.436216177089197,-3.98155779148738,
6.37687065059971));
#13021=CARTESIAN_POINT('Ctrl Pts',(-0.211896657455487,-4.,6.334));
#13022=CARTESIAN_POINT('Ctrl Pts',(0.211896657455487,-4.,6.334));
#13023=CARTESIAN_POINT('Ctrl Pts',(0.436216177089197,-3.98155779148738,
6.37687065059971));
#13024=CARTESIAN_POINT('Ctrl Pts',(0.845997344622554,-3.91501921913815,
6.54771840373146));
#13025=CARTESIAN_POINT('Ctrl Pts',(1.03164201001145,-3.86771025481122,6.67556221509787));
#13026=CARTESIAN_POINT('Ctrl Pts',(1.32461459599392,-3.77742250014388,6.96853480108034));
#13027=CARTESIAN_POINT('Ctrl Pts',(1.45232491701002,-3.72817707926124,7.15411356215215));
#13028=CARTESIAN_POINT('Ctrl Pts',(1.62306969361665,-3.65707498068503,7.56363373696101));
#13029=CARTESIAN_POINT('Ctrl Pts',(1.666,-3.63654286376498,7.78784742574131));
#13030=CARTESIAN_POINT('Ctrl Pts',(1.666,-3.63654286376498,8.));
#13031=CARTESIAN_POINT('',(1.666,-12.3884802942088,8.));
#13032=CARTESIAN_POINT('',(1.666,-7.,8.));
#13033=CARTESIAN_POINT('Ctrl Pts',(1.666,-12.3884802942088,8.));
#13034=CARTESIAN_POINT('Ctrl Pts',(1.666,-12.3884802942088,7.79054435602973));
#13035=CARTESIAN_POINT('Ctrl Pts',(1.62408914518448,-12.3943406110684,7.56729990391749));
#13036=CARTESIAN_POINT('Ctrl Pts',(1.45399075475019,-12.4154442354315,7.15690695861148));
#13037=CARTESIAN_POINT('Ctrl Pts',(1.32581670295693,-12.4303758492134,6.96973690804336));
#13038=CARTESIAN_POINT('Ctrl Pts',(1.03026469078592,-12.4583541398009,6.67418489587234));
#13039=CARTESIAN_POINT('Ctrl Pts',(0.843093946889901,-12.4732276742393,
6.54600959070022));
#13040=CARTESIAN_POINT('Ctrl Pts',(0.432698646816217,-12.4941981694044,
6.37591028398715));
#13041=CARTESIAN_POINT('Ctrl Pts',(0.209453377824278,-12.5,6.334));
#13042=CARTESIAN_POINT('Ctrl Pts',(-0.209453377824279,-12.5,6.334));
#13043=CARTESIAN_POINT('Ctrl Pts',(-0.432698646816218,-12.4941981694044,
6.37591028398715));
#13044=CARTESIAN_POINT('Ctrl Pts',(-0.843093946889902,-12.4732276742393,
6.54600959070022));
#13045=CARTESIAN_POINT('Ctrl Pts',(-1.03026469078592,-12.4583541398009,
6.67418489587234));
#13046=CARTESIAN_POINT('Ctrl Pts',(-1.32581670295693,-12.4303758492134,
6.96973690804336));
#13047=CARTESIAN_POINT('Ctrl Pts',(-1.45399075475019,-12.4154442354315,
7.15690695861148));
#13048=CARTESIAN_POINT('Ctrl Pts',(-1.62408914518448,-12.3943406110684,
7.56729990391748));
#13049=CARTESIAN_POINT('Ctrl Pts',(-1.666,-12.3884802942088,7.79054435602973));
#13050=CARTESIAN_POINT('Ctrl Pts',(-1.666,-12.3884802942088,8.20945564397027));
#13051=CARTESIAN_POINT('Ctrl Pts',(-1.62408914518448,-12.3943406110684,
8.43270009608252));
#13052=CARTESIAN_POINT('Ctrl Pts',(-1.45399075475019,-12.4154442354315,
8.84309304138852));
#13053=CARTESIAN_POINT('Ctrl Pts',(-1.32581670295693,-12.4303758492134,
9.03026309195664));
#13054=CARTESIAN_POINT('Ctrl Pts',(-1.03026469078592,-12.4583541398009,
9.32581510412766));
#13055=CARTESIAN_POINT('Ctrl Pts',(-0.843093946889901,-12.4732276742393,
9.45399040929978));
#13056=CARTESIAN_POINT('Ctrl Pts',(-0.432698646816217,-12.4941981694044,
9.62408971601285));
#13057=CARTESIAN_POINT('Ctrl Pts',(-0.209453377824279,-12.5,9.666));
#13058=CARTESIAN_POINT('Ctrl Pts',(0.209453377824278,-12.5,9.666));
#13059=CARTESIAN_POINT('Ctrl Pts',(0.432698646816216,-12.4941981694044,
9.62408971601285));
#13060=CARTESIAN_POINT('Ctrl Pts',(0.8430939468899,-12.4732276742393,9.45399040929978));
#13061=CARTESIAN_POINT('Ctrl Pts',(1.03026469078592,-12.4583541398009,9.32581510412766));
#13062=CARTESIAN_POINT('Ctrl Pts',(1.32581670295693,-12.4303758492134,9.03026309195664));
#13063=CARTESIAN_POINT('Ctrl Pts',(1.45399075475019,-12.4154442354315,8.84309304138852));
#13064=CARTESIAN_POINT('Ctrl Pts',(1.62408914518448,-12.3943406110684,8.43270009608251));
#13065=CARTESIAN_POINT('Ctrl Pts',(1.666,-12.3884802942088,8.20945564397027));
#13066=CARTESIAN_POINT('Ctrl Pts',(1.666,-12.3884802942088,8.));
#13067=CARTESIAN_POINT('Origin',(0.,0.,5.15));
#13068=CARTESIAN_POINT('',(4.,4.89858719658941E-16,5.3));
#13069=CARTESIAN_POINT('Origin',(0.,0.,5.3));
#13070=CARTESIAN_POINT('',(4.3,-5.26598123633362E-16,5.));
#13071=CARTESIAN_POINT('',(4.15,5.08228421646152E-16,5.15));
#13072=CARTESIAN_POINT('Origin',(0.,0.,5.));
#13073=CARTESIAN_POINT('Origin',(0.,0.,5.));
#13074=CARTESIAN_POINT('',(4.,-4.89858719658941E-16,10.7));
#13075=CARTESIAN_POINT('Origin',(0.,0.,10.7));
#13076=CARTESIAN_POINT('',(4.,4.89858719658941E-16,5.));
#13077=CARTESIAN_POINT('',(-3.50145297333782,-1.93386325150042,8.));
#13078=CARTESIAN_POINT('Ctrl Pts',(-3.50145297333782,-1.93386325150042,
8.));
#13079=CARTESIAN_POINT('Ctrl Pts',(-3.50145297333782,-1.93386325150042,
7.80954531096228));
#13080=CARTESIAN_POINT('Ctrl Pts',(-3.52635794759189,-1.89002697883909,
7.49212809655768));
#13081=CARTESIAN_POINT('Ctrl Pts',(-3.61538528837134,-1.7164887766682,7.04970791929639));
#13082=CARTESIAN_POINT('Ctrl Pts',(-3.71794792212484,-1.4839965713684,6.70220971601667));
#13083=CARTESIAN_POINT('Ctrl Pts',(-3.87138722884652,-1.06297318448181,
6.29799083957279));
#13084=CARTESIAN_POINT('Ctrl Pts',(-4.02642980014771,-0.312653176499666,
5.9814843821654));
#13085=CARTESIAN_POINT('Ctrl Pts',(-3.98523347425446,0.623839840380081,
6.06000354879115));
#13086=CARTESIAN_POINT('Ctrl Pts',(-3.83048778085293,1.17599942274815,6.39846032562355));
#13087=CARTESIAN_POINT('Ctrl Pts',(-3.68249184210872,1.57657991260133,6.81027115315318));
#13088=CARTESIAN_POINT('Ctrl Pts',(-3.54624246590002,1.85742503220713,7.26387939150959));
#13089=CARTESIAN_POINT('Ctrl Pts',(-3.50118668337721,1.93385410824123,7.79677463691992));
#13090=CARTESIAN_POINT('Ctrl Pts',(-3.50135813470833,1.93360998538572,8.20309928453963));
#13091=CARTESIAN_POINT('Ctrl Pts',(-3.53703693864965,1.87299813743545,8.62829588082661));
#13092=CARTESIAN_POINT('Ctrl Pts',(-3.67927934695869,1.58344519708867,9.19332609088313));
#13093=CARTESIAN_POINT('Ctrl Pts',(-3.83342371491049,1.17995093110523,9.6071392375257));
#13094=CARTESIAN_POINT('Ctrl Pts',(-3.96824110816738,0.61638563633422,9.90379466238116));
#13095=CARTESIAN_POINT('Ctrl Pts',(-4.01203729264715,0.0490561813035339,
9.98983288433549));
#13096=CARTESIAN_POINT('Ctrl Pts',(-3.98828956399684,-0.356094027982658,
9.94263341677672));
#13097=CARTESIAN_POINT('Ctrl Pts',(-3.93100064983897,-0.785527946504701,
9.82259357989055));
#13098=CARTESIAN_POINT('Ctrl Pts',(-3.82623808684193,-1.19891005256401,
9.59084772398968));
#13099=CARTESIAN_POINT('Ctrl Pts',(-3.67360120811026,-1.59534164431143,
9.17054661032099));
#13100=CARTESIAN_POINT('Ctrl Pts',(-3.53701346558751,-1.87295975751213,
8.62783705159996));
#13101=CARTESIAN_POINT('Ctrl Pts',(-3.50145297333782,-1.93386325150042,
8.20319254436756));
#13102=CARTESIAN_POINT('Ctrl Pts',(-3.50145297333782,-1.93386325150042,
8.));
#13103=CARTESIAN_POINT('Ctrl Pts',(-3.50145297333782,-1.93386325150042,
8.));
#13104=CARTESIAN_POINT('Ctrl Pts',(-3.50145297333782,-1.93386325150042,
8.20319254436756));
#13105=CARTESIAN_POINT('Ctrl Pts',(-3.53701346558751,-1.87295975751213,
8.62783705159996));
#13106=CARTESIAN_POINT('Ctrl Pts',(-3.67360120811026,-1.59534164431143,
9.17054661032099));
#13107=CARTESIAN_POINT('Ctrl Pts',(-3.82623808684193,-1.19891005256401,
9.59084772398968));
#13108=CARTESIAN_POINT('Ctrl Pts',(-3.93100064983897,-0.785527946504701,
9.82259357989055));
#13109=CARTESIAN_POINT('Ctrl Pts',(-3.98828956399684,-0.356094027982658,
9.94263341677672));
#13110=CARTESIAN_POINT('Ctrl Pts',(-4.01203729264715,0.0490561813035339,
9.98983288433549));
#13111=CARTESIAN_POINT('Ctrl Pts',(-3.96824110816738,0.61638563633422,9.90379466238116));
#13112=CARTESIAN_POINT('Ctrl Pts',(-3.83342371491049,1.17995093110523,9.6071392375257));
#13113=CARTESIAN_POINT('Ctrl Pts',(-3.67927934695869,1.58344519708867,9.19332609088313));
#13114=CARTESIAN_POINT('Ctrl Pts',(-3.53703693864965,1.87299813743545,8.62829588082661));
#13115=CARTESIAN_POINT('Ctrl Pts',(-3.50135813470833,1.93360998538572,8.20309928453963));
#13116=CARTESIAN_POINT('Ctrl Pts',(-3.50118668337721,1.93385410824123,7.79677463691992));
#13117=CARTESIAN_POINT('Ctrl Pts',(-3.54624246590002,1.85742503220713,7.26387939150959));
#13118=CARTESIAN_POINT('Ctrl Pts',(-3.68249184210872,1.57657991260133,6.81027115315318));
#13119=CARTESIAN_POINT('Ctrl Pts',(-3.83048778085293,1.17599942274815,6.39846032562355));
#13120=CARTESIAN_POINT('Ctrl Pts',(-3.98523347425446,0.623839840380081,
6.06000354879115));
#13121=CARTESIAN_POINT('Ctrl Pts',(-4.02642980014771,-0.312653176499666,
5.9814843821654));
#13122=CARTESIAN_POINT('Ctrl Pts',(-3.87138722884652,-1.06297318448181,
6.29799083957279));
#13123=CARTESIAN_POINT('Ctrl Pts',(-3.71794792212484,-1.4839965713684,6.70220971601667));
#13124=CARTESIAN_POINT('Ctrl Pts',(-3.61538528837134,-1.7164887766682,7.04970791929639));
#13125=CARTESIAN_POINT('Ctrl Pts',(-3.52635794759189,-1.89002697883909,
7.49212809655768));
#13126=CARTESIAN_POINT('Ctrl Pts',(-3.50145297333782,-1.93386325150042,
7.80954531096228));
#13127=CARTESIAN_POINT('Ctrl Pts',(-3.50145297333782,-1.93386325150042,
8.));
#13128=CARTESIAN_POINT('Ctrl Pts',(-3.64648293681354,-1.84457550100028,
8.));
#13129=CARTESIAN_POINT('Ctrl Pts',(-3.64656164327976,-1.84448597675544,
8.18736577914012));
#13130=CARTESIAN_POINT('Ctrl Pts',(-3.67783417683438,-1.78963551390424,
8.57887010869655));
#13131=CARTESIAN_POINT('Ctrl Pts',(-3.80057960464897,-1.53274603826409,
9.09055037054075));
#13132=CARTESIAN_POINT('Ctrl Pts',(-3.93980858692802,-1.15816649258189,
9.49596302086403));
#13133=CARTESIAN_POINT('Ctrl Pts',(-4.03629678187873,-0.761003607131143,
9.72393474318087));
#13134=CARTESIAN_POINT('Ctrl Pts',(-4.08918665967634,-0.345515925717952,
9.84276360919704));
#13135=CARTESIAN_POINT('Ctrl Pts',(-4.11113901573719,0.0475590114491179,
9.8897695549246));
#13136=CARTESIAN_POINT('Ctrl Pts',(-4.07061760791352,0.598154039649169,
9.80395801079028));
#13137=CARTESIAN_POINT('Ctrl Pts',(-3.94643259216908,1.14010634237728,9.51195457419449));
#13138=CARTESIAN_POINT('Ctrl Pts',(-3.80565788989225,1.52177075961552,9.11203632697695));
#13139=CARTESIAN_POINT('Ctrl Pts',(-3.6778846924415,1.78963291569732,8.57928077283934));
#13140=CARTESIAN_POINT('Ctrl Pts',(-3.64640719721998,1.84429990103855,8.18731926915156));
#13141=CARTESIAN_POINT('Ctrl Pts',(-3.64626975731042,1.84451232906318,7.81254619712478));
#13142=CARTESIAN_POINT('Ctrl Pts',(-3.68589884441578,1.77568324842609,7.32146145989369));
#13143=CARTESIAN_POINT('Ctrl Pts',(-3.80871120090227,1.51525777439229,6.89051303636795));
#13144=CARTESIAN_POINT('Ctrl Pts',(-3.94371053105747,1.13590676240262,6.49370312619847));
#13145=CARTESIAN_POINT('Ctrl Pts',(-4.0862436757588,0.606592190043615,6.16031327315585));
#13146=CARTESIAN_POINT('Ctrl Pts',(-4.12446481747841,-0.304443757003708,
6.08172191503633));
#13147=CARTESIAN_POINT('Ctrl Pts',(-3.98116076633386,-1.02878665411096,
6.39591292657344));
#13148=CARTESIAN_POINT('Ctrl Pts',(-3.84099540477889,-1.427728893547,6.78701374420721));
#13149=CARTESIAN_POINT('Ctrl Pts',(-3.7481569479664,-1.64516190610753,7.11764743048185));
#13150=CARTESIAN_POINT('Ctrl Pts',(-3.66853786065007,-1.80480405989301,
7.53158879811647));
#13151=CARTESIAN_POINT('Ctrl Pts',(-3.64651124203254,-1.84454082303835,
7.82451377068636));
#13152=CARTESIAN_POINT('Ctrl Pts',(-3.64648293681354,-1.84457550100028,
8.));
#13153=CARTESIAN_POINT('Ctrl Pts',(-3.79151290028926,-1.75528775050014,
8.));
#13154=CARTESIAN_POINT('Ctrl Pts',(-3.79143419382304,-1.75537727474498,
8.17145352294383));
#13155=CARTESIAN_POINT('Ctrl Pts',(-3.81866754370662,-1.70630154806903,
8.52998156534794));
#13156=CARTESIAN_POINT('Ctrl Pts',(-3.92748401085734,-1.47025374895741,
9.01059196137931));
#13157=CARTESIAN_POINT('Ctrl Pts',(-4.0534046996828,-1.1173496184167,9.40110824984809));
#13158=CARTESIAN_POINT('Ctrl Pts',(-4.14156070989209,-0.73656191364718,
9.62521546876231));
#13159=CARTESIAN_POINT('Ctrl Pts',(-4.19002261551291,-0.33497927110672,
9.74279667806671));
#13160=CARTESIAN_POINT('Ctrl Pts',(-4.21020918901877,0.0460440575167887,
9.78960401593914));
#13161=CARTESIAN_POINT('Ctrl Pts',(-4.17296173794487,0.579942024312744,
9.70402898280875));
#13162=CARTESIAN_POINT('Ctrl Pts',(-4.05941518648791,1.10027424652951,9.41673671587326));
#13163=CARTESIAN_POINT('Ctrl Pts',(-3.9320121896197,1.460121017886,9.03069548861182));
#13164=CARTESIAN_POINT('Ctrl Pts',(-3.81869735440167,1.70631380427295,8.53040311225772));
#13165=CARTESIAN_POINT('Ctrl Pts',(-3.79148441684684,1.75497153287754,8.17138622035581));
#13166=CARTESIAN_POINT('Ctrl Pts',(-3.791384466363,1.75510484183056,7.82852343835727));
#13167=CARTESIAN_POINT('Ctrl Pts',(-3.82570610407596,1.69392265802668,7.37867520752869));
#13168=CARTESIAN_POINT('Ctrl Pts',(-3.93480270764227,1.45387186606243,6.97125786706797));
#13169=CARTESIAN_POINT('Ctrl Pts',(-4.05702882097804,1.09601406183176,6.58862217659098));
#13170=CARTESIAN_POINT('Ctrl Pts',(-4.18733047102554,0.5892567707046,6.26062720029531));
#13171=CARTESIAN_POINT('Ctrl Pts',(-4.22245448795465,-0.296240408563583,
6.18192195484931));
#13172=CARTESIAN_POINT('Ctrl Pts',(-4.09103999639677,-0.994461705238168,
6.49365390854717));
#13173=CARTESIAN_POINT('Ctrl Pts',(-3.96394877644672,-1.37158932352955,
6.87187321254546));
#13174=CARTESIAN_POINT('Ctrl Pts',(-3.88094293238811,-1.57380515200351,
7.18540049128148));
#13175=CARTESIAN_POINT('Ctrl Pts',(-3.81056846360781,-1.7197849308669,7.57123942872924));
#13176=CARTESIAN_POINT('Ctrl Pts',(-3.79148459507025,-1.75532242846207,
7.83916080550525));
#13177=CARTESIAN_POINT('Ctrl Pts',(-3.79151290028926,-1.75528775050014,
8.));
#13178=CARTESIAN_POINT('Ctrl Pts',(-3.93654286376498,-1.666,8.));
#13179=CARTESIAN_POINT('Ctrl Pts',(-3.93654286376498,-1.666,8.15562675771639));
#13180=CARTESIAN_POINT('Ctrl Pts',(-3.9594882549535,-1.62297730446114,8.48101462244453));
#13181=CARTESIAN_POINT('Ctrl Pts',(-4.05446240739605,-1.40765814291007,
8.93059572159907));
#13182=CARTESIAN_POINT('Ctrl Pts',(-4.16697519976889,-1.07660605843458,
9.30622354672244));
#13183=CARTESIAN_POINT('Ctrl Pts',(-4.24685684193185,-0.712037574273621,
9.52655663205263));
#13184=CARTESIAN_POINT('Ctrl Pts',(-4.29091971119241,-0.324401168842014,
9.64292687048702));
#13185=CARTESIAN_POINT('Ctrl Pts',(-4.30931091210881,0.0445468876623727,
9.68954068652824));
#13186=CARTESIAN_POINT('Ctrl Pts',(-4.27533823769102,0.561710427627693,
9.60419233121788));
#13187=CARTESIAN_POINT('Ctrl Pts',(-4.17242406374649,1.06042965780156,9.32155205254205));
#13188=CARTESIAN_POINT('Ctrl Pts',(-4.05839073255325,1.39844658041285,8.94940572470563));
#13189=CARTESIAN_POINT('Ctrl Pts',(-3.95954510819352,1.62294858253483,8.48138800427046));
#13190=CARTESIAN_POINT('Ctrl Pts',(-3.93653347935849,1.66566144853037,8.15560620496774));
#13191=CARTESIAN_POINT('Ctrl Pts',(-3.93646754029622,1.66576306265251,7.84429499856213));
#13192=CARTESIAN_POINT('Ctrl Pts',(-3.96536248259172,1.61218087424564,7.43625727591279));
#13193=CARTESIAN_POINT('Ctrl Pts',(-4.06102206643582,1.39254972785338,7.05149975028275));
#13194=CARTESIAN_POINT('Ctrl Pts',(-4.17025157118258,1.05592140148623,6.68386497716589));
#13195=CARTESIAN_POINT('Ctrl Pts',(-4.28834067252988,0.572009120368134,
6.36093692466001));
#13196=CARTESIAN_POINT('Ctrl Pts',(-4.32048950528535,-0.288030989067625,
6.28215948772024));
#13197=CARTESIAN_POINT('Ctrl Pts',(-4.20081353388412,-0.960275174867319,
6.59157599554782));
#13198=CARTESIAN_POINT('Ctrl Pts',(-4.08699625910077,-1.31532164570815,
6.956677240736));
#13199=CARTESIAN_POINT('Ctrl Pts',(-4.01371459198317,-1.50247828144284,
7.25334000246694));
#13200=CARTESIAN_POINT('Ctrl Pts',(-3.95274837666598,-1.63456201192082,
7.61070013028803));
#13201=CARTESIAN_POINT('Ctrl Pts',(-3.93654286376498,-1.666,7.85412926522934));
#13202=CARTESIAN_POINT('Ctrl Pts',(-3.93654286376498,-1.666,8.));
#13203=CARTESIAN_POINT('',(-3.93654286376498,-1.666,8.));
#13204=CARTESIAN_POINT('',(-3.50145297333782,-1.93386325150042,8.));
#13205=CARTESIAN_POINT('Ctrl Pts',(-3.93654286376498,-1.666,8.));
#13206=CARTESIAN_POINT('Ctrl Pts',(-3.93654286376498,-1.666,8.15562675771639));
#13207=CARTESIAN_POINT('Ctrl Pts',(-3.9594882549535,-1.62297730446114,8.48101462244453));
#13208=CARTESIAN_POINT('Ctrl Pts',(-4.05446240739605,-1.40765814291007,
8.93059572159907));
#13209=CARTESIAN_POINT('Ctrl Pts',(-4.16697519976889,-1.07660605843458,
9.30622354672244));
#13210=CARTESIAN_POINT('Ctrl Pts',(-4.24685684193185,-0.712037574273621,
9.52655663205263));
#13211=CARTESIAN_POINT('Ctrl Pts',(-4.29091971119241,-0.324401168842014,
9.64292687048702));
#13212=CARTESIAN_POINT('Ctrl Pts',(-4.30931091210881,0.0445468876623727,
9.68954068652824));
#13213=CARTESIAN_POINT('Ctrl Pts',(-4.27533823769102,0.561710427627693,
9.60419233121788));
#13214=CARTESIAN_POINT('Ctrl Pts',(-4.17242406374649,1.06042965780156,9.32155205254205));
#13215=CARTESIAN_POINT('Ctrl Pts',(-4.05839073255325,1.39844658041285,8.94940572470563));
#13216=CARTESIAN_POINT('Ctrl Pts',(-3.95954510819352,1.62294858253483,8.48138800427046));
#13217=CARTESIAN_POINT('Ctrl Pts',(-3.93653347935849,1.66566144853037,8.15560620496774));
#13218=CARTESIAN_POINT('Ctrl Pts',(-3.93646754029622,1.66576306265251,7.84429499856213));
#13219=CARTESIAN_POINT('Ctrl Pts',(-3.96536248259172,1.61218087424564,7.43625727591279));
#13220=CARTESIAN_POINT('Ctrl Pts',(-4.06102206643582,1.39254972785338,7.05149975028275));
#13221=CARTESIAN_POINT('Ctrl Pts',(-4.17025157118258,1.05592140148623,6.68386497716589));
#13222=CARTESIAN_POINT('Ctrl Pts',(-4.28834067252988,0.572009120368134,
6.36093692466001));
#13223=CARTESIAN_POINT('Ctrl Pts',(-4.32048950528535,-0.288030989067625,
6.28215948772024));
#13224=CARTESIAN_POINT('Ctrl Pts',(-4.20081353388412,-0.960275174867319,
6.59157599554782));
#13225=CARTESIAN_POINT('Ctrl Pts',(-4.08699625910077,-1.31532164570815,
6.956677240736));
#13226=CARTESIAN_POINT('Ctrl Pts',(-4.01371459198317,-1.50247828144284,
7.25334000246694));
#13227=CARTESIAN_POINT('Ctrl Pts',(-3.95274837666598,-1.63456201192082,
7.61070013028803));
#13228=CARTESIAN_POINT('Ctrl Pts',(-3.93654286376498,-1.666,7.85412926522934));
#13229=CARTESIAN_POINT('Ctrl Pts',(-3.93654286376498,-1.666,8.));
#13230=CARTESIAN_POINT('Origin',(-7.,-5.51091059616309E-16,8.));
#13231=CARTESIAN_POINT('',(-12.3884802942088,-1.666,8.));
#13232=CARTESIAN_POINT('',(-7.,-1.666,8.));
#13233=CARTESIAN_POINT('Ctrl Pts',(-12.3884802942088,-1.666,8.));
#13234=CARTESIAN_POINT('Ctrl Pts',(-12.3884802942088,-1.666,7.79054435602973));
#13235=CARTESIAN_POINT('Ctrl Pts',(-12.3943406110684,-1.62408914518448,
7.56729990391748));
#13236=CARTESIAN_POINT('Ctrl Pts',(-12.4154442354315,-1.45399075475019,
7.15690695861148));
#13237=CARTESIAN_POINT('Ctrl Pts',(-12.4303758492134,-1.32581670295693,
6.96973690804336));
#13238=CARTESIAN_POINT('Ctrl Pts',(-12.4583541398009,-1.03026469078592,
6.67418489587234));
#13239=CARTESIAN_POINT('Ctrl Pts',(-12.4732276742393,-0.843093946889902,
6.54600959070022));
#13240=CARTESIAN_POINT('Ctrl Pts',(-12.4941981694044,-0.432698646816218,
6.37591028398715));
#13241=CARTESIAN_POINT('Ctrl Pts',(-12.5,-0.209453377824279,6.334));
#13242=CARTESIAN_POINT('Ctrl Pts',(-12.5,0.209453377824278,6.334));
#13243=CARTESIAN_POINT('Ctrl Pts',(-12.4941981694044,0.432698646816217,
6.37591028398715));
#13244=CARTESIAN_POINT('Ctrl Pts',(-12.4732276742393,0.843093946889901,
6.54600959070022));
#13245=CARTESIAN_POINT('Ctrl Pts',(-12.4583541398009,1.03026469078592,6.67418489587234));
#13246=CARTESIAN_POINT('Ctrl Pts',(-12.4303758492134,1.32581670295693,6.96973690804336));
#13247=CARTESIAN_POINT('Ctrl Pts',(-12.4154442354315,1.45399075475019,7.15690695861148));
#13248=CARTESIAN_POINT('Ctrl Pts',(-12.3943406110684,1.62408914518448,7.56729990391749));
#13249=CARTESIAN_POINT('Ctrl Pts',(-12.3884802942088,1.666,7.79054435602973));
#13250=CARTESIAN_POINT('Ctrl Pts',(-12.3884802942088,1.666,8.20945564397027));
#13251=CARTESIAN_POINT('Ctrl Pts',(-12.3943406110684,1.62408914518448,8.43270009608251));
#13252=CARTESIAN_POINT('Ctrl Pts',(-12.4154442354315,1.45399075475019,8.84309304138852));
#13253=CARTESIAN_POINT('Ctrl Pts',(-12.4303758492134,1.32581670295693,9.03026309195664));
#13254=CARTESIAN_POINT('Ctrl Pts',(-12.4583541398009,1.03026469078592,9.32581510412766));
#13255=CARTESIAN_POINT('Ctrl Pts',(-12.4732276742393,0.8430939468899,9.45399040929978));
#13256=CARTESIAN_POINT('Ctrl Pts',(-12.4941981694044,0.432698646816216,
9.62408971601285));
#13257=CARTESIAN_POINT('Ctrl Pts',(-12.5,0.209453377824278,9.666));
#13258=CARTESIAN_POINT('Ctrl Pts',(-12.5,-0.209453377824279,9.666));
#13259=CARTESIAN_POINT('Ctrl Pts',(-12.4941981694044,-0.432698646816217,
9.62408971601285));
#13260=CARTESIAN_POINT('Ctrl Pts',(-12.4732276742393,-0.843093946889901,
9.45399040929978));
#13261=CARTESIAN_POINT('Ctrl Pts',(-12.4583541398009,-1.03026469078592,
9.32581510412766));
#13262=CARTESIAN_POINT('Ctrl Pts',(-12.4303758492134,-1.32581670295693,
9.03026309195664));
#13263=CARTESIAN_POINT('Ctrl Pts',(-12.4154442354315,-1.45399075475019,
8.84309304138852));
#13264=CARTESIAN_POINT('Ctrl Pts',(-12.3943406110684,-1.62408914518448,
8.43270009608252));
#13265=CARTESIAN_POINT('Ctrl Pts',(-12.3884802942088,-1.666,8.20945564397027));
#13266=CARTESIAN_POINT('Ctrl Pts',(-12.3884802942088,-1.666,8.));
#13267=CARTESIAN_POINT('Origin',(0.,0.,10.85));
#13268=CARTESIAN_POINT('',(12.2,-1.49406909495977E-15,11.));
#13269=CARTESIAN_POINT('Origin',(0.,0.,11.));
#13270=CARTESIAN_POINT('',(12.5,1.53080849893419E-15,10.7));
#13271=CARTESIAN_POINT('',(12.35,1.51243879694698E-15,10.85));
#13272=CARTESIAN_POINT('Origin',(0.,0.,10.7));
#13273=CARTESIAN_POINT('Origin',(0.,0.,11.));
#13274=CARTESIAN_POINT('',(4.3,5.26598123633362E-16,11.));
#13275=CARTESIAN_POINT('Origin',(0.,0.,11.));
#13276=CARTESIAN_POINT('Origin',(0.,0.,5.));
#13277=CARTESIAN_POINT('',(12.5,1.53080849893419E-15,5.));
#13278=CARTESIAN_POINT('',(12.5,1.53080849893419E-15,5.));
#13279=CARTESIAN_POINT('Origin',(0.,0.,5.));
#13280=CARTESIAN_POINT('Origin',(0.,0.,10.85));
#13281=CARTESIAN_POINT('',(4.15,5.08228421646152E-16,10.85));
#13282=CARTESIAN_POINT('Origin',(0.,0.,5.));
#13283=CARTESIAN_POINT('',(21.8,2.66973002214123E-15,5.));
#13284=CARTESIAN_POINT('Origin',(0.,0.,5.));
#13285=CARTESIAN_POINT('Origin',(0.,0.,3.5));
#13286=CARTESIAN_POINT('',(21.8,2.66973002214123E-15,3.5));
#13287=CARTESIAN_POINT('',(21.8,2.66973002214123E-15,3.5));
#13288=CARTESIAN_POINT('Origin',(0.,0.,3.5));
#13289=CARTESIAN_POINT('Origin',(0.,0.,5.));
#13290=CARTESIAN_POINT('',(0.694592710667721,-3.93923101204883,5.));
#13291=CARTESIAN_POINT('Origin',(0.,0.,5.));
#13292=CARTESIAN_POINT('Origin',(0.,0.,3.5));
#13293=CARTESIAN_POINT('Origin',(0.,0.,-4.9));
#13294=CARTESIAN_POINT('',(0.694592710667721,-3.93923101204883,-4.8));
#13295=CARTESIAN_POINT('Origin',(0.,0.,-4.8));
#13296=CARTESIAN_POINT('',(0.729322346201106,-4.13619256265128,-5.));
#13297=CARTESIAN_POINT('',(0.711957528434414,-4.03771178735005,-4.9));
#13298=CARTESIAN_POINT('Origin',(0.,0.,-5.));
#13299=CARTESIAN_POINT('Origin',(0.,0.,-5.));
#13300=CARTESIAN_POINT('',(0.694592710667721,-3.93923101204883,-5.));
#13301=CARTESIAN_POINT('Origin',(0.,0.,-5.));
#13302=CARTESIAN_POINT('',(3.78553027313908,-21.4688090156661,-5.));
#13303=CARTESIAN_POINT('Origin',(0.,0.,-5.));
#13304=CARTESIAN_POINT('Origin',(0.,0.,-5.));
#13305=CARTESIAN_POINT('',(3.78553027313908,-21.4688090156661,-3.5));
#13306=CARTESIAN_POINT('Origin',(0.,0.,-3.5));
#13307=CARTESIAN_POINT('',(3.78553027313908,-21.4688090156661,-5.));
#13308=CARTESIAN_POINT('Origin',(0.,0.,-3.5));
#13309=CARTESIAN_POINT('',(0.,0.,0.));
#13310=UNCERTAINTY_MEASURE_WITH_UNIT(LENGTH_MEASURE(0.01),#13316,
'DISTANCE_ACCURACY_VALUE',
'Maximum model space distance between geometric entities at asserted c
onnectivities');
#13311=UNCERTAINTY_MEASURE_WITH_UNIT(LENGTH_MEASURE(0.01),#13316,
'DISTANCE_ACCURACY_VALUE',
'Maximum model space distance between geometric entities at asserted c
onnectivities');
#13312=UNCERTAINTY_MEASURE_WITH_UNIT(LENGTH_MEASURE(0.01),#13316,
'DISTANCE_ACCURACY_VALUE',
'Maximum model space distance between geometric entities at asserted c
onnectivities');
#13313=(
GEOMETRIC_REPRESENTATION_CONTEXT(3)
GLOBAL_UNCERTAINTY_ASSIGNED_CONTEXT((#13310))
GLOBAL_UNIT_ASSIGNED_CONTEXT((#13316,#13318,#13319))
REPRESENTATION_CONTEXT('','3D')
);
#13314=(
GEOMETRIC_REPRESENTATION_CONTEXT(3)
GLOBAL_UNCERTAINTY_ASSIGNED_CONTEXT((#13311))
GLOBAL_UNIT_ASSIGNED_CONTEXT((#13316,#13318,#13319))
REPRESENTATION_CONTEXT('','3D')
);
#13315=(
GEOMETRIC_REPRESENTATION_CONTEXT(3)
GLOBAL_UNCERTAINTY_ASSIGNED_CONTEXT((#13312))
GLOBAL_UNIT_ASSIGNED_CONTEXT((#13316,#13318,#13319))
REPRESENTATION_CONTEXT('','3D')
);
#13316=(
LENGTH_UNIT()
NAMED_UNIT(*)
SI_UNIT(.MILLI.,.METRE.)
);
#13317=(
LENGTH_UNIT()
NAMED_UNIT(*)
SI_UNIT($,.METRE.)
);
#13318=(
NAMED_UNIT(*)
PLANE_ANGLE_UNIT()
SI_UNIT($,.RADIAN.)
);
#13319=(
NAMED_UNIT(*)
SI_UNIT($,.STERADIAN.)
SOLID_ANGLE_UNIT()
);
#13320=SHAPE_DEFINITION_REPRESENTATION(#13322,#13325);
#13321=SHAPE_DEFINITION_REPRESENTATION(#13323,#13326);
#13322=PRODUCT_DEFINITION_SHAPE('',$,#13328);
#13323=PRODUCT_DEFINITION_SHAPE('',$,#13329);
#13324=PRODUCT_DEFINITION_SHAPE($,$,#16);
#13325=SHAPE_REPRESENTATION('',(#7119,#8232),#13313);
#13326=SHAPE_REPRESENTATION('',(#7120),#13314);
#13327=PRODUCT_DEFINITION_CONTEXT('part definition',#13335,'design');
#13328=PRODUCT_DEFINITION('GT2_60T_8mm-Bore_6mm-Belt',
'GT2_60T_8mm-Bore_6mm-Belt v2',#13330,#13327);
#13329=PRODUCT_DEFINITION('GT2 Timing Pulley v2 v1',
'GT2 Timing Pulley v2 v1',#13331,#13327);
#13330=PRODUCT_DEFINITION_FORMATION('',$,#13337);
#13331=PRODUCT_DEFINITION_FORMATION('',$,#13338);
#13332=PRODUCT_RELATED_PRODUCT_CATEGORY('GT2_60T_8mm-Bore_6mm-Belt v2',
'GT2_60T_8mm-Bore_6mm-Belt v2',(#13337));
#13333=PRODUCT_RELATED_PRODUCT_CATEGORY('GT2 Timing Pulley v2 v1',
'GT2 Timing Pulley v2 v1',(#13338));
#13334=APPLICATION_PROTOCOL_DEFINITION('international standard',
'ap242_managed_model_based_3d_engineering',2011,#13335);
#13335=APPLICATION_CONTEXT('Managed model based 3d engineering');
#13336=PRODUCT_CONTEXT('part definition',#13335,'mechanical');
#13337=PRODUCT('GT2_60T_8mm-Bore_6mm-Belt',
'GT2_60T_8mm-Bore_6mm-Belt v2',$,(#13336));
#13338=PRODUCT('GT2 Timing Pulley v2 v1','GT2 Timing Pulley v2 v1',$,(#13336));
#13339=PRESENTATION_STYLE_ASSIGNMENT((#13341));
#13340=PRESENTATION_STYLE_ASSIGNMENT((#13342));
#13341=SURFACE_STYLE_USAGE(.BOTH.,#13343);
#13342=SURFACE_STYLE_USAGE(.BOTH.,#13344);
#13343=SURFACE_SIDE_STYLE('',(#13345));
#13344=SURFACE_SIDE_STYLE('',(#13346));
#13345=SURFACE_STYLE_FILL_AREA(#13347);
#13346=SURFACE_STYLE_FILL_AREA(#13348);
#13347=FILL_AREA_STYLE('Steel - Satin',(#13349));
#13348=FILL_AREA_STYLE('Plastic - Matte (Gray)',(#13350));
#13349=FILL_AREA_STYLE_COLOUR('Steel - Satin',#13351);
#13350=FILL_AREA_STYLE_COLOUR('Plastic - Matte (Gray)',#13352);
#13351=COLOUR_RGB('Steel - Satin',0.627450980392157,0.627450980392157,0.627450980392157);
#13352=COLOUR_RGB('Plastic - Matte (Gray)',0.701960784313725,0.701960784313725,
0.701960784313725);
ENDSEC;
END-ISO-10303-21;
