ISO-10303-21;
HEADER;
FILE_DESCRIPTION (( 'STEP AP203' ),
    '1' );
FILE_NAME ('7549K16_Precision Flange Nut.STEP',
    '2025-06-10T20:12:30',
    ( 'Administrator' ),
    ( 'Managed by Terraform' ),
    'SwSTEP 2.0',
    'SolidWorks 2017',
    '' );
FILE_SCHEMA (( 'CONFIG_CONTROL_DESIGN' ));
ENDSEC;

DATA;
#1 = ORIENTED_EDGE ( 'NONE', *, *, #3036, .T. ) ;
#2 = CARTESIAN_POINT ( 'NONE',  ( -0.1687420532719493300, 0.005908875595233055600, 0.2726840604171195700 ) ) ;
#3 = ORIENTED_EDGE ( 'NONE', *, *, #1282, .F. ) ;
#4 = CARTESIAN_POINT ( 'NONE',  ( 0.0000000000000000000, -0.1968503937007874100, 0.3125000000000000000 ) ) ;
#5 = CARTESIAN_POINT ( 'NONE',  ( -0.1407812500000005800, -0.5625000000000001100, 0.09375000000000026400 ) ) ;
#6 = CARTESIAN_POINT ( 'NONE',  ( -0.1672748905894210500, -0.08019846974270419800, -0.2890468642709775300 ) ) ;
#7 = ORIENTED_EDGE ( 'NONE', *, *, #3783, .F. ) ;
#8 = CARTESIAN_POINT ( 'NONE',  ( -0.09924488173182202700, -0.1365988609149796600, 0.04872047244094498300 ) ) ;
#9 = ORIENTED_EDGE ( 'NONE', *, *, #663, .T. ) ;
#10 = EDGE_CURVE ( 'NONE', #2486, #3706, #2363, .T. ) ;
#11 = CARTESIAN_POINT ( 'NONE',  ( -0.1223860333968800500, 0.1684499236856469000, 0.08110825711851842000 ) ) ;
#12 = CARTESIAN_POINT ( 'NONE',  ( 0.1436285421260782600, -0.1043522440900053200, -0.1799961053841929700 ) ) ;
#13 = CIRCLE ( 'NONE', #28, 0.1328125000000000000 ) ;
#14 = CARTESIAN_POINT ( 'NONE',  ( 5.122214988120493500E-017, -0.5625000000000001100, 0.08578124999999983700 ) ) ;
#15 = ADVANCED_FACE ( 'NONE', ( #256 ), #1228, .T. ) ;
#16 = CIRCLE ( 'NONE', #3651, 0.1328125000000000000 ) ;
#17 = DIRECTION ( 'NONE',  ( -0.0000000000000000000, -0.0000000000000000000, 1.000000000000000000 ) ) ;
#18 = CARTESIAN_POINT ( 'NONE',  ( 0.6953125000000001100, 2.578744229469662300E-017, -0.3125000000000000000 ) ) ;
#19 = CIRCLE ( 'NONE', #1880, 0.1407812500000006100 ) ;
#20 = CARTESIAN_POINT ( 'NONE',  ( 0.1436285421260782600, 0.1043522440900053900, 0.2416338582677166900 ) ) ;
#21 = CARTESIAN_POINT ( 'NONE',  ( 0.1407812500000006100, 0.5625000000000001100, 0.09375000000000026400 ) ) ;
#22 = DIRECTION ( 'NONE',  ( -0.7071067811865486800, 0.0000000000000000000, -0.7071067811865462400 ) ) ;
#23 = CARTESIAN_POINT ( 'NONE',  ( 2.067760738647403800E-017, -0.1688454777399540100, -0.1008858267716535000 ) ) ;
#24 = EDGE_CURVE ( 'NONE', #34, #97, #153, .T. ) ;
#25 = FACE_OUTER_BOUND ( 'NONE', #1073, .T. ) ;
#26 = CARTESIAN_POINT ( 'NONE',  ( -0.06765333536248341300, 0.2082155564801114700, -0.1590492231964423500 ) ) ;
#27 = CARTESIAN_POINT ( 'NONE',  ( -0.1436285421260782800, 0.1043522440900053500, -0.06188586916372043600 ) ) ;
#28 = AXIS2_PLACEMENT_3D ( 'NONE', #2072, #1437, #3854 ) ;
#29 = CARTESIAN_POINT ( 'NONE',  ( -0.1872158496644002500, -0.06083011700294239900, 0.2573818897637795100 ) ) ;
#30 = CARTESIAN_POINT ( 'NONE',  ( -0.05486122133756579000, -0.1688454777399539800, 0.2888779527559057200 ) ) ;
#31 = CARTESIAN_POINT ( 'NONE',  ( 2.410722045565655500E-017, -0.1968503937007873000, 0.03690944881889754400 ) ) ;
#32 = CARTESIAN_POINT ( 'NONE',  ( -0.1674509465259921000, -0.1216602340058848100, 0.1310275166630508700 ) ) ;
#33 = PRODUCT_DEFINITION_FORMATION_WITH_SPECIFIED_SOURCE ( 'ANY', '', #3487, .NOT_KNOWN. ) ;
#34 = VERTEX_POINT ( 'NONE', #486 ) ;
#35 = EDGE_CURVE ( 'NONE', #187, #824, #1138, .T. ) ;
#36 = ADVANCED_FACE ( 'NONE', ( #660 ), #1652, .T. ) ;
#37 = CARTESIAN_POINT ( 'NONE',  ( 0.1436285421260782600, 0.1043522440900053900, -0.07332677165354328800 ) ) ;
#38 = VERTEX_POINT ( 'NONE', #1648 ) ;
#39 = CARTESIAN_POINT ( 'NONE',  ( -0.2189307921375865400, -1.401796795299716600E-017, -0.3007815066610093300 ) ) ;
#40 = CARTESIAN_POINT ( 'NONE',  ( -0.09924488173182202700, -0.1365988609149796600, 0.03653932768667328400 ) ) ;
#41 = CARTESIAN_POINT ( 'NONE',  ( 0.0000000000000000000, 1.175782360627693200E-018, 0.3125000000000000000 ) ) ;
#42 = ORIENTED_EDGE ( 'NONE', *, *, #2507, .F. ) ;
#43 = FACE_OUTER_BOUND ( 'NONE', #3150, .T. ) ;
#44 = DIRECTION ( 'NONE',  ( 0.0000000000000000000, 1.000000000000000000, 0.0000000000000000000 ) ) ;
#45 = DIRECTION ( 'NONE',  ( 0.0000000000000000000, 1.000000000000000000, 0.0000000000000000000 ) ) ;
#46 = EDGE_LOOP ( 'NONE', ( #2078, #564 ) ) ;
#47 = CARTESIAN_POINT ( 'NONE',  ( 0.1605815918515515800, 0.05217612204500271500, 0.1589566929133859900 ) ) ;
#48 = CARTESIAN_POINT ( 'NONE',  ( 0.1328125000000000600, -0.5625000000000001100, -0.3125000000000000000 ) ) ;
#49 = CARTESIAN_POINT ( 'NONE',  ( -0.1436285421260782300, -0.1043522440900053500, -0.1914370078740157400 ) ) ;
#50 = CARTESIAN_POINT ( 'NONE',  ( 0.1223860333968799900, 0.1684499236856469000, -0.3283405617791195200 ) ) ;
#51 = CARTESIAN_POINT ( 'NONE',  ( -0.1436285421260782300, -0.1043522440900053500, -0.1248779951479724300 ) ) ;
#52 = EDGE_CURVE ( 'NONE', #2030, #78, #3394, .T. ) ;
#53 = ORIENTED_EDGE ( 'NONE', *, *, #2092, .T. ) ;
#54 = ORIENTED_EDGE ( 'NONE', *, *, #1634, .T. ) ;
#55 = CARTESIAN_POINT ( 'NONE',  ( -0.1436285421260782800, 0.1043522440900053500, 0.2652559055118111600 ) ) ;
#56 = VERTEX_POINT ( 'NONE', #513 ) ;
#57 = AXIS2_PLACEMENT_3D ( 'NONE', #1035, #1989, #1048 ) ;
#58 = CARTESIAN_POINT ( 'NONE',  ( 0.05486122133756583800, -0.1688454777399539500, 0.2180118110236222200 ) ) ;
#59 = CARTESIAN_POINT ( 'NONE',  ( -0.1872158496644003300, 0.06083011700294239200, -0.1441929133858270200 ) ) ;
#60 = DIRECTION ( 'NONE',  ( -0.7071067811865527900, 0.0000000000000000000, -0.7071067811865421300 ) ) ;
#61 = CIRCLE ( 'NONE', #893, 0.1968503937007874100 ) ;
#62 = CARTESIAN_POINT ( 'NONE',  ( -0.05486122133756586600, 0.1688454777399540400, -0.2150590551181102400 ) ) ;
#63 = CARTESIAN_POINT ( 'NONE',  ( -0.1980247617844316000, 0.06434214544559113700, -0.3047185145350250200 ) ) ;
#64 = CARTESIAN_POINT ( 'NONE',  ( -0.05486122133756579000, -0.1688454777399540100, -0.03826382191962594800 ) ) ;
#65 = VECTOR ( 'NONE', #415, 39.37007874015748100 ) ;
#66 = CARTESIAN_POINT ( 'NONE',  ( 0.09924488173182205400, -0.1365988609149796600, 0.2219488188976379800 ) ) ;
#67 = FACE_OUTER_BOUND ( 'NONE', #276, .T. ) ;
#68 = DIRECTION ( 'NONE',  ( -0.0000000000000000000, 1.881251777004309100E-018, 1.000000000000000000 ) ) ;
#69 = CARTESIAN_POINT ( 'NONE',  ( -0.1687420532719493300, 0.005908875595233055600, 0.2726840604171195700 ) ) ;
#70 = CARTESIAN_POINT ( 'NONE',  ( -0.05486122133756586600, 0.1688454777399540400, 0.09990157480314972000 ) ) ;
#71 = CARTESIAN_POINT ( 'NONE',  ( 0.0000000000000000000, -0.1968503937007873800, 0.3006889763779528300 ) ) ;
#72 = CARTESIAN_POINT ( 'NONE',  ( -0.08307705153159858400, 0.1483454771410115400, -0.3700365132918275200 ) ) ;
#73 = EDGE_CURVE ( 'NONE', #924, #775, #2789, .T. ) ;
#74 = CARTESIAN_POINT ( 'NONE',  ( -0.1436285421260782800, 0.1043522440900053500, 0.2530747607575388700 ) ) ;
#75 = CARTESIAN_POINT ( 'NONE',  ( -0.1771187314312765700, -0.1286842908911822700, -0.3716476483932926200 ) ) ;
#76 = CARTESIAN_POINT ( 'NONE',  ( 0.09924488173182204100, 0.1365988609149797500, 0.1668307086614174700 ) ) ;
#77 = DIRECTION ( 'NONE',  ( 0.0000000000000000000, 1.000000000000000000, 0.0000000000000000000 ) ) ;
#78 = VERTEX_POINT ( 'NONE', #1095 ) ;
#79 = CARTESIAN_POINT ( 'NONE',  ( -0.1605815918515515800, -0.05217612204500268700, -0.1166338582677165400 ) ) ;
#80 = DIRECTION ( 'NONE',  ( -1.000000000000000000, 0.0000000000000000000, 0.0000000000000000000 ) ) ;
#81 = EDGE_CURVE ( 'NONE', #38, #1305, #1272, .T. ) ;
#82 = ORIENTED_EDGE ( 'NONE', *, *, #1953, .T. ) ;
#83 = LINE ( 'NONE', #848, #2198 ) ;
#84 = DIRECTION ( 'NONE',  ( 0.0000000000000000000, 1.000000000000000000, 0.0000000000000000000 ) ) ;
#85 = CARTESIAN_POINT ( 'NONE',  ( 0.1605815918515516000, -0.05217612204500263900, -0.2547992549904922200 ) ) ;
#86 = ORIENTED_EDGE ( 'NONE', *, *, #1079, .F. ) ;
#87 = CARTESIAN_POINT ( 'NONE',  ( 2.067760738647403800E-017, -0.1688454777399540100, 0.1353346456692914600 ) ) ;
#88 = DIRECTION ( 'NONE',  ( -0.7071067811865527900, 0.0000000000000000000, -0.7071067811865421300 ) ) ;
#89 = DIRECTION ( 'NONE',  ( 0.0000000000000000000, 1.000000000000000000, -1.881251777004309100E-018 ) ) ;
#90 = ORIENTED_EDGE ( 'NONE', *, *, #596, .T. ) ;
#91 = CARTESIAN_POINT ( 'NONE',  ( -0.09924488173182202700, -0.1365988609149796600, -0.03001968503936998400 ) ) ;
#92 = CARTESIAN_POINT ( 'NONE',  ( -0.1436285421260782800, 0.1043522440900053500, 0.09559444579690887200 ) ) ;
#93 = CARTESIAN_POINT ( 'NONE',  ( 0.5625000000000001100, 2.578744229469662300E-017, -0.3045312500000002500 ) ) ;
#94 = CARTESIAN_POINT ( 'NONE',  ( -0.006386516457229227600, -0.1960874352377359500, 0.2996412904388965300 ) ) ;
#95 = CARTESIAN_POINT ( 'NONE',  ( 0.09924488173182204100, 0.1365988609149797500, -0.3056102362204724500 ) ) ;
#96 = VERTEX_POINT ( 'NONE', #2882 ) ;
#97 = VERTEX_POINT ( 'NONE', #786 ) ;
#98 = CARTESIAN_POINT ( 'NONE',  ( 0.1592553138533356100, 0.1157057583252906600, 0.3006889763779528300 ) ) ;
#99 = DIRECTION ( 'NONE',  ( -0.0000000000000000000, -0.0000000000000000000, 1.000000000000000000 ) ) ;
#100 = AXIS2_PLACEMENT_3D ( 'NONE', #3756, #1356, #1964 ) ;
#101 = VERTEX_POINT ( 'NONE', #1069 ) ;
#102 = CARTESIAN_POINT ( 'NONE',  ( -0.1436285421260782300, -0.1043522440900053500, 0.04478346456692922100 ) ) ;
#103 =( BOUNDED_CURVE ( )  B_SPLINE_CURVE ( 2, ( #2189, #2827, #3691, #1286, #1301, #3397, #1592, #1897, #104, #2505, #691 ),
 .UNSPECIFIED., .F., .F. ) 
 B_SPLINE_CURVE_WITH_KNOTS ( ( 3, 2, 2, 2, 2, 3 ),
 ( 0.7708441402663680500, 0.7819552513774791200, 0.7930663624885901900, 0.8041774735997013800, 0.8152885847108124500, 0.8263996958219236300 ),
 .UNSPECIFIED. ) 
 CURVE ( )  GEOMETRIC_REPRESENTATION_ITEM ( )  RATIONAL_B_SPLINE_CURVE ( ( 1.000000000000011300, 0.9510565162951422100, 1.000000000000000000, 0.9510565162951534200, 1.000000000000000000, 0.9510565162951534200, 1.000000000000000000, 0.9510565162951534200, 1.000000000000000000, 0.9510565162951646300, 0.9999999999999887900 ) ) 
 REPRESENTATION_ITEM ( '' )  );
#104 = CARTESIAN_POINT ( 'NONE',  ( -0.1157057583252899500, -0.1592553138533360800, 0.2137046820173816300 ) ) ;
#105 = CARTESIAN_POINT ( 'NONE',  ( -0.1674509465259921000, 0.1216602340058848100, 0.009350393700787272200 ) ) ;
#106 = CYLINDRICAL_SURFACE ( 'NONE', #1627, 0.1968503937007874100 ) ;
#107 = CARTESIAN_POINT ( 'NONE',  ( -0.1436285421260782300, -0.1043522440900053500, -0.1126968503937007400 ) ) ;
#108 = CARTESIAN_POINT ( 'NONE',  ( 0.1605815918515515800, 0.05217612204500271500, 0.1467755481591136400 ) ) ;
#109 = CARTESIAN_POINT ( 'NONE',  ( 0.0000000000000000000, 0.5625000000000001100, -0.3125000000000000000 ) ) ;
#110 = CARTESIAN_POINT ( 'NONE',  ( 0.005983428695958035800, -0.1967594370829388600, 0.3006889763779533900 ) ) ;
#111 = CARTESIAN_POINT ( 'NONE',  ( -0.1157057583252899500, -0.1592553138533360800, -0.02251579042356335200 ) ) ;
#112 = LINE ( 'NONE', #48, #1516 ) ;
#113 = CARTESIAN_POINT ( 'NONE',  ( -0.06396057012460032400, -0.1968503937007782800, 0.2963818473717114700 ) ) ;
#114 = FACE_OUTER_BOUND ( 'NONE', #1214, .T. ) ;
#115 = CARTESIAN_POINT ( 'NONE',  ( 0.1605815918515516000, -0.05217612204500263900, -0.08513779527559053900 ) ) ;
#116 = DIRECTION ( 'NONE',  ( 0.0000000000000000000, 1.000000000000000000, 0.0000000000000000000 ) ) ;
#117 = CARTESIAN_POINT ( 'NONE',  ( -0.05486122133756579000, -0.1688454777399539800, -0.1835629921259842900 ) ) ;
#118 = CARTESIAN_POINT ( 'NONE',  ( 0.09924488173182205400, -0.1365988609149796600, 0.2885078316236806600 ) ) ;
#119 = CARTESIAN_POINT ( 'NONE',  ( -0.1157057583252900100, 0.1592553138533361100, -0.2823583101086029100 ) ) ;
#120 = EDGE_CURVE ( 'NONE', #2534, #3418, #162, .T. ) ;
#121 = ORIENTED_EDGE ( 'NONE', *, *, #3518, .F. ) ;
#122 = CARTESIAN_POINT ( 'NONE',  ( 0.1436285421260782600, -0.1043522440900053200, -0.2587362628645079600 ) ) ;
#123 = ORIENTED_EDGE ( 'NONE', *, *, #2055, .T. ) ;
#124 = CARTESIAN_POINT ( 'NONE',  ( 0.1436285421260782600, 0.1043522440900054000, 0.005413385826771740200 ) ) ;
#125 = DIRECTION ( 'NONE',  ( -0.0000000000000000000, 1.881251777004309100E-018, 1.000000000000000000 ) ) ;
#126 = CARTESIAN_POINT ( 'NONE',  ( -0.06765333536248334400, -0.2082155564801114500, 0.06320666111933545600 ) ) ;
#127 = ORIENTED_EDGE ( 'NONE', *, *, #3179, .F. ) ;
#128 = CYLINDRICAL_SURFACE ( 'NONE', #57, 0.1968503937007874100 ) ;
#129 = CARTESIAN_POINT ( 'NONE',  ( -0.1605815918515516000, 0.05217612204500267400, -0.1245078740157480500 ) ) ;
#130 = CARTESIAN_POINT ( 'NONE',  ( 0.1436285421260782600, -0.1043522440900053100, 0.2924448394976963400 ) ) ;
#131 = DIRECTION ( 'NONE',  ( -0.0000000000000000000, -0.0000000000000000000, 1.000000000000000000 ) ) ;
#132 = CARTESIAN_POINT ( 'NONE',  ( 0.0000000000000000000, 2.619896612091631500E-017, 0.3006889763779528300 ) ) ;
#133 = ORIENTED_EDGE ( 'NONE', *, *, #551, .F. ) ;
#134 = CARTESIAN_POINT ( 'NONE',  ( -0.05486122133756579000, -0.1688454777399539800, -0.3410433070866141800 ) ) ;
#135 = DIRECTION ( 'NONE',  ( 0.0000000000000000000, -1.881251777004309100E-018, -1.000000000000000000 ) ) ;
#136 = CARTESIAN_POINT ( 'NONE',  ( 0.05486122133756583800, -0.1688454777399539500, -0.09694881889763777600 ) ) ;
#137 = ORIENTED_EDGE ( 'NONE', *, *, #194, .F. ) ;
#138 = ORIENTED_EDGE ( 'NONE', *, *, #1733, .T. ) ;
#139 = CARTESIAN_POINT ( 'NONE',  ( -0.1771187314312765700, 0.1286842908911822700, 0.1183247713555559300 ) ) ;
#140 = EDGE_CURVE ( 'NONE', #3857, #3200, #1083, .T. ) ;
#141 = CARTESIAN_POINT ( 'NONE',  ( 0.05486122133756583800, -0.1688454777399539500, -0.2544291338582677600 ) ) ;
#142 = CARTESIAN_POINT ( 'NONE',  ( 0.05486122133756580300, 0.1688454777399540400, 0.1585865717811609000 ) ) ;
#143 = EDGE_LOOP ( 'NONE', ( #3290, #451, #3381, #381 ) ) ;
#144 = DIRECTION ( 'NONE',  ( 1.000000000000000000, 0.0000000000000000000, 0.0000000000000000000 ) ) ;
#145 = DIRECTION ( 'NONE',  ( -0.0000000000000000000, 1.881251777004309100E-018, 1.000000000000000000 ) ) ;
#146 = CARTESIAN_POINT ( 'NONE',  ( 0.1605815918515515800, 0.05217612204500271500, 0.2255157056394286600 ) ) ;
#147 = CARTESIAN_POINT ( 'NONE',  ( 0.1157057583252899500, 0.1592553138533361100, -0.1678149606299214900 ) ) ;
#148 = CARTESIAN_POINT ( 'NONE',  ( 0.0000000000000000000, 7.400374177790705900E-019, 0.08087500000000033600 ) ) ;
#149 = AXIS2_PLACEMENT_3D ( 'NONE', #2139, #622, #2425 ) ;
#150 = CYLINDRICAL_SURFACE ( 'NONE', #3599, 0.1968503937007874100 ) ;
#151 = CARTESIAN_POINT ( 'NONE',  ( -0.1771187314312765700, 0.1286842908911822700, -0.1966358585657040100 ) ) ;
#152 = CARTESIAN_POINT ( 'NONE',  ( -0.1605815918515515800, -0.05217612204500268700, -0.03789370078740150100 ) ) ;
#153 = LINE ( 'NONE', #443, #1844 ) ;
#154 = CARTESIAN_POINT ( 'NONE',  ( -0.1223860333968799800, -0.1684499236856468200, 0.2167499682059496900 ) ) ;
#155 = EDGE_CURVE ( 'NONE', #935, #2034, #2087, .T. ) ;
#156 = CARTESIAN_POINT ( 'NONE',  ( 0.0000000000000000000, 0.5625000000000001100, 0.09375000000000026400 ) ) ;
#157 = CARTESIAN_POINT ( 'NONE',  ( 0.09924488173182205400, -0.1365988609149796600, -0.02645279829757934300 ) ) ;
#158 = CIRCLE ( 'NONE', #1913, 0.3437500000000000000 ) ;
#159 = CARTESIAN_POINT ( 'NONE',  ( -0.09924488173182208200, 0.1365988609149797200, -0.2898622047244095400 ) ) ;
#160 = DIRECTION ( 'NONE',  ( 0.0000000000000000000, 1.000000000000000000, 0.0000000000000000000 ) ) ;
#161 = CARTESIAN_POINT ( 'NONE',  ( -0.1223860333968799800, -0.1684499236856468200, -0.1769508191956253300 ) ) ;
#162 = B_SPLINE_CURVE_WITH_KNOTS ( 'NONE', 3,
 ( #1721, #232, #215, #2608 ),
 .UNSPECIFIED., .F., .F.,
 ( 4, 4 ),
 ( 0.006450092126847308000, 0.007613916472946700100 ),
 .UNSPECIFIED. ) ;
#163 = CARTESIAN_POINT ( 'NONE',  ( -0.1605815918515515800, -0.05217612204500268700, -0.1166338582677165400 ) ) ;
#164 = CARTESIAN_POINT ( 'NONE',  ( 0.0000000000000000000, 0.1968503937007874100, 0.2609487765055706300 ) ) ;
#165 = CARTESIAN_POINT ( 'NONE',  ( -0.1980247617844315700, -0.06434214544559115100, 0.05139563749728818400 ) ) ;
#166 = CARTESIAN_POINT ( 'NONE',  ( -0.05486122133756579000, -0.1688454777399539800, -0.03826382191962657300 ) ) ;
#167 = ORIENTED_EDGE ( 'NONE', *, *, #2854, .F. ) ;
#168 = CARTESIAN_POINT ( 'NONE',  ( -0.1157057583252899500, -0.1592553138533360800, 0.1077755905511810200 ) ) ;
#169 = CARTESIAN_POINT ( 'NONE',  ( 0.09924488173182204100, 0.1365988609149797500, 0.2333897213874601700 ) ) ;
#170 = CARTESIAN_POINT ( 'NONE',  ( 0.2069807528028085300, 3.887288194116977200E-017, -0.1796259842519687400 ) ) ;
#171 = DIRECTION ( 'NONE',  ( 0.0000000000000000000, 1.000000000000000000, -1.881251777004309100E-018 ) ) ;
#172 = ORIENTED_EDGE ( 'NONE', *, *, #3171, .T. ) ;
#173 = DATE_AND_TIME ( #965, #1813 ) ;
#174 = CARTESIAN_POINT ( 'NONE',  ( -0.06765333536248334400, -0.2082155564801114500, -0.1730138113216095600 ) ) ;
#175 = AXIS2_PLACEMENT_3D ( 'NONE', #3447, #1936, #3458 ) ;
#176 = ORIENTED_EDGE ( 'NONE', *, *, #787, .T. ) ;
#177 = FACE_OUTER_BOUND ( 'NONE', #3182, .T. ) ;
#178 = CARTESIAN_POINT ( 'NONE',  ( 0.1605815918515515800, 0.05217612204500271500, -0.2347440944881890000 ) ) ;
#179 = DIRECTION ( 'NONE',  ( 0.0000000000000000000, -1.000000000000000000, 0.0000000000000000000 ) ) ;
#180 = CARTESIAN_POINT ( 'NONE',  ( 0.2189307921375865400, 3.960461081222081500E-017, 0.1655688658437448900 ) ) ;
#181 = CARTESIAN_POINT ( 'NONE',  ( -0.1436285421260782800, 0.1043522440900053500, 0.01685428831659389900 ) ) ;
#182 = ORIENTED_EDGE ( 'NONE', *, *, #823, .F. ) ;
#183 = ORIENTED_EDGE ( 'NONE', *, *, #3676, .F. ) ;
#184 = CARTESIAN_POINT ( 'NONE',  ( 2.067760738647403800E-017, -0.1688454777399540100, 0.04441334343470417600 ) ) ;
#185 = DIRECTION ( 'NONE',  ( 1.000000000000000000, 0.0000000000000000000, 0.0000000000000000000 ) ) ;
#186 = CARTESIAN_POINT ( 'NONE',  ( -0.1328125000000000000, 0.5625000000000001100, -0.3045312500000000900 ) ) ;
#187 = VERTEX_POINT ( 'NONE', #2033 ) ;
#188 = CARTESIAN_POINT ( 'NONE',  ( 0.1980247617844316000, -0.06434214544559109500, -0.1533287719515307700 ) ) ;
#189 = EDGE_LOOP ( 'NONE', ( #1866, #469, #871, #2251 ) ) ;
#190 = CARTESIAN_POINT ( 'NONE',  ( -0.09924488173182208200, 0.1365988609149797200, -0.3807835069589967600 ) ) ;
#191 = ORIENTED_EDGE ( 'NONE', *, *, #1498, .T. ) ;
#192 = CARTESIAN_POINT ( 'NONE',  ( -0.06765333536248334400, -0.2082155564801114500, -0.09427365384129457500 ) ) ;
#193 = FACE_OUTER_BOUND ( 'NONE', #3747, .T. ) ;
#194 = EDGE_CURVE ( 'NONE', #791, #1397, #1038, .T. ) ;
#195 = CARTESIAN_POINT ( 'NONE',  ( -0.05486122133756586600, 0.1688454777399540400, -0.1485000423920676000 ) ) ;
#196 = CARTESIAN_POINT ( 'NONE',  ( -0.1003876598401682600, 0.1531122502792083300, -0.2866926585157176800 ) ) ;
#197 = LINE ( 'NONE', #1659, #1370 ) ;
#198 =( BOUNDED_CURVE ( )  B_SPLINE_CURVE ( 2, ( #1611, #3402, #119, #2791, #420, #3724, #3086, #1279, #1918, #1597, #3695 ),
 .UNSPECIFIED., .F., .T. ) 
 B_SPLINE_CURVE_WITH_KNOTS ( ( 3, 2, 2, 2, 2, 3 ),
 ( 0.1041774735997014200, 0.1152885847108124900, 0.1263996958219235600, 0.1375108069330347500, 0.1486219180441458200, 0.1597330291552568900 ),
 .UNSPECIFIED. ) 
 CURVE ( )  GEOMETRIC_REPRESENTATION_ITEM ( )  RATIONAL_B_SPLINE_CURVE ( ( 1.000000000000011300, 0.9510565162951422100, 1.000000000000000000, 0.9510565162951534200, 1.000000000000000000, 0.9510565162951534200, 1.000000000000000000, 0.9510565162951534200, 1.000000000000000000, 0.9510565162951646300, 0.9999999999999887900 ) ) 
 REPRESENTATION_ITEM ( '' )  );
#199 = CARTESIAN_POINT ( 'NONE',  ( -0.09924488173182208200, 0.1365988609149797200, 0.01291728044257817500 ) ) ;
#200 = CARTESIAN_POINT ( 'NONE',  ( 0.05486122133756580300, 0.1688454777399540400, -0.2351142156204141000 ) ) ;
#201 = DIRECTION ( 'NONE',  ( -1.000000000000000000, 0.0000000000000000000, 0.0000000000000000000 ) ) ;
#202 = LINE ( 'NONE', #18, #3590 ) ;
#203 = CARTESIAN_POINT ( 'NONE',  ( 0.1223860333968799900, 0.1684499236856469000, -0.2950610554160977300 ) ) ;
#204 = CARTESIAN_POINT ( 'NONE',  ( 0.1771187314312765700, -0.1286842908911822200, 0.2031555012130066800 ) ) ;
#205 = CARTESIAN_POINT ( 'NONE',  ( 0.09924488173182205400, -0.1365988609149796600, -0.2504921259842520200 ) ) ;
#206 = DIRECTION ( 'NONE',  ( 0.0000000000000000000, -1.000000000000000000, 0.0000000000000000000 ) ) ;
#207 = LINE ( 'NONE', #2396, #3496 ) ;
#208 = DIRECTION ( 'NONE',  ( -0.0000000000000000000, 1.881251777004309100E-018, 1.000000000000000000 ) ) ;
#209 = AXIS2_PLACEMENT_3D ( 'NONE', #3593, #281, #3014 ) ;
#210 = EDGE_CURVE ( 'NONE', #2730, #1624, #2371, .T. ) ;
#211 = CARTESIAN_POINT ( 'NONE',  ( 0.0000000000000000000, -0.1968503937007874100, 0.3125000000000000000 ) ) ;
#212 = DIMENSIONAL_EXPONENTS ( 1.000000000000000000, 0.0000000000000000000, 0.0000000000000000000, 0.0000000000000000000, 0.0000000000000000000, 0.0000000000000000000, 0.0000000000000000000 ) ;
#213 = CARTESIAN_POINT ( 'NONE',  ( -0.1775346415770249200, -6.413618460845107500E-018, 0.02472830406462541600 ) ) ;
#214 = CARTESIAN_POINT ( 'NONE',  ( -0.1147436657065957800, 0.1414260846328394300, -0.2857232050381137700 ) ) ;
#215 = CARTESIAN_POINT ( 'NONE',  ( -0.1937632279461981300, 0.03038949731804663600, -0.2993692450918639100 ) ) ;
#216 = CARTESIAN_POINT ( 'NONE',  ( -0.09924488173182208200, 0.1365988609149797200, 0.1703975954032081700 ) ) ;
#217 = CARTESIAN_POINT ( 'NONE',  ( -0.09924488173182208200, 0.1365988609149797200, -0.1445630345180518300 ) ) ;
#218 = CARTESIAN_POINT ( 'NONE',  ( -0.1157057583252899500, -0.1592553138533360800, 0.05622436705675161500 ) ) ;
#219 = CARTESIAN_POINT ( 'NONE',  ( 0.1775346415770249200, 3.706982764817010900E-017, 0.3125000000000002200 ) ) ;
#220 = EDGE_LOOP ( 'NONE', ( #1199, #1920, #1770, #2668 ) ) ;
#221 = CARTESIAN_POINT ( 'NONE',  ( -0.1980247617844315700, -0.06434214544559115100, 0.1755964460948964100 ) ) ;
#222 = CARTESIAN_POINT ( 'NONE',  ( 0.05486122133756580300, 0.1688454777399540400, -0.2229330708661417200 ) ) ;
#223 = CARTESIAN_POINT ( 'NONE',  ( 2.410722045565656100E-017, 0.1968503937007874100, 0.3125000000000000000 ) ) ;
#224 = EDGE_CURVE ( 'NONE', #326, #97, #1324, .T. ) ;
#225 = ORIENTED_EDGE ( 'NONE', *, *, #325, .T. ) ;
#226 = DATE_AND_TIME ( #3136, #1246 ) ;
#227 = CARTESIAN_POINT ( 'NONE',  ( 0.1436285421260782600, -0.1043522440900053100, -0.1799961053841936100 ) ) ;
#228 =( BOUNDED_CURVE ( )  B_SPLINE_CURVE ( 2, ( #575, #588, #2380, #854, #310, #1473, #892, #1461, #1163, #2708, #3873 ),
 .UNSPECIFIED., .F., .T. ) 
 B_SPLINE_CURVE_WITH_KNOTS ( ( 3, 2, 2, 2, 2, 3 ),
 ( 0.8263996958219236300, 0.8375108069330347000, 0.8486219180441457700, 0.8597330291552569600, 0.8708441402663680300, 0.8819552513774792100 ),
 .UNSPECIFIED. ) 
 CURVE ( )  GEOMETRIC_REPRESENTATION_ITEM ( )  RATIONAL_B_SPLINE_CURVE ( ( 1.000000000000011300, 0.9510565162951422100, 1.000000000000000000, 0.9510565162951534200, 1.000000000000000000, 0.9510565162951534200, 1.000000000000000000, 0.9510565162951534200, 1.000000000000000000, 0.9510565162951646300, 0.9999999999999887900 ) ) 
 REPRESENTATION_ITEM ( '' )  );
#229 = CARTESIAN_POINT ( 'NONE',  ( -0.1396452502948868900, 0.1137013868139514400, -0.2836819028368590100 ) ) ;
#230 = AXIS2_PLACEMENT_3D ( 'NONE', #2409, #2689, #265 ) ;
#231 = VERTEX_POINT ( 'NONE', #2904 ) ;
#232 = CARTESIAN_POINT ( 'NONE',  ( -0.1941871984652972200, 0.01518210563483574900, -0.2980257811424627000 ) ) ;
#233 = CARTESIAN_POINT ( 'NONE',  ( -0.1605815918515516000, 0.05217612204500267400, -0.05794886128970534000 ) ) ;
#234 = CARTESIAN_POINT ( 'NONE',  ( -0.1436285421260782800, 0.1043522440900053500, -0.2193661841243510800 ) ) ;
#235 = CARTESIAN_POINT ( 'NONE',  ( 0.1872158496644003300, -0.06083011700294235100, 0.2101377952755905100 ) ) ;
#236 = ORIENTED_EDGE ( 'NONE', *, *, #3049, .F. ) ;
#237 = CARTESIAN_POINT ( 'NONE',  ( -0.05486122133756579000, -0.1688454777399539800, 0.2888779527559057200 ) ) ;
#238 = APPROVAL ( #790, 'UNSPECIFIED' ) ;
#239 = CARTESIAN_POINT ( 'NONE',  ( -0.04233189456446283200, -0.1676169598381437600, 0.2765214078306719700 ) ) ;
#240 = CARTESIAN_POINT ( 'NONE',  ( 0.1436285421260782600, -0.1043522440900053100, -0.3374764203448235000 ) ) ;
#241 = ORIENTED_EDGE ( 'NONE', *, *, #1220, .T. ) ;
#242 = CARTESIAN_POINT ( 'NONE',  ( 0.1436285421260782600, -0.1043522440900053100, -0.2587362628645085700 ) ) ;
#243 = ORIENTED_EDGE ( 'NONE', *, *, #1045, .F. ) ;
#244 = ORIENTED_EDGE ( 'NONE', *, *, #3571, .T. ) ;
#245 = ORIENTED_EDGE ( 'NONE', *, *, #224, .T. ) ;
#246 = CARTESIAN_POINT ( 'NONE',  ( -0.1775346415770249200, -6.413618460845107500E-018, 0.1034684615449403800 ) ) ;
#247 = CARTESIAN_POINT ( 'NONE',  ( -0.1775346415770249200, -6.413618460845107500E-018, -0.1327520108960045800 ) ) ;
#248 = CARTESIAN_POINT ( 'NONE',  ( 0.5625000000000001100, 2.578744229469662300E-017, -0.3125000000000000000 ) ) ;
#249 = CARTESIAN_POINT ( 'NONE',  ( -0.05486122133756579000, -0.1688454777399539800, 0.1313976377952757500 ) ) ;
#250 = B_SPLINE_CURVE_WITH_KNOTS ( 'NONE', 3,
 ( #98, #3124, #702, #425, #764, #1641, #2598, #2261, #3152, #1665 ),
 .UNSPECIFIED., .F., .F.,
 ( 4, 2, 2, 2, 4 ),
 ( 0.004814820733298785400, 0.005585888372755771400, 0.006356956012212758100, 0.007128023651669744900, 0.007899091291126730800 ),
 .UNSPECIFIED. ) ;
#251 = CARTESIAN_POINT ( 'NONE',  ( -0.05486122133756579000, -0.1688454777399539800, -0.3532244518408865800 ) ) ;
#252 = CARTESIAN_POINT ( 'NONE',  ( 0.1436285421260782600, 0.1043522440900054000, 0.1507125560331300200 ) ) ;
#253 = LINE ( 'NONE', #3215, #1318 ) ;
#254 = EDGE_CURVE ( 'NONE', #3198, #326, #3259, .T. ) ;
#255 = CARTESIAN_POINT ( 'NONE',  ( 0.05486122133756583800, -0.1688454777399539500, -0.2666102786125400500 ) ) ;
#256 = FACE_OUTER_BOUND ( 'NONE', #2307, .T. ) ;
#257 = CARTESIAN_POINT ( 'NONE',  ( 0.0000000000000000000, 0.5625000000000001100, -0.3125000000000000000 ) ) ;
#258 = CARTESIAN_POINT ( 'NONE',  ( -0.1605815918515516000, 0.05217612204500267400, -0.2154291762503353400 ) ) ;
#259 = CARTESIAN_POINT ( 'NONE',  ( 0.2069807528028085300, 3.887288194116977200E-017, 0.2140748031496063400 ) ) ;
#260 = CARTESIAN_POINT ( 'NONE',  ( 0.1436285421260782600, 0.1043522440900053900, 0.08415354330708672800 ) ) ;
#261 = CARTESIAN_POINT ( 'NONE',  ( 0.1980247617844315700, 0.06434214544559117800, -0.02125394760589109600 ) ) ;
#262 = CARTESIAN_POINT ( 'NONE',  ( -0.1436285421260782300, -0.1043522440900053500, 0.1113424772929725200 ) ) ;
#263 = CARTESIAN_POINT ( 'NONE',  ( -0.06765333536248341300, 0.2082155564801114700, -0.04702955935310554300 ) ) ;
#264 = DIRECTION ( 'NONE',  ( 0.0000000000000000000, 1.000000000000000000, 0.0000000000000000000 ) ) ;
#265 = DIRECTION ( 'NONE',  ( 1.000000000000000000, 0.0000000000000000000, 0.0000000000000000000 ) ) ;
#266 = CARTESIAN_POINT ( 'NONE',  ( 0.1436285421260782600, -0.1043522440900053100, -0.3374764203448235000 ) ) ;
#267 = ORIENTED_EDGE ( 'NONE', *, *, #2109, .T. ) ;
#268 = ADVANCED_FACE ( 'NONE', ( #2881 ), #537, .F. ) ;
#269 = CARTESIAN_POINT ( 'NONE',  ( -0.1605815918515515800, -0.05217612204500268700, 0.1983267716535434500 ) ) ;
#270 = CIRCLE ( 'NONE', #3660, 0.1328125000000000000 ) ;
#271 = CARTESIAN_POINT ( 'NONE',  ( -0.1771187314312765700, 0.1286842908911822700, 0.08504526499253418900 ) ) ;
#272 = CARTESIAN_POINT ( 'NONE',  ( 0.09924488173182204100, 0.1365988609149797500, 0.07590940642683080600 ) ) ;
#273 = EDGE_CURVE ( 'NONE', #1355, #3857, #3543, .T. ) ;
#274 =( BOUNDED_CURVE ( )  B_SPLINE_CURVE ( 2, ( #2687, #881, #1449, #1760, #3000, #3589, #2977, #589, #3866, #3270, #1465 ),
 .UNSPECIFIED., .F., .T. ) 
 B_SPLINE_CURVE_WITH_KNOTS ( ( 3, 2, 2, 2, 2, 3 ),
 ( 0.3263996958219236300, 0.3375108069330347000, 0.3486219180441457700, 0.3597330291552569600, 0.3708441402663680300, 0.3819552513774791000 ),
 .UNSPECIFIED. ) 
 CURVE ( )  GEOMETRIC_REPRESENTATION_ITEM ( )  RATIONAL_B_SPLINE_CURVE ( ( 1.000000000000011300, 0.9510565162951422100, 1.000000000000000000, 0.9510565162951534200, 1.000000000000000000, 0.9510565162951534200, 1.000000000000000000, 0.9510565162951534200, 1.000000000000000000, 0.9510565162951646300, 0.9999999999999887900 ) ) 
 REPRESENTATION_ITEM ( '' )  );
#275 = CARTESIAN_POINT ( 'NONE',  ( -0.1771187314312765700, -0.1286842908911822700, -0.1021476695893260200 ) ) ;
#276 = EDGE_LOOP ( 'NONE', ( #1695, #2022, #1534, #1719 ) ) ;
#277 = FACE_OUTER_BOUND ( 'NONE', #3292, .T. ) ;
#278 = CARTESIAN_POINT ( 'NONE',  ( 0.0000000000000000000, 1.175782360627693200E-018, 0.3125000000000000000 ) ) ;
#279 = AXIS2_PLACEMENT_3D ( 'NONE', #1983, #1167, #858 ) ;
#280 = CARTESIAN_POINT ( 'NONE',  ( -0.1674509465259921000, -0.1216602340058848100, 0.1825787401574803000 ) ) ;
#281 = DIRECTION ( 'NONE',  ( -0.0000000000000000000, 1.881251777004309100E-018, 1.000000000000000000 ) ) ;
#282 = ORIENTED_EDGE ( 'NONE', *, *, #1159, .F. ) ;
#283 = CARTESIAN_POINT ( 'NONE',  ( 0.1605815918515515800, 0.05217612204500271500, -0.1560039370078739900 ) ) ;
#284 = EDGE_CURVE ( 'NONE', #698, #692, #2326, .T. ) ;
#285 = CARTESIAN_POINT ( 'NONE',  ( -0.1980247617844315700, -0.06434214544559115100, -0.06062402634604854200 ) ) ;
#286 = CARTESIAN_POINT ( 'NONE',  ( 2.067760738647403800E-017, -0.1688454777399540100, 0.04441334343470479400 ) ) ;
#287 = CARTESIAN_POINT ( 'NONE',  ( -0.7032812499999998600, -4.677727003701036800E-017, -0.3125000000000000000 ) ) ;
#288 = ORIENTED_EDGE ( 'NONE', *, *, #2210, .F. ) ;
#289 = ADVANCED_FACE ( 'NONE', ( #3168 ), #3490, .F. ) ;
#290 = EDGE_LOOP ( 'NONE', ( #243, #3566, #3341, #3017 ) ) ;
#291 = CARTESIAN_POINT ( 'NONE',  ( -0.1566771167613208200, -0.06430569129084481900, 0.2726840604171196200 ) ) ;
#292 = FACE_OUTER_BOUND ( 'NONE', #3098, .T. ) ;
#293 = CARTESIAN_POINT ( 'NONE',  ( -0.09924488173182202700, -0.1365988609149796600, -0.3571614597149023200 ) ) ;
#294 = CARTESIAN_POINT ( 'NONE',  ( -0.09963594796259095400, -0.1457348450243385600, -0.2800600423242316000 ) ) ;
#295 = VERTEX_POINT ( 'NONE', #2829 ) ;
#296 = CARTESIAN_POINT ( 'NONE',  ( -0.09924488173182208200, 0.1365988609149797200, -0.05364173228346453400 ) ) ;
#297 = CARTESIAN_POINT ( 'NONE',  ( -0.06765333536248334400, -0.2082155564801114500, 0.02992715475631369700 ) ) ;
#298 = CARTESIAN_POINT ( 'NONE',  ( 4.367396647459250600E-017, 0.3566250000000001900, 0.09375000000000026400 ) ) ;
#299 = CARTESIAN_POINT ( 'NONE',  ( 0.06396057012460035200, 0.1968503937007783900, 0.02079129619060893600 ) ) ;
#300 = CIRCLE ( 'NONE', #797, 0.3566250000000001900 ) ;
#301 = CARTESIAN_POINT ( 'NONE',  ( 0.0000000000000000000, 0.1968503937007874100, 0.2337598425196850400 ) ) ;
#302 = DIRECTION ( 'NONE',  ( -0.0000000000000000000, 1.881251777004309100E-018, 1.000000000000000000 ) ) ;
#303 = CARTESIAN_POINT ( 'NONE',  ( 0.2069807528028085300, 3.887288194116977200E-017, 0.1625235796551768600 ) ) ;
#304 = CARTESIAN_POINT ( 'NONE',  ( -0.1928168541226840100, -6.191461008993516500E-016, -0.2966554367998494600 ) ) ;
#305 = AXIS2_PLACEMENT_3D ( 'NONE', #2898, #521, #2003 ) ;
#306 = ADVANCED_FACE ( 'NONE', ( #2749 ), #482, .F. ) ;
#307 = CARTESIAN_POINT ( 'NONE',  ( 0.1605815918515515800, 0.05217612204500271500, 0.001476377952755947800 ) ) ;
#308 = CARTESIAN_POINT ( 'NONE',  ( 2.549905147760534400E-017, -0.2082155564801114200, -0.2023563098106155900 ) ) ;
#309 = CARTESIAN_POINT ( 'NONE',  ( -0.1605815918515515800, -0.05217612204500268700, -0.2075551605023031600 ) ) ;
#310 = CARTESIAN_POINT ( 'NONE',  ( 0.1872158496644003300, -0.06083011700294235100, 0.2373267292614761000 ) ) ;
#311 = EDGE_LOOP ( 'NONE', ( #1822, #3789, #3508, #1985, #2161 ) ) ;
#312 = CARTESIAN_POINT ( 'NONE',  ( 4.209723372069026300E-017, -0.3437500000000000000, -0.3125000000000000000 ) ) ;
#313 = CARTESIAN_POINT ( 'NONE',  ( -0.1690150481289471000, 0.003938202676090608000, 0.2728879228601361300 ) ) ;
#314 = EDGE_LOOP ( 'NONE', ( #600, #2253, #1871, #1311 ) ) ;
#315 = PERSON_AND_ORGANIZATION ( #3790, #1160 ) ;
#316 = CARTESIAN_POINT ( 'NONE',  ( 2.067760738647403800E-017, -0.1688454777399540100, 0.1353346456692914600 ) ) ;
#317 = CARTESIAN_POINT ( 'NONE',  ( 0.1605815918515516000, -0.05217612204500263900, -0.3335394124708078200 ) ) ;
#318 = CARTESIAN_POINT ( 'NONE',  ( -0.2069807528028085300, -1.182278133984402800E-017, 0.1231535009150193800 ) ) ;
#319 = VERTEX_POINT ( 'NONE', #3398 ) ;
#320 = LINE ( 'NONE', #1865, #1915 ) ;
#321 = CARTESIAN_POINT ( 'NONE',  ( -0.1436285421260782800, 0.1043522440900053500, -0.1284448818897637700 ) ) ;
#322 = CARTESIAN_POINT ( 'NONE',  ( -0.05028509095789118100, -0.1648957931874653100, 0.2760329127264813400 ) ) ;
#323 = CARTESIAN_POINT ( 'NONE',  ( -0.2189307921375865400, -1.401796795299716600E-017, -0.1433011917003793000 ) ) ;
#324 = CARTESIAN_POINT ( 'NONE',  ( -0.1605815918515516000, 0.05217612204500267400, -0.1366890187700197400 ) ) ;
#325 = EDGE_CURVE ( 'NONE', #3155, #379, #465, .T. ) ;
#326 = VERTEX_POINT ( 'NONE', #1868 ) ;
#327 = ADVANCED_FACE ( 'NONE', ( #342 ), #2697, .F. ) ;
#328 = VERTEX_POINT ( 'NONE', #366 ) ;
#329 = DIRECTION ( 'NONE',  ( 0.0000000000000000000, 1.000000000000000000, 0.0000000000000000000 ) ) ;
#330 = AXIS2_PLACEMENT_3D ( 'NONE', #2484, #3089, #84 ) ;
#331 = ORIENTED_EDGE ( 'NONE', *, *, #787, .F. ) ;
#332 = CARTESIAN_POINT ( 'NONE',  ( 0.1605815918515515800, 0.05217612204500271500, 0.08021653543307098700 ) ) ;
#333 = CARTESIAN_POINT ( 'NONE',  ( -0.1674509465259921000, -0.1216602340058848100, -0.1323818897637797100 ) ) ;
#334 = EDGE_LOOP ( 'NONE', ( #1017, #3859, #1970, #1058, #244, #2900, #874, #2736, #1299, #1585, #3725, #1591, #1832, #90, #2206, #1288, #3811, #3810, #1406, #767, #3142 ) ) ;
#335 = CARTESIAN_POINT ( 'NONE',  ( 0.0000000000000000000, 0.1688454777399540600, -0.06151574803149605100 ) ) ;
#336 = ORIENTED_EDGE ( 'NONE', *, *, #1159, .T. ) ;
#337 = CARTESIAN_POINT ( 'NONE',  ( 0.06765333536248335800, 0.2082155564801114700, -0.2456633964247888200 ) ) ;
#338 = CARTESIAN_POINT ( 'NONE',  ( 0.05486122133756583800, -0.1688454777399539500, -0.03038980617159443100 ) ) ;
#339 = FACE_OUTER_BOUND ( 'NONE', #2304, .T. ) ;
#340 = CARTESIAN_POINT ( 'NONE',  ( 4.209723372069026300E-017, -0.3437500000000000000, 0.09375000000000026400 ) ) ;
#341 = DIRECTION ( 'NONE',  ( 0.0000000000000000000, -1.881251777004309100E-018, -1.000000000000000000 ) ) ;
#342 = FACE_OUTER_BOUND ( 'NONE', #2431, .T. ) ;
#343 = CARTESIAN_POINT ( 'NONE',  ( 0.04755316618344825700, -0.1715015995666106200, 0.2816208483214178700 ) ) ;
#344 = CARTESIAN_POINT ( 'NONE',  ( -0.1436285421260782800, 0.1043522440900053500, 0.1077755905511812000 ) ) ;
#345 = DIRECTION ( 'NONE',  ( -0.0000000000000000000, -0.0000000000000000000, 1.000000000000000000 ) ) ;
#346 = CARTESIAN_POINT ( 'NONE',  ( -0.1605815918515516000, 0.05217612204500267400, -0.2032480314960630200 ) ) ;
#347 = EDGE_CURVE ( 'NONE', #1355, #2030, #387, .T. ) ;
#348 = VECTOR ( 'NONE', #1032, 39.37007874015748100 ) ;
#349 = CARTESIAN_POINT ( 'NONE',  ( 0.1980247617844316000, -0.06434214544559109500, -0.3440885932751825400 ) ) ;
#350 = CARTESIAN_POINT ( 'NONE',  ( 0.09924488173182204100, 0.1365988609149797500, -0.08157090853379919700 ) ) ;
#351 = AXIS2_PLACEMENT_3D ( 'NONE', #1784, #846, #2059 ) ;
#352 = CARTESIAN_POINT ( 'NONE',  ( 0.1436285421260782600, -0.1043522440900053200, 0.2258858267716537000 ) ) ;
#353 = CARTESIAN_POINT ( 'NONE',  ( 0.0000000000000000000, 1.175782360627693200E-018, 0.3125000000000000000 ) ) ;
#354 = CARTESIAN_POINT ( 'NONE',  ( 0.0000000000000000000, 0.5625000000000001100, -0.3045312500000000900 ) ) ;
#355 = CARTESIAN_POINT ( 'NONE',  ( 2.067760738647403800E-017, -0.1688454777399540100, 0.2928149606299214600 ) ) ;
#356 = CARTESIAN_POINT ( 'NONE',  ( -0.1157057583252899500, -0.1592553138533360800, -0.1799961053841934200 ) ) ;
#357 = CARTESIAN_POINT ( 'NONE',  ( -0.06396057012460032400, -0.1968503937007782800, 0.1389015324110814400 ) ) ;
#358 = EDGE_CURVE ( 'NONE', #1956, #1740, #2649, .T. ) ;
#359 = CARTESIAN_POINT ( 'NONE',  ( 0.1436285421260782600, -0.1043522440900053100, -0.3252952755905512700 ) ) ;
#360 = VERTEX_POINT ( 'NONE', #998 ) ;
#361 = CARTESIAN_POINT ( 'NONE',  ( -0.06765333536248334400, -0.2082155564801114500, -0.2062933176846312400 ) ) ;
#362 = CARTESIAN_POINT ( 'NONE',  ( 0.1436285421260782600, 0.1043522440900054000, -0.006767758927499954900 ) ) ;
#363 = ORIENTED_EDGE ( 'NONE', *, *, #1421, .T. ) ;
#364 = COORDINATED_UNIVERSAL_TIME_OFFSET ( 6, 0, .BEHIND. ) ;
#365 = CARTESIAN_POINT ( 'NONE',  ( -0.1775346415770248900, -6.413618460845107500E-018, 0.1943897637795277400 ) ) ;
#366 = CARTESIAN_POINT ( 'NONE',  ( 2.410722045565655500E-017, -0.1968503937007873000, -0.2508622471164768700 ) ) ;
#367 = CARTESIAN_POINT ( 'NONE',  ( 0.6953125000000001100, 2.578744229469662300E-017, 0.08578124999999976700 ) ) ;
#368 = ORIENTED_EDGE ( 'NONE', *, *, #1123, .T. ) ;
#369 = CARTESIAN_POINT ( 'NONE',  ( -0.01825588726847282900, -0.1733363820472995100, 0.2779393549400556200 ) ) ;
#370 = CARTESIAN_POINT ( 'NONE',  ( -0.05486122133756579000, -0.1688454777399539800, 0.1313976377952757500 ) ) ;
#371 = DIRECTION ( 'NONE',  ( 0.0000000000000000000, 0.0000000000000000000, 1.000000000000000000 ) ) ;
#372 = CARTESIAN_POINT ( 'NONE',  ( 0.09924488173182205400, -0.1365988609149796600, -0.3292322834645670700 ) ) ;
#373 = CARTESIAN_POINT ( 'NONE',  ( 0.09924488173182204100, 0.1365988609149797500, -0.3056102362204724500 ) ) ;
#374 = DIRECTION ( 'NONE',  ( -0.0000000000000000000, 1.881251777004309100E-018, 1.000000000000000000 ) ) ;
#375 = CARTESIAN_POINT ( 'NONE',  ( 0.0000000000000000000, 2.619896612091631500E-017, -0.3006889763779528300 ) ) ;
#376 = AXIS2_PLACEMENT_3D ( 'NONE', #898, #3085, #2460 ) ;
#377 = VERTEX_POINT ( 'NONE', #3080 ) ;
#378 = ORIENTED_EDGE ( 'NONE', *, *, #630, .F. ) ;
#379 = VERTEX_POINT ( 'NONE', #1565 ) ;
#380 = CARTESIAN_POINT ( 'NONE',  ( 0.1605815918515516000, -0.05217612204500263900, 0.1510826771653545100 ) ) ;
#381 = ORIENTED_EDGE ( 'NONE', *, *, #2819, .F. ) ;
#382 = DIRECTION ( 'NONE',  ( 0.0000000000000000000, -1.881251777004312500E-018, -1.000000000000000000 ) ) ;
#383 = CARTESIAN_POINT ( 'NONE',  ( -0.1436285421260782800, 0.1043522440900053500, -0.1284448818897637700 ) ) ;
#384 = CARTESIAN_POINT ( 'NONE',  ( -0.1872158496644002500, -0.06083011700294239900, -0.1878701211322248700 ) ) ;
#385 = CYLINDRICAL_SURFACE ( 'NONE', #230, 0.1328125000000000000 ) ;
#386 = CARTESIAN_POINT ( 'NONE',  ( -0.1674509465259921000, -0.1216602340058848100, 0.2885078316236808800 ) ) ;
#387 = CIRCLE ( 'NONE', #1908, 0.3437500000000000000 ) ;
#388 = CARTESIAN_POINT ( 'NONE',  ( 2.067760738647403800E-017, -0.1688454777399540100, 0.05659448818897649900 ) ) ;
#389 = CIRCLE ( 'NONE', #2265, 0.3437500000000000000 ) ;
#390 = CARTESIAN_POINT ( 'NONE',  ( 0.1906403532709069200, -1.531456786676841300E-017, 0.2944789359480723400 ) ) ;
#391 = CARTESIAN_POINT ( 'NONE',  ( -0.1674509465259921000, -0.1216602340058848100, 0.02509842519685027300 ) ) ;
#392 = CARTESIAN_POINT ( 'NONE',  ( 0.1605815918515515800, 0.05217612204500271500, -0.07726377952755901500 ) ) ;
#393 = CARTESIAN_POINT ( 'NONE',  ( 0.0000000000000000000, 0.1688454777399540600, 0.08378342217486166300 ) ) ;
#394 = VECTOR ( 'NONE', #374, 39.37007874015748100 ) ;
#395 = CARTESIAN_POINT ( 'NONE',  ( 0.1872158496644003300, -0.06083011700294235100, -0.2623031496062994700 ) ) ;
#396 = CARTESIAN_POINT ( 'NONE',  ( 0.0000000000000000000, 0.1688454777399540600, -0.2977362204724410300 ) ) ;
#397 = EDGE_CURVE ( 'NONE', #2034, #935, #3588, .T. ) ;
#398 = CARTESIAN_POINT ( 'NONE',  ( 0.0000000000000000000, 2.619896612091631500E-017, -0.3006889763779528300 ) ) ;
#399 = DIRECTION ( 'NONE',  ( 0.7071067811865512400, 8.659560562354979700E-017, -0.7071067811865436900 ) ) ;
#400 = AXIS2_PLACEMENT_3D ( 'NONE', #2521, #3401, #2536 ) ;
#401 = CARTESIAN_POINT ( 'NONE',  ( -0.1605815918515515800, -0.05217612204500268700, 0.04084645669291346600 ) ) ;
#402 = CARTESIAN_POINT ( 'NONE',  ( 0.0000000000000000000, 7.400374177790705900E-019, 0.08087500000000033600 ) ) ;
#403 = CARTESIAN_POINT ( 'NONE',  ( 0.0000000000000000000, 7.642585344080009900E-019, 0.09375000000000026400 ) ) ;
#404 = ORIENTED_EDGE ( 'NONE', *, *, #3374, .T. ) ;
#405 = CARTESIAN_POINT ( 'NONE',  ( 0.09924488173182204100, 0.1365988609149797500, -0.1481299212598425300 ) ) ;
#406 = CARTESIAN_POINT ( 'NONE',  ( 0.09924488173182205400, -0.1365988609149796600, 0.1310275166630506500 ) ) ;
#407 = DIRECTION ( 'NONE',  ( -1.000000000000000000, 0.0000000000000000000, 0.0000000000000000000 ) ) ;
#408 = FACE_OUTER_BOUND ( 'NONE', #780, .T. ) ;
#409 = CARTESIAN_POINT ( 'NONE',  ( 4.209723372069026300E-017, 0.3437500000000000000, -0.3021874999999998300 ) ) ;
#410 = CARTESIAN_POINT ( 'NONE',  ( 0.1674509465259921000, 0.1216602340058848700, -0.06582287703773669100 ) ) ;
#411 = ORIENTED_EDGE ( 'NONE', *, *, #735, .F. ) ;
#412 = CONICAL_SURFACE ( 'NONE', #3604, 0.1407812499999998000, 0.7853981633974536100 ) ;
#413 = EDGE_LOOP ( 'NONE', ( #1877, #2201, #3614, #2723 ) ) ;
#414 = CARTESIAN_POINT ( 'NONE',  ( 0.0000000000000000000, 0.1688454777399540600, 0.01722440944881898200 ) ) ;
#415 = DIRECTION ( 'NONE',  ( 0.0000000000000000000, -0.7071067811865522400, 0.7071067811865428000 ) ) ;
#416 = ORIENTED_EDGE ( 'NONE', *, *, #3049, .T. ) ;
#417 = EDGE_CURVE ( 'NONE', #2014, #1962, #2458, .T. ) ;
#418 = CARTESIAN_POINT ( 'NONE',  ( -0.1775346415770249200, -6.413618460845107500E-018, -0.1205708661417322600 ) ) ;
#419 = CARTESIAN_POINT ( 'NONE',  ( -0.05486122133756579000, -0.1688454777399539800, 0.2766968080016333800 ) ) ;
#420 = CARTESIAN_POINT ( 'NONE',  ( -0.1872158496644003300, 0.06083011700294239200, -0.2744842943605713100 ) ) ;
#421 = CARTESIAN_POINT ( 'NONE',  ( -0.1650124683737932400, -0.06096033595810223400, 0.2793291670338768900 ) ) ;
#422 = CARTESIAN_POINT ( 'NONE',  ( 0.0000000000000000000, 0.5625000000000001100, -0.3125000000000000000 ) ) ;
#423 = ORIENTED_EDGE ( 'NONE', *, *, #2449, .T. ) ;
#424 = ORIENTED_EDGE ( 'NONE', *, *, #155, .F. ) ;
#425 = CARTESIAN_POINT ( 'NONE',  ( 0.1780461208060854200, 0.07962442548830062100, 0.2986146878169900200 ) ) ;
#426 = CARTESIAN_POINT ( 'NONE',  ( 0.0000000000000000000, 1.175782360627693200E-018, 0.3125000000000000000 ) ) ;
#427 = AXIS2_PLACEMENT_3D ( 'NONE', #2640, #1420, #3536 ) ;
#428 = EDGE_LOOP ( 'NONE', ( #557, #2874, #2025, #1440 ) ) ;
#429 = CARTESIAN_POINT ( 'NONE',  ( 2.067760738647403800E-017, -0.1688454777399540100, -0.1008858267716535000 ) ) ;
#430 = CARTESIAN_POINT ( 'NONE',  ( 0.0000000000000000000, 0.2082155564801114700, 0.02777359025319370300 ) ) ;
#431 = AXIS2_PLACEMENT_3D ( 'NONE', #2121, #570, #3603 ) ;
#432 = VECTOR ( 'NONE', #2747, 39.37007874015748100 ) ;
#433 = CARTESIAN_POINT ( 'NONE',  ( 2.067760738647403800E-017, -0.1688454777399540100, -0.2583661417322835100 ) ) ;
#434 = CARTESIAN_POINT ( 'NONE',  ( 2.067760738647403800E-017, -0.1688454777399540100, 0.2018936583953341600 ) ) ;
#435 = VECTOR ( 'NONE', #3794, 39.37007874015748100 ) ;
#436 = CARTESIAN_POINT ( 'NONE',  ( 0.05486122133756580300, 0.1688454777399540400, 0.2373267292614758300 ) ) ;
#437 = CARTESIAN_POINT ( 'NONE',  ( 0.1674509465259921000, 0.1216602340058848700, -0.1717519685039372300 ) ) ;
#438 = CARTESIAN_POINT ( 'NONE',  ( -0.06187709726652559900, -0.1572461085447263200, -0.2726840604171195100 ) ) ;
#439 = VECTOR ( 'NONE', #2429, 39.37007874015748100 ) ;
#440 =( BOUNDED_SURFACE ( )  B_SPLINE_SURFACE ( 1, 2, ( 
 ( #3081, #3129, #1856, #3383, #2788, #1277, #1594, #1264, #2167, #2469, #974, #1898, #2205, #2774, #3692, #2506, #694, #1025, #1341, #2575, #470, #3437, #2533, #455, #1952, #2891, #2562, #3158, #1979, #3141, #2270, #3478, #154, #2591, #2877, #722, #1052, #2240, #3732, #1330, #749, #3452, #484, #2842, #1064, #180, #2867, #1941, #3170, #1078, #760, #1632, #3178, #1372, #1358, #1671, #3464, #139, #3743, #442, #734, #2255, #1661, #3769, #3425, #1965, #2550, #1928, #2853, #1040, #1646, #126, #3757, #1317, #165, #3782, #2281, #771, #1619, #2228, #430, #2370, #2657, #2975, #2382, #1462, #1997, #3192, #2082, #1771, #1149, #2685, #1177, #867, #2669, #577, #3280, #563, #2961, #263, #843, #857, #2988, #1165, #1383, #2297, #3793, #3875, #497, #1475, #3268, #192, #3572, #275, #3491, #2067, #3257, #1444, #3560, #1688, #1758, #3865, #480, #2559, #1090, #3513, #188, #745, #3779, #2308, #2863, #174, #161, #1976, #1379, #3766, #2917, #151, #757, #2586, #766, #1700, #3803, #2887, #2005, #1961, #2277, #1390, #3199, #2264, #1353, #3187, #1074, #1714, #3486, #1682, #799, #464, #3501, #507, #3788, #1405, #203, #3459, #1991, #1059, #1049, #2570, #2291, #493, #3212, #1657, #2611, #1103, #2601, #2875, #781, #3819, #2249, #3176, #450 ),
 ( #1368, #3473, #2899, #3166, #1667, #219, #3553, #821, #523, #3223, #1133, #237, #811, #3844, #3581, #3236, #2968, #2377, #2053, #2020, #3567, #2039, #2955, #2336, #3858, #2077, #2664, #1417, #2327, #1456, #851, #2635, #571, #2983, #269, #1142, #2681, #3275, #2650, #538, #547, #2943, #2351, #861, #3250, #2623, #3531, #2930, #1157, #1727, #1172, #249, #1117, #1752, #2062, #1469, #1741, #3832, #1428, #3544, #1776, #836, #1441, #260, #2362, #3264, #558, #1765, #3870, #3606, #2135, #2388, #8, #3896, #1799, #1208, #3594, #2744, #3882, #593, #2412, #604, #1524, #3635, #307, #1826, #1787, #2108, #1219, #3028, #2095, #1185, #3016, #2716, #1536, #3310, #901, #631, #296, #912, #335, #1512, #1235, #37, #3286, #3620, #887, #584, #2400, #1811, #23, #3035, #1483, #2433, #929, #2124, #2703, #321, #3647, #3326, #3005, #3340, #2088, #2422, #283, #618, #1194, #3300, #1497, #2731, #2690, #876, #2994, #49, #3375, #652, #346, #3050, #953, #62, #641, #3671, #3404, #3062, #2793, #2199, #1862, #1841, #3391, #1850, #2780, #2157, #3684, #1892, #2482, #1244, #2146, #1283, #673, #2462, #396, #2806, #95, #966, #2499, #3105, #2471, #359, #372, #2766, #2173, #684, #3075, #2450, #3352, #2756, #980, #1547, #993, #72, #941 ) ),
 .UNSPECIFIED., .F., .F., .T. ) 
 B_SPLINE_SURFACE_WITH_KNOTS ( ( 2, 2 ),
 ( 3, 2, 2, 2, 2, 2, 2, 2, 2, 2, 2, 2, 2, 2, 2, 2, 2, 2, 2, 2, 2, 2, 2, 2, 2, 2, 2, 2, 2, 2, 2, 2, 2, 2, 2, 2, 2, 2, 2, 2, 2, 2, 2, 2, 2, 2, 2, 2, 2, 2, 2, 2, 2, 2, 2, 2, 2, 2, 2, 2, 2, 2, 2, 2, 2, 2, 2, 2, 2, 2, 2, 2, 2, 2, 2, 2, 2, 2, 2, 2, 2, 2, 2, 2, 2, 2, 2, 2, 2, 2, 3 ),
 ( 0.0000000000000000000, 1.000000000000000000 ),
 ( 0.0000000000000000000, 0.01111111111111111200, 0.02222222222222222300, 0.03333333333333333300, 0.04444444444444444600, 0.05555555555555555200, 0.06666666666666666600, 0.07777777777777777900, 0.08888888888888889200, 0.1000000000000000100, 0.1111111111111111000, 0.1222222222222222200, 0.1333333333333333300, 0.1444444444444444300, 0.1555555555555555600, 0.1666666666666666600, 0.1777777777777777800, 0.1888888888888888800, 0.2000000000000000100, 0.2111111111111111100, 0.2222222222222222100, 0.2333333333333333400, 0.2444444444444444400, 0.2555555555555555400, 0.2666666666666666600, 0.2777777777777777900, 0.2888888888888888600, 0.2999999999999999900, 0.3111111111111111200, 0.3222222222222222400, 0.3333333333333333100, 0.3444444444444444400, 0.3555555555555555700, 0.3666666666666666400, 0.3777777777777777700, 0.3888888888888889000, 0.4000000000000000200, 0.4111111111111110900, 0.4222222222222222200, 0.4333333333333333500, 0.4444444444444444200, 0.4555555555555555500, 0.4666666666666666700, 0.4777777777777778000, 0.4888888888888888700, 0.5000000000000000000, 0.5111111111111110700, 0.5222222222222222500, 0.5333333333333333300, 0.5444444444444444000, 0.5555555555555555800, 0.5666666666666666500, 0.5777777777777777200, 0.5888888888888889100, 0.5999999999999999800, 0.6111111111111111600, 0.6222222222222222300, 0.6333333333333333000, 0.6444444444444444900, 0.6555555555555555600, 0.6666666666666666300, 0.6777777777777778100, 0.6888888888888888800, 0.6999999999999999600, 0.7111111111111111400, 0.7222222222222222100, 0.7333333333333332800, 0.7444444444444444600, 0.7555555555555555400, 0.7666666666666667200, 0.7777777777777777900, 0.7888888888888888600, 0.8000000000000000400, 0.8111111111111111200, 0.8222222222222221900, 0.8333333333333333700, 0.8444444444444444400, 0.8555555555555555100, 0.8666666666666667000, 0.8777777777777777700, 0.8888888888888888400, 0.9000000000000000200, 0.9111111111111110900, 0.9222222222222222800, 0.9333333333333333500, 0.9444444444444444200, 0.9555555555555556000, 0.9666666666666666700, 0.9777777777777777500, 0.9888888888888889300, 0.9930663624885928100 ),
 .UNSPECIFIED. ) 
 GEOMETRIC_REPRESENTATION_ITEM ( )  RATIONAL_B_SPLINE_SURFACE ( (
 ( 1.000000000000000000, 0.9510565162951535300, 1.000000000000000000, 0.9510565162951535300, 1.000000000000000000, 0.9510565162951535300, 1.000000000000000000, 0.9510565162951535300, 1.000000000000000000, 0.9510565162951535300, 1.000000000000000000, 0.9510565162951535300, 1.000000000000000000, 0.9510565162951535300, 1.000000000000000000, 0.9510565162951535300, 1.000000000000000000, 0.9510565162951535300, 1.000000000000000000, 0.9510565162951535300, 1.000000000000000000, 0.9510565162951535300, 1.000000000000000000, 0.9510565162951535300, 1.000000000000000000, 0.9510565162951535300, 1.000000000000000000, 0.9510565162951535300, 1.000000000000000000, 0.9510565162951535300, 1.000000000000000000, 0.9510565162951535300, 1.000000000000000000, 0.9510565162951535300, 1.000000000000000000, 0.9510565162951535300, 1.000000000000000000, 0.9510565162951535300, 1.000000000000000000, 0.9510565162951535300, 1.000000000000000000, 0.9510565162951535300, 1.000000000000000000, 0.9510565162951535300, 1.000000000000000000, 0.9510565162951535300, 1.000000000000000000, 0.9510565162951535300, 1.000000000000000000, 0.9510565162951535300, 1.000000000000000000, 0.9510565162951535300, 1.000000000000000000, 0.9510565162951535300, 1.000000000000000000, 0.9510565162951535300, 1.000000000000000000, 0.9510565162951535300, 1.000000000000000000, 0.9510565162951535300, 1.000000000000000000, 0.9510565162951535300, 1.000000000000000000, 0.9510565162951535300, 1.000000000000000000, 0.9510565162951535300, 1.000000000000000000, 0.9510565162951535300, 1.000000000000000000, 0.9510565162951535300, 1.000000000000000000, 0.9510565162951535300, 1.000000000000000000, 0.9510565162951535300, 1.000000000000000000, 0.9510565162951535300, 1.000000000000000000, 0.9510565162951535300, 1.000000000000000000, 0.9510565162951535300, 1.000000000000000000, 0.9510565162951535300, 1.000000000000000000, 0.9510565162951535300, 1.000000000000000000, 0.9510565162951535300, 1.000000000000000000, 0.9510565162951535300, 1.000000000000000000, 0.9510565162951535300, 1.000000000000000000, 0.9510565162951535300, 1.000000000000000000, 0.9510565162951535300, 1.000000000000000000, 0.9510565162951535300, 1.000000000000000000, 0.9510565162951535300, 1.000000000000000000, 0.9510565162951535300, 1.000000000000000000, 0.9510565162951535300, 1.000000000000000000, 0.9510565162951535300, 1.000000000000000000, 0.9510565162951535300, 1.000000000000000000, 0.9510565162951535300, 1.000000000000000000, 0.9510565162951535300, 1.000000000000000000, 0.9510565162951535300, 1.000000000000000000, 0.9510565162951535300, 1.000000000000000000, 0.9510565162951535300, 1.000000000000000000, 0.9510565162951535300, 1.000000000000000000, 0.9510565162951535300, 1.000000000000000000, 0.9510565162951535300, 1.000000000000000000, 0.9510565162951535300, 1.000000000000000000, 0.9510565162951535300, 1.000000000000000000, 0.9510565162951535300, 1.000000000000000000, 0.9510565162951535300, 1.000000000000000000, 0.9510565162951535300, 1.000000000000000000, 0.9510565162951535300, 1.000000000000000000, 0.9510565162951535300, 1.000000000000000000, 0.9510565162951535300, 1.000000000000000000, 0.9510565162951535300, 1.000000000000000000, 0.9510565162951535300, 1.000000000000000000, 0.9510565162951535300, 1.000000000000000000, 0.9510565162951535300, 1.000000000000000000, 0.9510565162951535300, 1.000000000000000000, 0.9510565162951535300, 1.000000000000000000, 0.9510565162951535300, 1.000000000000000000, 0.9510565162951535300, 1.000000000000000000, 0.9510565162951535300, 1.000000000000000000, 0.9510565162951535300, 1.000000000000000000, 0.9510565162951535300, 1.000000000000000000, 0.9510565162951535300, 1.000000000000000000, 0.9510565162951535300, 1.000000000000000000, 0.9510565162951535300, 1.000000000000000000, 0.9510565162951535300, 1.000000000000000000, 0.9510565162951535300, 1.000000000000000000, 0.9510565162951535300, 1.000000000000000000, 0.9510565162951535300, 1.000000000000000000, 0.9510565162951535300, 1.000000000000000000, 0.9510565162951535300, 1.000000000000000000, 0.9815985900050918600, 0.9770340328113738000),
 ( 1.000000000000000000, 0.9510565162951535300, 1.000000000000000000, 0.9510565162951535300, 1.000000000000000000, 0.9510565162951535300, 1.000000000000000000, 0.9510565162951535300, 1.000000000000000000, 0.9510565162951535300, 1.000000000000000000, 0.9510565162951535300, 1.000000000000000000, 0.9510565162951535300, 1.000000000000000000, 0.9510565162951535300, 1.000000000000000000, 0.9510565162951535300, 1.000000000000000000, 0.9510565162951535300, 1.000000000000000000, 0.9510565162951535300, 1.000000000000000000, 0.9510565162951535300, 1.000000000000000000, 0.9510565162951535300, 1.000000000000000000, 0.9510565162951535300, 1.000000000000000000, 0.9510565162951535300, 1.000000000000000000, 0.9510565162951535300, 1.000000000000000000, 0.9510565162951535300, 1.000000000000000000, 0.9510565162951535300, 1.000000000000000000, 0.9510565162951535300, 1.000000000000000000, 0.9510565162951535300, 1.000000000000000000, 0.9510565162951535300, 1.000000000000000000, 0.9510565162951535300, 1.000000000000000000, 0.9510565162951535300, 1.000000000000000000, 0.9510565162951535300, 1.000000000000000000, 0.9510565162951535300, 1.000000000000000000, 0.9510565162951535300, 1.000000000000000000, 0.9510565162951535300, 1.000000000000000000, 0.9510565162951535300, 1.000000000000000000, 0.9510565162951535300, 1.000000000000000000, 0.9510565162951535300, 1.000000000000000000, 0.9510565162951535300, 1.000000000000000000, 0.9510565162951535300, 1.000000000000000000, 0.9510565162951535300, 1.000000000000000000, 0.9510565162951535300, 1.000000000000000000, 0.9510565162951535300, 1.000000000000000000, 0.9510565162951535300, 1.000000000000000000, 0.9510565162951535300, 1.000000000000000000, 0.9510565162951535300, 1.000000000000000000, 0.9510565162951535300, 1.000000000000000000, 0.9510565162951535300, 1.000000000000000000, 0.9510565162951535300, 1.000000000000000000, 0.9510565162951535300, 1.000000000000000000, 0.9510565162951535300, 1.000000000000000000, 0.9510565162951535300, 1.000000000000000000, 0.9510565162951535300, 1.000000000000000000, 0.9510565162951535300, 1.000000000000000000, 0.9510565162951535300, 1.000000000000000000, 0.9510565162951535300, 1.000000000000000000, 0.9510565162951535300, 1.000000000000000000, 0.9510565162951535300, 1.000000000000000000, 0.9510565162951535300, 1.000000000000000000, 0.9510565162951535300, 1.000000000000000000, 0.9510565162951535300, 1.000000000000000000, 0.9510565162951535300, 1.000000000000000000, 0.9510565162951535300, 1.000000000000000000, 0.9510565162951535300, 1.000000000000000000, 0.9510565162951535300, 1.000000000000000000, 0.9510565162951535300, 1.000000000000000000, 0.9510565162951535300, 1.000000000000000000, 0.9510565162951535300, 1.000000000000000000, 0.9510565162951535300, 1.000000000000000000, 0.9510565162951535300, 1.000000000000000000, 0.9510565162951535300, 1.000000000000000000, 0.9510565162951535300, 1.000000000000000000, 0.9510565162951535300, 1.000000000000000000, 0.9510565162951535300, 1.000000000000000000, 0.9510565162951535300, 1.000000000000000000, 0.9510565162951535300, 1.000000000000000000, 0.9510565162951535300, 1.000000000000000000, 0.9510565162951535300, 1.000000000000000000, 0.9510565162951535300, 1.000000000000000000, 0.9510565162951535300, 1.000000000000000000, 0.9510565162951535300, 1.000000000000000000, 0.9510565162951535300, 1.000000000000000000, 0.9510565162951535300, 1.000000000000000000, 0.9510565162951535300, 1.000000000000000000, 0.9510565162951535300, 1.000000000000000000, 0.9510565162951535300, 1.000000000000000000, 0.9510565162951535300, 1.000000000000000000, 0.9510565162951535300, 1.000000000000000000, 0.9510565162951535300, 1.000000000000000000, 0.9510565162951535300, 1.000000000000000000, 0.9510565162951535300, 1.000000000000000000, 0.9510565162951535300, 1.000000000000000000, 0.9510565162951535300, 1.000000000000000000, 0.9510565162951535300, 1.000000000000000000, 0.9510565162951535300, 1.000000000000000000, 0.9510565162951535300, 1.000000000000000000, 0.9510565162951535300, 1.000000000000000000, 0.9815985900050918600, 0.9770340328113738000) ) ) 
 REPRESENTATION_ITEM ( '' )  SURFACE ( )  );
#441 = CARTESIAN_POINT ( 'NONE',  ( 0.09924488173182204100, 0.1365988609149797500, -0.1481299212598425300 ) ) ;
#442 = CARTESIAN_POINT ( 'NONE',  ( -0.06765333536248341300, 0.2082155564801114700, 0.1104507556075244500 ) ) ;
#443 = CARTESIAN_POINT ( 'NONE',  ( 9.696906436498633200E-017, 0.7918124999999997000, -0.3125000000000000000 ) ) ;
#444 = CARTESIAN_POINT ( 'NONE',  ( 0.1436285421260782600, 0.1043522440900053900, -0.2308070866141732900 ) ) ;
#445 = CARTESIAN_POINT ( 'NONE',  ( 0.05486122133756583800, -0.1688454777399539500, 0.1270905087890349100 ) ) ;
#446 = CARTESIAN_POINT ( 'NONE',  ( -0.1394939310918613100, -0.1166194796527997400, 0.2852423020905247600 ) ) ;
#447 = EDGE_CURVE ( 'NONE', #2624, #679, #1184, .T. ) ;
#448 = CARTESIAN_POINT ( 'NONE',  ( 0.1775346415770249200, 3.706982764817010900E-017, 0.3003188552457278800 ) ) ;
#449 = CARTESIAN_POINT ( 'NONE',  ( 0.06396057012460035200, 0.1968503937007783900, 0.09953145367092391900 ) ) ;
#450 = CARTESIAN_POINT ( 'NONE',  ( -0.07967983946281211000, 0.1923664241584352500, -0.3609906401499500300 ) ) ;
#451 = ORIENTED_EDGE ( 'NONE', *, *, #3548, .T. ) ;
#452 = COORDINATED_UNIVERSAL_TIME_OFFSET ( 6, 0, .BEHIND. ) ;
#453 = CARTESIAN_POINT ( 'NONE',  ( -0.05486122133756587300, 0.1688454777399540400, -0.05757874015748024000 ) ) ;
#454 = CARTESIAN_POINT ( 'NONE',  ( 0.0000000000000000000, 0.1968503937007874100, -0.08120078740157502000 ) ) ;
#455 = CARTESIAN_POINT ( 'NONE',  ( 0.1771187314312765700, 0.1286842908911823300, 0.2521830390720913900 ) ) ;
#456 = VECTOR ( 'NONE', #1450, 39.37007874015748900 ) ;
#457 = CARTESIAN_POINT ( 'NONE',  ( -0.1605815918515516000, 0.05217612204500267400, 0.02079129619060965700 ) ) ;
#458 = DIRECTION ( 'NONE',  ( 1.000000000000000000, 0.0000000000000000000, 0.0000000000000000000 ) ) ;
#459 = DIRECTION ( 'NONE',  ( -0.0000000000000000000, -0.0000000000000000000, 1.000000000000000000 ) ) ;
#460 = VERTEX_POINT ( 'NONE', #2800 ) ;
#461 = CARTESIAN_POINT ( 'NONE',  ( 0.1436285421260782600, 0.1043522440900053900, -0.3095472440944883100 ) ) ;
#462 = DIRECTION ( 'NONE',  ( 1.000000000000000000, 0.0000000000000000000, 0.0000000000000000000 ) ) ;
#463 = CARTESIAN_POINT ( 'NONE',  ( -0.05542279216903698400, -0.1596361147647032400, -0.2726840604171194000 ) ) ;
#464 = CARTESIAN_POINT ( 'NONE',  ( -0.1771187314312765700, 0.1286842908911822700, -0.2753760160460190200 ) ) ;
#465 = B_SPLINE_CURVE_WITH_KNOTS ( 'NONE', 3,
 ( #390, #987, #3720, #3113, #3704, #1911, #2516, #1927, #1009, #3128, #1316, #721, #2841, #1229, #3333, #3643, #343, #2443, #2332, #1084, #3384, #369, #2316, #239, #322, #3312, #2798, #707 ),
 .UNSPECIFIED., .F., .F.,
 ( 4, 2, 2, 2, 2, 2, 2, 2, 2, 2, 2, 2, 2, 4 ),
 ( 0.007899091291126730800, 0.009154212595334491900, 0.009781773247438372400, 0.01040933389954225300, 0.01166445520375001400, 0.01229201585585389100, 0.01291957650795777200, 0.01354713716006165200, 0.01417469781216552900, 0.01480225846426941000, 0.01542981911637328700, 0.01605737976847716700, 0.01668494042058104800, 0.01794006172478880600 ),
 .UNSPECIFIED. ) ;
#466 = CARTESIAN_POINT ( 'NONE',  ( -0.1436285421260782800, 0.1043522440900053500, 0.02903543307086622200 ) ) ;
#467 = ORIENTED_EDGE ( 'NONE', *, *, #73, .T. ) ;
#468 = DIRECTION ( 'NONE',  ( 0.0000000000000000000, 0.7071067811865512400, -0.7071067811865438000 ) ) ;
#469 = ORIENTED_EDGE ( 'NONE', *, *, #194, .T. ) ;
#470 = CARTESIAN_POINT ( 'NONE',  ( 0.0000000000000000000, 0.2082155564801114700, 0.2639940626941387200 ) ) ;
#471 = EDGE_CURVE ( 'NONE', #2006, #1409, #850, .T. ) ;
#472 = CARTESIAN_POINT ( 'NONE',  ( 0.1605815918515515800, 0.05217612204500271500, 0.06803539067879865700 ) ) ;
#473 = VERTEX_POINT ( 'NONE', #1577 ) ;
#474 = CARTESIAN_POINT ( 'NONE',  ( 0.1157057583252899800, -0.1592553138533360500, 0.1235236220472440300 ) ) ;
#475 = CARTESIAN_POINT ( 'NONE',  ( 0.09924488173182205400, -0.1365988609149796600, 0.2097676741433656700 ) ) ;
#476 = CARTESIAN_POINT ( 'NONE',  ( 4.146577521487988200E-017, -0.3334374999999995500, 0.3125000000000000000 ) ) ;
#477 = CARTESIAN_POINT ( 'NONE',  ( -0.1477381332761199300, -0.08288662929201232000, -0.2726840604171195100 ) ) ;
#478 = AXIS2_PLACEMENT_3D ( 'NONE', #1519, #341, #1529 ) ;
#479 = VECTOR ( 'NONE', #3096, 39.37007874015748100 ) ;
#480 = CARTESIAN_POINT ( 'NONE',  ( 0.1223860333968799900, 0.1684499236856469000, -0.1375807404554678100 ) ) ;
#481 = CARTESIAN_POINT ( 'NONE',  ( 0.1223860333968799900, 0.1684499236856469000, 0.3015806980634004300 ) ) ;
#482 = CONICAL_SURFACE ( 'NONE', #624, 0.3566250000000001900, 0.7853981633974589400 ) ;
#483 = CARTESIAN_POINT ( 'NONE',  ( 0.1674509465259921000, -0.1216602340058847400, 0.04872047244094478100 ) ) ;
#484 = CARTESIAN_POINT ( 'NONE',  ( 0.1223860333968799900, 0.1684499236856469000, 0.1773798894657922000 ) ) ;
#485 = EDGE_CURVE ( 'NONE', #3409, #2688, #1939, .T. ) ;
#486 = CARTESIAN_POINT ( 'NONE',  ( 9.775743074193745400E-017, 0.7918124999999997000, -0.3125000000000000000 ) ) ;
#487 = CARTESIAN_POINT ( 'NONE',  ( -0.09924488173182208200, 0.1365988609149797200, -0.06582287703773685700 ) ) ;
#488 = FACE_BOUND ( 'NONE', #3480, .T. ) ;
#489 = CARTESIAN_POINT ( 'NONE',  ( -0.1674509465259921000, -0.1216602340058848100, 0.1038385826771652800 ) ) ;
#490 = FACE_OUTER_BOUND ( 'NONE', #842, .T. ) ;
#491 = CARTESIAN_POINT ( 'NONE',  ( -0.1605815918515516000, 0.05217612204500267400, 0.1782716111512396600 ) ) ;
#492 = CARTESIAN_POINT ( 'NONE',  ( 0.1157057583252899800, -0.1592553138533360500, -0.1914370078740159900 ) ) ;
#493 = CARTESIAN_POINT ( 'NONE',  ( 0.06765333536248338600, -0.2082155564801113900, -0.3226201105342080800 ) ) ;
#494 = CARTESIAN_POINT ( 'NONE',  ( -0.1605815918515515800, -0.05217612204500268700, -0.3650354754629339100 ) ) ;
#495 = CARTESIAN_POINT ( 'NONE',  ( 0.0000000000000000000, 0.1968503937007874100, -0.2114921683763193400 ) ) ;
#496 = CARTESIAN_POINT ( 'NONE',  ( -0.1157057583252900100, 0.1592553138533361100, -0.2308070866141734600 ) ) ;
#497 = CARTESIAN_POINT ( 'NONE',  ( 0.1223860333968800200, -0.1684499236856468200, -0.08246263021924726800 ) ) ;
#498 = CARTESIAN_POINT ( 'NONE',  ( 0.05486122133756580300, 0.1688454777399540400, -0.1563740581400990500 ) ) ;
#499 = DIRECTION ( 'NONE',  ( 0.0000000000000000000, 1.000000000000000000, 0.0000000000000000000 ) ) ;
#500 = ORIENTED_EDGE ( 'NONE', *, *, #3661, .F. ) ;
#501 = CARTESIAN_POINT ( 'NONE',  ( -0.1215431545692481500, 0.1349559824806255700, -0.2852191874815677200 ) ) ;
#502 = AXIS2_PLACEMENT_3D ( 'NONE', #14, #2403, #2667 ) ;
#503 = CARTESIAN_POINT ( 'NONE',  ( 0.1436285421260782600, 0.1043522440900053900, 0.1507125560331294100 ) ) ;
#504 = CARTESIAN_POINT ( 'NONE',  ( 0.09924488173182204100, 0.1365988609149797500, -0.3177913809747448000 ) ) ;
#505 = CARTESIAN_POINT ( 'NONE',  ( 0.06396057012458765400, 0.1968503937007876600, 0.2298228346456693000 ) ) ;
#506 = LINE ( 'NONE', #3263, #1485 ) ;
#507 = CARTESIAN_POINT ( 'NONE',  ( -0.06765333536248341300, 0.2082155564801114700, -0.2832500317940505100 ) ) ;
#508 = ORIENTED_EDGE ( 'NONE', *, *, #81, .T. ) ;
#509 = FACE_OUTER_BOUND ( 'NONE', #3605, .T. ) ;
#510 = CARTESIAN_POINT ( 'NONE',  ( -0.1771187314312765700, -0.1286842908911822700, 0.2582736114492271700 ) ) ;
#511 = CARTESIAN_POINT ( 'NONE',  ( 0.0000000000000000000, 1.175782360627693200E-018, 0.3125000000000000000 ) ) ;
#512 = CARTESIAN_POINT ( 'NONE',  ( 0.0000000000000000000, -0.7918124999999997000, -0.3125000000000000000 ) ) ;
#513 = CARTESIAN_POINT ( 'NONE',  ( 0.0000000000000000000, 0.1968503937007874100, 0.1822086190252556200 ) ) ;
#514 = ORIENTED_EDGE ( 'NONE', *, *, #3749, .F. ) ;
#515 = CARTESIAN_POINT ( 'NONE',  ( 0.1436285421260782600, 0.1043522440900053900, -0.08550791640781559000 ) ) ;
#516 = MANIFOLD_SOLID_BREP ( 'Chamfer5', #3607 ) ;
#517 = CARTESIAN_POINT ( 'NONE',  ( -0.06832595519598952400, 0.1720158654493798800, -0.2886956061029704000 ) ) ;
#518 = ORIENTED_EDGE ( 'NONE', *, *, #1875, .F. ) ;
#519 = CARTESIAN_POINT ( 'NONE',  ( 0.09924488173182205400, -0.1365988609149796600, -0.02645279829757934300 ) ) ;
#520 = CARTESIAN_POINT ( 'NONE',  ( 0.1775346415770249200, 3.706982764817010900E-017, -0.2508622471164770300 ) ) ;
#521 = DIRECTION ( 'NONE',  ( 0.0000000000000000000, -1.881251777004309100E-018, -1.000000000000000000 ) ) ;
#522 = ORIENTED_EDGE ( 'NONE', *, *, #1234, .F. ) ;
#523 = CARTESIAN_POINT ( 'NONE',  ( 0.09924488173182205400, -0.1365988609149796600, 0.3006889763779530000 ) ) ;
#524 = ORIENTED_EDGE ( 'NONE', *, *, #3311, .F. ) ;
#525 = CARTESIAN_POINT ( 'NONE',  ( 0.05486122133756583800, -0.1688454777399539500, -0.3453504360928550400 ) ) ;
#526 = DIRECTION ( 'NONE',  ( -0.7071067811865557900, 8.659560562355033900E-017, 0.7071067811865391400 ) ) ;
#527 = CARTESIAN_POINT ( 'NONE',  ( -0.1534565078805284500, -0.07042652584322624300, -0.2726840604171196200 ) ) ;
#528 = ORIENTED_EDGE ( 'NONE', *, *, #2415, .F. ) ;
#529 = EDGE_CURVE ( 'NONE', #56, #3537, #103, .T. ) ;
#530 = CARTESIAN_POINT ( 'NONE',  ( -0.1436285421260782800, 0.1043522440900053500, -0.2193661841243510800 ) ) ;
#531 = CYLINDRICAL_SURFACE ( 'NONE', #3041, 0.3437500000000000000 ) ;
#532 = CARTESIAN_POINT ( 'NONE',  ( -0.1605815918515515800, -0.05217612204500268700, 0.1861456268992711400 ) ) ;
#533 = CARTESIAN_POINT ( 'NONE',  ( 0.09924488173182205400, -0.1365988609149796600, -0.1051929557778943100 ) ) ;
#534 = CARTESIAN_POINT ( 'NONE',  ( 2.410722045565655500E-017, -0.1968503937007873000, 0.1943897637795275200 ) ) ;
#535 = PRODUCT_DEFINITION_SHAPE ( 'NONE', 'NONE',  #2054 ) ;
#536 = AXIS2_PLACEMENT_3D ( 'NONE', #3392, #2808, #3700 ) ;
#537 = CYLINDRICAL_SURFACE ( 'NONE', #1019, 0.1968503937007874100 ) ;
#538 = CARTESIAN_POINT ( 'NONE',  ( -0.05486122133756586600, 0.1688454777399540400, 0.1786417322834647200 ) ) ;
#539 = CARTESIAN_POINT ( 'NONE',  ( 0.1605815918515516000, -0.05217612204500263900, -0.3335394124708078200 ) ) ;
#540 = CARTESIAN_POINT ( 'NONE',  ( 0.1436285421260782600, -0.1043522440900053200, -0.2465551181102362300 ) ) ;
#541 = CARTESIAN_POINT ( 'NONE',  ( -0.2069807528028085300, -1.182278133984402800E-017, -0.2189960629921263200 ) ) ;
#542 = FACE_OUTER_BOUND ( 'NONE', #1489, .T. ) ;
#543 = CARTESIAN_POINT ( 'NONE',  ( -0.05486122133756586600, 0.1688454777399540400, -0.2272401998723825300 ) ) ;
#544 = CARTESIAN_POINT ( 'NONE',  ( -0.1214535745411074000, -0.1202545336636023800, 0.2726840604171194000 ) ) ;
#545 = CARTESIAN_POINT ( 'NONE',  ( -0.05486122133756579000, -0.1688454777399539800, 0.1192164930410034200 ) ) ;
#546 = CARTESIAN_POINT ( 'NONE',  ( 0.05486122133756583800, -0.1688454777399539500, -0.1878701211322250700 ) ) ;
#547 = CARTESIAN_POINT ( 'NONE',  ( 0.0000000000000000000, 0.1688454777399540600, 0.1747047244094489800 ) ) ;
#548 = CARTESIAN_POINT ( 'NONE',  ( 0.1223860333968800200, -0.1684499236856468200, -0.1157421365822690200 ) ) ;
#549 = CARTESIAN_POINT ( 'NONE',  ( -0.1775346415770248900, -6.413618460845107500E-018, 0.2609487765055710200 ) ) ;
#550 = DIRECTION ( 'NONE',  ( -0.0000000000000000000, 1.881251777004309100E-018, 1.000000000000000000 ) ) ;
#551 = EDGE_CURVE ( 'NONE', #1501, #1740, #1904, .T. ) ;
#552 = EDGE_LOOP ( 'NONE', ( #1692, #1683, #2864, #518 ) ) ;
#553 = CARTESIAN_POINT ( 'NONE',  ( 2.067760738647403800E-017, -0.1688454777399540100, -0.1918071290062408600 ) ) ;
#554 = FACE_OUTER_BOUND ( 'NONE', #1496, .T. ) ;
#555 = CARTESIAN_POINT ( 'NONE',  ( 0.2086614173228346600, 2.619896612091631500E-017, 0.3125000000000000000 ) ) ;
#556 = CARTESIAN_POINT ( 'NONE',  ( 0.05486122133756583800, -0.1688454777399539500, -0.2666102786125400500 ) ) ;
#557 = ORIENTED_EDGE ( 'NONE', *, *, #1474, .F. ) ;
#558 = CARTESIAN_POINT ( 'NONE',  ( 0.1605815918515516000, -0.05217612204500263900, 0.07234251968503946400 ) ) ;
#559 = AXIS2_PLACEMENT_3D ( 'NONE', #796, #2915, #3831 ) ;
#560 = EDGE_CURVE ( 'NONE', #3243, #2345, #1886, .T. ) ;
#561 = CARTESIAN_POINT ( 'NONE',  ( 0.06765333536248338600, -0.2082155564801113900, -0.04093898697596978100 ) ) ;
#562 = CARTESIAN_POINT ( 'NONE',  ( 0.1775346415770248900, 3.706982764817010900E-017, 0.2215786977654134700 ) ) ;
#563 = CARTESIAN_POINT ( 'NONE',  ( -0.1771187314312765700, 0.1286842908911822700, -0.03915554360507402700 ) ) ;
#564 = ORIENTED_EDGE ( 'NONE', *, *, #1967, .T. ) ;
#565 = ORIENTED_EDGE ( 'NONE', *, *, #2466, .F. ) ;
#566 = CARTESIAN_POINT ( 'NONE',  ( -0.4217187500000002500, -2.953653931776406400E-017, -0.3125000000000000000 ) ) ;
#567 = CARTESIAN_POINT ( 'NONE',  ( 0.4217187500000002500, 2.578744229469662300E-017, -0.3125000000000000000 ) ) ;
#568 = VERTEX_POINT ( 'NONE', #770 ) ;
#569 = CARTESIAN_POINT ( 'NONE',  ( 0.1872158496644002500, 0.06083011700294242700, 0.1664605875291926300 ) ) ;
#570 = DIRECTION ( 'NONE',  ( -0.0000000000000000000, 1.881251777004309100E-018, 1.000000000000000000 ) ) ;
#571 = CARTESIAN_POINT ( 'NONE',  ( -0.09924488173182202700, -0.1365988609149796600, 0.2062007874015749900 ) ) ;
#572 = CARTESIAN_POINT ( 'NONE',  ( 0.1223860333968799900, 0.1684499236856469000, -0.01337993185785958000 ) ) ;
#573 = CARTESIAN_POINT ( 'NONE',  ( -0.1775346415770248900, -6.413618460845107500E-018, 0.1822086190252560400 ) ) ;
#574 = CONICAL_SURFACE ( 'NONE', #945, 0.1328125000000000000, 0.7853981633974579400 ) ;
#575 = CARTESIAN_POINT ( 'NONE',  ( 2.410722045565655500E-017, -0.1968503937007873000, 0.2215786977654131400 ) ) ;
#576 = CARTESIAN_POINT ( 'NONE',  ( 0.1674509465259921000, -0.1216602340058847400, -0.1087598425196852100 ) ) ;
#577 = CARTESIAN_POINT ( 'NONE',  ( -0.2189307921375865400, -1.401796795299716600E-017, -0.03128152785704257200 ) ) ;
#578 = FACE_BOUND ( 'NONE', #46, .T. ) ;
#579 = CARTESIAN_POINT ( 'NONE',  ( 0.0000000000000000000, 0.5625000000000001100, 0.08578124999999983700 ) ) ;
#580 = CYLINDRICAL_SURFACE ( 'NONE', #2075, 0.8046875000000000000 ) ;
#581 = CARTESIAN_POINT ( 'NONE',  ( -0.1605815918515515800, -0.05217612204500268700, -0.3650354754629339100 ) ) ;
#582 = CARTESIAN_POINT ( 'NONE',  ( -0.1328125000000000000, 0.5625000000000001100, 0.08578124999999983700 ) ) ;
#583 = ADVANCED_FACE ( 'NONE', ( #2267 ), #1464, .F. ) ;
#584 = CARTESIAN_POINT ( 'NONE',  ( 0.1436285421260782600, -0.1043522440900053100, -0.08907480314960626600 ) ) ;
#585 = FACE_OUTER_BOUND ( 'NONE', #334, .T. ) ;
#586 = CARTESIAN_POINT ( 'NONE',  ( 2.549905147760534400E-017, -0.2082155564801114200, 0.03386416263032945200 ) ) ;
#587 = CARTESIAN_POINT ( 'NONE',  ( 0.1775346415770248900, 3.706982764817010900E-017, 0.06409838280478352700 ) ) ;
#588 = CARTESIAN_POINT ( 'NONE',  ( 0.06396057012457538600, -0.1968503937007964600, 0.2255157056394279100 ) ) ;
#589 = CARTESIAN_POINT ( 'NONE',  ( -0.1674509465259921000, -0.1216602340058848100, -0.1051929557778941100 ) ) ;
#590 = DIRECTION ( 'NONE',  ( -0.0000000000000000000, -0.0000000000000000000, 1.000000000000000000 ) ) ;
#591 = CARTESIAN_POINT ( 'NONE',  ( -0.1487371018594211300, -0.1058273965096510800, -0.2860777268803950700 ) ) ;
#592 = VERTEX_POINT ( 'NONE', #164 ) ;
#593 = CARTESIAN_POINT ( 'NONE',  ( -0.05486122133756586600, 0.1688454777399540400, 0.02116141732283470500 ) ) ;
#594 = CARTESIAN_POINT ( 'NONE',  ( 0.2189307921375865400, 3.960461081222081500E-017, 0.05354920200040817800 ) ) ;
#595 = CARTESIAN_POINT ( 'NONE',  ( 0.1157057583252899800, -0.1592553138533360500, -0.006767758927500389400 ) ) ;
#596 = EDGE_CURVE ( 'NONE', #3864, #698, #3837, .T. ) ;
#597 = ADVANCED_FACE ( 'NONE', ( #2982, #2177, #2603, #989, #1792, #578 ), #1687, .F. ) ;
#598 = ORIENTED_EDGE ( 'NONE', *, *, #1756, .T. ) ;
#599 = FACE_OUTER_BOUND ( 'NONE', #2350, .T. ) ;
#600 = ORIENTED_EDGE ( 'NONE', *, *, #3583, .F. ) ;
#601 = CARTESIAN_POINT ( 'NONE',  ( -0.05486122133756579000, -0.1688454777399539800, 0.2101377952755907100 ) ) ;
#602 = CARTESIAN_POINT ( 'NONE',  ( -0.1872158496644002500, -0.06083011700294239900, 0.1786417322834645000 ) ) ;
#603 = ORIENTED_EDGE ( 'NONE', *, *, #3021, .F. ) ;
#604 = CARTESIAN_POINT ( 'NONE',  ( 0.05486122133756580300, 0.1688454777399540400, 0.01328740157480325400 ) ) ;
#605 =( BOUNDED_CURVE ( )  B_SPLINE_CURVE ( 2, ( #2258, #1933, #1003, #1335, #3443, #1957, #3431, #3122, #111, #1614, #2869 ),
 .UNSPECIFIED., .F., .T. ) 
 B_SPLINE_CURVE_WITH_KNOTS ( ( 3, 2, 2, 2, 2, 3 ),
 ( 0.4375108069330346800, 0.4486219180441458600, 0.4597330291552569300, 0.4708441402663680100, 0.4819552513774791900, 0.4930663624885902600 ),
 .UNSPECIFIED. ) 
 CURVE ( )  GEOMETRIC_REPRESENTATION_ITEM ( )  RATIONAL_B_SPLINE_CURVE ( ( 1.000000000000011300, 0.9510565162951422100, 1.000000000000000000, 0.9510565162951534200, 1.000000000000000000, 0.9510565162951534200, 1.000000000000000000, 0.9510565162951534200, 1.000000000000000000, 0.9510565162951646300, 0.9999999999999887900 ) ) 
 REPRESENTATION_ITEM ( '' )  );
#606 = AXIS2_PLACEMENT_3D ( 'NONE', #2818, #3442, #683 ) ;
#607 = CARTESIAN_POINT ( 'NONE',  ( 0.1223860333968799900, 0.1684499236856469000, -0.2496004042988045300 ) ) ;
#608 = CARTESIAN_POINT ( 'NONE',  ( 0.05486122133756583800, -0.1688454777399539500, -0.1091299636519094700 ) ) ;
#609 = CARTESIAN_POINT ( 'NONE',  ( 0.1872158496644003300, -0.06083011700294235100, 0.001106256820531128000 ) ) ;
#610 = ORIENTED_EDGE ( 'NONE', *, *, #2172, .F. ) ;
#611 = EDGE_LOOP ( 'NONE', ( #744, #1926, #3718, #2451 ) ) ;
#612 = ORIENTED_EDGE ( 'NONE', *, *, #1548, .T. ) ;
#613 = CARTESIAN_POINT ( 'NONE',  ( 5.122214988120493500E-017, -0.5625000000000001100, -0.3125000000000000000 ) ) ;
#614 = CARTESIAN_POINT ( 'NONE',  ( -0.1605815918515515800, -0.05217612204500268700, 0.1195866141732284900 ) ) ;
#615 = CARTESIAN_POINT ( 'NONE',  ( -0.1436285421260782800, 0.1043522440900053500, -0.3768464990849809700 ) ) ;
#616 = ADVANCED_FACE ( 'NONE', ( #2555 ), #574, .F. ) ;
#617 = VECTOR ( 'NONE', #1107, 39.37007874015748100 ) ;
#618 = CARTESIAN_POINT ( 'NONE',  ( 0.1775346415770249200, 3.706982764817010900E-017, -0.1599409448818897600 ) ) ;
#619 = EDGE_CURVE ( 'NONE', #2714, #2534, #197, .T. ) ;
#620 = CARTESIAN_POINT ( 'NONE',  ( -0.1980247617844316000, 0.06434214544559113700, -0.1472381995743951000 ) ) ;
#621 = CARTESIAN_POINT ( 'NONE',  ( -0.1775346415770248900, -6.413618460845107500E-018, -0.05401185341568898900 ) ) ;
#622 = DIRECTION ( 'NONE',  ( -0.0000000000000000000, 1.881251777004309100E-018, 1.000000000000000000 ) ) ;
#623 = FACE_OUTER_BOUND ( 'NONE', #3626, .T. ) ;
#624 = AXIS2_PLACEMENT_3D ( 'NONE', #693, #1607, #3140 ) ;
#625 = FACE_OUTER_BOUND ( 'NONE', #3469, .T. ) ;
#626 = DIRECTION ( 'NONE',  ( 0.0000000000000000000, -1.881251777004309100E-018, -1.000000000000000000 ) ) ;
#627 = CARTESIAN_POINT ( 'NONE',  ( 0.05486122133756580300, 0.1688454777399540400, 0.2495078740157482300 ) ) ;
#628 = CARTESIAN_POINT ( 'NONE',  ( -0.7032812500000007500, -2.953653931776396500E-017, 0.09375000000000026400 ) ) ;
#629 = AXIS2_PLACEMENT_3D ( 'NONE', #3759, #2285, #458 ) ;
#630 = EDGE_CURVE ( 'NONE', #473, #1971, #2839, .T. ) ;
#631 = CARTESIAN_POINT ( 'NONE',  ( -0.1436285421260782800, 0.1043522440900053500, -0.04970472440944873100 ) ) ;
#632 = CARTESIAN_POINT ( 'NONE',  ( 0.1980247617844315700, 0.06434214544559117800, -0.3362145775271511100 ) ) ;
#633 = CARTESIAN_POINT ( 'NONE',  ( 0.1605815918515516000, -0.05217612204500263900, -0.09731894002986223000 ) ) ;
#634 = DIRECTION ( 'NONE',  ( 0.0000000000000000000, 0.0000000000000000000, 1.000000000000000000 ) ) ;
#635 = ORIENTED_EDGE ( 'NONE', *, *, #2577, .T. ) ;
#636 = APPROVAL_DATE_TIME ( #914, #3102 ) ;
#637 = CARTESIAN_POINT ( 'NONE',  ( 0.1605815918515515800, 0.05217612204500271500, 0.2376968503937009800 ) ) ;
#638 = CARTESIAN_POINT ( 'NONE',  ( -0.06396057012458783400, -0.1968503937007873800, -0.2819881889763782800 ) ) ;
#639 = CARTESIAN_POINT ( 'NONE',  ( -0.06396057012457541400, 0.1968503937007965200, 0.1074054694189554200 ) ) ;
#640 = PERSON_AND_ORGANIZATION ( #3790, #1160 ) ;
#641 = CARTESIAN_POINT ( 'NONE',  ( 0.0000000000000000000, 0.1688454777399540600, -0.2189960629921259800 ) ) ;
#642 = CARTESIAN_POINT ( 'NONE',  ( 0.06765333536248338600, -0.2082155564801113900, -0.3558996168972298800 ) ) ;
#643 = CARTESIAN_POINT ( 'NONE',  ( 0.1605815918515515800, 0.05217612204500271500, -0.1681850817621456900 ) ) ;
#644 = AXIS2_PLACEMENT_3D ( 'NONE', #748, #2254, #2313 ) ;
#645 = ORIENTED_EDGE ( 'NONE', *, *, #273, .F. ) ;
#646 = CARTESIAN_POINT ( 'NONE',  ( 0.09924488173182204100, 0.1365988609149797500, 0.2455708661417324900 ) ) ;
#647 = CARTESIAN_POINT ( 'NONE',  ( 0.06396057012457538600, -0.1968503937007964600, -0.1681850817621470500 ) ) ;
#648 = ORIENTED_EDGE ( 'NONE', *, *, #2563, .F. ) ;
#649 = CARTESIAN_POINT ( 'NONE',  ( -0.1436285421260782800, 0.1043522440900053500, 0.1865157480314962300 ) ) ;
#650 = CARTESIAN_POINT ( 'NONE',  ( 2.410722045565655500E-017, -0.1968503937007873000, 0.1428385402850981000 ) ) ;
#651 = ORIENTED_EDGE ( 'NONE', *, *, #3648, .T. ) ;
#652 = CARTESIAN_POINT ( 'NONE',  ( -0.1775346415770249200, -6.413618460845107500E-018, -0.1993110236220472800 ) ) ;
#653 = ORIENTED_EDGE ( 'NONE', *, *, #1673, .F. ) ;
#654 = CARTESIAN_POINT ( 'NONE',  ( -0.1980247617844316000, 0.06434214544559113700, -0.3834586720153400600 ) ) ;
#655 = CARTESIAN_POINT ( 'NONE',  ( 0.0000000000000000000, 0.1688454777399540600, -0.2311772077463976900 ) ) ;
#656 = VECTOR ( 'NONE', #1506, 39.37007874015748900 ) ;
#657 = CARTESIAN_POINT ( 'NONE',  ( -0.09924488173182202700, -0.1365988609149796600, 0.2062007874015749900 ) ) ;
#658 = DIRECTION ( 'NONE',  ( -0.0000000000000000000, -0.0000000000000000000, -1.000000000000000000 ) ) ;
#659 = CARTESIAN_POINT ( 'NONE',  ( -0.1157057583252900100, 0.1592553138533361100, 0.005413385826771545000 ) ) ;
#660 = FACE_OUTER_BOUND ( 'NONE', #688, .T. ) ;
#661 = CARTESIAN_POINT ( 'NONE',  ( -0.1775346415770249200, -6.413618460845107500E-018, 0.03690944881889773900 ) ) ;
#662 = CARTESIAN_POINT ( 'NONE',  ( -0.5625000000000001100, -4.677727003701036800E-017, 0.08578124999999976700 ) ) ;
#663 = EDGE_CURVE ( 'NONE', #824, #3365, #2878, .T. ) ;
#664 = CARTESIAN_POINT ( 'NONE',  ( 2.067760738647403800E-017, -0.1688454777399540100, 0.2018936583953341600 ) ) ;
#665 = CIRCLE ( 'NONE', #3499, 0.1407812500000006100 ) ;
#666 = CARTESIAN_POINT ( 'NONE',  ( 0.0000000000000000000, -0.1968503937007874100, 0.3125000000000000000 ) ) ;
#667 = CARTESIAN_POINT ( 'NONE',  ( 0.1605815918515515800, 0.05217612204500271500, 0.1589566929133859900 ) ) ;
#668 = DIRECTION ( 'NONE',  ( 0.0000000000000000000, -1.881251777004309100E-018, -1.000000000000000000 ) ) ;
#669 = CARTESIAN_POINT ( 'NONE',  ( 0.1157057583252899800, -0.1592553138533360500, -0.1642480738881303700 ) ) ;
#670 = CARTESIAN_POINT ( 'NONE',  ( -0.05486122133756586600, 0.1688454777399540400, -0.1363188976377952800 ) ) ;
#671 = DIRECTION ( 'NONE',  ( -0.0000000000000000000, 1.881251777004309100E-018, 1.000000000000000000 ) ) ;
#672 = EDGE_CURVE ( 'NONE', #2309, #568, #2320, .T. ) ;
#673 = CARTESIAN_POINT ( 'NONE',  ( -0.09924488173182208200, 0.1365988609149797200, -0.2898622047244095400 ) ) ;
#674 = ORIENTED_EDGE ( 'NONE', *, *, #877, .F. ) ;
#675 = DIRECTION ( 'NONE',  ( 0.0000000000000000000, -1.000000000000000000, 0.0000000000000000000 ) ) ;
#676 = CARTESIAN_POINT ( 'NONE',  ( -0.05486122133756587300, 0.1688454777399540400, -0.2272401998723818900 ) ) ;
#677 = DIRECTION ( 'NONE',  ( -0.0000000000000000000, 1.881251777004311800E-018, 1.000000000000000000 ) ) ;
#678 = DIRECTION ( 'NONE',  ( 1.000000000000000000, 0.0000000000000000000, 0.0000000000000000000 ) ) ;
#679 = VERTEX_POINT ( 'NONE', #1670 ) ;
#680 = VECTOR ( 'NONE', #526, 39.37007874015748900 ) ;
#681 = CARTESIAN_POINT ( 'NONE',  ( -0.05486122133756579000, -0.1688454777399539800, 0.05265748031496074500 ) ) ;
#682 = CARTESIAN_POINT ( 'NONE',  ( 0.1775346415770249200, 3.706982764817010900E-017, 0.3003188552457278800 ) ) ;
#683 = DIRECTION ( 'NONE',  ( 0.0000000000000000000, -1.000000000000000000, 0.0000000000000000000 ) ) ;
#684 = CARTESIAN_POINT ( 'NONE',  ( -0.05486122133756579000, -0.1688454777399539800, -0.3410433070866141800 ) ) ;
#685 = ORIENTED_EDGE ( 'NONE', *, *, #2717, .F. ) ;
#686 = CARTESIAN_POINT ( 'NONE',  ( 2.410722045565655500E-017, -0.1968503937007873000, -0.09338193215584687800 ) ) ;
#687 = CARTESIAN_POINT ( 'NONE',  ( 2.410722045565655500E-017, -0.1968503937007873000, 0.3003188552457281000 ) ) ;
#688 = EDGE_LOOP ( 'NONE', ( #1221, #121, #1024, #3315 ) ) ;
#689 = CARTESIAN_POINT ( 'NONE',  ( 0.1436285421260782600, -0.1043522440900053200, 0.1471456692913387400 ) ) ;
#690 = ORIENTED_EDGE ( 'NONE', *, *, #2283, .F. ) ;
#691 = CARTESIAN_POINT ( 'NONE',  ( 2.410722045565655500E-017, -0.1968503937007873000, 0.2215786977654131400 ) ) ;
#692 = VERTEX_POINT ( 'NONE', #3462 ) ;
#693 = CARTESIAN_POINT ( 'NONE',  ( 0.0000000000000000000, 7.642585344080009900E-019, 0.09375000000000026400 ) ) ;
#694 = CARTESIAN_POINT ( 'NONE',  ( -0.1980247617844316000, 0.06434214544559113700, 0.2797420941902016800 ) ) ;
#695 = CARTESIAN_POINT ( 'NONE',  ( 0.1605815918515515800, 0.05217612204500271500, -0.1560039370078739900 ) ) ;
#696 = CARTESIAN_POINT ( 'NONE',  ( -0.09924488173182208200, 0.1365988609149797200, 0.2491377528835231300 ) ) ;
#697 = DIRECTION ( 'NONE',  ( -1.000000000000000000, 0.0000000000000000000, 0.0000000000000000000 ) ) ;
#698 = VERTEX_POINT ( 'NONE', #2549 ) ;
#699 = CARTESIAN_POINT ( 'NONE',  ( -0.1571517778534473100, -0.08413482616189069100, 0.2816784493401667300 ) ) ;
#700 = CIRCLE ( 'NONE', #762, 0.1407812499999998000 ) ;
#701 = DIRECTION ( 'NONE',  ( -0.0000000000000000000, 1.881251777004309100E-018, 1.000000000000000000 ) ) ;
#702 = CARTESIAN_POINT ( 'NONE',  ( 0.1697370485821927100, 0.09814407936447892800, 0.2996450862481595000 ) ) ;
#703 = CARTESIAN_POINT ( 'NONE',  ( 0.09924488173182205400, -0.1365988609149796600, -0.2626732707385237600 ) ) ;
#704 = VECTOR ( 'NONE', #1645, 39.37007874015748100 ) ;
#705 = CARTESIAN_POINT ( 'NONE',  ( 0.09924488173182204100, 0.1365988609149797500, 0.009350393700787464800 ) ) ;
#706 = CIRCLE ( 'NONE', #849, 0.1407812500000006100 ) ;
#707 = CARTESIAN_POINT ( 'NONE',  ( -0.1000959292740066400, -0.1359764696409138700, 0.2726840604171195100 ) ) ;
#708 = DIRECTION ( 'NONE',  ( -0.0000000000000000000, -0.0000000000000000000, -1.000000000000000000 ) ) ;
#709 = DIRECTION ( 'NONE',  ( -0.0000000000000000000, -1.881251777004310600E-018, -1.000000000000000000 ) ) ;
#710 = CARTESIAN_POINT ( 'NONE',  ( 0.05486122133756583800, -0.1688454777399539500, -0.01820866141732274000 ) ) ;
#711 = CARTESIAN_POINT ( 'NONE',  ( -0.1605815918515515800, -0.05217612204500268700, 0.2648857843795861500 ) ) ;
#712 = CIRCLE ( 'NONE', #3093, 0.3437500000000000000 ) ;
#713 = DIRECTION ( 'NONE',  ( 0.7071067811865527900, 8.659560562354997000E-017, -0.7071067811865421300 ) ) ;
#714 = DIRECTION ( 'NONE',  ( -0.0000000000000000000, 1.881251777004309100E-018, 1.000000000000000000 ) ) ;
#715 = EDGE_CURVE ( 'NONE', #2714, #3668, #2278, .T. ) ;
#716 = CARTESIAN_POINT ( 'NONE',  ( 0.2069807528028085300, 3.887288194116977200E-017, -0.07369689278576811700 ) ) ;
#717 = DIRECTION ( 'NONE',  ( -1.000000000000000000, 0.0000000000000000000, 0.0000000000000000000 ) ) ;
#718 =( BOUNDED_CURVE ( )  B_SPLINE_CURVE ( 2, ( #1321, #3696, #110 ),
 .UNSPECIFIED., .F., .T. ) 
 B_SPLINE_CURVE_WITH_KNOTS ( ( 3, 3 ),
 ( 0.9375108069330346800, 0.9380560811078800800 ),
 .UNSPECIFIED. ) 
 CURVE ( )  GEOMETRIC_REPRESENTATION_ITEM ( )  RATIONAL_B_SPLINE_CURVE ( ( 1.000000000000011300, 0.9975981144078117600, 0.9954319723287957700 ) ) 
 REPRESENTATION_ITEM ( '' )  );
#719 = CARTESIAN_POINT ( 'NONE',  ( -0.1436285421260782300, -0.1043522440900053500, -0.1126968503937007400 ) ) ;
#720 = DIRECTION ( 'NONE',  ( 0.0000000000000000000, 0.0000000000000000000, 1.000000000000000000 ) ) ;
#721 = CARTESIAN_POINT ( 'NONE',  ( 0.1012270341065597400, -0.1502556867641968700, 0.2848244861268733300 ) ) ;
#722 = CARTESIAN_POINT ( 'NONE',  ( -0.2189307921375865400, -1.401796795299716600E-017, 0.2049389445839024700 ) ) ;
#723 = CARTESIAN_POINT ( 'NONE',  ( -0.1775346415770249200, -6.413618460845107500E-018, -0.1993110236220472800 ) ) ;
#724 = CARTESIAN_POINT ( 'NONE',  ( -0.09924488173182202700, -0.1365988609149796600, 0.1940196426473026500 ) ) ;
#725 = VERTEX_POINT ( 'NONE', #803 ) ;
#726 = COORDINATED_UNIVERSAL_TIME_OFFSET ( 6, 0, .BEHIND. ) ;
#727 = CARTESIAN_POINT ( 'NONE',  ( 0.0000000000000000000, -0.1968503937007874100, 0.3125000000000000000 ) ) ;
#728 = CARTESIAN_POINT ( 'NONE',  ( -0.05486122133756579000, -0.1688454777399539800, 0.1979566505213184200 ) ) ;
#729 = DIRECTION ( 'NONE',  ( 0.0000000000000000000, -1.881251777004312500E-018, -1.000000000000000000 ) ) ;
#730 = DIRECTION ( 'NONE',  ( -0.0000000000000000000, -0.0000000000000000000, 1.000000000000000000 ) ) ;
#731 = EDGE_LOOP ( 'NONE', ( #1571, #3664, #3235, #2438 ) ) ;
#732 = CARTESIAN_POINT ( 'NONE',  ( 0.1605815918515515800, 0.05217612204500271500, -0.1560039370078739900 ) ) ;
#733 = CARTESIAN_POINT ( 'NONE',  ( 2.410722045565655500E-017, -0.1968503937007873000, 0.03690944881889754400 ) ) ;
#734 = CARTESIAN_POINT ( 'NONE',  ( 0.0000000000000000000, 0.2082155564801114700, 0.1065137477335087000 ) ) ;
#735 = EDGE_CURVE ( 'NONE', #3537, #1693, #1511, .T. ) ;
#736 = CARTESIAN_POINT ( 'NONE',  ( -0.1605815918515515800, -0.05217612204500268700, -0.1953740157480315100 ) ) ;
#737 = CARTESIAN_POINT ( 'NONE',  ( 0.1605815918515515800, 0.05217612204500271500, 0.2255157056394286600 ) ) ;
#738 = CARTESIAN_POINT ( 'NONE',  ( 2.410722045565655500E-017, -0.1968503937007873000, 0.1156496062992125000 ) ) ;
#739 = ORIENTED_EDGE ( 'NONE', *, *, #1421, .F. ) ;
#740 = ORIENTED_EDGE ( 'NONE', *, *, #2717, .T. ) ;
#741 = CARTESIAN_POINT ( 'NONE',  ( 0.05486122133756580300, 0.1688454777399540400, -0.3016732283464567700 ) ) ;
#742 = DIRECTION ( 'NONE',  ( 0.0000000000000000000, 1.000000000000000000, 0.0000000000000000000 ) ) ;
#743 = AXIS2_PLACEMENT_3D ( 'NONE', #1925, #658, #3679 ) ;
#744 = ORIENTED_EDGE ( 'NONE', *, *, #1733, .F. ) ;
#745 = CARTESIAN_POINT ( 'NONE',  ( 0.1771187314312765700, -0.1286842908911822200, -0.1572657798255465400 ) ) ;
#746 = CARTESIAN_POINT ( 'NONE',  ( -0.1605815918515516000, 0.05217612204500267400, -0.1245078740157480500 ) ) ;
#747 = CARTESIAN_POINT ( 'NONE',  ( 2.410722045565655500E-017, -0.1968503937007873000, -0.04183070866141749100 ) ) ;
#748 = CARTESIAN_POINT ( 'NONE',  ( 0.0000000000000000000, 2.422111662893073600E-020, -0.2996249999999998100 ) ) ;
#749 = CARTESIAN_POINT ( 'NONE',  ( 0.0000000000000000000, 0.2082155564801114700, 0.1852539052138237100 ) ) ;
#750 = AXIS2_PLACEMENT_3D ( 'NONE', #148, #1681, #45 ) ;
#751 = EDGE_CURVE ( 'NONE', #34, #3198, #3255, .T. ) ;
#752 = CARTESIAN_POINT ( 'NONE',  ( 0.05486122133756580300, 0.1688454777399540400, -0.07763390065978410800 ) ) ;
#753 = DIRECTION ( 'NONE',  ( -0.0000000000000000000, 1.881251777004311800E-018, 1.000000000000000000 ) ) ;
#754 = VECTOR ( 'NONE', #88, 39.37007874015748900 ) ;
#755 = CARTESIAN_POINT ( 'NONE',  ( 0.1775346415770249200, 3.706982764817010900E-017, -0.3174212598425197300 ) ) ;
#756 = CARTESIAN_POINT ( 'NONE',  ( -0.2086614173228346600, 5.175261980391226500E-017, 0.3125000000000000000 ) ) ;
#757 = CARTESIAN_POINT ( 'NONE',  ( -0.1223860333968800500, 0.1684499236856469000, -0.2005728664397198000 ) ) ;
#758 = CARTESIAN_POINT ( 'NONE',  ( 0.1605815918515515800, 0.05217612204500271500, 0.001476377952755947800 ) ) ;
#759 = DIRECTION ( 'NONE',  ( 0.0000000000000000000, 1.000000000000000000, 0.0000000000000000000 ) ) ;
#760 = CARTESIAN_POINT ( 'NONE',  ( 2.549905147760534400E-017, -0.2082155564801114200, 0.1458838264736661800 ) ) ;
#761 = CARTESIAN_POINT ( 'NONE',  ( -0.1775346415770249200, -6.413618460845107500E-018, -0.05401185341568960600 ) ) ;
#762 = AXIS2_PLACEMENT_3D ( 'NONE', #3890, #2646, #1493 ) ;
#763 = CARTESIAN_POINT ( 'NONE',  ( -0.1605815918515516000, 0.05217612204500267400, 0.09953145367092465500 ) ) ;
#764 = CARTESIAN_POINT ( 'NONE',  ( 0.1814588649232431500, 0.07010950063641176200, 0.2981072879544364700 ) ) ;
#765 = DIRECTION ( 'NONE',  ( -0.0000000000000000000, -0.0000000000000000000, -1.000000000000000000 ) ) ;
#766 = CARTESIAN_POINT ( 'NONE',  ( 0.0000000000000000000, 0.2082155564801114700, -0.2084468821877512600 ) ) ;
#767 = ORIENTED_EDGE ( 'NONE', *, *, #1690, .T. ) ;
#768 = CARTESIAN_POINT ( 'NONE',  ( -0.1980247617844315700, -0.06434214544559115100, 0.2543366035752114300 ) ) ;
#769 = CARTESIAN_POINT ( 'NONE',  ( -0.05486122133756579000, -0.1688454777399540100, -0.2623031496062992500 ) ) ;
#770 = CARTESIAN_POINT ( 'NONE',  ( -0.1968503937007874100, 2.619896612091631500E-017, -0.3006889763779528300 ) ) ;
#771 = CARTESIAN_POINT ( 'NONE',  ( -0.1771187314312765700, 0.1286842908911822700, 0.03958461387524094700 ) ) ;
#772 = LINE ( 'NONE', #567, #456 ) ;
#773 = CARTESIAN_POINT ( 'NONE',  ( 2.067760738647403800E-017, -0.1688454777399540100, -0.03432681404561085900 ) ) ;
#774 = CARTESIAN_POINT ( 'NONE',  ( 0.06794613618706008000, 0.1807290880359910300, -0.2960107792820018100 ) ) ;
#775 = VERTEX_POINT ( 'NONE', #2239 ) ;
#776 = LINE ( 'NONE', #1062, #680 ) ;
#777 = CARTESIAN_POINT ( 'NONE',  ( 0.0000000000000000000, 0.1688454777399540600, 0.005043264694546657600 ) ) ;
#778 = CARTESIAN_POINT ( 'NONE',  ( 0.0000000000000000000, 1.175782360627693200E-018, 0.3125000000000000000 ) ) ;
#779 = DIRECTION ( 'NONE',  ( 0.0000000000000000000, 1.000000000000000000, 0.0000000000000000000 ) ) ;
#780 = EDGE_LOOP ( 'NONE', ( #1668, #829, #3900, #524, #3802, #927, #3762, #1725, #225 ) ) ;
#781 = CARTESIAN_POINT ( 'NONE',  ( -0.1980247617844316000, 0.06434214544559113700, -0.3501791656523182700 ) ) ;
#782 = CARTESIAN_POINT ( 'NONE',  ( -0.1775346415770249200, -6.413618460845107500E-018, -0.3689724833369496500 ) ) ;
#783 = CARTESIAN_POINT ( 'NONE',  ( 0.05486122133756583800, -0.1688454777399539500, -0.2544291338582678200 ) ) ;
#784 = ORIENTED_EDGE ( 'NONE', *, *, #2767, .T. ) ;
#785 = CARTESIAN_POINT ( 'NONE',  ( -0.06396057012458791800, 0.1968503937007874700, -0.2347440944881892500 ) ) ;
#786 = CARTESIAN_POINT ( 'NONE',  ( 0.0000000000000000000, 0.8046875000000000000, -0.2996249999999998100 ) ) ;
#787 = EDGE_CURVE ( 'NONE', #2034, #360, #940, .T. ) ;
#788 = CARTESIAN_POINT ( 'NONE',  ( 0.09924488173182204100, 0.1365988609149797500, -0.1603110660141148500 ) ) ;
#789 = VERTEX_POINT ( 'NONE', #1093 ) ;
#790 = APPROVAL_STATUS ( 'not_yet_approved' ) ;
#791 = VERTEX_POINT ( 'NONE', #1147 ) ;
#792 = CARTESIAN_POINT ( 'NONE',  ( -0.1714712895520073000, 0.03720752053707655800, -0.2790523302942578000 ) ) ;
#793 = ORIENTED_EDGE ( 'NONE', *, *, #2283, .T. ) ;
#794 = CARTESIAN_POINT ( 'NONE',  ( -0.09924488173182202700, -0.1365988609149796600, 0.1152794851669876600 ) ) ;
#795 = CARTESIAN_POINT ( 'NONE',  ( -0.1436285421260782300, -0.1043522440900053500, -0.2036181526282881100 ) ) ;
#796 = CARTESIAN_POINT ( 'NONE',  ( 0.0000000000000000000, 1.175782360627693200E-018, 0.3125000000000000000 ) ) ;
#797 = AXIS2_PLACEMENT_3D ( 'NONE', #2897, #135, #742 ) ;
#798 = CYLINDRICAL_SURFACE ( 'NONE', #1710, 0.1328125000000000000 ) ;
#799 = CARTESIAN_POINT ( 'NONE',  ( -0.1980247617844316000, 0.06434214544559113700, -0.2714390081720032800 ) ) ;
#800 = CARTESIAN_POINT ( 'NONE',  ( -0.1771187314312765700, 0.1286842908911822700, 0.1637854224728491600 ) ) ;
#801 = CARTESIAN_POINT ( 'NONE',  ( 0.1674509465259921000, 0.1216602340058848700, -0.01427165354330721600 ) ) ;
#802 = CONICAL_SURFACE ( 'NONE', #3448, 0.2086614173228346600, 0.7853981633974500600 ) ;
#803 = CARTESIAN_POINT ( 'NONE',  ( 0.1328125000000000600, -0.5625000000000001100, 0.08578124999999983700 ) ) ;
#804 = CARTESIAN_POINT ( 'NONE',  ( -0.09924488173182202700, -0.1365988609149796600, -0.04220082979364230700 ) ) ;
#805 = CYLINDRICAL_SURFACE ( 'NONE', #870, 0.1968503937007874100 ) ;
#806 = DIRECTION ( 'NONE',  ( -0.0000000000000000000, 1.881251777004309100E-018, 1.000000000000000000 ) ) ;
#807 = CIRCLE ( 'NONE', #376, 0.1328125000000000000 ) ;
#808 = DIRECTION ( 'NONE',  ( -0.0000000000000000000, 1.881251777004309100E-018, 1.000000000000000000 ) ) ;
#809 = CARTESIAN_POINT ( 'NONE',  ( -0.05486122133756579000, -0.1688454777399539800, -0.03826382191962657300 ) ) ;
#810 = CARTESIAN_POINT ( 'NONE',  ( -0.09924488173182208200, 0.1365988609149797200, -0.2233031919983668500 ) ) ;
#811 = CARTESIAN_POINT ( 'NONE',  ( -0.09924488173182202700, -0.1365988609149796600, 0.2849409448818899800 ) ) ;
#812 = CARTESIAN_POINT ( 'NONE',  ( 0.06765333536248335800, 0.2082155564801114700, 0.1480373909767861400 ) ) ;
#813 = DIRECTION ( 'NONE',  ( -0.0000000000000000000, 1.881251777004309100E-018, 1.000000000000000000 ) ) ;
#814 = EDGE_CURVE ( 'NONE', #3699, #920, #3822, .T. ) ;
#815 = CARTESIAN_POINT ( 'NONE',  ( -0.1605815918515516000, 0.05217612204500267400, -0.2941693337306503000 ) ) ;
#816 = EDGE_LOOP ( 'NONE', ( #1502, #1598, #1011, #2154 ) ) ;
#817 = CARTESIAN_POINT ( 'NONE',  ( 0.0000000000000000000, -0.1968503937007873800, -0.3006889763779528300 ) ) ;
#818 = CARTESIAN_POINT ( 'NONE',  ( 0.09924488173182204100, 0.1365988609149797500, 0.07590940642683016700 ) ) ;
#819 = CARTESIAN_POINT ( 'NONE',  ( 0.1436285421260782600, 0.1043522440900053900, -0.1642480738881305900 ) ) ;
#820 = ORIENTED_EDGE ( 'NONE', *, *, #3149, .T. ) ;
#821 = CARTESIAN_POINT ( 'NONE',  ( 0.1436285421260782600, -0.1043522440900053100, 0.3046259842519688000 ) ) ;
#822 = CC_DESIGN_PERSON_AND_ORGANIZATION_ASSIGNMENT ( #3559, #3174, ( #33 ) ) ;
#823 = EDGE_CURVE ( 'NONE', #2447, #698, #1937, .T. ) ;
#824 = VERTEX_POINT ( 'NONE', #2329 ) ;
#825 = CIRCLE ( 'NONE', #3273, 0.1407812499999998000 ) ;
#826 = CARTESIAN_POINT ( 'NONE',  ( 0.1223860333968799900, 0.1684499236856469000, 0.2228405405830854400 ) ) ;
#827 = CARTESIAN_POINT ( 'NONE',  ( 0.1605815918515515800, 0.05217612204500271500, 0.1467755481591142800 ) ) ;
#828 = ADVANCED_FACE ( 'NONE', ( #3540 ), #802, .F. ) ;
#829 = ORIENTED_EDGE ( 'NONE', *, *, #3624, .T. ) ;
#830 = CARTESIAN_POINT ( 'NONE',  ( -0.09924488173182202700, -0.1365988609149796600, -0.1996811447542723700 ) ) ;
#831 = CARTESIAN_POINT ( 'NONE',  ( 2.410722045565656100E-017, 0.1968503937007874100, 0.3125000000000000000 ) ) ;
#832 = DIRECTION ( 'NONE',  ( 1.000000000000000000, 0.0000000000000000000, 0.0000000000000000000 ) ) ;
#833 = CARTESIAN_POINT ( 'NONE',  ( 0.1605815918515516000, -0.05217612204500263900, -0.09731894002986285500 ) ) ;
#834 = CARTESIAN_POINT ( 'NONE',  ( 0.1775813056280130800, 0.09048219457192140100, 0.2986710912776832600 ) ) ;
#835 = ORIENTED_EDGE ( 'NONE', *, *, #2044, .F. ) ;
#836 = CARTESIAN_POINT ( 'NONE',  ( 0.05486122133756580300, 0.1688454777399540400, 0.09202755905511819700 ) ) ;
#837 = ORIENTED_EDGE ( 'NONE', *, *, #3468, .T. ) ;
#838 = B_SPLINE_CURVE_WITH_KNOTS ( 'NONE', 3,
 ( #2659, #544, #2698, #291, #3293, #3562, #1139, #1476 ),
 .UNSPECIFIED., .F., .F.,
 ( 4, 2, 2, 4 ),
 ( 0.0000000000000000000, 0.002015556118930246700, 0.003023334178395370000, 0.004031112237860493300 ),
 .UNSPECIFIED. ) ;
#839 = CARTESIAN_POINT ( 'NONE',  ( 2.549905147760534400E-017, -0.2082155564801114200, -0.1236161523303005400 ) ) ;
#840 = DIRECTION ( 'NONE',  ( 0.0000000000000000000, 1.000000000000000000, 0.0000000000000000000 ) ) ;
#841 = DIRECTION ( 'NONE',  ( -0.0000000000000000000, 1.881251777004309100E-018, 1.000000000000000000 ) ) ;
#842 = EDGE_LOOP ( 'NONE', ( #331, #424, #3046, #1549 ) ) ;
#843 = CARTESIAN_POINT ( 'NONE',  ( 0.0000000000000000000, 0.2082155564801114700, -0.05096656722712133300 ) ) ;
#844 = CARTESIAN_POINT ( 'NONE',  ( -0.1436285421260782300, -0.1043522440900053500, -0.2823583101086030200 ) ) ;
#845 = FACE_OUTER_BOUND ( 'NONE', #2106, .T. ) ;
#846 = DIRECTION ( 'NONE',  ( 0.0000000000000000000, 0.0000000000000000000, 1.000000000000000000 ) ) ;
#847 = CARTESIAN_POINT ( 'NONE',  ( 0.05486122133756580300, 0.1688454777399540400, -0.3138543731007290600 ) ) ;
#848 = CARTESIAN_POINT ( 'NONE',  ( -0.1328125000000000000, 0.5625000000000001100, -0.3125000000000000000 ) ) ;
#849 = AXIS2_PLACEMENT_3D ( 'NONE', #2755, #1243, #910 ) ;
#850 = LINE ( 'NONE', #2468, #65 ) ;
#851 = CARTESIAN_POINT ( 'NONE',  ( 2.067760738647403800E-017, -0.1688454777399540100, 0.2140748031496065000 ) ) ;
#852 = CARTESIAN_POINT ( 'NONE',  ( -0.1980247617844315700, -0.06434214544559115100, 0.09685628861458145400 ) ) ;
#853 = DIRECTION ( 'NONE',  ( -0.0000000000000000000, 1.881251777004309100E-018, 1.000000000000000000 ) ) ;
#854 = CARTESIAN_POINT ( 'NONE',  ( 0.1674509465259921000, -0.1216602340058847400, 0.2333897213874604200 ) ) ;
#855 = CIRCLE ( 'NONE', #2163, 0.3437500000000000000 ) ;
#856 = CARTESIAN_POINT ( 'NONE',  ( 0.1872158496644003300, -0.06083011700294235100, -0.1048228346456694800 ) ) ;
#857 = CARTESIAN_POINT ( 'NONE',  ( 0.06765333536248335800, 0.2082155564801114700, -0.05490357510113706000 ) ) ;
#858 = DIRECTION ( 'NONE',  ( -1.000000000000000000, 0.0000000000000000000, 0.0000000000000000000 ) ) ;
#859 = CARTESIAN_POINT ( 'NONE',  ( -0.1775346415770249200, -6.413618460845107500E-018, -0.3689724833369496500 ) ) ;
#860 = CARTESIAN_POINT ( 'NONE',  ( -0.1553958440665648100, -0.09766497573949303700, -0.2870754235130477100 ) ) ;
#861 = CARTESIAN_POINT ( 'NONE',  ( 0.1436285421260782600, 0.1043522440900053900, 0.1628937007874017300 ) ) ;
#862 = CARTESIAN_POINT ( 'NONE',  ( 0.1223860333968800200, -0.1684499236856468200, -0.03700197910195406100 ) ) ;
#863 = CARTESIAN_POINT ( 'NONE',  ( 0.1436285421260782600, 0.1043522440900054000, 0.2294527135134450400 ) ) ;
#864 = CARTESIAN_POINT ( 'NONE',  ( 0.1157057583252899500, 0.1592553138533361100, 0.01685428831659409300 ) ) ;
#865 = EDGE_CURVE ( 'NONE', #1530, #231, #253, .T. ) ;
#866 = ORIENTED_EDGE ( 'NONE', *, *, #417, .T. ) ;
#867 = CARTESIAN_POINT ( 'NONE',  ( -0.1771187314312765700, -0.1286842908911822700, -0.02340751210901105900 ) ) ;
#868 = ADVANCED_FACE ( 'NONE', ( #339 ), #3115, .T. ) ;
#869 = CARTESIAN_POINT ( 'NONE',  ( 0.0000000000000000000, 0.1968503937007874100, -0.1327520108960043900 ) ) ;
#870 = AXIS2_PLACEMENT_3D ( 'NONE', #278, #2949, #3539 ) ;
#871 = ORIENTED_EDGE ( 'NONE', *, *, #1445, .F. ) ;
#872 = LINE ( 'NONE', #2085, #2010 ) ;
#873 = CARTESIAN_POINT ( 'NONE',  ( 0.05486122133756580300, 0.1688454777399540400, 0.3282480314960632400 ) ) ;
#874 = ORIENTED_EDGE ( 'NONE', *, *, #3506, .T. ) ;
#875 = CONICAL_SURFACE ( 'NONE', #2678, 0.1407812499999998000, 0.7853981633974536100 ) ;
#876 = CARTESIAN_POINT ( 'NONE',  ( -0.05486122133756579000, -0.1688454777399539800, -0.1835629921259842900 ) ) ;
#877 = EDGE_CURVE ( 'NONE', #2213, #1432, #3061, .T. ) ;
#878 = CARTESIAN_POINT ( 'NONE',  ( 0.1771187314312765700, 0.1286842908911823300, 0.06142321774843970100 ) ) ;
#879 = CARTESIAN_POINT ( 'NONE',  ( -0.1436285421260782800, 0.1043522440900053500, 0.1743346032772244700 ) ) ;
#880 = ORIENTED_EDGE ( 'NONE', *, *, #10, .F. ) ;
#881 = CARTESIAN_POINT ( 'NONE',  ( -0.06396057012457541400, 0.1968503937007965200, -0.1288150030219896400 ) ) ;
#882 = ORIENTED_EDGE ( 'NONE', *, *, #2483, .T. ) ;
#883 = DIRECTION ( 'NONE',  ( -0.7071067811865557900, 8.659560562355033900E-017, 0.7071067811865391400 ) ) ;
#884 = CARTESIAN_POINT ( 'NONE',  ( 2.410722045565655500E-017, -0.1968503937007873000, 0.1428385402850981000 ) ) ;
#885 = ORIENTED_EDGE ( 'NONE', *, *, #865, .F. ) ;
#886 = ADVANCED_FACE ( 'NONE', ( #2502 ), #106, .F. ) ;
#887 = CARTESIAN_POINT ( 'NONE',  ( 0.1605815918515516000, -0.05217612204500263900, -0.08513779527559053900 ) ) ;
#888 =( BOUNDED_CURVE ( )  B_SPLINE_CURVE ( 2, ( #3226, #2311, #1419, #2339, #3805, #1381, #1394, #3190, #1092, #1994, #495 ),
 .UNSPECIFIED., .F., .T. ) 
 B_SPLINE_CURVE_WITH_KNOTS ( ( 3, 2, 2, 2, 2, 3 ),
 ( 0.1597330291552568900, 0.1708441402663680700, 0.1819552513774791400, 0.1930663624885902200, 0.2041774735997014000, 0.2152885847108124700 ),
 .UNSPECIFIED. ) 
 CURVE ( )  GEOMETRIC_REPRESENTATION_ITEM ( )  RATIONAL_B_SPLINE_CURVE ( ( 1.000000000000011300, 0.9510565162951422100, 1.000000000000000000, 0.9510565162951534200, 1.000000000000000000, 0.9510565162951534200, 1.000000000000000000, 0.9510565162951534200, 1.000000000000000000, 0.9510565162951646300, 0.9999999999999887900 ) ) 
 REPRESENTATION_ITEM ( '' )  );
#889 = EDGE_LOOP ( 'NONE', ( #739, #2061, #9, #3761 ) ) ;
#890 = CARTESIAN_POINT ( 'NONE',  ( 0.1980247617844316000, -0.06434214544559109500, 0.04961219412639242300 ) ) ;
#891 = CARTESIAN_POINT ( 'NONE',  ( 0.05486122133756580300, 0.1688454777399540400, -0.07763390065978347000 ) ) ;
#892 = CARTESIAN_POINT ( 'NONE',  ( 0.1872158496644002500, 0.06083011700294242700, 0.2452007450095076100 ) ) ;
#893 = AXIS2_PLACEMENT_3D ( 'NONE', #1197, #2684, #3304 ) ;
#894 = FACE_OUTER_BOUND ( 'NONE', #2113, .T. ) ;
#895 = DIRECTION ( 'NONE',  ( -0.0000000000000000000, -0.0000000000000000000, -1.000000000000000000 ) ) ;
#896 = FACE_OUTER_BOUND ( 'NONE', #1263, .T. ) ;
#897 = CARTESIAN_POINT ( 'NONE',  ( 0.05486122133756580300, 0.1688454777399540400, 0.09202755905511819700 ) ) ;
#898 = CARTESIAN_POINT ( 'NONE',  ( 0.0000000000000000000, 0.5625000000000001100, 0.08578124999999983700 ) ) ;
#899 = CARTESIAN_POINT ( 'NONE',  ( 2.410722045565655500E-017, -0.1968503937007873000, 0.06409838280478312400 ) ) ;
#900 = AXIS2_PLACEMENT_3D ( 'NONE', #1102, #1724, #779 ) ;
#901 = CARTESIAN_POINT ( 'NONE',  ( -0.1605815918515516000, 0.05217612204500267400, -0.04576771653543301700 ) ) ;
#902 = CIRCLE ( 'NONE', #1403, 0.1328125000000000000 ) ;
#903 = CARTESIAN_POINT ( 'NONE',  ( -0.1980247617844315700, -0.06434214544559115100, -0.2181043413066785500 ) ) ;
#904 = CARTESIAN_POINT ( 'NONE',  ( -0.1436285421260782300, -0.1043522440900053500, -0.04613783766765746500 ) ) ;
#905 = CARTESIAN_POINT ( 'NONE',  ( 0.5625000000000001100, 2.578744229469662300E-017, 0.08578124999999976700 ) ) ;
#906 = ADVANCED_FACE ( 'NONE', ( #3634 ), #2218, .F. ) ;
#907 = DIRECTION ( 'NONE',  ( -0.0000000000000000000, 1.881251777004309100E-018, 1.000000000000000000 ) ) ;
#908 = CARTESIAN_POINT ( 'NONE',  ( -0.09924488173182202700, -0.1365988609149796600, 0.1274606299212599800 ) ) ;
#909 = CARTESIAN_POINT ( 'NONE',  ( 0.1872158496644002500, 0.06083011700294242700, -0.1485000423920673500 ) ) ;
#910 = DIRECTION ( 'NONE',  ( 0.0000000000000000000, 1.000000000000000000, 0.0000000000000000000 ) ) ;
#911 = ORIENTED_EDGE ( 'NONE', *, *, #2449, .F. ) ;
#912 = CARTESIAN_POINT ( 'NONE',  ( -0.05486122133756586600, 0.1688454777399540400, -0.05757874015748024000 ) ) ;
#913 = VERTEX_POINT ( 'NONE', #3834 ) ;
#914 = DATE_AND_TIME ( #1433, #3038 ) ;
#915 = CARTESIAN_POINT ( 'NONE',  ( -0.1223860333968800500, 0.1684499236856469000, -0.3125925302830566100 ) ) ;
#916 = CARTESIAN_POINT ( 'NONE',  ( -0.05486122133756579000, -0.1688454777399540100, -0.1957441368802559400 ) ) ;
#917 = ADVANCED_FACE ( 'NONE', ( #2128 ), #150, .F. ) ;
#918 = DIRECTION ( 'NONE',  ( 0.0000000000000000000, -1.000000000000000000, 0.0000000000000000000 ) ) ;
#919 = EDGE_CURVE ( 'NONE', #2634, #775, #1615, .T. ) ;
#920 = VERTEX_POINT ( 'NONE', #1755 ) ;
#921 = LINE ( 'NONE', #2692, #1819 ) ;
#922 = DIRECTION ( 'NONE',  ( 0.0000000000000000000, -1.000000000000000000, 0.0000000000000000000 ) ) ;
#923 = CARTESIAN_POINT ( 'NONE',  ( -0.1674509465259921000, 0.1216602340058848100, 0.2455708661417323500 ) ) ;
#924 = VERTEX_POINT ( 'NONE', #2100 ) ;
#925 = CARTESIAN_POINT ( 'NONE',  ( -0.1605815918515516000, 0.05217612204500267400, 0.2691929133858269600 ) ) ;
#926 = CARTESIAN_POINT ( 'NONE',  ( 0.0000000000000000000, 0.1968503937007874100, -0.1327520108960043900 ) ) ;
#927 = ORIENTED_EDGE ( 'NONE', *, *, #1268, .T. ) ;
#928 = ADVANCED_FACE ( 'NONE', ( #845 ), #1136, .F. ) ;
#929 = CARTESIAN_POINT ( 'NONE',  ( -0.1605815918515515800, -0.05217612204500268700, -0.1166338582677165400 ) ) ;
#930 = CARTESIAN_POINT ( 'NONE',  ( 0.06765333536248338600, -0.2082155564801113900, -0.1984193019365998200 ) ) ;
#931 = CARTESIAN_POINT ( 'NONE',  ( -0.1605815918515516000, 0.05217612204500267400, 0.02079129619061028900 ) ) ;
#932 = DIRECTION ( 'NONE',  ( -0.0000000000000000000, 1.881251777004309100E-018, 1.000000000000000000 ) ) ;
#933 = ORIENTED_EDGE ( 'NONE', *, *, #2819, .T. ) ;
#934 = VERTEX_POINT ( 'NONE', #3587 ) ;
#935 = VERTEX_POINT ( 'NONE', #1769 ) ;
#936 = CARTESIAN_POINT ( 'NONE',  ( 0.1592553138533356100, 0.1157057583252906600, 0.3006889763779528300 ) ) ;
#937 = CARTESIAN_POINT ( 'NONE',  ( 0.1328125000000000600, -0.5625000000000001100, 0.08578124999999983700 ) ) ;
#938 = CARTESIAN_POINT ( 'NONE',  ( -0.1775346415770249200, -6.413618460845107500E-018, 0.2731299212598427600 ) ) ;
#939 = CARTESIAN_POINT ( 'NONE',  ( -0.06396057012458783400, -0.1968503937007873800, -0.1245078740157482700 ) ) ;
#940 = LINE ( 'NONE', #3239, #2454 ) ;
#941 = CARTESIAN_POINT ( 'NONE',  ( -0.06461371468959585500, 0.1559931512190353700, -0.3715398209543247000 ) ) ;
#942 = EDGE_CURVE ( 'NONE', #725, #3244, #2551, .T. ) ;
#943 = CARTESIAN_POINT ( 'NONE',  ( 0.06765333536248335800, 0.2082155564801114700, -0.1669232389444737800 ) ) ;
#944 = CARTESIAN_POINT ( 'NONE',  ( 0.1775346415770248900, 3.706982764817010900E-017, -0.1721220896361614600 ) ) ;
#945 = AXIS2_PLACEMENT_3D ( 'NONE', #2268, #720, #1051 ) ;
#946 = CARTESIAN_POINT ( 'NONE',  ( -0.1775346415770248900, -6.413618460845107500E-018, 0.1156496062992127300 ) ) ;
#947 = FACE_OUTER_BOUND ( 'NONE', #3274, .T. ) ;
#948 = CARTESIAN_POINT ( 'NONE',  ( -0.5625000000000001100, -4.677727003701036800E-017, 0.09375000000000026400 ) ) ;
#949 = CARTESIAN_POINT ( 'NONE',  ( 0.0000000000000000000, -0.1968503937007874100, 0.3125000000000000000 ) ) ;
#950 = CARTESIAN_POINT ( 'NONE',  ( 0.1605815918515516000, -0.05217612204500263900, 0.1510826771653545100 ) ) ;
#951 = AXIS2_PLACEMENT_3D ( 'NONE', #979, #2496, #1919 ) ;
#952 = EDGE_CURVE ( 'NONE', #3537, #592, #228, .T. ) ;
#953 = CARTESIAN_POINT ( 'NONE',  ( -0.09924488173182208200, 0.1365988609149797200, -0.2111220472440945300 ) ) ;
#954 = CARTESIAN_POINT ( 'NONE',  ( 0.1605815918515515800, 0.05217612204500271500, -0.3134842519685040500 ) ) ;
#955 = CARTESIAN_POINT ( 'NONE',  ( -0.1223860333968799800, -0.1684499236856468200, -0.2889704830389620600 ) ) ;
#956 = CARTESIAN_POINT ( 'NONE',  ( -0.1157057583252899500, -0.1592553138533360800, 0.2924448394976965600 ) ) ;
#957 = CARTESIAN_POINT ( 'NONE',  ( 2.410722045565655500E-017, -0.1968503937007873000, -0.1205708661417324400 ) ) ;
#958 = CARTESIAN_POINT ( 'NONE',  ( 0.09924488173182204100, 0.1365988609149797500, 0.08809055118110249700 ) ) ;
#959 =( BOUNDED_CURVE ( )  B_SPLINE_CURVE ( 2, ( #3048, #1231, #2144, #1849, #1824, #3350, #384, #3336, #356, #2777, #3658 ),
 .UNSPECIFIED., .F., .T. ) 
 B_SPLINE_CURVE_WITH_KNOTS ( ( 3, 2, 2, 2, 2, 3 ),
 ( 0.2152885847108124700, 0.2263996958219235400, 0.2375108069330347200, 0.2486219180441458000, 0.2597330291552569800, 0.2708441402663680500 ),
 .UNSPECIFIED. ) 
 CURVE ( )  GEOMETRIC_REPRESENTATION_ITEM ( )  RATIONAL_B_SPLINE_CURVE ( ( 1.000000000000011300, 0.9510565162951422100, 1.000000000000000000, 0.9510565162951534200, 1.000000000000000000, 0.9510565162951534200, 1.000000000000000000, 0.9510565162951534200, 1.000000000000000000, 0.9510565162951646300, 0.9999999999999887900 ) ) 
 REPRESENTATION_ITEM ( '' )  );
#960 = DIRECTION ( 'NONE',  ( 0.0000000000000000000, 0.0000000000000000000, 1.000000000000000000 ) ) ;
#961 = ORIENTED_EDGE ( 'NONE', *, *, #1013, .T. ) ;
#962 = CARTESIAN_POINT ( 'NONE',  ( -0.1605815918515516000, 0.05217612204500267400, -0.04576771653543301700 ) ) ;
#963 = CARTESIAN_POINT ( 'NONE',  ( -0.1157057583252899500, -0.1592553138533360800, -0.2859251968503939700 ) ) ;
#964 = CARTESIAN_POINT ( 'NONE',  ( 0.0000000000000000000, 0.1968503937007874100, -0.2902323258566343900 ) ) ;
#965 = CALENDAR_DATE ( 2025, 10, 6 ) ;
#966 = CARTESIAN_POINT ( 'NONE',  ( 0.1436285421260782600, 0.1043522440900053900, -0.3095472440944883100 ) ) ;
#967 = CARTESIAN_POINT ( 'NONE',  ( -0.1605815918515516000, 0.05217612204500267400, -0.2819881889763779500 ) ) ;
#968 = CARTESIAN_POINT ( 'NONE',  ( -0.09924488173182208200, 0.1365988609149797200, -0.2233031919983662100 ) ) ;
#969 = AXIS2_PLACEMENT_3D ( 'NONE', #2269, #1063, #1884 ) ;
#970 = EDGE_LOOP ( 'NONE', ( #866, #882 ) ) ;
#971 = LINE ( 'NONE', #2836, #2478 ) ;
#972 = CARTESIAN_POINT ( 'NONE',  ( -0.1605815918515515800, -0.05217612204500268700, 0.1195866141732284900 ) ) ;
#973 = DIRECTION ( 'NONE',  ( 0.0000000000000000000, 1.000000000000000000, 0.0000000000000000000 ) ) ;
#974 = CARTESIAN_POINT ( 'NONE',  ( 2.549905147760534400E-017, -0.2082155564801114200, 0.3033641414342961900 ) ) ;
#975 = ORIENTED_EDGE ( 'NONE', *, *, #3698, .T. ) ;
#976 = CARTESIAN_POINT ( 'NONE',  ( 0.05486122133756580300, 0.1688454777399540400, -0.1441929133858267100 ) ) ;
#977 = CARTESIAN_POINT ( 'NONE',  ( -0.1674509465259921000, 0.1216602340058848100, -0.1481299212598427600 ) ) ;
#978 = CARTESIAN_POINT ( 'NONE',  ( 5.122214988120493500E-017, -0.5625000000000001100, -0.3125000000000000000 ) ) ;
#979 = CARTESIAN_POINT ( 'NONE',  ( 0.0000000000000000000, 2.580642145878549300E-017, -0.3125000000000000000 ) ) ;
#980 = CARTESIAN_POINT ( 'NONE',  ( -0.1605815918515516000, 0.05217612204500267400, -0.3607283464566929900 ) ) ;
#981 = ORIENTED_EDGE ( 'NONE', *, *, #1396, .T. ) ;
#982 = EDGE_LOOP ( 'NONE', ( #3157, #1171, #1250, #1121 ) ) ;
#983 = EDGE_LOOP ( 'NONE', ( #2300, #2820, #880, #528, #172 ) ) ;
#984 = VECTOR ( 'NONE', #2116, 39.37007874015748900 ) ;
#985 = CARTESIAN_POINT ( 'NONE',  ( 0.1436285421260782600, 0.1043522440900054000, 0.2416338582677166900 ) ) ;
#986 = CARTESIAN_POINT ( 'NONE',  ( -0.5625000000000001100, -4.677727003701036800E-017, 0.08578124999999976700 ) ) ;
#987 = CARTESIAN_POINT ( 'NONE',  ( 0.1897740195900431700, -0.01643682628407961600, 0.2936126022672084800 ) ) ;
#988 = DIRECTION ( 'NONE',  ( 0.0000000000000000000, 1.000000000000000000, 0.0000000000000000000 ) ) ;
#989 = FACE_BOUND ( 'NONE', #3842, .T. ) ;
#990 = CARTESIAN_POINT ( 'NONE',  ( 0.1775346415770249200, 3.706982764817010900E-017, -0.002460629921259776600 ) ) ;
#991 = CARTESIAN_POINT ( 'NONE',  ( -0.1775346415770249200, -6.413618460845107500E-018, 0.2609487765055704100 ) ) ;
#992 = CARTESIAN_POINT ( 'NONE',  ( 0.0000000000000000000, 2.619896612091631500E-017, 0.3125000000000000000 ) ) ;
#993 = CARTESIAN_POINT ( 'NONE',  ( -0.09924488173182208200, 0.1365988609149797200, -0.3686023622047244800 ) ) ;
#994 = EDGE_CURVE ( 'NONE', #1956, #3515, #2439, .T. ) ;
#995 = DIRECTION ( 'NONE',  ( 0.0000000000000000000, 1.000000000000000000, 0.0000000000000000000 ) ) ;
#996 = CYLINDRICAL_SURFACE ( 'NONE', #1960, 0.1328125000000000000 ) ;
#997 = CARTESIAN_POINT ( 'NONE',  ( -0.09924488173182202700, -0.1365988609149796600, -0.1875000000000000600 ) ) ;
#998 = CARTESIAN_POINT ( 'NONE',  ( 0.0000000000000000000, -0.3437500000000000000, 0.3021874999999993900 ) ) ;
#999 = DIRECTION ( 'NONE',  ( -1.000000000000000000, 0.0000000000000000000, 0.0000000000000000000 ) ) ;
#1000 = CARTESIAN_POINT ( 'NONE',  ( 0.1605815918515516000, -0.05217612204500263900, -0.1638779527559055000 ) ) ;
#1001 = CARTESIAN_POINT ( 'NONE',  ( 0.1674509465259921000, -0.1216602340058847400, -0.1603110660141146800 ) ) ;
#1002 = CARTESIAN_POINT ( 'NONE',  ( -0.07619155085274861800, -0.1736625677657433200, 0.2930832345278304700 ) ) ;
#1003 = CARTESIAN_POINT ( 'NONE',  ( -0.1157057583252900100, 0.1592553138533361100, -0.04613783766765790200 ) ) ;
#1004 = ORIENTED_EDGE ( 'NONE', *, *, #2434, .T. ) ;
#1005 = DIRECTION ( 'NONE',  ( -1.000000000000000000, 0.0000000000000000000, 0.0000000000000000000 ) ) ;
#1006 = ORIENTED_EDGE ( 'NONE', *, *, #1323, .T. ) ;
#1007 = CARTESIAN_POINT ( 'NONE',  ( 0.1436285421260782600, -0.1043522440900053200, -0.01033464566929128900 ) ) ;
#1008 = CARTESIAN_POINT ( 'NONE',  ( 0.06396057012458786200, 0.1968503937007874700, 0.07234251968503928300 ) ) ;
#1009 = CARTESIAN_POINT ( 'NONE',  ( 0.1403536711476554300, -0.1196065367146165500, 0.2874927985677371800 ) ) ;
#1010 = DIRECTION ( 'NONE',  ( 0.0000000000000000000, -1.881251777004309100E-018, -1.000000000000000000 ) ) ;
#1011 = ORIENTED_EDGE ( 'NONE', *, *, #2343, .F. ) ;
#1012 = CIRCLE ( 'NONE', #3002, 0.1328125000000000000 ) ;
#1013 = EDGE_CURVE ( 'NONE', #2761, #3369, #1367, .T. ) ;
#1014 = CARTESIAN_POINT ( 'NONE',  ( 0.1436285421260782600, 0.1043522440900053900, 0.005413385826771740200 ) ) ;
#1015 = CARTESIAN_POINT ( 'NONE',  ( 0.05486122133756583800, -0.1688454777399539500, 0.2058306662693498700 ) ) ;
#1016 = DIRECTION ( 'NONE',  ( 1.000000000000000000, 0.0000000000000000000, 0.0000000000000000000 ) ) ;
#1017 = ORIENTED_EDGE ( 'NONE', *, *, #3711, .F. ) ;
#1018 = CARTESIAN_POINT ( 'NONE',  ( -0.03571551223033079400, -0.1651671457520413600, -0.2726840604171195700 ) ) ;
#1019 = AXIS2_PLACEMENT_3D ( 'NONE', #3463, #208, #2574 ) ;
#1020 = ORIENTED_EDGE ( 'NONE', *, *, #2779, .T. ) ;
#1021 = CARTESIAN_POINT ( 'NONE',  ( -0.05486122133756587300, 0.1688454777399540400, 0.02116141732283470200 ) ) ;
#1022 = ORIENTED_EDGE ( 'NONE', *, *, #814, .T. ) ;
#1023 = CARTESIAN_POINT ( 'NONE',  ( -0.1703929321790253500, -0.02422666163751232800, -0.2755018330690713900 ) ) ;
#1024 = ORIENTED_EDGE ( 'NONE', *, *, #254, .T. ) ;
#1025 = CARTESIAN_POINT ( 'NONE',  ( -0.1771187314312765700, 0.1286842908911822700, 0.2758050863161860000 ) ) ;
#1026 = CC_DESIGN_SECURITY_CLASSIFICATION ( #3582, ( #33 ) ) ;
#1027 = EDGE_CURVE ( 'NONE', #568, #3418, #61, .T. ) ;
#1028 = CARTESIAN_POINT ( 'NONE',  ( 0.1775346415770249200, 3.706982764817010900E-017, -0.2386811023622047400 ) ) ;
#1029 = CARTESIAN_POINT ( 'NONE',  ( 0.09924488173182204100, 0.1365988609149797500, 0.2333897213874601700 ) ) ;
#1030 = ORIENTED_EDGE ( 'NONE', *, *, #2695, .F. ) ;
#1031 = DIRECTION ( 'NONE',  ( -0.0000000000000000000, 1.881251777004309100E-018, 1.000000000000000000 ) ) ;
#1032 = DIRECTION ( 'NONE',  ( -0.0000000000000000000, 1.881251777004309100E-018, 1.000000000000000000 ) ) ;
#1033 =( BOUNDED_CURVE ( )  B_SPLINE_CURVE ( 2, ( #2741, #638, #963, #3059, #3372, #1557, #1266 ),
 .UNSPECIFIED., .F., .T. ) 
 B_SPLINE_CURVE_WITH_KNOTS ( ( 3, 2, 2, 3 ),
 ( 0.8333333333333333700, 0.8444444444444444400, 0.8555555555555555100, 0.8652319120659370800 ),
 .UNSPECIFIED. ) 
 CURVE ( )  GEOMETRIC_REPRESENTATION_ITEM ( )  RATIONAL_B_SPLINE_CURVE ( ( 1.000000000000000000, 0.9510565162951534200, 1.000000000000000000, 0.9510565162951534200, 1.000000000000000000, 0.9573764862530671500, 0.9889922291594186500 ) ) 
 REPRESENTATION_ITEM ( '' )  );
#1034 = CARTESIAN_POINT ( 'NONE',  ( -0.1775346415770249200, -6.413618460845107500E-018, -0.2780511811023622100 ) ) ;
#1035 = CARTESIAN_POINT ( 'NONE',  ( 0.0000000000000000000, 1.175782360627693200E-018, 0.3125000000000000000 ) ) ;
#1036 = CYLINDRICAL_SURFACE ( 'NONE', #2319, 0.1968503937007874100 ) ;
#1037 = CARTESIAN_POINT ( 'NONE',  ( 0.1605815918515516000, -0.05217612204500263900, -0.1638779527559055000 ) ) ;
#1038 = LINE ( 'NONE', #2321, #3348 ) ;
#1039 = CARTESIAN_POINT ( 'NONE',  ( -0.1157057583252899500, -0.1592553138533360800, -0.04970472440944893900 ) ) ;
#1040 = CARTESIAN_POINT ( 'NONE',  ( 0.06765333536248338600, -0.2082155564801113900, 0.07108067686736693800 ) ) ;
#1041 = CARTESIAN_POINT ( 'NONE',  ( 0.0000000000000000000, 0.3437500000000000000, 0.09375000000000026400 ) ) ;
#1042 = CARTESIAN_POINT ( 'NONE',  ( -0.1436285421260782300, -0.1043522440900053500, -0.1914370078740157400 ) ) ;
#1043 = CARTESIAN_POINT ( 'NONE',  ( -0.09924488173182202700, -0.1365988609149796600, 0.1152794851669876600 ) ) ;
#1044 =( NAMED_UNIT ( * ) PLANE_ANGLE_UNIT ( ) SI_UNIT ( $, .RADIAN. ) );
#1045 = EDGE_CURVE ( 'NONE', #2426, #2725, #2837, .T. ) ;
#1046 = CARTESIAN_POINT ( 'NONE',  ( 0.05486122133756583800, -0.1688454777399539500, -0.3331692913385827000 ) ) ;
#1047 = CARTESIAN_POINT ( 'NONE',  ( 0.1674509465259921000, -0.1216602340058847400, -0.1875000000000002800 ) ) ;
#1048 = DIRECTION ( 'NONE',  ( 0.0000000000000000000, -1.000000000000000000, 0.0000000000000000000 ) ) ;
#1049 = CARTESIAN_POINT ( 'NONE',  ( 0.1980247617844316000, -0.06434214544559109500, -0.3108090869121607500 ) ) ;
#1050 = CARTESIAN_POINT ( 'NONE',  ( 0.05486122133756580300, 0.1688454777399540400, -0.1441929133858267100 ) ) ;
#1051 = DIRECTION ( 'NONE',  ( 1.000000000000000000, 0.0000000000000000000, 0.0000000000000000000 ) ) ;
#1052 = CARTESIAN_POINT ( 'NONE',  ( -0.1980247617844316000, 0.06434214544559113700, 0.2010019367098867000 ) ) ;
#1053 = CARTESIAN_POINT ( 'NONE',  ( 0.05486122133756583800, -0.1688454777399539500, -0.1091299636519101100 ) ) ;
#1054 = APPROVAL_ROLE ( '' ) ;
#1055 = VERTEX_POINT ( 'NONE', #1488 ) ;
#1056 = CARTESIAN_POINT ( 'NONE',  ( -0.02051847527694164100, 0.1742579974214381600, -0.3751301147811637000 ) ) ;
#1057 = CARTESIAN_POINT ( 'NONE',  ( -0.04235767695464758700, -0.1635885149757998200, -0.2726840604171195100 ) ) ;
#1058 = ORIENTED_EDGE ( 'NONE', *, *, #1953, .F. ) ;
#1059 = CARTESIAN_POINT ( 'NONE',  ( 0.2189307921375865400, 3.960461081222081500E-017, -0.3068720790381450100 ) ) ;
#1060 = ORIENTED_EDGE ( 'NONE', *, *, #3439, .T. ) ;
#1061 = CYLINDRICAL_SURFACE ( 'NONE', #559, 0.1968503937007874100 ) ;
#1062 = CARTESIAN_POINT ( 'NONE',  ( -0.1328124999999999400, -0.5625000000000001100, 0.08578124999999983700 ) ) ;
#1063 = DIRECTION ( 'NONE',  ( -0.0000000000000000000, -0.0000000000000000000, -1.000000000000000000 ) ) ;
#1064 = CARTESIAN_POINT ( 'NONE',  ( 0.1980247617844315700, 0.06434214544559117800, 0.1695058737177606900 ) ) ;
#1065 = EDGE_CURVE ( 'NONE', #3369, #2427, #3165, .T. ) ;
#1066 = CARTESIAN_POINT ( 'NONE',  ( -0.05486122133756586600, 0.1688454777399540400, 0.008980272568562380400 ) ) ;
#1067 = CARTESIAN_POINT ( 'NONE',  ( 0.08532671583104389800, 0.1742529391754736300, -0.2969721105115076800 ) ) ;
#1068 = ORIENTED_EDGE ( 'NONE', *, *, #120, .T. ) ;
#1069 = CARTESIAN_POINT ( 'NONE',  ( -0.4217187499999994800, -4.677727003701036800E-017, 0.09375000000000026400 ) ) ;
#1070 = CARTESIAN_POINT ( 'NONE',  ( 0.0000000000000000000, 0.1688454777399540600, 0.1625235796551766600 ) ) ;
#1071 = CARTESIAN_POINT ( 'NONE',  ( 2.410722045565656100E-017, 0.1968503937007874100, 0.3125000000000000000 ) ) ;
#1072 = AXIS2_PLACEMENT_3D ( 'NONE', #3687, #3108, #3740 ) ;
#1073 = EDGE_LOOP ( 'NONE', ( #182, #3015, #1211, #2582 ) ) ;
#1074 = CARTESIAN_POINT ( 'NONE',  ( -0.1223860333968799800, -0.1684499236856468200, -0.2556909766759403200 ) ) ;
#1075 = CARTESIAN_POINT ( 'NONE',  ( 0.1980247617844316000, -0.06434214544559109500, 0.2858326665673374700 ) ) ;
#1076 = CARTESIAN_POINT ( 'NONE',  ( 0.1436285421260782600, 0.1043522440900054000, -0.2308070866141732900 ) ) ;
#1077 = VERTEX_POINT ( 'NONE', #2367 ) ;
#1078 = CARTESIAN_POINT ( 'NONE',  ( 0.06765333536248338600, -0.2082155564801113900, 0.1498208343476819200 ) ) ;
#1079 = EDGE_CURVE ( 'NONE', #2761, #319, #16, .T. ) ;
#1080 = LINE ( 'NONE', #4, #1791 ) ;
#1081 = CARTESIAN_POINT ( 'NONE',  ( -0.09924488173182202700, -0.1365988609149796600, -0.1209409872739573400 ) ) ;
#1082 = CARTESIAN_POINT ( 'NONE',  ( 0.01287655197282435100, 0.1897444157609664800, -0.2931048824266245200 ) ) ;
#1083 = CIRCLE ( 'NONE', #3417, 0.3566250000000001900 ) ;
#1084 = CARTESIAN_POINT ( 'NONE',  ( 0.006450892838232245500, -0.1755448225179296100, 0.2793049949822874500 ) ) ;
#1085 = CARTESIAN_POINT ( 'NONE',  ( 2.067760738647403800E-017, -0.1688454777399540100, -0.03432681404561085900 ) ) ;
#1086 = CARTESIAN_POINT ( 'NONE',  ( 0.06396057012458733500, -0.1968503937007877500, -0.1953740157480317600 ) ) ;
#1087 = CARTESIAN_POINT ( 'NONE',  ( 2.410722045565655500E-017, -0.1968503937007873000, 0.2215786977654131400 ) ) ;
#1088 = ADVANCED_FACE ( 'NONE', ( #2411 ), #531, .T. ) ;
#1089 = VECTOR ( 'NONE', #1151, 39.37007874015748100 ) ;
#1090 = CARTESIAN_POINT ( 'NONE',  ( 0.1980247617844315700, 0.06434214544559117800, -0.1454547562034992600 ) ) ;
#1091 = CARTESIAN_POINT ( 'NONE',  ( 2.549905147760534400E-017, -0.2082155564801114200, 0.1913444775909594600 ) ) ;
#1092 = CARTESIAN_POINT ( 'NONE',  ( 0.1157057583252899500, 0.1592553138533361100, -0.2193661841243508500 ) ) ;
#1093 = CARTESIAN_POINT ( 'NONE',  ( 0.005983428695958035800, -0.1967594370829388600, 0.3006889763779533900 ) ) ;
#1094 = CIRCLE ( 'NONE', #1132, 0.1968503937007874100 ) ;
#1095 = CARTESIAN_POINT ( 'NONE',  ( 0.0000000000000000000, 0.3437500000000000000, -0.3125000000000000000 ) ) ;
#1096 = CARTESIAN_POINT ( 'NONE',  ( 0.1436285421260782600, 0.1043522440900053900, -0.1642480738881305900 ) ) ;
#1097 = MECHANICAL_CONTEXT ( 'NONE', #1363, 'mechanical' ) ;
#1098 = CARTESIAN_POINT ( 'NONE',  ( 0.0000000000000000000, 1.940040895035718500E-020, -0.3021874999999998300 ) ) ;
#1099 = AXIS2_PLACEMENT_3D ( 'NONE', #613, #1541, #3628 ) ;
#1100 = CARTESIAN_POINT ( 'NONE',  ( 0.1775346415770249200, 3.706982764817010900E-017, 0.1428385402850979000 ) ) ;
#1101 = CARTESIAN_POINT ( 'NONE',  ( 2.067760738647403800E-017, -0.1688454777399540100, -0.2705472864865557900 ) ) ;
#1102 = CARTESIAN_POINT ( 'NONE',  ( 0.0000000000000000000, 7.642585344080009900E-019, 0.09375000000000026400 ) ) ;
#1103 = CARTESIAN_POINT ( 'NONE',  ( -0.1771187314312765700, -0.1286842908911822700, -0.3383681420302709900 ) ) ;
#1104 = ORIENTED_EDGE ( 'NONE', *, *, #210, .T. ) ;
#1105 = CARTESIAN_POINT ( 'NONE',  ( 0.06765333536248335800, 0.2082155564801114700, 0.3055177059374161700 ) ) ;
#1106 = DIRECTION ( 'NONE',  ( 1.000000000000000000, 0.0000000000000000000, 0.0000000000000000000 ) ) ;
#1107 = DIRECTION ( 'NONE',  ( -0.0000000000000000000, 1.881251777004309100E-018, 1.000000000000000000 ) ) ;
#1108 = CALENDAR_DATE ( 2025, 10, 6 ) ;
#1109 = CARTESIAN_POINT ( 'NONE',  ( 0.0000000000000000000, 0.1688454777399540600, 0.005043264694546657600 ) ) ;
#1110 = CARTESIAN_POINT ( 'NONE',  ( -0.1730783923687745900, 1.638658761744220300E-015, -0.2769169750459400900 ) ) ;
#1111 = ORIENTED_EDGE ( 'NONE', *, *, #2921, .T. ) ;
#1112 = LINE ( 'NONE', #2942, #2814 ) ;
#1113 = CARTESIAN_POINT ( 'NONE',  ( 0.09924488173182204100, 0.1365988609149797500, -0.002830751053484859200 ) ) ;
#1114 = CARTESIAN_POINT ( 'NONE',  ( 0.09924488173182205400, -0.1365988609149796600, -0.2626732707385243700 ) ) ;
#1115 = CARTESIAN_POINT ( 'NONE',  ( -0.1872158496644003300, 0.06083011700294239200, 0.04047633556068860900 ) ) ;
#1116 = ORIENTED_EDGE ( 'NONE', *, *, #672, .T. ) ;
#1117 = CARTESIAN_POINT ( 'NONE',  ( -0.09924488173182202700, -0.1365988609149796600, 0.1274606299212599800 ) ) ;
#1118 = ORIENTED_EDGE ( 'NONE', *, *, #1602, .F. ) ;
#1119 = CARTESIAN_POINT ( 'NONE',  ( -0.06461337686641863100, 0.1559932911478935400, -0.3837209932145667100 ) ) ;
#1120 = CARTESIAN_POINT ( 'NONE',  ( -0.1350146319842718500, -0.1106106161404443900, -0.2694130771346320800 ) ) ;
#1121 = ORIENTED_EDGE ( 'NONE', *, *, #2905, .F. ) ;
#1122 = DIRECTION ( 'NONE',  ( 0.0000000000000000000, -1.881251777004309100E-018, -1.000000000000000000 ) ) ;
#1123 = EDGE_CURVE ( 'NONE', #2309, #2593, #2263, .T. ) ;
#1124 = CARTESIAN_POINT ( 'NONE',  ( 0.1775346415770249200, 3.706982764817010900E-017, -0.3296024045967921300 ) ) ;
#1125 = ORIENTED_EDGE ( 'NONE', *, *, #3721, .T. ) ;
#1126 = ORIENTED_EDGE ( 'NONE', *, *, #2172, .T. ) ;
#1127 = CARTESIAN_POINT ( 'NONE',  ( 0.1176883648779675100, 0.1557468121592240100, -0.2988299268267006200 ) ) ;
#1128 = ORIENTED_EDGE ( 'NONE', *, *, #35, .F. ) ;
#1129 = CARTESIAN_POINT ( 'NONE',  ( -0.05486122133756586600, 0.1688454777399540400, 0.1664605875291924100 ) ) ;
#1130 = CARTESIAN_POINT ( 'NONE',  ( -0.05486122133756579000, -0.1688454777399539800, -0.1170039793999416300 ) ) ;
#1131 = CARTESIAN_POINT ( 'NONE',  ( 0.0000000000000000000, 0.1968503937007874100, 0.02472830406462560700 ) ) ;
#1132 = AXIS2_PLACEMENT_3D ( 'NONE', #398, #2821, #1005 ) ;
#1133 = CARTESIAN_POINT ( 'NONE',  ( 2.067760738647403800E-017, -0.1688454777399540100, 0.2928149606299214600 ) ) ;
#1134 = CARTESIAN_POINT ( 'NONE',  ( 0.1980247617844315700, 0.06434214544559117800, 0.2149665248350539300 ) ) ;
#1135 = CARTESIAN_POINT ( 'NONE',  ( -0.1605815918515515800, -0.05217612204500268700, 0.2648857843795868200 ) ) ;
#1136 = CONICAL_SURFACE ( 'NONE', #2440, 0.2086614173228346600, 0.7853981633974500600 ) ;
#1137 = CARTESIAN_POINT ( 'NONE',  ( -0.05486122133756586600, 0.1688454777399540400, -0.3059803573526976300 ) ) ;
#1138 = CIRCLE ( 'NONE', #3217, 0.7918124999999998100 ) ;
#1139 = CARTESIAN_POINT ( 'NONE',  ( -0.1688454777399541800, -0.01322269537990220300, 0.2726840604171194000 ) ) ;
#1140 = CARTESIAN_POINT ( 'NONE',  ( 0.1436285421260782600, -0.1043522440900053100, -0.1799961053841936100 ) ) ;
#1141 = CARTESIAN_POINT ( 'NONE',  ( -0.06396057012457541400, 0.1968503937007965200, 0.02866531193864039000 ) ) ;
#1142 = CARTESIAN_POINT ( 'NONE',  ( -0.1775346415770249200, -6.413618460845107500E-018, 0.1943897637795277400 ) ) ;
#1143 = ADVANCED_FACE ( 'NONE', ( #1460 ), #3438, .F. ) ;
#1144 = B_SPLINE_CURVE_WITH_KNOTS ( 'NONE', 3,
 ( #2742, #1569, #3360, #1932, #421, #699, #3121, #446, #1584, #3413, #2792, #2847, #1002, #1599, #3389, #3746, #94, #1945 ),
 .UNSPECIFIED., .F., .F.,
 ( 4, 2, 2, 2, 2, 2, 2, 2, 4 ),
 ( 0.0001502301002566973400, 0.001084890708730065300, 0.002019551317203433300, 0.002954211925676800400, 0.003888872534150167900, 0.004823533142623535000, 0.005758193751096902500, 0.006692854359570271800, 0.007627514968043640200 ),
 .UNSPECIFIED. ) ;
#1145 = CARTESIAN_POINT ( 'NONE',  ( -0.1223860333968799800, -0.1684499236856468200, -0.1314901680783320500 ) ) ;
#1146 = CARTESIAN_POINT ( 'NONE',  ( -0.09924488173182208200, 0.1365988609149797200, 0.1703975954032087800 ) ) ;
#1147 = CARTESIAN_POINT ( 'NONE',  ( 0.6953125000000001100, 2.578744229469662300E-017, -0.3045312500000002500 ) ) ;
#1148 = EDGE_CURVE ( 'NONE', #824, #187, #3770, .T. ) ;
#1149 = CARTESIAN_POINT ( 'NONE',  ( 2.549905147760534400E-017, -0.2082155564801114200, -0.01159648848696381500 ) ) ;
#1150 = CARTESIAN_POINT ( 'NONE',  ( -0.09924488173182208200, 0.1365988609149797200, -0.2233031919983668500 ) ) ;
#1151 = DIRECTION ( 'NONE',  ( -0.0000000000000000000, 1.881251777004309100E-018, 1.000000000000000000 ) ) ;
#1152 = CARTESIAN_POINT ( 'NONE',  ( 0.0000000000000000000, 0.1968503937007874100, 0.07627952755905503800 ) ) ;
#1153 = CARTESIAN_POINT ( 'NONE',  ( -0.05486122133756579000, -0.1688454777399539800, -0.1957441368802565200 ) ) ;
#1154 = CARTESIAN_POINT ( 'NONE',  ( -0.05002680120069367300, -0.1638540285014349300, -0.2748388163981683700 ) ) ;
#1155 = ORIENTED_EDGE ( 'NONE', *, *, #529, .F. ) ;
#1156 = APPROVAL_PERSON_ORGANIZATION ( #2762, #3102, #1054 ) ;
#1157 = CARTESIAN_POINT ( 'NONE',  ( 0.09924488173182205400, -0.1365988609149796600, 0.1432086614173229700 ) ) ;
#1158 = AXIS2_PLACEMENT_3D ( 'NONE', #2232, #1031, #1334 ) ;
#1159 = EDGE_CURVE ( 'NONE', #1397, #3574, #2042, .T. ) ;
#1160 = ORGANIZATION ( 'UNSPECIFIED', 'UNSPECIFIED', '' ) ;
#1161 = CARTESIAN_POINT ( 'NONE',  ( -0.2189307921375865400, -1.401796795299716600E-017, 0.09291928074056571300 ) ) ;
#1162 = CARTESIAN_POINT ( 'NONE',  ( -0.05486122133756587300, 0.1688454777399540400, 0.2452007450095080300 ) ) ;
#1163 = CARTESIAN_POINT ( 'NONE',  ( 0.1157057583252899500, 0.1592553138533361100, 0.2530747607575391500 ) ) ;
#1164 = CARTESIAN_POINT ( 'NONE',  ( 0.06396057012458787600, -0.1968503937007873800, -0.1166338582677167300 ) ) ;
#1165 = CARTESIAN_POINT ( 'NONE',  ( 0.1771187314312765700, 0.1286842908911823300, -0.06277759084916857700 ) ) ;
#1166 = ORIENTED_EDGE ( 'NONE', *, *, #3468, .F. ) ;
#1167 = DIRECTION ( 'NONE',  ( -0.0000000000000000000, -0.0000000000000000000, -1.000000000000000000 ) ) ;
#1168 = DIRECTION ( 'NONE',  ( 8.659560562355024100E-017, 0.7071067811865550100, 0.7071067811865400200 ) ) ;
#1169 = CARTESIAN_POINT ( 'NONE',  ( -0.1811783968078599100, -0.05151136085546898600, -0.2919025882854108800 ) ) ;
#1170 = ADVANCED_FACE ( 'NONE', ( #1227 ), #1749, .T. ) ;
#1171 = ORIENTED_EDGE ( 'NONE', *, *, #2854, .T. ) ;
#1172 = CARTESIAN_POINT ( 'NONE',  ( 2.067760738647403800E-017, -0.1688454777399540100, 0.1353346456692914600 ) ) ;
#1173 = ORIENTED_EDGE ( 'NONE', *, *, #1123, .F. ) ;
#1174 = CARTESIAN_POINT ( 'NONE',  ( 0.0000000000000000000, 0.2082155564801114700, -0.08424607359014309200 ) ) ;
#1175 = CARTESIAN_POINT ( 'NONE',  ( 0.1436285421260782600, 0.1043522440900054000, 0.07197239855281503700 ) ) ;
#1176 = VERTEX_POINT ( 'NONE', #312 ) ;
#1177 = CARTESIAN_POINT ( 'NONE',  ( -0.1223860333968799800, -0.1684499236856468200, -0.01947050423499526200 ) ) ;
#1178 = AXIS2_PLACEMENT_3D ( 'NONE', #2889, #2573, #179 ) ;
#1179 = CARTESIAN_POINT ( 'NONE',  ( 2.410722045565655500E-017, -0.1968503937007873000, -0.1993110236220475000 ) ) ;
#1180 = FACE_OUTER_BOUND ( 'NONE', #731, .T. ) ;
#1181 = CARTESIAN_POINT ( 'NONE',  ( 0.09924488173182204100, 0.1365988609149797500, 0.3243110236220474500 ) ) ;
#1182 = CARTESIAN_POINT ( 'NONE',  ( -0.02896229420817276000, -0.1663429615806828700, -0.2726840604171195700 ) ) ;
#1183 = AXIS2_PLACEMENT_3D ( 'NONE', #426, #3066, #1295 ) ;
#1184 = CIRCLE ( 'NONE', #743, 0.1328125000000000000 ) ;
#1185 = CARTESIAN_POINT ( 'NONE',  ( -0.05486122133756579000, -0.1688454777399539800, -0.02608267716535426000 ) ) ;
#1186 = CARTESIAN_POINT ( 'NONE',  ( -0.06765333536248341300, 0.2082155564801114700, -0.08030906571612730900 ) ) ;
#1187 = CARTESIAN_POINT ( 'NONE',  ( 0.05486122133756583800, -0.1688454777399539500, 0.1270905087890355200 ) ) ;
#1188 = DIRECTION ( 'NONE',  ( -0.0000000000000000000, -0.0000000000000000000, -1.000000000000000000 ) ) ;
#1189 = CIRCLE ( 'NONE', #2953, 0.1968503937007874100 ) ;
#1190 = ADVANCED_FACE ( 'NONE', ( #2366 ), #2979, .F. ) ;
#1191 = CARTESIAN_POINT ( 'NONE',  ( 0.0000000000000000000, 1.175782360627693200E-018, 0.3125000000000000000 ) ) ;
#1192 = CARTESIAN_POINT ( 'NONE',  ( -0.5625000000000001100, -4.677727003701036800E-017, -0.3125000000000000000 ) ) ;
#1193 = CARTESIAN_POINT ( 'NONE',  ( -0.1872158496644003300, 0.06083011700294239200, 0.1707677165354330200 ) ) ;
#1194 = CARTESIAN_POINT ( 'NONE',  ( 0.1605815918515516000, -0.05217612204500263900, -0.1638779527559055000 ) ) ;
#1195 = CARTESIAN_POINT ( 'NONE',  ( -0.06765333536248341300, 0.2082155564801114700, -0.001568908235812338100 ) ) ;
#1196 = CARTESIAN_POINT ( 'NONE',  ( -0.1436285421260782300, -0.1043522440900053500, -0.2036181526282874500 ) ) ;
#1197 = CARTESIAN_POINT ( 'NONE',  ( 0.0000000000000000000, 2.619896612091631500E-017, -0.3006889763779528300 ) ) ;
#1198 = AXIS2_PLACEMENT_3D ( 'NONE', #3097, #709, #2168 ) ;
#1199 = ORIENTED_EDGE ( 'NONE', *, *, #3301, .T. ) ;
#1200 = DIRECTION ( 'NONE',  ( -0.0000000000000000000, 1.881251777004309100E-018, 1.000000000000000000 ) ) ;
#1201 = CARTESIAN_POINT ( 'NONE',  ( -0.1928168541226840100, -6.191461008993516500E-016, -0.2966554367998494600 ) ) ;
#1202 = PERSON_AND_ORGANIZATION ( #3790, #1160 ) ;
#1203 = CARTESIAN_POINT ( 'NONE',  ( 0.1775346415770249200, 3.706982764817010900E-017, 0.07627952755905520500 ) ) ;
#1204 = CARTESIAN_POINT ( 'NONE',  ( -0.1157057583252899500, -0.1592553138533360800, 0.1865157480314960100 ) ) ;
#1205 = ADVANCED_FACE ( 'NONE', ( #2645 ), #1704, .F. ) ;
#1206 = VERTEX_POINT ( 'NONE', #2709 ) ;
#1207 = CYLINDRICAL_SURFACE ( 'NONE', #3552, 0.1968503937007874100 ) ;
#1208 = CARTESIAN_POINT ( 'NONE',  ( -0.1775346415770249200, -6.413618460845107500E-018, 0.03690944881889773900 ) ) ;
#1209 = CARTESIAN_POINT ( 'NONE',  ( 0.1771187314312765700, 0.1286842908911823300, -0.1747972546925052900 ) ) ;
#1210 = CARTESIAN_POINT ( 'NONE',  ( 0.1775346415770248900, 3.706982764817010900E-017, -0.09338193215584643400 ) ) ;
#1211 = ORIENTED_EDGE ( 'NONE', *, *, #2210, .T. ) ;
#1212 = ORIENTED_EDGE ( 'NONE', *, *, #865, .T. ) ;
#1213 = CARTESIAN_POINT ( 'NONE',  ( 0.5625000000000001100, 2.578744229469662300E-017, -0.3125000000000000000 ) ) ;
#1214 = EDGE_LOOP ( 'NONE', ( #3617, #565, #2823, #1638 ) ) ;
#1215 = CARTESIAN_POINT ( 'NONE',  ( -0.09924488173182208200, 0.1365988609149797200, 0.1038385826771654600 ) ) ;
#1216 = CARTESIAN_POINT ( 'NONE',  ( 0.1157057583252899500, 0.1592553138533361100, 0.1743346032772241100 ) ) ;
#1217 = CARTESIAN_POINT ( 'NONE',  ( -0.1157057583252899500, -0.1592553138533360800, 0.1349645245370666200 ) ) ;
#1218 = EDGE_LOOP ( 'NONE', ( #674, #2236, #1126, #1580 ) ) ;
#1219 = CARTESIAN_POINT ( 'NONE',  ( 0.09924488173182205400, -0.1365988609149796600, -0.01427165354330701800 ) ) ;
#1220 = EDGE_CURVE ( 'NONE', #1451, #2822, #3677, .T. ) ;
#1221 = ORIENTED_EDGE ( 'NONE', *, *, #24, .F. ) ;
#1222 = CARTESIAN_POINT ( 'NONE',  ( 0.2189307921375865400, 3.960461081222081500E-017, -0.1826712704405368000 ) ) ;
#1223 = CARTESIAN_POINT ( 'NONE',  ( -0.1775346415770248900, -6.413618460845107500E-018, 0.02472830406462604400 ) ) ;
#1224 = DIRECTION ( 'NONE',  ( -0.0000000000000000000, 1.881251777004309100E-018, 1.000000000000000000 ) ) ;
#1225 = ADVANCED_FACE ( 'NONE', ( #894 ), #1036, .F. ) ;
#1226 = AXIS2_PLACEMENT_3D ( 'NONE', #2456, #626, #3318 ) ;
#1227 = FACE_OUTER_BOUND ( 'NONE', #889, .T. ) ;
#1228 = CONICAL_SURFACE ( 'NONE', #1198, 0.8046875000000000000, 0.7853981633974536100 ) ;
#1229 = CARTESIAN_POINT ( 'NONE',  ( 0.07918672021187546400, -0.1614590605308223500, 0.2834816767124190300 ) ) ;
#1230 = CARTESIAN_POINT ( 'NONE',  ( -0.05486122133756586600, 0.1688454777399540400, 0.2573818897637796800 ) ) ;
#1231 = CARTESIAN_POINT ( 'NONE',  ( -0.06396057012457541400, 0.1968503937007965200, -0.2075551605023046000 ) ) ;
#1232 = CARTESIAN_POINT ( 'NONE',  ( -0.1872158496644003300, 0.06083011700294239200, 0.1192164930410036200 ) ) ;
#1233 = AXIS2_PLACEMENT_3D ( 'NONE', #3817, #1480, #1764 ) ;
#1234 = EDGE_CURVE ( 'NONE', #679, #2624, #1840, .T. ) ;
#1235 = CARTESIAN_POINT ( 'NONE',  ( 0.09924488173182204100, 0.1365988609149797500, -0.06938976377952750500 ) ) ;
#1236 = CIRCLE ( 'NONE', #1761, 0.3334374999999996600 ) ;
#1237 = CARTESIAN_POINT ( 'NONE',  ( -0.06765333536248334400, -0.2082155564801114500, -0.2850334751649463100 ) ) ;
#1238 = CARTESIAN_POINT ( 'NONE',  ( -0.1605815918515515800, -0.05217612204500268700, 0.02866531193864176700 ) ) ;
#1239 = CARTESIAN_POINT ( 'NONE',  ( -0.1436285421260782300, -0.1043522440900053500, 0.2022637795275592200 ) ) ;
#1240 = CARTESIAN_POINT ( 'NONE',  ( -0.2086614173228346600, 5.175261980391226500E-017, 0.3125000000000000000 ) ) ;
#1241 = CARTESIAN_POINT ( 'NONE',  ( -0.5625000000000001100, -4.677727003701036800E-017, -0.3045312500000002500 ) ) ;
#1242 = CARTESIAN_POINT ( 'NONE',  ( 0.05486122133756580300, 0.1688454777399540400, 0.1707677165354332100 ) ) ;
#1243 = DIRECTION ( 'NONE',  ( 0.0000000000000000000, -1.881251777004309100E-018, -1.000000000000000000 ) ) ;
#1244 = CARTESIAN_POINT ( 'NONE',  ( -0.1775346415770249200, -6.413618460845107500E-018, -0.2780511811023622100 ) ) ;
#1245 = ORIENTED_EDGE ( 'NONE', *, *, #3104, .T. ) ;
#1246 = LOCAL_TIME ( 15, 12, 30.00000000000000000, #452 ) ;
#1247 = CARTESIAN_POINT ( 'NONE',  ( 0.1223860333968799900, 0.1684499236856469000, -0.1708602468184895800 ) ) ;
#1248 = CARTESIAN_POINT ( 'NONE',  ( 0.05486122133756580300, 0.1688454777399540400, 0.001106256820531562100 ) ) ;
#1249 = EDGE_CURVE ( 'NONE', #3670, #2426, #2743, .T. ) ;
#1250 = ORIENTED_EDGE ( 'NONE', *, *, #1839, .F. ) ;
#1251 = FACE_OUTER_BOUND ( 'NONE', #314, .T. ) ;
#1252 = CARTESIAN_POINT ( 'NONE',  ( 0.05486122133756583800, -0.1688454777399539500, 0.1392716535433072300 ) ) ;
#1253 = DIRECTION ( 'NONE',  ( -1.000000000000000000, 0.0000000000000000000, 0.0000000000000000000 ) ) ;
#1254 = ORIENTED_EDGE ( 'NONE', *, *, #1323, .F. ) ;
#1255 = CARTESIAN_POINT ( 'NONE',  ( -0.09924488173182208200, 0.1365988609149797200, 0.1825787401574804900 ) ) ;
#1256 = CARTESIAN_POINT ( 'NONE',  ( -0.2069807528028085300, -1.182278133984402800E-017, -0.1402559055118112200 ) ) ;
#1257 = CARTESIAN_POINT ( 'NONE',  ( 0.1157057583252899500, 0.1592553138533361100, -0.2981063416046658100 ) ) ;
#1258 = CARTESIAN_POINT ( 'NONE',  ( -0.1605815918515515800, -0.05217612204500268700, 0.2648857843795861500 ) ) ;
#1259 = CARTESIAN_POINT ( 'NONE',  ( -0.2189307921375865400, -1.401796795299716600E-017, -0.2220413491806942900 ) ) ;
#1260 = ORIENTED_EDGE ( 'NONE', *, *, #2972, .F. ) ;
#1261 = EDGE_LOOP ( 'NONE', ( #3433, #3224, #1879, #42 ) ) ;
#1262 = CARTESIAN_POINT ( 'NONE',  ( 0.1605815918515515800, 0.05217612204500271500, 0.08021653543307098700 ) ) ;
#1263 = EDGE_LOOP ( 'NONE', ( #2069, #3806, #2212, #3619, #3573 ) ) ;
#1264 = CARTESIAN_POINT ( 'NONE',  ( 0.1771187314312765700, -0.1286842908911822200, 0.3151751650563434600 ) ) ;
#1265 = CARTESIAN_POINT ( 'NONE',  ( 0.1605815918515515800, 0.05217612204500271500, 0.001476377952755947800 ) ) ;
#1266 = CARTESIAN_POINT ( 'NONE',  ( -0.1914906185350810400, 0.04562258775220098800, -0.3006889763779526100 ) ) ;
#1267 = CIRCLE ( 'NONE', #1504, 0.8046875000000000000 ) ;
#1268 = EDGE_CURVE ( 'NONE', #3363, #1962, #3207, .T. ) ;
#1269 = CARTESIAN_POINT ( 'NONE',  ( -0.09924488173182208200, 0.1365988609149797200, 0.2491377528835231300 ) ) ;
#1270 = CARTESIAN_POINT ( 'NONE',  ( -0.1024481290116566500, 0.1829356591408163000, -0.3927668521545854600 ) ) ;
#1271 = DIRECTION ( 'NONE',  ( -0.0000000000000000000, 1.881251777004309100E-018, 1.000000000000000000 ) ) ;
#1272 = LINE ( 'NONE', #211, #435 ) ;
#1273 = AXIS2_PLACEMENT_3D ( 'NONE', #1805, #3629, #1491 ) ;
#1274 = CARTESIAN_POINT ( 'NONE',  ( -0.05486122133756587300, 0.1688454777399540400, 0.09990157480314972000 ) ) ;
#1275 = FACE_OUTER_BOUND ( 'NONE', #2357, .T. ) ;
#1276 = DIRECTION ( 'NONE',  ( -0.0000000000000000000, 1.881251777004309100E-018, 1.000000000000000000 ) ) ;
#1277 = CARTESIAN_POINT ( 'NONE',  ( 0.2189307921375865400, 3.960461081222081500E-017, 0.3230491808043749500 ) ) ;
#1278 = CARTESIAN_POINT ( 'NONE',  ( -0.09924488173182202700, -0.1365988609149796600, 0.04872047244094498300 ) ) ;
#1279 = CARTESIAN_POINT ( 'NONE',  ( -0.1674509465259921000, -0.1216602340058848100, -0.2626732707385242000 ) ) ;
#1280 = CIRCLE ( 'NONE', #1477, 0.1328125000000000000 ) ;
#1281 = CARTESIAN_POINT ( 'NONE',  ( 0.06396057012458786200, 0.1968503937007874700, -0.2426181102362207400 ) ) ;
#1282 = EDGE_CURVE ( 'NONE', #2345, #2628, #3020, .T. ) ;
#1283 = CARTESIAN_POINT ( 'NONE',  ( -0.1436285421260782800, 0.1043522440900053500, -0.2859251968503937500 ) ) ;
#1284 = CARTESIAN_POINT ( 'NONE',  ( 0.05486122133756583800, -0.1688454777399539500, -0.2666102786125395000 ) ) ;
#1285 = CARTESIAN_POINT ( 'NONE',  ( -0.1605815918515516000, 0.05217612204500267400, 0.1117125984251969900 ) ) ;
#1286 = CARTESIAN_POINT ( 'NONE',  ( -0.1674509465259921000, 0.1216602340058848100, 0.1940196426473028700 ) ) ;
#1287 = CARTESIAN_POINT ( 'NONE',  ( -0.2069807528028085300, -1.182278133984402800E-017, 0.01722440944881879400 ) ) ;
#1288 = ORIENTED_EDGE ( 'NONE', *, *, #1673, .T. ) ;
#1289 = CARTESIAN_POINT ( 'NONE',  ( 2.067760738647403800E-017, -0.1688454777399540100, -0.02214566929133853600 ) ) ;
#1290 = CARTESIAN_POINT ( 'NONE',  ( 0.1605815918515516000, -0.05217612204500263900, 0.2176416898913971500 ) ) ;
#1291 = CARTESIAN_POINT ( 'NONE',  ( 0.0000000000000000000, 1.175782360627693200E-018, 0.3125000000000000000 ) ) ;
#1292 = CARTESIAN_POINT ( 'NONE',  ( 2.410722045565655500E-017, -0.1968503937007873000, -0.2780511811023624300 ) ) ;
#1293 = FACE_OUTER_BOUND ( 'NONE', #1588, .T. ) ;
#1294 = DIRECTION ( 'NONE',  ( 0.7071067811865557900, 0.0000000000000000000, 0.7071067811865391400 ) ) ;
#1295 = DIRECTION ( 'NONE',  ( 0.0000000000000000000, -1.000000000000000000, 0.0000000000000000000 ) ) ;
#1296 = AXIS2_PLACEMENT_3D ( 'NONE', #2561, #1995, #3451 ) ;
#1297 = EDGE_LOOP ( 'NONE', ( #3094, #1118, #3091, #3655 ) ) ;
#1298 =( BOUNDED_CURVE ( )  B_SPLINE_CURVE ( 2, ( #686, #1586, #3713, #3405, #2224, #716, #1906, #410, #1572, #2175, #2795 ),
 .UNSPECIFIED., .F., .T. ) 
 B_SPLINE_CURVE_WITH_KNOTS ( ( 3, 2, 2, 2, 2, 3 ),
 ( 0.3819552513774791000, 0.3930663624885902800, 0.4041774735997013500, 0.4152885847108125400, 0.4263996958219236100, 0.4375108069330346800 ),
 .UNSPECIFIED. ) 
 CURVE ( )  GEOMETRIC_REPRESENTATION_ITEM ( )  RATIONAL_B_SPLINE_CURVE ( ( 1.000000000000011300, 0.9510565162951422100, 1.000000000000000000, 0.9510565162951534200, 1.000000000000000000, 0.9510565162951534200, 1.000000000000000000, 0.9510565162951534200, 1.000000000000000000, 0.9510565162951646300, 0.9999999999999887900 ) ) 
 REPRESENTATION_ITEM ( '' )  );
#1299 = ORIENTED_EDGE ( 'NONE', *, *, #2229, .T. ) ;
#1300 = CARTESIAN_POINT ( 'NONE',  ( -0.09924488173182202700, -0.1365988609149796600, -0.1087598425196850100 ) ) ;
#1301 = CARTESIAN_POINT ( 'NONE',  ( -0.1872158496644003300, 0.06083011700294239200, 0.1979566505213186100 ) ) ;
#1302 = CARTESIAN_POINT ( 'NONE',  ( -0.06396057012458783400, -0.1968503937007873800, 0.03297244094488180300 ) ) ;
#1303 = AXIS2_PLACEMENT_3D ( 'NONE', #1601, #2184, #3697 ) ;
#1304 = CARTESIAN_POINT ( 'NONE',  ( -0.1688111006191245500, 0.003937063708598287000, 0.2726840604171195700 ) ) ;
#1305 = VERTEX_POINT ( 'NONE', #2130 ) ;
#1306 = CARTESIAN_POINT ( 'NONE',  ( 0.09924488173182205400, -0.1365988609149796600, -0.1717519685039370100 ) ) ;
#1307 = CARTESIAN_POINT ( 'NONE',  ( -0.1775346415770249200, -6.413618460845107500E-018, 0.1822086190252554500 ) ) ;
#1308 = DIRECTION ( 'NONE',  ( -0.0000000000000000000, -0.0000000000000000000, -1.000000000000000000 ) ) ;
#1309 = CARTESIAN_POINT ( 'NONE',  ( -0.5625000000000001100, -4.677727003701036800E-017, -0.3125000000000000000 ) ) ;
#1310 = ORIENTED_EDGE ( 'NONE', *, *, #2483, .F. ) ;
#1311 = ORIENTED_EDGE ( 'NONE', *, *, #81, .F. ) ;
#1312 = CARTESIAN_POINT ( 'NONE',  ( 2.067760738647403800E-017, -0.1688454777399540100, -0.2705472864865551800 ) ) ;
#1313 = VERTEX_POINT ( 'NONE', #1820 ) ;
#1314 = CARTESIAN_POINT ( 'NONE',  ( 0.09924488173182205400, -0.1365988609149796600, -0.01427165354330701800 ) ) ;
#1315 = CARTESIAN_POINT ( 'NONE',  ( 0.1157057583252899500, 0.1592553138533361100, 0.06840551181102355600 ) ) ;
#1316 = CARTESIAN_POINT ( 'NONE',  ( 0.1149697816535959200, -0.1411430361890773400, 0.2856946267523147200 ) ) ;
#1317 = CARTESIAN_POINT ( 'NONE',  ( -0.1771187314312765700, -0.1286842908911822700, 0.05533264537130393200 ) ) ;
#1318 = VECTOR ( 'NONE', #550, 39.37007874015748100 ) ;
#1319 = CARTESIAN_POINT ( 'NONE',  ( 0.09924488173182204100, 0.1365988609149797500, -0.06938976377952750500 ) ) ;
#1320 = CARTESIAN_POINT ( 'NONE',  ( -0.1605815918515516000, 0.05217612204500267400, 0.1782716111512396600 ) ) ;
#1321 = CARTESIAN_POINT ( 'NONE',  ( 2.410722045565655500E-017, -0.1968503937007873000, 0.3003188552457281000 ) ) ;
#1322 = CARTESIAN_POINT ( 'NONE',  ( 0.0000000000000000000, -0.3437500000000000000, 0.3125000000000000000 ) ) ;
#1323 = EDGE_CURVE ( 'NONE', #2399, #2771, #2315, .T. ) ;
#1324 = CIRCLE ( 'NONE', #644, 0.8046875000000000000 ) ;
#1325 = DIRECTION ( 'NONE',  ( -0.7071067811865542300, 8.659560562355014200E-017, 0.7071067811865405800 ) ) ;
#1326 = DIRECTION ( 'NONE',  ( -0.0000000000000000000, 1.881251777004309100E-018, 1.000000000000000000 ) ) ;
#1327 = CIRCLE ( 'NONE', #330, 0.3437500000000000000 ) ;
#1328 = AXIS2_PLACEMENT_3D ( 'NONE', #778, #729, #160 ) ;
#1329 = CARTESIAN_POINT ( 'NONE',  ( 0.1775346415770248900, 3.706982764817010900E-017, -0.08120078740157472800 ) ) ;
#1330 = CARTESIAN_POINT ( 'NONE',  ( -0.06765333536248341300, 0.2082155564801114700, 0.1891909130878394500 ) ) ;
#1331 = DIRECTION ( 'NONE',  ( 0.0000000000000000000, 1.881251777004309100E-018, 1.000000000000000000 ) ) ;
#1332 = CARTESIAN_POINT ( 'NONE',  ( -0.05486122133756586600, 0.1688454777399540400, -0.2150590551181102400 ) ) ;
#1333 = CARTESIAN_POINT ( 'NONE',  ( 0.09924488173182204100, 0.1365988609149797500, 0.3121298788677751600 ) ) ;
#1334 = DIRECTION ( 'NONE',  ( 0.0000000000000000000, -1.000000000000000000, 0.0000000000000000000 ) ) ;
#1335 = CARTESIAN_POINT ( 'NONE',  ( -0.1674509465259921000, 0.1216602340058848100, -0.04220082979364212000 ) ) ;
#1336 = CARTESIAN_POINT ( 'NONE',  ( 2.067760738647403800E-017, -0.1688454777399540100, -0.3371062992125985500 ) ) ;
#1337 = CARTESIAN_POINT ( 'NONE',  ( 0.0000000000000000000, 0.3437500000000000000, 0.3125000000000000000 ) ) ;
#1338 = VERTEX_POINT ( 'NONE', #936 ) ;
#1339 = CARTESIAN_POINT ( 'NONE',  ( 2.067760738647403800E-017, -0.1688454777399540100, -0.1796259842519685500 ) ) ;
#1340 = CARTESIAN_POINT ( 'NONE',  ( -0.1674509465259921000, -0.1216602340058848100, -0.05364173228346474200 ) ) ;
#1341 = CARTESIAN_POINT ( 'NONE',  ( -0.1223860333968800500, 0.1684499236856469000, 0.2718680784421702000 ) ) ;
#1342 = CIRCLE ( 'NONE', #1889, 0.1407812500000006100 ) ;
#1343 = DIRECTION ( 'NONE',  ( 0.0000000000000000000, -1.000000000000000000, 0.0000000000000000000 ) ) ;
#1344 = EDGE_CURVE ( 'NONE', #101, #2822, #2214, .T. ) ;
#1345 = CARTESIAN_POINT ( 'NONE',  ( 0.1605815918515516000, -0.05217612204500263900, -0.2426181102362205400 ) ) ;
#1346 = CARTESIAN_POINT ( 'NONE',  ( -0.1775346415770249200, -6.413618460845107500E-018, 0.1034684615449403800 ) ) ;
#1347 = PERSON_AND_ORGANIZATION_ROLE ( 'creator' ) ;
#1348 = CARTESIAN_POINT ( 'NONE',  ( 0.0000000000000000000, 0.1968503937007874100, 0.2337598425196850400 ) ) ;
#1349 = ORIENTED_EDGE ( 'NONE', *, *, #3021, .T. ) ;
#1350 = CARTESIAN_POINT ( 'NONE',  ( -0.1436285421260782800, 0.1043522440900053500, -0.3646653543307087900 ) ) ;
#1351 = CARTESIAN_POINT ( 'NONE',  ( 2.410722045565655500E-017, -0.1968503937007873000, 0.06409838280478312400 ) ) ;
#1352 = AXIS2_PLACEMENT_3D ( 'NONE', #1988, #3197, #185 ) ;
#1353 = CARTESIAN_POINT ( 'NONE',  ( 2.549905147760534400E-017, -0.2082155564801114200, -0.2478169609279087800 ) ) ;
#1354 = CARTESIAN_POINT ( 'NONE',  ( -0.1605815918515515800, -0.05217612204500268700, -0.1953740157480315100 ) ) ;
#1355 = VERTEX_POINT ( 'NONE', #3666 ) ;
#1356 = DIRECTION ( 'NONE',  ( -0.0000000000000000000, -0.0000000000000000000, -1.000000000000000000 ) ) ;
#1357 = EDGE_LOOP ( 'NONE', ( #2257, #3282, #2341 ) ) ;
#1358 = CARTESIAN_POINT ( 'NONE',  ( -0.1980247617844315700, -0.06434214544559115100, 0.1301357949776032200 ) ) ;
#1359 = CC_DESIGN_APPROVAL ( #238, ( #33 ) ) ;
#1360 = EDGE_CURVE ( 'NONE', #1355, #1176, #3294, .T. ) ;
#1361 = CARTESIAN_POINT ( 'NONE',  ( 0.05486122133756583800, -0.1688454777399539500, -0.03038980617159506600 ) ) ;
#1362 = ORIENTED_EDGE ( 'NONE', *, *, #3104, .F. ) ;
#1363 = APPLICATION_CONTEXT ( 'configuration controlled 3d designs of mechanical parts and assemblies' ) ;
#1364 = DIRECTION ( 'NONE',  ( 0.0000000000000000000, -1.000000000000000000, 0.0000000000000000000 ) ) ;
#1365 = CARTESIAN_POINT ( 'NONE',  ( -0.1775346415770249200, -6.413618460845107500E-018, 0.2609487765055704100 ) ) ;
#1366 = CARTESIAN_POINT ( 'NONE',  ( -0.02896229420817276000, -0.1663429615806828700, -0.2726840604171195700 ) ) ;
#1367 = LINE ( 'NONE', #287, #1412 ) ;
#1368 = CARTESIAN_POINT ( 'NONE',  ( 0.0000000000000000000, 0.1688454777399540600, 0.3321850393700789800 ) ) ;
#1369 = CARTESIAN_POINT ( 'NONE',  ( 0.1157057583252899500, 0.1592553138533361100, -0.01033464566929148800 ) ) ;
#1370 = VECTOR ( 'NONE', #2840, 39.37007874015748900 ) ;
#1371 = CARTESIAN_POINT ( 'NONE',  ( -0.1723714471287112200, -0.01217717533739227400, -0.2762100298058766700 ) ) ;
#1372 = CARTESIAN_POINT ( 'NONE',  ( -0.1771187314312765700, -0.1286842908911822700, 0.1340728028516189100 ) ) ;
#1373 = CARTESIAN_POINT ( 'NONE',  ( 0.1605815918515516000, -0.05217612204500263900, -0.01857878254954782600 ) ) ;
#1374 = CONICAL_SURFACE ( 'NONE', #279, 0.1407812499999998000, 0.7853981633974536100 ) ;
#1375 = UNCERTAINTY_MEASURE_WITH_UNIT (LENGTH_MEASURE( 1.000000000000000100E-005 ), #1650, 'distance_accuracy_value', 'NONE');
#1376 = CARTESIAN_POINT ( 'NONE',  ( 0.1872158496644002500, 0.06083011700294242700, 0.1392716535433070100 ) ) ;
#1377 = CARTESIAN_POINT ( 'NONE',  ( -0.1436285421260782800, 0.1043522440900053500, 0.01685428831659389900 ) ) ;
#1378 = CARTESIAN_POINT ( 'NONE',  ( 0.0000000000000000000, 0.5625000000000001100, -0.3125000000000000000 ) ) ;
#1379 = CARTESIAN_POINT ( 'NONE',  ( -0.1980247617844315700, -0.06434214544559115100, -0.1848248349436567900 ) ) ;
#1380 = CARTESIAN_POINT ( 'NONE',  ( -0.1771187314312765700, 0.1286842908911822700, 0.2425255799531641800 ) ) ;
#1381 = CARTESIAN_POINT ( 'NONE',  ( 0.2069807528028085300, 3.887288194116977200E-017, -0.2311772077463981100 ) ) ;
#1382 = CARTESIAN_POINT ( 'NONE',  ( -0.06396057012458791800, 0.1968503937007874700, -0.07726377952755922300 ) ) ;
#1383 = CARTESIAN_POINT ( 'NONE',  ( 0.1980247617844315700, 0.06434214544559117800, -0.06671459872318429000 ) ) ;
#1384 = CARTESIAN_POINT ( 'NONE',  ( -0.1436285421260782300, -0.1043522440900053500, -0.04613783766765809600 ) ) ;
#1385 = APPLICATION_PROTOCOL_DEFINITION ( 'international standard', 'config_control_design', 1994, #3162 ) ;
#1386 = ORIENTED_EDGE ( 'NONE', *, *, #2652, .F. ) ;
#1387 = CARTESIAN_POINT ( 'NONE',  ( -0.04230718943259133300, 0.1817275250363129300, -0.2901967514715074200 ) ) ;
#1388 = CARTESIAN_POINT ( 'NONE',  ( 0.1436285421260782600, -0.1043522440900053100, 0.1349645245370664200 ) ) ;
#1389 = CARTESIAN_POINT ( 'NONE',  ( 0.1872158496644003300, -0.06083011700294235100, -0.1563740581400988600 ) ) ;
#1390 = CARTESIAN_POINT ( 'NONE',  ( 0.1771187314312765700, -0.1286842908911822200, -0.2360059373058615000 ) ) ;
#1391 = ORIENTED_EDGE ( 'NONE', *, *, #2540, .T. ) ;
#1392 = FACE_OUTER_BOUND ( 'NONE', #2101, .T. ) ;
#1393 = CARTESIAN_POINT ( 'NONE',  ( -0.2189307921375865400, -1.401796795299716600E-017, 0.2503995957011956300 ) ) ;
#1394 = CARTESIAN_POINT ( 'NONE',  ( 0.1872158496644002500, 0.06083011700294242700, -0.2272401998723823600 ) ) ;
#1395 = CARTESIAN_POINT ( 'NONE',  ( 2.410722045565656100E-017, 0.1968503937007874100, 0.3125000000000000000 ) ) ;
#1396 = EDGE_CURVE ( 'NONE', #97, #326, #1267, .T. ) ;
#1397 = VERTEX_POINT ( 'NONE', #2661 ) ;
#1398 = CARTESIAN_POINT ( 'NONE',  ( 0.1436285421260782600, -0.1043522440900053100, -0.02251579042356361600 ) ) ;
#1399 = VERTEX_POINT ( 'NONE', #1773 ) ;
#1400 = CARTESIAN_POINT ( 'NONE',  ( 0.09924488173182205400, -0.1365988609149796600, 0.05228735918273565800 ) ) ;
#1401 = CARTESIAN_POINT ( 'NONE',  ( -0.1605815918515516000, 0.05217612204500267400, -0.1366890187700203800 ) ) ;
#1402 = CARTESIAN_POINT ( 'NONE',  ( 0.1674509465259921000, -0.1216602340058847400, 0.2849409448818898100 ) ) ;
#1403 = AXIS2_PLACEMENT_3D ( 'NONE', #2170, #371, #80 ) ;
#1404 = ORIENTED_EDGE ( 'NONE', *, *, #751, .T. ) ;
#1405 = CARTESIAN_POINT ( 'NONE',  ( 0.06765333536248335800, 0.2082155564801114700, -0.2911240475420820400 ) ) ;
#1406 = ORIENTED_EDGE ( 'NONE', *, *, #3824, .T. ) ;
#1407 = CARTESIAN_POINT ( 'NONE',  ( 0.09924488173182205400, -0.1365988609149796600, -0.3414134282188394100 ) ) ;
#1408 = CARTESIAN_POINT ( 'NONE',  ( 0.0000000000000000000, 1.940040895035718500E-020, -0.3021874999999998300 ) ) ;
#1409 = VERTEX_POINT ( 'NONE', #3591 ) ;
#1410 = CARTESIAN_POINT ( 'NONE',  ( 0.1605815918515515800, 0.05217612204500271500, -0.08944492428183134500 ) ) ;
#1411 = CARTESIAN_POINT ( 'NONE',  ( 0.1674509465259921000, -0.1216602340058847400, 0.1274606299212597800 ) ) ;
#1412 = VECTOR ( 'NONE', #2694, 39.37007874015748900 ) ;
#1413 = CARTESIAN_POINT ( 'NONE',  ( -0.09924488173182202700, -0.1365988609149796600, -0.04220082979364230700 ) ) ;
#1414 = CARTESIAN_POINT ( 'NONE',  ( 0.1436285421260782600, 0.1043522440900053900, -0.2429882313684455800 ) ) ;
#1415 = CARTESIAN_POINT ( 'NONE',  ( 0.2069807528028085300, 3.887288194116977200E-017, 0.2928149606299213500 ) ) ;
#1416 = FACE_OUTER_BOUND ( 'NONE', #3432, .T. ) ;
#1417 = CARTESIAN_POINT ( 'NONE',  ( 0.1436285421260782600, -0.1043522440900053100, 0.2258858267716537000 ) ) ;
#1418 = CARTESIAN_POINT ( 'NONE',  ( -0.06765333536248341300, 0.2082155564801114700, 0.2346515642051327000 ) ) ;
#1419 = CARTESIAN_POINT ( 'NONE',  ( 0.1157057583252899800, -0.1592553138533360500, -0.2429882313684454400 ) ) ;
#1420 = DIRECTION ( 'NONE',  ( 0.0000000000000000000, 0.0000000000000000000, 1.000000000000000000 ) ) ;
#1421 = EDGE_CURVE ( 'NONE', #187, #377, #2786, .T. ) ;
#1422 = LINE ( 'NONE', #555, #2417 ) ;
#1423 = ADVANCED_FACE ( 'NONE', ( #3586 ), #798, .F. ) ;
#1424 = CARTESIAN_POINT ( 'NONE',  ( -0.1605815918515515800, -0.05217612204500268700, -0.2075551605023038300 ) ) ;
#1425 = CARTESIAN_POINT ( 'NONE',  ( -0.1674509465259921000, 0.1216602340058848100, 0.08809055118110227500 ) ) ;
#1426 = CARTESIAN_POINT ( 'NONE',  ( 2.067760738647403800E-017, -0.1688454777399540100, 0.1231535009150191400 ) ) ;
#1427 = CARTESIAN_POINT ( 'NONE',  ( 2.067760738647403800E-017, -0.1688454777399540100, -0.1130669715259258200 ) ) ;
#1428 = CARTESIAN_POINT ( 'NONE',  ( -0.09924488173182208200, 0.1365988609149797200, 0.1038385826771654600 ) ) ;
#1429 = EDGE_CURVE ( 'NONE', #2725, #2426, #1508, .T. ) ;
#1430 = CARTESIAN_POINT ( 'NONE',  ( 0.1771187314312765700, -0.1286842908911822200, 0.2818956586933216200 ) ) ;
#1431 = CARTESIAN_POINT ( 'NONE',  ( 0.0000000000000000000, 0.1688454777399540600, 0.2412637371354922600 ) ) ;
#1432 = VERTEX_POINT ( 'NONE', #1762 ) ;
#1433 = CALENDAR_DATE ( 2025, 10, 6 ) ;
#1434 = CARTESIAN_POINT ( 'NONE',  ( 0.05486122133756583800, -0.1688454777399539500, -0.1878701211322250700 ) ) ;
#1435 = ADVANCED_FACE ( 'NONE', ( #193 ), #3485, .T. ) ;
#1436 = COORDINATED_UNIVERSAL_TIME_OFFSET ( 6, 0, .BEHIND. ) ;
#1437 = DIRECTION ( 'NONE',  ( 0.0000000000000000000, 0.0000000000000000000, 1.000000000000000000 ) ) ;
#1438 = CARTESIAN_POINT ( 'NONE',  ( 0.09924488173182204100, 0.1365988609149797500, -0.2390512234944298100 ) ) ;
#1439 = CARTESIAN_POINT ( 'NONE',  ( 0.1872158496644002500, 0.06083011700294242700, 0.2967519685039370400 ) ) ;
#1440 = ORIENTED_EDGE ( 'NONE', *, *, #210, .F. ) ;
#1441 = CARTESIAN_POINT ( 'NONE',  ( 0.09924488173182204100, 0.1365988609149797500, 0.08809055118110249700 ) ) ;
#1442 = CARTESIAN_POINT ( 'NONE',  ( -0.06765333536248334400, -0.2082155564801114500, 0.1086673122366286900 ) ) ;
#1443 = CARTESIAN_POINT ( 'NONE',  ( 0.09924488173182204100, 0.1365988609149797500, 0.1546495639071457700 ) ) ;
#1444 = CARTESIAN_POINT ( 'NONE',  ( -0.1771187314312765700, 0.1286842908911822700, -0.1178957010853890300 ) ) ;
#1445 = EDGE_CURVE ( 'NONE', #3574, #1397, #700, .T. ) ;
#1446 = CARTESIAN_POINT ( 'NONE',  ( -0.09924488173182208200, 0.1365988609149797200, -0.3020433494786818900 ) ) ;
#1447 = EDGE_LOOP ( 'NONE', ( #2358, #835, #508, #2923 ) ) ;
#1448 = ORIENTED_EDGE ( 'NONE', *, *, #619, .T. ) ;
#1449 = CARTESIAN_POINT ( 'NONE',  ( -0.1157057583252900100, 0.1592553138533361100, -0.1248779951479728600 ) ) ;
#1450 = DIRECTION ( 'NONE',  ( -0.7071067811865512400, 0.0000000000000000000, -0.7071067811865436900 ) ) ;
#1451 = VERTEX_POINT ( 'NONE', #3578 ) ;
#1452 = DIRECTION ( 'NONE',  ( 0.0000000000000000000, -1.000000000000000000, 0.0000000000000000000 ) ) ;
#1453 = CARTESIAN_POINT ( 'NONE',  ( -0.1605815918515515800, -0.05217612204500268700, -0.2862953179826188700 ) ) ;
#1454 = CARTESIAN_POINT ( 'NONE',  ( 0.4296875000000001100, 4.205228259587240700E-017, -0.3045312500000002500 ) ) ;
#1455 = AXIS2_PLACEMENT_3D ( 'NONE', #3387, #2817, #2221 ) ;
#1456 = CARTESIAN_POINT ( 'NONE',  ( 0.05486122133756583800, -0.1688454777399539500, 0.2180118110236222200 ) ) ;
#1457 = ADVANCED_FACE ( 'NONE', ( #1980 ), #3390, .F. ) ;
#1458 = CARTESIAN_POINT ( 'NONE',  ( -0.2189307921375865400, -1.401796795299716600E-017, 0.01417912326025069800 ) ) ;
#1459 = CARTESIAN_POINT ( 'NONE',  ( -0.1605815918515516000, 0.05217612204500267400, 0.09953145367092529300 ) ) ;
#1460 = FACE_OUTER_BOUND ( 'NONE', #3525, .T. ) ;
#1461 = CARTESIAN_POINT ( 'NONE',  ( 0.1674509465259921000, 0.1216602340058848700, 0.2491377528835234100 ) ) ;
#1462 = CARTESIAN_POINT ( 'NONE',  ( 0.2189307921375865400, 3.960461081222081500E-017, 0.008088550883114942200 ) ) ;
#1463 = ADVANCED_FACE ( 'NONE', ( #1881 ), #2498, .F. ) ;
#1464 = CYLINDRICAL_SURFACE ( 'NONE', #1178, 0.1968503937007874100 ) ;
#1465 = CARTESIAN_POINT ( 'NONE',  ( 2.410722045565655500E-017, -0.1968503937007873000, -0.09338193215584687800 ) ) ;
#1466 = CIRCLE ( 'NONE', #3881, 0.1328125000000000000 ) ;
#1467 = CARTESIAN_POINT ( 'NONE',  ( -0.06461436696083477900, 0.1559928810410394800, -0.3837209125998308200 ) ) ;
#1468 = CARTESIAN_POINT ( 'NONE',  ( -0.06396057012460032400, -0.1968503937007782800, 0.06016137493076643300 ) ) ;
#1469 = CARTESIAN_POINT ( 'NONE',  ( -0.1775346415770249200, -6.413618460845107500E-018, 0.1156496062992127100 ) ) ;
#1470 = ADVANCED_BREP_SHAPE_REPRESENTATION ( '7549K16_Precision Flange Nut', ( #3717, #516, #629 ), #2448 ) ;
#1471 = CARTESIAN_POINT ( 'NONE',  ( -0.1771187314312765700, -0.1286842908911822700, 0.02205313900828218000 ) ) ;
#1472 = CARTESIAN_POINT ( 'NONE',  ( 0.1605815918515516000, -0.05217612204500263900, 0.06016137493076776500 ) ) ;
#1473 = CARTESIAN_POINT ( 'NONE',  ( 0.2069807528028085300, 3.887288194116977200E-017, 0.2412637371354919000 ) ) ;
#1474 = EDGE_CURVE ( 'NONE', #3719, #2730, #1600, .T. ) ;
#1475 = CARTESIAN_POINT ( 'NONE',  ( 0.06765333536248338600, -0.2082155564801113900, -0.08639963809326306500 ) ) ;
#1476 = CARTESIAN_POINT ( 'NONE',  ( -0.1688454777399540400, 1.802743417459596100E-015, 0.2726840604171195100 ) ) ;
#1477 = AXIS2_PLACEMENT_3D ( 'NONE', #662, #3073, #1582 ) ;
#1478 = DIRECTION ( 'NONE',  ( 0.0000000000000000000, 1.000000000000000000, 0.0000000000000000000 ) ) ;
#1479 = CARTESIAN_POINT ( 'NONE',  ( 2.067760738647403800E-017, -0.1688454777399540100, -0.3492874439668708400 ) ) ;
#1480 = DIRECTION ( 'NONE',  ( 0.0000000000000000000, 0.0000000000000000000, 1.000000000000000000 ) ) ;
#1481 = ORIENTED_EDGE ( 'NONE', *, *, #1027, .F. ) ;
#1482 = ADVANCED_FACE ( 'NONE', ( #292 ), #1699, .F. ) ;
#1483 = CARTESIAN_POINT ( 'NONE',  ( -0.09924488173182202700, -0.1365988609149796600, -0.1087598425196850100 ) ) ;
#1484 = EDGE_CURVE ( 'NONE', #3426, #1774, #1080, .T. ) ;
#1485 = VECTOR ( 'NONE', #3892, 39.37007874015748900 ) ;
#1486 = CARTESIAN_POINT ( 'NONE',  ( 0.06765333536248335800, 0.2082155564801114700, -0.009442923983843786600 ) ) ;
#1487 = CARTESIAN_POINT ( 'NONE',  ( 0.1775346415770248900, 3.706982764817010900E-017, 0.1428385402850985100 ) ) ;
#1488 = CARTESIAN_POINT ( 'NONE',  ( 0.1460527809901266700, 0.1319797812742733700, -0.3006889763779526100 ) ) ;
#1489 = EDGE_LOOP ( 'NONE', ( #3379, #1492, #1620, #54 ) ) ;
#1490 = CIRCLE ( 'NONE', #2397, 0.1407812500000000800 ) ;
#1491 = DIRECTION ( 'NONE',  ( 0.0000000000000000000, 1.000000000000000000, 0.0000000000000000000 ) ) ;
#1492 = ORIENTED_EDGE ( 'NONE', *, *, #2466, .T. ) ;
#1493 = DIRECTION ( 'NONE',  ( 0.0000000000000000000, 1.000000000000000000, 0.0000000000000000000 ) ) ;
#1494 = CARTESIAN_POINT ( 'NONE',  ( -0.1674509465259921000, 0.1216602340058848100, 0.1668307086614173000 ) ) ;
#1495 = DIRECTION ( 'NONE',  ( 0.0000000000000000000, 0.0000000000000000000, 1.000000000000000000 ) ) ;
#1496 = EDGE_LOOP ( 'NONE', ( #267, #3715 ) ) ;
#1497 = CARTESIAN_POINT ( 'NONE',  ( 0.09924488173182205400, -0.1365988609149796600, -0.1717519685039370100 ) ) ;
#1498 = EDGE_CURVE ( 'NONE', #1451, #1313, #13, .T. ) ;
#1499 = CARTESIAN_POINT ( 'NONE',  ( 0.1771187314312765700, -0.1286842908911822200, -0.1118051287082532800 ) ) ;
#1500 = CARTESIAN_POINT ( 'NONE',  ( -0.1605815918515515800, -0.05217612204500268700, -0.05007484554167319200 ) ) ;
#1501 = VERTEX_POINT ( 'NONE', #1152 ) ;
#1502 = ORIENTED_EDGE ( 'NONE', *, *, #3439, .F. ) ;
#1503 = ADVANCED_FACE ( 'NONE', ( #1180 ), #385, .F. ) ;
#1504 = AXIS2_PLACEMENT_3D ( 'NONE', #3295, #2675, #1478 ) ;
#1505 = EDGE_LOOP ( 'NONE', ( #1734, #423 ) ) ;
#1506 = DIRECTION ( 'NONE',  ( -0.7071067811865542300, 8.659560562355014200E-017, 0.7071067811865405800 ) ) ;
#1507 = DIRECTION ( 'NONE',  ( -1.000000000000000000, 0.0000000000000000000, 0.0000000000000000000 ) ) ;
#1508 = CIRCLE ( 'NONE', #351, 0.1328125000000000000 ) ;
#1509 = CARTESIAN_POINT ( 'NONE',  ( -0.1436285421260782300, -0.1043522440900053500, 0.2810039370078741800 ) ) ;
#1510 = CARTESIAN_POINT ( 'NONE',  ( 2.410722045565655500E-017, -0.1968503937007873000, 0.1943897637795275200 ) ) ;
#1511 = LINE ( 'NONE', #3139, #617 ) ;
#1512 = CARTESIAN_POINT ( 'NONE',  ( 0.05486122133756580300, 0.1688454777399540400, -0.06545275590551177800 ) ) ;
#1513 = CARTESIAN_POINT ( 'NONE',  ( -0.06765333536248341300, 0.2082155564801114700, -0.2377893806767572600 ) ) ;
#1514 = CARTESIAN_POINT ( 'NONE',  ( -0.1775346415770248900, -6.413618460845107500E-018, -0.1327520108960039400 ) ) ;
#1515 = CARTESIAN_POINT ( 'NONE',  ( -0.05486122133756586600, 0.1688454777399540400, -0.06975988491175258400 ) ) ;
#1516 = VECTOR ( 'NONE', #345, 39.37007874015748100 ) ;
#1517 = LINE ( 'NONE', #3133, #2989 ) ;
#1518 = DIRECTION ( 'NONE',  ( -0.0000000000000000000, 1.881251777004309100E-018, 1.000000000000000000 ) ) ;
#1519 = CARTESIAN_POINT ( 'NONE',  ( 0.0000000000000000000, 2.659151078304713600E-017, 0.3125000000000000000 ) ) ;
#1520 = CARTESIAN_POINT ( 'NONE',  ( -0.1605815918515515800, -0.05217612204500268700, 0.2770669291338585000 ) ) ;
#1521 = CARTESIAN_POINT ( 'NONE',  ( 0.06396057012457538600, -0.1968503937007964600, 0.1467755481591129000 ) ) ;
#1522 = CARTESIAN_POINT ( 'NONE',  ( 0.1407812500000001400, -0.5625000000000001100, -0.3125000000000000000 ) ) ;
#1523 = ADVANCED_FACE ( 'NONE', ( #2693 ), #3423, .T. ) ;
#1524 = CARTESIAN_POINT ( 'NONE',  ( 0.09924488173182204100, 0.1365988609149797500, 0.009350393700787464800 ) ) ;
#1525 = CARTESIAN_POINT ( 'NONE',  ( -0.1223860333968800500, 0.1684499236856469000, -0.2338523728027415700 ) ) ;
#1526 = CARTESIAN_POINT ( 'NONE',  ( -0.1436285421260782800, 0.1043522440900053500, -0.1406260266440354800 ) ) ;
#1527 = AXIS2_PLACEMENT_3D ( 'NONE', #3144, #1331, #1343 ) ;
#1528 = CARTESIAN_POINT ( 'NONE',  ( 0.0000000000000000000, 0.5625000000000001100, 0.08578124999999983700 ) ) ;
#1529 = DIRECTION ( 'NONE',  ( 0.0000000000000000000, 1.000000000000000000, 0.0000000000000000000 ) ) ;
#1530 = VERTEX_POINT ( 'NONE', #2727 ) ;
#1531 = PERSON_AND_ORGANIZATION ( #3790, #1160 ) ;
#1532 = CARTESIAN_POINT ( 'NONE',  ( 0.09924488173182204100, 0.1365988609149797500, 0.2455708661417324900 ) ) ;
#1533 = CARTESIAN_POINT ( 'NONE',  ( -0.1872158496644002500, -0.06083011700294239900, -0.1363188976377954800 ) ) ;
#1534 = ORIENTED_EDGE ( 'NONE', *, *, #596, .F. ) ;
#1535 = CYLINDRICAL_SURFACE ( 'NONE', #1992, 0.1968503937007874100 ) ;
#1536 = CARTESIAN_POINT ( 'NONE',  ( -0.1605815918515515800, -0.05217612204500268700, -0.03789370078740150100 ) ) ;
#1537 = CARTESIAN_POINT ( 'NONE',  ( -0.1980247617844315700, -0.06434214544559115100, -0.2968444987869935900 ) ) ;
#1538 = CARTESIAN_POINT ( 'NONE',  ( -0.09924488173182202700, -0.1365988609149796600, -0.1209409872739567000 ) ) ;
#1539 = EDGE_LOOP ( 'NONE', ( #2828, #784, #3325, #981 ) ) ;
#1540 = CARTESIAN_POINT ( 'NONE',  ( -0.1687420532719493500, 0.005908875595233055600, 0.2726840604171195700 ) ) ;
#1541 = DIRECTION ( 'NONE',  ( -0.0000000000000000000, 1.881251777004309100E-018, 1.000000000000000000 ) ) ;
#1542 = DIRECTION ( 'NONE',  ( 0.0000000000000000000, 1.000000000000000000, 0.0000000000000000000 ) ) ;
#1543 = VERTEX_POINT ( 'NONE', #5 ) ;
#1544 = CARTESIAN_POINT ( 'NONE',  ( 0.05486122133756583800, -0.1688454777399539500, 0.1392716535433072300 ) ) ;
#1545 = DIRECTION ( 'NONE',  ( -0.0000000000000000000, -0.0000000000000000000, -1.000000000000000000 ) ) ;
#1546 = ORIENTED_EDGE ( 'NONE', *, *, #2312, .T. ) ;
#1547 = CARTESIAN_POINT ( 'NONE',  ( -0.1436285421260782800, 0.1043522440900053500, -0.3646653543307087900 ) ) ;
#1548 = EDGE_CURVE ( 'NONE', #2030, #3200, #3111, .T. ) ;
#1549 = ORIENTED_EDGE ( 'NONE', *, *, #1803, .F. ) ;
#1550 = CARTESIAN_POINT ( 'NONE',  ( -0.1980247617844315700, -0.06434214544559115100, -0.1393641838263635600 ) ) ;
#1551 = CARTESIAN_POINT ( 'NONE',  ( -0.05486122133756587300, 0.1688454777399540400, 0.008980272568563008400 ) ) ;
#1552 = CARTESIAN_POINT ( 'NONE',  ( 0.05486122133756583800, -0.1688454777399539500, 0.2180118110236222200 ) ) ;
#1553 = DIRECTION ( 'NONE',  ( -1.000000000000000000, 0.0000000000000000000, 0.0000000000000000000 ) ) ;
#1554 = CARTESIAN_POINT ( 'NONE',  ( 2.410722045565655500E-017, -0.1968503937007873000, 0.03690944881889754400 ) ) ;
#1555 = VECTOR ( 'NONE', #125, 39.37007874015748100 ) ;
#1556 = CARTESIAN_POINT ( 'NONE',  ( -0.09924488173182202700, -0.1365988609149796600, 0.2062007874015749900 ) ) ;
#1557 = CARTESIAN_POINT ( 'NONE',  ( -0.2043149251471061400, -0.008204573888901599600, -0.2972052092958231100 ) ) ;
#1558 = CARTESIAN_POINT ( 'NONE',  ( 0.06396057012460035200, 0.1968503937007783900, -0.2941693337306510700 ) ) ;
#1559 = CARTESIAN_POINT ( 'NONE',  ( -0.6953125000000001100, -3.051242973583458800E-017, -0.3045312500000002500 ) ) ;
#1560 = CARTESIAN_POINT ( 'NONE',  ( 0.1605815918515516000, -0.05217612204500263900, 0.2963818473717121900 ) ) ;
#1561 = VECTOR ( 'NONE', #1836, 39.37007874015748900 ) ;
#1562 = CARTESIAN_POINT ( 'NONE',  ( 0.06765333536248335800, 0.2082155564801114700, -0.3244035539051037800 ) ) ;
#1563 = CARTESIAN_POINT ( 'NONE',  ( -0.1157057583252900100, 0.1592553138533361100, 0.2688227922536021200 ) ) ;
#1564 = CARTESIAN_POINT ( 'NONE',  ( 0.1605815918515516000, -0.05217612204500263900, 0.07234251968503946400 ) ) ;
#1565 = CARTESIAN_POINT ( 'NONE',  ( -0.1000959292740066400, -0.1359764696409138700, 0.2726840604171195100 ) ) ;
#1566 = CARTESIAN_POINT ( 'NONE',  ( -0.1872158496644002500, -0.06083011700294239900, 0.02116141732283451100 ) ) ;
#1567 = CARTESIAN_POINT ( 'NONE',  ( 0.1436285421260782600, -0.1043522440900053100, -0.08907480314960626600 ) ) ;
#1568 = CARTESIAN_POINT ( 'NONE',  ( -0.06396057012458736300, 0.1968503937007878300, -0.1560039370078743200 ) ) ;
#1569 = CARTESIAN_POINT ( 'NONE',  ( -0.1707124177818757600, -0.01224759116897115900, 0.2745510004590414100 ) ) ;
#1570 = CARTESIAN_POINT ( 'NONE',  ( -0.05486122133756579000, -0.1688454777399539800, 0.2766968080016333800 ) ) ;
#1571 = ORIENTED_EDGE ( 'NONE', *, *, #1249, .F. ) ;
#1572 = CARTESIAN_POINT ( 'NONE',  ( 0.1157057583252899500, 0.1592553138533361100, -0.06188586916372086600 ) ) ;
#1573 = CARTESIAN_POINT ( 'NONE',  ( 0.05486122133756580300, 0.1688454777399540400, -0.2351142156204134900 ) ) ;
#1574 = AXIS2_PLACEMENT_3D ( 'NONE', #2980, #2950, #3563 ) ;
#1575 = CIRCLE ( 'NONE', #606, 0.3334374999999996600 ) ;
#1576 = CARTESIAN_POINT ( 'NONE',  ( 0.09924488173182205400, -0.1365988609149796600, 0.06446850393700798200 ) ) ;
#1577 = CARTESIAN_POINT ( 'NONE',  ( 0.1328125000000000000, 0.5625000000000001100, -0.3045312500000000900 ) ) ;
#1578 = DIRECTION ( 'NONE',  ( 1.000000000000000000, 0.0000000000000000000, 0.0000000000000000000 ) ) ;
#1579 = AXIS2_PLACEMENT_3D ( 'NONE', #2248, #765, #3134 ) ;
#1580 = ORIENTED_EDGE ( 'NONE', *, *, #1803, .T. ) ;
#1581 = CARTESIAN_POINT ( 'NONE',  ( 0.1436285421260782600, 0.1043522440900053900, -0.07332677165354328800 ) ) ;
#1582 = DIRECTION ( 'NONE',  ( -1.000000000000000000, 0.0000000000000000000, 0.0000000000000000000 ) ) ;
#1583 = DIRECTION ( 'NONE',  ( 0.0000000000000000000, -1.000000000000000000, 0.0000000000000000000 ) ) ;
#1584 = CARTESIAN_POINT ( 'NONE',  ( -0.1322319263192660300, -0.1264574595470245900, 0.2863996726364863600 ) ) ;
#1585 = ORIENTED_EDGE ( 'NONE', *, *, #2259, .T. ) ;
#1586 = CARTESIAN_POINT ( 'NONE',  ( 0.06396057012457538600, -0.1968503937007964600, -0.08944492428183210800 ) ) ;
#1587 = CARTESIAN_POINT ( 'NONE',  ( -0.1872158496644002500, -0.06083011700294239900, 0.2845708237496651400 ) ) ;
#1588 = EDGE_LOOP ( 'NONE', ( #2686, #3203, #2636, #133 ) ) ;
#1589 =( BOUNDED_CURVE ( )  B_SPLINE_CURVE ( 2, ( #2156, #1873, #1257, #1558, #964 ),
 .UNSPECIFIED., .F., .T. ) 
 B_SPLINE_CURVE_WITH_KNOTS ( ( 3, 2, 3 ),
 ( 0.08938050545833009500, 0.09306636248859215300, 0.1041774735997014200 ),
 .UNSPECIFIED. ) 
 CURVE ( )  GEOMETRIC_REPRESENTATION_ITEM ( )  RATIONAL_B_SPLINE_CURVE ( ( 0.9783000018145370200, 0.9837641184850849400, 1.000000000000000000, 0.9510565162951646300, 0.9999999999999887900 ) ) 
 REPRESENTATION_ITEM ( '' )  );
#1590 = CARTESIAN_POINT ( 'NONE',  ( -0.09924488173182202700, -0.1365988609149796600, 0.04872047244094498300 ) ) ;
#1591 = ORIENTED_EDGE ( 'NONE', *, *, #2695, .T. ) ;
#1592 = CARTESIAN_POINT ( 'NONE',  ( -0.1872158496644002500, -0.06083011700294239900, 0.2058306662693500900 ) ) ;
#1593 = EDGE_LOOP ( 'NONE', ( #3231, #3338, #1736, #82, #123, #1310 ) ) ;
#1594 = CARTESIAN_POINT ( 'NONE',  ( 0.1980247617844316000, -0.06434214544559109500, 0.3191121729303592100 ) ) ;
#1595 = CARTESIAN_POINT ( 'NONE',  ( -0.09924488173182208200, 0.1365988609149797200, -0.05364173228346453400 ) ) ;
#1596 = CARTESIAN_POINT ( 'NONE',  ( 0.09924488173182204100, 0.1365988609149797500, 0.1546495639071451300 ) ) ;
#1597 = CARTESIAN_POINT ( 'NONE',  ( -0.06396057012460032400, -0.1968503937007782800, -0.2547992549904935500 ) ) ;
#1598 = ORIENTED_EDGE ( 'NONE', *, *, #3860, .T. ) ;
#1599 = CARTESIAN_POINT ( 'NONE',  ( -0.05391369612084073000, -0.1841469663714864500, 0.2953235435565326200 ) ) ;
#1600 = LINE ( 'NONE', #3878, #2600 ) ;
#1601 = CARTESIAN_POINT ( 'NONE',  ( 0.0000000000000000000, 7.400374177790703000E-019, 0.08087500000000019700 ) ) ;
#1602 = EDGE_CURVE ( 'NONE', #2203, #56, #2735, .T. ) ;
#1603 = CARTESIAN_POINT ( 'NONE',  ( 0.1968503937007874100, 5.030618657657287200E-017, -0.3006889763779528300 ) ) ;
#1604 = VECTOR ( 'NONE', #17, 39.37007874015748100 ) ;
#1605 = CARTESIAN_POINT ( 'NONE',  ( 0.05486122133756580300, 0.1688454777399540400, -0.06545275590551176400 ) ) ;
#1606 = CIRCLE ( 'NONE', #3130, 0.1407812500000006100 ) ;
#1607 = DIRECTION ( 'NONE',  ( -0.0000000000000000000, 1.881251777004311800E-018, 1.000000000000000000 ) ) ;
#1608 = CARTESIAN_POINT ( 'NONE',  ( -0.1872158496644003300, 0.06083011700294239200, 0.01328740157480302700 ) ) ;
#1609 = CARTESIAN_POINT ( 'NONE',  ( 0.05486122133756583800, -0.1688454777399539500, -0.1756889763779526900 ) ) ;
#1610 = CARTESIAN_POINT ( 'NONE',  ( -0.1605815918515515800, -0.05217612204500268700, 0.1074054694189561800 ) ) ;
#1611 = CARTESIAN_POINT ( 'NONE',  ( 0.0000000000000000000, 0.1968503937007874100, -0.2902323258566343900 ) ) ;
#1612 = CONICAL_SURFACE ( 'NONE', #2419, 0.2086614173228346600, 0.7853981633974500600 ) ;
#1613 = CARTESIAN_POINT ( 'NONE',  ( 0.1872158496644002500, 0.06083011700294242700, -0.2544291338582679900 ) ) ;
#1614 = CARTESIAN_POINT ( 'NONE',  ( -0.06396057012460032400, -0.1968503937007782800, -0.01857878254954858200 ) ) ;
#1615 =( BOUNDED_CURVE ( )  B_SPLINE_CURVE ( 2, ( #1732, #2604, #2946, #2340, #3863, #541, #3848, #2296, #496, #785, #1779 ),
 .UNSPECIFIED., .F., .F. ) 
 B_SPLINE_CURVE_WITH_KNOTS ( ( 3, 2, 2, 2, 2, 3 ),
 ( 0.7222222222222223200, 0.7333333333333333900, 0.7444444444444445800, 0.7555555555555555400, 0.7666666666666667200, 0.7777777777777777900 ),
 .UNSPECIFIED. ) 
 CURVE ( )  GEOMETRIC_REPRESENTATION_ITEM ( )  RATIONAL_B_SPLINE_CURVE ( ( 0.9999999999999995600, 0.9510565162951538600, 1.000000000000000000, 0.9510565162951534200, 1.000000000000000000, 0.9510565162951534200, 1.000000000000000000, 0.9510565162951534200, 1.000000000000000000, 0.9510565162951534200, 1.000000000000000000 ) ) 
 REPRESENTATION_ITEM ( '' )  );
#1616 = DIRECTION ( 'NONE',  ( -1.000000000000000000, 0.0000000000000000000, 0.0000000000000000000 ) ) ;
#1617 = CARTESIAN_POINT ( 'NONE',  ( -0.1775346415770248900, -6.413618460845107500E-018, -0.04183070866141729000 ) ) ;
#1618 = CARTESIAN_POINT ( 'NONE',  ( 0.1674509465259921000, 0.1216602340058848700, 0.06446850393700780100 ) ) ;
#1619 = CARTESIAN_POINT ( 'NONE',  ( -0.1223860333968800500, 0.1684499236856469000, 0.03564760600122522000 ) ) ;
#1620 = ORIENTED_EDGE ( 'NONE', *, *, #630, .T. ) ;
#1621 = EDGE_CURVE ( 'NONE', #1206, #934, #2038, .T. ) ;
#1622 = CARTESIAN_POINT ( 'NONE',  ( 2.067760738647403800E-017, -0.1688454777399540100, -0.1008858267716535000 ) ) ;
#1623 = CARTESIAN_POINT ( 'NONE',  ( 0.1775346415770249200, 3.706982764817010900E-017, 0.2215786977654128600 ) ) ;
#1624 = VERTEX_POINT ( 'NONE', #21 ) ;
#1625 = CARTESIAN_POINT ( 'NONE',  ( -0.1771187314312765700, 0.1286842908911822700, -0.3873956798893558000 ) ) ;
#1626 = CARTESIAN_POINT ( 'NONE',  ( -0.1914906185350810400, 0.04562258775220098800, -0.3006889763779526100 ) ) ;
#1627 = AXIS2_PLACEMENT_3D ( 'NONE', #2935, #841, #206 ) ;
#1628 = EDGE_LOOP ( 'NONE', ( #2906, #1022, #1030, #3612 ) ) ;
#1629 = LINE ( 'NONE', #3345, #2015 ) ;
#1630 = ORIENTED_EDGE ( 'NONE', *, *, #2947, .F. ) ;
#1631 = CARTESIAN_POINT ( 'NONE',  ( -0.09924488173182208200, 0.1365988609149797200, -0.1323818897637794900 ) ) ;
#1632 = CARTESIAN_POINT ( 'NONE',  ( -0.06765333536248334400, -0.2082155564801114500, 0.1419468185996504400 ) ) ;
#1633 = AXIS2_PLACEMENT_3D ( 'NONE', #992, #131, #144 ) ;
#1634 = EDGE_CURVE ( 'NONE', #1971, #3719, #807, .T. ) ;
#1635 = CARTESIAN_POINT ( 'NONE',  ( 0.1605815918515515800, 0.05217612204500271500, -0.2347440944881890000 ) ) ;
#1636 = CARTESIAN_POINT ( 'NONE',  ( -0.05486122133756586600, 0.1688454777399540400, 0.1664605875291924100 ) ) ;
#1637 = CARTESIAN_POINT ( 'NONE',  ( 0.0000000000000000000, 0.1968503937007874100, -0.2386811023622049400 ) ) ;
#1638 = ORIENTED_EDGE ( 'NONE', *, *, #3374, .F. ) ;
#1639 = EDGE_LOOP ( 'NONE', ( #2542, #3003, #2673, #3894 ) ) ;
#1640 = CARTESIAN_POINT ( 'NONE',  ( -0.05486122133756586600, 0.1688454777399540400, 0.2452007450095074200 ) ) ;
#1641 = CARTESIAN_POINT ( 'NONE',  ( 0.1868102498314666800, 0.05057267803387159600, 0.2971086872381166200 ) ) ;
#1642 = DIRECTION ( 'NONE',  ( 0.0000000000000000000, 1.000000000000000000, 0.0000000000000000000 ) ) ;
#1643 = ORIENTED_EDGE ( 'NONE', *, *, #3067, .F. ) ;
#1644 = CARTESIAN_POINT ( 'NONE',  ( -0.1775346415770248900, -6.413618460845107500E-018, 0.03690944881889773900 ) ) ;
#1645 = DIRECTION ( 'NONE',  ( -0.0000000000000000000, -0.0000000000000000000, 1.000000000000000000 ) ) ;
#1646 = CARTESIAN_POINT ( 'NONE',  ( 2.549905147760534400E-017, -0.2082155564801114200, 0.06714366899335122400 ) ) ;
#1647 = VECTOR ( 'NONE', #813, 39.37007874015748100 ) ;
#1648 = CARTESIAN_POINT ( 'NONE',  ( 2.410722045565655500E-017, -0.1968503937007873000, 0.06409838280478312400 ) ) ;
#1649 = CARTESIAN_POINT ( 'NONE',  ( 0.05486122133756580300, 0.1688454777399540400, 0.07984641430084588000 ) ) ;
#1650 =( CONVERSION_BASED_UNIT ( 'INCH', #3415 ) LENGTH_UNIT ( ) NAMED_UNIT ( #212 ) );
#1651 = EDGE_CURVE ( 'NONE', #56, #2193, #207, .T. ) ;
#1652 = CONICAL_SURFACE ( 'NONE', #1527, 0.7918124999999997000, 0.7853981633974536100 ) ;
#1653 = CARTESIAN_POINT ( 'NONE',  ( 0.09924488173182205400, -0.1365988609149796600, -0.3292322834645670700 ) ) ;
#1654 = CARTESIAN_POINT ( 'NONE',  ( 0.0000000000000000000, 0.3437500000000000000, 0.08087500000000033600 ) ) ;
#1655 = DIRECTION ( 'NONE',  ( 8.659560562354990800E-017, 0.7071067811865522400, 0.7071067811865428000 ) ) ;
#1656 = CIRCLE ( 'NONE', #3420, 0.1328125000000000000 ) ;
#1657 = CARTESIAN_POINT ( 'NONE',  ( -0.06765333536248334400, -0.2082155564801114500, -0.3304941262822395600 ) ) ;
#1658 = CARTESIAN_POINT ( 'NONE',  ( 0.1436285421260782600, 0.1043522440900054000, -0.1520669291338582500 ) ) ;
#1659 = CARTESIAN_POINT ( 'NONE',  ( -0.2086614173228346600, 2.619896612091631500E-017, -0.3125000000000000000 ) ) ;
#1660 = DIRECTION ( 'NONE',  ( 0.0000000000000000000, -0.7071067811865512400, 0.7071067811865436900 ) ) ;
#1661 = CARTESIAN_POINT ( 'NONE',  ( 0.1223860333968799900, 0.1684499236856469000, 0.09863973198547722200 ) ) ;
#1662 = CARTESIAN_POINT ( 'NONE',  ( -0.05486122133756579000, -0.1688454777399539800, -0.1170039793999416300 ) ) ;
#1663 = CARTESIAN_POINT ( 'NONE',  ( 0.1097678913026789600, 0.1608743823196693000, -0.2983726746244530500 ) ) ;
#1664 = CARTESIAN_POINT ( 'NONE',  ( 0.0000000000000000000, 0.1688454777399540600, -0.2977362204724410300 ) ) ;
#1665 = CARTESIAN_POINT ( 'NONE',  ( 0.1906403532709069200, -1.531456786676841300E-017, 0.2944789359480723400 ) ) ;
#1666 = CARTESIAN_POINT ( 'NONE',  ( 0.0000000000000000000, 2.619896612091631500E-017, 0.3006889763779528300 ) ) ;
#1667 = CARTESIAN_POINT ( 'NONE',  ( 0.1605815918515515800, 0.05217612204500271500, 0.3164370078740160200 ) ) ;
#1668 = ORIENTED_EDGE ( 'NONE', *, *, #2415, .T. ) ;
#1669 = CARTESIAN_POINT ( 'NONE',  ( 0.2069807528028085300, 3.887288194116977200E-017, -0.02214566929133873400 ) ) ;
#1670 = CARTESIAN_POINT ( 'NONE',  ( -0.1328124999999999400, -0.5625000000000001100, -0.3045312500000000900 ) ) ;
#1671 = CARTESIAN_POINT ( 'NONE',  ( -0.2189307921375865400, -1.401796795299716600E-017, 0.1261987871035874200 ) ) ;
#1672 = CONICAL_SURFACE ( 'NONE', #3373, 0.3334374999999995500, 0.7853981633974382900 ) ;
#1673 = EDGE_CURVE ( 'NONE', #692, #231, #3138, .T. ) ;
#1674 = CARTESIAN_POINT ( 'NONE',  ( -0.09924488173182202700, -0.1365988609149796600, 0.03653932768667266000 ) ) ;
#1675 = SECURITY_CLASSIFICATION_LEVEL ( 'unclassified' ) ;
#1676 = CARTESIAN_POINT ( 'NONE',  ( 0.06396057012458787600, -0.1968503937007873800, 0.1195866141732282700 ) ) ;
#1677 = ORIENTED_EDGE ( 'NONE', *, *, #224, .F. ) ;
#1678 = LINE ( 'NONE', #3701, #3092 ) ;
#1679 = CARTESIAN_POINT ( 'NONE',  ( 0.09924488173182205400, -0.1365988609149796600, 0.1310275166630506500 ) ) ;
#1680 = CARTESIAN_POINT ( 'NONE',  ( 0.0000000000000000000, 0.1968503937007874100, 0.1034684615449406200 ) ) ;
#1681 = DIRECTION ( 'NONE',  ( -0.0000000000000000000, 1.881251777004311800E-018, 1.000000000000000000 ) ) ;
#1682 = CARTESIAN_POINT ( 'NONE',  ( -0.2189307921375865400, -1.401796795299716600E-017, -0.2675020002979874900 ) ) ;
#1683 = ORIENTED_EDGE ( 'NONE', *, *, #2368, .T. ) ;
#1684 = CARTESIAN_POINT ( 'NONE',  ( -0.06765333536248334400, -0.2082155564801114500, 0.2661476271972586500 ) ) ;
#1685 = CARTESIAN_POINT ( 'NONE',  ( 0.06396057012458787600, -0.1968503937007873800, -0.03789370078740170200 ) ) ;
#1686 = EDGE_LOOP ( 'NONE', ( #2519, #3291 ) ) ;
#1687 = PLANE ( 'NONE',  #1296 ) ;
#1688 = CARTESIAN_POINT ( 'NONE',  ( -0.06765333536248341300, 0.2082155564801114700, -0.1257697168334205600 ) ) ;
#1689 = CC_DESIGN_PERSON_AND_ORGANIZATION_ASSIGNMENT ( #3843, #2909, ( #3582 ) ) ;
#1690 = EDGE_CURVE ( 'NONE', #2593, #3418, #1033, .T. ) ;
#1691 = CARTESIAN_POINT ( 'NONE',  ( -0.1605815918515515800, -0.05217612204500268700, -0.1288150030219888700 ) ) ;
#1692 = ORIENTED_EDGE ( 'NONE', *, *, #2844, .F. ) ;
#1693 = VERTEX_POINT ( 'NONE', #3879 ) ;
#1694 = CARTESIAN_POINT ( 'NONE',  ( -0.1157057583252900100, 0.1592553138533361100, 0.08415354330708650600 ) ) ;
#1695 = ORIENTED_EDGE ( 'NONE', *, *, #2434, .F. ) ;
#1696 = CARTESIAN_POINT ( 'NONE',  ( 0.05486122133756580300, 0.1688454777399540400, 0.07984641430084588000 ) ) ;
#1697 = DIRECTION ( 'NONE',  ( -0.0000000000000000000, -0.0000000000000000000, -1.000000000000000000 ) ) ;
#1698 = CARTESIAN_POINT ( 'NONE',  ( 2.410722045565655500E-017, -0.1968503937007873000, 0.2731299212598424800 ) ) ;
#1699 = CONICAL_SURFACE ( 'NONE', #3728, 0.1407812499999998000, 0.7853981633974536100 ) ;
#1700 = CARTESIAN_POINT ( 'NONE',  ( 0.06765333536248335800, 0.2082155564801114700, -0.2123838900617670600 ) ) ;
#1701 = B_SPLINE_CURVE_WITH_KNOTS ( 'NONE', 3,
 ( #3797, #2594, #1720, #1127, #1663, #1067, #774, #2895, #1082, #3194, #2303, #1387, #3773, #517, #3495, #3826, #196, #214, #501, #2032, #229, #3230, #2273, #2607, #792, #1709, #2910, #1110 ),
 .UNSPECIFIED., .F., .F.,
 ( 4, 2, 2, 2, 2, 2, 2, 2, 2, 2, 2, 2, 2, 4 ),
 ( 0.005902332081922110300, 0.006607240487566439800, 0.007312148893210770200, 0.008721965704499429200, 0.01013178251578809000, 0.01083669092143241900, 0.01154159932707674700, 0.01224650773272107800, 0.01295141613836540600, 0.01365632454400973700, 0.01436123294965406900, 0.01577104976094272800, 0.01647595816658705600, 0.01718086657223138700 ),
 .UNSPECIFIED. ) ;
#1702 = CARTESIAN_POINT ( 'NONE',  ( 2.549905147760534400E-017, -0.2082155564801114200, 0.2700846350712743900 ) ) ;
#1703 = CARTESIAN_POINT ( 'NONE',  ( -0.1534565078805284500, -0.07042652584322624300, -0.2726840604171196200 ) ) ;
#1704 = CYLINDRICAL_SURFACE ( 'NONE', #1226, 0.3437500000000000000 ) ;
#1705 = EDGE_CURVE ( 'NONE', #1530, #96, #959, .T. ) ;
#1706 = ADVANCED_FACE ( 'NONE', ( #2510 ), #3781, .F. ) ;
#1707 = CARTESIAN_POINT ( 'NONE',  ( 0.09924488173182204100, 0.1365988609149797500, 0.07590940642683016700 ) ) ;
#1708 = VECTOR ( 'NONE', #1294, 39.37007874015748900 ) ;
#1709 = CARTESIAN_POINT ( 'NONE',  ( -0.1734064774135555300, 0.01862909643211092800, -0.2779934111251177700 ) ) ;
#1710 = AXIS2_PLACEMENT_3D ( 'NONE', #2374, #2395, #832 ) ;
#1711 = VECTOR ( 'NONE', #701, 39.37007874015748100 ) ;
#1712 = CARTESIAN_POINT ( 'NONE',  ( 0.1436285421260782600, 0.1043522440900053900, -0.006767758927500583700 ) ) ;
#1713 = CARTESIAN_POINT ( 'NONE',  ( 0.1605815918515515800, 0.05217612204500271500, -0.1681850817621463000 ) ) ;
#1714 = CARTESIAN_POINT ( 'NONE',  ( -0.1771187314312765700, -0.1286842908911822700, -0.2596279845499560000 ) ) ;
#1715 = CARTESIAN_POINT ( 'NONE',  ( 0.1980247617844316000, -0.06434214544559109500, 0.2070925090870224200 ) ) ;
#1716 = CARTESIAN_POINT ( 'NONE',  ( 0.1157057583252899800, -0.1592553138533360500, -0.03395669291338597500 ) ) ;
#1717 = CARTESIAN_POINT ( 'NONE',  ( -0.1637863869395985700, -0.04805960679008596000, -0.2740833929240429300 ) ) ;
#1718 = CARTESIAN_POINT ( 'NONE',  ( 0.1436285421260782600, 0.1043522440900053900, -0.3217283888487606500 ) ) ;
#1719 = ORIENTED_EDGE ( 'NONE', *, *, #2615, .F. ) ;
#1720 = CARTESIAN_POINT ( 'NONE',  ( 0.1325294880000814600, 0.1445852176878427400, -0.2997542633442239500 ) ) ;
#1721 = CARTESIAN_POINT ( 'NONE',  ( -0.1928168541226840100, -6.191461008993516500E-016, -0.2966554367998494600 ) ) ;
#1722 = CARTESIAN_POINT ( 'NONE',  ( -0.1605815918515515800, -0.05217612204500268700, -0.05007484554167382400 ) ) ;
#1723 = CARTESIAN_POINT ( 'NONE',  ( -0.09924488173182208200, 0.1365988609149797200, -0.3020433494786818900 ) ) ;
#1724 = DIRECTION ( 'NONE',  ( 0.0000000000000000000, -1.881251777004309100E-018, -1.000000000000000000 ) ) ;
#1725 = ORIENTED_EDGE ( 'NONE', *, *, #2055, .F. ) ;
#1726 = COORDINATED_UNIVERSAL_TIME_OFFSET ( 6, 0, .BEHIND. ) ;
#1727 = CARTESIAN_POINT ( 'NONE',  ( 0.05486122133756583800, -0.1688454777399539500, 0.1392716535433072300 ) ) ;
#1728 = B_SPLINE_CURVE_WITH_KNOTS ( 'NONE', 3,
 ( #2, #313, #2418, #3642 ),
 .UNSPECIFIED., .F., .F.,
 ( 4, 4 ),
 ( 0.0000000000000000000, 0.0001502301002566973400 ),
 .UNSPECIFIED. ) ;
#1729 = ORIENTED_EDGE ( 'NONE', *, *, #2870, .T. ) ;
#1730 = CONICAL_SURFACE ( 'NONE', #3347, 0.1407812500000000800, 0.7853981633974557200 ) ;
#1731 = CARTESIAN_POINT ( 'NONE',  ( -0.1436285421260782300, -0.1043522440900053500, -0.3610984675889180600 ) ) ;
#1732 = CARTESIAN_POINT ( 'NONE',  ( 2.410722045565655500E-017, -0.1968503937007873000, -0.1993110236220475000 ) ) ;
#1733 = EDGE_CURVE ( 'NONE', #3719, #1971, #902, .T. ) ;
#1734 = ORIENTED_EDGE ( 'NONE', *, *, #2893, .T. ) ;
#1735 = CARTESIAN_POINT ( 'NONE',  ( -0.05486122133756579000, -0.1688454777399539800, -0.1957441368802565200 ) ) ;
#1736 = ORIENTED_EDGE ( 'NONE', *, *, #2670, .F. ) ;
#1737 = CARTESIAN_POINT ( 'NONE',  ( -0.09924488173182202700, -0.1365988609149796600, 0.03653932768667266000 ) ) ;
#1738 = CARTESIAN_POINT ( 'NONE',  ( -0.05486122133756579000, -0.1688454777399539800, -0.2744842943605715900 ) ) ;
#1739 = CARTESIAN_POINT ( 'NONE',  ( 0.0000000000000000000, 0.1968503937007874100, 0.2337598425196850400 ) ) ;
#1740 = VERTEX_POINT ( 'NONE', #31 ) ;
#1741 = CARTESIAN_POINT ( 'NONE',  ( -0.1605815918515516000, 0.05217612204500267400, 0.1117125984251969900 ) ) ;
#1742 = EDGE_LOOP ( 'NONE', ( #635, #3107, #191, #2962 ) ) ;
#1743 = CARTESIAN_POINT ( 'NONE',  ( 0.1771187314312765700, 0.1286842908911823300, 0.1401633752287546900 ) ) ;
#1744 = CARTESIAN_POINT ( 'NONE',  ( 0.1436285421260782600, -0.1043522440900053200, 0.2137046820173820700 ) ) ;
#1745 = CARTESIAN_POINT ( 'NONE',  ( 0.0000000000000000000, 2.619896612091631500E-017, -0.3125000000000000000 ) ) ;
#1746 = ORIENTED_EDGE ( 'NONE', *, *, #1766, .T. ) ;
#1747 = CARTESIAN_POINT ( 'NONE',  ( 0.1605815918515515800, 0.05217612204500271500, -0.2469252392424613500 ) ) ;
#1748 = DIRECTION ( 'NONE',  ( 0.0000000000000000000, -1.000000000000000000, 0.0000000000000000000 ) ) ;
#1749 = CONICAL_SURFACE ( 'NONE', #2722, 0.8046875000000000000, 0.7853981633974536100 ) ;
#1750 = CARTESIAN_POINT ( 'NONE',  ( -0.1436285421260782300, -0.1043522440900053500, -0.1248779951479730700 ) ) ;
#1751 = DIRECTION ( 'NONE',  ( -0.0000000000000000000, -0.0000000000000000000, 1.000000000000000000 ) ) ;
#1752 = CARTESIAN_POINT ( 'NONE',  ( -0.1436285421260782300, -0.1043522440900053500, 0.1235236220472442400 ) ) ;
#1753 = CARTESIAN_POINT ( 'NONE',  ( 0.1223860333968800200, -0.1684499236856468200, 0.04173817837836093400 ) ) ;
#1754 = CARTESIAN_POINT ( 'NONE',  ( 2.067760738647403800E-017, -0.1688454777399540100, 0.1231535009150197700 ) ) ;
#1755 = CARTESIAN_POINT ( 'NONE',  ( 0.0000000000000000000, 0.1968503937007874100, -0.002460629921259971700 ) ) ;
#1756 = EDGE_CURVE ( 'NONE', #1313, #1451, #1280, .T. ) ;
#1757 = VECTOR ( 'NONE', #2801, 39.37007874015748100 ) ;
#1758 = CARTESIAN_POINT ( 'NONE',  ( 0.0000000000000000000, 0.2082155564801114700, -0.1297067247074363000 ) ) ;
#1759 = CARTESIAN_POINT ( 'NONE',  ( 0.05486122133756580300, 0.1688454777399540400, -0.3138543731007290600 ) ) ;
#1760 = CARTESIAN_POINT ( 'NONE',  ( -0.1674509465259921000, 0.1216602340058848100, -0.1209409872739571500 ) ) ;
#1761 = AXIS2_PLACEMENT_3D ( 'NONE', #3739, #2244, #2222 ) ;
#1762 = CARTESIAN_POINT ( 'NONE',  ( 4.209723372069026300E-017, 0.3437500000000000000, 0.3021874999999993900 ) ) ;
#1763 = CARTESIAN_POINT ( 'NONE',  ( -0.1436285421260782800, 0.1043522440900053500, -0.1406260266440360900 ) ) ;
#1764 = DIRECTION ( 'NONE',  ( 1.000000000000000000, 0.0000000000000000000, 0.0000000000000000000 ) ) ;
#1765 = CARTESIAN_POINT ( 'NONE',  ( 0.1436285421260782600, -0.1043522440900053100, 0.06840551181102375000 ) ) ;
#1766 = EDGE_CURVE ( 'NONE', #3365, #377, #1996, .T. ) ;
#1767 = CARTESIAN_POINT ( 'NONE',  ( -0.1223860333968799800, -0.1684499236856468200, 0.02599014688229793800 ) ) ;
#1768 = CARTESIAN_POINT ( 'NONE',  ( -0.05486122133756587300, 0.1688454777399540400, 0.08772043004887802900 ) ) ;
#1769 = CARTESIAN_POINT ( 'NONE',  ( 0.0000000000000000000, 0.3334374999999995500, 0.3125000000000000000 ) ) ;
#1770 = ORIENTED_EDGE ( 'NONE', *, *, #1045, .T. ) ;
#1771 = CARTESIAN_POINT ( 'NONE',  ( 0.06765333536248338600, -0.2082155564801113900, -0.007659480612948022000 ) ) ;
#1772 = APPROVAL_DATE_TIME ( #2578, #3251 ) ;
#1773 = CARTESIAN_POINT ( 'NONE',  ( 2.410722045565655500E-017, -0.1968503937007873000, -0.09338193215584687800 ) ) ;
#1774 = VERTEX_POINT ( 'NONE', #71 ) ;
#1775 = VECTOR ( 'NONE', #2289, 39.37007874015748900 ) ;
#1776 = CARTESIAN_POINT ( 'NONE',  ( 0.0000000000000000000, 0.1688454777399540600, 0.09596456692913397900 ) ) ;
#1777 = CARTESIAN_POINT ( 'NONE',  ( 0.1771187314312765700, 0.1286842908911823300, -0.09605709721219031500 ) ) ;
#1778 = CARTESIAN_POINT ( 'NONE',  ( 0.05486122133756580300, 0.1688454777399540400, 0.2373267292614765200 ) ) ;
#1779 = CARTESIAN_POINT ( 'NONE',  ( 0.0000000000000000000, 0.1968503937007874100, -0.2386811023622049400 ) ) ;
#1780 = ADVANCED_FACE ( 'NONE', ( #585 ), #2009, .T. ) ;
#1781 = ORIENTED_EDGE ( 'NONE', *, *, #3734, .F. ) ;
#1782 =( BOUNDED_CURVE ( )  B_SPLINE_CURVE ( 2, ( #3210, #834, #1439, #1415, #3529, #1402, #2324, #3841, #1698 ),
 .UNSPECIFIED., .F., .F. ) 
 B_SPLINE_CURVE_WITH_KNOTS ( ( 3, 2, 2, 2, 3 ),
 ( 0.01666666666666659700, 0.02222222222222222700, 0.03333333333333334000, 0.04444444444444446700, 0.05555555555555558000 ),
 .UNSPECIFIED. ) 
 CURVE ( )  GEOMETRIC_REPRESENTATION_ITEM ( )  RATIONAL_B_SPLINE_CURVE ( ( 0.9755282581475767100, 0.9755282581475763800, 1.000000000000000000, 0.9510565162951534200, 1.000000000000000000, 0.9510565162951534200, 1.000000000000000000, 0.9510565162951533100, 1.000000000000000200 ) ) 
 REPRESENTATION_ITEM ( '' )  );
#1783 = ORIENTED_EDGE ( 'NONE', *, *, #2097, .T. ) ;
#1784 = CARTESIAN_POINT ( 'NONE',  ( 0.5625000000000001100, 2.578744229469662300E-017, 0.08578124999999976700 ) ) ;
#1785 = CARTESIAN_POINT ( 'NONE',  ( -0.05486122133756579000, -0.1688454777399539800, -0.3532244518408865800 ) ) ;
#1786 = CARTESIAN_POINT ( 'NONE',  ( -0.07039468437214205200, -0.1585055306466819600, -0.2769560897974870900 ) ) ;
#1787 = CARTESIAN_POINT ( 'NONE',  ( 0.1605815918515516000, -0.05217612204500263900, -0.006397637795275501100 ) ) ;
#1788 = ORIENTED_EDGE ( 'NONE', *, *, #2507, .T. ) ;
#1789 = CARTESIAN_POINT ( 'NONE',  ( 2.549905147760534400E-017, -0.2082155564801114200, -0.04487599484998557700 ) ) ;
#1790 = CARTESIAN_POINT ( 'NONE',  ( -0.05486122133756579000, -0.1688454777399540100, 0.04047633556068904600 ) ) ;
#1791 = VECTOR ( 'NONE', #302, 39.37007874015748100 ) ;
#1792 = FACE_OUTER_BOUND ( 'NONE', #1812, .T. ) ;
#1793 = CARTESIAN_POINT ( 'NONE',  ( 0.1407812500000006600, -0.5625000000000001100, 0.09375000000000026400 ) ) ;
#1794 = CIRCLE ( 'NONE', #478, 0.2086614173228346600 ) ;
#1795 = DIRECTION ( 'NONE',  ( -0.0000000000000000000, -0.0000000000000000000, -1.000000000000000000 ) ) ;
#1796 = CARTESIAN_POINT ( 'NONE',  ( -0.1157057583252900100, 0.1592553138533361100, 0.1628937007874015400 ) ) ;
#1797 = CARTESIAN_POINT ( 'NONE',  ( -0.1086965994145172700, -0.1403283841576909400, -0.2810295421801279900 ) ) ;
#1798 = ADVANCED_FACE ( 'NONE', ( #25 ), #2939, .F. ) ;
#1799 = CARTESIAN_POINT ( 'NONE',  ( -0.1605815918515515800, -0.05217612204500268700, 0.04084645669291346600 ) ) ;
#1800 = CARTESIAN_POINT ( 'NONE',  ( 0.06765333536248338600, -0.2082155564801113900, 0.1165413279846601700 ) ) ;
#1801 = CARTESIAN_POINT ( 'NONE',  ( -0.09924488173182208200, 0.1365988609149797200, 0.01291728044257880500 ) ) ;
#1802 = CARTESIAN_POINT ( 'NONE',  ( 0.0000000000000000000, 0.1968503937007874100, 0.02472830406462560700 ) ) ;
#1803 = EDGE_CURVE ( 'NONE', #360, #1432, #1327, .T. ) ;
#1804 = DIRECTION ( 'NONE',  ( 1.000000000000000000, 0.0000000000000000000, 0.0000000000000000000 ) ) ;
#1805 = CARTESIAN_POINT ( 'NONE',  ( -0.5625000000000001100, -4.677727003701036800E-017, 0.09375000000000026400 ) ) ;
#1806 = AXIS2_PLACEMENT_3D ( 'NONE', #2526, #2185, #675 ) ;
#1807 = CARTESIAN_POINT ( 'NONE',  ( -0.1436285421260782800, 0.1043522440900053500, 0.2652559055118112700 ) ) ;
#1808 = CARTESIAN_POINT ( 'NONE',  ( -0.02051847527694164100, 0.1742579974214381600, -0.3873112595354358300 ) ) ;
#1809 = CARTESIAN_POINT ( 'NONE',  ( -0.1687420532719493300, 0.005908875595233055600, 0.2726840604171195700 ) ) ;
#1810 = ORIENTED_EDGE ( 'NONE', *, *, #3289, .T. ) ;
#1811 = CARTESIAN_POINT ( 'NONE',  ( 0.05486122133756583800, -0.1688454777399539500, -0.09694881889763779000 ) ) ;
#1812 = EDGE_LOOP ( 'NONE', ( #3627, #2528 ) ) ;
#1813 = LOCAL_TIME ( 15, 12, 30.00000000000000000, #1436 ) ;
#1814 = CARTESIAN_POINT ( 'NONE',  ( 2.549905147760534400E-017, -0.2082155564801114200, -0.3598366247712455600 ) ) ;
#1815 = CARTESIAN_POINT ( 'NONE',  ( 0.0000000000000000000, 0.1688454777399540600, 0.005043264694547286400 ) ) ;
#1816 = DIRECTION ( 'NONE',  ( -1.000000000000000000, 0.0000000000000000000, 0.0000000000000000000 ) ) ;
#1817 = ADVANCED_FACE ( 'NONE', ( #625 ), #3449, .T. ) ;
#1818 = CLOSED_SHELL ( 'NONE', ( #2679, #2892, #3835, #2086, #3893, #868, #1088, #3500, #1143, #2398, #1463, #3876, #3298, #3580, #2416, #1225, #268, #1798, #3009, #3639, #583, #3241, #917, #886, #3316, #3281, #2299, #3598, #1817, #2021, #1780, #2738, #1523, #828, #928 ) ) ;
#1819 = VECTOR ( 'NONE', #399, 39.37007874015748900 ) ;
#1820 = CARTESIAN_POINT ( 'NONE',  ( -0.4296875000000001100, -4.677727003701036800E-017, 0.08578124999999976700 ) ) ;
#1821 = CARTESIAN_POINT ( 'NONE',  ( -0.2069807528028085300, -1.182278133984402800E-017, 0.2534448818897638300 ) ) ;
#1822 = ORIENTED_EDGE ( 'NONE', *, *, #3361, .F. ) ;
#1823 = CARTESIAN_POINT ( 'NONE',  ( 0.1436285421260782600, 0.1043522440900053900, 0.1628937007874017300 ) ) ;
#1824 = CARTESIAN_POINT ( 'NONE',  ( -0.1872158496644003300, 0.06083011700294239200, -0.1957441368802563800 ) ) ;
#1825 = ORIENTED_EDGE ( 'NONE', *, *, #140, .F. ) ;
#1826 = CARTESIAN_POINT ( 'NONE',  ( 0.1775346415770249200, 3.706982764817010900E-017, -0.002460629921259776600 ) ) ;
#1827 = EDGE_CURVE ( 'NONE', #2426, #1077, #1517, .T. ) ;
#1828 = CARTESIAN_POINT ( 'NONE',  ( -0.1771187314312765700, -0.1286842908911822700, -0.2929074909129777400 ) ) ;
#1829 = CARTESIAN_POINT ( 'NONE',  ( 0.09924488173182205400, -0.1365988609149796600, -0.1839331132582087100 ) ) ;
#1830 = DIRECTION ( 'NONE',  ( -0.0000000000000000000, -0.0000000000000000000, -1.000000000000000000 ) ) ;
#1831 = ORIENTED_EDGE ( 'NONE', *, *, #1602, .T. ) ;
#1832 = ORIENTED_EDGE ( 'NONE', *, *, #3116, .T. ) ;
#1833 = AXIS2_PLACEMENT_3D ( 'NONE', #1835, #3032, #1553 ) ;
#1834 = EDGE_LOOP ( 'NONE', ( #3331, #1006 ) ) ;
#1835 = CARTESIAN_POINT ( 'NONE',  ( 5.122214988120493500E-017, -0.5625000000000001100, -0.3045312500000000900 ) ) ;
#1836 = DIRECTION ( 'NONE',  ( 0.7071067811865557900, 0.0000000000000000000, 0.7071067811865391400 ) ) ;
#1837 = CARTESIAN_POINT ( 'NONE',  ( 0.1775346415770249200, 3.706982764817010900E-017, 0.1550196850393702200 ) ) ;
#1838 = DIRECTION ( 'NONE',  ( -0.0000000000000000000, -0.0000000000000000000, -1.000000000000000000 ) ) ;
#1839 = EDGE_CURVE ( 'NONE', #2771, #2399, #2704, .T. ) ;
#1840 = CIRCLE ( 'NONE', #1833, 0.1328125000000000000 ) ;
#1841 = CARTESIAN_POINT ( 'NONE',  ( 0.1436285421260782600, -0.1043522440900053100, -0.2465551181102362300 ) ) ;
#1842 = CARTESIAN_POINT ( 'NONE',  ( 0.1771187314312765700, -0.1286842908911822200, -0.1905452861885683400 ) ) ;
#1843 = CARTESIAN_POINT ( 'NONE',  ( 0.0000000000000000000, 0.1688454777399540600, -0.1524370502660827000 ) ) ;
#1844 = VECTOR ( 'NONE', #2843, 39.37007874015748900 ) ;
#1845 = CARTESIAN_POINT ( 'NONE',  ( -0.1605815918515516000, 0.05217612204500267400, 0.1904527559055119700 ) ) ;
#1846 = LINE ( 'NONE', #3148, #2655 ) ;
#1847 = PLANE ( 'NONE',  #2518 ) ;
#1848 = CARTESIAN_POINT ( 'NONE',  ( 2.067760738647403800E-017, -0.1688454777399540100, 0.2140748031496065000 ) ) ;
#1849 = CARTESIAN_POINT ( 'NONE',  ( -0.1674509465259921000, 0.1216602340058848100, -0.1996811447542720900 ) ) ;
#1850 = CARTESIAN_POINT ( 'NONE',  ( 0.05486122133756583800, -0.1688454777399539500, -0.2544291338582677600 ) ) ;
#1851 = CARTESIAN_POINT ( 'NONE',  ( -0.1980247617844315700, -0.06434214544559115100, -0.3755846562673085800 ) ) ;
#1852 = CARTESIAN_POINT ( 'NONE',  ( 2.067760738647403800E-017, -0.1688454777399540100, -0.1918071290062402500 ) ) ;
#1853 = EDGE_CURVE ( 'NONE', #1399, #3699, #1298, .T. ) ;
#1854 = DIRECTION ( 'NONE',  ( 0.0000000000000000000, 0.7071067811865404700, -0.7071067811865545700 ) ) ;
#1855 = CARTESIAN_POINT ( 'NONE',  ( -0.6953125000000001100, -3.051242973583458800E-017, 0.08578124999999976700 ) ) ;
#1856 = CARTESIAN_POINT ( 'NONE',  ( 0.1223860333968799900, 0.1684499236856469000, 0.3348602044264221700 ) ) ;
#1857 = AXIS2_PLACEMENT_3D ( 'NONE', #2191, #708, #999 ) ;
#1858 = ORIENTED_EDGE ( 'NONE', *, *, #1899, .T. ) ;
#1859 = CARTESIAN_POINT ( 'NONE',  ( -0.1436285421260782300, -0.1043522440900053500, 0.1235236220472442400 ) ) ;
#1860 = ORIENTED_EDGE ( 'NONE', *, *, #3269, .F. ) ;
#1861 = CONICAL_SURFACE ( 'NONE', #1633, 0.2086614173228346600, 0.7853981633974500600 ) ;
#1862 = CARTESIAN_POINT ( 'NONE',  ( 0.1605815918515516000, -0.05217612204500263900, -0.2426181102362205400 ) ) ;
#1863 = CARTESIAN_POINT ( 'NONE',  ( 0.0000000000000000000, 0.1688454777399540600, 0.2412637371354916500 ) ) ;
#1864 = CARTESIAN_POINT ( 'NONE',  ( -0.06765333536248334400, -0.2082155564801114500, -0.3637736326452611900 ) ) ;
#1865 = CARTESIAN_POINT ( 'NONE',  ( 9.854579711888858700E-017, -0.8046875000000000000, 0.09375000000000026400 ) ) ;
#1866 = ORIENTED_EDGE ( 'NONE', *, *, #3301, .F. ) ;
#1867 = CARTESIAN_POINT ( 'NONE',  ( 0.1436285421260782600, -0.1043522440900053200, 0.06840551181102373600 ) ) ;
#1868 = CARTESIAN_POINT ( 'NONE',  ( 9.854579711888858700E-017, -0.8046875000000000000, -0.2996249999999998100 ) ) ;
#1869 = CARTESIAN_POINT ( 'NONE',  ( -0.1407812500000000200, -0.5625000000000001100, -0.3125000000000000000 ) ) ;
#1870 = CARTESIAN_POINT ( 'NONE',  ( -0.1688454777399540400, 1.802743417459596100E-015, 0.2726840604171195100 ) ) ;
#1871 = ORIENTED_EDGE ( 'NONE', *, *, #2259, .F. ) ;
#1872 = CARTESIAN_POINT ( 'NONE',  ( 0.05486122133756583800, -0.1688454777399539500, -0.09694881889763779000 ) ) ;
#1873 = CARTESIAN_POINT ( 'NONE',  ( 0.1323003401592056100, 0.1471986444165311900, -0.2993689324197328900 ) ) ;
#1874 = CARTESIAN_POINT ( 'NONE',  ( 2.410722045565655500E-017, -0.1968503937007873000, -0.1721220896361619100 ) ) ;
#1875 = EDGE_CURVE ( 'NONE', #2203, #1206, #1895, .T. ) ;
#1876 = CARTESIAN_POINT ( 'NONE',  ( 0.1436285421260782600, 0.1043522440900053900, 0.3081928709937594200 ) ) ;
#1877 = ORIENTED_EDGE ( 'NONE', *, *, #2577, .F. ) ;
#1878 =( BOUNDED_CURVE ( )  B_SPLINE_CURVE ( 2, ( #1131, #1141, #3512, #3249, #1115, #3856, #3222, #2018, #218, #1468, #899 ),
 .UNSPECIFIED., .F., .T. ) 
 B_SPLINE_CURVE_WITH_KNOTS ( ( 3, 2, 2, 2, 2, 3 ),
 ( 0.5486219180441458400, 0.5597330291552569100, 0.5708441402663680900, 0.5819552513774791700, 0.5930663624885902400, 0.6041774735997013100 ),
 .UNSPECIFIED. ) 
 CURVE ( )  GEOMETRIC_REPRESENTATION_ITEM ( )  RATIONAL_B_SPLINE_CURVE ( ( 1.000000000000011300, 0.9510565162951422100, 1.000000000000000000, 0.9510565162951534200, 1.000000000000000000, 0.9510565162951534200, 1.000000000000000000, 0.9510565162951534200, 1.000000000000000000, 0.9510565162951646300, 0.9999999999999887900 ) ) 
 REPRESENTATION_ITEM ( '' )  );
#1879 = ORIENTED_EDGE ( 'NONE', *, *, #3661, .T. ) ;
#1880 = AXIS2_PLACEMENT_3D ( 'NONE', #3260, #2644, #3838 ) ;
#1881 = FACE_OUTER_BOUND ( 'NONE', #1628, .T. ) ;
#1882 = CARTESIAN_POINT ( 'NONE',  ( -0.1605815918515515800, -0.05217612204500268700, 0.1983267716535434500 ) ) ;
#1883 = CARTESIAN_POINT ( 'NONE',  ( -0.1407812500000000800, 0.5625000000000001100, -0.3125000000000000000 ) ) ;
#1884 = DIRECTION ( 'NONE',  ( -1.000000000000000000, 0.0000000000000000000, 0.0000000000000000000 ) ) ;
#1885 = DIRECTION ( 'NONE',  ( 0.0000000000000000000, -1.881251777004309100E-018, -1.000000000000000000 ) ) ;
#1886 = LINE ( 'NONE', #2216, #3869 ) ;
#1887 = CARTESIAN_POINT ( 'NONE',  ( 0.1436285421260782600, -0.1043522440900053100, -0.01033464566929129100 ) ) ;
#1888 = CARTESIAN_POINT ( 'NONE',  ( -0.1605815918515516000, 0.05217612204500267400, 0.09953145367092465500 ) ) ;
#1889 = AXIS2_PLACEMENT_3D ( 'NONE', #2376, #3616, #3001 ) ;
#1890 = CARTESIAN_POINT ( 'NONE',  ( 0.1674509465259921000, 0.1216602340058848700, -0.2504921259842523000 ) ) ;
#1891 = EDGE_CURVE ( 'NONE', #1176, #78, #712, .T. ) ;
#1892 = CARTESIAN_POINT ( 'NONE',  ( -0.1436285421260782300, -0.1043522440900053500, -0.2701771653543307300 ) ) ;
#1893 = FACE_OUTER_BOUND ( 'NONE', #428, .T. ) ;
#1894 = CARTESIAN_POINT ( 'NONE',  ( -0.02896229420817276000, -0.1663429615806828700, -0.2726840604171195700 ) ) ;
#1895 = LINE ( 'NONE', #666, #394 ) ;
#1896 = CARTESIAN_POINT ( 'NONE',  ( 0.1436285421260782600, 0.1043522440900054000, 0.1628937007874017300 ) ) ;
#1897 = CARTESIAN_POINT ( 'NONE',  ( -0.1674509465259921000, -0.1216602340058848100, 0.2097676741433658600 ) ) ;
#1898 = CARTESIAN_POINT ( 'NONE',  ( -0.06765333536248334400, -0.2082155564801114500, 0.2994271335602803900 ) ) ;
#1899 = EDGE_CURVE ( 'NONE', #3243, #2309, #1094, .T. ) ;
#1900 = CARTESIAN_POINT ( 'NONE',  ( -0.05486122133756586600, 0.1688454777399540400, -0.05757874015748024000 ) ) ;
#1901 = CARTESIAN_POINT ( 'NONE',  ( 0.0000000000000000000, 0.1688454777399540600, 0.2412637371354916500 ) ) ;
#1902 = CARTESIAN_POINT ( 'NONE',  ( 0.1157057583252899800, -0.1592553138533360500, -0.2701771653543310100 ) ) ;
#1903 = CARTESIAN_POINT ( 'NONE',  ( -0.06396057012458783400, -0.1968503937007873800, 0.1117125984251968000 ) ) ;
#1904 =( BOUNDED_CURVE ( )  B_SPLINE_CURVE ( 2, ( #2515, #1008, #1315, #1618, #3070, #1951, #3768, #483, #2280, #1977, #733 ),
 .UNSPECIFIED., .F., .F. ) 
 B_SPLINE_CURVE_WITH_KNOTS ( ( 3, 2, 2, 2, 2, 3 ),
 ( 0.3333333333333333100, 0.3444444444444444400, 0.3555555555555555700, 0.3666666666666666400, 0.3777777777777777700, 0.3888888888888889000 ),
 .UNSPECIFIED. ) 
 CURVE ( )  GEOMETRIC_REPRESENTATION_ITEM ( )  RATIONAL_B_SPLINE_CURVE ( ( 1.000000000000000000, 0.9510565162951534200, 1.000000000000000000, 0.9510565162951534200, 1.000000000000000000, 0.9510565162951534200, 1.000000000000000000, 0.9510565162951534200, 1.000000000000000000, 0.9510565162951534200, 1.000000000000000000 ) ) 
 REPRESENTATION_ITEM ( '' )  );
#1905 = ORIENTED_EDGE ( 'NONE', *, *, #715, .T. ) ;
#1906 = CARTESIAN_POINT ( 'NONE',  ( 0.1872158496644002500, 0.06083011700294242700, -0.06975988491175239000 ) ) ;
#1907 = DIRECTION ( 'NONE',  ( 0.0000000000000000000, -1.000000000000000000, 0.0000000000000000000 ) ) ;
#1908 = AXIS2_PLACEMENT_3D ( 'NONE', #402, #677, #116 ) ;
#1909 = LOCAL_TIME ( 15, 12, 30.00000000000000000, #364 ) ;
#1910 = CARTESIAN_POINT ( 'NONE',  ( -0.09924488173182208200, 0.1365988609149797200, -0.2111220472440945300 ) ) ;
#1911 = CARTESIAN_POINT ( 'NONE',  ( 0.1689197759392800100, -0.07908811210155407300, 0.2901737012116624700 ) ) ;
#1912 = CARTESIAN_POINT ( 'NONE',  ( -0.4296875000000001100, -4.677727003701036800E-017, -0.3125000000000000000 ) ) ;
#1913 = AXIS2_PLACEMENT_3D ( 'NONE', #2181, #382, #3399 ) ;
#1914 = ORIENTED_EDGE ( 'NONE', *, *, #10, .T. ) ;
#1915 = VECTOR ( 'NONE', #3090, 39.37007874015748100 ) ;
#1916 = CARTESIAN_POINT ( 'NONE',  ( 2.067760738647403800E-017, -0.1688454777399540100, -0.1796259842519685500 ) ) ;
#1917 = CARTESIAN_POINT ( 'NONE',  ( -0.05486122133756586600, 0.1688454777399540400, 0.2452007450095074200 ) ) ;
#1918 = CARTESIAN_POINT ( 'NONE',  ( -0.1157057583252899500, -0.1592553138533360800, -0.2587362628645084000 ) ) ;
#1919 = DIRECTION ( 'NONE',  ( 0.0000000000000000000, -1.000000000000000000, 0.0000000000000000000 ) ) ;
#1920 = ORIENTED_EDGE ( 'NONE', *, *, #1249, .T. ) ;
#1921 = CARTESIAN_POINT ( 'NONE',  ( 0.1605815918515515800, 0.05217612204500271500, -0.2469252392424607400 ) ) ;
#1922 = EDGE_LOOP ( 'NONE', ( #2404, #3056, #740, #610 ) ) ;
#1923 = CARTESIAN_POINT ( 'NONE',  ( 0.09924488173182205400, -0.1365988609149796600, -0.09301181102362197900 ) ) ;
#1924 = ORIENTED_EDGE ( 'NONE', *, *, #814, .F. ) ;
#1925 = CARTESIAN_POINT ( 'NONE',  ( 5.122214988120493500E-017, -0.5625000000000001100, -0.3045312500000000900 ) ) ;
#1926 = ORIENTED_EDGE ( 'NONE', *, *, #1474, .T. ) ;
#1927 = CARTESIAN_POINT ( 'NONE',  ( 0.1511458591549443300, -0.1071814589067790200, 0.2883891634841474500 ) ) ;
#1928 = CARTESIAN_POINT ( 'NONE',  ( 0.1771187314312765700, -0.1286842908911822200, 0.07895469261539846100 ) ) ;
#1929 = CARTESIAN_POINT ( 'NONE',  ( 0.09924488173182205400, -0.1365988609149796600, -0.01427165354330701800 ) ) ;
#1930 = CARTESIAN_POINT ( 'NONE',  ( 0.05486122133756580300, 0.1688454777399540400, 0.3160668867417909500 ) ) ;
#1931 = ORIENTED_EDGE ( 'NONE', *, *, #1705, .T. ) ;
#1932 = CARTESIAN_POINT ( 'NONE',  ( -0.1678098578706356300, -0.04879270532635571900, 0.2781723241235952700 ) ) ;
#1933 = CARTESIAN_POINT ( 'NONE',  ( -0.06396057012457541400, 0.1968503937007965200, -0.05007484554167459400 ) ) ;
#1934 = AXIS2_PLACEMENT_3D ( 'NONE', #3813, #808, #3828 ) ;
#1935 = CARTESIAN_POINT ( 'NONE',  ( -0.1223860333968800500, 0.1684499236856469000, -0.3913326877633714900 ) ) ;
#1936 = DIRECTION ( 'NONE',  ( -0.0000000000000000000, -0.0000000000000000000, 1.000000000000000000 ) ) ;
#1937 = LINE ( 'NONE', #223, #2934 ) ;
#1938 = CARTESIAN_POINT ( 'NONE',  ( 2.067760738647403800E-017, -0.1688454777399540100, -0.02214566929133853600 ) ) ;
#1939 = LINE ( 'NONE', #1883, #754 ) ;
#1940 = CARTESIAN_POINT ( 'NONE',  ( -0.1674509465259921000, 0.1216602340058848100, -0.06938976377952771300 ) ) ;
#1941 = CARTESIAN_POINT ( 'NONE',  ( 0.1771187314312765700, -0.1286842908911822200, 0.1576948500957134100 ) ) ;
#1942 = CARTESIAN_POINT ( 'NONE',  ( 0.0000000000000000000, 0.1688454777399540600, -0.2189960629921259800 ) ) ;
#1943 = CARTESIAN_POINT ( 'NONE',  ( 0.0000000000000000000, 0.1688454777399540600, 0.1625235796551766600 ) ) ;
#1944 = LINE ( 'NONE', #1322, #348 ) ;
#1945 = CARTESIAN_POINT ( 'NONE',  ( 0.005983428695958035800, -0.1967594370829388600, 0.3006889763779533900 ) ) ;
#1946 = CARTESIAN_POINT ( 'NONE',  ( 2.410722045565655500E-017, -0.1968503937007873000, 0.1428385402850981000 ) ) ;
#1947 = CARTESIAN_POINT ( 'NONE',  ( -0.1605815918515516000, 0.05217612204500267400, -0.3607283464566929900 ) ) ;
#1948 = CARTESIAN_POINT ( 'NONE',  ( 0.1157057583252899500, 0.1592553138533361100, 0.09559444579690913600 ) ) ;
#1949 = CARTESIAN_POINT ( 'NONE',  ( 0.7032812500000007500, 2.578744229469662300E-017, 0.09375000000000026400 ) ) ;
#1950 = CARTESIAN_POINT ( 'NONE',  ( -0.1436285421260782300, -0.1043522440900053500, -0.03395669291338577300 ) ) ;
#1951 = CARTESIAN_POINT ( 'NONE',  ( 0.2069807528028085300, 3.887288194116977200E-017, 0.05659448818897628400 ) ) ;
#1952 = CARTESIAN_POINT ( 'NONE',  ( 0.1980247617844315700, 0.06434214544559117800, 0.2482460311980757000 ) ) ;
#1953 = EDGE_CURVE ( 'NONE', #1338, #3155, #250, .T. ) ;
#1954 = CARTESIAN_POINT ( 'NONE',  ( -0.1436285421260782300, -0.1043522440900053500, 0.03260231981265689800 ) ) ;
#1955 = DATE_TIME_ROLE ( 'creation_date' ) ;
#1956 = VERTEX_POINT ( 'NONE', #3377 ) ;
#1957 = CARTESIAN_POINT ( 'NONE',  ( -0.2069807528028085300, -1.182278133984402800E-017, -0.03432681404561066500 ) ) ;
#1958 = CARTESIAN_POINT ( 'NONE',  ( 0.1775346415770249200, 3.706982764817010900E-017, 0.2215786977654128600 ) ) ;
#1959 = CARTESIAN_POINT ( 'NONE',  ( 0.1157057583252899800, -0.1592553138533360500, 0.07197239855281460700 ) ) ;
#1960 = AXIS2_PLACEMENT_3D ( 'NONE', #422, #459, #2525 ) ;
#1961 = CARTESIAN_POINT ( 'NONE',  ( 0.2189307921375865400, 3.960461081222081500E-017, -0.2281319215578300500 ) ) ;
#1962 = VERTEX_POINT ( 'NONE', #756 ) ;
#1963 = CARTESIAN_POINT ( 'NONE',  ( -0.1605815918515516000, 0.05217612204500267400, -0.2032480314960630200 ) ) ;
#1964 = DIRECTION ( 'NONE',  ( -1.000000000000000000, 0.0000000000000000000, 0.0000000000000000000 ) ) ;
#1965 = CARTESIAN_POINT ( 'NONE',  ( 0.2189307921375865400, 3.960461081222081500E-017, 0.08682870836342994300 ) ) ;
#1966 = CC_DESIGN_DATE_AND_TIME_ASSIGNMENT ( #173, #1955, ( #2054 ) ) ;
#1967 = EDGE_CURVE ( 'NONE', #3200, #3857, #300, .T. ) ;
#1968 = CARTESIAN_POINT ( 'NONE',  ( -0.05486122133756579000, -0.1688454777399539800, 0.04047633556068842100 ) ) ;
#1969 = CARTESIAN_POINT ( 'NONE',  ( 2.410722045565655500E-017, -0.1968503937007873000, 0.1156496062992125000 ) ) ;
#1970 = ORIENTED_EDGE ( 'NONE', *, *, #325, .F. ) ;
#1971 = VERTEX_POINT ( 'NONE', #2784 ) ;
#1972 = CARTESIAN_POINT ( 'NONE',  ( 0.1605815918515515800, 0.05217612204500271500, 0.3042558631197436700 ) ) ;
#1973 = CARTESIAN_POINT ( 'NONE',  ( 0.0000000000000000000, 0.5625000000000001100, -0.3125000000000000000 ) ) ;
#1974 = CARTESIAN_POINT ( 'NONE',  ( 2.410722045565655500E-017, -0.1968503937007873000, 0.3003188552457281000 ) ) ;
#1975 = ORIENTED_EDGE ( 'NONE', *, *, #3624, .F. ) ;
#1976 = CARTESIAN_POINT ( 'NONE',  ( -0.1771187314312765700, -0.1286842908911822700, -0.1808878270696410200 ) ) ;
#1977 = CARTESIAN_POINT ( 'NONE',  ( 0.06396057012458787600, -0.1968503937007873800, 0.04084645669291327900 ) ) ;
#1978 = DIRECTION ( 'NONE',  ( 0.0000000000000000000, -1.881251777004309100E-018, -1.000000000000000000 ) ) ;
#1979 = CARTESIAN_POINT ( 'NONE',  ( 0.1223860333968800200, -0.1684499236856468200, 0.2324979997020127100 ) ) ;
#1980 = FACE_OUTER_BOUND ( 'NONE', #1742, .T. ) ;
#1981 = CARTESIAN_POINT ( 'NONE',  ( -0.1436285421260782800, 0.1043522440900053500, -0.06188586916372107400 ) ) ;
#1982 =( LENGTH_UNIT ( ) NAMED_UNIT ( * ) SI_UNIT ( $, .METRE. ) );
#1983 = CARTESIAN_POINT ( 'NONE',  ( 0.5625000000000001100, 2.578744229469662300E-017, -0.3125000000000000000 ) ) ;
#1984 = AXIS2_PLACEMENT_3D ( 'NONE', #1408, #2627, #3256 ) ;
#1985 = ORIENTED_EDGE ( 'NONE', *, *, #3571, .F. ) ;
#1986 = CARTESIAN_POINT ( 'NONE',  ( 0.0000000000000000000, 7.642585344080009900E-019, 0.09375000000000026400 ) ) ;
#1987 = CARTESIAN_POINT ( 'NONE',  ( -0.09924488173182208200, 0.1365988609149797200, 0.09165743792289314500 ) ) ;
#1988 = CARTESIAN_POINT ( 'NONE',  ( 0.5625000000000001100, 2.578744229469662300E-017, 0.08578124999999976700 ) ) ;
#1989 = DIRECTION ( 'NONE',  ( -0.0000000000000000000, 1.881251777004309100E-018, 1.000000000000000000 ) ) ;
#1990 = CYLINDRICAL_SURFACE ( 'NONE', #2772, 0.3437500000000000000 ) ;
#1991 = CARTESIAN_POINT ( 'NONE',  ( 0.1980247617844315700, 0.06434214544559117800, -0.3029350711641293200 ) ) ;
#1992 = AXIS2_PLACEMENT_3D ( 'NONE', #3109, #3727, #1907 ) ;
#1993 = CARTESIAN_POINT ( 'NONE',  ( 0.1223860333968799900, 0.1684499236856469000, 0.1441003831027704300 ) ) ;
#1994 = CARTESIAN_POINT ( 'NONE',  ( 0.06396057012460035200, 0.1968503937007783900, -0.2154291762503361100 ) ) ;
#1995 = DIRECTION ( 'NONE',  ( 0.0000000000000000000, -1.881251777004309100E-018, -1.000000000000000000 ) ) ;
#1996 = CIRCLE ( 'NONE', #400, 0.8046875000000000000 ) ;
#1997 = CARTESIAN_POINT ( 'NONE',  ( 0.1980247617844316000, -0.06434214544559109500, 0.004151543009099219400 ) ) ;
#1998 = DIRECTION ( 'NONE',  ( -0.0000000000000000000, 1.881251777004309100E-018, 1.000000000000000000 ) ) ;
#1999 = CARTESIAN_POINT ( 'NONE',  ( -0.09924488173182208200, 0.1365988609149797200, -0.1445630345180518300 ) ) ;
#2000 = APPLICATION_PROTOCOL_DEFINITION ( 'international standard', 'config_control_design', 1994, #1363 ) ;
#2001 = CARTESIAN_POINT ( 'NONE',  ( -0.1775346415770249200, -6.413618460845107500E-018, 0.02472830406462541600 ) ) ;
#2002 = CARTESIAN_POINT ( 'NONE',  ( -0.1775346415770249200, -6.413618460845107500E-018, -0.2114921683763195700 ) ) ;
#2003 = DIRECTION ( 'NONE',  ( 0.0000000000000000000, 1.000000000000000000, 0.0000000000000000000 ) ) ;
#2004 = ADVANCED_FACE ( 'NONE', ( #3126 ), #3689, .F. ) ;
#2005 = CARTESIAN_POINT ( 'NONE',  ( 0.1980247617844315700, 0.06434214544559117800, -0.2241949136838143100 ) ) ;
#2006 = VERTEX_POINT ( 'NONE', #3457 ) ;
#2007 = CARTESIAN_POINT ( 'NONE',  ( 0.2189307921375865400, 3.960461081222081500E-017, 0.2110295169610381400 ) ) ;
#2008 = CARTESIAN_POINT ( 'NONE',  ( 0.1775346415770248900, 3.706982764817010900E-017, -0.2386811023622046900 ) ) ;
#2009 =( BOUNDED_SURFACE ( )  B_SPLINE_SURFACE ( 1, 2, ( 
 ( #3386, #1930, #1333, #3118, #2831, #682, #2509, #130, #118, #2803, #2554, #419, #2846, #3723, #711, #991, #3736, #2231, #696, #1917, #1901, #3146, #1029, #3694, #737, #1623, #1290, #2816, #3100, #1015, #434, #2220, #724, #3441, #3132, #1307, #1320, #3429, #3745, #1636, #1943, #142, #1596, #3454, #108, #2243, #3709, #2208, #406, #445, #3411, #2857, #1043, #3160, #1610, #1346, #1888, #92, #2195, #2494, #393, #1649, #1707, #3784, #472, #2256, #2616, #3758, #2908, #2879, #2868, #1968, #1674, #1954, #2579, #213, #457, #181, #2605, #1066, #1109, #3809, #2284, #2317, #3180, #2894, #1373, #1398, #157, #1361, #773, #166, #804, #1384, #3193, #761, #3479, #1981, #487, #2564, #2271, #752, #2922, #515, #1410, #2592, #3172, #3507, #3218, #1053, #3466, #1662, #1081, #3493, #1691, #2012, #3795, #3772, #1999, #195, #2301, #498, #788, #1096, #3204, #2963, #2355, #227, #3229, #1434, #553, #1735, #830, #2330, #1424, #3549, #2344, #530, #1150, #543, #2058, #2045, #2643, #2029, #1747, #3851, #3538, #242, #2936, #255, #2658, #3521, #3258, #844, #2629, #3836, #815, #2948, #1446, #1137, #3561, #1759, #3242, #1718, #3825, #1124, #539, #240, #1407, #525, #3791, #251, #2602, #1731, #494, #782, #2294, #3213, #190, #3225, #1119 ),
 ( #3189, #1105, #481, #2638, #2612, #3201, #1075, #1430, #2587, #3833, #1702, #1684, #2901, #510, #768, #1393, #2944, #1380, #2918, #1418, #3804, #3846, #826, #3517, #1134, #2007, #1715, #204, #2338, #2888, #1091, #3820, #3502, #3545, #221, #2023, #2310, #800, #2328, #2626, #3488, #812, #1993, #1743, #3237, #2932, #3534, #2040, #2056, #1800, #2110, #1442, #3253, #2970, #852, #1161, #2098, #271, #11, #3609, #3871, #2401, #2378, #878, #3554, #594, #890, #3897, #1753, #3265, #586, #297, #1767, #1471, #3861, #1458, #2691, #2682, #2064, #1195, #2985, #1486, #572, #3277, #261, #2390, #2995, #3568, #862, #561, #1789, #3596, #2352, #3302, #285, #2364, #2079, #2665, #3584, #1186, #1174, #3287, #2706, #1777, #3883, #2089, #3006, #1499, #548, #2653, #839, #2957, #1145, #2423, #1550, #323, #620, #2126, #3039, #26, #3051, #943, #1247, #1209, #2757, #1222, #3364, #1842, #3018, #930, #308, #361, #2435, #3029, #903, #1259, #2413, #3662, #1525, #1513, #2732, #337, #607, #3327, #2769, #3313, #2745, #3354, #3636, #3674, #2464, #1237, #955, #1828, #1537, #39, #63, #2719, #915, #3342, #2137, #1562, #50, #2148, #632, #3649, #349, #2452, #3621, #642, #1814, #1864, #3065, #75, #1851, #2159, #654, #1625, #1935, #1270, #3077 ) ),
 .UNSPECIFIED., .F., .F., .T. ) 
 B_SPLINE_SURFACE_WITH_KNOTS ( ( 2, 2 ),
 ( 3, 2, 2, 2, 2, 2, 2, 2, 2, 2, 2, 2, 2, 2, 2, 2, 2, 2, 2, 2, 2, 2, 2, 2, 2, 2, 2, 2, 2, 2, 2, 2, 2, 2, 2, 2, 2, 2, 2, 2, 2, 2, 2, 2, 2, 2, 2, 2, 2, 2, 2, 2, 2, 2, 2, 2, 2, 2, 2, 2, 2, 2, 2, 2, 2, 2, 2, 2, 2, 2, 2, 2, 2, 2, 2, 2, 2, 2, 2, 2, 2, 2, 2, 2, 2, 2, 2, 2, 2, 2, 3 ),
 ( 0.0000000000000000000, 1.000000000000000000 ),
 ( 0.0000000000000000000, 0.01111111111111111200, 0.02222222222222222300, 0.03333333333333333300, 0.04444444444444444600, 0.05555555555555555200, 0.06666666666666666600, 0.07777777777777777900, 0.08888888888888889200, 0.1000000000000000100, 0.1111111111111111000, 0.1222222222222222200, 0.1333333333333333300, 0.1444444444444444300, 0.1555555555555555600, 0.1666666666666666600, 0.1777777777777777800, 0.1888888888888888800, 0.2000000000000000100, 0.2111111111111111100, 0.2222222222222222100, 0.2333333333333333400, 0.2444444444444444400, 0.2555555555555555400, 0.2666666666666666600, 0.2777777777777777900, 0.2888888888888888600, 0.2999999999999999900, 0.3111111111111111200, 0.3222222222222222400, 0.3333333333333333100, 0.3444444444444444400, 0.3555555555555555700, 0.3666666666666666400, 0.3777777777777777700, 0.3888888888888889000, 0.4000000000000000200, 0.4111111111111110900, 0.4222222222222222200, 0.4333333333333333500, 0.4444444444444444200, 0.4555555555555555500, 0.4666666666666666700, 0.4777777777777778000, 0.4888888888888888700, 0.5000000000000000000, 0.5111111111111110700, 0.5222222222222222500, 0.5333333333333333300, 0.5444444444444444000, 0.5555555555555555800, 0.5666666666666666500, 0.5777777777777777200, 0.5888888888888889100, 0.5999999999999999800, 0.6111111111111111600, 0.6222222222222222300, 0.6333333333333333000, 0.6444444444444444900, 0.6555555555555555600, 0.6666666666666666300, 0.6777777777777778100, 0.6888888888888888800, 0.6999999999999999600, 0.7111111111111111400, 0.7222222222222222100, 0.7333333333333332800, 0.7444444444444444600, 0.7555555555555555400, 0.7666666666666667200, 0.7777777777777777900, 0.7888888888888888600, 0.8000000000000000400, 0.8111111111111111200, 0.8222222222222221900, 0.8333333333333333700, 0.8444444444444444400, 0.8555555555555555100, 0.8666666666666667000, 0.8777777777777777700, 0.8888888888888888400, 0.9000000000000000200, 0.9111111111111110900, 0.9222222222222222800, 0.9333333333333333500, 0.9444444444444444200, 0.9555555555555556000, 0.9666666666666666700, 0.9777777777777777500, 0.9888888888888889300, 0.9930664005284186600 ),
 .UNSPECIFIED. ) 
 GEOMETRIC_REPRESENTATION_ITEM ( )  RATIONAL_B_SPLINE_SURFACE ( (
 ( 1.000000000000000000, 0.9510565162951535300, 1.000000000000000000, 0.9510565162951535300, 1.000000000000000000, 0.9510565162951535300, 1.000000000000000000, 0.9510565162951535300, 1.000000000000000000, 0.9510565162951535300, 1.000000000000000000, 0.9510565162951535300, 1.000000000000000000, 0.9510565162951535300, 1.000000000000000000, 0.9510565162951535300, 1.000000000000000000, 0.9510565162951535300, 1.000000000000000000, 0.9510565162951535300, 1.000000000000000000, 0.9510565162951535300, 1.000000000000000000, 0.9510565162951535300, 1.000000000000000000, 0.9510565162951535300, 1.000000000000000000, 0.9510565162951535300, 1.000000000000000000, 0.9510565162951535300, 1.000000000000000000, 0.9510565162951535300, 1.000000000000000000, 0.9510565162951535300, 1.000000000000000000, 0.9510565162951535300, 1.000000000000000000, 0.9510565162951535300, 1.000000000000000000, 0.9510565162951535300, 1.000000000000000000, 0.9510565162951535300, 1.000000000000000000, 0.9510565162951535300, 1.000000000000000000, 0.9510565162951535300, 1.000000000000000000, 0.9510565162951535300, 1.000000000000000000, 0.9510565162951535300, 1.000000000000000000, 0.9510565162951535300, 1.000000000000000000, 0.9510565162951535300, 1.000000000000000000, 0.9510565162951535300, 1.000000000000000000, 0.9510565162951535300, 1.000000000000000000, 0.9510565162951535300, 1.000000000000000000, 0.9510565162951535300, 1.000000000000000000, 0.9510565162951535300, 1.000000000000000000, 0.9510565162951535300, 1.000000000000000000, 0.9510565162951535300, 1.000000000000000000, 0.9510565162951535300, 1.000000000000000000, 0.9510565162951535300, 1.000000000000000000, 0.9510565162951535300, 1.000000000000000000, 0.9510565162951535300, 1.000000000000000000, 0.9510565162951535300, 1.000000000000000000, 0.9510565162951535300, 1.000000000000000000, 0.9510565162951535300, 1.000000000000000000, 0.9510565162951535300, 1.000000000000000000, 0.9510565162951535300, 1.000000000000000000, 0.9510565162951535300, 1.000000000000000000, 0.9510565162951535300, 1.000000000000000000, 0.9510565162951535300, 1.000000000000000000, 0.9510565162951535300, 1.000000000000000000, 0.9510565162951535300, 1.000000000000000000, 0.9510565162951535300, 1.000000000000000000, 0.9510565162951535300, 1.000000000000000000, 0.9510565162951535300, 1.000000000000000000, 0.9510565162951535300, 1.000000000000000000, 0.9510565162951535300, 1.000000000000000000, 0.9510565162951535300, 1.000000000000000000, 0.9510565162951535300, 1.000000000000000000, 0.9510565162951535300, 1.000000000000000000, 0.9510565162951535300, 1.000000000000000000, 0.9510565162951535300, 1.000000000000000000, 0.9510565162951535300, 1.000000000000000000, 0.9510565162951535300, 1.000000000000000000, 0.9510565162951535300, 1.000000000000000000, 0.9510565162951535300, 1.000000000000000000, 0.9510565162951535300, 1.000000000000000000, 0.9510565162951535300, 1.000000000000000000, 0.9510565162951535300, 1.000000000000000000, 0.9510565162951535300, 1.000000000000000000, 0.9510565162951535300, 1.000000000000000000, 0.9510565162951535300, 1.000000000000000000, 0.9510565162951535300, 1.000000000000000000, 0.9510565162951535300, 1.000000000000000000, 0.9510565162951535300, 1.000000000000000000, 0.9510565162951535300, 1.000000000000000000, 0.9510565162951535300, 1.000000000000000000, 0.9510565162951535300, 1.000000000000000000, 0.9510565162951535300, 1.000000000000000000, 0.9510565162951535300, 1.000000000000000000, 0.9510565162951535300, 1.000000000000000000, 0.9510565162951535300, 1.000000000000000000, 0.9510565162951535300, 1.000000000000000000, 0.9510565162951535300, 1.000000000000000000, 0.9510565162951535300, 1.000000000000000000, 0.9510565162951535300, 1.000000000000000000, 0.9510565162951535300, 1.000000000000000000, 0.9510565162951535300, 1.000000000000000000, 0.9510565162951535300, 1.000000000000000000, 0.9510565162951535300, 1.000000000000000000, 0.9510565162951535300, 1.000000000000000000, 0.9510565162951535300, 1.000000000000000000, 0.9510565162951535300, 1.000000000000000000, 0.9815984224429482600, 0.9770339496833493300),
 ( 1.000000000000000000, 0.9510565162951535300, 1.000000000000000000, 0.9510565162951535300, 1.000000000000000000, 0.9510565162951535300, 1.000000000000000000, 0.9510565162951535300, 1.000000000000000000, 0.9510565162951535300, 1.000000000000000000, 0.9510565162951535300, 1.000000000000000000, 0.9510565162951535300, 1.000000000000000000, 0.9510565162951535300, 1.000000000000000000, 0.9510565162951535300, 1.000000000000000000, 0.9510565162951535300, 1.000000000000000000, 0.9510565162951535300, 1.000000000000000000, 0.9510565162951535300, 1.000000000000000000, 0.9510565162951535300, 1.000000000000000000, 0.9510565162951535300, 1.000000000000000000, 0.9510565162951535300, 1.000000000000000000, 0.9510565162951535300, 1.000000000000000000, 0.9510565162951535300, 1.000000000000000000, 0.9510565162951535300, 1.000000000000000000, 0.9510565162951535300, 1.000000000000000000, 0.9510565162951535300, 1.000000000000000000, 0.9510565162951535300, 1.000000000000000000, 0.9510565162951535300, 1.000000000000000000, 0.9510565162951535300, 1.000000000000000000, 0.9510565162951535300, 1.000000000000000000, 0.9510565162951535300, 1.000000000000000000, 0.9510565162951535300, 1.000000000000000000, 0.9510565162951535300, 1.000000000000000000, 0.9510565162951535300, 1.000000000000000000, 0.9510565162951535300, 1.000000000000000000, 0.9510565162951535300, 1.000000000000000000, 0.9510565162951535300, 1.000000000000000000, 0.9510565162951535300, 1.000000000000000000, 0.9510565162951535300, 1.000000000000000000, 0.9510565162951535300, 1.000000000000000000, 0.9510565162951535300, 1.000000000000000000, 0.9510565162951535300, 1.000000000000000000, 0.9510565162951535300, 1.000000000000000000, 0.9510565162951535300, 1.000000000000000000, 0.9510565162951535300, 1.000000000000000000, 0.9510565162951535300, 1.000000000000000000, 0.9510565162951535300, 1.000000000000000000, 0.9510565162951535300, 1.000000000000000000, 0.9510565162951535300, 1.000000000000000000, 0.9510565162951535300, 1.000000000000000000, 0.9510565162951535300, 1.000000000000000000, 0.9510565162951535300, 1.000000000000000000, 0.9510565162951535300, 1.000000000000000000, 0.9510565162951535300, 1.000000000000000000, 0.9510565162951535300, 1.000000000000000000, 0.9510565162951535300, 1.000000000000000000, 0.9510565162951535300, 1.000000000000000000, 0.9510565162951535300, 1.000000000000000000, 0.9510565162951535300, 1.000000000000000000, 0.9510565162951535300, 1.000000000000000000, 0.9510565162951535300, 1.000000000000000000, 0.9510565162951535300, 1.000000000000000000, 0.9510565162951535300, 1.000000000000000000, 0.9510565162951535300, 1.000000000000000000, 0.9510565162951535300, 1.000000000000000000, 0.9510565162951535300, 1.000000000000000000, 0.9510565162951535300, 1.000000000000000000, 0.9510565162951535300, 1.000000000000000000, 0.9510565162951535300, 1.000000000000000000, 0.9510565162951535300, 1.000000000000000000, 0.9510565162951535300, 1.000000000000000000, 0.9510565162951535300, 1.000000000000000000, 0.9510565162951535300, 1.000000000000000000, 0.9510565162951535300, 1.000000000000000000, 0.9510565162951535300, 1.000000000000000000, 0.9510565162951535300, 1.000000000000000000, 0.9510565162951535300, 1.000000000000000000, 0.9510565162951535300, 1.000000000000000000, 0.9510565162951535300, 1.000000000000000000, 0.9510565162951535300, 1.000000000000000000, 0.9510565162951535300, 1.000000000000000000, 0.9510565162951535300, 1.000000000000000000, 0.9510565162951535300, 1.000000000000000000, 0.9510565162951535300, 1.000000000000000000, 0.9510565162951535300, 1.000000000000000000, 0.9510565162951535300, 1.000000000000000000, 0.9510565162951535300, 1.000000000000000000, 0.9510565162951535300, 1.000000000000000000, 0.9510565162951535300, 1.000000000000000000, 0.9510565162951535300, 1.000000000000000000, 0.9510565162951535300, 1.000000000000000000, 0.9510565162951535300, 1.000000000000000000, 0.9510565162951535300, 1.000000000000000000, 0.9510565162951535300, 1.000000000000000000, 0.9510565162951535300, 1.000000000000000000, 0.9815984224429482600, 0.9770339496833493300) ) ) 
 REPRESENTATION_ITEM ( '' )  SURFACE ( )  );
#2010 = VECTOR ( 'NONE', #3880, 39.37007874015748900 ) ;
#2011 = EDGE_CURVE ( 'NONE', #231, #2634, #3472, .T. ) ;
#2012 = CARTESIAN_POINT ( 'NONE',  ( -0.1775346415770249200, -6.413618460845107500E-018, -0.1327520108960045800 ) ) ;
#2013 = DIRECTION ( 'NONE',  ( 0.0000000000000000000, -1.000000000000000000, 0.0000000000000000000 ) ) ;
#2014 = VERTEX_POINT ( 'NONE', #2234 ) ;
#2015 = VECTOR ( 'NONE', #1854, 39.37007874015748100 ) ;
#2016 = CARTESIAN_POINT ( 'NONE',  ( -0.05486122133756586600, 0.1688454777399540400, 0.008980272568562380400 ) ) ;
#2017 = CARTESIAN_POINT ( 'NONE',  ( 0.0000000000000000000, 0.1688454777399540600, -0.1524370502660833400 ) ) ;
#2018 = CARTESIAN_POINT ( 'NONE',  ( -0.1674509465259921000, -0.1216602340058848100, 0.05228735918273585300 ) ) ;
#2019 = VERTEX_POINT ( 'NONE', #3764 ) ;
#2020 = CARTESIAN_POINT ( 'NONE',  ( -0.05486122133756586600, 0.1688454777399540400, 0.2573818897637796800 ) ) ;
#2021 = ADVANCED_FACE ( 'NONE', ( #490 ), #3306, .T. ) ;
#2022 = ORIENTED_EDGE ( 'NONE', *, *, #823, .T. ) ;
#2023 = CARTESIAN_POINT ( 'NONE',  ( -0.2189307921375865400, -1.401796795299716600E-017, 0.1716594382208807300 ) ) ;
#2024 = CARTESIAN_POINT ( 'NONE',  ( 0.09924488173182204100, 0.1365988609149797500, -0.2268700787401574900 ) ) ;
#2025 = ORIENTED_EDGE ( 'NONE', *, *, #2748, .T. ) ;
#2026 = CARTESIAN_POINT ( 'NONE',  ( -0.1592626908988860100, -0.05950267514121845200, -0.2734046465883844300 ) ) ;
#2027 = CARTESIAN_POINT ( 'NONE',  ( 0.0000000000000000000, -0.3566250000000001900, 0.09375000000000026400 ) ) ;
#2028 = ADVANCED_FACE ( 'NONE', ( #114 ), #3827, .F. ) ;
#2029 = CARTESIAN_POINT ( 'NONE',  ( 0.1436285421260782600, 0.1043522440900053900, -0.2429882313684455800 ) ) ;
#2030 = VERTEX_POINT ( 'NONE', #1654 ) ;
#2031 = EDGE_LOOP ( 'NONE', ( #1860, #3673, #3625, #2495, #2314 ) ) ;
#2032 = CARTESIAN_POINT ( 'NONE',  ( -0.1340177967106507800, 0.1210578799634041600, -0.2841961395071108100 ) ) ;
#2033 = CARTESIAN_POINT ( 'NONE',  ( 9.775743074193746600E-017, -0.7918124999999998100, 0.09375000000000026400 ) ) ;
#2034 = VERTEX_POINT ( 'NONE', #476 ) ;
#2035 = CARTESIAN_POINT ( 'NONE',  ( -0.1775346415770249200, -6.413618460845107500E-018, -0.05401185341568960600 ) ) ;
#2036 = CARTESIAN_POINT ( 'NONE',  ( 0.1775346415770249200, 3.706982764817010900E-017, -0.09338193215584707200 ) ) ;
#2037 = CARTESIAN_POINT ( 'NONE',  ( 0.1157057583252899500, 0.1592553138533361100, 0.2258858267716535300 ) ) ;
#2038 =( BOUNDED_CURVE ( )  B_SPLINE_CURVE ( 2, ( #1510, #3602, #1204, #280, #602, #3272, #1193, #1494, #1796, #2385, #2712 ),
 .UNSPECIFIED., .F., .T. ) 
 B_SPLINE_CURVE_WITH_KNOTS ( ( 3, 2, 2, 2, 2, 3 ),
 ( 0.1666666666666666600, 0.1777777777777777800, 0.1888888888888888800, 0.2000000000000000400, 0.2111111111111111400, 0.2222222222222222400 ),
 .UNSPECIFIED. ) 
 CURVE ( )  GEOMETRIC_REPRESENTATION_ITEM ( )  RATIONAL_B_SPLINE_CURVE ( ( 1.000000000000000000, 0.9510565162951534200, 1.000000000000000000, 0.9510565162951534200, 1.000000000000000000, 0.9510565162951534200, 1.000000000000000000, 0.9510565162951534200, 1.000000000000000000, 0.9510565162951533100, 1.000000000000000200 ) ) 
 REPRESENTATION_ITEM ( '' )  );
#2039 = CARTESIAN_POINT ( 'NONE',  ( 0.05486122133756580300, 0.1688454777399540400, 0.2495078740157482300 ) ) ;
#2040 = CARTESIAN_POINT ( 'NONE',  ( 0.1771187314312765700, -0.1286842908911822200, 0.1244153437326917000 ) ) ;
#2041 = CARTESIAN_POINT ( 'NONE',  ( 0.0000000000000000000, 0.1968503937007874100, -0.002460629921259971700 ) ) ;
#2042 = CIRCLE ( 'NONE', #3245, 0.1407812499999998000 ) ;
#2043 = DIRECTION ( 'NONE',  ( 0.0000000000000000000, -1.000000000000000000, 0.0000000000000000000 ) ) ;
#2044 = EDGE_CURVE ( 'NONE', #38, #2019, #2832, .T. ) ;
#2045 = CARTESIAN_POINT ( 'NONE',  ( 0.05486122133756580300, 0.1688454777399540400, -0.2351142156204141000 ) ) ;
#2046 = VECTOR ( 'NONE', #1998, 39.37007874015748100 ) ;
#2047 = DIRECTION ( 'NONE',  ( 0.0000000000000000000, -1.881251777004309100E-018, -1.000000000000000000 ) ) ;
#2048 = FACE_OUTER_BOUND ( 'NONE', #2813, .T. ) ;
#2049 = CARTESIAN_POINT ( 'NONE',  ( 0.1775346415770249200, 3.706982764817010900E-017, 0.06409838280478288900 ) ) ;
#2050 = CARTESIAN_POINT ( 'NONE',  ( 0.1436285421260782600, -0.1043522440900053100, -0.1012559479038785800 ) ) ;
#2051 = CARTESIAN_POINT ( 'NONE',  ( 0.0000000000000000000, 0.1968503937007874100, 0.02472830406462560700 ) ) ;
#2052 = ADVANCED_FACE ( 'NONE', ( #3403 ), #2225, .F. ) ;
#2053 = CARTESIAN_POINT ( 'NONE',  ( -0.09924488173182208200, 0.1365988609149797200, 0.2613188976377954800 ) ) ;
#2054 = PRODUCT_DEFINITION ( 'UNKNOWN', '', #33, #2226 ) ;
#2055 = EDGE_CURVE ( 'NONE', #3155, #2014, #1422, .T. ) ;
#2056 = CARTESIAN_POINT ( 'NONE',  ( 0.1223860333968800200, -0.1684499236856468200, 0.1204783358586759400 ) ) ;
#2057 = CARTESIAN_POINT ( 'NONE',  ( 0.05486122133756580300, 0.1688454777399540400, 0.1585865717811615100 ) ) ;
#2058 = CARTESIAN_POINT ( 'NONE',  ( 0.0000000000000000000, 0.1688454777399540600, -0.2311772077463983000 ) ) ;
#2059 = DIRECTION ( 'NONE',  ( -1.000000000000000000, 0.0000000000000000000, 0.0000000000000000000 ) ) ;
#2060 = CARTESIAN_POINT ( 'NONE',  ( -0.09924488173182202700, -0.1365988609149796600, -0.1209409872739573400 ) ) ;
#2061 = ORIENTED_EDGE ( 'NONE', *, *, #1148, .F. ) ;
#2062 = CARTESIAN_POINT ( 'NONE',  ( -0.1605815918515515800, -0.05217612204500268700, 0.1195866141732284900 ) ) ;
#2063 = LINE ( 'NONE', #2074, #2389 ) ;
#2064 = CARTESIAN_POINT ( 'NONE',  ( -0.1223860333968800500, 0.1684499236856469000, 0.002368099638203454700 ) ) ;
#2065 = CARTESIAN_POINT ( 'NONE',  ( -0.09924488173182202700, -0.1365988609149796600, 0.1152794851669882700 ) ) ;
#2066 = CARTESIAN_POINT ( 'NONE',  ( 0.1872158496644002500, 0.06083011700294242700, -0.09694881889763795600 ) ) ;
#2067 = CARTESIAN_POINT ( 'NONE',  ( -0.2189307921375865400, -1.401796795299716600E-017, -0.1100216853373575400 ) ) ;
#2068 = EDGE_CURVE ( 'NONE', #3515, #1501, #2183, .T. ) ;
#2069 = ORIENTED_EDGE ( 'NONE', *, *, #1899, .F. ) ;
#2070 = DIRECTION ( 'NONE',  ( -0.0000000000000000000, 1.881251777004309100E-018, 1.000000000000000000 ) ) ;
#2071 =( NAMED_UNIT ( * ) SI_UNIT ( $, .STERADIAN. ) SOLID_ANGLE_UNIT ( ) );
#2072 = CARTESIAN_POINT ( 'NONE',  ( -0.5625000000000001100, -4.677727003701036800E-017, 0.08578124999999976700 ) ) ;
#2073 = CARTESIAN_POINT ( 'NONE',  ( 0.1872158496644003300, -0.06083011700294235100, 0.1585865717811611500 ) ) ;
#2074 = CARTESIAN_POINT ( 'NONE',  ( -0.2086614173228346600, 2.619896612091631500E-017, -0.3125000000000000000 ) ) ;
#2075 = AXIS2_PLACEMENT_3D ( 'NONE', #403, #1010, #988 ) ;
#2076 = ORIENTED_EDGE ( 'NONE', *, *, #1690, .F. ) ;
#2077 = CARTESIAN_POINT ( 'NONE',  ( 0.1775346415770249200, 3.706982764817010900E-017, 0.2337598425196852100 ) ) ;
#2078 = ORIENTED_EDGE ( 'NONE', *, *, #140, .T. ) ;
#2079 = CARTESIAN_POINT ( 'NONE',  ( -0.1980247617844316000, 0.06434214544559113700, -0.06849804209408005800 ) ) ;
#2080 = CARTESIAN_POINT ( 'NONE',  ( -0.05486122133756579000, -0.1688454777399540100, 0.1979566505213190300 ) ) ;
#2081 = ORIENTED_EDGE ( 'NONE', *, *, #2652, .T. ) ;
#2082 = CARTESIAN_POINT ( 'NONE',  ( 0.1223860333968800200, -0.1684499236856468200, -0.003722472738932297800 ) ) ;
#2083 = VECTOR ( 'NONE', #3284, 39.37007874015748100 ) ;
#2084 = DIRECTION ( 'NONE',  ( -1.000000000000000000, 0.0000000000000000000, 0.0000000000000000000 ) ) ;
#2085 = CARTESIAN_POINT ( 'NONE',  ( -0.2086614173228346600, 5.175261980391226500E-017, 0.3125000000000000000 ) ) ;
#2086 = ADVANCED_FACE ( 'NONE', ( #3640 ), #1612, .F. ) ;
#2087 = CIRCLE ( 'NONE', #1934, 0.3334374999999995500 ) ;
#2088 = CARTESIAN_POINT ( 'NONE',  ( 0.09924488173182204100, 0.1365988609149797500, -0.1481299212598425300 ) ) ;
#2089 = CARTESIAN_POINT ( 'NONE',  ( 0.2189307921375865400, 3.960461081222081500E-017, -0.1039311129602217600 ) ) ;
#2090 = CARTESIAN_POINT ( 'NONE',  ( 0.09924488173182205400, -0.1365988609149796600, 0.05228735918273629000 ) ) ;
#2091 = CARTESIAN_POINT ( 'NONE',  ( 0.06396057012457538600, -0.1968503937007964600, -0.01070476680151706500 ) ) ;
#2092 = EDGE_CURVE ( 'NONE', #328, #2634, #2890, .T. ) ;
#2093 = CARTESIAN_POINT ( 'NONE',  ( -0.5625000000000001100, -4.677727003701036800E-017, -0.3125000000000000000 ) ) ;
#2094 = CARTESIAN_POINT ( 'NONE',  ( 0.0000000000000000000, 0.1968503937007874100, 0.1822086190252556200 ) ) ;
#2095 = CARTESIAN_POINT ( 'NONE',  ( 2.067760738647403800E-017, -0.1688454777399540100, -0.02214566929133853600 ) ) ;
#2096 = CC_DESIGN_APPROVAL ( #3102, ( #3582 ) ) ;
#2097 = EDGE_CURVE ( 'NONE', #3699, #1956, #605, .T. ) ;
#2098 = CARTESIAN_POINT ( 'NONE',  ( -0.1980247617844316000, 0.06434214544559113700, 0.08898227286654993000 ) ) ;
#2099 = CARTESIAN_POINT ( 'NONE',  ( -0.1605815918515515800, -0.05217612204500268700, 0.1861456268992717800 ) ) ;
#2100 = CARTESIAN_POINT ( 'NONE',  ( 0.0000000000000000000, 0.1968503937007874100, -0.2902323258566343900 ) ) ;
#2101 = EDGE_LOOP ( 'NONE', ( #137, #1260, #3522, #282 ) ) ;
#2102 = ADVANCED_FACE ( 'NONE', ( #3595 ), #2136, .F. ) ;
#2103 = CARTESIAN_POINT ( 'NONE',  ( -0.1157057583252900100, 0.1592553138533361100, 0.2416338582677164900 ) ) ;
#2104 = SHAPE_DEFINITION_REPRESENTATION ( #535, #1470 ) ;
#2105 = CARTESIAN_POINT ( 'NONE',  ( -0.1900200246719417300, -0.02110196085761739700, -0.2947363619804607100 ) ) ;
#2106 = EDGE_LOOP ( 'NONE', ( #3435, #1905, #3054, #2871 ) ) ;
#2107 = CYLINDRICAL_SURFACE ( 'NONE', #1183, 0.1968503937007874100 ) ;
#2108 = CARTESIAN_POINT ( 'NONE',  ( 0.1436285421260782600, -0.1043522440900053100, -0.01033464566929129100 ) ) ;
#2109 = EDGE_CURVE ( 'NONE', #2006, #913, #1236, .T. ) ;
#2110 = CARTESIAN_POINT ( 'NONE',  ( 2.549905147760534400E-017, -0.2082155564801114200, 0.1126043201106444200 ) ) ;
#2111 = CARTESIAN_POINT ( 'NONE',  ( 0.09924488173182205400, -0.1365988609149796600, -0.1051929557778936700 ) ) ;
#2112 = CARTESIAN_POINT ( 'NONE',  ( 2.410722045565655500E-017, -0.1968503937007873000, -0.01464177467553190400 ) ) ;
#2113 = EDGE_LOOP ( 'NONE', ( #2473, #2444, #1810, #1858, #368, #3520 ) ) ;
#2114 = AXIS2_PLACEMENT_3D ( 'NONE', #2490, #1276, #77 ) ;
#2115 = ORIENTED_EDGE ( 'NONE', *, *, #347, .T. ) ;
#2116 = DIRECTION ( 'NONE',  ( -0.7071067811865486800, 8.659560562354947600E-017, 0.7071067811865462400 ) ) ;
#2117 = DIRECTION ( 'NONE',  ( -0.0000000000000000000, -0.0000000000000000000, -1.000000000000000000 ) ) ;
#2118 = ORIENTED_EDGE ( 'NONE', *, *, #2298, .F. ) ;
#2119 = CARTESIAN_POINT ( 'NONE',  ( -0.1605815918515515800, -0.05217612204500268700, 0.1983267716535434500 ) ) ;
#2120 = CARTESIAN_POINT ( 'NONE',  ( 0.09924488173182205400, -0.1365988609149796600, -0.3414134282188394100 ) ) ;
#2121 = CARTESIAN_POINT ( 'NONE',  ( 0.0000000000000000000, 0.1968503937007874100, -0.3125000000000000000 ) ) ;
#2122 = ORIENTED_EDGE ( 'NONE', *, *, #1891, .F. ) ;
#2123 = ADVANCED_FACE ( 'NONE', ( #542 ), #996, .F. ) ;
#2124 = CARTESIAN_POINT ( 'NONE',  ( -0.1775346415770249200, -6.413618460845107500E-018, -0.1205708661417322600 ) ) ;
#2125 = ORIENTED_EDGE ( 'NONE', *, *, #715, .F. ) ;
#2126 = CARTESIAN_POINT ( 'NONE',  ( -0.1771187314312765700, 0.1286842908911822700, -0.1511752074484108100 ) ) ;
#2127 = CARTESIAN_POINT ( 'NONE',  ( 2.067760738647403800E-017, -0.1688454777399540100, -0.1130669715259251900 ) ) ;
#2128 = FACE_OUTER_BOUND ( 'NONE', #311, .T. ) ;
#2129 =( BOUNDED_CURVE ( )  B_SPLINE_CURVE ( 2, ( #2295, #3780, #1135, #549, #3898, #2353, #3569, #1162, #1431, #1778, #2402, #863, #3546, #562, #2996, #1744, #2971, #2958, #2666, #2080, #2654, #3254, #2099, #573, #2379, #879, #1146, #2683, #3847, #2057, #1443, #252, #827, #1487, #2945, #3266, #3555, #1187, #1754, #3862, #2065, #262, #3884, #3288, #1459, #2365, #2391, #1768, #2986, #3872, #272, #1175, #3278, #587, #1472, #3585, #2090, #3597, #286, #1790, #40, #2720, #1238, #1223, #931, #3030, #1801, #1551, #1815, #1248, #2160, #362, #3610, #2746, #3040, #3622, #3343, #338, #3328, #64, #2465, #904, #1500, #621, #2707, #27, #3650, #3052, #2733, #891, #350, #3019, #3637, #1210, #633, #2758, #2111, #608, #2127, #3303, #1538, #51, #3314, #1514, #324, #1526, #2414, #3355, #1843, #2149, #2453, #2424, #643, #944, #3663, #12, #1829, #3007, #1852, #916, #2138, #1196, #309, #2436, #2200, #2501, #968, #676, #655, #1573, #3675, #3714, #1921, #2485, #85, #122, #703, #1284, #1312, #2186, #1894 ),
 .UNSPECIFIED., .F., .T. ) 
 B_SPLINE_CURVE_WITH_KNOTS ( ( 3, 2, 2, 2, 2, 2, 2, 2, 2, 2, 2, 2, 2, 2, 2, 2, 2, 2, 2, 2, 2, 2, 2, 2, 2, 2, 2, 2, 2, 2, 2, 2, 2, 2, 2, 2, 2, 2, 2, 2, 2, 2, 2, 2, 2, 2, 2, 2, 2, 2, 2, 2, 2, 2, 2, 2, 2, 2, 2, 2, 2, 2, 2, 2, 2, 2, 2, 2, 2, 2, 3 ),
 ( 0.06724513398828389800, 0.07832083178746515600, 0.08950952204281734100, 0.1006982122981695300, 0.1118869025535217100, 0.1230755928088738800, 0.1342642830642260500, 0.1454529733195782400, 0.1566416635749304500, 0.1678303538302826100, 0.1790190440856347900, 0.1902077343409869800, 0.2013964245963391600, 0.2125851148516913500, 0.2237738051070435300, 0.2349624953623957200, 0.2461511856177478500, 0.2573398758731000900, 0.2685285661284522700, 0.2797172563838044600, 0.2909059466391566400, 0.3020946368945088300, 0.3132833271498610100, 0.3244720174052132000, 0.3356607076605653800, 0.3468493979159175700, 0.3580380881712697500, 0.3692267784266218800, 0.3804154686819740700, 0.3916041589373263100, 0.4027928491926784400, 0.4139815394480306800, 0.4251702297033828600, 0.4363589199587350500, 0.4475476102140871800, 0.4587363004694393600, 0.4699249907247916000, 0.4811136809801437900, 0.4923023712354959200, 0.5034910614908481000, 0.5146797517462001800, 0.5258684420015524700, 0.5370571322569046600, 0.5482458225122567300, 0.5594345127676090300, 0.5706232030229612100, 0.5818118932783132900, 0.5930005835336655800, 0.6041892737890176600, 0.6153779640443699500, 0.6265666542997220300, 0.6377553445550742100, 0.6489440348104265100, 0.6601327250657785800, 0.6713214153211307700, 0.6825101055764829500, 0.6936987958318351400, 0.7048874860871873200, 0.7160761763425396200, 0.7272648665978916900, 0.7384535568532438800, 0.7496422471085960600, 0.7608309373639482500, 0.7720196276193004300, 0.7832083178746526200, 0.7943970081300048000, 0.8055856983853569900, 0.8167743886407091700, 0.8279630788960612400, 0.8391517691514135400, 0.8422380656018684200 ),
 .UNSPECIFIED. ) 
 CURVE ( )  GEOMETRIC_REPRESENTATION_ITEM ( )  RATIONAL_B_SPLINE_CURVE ( ( 0.9990214412187601300, 0.9515507872340354100, 1.000000000000000000, 0.9510565162951535300, 1.000000000000000000, 0.9510565162951535300, 1.000000000000000000, 0.9510565162951535300, 1.000000000000000000, 0.9510565162951535300, 1.000000000000000000, 0.9510565162951535300, 1.000000000000000000, 0.9510565162951535300, 1.000000000000000000, 0.9510565162951535300, 1.000000000000000000, 0.9510565162951535300, 1.000000000000000000, 0.9510565162951535300, 1.000000000000000000, 0.9510565162951535300, 1.000000000000000000, 0.9510565162951535300, 1.000000000000000000, 0.9510565162951535300, 1.000000000000000000, 0.9510565162951535300, 1.000000000000000000, 0.9510565162951535300, 1.000000000000000000, 0.9510565162951535300, 1.000000000000000000, 0.9510565162951535300, 1.000000000000000000, 0.9510565162951535300, 1.000000000000000000, 0.9510565162951535300, 1.000000000000000000, 0.9510565162951535300, 1.000000000000000000, 0.9510565162951535300, 1.000000000000000000, 0.9510565162951535300, 1.000000000000000000, 0.9510565162951535300, 1.000000000000000000, 0.9510565162951535300, 1.000000000000000000, 0.9510565162951535300, 1.000000000000000000, 0.9510565162951535300, 1.000000000000000000, 0.9510565162951535300, 1.000000000000000000, 0.9510565162951535300, 1.000000000000000000, 0.9510565162951535300, 1.000000000000000000, 0.9510565162951535300, 1.000000000000000000, 0.9510565162951535300, 1.000000000000000000, 0.9510565162951535300, 1.000000000000000000, 0.9510565162951535300, 1.000000000000000000, 0.9510565162951535300, 1.000000000000000000, 0.9510565162951535300, 1.000000000000000000, 0.9510565162951535300, 1.000000000000000000, 0.9510565162951535300, 1.000000000000000000, 0.9510565162951535300, 1.000000000000000000, 0.9510565162951535300, 1.000000000000000000, 0.9510565162951535300, 1.000000000000000000, 0.9510565162951535300, 1.000000000000000000, 0.9510565162951535300, 1.000000000000000000, 0.9510565162951535300, 1.000000000000000000, 0.9510565162951535300, 1.000000000000000000, 0.9510565162951535300, 1.000000000000000000, 0.9510565162951535300, 1.000000000000000000, 0.9510565162951535300, 1.000000000000000000, 0.9510565162951535300, 1.000000000000000000, 0.9510565162951535300, 1.000000000000000000, 0.9510565162951535300, 1.000000000000000000, 0.9510565162951535300, 1.000000000000000000, 0.9510565162951535300, 1.000000000000000000, 0.9510565162951535300, 1.000000000000000000, 0.9510565162951535300, 1.000000000000000000, 0.9510565162951535300, 1.000000000000000000, 0.9510565162951535300, 1.000000000000000000, 0.9510565162951535300, 1.000000000000000000, 0.9510565162951535300, 1.000000000000000000, 0.9510565162951535300, 1.000000000000000000, 0.9510565162951535300, 1.000000000000000000, 0.9510565162951535300, 1.000000000000000000, 0.9510565162951535300, 1.000000000000000000, 0.9510565162951535300, 1.000000000000000000, 0.9510565162951535300, 1.000000000000000000, 0.9510565162951535300, 1.000000000000000000, 0.9510565162951535300, 1.000000000000000000, 0.9510565162951535300, 1.000000000000000000, 0.9510565162951535300, 1.000000000000000000, 0.9510565162951535300, 1.000000000000000000, 0.9864993938893870100, 0.9804468217786861400 ) ) 
 REPRESENTATION_ITEM ( '' )  );
#2130 = CARTESIAN_POINT ( 'NONE',  ( 2.410722045565655500E-017, -0.1968503937007873000, 0.1156496062992125000 ) ) ;
#2131 = CARTESIAN_POINT ( 'NONE',  ( -0.1157057583252899500, -0.1592553138533360800, 0.2652559055118110500 ) ) ;
#2132 = VECTOR ( 'NONE', #1660, 39.37007874015748900 ) ;
#2133 = CARTESIAN_POINT ( 'NONE',  ( 0.09924488173182204100, 0.1365988609149797500, 0.08809055118110249700 ) ) ;
#2134 = CARTESIAN_POINT ( 'NONE',  ( 0.1674509465259921000, 0.1216602340058848700, -0.1445630345180516600 ) ) ;
#2135 = CARTESIAN_POINT ( 'NONE',  ( 2.067760738647403800E-017, -0.1688454777399540100, 0.05659448818897649900 ) ) ;
#2136 = CYLINDRICAL_SURFACE ( 'NONE', #2142, 0.1328125000000000000 ) ;
#2137 = CARTESIAN_POINT ( 'NONE',  ( 0.0000000000000000000, 0.2082155564801114700, -0.3204665460310880400 ) ) ;
#2138 = CARTESIAN_POINT ( 'NONE',  ( -0.09924488173182202700, -0.1365988609149796600, -0.1996811447542717300 ) ) ;
#2139 = CARTESIAN_POINT ( 'NONE',  ( -0.5625000000000001100, -4.677727003701036800E-017, -0.3125000000000000000 ) ) ;
#2140 = AXIS2_PLACEMENT_3D ( 'NONE', #156, #1978, #759 ) ;
#2141 = ADVANCED_FACE ( 'NONE', ( #2048 ), #3216, .F. ) ;
#2142 = AXIS2_PLACEMENT_3D ( 'NONE', #1309, #2848, #2539 ) ;
#2143 = CARTESIAN_POINT ( 'NONE',  ( 0.09924488173182205400, -0.1365988609149796600, 0.1432086614173229700 ) ) ;
#2144 = CARTESIAN_POINT ( 'NONE',  ( -0.1157057583252900100, 0.1592553138533361100, -0.2036181526282878900 ) ) ;
#2145 = CARTESIAN_POINT ( 'NONE',  ( 0.06396057012460035200, 0.1968503937007783900, -0.1366890187700210700 ) ) ;
#2146 = CARTESIAN_POINT ( 'NONE',  ( -0.1605815918515516000, 0.05217612204500267400, -0.2819881889763779500 ) ) ;
#2147 = ORIENTED_EDGE ( 'NONE', *, *, #1027, .T. ) ;
#2148 = CARTESIAN_POINT ( 'NONE',  ( 0.1771187314312765700, 0.1286842908911823300, -0.3322775696531353200 ) ) ;
#2149 = CARTESIAN_POINT ( 'NONE',  ( 0.05486122133756580300, 0.1688454777399540400, -0.1563740581400984200 ) ) ;
#2150 = APPROVAL_PERSON_ORGANIZATION ( #2718, #3251, #2880 ) ;
#2151 = CARTESIAN_POINT ( 'NONE',  ( 0.1605815918515516000, -0.05217612204500263900, 0.2298228346456694700 ) ) ;
#2152 = DIRECTION ( 'NONE',  ( -0.0000000000000000000, 1.881251777004309100E-018, 1.000000000000000000 ) ) ;
#2153 = CARTESIAN_POINT ( 'NONE',  ( 0.0000000000000000000, -1.184750211852384300E-034, -0.3125000000000000000 ) ) ;
#2154 = ORIENTED_EDGE ( 'NONE', *, *, #485, .F. ) ;
#2155 = CARTESIAN_POINT ( 'NONE',  ( 0.1605815918515516000, -0.05217612204500263900, 0.3085629921259844800 ) ) ;
#2156 = CARTESIAN_POINT ( 'NONE',  ( 0.1460527809901266700, 0.1319797812742733700, -0.3006889763779526100 ) ) ;
#2157 = CARTESIAN_POINT ( 'NONE',  ( -0.05486122133756579000, -0.1688454777399539800, -0.2623031496062992500 ) ) ;
#2158 = EDGE_CURVE ( 'NONE', #3363, #1774, #3547, .T. ) ;
#2159 = CARTESIAN_POINT ( 'NONE',  ( -0.2189307921375865400, -1.401796795299716600E-017, -0.3795216641413243200 ) ) ;
#2160 = CARTESIAN_POINT ( 'NONE',  ( 0.09924488173182204100, 0.1365988609149797500, -0.002830751053484230300 ) ) ;
#2161 = ORIENTED_EDGE ( 'NONE', *, *, #2670, .T. ) ;
#2162 = ORIENTED_EDGE ( 'NONE', *, *, #3269, .T. ) ;
#2163 = AXIS2_PLACEMENT_3D ( 'NONE', #1098, #3206, #2013 ) ;
#2164 = CARTESIAN_POINT ( 'NONE',  ( 2.067760738647403800E-017, -0.1688454777399540100, 0.2140748031496065000 ) ) ;
#2165 = ORIENTED_EDGE ( 'NONE', *, *, #397, .F. ) ;
#2166 = DIRECTION ( 'NONE',  ( 0.0000000000000000000, -1.000000000000000000, 0.0000000000000000000 ) ) ;
#2167 = CARTESIAN_POINT ( 'NONE',  ( 0.1223860333968800200, -0.1684499236856468200, 0.3112381571823277200 ) ) ;
#2168 = DIRECTION ( 'NONE',  ( 0.0000000000000000000, 1.000000000000000000, 0.0000000000000000000 ) ) ;
#2169 = CARTESIAN_POINT ( 'NONE',  ( 0.0000000000000000000, 0.1688454777399540600, 0.09596456692913397900 ) ) ;
#2170 = CARTESIAN_POINT ( 'NONE',  ( 0.0000000000000000000, 0.5625000000000001100, 0.08578124999999983700 ) ) ;
#2171 = CARTESIAN_POINT ( 'NONE',  ( 0.0000000000000000000, 0.8046875000000000000, 0.09375000000000026400 ) ) ;
#2172 = EDGE_CURVE ( 'NONE', #1409, #360, #1944, .T. ) ;
#2173 = CARTESIAN_POINT ( 'NONE',  ( 2.067760738647403800E-017, -0.1688454777399540100, -0.3371062992125985500 ) ) ;
#2174 = CARTESIAN_POINT ( 'NONE',  ( -0.09924488173182208200, 0.1365988609149797200, -0.3686023622047244800 ) ) ;
#2175 = CARTESIAN_POINT ( 'NONE',  ( 0.06396057012460035200, 0.1968503937007783900, -0.05794886128970610400 ) ) ;
#2176 = CARTESIAN_POINT ( 'NONE',  ( -0.06396057012457541400, 0.1968503937007965200, 0.2648857843795854300 ) ) ;
#2177 = FACE_BOUND ( 'NONE', #1505, .T. ) ;
#2178 =( BOUNDED_CURVE ( )  B_SPLINE_CURVE ( 2, ( #1540, #3652, #3665, #55, #2204, #3703, #2810, #3068, #646, #985, #2503, #3043, #2151, #352, #66, #1552, #2164, #3678, #657, #1239, #1882, #365, #1845, #2759, #2476, #2799, #2455, #2467, #76, #1896, #667, #2773, #380, #689, #2488, #1252, #87, #2188, #2787, #3095, #972, #946, #1285, #2179, #3079, #1274, #3055, #3380, #958, #3356, #1262, #3366, #1564, #1867, #1576, #3690, #388, #3395, #1590, #102, #401, #1644, #3407, #466, #3742, #1021, #414, #2514, #705, #124, #758, #3127, #2250, #1007, #1314, #2825, #1938, #3422, #3755, #1950, #152, #1617, #3137, #2227, #2531, #453, #2215, #1605, #2560, #3730, #3461, #1329, #115, #2548, #1923, #136, #429, #2838, #1300, #719, #163, #3436, #746, #2266, #1631, #2238, #2572, #1050, #441, #1658, #732, #2852, #1037, #2865, #3112, #3154, #1339, #3450, #997, #3167, #1354, #3767, #1963, #3716, #1910, #2588, #2902, #222, #2024, #1076, #178, #2008, #3503, #540, #205, #783, #3535, #769, #3821, #1120, #1703 ),
 .UNSPECIFIED., .F., .T. ) 
 B_SPLINE_CURVE_WITH_KNOTS ( ( 3, 2, 2, 2, 2, 2, 2, 2, 2, 2, 2, 2, 2, 2, 2, 2, 2, 2, 2, 2, 2, 2, 2, 2, 2, 2, 2, 2, 2, 2, 2, 2, 2, 2, 2, 2, 2, 2, 2, 2, 2, 2, 2, 2, 2, 2, 2, 2, 2, 2, 2, 2, 2, 2, 2, 2, 2, 2, 2, 2, 2, 2, 2, 2, 2, 2, 2, 2, 2, 2, 3 ),
 ( 0.08453340794392971700, 0.08950951542265130100, 0.1006982048504827800, 0.1118868942783142500, 0.1230755837061457100, 0.1342642731339772100, 0.1454529625618086700, 0.1566416519896401400, 0.1678303414174716300, 0.1790190308453031300, 0.1902077202731346000, 0.2013964097009660600, 0.2125850991287975300, 0.2237737885566289900, 0.2349624779844605200, 0.2461511674122919800, 0.2573398568401233900, 0.2685285462679549200, 0.2797172356957864400, 0.2909059251236178500, 0.3020946145514493700, 0.3132833039792808400, 0.3244719934071123000, 0.3356606828349437700, 0.3468493722627752400, 0.3580380616906067600, 0.3692267511184382200, 0.3804154405462696900, 0.3916041299741012100, 0.4027928194019326800, 0.4139815088297641400, 0.4251701982575956100, 0.4363588876854271300, 0.4475475771132585400, 0.4587362665410900100, 0.4699249559689215900, 0.4811136453967530500, 0.4923023348245844600, 0.5034910242524159900, 0.5146797136802474500, 0.5258684031080789200, 0.5370570925359103900, 0.5482457819637418500, 0.5594344713915733200, 0.5706231608194047800, 0.5818118502472362500, 0.5930005396750677200, 0.6041892291028991800, 0.6153779185307308700, 0.6265666079585622300, 0.6377552973863936900, 0.6489439868142251600, 0.6601326762420566300, 0.6713213656698879800, 0.6825100550977197800, 0.6936987445255511400, 0.7048874339533826000, 0.7160761233812140700, 0.7272648128090454200, 0.7384535022368768900, 0.7496421916647085800, 0.7608308810925399300, 0.7720195705203714000, 0.7832082599482029800, 0.7943969493760343300, 0.8055856388038659100, 0.8167743282316974900, 0.8279630176595288400, 0.8391517070873603100, 0.8503403965151916700, 0.8594440776277313400 ),
 .UNSPECIFIED. ) 
 CURVE ( )  GEOMETRIC_REPRESENTATION_ITEM ( )  RATIONAL_B_SPLINE_CURVE ( ( 0.9758271243136940100, 0.9782326574645501300, 1.000000000000000000, 0.9510565162951535300, 1.000000000000000000, 0.9510565162951535300, 1.000000000000000000, 0.9510565162951535300, 1.000000000000000000, 0.9510565162951535300, 1.000000000000000000, 0.9510565162951535300, 1.000000000000000000, 0.9510565162951535300, 1.000000000000000000, 0.9510565162951535300, 1.000000000000000000, 0.9510565162951535300, 1.000000000000000000, 0.9510565162951535300, 1.000000000000000000, 0.9510565162951535300, 1.000000000000000000, 0.9510565162951535300, 1.000000000000000000, 0.9510565162951535300, 1.000000000000000000, 0.9510565162951535300, 1.000000000000000000, 0.9510565162951535300, 1.000000000000000000, 0.9510565162951535300, 1.000000000000000000, 0.9510565162951535300, 1.000000000000000000, 0.9510565162951535300, 1.000000000000000000, 0.9510565162951535300, 1.000000000000000000, 0.9510565162951535300, 1.000000000000000000, 0.9510565162951535300, 1.000000000000000000, 0.9510565162951535300, 1.000000000000000000, 0.9510565162951535300, 1.000000000000000000, 0.9510565162951535300, 1.000000000000000000, 0.9510565162951535300, 1.000000000000000000, 0.9510565162951535300, 1.000000000000000000, 0.9510565162951535300, 1.000000000000000000, 0.9510565162951535300, 1.000000000000000000, 0.9510565162951535300, 1.000000000000000000, 0.9510565162951535300, 1.000000000000000000, 0.9510565162951535300, 1.000000000000000000, 0.9510565162951535300, 1.000000000000000000, 0.9510565162951535300, 1.000000000000000000, 0.9510565162951535300, 1.000000000000000000, 0.9510565162951535300, 1.000000000000000000, 0.9510565162951535300, 1.000000000000000000, 0.9510565162951535300, 1.000000000000000000, 0.9510565162951535300, 1.000000000000000000, 0.9510565162951535300, 1.000000000000000000, 0.9510565162951535300, 1.000000000000000000, 0.9510565162951535300, 1.000000000000000000, 0.9510565162951535300, 1.000000000000000000, 0.9510565162951535300, 1.000000000000000000, 0.9510565162951535300, 1.000000000000000000, 0.9510565162951535300, 1.000000000000000000, 0.9510565162951535300, 1.000000000000000000, 0.9510565162951535300, 1.000000000000000000, 0.9510565162951535300, 1.000000000000000000, 0.9510565162951535300, 1.000000000000000000, 0.9510565162951535300, 1.000000000000000000, 0.9510565162951535300, 1.000000000000000000, 0.9510565162951535300, 1.000000000000000000, 0.9510565162951535300, 1.000000000000000000, 0.9510565162951535300, 1.000000000000000000, 0.9510565162951535300, 1.000000000000000000, 0.9510565162951535300, 1.000000000000000000, 0.9510565162951535300, 1.000000000000000000, 0.9510565162951535300, 1.000000000000000000, 0.9510565162951535300, 1.000000000000000000, 0.9510565162951535300, 1.000000000000000000, 0.9510565162951535300, 1.000000000000000000, 0.9510565162951535300, 1.000000000000000000, 0.9510565162951535300, 1.000000000000000000, 0.9510565162951535300, 1.000000000000000000, 0.9510565162951535300, 1.000000000000000000, 0.9510565162951535300, 1.000000000000000000, 0.9510565162951535300, 1.000000000000000000, 0.9510565162951535300, 1.000000000000000000, 0.9510565162951535300, 1.000000000000000000, 0.9601771171628579200, 0.9851580397525745400 ) ) 
 REPRESENTATION_ITEM ( '' )  );
#2179 = CARTESIAN_POINT ( 'NONE',  ( -0.1436285421260782800, 0.1043522440900053500, 0.1077755905511812000 ) ) ;
#2180 = CONICAL_SURFACE ( 'NONE', #3702, 0.1328125000000000000, 0.7853981633974600500 ) ;
#2181 = CARTESIAN_POINT ( 'NONE',  ( 0.0000000000000000000, 1.156381951677334900E-018, 0.3021874999999993900 ) ) ;
#2182 = CARTESIAN_POINT ( 'NONE',  ( -0.1436285421260782800, 0.1043522440900053500, -0.04970472440944873100 ) ) ;
#2183 = LINE ( 'NONE', #3416, #1711 ) ;
#2184 = DIRECTION ( 'NONE',  ( -0.0000000000000000000, -1.881251777004310600E-018, -1.000000000000000000 ) ) ;
#2185 = DIRECTION ( 'NONE',  ( -0.0000000000000000000, 1.881251777004309100E-018, 1.000000000000000000 ) ) ;
#2186 = CARTESIAN_POINT ( 'NONE',  ( -0.01458926331688894700, -0.1688454777399539500, -0.2715942563343691800 ) ) ;
#2187 = AXIS2_PLACEMENT_3D ( 'NONE', #3382, #668, #973 ) ;
#2188 = CARTESIAN_POINT ( 'NONE',  ( -0.05486122133756579000, -0.1688454777399540100, 0.1313976377952757500 ) ) ;
#2189 = CARTESIAN_POINT ( 'NONE',  ( 0.0000000000000000000, 0.1968503937007874100, 0.1822086190252556200 ) ) ;
#2190 = CARTESIAN_POINT ( 'NONE',  ( 0.0000000000000000000, 0.1688454777399540600, -0.07369689278576838100 ) ) ;
#2191 = CARTESIAN_POINT ( 'NONE',  ( 0.0000000000000000000, 2.619896612091631500E-017, -0.3125000000000000000 ) ) ;
#2192 = AXIS2_PLACEMENT_3D ( 'NONE', #1337, #2569, #171 ) ;
#2193 = VERTEX_POINT ( 'NONE', #1348 ) ;
#2194 = CARTESIAN_POINT ( 'NONE',  ( -0.1605815918515515800, -0.05217612204500268700, -0.03789370078740150100 ) ) ;
#2195 = CARTESIAN_POINT ( 'NONE',  ( -0.09924488173182208200, 0.1365988609149797200, 0.09165743792289314500 ) ) ;
#2196 = DIRECTION ( 'NONE',  ( -0.0000000000000000000, -0.0000000000000000000, -1.000000000000000000 ) ) ;
#2197 = CARTESIAN_POINT ( 'NONE',  ( 0.2069807528028085300, 3.887288194116977200E-017, -0.2583661417322837300 ) ) ;
#2198 = VECTOR ( 'NONE', #2410, 39.37007874015748100 ) ;
#2199 = CARTESIAN_POINT ( 'NONE',  ( 0.1775346415770249200, 3.706982764817010900E-017, -0.2386811023622047400 ) ) ;
#2200 = CARTESIAN_POINT ( 'NONE',  ( -0.1605815918515516000, 0.05217612204500267400, -0.2154291762503347000 ) ) ;
#2201 = ORIENTED_EDGE ( 'NONE', *, *, #3179, .T. ) ;
#2202 = FACE_OUTER_BOUND ( 'NONE', #413, .T. ) ;
#2203 = VERTEX_POINT ( 'NONE', #1946 ) ;
#2204 = CARTESIAN_POINT ( 'NONE',  ( -0.09924488173182208200, 0.1365988609149797200, 0.2613188976377954800 ) ) ;
#2205 = CARTESIAN_POINT ( 'NONE',  ( -0.1223860333968799800, -0.1684499236856468200, 0.2954901256862647000 ) ) ;
#2206 = ORIENTED_EDGE ( 'NONE', *, *, #284, .T. ) ;
#2207 = CARTESIAN_POINT ( 'NONE',  ( 0.0000000000000000000, 0.1688454777399540600, -0.1402559055118110200 ) ) ;
#2208 = CARTESIAN_POINT ( 'NONE',  ( 0.1436285421260782600, -0.1043522440900053100, 0.1349645245370664200 ) ) ;
#2209 = DIRECTION ( 'NONE',  ( 1.000000000000000000, 0.0000000000000000000, 0.0000000000000000000 ) ) ;
#2210 = EDGE_CURVE ( 'NONE', #96, #692, #1846, .T. ) ;
#2211 = EDGE_LOOP ( 'NONE', ( #3285, #1788 ) ) ;
#2212 = ORIENTED_EDGE ( 'NONE', *, *, #3771, .F. ) ;
#2213 = VERTEX_POINT ( 'NONE', #409 ) ;
#2214 = CIRCLE ( 'NONE', #2925, 0.1407812500000006100 ) ;
#2215 = CARTESIAN_POINT ( 'NONE',  ( 0.0000000000000000000, 0.1688454777399540600, -0.06151574803149605100 ) ) ;
#2216 = CARTESIAN_POINT ( 'NONE',  ( 0.2086614173228346600, 5.175261980391226500E-017, -0.3125000000000000000 ) ) ;
#2217 = CARTESIAN_POINT ( 'NONE',  ( -0.1730783923687745900, 1.638658761744220300E-015, -0.2769169750459400900 ) ) ;
#2218 = CONICAL_SURFACE ( 'NONE', #427, 0.1328125000000000000, 0.7853981633974600500 ) ;
#2219 = CARTESIAN_POINT ( 'NONE',  ( -0.1775346415770249200, -6.413618460845107500E-018, -0.04183070866141729000 ) ) ;
#2220 = CARTESIAN_POINT ( 'NONE',  ( -0.05486122133756579000, -0.1688454777399539800, 0.1979566505213184200 ) ) ;
#2221 = DIRECTION ( 'NONE',  ( 0.0000000000000000000, -1.000000000000000000, 0.0000000000000000000 ) ) ;
#2222 = DIRECTION ( 'NONE',  ( 0.0000000000000000000, -1.000000000000000000, 0.0000000000000000000 ) ) ;
#2223 = FACE_BOUND ( 'NONE', #2475, .T. ) ;
#2224 = CARTESIAN_POINT ( 'NONE',  ( 0.1872158496644003300, -0.06083011700294235100, -0.07763390065978390000 ) ) ;
#2225 = CONICAL_SURFACE ( 'NONE', #1352, 0.1328125000000000000, 0.7853981633974579400 ) ;
#2226 = DESIGN_CONTEXT ( 'detailed design', #3162, 'design' ) ;
#2227 = CARTESIAN_POINT ( 'NONE',  ( -0.1436285421260782800, 0.1043522440900053500, -0.04970472440944873100 ) ) ;
#2228 = CARTESIAN_POINT ( 'NONE',  ( -0.06765333536248341300, 0.2082155564801114700, 0.03171059812720943000 ) ) ;
#2229 = EDGE_CURVE ( 'NONE', #934, #1305, #2999, .T. ) ;
#2230 = CARTESIAN_POINT ( 'NONE',  ( -0.09924488173182202700, -0.1365988609149796600, -0.1087598425196850100 ) ) ;
#2231 = CARTESIAN_POINT ( 'NONE',  ( -0.1436285421260782800, 0.1043522440900053500, 0.2530747607575388700 ) ) ;
#2232 = CARTESIAN_POINT ( 'NONE',  ( 0.0000000000000000000, 1.175782360627693200E-018, 0.3125000000000000000 ) ) ;
#2233 = CARTESIAN_POINT ( 'NONE',  ( -0.1605815918515516000, 0.05217612204500267400, 0.2570117686315546700 ) ) ;
#2234 = CARTESIAN_POINT ( 'NONE',  ( 0.2086614173228346600, 2.619896612091631500E-017, 0.3125000000000000000 ) ) ;
#2235 = CARTESIAN_POINT ( 'NONE',  ( -0.1232535325715544100, -0.1156010017108993600, -0.2726840604171196200 ) ) ;
#2236 = ORIENTED_EDGE ( 'NONE', *, *, #2298, .T. ) ;
#2237 = APPROVAL_DATE_TIME ( #226, #238 ) ;
#2238 = CARTESIAN_POINT ( 'NONE',  ( -0.05486122133756587300, 0.1688454777399540400, -0.1363188976377952800 ) ) ;
#2239 = CARTESIAN_POINT ( 'NONE',  ( 0.0000000000000000000, 0.1968503937007874100, -0.2386811023622049400 ) ) ;
#2240 = CARTESIAN_POINT ( 'NONE',  ( -0.1771187314312765700, 0.1286842908911822700, 0.1970649288358709300 ) ) ;
#2241 = PRODUCT_RELATED_PRODUCT_CATEGORY ( 'detail', '', ( #3487 ) ) ;
#2242 = CARTESIAN_POINT ( 'NONE',  ( -0.1436285421260782800, 0.1043522440900053500, -0.2071850393700787100 ) ) ;
#2243 = CARTESIAN_POINT ( 'NONE',  ( 0.1775346415770249200, 3.706982764817010900E-017, 0.1428385402850979000 ) ) ;
#2244 = DIRECTION ( 'NONE',  ( 0.0000000000000000000, -1.881251777004309100E-018, -1.000000000000000000 ) ) ;
#2245 = ORIENTED_EDGE ( 'NONE', *, *, #1445, .T. ) ;
#2246 = CARTESIAN_POINT ( 'NONE',  ( -0.09924488173182202700, -0.1365988609149796600, -0.3449803149606299700 ) ) ;
#2247 = CARTESIAN_POINT ( 'NONE',  ( 0.2069807528028085300, 3.887288194116977200E-017, 0.08378342217486189900 ) ) ;
#2248 = CARTESIAN_POINT ( 'NONE',  ( 0.5625000000000001100, 2.578744229469662300E-017, -0.3045312500000002500 ) ) ;
#2249 = CARTESIAN_POINT ( 'NONE',  ( -0.1223860333968800500, 0.1684499236856469000, -0.3580531814003497500 ) ) ;
#2250 = CARTESIAN_POINT ( 'NONE',  ( 0.1605815918515516000, -0.05217612204500263900, -0.006397637795275501100 ) ) ;
#2251 = ORIENTED_EDGE ( 'NONE', *, *, #3899, .F. ) ;
#2252 = CARTESIAN_POINT ( 'NONE',  ( -0.1872158496644002500, -0.06083011700294239900, -0.05757874015748045600 ) ) ;
#2253 = ORIENTED_EDGE ( 'NONE', *, *, #2068, .T. ) ;
#2254 = DIRECTION ( 'NONE',  ( 0.0000000000000000000, 1.881251777004309100E-018, 1.000000000000000000 ) ) ;
#2255 = CARTESIAN_POINT ( 'NONE',  ( 0.06765333536248335800, 0.2082155564801114700, 0.1025767398594929500 ) ) ;
#2256 = CARTESIAN_POINT ( 'NONE',  ( 0.1775346415770249200, 3.706982764817010900E-017, 0.06409838280478288900 ) ) ;
#2257 = ORIENTED_EDGE ( 'NONE', *, *, #3849, .F. ) ;
#2258 = CARTESIAN_POINT ( 'NONE',  ( 0.0000000000000000000, 0.1968503937007874100, -0.05401185341568941900 ) ) ;
#2259 = EDGE_CURVE ( 'NONE', #1305, #1501, #2537, .T. ) ;
#2260 = CARTESIAN_POINT ( 'NONE',  ( -0.1436285421260782800, 0.1043522440900053500, -0.2859251968503937500 ) ) ;
#2261 = CARTESIAN_POINT ( 'NONE',  ( 0.1909038065766850100, 0.02020685241183439000, 0.2955395197380668600 ) ) ;
#2262 = CARTESIAN_POINT ( 'NONE',  ( -0.1135592572825412600, -0.1251372045930712900, -0.2726840604171196800 ) ) ;
#2263 = LINE ( 'NONE', #3329, #432 ) ;
#2264 = CARTESIAN_POINT ( 'NONE',  ( 0.06765333536248338600, -0.2082155564801113900, -0.2438799530538930700 ) ) ;
#2265 = AXIS2_PLACEMENT_3D ( 'NONE', #3045, #3346, #1542 ) ;
#2266 = CARTESIAN_POINT ( 'NONE',  ( -0.1436285421260782800, 0.1043522440900053500, -0.1284448818897637700 ) ) ;
#2267 = FACE_OUTER_BOUND ( 'NONE', #1447, .T. ) ;
#2268 = CARTESIAN_POINT ( 'NONE',  ( -0.5625000000000001100, -4.677727003701036800E-017, 0.08578124999999976700 ) ) ;
#2269 = CARTESIAN_POINT ( 'NONE',  ( 5.122214988120493500E-017, -0.5625000000000001100, -0.3125000000000000000 ) ) ;
#2270 = CARTESIAN_POINT ( 'NONE',  ( 2.549905147760534400E-017, -0.2082155564801114200, 0.2246239839539812300 ) ) ;
#2271 = CARTESIAN_POINT ( 'NONE',  ( 0.0000000000000000000, 0.1688454777399540600, -0.07369689278576838100 ) ) ;
#2272 = LINE ( 'NONE', #1912, #1757 ) ;
#2273 = CARTESIAN_POINT ( 'NONE',  ( -0.1625095478928759700, 0.07309379034473409400, -0.2810697682924963600 ) ) ;
#2274 = CARTESIAN_POINT ( 'NONE',  ( 0.1436285421260782600, -0.1043522440900053100, 0.2137046820173814100 ) ) ;
#2275 = DIRECTION ( 'NONE',  ( -1.000000000000000000, 0.0000000000000000000, 0.0000000000000000000 ) ) ;
#2276 = CARTESIAN_POINT ( 'NONE',  ( -0.1534565078805284500, -0.07042652584322624300, -0.2726840604171196200 ) ) ;
#2277 = CARTESIAN_POINT ( 'NONE',  ( 0.1980247617844316000, -0.06434214544559109500, -0.2320689294318458200 ) ) ;
#2278 = B_SPLINE_CURVE_WITH_KNOTS ( 'NONE', 3,
 ( #2876, #1371, #1023, #1717, #2026, #527 ),
 .UNSPECIFIED., .F., .F.,
 ( 4, 2, 4 ),
 ( 0.01718086657223138700, 0.01810975279424337200, 0.01903863901625535800 ),
 .UNSPECIFIED. ) ;
#2279 = CARTESIAN_POINT ( 'NONE',  ( 0.0000000000000000000, 2.619896612091631500E-017, 0.3006889763779528300 ) ) ;
#2280 = CARTESIAN_POINT ( 'NONE',  ( 0.1157057583252899800, -0.1592553138533360500, 0.04478346456692902700 ) ) ;
#2281 = CARTESIAN_POINT ( 'NONE',  ( -0.1980247617844316000, 0.06434214544559113700, 0.04352162174925670200 ) ) ;
#2282 = CARTESIAN_POINT ( 'NONE',  ( 0.0000000000000000000, 7.642585344080009900E-019, 0.09375000000000026400 ) ) ;
#2283 = EDGE_CURVE ( 'NONE', #1055, #2714, #1701, .T. ) ;
#2284 = CARTESIAN_POINT ( 'NONE',  ( 0.09924488173182204100, 0.1365988609149797500, -0.002830751053484859200 ) ) ;
#2285 = DIRECTION ( 'NONE',  ( 0.0000000000000000000, 0.0000000000000000000, 1.000000000000000000 ) ) ;
#2286 = ORIENTED_EDGE ( 'NONE', *, *, #529, .T. ) ;
#2287 = CARTESIAN_POINT ( 'NONE',  ( -0.1436285421260782300, -0.1043522440900053500, 0.1113424772929718900 ) ) ;
#2288 = CARTESIAN_POINT ( 'NONE',  ( 2.410722045565655500E-017, -0.1968503937007873000, -0.1993110236220475000 ) ) ;
#2289 = DIRECTION ( 'NONE',  ( 0.7071067811865542300, 0.0000000000000000000, 0.7071067811865405800 ) ) ;
#2290 = AXIS2_PLACEMENT_3D ( 'NONE', #3645, #1838, #2446 ) ;
#2291 = CARTESIAN_POINT ( 'NONE',  ( 0.1223860333968800200, -0.1684499236856468200, -0.3186831026601923400 ) ) ;
#2292 = EDGE_LOOP ( 'NONE', ( #885, #236, #53, #3530 ) ) ;
#2293 = CIRCLE ( 'NONE', #1455, 0.3437500000000000000 ) ;
#2294 = CARTESIAN_POINT ( 'NONE',  ( -0.1605815918515516000, 0.05217612204500267400, -0.3729094912109653400 ) ) ;
#2295 = CARTESIAN_POINT ( 'NONE',  ( -0.1000959292740066400, -0.1359764696409138700, 0.2726840604171195100 ) ) ;
#2296 = CARTESIAN_POINT ( 'NONE',  ( -0.1674509465259921000, 0.1216602340058848100, -0.2268700787401577400 ) ) ;
#2297 = CARTESIAN_POINT ( 'NONE',  ( 0.2189307921375865400, 3.960461081222081500E-017, -0.07065160659720000300 ) ) ;
#2298 = EDGE_CURVE ( 'NONE', #2213, #1409, #855, .T. ) ;
#2299 = ADVANCED_FACE ( 'NONE', ( #2699 ), #1990, .T. ) ;
#2300 = ORIENTED_EDGE ( 'NONE', *, *, #3492, .F. ) ;
#2301 = CARTESIAN_POINT ( 'NONE',  ( 0.0000000000000000000, 0.1688454777399540600, -0.1524370502660833400 ) ) ;
#2302 = DIRECTION ( 'NONE',  ( 0.0000000000000000000, -1.881251777004312500E-018, -1.000000000000000000 ) ) ;
#2303 = CARTESIAN_POINT ( 'NONE',  ( -0.02429358710594633300, 0.1859911622651654300, -0.2911817604501840100 ) ) ;
#2304 = EDGE_LOOP ( 'NONE', ( #7, #837, #3053, #2393 ) ) ;
#2305 = CARTESIAN_POINT ( 'NONE',  ( -0.1436285421260782300, -0.1043522440900053500, 0.1900826347732868500 ) ) ;
#2306 = CARTESIAN_POINT ( 'NONE',  ( 0.1436285421260782600, -0.1043522440900053100, -0.2587362628645085700 ) ) ;
#2307 = EDGE_LOOP ( 'NONE', ( #1128, #363, #2967, #3712 ) ) ;
#2308 = CARTESIAN_POINT ( 'NONE',  ( 0.06765333536248338600, -0.2082155564801113900, -0.1651397955735779700 ) ) ;
#2309 = VERTEX_POINT ( 'NONE', #817 ) ;
#2310 = CARTESIAN_POINT ( 'NONE',  ( -0.1980247617844316000, 0.06434214544559113700, 0.1677224303468649300 ) ) ;
#2311 = CARTESIAN_POINT ( 'NONE',  ( 0.06396057012457538600, -0.1968503937007964600, -0.2469252392424621200 ) ) ;
#2312 = EDGE_CURVE ( 'NONE', #1624, #2730, #19, .T. ) ;
#2313 = DIRECTION ( 'NONE',  ( 0.0000000000000000000, 1.000000000000000000, 0.0000000000000000000 ) ) ;
#2314 = ORIENTED_EDGE ( 'NONE', *, *, #1484, .F. ) ;
#2315 = CIRCLE ( 'NONE', #1099, 0.1407812500000000800 ) ;
#2316 = CARTESIAN_POINT ( 'NONE',  ( -0.02634659640512259500, -0.1718218227590247700, 0.2774726965447058000 ) ) ;
#2317 = CARTESIAN_POINT ( 'NONE',  ( 0.1436285421260782600, 0.1043522440900053900, -0.006767758927500583700 ) ) ;
#2318 = DIRECTION ( 'NONE',  ( 0.0000000000000000000, -1.000000000000000000, 0.0000000000000000000 ) ) ;
#2319 = AXIS2_PLACEMENT_3D ( 'NONE', #353, #68, #2166 ) ;
#2320 = CIRCLE ( 'NONE', #100, 0.1968503937007874100 ) ;
#2321 = CARTESIAN_POINT ( 'NONE',  ( 0.7032812499999998600, 4.302817301394292500E-017, -0.3125000000000000000 ) ) ;
#2322 = CARTESIAN_POINT ( 'NONE',  ( 0.1605815918515516000, -0.05217612204500263900, -0.01857878254954782600 ) ) ;
#2323 = CARTESIAN_POINT ( 'NONE',  ( 0.05486122133756580300, 0.1688454777399540400, -0.1563740581400990500 ) ) ;
#2324 = CARTESIAN_POINT ( 'NONE',  ( 0.1157057583252899800, -0.1592553138533360500, 0.2810039370078740200 ) ) ;
#2325 = CONICAL_SURFACE ( 'NONE', #1857, 0.2086614173228346600, 0.7853981633974500600 ) ;
#2326 =( BOUNDED_CURVE ( )  B_SPLINE_CURVE ( 2, ( #2381, #2656, #3557, #3227, #2066, #2369, #856, #576, #2973, #1164, #957 ),
 .UNSPECIFIED., .F., .T. ) 
 B_SPLINE_CURVE_WITH_KNOTS ( ( 3, 2, 2, 2, 2, 3 ),
 ( 0.5555555555555555800, 0.5666666666666666500, 0.5777777777777777200, 0.5888888888888889100, 0.5999999999999999800, 0.6111111111111111600 ),
 .UNSPECIFIED. ) 
 CURVE ( )  GEOMETRIC_REPRESENTATION_ITEM ( )  RATIONAL_B_SPLINE_CURVE ( ( 1.000000000000000000, 0.9510565162951534200, 1.000000000000000000, 0.9510565162951534200, 1.000000000000000000, 0.9510565162951534200, 1.000000000000000000, 0.9510565162951534200, 1.000000000000000000, 0.9510565162951534200, 1.000000000000000000 ) ) 
 REPRESENTATION_ITEM ( '' )  );
#2327 = CARTESIAN_POINT ( 'NONE',  ( 0.09924488173182205400, -0.1365988609149796600, 0.2219488188976379800 ) ) ;
#2328 = CARTESIAN_POINT ( 'NONE',  ( -0.1223860333968800500, 0.1684499236856469000, 0.1598484145988334500 ) ) ;
#2329 = CARTESIAN_POINT ( 'NONE',  ( 0.0000000000000000000, 0.7918124999999998100, 0.09375000000000026400 ) ) ;
#2330 = CARTESIAN_POINT ( 'NONE',  ( -0.1436285421260782300, -0.1043522440900053500, -0.2036181526282881100 ) ) ;
#2331 = CARTESIAN_POINT ( 'NONE',  ( -0.1872158496644003300, 0.06083011700294239200, 0.09202755905511801600 ) ) ;
#2332 = CARTESIAN_POINT ( 'NONE',  ( 0.02309952586357978000, -0.1750696919302757700, 0.2802297622855947600 ) ) ;
#2333 = CARTESIAN_POINT ( 'NONE',  ( -0.1436285421260782300, -0.1043522440900053500, 0.03260231981265689800 ) ) ;
#2334 = CARTESIAN_POINT ( 'NONE',  ( 0.1605815918515516000, -0.05217612204500263900, -0.2547992549904928300 ) ) ;
#2335 = CARTESIAN_POINT ( 'NONE',  ( 0.1674509465259921000, -0.1216602340058847400, 0.2062007874015748000 ) ) ;
#2336 = CARTESIAN_POINT ( 'NONE',  ( 0.1436285421260782600, 0.1043522440900053900, 0.2416338582677166900 ) ) ;
#2337 = B_SPLINE_CURVE_WITH_KNOTS ( 'NONE', 3,
 ( #2276, #477, #2861, #2885, #2235, #2262, #3186, #3484, #2851, #438, #463, #1057, #1018, #1366 ),
 .UNSPECIFIED., .F., .F.,
 ( 4, 2, 2, 2, 2, 2, 4 ),
 ( 0.0000000000000000000, 0.001041937392729208500, 0.001562906089093813000, 0.002083874785458417800, 0.003125812178187626900, 0.003646780874552231900, 0.004167749570916836500 ),
 .UNSPECIFIED. ) ;
#2338 = CARTESIAN_POINT ( 'NONE',  ( 0.1223860333968800200, -0.1684499236856468200, 0.1992184933389909400 ) ) ;
#2339 = CARTESIAN_POINT ( 'NONE',  ( 0.1674509465259921000, -0.1216602340058847400, -0.2390512234944296400 ) ) ;
#2340 = CARTESIAN_POINT ( 'NONE',  ( -0.1674509465259921000, -0.1216602340058848100, -0.2111220472440947800 ) ) ;
#2341 = ORIENTED_EDGE ( 'NONE', *, *, #3311, .T. ) ;
#2342 = APPROVAL_PERSON_ORGANIZATION ( #640, #238, #3481 ) ;
#2343 = EDGE_CURVE ( 'NONE', #2688, #460, #3353, .T. ) ;
#2344 = CARTESIAN_POINT ( 'NONE',  ( -0.1605815918515516000, 0.05217612204500267400, -0.2154291762503353400 ) ) ;
#2345 = VERTEX_POINT ( 'NONE', #2672 ) ;
#2346 = CIRCLE ( 'NONE', #305, 0.7918124999999997000 ) ;
#2347 = CARTESIAN_POINT ( 'NONE',  ( 0.1605815918515515800, 0.05217612204500271500, 0.06803539067879865700 ) ) ;
#2348 = CARTESIAN_POINT ( 'NONE',  ( 0.1605815918515515800, 0.05217612204500271500, -0.08944492428183134500 ) ) ;
#2349 = AXIS2_PLACEMENT_3D ( 'NONE', #2517, #960, #678 ) ;
#2350 = EDGE_LOOP ( 'NONE', ( #603, #467, #2523, #3188 ) ) ;
#2351 = CARTESIAN_POINT ( 'NONE',  ( 0.09924488173182204100, 0.1365988609149797500, 0.1668307086614174700 ) ) ;
#2352 = CARTESIAN_POINT ( 'NONE',  ( -0.1223860333968799800, -0.1684499236856468200, -0.05275001059801702500 ) ) ;
#2353 = CARTESIAN_POINT ( 'NONE',  ( -0.1436285421260782800, 0.1043522440900053500, 0.2530747607575394900 ) ) ;
#2354 = DIRECTION ( 'NONE',  ( -0.0000000000000000000, 1.881251777004309100E-018, 1.000000000000000000 ) ) ;
#2355 = CARTESIAN_POINT ( 'NONE',  ( 0.1605815918515516000, -0.05217612204500263900, -0.1760590975101778100 ) ) ;
#2356 = ORIENTED_EDGE ( 'NONE', *, *, #3548, .F. ) ;
#2357 = EDGE_LOOP ( 'NONE', ( #690, #1111, #1349, #416, #1931, #1020, #1004, #3850, #1783, #2680, #3887, #2833, #2541, #1831, #2286, #2546, #2162, #3414, #514, #3228, #1, #2125 ) ) ;
#2358 = ORIENTED_EDGE ( 'NONE', *, *, #2368, .F. ) ;
#2359 = CARTESIAN_POINT ( 'NONE',  ( 0.1436285421260782600, 0.1043522440900053900, 0.3203740157480317600 ) ) ;
#2360 = CARTESIAN_POINT ( 'NONE',  ( -0.1775346415770249200, -6.413618460845107500E-018, -0.2902323258566346100 ) ) ;
#2361 = CARTESIAN_POINT ( 'NONE',  ( -0.08042849898616821800, -0.1548523939517794700, -0.2780110346356642900 ) ) ;
#2362 = CARTESIAN_POINT ( 'NONE',  ( 0.1605815918515515800, 0.05217612204500271500, 0.08021653543307098700 ) ) ;
#2363 = B_SPLINE_CURVE_WITH_KNOTS ( 'NONE', 3,
 ( #1870, #3083, #1304, #69 ),
 .UNSPECIFIED., .F., .F.,
 ( 4, 4 ),
 ( 0.004031112237860493300, 0.004181062572083906400 ),
 .UNSPECIFIED. ) ;
#2364 = CARTESIAN_POINT ( 'NONE',  ( -0.2189307921375865400, -1.401796795299716600E-017, -0.06456103422006433100 ) ) ;
#2365 = CARTESIAN_POINT ( 'NONE',  ( -0.1436285421260782800, 0.1043522440900053500, 0.09559444579690951100 ) ) ;
#2366 = FACE_OUTER_BOUND ( 'NONE', #611, .T. ) ;
#2367 = CARTESIAN_POINT ( 'NONE',  ( 0.4217187499999994800, 4.302817301394303000E-017, 0.09375000000000026400 ) ) ;
#2368 = EDGE_CURVE ( 'NONE', #2019, #934, #2558, .T. ) ;
#2369 = CARTESIAN_POINT ( 'NONE',  ( 0.2069807528028085300, 3.887288194116977200E-017, -0.1008858267716537100 ) ) ;
#2370 = CARTESIAN_POINT ( 'NONE',  ( 0.06765333536248335800, 0.2082155564801114700, 0.02383658237917797900 ) ) ;
#2371 = CIRCLE ( 'NONE', #2140, 0.1407812500000006100 ) ;
#2372 = CARTESIAN_POINT ( 'NONE',  ( 0.1407812500000001400, -0.5625000000000001100, -0.3125000000000000000 ) ) ;
#2373 = CIRCLE ( 'NONE', #1273, 0.1407812500000006100 ) ;
#2374 = CARTESIAN_POINT ( 'NONE',  ( 5.122214988120493500E-017, -0.5625000000000001100, -0.3125000000000000000 ) ) ;
#2375 = CARTESIAN_POINT ( 'NONE',  ( -0.1436285421260782300, -0.1043522440900053500, -0.3610984675889180600 ) ) ;
#2376 = CARTESIAN_POINT ( 'NONE',  ( 0.5625000000000001100, 2.578744229469662300E-017, 0.09375000000000026400 ) ) ;
#2377 = CARTESIAN_POINT ( 'NONE',  ( -0.1436285421260782800, 0.1043522440900053500, 0.2652559055118112700 ) ) ;
#2378 = CARTESIAN_POINT ( 'NONE',  ( 0.1223860333968799900, 0.1684499236856469000, 0.06536022562245545600 ) ) ;
#2379 = CARTESIAN_POINT ( 'NONE',  ( -0.1605815918515516000, 0.05217612204500267400, 0.1782716111512402700 ) ) ;
#2380 = CARTESIAN_POINT ( 'NONE',  ( 0.1157057583252899800, -0.1592553138533360500, 0.2294527135134446200 ) ) ;
#2381 = CARTESIAN_POINT ( 'NONE',  ( 0.0000000000000000000, 0.1968503937007874100, -0.08120078740157502000 ) ) ;
#2382 = CARTESIAN_POINT ( 'NONE',  ( 0.1980247617844315700, 0.06434214544559117800, 0.01202555875713066800 ) ) ;
#2383 = ADVANCED_FACE ( 'NONE', ( #3396 ), #1374, .F. ) ;
#2384 = DIRECTION ( 'NONE',  ( 0.7071067811865486800, 0.0000000000000000000, 0.7071067811865462400 ) ) ;
#2385 = CARTESIAN_POINT ( 'NONE',  ( -0.06396057012458776500, 0.1968503937007875200, 0.1589566929133857700 ) ) ;
#2386 = CARTESIAN_POINT ( 'NONE',  ( 0.0000000000000000000, 0.1968503937007874100, -0.05401185341568941900 ) ) ;
#2387 = ORIENTED_EDGE ( 'NONE', *, *, #1282, .T. ) ;
#2388 = CARTESIAN_POINT ( 'NONE',  ( -0.05486122133756579000, -0.1688454777399539800, 0.05265748031496074500 ) ) ;
#2389 = VECTOR ( 'NONE', #22, 39.37007874015748900 ) ;
#2390 = CARTESIAN_POINT ( 'NONE',  ( 0.2189307921375865400, 3.960461081222081500E-017, -0.02519095547990682000 ) ) ;
#2391 = CARTESIAN_POINT ( 'NONE',  ( -0.09924488173182208200, 0.1365988609149797200, 0.09165743792289377000 ) ) ;
#2392 = AXIS2_PLACEMENT_3D ( 'NONE', #905, #3623, #1816 ) ;
#2393 = ORIENTED_EDGE ( 'NONE', *, *, #471, .F. ) ;
#2394 = CIRCLE ( 'NONE', #2547, 0.1968503937007874100 ) ;
#2395 = DIRECTION ( 'NONE',  ( -0.0000000000000000000, -0.0000000000000000000, 1.000000000000000000 ) ) ;
#2396 = CARTESIAN_POINT ( 'NONE',  ( 2.410722045565656100E-017, 0.1968503937007874100, 0.3125000000000000000 ) ) ;
#2397 = AXIS2_PLACEMENT_3D ( 'NONE', #1378, #2527, #1642 ) ;
#2398 = ADVANCED_FACE ( 'NONE', ( #67 ), #805, .F. ) ;
#2399 = VERTEX_POINT ( 'NONE', #2372 ) ;
#2400 = CARTESIAN_POINT ( 'NONE',  ( 0.09924488173182205400, -0.1365988609149796600, -0.09301181102362197900 ) ) ;
#2401 = CARTESIAN_POINT ( 'NONE',  ( 0.06765333536248335800, 0.2082155564801114700, 0.06929723349647118300 ) ) ;
#2402 = CARTESIAN_POINT ( 'NONE',  ( 0.09924488173182204100, 0.1365988609149797500, 0.2333897213874607800 ) ) ;
#2403 = DIRECTION ( 'NONE',  ( 0.0000000000000000000, 0.0000000000000000000, 1.000000000000000000 ) ) ;
#2404 = ORIENTED_EDGE ( 'NONE', *, *, #2984, .T. ) ;
#2405 = ORIENTED_EDGE ( 'NONE', *, *, #2641, .F. ) ;
#2406 = ORIENTED_EDGE ( 'NONE', *, *, #3648, .F. ) ;
#2407 = DIRECTION ( 'NONE',  ( -0.0000000000000000000, -0.0000000000000000000, 1.000000000000000000 ) ) ;
#2408 = LINE ( 'NONE', #2171, #439 ) ;
#2409 = CARTESIAN_POINT ( 'NONE',  ( 0.5625000000000001100, 2.578744229469662300E-017, -0.3125000000000000000 ) ) ;
#2410 = DIRECTION ( 'NONE',  ( -0.0000000000000000000, -0.0000000000000000000, 1.000000000000000000 ) ) ;
#2411 = FACE_OUTER_BOUND ( 'NONE', #1922, .T. ) ;
#2412 = CARTESIAN_POINT ( 'NONE',  ( 0.0000000000000000000, 0.1688454777399540600, 0.01722440944881898200 ) ) ;
#2413 = CARTESIAN_POINT ( 'NONE',  ( -0.1980247617844316000, 0.06434214544559113700, -0.2259783570547100600 ) ) ;
#2414 = CARTESIAN_POINT ( 'NONE',  ( -0.09924488173182208200, 0.1365988609149797200, -0.1445630345180511900 ) ) ;
#2415 = EDGE_CURVE ( 'NONE', #379, #2486, #838, .T. ) ;
#2416 = ADVANCED_FACE ( 'NONE', ( #3173 ), #3494, .F. ) ;
#2417 = VECTOR ( 'NONE', #2384, 39.37007874015748900 ) ;
#2418 = CARTESIAN_POINT ( 'NONE',  ( -0.1692523526474448700, 0.001968582855142254300, 0.2730909353246105400 ) ) ;
#2419 = AXIS2_PLACEMENT_3D ( 'NONE', #3726, #3748, #3455 ) ;
#2420 = CARTESIAN_POINT ( 'NONE',  ( -0.1605815918515516000, 0.05217612204500267400, 0.1117125984251969900 ) ) ;
#2421 = CARTESIAN_POINT ( 'NONE',  ( 0.1157057583252899800, -0.1592553138533360500, 0.1507125560331296100 ) ) ;
#2422 = CARTESIAN_POINT ( 'NONE',  ( 0.1436285421260782600, 0.1043522440900053900, -0.1520669291338582500 ) ) ;
#2423 = CARTESIAN_POINT ( 'NONE',  ( -0.1771187314312765700, -0.1286842908911822700, -0.1354271759523477900 ) ) ;
#2424 = CARTESIAN_POINT ( 'NONE',  ( 0.1436285421260782600, 0.1043522440900054000, -0.1642480738881299500 ) ) ;
#2425 = DIRECTION ( 'NONE',  ( 0.0000000000000000000, 1.000000000000000000, 0.0000000000000000000 ) ) ;
#2426 = VERTEX_POINT ( 'NONE', #2964 ) ;
#2427 = VERTEX_POINT ( 'NONE', #566 ) ;
#2428 = CARTESIAN_POINT ( 'NONE',  ( 0.1436285421260782600, -0.1043522440900053100, 0.06840551181102375000 ) ) ;
#2429 = DIRECTION ( 'NONE',  ( 0.0000000000000000000, -1.881251777004309100E-018, -1.000000000000000000 ) ) ;
#2430 = ADVANCED_FACE ( 'NONE', ( #1893 ), #2180, .F. ) ;
#2431 = EDGE_LOOP ( 'NONE', ( #2926, #241, #2617, #500 ) ) ;
#2432 = CYLINDRICAL_SURFACE ( 'NONE', #3071, 0.1328125000000000000 ) ;
#2433 = CARTESIAN_POINT ( 'NONE',  ( -0.1436285421260782300, -0.1043522440900053500, -0.1126968503937007400 ) ) ;
#2434 = EDGE_CURVE ( 'NONE', #2447, #1399, #274, .T. ) ;
#2435 = CARTESIAN_POINT ( 'NONE',  ( -0.1223860333968799800, -0.1684499236856468200, -0.2102303255586471000 ) ) ;
#2436 = CARTESIAN_POINT ( 'NONE',  ( -0.1775346415770248900, -6.413618460845107500E-018, -0.2114921683763189600 ) ) ;
#2437 = DIRECTION ( 'NONE',  ( -1.000000000000000000, 0.0000000000000000000, 0.0000000000000000000 ) ) ;
#2438 = ORIENTED_EDGE ( 'NONE', *, *, #1429, .T. ) ;
#2439 =( BOUNDED_CURVE ( )  B_SPLINE_CURVE ( 2, ( #2112, #2091, #595, #3267, #609, #2721, #3611, #3570, #864, #299, #1802 ),
 .UNSPECIFIED., .F., .T. ) 
 B_SPLINE_CURVE_WITH_KNOTS ( ( 3, 2, 2, 2, 2, 3 ),
 ( 0.4930663624885902600, 0.5041774735997014400, 0.5152885847108125100, 0.5263996958219235900, 0.5375108069330346600, 0.5486219180441458400 ),
 .UNSPECIFIED. ) 
 CURVE ( )  GEOMETRIC_REPRESENTATION_ITEM ( )  RATIONAL_B_SPLINE_CURVE ( ( 1.000000000000011300, 0.9510565162951422100, 1.000000000000000000, 0.9510565162951534200, 1.000000000000000000, 0.9510565162951534200, 1.000000000000000000, 0.9510565162951534200, 1.000000000000000000, 0.9510565162951646300, 0.9999999999999887900 ) ) 
 REPRESENTATION_ITEM ( '' )  );
#2440 = AXIS2_PLACEMENT_3D ( 'NONE', #1745, #1188, #3885 ) ;
#2441 = CARTESIAN_POINT ( 'NONE',  ( 0.0000000000000000000, 7.642585344080009900E-019, 0.09375000000000026400 ) ) ;
#2442 = CARTESIAN_POINT ( 'NONE',  ( -0.2086614173228346600, 2.619896612091631500E-017, -0.3125000000000000000 ) ) ;
#2443 = CARTESIAN_POINT ( 'NONE',  ( 0.03131856320297728100, -0.1742532745181759900, 0.2806930080982798500 ) ) ;
#2444 = ORIENTED_EDGE ( 'NONE', *, *, #2921, .F. ) ;
#2445 = CARTESIAN_POINT ( 'NONE',  ( -0.1436285421260782300, -0.1043522440900053500, 0.2022637795275592500 ) ) ;
#2446 = DIRECTION ( 'NONE',  ( -1.000000000000000000, 0.0000000000000000000, 0.0000000000000000000 ) ) ;
#2447 = VERTEX_POINT ( 'NONE', #869 ) ;
#2448 =( GEOMETRIC_REPRESENTATION_CONTEXT ( 3 ) GLOBAL_UNCERTAINTY_ASSIGNED_CONTEXT ( ( #1375 ) ) GLOBAL_UNIT_ASSIGNED_CONTEXT ( ( #1650, #1044, #2071 ) ) REPRESENTATION_CONTEXT ( 'NONE', 'WORKASPACE' ) );
#2449 = EDGE_CURVE ( 'NONE', #1543, #2530, #665, .T. ) ;
#2450 = CARTESIAN_POINT ( 'NONE',  ( -0.1436285421260782300, -0.1043522440900053500, -0.3489173228346456600 ) ) ;
#2451 = ORIENTED_EDGE ( 'NONE', *, *, #2748, .F. ) ;
#2452 = CARTESIAN_POINT ( 'NONE',  ( 0.1771187314312765700, -0.1286842908911822200, -0.3480256011491982800 ) ) ;
#2453 = CARTESIAN_POINT ( 'NONE',  ( 0.09924488173182204100, 0.1365988609149797500, -0.1603110660141142400 ) ) ;
#2454 = VECTOR ( 'NONE', #3556, 39.37007874015748100 ) ;
#2455 = CARTESIAN_POINT ( 'NONE',  ( 0.0000000000000000000, 0.1688454777399540600, 0.1747047244094489800 ) ) ;
#2456 = CARTESIAN_POINT ( 'NONE',  ( 0.0000000000000000000, 7.642585344080009900E-019, 0.09375000000000026400 ) ) ;
#2457 = CARTESIAN_POINT ( 'NONE',  ( -0.1872158496644003300, 0.06083011700294239200, 0.2495078740157480000 ) ) ;
#2458 = CIRCLE ( 'NONE', #2187, 0.2086614173228346600 ) ;
#2459 = CARTESIAN_POINT ( 'NONE',  ( -0.1775346415770249200, -6.413618460845107500E-018, 0.1943897637795277400 ) ) ;
#2460 = DIRECTION ( 'NONE',  ( -1.000000000000000000, 0.0000000000000000000, 0.0000000000000000000 ) ) ;
#2461 = CARTESIAN_POINT ( 'NONE',  ( 0.0000000000000000000, 0.1968503937007874100, 0.1034684615449406200 ) ) ;
#2462 = CARTESIAN_POINT ( 'NONE',  ( -0.05486122133756586600, 0.1688454777399540400, -0.2937992125984252900 ) ) ;
#2463 = LINE ( 'NONE', #3087, #1708 ) ;
#2464 = CARTESIAN_POINT ( 'NONE',  ( 2.549905147760534400E-017, -0.2082155564801114200, -0.2810964672909305200 ) ) ;
#2465 = CARTESIAN_POINT ( 'NONE',  ( -0.09924488173182202700, -0.1365988609149796600, -0.04220082979364168200 ) ) ;
#2466 = EDGE_CURVE ( 'NONE', #3409, #473, #1656, .T. ) ;
#2467 = CARTESIAN_POINT ( 'NONE',  ( 0.05486122133756580300, 0.1688454777399540400, 0.1707677165354331800 ) ) ;
#2468 = CARTESIAN_POINT ( 'NONE',  ( 0.0000000000000000000, -0.3437500000000000000, -0.3021874999999998300 ) ) ;
#2469 = CARTESIAN_POINT ( 'NONE',  ( 0.06765333536248338600, -0.2082155564801113900, 0.3073011493083118700 ) ) ;
#2470 = CARTESIAN_POINT ( 'NONE',  ( 0.05486122133756583800, -0.1688454777399539500, 0.06053149606299222000 ) ) ;
#2471 = CARTESIAN_POINT ( 'NONE',  ( 0.1605815918515516000, -0.05217612204500263900, -0.3213582677165354700 ) ) ;
#2472 = CARTESIAN_POINT ( 'NONE',  ( 0.1436285421260782600, 0.1043522440900053900, 0.2294527135134444300 ) ) ;
#2473 = ORIENTED_EDGE ( 'NONE', *, *, #73, .F. ) ;
#2474 = DIRECTION ( 'NONE',  ( -0.0000000000000000000, -0.0000000000000000000, -1.000000000000000000 ) ) ;
#2475 = EDGE_LOOP ( 'NONE', ( #3320, #820 ) ) ;
#2476 = CARTESIAN_POINT ( 'NONE',  ( -0.09924488173182208200, 0.1365988609149797200, 0.1825787401574804900 ) ) ;
#2477 = EDGE_LOOP ( 'NONE', ( #2642, #2387 ) ) ;
#2478 = VECTOR ( 'NONE', #1655, 39.37007874015748100 ) ;
#2479 = CARTESIAN_POINT ( 'NONE',  ( -0.09924488173182208200, 0.1365988609149797200, -0.1323818897637794900 ) ) ;
#2480 = CARTESIAN_POINT ( 'NONE',  ( 0.0000000000000000000, 0.1968503937007874100, -0.1599409448818899800 ) ) ;
#2481 = DIRECTION ( 'NONE',  ( -0.0000000000000000000, -0.0000000000000000000, -1.000000000000000000 ) ) ;
#2482 = CARTESIAN_POINT ( 'NONE',  ( -0.1605815918515515800, -0.05217612204500268700, -0.2741141732283465200 ) ) ;
#2483 = EDGE_CURVE ( 'NONE', #1962, #2014, #1794, .T. ) ;
#2484 = CARTESIAN_POINT ( 'NONE',  ( 0.0000000000000000000, 1.156381951677334900E-018, 0.3021874999999993900 ) ) ;
#2485 = CARTESIAN_POINT ( 'NONE',  ( 0.1775346415770248900, 3.706982764817010900E-017, -0.2508622471164764200 ) ) ;
#2486 = VERTEX_POINT ( 'NONE', #3613 ) ;
#2487 = AXIS2_PLACEMENT_3D ( 'NONE', #3751, #3775, #462 ) ;
#2488 = CARTESIAN_POINT ( 'NONE',  ( 0.09924488173182205400, -0.1365988609149796600, 0.1432086614173229700 ) ) ;
#2489 = EDGE_LOOP ( 'NONE', ( #2165, #176, #685, #1643 ) ) ;
#2490 = CARTESIAN_POINT ( 'NONE',  ( 0.0000000000000000000, 1.175782360627693200E-018, 0.3125000000000000000 ) ) ;
#2491 = ORIENTED_EDGE ( 'NONE', *, *, #560, .F. ) ;
#2492 = CARTESIAN_POINT ( 'NONE',  ( 0.05486122133756580300, 0.1688454777399540400, -0.07763390065978410800 ) ) ;
#2493 = CARTESIAN_POINT ( 'NONE',  ( 0.0000000000000000000, 0.1688454777399540600, 0.01722440944881898200 ) ) ;
#2494 = CARTESIAN_POINT ( 'NONE',  ( -0.05486122133756586600, 0.1688454777399540400, 0.08772043004887740400 ) ) ;
#2495 = ORIENTED_EDGE ( 'NONE', *, *, #2158, .T. ) ;
#2496 = DIRECTION ( 'NONE',  ( -0.0000000000000000000, 1.881251777004309100E-018, 1.000000000000000000 ) ) ;
#2497 = EDGE_CURVE ( 'NONE', #791, #2725, #202, .T. ) ;
#2498 = CYLINDRICAL_SURFACE ( 'NONE', #1574, 0.1968503937007874100 ) ;
#2499 = CARTESIAN_POINT ( 'NONE',  ( 0.1605815918515515800, 0.05217612204500271500, -0.3134842519685040500 ) ) ;
#2500 = DIRECTION ( 'NONE',  ( 0.0000000000000000000, -1.881251777004309100E-018, -1.000000000000000000 ) ) ;
#2501 = CARTESIAN_POINT ( 'NONE',  ( -0.1436285421260782800, 0.1043522440900053500, -0.2193661841243504400 ) ) ;
#2502 = FACE_OUTER_BOUND ( 'NONE', #1357, .T. ) ;
#2503 = CARTESIAN_POINT ( 'NONE',  ( 0.1605815918515515800, 0.05217612204500271500, 0.2376968503937009800 ) ) ;
#2504 = VECTOR ( 'NONE', #60, 39.37007874015748900 ) ;
#2505 = CARTESIAN_POINT ( 'NONE',  ( -0.06396057012460032400, -0.1968503937007782800, 0.2176416898913964600 ) ) ;
#2506 = CARTESIAN_POINT ( 'NONE',  ( -0.2189307921375865400, -1.401796795299716600E-017, 0.2836791020642174300 ) ) ;
#2507 = EDGE_CURVE ( 'NONE', #2822, #101, #2373, .T. ) ;
#2508 = CARTESIAN_POINT ( 'NONE',  ( 0.1436285421260782600, 0.1043522440900053900, -0.1520669291338582500 ) ) ;
#2509 = CARTESIAN_POINT ( 'NONE',  ( 0.1605815918515516000, -0.05217612204500263900, 0.2963818473717121900 ) ) ;
#2510 = FACE_OUTER_BOUND ( 'NONE', #816, .T. ) ;
#2511 = CARTESIAN_POINT ( 'NONE',  ( 0.0000000000000000000, 0.1968503937007874100, 0.1550196850393700300 ) ) ;
#2512 = CARTESIAN_POINT ( 'NONE',  ( 0.0000000000000000000, -1.184750211852384300E-034, -0.3125000000000000000 ) ) ;
#2513 = AXIS2_PLACEMENT_3D ( 'NONE', #3823, #1122, #3807 ) ;
#2514 = CARTESIAN_POINT ( 'NONE',  ( 0.05486122133756580300, 0.1688454777399540400, 0.01328740157480325800 ) ) ;
#2515 = CARTESIAN_POINT ( 'NONE',  ( 0.0000000000000000000, 0.1968503937007874100, 0.07627952755905503800 ) ) ;
#2516 = CARTESIAN_POINT ( 'NONE',  ( 0.1647986464424363000, -0.08639839188489825700, 0.2897277196387863000 ) ) ;
#2517 = CARTESIAN_POINT ( 'NONE',  ( 5.122214988120493500E-017, -0.5625000000000001100, 0.08578124999999983700 ) ) ;
#2518 = AXIS2_PLACEMENT_3D ( 'NONE', #2153, #1885, #89 ) ;
#2519 = ORIENTED_EDGE ( 'NONE', *, *, #155, .T. ) ;
#2520 = CARTESIAN_POINT ( 'NONE',  ( 2.067760738647403800E-017, -0.1688454777399540100, 0.05659448818897649900 ) ) ;
#2521 = CARTESIAN_POINT ( 'NONE',  ( 0.0000000000000000000, 7.400374177790703000E-019, 0.08087500000000019700 ) ) ;
#2522 = DIRECTION ( 'NONE',  ( 0.0000000000000000000, -1.881251777004309100E-018, -1.000000000000000000 ) ) ;
#2523 = ORIENTED_EDGE ( 'NONE', *, *, #919, .F. ) ;
#2524 = DATE_AND_TIME ( #3656, #3321 ) ;
#2525 = DIRECTION ( 'NONE',  ( 1.000000000000000000, 0.0000000000000000000, 0.0000000000000000000 ) ) ;
#2526 = CARTESIAN_POINT ( 'NONE',  ( 0.0000000000000000000, 1.175782360627693200E-018, 0.3125000000000000000 ) ) ;
#2527 = DIRECTION ( 'NONE',  ( -0.0000000000000000000, 1.881251777004309100E-018, 1.000000000000000000 ) ) ;
#2528 = ORIENTED_EDGE ( 'NONE', *, *, #35, .T. ) ;
#2529 = CIRCLE ( 'NONE', #2931, 0.1968503937007874100 ) ;
#2530 = VERTEX_POINT ( 'NONE', #1793 ) ;
#2531 = CARTESIAN_POINT ( 'NONE',  ( -0.09924488173182208200, 0.1365988609149797200, -0.05364173228346453400 ) ) ;
#2532 = CARTESIAN_POINT ( 'NONE',  ( 0.1328125000000000000, 0.5625000000000001100, -0.3125000000000000000 ) ) ;
#2533 = CARTESIAN_POINT ( 'NONE',  ( 0.1223860333968799900, 0.1684499236856469000, 0.2561200469461072400 ) ) ;
#2534 = VERTEX_POINT ( 'NONE', #1201 ) ;
#2535 = CARTESIAN_POINT ( 'NONE',  ( -0.05486122133756579000, -0.1688454777399539800, -0.2623031496062992500 ) ) ;
#2536 = DIRECTION ( 'NONE',  ( 0.0000000000000000000, 1.000000000000000000, 0.0000000000000000000 ) ) ;
#2537 =( BOUNDED_CURVE ( )  B_SPLINE_CURVE ( 2, ( #738, #1903, #168, #489, #2581, #2938, #2331, #1425, #1694, #3183, #3523 ),
 .UNSPECIFIED., .F., .T. ) 
 B_SPLINE_CURVE_WITH_KNOTS ( ( 3, 2, 2, 2, 2, 3 ),
 ( 0.2777777777777777900, 0.2888888888888888600, 0.2999999999999999900, 0.3111111111111111200, 0.3222222222222222400, 0.3333333333333333100 ),
 .UNSPECIFIED. ) 
 CURVE ( )  GEOMETRIC_REPRESENTATION_ITEM ( )  RATIONAL_B_SPLINE_CURVE ( ( 1.000000000000000000, 0.9510565162951534200, 1.000000000000000000, 0.9510565162951534200, 1.000000000000000000, 0.9510565162951534200, 1.000000000000000000, 0.9510565162951534200, 1.000000000000000000, 0.9510565162951534200, 1.000000000000000000 ) ) 
 REPRESENTATION_ITEM ( '' )  );
#2538 = CARTESIAN_POINT ( 'NONE',  ( 2.410722045565655500E-017, -0.1968503937007873000, -0.04183070866141749100 ) ) ;
#2539 = DIRECTION ( 'NONE',  ( 1.000000000000000000, 0.0000000000000000000, 0.0000000000000000000 ) ) ;
#2540 = EDGE_CURVE ( 'NONE', #3706, #2911, #1728, .T. ) ;
#2541 = ORIENTED_EDGE ( 'NONE', *, *, #2844, .T. ) ;
#2542 = ORIENTED_EDGE ( 'NONE', *, *, #3734, .T. ) ;
#2543 = CARTESIAN_POINT ( 'NONE',  ( 0.1605815918515516000, -0.05217612204500263900, 0.2176416898913971500 ) ) ;
#2544 = CARTESIAN_POINT ( 'NONE',  ( 0.1674509465259921000, 0.1216602340058848700, 0.09165743792289338100 ) ) ;
#2545 = DIRECTION ( 'NONE',  ( -0.0000000000000000000, -0.0000000000000000000, -1.000000000000000000 ) ) ;
#2546 = ORIENTED_EDGE ( 'NONE', *, *, #952, .T. ) ;
#2547 = AXIS2_PLACEMENT_3D ( 'NONE', #2279, #2613, #1106 ) ;
#2548 = CARTESIAN_POINT ( 'NONE',  ( 0.1436285421260782600, -0.1043522440900053200, -0.08907480314960628000 ) ) ;
#2549 = CARTESIAN_POINT ( 'NONE',  ( 0.0000000000000000000, 0.1968503937007874100, -0.08120078740157502000 ) ) ;
#2550 = CARTESIAN_POINT ( 'NONE',  ( 0.1980247617844316000, -0.06434214544559109500, 0.08289170048941418800 ) ) ;
#2551 = CIRCLE ( 'NONE', #502, 0.1328125000000000000 ) ;
#2552 = DIRECTION ( 'NONE',  ( -0.0000000000000000000, 1.881251777004309100E-018, 1.000000000000000000 ) ) ;
#2553 = CARTESIAN_POINT ( 'NONE',  ( 0.09924488173182205400, -0.1365988609149796600, -0.2504921259842520200 ) ) ;
#2554 = CARTESIAN_POINT ( 'NONE',  ( 2.067760738647403800E-017, -0.1688454777399540100, 0.2806338158756491200 ) ) ;
#2555 = FACE_OUTER_BOUND ( 'NONE', #1261, .T. ) ;
#2556 = CARTESIAN_POINT ( 'NONE',  ( 0.05486122133756583800, -0.1688454777399539500, 0.2058306662693498700 ) ) ;
#2557 = CARTESIAN_POINT ( 'NONE',  ( 0.1872158496644002500, 0.06083011700294242700, 0.08772043004887759800 ) ) ;
#2558 = LINE ( 'NONE', #831, #1089 ) ;
#2559 = CARTESIAN_POINT ( 'NONE',  ( 0.1771187314312765700, 0.1286842908911823300, -0.1415177483294835200 ) ) ;
#2560 = CARTESIAN_POINT ( 'NONE',  ( 0.09924488173182204100, 0.1365988609149797500, -0.06938976377952750500 ) ) ;
#2561 = CARTESIAN_POINT ( 'NONE',  ( 0.0000000000000000000, 7.642585344080009900E-019, 0.09375000000000026400 ) ) ;
#2562 = CARTESIAN_POINT ( 'NONE',  ( 0.1980247617844316000, -0.06434214544559109500, 0.2403720154500441900 ) ) ;
#2563 = EDGE_CURVE ( 'NONE', #1693, #2193, #3064, .T. ) ;
#2564 = CARTESIAN_POINT ( 'NONE',  ( -0.05486122133756586600, 0.1688454777399540400, -0.06975988491175258400 ) ) ;
#2565 = DATE_TIME_ROLE ( 'classification_date' ) ;
#2566 = CARTESIAN_POINT ( 'NONE',  ( 0.0000000000000000000, 7.642585344080009900E-019, 0.09375000000000026400 ) ) ;
#2567 = CARTESIAN_POINT ( 'NONE',  ( -0.1775346415770249200, -6.413618460845107500E-018, -0.3567913385826773100 ) ) ;
#2568 = CARTESIAN_POINT ( 'NONE',  ( 0.1872158496644002500, 0.06083011700294242700, -0.1756889763779529400 ) ) ;
#2569 = DIRECTION ( 'NONE',  ( 0.0000000000000000000, -1.881251777004309100E-018, -1.000000000000000000 ) ) ;
#2570 = CARTESIAN_POINT ( 'NONE',  ( 0.1771187314312765700, -0.1286842908911822200, -0.3147460947861765400 ) ) ;
#2571 = ORIENTED_EDGE ( 'NONE', *, *, #2705, .T. ) ;
#2572 = CARTESIAN_POINT ( 'NONE',  ( 0.0000000000000000000, 0.1688454777399540600, -0.1402559055118110200 ) ) ;
#2573 = DIRECTION ( 'NONE',  ( -0.0000000000000000000, 1.881251777004309100E-018, 1.000000000000000000 ) ) ;
#2574 = DIRECTION ( 'NONE',  ( 0.0000000000000000000, -1.000000000000000000, 0.0000000000000000000 ) ) ;
#2575 = CARTESIAN_POINT ( 'NONE',  ( -0.06765333536248341300, 0.2082155564801114700, 0.2679310705681544100 ) ) ;
#2576 = CC_DESIGN_PERSON_AND_ORGANIZATION_ASSIGNMENT ( #1531, #1347, ( #33 ) ) ;
#2577 = EDGE_CURVE ( 'NONE', #319, #2761, #3686, .T. ) ;
#2578 = DATE_AND_TIME ( #1108, #1909 ) ;
#2579 = CARTESIAN_POINT ( 'NONE',  ( -0.1605815918515515800, -0.05217612204500268700, 0.02866531193864113900 ) ) ;
#2580 = PERSON_AND_ORGANIZATION_ROLE ( 'creator' ) ;
#2581 = CARTESIAN_POINT ( 'NONE',  ( -0.1872158496644002500, -0.06083011700294239900, 0.09990157480314954000 ) ) ;
#2582 = ORIENTED_EDGE ( 'NONE', *, *, #284, .F. ) ;
#2583 = CYLINDRICAL_SURFACE ( 'NONE', #2752, 0.1968503937007874100 ) ;
#2584 = CARTESIAN_POINT ( 'NONE',  ( -0.08307734112048348300, 0.1483452667423710300, -0.3700364876041372100 ) ) ;
#2585 = CARTESIAN_POINT ( 'NONE',  ( -0.7032812499999998600, -4.677727003701036800E-017, -0.3125000000000000000 ) ) ;
#2586 = CARTESIAN_POINT ( 'NONE',  ( -0.06765333536248341300, 0.2082155564801114700, -0.2045098743137355200 ) ) ;
#2587 = CARTESIAN_POINT ( 'NONE',  ( 0.1223860333968800200, -0.1684499236856468200, 0.2779586508193059300 ) ) ;
#2588 = CARTESIAN_POINT ( 'NONE',  ( -0.05486122133756587300, 0.1688454777399540400, -0.2150590551181102400 ) ) ;
#2589 = EDGE_LOOP ( 'NONE', ( #2356, #2919, #933, #3246 ) ) ;
#2590 =( BOUNDED_CURVE ( )  B_SPLINE_CURVE ( 2, ( #1554, #1302, #3368, #391, #1566, #1287, #1608, #105, #659, #3667, #2812 ),
 .UNSPECIFIED., .F., .T. ) 
 B_SPLINE_CURVE_WITH_KNOTS ( ( 3, 2, 2, 2, 2, 3 ),
 ( 0.3888888888888889000, 0.4000000000000000200, 0.4111111111111110900, 0.4222222222222222800, 0.4333333333333334000, 0.4444444444444444800 ),
 .UNSPECIFIED. ) 
 CURVE ( )  GEOMETRIC_REPRESENTATION_ITEM ( )  RATIONAL_B_SPLINE_CURVE ( ( 1.000000000000000000, 0.9510565162951534200, 1.000000000000000000, 0.9510565162951534200, 1.000000000000000000, 0.9510565162951534200, 1.000000000000000000, 0.9510565162951534200, 1.000000000000000000, 0.9510565162951532000, 1.000000000000000200 ) ) 
 REPRESENTATION_ITEM ( '' )  );
#2591 = CARTESIAN_POINT ( 'NONE',  ( -0.1771187314312765700, -0.1286842908911822700, 0.2128129603319339800 ) ) ;
#2592 = CARTESIAN_POINT ( 'NONE',  ( 0.1775346415770249200, 3.706982764817010900E-017, -0.09338193215584707200 ) ) ;
#2593 = VERTEX_POINT ( 'NONE', #3011 ) ;
#2594 = CARTESIAN_POINT ( 'NONE',  ( 0.1395092636168076000, 0.1385214907842483300, -0.3002199627386687400 ) ) ;
#2595 = DIRECTION ( 'NONE',  ( 0.0000000000000000000, -1.881251777004309100E-018, -1.000000000000000000 ) ) ;
#2596 = ORIENTED_EDGE ( 'NONE', *, *, #1651, .T. ) ;
#2597 = CARTESIAN_POINT ( 'NONE',  ( -0.1605815918515515800, -0.05217612204500268700, 0.02866531193864113900 ) ) ;
#2598 = CARTESIAN_POINT ( 'NONE',  ( 0.1887325373686087900, 0.04044816553669398900, 0.2965889232139404800 ) ) ;
#2599 = DIRECTION ( 'NONE',  ( -0.0000000000000000000, -0.0000000000000000000, -1.000000000000000000 ) ) ;
#2600 = VECTOR ( 'NONE', #883, 39.37007874015748900 ) ;
#2601 = CARTESIAN_POINT ( 'NONE',  ( -0.1980247617844315700, -0.06434214544559115100, -0.3423051499042868400 ) ) ;
#2602 = CARTESIAN_POINT ( 'NONE',  ( -0.09924488173182202700, -0.1365988609149796600, -0.3571614597149023200 ) ) ;
#2603 = FACE_BOUND ( 'NONE', #2954, .T. ) ;
#2604 = CARTESIAN_POINT ( 'NONE',  ( -0.06396057012458837600, -0.1968503937007870000, -0.2032480314960633000 ) ) ;
#2605 = CARTESIAN_POINT ( 'NONE',  ( -0.09924488173182208200, 0.1365988609149797200, 0.01291728044257817500 ) ) ;
#2606 = CIRCLE ( 'NONE', #1303, 0.8046875000000000000 ) ;
#2607 = CARTESIAN_POINT ( 'NONE',  ( -0.1697652705696758300, 0.04631257642137977900, -0.2795651067969141000 ) ) ;
#2608 = CARTESIAN_POINT ( 'NONE',  ( -0.1914906185350810400, 0.04562258775220098800, -0.3006889763779526100 ) ) ;
#2609 = CARTESIAN_POINT ( 'NONE',  ( 0.1605815918515515800, 0.05217612204500271500, 0.1467755481591136400 ) ) ;
#2610 = CARTESIAN_POINT ( 'NONE',  ( -0.05486122133756586600, 0.1688454777399540400, -0.2272401998723825300 ) ) ;
#2611 = CARTESIAN_POINT ( 'NONE',  ( -0.1223860333968799800, -0.1684499236856468200, -0.3344311341562552500 ) ) ;
#2612 = CARTESIAN_POINT ( 'NONE',  ( 0.1980247617844315700, 0.06434214544559117800, 0.2937066823153689500 ) ) ;
#2613 = DIRECTION ( 'NONE',  ( -0.0000000000000000000, -0.0000000000000000000, 1.000000000000000000 ) ) ;
#2614 = DIRECTION ( 'NONE',  ( 1.000000000000000000, 0.0000000000000000000, 0.0000000000000000000 ) ) ;
#2615 = EDGE_CURVE ( 'NONE', #1399, #3864, #2794, .T. ) ;
#2616 = CARTESIAN_POINT ( 'NONE',  ( 0.1605815918515516000, -0.05217612204500263900, 0.06016137493076714100 ) ) ;
#2617 = ORIENTED_EDGE ( 'NONE', *, *, #1344, .F. ) ;
#2618 = DIRECTION ( 'NONE',  ( 0.0000000000000000000, 1.000000000000000000, 0.0000000000000000000 ) ) ;
#2619 = CARTESIAN_POINT ( 'NONE',  ( 0.05486122133756583800, -0.1688454777399539500, -0.03038980617159506600 ) ) ;
#2620 = CARTESIAN_POINT ( 'NONE',  ( 0.1436285421260782600, 0.1043522440900053900, -0.3217283888487606500 ) ) ;
#2621 = ORIENTED_EDGE ( 'NONE', *, *, #3289, .F. ) ;
#2622 = CYLINDRICAL_SURFACE ( 'NONE', #209, 0.1968503937007874100 ) ;
#2623 = CARTESIAN_POINT ( 'NONE',  ( 0.1775346415770249200, 3.706982764817010900E-017, 0.1550196850393702200 ) ) ;
#2624 = VERTEX_POINT ( 'NONE', #3319 ) ;
#2625 = CYLINDRICAL_SURFACE ( 'NONE', #175, 0.1328125000000000000 ) ;
#2626 = CARTESIAN_POINT ( 'NONE',  ( -0.06765333536248341300, 0.2082155564801114700, 0.1559114067248177100 ) ) ;
#2627 = DIRECTION ( 'NONE',  ( -0.0000000000000000000, 1.881251777004295600E-018, 1.000000000000000000 ) ) ;
#2628 = VERTEX_POINT ( 'NONE', #2442 ) ;
#2629 = CARTESIAN_POINT ( 'NONE',  ( -0.1605815918515515800, -0.05217612204500268700, -0.2862953179826188700 ) ) ;
#2630 = ORIENTED_EDGE ( 'NONE', *, *, #2615, .T. ) ;
#2631 = CARTESIAN_POINT ( 'NONE',  ( -0.1605815918515515800, -0.05217612204500268700, 0.1074054694189561800 ) ) ;
#2632 = CARTESIAN_POINT ( 'NONE',  ( -0.1605815918515515800, -0.05217612204500268700, -0.2075551605023038300 ) ) ;
#2633 = CARTESIAN_POINT ( 'NONE',  ( 0.1674509465259921000, 0.1216602340058848700, 0.2219488188976378200 ) ) ;
#2634 = VERTEX_POINT ( 'NONE', #1179 ) ;
#2635 = CARTESIAN_POINT ( 'NONE',  ( -0.05486122133756579000, -0.1688454777399539800, 0.2101377952755907100 ) ) ;
#2636 = ORIENTED_EDGE ( 'NONE', *, *, #358, .T. ) ;
#2637 = B_SPLINE_CURVE_WITH_KNOTS ( 'NONE', 3,
 ( #1182, #2677, #1154, #1786, #2361, #294, #1797, #2713, #3565, #591, #860, #6, #2702, #1169, #2663, #2105, #3868, #304 ),
 .UNSPECIFIED., .F., .F.,
 ( 4, 2, 2, 2, 2, 2, 2, 2, 4 ),
 ( 0.0000000000000000000, 0.0008062615158559138200, 0.001612523031711827600, 0.002418784547567741400, 0.003225046063423655300, 0.004031307579279568400, 0.004837569095135481900, 0.005643830610991394500, 0.006450092126847308000 ),
 .UNSPECIFIED. ) ;
#2638 = CARTESIAN_POINT ( 'NONE',  ( 0.1771187314312765700, 0.1286842908911823300, 0.2976436901893846400 ) ) ;
#2639 = CARTESIAN_POINT ( 'NONE',  ( 0.06396057012458812600, 0.1968503937007872700, -0.006397637795275717100 ) ) ;
#2640 = CARTESIAN_POINT ( 'NONE',  ( 5.122214988120493500E-017, -0.5625000000000001100, 0.08578124999999983700 ) ) ;
#2641 = EDGE_CURVE ( 'NONE', #78, #1176, #389, .T. ) ;
#2642 = ORIENTED_EDGE ( 'NONE', *, *, #3771, .T. ) ;
#2643 = CARTESIAN_POINT ( 'NONE',  ( 0.09924488173182204100, 0.1365988609149797500, -0.2390512234944298100 ) ) ;
#2644 = DIRECTION ( 'NONE',  ( 0.0000000000000000000, -1.881251777004309100E-018, -1.000000000000000000 ) ) ;
#2645 = FACE_OUTER_BOUND ( 'NONE', #1639, .T. ) ;
#2646 = DIRECTION ( 'NONE',  ( -0.0000000000000000000, 1.881251777004309100E-018, 1.000000000000000000 ) ) ;
#2647 = CARTESIAN_POINT ( 'NONE',  ( 0.1605815918515516000, -0.05217612204500263900, -0.1760590975101778100 ) ) ;
#2648 = CARTESIAN_POINT ( 'NONE',  ( 0.1872158496644002500, 0.06083011700294242700, 0.2180118110236220200 ) ) ;
#2649 = LINE ( 'NONE', #3424, #1555 ) ;
#2650 = CARTESIAN_POINT ( 'NONE',  ( -0.09924488173182208200, 0.1365988609149797200, 0.1825787401574804900 ) ) ;
#2651 = CC_DESIGN_PERSON_AND_ORGANIZATION_ASSIGNMENT ( #315, #2580, ( #2054 ) ) ;
#2652 = EDGE_CURVE ( 'NONE', #725, #2530, #3874, .T. ) ;
#2653 = CARTESIAN_POINT ( 'NONE',  ( 0.06765333536248338600, -0.2082155564801113900, -0.1196791444562848000 ) ) ;
#2654 = CARTESIAN_POINT ( 'NONE',  ( -0.09924488173182202700, -0.1365988609149796600, 0.1940196426473033100 ) ) ;
#2655 = VECTOR ( 'NONE', #714, 39.37007874015748100 ) ;
#2656 = CARTESIAN_POINT ( 'NONE',  ( 0.06396057012458786200, 0.1968503937007874700, -0.08513779527559073300 ) ) ;
#2657 = CARTESIAN_POINT ( 'NONE',  ( 0.1223860333968799900, 0.1684499236856469000, 0.01989957450516218600 ) ) ;
#2658 = CARTESIAN_POINT ( 'NONE',  ( 2.067760738647403800E-017, -0.1688454777399540100, -0.2705472864865557900 ) ) ;
#2659 = CARTESIAN_POINT ( 'NONE',  ( -0.1000959292740066400, -0.1359764696409138700, 0.2726840604171195100 ) ) ;
#2660 =( BOUNDED_CURVE ( )  B_SPLINE_CURVE ( 2, ( #1874, #647, #669, #1001, #1389, #3446, #909, #2134, #3646, #2145, #926 ),
 .UNSPECIFIED., .F., .T. ) 
 B_SPLINE_CURVE_WITH_KNOTS ( ( 3, 2, 2, 2, 2, 3 ),
 ( 0.2708441402663680500, 0.2819552513774791200, 0.2930663624885903000, 0.3041774735997013800, 0.3152885847108124500, 0.3263996958219236300 ),
 .UNSPECIFIED. ) 
 CURVE ( )  GEOMETRIC_REPRESENTATION_ITEM ( )  RATIONAL_B_SPLINE_CURVE ( ( 1.000000000000011300, 0.9510565162951422100, 1.000000000000000000, 0.9510565162951534200, 1.000000000000000000, 0.9510565162951534200, 1.000000000000000000, 0.9510565162951534200, 1.000000000000000000, 0.9510565162951646300, 0.9999999999999887900 ) ) 
 REPRESENTATION_ITEM ( '' )  );
#2661 = CARTESIAN_POINT ( 'NONE',  ( 0.7032812499999998600, 4.302817301394292500E-017, -0.3125000000000000000 ) ) ;
#2662 = CARTESIAN_POINT ( 'NONE',  ( -0.1436285421260782800, 0.1043522440900053500, -0.2981063416046659800 ) ) ;
#2663 = CARTESIAN_POINT ( 'NONE',  ( -0.1846674244749738300, -0.04156498252967614400, -0.2928326700171674500 ) ) ;
#2664 = CARTESIAN_POINT ( 'NONE',  ( 0.1605815918515516000, -0.05217612204500263900, 0.2298228346456694700 ) ) ;
#2665 = CARTESIAN_POINT ( 'NONE',  ( -0.1771187314312765700, 0.1286842908911822700, -0.07243504996809578500 ) ) ;
#2666 = CARTESIAN_POINT ( 'NONE',  ( 2.067760738647403800E-017, -0.1688454777399540100, 0.2018936583953348200 ) ) ;
#2667 = DIRECTION ( 'NONE',  ( -1.000000000000000000, 0.0000000000000000000, 0.0000000000000000000 ) ) ;
#2668 = ORIENTED_EDGE ( 'NONE', *, *, #2497, .F. ) ;
#2669 = CARTESIAN_POINT ( 'NONE',  ( -0.1980247617844315700, -0.06434214544559115100, -0.02734451998302677900 ) ) ;
#2670 = EDGE_CURVE ( 'NONE', #1338, #295, #1189, .T. ) ;
#2671 = ADVANCED_FACE ( 'NONE', ( #2223, #3069, #488, #2886, #1416, #3123 ), #1847, .T. ) ;
#2672 = CARTESIAN_POINT ( 'NONE',  ( 0.2086614173228346600, 5.175261980391226500E-017, -0.3125000000000000000 ) ) ;
#2673 = ORIENTED_EDGE ( 'NONE', *, *, #1891, .T. ) ;
#2674 = CYLINDRICAL_SURFACE ( 'NONE', #3733, 0.8046875000000000000 ) ;
#2675 = DIRECTION ( 'NONE',  ( 0.0000000000000000000, 1.881251777004309100E-018, 1.000000000000000000 ) ) ;
#2676 = CARTESIAN_POINT ( 'NONE',  ( 0.06396057012460035200, 0.1968503937007783900, 0.1782716111512389100 ) ) ;
#2677 = CARTESIAN_POINT ( 'NONE',  ( -0.03961394404455111800, -0.1655886859579008000, -0.2737680561383661900 ) ) ;
#2678 = AXIS2_PLACEMENT_3D ( 'NONE', #2804, #1308, #3412 ) ;
#2679 = ADVANCED_FACE ( 'NONE', ( #896 ), #2325, .F. ) ;
#2680 = ORIENTED_EDGE ( 'NONE', *, *, #994, .T. ) ;
#2681 = CARTESIAN_POINT ( 'NONE',  ( -0.1605815918515516000, 0.05217612204500267400, 0.1904527559055119700 ) ) ;
#2682 = CARTESIAN_POINT ( 'NONE',  ( -0.1771187314312765700, 0.1286842908911822700, 0.006305107512219179300 ) ) ;
#2683 = CARTESIAN_POINT ( 'NONE',  ( -0.05486122133756587300, 0.1688454777399540400, 0.1664605875291930200 ) ) ;
#2684 = DIRECTION ( 'NONE',  ( -0.0000000000000000000, -0.0000000000000000000, -1.000000000000000000 ) ) ;
#2685 = CARTESIAN_POINT ( 'NONE',  ( -0.06765333536248334400, -0.2082155564801114500, -0.01553349636097953700 ) ) ;
#2686 = ORIENTED_EDGE ( 'NONE', *, *, #2068, .F. ) ;
#2687 = CARTESIAN_POINT ( 'NONE',  ( 0.0000000000000000000, 0.1968503937007874100, -0.1327520108960043900 ) ) ;
#2688 = VERTEX_POINT ( 'NONE', #3114 ) ;
#2689 = DIRECTION ( 'NONE',  ( -0.0000000000000000000, -0.0000000000000000000, 1.000000000000000000 ) ) ;
#2690 = CARTESIAN_POINT ( 'NONE',  ( 2.067760738647403800E-017, -0.1688454777399540100, -0.1796259842519685500 ) ) ;
#2691 = CARTESIAN_POINT ( 'NONE',  ( -0.1980247617844316000, 0.06434214544559113700, 0.01024211538623493800 ) ) ;
#2692 = CARTESIAN_POINT ( 'NONE',  ( -0.4217187500000002500, -2.953653931776406400E-017, -0.3125000000000000000 ) ) ;
#2693 = FACE_OUTER_BOUND ( 'NONE', #983, .T. ) ;
#2694 = DIRECTION ( 'NONE',  ( -0.7071067811865512400, 0.0000000000000000000, -0.7071067811865436900 ) ) ;
#2695 = EDGE_CURVE ( 'NONE', #1740, #920, #2590, .T. ) ;
#2696 = ADVANCED_FACE ( 'NONE', ( #947 ), #3778, .F. ) ;
#2697 = CONICAL_SURFACE ( 'NONE', #3393, 0.1328125000000000000, 0.7853981633974579400 ) ;
#2698 = CARTESIAN_POINT ( 'NONE',  ( -0.1388371350209250100, -0.09964751515024096500, 0.2726840604171195700 ) ) ;
#2699 = FACE_OUTER_BOUND ( 'NONE', #1218, .T. ) ;
#2700 = DIRECTION ( 'NONE',  ( 1.000000000000000000, 0.0000000000000000000, 0.0000000000000000000 ) ) ;
#2701 = DIRECTION ( 'NONE',  ( -0.0000000000000000000, 1.881251777004309100E-018, 1.000000000000000000 ) ) ;
#2702 = CARTESIAN_POINT ( 'NONE',  ( -0.1725210601286812900, -0.07080930671167033600, -0.2900280360392743000 ) ) ;
#2703 = CARTESIAN_POINT ( 'NONE',  ( -0.1605815918515516000, 0.05217612204500267400, -0.1245078740157480500 ) ) ;
#2704 = CIRCLE ( 'NONE', #536, 0.1407812500000000800 ) ;
#2705 = EDGE_CURVE ( 'NONE', #319, #1313, #2272, .T. ) ;
#2706 = CARTESIAN_POINT ( 'NONE',  ( 0.1223860333968799900, 0.1684499236856469000, -0.09212008933817454600 ) ) ;
#2707 = CARTESIAN_POINT ( 'NONE',  ( -0.1605815918515516000, 0.05217612204500267400, -0.05794886128970471600 ) ) ;
#2708 = CARTESIAN_POINT ( 'NONE',  ( 0.06396057012460035200, 0.1968503937007783900, 0.2570117686315539500 ) ) ;
#2709 = CARTESIAN_POINT ( 'NONE',  ( 2.410722045565655500E-017, -0.1968503937007873000, 0.1943897637795275200 ) ) ;
#2710 = CARTESIAN_POINT ( 'NONE',  ( -0.06396057012458812600, 0.1968503937007873000, 0.2376968503937008600 ) ) ;
#2711 = CARTESIAN_POINT ( 'NONE',  ( -0.1605815918515516000, 0.05217612204500267400, 0.1904527559055119700 ) ) ;
#2712 = CARTESIAN_POINT ( 'NONE',  ( 0.0000000000000000000, 0.1968503937007874100, 0.1550196850393700300 ) ) ;
#2713 = CARTESIAN_POINT ( 'NONE',  ( -0.1258337054484802200, -0.1280075574005316900, -0.2830303408122351000 ) ) ;
#2714 = VERTEX_POINT ( 'NONE', #2217 ) ;
#2715 = ADVANCED_FACE ( 'NONE', ( #2987 ), #580, .T. ) ;
#2716 = CARTESIAN_POINT ( 'NONE',  ( -0.1436285421260782300, -0.1043522440900053500, -0.03395669291338577300 ) ) ;
#2717 = EDGE_CURVE ( 'NONE', #1432, #360, #158, .T. ) ;
#2718 = PERSON_AND_ORGANIZATION ( #3790, #1160 ) ;
#2719 = CARTESIAN_POINT ( 'NONE',  ( -0.1771187314312765700, 0.1286842908911822700, -0.3086555224090407600 ) ) ;
#2720 = CARTESIAN_POINT ( 'NONE',  ( -0.1436285421260782300, -0.1043522440900053500, 0.03260231981265752900 ) ) ;
#2721 = CARTESIAN_POINT ( 'NONE',  ( 0.2069807528028085300, 3.887288194116977200E-017, 0.005043264694546852700 ) ) ;
#2722 = AXIS2_PLACEMENT_3D ( 'NONE', #3307, #3332, #44 ) ;
#2723 = ORIENTED_EDGE ( 'NONE', *, *, #1013, .F. ) ;
#2724 = FACE_BOUND ( 'NONE', #2477, .T. ) ;
#2725 = VERTEX_POINT ( 'NONE', #367 ) ;
#2726 = CARTESIAN_POINT ( 'NONE',  ( 0.09924488173182205400, -0.1365988609149796600, 0.2219488188976379800 ) ) ;
#2727 = CARTESIAN_POINT ( 'NONE',  ( 0.0000000000000000000, 0.1968503937007874100, -0.2114921683763193400 ) ) ;
#2728 = CARTESIAN_POINT ( 'NONE',  ( -0.1407812500000000200, -0.5625000000000001100, -0.3125000000000000000 ) ) ;
#2729 = AXIS2_PLACEMENT_3D ( 'NONE', #3351, #1545, #3659 ) ;
#2730 = VERTEX_POINT ( 'NONE', #3705 ) ;
#2731 = CARTESIAN_POINT ( 'NONE',  ( 0.05486122133756583800, -0.1688454777399539500, -0.1756889763779526900 ) ) ;
#2732 = CARTESIAN_POINT ( 'NONE',  ( 0.0000000000000000000, 0.2082155564801114700, -0.2417263885507730200 ) ) ;
#2733 = CARTESIAN_POINT ( 'NONE',  ( 0.0000000000000000000, 0.1688454777399540600, -0.07369689278576774200 ) ) ;
#2734 = CARTESIAN_POINT ( 'NONE',  ( -0.5625000000000001100, -4.677727003701036800E-017, -0.3045312500000002500 ) ) ;
#2735 =( BOUNDED_CURVE ( )  B_SPLINE_CURVE ( 2, ( #884, #1521, #2421, #3296, #2073, #303, #569, #3592, #1216, #2676, #2094 ),
 .UNSPECIFIED., .F., .T. ) 
 B_SPLINE_CURVE_WITH_KNOTS ( ( 3, 2, 2, 2, 2, 3 ),
 ( 0.7152885847108124700, 0.7263996958219235400, 0.7375108069330347200, 0.7486219180441458000, 0.7597330291552569800, 0.7708441402663680500 ),
 .UNSPECIFIED. ) 
 CURVE ( )  GEOMETRIC_REPRESENTATION_ITEM ( )  RATIONAL_B_SPLINE_CURVE ( ( 1.000000000000011300, 0.9510565162951422100, 1.000000000000000000, 0.9510565162951534200, 1.000000000000000000, 0.9510565162951534200, 1.000000000000000000, 0.9510565162951534200, 1.000000000000000000, 0.9510565162951646300, 0.9999999999999887900 ) ) 
 REPRESENTATION_ITEM ( '' )  );
#2736 = ORIENTED_EDGE ( 'NONE', *, *, #1621, .T. ) ;
#2737 = ORIENTED_EDGE ( 'NONE', *, *, #1827, .F. ) ;
#2738 = ADVANCED_FACE ( 'NONE', ( #1275 ), #440, .T. ) ;
#2739 = ORIENTED_EDGE ( 'NONE', *, *, #1429, .F. ) ;
#2740 = CARTESIAN_POINT ( 'NONE',  ( 0.1436285421260782600, -0.1043522440900053100, 0.2258858267716537000 ) ) ;
#2741 = CARTESIAN_POINT ( 'NONE',  ( 2.410722045565655500E-017, -0.1968503937007873000, -0.2780511811023624300 ) ) ;
#2742 = CARTESIAN_POINT ( 'NONE',  ( -0.1694545349776666900, 6.563386228615033600E-017, 0.2732931176548321600 ) ) ;
#2743 = LINE ( 'NONE', #3044, #1604 ) ;
#2744 = CARTESIAN_POINT ( 'NONE',  ( -0.1436285421260782800, 0.1043522440900053500, 0.02903543307086622500 ) ) ;
#2745 = CARTESIAN_POINT ( 'NONE',  ( 0.1980247617844316000, -0.06434214544559109500, -0.2653484357948675500 ) ) ;
#2746 = CARTESIAN_POINT ( 'NONE',  ( 0.1775346415770248900, 3.706982764817010900E-017, -0.01464177467553147100 ) ) ;
#2747 = DIRECTION ( 'NONE',  ( -0.0000000000000000000, 1.881251777004309100E-018, 1.000000000000000000 ) ) ;
#2748 = EDGE_CURVE ( 'NONE', #1971, #1624, #2463, .T. ) ;
#2749 = FACE_OUTER_BOUND ( 'NONE', #2778, .T. ) ;
#2750 = FACE_OUTER_BOUND ( 'NONE', #2872, .T. ) ;
#2751 = DIRECTION ( 'NONE',  ( 0.0000000000000000000, 1.000000000000000000, 0.0000000000000000000 ) ) ;
#2752 = AXIS2_PLACEMENT_3D ( 'NONE', #3406, #1271, #3125 ) ;
#2753 = CARTESIAN_POINT ( 'NONE',  ( 0.05486122133756583800, -0.1688454777399539500, 0.2967519685039371500 ) ) ;
#2754 = CARTESIAN_POINT ( 'NONE',  ( -0.1157057583252899500, -0.1592553138533360800, -0.1284448818897639700 ) ) ;
#2755 = CARTESIAN_POINT ( 'NONE',  ( 0.5625000000000001100, 2.578744229469662300E-017, 0.09375000000000026400 ) ) ;
#2756 = CARTESIAN_POINT ( 'NONE',  ( -0.1775346415770249200, -6.413618460845107500E-018, -0.3567913385826773100 ) ) ;
#2757 = CARTESIAN_POINT ( 'NONE',  ( 0.1980247617844315700, 0.06434214544559117800, -0.1787342625665210300 ) ) ;
#2758 = CARTESIAN_POINT ( 'NONE',  ( 0.1436285421260782600, -0.1043522440900053200, -0.1012559479038779400 ) ) ;
#2759 = CARTESIAN_POINT ( 'NONE',  ( -0.1436285421260782800, 0.1043522440900053500, 0.1865157480314962300 ) ) ;
#2760 = CARTESIAN_POINT ( 'NONE',  ( -0.06396057012458798700, -0.1968503937007872700, 0.2691929133858268500 ) ) ;
#2761 = VERTEX_POINT ( 'NONE', #1559 ) ;
#2762 = PERSON_AND_ORGANIZATION ( #3790, #1160 ) ;
#2763 = CARTESIAN_POINT ( 'NONE',  ( 0.1605815918515515800, 0.05217612204500271500, 0.3164370078740160200 ) ) ;
#2764 = DIRECTION ( 'NONE',  ( 0.7071067811865527900, 8.659560562354997000E-017, -0.7071067811865421300 ) ) ;
#2765 = VECTOR ( 'NONE', #713, 39.37007874015748900 ) ;
#2766 = CARTESIAN_POINT ( 'NONE',  ( 0.05486122133756583800, -0.1688454777399539500, -0.3331692913385827000 ) ) ;
#2767 = EDGE_CURVE ( 'NONE', #377, #3365, #2606, .T. ) ;
#2768 = CARTESIAN_POINT ( 'NONE',  ( -0.05486122133756586600, 0.1688454777399540400, -0.2937992125984252900 ) ) ;
#2769 = CARTESIAN_POINT ( 'NONE',  ( 0.1980247617844315700, 0.06434214544559117800, -0.2574744200468360700 ) ) ;
#2770 = CARTESIAN_POINT ( 'NONE',  ( 0.0000000000000000000, 0.1968503937007874100, 0.2609487765055706300 ) ) ;
#2771 = VERTEX_POINT ( 'NONE', #1869 ) ;
#2772 = AXIS2_PLACEMENT_3D ( 'NONE', #3509, #806, #2318 ) ;
#2773 = CARTESIAN_POINT ( 'NONE',  ( 0.1775346415770248900, 3.706982764817010900E-017, 0.1550196850393702200 ) ) ;
#2774 = CARTESIAN_POINT ( 'NONE',  ( -0.1771187314312765700, -0.1286842908911822700, 0.2915531178122489600 ) ) ;
#2775 = ORIENTED_EDGE ( 'NONE', *, *, #254, .F. ) ;
#2776 = CARTESIAN_POINT ( 'NONE',  ( 0.05486122133756580300, 0.1688454777399540400, 0.01328740157480325400 ) ) ;
#2777 = CARTESIAN_POINT ( 'NONE',  ( -0.06396057012460032400, -0.1968503937007782800, -0.1760590975101785600 ) ) ;
#2778 = EDGE_LOOP ( 'NONE', ( #1781, #612, #1825, #645 ) ) ;
#2779 = EDGE_CURVE ( 'NONE', #96, #2447, #2660, .T. ) ;
#2780 = CARTESIAN_POINT ( 'NONE',  ( 2.067760738647403800E-017, -0.1688454777399540100, -0.2583661417322835100 ) ) ;
#2781 = CARTESIAN_POINT ( 'NONE',  ( 0.02357741640695149000, 0.1925231138018369000, -0.3787204617167688700 ) ) ;
#2782 =( BOUNDED_CURVE ( )  B_SPLINE_CURVE ( 2, ( #2041, #2639, #1369, #801, #3475, #1669, #3214, #3489, #1716, #1685, #2933 ),
 .UNSPECIFIED., .F., .F. ) 
 B_SPLINE_CURVE_WITH_KNOTS ( ( 3, 2, 2, 2, 2, 3 ),
 ( 0.4444444444444444800, 0.4555555555555556000, 0.4666666666666667300, 0.4777777777777778000, 0.4888888888888888700, 0.5000000000000000000 ),
 .UNSPECIFIED. ) 
 CURVE ( )  GEOMETRIC_REPRESENTATION_ITEM ( )  RATIONAL_B_SPLINE_CURVE ( ( 0.9999999999999997800, 0.9510565162951536400, 1.000000000000000000, 0.9510565162951534200, 1.000000000000000000, 0.9510565162951534200, 1.000000000000000000, 0.9510565162951534200, 1.000000000000000000, 0.9510565162951534200, 1.000000000000000000 ) ) 
 REPRESENTATION_ITEM ( '' )  );
#2783 = ORIENTED_EDGE ( 'NONE', *, *, #751, .F. ) ;
#2784 = CARTESIAN_POINT ( 'NONE',  ( 0.1328125000000000000, 0.5625000000000001100, 0.08578124999999983700 ) ) ;
#2785 = CARTESIAN_POINT ( 'NONE',  ( 0.0000000000000000000, -0.7918124999999997000, -0.3125000000000000000 ) ) ;
#2786 = LINE ( 'NONE', #3271, #2083 ) ;
#2787 = CARTESIAN_POINT ( 'NONE',  ( -0.09924488173182202700, -0.1365988609149796600, 0.1274606299212599800 ) ) ;
#2788 = CARTESIAN_POINT ( 'NONE',  ( 0.1980247617844315700, 0.06434214544559117800, 0.3269861886783906900 ) ) ;
#2789 = LINE ( 'NONE', #3808, #2046 ) ;
#2790 = CARTESIAN_POINT ( 'NONE',  ( -0.05486122133756586600, 0.1688454777399540400, 0.02116141732283470500 ) ) ;
#2791 = CARTESIAN_POINT ( 'NONE',  ( -0.1674509465259921000, 0.1216602340058848100, -0.2784213022345871100 ) ) ;
#2792 = CARTESIAN_POINT ( 'NONE',  ( -0.1064912136092872900, -0.1528835750361554300, 0.2897535923257136800 ) ) ;
#2793 = CARTESIAN_POINT ( 'NONE',  ( 0.1605815918515515800, 0.05217612204500271500, -0.2347440944881890000 ) ) ;
#2794 = LINE ( 'NONE', #949, #3211 ) ;
#2795 = CARTESIAN_POINT ( 'NONE',  ( 0.0000000000000000000, 0.1968503937007874100, -0.05401185341568941900 ) ) ;
#2796 = CARTESIAN_POINT ( 'NONE',  ( -0.1328124999999999400, -0.5625000000000001100, 0.08578124999999983700 ) ) ;
#2797 = AXIS2_PLACEMENT_3D ( 'NONE', #3638, #932, #3031 ) ;
#2798 = CARTESIAN_POINT ( 'NONE',  ( -0.08721809400627871000, -0.1466313166154534800, 0.2736304262312361800 ) ) ;
#2799 = CARTESIAN_POINT ( 'NONE',  ( -0.05486122133756587300, 0.1688454777399540400, 0.1786417322834647500 ) ) ;
#2800 = CARTESIAN_POINT ( 'NONE',  ( 0.1407812500000000800, 0.5625000000000001100, -0.3125000000000000000 ) ) ;
#2801 = DIRECTION ( 'NONE',  ( -0.0000000000000000000, -0.0000000000000000000, 1.000000000000000000 ) ) ;
#2802 = CARTESIAN_POINT ( 'NONE',  ( 0.1775346415770249200, 3.706982764817010900E-017, -0.08120078740157474200 ) ) ;
#2803 = CARTESIAN_POINT ( 'NONE',  ( 0.05486122133756583800, -0.1688454777399539500, 0.2845708237496649100 ) ) ;
#2804 = CARTESIAN_POINT ( 'NONE',  ( -0.5625000000000001100, -4.677727003701036800E-017, -0.3125000000000000000 ) ) ;
#2805 = CARTESIAN_POINT ( 'NONE',  ( 0.1674509465259921000, -0.1216602340058847400, -0.2662401574803152600 ) ) ;
#2806 = CARTESIAN_POINT ( 'NONE',  ( 0.05486122133756580300, 0.1688454777399540400, -0.3016732283464567700 ) ) ;
#2807 = EDGE_LOOP ( 'NONE', ( #2974, #404 ) ) ;
#2808 = DIRECTION ( 'NONE',  ( -0.0000000000000000000, 1.881251777004309100E-018, 1.000000000000000000 ) ) ;
#2809 = CIRCLE ( 'NONE', #951, 0.2086614173228346600 ) ;
#2810 = CARTESIAN_POINT ( 'NONE',  ( 0.0000000000000000000, 0.1688454777399540600, 0.2534448818897640000 ) ) ;
#2811 = DIRECTION ( 'NONE',  ( 0.0000000000000000000, 0.0000000000000000000, 1.000000000000000000 ) ) ;
#2812 = CARTESIAN_POINT ( 'NONE',  ( 0.0000000000000000000, 0.1968503937007874100, -0.002460629921259971700 ) ) ;
#2813 = EDGE_LOOP ( 'NONE', ( #3106, #3532, #2937, #3388 ) ) ;
#2814 = VECTOR ( 'NONE', #1751, 39.37007874015748100 ) ;
#2815 = CARTESIAN_POINT ( 'NONE',  ( 0.1775346415770249200, 3.706982764817010900E-017, -0.1599409448818897600 ) ) ;
#2816 = CARTESIAN_POINT ( 'NONE',  ( 0.1436285421260782600, -0.1043522440900053100, 0.2137046820173814100 ) ) ;
#2817 = DIRECTION ( 'NONE',  ( -0.0000000000000000000, 1.881251777004295600E-018, 1.000000000000000000 ) ) ;
#2818 = CARTESIAN_POINT ( 'NONE',  ( 0.0000000000000000000, -4.833965545397999800E-037, -0.3125000000000000000 ) ) ;
#2819 = EDGE_CURVE ( 'NONE', #2624, #725, #112, .T. ) ;
#2820 = ORIENTED_EDGE ( 'NONE', *, *, #3036, .F. ) ;
#2821 = DIRECTION ( 'NONE',  ( -0.0000000000000000000, -0.0000000000000000000, -1.000000000000000000 ) ) ;
#2822 = VERTEX_POINT ( 'NONE', #628 ) ;
#2823 = ORIENTED_EDGE ( 'NONE', *, *, #485, .T. ) ;
#2824 = AXIS2_PLACEMENT_3D ( 'NONE', #2566, #753, #1364 ) ;
#2825 = CARTESIAN_POINT ( 'NONE',  ( 0.05486122133756583800, -0.1688454777399539500, -0.01820866141732274000 ) ) ;
#2826 = ORIENTED_EDGE ( 'NONE', *, *, #1853, .F. ) ;
#2827 = CARTESIAN_POINT ( 'NONE',  ( -0.06396057012457541400, 0.1968503937007965200, 0.1861456268992704400 ) ) ;
#2828 = ORIENTED_EDGE ( 'NONE', *, *, #3240, .F. ) ;
#2829 = CARTESIAN_POINT ( 'NONE',  ( 2.410722045565656400E-017, 0.1968503937007874400, 0.3006889763779528300 ) ) ;
#2830 = CARTESIAN_POINT ( 'NONE',  ( 0.0000000000000000000, 0.1688454777399540600, -0.06151574803149605100 ) ) ;
#2831 = CARTESIAN_POINT ( 'NONE',  ( 0.1605815918515515800, 0.05217612204500271500, 0.3042558631197436700 ) ) ;
#2832 =( BOUNDED_CURVE ( )  B_SPLINE_CURVE ( 2, ( #1351, #3800, #1959, #3185, #3498, #2247, #2557, #2544, #1948, #449, #1680 ),
 .UNSPECIFIED., .F., .T. ) 
 B_SPLINE_CURVE_WITH_KNOTS ( ( 3, 2, 2, 2, 2, 3 ),
 ( 0.6041774735997013100, 0.6152885847108124900, 0.6263996958219236700, 0.6375108069330347500, 0.6486219180441458200, 0.6597330291552568900 ),
 .UNSPECIFIED. ) 
 CURVE ( )  GEOMETRIC_REPRESENTATION_ITEM ( )  RATIONAL_B_SPLINE_CURVE ( ( 1.000000000000011300, 0.9510565162951422100, 1.000000000000000000, 0.9510565162951534200, 1.000000000000000000, 0.9510565162951534200, 1.000000000000000000, 0.9510565162951534200, 1.000000000000000000, 0.9510565162951646300, 0.9999999999999887900 ) ) 
 REPRESENTATION_ITEM ( '' )  );
#2833 = ORIENTED_EDGE ( 'NONE', *, *, #2044, .T. ) ;
#2834 = CARTESIAN_POINT ( 'NONE',  ( 0.1157057583252899500, 0.1592553138533361100, -0.2465551181102364500 ) ) ;
#2835 = DIRECTION ( 'NONE',  ( -0.0000000000000000000, -0.0000000000000000000, 1.000000000000000000 ) ) ;
#2836 = CARTESIAN_POINT ( 'NONE',  ( 4.209723372069026300E-017, 0.3437500000000000000, -0.3021874999999998300 ) ) ;
#2837 = CIRCLE ( 'NONE', #2392, 0.1328125000000000000 ) ;
#2838 = CARTESIAN_POINT ( 'NONE',  ( -0.05486122133756579000, -0.1688454777399540100, -0.1048228346456692900 ) ) ;
#2839 = LINE ( 'NONE', #2532, #704 ) ;
#2840 = DIRECTION ( 'NONE',  ( -0.7071067811865486800, 0.0000000000000000000, -0.7071067811865462400 ) ) ;
#2841 = CARTESIAN_POINT ( 'NONE',  ( 0.09407225646207569000, -0.1543224136432024000, 0.2843851781523489300 ) ) ;
#2842 = CARTESIAN_POINT ( 'NONE',  ( 0.1771187314312765700, 0.1286842908911823300, 0.1734428815917764500 ) ) ;
#2843 = DIRECTION ( 'NONE',  ( 8.659560562354979700E-017, 0.7071067811865512400, 0.7071067811865436900 ) ) ;
#2844 = EDGE_CURVE ( 'NONE', #2019, #2203, #3812, .T. ) ;
#2845 = CARTESIAN_POINT ( 'NONE',  ( 0.05486122133756580300, 0.1688454777399540400, -0.2229330708661417200 ) ) ;
#2846 = CARTESIAN_POINT ( 'NONE',  ( -0.09924488173182202700, -0.1365988609149796600, 0.2727598001276176400 ) ) ;
#2847 = CARTESIAN_POINT ( 'NONE',  ( -0.08670463019436998300, -0.1674059928681690700, 0.2919690801147820100 ) ) ;
#2848 = DIRECTION ( 'NONE',  ( -0.0000000000000000000, -0.0000000000000000000, 1.000000000000000000 ) ) ;
#2849 = CARTESIAN_POINT ( 'NONE',  ( 0.1436285421260782600, -0.1043522440900053100, -0.3252952755905512700 ) ) ;
#2850 = CARTESIAN_POINT ( 'NONE',  ( 0.06396057012458841700, 0.1968503937007870800, -0.1638779527559057500 ) ) ;
#2851 = CARTESIAN_POINT ( 'NONE',  ( -0.08055981738675127600, -0.1490106876612451200, -0.2726840604171195100 ) ) ;
#2852 = CARTESIAN_POINT ( 'NONE',  ( 0.1775346415770248900, 3.706982764817010900E-017, -0.1599409448818897800 ) ) ;
#2853 = CARTESIAN_POINT ( 'NONE',  ( 0.1223860333968800200, -0.1684499236856468200, 0.07501768474138270600 ) ) ;
#2854 = EDGE_CURVE ( 'NONE', #2624, #2399, #3305, .T. ) ;
#2855 = DIRECTION ( 'NONE',  ( 0.0000000000000000000, 1.000000000000000000, 0.0000000000000000000 ) ) ;
#2856 = CARTESIAN_POINT ( 'NONE',  ( -0.09924488173182202700, -0.1365988609149796600, -0.1875000000000000600 ) ) ;
#2857 = CARTESIAN_POINT ( 'NONE',  ( -0.05486122133756579000, -0.1688454777399539800, 0.1192164930410034200 ) ) ;
#2858 = ORIENTED_EDGE ( 'NONE', *, *, #3252, .F. ) ;
#2859 = CARTESIAN_POINT ( 'NONE',  ( 0.06396057012458798700, 0.1968503937007873800, 0.1510826771653542800 ) ) ;
#2860 = CARTESIAN_POINT ( 'NONE',  ( -0.09924488173182202700, -0.1365988609149796600, -0.2662401574803149900 ) ) ;
#2861 = CARTESIAN_POINT ( 'NONE',  ( -0.1404896316880985300, -0.09463533105362104100, -0.2726840604171195100 ) ) ;
#2862 = FACE_OUTER_BOUND ( 'NONE', #3754, .T. ) ;
#2863 = CARTESIAN_POINT ( 'NONE',  ( 2.549905147760534400E-017, -0.2082155564801114200, -0.1690768034475938200 ) ) ;
#2864 = ORIENTED_EDGE ( 'NONE', *, *, #1621, .F. ) ;
#2865 = CARTESIAN_POINT ( 'NONE',  ( 0.1436285421260782600, -0.1043522440900053200, -0.1678149606299212900 ) ) ;
#2866 = CARTESIAN_POINT ( 'NONE',  ( -0.1157057583252900100, 0.1592553138533361100, -0.07332677165354348200 ) ) ;
#2867 = CARTESIAN_POINT ( 'NONE',  ( 0.1980247617844316000, -0.06434214544559109500, 0.1616318579697292000 ) ) ;
#2868 = CARTESIAN_POINT ( 'NONE',  ( 2.067760738647403800E-017, -0.1688454777399540100, 0.04441334343470417600 ) ) ;
#2869 = CARTESIAN_POINT ( 'NONE',  ( 2.410722045565655500E-017, -0.1968503937007873000, -0.01464177467553190400 ) ) ;
#2870 = EDGE_CURVE ( 'NONE', #3476, #1077, #706, .T. ) ;
#2871 = ORIENTED_EDGE ( 'NONE', *, *, #3711, .T. ) ;
#2872 = EDGE_LOOP ( 'NONE', ( #167, #522, #3814, #1254 ) ) ;
#2873 = CARTESIAN_POINT ( 'NONE',  ( -0.1605815918515515800, -0.05217612204500268700, -0.3528543307086615700 ) ) ;
#2874 = ORIENTED_EDGE ( 'NONE', *, *, #1634, .F. ) ;
#2875 = CARTESIAN_POINT ( 'NONE',  ( -0.2189307921375865400, -1.401796795299716600E-017, -0.3462421577783025300 ) ) ;
#2876 = CARTESIAN_POINT ( 'NONE',  ( -0.1730783923687745900, 1.638658761744220300E-015, -0.2769169750459400900 ) ) ;
#2877 = CARTESIAN_POINT ( 'NONE',  ( -0.1980247617844315700, -0.06434214544559115100, 0.2088759524579181800 ) ) ;
#2878 = LINE ( 'NONE', #3477, #3867 ) ;
#2879 = CARTESIAN_POINT ( 'NONE',  ( 0.05486122133756583800, -0.1688454777399539500, 0.04835035130871989700 ) ) ;
#2880 = APPROVAL_ROLE ( '' ) ;
#2881 = FACE_OUTER_BOUND ( 'NONE', #2292, .T. ) ;
#2882 = CARTESIAN_POINT ( 'NONE',  ( 2.410722045565655500E-017, -0.1968503937007873000, -0.1721220896361619100 ) ) ;
#2883 = CARTESIAN_POINT ( 'NONE',  ( -0.1775346415770249200, -6.413618460845107500E-018, 0.1822086190252554500 ) ) ;
#2884 = CARTESIAN_POINT ( 'NONE',  ( 0.1872158496644003300, -0.06083011700294235100, -0.1835629921259844500 ) ) ;
#2885 = CARTESIAN_POINT ( 'NONE',  ( -0.1277926088831793400, -0.1105619340172161300, -0.2726840604171196200 ) ) ;
#2886 = FACE_BOUND ( 'NONE', #2807, .T. ) ;
#2887 = CARTESIAN_POINT ( 'NONE',  ( 0.1771187314312765700, 0.1286842908911823300, -0.2202579058097985700 ) ) ;
#2888 = CARTESIAN_POINT ( 'NONE',  ( 0.06765333536248338600, -0.2082155564801113900, 0.1952814854649751500 ) ) ;
#2889 = CARTESIAN_POINT ( 'NONE',  ( 0.0000000000000000000, 1.175782360627693200E-018, 0.3125000000000000000 ) ) ;
#2890 = LINE ( 'NONE', #727, #3737 ) ;
#2891 = CARTESIAN_POINT ( 'NONE',  ( 0.2189307921375865400, 3.960461081222081500E-017, 0.2443090233240599300 ) ) ;
#2892 = ADVANCED_FACE ( 'NONE', ( #623 ), #3680, .F. ) ;
#2893 = EDGE_CURVE ( 'NONE', #2530, #1543, #1606, .T. ) ;
#2894 = CARTESIAN_POINT ( 'NONE',  ( 0.1775346415770249200, 3.706982764817010900E-017, -0.01464177467553210100 ) ) ;
#2895 = CARTESIAN_POINT ( 'NONE',  ( 0.03132742925918787600, 0.1885413756506653700, -0.2940482843726654500 ) ) ;
#2896 = CARTESIAN_POINT ( 'NONE',  ( 0.1605815918515515800, 0.05217612204500271500, -0.01070476680151637700 ) ) ;
#2897 = CARTESIAN_POINT ( 'NONE',  ( 0.0000000000000000000, 7.642585344080009900E-019, 0.09375000000000026400 ) ) ;
#2898 = CARTESIAN_POINT ( 'NONE',  ( 0.0000000000000000000, -1.128248348665371200E-034, -0.3125000000000000000 ) ) ;
#2899 = CARTESIAN_POINT ( 'NONE',  ( 0.09924488173182204100, 0.1365988609149797500, 0.3243110236220474500 ) ) ;
#2900 = ORIENTED_EDGE ( 'NONE', *, *, #2563, .T. ) ;
#2901 = CARTESIAN_POINT ( 'NONE',  ( -0.1223860333968799800, -0.1684499236856468200, 0.2622106193232429100 ) ) ;
#2902 = CARTESIAN_POINT ( 'NONE',  ( 0.0000000000000000000, 0.1688454777399540600, -0.2189960629921259800 ) ) ;
#2903 = CARTESIAN_POINT ( 'NONE',  ( 4.209723372069026300E-017, 0.3437500000000000000, 0.3125000000000000000 ) ) ;
#2904 = CARTESIAN_POINT ( 'NONE',  ( 0.0000000000000000000, 0.1968503937007874100, -0.1599409448818899800 ) ) ;
#2905 = EDGE_CURVE ( 'NONE', #679, #2771, #3731, .T. ) ;
#2906 = ORIENTED_EDGE ( 'NONE', *, *, #2097, .F. ) ;
#2907 = DIRECTION ( 'NONE',  ( 0.0000000000000000000, -1.881251777004309100E-018, -1.000000000000000000 ) ) ;
#2908 = CARTESIAN_POINT ( 'NONE',  ( 0.09924488173182205400, -0.1365988609149796600, 0.05228735918273565800 ) ) ;
#2909 = PERSON_AND_ORGANIZATION_ROLE ( 'classification_officer' ) ;
#2910 = CARTESIAN_POINT ( 'NONE',  ( -0.1736148753418684000, 0.009240952281262883000, -0.2774534580190340400 ) ) ;
#2911 = VERTEX_POINT ( 'NONE', #3060 ) ;
#2912 = VECTOR ( 'NONE', #1326, 39.37007874015748100 ) ;
#2913 = CARTESIAN_POINT ( 'NONE',  ( 0.1436285421260782600, 0.1043522440900053900, 0.07197239855281441200 ) ) ;
#2914 = CARTESIAN_POINT ( 'NONE',  ( 0.09924488173182205400, -0.1365988609149796600, -0.1839331132582093500 ) ) ;
#2915 = DIRECTION ( 'NONE',  ( -0.0000000000000000000, 1.881251777004309100E-018, 1.000000000000000000 ) ) ;
#2916 = ORIENTED_EDGE ( 'NONE', *, *, #2893, .F. ) ;
#2917 = CARTESIAN_POINT ( 'NONE',  ( -0.1980247617844316000, 0.06434214544559113700, -0.1926988506916882900 ) ) ;
#2918 = CARTESIAN_POINT ( 'NONE',  ( -0.1223860333968800500, 0.1684499236856469000, 0.2385885720791484100 ) ) ;
#2919 = ORIENTED_EDGE ( 'NONE', *, *, #1234, .T. ) ;
#2920 = DIRECTION ( 'NONE',  ( -0.0000000000000000000, -0.0000000000000000000, 1.000000000000000000 ) ) ;
#2921 = EDGE_CURVE ( 'NONE', #1055, #924, #1589, .T. ) ;
#2922 = CARTESIAN_POINT ( 'NONE',  ( 0.09924488173182204100, 0.1365988609149797500, -0.08157090853379982100 ) ) ;
#2923 = ORIENTED_EDGE ( 'NONE', *, *, #2229, .F. ) ;
#2924 = ORIENTED_EDGE ( 'NONE', *, *, #1360, .F. ) ;
#2925 = AXIS2_PLACEMENT_3D ( 'NONE', #948, #3057, #3357 ) ;
#2926 = ORIENTED_EDGE ( 'NONE', *, *, #1498, .F. ) ;
#2927 = CARTESIAN_POINT ( 'NONE',  ( -0.1605815918515516000, 0.05217612204500267400, 0.02079129619060965700 ) ) ;
#2928 = CARTESIAN_POINT ( 'NONE',  ( 2.067760738647403800E-017, -0.1688454777399540100, -0.1918071290062408600 ) ) ;
#2929 = CARTESIAN_POINT ( 'NONE',  ( 0.1157057583252899800, -0.1592553138533360500, 0.2022637795275590600 ) ) ;
#2930 = CARTESIAN_POINT ( 'NONE',  ( 0.1436285421260782600, -0.1043522440900053100, 0.1471456692913387700 ) ) ;
#2931 = AXIS2_PLACEMENT_3D ( 'NONE', #1666, #730, #3741 ) ;
#2932 = CARTESIAN_POINT ( 'NONE',  ( 0.2189307921375865400, 3.960461081222081500E-017, 0.1322893594807231500 ) ) ;
#2933 = CARTESIAN_POINT ( 'NONE',  ( 2.410722045565655500E-017, -0.1968503937007873000, -0.04183070866141749100 ) ) ;
#2934 = VECTOR ( 'NONE', #3202, 39.37007874015748100 ) ;
#2935 = CARTESIAN_POINT ( 'NONE',  ( 0.0000000000000000000, 1.175782360627693200E-018, 0.3125000000000000000 ) ) ;
#2936 = CARTESIAN_POINT ( 'NONE',  ( 0.09924488173182205400, -0.1365988609149796600, -0.2626732707385243700 ) ) ;
#2937 = ORIENTED_EDGE ( 'NONE', *, *, #273, .T. ) ;
#2938 = CARTESIAN_POINT ( 'NONE',  ( -0.2069807528028085300, -1.182278133984402800E-017, 0.09596456692913379900 ) ) ;
#2939 = CYLINDRICAL_SURFACE ( 'NONE', #1806, 0.1968503937007874100 ) ;
#2940 = CARTESIAN_POINT ( 'NONE',  ( 0.05486122133756580300, 0.1688454777399540400, 0.1585865717811609000 ) ) ;
#2941 = CARTESIAN_POINT ( 'NONE',  ( 0.1436285421260782600, 0.1043522440900053900, -0.08550791640781559000 ) ) ;
#2942 = CARTESIAN_POINT ( 'NONE',  ( -0.1328124999999999400, -0.5625000000000001100, -0.3125000000000000000 ) ) ;
#2943 = CARTESIAN_POINT ( 'NONE',  ( 0.05486122133756580300, 0.1688454777399540400, 0.1707677165354332100 ) ) ;
#2944 = CARTESIAN_POINT ( 'NONE',  ( -0.1980247617844316000, 0.06434214544559113700, 0.2464625878271799500 ) ) ;
#2945 = CARTESIAN_POINT ( 'NONE',  ( 0.1605815918515516000, -0.05217612204500263900, 0.1389015324110828000 ) ) ;
#2946 = CARTESIAN_POINT ( 'NONE',  ( -0.1157057583252899500, -0.1592553138533360800, -0.2071850393700790100 ) ) ;
#2947 = EDGE_CURVE ( 'NONE', #3365, #97, #2408, .T. ) ;
#2948 = CARTESIAN_POINT ( 'NONE',  ( -0.1436285421260782800, 0.1043522440900053500, -0.2981063416046659800 ) ) ;
#2949 = DIRECTION ( 'NONE',  ( -0.0000000000000000000, 1.881251777004309100E-018, 1.000000000000000000 ) ) ;
#2950 = DIRECTION ( 'NONE',  ( -0.0000000000000000000, 1.881251777004309100E-018, 1.000000000000000000 ) ) ;
#2951 = CARTESIAN_POINT ( 'NONE',  ( 0.1775346415770249200, 3.706982764817010900E-017, -0.1721220896361621000 ) ) ;
#2952 = CARTESIAN_POINT ( 'NONE',  ( 0.06396057012458787600, -0.1968503937007873800, 0.1983267716535432600 ) ) ;
#2953 = AXIS2_PLACEMENT_3D ( 'NONE', #3358, #3408, #1578 ) ;
#2954 = EDGE_LOOP ( 'NONE', ( #1729, #651 ) ) ;
#2955 = CARTESIAN_POINT ( 'NONE',  ( 0.09924488173182204100, 0.1365988609149797500, 0.2455708661417324900 ) ) ;
#2956 = FACE_OUTER_BOUND ( 'NONE', #2489, .T. ) ;
#2957 = CARTESIAN_POINT ( 'NONE',  ( -0.06765333536248334400, -0.2082155564801114500, -0.1275531602043163100 ) ) ;
#2958 = CARTESIAN_POINT ( 'NONE',  ( 0.05486122133756583800, -0.1688454777399539500, 0.2058306662693504800 ) ) ;
#2959 = DIRECTION ( 'NONE',  ( -0.0000000000000000000, 1.881251777004309100E-018, 1.000000000000000000 ) ) ;
#2960 = DIRECTION ( 'NONE',  ( 0.0000000000000000000, -0.7071067811865550100, 0.7071067811865400200 ) ) ;
#2961 = CARTESIAN_POINT ( 'NONE',  ( -0.1223860333968800500, 0.1684499236856469000, -0.04309255147908981600 ) ) ;
#2962 = ORIENTED_EDGE ( 'NONE', *, *, #2705, .F. ) ;
#2963 = CARTESIAN_POINT ( 'NONE',  ( 0.1775346415770249200, 3.706982764817010900E-017, -0.1721220896361621000 ) ) ;
#2964 = CARTESIAN_POINT ( 'NONE',  ( 0.4296875000000001100, 4.205228259587240700E-017, 0.08578124999999976700 ) ) ;
#2965 = CARTESIAN_POINT ( 'NONE',  ( 0.0000000000000000000, 0.1688454777399540600, -0.2311772077463983000 ) ) ;
#2966 = CARTESIAN_POINT ( 'NONE',  ( 5.122214988120493500E-017, -0.5625000000000001100, 0.08578124999999983700 ) ) ;
#2967 = ORIENTED_EDGE ( 'NONE', *, *, #1766, .F. ) ;
#2968 = CARTESIAN_POINT ( 'NONE',  ( -0.1605815918515516000, 0.05217612204500267400, 0.2691929133858269600 ) ) ;
#2969 = ORIENTED_EDGE ( 'NONE', *, *, #2109, .F. ) ;
#2970 = CARTESIAN_POINT ( 'NONE',  ( -0.1771187314312765700, -0.1286842908911822700, 0.1007932964885971800 ) ) ;
#2971 = CARTESIAN_POINT ( 'NONE',  ( 0.09924488173182205400, -0.1365988609149796600, 0.2097676741433663100 ) ) ;
#2972 = EDGE_CURVE ( 'NONE', #3670, #791, #1466, .T. ) ;
#2973 = CARTESIAN_POINT ( 'NONE',  ( 0.1157057583252899800, -0.1592553138533360500, -0.1126968503937009500 ) ) ;
#2974 = ORIENTED_EDGE ( 'NONE', *, *, #2343, .T. ) ;
#2975 = CARTESIAN_POINT ( 'NONE',  ( 0.1771187314312765700, 0.1286842908911823300, 0.01596256663114645500 ) ) ;
#2976 = ADVANCED_FACE ( 'NONE', ( #2750 ), #1730, .F. ) ;
#2977 = CARTESIAN_POINT ( 'NONE',  ( -0.1872158496644002500, -0.06083011700294239900, -0.1091299636519099100 ) ) ;
#2978 = AXIS2_PLACEMENT_3D ( 'NONE', #257, #2070, #264 ) ;
#2979 = CONICAL_SURFACE ( 'NONE', #2998, 0.1328125000000000000, 0.7853981633974600500 ) ;
#2980 = CARTESIAN_POINT ( 'NONE',  ( 0.0000000000000000000, 1.175782360627693200E-018, 0.3125000000000000000 ) ) ;
#2981 = DIRECTION ( 'NONE',  ( -1.000000000000000000, 0.0000000000000000000, 0.0000000000000000000 ) ) ;
#2982 = FACE_BOUND ( 'NONE', #2211, .T. ) ;
#2983 = CARTESIAN_POINT ( 'NONE',  ( -0.1436285421260782300, -0.1043522440900053500, 0.2022637795275592500 ) ) ;
#2984 = EDGE_CURVE ( 'NONE', #1409, #2213, #2293, .T. ) ;
#2985 = CARTESIAN_POINT ( 'NONE',  ( 0.0000000000000000000, 0.2082155564801114700, -0.005505916109828062000 ) ) ;
#2986 = CARTESIAN_POINT ( 'NONE',  ( 0.0000000000000000000, 0.1688454777399540600, 0.08378342217486228800 ) ) ;
#2987 = FACE_OUTER_BOUND ( 'NONE', #1539, .T. ) ;
#2988 = CARTESIAN_POINT ( 'NONE',  ( 0.1223860333968799900, 0.1684499236856469000, -0.05884058297515278000 ) ) ;
#2989 = VECTOR ( 'NONE', #1325, 39.37007874015748900 ) ;
#2990 = DIRECTION ( 'NONE',  ( -0.0000000000000000000, 1.881251777004309100E-018, 1.000000000000000000 ) ) ;
#2991 = CARTESIAN_POINT ( 'NONE',  ( 0.0000000000000000000, -1.184750211852384300E-034, -0.3125000000000000000 ) ) ;
#2992 = CARTESIAN_POINT ( 'NONE',  ( 0.05486122133756583800, -0.1688454777399539500, -0.3453504360928550400 ) ) ;
#2993 = ADVANCED_FACE ( 'NONE', ( #2202 ), #875, .F. ) ;
#2994 = CARTESIAN_POINT ( 'NONE',  ( -0.09924488173182202700, -0.1365988609149796600, -0.1875000000000000600 ) ) ;
#2995 = CARTESIAN_POINT ( 'NONE',  ( 0.1980247617844316000, -0.06434214544559109500, -0.02912796335392254400 ) ) ;
#2996 = CARTESIAN_POINT ( 'NONE',  ( 0.1605815918515516000, -0.05217612204500263900, 0.2176416898913977600 ) ) ;
#2997 = ORIENTED_EDGE ( 'NONE', *, *, #3344, .T. ) ;
#2998 = AXIS2_PLACEMENT_3D ( 'NONE', #1528, #634, #1804 ) ;
#2999 =( BOUNDED_CURVE ( )  B_SPLINE_CURVE ( 2, ( #2511, #2859, #3163, #3760, #1376, #3482, #3219, #1411, #474, #1676, #1969 ),
 .UNSPECIFIED., .F., .T. ) 
 B_SPLINE_CURVE_WITH_KNOTS ( ( 3, 2, 2, 2, 2, 3 ),
 ( 0.2222222222222222400, 0.2333333333333333600, 0.2444444444444444600, 0.2555555555555555400, 0.2666666666666666600, 0.2777777777777777900 ),
 .UNSPECIFIED. ) 
 CURVE ( )  GEOMETRIC_REPRESENTATION_ITEM ( )  RATIONAL_B_SPLINE_CURVE ( ( 0.9999999999999998900, 0.9510565162951535300, 1.000000000000000000, 0.9510565162951534200, 1.000000000000000000, 0.9510565162951534200, 1.000000000000000000, 0.9510565162951534200, 1.000000000000000000, 0.9510565162951534200, 1.000000000000000000 ) ) 
 REPRESENTATION_ITEM ( '' )  );
#3000 = CARTESIAN_POINT ( 'NONE',  ( -0.1872158496644003300, 0.06083011700294239200, -0.1170039793999414100 ) ) ;
#3001 = DIRECTION ( 'NONE',  ( 0.0000000000000000000, 1.000000000000000000, 0.0000000000000000000 ) ) ;
#3002 = AXIS2_PLACEMENT_3D ( 'NONE', #3434, #2545, #717 ) ;
#3003 = ORIENTED_EDGE ( 'NONE', *, *, #1360, .T. ) ;
#3004 = FACE_BOUND ( 'NONE', #970, .T. ) ;
#3005 = CARTESIAN_POINT ( 'NONE',  ( 0.0000000000000000000, 0.1688454777399540600, -0.1402559055118110200 ) ) ;
#3006 = CARTESIAN_POINT ( 'NONE',  ( 0.1980247617844316000, -0.06434214544559109500, -0.1078681208342375800 ) ) ;
#3007 = CARTESIAN_POINT ( 'NONE',  ( 0.05486122133756583800, -0.1688454777399539500, -0.1878701211322244500 ) ) ;
#3008 = EDGE_LOOP ( 'NONE', ( #1362, #3460, #2081, #911 ) ) ;
#3009 = ADVANCED_FACE ( 'NONE', ( #43 ), #1207, .F. ) ;
#3010 = VERTEX_POINT ( 'NONE', #3119 ) ;
#3011 = CARTESIAN_POINT ( 'NONE',  ( 2.410722045565655500E-017, -0.1968503937007873000, -0.2780511811023624300 ) ) ;
#3012 = EDGE_LOOP ( 'NONE', ( #2924, #2115, #3135, #3421 ) ) ;
#3013 = CARTESIAN_POINT ( 'NONE',  ( 0.1436285421260782600, 0.1043522440900053900, 0.08415354330708672800 ) ) ;
#3014 = DIRECTION ( 'NONE',  ( 0.0000000000000000000, -1.000000000000000000, 0.0000000000000000000 ) ) ;
#3015 = ORIENTED_EDGE ( 'NONE', *, *, #2779, .F. ) ;
#3016 = CARTESIAN_POINT ( 'NONE',  ( -0.09924488173182202700, -0.1365988609149796600, -0.03001968503936998400 ) ) ;
#3017 = ORIENTED_EDGE ( 'NONE', *, *, #3344, .F. ) ;
#3018 = CARTESIAN_POINT ( 'NONE',  ( 0.1223860333968800200, -0.1684499236856468200, -0.1944822940625840500 ) ) ;
#3019 = CARTESIAN_POINT ( 'NONE',  ( 0.1436285421260782600, 0.1043522440900054000, -0.08550791640781497900 ) ) ;
#3020 = CIRCLE ( 'NONE', #3853, 0.2086614173228346600 ) ;
#3021 = EDGE_CURVE ( 'NONE', #924, #328, #198, .T. ) ;
#3022 = CARTESIAN_POINT ( 'NONE',  ( -0.1674509465259921000, -0.1216602340058848100, 0.2613188976377953100 ) ) ;
#3023 = AXIS2_PLACEMENT_3D ( 'NONE', #1241, #895, #1507 ) ;
#3024 = CARTESIAN_POINT ( 'NONE',  ( -0.1775346415770249200, -6.413618460845107500E-018, 0.1156496062992127100 ) ) ;
#3025 = CARTESIAN_POINT ( 'NONE',  ( -0.1605815918515516000, 0.05217612204500267400, -0.3729094912109653400 ) ) ;
#3026 = DIRECTION ( 'NONE',  ( 0.0000000000000000000, -1.881251777004309100E-018, -1.000000000000000000 ) ) ;
#3027 = ADVANCED_FACE ( 'NONE', ( #277 ), #2432, .F. ) ;
#3028 = CARTESIAN_POINT ( 'NONE',  ( 0.05486122133756583800, -0.1688454777399539500, -0.01820866141732274000 ) ) ;
#3029 = CARTESIAN_POINT ( 'NONE',  ( -0.1771187314312765700, -0.1286842908911822700, -0.2141673334326628400 ) ) ;
#3030 = CARTESIAN_POINT ( 'NONE',  ( -0.1436285421260782800, 0.1043522440900053500, 0.01685428831659452700 ) ) ;
#3031 = DIRECTION ( 'NONE',  ( 0.0000000000000000000, -1.000000000000000000, 0.0000000000000000000 ) ) ;
#3032 = DIRECTION ( 'NONE',  ( -0.0000000000000000000, -0.0000000000000000000, -1.000000000000000000 ) ) ;
#3033 = CARTESIAN_POINT ( 'NONE',  ( -0.05486122133756586600, 0.1688454777399540400, 0.1786417322834647200 ) ) ;
#3034 = CARTESIAN_POINT ( 'NONE',  ( -0.1157057583252900100, 0.1592553138533361100, -0.1520669291338584700 ) ) ;
#3035 = CARTESIAN_POINT ( 'NONE',  ( -0.05486122133756579000, -0.1688454777399539800, -0.1048228346456693000 ) ) ;
#3036 = EDGE_CURVE ( 'NONE', #3706, #3668, #2178, .T. ) ;
#3037 = ORIENTED_EDGE ( 'NONE', *, *, #3518, .T. ) ;
#3038 = LOCAL_TIME ( 15, 12, 30.00000000000000000, #1726 ) ;
#3039 = CARTESIAN_POINT ( 'NONE',  ( -0.1223860333968800500, 0.1684499236856469000, -0.1551122153224265600 ) ) ;
#3040 = CARTESIAN_POINT ( 'NONE',  ( 0.1605815918515516000, -0.05217612204500263900, -0.01857878254954719800 ) ) ;
#3041 = AXIS2_PLACEMENT_3D ( 'NONE', #41, #1224, #918 ) ;
#3042 = FACE_OUTER_BOUND ( 'NONE', #220, .T. ) ;
#3043 = CARTESIAN_POINT ( 'NONE',  ( 0.1775346415770248900, 3.706982764817010900E-017, 0.2337598425196852100 ) ) ;
#3044 = CARTESIAN_POINT ( 'NONE',  ( 0.4296875000000001100, 4.205228259587240700E-017, -0.3125000000000000000 ) ) ;
#3045 = CARTESIAN_POINT ( 'NONE',  ( 0.0000000000000000000, -1.184750211852384300E-034, -0.3125000000000000000 ) ) ;
#3046 = ORIENTED_EDGE ( 'NONE', *, *, #3067, .T. ) ;
#3047 = CARTESIAN_POINT ( 'NONE',  ( 0.1775346415770249200, 3.706982764817010900E-017, 0.2337598425196852100 ) ) ;
#3048 = CARTESIAN_POINT ( 'NONE',  ( 0.0000000000000000000, 0.1968503937007874100, -0.2114921683763193400 ) ) ;
#3049 = EDGE_CURVE ( 'NONE', #328, #1530, #888, .T. ) ;
#3050 = CARTESIAN_POINT ( 'NONE',  ( -0.1436285421260782800, 0.1043522440900053500, -0.2071850393700787100 ) ) ;
#3051 = CARTESIAN_POINT ( 'NONE',  ( 0.0000000000000000000, 0.2082155564801114700, -0.1629862310704580700 ) ) ;
#3052 = CARTESIAN_POINT ( 'NONE',  ( -0.05486122133756587300, 0.1688454777399540400, -0.06975988491175194600 ) ) ;
#3053 = ORIENTED_EDGE ( 'NONE', *, *, #2984, .F. ) ;
#3054 = ORIENTED_EDGE ( 'NONE', *, *, #3492, .T. ) ;
#3055 = CARTESIAN_POINT ( 'NONE',  ( 0.0000000000000000000, 0.1688454777399540600, 0.09596456692913397900 ) ) ;
#3056 = ORIENTED_EDGE ( 'NONE', *, *, #877, .T. ) ;
#3057 = DIRECTION ( 'NONE',  ( 0.0000000000000000000, -1.881251777004309100E-018, -1.000000000000000000 ) ) ;
#3058 = CARTESIAN_POINT ( 'NONE',  ( 0.1775346415770249200, 3.706982764817010900E-017, 0.3125000000000002200 ) ) ;
#3059 = CARTESIAN_POINT ( 'NONE',  ( -0.1674509465259921000, -0.1216602340058848100, -0.2898622047244097100 ) ) ;
#3060 = CARTESIAN_POINT ( 'NONE',  ( -0.1694545349776666900, 6.563386228615033600E-017, 0.2732931176548321600 ) ) ;
#3061 = LINE ( 'NONE', #2903, #1647 ) ;
#3062 = CARTESIAN_POINT ( 'NONE',  ( 0.1436285421260782600, 0.1043522440900053900, -0.2308070866141732900 ) ) ;
#3063 = CARTESIAN_POINT ( 'NONE',  ( 0.09924488173182205400, -0.1365988609149796600, 0.2885078316236806600 ) ) ;
#3064 =( BOUNDED_CURVE ( )  B_SPLINE_CURVE ( 2, ( #3654, #2760, #2131, #3022, #29, #1821, #2457, #923, #2103, #2710, #301 ),
 .UNSPECIFIED., .F., .T. ) 
 B_SPLINE_CURVE_WITH_KNOTS ( ( 3, 2, 2, 2, 2, 3 ),
 ( 0.05555555555555558700, 0.06666666666666668000, 0.07777777777777777900, 0.08888888888888887800, 0.09999999999999997800, 0.1111111111111110600 ),
 .UNSPECIFIED. ) 
 CURVE ( )  GEOMETRIC_REPRESENTATION_ITEM ( )  RATIONAL_B_SPLINE_CURVE ( ( 0.9999999999999998900, 0.9510565162951535300, 1.000000000000000000, 0.9510565162951534200, 1.000000000000000000, 0.9510565162951534200, 1.000000000000000000, 0.9510565162951534200, 1.000000000000000000, 0.9510565162951536400, 0.9999999999999997800 ) ) 
 REPRESENTATION_ITEM ( '' )  );
#3065 = CARTESIAN_POINT ( 'NONE',  ( -0.1223860333968799800, -0.1684499236856468200, -0.3677106405192770400 ) ) ;
#3066 = DIRECTION ( 'NONE',  ( -0.0000000000000000000, 1.881251777004309100E-018, 1.000000000000000000 ) ) ;
#3067 = EDGE_CURVE ( 'NONE', #935, #1432, #1629, .T. ) ;
#3068 = CARTESIAN_POINT ( 'NONE',  ( 0.05486122133756580300, 0.1688454777399540400, 0.2495078740157482300 ) ) ;
#3069 = FACE_BOUND ( 'NONE', #1834, .T. ) ;
#3070 = CARTESIAN_POINT ( 'NONE',  ( 0.1872158496644002500, 0.06083011700294242700, 0.06053149606299203200 ) ) ;
#3071 = AXIS2_PLACEMENT_3D ( 'NONE', #109, #3101, #2209 ) ;
#3072 = CARTESIAN_POINT ( 'NONE',  ( -0.1436285421260782300, -0.1043522440900053500, 0.04478346456692922800 ) ) ;
#3073 = DIRECTION ( 'NONE',  ( 0.0000000000000000000, 0.0000000000000000000, 1.000000000000000000 ) ) ;
#3074 = CARTESIAN_POINT ( 'NONE',  ( -0.1674509465259921000, 0.1216602340058848100, 0.1152794851669878800 ) ) ;
#3075 = CARTESIAN_POINT ( 'NONE',  ( -0.09924488173182202700, -0.1365988609149796600, -0.3449803149606299700 ) ) ;
#3076 = CARTESIAN_POINT ( 'NONE',  ( -0.06461436696083477900, 0.1559928810410394800, -0.3715397678455584800 ) ) ;
#3077 = CARTESIAN_POINT ( 'NONE',  ( -0.07967942286864697400, 0.1923665967148189800, -0.3942701740189414300 ) ) ;
#3078 = CARTESIAN_POINT ( 'NONE',  ( -0.1872158496644003300, 0.06083011700294239200, 0.2766968080016336000 ) ) ;
#3079 = CARTESIAN_POINT ( 'NONE',  ( -0.09924488173182208200, 0.1365988609149797200, 0.1038385826771654600 ) ) ;
#3080 = CARTESIAN_POINT ( 'NONE',  ( 9.854579711888858700E-017, -0.8046875000000000000, 0.08087500000000019700 ) ) ;
#3081 = CARTESIAN_POINT ( 'NONE',  ( 0.0000000000000000000, 0.2082155564801114700, 0.3427342201744537100 ) ) ;
#3082 = EDGE_LOOP ( 'NONE', ( #2405, #2122 ) ) ;
#3083 = CARTESIAN_POINT ( 'NONE',  ( -0.1688454777399540100, 0.001967444689761496700, 0.2726840604171194000 ) ) ;
#3084 = CARTESIAN_POINT ( 'NONE',  ( 0.09924488173182205400, -0.1365988609149796600, -0.09301181102362197900 ) ) ;
#3085 = DIRECTION ( 'NONE',  ( 0.0000000000000000000, 0.0000000000000000000, 1.000000000000000000 ) ) ;
#3086 = CARTESIAN_POINT ( 'NONE',  ( -0.1872158496644002500, -0.06083011700294239900, -0.2666102786125398900 ) ) ;
#3087 = CARTESIAN_POINT ( 'NONE',  ( 0.1328125000000000000, 0.5625000000000001100, 0.08578124999999983700 ) ) ;
#3088 = EDGE_CURVE ( 'NONE', #295, #3363, #2394, .T. ) ;
#3089 = DIRECTION ( 'NONE',  ( 0.0000000000000000000, -1.881251777004312500E-018, -1.000000000000000000 ) ) ;
#3090 = DIRECTION ( 'NONE',  ( 0.0000000000000000000, -1.881251777004309100E-018, -1.000000000000000000 ) ) ;
#3091 = ORIENTED_EDGE ( 'NONE', *, *, #1875, .T. ) ;
#3092 = VECTOR ( 'NONE', #99, 39.37007874015748100 ) ;
#3093 = AXIS2_PLACEMENT_3D ( 'NONE', #2512, #2500, #995 ) ;
#3094 = ORIENTED_EDGE ( 'NONE', *, *, #1651, .F. ) ;
#3095 = CARTESIAN_POINT ( 'NONE',  ( -0.1436285421260782300, -0.1043522440900053500, 0.1235236220472442200 ) ) ;
#3096 = DIRECTION ( 'NONE',  ( 0.0000000000000000000, -1.881251777004309100E-018, -1.000000000000000000 ) ) ;
#3097 = CARTESIAN_POINT ( 'NONE',  ( 0.0000000000000000000, 7.400374177790703000E-019, 0.08087500000000019700 ) ) ;
#3098 = EDGE_LOOP ( 'NONE', ( #127, #86, #961, #3161 ) ) ;
#3099 = CARTESIAN_POINT ( 'NONE',  ( 0.09924488173182205400, -0.1365988609149796600, 0.06446850393700798200 ) ) ;
#3100 = CARTESIAN_POINT ( 'NONE',  ( 0.09924488173182205400, -0.1365988609149796600, 0.2097676741433656700 ) ) ;
#3101 = DIRECTION ( 'NONE',  ( -0.0000000000000000000, -0.0000000000000000000, 1.000000000000000000 ) ) ;
#3102 = APPROVAL ( #3796, 'UNSPECIFIED' ) ;
#3103 = CARTESIAN_POINT ( 'NONE',  ( 0.06396057012458787600, -0.1968503937007873800, -0.2741141732283466900 ) ) ;
#3104 = EDGE_CURVE ( 'NONE', #3244, #1543, #776, .T. ) ;
#3105 = CARTESIAN_POINT ( 'NONE',  ( 0.1775346415770249200, 3.706982764817010900E-017, -0.3174212598425197300 ) ) ;
#3106 = ORIENTED_EDGE ( 'NONE', *, *, #1548, .F. ) ;
#3107 = ORIENTED_EDGE ( 'NONE', *, *, #3252, .T. ) ;
#3108 = DIRECTION ( 'NONE',  ( -0.0000000000000000000, 1.881251777004295600E-018, 1.000000000000000000 ) ) ;
#3109 = CARTESIAN_POINT ( 'NONE',  ( 0.0000000000000000000, 1.175782360627693200E-018, 0.3125000000000000000 ) ) ;
#3110 = ORIENTED_EDGE ( 'NONE', *, *, #1705, .F. ) ;
#3111 = LINE ( 'NONE', #3309, #3818 ) ;
#3112 = CARTESIAN_POINT ( 'NONE',  ( 0.09924488173182205400, -0.1365988609149796600, -0.1717519685039370100 ) ) ;
#3113 = CARTESIAN_POINT ( 'NONE',  ( 0.1790820600536295900, -0.05653399058096906400, 0.2914520935685944700 ) ) ;
#3114 = CARTESIAN_POINT ( 'NONE',  ( -0.1407812500000000800, 0.5625000000000001100, -0.3125000000000000000 ) ) ;
#3115 = CONICAL_SURFACE ( 'NONE', #1984, 0.3437500000000000000, 0.7853981633974549400 ) ;
#3116 = EDGE_CURVE ( 'NONE', #920, #3864, #2782, .T. ) ;
#3117 = CARTESIAN_POINT ( 'NONE',  ( 0.1436285421260782600, -0.1043522440900053100, -0.1678149606299213200 ) ) ;
#3118 = CARTESIAN_POINT ( 'NONE',  ( 0.1436285421260782600, 0.1043522440900053900, 0.3081928709937594200 ) ) ;
#3119 = CARTESIAN_POINT ( 'NONE',  ( -0.02896229420817276000, -0.1663429615806828700, -0.2726840604171195700 ) ) ;
#3120 =( BOUNDED_CURVE ( )  B_SPLINE_CURVE ( 2, ( #1637, #1281, #2834, #1890, #1613, #2197, #395, #2805, #1902, #3103, #1292 ),
 .UNSPECIFIED., .F., .T. ) 
 B_SPLINE_CURVE_WITH_KNOTS ( ( 3, 2, 2, 2, 2, 3 ),
 ( 0.7777777777777777900, 0.7888888888888888600, 0.8000000000000000400, 0.8111111111111111200, 0.8222222222222221900, 0.8333333333333333700 ),
 .UNSPECIFIED. ) 
 CURVE ( )  GEOMETRIC_REPRESENTATION_ITEM ( )  RATIONAL_B_SPLINE_CURVE ( ( 1.000000000000000000, 0.9510565162951534200, 1.000000000000000000, 0.9510565162951534200, 1.000000000000000000, 0.9510565162951534200, 1.000000000000000000, 0.9510565162951534200, 1.000000000000000000, 0.9510565162951534200, 1.000000000000000000 ) ) 
 REPRESENTATION_ITEM ( '' )  );
#3121 = CARTESIAN_POINT ( 'NONE',  ( -0.1520401287564530100, -0.09532063741682252100, 0.2828661622309265300 ) ) ;
#3122 = CARTESIAN_POINT ( 'NONE',  ( -0.1674509465259921000, -0.1216602340058848100, -0.02645279829757914800 ) ) ;
#3123 = FACE_BOUND ( 'NONE', #3082, .T. ) ;
#3124 = CARTESIAN_POINT ( 'NONE',  ( 0.1647932004709865000, 0.1072034981108258400, 0.3001717175993383100 ) ) ;
#3125 = DIRECTION ( 'NONE',  ( 0.0000000000000000000, -1.000000000000000000, 0.0000000000000000000 ) ) ;
#3126 = FACE_OUTER_BOUND ( 'NONE', #2589, .T. ) ;
#3127 = CARTESIAN_POINT ( 'NONE',  ( 0.1775346415770248900, 3.706982764817010900E-017, -0.002460629921259776600 ) ) ;
#3128 = CARTESIAN_POINT ( 'NONE',  ( 0.1216020324370422100, -0.1360751037768068200, 0.2861418650308058500 ) ) ;
#3129 = CARTESIAN_POINT ( 'NONE',  ( 0.06765333536248335800, 0.2082155564801114700, 0.3387972123004379700 ) ) ;
#3130 = AXIS2_PLACEMENT_3D ( 'NONE', #3683, #3026, #3633 ) ;
#3131 = CARTESIAN_POINT ( 'NONE',  ( -0.05486122133756579000, -0.1688454777399539800, -0.02608267716535426000 ) ) ;
#3132 = CARTESIAN_POINT ( 'NONE',  ( -0.1605815918515515800, -0.05217612204500268700, 0.1861456268992711400 ) ) ;
#3133 = CARTESIAN_POINT ( 'NONE',  ( 0.4296875000000001100, 4.205228259587240700E-017, 0.08578124999999976700 ) ) ;
#3134 = DIRECTION ( 'NONE',  ( -1.000000000000000000, 0.0000000000000000000, 0.0000000000000000000 ) ) ;
#3135 = ORIENTED_EDGE ( 'NONE', *, *, #52, .T. ) ;
#3136 = CALENDAR_DATE ( 2025, 10, 6 ) ;
#3137 = CARTESIAN_POINT ( 'NONE',  ( -0.1605815918515516000, 0.05217612204500267400, -0.04576771653543301700 ) ) ;
#3138 =( BOUNDED_CURVE ( )  B_SPLINE_CURVE ( 2, ( #3682, #939, #2754, #333, #1533, #1256, #59, #977, #3034, #1568, #2480 ),
 .UNSPECIFIED., .F., .T. ) 
 B_SPLINE_CURVE_WITH_KNOTS ( ( 3, 2, 2, 2, 2, 3 ),
 ( 0.6111111111111111600, 0.6222222222222222300, 0.6333333333333333000, 0.6444444444444446000, 0.6555555555555556700, 0.6666666666666667400 ),
 .UNSPECIFIED. ) 
 CURVE ( )  GEOMETRIC_REPRESENTATION_ITEM ( )  RATIONAL_B_SPLINE_CURVE ( ( 1.000000000000000000, 0.9510565162951534200, 1.000000000000000000, 0.9510565162951534200, 1.000000000000000000, 0.9510565162951534200, 1.000000000000000000, 0.9510565162951534200, 1.000000000000000000, 0.9510565162951529800, 1.000000000000000400 ) ) 
 REPRESENTATION_ITEM ( '' )  );
#3139 = CARTESIAN_POINT ( 'NONE',  ( 0.0000000000000000000, -0.1968503937007874100, 0.3125000000000000000 ) ) ;
#3140 = DIRECTION ( 'NONE',  ( 0.0000000000000000000, -1.000000000000000000, 0.0000000000000000000 ) ) ;
#3141 = CARTESIAN_POINT ( 'NONE',  ( 0.06765333536248338600, -0.2082155564801113900, 0.2285609918279969400 ) ) ;
#3142 = ORIENTED_EDGE ( 'NONE', *, *, #120, .F. ) ;
#3143 = FACE_OUTER_BOUND ( 'NONE', #1297, .T. ) ;
#3144 = CARTESIAN_POINT ( 'NONE',  ( 0.0000000000000000000, -1.184750211852384300E-034, -0.3125000000000000000 ) ) ;
#3145 = CARTESIAN_POINT ( 'NONE',  ( -0.1605815918515516000, 0.05217612204500267400, -0.2032480314960630200 ) ) ;
#3146 = CARTESIAN_POINT ( 'NONE',  ( 0.05486122133756580300, 0.1688454777399540400, 0.2373267292614758300 ) ) ;
#3147 = CARTESIAN_POINT ( 'NONE',  ( 0.1407812500000000800, 0.5625000000000001100, -0.3125000000000000000 ) ) ;
#3148 = CARTESIAN_POINT ( 'NONE',  ( 0.0000000000000000000, -0.1968503937007874100, 0.3125000000000000000 ) ) ;
#3149 = EDGE_CURVE ( 'NONE', #2427, #3369, #825, .T. ) ;
#3150 = EDGE_LOOP ( 'NONE', ( #1924, #2826, #2630, #3195 ) ) ;
#3151 = CARTESIAN_POINT ( 'NONE',  ( 2.067760738647403800E-017, -0.1688454777399540100, 0.2806338158756491200 ) ) ;
#3152 = CARTESIAN_POINT ( 'NONE',  ( 0.1911725742315794100, 0.01009775294271748400, 0.2950111569087448000 ) ) ;
#3153 = PLANE ( 'NONE',  #2192 ) ;
#3154 = CARTESIAN_POINT ( 'NONE',  ( 0.05486122133756583800, -0.1688454777399539500, -0.1756889763779526900 ) ) ;
#3155 = VERTEX_POINT ( 'NONE', #3792 ) ;
#3156 = DIRECTION ( 'NONE',  ( 0.7071067811865486800, 8.659560562354947600E-017, -0.7071067811865462400 ) ) ;
#3157 = ORIENTED_EDGE ( 'NONE', *, *, #447, .F. ) ;
#3158 = CARTESIAN_POINT ( 'NONE',  ( 0.1771187314312765700, -0.1286842908911822200, 0.2364350075760284200 ) ) ;
#3159 = CARTESIAN_POINT ( 'NONE',  ( -0.09924488173182208200, 0.1365988609149797200, -0.2111220472440945300 ) ) ;
#3160 = CARTESIAN_POINT ( 'NONE',  ( -0.1436285421260782300, -0.1043522440900053500, 0.1113424772929718900 ) ) ;
#3161 = ORIENTED_EDGE ( 'NONE', *, *, #3149, .F. ) ;
#3162 = APPLICATION_CONTEXT ( 'configuration controlled 3d designs of mechanical parts and assemblies' ) ;
#3163 = CARTESIAN_POINT ( 'NONE',  ( 0.1157057583252899500, 0.1592553138533361100, 0.1471456692913384900 ) ) ;
#3164 = CARTESIAN_POINT ( 'NONE',  ( -0.1436285421260782300, -0.1043522440900053500, -0.2701771653543307300 ) ) ;
#3165 = CIRCLE ( 'NONE', #149, 0.1407812499999998000 ) ;
#3166 = CARTESIAN_POINT ( 'NONE',  ( 0.1436285421260782600, 0.1043522440900053900, 0.3203740157480317600 ) ) ;
#3167 = CARTESIAN_POINT ( 'NONE',  ( -0.1436285421260782300, -0.1043522440900053500, -0.1914370078740157400 ) ) ;
#3168 = FACE_OUTER_BOUND ( 'NONE', #982, .T. ) ;
#3169 = CARTESIAN_POINT ( 'NONE',  ( -0.1872158496644003300, 0.06083011700294239200, -0.06545275590551197200 ) ) ;
#3170 = CARTESIAN_POINT ( 'NONE',  ( 0.1223860333968800200, -0.1684499236856468200, 0.1537578422216976900 ) ) ;
#3171 = EDGE_CURVE ( 'NONE', #379, #3010, #2129, .T. ) ;
#3172 = CARTESIAN_POINT ( 'NONE',  ( 0.1605815918515516000, -0.05217612204500263900, -0.09731894002986285500 ) ) ;
#3173 = FACE_OUTER_BOUND ( 'NONE', #2031, .T. ) ;
#3174 = PERSON_AND_ORGANIZATION_ROLE ( 'design_supplier' ) ;
#3175 = CARTESIAN_POINT ( 'NONE',  ( 0.05486122133756583800, -0.1688454777399539500, 0.2845708237496649100 ) ) ;
#3176 = CARTESIAN_POINT ( 'NONE',  ( -0.1024483139668091600, 0.1829355247630322900, -0.3594873324874527400 ) ) ;
#3177 = CARTESIAN_POINT ( 'NONE',  ( -0.06396057012458783400, -0.1968503937007873800, -0.04576771653543322500 ) ) ;
#3178 = CARTESIAN_POINT ( 'NONE',  ( -0.1223860333968799800, -0.1684499236856468200, 0.1380098107256347000 ) ) ;
#3179 = EDGE_CURVE ( 'NONE', #319, #2427, #921, .T. ) ;
#3180 = CARTESIAN_POINT ( 'NONE',  ( 0.1605815918515515800, 0.05217612204500271500, -0.01070476680151637700 ) ) ;
#3181 = CARTESIAN_POINT ( 'NONE',  ( 0.0000000000000000000, 1.175782360627693200E-018, 0.3125000000000000000 ) ) ;
#3182 = EDGE_LOOP ( 'NONE', ( #1173, #1116, #2147, #2076 ) ) ;
#3183 = CARTESIAN_POINT ( 'NONE',  ( -0.06396057012458791800, 0.1968503937007874700, 0.08021653543307079300 ) ) ;
#3184 = CARTESIAN_POINT ( 'NONE',  ( 0.1605815918515516000, -0.05217612204500263900, 0.1389015324110821600 ) ) ;
#3185 = CARTESIAN_POINT ( 'NONE',  ( 0.1674509465259921000, -0.1216602340058847400, 0.07590940642683038900 ) ) ;
#3186 = CARTESIAN_POINT ( 'NONE',  ( -0.1083684819437902400, -0.1296588337674332000, -0.2726840604171196200 ) ) ;
#3187 = CARTESIAN_POINT ( 'NONE',  ( -0.06765333536248334400, -0.2082155564801114500, -0.2517539688019245200 ) ) ;
#3188 = ORIENTED_EDGE ( 'NONE', *, *, #2092, .F. ) ;
#3189 = CARTESIAN_POINT ( 'NONE',  ( 0.0000000000000000000, 0.2082155564801114700, 0.3094547138114319100 ) ) ;
#3190 = CARTESIAN_POINT ( 'NONE',  ( 0.1674509465259921000, 0.1216602340058848700, -0.2233031919983667100 ) ) ;
#3191 = CARTESIAN_POINT ( 'NONE',  ( -0.2069807528028085300, -1.182278133984402800E-017, -0.06151574803149626600 ) ) ;
#3192 = CARTESIAN_POINT ( 'NONE',  ( 0.1771187314312765700, -0.1286842908911822200, 0.0002145351350834265900 ) ) ;
#3193 = CARTESIAN_POINT ( 'NONE',  ( -0.1605815918515515800, -0.05217612204500268700, -0.05007484554167382400 ) ) ;
#3194 = CARTESIAN_POINT ( 'NONE',  ( -0.01500972241383663800, 0.1874658329292845100, -0.2916735530959587700 ) ) ;
#3195 = ORIENTED_EDGE ( 'NONE', *, *, #3116, .F. ) ;
#3196 = CARTESIAN_POINT ( 'NONE',  ( 0.0000000000000000000, 0.1688454777399540600, 0.08378342217486166300 ) ) ;
#3197 = DIRECTION ( 'NONE',  ( 0.0000000000000000000, 0.0000000000000000000, 1.000000000000000000 ) ) ;
#3198 = VERTEX_POINT ( 'NONE', #2785 ) ;
#3199 = CARTESIAN_POINT ( 'NONE',  ( 0.1223860333968800200, -0.1684499236856468200, -0.2399429451798773300 ) ) ;
#3200 = VERTEX_POINT ( 'NONE', #298 ) ;
#3201 = CARTESIAN_POINT ( 'NONE',  ( 0.2189307921375865400, 3.960461081222081500E-017, 0.2897696744413532100 ) ) ;
#3202 = DIRECTION ( 'NONE',  ( -0.0000000000000000000, 1.881251777004309100E-018, 1.000000000000000000 ) ) ;
#3203 = ORIENTED_EDGE ( 'NONE', *, *, #994, .F. ) ;
#3204 = CARTESIAN_POINT ( 'NONE',  ( 0.1605815918515515800, 0.05217612204500271500, -0.1681850817621463000 ) ) ;
#3205 = APPROVAL_STATUS ( 'not_yet_approved' ) ;
#3206 = DIRECTION ( 'NONE',  ( -0.0000000000000000000, 1.881251777004295600E-018, 1.000000000000000000 ) ) ;
#3207 = LINE ( 'NONE', #1240, #984 ) ;
#3208 = CARTESIAN_POINT ( 'NONE',  ( 0.1605815918515516000, -0.05217612204500263900, 0.06016137493076714100 ) ) ;
#3209 = CARTESIAN_POINT ( 'NONE',  ( 0.09924488173182204100, 0.1365988609149797500, -0.08157090853379982100 ) ) ;
#3210 = CARTESIAN_POINT ( 'NONE',  ( 0.1592553138533356100, 0.1157057583252906600, 0.3006889763779528300 ) ) ;
#3211 = VECTOR ( 'NONE', #907, 39.37007874015748100 ) ;
#3212 = CARTESIAN_POINT ( 'NONE',  ( 2.549905147760534400E-017, -0.2082155564801114200, -0.3265571184082238200 ) ) ;
#3213 = CARTESIAN_POINT ( 'NONE',  ( -0.1436285421260782800, 0.1043522440900053500, -0.3768464990849809700 ) ) ;
#3214 = CARTESIAN_POINT ( 'NONE',  ( 0.1872158496644003300, -0.06083011700294235100, -0.02608267716535445400 ) ) ;
#3215 = CARTESIAN_POINT ( 'NONE',  ( 2.410722045565656100E-017, 0.1968503937007874100, 0.3125000000000000000 ) ) ;
#3216 = CONICAL_SURFACE ( 'NONE', #2824, 0.3566250000000001900, 0.7853981633974589400 ) ;
#3217 = AXIS2_PLACEMENT_3D ( 'NONE', #2282, #2552, #2855 ) ;
#3218 = CARTESIAN_POINT ( 'NONE',  ( 0.09924488173182205400, -0.1365988609149796600, -0.1051929557778943100 ) ) ;
#3219 = CARTESIAN_POINT ( 'NONE',  ( 0.1872158496644003300, -0.06083011700294235100, 0.1313976377952755200 ) ) ;
#3220 = CARTESIAN_POINT ( 'NONE',  ( 0.05486122133756583800, -0.1688454777399539500, 0.04835035130871989700 ) ) ;
#3221 = CARTESIAN_POINT ( 'NONE',  ( 0.05486122133756583800, -0.1688454777399539500, -0.1091299636519101100 ) ) ;
#3222 = CARTESIAN_POINT ( 'NONE',  ( -0.1872158496644002500, -0.06083011700294239900, 0.04835035130872009800 ) ) ;
#3223 = CARTESIAN_POINT ( 'NONE',  ( 0.05486122133756583800, -0.1688454777399539500, 0.2967519685039371500 ) ) ;
#3224 = ORIENTED_EDGE ( 'NONE', *, *, #1756, .F. ) ;
#3225 = CARTESIAN_POINT ( 'NONE',  ( -0.08307690154837152300, 0.1483455861102044600, -0.3822176713502107300 ) ) ;
#3226 = CARTESIAN_POINT ( 'NONE',  ( 2.410722045565655500E-017, -0.1968503937007873000, -0.2508622471164768700 ) ) ;
#3227 = CARTESIAN_POINT ( 'NONE',  ( 0.1674509465259921000, 0.1216602340058848700, -0.09301181102362224300 ) ) ;
#3228 = ORIENTED_EDGE ( 'NONE', *, *, #2540, .F. ) ;
#3229 = CARTESIAN_POINT ( 'NONE',  ( 0.09924488173182205400, -0.1365988609149796600, -0.1839331132582093500 ) ) ;
#3230 = CARTESIAN_POINT ( 'NONE',  ( -0.1547522799062699700, 0.09044589405605038500, -0.2821304836112385500 ) ) ;
#3231 = ORIENTED_EDGE ( 'NONE', *, *, #1268, .F. ) ;
#3232 = CIRCLE ( 'NONE', #3474, 0.1968503937007874100 ) ;
#3233 = CARTESIAN_POINT ( 'NONE',  ( 0.1436285421260782600, -0.1043522440900053100, 0.05622436705675141300 ) ) ;
#3234 = CARTESIAN_POINT ( 'NONE',  ( -0.1605815918515515800, -0.05217612204500268700, -0.1288150030219888700 ) ) ;
#3235 = ORIENTED_EDGE ( 'NONE', *, *, #2497, .T. ) ;
#3236 = CARTESIAN_POINT ( 'NONE',  ( -0.1775346415770249200, -6.413618460845107500E-018, 0.2731299212598427600 ) ) ;
#3237 = CARTESIAN_POINT ( 'NONE',  ( 0.1980247617844315700, 0.06434214544559117800, 0.1362263673547389500 ) ) ;
#3238 = CARTESIAN_POINT ( 'NONE',  ( -0.5625000000000001100, -4.677727003701036800E-017, -0.3125000000000000000 ) ) ;
#3239 = CARTESIAN_POINT ( 'NONE',  ( 4.083431670906950100E-017, -0.3334374999999995500, 0.3125000000000000000 ) ) ;
#3240 = EDGE_CURVE ( 'NONE', #377, #326, #320, .T. ) ;
#3241 = ADVANCED_FACE ( 'NONE', ( #3143 ), #2583, .F. ) ;
#3242 = CARTESIAN_POINT ( 'NONE',  ( 0.09924488173182204100, 0.1365988609149797500, -0.3177913809747448000 ) ) ;
#3243 = VERTEX_POINT ( 'NONE', #1603 ) ;
#3244 = VERTEX_POINT ( 'NONE', #2796 ) ;
#3245 = AXIS2_PLACEMENT_3D ( 'NONE', #1213, #2152, #329 ) ;
#3246 = ORIENTED_EDGE ( 'NONE', *, *, #942, .T. ) ;
#3247 = DIRECTION ( 'NONE',  ( 0.0000000000000000000, 1.881251777004309100E-018, 1.000000000000000000 ) ) ;
#3248 = CARTESIAN_POINT ( 'NONE',  ( -0.05486122133756586600, 0.1688454777399540400, -0.1485000423920676000 ) ) ;
#3249 = CARTESIAN_POINT ( 'NONE',  ( -0.1674509465259921000, 0.1216602340058848100, 0.03653932768667286100 ) ) ;
#3250 = CARTESIAN_POINT ( 'NONE',  ( 0.1605815918515515800, 0.05217612204500271500, 0.1589566929133859900 ) ) ;
#3251 = APPROVAL ( #3205, 'UNSPECIFIED' ) ;
#3252 = EDGE_CURVE ( 'NONE', #2761, #1451, #1678, .T. ) ;
#3253 = CARTESIAN_POINT ( 'NONE',  ( -0.1223860333968799800, -0.1684499236856468200, 0.1047303043626129400 ) ) ;
#3254 = CARTESIAN_POINT ( 'NONE',  ( -0.1436285421260782300, -0.1043522440900053500, 0.1900826347732875200 ) ) ;
#3255 = CIRCLE ( 'NONE', #2513, 0.7918124999999997000 ) ;
#3256 = DIRECTION ( 'NONE',  ( 0.0000000000000000000, -1.000000000000000000, 0.0000000000000000000 ) ) ;
#3257 = CARTESIAN_POINT ( 'NONE',  ( -0.1980247617844316000, 0.06434214544559113700, -0.1139586932113733400 ) ) ;
#3258 = CARTESIAN_POINT ( 'NONE',  ( -0.09924488173182202700, -0.1365988609149796600, -0.2784213022345873300 ) ) ;
#3259 = LINE ( 'NONE', #512, #2132 ) ;
#3260 = CARTESIAN_POINT ( 'NONE',  ( 0.0000000000000000000, 0.5625000000000001100, 0.09375000000000026400 ) ) ;
#3261 = VECTOR ( 'NONE', #2764, 39.37007874015748900 ) ;
#3262 = CARTESIAN_POINT ( 'NONE',  ( 0.1605815918515515800, 0.05217612204500271500, -0.3256653967227763900 ) ) ;
#3263 = CARTESIAN_POINT ( 'NONE',  ( -0.4296875000000001100, -4.677727003701036800E-017, 0.08578124999999976700 ) ) ;
#3264 = CARTESIAN_POINT ( 'NONE',  ( 0.1775346415770249200, 3.706982764817010900E-017, 0.07627952755905520500 ) ) ;
#3265 = CARTESIAN_POINT ( 'NONE',  ( 0.06765333536248338600, -0.2082155564801113900, 0.03780117050434517200 ) ) ;
#3266 = CARTESIAN_POINT ( 'NONE',  ( 0.1436285421260782600, -0.1043522440900053200, 0.1349645245370670300 ) ) ;
#3267 = CARTESIAN_POINT ( 'NONE',  ( 0.1674509465259921000, -0.1216602340058847400, -0.002830751053484665800 ) ) ;
#3268 = CARTESIAN_POINT ( 'NONE',  ( 2.549905147760534400E-017, -0.2082155564801114200, -0.09033664596727877800 ) ) ;
#3269 = EDGE_CURVE ( 'NONE', #592, #3426, #3886, .T. ) ;
#3270 = CARTESIAN_POINT ( 'NONE',  ( -0.06396057012460032400, -0.1968503937007782800, -0.09731894002986363200 ) ) ;
#3271 = CARTESIAN_POINT ( 'NONE',  ( 9.854579711888858700E-017, -0.8046875000000000000, 0.08087500000000019700 ) ) ;
#3272 = CARTESIAN_POINT ( 'NONE',  ( -0.2069807528028085300, -1.182278133984402800E-017, 0.1747047244094488400 ) ) ;
#3273 = AXIS2_PLACEMENT_3D ( 'NONE', #3238, #853, #840 ) ;
#3274 = EDGE_LOOP ( 'NONE', ( #183, #1245, #2916, #1386 ) ) ;
#3275 = CARTESIAN_POINT ( 'NONE',  ( -0.1436285421260782800, 0.1043522440900053500, 0.1865157480314962300 ) ) ;
#3276 = FACE_OUTER_BOUND ( 'NONE', #290, .T. ) ;
#3277 = CARTESIAN_POINT ( 'NONE',  ( 0.1771187314312765700, 0.1286842908911823300, -0.01731693973187530700 ) ) ;
#3278 = CARTESIAN_POINT ( 'NONE',  ( 0.1605815918515515800, 0.05217612204500271500, 0.06803539067879928200 ) ) ;
#3279 = CARTESIAN_POINT ( 'NONE',  ( -0.09924488173182208200, 0.1365988609149797200, -0.06582287703773685700 ) ) ;
#3280 = CARTESIAN_POINT ( 'NONE',  ( -0.1980247617844316000, 0.06434214544559113700, -0.03521853573105829900 ) ) ;
#3281 = ADVANCED_FACE ( 'NONE', ( #177 ), #2107, .F. ) ;
#3282 = ORIENTED_EDGE ( 'NONE', *, *, #1484, .T. ) ;
#3283 = FACE_OUTER_BOUND ( 'NONE', #1686, .T. ) ;
#3284 = DIRECTION ( 'NONE',  ( 8.659560562354978500E-017, -0.7071067811865512400, -0.7071067811865438000 ) ) ;
#3285 = ORIENTED_EDGE ( 'NONE', *, *, #1344, .T. ) ;
#3286 = CARTESIAN_POINT ( 'NONE',  ( 0.1605815918515515800, 0.05217612204500271500, -0.07726377952755901500 ) ) ;
#3287 = CARTESIAN_POINT ( 'NONE',  ( 0.06765333536248335800, 0.2082155564801114700, -0.08818308146415880500 ) ) ;
#3288 = CARTESIAN_POINT ( 'NONE',  ( -0.1775346415770248900, -6.413618460845107500E-018, 0.1034684615449410200 ) ) ;
#3289 = EDGE_CURVE ( 'NONE', #1055, #3243, #3232, .T. ) ;
#3290 = ORIENTED_EDGE ( 'NONE', *, *, #447, .T. ) ;
#3291 = ORIENTED_EDGE ( 'NONE', *, *, #397, .T. ) ;
#3292 = EDGE_LOOP ( 'NONE', ( #1060, #975, #138, #378 ) ) ;
#3293 = CARTESIAN_POINT ( 'NONE',  ( -0.1611662224141819900, -0.05202580560721602200, 0.2726840604171195100 ) ) ;
#3294 = LINE ( 'NONE', #340, #479 ) ;
#3295 = CARTESIAN_POINT ( 'NONE',  ( 0.0000000000000000000, 2.422111662893073600E-020, -0.2996249999999998100 ) ) ;
#3296 = CARTESIAN_POINT ( 'NONE',  ( 0.1674509465259921000, -0.1216602340058847400, 0.1546495639071453800 ) ) ;
#3297 = CARTESIAN_POINT ( 'NONE',  ( -0.1534565078805284500, -0.07042652584322624300, -0.2726840604171196200 ) ) ;
#3298 = ADVANCED_FACE ( 'NONE', ( #3419 ), #1535, .F. ) ;
#3299 = VECTOR ( 'NONE', #2907, 39.37007874015748100 ) ;
#3300 = CARTESIAN_POINT ( 'NONE',  ( 0.1436285421260782600, -0.1043522440900053100, -0.1678149606299213200 ) ) ;
#3301 = EDGE_CURVE ( 'NONE', #791, #3670, #3370, .T. ) ;
#3302 = CARTESIAN_POINT ( 'NONE',  ( -0.1771187314312765700, -0.1286842908911822700, -0.05668701847203282100 ) ) ;
#3303 = CARTESIAN_POINT ( 'NONE',  ( -0.05486122133756579000, -0.1688454777399540100, -0.1170039793999409900 ) ) ;
#3304 = DIRECTION ( 'NONE',  ( -1.000000000000000000, 0.0000000000000000000, 0.0000000000000000000 ) ) ;
#3305 = LINE ( 'NONE', #1522, #3261 ) ;
#3306 = CONICAL_SURFACE ( 'NONE', #1328, 0.3334374999999995500, 0.7853981633974382900 ) ;
#3307 = CARTESIAN_POINT ( 'NONE',  ( 0.0000000000000000000, 7.400374177790703000E-019, 0.08087500000000019700 ) ) ;
#3308 = CARTESIAN_POINT ( 'NONE',  ( 0.1605815918515516000, -0.05217612204500263900, 0.07234251968503946400 ) ) ;
#3309 = CARTESIAN_POINT ( 'NONE',  ( 4.367396647459250600E-017, 0.3566250000000001900, 0.09375000000000026400 ) ) ;
#3310 = CARTESIAN_POINT ( 'NONE',  ( -0.1775346415770249200, -6.413618460845107500E-018, -0.04183070866141729000 ) ) ;
#3311 = EDGE_CURVE ( 'NONE', #1774, #789, #2529, .T. ) ;
#3312 = CARTESIAN_POINT ( 'NONE',  ( -0.07314129379155145900, -0.1551680515102468500, 0.2745824561756093900 ) ) ;
#3313 = CARTESIAN_POINT ( 'NONE',  ( 0.2189307921375865400, 3.960461081222081500E-017, -0.2614114279208518100 ) ) ;
#3314 = CARTESIAN_POINT ( 'NONE',  ( -0.1605815918515515800, -0.05217612204500268700, -0.1288150030219882600 ) ) ;
#3315 = ORIENTED_EDGE ( 'NONE', *, *, #1396, .F. ) ;
#3316 = ADVANCED_FACE ( 'NONE', ( #3004, #3283 ), #3153, .F. ) ;
#3317 = AXIS2_PLACEMENT_3D ( 'NONE', #2441, #1200, #2751 ) ;
#3318 = DIRECTION ( 'NONE',  ( 0.0000000000000000000, 1.000000000000000000, 0.0000000000000000000 ) ) ;
#3319 = CARTESIAN_POINT ( 'NONE',  ( 0.1328125000000000600, -0.5625000000000001100, -0.3045312500000000900 ) ) ;
#3320 = ORIENTED_EDGE ( 'NONE', *, *, #1065, .T. ) ;
#3321 = LOCAL_TIME ( 15, 12, 30.00000000000000000, #726 ) ;
#3322 = CARTESIAN_POINT ( 'NONE',  ( 0.09924488173182205400, -0.1365988609149796600, 0.3006889763779530000 ) ) ;
#3323 = CARTESIAN_POINT ( 'NONE',  ( 0.02357741640695149000, 0.1925231138018369000, -0.3909016064710410000 ) ) ;
#3324 = CARTESIAN_POINT ( 'NONE',  ( -0.1157057583252900100, 0.1592553138533361100, 0.1113424772929720900 ) ) ;
#3325 = ORIENTED_EDGE ( 'NONE', *, *, #2947, .T. ) ;
#3326 = CARTESIAN_POINT ( 'NONE',  ( -0.05486122133756586600, 0.1688454777399540400, -0.1363188976377952800 ) ) ;
#3327 = CARTESIAN_POINT ( 'NONE',  ( 0.1771187314312765700, 0.1286842908911823300, -0.2535374121728202800 ) ) ;
#3328 = CARTESIAN_POINT ( 'NONE',  ( 2.067760738647403800E-017, -0.1688454777399540100, -0.03432681404561022800 ) ) ;
#3329 = CARTESIAN_POINT ( 'NONE',  ( 0.0000000000000000000, -0.1968503937007874100, 0.3125000000000000000 ) ) ;
#3330 = ORIENTED_EDGE ( 'NONE', *, *, #3240, .T. ) ;
#3331 = ORIENTED_EDGE ( 'NONE', *, *, #1839, .T. ) ;
#3332 = DIRECTION ( 'NONE',  ( -0.0000000000000000000, -1.881251777004310600E-018, -1.000000000000000000 ) ) ;
#3333 = CARTESIAN_POINT ( 'NONE',  ( 0.07139138113117628200, -0.1645494736928815900, 0.2830161312020716400 ) ) ;
#3334 = EDGE_LOOP ( 'NONE', ( #1975, #1914, #1391 ) ) ;
#3335 = CARTESIAN_POINT ( 'NONE',  ( 0.09924488173182204100, 0.1365988609149797500, 0.1668307086614174700 ) ) ;
#3336 = CARTESIAN_POINT ( 'NONE',  ( -0.1674509465259921000, -0.1216602340058848100, -0.1839331132582091600 ) ) ;
#3337 = CARTESIAN_POINT ( 'NONE',  ( -0.1872158496644002500, -0.06083011700294239900, 0.1270905087890351100 ) ) ;
#3338 = ORIENTED_EDGE ( 'NONE', *, *, #3088, .F. ) ;
#3339 = ADVANCED_FACE ( 'NONE', ( #3042 ), #2625, .F. ) ;
#3340 = CARTESIAN_POINT ( 'NONE',  ( 0.05486122133756580300, 0.1688454777399540400, -0.1441929133858267100 ) ) ;
#3341 = ORIENTED_EDGE ( 'NONE', *, *, #2870, .F. ) ;
#3342 = CARTESIAN_POINT ( 'NONE',  ( -0.06765333536248341300, 0.2082155564801114700, -0.3165295381570723500 ) ) ;
#3343 = CARTESIAN_POINT ( 'NONE',  ( 0.09924488173182205400, -0.1365988609149796600, -0.02645279829757871500 ) ) ;
#3344 = EDGE_CURVE ( 'NONE', #2725, #3476, #3895, .T. ) ;
#3345 = CARTESIAN_POINT ( 'NONE',  ( 0.0000000000000000000, 0.3334374999999995500, 0.3125000000000000000 ) ) ;
#3346 = DIRECTION ( 'NONE',  ( 0.0000000000000000000, -1.881251777004309100E-018, -1.000000000000000000 ) ) ;
#3347 = AXIS2_PLACEMENT_3D ( 'NONE', #978, #2481, #697 ) ;
#3348 = VECTOR ( 'NONE', #3785, 39.37007874015748900 ) ;
#3349 = CARTESIAN_POINT ( 'NONE',  ( 0.0000000000000000000, 0.1688454777399540600, 0.1747047244094489800 ) ) ;
#3350 = CARTESIAN_POINT ( 'NONE',  ( -0.2069807528028085300, -1.182278133984402800E-017, -0.1918071290062407000 ) ) ;
#3351 = CARTESIAN_POINT ( 'NONE',  ( 0.0000000000000000000, 2.619896612091631500E-017, -0.3125000000000000000 ) ) ;
#3352 = CARTESIAN_POINT ( 'NONE',  ( -0.1605815918515515800, -0.05217612204500268700, -0.3528543307086615700 ) ) ;
#3353 = CIRCLE ( 'NONE', #2978, 0.1407812500000000800 ) ;
#3354 = CARTESIAN_POINT ( 'NONE',  ( 0.1771187314312765700, -0.1286842908911822200, -0.2692854436688832400 ) ) ;
#3355 = CARTESIAN_POINT ( 'NONE',  ( -0.05486122133756587300, 0.1688454777399540400, -0.1485000423920669900 ) ) ;
#3356 = CARTESIAN_POINT ( 'NONE',  ( 0.1436285421260782600, 0.1043522440900054000, 0.08415354330708674200 ) ) ;
#3357 = DIRECTION ( 'NONE',  ( 0.0000000000000000000, 1.000000000000000000, 0.0000000000000000000 ) ) ;
#3358 = CARTESIAN_POINT ( 'NONE',  ( 0.0000000000000000000, 2.619896612091631500E-017, 0.3006889763779528300 ) ) ;
#3359 = CARTESIAN_POINT ( 'NONE',  ( -0.09924488173182208200, 0.1365988609149797200, 0.2613188976377954800 ) ) ;
#3360 = CARTESIAN_POINT ( 'NONE',  ( -0.1706262737189552800, -0.02445552516416585700, 0.2757768707614491900 ) ) ;
#3361 = EDGE_CURVE ( 'NONE', #592, #295, #3707, .T. ) ;
#3362 = CARTESIAN_POINT ( 'NONE',  ( -0.09924488173182202700, -0.1365988609149796600, 0.2727598001276176400 ) ) ;
#3363 = VERTEX_POINT ( 'NONE', #3776 ) ;
#3364 = CARTESIAN_POINT ( 'NONE',  ( 0.1980247617844316000, -0.06434214544559109500, -0.1866082783145525400 ) ) ;
#3365 = VERTEX_POINT ( 'NONE', #3471 ) ;
#3366 = CARTESIAN_POINT ( 'NONE',  ( 0.1775346415770248900, 3.706982764817010900E-017, 0.07627952755905521900 ) ) ;
#3367 = DIRECTION ( 'NONE',  ( 1.000000000000000000, 0.0000000000000000000, 0.0000000000000000000 ) ) ;
#3368 = CARTESIAN_POINT ( 'NONE',  ( -0.1157057583252899500, -0.1592553138533360800, 0.02903543307086602800 ) ) ;
#3369 = VERTEX_POINT ( 'NONE', #2585 ) ;
#3370 = CIRCLE ( 'NONE', #1579, 0.1328125000000000000 ) ;
#3371 = CARTESIAN_POINT ( 'NONE',  ( 0.05486122133756580300, 0.1688454777399540400, -0.06545275590551177800 ) ) ;
#3372 = CARTESIAN_POINT ( 'NONE',  ( -0.1872158496644002500, -0.06083011700294239900, -0.2937992125984255100 ) ) ;
#3373 = AXIS2_PLACEMENT_3D ( 'NONE', #3181, #2302, #499 ) ;
#3374 = EDGE_CURVE ( 'NONE', #460, #2688, #1490, .T. ) ;
#3375 = CARTESIAN_POINT ( 'NONE',  ( -0.1605815918515515800, -0.05217612204500268700, -0.1953740157480315100 ) ) ;
#3376 = CARTESIAN_POINT ( 'NONE',  ( -0.09924488173182202700, -0.1365988609149796600, 0.1940196426473026500 ) ) ;
#3377 = CARTESIAN_POINT ( 'NONE',  ( 2.410722045565655500E-017, -0.1968503937007873000, -0.01464177467553190400 ) ) ;
#3378 = CARTESIAN_POINT ( 'NONE',  ( -0.1674509465259921000, 0.1216602340058848100, 0.2727598001276178600 ) ) ;
#3379 = ORIENTED_EDGE ( 'NONE', *, *, #3698, .F. ) ;
#3380 = CARTESIAN_POINT ( 'NONE',  ( 0.05486122133756580300, 0.1688454777399540400, 0.09202755905511821000 ) ) ;
#3381 = ORIENTED_EDGE ( 'NONE', *, *, #3676, .T. ) ;
#3382 = CARTESIAN_POINT ( 'NONE',  ( 0.0000000000000000000, 2.659151078304713600E-017, 0.3125000000000000000 ) ) ;
#3383 = CARTESIAN_POINT ( 'NONE',  ( 0.1771187314312765700, 0.1286842908911823300, 0.3309231965524064800 ) ) ;
#3384 = CARTESIAN_POINT ( 'NONE',  ( -0.001880144355796257700, -0.1752002569494667300, 0.2788556250452903200 ) ) ;
#3385 = CARTESIAN_POINT ( 'NONE',  ( 0.09924488173182204100, 0.1365988609149797500, 0.009350393700787464800 ) ) ;
#3386 = CARTESIAN_POINT ( 'NONE',  ( 0.0000000000000000000, 0.1688454777399540600, 0.3200038946158066400 ) ) ;
#3387 = CARTESIAN_POINT ( 'NONE',  ( 0.0000000000000000000, 1.940040895035718500E-020, -0.3021874999999998300 ) ) ;
#3388 = ORIENTED_EDGE ( 'NONE', *, *, #1967, .F. ) ;
#3389 = CARTESIAN_POINT ( 'NONE',  ( -0.04221513429012996300, -0.1883135739784096400, 0.2964417744759500500 ) ) ;
#3390 = CYLINDRICAL_SURFACE ( 'NONE', #3877, 0.1328125000000000000 ) ;
#3391 = CARTESIAN_POINT ( 'NONE',  ( 0.09924488173182205400, -0.1365988609149796600, -0.2504921259842520200 ) ) ;
#3392 = CARTESIAN_POINT ( 'NONE',  ( 5.122214988120493500E-017, -0.5625000000000001100, -0.3125000000000000000 ) ) ;
#3393 = AXIS2_PLACEMENT_3D ( 'NONE', #986, #2811, #3367 ) ;
#3394 = LINE ( 'NONE', #1041, #3299 ) ;
#3395 = CARTESIAN_POINT ( 'NONE',  ( -0.05486122133756579000, -0.1688454777399540100, 0.05265748031496073800 ) ) ;
#3396 = FACE_OUTER_BOUND ( 'NONE', #189, .T. ) ;
#3397 = CARTESIAN_POINT ( 'NONE',  ( -0.2069807528028085300, -1.182278133984402800E-017, 0.2018936583953344100 ) ) ;
#3398 = CARTESIAN_POINT ( 'NONE',  ( -0.4296875000000001100, -4.677727003701036800E-017, -0.3045312500000002500 ) ) ;
#3399 = DIRECTION ( 'NONE',  ( 0.0000000000000000000, 1.000000000000000000, 0.0000000000000000000 ) ) ;
#3400 = CARTESIAN_POINT ( 'NONE',  ( 0.1605815918515516000, -0.05217612204500263900, -0.08513779527559053900 ) ) ;
#3401 = DIRECTION ( 'NONE',  ( -0.0000000000000000000, -1.881251777004310600E-018, -1.000000000000000000 ) ) ;
#3402 = CARTESIAN_POINT ( 'NONE',  ( -0.06396057012457541400, 0.1968503937007965200, -0.2862953179826195900 ) ) ;
#3403 = FACE_OUTER_BOUND ( 'NONE', #3765, .T. ) ;
#3404 = CARTESIAN_POINT ( 'NONE',  ( 0.09924488173182204100, 0.1365988609149797500, -0.2268700787401574900 ) ) ;
#3405 = CARTESIAN_POINT ( 'NONE',  ( 0.1674509465259921000, -0.1216602340058847400, -0.08157090853379964100 ) ) ;
#3406 = CARTESIAN_POINT ( 'NONE',  ( 0.0000000000000000000, 1.175782360627693200E-018, 0.3125000000000000000 ) ) ;
#3407 = CARTESIAN_POINT ( 'NONE',  ( -0.1605815918515516000, 0.05217612204500267400, 0.03297244094488198400 ) ) ;
#3408 = DIRECTION ( 'NONE',  ( -0.0000000000000000000, -0.0000000000000000000, 1.000000000000000000 ) ) ;
#3409 = VERTEX_POINT ( 'NONE', #186 ) ;
#3410 = CARTESIAN_POINT ( 'NONE',  ( 0.1605815918515516000, -0.05217612204500263900, -0.006397637795275501100 ) ) ;
#3411 = CARTESIAN_POINT ( 'NONE',  ( 2.067760738647403800E-017, -0.1688454777399540100, 0.1231535009150191400 ) ) ;
#3412 = DIRECTION ( 'NONE',  ( -1.000000000000000000, 0.0000000000000000000, 0.0000000000000000000 ) ) ;
#3413 = CARTESIAN_POINT ( 'NONE',  ( -0.1157953940721177000, -0.1445635062281254700, 0.2886600121035997600 ) ) ;
#3414 = ORIENTED_EDGE ( 'NONE', *, *, #3849, .T. ) ;
#3415 = LENGTH_MEASURE_WITH_UNIT ( LENGTH_MEASURE( 0.02539999999999999900 ), #1982 );
#3416 = CARTESIAN_POINT ( 'NONE',  ( 2.410722045565656100E-017, 0.1968503937007874100, 0.3125000000000000000 ) ) ;
#3417 = AXIS2_PLACEMENT_3D ( 'NONE', #1986, #2595, #2618 ) ;
#3418 = VERTEX_POINT ( 'NONE', #1626 ) ;
#3419 = FACE_OUTER_BOUND ( 'NONE', #552, .T. ) ;
#3420 = AXIS2_PLACEMENT_3D ( 'NONE', #354, #2117, #1253 ) ;
#3421 = ORIENTED_EDGE ( 'NONE', *, *, #2641, .T. ) ;
#3422 = CARTESIAN_POINT ( 'NONE',  ( -0.05486122133756579000, -0.1688454777399540100, -0.02608267716535426000 ) ) ;
#3423 =( BOUNDED_SURFACE ( )  B_SPLINE_SURFACE ( 1, 2, ( 
 ( #3601, #873, #1181, #2359, #2763, #3058, #2155, #3615, #3322, #2753, #355, #30, #3644, #1509, #1520, #938, #925, #1807, #3359, #1230, #3657, #627, #1532, #20, #637, #3047, #3631, #2740, #2726, #58, #1848, #601, #1556, #2445, #2119, #2459, #2711, #649, #1255, #3033, #3349, #1242, #3335, #1823, #47, #1837, #950, #3669, #2143, #1544, #316, #370, #908, #1859, #614, #3024, #2420, #344, #1215, #70, #2169, #897, #2133, #3013, #332, #1203, #3308, #2428, #3099, #2470, #2520, #681, #1278, #3072, #3428, #661, #3722, #3693, #3681, #2790, #2493, #2776, #3385, #1014, #1265, #990, #3410, #1887, #1929, #710, #1289, #3131, #91, #3708, #2194, #2219, #962, #2182, #1595, #1900, #2830, #3371, #1319, #1581, #392, #2802, #3400, #1567, #3084, #1872, #1622, #3735, #2230, #107, #79, #418, #129, #383, #2479, #670, #2207, #976, #405, #2508, #695, #2815, #1000, #3117, #1306, #1609, #1916, #117, #2856, #1042, #736, #723, #3145, #2242, #3159, #1332, #1942, #2845, #3440, #444, #1635, #1028, #1345, #3744, #2553, #141, #433, #2535, #2860, #3164, #3685, #1034, #967, #2260, #159, #2768, #1664, #741, #373, #461, #954, #755, #3470, #2849, #1653, #1046, #1336, #134, #2246, #3750, #2873, #2567, #1947, #1350, #2174, #2584, #3076, #1056, #2781 ),
 ( #3763, #3672, #3456, #1876, #1972, #448, #1560, #3445, #3063, #3175, #3151, #1570, #3362, #3774, #1258, #1365, #2233, #74, #1269, #1640, #1863, #436, #169, #2472, #146, #1958, #2543, #2274, #475, #2556, #664, #728, #3376, #2305, #532, #2883, #491, #3815, #216, #1129, #1070, #2940, #3799, #503, #2609, #1100, #3184, #1388, #1679, #3839, #1426, #545, #794, #2287, #2631, #246, #763, #3786, #1987, #3497, #3196, #1696, #818, #2913, #2347, #2049, #3208, #3233, #1400, #3220, #184, #3541, #1737, #2333, #2597, #2001, #2927, #1377, #199, #2016, #777, #3510, #1113, #1712, #2896, #3483, #2322, #3829, #519, #2619, #1085, #809, #1413, #3527, #1722, #2035, #233, #3653, #3279, #1515, #2190, #2492, #3209, #2941, #2348, #2036, #833, #2050, #533, #3221, #1427, #1130, #2060, #1750, #3234, #247, #1401, #1763, #217, #3248, #2017, #2323, #3816, #819, #1713, #2951, #2647, #1140, #2914, #546, #2928, #1153, #3542, #795, #2632, #2002, #258, #234, #810, #2610, #2965, #200, #1438, #1414, #3511, #520, #2334, #2306, #1114, #556, #1101, #1738, #3551, #3528, #1453, #2360, #3840, #2662, #1723, #3855, #3830, #847, #504, #2620, #3262, #3564, #317, #266, #2120, #2992, #1479, #1785, #293, #2375, #581, #859, #3025, #615, #3632, #3891, #1467, #1808, #3323 ) ),
 .UNSPECIFIED., .F., .F., .T. ) 
 B_SPLINE_SURFACE_WITH_KNOTS ( ( 2, 2 ),
 ( 3, 2, 2, 2, 2, 2, 2, 2, 2, 2, 2, 2, 2, 2, 2, 2, 2, 2, 2, 2, 2, 2, 2, 2, 2, 2, 2, 2, 2, 2, 2, 2, 2, 2, 2, 2, 2, 2, 2, 2, 2, 2, 2, 2, 2, 2, 2, 2, 2, 2, 2, 2, 2, 2, 2, 2, 2, 2, 2, 2, 2, 2, 2, 2, 2, 2, 2, 2, 2, 2, 2, 2, 2, 2, 2, 2, 2, 2, 2, 2, 2, 2, 2, 2, 2, 2, 2, 2, 2, 2, 2, 3 ),
 ( 0.0000000000000000000, 1.000000000000000000 ),
 ( 0.0000000000000000000, 0.01111111111111111200, 0.02222222222222222300, 0.03333333333333333300, 0.04444444444444444600, 0.05555555555555555200, 0.06666666666666666600, 0.07777777777777777900, 0.08888888888888889200, 0.1000000000000000100, 0.1111111111111111000, 0.1222222222222222200, 0.1333333333333333300, 0.1444444444444444300, 0.1555555555555555600, 0.1666666666666666600, 0.1777777777777777800, 0.1888888888888888800, 0.2000000000000000100, 0.2111111111111111100, 0.2222222222222222100, 0.2333333333333333400, 0.2444444444444444400, 0.2555555555555555400, 0.2666666666666666600, 0.2777777777777777900, 0.2888888888888888600, 0.2999999999999999900, 0.3111111111111111200, 0.3222222222222222400, 0.3333333333333333100, 0.3444444444444444400, 0.3555555555555555700, 0.3666666666666666400, 0.3777777777777777700, 0.3888888888888889000, 0.4000000000000000200, 0.4111111111111110900, 0.4222222222222222200, 0.4333333333333333500, 0.4444444444444444200, 0.4555555555555555500, 0.4666666666666666700, 0.4777777777777778000, 0.4888888888888888700, 0.5000000000000000000, 0.5111111111111110700, 0.5222222222222222500, 0.5333333333333333300, 0.5444444444444444000, 0.5555555555555555800, 0.5666666666666666500, 0.5777777777777777200, 0.5888888888888889100, 0.5999999999999999800, 0.6111111111111111600, 0.6222222222222222300, 0.6333333333333333000, 0.6444444444444444900, 0.6555555555555555600, 0.6666666666666666300, 0.6777777777777778100, 0.6888888888888888800, 0.6999999999999999600, 0.7111111111111111400, 0.7222222222222222100, 0.7333333333333332800, 0.7444444444444444600, 0.7555555555555555400, 0.7666666666666667200, 0.7777777777777777900, 0.7888888888888888600, 0.8000000000000000400, 0.8111111111111111200, 0.8222222222222221900, 0.8333333333333333700, 0.8444444444444444400, 0.8555555555555555100, 0.8666666666666667000, 0.8777777777777777700, 0.8888888888888888400, 0.9000000000000000200, 0.9111111111111110900, 0.9222222222222222800, 0.9333333333333333500, 0.9444444444444444200, 0.9555555555555556000, 0.9666666666666666700, 0.9777777777777777500, 0.9888888888888889300, 0.9930662890409381900, 1.002996951931347500 ),
 .UNSPECIFIED. ) 
 GEOMETRIC_REPRESENTATION_ITEM ( )  RATIONAL_B_SPLINE_SURFACE ( (
 ( 1.000000000000000000, 0.9510565162951535300, 1.000000000000000000, 0.9510565162951535300, 1.000000000000000000, 0.9510565162951535300, 1.000000000000000000, 0.9510565162951535300, 1.000000000000000000, 0.9510565162951535300, 1.000000000000000000, 0.9510565162951535300, 1.000000000000000000, 0.9510565162951535300, 1.000000000000000000, 0.9510565162951535300, 1.000000000000000000, 0.9510565162951535300, 1.000000000000000000, 0.9510565162951535300, 1.000000000000000000, 0.9510565162951535300, 1.000000000000000000, 0.9510565162951535300, 1.000000000000000000, 0.9510565162951535300, 1.000000000000000000, 0.9510565162951535300, 1.000000000000000000, 0.9510565162951535300, 1.000000000000000000, 0.9510565162951535300, 1.000000000000000000, 0.9510565162951535300, 1.000000000000000000, 0.9510565162951535300, 1.000000000000000000, 0.9510565162951535300, 1.000000000000000000, 0.9510565162951535300, 1.000000000000000000, 0.9510565162951535300, 1.000000000000000000, 0.9510565162951535300, 1.000000000000000000, 0.9510565162951535300, 1.000000000000000000, 0.9510565162951535300, 1.000000000000000000, 0.9510565162951535300, 1.000000000000000000, 0.9510565162951535300, 1.000000000000000000, 0.9510565162951535300, 1.000000000000000000, 0.9510565162951535300, 1.000000000000000000, 0.9510565162951535300, 1.000000000000000000, 0.9510565162951535300, 1.000000000000000000, 0.9510565162951535300, 1.000000000000000000, 0.9510565162951535300, 1.000000000000000000, 0.9510565162951535300, 1.000000000000000000, 0.9510565162951535300, 1.000000000000000000, 0.9510565162951535300, 1.000000000000000000, 0.9510565162951535300, 1.000000000000000000, 0.9510565162951535300, 1.000000000000000000, 0.9510565162951535300, 1.000000000000000000, 0.9510565162951535300, 1.000000000000000000, 0.9510565162951535300, 1.000000000000000000, 0.9510565162951535300, 1.000000000000000000, 0.9510565162951535300, 1.000000000000000000, 0.9510565162951535300, 1.000000000000000000, 0.9510565162951535300, 1.000000000000000000, 0.9510565162951535300, 1.000000000000000000, 0.9510565162951535300, 1.000000000000000000, 0.9510565162951535300, 1.000000000000000000, 0.9510565162951535300, 1.000000000000000000, 0.9510565162951535300, 1.000000000000000000, 0.9510565162951535300, 1.000000000000000000, 0.9510565162951535300, 1.000000000000000000, 0.9510565162951535300, 1.000000000000000000, 0.9510565162951535300, 1.000000000000000000, 0.9510565162951535300, 1.000000000000000000, 0.9510565162951535300, 1.000000000000000000, 0.9510565162951535300, 1.000000000000000000, 0.9510565162951535300, 1.000000000000000000, 0.9510565162951535300, 1.000000000000000000, 0.9510565162951535300, 1.000000000000000000, 0.9510565162951535300, 1.000000000000000000, 0.9510565162951535300, 1.000000000000000000, 0.9510565162951535300, 1.000000000000000000, 0.9510565162951535300, 1.000000000000000000, 0.9510565162951535300, 1.000000000000000000, 0.9510565162951535300, 1.000000000000000000, 0.9510565162951535300, 1.000000000000000000, 0.9510565162951535300, 1.000000000000000000, 0.9510565162951535300, 1.000000000000000000, 0.9510565162951535300, 1.000000000000000000, 0.9510565162951535300, 1.000000000000000000, 0.9510565162951535300, 1.000000000000000000, 0.9510565162951535300, 1.000000000000000000, 0.9510565162951535300, 1.000000000000000000, 0.9510565162951535300, 1.000000000000000000, 0.9510565162951535300, 1.000000000000000000, 0.9510565162951535300, 1.000000000000000000, 0.9510565162951535300, 1.000000000000000000, 0.9510565162951535300, 1.000000000000000000, 0.9510565162951535300, 1.000000000000000000, 0.9510565162951535300, 1.000000000000000000, 0.9510565162951535300, 1.000000000000000000, 0.9510565162951535300, 1.000000000000000000, 0.9510565162951535300, 1.000000000000000000, 0.9510565162951535300, 1.000000000000000000, 0.9510565162951535300, 1.000000000000000000, 0.9510565162951535300, 1.000000000000000000, 0.9510565162951535300, 1.000000000000000000, 0.9510565162951535300, 1.000000000000000000, 0.9510565162951535300, 1.000000000000000000, 0.9815989135356597600, 0.9770341933222408400, 0.9770341933222408400, 0.9770341933222408400),
 ( 1.000000000000000000, 0.9510565162951535300, 1.000000000000000000, 0.9510565162951535300, 1.000000000000000000, 0.9510565162951535300, 1.000000000000000000, 0.9510565162951535300, 1.000000000000000000, 0.9510565162951535300, 1.000000000000000000, 0.9510565162951535300, 1.000000000000000000, 0.9510565162951535300, 1.000000000000000000, 0.9510565162951535300, 1.000000000000000000, 0.9510565162951535300, 1.000000000000000000, 0.9510565162951535300, 1.000000000000000000, 0.9510565162951535300, 1.000000000000000000, 0.9510565162951535300, 1.000000000000000000, 0.9510565162951535300, 1.000000000000000000, 0.9510565162951535300, 1.000000000000000000, 0.9510565162951535300, 1.000000000000000000, 0.9510565162951535300, 1.000000000000000000, 0.9510565162951535300, 1.000000000000000000, 0.9510565162951535300, 1.000000000000000000, 0.9510565162951535300, 1.000000000000000000, 0.9510565162951535300, 1.000000000000000000, 0.9510565162951535300, 1.000000000000000000, 0.9510565162951535300, 1.000000000000000000, 0.9510565162951535300, 1.000000000000000000, 0.9510565162951535300, 1.000000000000000000, 0.9510565162951535300, 1.000000000000000000, 0.9510565162951535300, 1.000000000000000000, 0.9510565162951535300, 1.000000000000000000, 0.9510565162951535300, 1.000000000000000000, 0.9510565162951535300, 1.000000000000000000, 0.9510565162951535300, 1.000000000000000000, 0.9510565162951535300, 1.000000000000000000, 0.9510565162951535300, 1.000000000000000000, 0.9510565162951535300, 1.000000000000000000, 0.9510565162951535300, 1.000000000000000000, 0.9510565162951535300, 1.000000000000000000, 0.9510565162951535300, 1.000000000000000000, 0.9510565162951535300, 1.000000000000000000, 0.9510565162951535300, 1.000000000000000000, 0.9510565162951535300, 1.000000000000000000, 0.9510565162951535300, 1.000000000000000000, 0.9510565162951535300, 1.000000000000000000, 0.9510565162951535300, 1.000000000000000000, 0.9510565162951535300, 1.000000000000000000, 0.9510565162951535300, 1.000000000000000000, 0.9510565162951535300, 1.000000000000000000, 0.9510565162951535300, 1.000000000000000000, 0.9510565162951535300, 1.000000000000000000, 0.9510565162951535300, 1.000000000000000000, 0.9510565162951535300, 1.000000000000000000, 0.9510565162951535300, 1.000000000000000000, 0.9510565162951535300, 1.000000000000000000, 0.9510565162951535300, 1.000000000000000000, 0.9510565162951535300, 1.000000000000000000, 0.9510565162951535300, 1.000000000000000000, 0.9510565162951535300, 1.000000000000000000, 0.9510565162951535300, 1.000000000000000000, 0.9510565162951535300, 1.000000000000000000, 0.9510565162951535300, 1.000000000000000000, 0.9510565162951535300, 1.000000000000000000, 0.9510565162951535300, 1.000000000000000000, 0.9510565162951535300, 1.000000000000000000, 0.9510565162951535300, 1.000000000000000000, 0.9510565162951535300, 1.000000000000000000, 0.9510565162951535300, 1.000000000000000000, 0.9510565162951535300, 1.000000000000000000, 0.9510565162951535300, 1.000000000000000000, 0.9510565162951535300, 1.000000000000000000, 0.9510565162951535300, 1.000000000000000000, 0.9510565162951535300, 1.000000000000000000, 0.9510565162951535300, 1.000000000000000000, 0.9510565162951535300, 1.000000000000000000, 0.9510565162951535300, 1.000000000000000000, 0.9510565162951535300, 1.000000000000000000, 0.9510565162951535300, 1.000000000000000000, 0.9510565162951535300, 1.000000000000000000, 0.9510565162951535300, 1.000000000000000000, 0.9510565162951535300, 1.000000000000000000, 0.9510565162951535300, 1.000000000000000000, 0.9510565162951535300, 1.000000000000000000, 0.9510565162951535300, 1.000000000000000000, 0.9510565162951535300, 1.000000000000000000, 0.9510565162951535300, 1.000000000000000000, 0.9510565162951535300, 1.000000000000000000, 0.9510565162951535300, 1.000000000000000000, 0.9510565162951535300, 1.000000000000000000, 0.9510565162951535300, 1.000000000000000000, 0.9510565162951535300, 1.000000000000000000, 0.9510565162951535300, 1.000000000000000000, 0.9510565162951535300, 1.000000000000000000, 0.9815989135356597600, 0.9770341933222408400, 0.9770341933222408400, 0.9770341933222408400) ) ) 
 REPRESENTATION_ITEM ( '' )  SURFACE ( )  );
#3424 = CARTESIAN_POINT ( 'NONE',  ( 0.0000000000000000000, -0.1968503937007874100, 0.3125000000000000000 ) ) ;
#3425 = CARTESIAN_POINT ( 'NONE',  ( 0.1980247617844315700, 0.06434214544559117800, 0.09076571623744569800 ) ) ;
#3426 = VERTEX_POINT ( 'NONE', #1974 ) ;
#3427 = EDGE_LOOP ( 'NONE', ( #2858, #3577, #2571, #598 ) ) ;
#3428 = CARTESIAN_POINT ( 'NONE',  ( -0.1605815918515515800, -0.05217612204500268700, 0.04084645669291346600 ) ) ;
#3429 = CARTESIAN_POINT ( 'NONE',  ( -0.1436285421260782800, 0.1043522440900053500, 0.1743346032772238900 ) ) ;
#3430 = DIRECTION ( 'NONE',  ( 0.0000000000000000000, 1.000000000000000000, 0.0000000000000000000 ) ) ;
#3431 = CARTESIAN_POINT ( 'NONE',  ( -0.1872158496644002500, -0.06083011700294239900, -0.03038980617159486900 ) ) ;
#3432 = EDGE_LOOP ( 'NONE', ( #3037, #1404 ) ) ;
#3433 = ORIENTED_EDGE ( 'NONE', *, *, #1220, .F. ) ;
#3434 = CARTESIAN_POINT ( 'NONE',  ( 0.0000000000000000000, 0.5625000000000001100, -0.3045312500000000900 ) ) ;
#3435 = ORIENTED_EDGE ( 'NONE', *, *, #619, .F. ) ;
#3436 = CARTESIAN_POINT ( 'NONE',  ( -0.1775346415770248900, -6.413618460845107500E-018, -0.1205708661417322600 ) ) ;
#3437 = CARTESIAN_POINT ( 'NONE',  ( 0.06765333536248335800, 0.2082155564801114700, 0.2600570548201229800 ) ) ;
#3438 = CYLINDRICAL_SURFACE ( 'NONE', #2797, 0.1968503937007874100 ) ;
#3439 = EDGE_CURVE ( 'NONE', #473, #3409, #1012, .T. ) ;
#3440 = CARTESIAN_POINT ( 'NONE',  ( 0.09924488173182204100, 0.1365988609149797500, -0.2268700787401574900 ) ) ;
#3441 = CARTESIAN_POINT ( 'NONE',  ( -0.1436285421260782300, -0.1043522440900053500, 0.1900826347732868500 ) ) ;
#3442 = DIRECTION ( 'NONE',  ( 0.0000000000000000000, -1.881251777004309100E-018, -1.000000000000000000 ) ) ;
#3443 = CARTESIAN_POINT ( 'NONE',  ( -0.1872158496644003300, 0.06083011700294239200, -0.03826382191962638500 ) ) ;
#3444 = VECTOR ( 'NONE', #2960, 39.37007874015748100 ) ;
#3445 = CARTESIAN_POINT ( 'NONE',  ( 0.1436285421260782600, -0.1043522440900053100, 0.2924448394976963400 ) ) ;
#3446 = CARTESIAN_POINT ( 'NONE',  ( 0.2069807528028085300, 3.887288194116977200E-017, -0.1524370502660831500 ) ) ;
#3447 = CARTESIAN_POINT ( 'NONE',  ( 0.5625000000000001100, 2.578744229469662300E-017, -0.3125000000000000000 ) ) ;
#3448 = AXIS2_PLACEMENT_3D ( 'NONE', #3504, #2920, #2614 ) ;
#3449 = CONICAL_SURFACE ( 'NONE', #1072, 0.3437500000000000000, 0.7853981633974549400 ) ;
#3450 = CARTESIAN_POINT ( 'NONE',  ( -0.05486122133756579000, -0.1688454777399540100, -0.1835629921259842600 ) ) ;
#3451 = DIRECTION ( 'NONE',  ( 0.0000000000000000000, 1.000000000000000000, -1.881251777004309100E-018 ) ) ;
#3452 = CARTESIAN_POINT ( 'NONE',  ( 0.06765333536248335800, 0.2082155564801114700, 0.1813168973398079100 ) ) ;
#3453 = CC_DESIGN_DATE_AND_TIME_ASSIGNMENT ( #2524, #2565, ( #3582 ) ) ;
#3454 = CARTESIAN_POINT ( 'NONE',  ( 0.1436285421260782600, 0.1043522440900053900, 0.1507125560331294100 ) ) ;
#3455 = DIRECTION ( 'NONE',  ( 1.000000000000000000, 0.0000000000000000000, 0.0000000000000000000 ) ) ;
#3456 = CARTESIAN_POINT ( 'NONE',  ( 0.09924488173182204100, 0.1365988609149797500, 0.3121298788677751600 ) ) ;
#3457 = CARTESIAN_POINT ( 'NONE',  ( 0.0000000000000000000, -0.3334374999999996600, -0.3125000000000000000 ) ) ;
#3458 = DIRECTION ( 'NONE',  ( 1.000000000000000000, 0.0000000000000000000, 0.0000000000000000000 ) ) ;
#3459 = CARTESIAN_POINT ( 'NONE',  ( 0.1771187314312765700, 0.1286842908911823300, -0.2989980632901135200 ) ) ;
#3460 = ORIENTED_EDGE ( 'NONE', *, *, #942, .F. ) ;
#3461 = CARTESIAN_POINT ( 'NONE',  ( 0.1605815918515515800, 0.05217612204500271500, -0.07726377952755901500 ) ) ;
#3462 = CARTESIAN_POINT ( 'NONE',  ( 2.410722045565655500E-017, -0.1968503937007873000, -0.1205708661417324400 ) ) ;
#3463 = CARTESIAN_POINT ( 'NONE',  ( 0.0000000000000000000, 1.175782360627693200E-018, 0.3125000000000000000 ) ) ;
#3464 = CARTESIAN_POINT ( 'NONE',  ( -0.1980247617844316000, 0.06434214544559113700, 0.1222617792295717000 ) ) ;
#3465 = LINE ( 'NONE', #3147, #2765 ) ;
#3466 = CARTESIAN_POINT ( 'NONE',  ( 2.067760738647403800E-017, -0.1688454777399540100, -0.1130669715259258200 ) ) ;
#3467 = PERSON_AND_ORGANIZATION_ROLE ( 'design_owner' ) ;
#3468 = EDGE_CURVE ( 'NONE', #913, #2213, #971, .T. ) ;
#3469 = EDGE_LOOP ( 'NONE', ( #1166, #2969, #3798, #2118 ) ) ;
#3470 = CARTESIAN_POINT ( 'NONE',  ( 0.1605815918515516000, -0.05217612204500263900, -0.3213582677165354700 ) ) ;
#3471 = CARTESIAN_POINT ( 'NONE',  ( 0.0000000000000000000, 0.8046875000000000000, 0.08087500000000019700 ) ) ;
#3472 =( BOUNDED_CURVE ( )  B_SPLINE_CURVE ( 2, ( #3787, #2850, #147, #437, #2568, #170, #2884, #1047, #492, #1086, #2288 ),
 .UNSPECIFIED., .F., .T. ) 
 B_SPLINE_CURVE_WITH_KNOTS ( ( 3, 2, 2, 2, 2, 3 ),
 ( 0.6666666666666667400, 0.6777777777777779200, 0.6888888888888889900, 0.7000000000000000700, 0.7111111111111112500, 0.7222222222222223200 ),
 .UNSPECIFIED. ) 
 CURVE ( )  GEOMETRIC_REPRESENTATION_ITEM ( )  RATIONAL_B_SPLINE_CURVE ( ( 0.9999999999999995600, 0.9510565162951538600, 1.000000000000000000, 0.9510565162951534200, 1.000000000000000000, 0.9510565162951534200, 1.000000000000000000, 0.9510565162951534200, 1.000000000000000000, 0.9510565162951529800, 1.000000000000000400 ) ) 
 REPRESENTATION_ITEM ( '' )  );
#3473 = CARTESIAN_POINT ( 'NONE',  ( 0.05486122133756580300, 0.1688454777399540400, 0.3282480314960632400 ) ) ;
#3474 = AXIS2_PLACEMENT_3D ( 'NONE', #375, #2474, #1616 ) ;
#3475 = CARTESIAN_POINT ( 'NONE',  ( 0.1872158496644002500, 0.06083011700294242700, -0.01820866141732300700 ) ) ;
#3476 = VERTEX_POINT ( 'NONE', #1949 ) ;
#3477 = CARTESIAN_POINT ( 'NONE',  ( 0.0000000000000000000, 0.8046875000000000000, 0.08087500000000019700 ) ) ;
#3478 = CARTESIAN_POINT ( 'NONE',  ( -0.06765333536248334400, -0.2082155564801114500, 0.2206869760799654600 ) ) ;
#3479 = CARTESIAN_POINT ( 'NONE',  ( -0.1605815918515516000, 0.05217612204500267400, -0.05794886128970534000 ) ) ;
#3480 = EDGE_LOOP ( 'NONE', ( #2245, #336 ) ) ;
#3481 = APPROVAL_ROLE ( '' ) ;
#3482 = CARTESIAN_POINT ( 'NONE',  ( 0.2069807528028085300, 3.887288194116977200E-017, 0.1353346456692912600 ) ) ;
#3483 = CARTESIAN_POINT ( 'NONE',  ( 0.1775346415770249200, 3.706982764817010900E-017, -0.01464177467553210100 ) ) ;
#3484 = CARTESIAN_POINT ( 'NONE',  ( -0.09218293877763819600, -0.1421143340748852700, -0.2726840604171196200 ) ) ;
#3485 = CONICAL_SURFACE ( 'NONE', #3524, 0.7918124999999997000, 0.7853981633974536100 ) ;
#3486 = CARTESIAN_POINT ( 'NONE',  ( -0.1980247617844315700, -0.06434214544559115100, -0.2635649924239718000 ) ) ;
#3487 = PRODUCT ( '7549K16_Precision Flange Nut', '7549K16_Precision Flange Nut', '', ( #1097 ) ) ;
#3488 = CARTESIAN_POINT ( 'NONE',  ( 0.0000000000000000000, 0.2082155564801114700, 0.1519743988508019400 ) ) ;
#3489 = CARTESIAN_POINT ( 'NONE',  ( 0.1674509465259921000, -0.1216602340058847400, -0.03001968503937024700 ) ) ;
#3490 = CONICAL_SURFACE ( 'NONE', #969, 0.1407812500000000800, 0.7853981633974557200 ) ;
#3491 = CARTESIAN_POINT ( 'NONE',  ( -0.1980247617844315700, -0.06434214544559115100, -0.1060846774633418100 ) ) ;
#3492 = EDGE_CURVE ( 'NONE', #3668, #3010, #2337, .T. ) ;
#3493 = CARTESIAN_POINT ( 'NONE',  ( -0.1436285421260782300, -0.1043522440900053500, -0.1248779951479730700 ) ) ;
#3494 = CYLINDRICAL_SURFACE ( 'NONE', #3630, 0.1968503937007874100 ) ;
#3495 = CARTESIAN_POINT ( 'NONE',  ( -0.07679150036845300300, 0.1678472715425421100, -0.2881847630042110300 ) ) ;
#3496 = VECTOR ( 'NONE', #2701, 39.37007874015748100 ) ;
#3497 = CARTESIAN_POINT ( 'NONE',  ( -0.05486122133756586600, 0.1688454777399540400, 0.08772043004887740400 ) ) ;
#3498 = CARTESIAN_POINT ( 'NONE',  ( 0.1872158496644003300, -0.06083011700294235100, 0.07984641430084608900 ) ) ;
#3499 = AXIS2_PLACEMENT_3D ( 'NONE', #3575, #2047, #3600 ) ;
#3500 = ADVANCED_FACE ( 'NONE', ( #599 ), #128, .F. ) ;
#3501 = CARTESIAN_POINT ( 'NONE',  ( -0.1223860333968800500, 0.1684499236856469000, -0.2793130239200348200 ) ) ;
#3502 = CARTESIAN_POINT ( 'NONE',  ( -0.1223860333968799800, -0.1684499236856468200, 0.1834704618429279200 ) ) ;
#3503 = CARTESIAN_POINT ( 'NONE',  ( 0.1605815918515516000, -0.05217612204500263900, -0.2426181102362205400 ) ) ;
#3504 = CARTESIAN_POINT ( 'NONE',  ( 0.0000000000000000000, 2.619896612091631500E-017, 0.3125000000000000000 ) ) ;
#3505 = CC_DESIGN_APPROVAL ( #3251, ( #2054 ) ) ;
#3506 = EDGE_CURVE ( 'NONE', #2193, #1206, #3526, .T. ) ;
#3507 = CARTESIAN_POINT ( 'NONE',  ( 0.1436285421260782600, -0.1043522440900053100, -0.1012559479038785800 ) ) ;
#3508 = ORIENTED_EDGE ( 'NONE', *, *, #735, .T. ) ;
#3509 = CARTESIAN_POINT ( 'NONE',  ( 0.0000000000000000000, 1.175782360627693200E-018, 0.3125000000000000000 ) ) ;
#3510 = CARTESIAN_POINT ( 'NONE',  ( 0.05486122133756580300, 0.1688454777399540400, 0.001106256820530933500 ) ) ;
#3511 = CARTESIAN_POINT ( 'NONE',  ( 0.1605815918515515800, 0.05217612204500271500, -0.2469252392424613500 ) ) ;
#3512 = CARTESIAN_POINT ( 'NONE',  ( -0.1157057583252900100, 0.1592553138533361100, 0.03260231981265712700 ) ) ;
#3513 = CARTESIAN_POINT ( 'NONE',  ( 0.2189307921375865400, 3.960461081222081500E-017, -0.1493917640775150300 ) ) ;
#3514 = ADVANCED_FACE ( 'NONE', ( #1392 ), #412, .F. ) ;
#3515 = VERTEX_POINT ( 'NONE', #2051 ) ;
#3516 = CYLINDRICAL_SURFACE ( 'NONE', #900, 0.3437500000000000000 ) ;
#3517 = CARTESIAN_POINT ( 'NONE',  ( 0.1771187314312765700, 0.1286842908911823300, 0.2189035327090697000 ) ) ;
#3518 = EDGE_CURVE ( 'NONE', #3198, #34, #2346, .T. ) ;
#3519 = ADVANCED_FACE ( 'NONE', ( #3845 ), #3516, .F. ) ;
#3520 = ORIENTED_EDGE ( 'NONE', *, *, #3824, .F. ) ;
#3521 = CARTESIAN_POINT ( 'NONE',  ( -0.05486122133756579000, -0.1688454777399539800, -0.2744842943605715900 ) ) ;
#3522 = ORIENTED_EDGE ( 'NONE', *, *, #3899, .T. ) ;
#3523 = CARTESIAN_POINT ( 'NONE',  ( 0.0000000000000000000, 0.1968503937007874100, 0.07627952755905503800 ) ) ;
#3524 = AXIS2_PLACEMENT_3D ( 'NONE', #2991, #3247, #1452 ) ;
#3525 = EDGE_LOOP ( 'NONE', ( #3110, #1212, #653, #288 ) ) ;
#3526 =( BOUNDED_CURVE ( )  B_SPLINE_CURVE ( 2, ( #1739, #505, #2037, #2633, #2648, #259, #235, #2335, #2929, #2952, #534 ),
 .UNSPECIFIED., .F., .T. ) 
 B_SPLINE_CURVE_WITH_KNOTS ( ( 3, 2, 2, 2, 2, 3 ),
 ( 0.1111111111111110600, 0.1222222222222221900, 0.1333333333333333000, 0.1444444444444444300, 0.1555555555555555600, 0.1666666666666666600 ),
 .UNSPECIFIED. ) 
 CURVE ( )  GEOMETRIC_REPRESENTATION_ITEM ( )  RATIONAL_B_SPLINE_CURVE ( ( 1.000000000000000200, 0.9510565162951532000, 1.000000000000000000, 0.9510565162951534200, 1.000000000000000000, 0.9510565162951534200, 1.000000000000000000, 0.9510565162951534200, 1.000000000000000000, 0.9510565162951534200, 1.000000000000000000 ) ) 
 REPRESENTATION_ITEM ( '' )  );
#3527 = CARTESIAN_POINT ( 'NONE',  ( -0.1436285421260782300, -0.1043522440900053500, -0.04613783766765809600 ) ) ;
#3528 = CARTESIAN_POINT ( 'NONE',  ( -0.1436285421260782300, -0.1043522440900053500, -0.2823583101086030200 ) ) ;
#3529 = CARTESIAN_POINT ( 'NONE',  ( 0.1872158496644003300, -0.06083011700294235100, 0.2888779527559055500 ) ) ;
#3530 = ORIENTED_EDGE ( 'NONE', *, *, #2011, .F. ) ;
#3531 = CARTESIAN_POINT ( 'NONE',  ( 0.1605815918515516000, -0.05217612204500263900, 0.1510826771653545100 ) ) ;
#3532 = ORIENTED_EDGE ( 'NONE', *, *, #347, .F. ) ;
#3533 = CC_DESIGN_PERSON_AND_ORGANIZATION_ASSIGNMENT ( #1202, #3467, ( #3487 ) ) ;
#3534 = CARTESIAN_POINT ( 'NONE',  ( 0.1980247617844316000, -0.06434214544559109500, 0.1283523516067074700 ) ) ;
#3535 = CARTESIAN_POINT ( 'NONE',  ( 2.067760738647403800E-017, -0.1688454777399540100, -0.2583661417322835100 ) ) ;
#3536 = DIRECTION ( 'NONE',  ( 1.000000000000000000, 0.0000000000000000000, 0.0000000000000000000 ) ) ;
#3537 = VERTEX_POINT ( 'NONE', #1087 ) ;
#3538 = CARTESIAN_POINT ( 'NONE',  ( 0.1605815918515516000, -0.05217612204500263900, -0.2547992549904928300 ) ) ;
#3539 = DIRECTION ( 'NONE',  ( 0.0000000000000000000, -1.000000000000000000, 0.0000000000000000000 ) ) ;
#3540 = FACE_OUTER_BOUND ( 'NONE', #1593, .T. ) ;
#3541 = CARTESIAN_POINT ( 'NONE',  ( -0.05486122133756579000, -0.1688454777399539800, 0.04047633556068842100 ) ) ;
#3542 = CARTESIAN_POINT ( 'NONE',  ( -0.09924488173182202700, -0.1365988609149796600, -0.1996811447542723700 ) ) ;
#3543 = LINE ( 'NONE', #2027, #3444 ) ;
#3544 = CARTESIAN_POINT ( 'NONE',  ( -0.05486122133756586600, 0.1688454777399540400, 0.09990157480314972000 ) ) ;
#3545 = CARTESIAN_POINT ( 'NONE',  ( -0.1771187314312765700, -0.1286842908911822700, 0.1795334539689121300 ) ) ;
#3546 = CARTESIAN_POINT ( 'NONE',  ( 0.1605815918515515800, 0.05217612204500271500, 0.2255157056394292700 ) ) ;
#3547 = CIRCLE ( 'NONE', #3777, 0.1968503937007874100 ) ;
#3548 = EDGE_CURVE ( 'NONE', #679, #3244, #1112, .T. ) ;
#3549 = CARTESIAN_POINT ( 'NONE',  ( -0.1775346415770249200, -6.413618460845107500E-018, -0.2114921683763195700 ) ) ;
#3550 = DIRECTION ( 'NONE',  ( 1.000000000000000000, 0.0000000000000000000, 0.0000000000000000000 ) ) ;
#3551 = CARTESIAN_POINT ( 'NONE',  ( -0.09924488173182202700, -0.1365988609149796600, -0.2784213022345873300 ) ) ;
#3552 = AXIS2_PLACEMENT_3D ( 'NONE', #1291, #671, #1583 ) ;
#3553 = CARTESIAN_POINT ( 'NONE',  ( 0.1605815918515516000, -0.05217612204500263900, 0.3085629921259844800 ) ) ;
#3554 = CARTESIAN_POINT ( 'NONE',  ( 0.1980247617844315700, 0.06434214544559117800, 0.05748620987442393900 ) ) ;
#3555 = CARTESIAN_POINT ( 'NONE',  ( 0.09924488173182205400, -0.1365988609149796600, 0.1310275166630512900 ) ) ;
#3556 = DIRECTION ( 'NONE',  ( 8.659560562354846600E-017, -0.7071067811865404700, -0.7071067811865545700 ) ) ;
#3557 = CARTESIAN_POINT ( 'NONE',  ( 0.1157057583252899500, 0.1592553138533361100, -0.08907480314960644600 ) ) ;
#3558 = ORIENTED_EDGE ( 'NONE', *, *, #24, .T. ) ;
#3559 = PERSON_AND_ORGANIZATION ( #3790, #1160 ) ;
#3560 = CARTESIAN_POINT ( 'NONE',  ( -0.1223860333968800500, 0.1684499236856469000, -0.1218327089594047800 ) ) ;
#3561 = CARTESIAN_POINT ( 'NONE',  ( 0.0000000000000000000, 0.1688454777399540600, -0.3099173652267133100 ) ) ;
#3562 = CARTESIAN_POINT ( 'NONE',  ( -0.1672720346961895600, -0.02648210914814300800, 0.2726840604171195100 ) ) ;
#3563 = DIRECTION ( 'NONE',  ( 0.0000000000000000000, -1.000000000000000000, 0.0000000000000000000 ) ) ;
#3564 = CARTESIAN_POINT ( 'NONE',  ( 0.1775346415770249200, 3.706982764817010900E-017, -0.3296024045967921300 ) ) ;
#3565 = CARTESIAN_POINT ( 'NONE',  ( -0.1339701417586435200, -0.1210015474097725400, -0.2840559950344770400 ) ) ;
#3566 = ORIENTED_EDGE ( 'NONE', *, *, #1827, .T. ) ;
#3567 = CARTESIAN_POINT ( 'NONE',  ( 0.0000000000000000000, 0.1688454777399540600, 0.2534448818897640000 ) ) ;
#3568 = CARTESIAN_POINT ( 'NONE',  ( 0.1771187314312765700, -0.1286842908911822200, -0.03306497122793833300 ) ) ;
#3569 = CARTESIAN_POINT ( 'NONE',  ( -0.09924488173182208200, 0.1365988609149797200, 0.2491377528835237400 ) ) ;
#3570 = CARTESIAN_POINT ( 'NONE',  ( 0.1674509465259921000, 0.1216602340058848700, 0.01291728044257837000 ) ) ;
#3571 = EDGE_CURVE ( 'NONE', #1338, #1693, #1782, .T. ) ;
#3572 = CARTESIAN_POINT ( 'NONE',  ( -0.1223860333968799800, -0.1684499236856468200, -0.09821066171531030200 ) ) ;
#3573 = ORIENTED_EDGE ( 'NONE', *, *, #672, .F. ) ;
#3574 = VERTEX_POINT ( 'NONE', #3801 ) ;
#3575 = CARTESIAN_POINT ( 'NONE',  ( 5.122214988120493500E-017, -0.5625000000000001100, 0.09375000000000026400 ) ) ;
#3576 = AXIS2_PLACEMENT_3D ( 'NONE', #1973, #1697, #2275 ) ;
#3577 = ORIENTED_EDGE ( 'NONE', *, *, #1079, .T. ) ;
#3578 = CARTESIAN_POINT ( 'NONE',  ( -0.6953125000000001100, -3.051242973583458800E-017, 0.08578124999999976700 ) ) ;
#3579 = PLANE ( 'NONE',  #431 ) ;
#3580 = ADVANCED_FACE ( 'NONE', ( #509 ), #1061, .F. ) ;
#3581 = CARTESIAN_POINT ( 'NONE',  ( -0.1605815918515515800, -0.05217612204500268700, 0.2770669291338585000 ) ) ;
#3582 = SECURITY_CLASSIFICATION ( '', '', #1675 ) ;
#3583 = EDGE_CURVE ( 'NONE', #3515, #38, #1878, .T. ) ;
#3584 = CARTESIAN_POINT ( 'NONE',  ( -0.1223860333968800500, 0.1684499236856469000, -0.07637205784211158200 ) ) ;
#3585 = CARTESIAN_POINT ( 'NONE',  ( 0.1436285421260782600, -0.1043522440900053200, 0.05622436705675203800 ) ) ;
#3586 = FACE_OUTER_BOUND ( 'NONE', #143, .T. ) ;
#3587 = CARTESIAN_POINT ( 'NONE',  ( 0.0000000000000000000, 0.1968503937007874100, 0.1550196850393700300 ) ) ;
#3588 = CIRCLE ( 'NONE', #2114, 0.3334374999999995500 ) ;
#3589 = CARTESIAN_POINT ( 'NONE',  ( -0.2069807528028085300, -1.182278133984402800E-017, -0.1130669715259256400 ) ) ;
#3590 = VECTOR ( 'NONE', #2407, 39.37007874015748100 ) ;
#3591 = CARTESIAN_POINT ( 'NONE',  ( 0.0000000000000000000, -0.3437500000000000000, -0.3021874999999998300 ) ) ;
#3592 = CARTESIAN_POINT ( 'NONE',  ( 0.1674509465259921000, 0.1216602340058848700, 0.1703975954032084200 ) ) ;
#3593 = CARTESIAN_POINT ( 'NONE',  ( 0.0000000000000000000, 1.175782360627693200E-018, 0.3125000000000000000 ) ) ;
#3594 = CARTESIAN_POINT ( 'NONE',  ( -0.1605815918515516000, 0.05217612204500267400, 0.03297244094488198400 ) ) ;
#3595 = FACE_OUTER_BOUND ( 'NONE', #3427, .T. ) ;
#3596 = CARTESIAN_POINT ( 'NONE',  ( -0.06765333536248334400, -0.2082155564801114500, -0.04881300272400130500 ) ) ;
#3597 = CARTESIAN_POINT ( 'NONE',  ( 0.05486122133756583800, -0.1688454777399539500, 0.04835035130872052100 ) ) ;
#3598 = ADVANCED_FACE ( 'NONE', ( #2724, #554 ), #3579, .F. ) ;
#3599 = AXIS2_PLACEMENT_3D ( 'NONE', #511, #2959, #2043 ) ;
#3600 = DIRECTION ( 'NONE',  ( 0.0000000000000000000, 1.000000000000000000, 0.0000000000000000000 ) ) ;
#3601 = CARTESIAN_POINT ( 'NONE',  ( 0.0000000000000000000, 0.1688454777399540600, 0.3321850393700789800 ) ) ;
#3602 = CARTESIAN_POINT ( 'NONE',  ( -0.06396057012458783400, -0.1968503937007873800, 0.1904527559055118300 ) ) ;
#3603 = DIRECTION ( 'NONE',  ( 0.0000000000000000000, -1.000000000000000000, 1.881251777004309100E-018 ) ) ;
#3604 = AXIS2_PLACEMENT_3D ( 'NONE', #248, #2599, #201 ) ;
#3605 = EDGE_LOOP ( 'NONE', ( #1155, #2596, #648, #411 ) ) ;
#3606 = CARTESIAN_POINT ( 'NONE',  ( 0.05486122133756583800, -0.1688454777399539500, 0.06053149606299222000 ) ) ;
#3607 = CLOSED_SHELL ( 'NONE', ( #1706, #1190, #2383, #3618, #289, #2696, #2993, #327, #3027, #3339, #1423, #1457, #306, #15, #1435, #1205, #3852, #2715, #597, #2671, #3519, #36, #1170, #2141, #2102, #2004, #1503, #2123, #616, #1482, #906, #2976, #2052, #3514, #2430, #2028 ) ) ;
#3608 = CIRCLE ( 'NONE', #750, 0.3437500000000000000 ) ;
#3609 = CARTESIAN_POINT ( 'NONE',  ( -0.06765333536248341300, 0.2082155564801114700, 0.07717124924450269300 ) ) ;
#3610 = CARTESIAN_POINT ( 'NONE',  ( 0.1605815918515515800, 0.05217612204500271500, -0.01070476680151574700 ) ) ;
#3611 = CARTESIAN_POINT ( 'NONE',  ( 0.1872158496644002500, 0.06083011700294242700, 0.008980272568562576400 ) ) ;
#3612 = ORIENTED_EDGE ( 'NONE', *, *, #358, .F. ) ;
#3613 = CARTESIAN_POINT ( 'NONE',  ( -0.1688454777399540400, 1.802743417459596100E-015, 0.2726840604171195100 ) ) ;
#3614 = ORIENTED_EDGE ( 'NONE', *, *, #1065, .F. ) ;
#3615 = CARTESIAN_POINT ( 'NONE',  ( 0.1436285421260782600, -0.1043522440900053100, 0.3046259842519688000 ) ) ;
#3616 = DIRECTION ( 'NONE',  ( 0.0000000000000000000, -1.881251777004309100E-018, -1.000000000000000000 ) ) ;
#3617 = ORIENTED_EDGE ( 'NONE', *, *, #3860, .F. ) ;
#3618 = ADVANCED_FACE ( 'NONE', ( #3276 ), #3889, .F. ) ;
#3619 = ORIENTED_EDGE ( 'NONE', *, *, #3721, .F. ) ;
#3620 = CARTESIAN_POINT ( 'NONE',  ( 0.1775346415770249200, 3.706982764817010900E-017, -0.08120078740157474200 ) ) ;
#3621 = CARTESIAN_POINT ( 'NONE',  ( 0.1223860333968800200, -0.1684499236856468200, -0.3519626090232141300 ) ) ;
#3622 = CARTESIAN_POINT ( 'NONE',  ( 0.1436285421260782600, -0.1043522440900053200, -0.02251579042356298800 ) ) ;
#3623 = DIRECTION ( 'NONE',  ( 0.0000000000000000000, 0.0000000000000000000, 1.000000000000000000 ) ) ;
#3624 = EDGE_CURVE ( 'NONE', #2486, #2911, #872, .T. ) ;
#3625 = ORIENTED_EDGE ( 'NONE', *, *, #3088, .T. ) ;
#3626 = EDGE_LOOP ( 'NONE', ( #2491, #2621, #793, #1448, #1068, #1481, #1125, #3 ) ) ;
#3627 = ORIENTED_EDGE ( 'NONE', *, *, #1148, .T. ) ;
#3628 = DIRECTION ( 'NONE',  ( 0.0000000000000000000, 1.000000000000000000, 0.0000000000000000000 ) ) ;
#3629 = DIRECTION ( 'NONE',  ( 0.0000000000000000000, -1.881251777004309100E-018, -1.000000000000000000 ) ) ;
#3630 = AXIS2_PLACEMENT_3D ( 'NONE', #1191, #2990, #1748 ) ;
#3631 = CARTESIAN_POINT ( 'NONE',  ( 0.1605815918515516000, -0.05217612204500263900, 0.2298228346456694700 ) ) ;
#3632 = CARTESIAN_POINT ( 'NONE',  ( -0.09924488173182208200, 0.1365988609149797200, -0.3807835069589967600 ) ) ;
#3633 = DIRECTION ( 'NONE',  ( 0.0000000000000000000, 1.000000000000000000, 0.0000000000000000000 ) ) ;
#3634 = FACE_OUTER_BOUND ( 'NONE', #3008, .T. ) ;
#3635 = CARTESIAN_POINT ( 'NONE',  ( 0.1436285421260782600, 0.1043522440900053900, 0.005413385826771740200 ) ) ;
#3636 = CARTESIAN_POINT ( 'NONE',  ( 0.1223860333968800200, -0.1684499236856468200, -0.2732224515428990900 ) ) ;
#3637 = CARTESIAN_POINT ( 'NONE',  ( 0.1605815918515515800, 0.05217612204500271500, -0.08944492428183072100 ) ) ;
#3638 = CARTESIAN_POINT ( 'NONE',  ( 0.0000000000000000000, 1.175782360627693200E-018, 0.3125000000000000000 ) ) ;
#3639 = ADVANCED_FACE ( 'NONE', ( #1293 ), #2622, .F. ) ;
#3640 = FACE_OUTER_BOUND ( 'NONE', #3334, .T. ) ;
#3641 = CARTESIAN_POINT ( 'NONE',  ( 0.0000000000000000000, 2.580642145878549300E-017, -0.3125000000000000000 ) ) ;
#3642 = CARTESIAN_POINT ( 'NONE',  ( -0.1694545349776666900, 6.563386228615033600E-017, 0.2732931176548321600 ) ) ;
#3643 = CARTESIAN_POINT ( 'NONE',  ( 0.05556872168428308300, -0.1695662868090478400, 0.2820854445143588500 ) ) ;
#3644 = CARTESIAN_POINT ( 'NONE',  ( -0.09924488173182202700, -0.1365988609149796600, 0.2849409448818899800 ) ) ;
#3645 = CARTESIAN_POINT ( 'NONE',  ( 0.0000000000000000000, 0.5625000000000001100, -0.3125000000000000000 ) ) ;
#3646 = CARTESIAN_POINT ( 'NONE',  ( 0.1157057583252899500, 0.1592553138533361100, -0.1406260266440359000 ) ) ;
#3647 = CARTESIAN_POINT ( 'NONE',  ( -0.09924488173182208200, 0.1365988609149797200, -0.1323818897637794900 ) ) ;
#3648 = EDGE_CURVE ( 'NONE', #1077, #3476, #1342, .T. ) ;
#3649 = CARTESIAN_POINT ( 'NONE',  ( 0.2189307921375865400, 3.960461081222081500E-017, -0.3401515854011668000 ) ) ;
#3650 = CARTESIAN_POINT ( 'NONE',  ( -0.09924488173182208200, 0.1365988609149797200, -0.06582287703773623300 ) ) ;
#3651 = AXIS2_PLACEMENT_3D ( 'NONE', #2734, #1830, #2437 ) ;
#3652 = CARTESIAN_POINT ( 'NONE',  ( -0.1679119051563981400, 0.02961573746433978500, 0.2708952325359217900 ) ) ;
#3653 = CARTESIAN_POINT ( 'NONE',  ( -0.1436285421260782800, 0.1043522440900053500, -0.06188586916372107400 ) ) ;
#3654 = CARTESIAN_POINT ( 'NONE',  ( 2.410722045565655500E-017, -0.1968503937007873000, 0.2731299212598424800 ) ) ;
#3655 = ORIENTED_EDGE ( 'NONE', *, *, #3506, .F. ) ;
#3656 = CALENDAR_DATE ( 2025, 10, 6 ) ;
#3657 = CARTESIAN_POINT ( 'NONE',  ( 0.0000000000000000000, 0.1688454777399540600, 0.2534448818897640000 ) ) ;
#3658 = CARTESIAN_POINT ( 'NONE',  ( 2.410722045565655500E-017, -0.1968503937007873000, -0.1721220896361619100 ) ) ;
#3659 = DIRECTION ( 'NONE',  ( -1.000000000000000000, 0.0000000000000000000, 0.0000000000000000000 ) ) ;
#3660 = AXIS2_PLACEMENT_3D ( 'NONE', #2966, #1495, #2981 ) ;
#3661 = EDGE_CURVE ( 'NONE', #1313, #101, #506, .T. ) ;
#3662 = CARTESIAN_POINT ( 'NONE',  ( -0.1771187314312765700, 0.1286842908911822700, -0.2299153649287257700 ) ) ;
#3663 = CARTESIAN_POINT ( 'NONE',  ( 0.1605815918515516000, -0.05217612204500263900, -0.1760590975101772000 ) ) ;
#3664 = ORIENTED_EDGE ( 'NONE', *, *, #2972, .T. ) ;
#3665 = CARTESIAN_POINT ( 'NONE',  ( -0.1605815918515516000, 0.05217612204500267400, 0.2691929133858269600 ) ) ;
#3666 = CARTESIAN_POINT ( 'NONE',  ( 4.209723372069026300E-017, -0.3437500000000000000, 0.08087500000000033600 ) ) ;
#3667 = CARTESIAN_POINT ( 'NONE',  ( -0.06396057012458764000, 0.1968503937007876600, 0.001476377952755732200 ) ) ;
#3668 = VERTEX_POINT ( 'NONE', #3297 ) ;
#3669 = CARTESIAN_POINT ( 'NONE',  ( 0.1436285421260782600, -0.1043522440900053100, 0.1471456692913387700 ) ) ;
#3670 = VERTEX_POINT ( 'NONE', #1454 ) ;
#3671 = CARTESIAN_POINT ( 'NONE',  ( 0.05486122133756580300, 0.1688454777399540400, -0.2229330708661417200 ) ) ;
#3672 = CARTESIAN_POINT ( 'NONE',  ( 0.05486122133756580300, 0.1688454777399540400, 0.3160668867417909500 ) ) ;
#3673 = ORIENTED_EDGE ( 'NONE', *, *, #3361, .T. ) ;
#3674 = CARTESIAN_POINT ( 'NONE',  ( 0.06765333536248338600, -0.2082155564801113900, -0.2771594594169148300 ) ) ;
#3675 = CARTESIAN_POINT ( 'NONE',  ( 0.09924488173182204100, 0.1365988609149797500, -0.2390512234944292000 ) ) ;
#3676 = EDGE_CURVE ( 'NONE', #3244, #725, #270, .T. ) ;
#3677 = LINE ( 'NONE', #1855, #656 ) ;
#3678 = CARTESIAN_POINT ( 'NONE',  ( -0.05486122133756579000, -0.1688454777399540100, 0.2101377952755907100 ) ) ;
#3679 = DIRECTION ( 'NONE',  ( -1.000000000000000000, 0.0000000000000000000, 0.0000000000000000000 ) ) ;
#3680 = CONICAL_SURFACE ( 'NONE', #2729, 0.2086614173228346600, 0.7853981633974500600 ) ;
#3681 = CARTESIAN_POINT ( 'NONE',  ( -0.09924488173182208200, 0.1365988609149797200, 0.02509842519685049800 ) ) ;
#3682 = CARTESIAN_POINT ( 'NONE',  ( 2.410722045565655500E-017, -0.1968503937007873000, -0.1205708661417324400 ) ) ;
#3683 = CARTESIAN_POINT ( 'NONE',  ( 5.122214988120493500E-017, -0.5625000000000001100, 0.09375000000000026400 ) ) ;
#3684 = CARTESIAN_POINT ( 'NONE',  ( -0.09924488173182202700, -0.1365988609149796600, -0.2662401574803149900 ) ) ;
#3685 = CARTESIAN_POINT ( 'NONE',  ( -0.1605815918515515800, -0.05217612204500268700, -0.2741141732283465200 ) ) ;
#3686 = CIRCLE ( 'NONE', #3023, 0.1328125000000000000 ) ;
#3687 = CARTESIAN_POINT ( 'NONE',  ( 0.0000000000000000000, 1.940040895035718500E-020, -0.3021874999999998300 ) ) ;
#3688 = CARTESIAN_POINT ( 'NONE',  ( -0.2069807528028085300, -1.182278133984402800E-017, 0.2806338158756494500 ) ) ;
#3689 = CYLINDRICAL_SURFACE ( 'NONE', #2487, 0.1328125000000000000 ) ;
#3690 = CARTESIAN_POINT ( 'NONE',  ( 0.05486122133756583800, -0.1688454777399539500, 0.06053149606299222000 ) ) ;
#3691 = CARTESIAN_POINT ( 'NONE',  ( -0.1157057583252900100, 0.1592553138533361100, 0.1900826347732871300 ) ) ;
#3692 = CARTESIAN_POINT ( 'NONE',  ( -0.1980247617844315700, -0.06434214544559115100, 0.2876161099382332200 ) ) ;
#3693 = CARTESIAN_POINT ( 'NONE',  ( -0.1436285421260782800, 0.1043522440900053500, 0.02903543307086622500 ) ) ;
#3694 = CARTESIAN_POINT ( 'NONE',  ( 0.1436285421260782600, 0.1043522440900053900, 0.2294527135134444300 ) ) ;
#3695 = CARTESIAN_POINT ( 'NONE',  ( 2.410722045565655500E-017, -0.1968503937007873000, -0.2508622471164768700 ) ) ;
#3696 = CARTESIAN_POINT ( 'NONE',  ( 0.002992405682975605800, -0.1968503937007877200, 0.3005030487998690000 ) ) ;
#3697 = DIRECTION ( 'NONE',  ( 0.0000000000000000000, 1.000000000000000000, 0.0000000000000000000 ) ) ;
#3698 = EDGE_CURVE ( 'NONE', #3409, #3719, #83, .T. ) ;
#3699 = VERTEX_POINT ( 'NONE', #2386 ) ;
#3700 = DIRECTION ( 'NONE',  ( 0.0000000000000000000, 1.000000000000000000, 0.0000000000000000000 ) ) ;
#3701 = CARTESIAN_POINT ( 'NONE',  ( -0.6953125000000001100, -3.051242973583458800E-017, -0.3125000000000000000 ) ) ;
#3702 = AXIS2_PLACEMENT_3D ( 'NONE', #579, #3888, #3550 ) ;
#3703 = CARTESIAN_POINT ( 'NONE',  ( -0.05486122133756587300, 0.1688454777399540400, 0.2573818897637796800 ) ) ;
#3704 = CARTESIAN_POINT ( 'NONE',  ( 0.1760448227431957400, -0.06418327971659390500, 0.2910369513398284300 ) ) ;
#3705 = CARTESIAN_POINT ( 'NONE',  ( -0.1407812500000006100, 0.5625000000000001100, 0.09375000000000026400 ) ) ;
#3706 = VERTEX_POINT ( 'NONE', #1809 ) ;
#3707 = LINE ( 'NONE', #1071, #2912 ) ;
#3708 = CARTESIAN_POINT ( 'NONE',  ( -0.1436285421260782300, -0.1043522440900053500, -0.03395669291338577300 ) ) ;
#3709 = CARTESIAN_POINT ( 'NONE',  ( 0.1605815918515516000, -0.05217612204500263900, 0.1389015324110821600 ) ) ;
#3710 = CARTESIAN_POINT ( 'NONE',  ( 0.0000000000000000000, 7.642585344080009900E-019, 0.09375000000000026400 ) ) ;
#3711 = EDGE_CURVE ( 'NONE', #3010, #2534, #2637, .T. ) ;
#3712 = ORIENTED_EDGE ( 'NONE', *, *, #663, .F. ) ;
#3713 = CARTESIAN_POINT ( 'NONE',  ( 0.1157057583252899800, -0.1592553138533360500, -0.08550791640781535400 ) ) ;
#3714 = CARTESIAN_POINT ( 'NONE',  ( 0.1436285421260782600, 0.1043522440900054000, -0.2429882313684449700 ) ) ;
#3715 = ORIENTED_EDGE ( 'NONE', *, *, #3783, .T. ) ;
#3716 = CARTESIAN_POINT ( 'NONE',  ( -0.1436285421260782800, 0.1043522440900053500, -0.2071850393700787100 ) ) ;
#3717 = MANIFOLD_SOLID_BREP ( 'Cut-Extrude4', #1818 ) ;
#3718 = ORIENTED_EDGE ( 'NONE', *, *, #2312, .F. ) ;
#3719 = VERTEX_POINT ( 'NONE', #582 ) ;
#3720 = CARTESIAN_POINT ( 'NONE',  ( 0.1867025019928645100, -0.03303138634792602400, 0.2927256105913395000 ) ) ;
#3721 = EDGE_CURVE ( 'NONE', #568, #2628, #2063, .T. ) ;
#3722 = CARTESIAN_POINT ( 'NONE',  ( -0.1605815918515516000, 0.05217612204500267400, 0.03297244094488198400 ) ) ;
#3723 = CARTESIAN_POINT ( 'NONE',  ( -0.1436285421260782300, -0.1043522440900053500, 0.2688227922536018900 ) ) ;
#3724 = CARTESIAN_POINT ( 'NONE',  ( -0.2069807528028085300, -1.182278133984402800E-017, -0.2705472864865556300 ) ) ;
#3725 = ORIENTED_EDGE ( 'NONE', *, *, #551, .T. ) ;
#3726 = CARTESIAN_POINT ( 'NONE',  ( 0.0000000000000000000, 2.619896612091631500E-017, 0.3125000000000000000 ) ) ;
#3727 = DIRECTION ( 'NONE',  ( -0.0000000000000000000, 1.881251777004309100E-018, 1.000000000000000000 ) ) ;
#3728 = AXIS2_PLACEMENT_3D ( 'NONE', #1192, #1795, #2084 ) ;
#3729 = VECTOR ( 'NONE', #2354, 39.37007874015748100 ) ;
#3730 = CARTESIAN_POINT ( 'NONE',  ( 0.1436285421260782600, 0.1043522440900054000, -0.07332677165354328800 ) ) ;
#3731 = LINE ( 'NONE', #2728, #2504 ) ;
#3732 = CARTESIAN_POINT ( 'NONE',  ( -0.1223860333968800500, 0.1684499236856469000, 0.1931279209618552200 ) ) ;
#3733 = AXIS2_PLACEMENT_3D ( 'NONE', #3710, #2522, #3430 ) ;
#3734 = EDGE_CURVE ( 'NONE', #2030, #1355, #3608, .T. ) ;
#3735 = CARTESIAN_POINT ( 'NONE',  ( -0.05486122133756579000, -0.1688454777399539800, -0.1048228346456693000 ) ) ;
#3736 = CARTESIAN_POINT ( 'NONE',  ( -0.1605815918515516000, 0.05217612204500267400, 0.2570117686315546700 ) ) ;
#3737 = VECTOR ( 'NONE', #145, 39.37007874015748100 ) ;
#3738 = CARTESIAN_POINT ( 'NONE',  ( 0.0000000000000000000, -0.3566250000000001900, 0.09375000000000026400 ) ) ;
#3739 = CARTESIAN_POINT ( 'NONE',  ( 0.0000000000000000000, -4.833965545397999800E-037, -0.3125000000000000000 ) ) ;
#3740 = DIRECTION ( 'NONE',  ( 0.0000000000000000000, -1.000000000000000000, 0.0000000000000000000 ) ) ;
#3741 = DIRECTION ( 'NONE',  ( 1.000000000000000000, 0.0000000000000000000, 0.0000000000000000000 ) ) ;
#3742 = CARTESIAN_POINT ( 'NONE',  ( -0.09924488173182208200, 0.1365988609149797200, 0.02509842519685049800 ) ) ;
#3743 = CARTESIAN_POINT ( 'NONE',  ( -0.1223860333968800500, 0.1684499236856469000, 0.1143877634815401900 ) ) ;
#3744 = CARTESIAN_POINT ( 'NONE',  ( 0.1436285421260782600, -0.1043522440900053100, -0.2465551181102362300 ) ) ;
#3745 = CARTESIAN_POINT ( 'NONE',  ( -0.09924488173182208200, 0.1365988609149797200, 0.1703975954032081700 ) ) ;
#3746 = CARTESIAN_POINT ( 'NONE',  ( -0.01851307086502258800, -0.1942634165643376800, 0.2986022307009340600 ) ) ;
#3747 = EDGE_LOOP ( 'NONE', ( #2783, #3558, #1677, #2775 ) ) ;
#3748 = DIRECTION ( 'NONE',  ( -0.0000000000000000000, -0.0000000000000000000, 1.000000000000000000 ) ) ;
#3749 = EDGE_CURVE ( 'NONE', #2911, #789, #1144, .T. ) ;
#3750 = CARTESIAN_POINT ( 'NONE',  ( -0.1436285421260782300, -0.1043522440900053500, -0.3489173228346456600 ) ) ;
#3751 = CARTESIAN_POINT ( 'NONE',  ( 5.122214988120493500E-017, -0.5625000000000001100, -0.3125000000000000000 ) ) ;
#3752 = CARTESIAN_POINT ( 'NONE',  ( 0.6953125000000001100, 2.578744229469662300E-017, 0.08578124999999976700 ) ) ;
#3753 = CYLINDRICAL_SURFACE ( 'NONE', #1158, 0.1968503937007874100 ) ;
#3754 = EDGE_LOOP ( 'NONE', ( #1746, #3330, #245, #1630 ) ) ;
#3755 = CARTESIAN_POINT ( 'NONE',  ( -0.09924488173182202700, -0.1365988609149796600, -0.03001968503936998400 ) ) ;
#3756 = CARTESIAN_POINT ( 'NONE',  ( 0.0000000000000000000, 2.619896612091631500E-017, -0.3006889763779528300 ) ) ;
#3757 = CARTESIAN_POINT ( 'NONE',  ( -0.1223860333968799800, -0.1684499236856468200, 0.05926965324531970100 ) ) ;
#3758 = CARTESIAN_POINT ( 'NONE',  ( 0.1436285421260782600, -0.1043522440900053100, 0.05622436705675141300 ) ) ;
#3759 = CARTESIAN_POINT ( 'NONE',  ( 0.0000000000000000000, 0.0000000000000000000, 0.0000000000000000000 ) ) ;
#3760 = CARTESIAN_POINT ( 'NONE',  ( 0.1674509465259921000, 0.1216602340058848700, 0.1432086614173228000 ) ) ;
#3761 = ORIENTED_EDGE ( 'NONE', *, *, #2767, .F. ) ;
#3762 = ORIENTED_EDGE ( 'NONE', *, *, #417, .F. ) ;
#3763 = CARTESIAN_POINT ( 'NONE',  ( 0.0000000000000000000, 0.1688454777399540600, 0.3200038946158066400 ) ) ;
#3764 = CARTESIAN_POINT ( 'NONE',  ( 0.0000000000000000000, 0.1968503937007874100, 0.1034684615449406200 ) ) ;
#3765 = EDGE_LOOP ( 'NONE', ( #2737, #2739, #2997, #2406 ) ) ;
#3766 = CARTESIAN_POINT ( 'NONE',  ( -0.2189307921375865400, -1.401796795299716600E-017, -0.1887618428176725800 ) ) ;
#3767 = CARTESIAN_POINT ( 'NONE',  ( -0.1775346415770248900, -6.413618460845107500E-018, -0.1993110236220472800 ) ) ;
#3768 = CARTESIAN_POINT ( 'NONE',  ( 0.1872158496644003300, -0.06083011700294235100, 0.05265748031496050900 ) ) ;
#3769 = CARTESIAN_POINT ( 'NONE',  ( 0.1771187314312765700, 0.1286842908911823300, 0.09470272411146145300 ) ) ;
#3770 = CIRCLE ( 'NONE', #3317, 0.7918124999999998100 ) ;
#3771 = EDGE_CURVE ( 'NONE', #2628, #2345, #2809, .T. ) ;
#3772 = CARTESIAN_POINT ( 'NONE',  ( -0.1436285421260782800, 0.1043522440900053500, -0.1406260266440360900 ) ) ;
#3773 = CARTESIAN_POINT ( 'NONE',  ( -0.05111418308364314200, 0.1789341723995809000, -0.2896996134359993100 ) ) ;
#3774 = CARTESIAN_POINT ( 'NONE',  ( -0.1436285421260782300, -0.1043522440900053500, 0.2688227922536018900 ) ) ;
#3775 = DIRECTION ( 'NONE',  ( -0.0000000000000000000, -0.0000000000000000000, 1.000000000000000000 ) ) ;
#3776 = CARTESIAN_POINT ( 'NONE',  ( -0.1968503937007874100, 5.030618657657287200E-017, 0.3006889763779528300 ) ) ;
#3777 = AXIS2_PLACEMENT_3D ( 'NONE', #132, #2835, #1016 ) ;
#3778 = CONICAL_SURFACE ( 'NONE', #2349, 0.1328125000000000000, 0.7853981633974600500 ) ;
#3779 = CARTESIAN_POINT ( 'NONE',  ( 0.1223860333968800200, -0.1684499236856468200, -0.1612027876995622800 ) ) ;
#3780 = CARTESIAN_POINT ( 'NONE',  ( -0.1438084648680713600, -0.1037984988290098100, 0.2687810087831701800 ) ) ;
#3781 = CONICAL_SURFACE ( 'NONE', #2290, 0.1407812500000000800, 0.7853981633974557200 ) ;
#3782 = CARTESIAN_POINT ( 'NONE',  ( -0.2189307921375865400, -1.401796795299716600E-017, 0.04745862962327246400 ) ) ;
#3783 = EDGE_CURVE ( 'NONE', #913, #2006, #1575, .T. ) ;
#3784 = CARTESIAN_POINT ( 'NONE',  ( 0.1436285421260782600, 0.1043522440900053900, 0.07197239855281441200 ) ) ;
#3785 = DIRECTION ( 'NONE',  ( 0.7071067811865512400, 8.659560562354979700E-017, -0.7071067811865436900 ) ) ;
#3786 = CARTESIAN_POINT ( 'NONE',  ( -0.1436285421260782800, 0.1043522440900053500, 0.09559444579690887200 ) ) ;
#3787 = CARTESIAN_POINT ( 'NONE',  ( 0.0000000000000000000, 0.1968503937007874100, -0.1599409448818899800 ) ) ;
#3788 = CARTESIAN_POINT ( 'NONE',  ( 0.0000000000000000000, 0.2082155564801114700, -0.2871870396680663000 ) ) ;
#3789 = ORIENTED_EDGE ( 'NONE', *, *, #952, .F. ) ;
#3790 = PERSON ( 'UNSPECIFIED', 'UNSPECIFIED', 'UNSPECIFIED', ('UNSPECIFIED'), ('UNSPECIFIED'), ('UNSPECIFIED') ) ;
#3791 = CARTESIAN_POINT ( 'NONE',  ( 2.067760738647403800E-017, -0.1688454777399540100, -0.3492874439668708400 ) ) ;
#3792 = CARTESIAN_POINT ( 'NONE',  ( 0.1906403532709069200, -1.531456786676841300E-017, 0.2944789359480723400 ) ) ;
#3793 = CARTESIAN_POINT ( 'NONE',  ( 0.1980247617844316000, -0.06434214544559109500, -0.07458861447121581400 ) ) ;
#3794 = DIRECTION ( 'NONE',  ( -0.0000000000000000000, 1.881251777004309100E-018, 1.000000000000000000 ) ) ;
#3795 = CARTESIAN_POINT ( 'NONE',  ( -0.1605815918515516000, 0.05217612204500267400, -0.1366890187700203800 ) ) ;
#3796 = APPROVAL_STATUS ( 'not_yet_approved' ) ;
#3797 = CARTESIAN_POINT ( 'NONE',  ( 0.1460527809901266700, 0.1319797812742733700, -0.3006889763779526100 ) ) ;
#3798 = ORIENTED_EDGE ( 'NONE', *, *, #471, .T. ) ;
#3799 = CARTESIAN_POINT ( 'NONE',  ( 0.09924488173182204100, 0.1365988609149797500, 0.1546495639071451300 ) ) ;
#3800 = CARTESIAN_POINT ( 'NONE',  ( 0.06396057012457538600, -0.1968503937007964600, 0.06803539067879790800 ) ) ;
#3801 = CARTESIAN_POINT ( 'NONE',  ( 0.4217187500000002500, 2.578744229469662300E-017, -0.3125000000000000000 ) ) ;
#3802 = ORIENTED_EDGE ( 'NONE', *, *, #2158, .F. ) ;
#3803 = CARTESIAN_POINT ( 'NONE',  ( 0.1223860333968799900, 0.1684499236856469000, -0.2163208979357827700 ) ) ;
#3804 = CARTESIAN_POINT ( 'NONE',  ( 0.0000000000000000000, 0.2082155564801114700, 0.2307145563311169300 ) ) ;
#3805 = CARTESIAN_POINT ( 'NONE',  ( 0.1872158496644003300, -0.06083011700294235100, -0.2351142156204139000 ) ) ;
#3806 = ORIENTED_EDGE ( 'NONE', *, *, #560, .T. ) ;
#3807 = DIRECTION ( 'NONE',  ( 0.0000000000000000000, 1.000000000000000000, 0.0000000000000000000 ) ) ;
#3808 = CARTESIAN_POINT ( 'NONE',  ( 2.410722045565656100E-017, 0.1968503937007874100, 0.3125000000000000000 ) ) ;
#3809 = CARTESIAN_POINT ( 'NONE',  ( 0.05486122133756580300, 0.1688454777399540400, 0.001106256820530933500 ) ) ;
#3810 = ORIENTED_EDGE ( 'NONE', *, *, #919, .T. ) ;
#3811 = ORIENTED_EDGE ( 'NONE', *, *, #2011, .T. ) ;
#3812 =( BOUNDED_CURVE ( )  B_SPLINE_CURVE ( 2, ( #2461, #639, #3324, #3074, #1232, #318, #3337, #32, #1217, #357, #650 ),
 .UNSPECIFIED., .F., .T. ) 
 B_SPLINE_CURVE_WITH_KNOTS ( ( 3, 2, 2, 2, 2, 3 ),
 ( 0.6597330291552568900, 0.6708441402663679600, 0.6819552513774791400, 0.6930663624885903300, 0.7041774735997014000, 0.7152885847108124700 ),
 .UNSPECIFIED. ) 
 CURVE ( )  GEOMETRIC_REPRESENTATION_ITEM ( )  RATIONAL_B_SPLINE_CURVE ( ( 1.000000000000011300, 0.9510565162951422100, 1.000000000000000000, 0.9510565162951534200, 1.000000000000000000, 0.9510565162951534200, 1.000000000000000000, 0.9510565162951534200, 1.000000000000000000, 0.9510565162951646300, 0.9999999999999887900 ) ) 
 REPRESENTATION_ITEM ( '' )  );
#3813 = CARTESIAN_POINT ( 'NONE',  ( 0.0000000000000000000, 1.175782360627693200E-018, 0.3125000000000000000 ) ) ;
#3814 = ORIENTED_EDGE ( 'NONE', *, *, #2905, .T. ) ;
#3815 = CARTESIAN_POINT ( 'NONE',  ( -0.1436285421260782800, 0.1043522440900053500, 0.1743346032772238900 ) ) ;
#3816 = CARTESIAN_POINT ( 'NONE',  ( 0.09924488173182204100, 0.1365988609149797500, -0.1603110660141148500 ) ) ;
#3817 = CARTESIAN_POINT ( 'NONE',  ( 0.5625000000000001100, 2.578744229469662300E-017, 0.08578124999999976700 ) ) ;
#3818 = VECTOR ( 'NONE', #1168, 39.37007874015748100 ) ;
#3819 = CARTESIAN_POINT ( 'NONE',  ( -0.1771187314312765700, 0.1286842908911822700, -0.3541161735263340100 ) ) ;
#3820 = CARTESIAN_POINT ( 'NONE',  ( -0.06765333536248334400, -0.2082155564801114500, 0.1874074697169436900 ) ) ;
#3821 = CARTESIAN_POINT ( 'NONE',  ( -0.09924488173182202700, -0.1365988609149796600, -0.2662401574803149900 ) ) ;
#3822 = LINE ( 'NONE', #1395, #3729 ) ;
#3823 = CARTESIAN_POINT ( 'NONE',  ( 0.0000000000000000000, -1.128248348665371200E-034, -0.3125000000000000000 ) ) ;
#3824 = EDGE_CURVE ( 'NONE', #775, #2593, #3120, .T. ) ;
#3825 = CARTESIAN_POINT ( 'NONE',  ( 0.1605815918515515800, 0.05217612204500271500, -0.3256653967227763900 ) ) ;
#3826 = CARTESIAN_POINT ( 'NONE',  ( -0.09279872738779752800, 0.1583985939789300200, -0.2871841348112554900 ) ) ;
#3827 = CONICAL_SURFACE ( 'NONE', #3576, 0.1407812500000000800, 0.7853981633974557200 ) ;
#3828 = DIRECTION ( 'NONE',  ( 0.0000000000000000000, 1.000000000000000000, 0.0000000000000000000 ) ) ;
#3829 = CARTESIAN_POINT ( 'NONE',  ( 0.1436285421260782600, -0.1043522440900053100, -0.02251579042356361600 ) ) ;
#3830 = CARTESIAN_POINT ( 'NONE',  ( 0.0000000000000000000, 0.1688454777399540600, -0.3099173652267133100 ) ) ;
#3831 = DIRECTION ( 'NONE',  ( 0.0000000000000000000, -1.000000000000000000, 0.0000000000000000000 ) ) ;
#3832 = CARTESIAN_POINT ( 'NONE',  ( -0.1436285421260782800, 0.1043522440900053500, 0.1077755905511812000 ) ) ;
#3833 = CARTESIAN_POINT ( 'NONE',  ( 0.06765333536248338600, -0.2082155564801113900, 0.2740216429452901900 ) ) ;
#3834 = CARTESIAN_POINT ( 'NONE',  ( 4.146577521487988800E-017, 0.3334374999999996600, -0.3125000000000000000 ) ) ;
#3835 = ADVANCED_FACE ( 'NONE', ( #408 ), #1861, .F. ) ;
#3836 = CARTESIAN_POINT ( 'NONE',  ( -0.1775346415770249200, -6.413618460845107500E-018, -0.2902323258566346100 ) ) ;
#3837 =( BOUNDED_CURVE ( )  B_SPLINE_CURVE ( 2, ( #747, #3177, #1039, #1340, #2252, #3191, #3169, #1940, #2866, #1382, #454 ),
 .UNSPECIFIED., .F., .T. ) 
 B_SPLINE_CURVE_WITH_KNOTS ( ( 3, 2, 2, 2, 2, 3 ),
 ( 0.5000000000000000000, 0.5111111111111110700, 0.5222222222222222500, 0.5333333333333333300, 0.5444444444444444000, 0.5555555555555555800 ),
 .UNSPECIFIED. ) 
 CURVE ( )  GEOMETRIC_REPRESENTATION_ITEM ( )  RATIONAL_B_SPLINE_CURVE ( ( 1.000000000000000000, 0.9510565162951534200, 1.000000000000000000, 0.9510565162951534200, 1.000000000000000000, 0.9510565162951534200, 1.000000000000000000, 0.9510565162951534200, 1.000000000000000000, 0.9510565162951534200, 1.000000000000000000 ) ) 
 REPRESENTATION_ITEM ( '' )  );
#3838 = DIRECTION ( 'NONE',  ( 0.0000000000000000000, 1.000000000000000000, 0.0000000000000000000 ) ) ;
#3839 = CARTESIAN_POINT ( 'NONE',  ( 0.05486122133756583800, -0.1688454777399539500, 0.1270905087890349100 ) ) ;
#3840 = CARTESIAN_POINT ( 'NONE',  ( -0.1605815918515516000, 0.05217612204500267400, -0.2941693337306503000 ) ) ;
#3841 = CARTESIAN_POINT ( 'NONE',  ( 0.06396057012458769600, -0.1968503937007874700, 0.2770669291338582800 ) ) ;
#3842 = EDGE_LOOP ( 'NONE', ( #1546, #1104 ) ) ;
#3843 = PERSON_AND_ORGANIZATION ( #3790, #1160 ) ;
#3844 = CARTESIAN_POINT ( 'NONE',  ( -0.1436285421260782300, -0.1043522440900053500, 0.2810039370078741800 ) ) ;
#3845 = FACE_OUTER_BOUND ( 'NONE', #3012, .T. ) ;
#3846 = CARTESIAN_POINT ( 'NONE',  ( 0.06765333536248335800, 0.2082155564801114700, 0.2267775484571011000 ) ) ;
#3847 = CARTESIAN_POINT ( 'NONE',  ( 0.0000000000000000000, 0.1688454777399540600, 0.1625235796551772700 ) ) ;
#3848 = CARTESIAN_POINT ( 'NONE',  ( -0.1872158496644003300, 0.06083011700294239200, -0.2229330708661419700 ) ) ;
#3849 = EDGE_CURVE ( 'NONE', #3426, #789, #718, .T. ) ;
#3850 = ORIENTED_EDGE ( 'NONE', *, *, #1853, .T. ) ;
#3851 = CARTESIAN_POINT ( 'NONE',  ( 0.1775346415770249200, 3.706982764817010900E-017, -0.2508622471164770300 ) ) ;
#3852 = ADVANCED_FACE ( 'NONE', ( #2862 ), #2674, .T. ) ;
#3853 = AXIS2_PLACEMENT_3D ( 'NONE', #3641, #1518, #922 ) ;
#3854 = DIRECTION ( 'NONE',  ( -1.000000000000000000, 0.0000000000000000000, 0.0000000000000000000 ) ) ;
#3855 = CARTESIAN_POINT ( 'NONE',  ( -0.05486122133756586600, 0.1688454777399540400, -0.3059803573526976300 ) ) ;
#3856 = CARTESIAN_POINT ( 'NONE',  ( -0.2069807528028085300, -1.182278133984402800E-017, 0.04441334343470437100 ) ) ;
#3857 = VERTEX_POINT ( 'NONE', #3738 ) ;
#3858 = CARTESIAN_POINT ( 'NONE',  ( 0.1605815918515515800, 0.05217612204500271500, 0.2376968503937009800 ) ) ;
#3859 = ORIENTED_EDGE ( 'NONE', *, *, #3171, .F. ) ;
#3860 = EDGE_CURVE ( 'NONE', #473, #460, #3465, .T. ) ;
#3861 = CARTESIAN_POINT ( 'NONE',  ( -0.1980247617844315700, -0.06434214544559115100, 0.01811613113426642100 ) ) ;
#3862 = CARTESIAN_POINT ( 'NONE',  ( -0.05486122133756579000, -0.1688454777399540100, 0.1192164930410040400 ) ) ;
#3863 = CARTESIAN_POINT ( 'NONE',  ( -0.1872158496644002500, -0.06083011700294239900, -0.2150590551181104600 ) ) ;
#3864 = VERTEX_POINT ( 'NONE', #2538 ) ;
#3865 = CARTESIAN_POINT ( 'NONE',  ( 0.06765333536248335800, 0.2082155564801114700, -0.1336437325814519800 ) ) ;
#3866 = CARTESIAN_POINT ( 'NONE',  ( -0.1157057583252899500, -0.1592553138533360800, -0.1012559479038783900 ) ) ;
#3867 = VECTOR ( 'NONE', #468, 39.37007874015748100 ) ;
#3868 = CARTESIAN_POINT ( 'NONE',  ( -0.1918675219398484900, -0.01051769327910306900, -0.2957061046170139100 ) ) ;
#3869 = VECTOR ( 'NONE', #3156, 39.37007874015748900 ) ;
#3870 = CARTESIAN_POINT ( 'NONE',  ( 0.09924488173182205400, -0.1365988609149796600, 0.06446850393700798200 ) ) ;
#3871 = CARTESIAN_POINT ( 'NONE',  ( 0.0000000000000000000, 0.2082155564801114700, 0.07323424137048693800 ) ) ;
#3872 = CARTESIAN_POINT ( 'NONE',  ( 0.05486122133756580300, 0.1688454777399540400, 0.07984641430084651900 ) ) ;
#3873 = CARTESIAN_POINT ( 'NONE',  ( 0.0000000000000000000, 0.1968503937007874100, 0.2609487765055706300 ) ) ;
#3874 = LINE ( 'NONE', #937, #1561 ) ;
#3875 = CARTESIAN_POINT ( 'NONE',  ( 0.1771187314312765700, -0.1286842908911822200, -0.07852562234523152700 ) ) ;
#3876 = ADVANCED_FACE ( 'NONE', ( #1251 ), #3753, .F. ) ;
#3877 = AXIS2_PLACEMENT_3D ( 'NONE', #2093, #590, #2700 ) ;
#3878 = CARTESIAN_POINT ( 'NONE',  ( -0.1328125000000000000, 0.5625000000000001100, 0.08578124999999983700 ) ) ;
#3879 = CARTESIAN_POINT ( 'NONE',  ( 2.410722045565655500E-017, -0.1968503937007873000, 0.2731299212598424800 ) ) ;
#3880 = DIRECTION ( 'NONE',  ( -0.7071067811865486800, 8.659560562354947600E-017, 0.7071067811865462400 ) ) ;
#3881 = AXIS2_PLACEMENT_3D ( 'NONE', #93, #2196, #407 ) ;
#3882 = CARTESIAN_POINT ( 'NONE',  ( -0.09924488173182208200, 0.1365988609149797200, 0.02509842519685049800 ) ) ;
#3883 = CARTESIAN_POINT ( 'NONE',  ( 0.1980247617844315700, 0.06434214544559117800, -0.09999410508620605600 ) ) ;
#3884 = CARTESIAN_POINT ( 'NONE',  ( -0.1605815918515515800, -0.05217612204500268700, 0.1074054694189568000 ) ) ;
#3885 = DIRECTION ( 'NONE',  ( -1.000000000000000000, 0.0000000000000000000, 0.0000000000000000000 ) ) ;
#3886 =( BOUNDED_CURVE ( )  B_SPLINE_CURVE ( 2, ( #2770, #2176, #1563, #3378, #3078, #3688, #1587, #386, #956, #113, #687 ),
 .UNSPECIFIED., .F., .T. ) 
 B_SPLINE_CURVE_WITH_KNOTS ( ( 3, 2, 2, 2, 2, 3 ),
 ( 0.8819552513774792100, 0.8930663624885902800, 0.9041774735997013500, 0.9152885847108124300, 0.9263996958219236100, 0.9375108069330346800 ),
 .UNSPECIFIED. ) 
 CURVE ( )  GEOMETRIC_REPRESENTATION_ITEM ( )  RATIONAL_B_SPLINE_CURVE ( ( 1.000000000000011300, 0.9510565162951422100, 1.000000000000000000, 0.9510565162951534200, 1.000000000000000000, 0.9510565162951534200, 1.000000000000000000, 0.9510565162951534200, 1.000000000000000000, 0.9510565162951646300, 0.9999999999999887900 ) ) 
 REPRESENTATION_ITEM ( '' )  );
#3887 = ORIENTED_EDGE ( 'NONE', *, *, #3583, .T. ) ;
#3888 = DIRECTION ( 'NONE',  ( 0.0000000000000000000, 0.0000000000000000000, 1.000000000000000000 ) ) ;
#3889 = CONICAL_SURFACE ( 'NONE', #1233, 0.1328125000000000000, 0.7853981633974579400 ) ;
#3890 = CARTESIAN_POINT ( 'NONE',  ( 0.5625000000000001100, 2.578744229469662300E-017, -0.3125000000000000000 ) ) ;
#3891 = CARTESIAN_POINT ( 'NONE',  ( -0.08307734112048348300, 0.1483452667423710300, -0.3822176323584096100 ) ) ;
#3892 = DIRECTION ( 'NONE',  ( 0.7071067811865542300, 0.0000000000000000000, 0.7071067811865405800 ) ) ;
#3893 = ADVANCED_FACE ( 'NONE', ( #2956 ), #1672, .T. ) ;
#3894 = ORIENTED_EDGE ( 'NONE', *, *, #52, .F. ) ;
#3895 = LINE ( 'NONE', #3752, #1775 ) ;
#3896 = CARTESIAN_POINT ( 'NONE',  ( -0.1436285421260782300, -0.1043522440900053500, 0.04478346456692922800 ) ) ;
#3897 = CARTESIAN_POINT ( 'NONE',  ( 0.1771187314312765700, -0.1286842908911822200, 0.04567518625237668900 ) ) ;
#3898 = CARTESIAN_POINT ( 'NONE',  ( -0.1605815918515516000, 0.05217612204500267400, 0.2570117686315552800 ) ) ;
#3899 = EDGE_CURVE ( 'NONE', #3670, #3574, #772, .T. ) ;
#3900 = ORIENTED_EDGE ( 'NONE', *, *, #3749, .T. ) ;
ENDSEC;
END-ISO-10303-21;
