ISO-10303-21;
HEADER;
/* Generated by software containing ST-Developer
 * from STEP Tools, Inc. (www.steptools.com) 
 */

FILE_DESCRIPTION(
/* description */ ('',
'CAx-IF Rec.Pracs.---Representation and Presentation of Product Manufa
cturing Information (PMI)---4.0---2014-10-13'),
/* implementation_level */ '2;1');

FILE_NAME(
/* name */ 'GT2_36T_8mm-Bore_6mm-Belt v2.step',
/* time_stamp */ '2025-01-11T10:36:17-08:00',
/* author */ (''),
/* organization */ (''),
/* preprocessor_version */ 'ST-DEVELOPER v20',
/* originating_system */ 'Autodesk Translation Framework v13.20.0.188',

/* authorisation */ '');

FILE_SCHEMA (('AP242_MANAGED_MODEL_BASED_3D_ENGINEERING_MIM_LF { 1 0 10303 442 1 1 4 }'));
ENDSEC;

DATA;
#10=MECHANICAL_DESIGN_GEOMETRIC_PRESENTATION_REPRESENTATION('',(#17),#8239);
#11=SHAPE_REPRESENTATION_RELATIONSHIP('SRR','None',#8249,#12);
#12=ADVANCED_BREP_SHAPE_REPRESENTATION('',(#18),#8237);
#13=ITEM_DEFINED_TRANSFORMATION($,$,#4384,#5064);
#14=(
REPRESENTATION_RELATIONSHIP($,$,#8250,#8249)
REPRESENTATION_RELATIONSHIP_WITH_TRANSFORMATION(#13)
SHAPE_REPRESENTATION_RELATIONSHIP()
);
#15=CONTEXT_DEPENDENT_SHAPE_REPRESENTATION(#14,#8248);
#16=NEXT_ASSEMBLY_USAGE_OCCURRENCE('GT2 Timing Pulley v2 v1:1',
'GT2 Timing Pulley v2 v1:1','GT2 Timing Pulley v2 v1:1',#8252,#8253,
'GT2 Timing Pulley v2 v1:1');
#17=STYLED_ITEM('',(#8263),#18);
#18=MANIFOLD_SOLID_BREP('Body1',#4370);
#19=PLANE('',#5043);
#20=PLANE('',#5048);
#21=PLANE('',#5052);
#22=PLANE('',#5054);
#23=PLANE('',#5059);
#24=PLANE('',#5063);
#25=B_SPLINE_SURFACE_WITH_KNOTS('',3,3,((#8057,#8058,#8059,#8060,#8061,
#8062,#8063,#8064,#8065,#8066,#8067,#8068,#8069,#8070,#8071,#8072,#8073,
#8074,#8075),(#8076,#8077,#8078,#8079,#8080,#8081,#8082,#8083,#8084,#8085,
#8086,#8087,#8088,#8089,#8090,#8091,#8092,#8093,#8094),(#8095,#8096,#8097,
#8098,#8099,#8100,#8101,#8102,#8103,#8104,#8105,#8106,#8107,#8108,#8109,
#8110,#8111,#8112,#8113),(#8114,#8115,#8116,#8117,#8118,#8119,#8120,#8121,
#8122,#8123,#8124,#8125,#8126,#8127,#8128,#8129,#8130,#8131,#8132)),
 .UNSPECIFIED.,.F.,.T.,.F.,(4,4),(4,1,1,1,1,1,1,1,1,1,1,1,1,1,1,1,4),(0.,
1.),(0.,0.0726941540081451,0.14538830801629,0.181735385020363,0.218082462024435,
0.29077661603258,0.363470770040725,0.436164924048871,0.508859078057016,
0.581553232065161,0.617900309069233,0.654247386073306,0.726941540081451,
0.799635694089596,0.872329848097741,0.945024002105886,1.01771815611403),
 .UNSPECIFIED.);
#26=FACE_BOUND('',#498,.T.);
#27=FACE_BOUND('',#499,.T.);
#28=FACE_BOUND('',#504,.T.);
#29=FACE_BOUND('',#506,.T.);
#30=FACE_BOUND('',#507,.T.);
#31=FACE_BOUND('',#510,.T.);
#32=FACE_BOUND('',#513,.T.);
#33=FACE_BOUND('',#515,.T.);
#34=FACE_BOUND('',#519,.T.);
#35=FACE_BOUND('',#522,.T.);
#36=CONICAL_SURFACE('',#5034,4.15,0.785398163397447);
#37=CONICAL_SURFACE('',#5040,7.85,0.785398163397448);
#38=CONICAL_SURFACE('',#5047,4.15,0.785398163397447);
#39=CONICAL_SURFACE('',#5055,4.1,0.785398163397449);
#40=B_SPLINE_CURVE_WITH_KNOTS('',3,(#7957,#7958,#7959,#7960,#7961,#7962,
#7963,#7964,#7965,#7966,#7967,#7968,#7969,#7970,#7971,#7972,#7973,#7974,
#7975,#7976,#7977,#7978,#7979,#7980,#7981,#7982,#7983,#7984,#7985,#7986,
#7987,#7988,#7989,#7990),.UNSPECIFIED.,.T.,.F.,(4,2,2,2,2,2,2,2,2,2,2,2,
2,2,2,2,4),(0.,0.0636457722776078,0.127291544555216,0.190860541791862,0.254429539028508,
0.317998536265154,0.3815675335018,0.445213305779408,0.508859078057016,0.572504850334624,
0.636150622612231,0.699719619848877,0.763288617085524,0.82685761432217,
0.890426611558816,0.954072383836424,1.01771815611403),.UNSPECIFIED.);
#41=B_SPLINE_CURVE_WITH_KNOTS('',3,(#7993,#7994,#7995,#7996,#7997,#7998,
#7999,#8000,#8001,#8002,#8003,#8004,#8005,#8006,#8007,#8008,#8009,#8010,
#8011,#8012,#8013,#8014,#8015,#8016,#8017,#8018,#8019,#8020,#8021,#8022,
#8023,#8024,#8025,#8026),.UNSPECIFIED.,.T.,.F.,(4,2,2,2,2,2,2,2,2,2,2,2,
2,2,2,2,4),(0.,0.0629567415461821,0.125913483092364,0.18886606432736,0.251818645562356,
0.314771226797351,0.377723808032347,0.440680549578529,0.503637291124711,
0.566594032670893,0.629550774217075,0.692503355452071,0.755455936687066,
0.818408517922062,0.881361099157058,0.94431784070324,1.00727458224942),
 .UNSPECIFIED.);
#42=B_SPLINE_CURVE_WITH_KNOTS('',3,(#8038,#8039,#8040,#8041,#8042,#8043,
#8044,#8045,#8046,#8047,#8048,#8049,#8050,#8051,#8052,#8053,#8054,#8055,
#8056),.UNSPECIFIED.,.T.,.F.,(4,1,1,1,1,1,1,1,1,1,1,1,1,1,1,1,4),(-1.01771815611403,
-0.945024002105886,-0.872329848097741,-0.799635694089596,-0.726941540081451,
-0.654247386073306,-0.617900309069233,-0.581553232065161,-0.508859078057016,
-0.436164924048871,-0.363470770040725,-0.29077661603258,-0.218082462024435,
-0.181735385020363,-0.14538830801629,-0.0726941540081451,0.),
 .UNSPECIFIED.);
#43=B_SPLINE_CURVE_WITH_KNOTS('',3,(#8135,#8136,#8137,#8138,#8139,#8140,
#8141,#8142,#8143,#8144,#8145,#8146,#8147,#8148,#8149,#8150,#8151,#8152,
#8153),.UNSPECIFIED.,.T.,.F.,(4,1,1,1,1,1,1,1,1,1,1,1,1,1,1,1,4),(0.,0.0726941540081451,
0.14538830801629,0.181735385020363,0.218082462024435,0.29077661603258,0.363470770040725,
0.436164924048871,0.508859078057016,0.581553232065161,0.617900309069233,
0.654247386073306,0.726941540081451,0.799635694089596,0.872329848097741,
0.945024002105886,1.01771815611403),.UNSPECIFIED.);
#44=B_SPLINE_CURVE_WITH_KNOTS('',3,(#8157,#8158,#8159,#8160,#8161,#8162,
#8163,#8164,#8165,#8166,#8167,#8168,#8169,#8170,#8171,#8172,#8173,#8174,
#8175,#8176,#8177,#8178,#8179,#8180,#8181,#8182,#8183,#8184,#8185,#8186,
#8187,#8188,#8189,#8190),.UNSPECIFIED.,.T.,.F.,(4,2,2,2,2,2,2,2,2,2,2,2,
2,2,2,2,4),(0.,0.0629567415461821,0.125913483092364,0.18886606432736,0.251818645562355,
0.314771226797351,0.377723808032347,0.440680549578529,0.503637291124711,
0.566594032670893,0.629550774217075,0.692503355452071,0.755455936687066,
0.818408517922062,0.881361099157058,0.94431784070324,1.00727458224942),
 .UNSPECIFIED.);
#45=FACE_OUTER_BOUND('',#279,.T.);
#46=FACE_OUTER_BOUND('',#280,.T.);
#47=FACE_OUTER_BOUND('',#281,.T.);
#48=FACE_OUTER_BOUND('',#282,.T.);
#49=FACE_OUTER_BOUND('',#283,.T.);
#50=FACE_OUTER_BOUND('',#284,.T.);
#51=FACE_OUTER_BOUND('',#285,.T.);
#52=FACE_OUTER_BOUND('',#286,.T.);
#53=FACE_OUTER_BOUND('',#287,.T.);
#54=FACE_OUTER_BOUND('',#288,.T.);
#55=FACE_OUTER_BOUND('',#289,.T.);
#56=FACE_OUTER_BOUND('',#290,.T.);
#57=FACE_OUTER_BOUND('',#291,.T.);
#58=FACE_OUTER_BOUND('',#292,.T.);
#59=FACE_OUTER_BOUND('',#293,.T.);
#60=FACE_OUTER_BOUND('',#294,.T.);
#61=FACE_OUTER_BOUND('',#295,.T.);
#62=FACE_OUTER_BOUND('',#296,.T.);
#63=FACE_OUTER_BOUND('',#297,.T.);
#64=FACE_OUTER_BOUND('',#298,.T.);
#65=FACE_OUTER_BOUND('',#299,.T.);
#66=FACE_OUTER_BOUND('',#300,.T.);
#67=FACE_OUTER_BOUND('',#301,.T.);
#68=FACE_OUTER_BOUND('',#302,.T.);
#69=FACE_OUTER_BOUND('',#303,.T.);
#70=FACE_OUTER_BOUND('',#304,.T.);
#71=FACE_OUTER_BOUND('',#305,.T.);
#72=FACE_OUTER_BOUND('',#306,.T.);
#73=FACE_OUTER_BOUND('',#307,.T.);
#74=FACE_OUTER_BOUND('',#308,.T.);
#75=FACE_OUTER_BOUND('',#309,.T.);
#76=FACE_OUTER_BOUND('',#310,.T.);
#77=FACE_OUTER_BOUND('',#311,.T.);
#78=FACE_OUTER_BOUND('',#312,.T.);
#79=FACE_OUTER_BOUND('',#313,.T.);
#80=FACE_OUTER_BOUND('',#314,.T.);
#81=FACE_OUTER_BOUND('',#315,.T.);
#82=FACE_OUTER_BOUND('',#316,.T.);
#83=FACE_OUTER_BOUND('',#317,.T.);
#84=FACE_OUTER_BOUND('',#318,.T.);
#85=FACE_OUTER_BOUND('',#319,.T.);
#86=FACE_OUTER_BOUND('',#320,.T.);
#87=FACE_OUTER_BOUND('',#321,.T.);
#88=FACE_OUTER_BOUND('',#322,.T.);
#89=FACE_OUTER_BOUND('',#323,.T.);
#90=FACE_OUTER_BOUND('',#324,.T.);
#91=FACE_OUTER_BOUND('',#325,.T.);
#92=FACE_OUTER_BOUND('',#326,.T.);
#93=FACE_OUTER_BOUND('',#327,.T.);
#94=FACE_OUTER_BOUND('',#328,.T.);
#95=FACE_OUTER_BOUND('',#329,.T.);
#96=FACE_OUTER_BOUND('',#330,.T.);
#97=FACE_OUTER_BOUND('',#331,.T.);
#98=FACE_OUTER_BOUND('',#332,.T.);
#99=FACE_OUTER_BOUND('',#333,.T.);
#100=FACE_OUTER_BOUND('',#334,.T.);
#101=FACE_OUTER_BOUND('',#335,.T.);
#102=FACE_OUTER_BOUND('',#336,.T.);
#103=FACE_OUTER_BOUND('',#337,.T.);
#104=FACE_OUTER_BOUND('',#338,.T.);
#105=FACE_OUTER_BOUND('',#339,.T.);
#106=FACE_OUTER_BOUND('',#340,.T.);
#107=FACE_OUTER_BOUND('',#341,.T.);
#108=FACE_OUTER_BOUND('',#342,.T.);
#109=FACE_OUTER_BOUND('',#343,.T.);
#110=FACE_OUTER_BOUND('',#344,.T.);
#111=FACE_OUTER_BOUND('',#345,.T.);
#112=FACE_OUTER_BOUND('',#346,.T.);
#113=FACE_OUTER_BOUND('',#347,.T.);
#114=FACE_OUTER_BOUND('',#348,.T.);
#115=FACE_OUTER_BOUND('',#349,.T.);
#116=FACE_OUTER_BOUND('',#350,.T.);
#117=FACE_OUTER_BOUND('',#351,.T.);
#118=FACE_OUTER_BOUND('',#352,.T.);
#119=FACE_OUTER_BOUND('',#353,.T.);
#120=FACE_OUTER_BOUND('',#354,.T.);
#121=FACE_OUTER_BOUND('',#355,.T.);
#122=FACE_OUTER_BOUND('',#356,.T.);
#123=FACE_OUTER_BOUND('',#357,.T.);
#124=FACE_OUTER_BOUND('',#358,.T.);
#125=FACE_OUTER_BOUND('',#359,.T.);
#126=FACE_OUTER_BOUND('',#360,.T.);
#127=FACE_OUTER_BOUND('',#361,.T.);
#128=FACE_OUTER_BOUND('',#362,.T.);
#129=FACE_OUTER_BOUND('',#363,.T.);
#130=FACE_OUTER_BOUND('',#364,.T.);
#131=FACE_OUTER_BOUND('',#365,.T.);
#132=FACE_OUTER_BOUND('',#366,.T.);
#133=FACE_OUTER_BOUND('',#367,.T.);
#134=FACE_OUTER_BOUND('',#368,.T.);
#135=FACE_OUTER_BOUND('',#369,.T.);
#136=FACE_OUTER_BOUND('',#370,.T.);
#137=FACE_OUTER_BOUND('',#371,.T.);
#138=FACE_OUTER_BOUND('',#372,.T.);
#139=FACE_OUTER_BOUND('',#373,.T.);
#140=FACE_OUTER_BOUND('',#374,.T.);
#141=FACE_OUTER_BOUND('',#375,.T.);
#142=FACE_OUTER_BOUND('',#376,.T.);
#143=FACE_OUTER_BOUND('',#377,.T.);
#144=FACE_OUTER_BOUND('',#378,.T.);
#145=FACE_OUTER_BOUND('',#379,.T.);
#146=FACE_OUTER_BOUND('',#380,.T.);
#147=FACE_OUTER_BOUND('',#381,.T.);
#148=FACE_OUTER_BOUND('',#382,.T.);
#149=FACE_OUTER_BOUND('',#383,.T.);
#150=FACE_OUTER_BOUND('',#384,.T.);
#151=FACE_OUTER_BOUND('',#385,.T.);
#152=FACE_OUTER_BOUND('',#386,.T.);
#153=FACE_OUTER_BOUND('',#387,.T.);
#154=FACE_OUTER_BOUND('',#388,.T.);
#155=FACE_OUTER_BOUND('',#389,.T.);
#156=FACE_OUTER_BOUND('',#390,.T.);
#157=FACE_OUTER_BOUND('',#391,.T.);
#158=FACE_OUTER_BOUND('',#392,.T.);
#159=FACE_OUTER_BOUND('',#393,.T.);
#160=FACE_OUTER_BOUND('',#394,.T.);
#161=FACE_OUTER_BOUND('',#395,.T.);
#162=FACE_OUTER_BOUND('',#396,.T.);
#163=FACE_OUTER_BOUND('',#397,.T.);
#164=FACE_OUTER_BOUND('',#398,.T.);
#165=FACE_OUTER_BOUND('',#399,.T.);
#166=FACE_OUTER_BOUND('',#400,.T.);
#167=FACE_OUTER_BOUND('',#401,.T.);
#168=FACE_OUTER_BOUND('',#402,.T.);
#169=FACE_OUTER_BOUND('',#403,.T.);
#170=FACE_OUTER_BOUND('',#404,.T.);
#171=FACE_OUTER_BOUND('',#405,.T.);
#172=FACE_OUTER_BOUND('',#406,.T.);
#173=FACE_OUTER_BOUND('',#407,.T.);
#174=FACE_OUTER_BOUND('',#408,.T.);
#175=FACE_OUTER_BOUND('',#409,.T.);
#176=FACE_OUTER_BOUND('',#410,.T.);
#177=FACE_OUTER_BOUND('',#411,.T.);
#178=FACE_OUTER_BOUND('',#412,.T.);
#179=FACE_OUTER_BOUND('',#413,.T.);
#180=FACE_OUTER_BOUND('',#414,.T.);
#181=FACE_OUTER_BOUND('',#415,.T.);
#182=FACE_OUTER_BOUND('',#416,.T.);
#183=FACE_OUTER_BOUND('',#417,.T.);
#184=FACE_OUTER_BOUND('',#418,.T.);
#185=FACE_OUTER_BOUND('',#419,.T.);
#186=FACE_OUTER_BOUND('',#420,.T.);
#187=FACE_OUTER_BOUND('',#421,.T.);
#188=FACE_OUTER_BOUND('',#422,.T.);
#189=FACE_OUTER_BOUND('',#423,.T.);
#190=FACE_OUTER_BOUND('',#424,.T.);
#191=FACE_OUTER_BOUND('',#425,.T.);
#192=FACE_OUTER_BOUND('',#426,.T.);
#193=FACE_OUTER_BOUND('',#427,.T.);
#194=FACE_OUTER_BOUND('',#428,.T.);
#195=FACE_OUTER_BOUND('',#429,.T.);
#196=FACE_OUTER_BOUND('',#430,.T.);
#197=FACE_OUTER_BOUND('',#431,.T.);
#198=FACE_OUTER_BOUND('',#432,.T.);
#199=FACE_OUTER_BOUND('',#433,.T.);
#200=FACE_OUTER_BOUND('',#434,.T.);
#201=FACE_OUTER_BOUND('',#435,.T.);
#202=FACE_OUTER_BOUND('',#436,.T.);
#203=FACE_OUTER_BOUND('',#437,.T.);
#204=FACE_OUTER_BOUND('',#438,.T.);
#205=FACE_OUTER_BOUND('',#439,.T.);
#206=FACE_OUTER_BOUND('',#440,.T.);
#207=FACE_OUTER_BOUND('',#441,.T.);
#208=FACE_OUTER_BOUND('',#442,.T.);
#209=FACE_OUTER_BOUND('',#443,.T.);
#210=FACE_OUTER_BOUND('',#444,.T.);
#211=FACE_OUTER_BOUND('',#445,.T.);
#212=FACE_OUTER_BOUND('',#446,.T.);
#213=FACE_OUTER_BOUND('',#447,.T.);
#214=FACE_OUTER_BOUND('',#448,.T.);
#215=FACE_OUTER_BOUND('',#449,.T.);
#216=FACE_OUTER_BOUND('',#450,.T.);
#217=FACE_OUTER_BOUND('',#451,.T.);
#218=FACE_OUTER_BOUND('',#452,.T.);
#219=FACE_OUTER_BOUND('',#453,.T.);
#220=FACE_OUTER_BOUND('',#454,.T.);
#221=FACE_OUTER_BOUND('',#455,.T.);
#222=FACE_OUTER_BOUND('',#456,.T.);
#223=FACE_OUTER_BOUND('',#457,.T.);
#224=FACE_OUTER_BOUND('',#458,.T.);
#225=FACE_OUTER_BOUND('',#459,.T.);
#226=FACE_OUTER_BOUND('',#460,.T.);
#227=FACE_OUTER_BOUND('',#461,.T.);
#228=FACE_OUTER_BOUND('',#462,.T.);
#229=FACE_OUTER_BOUND('',#463,.T.);
#230=FACE_OUTER_BOUND('',#464,.T.);
#231=FACE_OUTER_BOUND('',#465,.T.);
#232=FACE_OUTER_BOUND('',#466,.T.);
#233=FACE_OUTER_BOUND('',#467,.T.);
#234=FACE_OUTER_BOUND('',#468,.T.);
#235=FACE_OUTER_BOUND('',#469,.T.);
#236=FACE_OUTER_BOUND('',#470,.T.);
#237=FACE_OUTER_BOUND('',#471,.T.);
#238=FACE_OUTER_BOUND('',#472,.T.);
#239=FACE_OUTER_BOUND('',#473,.T.);
#240=FACE_OUTER_BOUND('',#474,.T.);
#241=FACE_OUTER_BOUND('',#475,.T.);
#242=FACE_OUTER_BOUND('',#476,.T.);
#243=FACE_OUTER_BOUND('',#477,.T.);
#244=FACE_OUTER_BOUND('',#478,.T.);
#245=FACE_OUTER_BOUND('',#479,.T.);
#246=FACE_OUTER_BOUND('',#480,.T.);
#247=FACE_OUTER_BOUND('',#481,.T.);
#248=FACE_OUTER_BOUND('',#482,.T.);
#249=FACE_OUTER_BOUND('',#483,.T.);
#250=FACE_OUTER_BOUND('',#484,.T.);
#251=FACE_OUTER_BOUND('',#485,.T.);
#252=FACE_OUTER_BOUND('',#486,.T.);
#253=FACE_OUTER_BOUND('',#487,.T.);
#254=FACE_OUTER_BOUND('',#488,.T.);
#255=FACE_OUTER_BOUND('',#489,.T.);
#256=FACE_OUTER_BOUND('',#490,.T.);
#257=FACE_OUTER_BOUND('',#491,.T.);
#258=FACE_OUTER_BOUND('',#492,.T.);
#259=FACE_OUTER_BOUND('',#493,.T.);
#260=FACE_OUTER_BOUND('',#494,.T.);
#261=FACE_OUTER_BOUND('',#495,.T.);
#262=FACE_OUTER_BOUND('',#496,.T.);
#263=FACE_OUTER_BOUND('',#497,.T.);
#264=FACE_OUTER_BOUND('',#500,.T.);
#265=FACE_OUTER_BOUND('',#501,.T.);
#266=FACE_OUTER_BOUND('',#502,.T.);
#267=FACE_OUTER_BOUND('',#503,.T.);
#268=FACE_OUTER_BOUND('',#505,.T.);
#269=FACE_OUTER_BOUND('',#508,.T.);
#270=FACE_OUTER_BOUND('',#509,.T.);
#271=FACE_OUTER_BOUND('',#511,.T.);
#272=FACE_OUTER_BOUND('',#512,.T.);
#273=FACE_OUTER_BOUND('',#514,.T.);
#274=FACE_OUTER_BOUND('',#516,.T.);
#275=FACE_OUTER_BOUND('',#517,.T.);
#276=FACE_OUTER_BOUND('',#518,.T.);
#277=FACE_OUTER_BOUND('',#520,.T.);
#278=FACE_OUTER_BOUND('',#521,.T.);
#279=EDGE_LOOP('',(#2555,#2556,#2557,#2558));
#280=EDGE_LOOP('',(#2559,#2560,#2561,#2562));
#281=EDGE_LOOP('',(#2563,#2564,#2565,#2566));
#282=EDGE_LOOP('',(#2567,#2568,#2569,#2570));
#283=EDGE_LOOP('',(#2571,#2572,#2573,#2574));
#284=EDGE_LOOP('',(#2575,#2576,#2577,#2578));
#285=EDGE_LOOP('',(#2579,#2580,#2581,#2582));
#286=EDGE_LOOP('',(#2583,#2584,#2585,#2586));
#287=EDGE_LOOP('',(#2587,#2588,#2589,#2590));
#288=EDGE_LOOP('',(#2591,#2592,#2593,#2594));
#289=EDGE_LOOP('',(#2595,#2596,#2597,#2598));
#290=EDGE_LOOP('',(#2599,#2600,#2601,#2602));
#291=EDGE_LOOP('',(#2603,#2604,#2605,#2606));
#292=EDGE_LOOP('',(#2607,#2608,#2609,#2610));
#293=EDGE_LOOP('',(#2611,#2612,#2613,#2614));
#294=EDGE_LOOP('',(#2615,#2616,#2617,#2618));
#295=EDGE_LOOP('',(#2619,#2620,#2621,#2622));
#296=EDGE_LOOP('',(#2623,#2624,#2625,#2626));
#297=EDGE_LOOP('',(#2627,#2628,#2629,#2630));
#298=EDGE_LOOP('',(#2631,#2632,#2633,#2634));
#299=EDGE_LOOP('',(#2635,#2636,#2637,#2638));
#300=EDGE_LOOP('',(#2639,#2640,#2641,#2642));
#301=EDGE_LOOP('',(#2643,#2644,#2645,#2646));
#302=EDGE_LOOP('',(#2647,#2648,#2649,#2650));
#303=EDGE_LOOP('',(#2651,#2652,#2653,#2654));
#304=EDGE_LOOP('',(#2655,#2656,#2657,#2658));
#305=EDGE_LOOP('',(#2659,#2660,#2661,#2662));
#306=EDGE_LOOP('',(#2663,#2664,#2665,#2666));
#307=EDGE_LOOP('',(#2667,#2668,#2669,#2670));
#308=EDGE_LOOP('',(#2671,#2672,#2673,#2674));
#309=EDGE_LOOP('',(#2675,#2676,#2677,#2678));
#310=EDGE_LOOP('',(#2679,#2680,#2681,#2682));
#311=EDGE_LOOP('',(#2683,#2684,#2685,#2686));
#312=EDGE_LOOP('',(#2687,#2688,#2689,#2690));
#313=EDGE_LOOP('',(#2691,#2692,#2693,#2694));
#314=EDGE_LOOP('',(#2695,#2696,#2697,#2698));
#315=EDGE_LOOP('',(#2699,#2700,#2701,#2702));
#316=EDGE_LOOP('',(#2703,#2704,#2705,#2706));
#317=EDGE_LOOP('',(#2707,#2708,#2709,#2710));
#318=EDGE_LOOP('',(#2711,#2712,#2713,#2714));
#319=EDGE_LOOP('',(#2715,#2716,#2717,#2718));
#320=EDGE_LOOP('',(#2719,#2720,#2721,#2722));
#321=EDGE_LOOP('',(#2723,#2724,#2725,#2726));
#322=EDGE_LOOP('',(#2727,#2728,#2729,#2730));
#323=EDGE_LOOP('',(#2731,#2732,#2733,#2734));
#324=EDGE_LOOP('',(#2735,#2736,#2737,#2738));
#325=EDGE_LOOP('',(#2739,#2740,#2741,#2742));
#326=EDGE_LOOP('',(#2743,#2744,#2745,#2746));
#327=EDGE_LOOP('',(#2747,#2748,#2749,#2750));
#328=EDGE_LOOP('',(#2751,#2752,#2753,#2754));
#329=EDGE_LOOP('',(#2755,#2756,#2757,#2758));
#330=EDGE_LOOP('',(#2759,#2760,#2761,#2762));
#331=EDGE_LOOP('',(#2763,#2764,#2765,#2766));
#332=EDGE_LOOP('',(#2767,#2768,#2769,#2770));
#333=EDGE_LOOP('',(#2771,#2772,#2773,#2774));
#334=EDGE_LOOP('',(#2775,#2776,#2777,#2778));
#335=EDGE_LOOP('',(#2779,#2780,#2781,#2782));
#336=EDGE_LOOP('',(#2783,#2784,#2785,#2786));
#337=EDGE_LOOP('',(#2787,#2788,#2789,#2790));
#338=EDGE_LOOP('',(#2791,#2792,#2793,#2794));
#339=EDGE_LOOP('',(#2795,#2796,#2797,#2798));
#340=EDGE_LOOP('',(#2799,#2800,#2801,#2802));
#341=EDGE_LOOP('',(#2803,#2804,#2805,#2806));
#342=EDGE_LOOP('',(#2807,#2808,#2809,#2810));
#343=EDGE_LOOP('',(#2811,#2812,#2813,#2814));
#344=EDGE_LOOP('',(#2815,#2816,#2817,#2818));
#345=EDGE_LOOP('',(#2819,#2820,#2821,#2822));
#346=EDGE_LOOP('',(#2823,#2824,#2825,#2826));
#347=EDGE_LOOP('',(#2827,#2828,#2829,#2830));
#348=EDGE_LOOP('',(#2831,#2832,#2833,#2834));
#349=EDGE_LOOP('',(#2835,#2836,#2837,#2838));
#350=EDGE_LOOP('',(#2839,#2840,#2841,#2842));
#351=EDGE_LOOP('',(#2843,#2844,#2845,#2846));
#352=EDGE_LOOP('',(#2847,#2848,#2849,#2850));
#353=EDGE_LOOP('',(#2851,#2852,#2853,#2854));
#354=EDGE_LOOP('',(#2855,#2856,#2857,#2858));
#355=EDGE_LOOP('',(#2859,#2860,#2861,#2862));
#356=EDGE_LOOP('',(#2863,#2864,#2865,#2866));
#357=EDGE_LOOP('',(#2867,#2868,#2869,#2870));
#358=EDGE_LOOP('',(#2871,#2872,#2873,#2874));
#359=EDGE_LOOP('',(#2875,#2876,#2877,#2878));
#360=EDGE_LOOP('',(#2879,#2880,#2881,#2882));
#361=EDGE_LOOP('',(#2883,#2884,#2885,#2886));
#362=EDGE_LOOP('',(#2887,#2888,#2889,#2890));
#363=EDGE_LOOP('',(#2891,#2892,#2893,#2894));
#364=EDGE_LOOP('',(#2895,#2896,#2897,#2898));
#365=EDGE_LOOP('',(#2899,#2900,#2901,#2902));
#366=EDGE_LOOP('',(#2903,#2904,#2905,#2906));
#367=EDGE_LOOP('',(#2907,#2908,#2909,#2910));
#368=EDGE_LOOP('',(#2911,#2912,#2913,#2914));
#369=EDGE_LOOP('',(#2915,#2916,#2917,#2918));
#370=EDGE_LOOP('',(#2919,#2920,#2921,#2922));
#371=EDGE_LOOP('',(#2923,#2924,#2925,#2926));
#372=EDGE_LOOP('',(#2927,#2928,#2929,#2930));
#373=EDGE_LOOP('',(#2931,#2932,#2933,#2934));
#374=EDGE_LOOP('',(#2935,#2936,#2937,#2938));
#375=EDGE_LOOP('',(#2939,#2940,#2941,#2942));
#376=EDGE_LOOP('',(#2943,#2944,#2945,#2946));
#377=EDGE_LOOP('',(#2947,#2948,#2949,#2950));
#378=EDGE_LOOP('',(#2951,#2952,#2953,#2954));
#379=EDGE_LOOP('',(#2955,#2956,#2957,#2958));
#380=EDGE_LOOP('',(#2959,#2960,#2961,#2962));
#381=EDGE_LOOP('',(#2963,#2964,#2965,#2966));
#382=EDGE_LOOP('',(#2967,#2968,#2969,#2970));
#383=EDGE_LOOP('',(#2971,#2972,#2973,#2974));
#384=EDGE_LOOP('',(#2975,#2976,#2977,#2978));
#385=EDGE_LOOP('',(#2979,#2980,#2981,#2982));
#386=EDGE_LOOP('',(#2983,#2984,#2985,#2986));
#387=EDGE_LOOP('',(#2987,#2988,#2989,#2990));
#388=EDGE_LOOP('',(#2991,#2992,#2993,#2994));
#389=EDGE_LOOP('',(#2995,#2996,#2997,#2998));
#390=EDGE_LOOP('',(#2999,#3000,#3001,#3002));
#391=EDGE_LOOP('',(#3003,#3004,#3005,#3006));
#392=EDGE_LOOP('',(#3007,#3008,#3009,#3010));
#393=EDGE_LOOP('',(#3011,#3012,#3013,#3014));
#394=EDGE_LOOP('',(#3015,#3016,#3017,#3018));
#395=EDGE_LOOP('',(#3019,#3020,#3021,#3022));
#396=EDGE_LOOP('',(#3023,#3024,#3025,#3026));
#397=EDGE_LOOP('',(#3027,#3028,#3029,#3030));
#398=EDGE_LOOP('',(#3031,#3032,#3033,#3034));
#399=EDGE_LOOP('',(#3035,#3036,#3037,#3038));
#400=EDGE_LOOP('',(#3039,#3040,#3041,#3042));
#401=EDGE_LOOP('',(#3043,#3044,#3045,#3046));
#402=EDGE_LOOP('',(#3047,#3048,#3049,#3050));
#403=EDGE_LOOP('',(#3051,#3052,#3053,#3054));
#404=EDGE_LOOP('',(#3055,#3056,#3057,#3058));
#405=EDGE_LOOP('',(#3059,#3060,#3061,#3062));
#406=EDGE_LOOP('',(#3063,#3064,#3065,#3066));
#407=EDGE_LOOP('',(#3067,#3068,#3069,#3070));
#408=EDGE_LOOP('',(#3071,#3072,#3073,#3074));
#409=EDGE_LOOP('',(#3075,#3076,#3077,#3078));
#410=EDGE_LOOP('',(#3079,#3080,#3081,#3082));
#411=EDGE_LOOP('',(#3083,#3084,#3085,#3086));
#412=EDGE_LOOP('',(#3087,#3088,#3089,#3090));
#413=EDGE_LOOP('',(#3091,#3092,#3093,#3094));
#414=EDGE_LOOP('',(#3095,#3096,#3097,#3098));
#415=EDGE_LOOP('',(#3099,#3100,#3101,#3102));
#416=EDGE_LOOP('',(#3103,#3104,#3105,#3106));
#417=EDGE_LOOP('',(#3107,#3108,#3109,#3110));
#418=EDGE_LOOP('',(#3111,#3112,#3113,#3114));
#419=EDGE_LOOP('',(#3115,#3116,#3117,#3118));
#420=EDGE_LOOP('',(#3119,#3120,#3121,#3122));
#421=EDGE_LOOP('',(#3123,#3124,#3125,#3126));
#422=EDGE_LOOP('',(#3127,#3128,#3129,#3130));
#423=EDGE_LOOP('',(#3131,#3132,#3133,#3134));
#424=EDGE_LOOP('',(#3135,#3136,#3137,#3138));
#425=EDGE_LOOP('',(#3139,#3140,#3141,#3142));
#426=EDGE_LOOP('',(#3143,#3144,#3145,#3146));
#427=EDGE_LOOP('',(#3147,#3148,#3149,#3150));
#428=EDGE_LOOP('',(#3151,#3152,#3153,#3154));
#429=EDGE_LOOP('',(#3155,#3156,#3157,#3158));
#430=EDGE_LOOP('',(#3159,#3160,#3161,#3162));
#431=EDGE_LOOP('',(#3163,#3164,#3165,#3166));
#432=EDGE_LOOP('',(#3167,#3168,#3169,#3170));
#433=EDGE_LOOP('',(#3171,#3172,#3173,#3174));
#434=EDGE_LOOP('',(#3175,#3176,#3177,#3178));
#435=EDGE_LOOP('',(#3179,#3180,#3181,#3182));
#436=EDGE_LOOP('',(#3183,#3184,#3185,#3186));
#437=EDGE_LOOP('',(#3187,#3188,#3189,#3190));
#438=EDGE_LOOP('',(#3191,#3192,#3193,#3194));
#439=EDGE_LOOP('',(#3195,#3196,#3197,#3198));
#440=EDGE_LOOP('',(#3199,#3200,#3201,#3202));
#441=EDGE_LOOP('',(#3203,#3204,#3205,#3206));
#442=EDGE_LOOP('',(#3207,#3208,#3209,#3210));
#443=EDGE_LOOP('',(#3211,#3212,#3213,#3214));
#444=EDGE_LOOP('',(#3215,#3216,#3217,#3218));
#445=EDGE_LOOP('',(#3219,#3220,#3221,#3222));
#446=EDGE_LOOP('',(#3223,#3224,#3225,#3226));
#447=EDGE_LOOP('',(#3227,#3228,#3229,#3230));
#448=EDGE_LOOP('',(#3231,#3232,#3233,#3234));
#449=EDGE_LOOP('',(#3235,#3236,#3237,#3238));
#450=EDGE_LOOP('',(#3239,#3240,#3241,#3242));
#451=EDGE_LOOP('',(#3243,#3244,#3245,#3246));
#452=EDGE_LOOP('',(#3247,#3248,#3249,#3250));
#453=EDGE_LOOP('',(#3251,#3252,#3253,#3254));
#454=EDGE_LOOP('',(#3255,#3256,#3257,#3258));
#455=EDGE_LOOP('',(#3259,#3260,#3261,#3262));
#456=EDGE_LOOP('',(#3263,#3264,#3265,#3266));
#457=EDGE_LOOP('',(#3267,#3268,#3269,#3270));
#458=EDGE_LOOP('',(#3271,#3272,#3273,#3274));
#459=EDGE_LOOP('',(#3275,#3276,#3277,#3278));
#460=EDGE_LOOP('',(#3279,#3280,#3281,#3282));
#461=EDGE_LOOP('',(#3283,#3284,#3285,#3286));
#462=EDGE_LOOP('',(#3287,#3288,#3289,#3290));
#463=EDGE_LOOP('',(#3291,#3292,#3293,#3294));
#464=EDGE_LOOP('',(#3295,#3296,#3297,#3298));
#465=EDGE_LOOP('',(#3299,#3300,#3301,#3302));
#466=EDGE_LOOP('',(#3303,#3304,#3305,#3306));
#467=EDGE_LOOP('',(#3307,#3308,#3309,#3310));
#468=EDGE_LOOP('',(#3311,#3312,#3313,#3314));
#469=EDGE_LOOP('',(#3315,#3316,#3317,#3318));
#470=EDGE_LOOP('',(#3319,#3320,#3321,#3322));
#471=EDGE_LOOP('',(#3323,#3324,#3325,#3326));
#472=EDGE_LOOP('',(#3327,#3328,#3329,#3330));
#473=EDGE_LOOP('',(#3331,#3332,#3333,#3334));
#474=EDGE_LOOP('',(#3335,#3336,#3337,#3338));
#475=EDGE_LOOP('',(#3339,#3340,#3341,#3342));
#476=EDGE_LOOP('',(#3343,#3344,#3345,#3346));
#477=EDGE_LOOP('',(#3347,#3348,#3349,#3350));
#478=EDGE_LOOP('',(#3351,#3352,#3353,#3354));
#479=EDGE_LOOP('',(#3355,#3356,#3357,#3358));
#480=EDGE_LOOP('',(#3359,#3360,#3361,#3362));
#481=EDGE_LOOP('',(#3363,#3364,#3365,#3366));
#482=EDGE_LOOP('',(#3367,#3368,#3369,#3370));
#483=EDGE_LOOP('',(#3371,#3372,#3373,#3374));
#484=EDGE_LOOP('',(#3375,#3376,#3377,#3378));
#485=EDGE_LOOP('',(#3379,#3380,#3381,#3382));
#486=EDGE_LOOP('',(#3383,#3384,#3385,#3386));
#487=EDGE_LOOP('',(#3387,#3388,#3389,#3390));
#488=EDGE_LOOP('',(#3391,#3392,#3393,#3394));
#489=EDGE_LOOP('',(#3395,#3396,#3397,#3398));
#490=EDGE_LOOP('',(#3399,#3400,#3401,#3402));
#491=EDGE_LOOP('',(#3403,#3404,#3405,#3406));
#492=EDGE_LOOP('',(#3407,#3408,#3409,#3410));
#493=EDGE_LOOP('',(#3411,#3412,#3413,#3414));
#494=EDGE_LOOP('',(#3415,#3416,#3417,#3418));
#495=EDGE_LOOP('',(#3419,#3420,#3421,#3422));
#496=EDGE_LOOP('',(#3423,#3424,#3425,#3426));
#497=EDGE_LOOP('',(#3427,#3428,#3429,#3430));
#498=EDGE_LOOP('',(#3431));
#499=EDGE_LOOP('',(#3432));
#500=EDGE_LOOP('',(#3433,#3434,#3435,#3436));
#501=EDGE_LOOP('',(#3437,#3438,#3439,#3440));
#502=EDGE_LOOP('',(#3441,#3442,#3443,#3444));
#503=EDGE_LOOP('',(#3445));
#504=EDGE_LOOP('',(#3446));
#505=EDGE_LOOP('',(#3447,#3448,#3449,#3450));
#506=EDGE_LOOP('',(#3451));
#507=EDGE_LOOP('',(#3452));
#508=EDGE_LOOP('',(#3453,#3454,#3455,#3456));
#509=EDGE_LOOP('',(#3457));
#510=EDGE_LOOP('',(#3458));
#511=EDGE_LOOP('',(#3459,#3460,#3461,#3462));
#512=EDGE_LOOP('',(#3463));
#513=EDGE_LOOP('',(#3464));
#514=EDGE_LOOP('',(#3465));
#515=EDGE_LOOP('',(#3466,#3467,#3468,#3469,#3470,#3471,#3472,#3473,#3474,
#3475,#3476,#3477,#3478,#3479,#3480,#3481,#3482,#3483,#3484,#3485,#3486,
#3487,#3488,#3489,#3490,#3491,#3492,#3493,#3494,#3495,#3496,#3497,#3498,
#3499,#3500,#3501,#3502,#3503,#3504,#3505,#3506,#3507,#3508,#3509,#3510,
#3511,#3512,#3513,#3514,#3515,#3516,#3517,#3518,#3519,#3520,#3521,#3522,
#3523,#3524,#3525,#3526,#3527,#3528,#3529,#3530,#3531,#3532,#3533,#3534,
#3535,#3536,#3537,#3538,#3539,#3540,#3541,#3542,#3543,#3544,#3545,#3546,
#3547,#3548,#3549,#3550,#3551,#3552,#3553,#3554,#3555,#3556,#3557,#3558,
#3559,#3560,#3561,#3562,#3563,#3564,#3565,#3566,#3567,#3568,#3569,#3570,
#3571,#3572,#3573,#3574,#3575,#3576,#3577,#3578,#3579,#3580,#3581,#3582,
#3583,#3584,#3585,#3586,#3587,#3588,#3589,#3590,#3591,#3592,#3593,#3594,
#3595,#3596,#3597,#3598,#3599,#3600,#3601,#3602,#3603,#3604,#3605,#3606,
#3607,#3608,#3609,#3610,#3611,#3612,#3613,#3614,#3615,#3616,#3617,#3618,
#3619,#3620,#3621,#3622,#3623,#3624,#3625,#3626,#3627,#3628,#3629,#3630,
#3631,#3632,#3633,#3634,#3635,#3636,#3637,#3638,#3639,#3640,#3641,#3642,
#3643,#3644,#3645,#3646,#3647,#3648,#3649,#3650,#3651,#3652,#3653,#3654,
#3655,#3656,#3657,#3658,#3659,#3660,#3661,#3662,#3663,#3664,#3665,#3666,
#3667,#3668,#3669,#3670,#3671,#3672,#3673,#3674,#3675,#3676,#3677,#3678,
#3679,#3680,#3681));
#516=EDGE_LOOP('',(#3682,#3683,#3684,#3685));
#517=EDGE_LOOP('',(#3686,#3687,#3688,#3689));
#518=EDGE_LOOP('',(#3690));
#519=EDGE_LOOP('',(#3691));
#520=EDGE_LOOP('',(#3692,#3693,#3694,#3695));
#521=EDGE_LOOP('',(#3696));
#522=EDGE_LOOP('',(#3697,#3698,#3699,#3700,#3701,#3702,#3703,#3704,#3705,
#3706,#3707,#3708,#3709,#3710,#3711,#3712,#3713,#3714,#3715,#3716,#3717,
#3718,#3719,#3720,#3721,#3722,#3723,#3724,#3725,#3726,#3727,#3728,#3729,
#3730,#3731,#3732,#3733,#3734,#3735,#3736,#3737,#3738,#3739,#3740,#3741,
#3742,#3743,#3744,#3745,#3746,#3747,#3748,#3749,#3750,#3751,#3752,#3753,
#3754,#3755,#3756,#3757,#3758,#3759,#3760,#3761,#3762,#3763,#3764,#3765,
#3766,#3767,#3768,#3769,#3770,#3771,#3772,#3773,#3774,#3775,#3776,#3777,
#3778,#3779,#3780,#3781,#3782,#3783,#3784,#3785,#3786,#3787,#3788,#3789,
#3790,#3791,#3792,#3793,#3794,#3795,#3796,#3797,#3798,#3799,#3800,#3801,
#3802,#3803,#3804,#3805,#3806,#3807,#3808,#3809,#3810,#3811,#3812,#3813,
#3814,#3815,#3816,#3817,#3818,#3819,#3820,#3821,#3822,#3823,#3824,#3825,
#3826,#3827,#3828,#3829,#3830,#3831,#3832,#3833,#3834,#3835,#3836,#3837,
#3838,#3839,#3840,#3841,#3842,#3843,#3844,#3845,#3846,#3847,#3848,#3849,
#3850,#3851,#3852,#3853,#3854,#3855,#3856,#3857,#3858,#3859,#3860,#3861,
#3862,#3863,#3864,#3865,#3866,#3867,#3868,#3869,#3870,#3871,#3872,#3873,
#3874,#3875,#3876,#3877,#3878,#3879,#3880,#3881,#3882,#3883,#3884,#3885,
#3886,#3887,#3888,#3889,#3890,#3891,#3892,#3893,#3894,#3895,#3896,#3897,
#3898,#3899,#3900,#3901,#3902,#3903,#3904,#3905,#3906,#3907,#3908,#3909,
#3910,#3911,#3912));
#523=LINE('',#6664,#751);
#524=LINE('',#6667,#752);
#525=LINE('',#6672,#753);
#526=LINE('',#6679,#754);
#527=LINE('',#6682,#755);
#528=LINE('',#6687,#756);
#529=LINE('',#6696,#757);
#530=LINE('',#6702,#758);
#531=LINE('',#6708,#759);
#532=LINE('',#6714,#760);
#533=LINE('',#6721,#761);
#534=LINE('',#6724,#762);
#535=LINE('',#6729,#763);
#536=LINE('',#6738,#764);
#537=LINE('',#6744,#765);
#538=LINE('',#6750,#766);
#539=LINE('',#6757,#767);
#540=LINE('',#6760,#768);
#541=LINE('',#6765,#769);
#542=LINE('',#6774,#770);
#543=LINE('',#6780,#771);
#544=LINE('',#6786,#772);
#545=LINE('',#6793,#773);
#546=LINE('',#6796,#774);
#547=LINE('',#6801,#775);
#548=LINE('',#6810,#776);
#549=LINE('',#6816,#777);
#550=LINE('',#6822,#778);
#551=LINE('',#6829,#779);
#552=LINE('',#6832,#780);
#553=LINE('',#6837,#781);
#554=LINE('',#6846,#782);
#555=LINE('',#6852,#783);
#556=LINE('',#6858,#784);
#557=LINE('',#6865,#785);
#558=LINE('',#6868,#786);
#559=LINE('',#6873,#787);
#560=LINE('',#6882,#788);
#561=LINE('',#6888,#789);
#562=LINE('',#6894,#790);
#563=LINE('',#6901,#791);
#564=LINE('',#6904,#792);
#565=LINE('',#6909,#793);
#566=LINE('',#6918,#794);
#567=LINE('',#6924,#795);
#568=LINE('',#6930,#796);
#569=LINE('',#6937,#797);
#570=LINE('',#6940,#798);
#571=LINE('',#6945,#799);
#572=LINE('',#6954,#800);
#573=LINE('',#6960,#801);
#574=LINE('',#6966,#802);
#575=LINE('',#6973,#803);
#576=LINE('',#6976,#804);
#577=LINE('',#6981,#805);
#578=LINE('',#6990,#806);
#579=LINE('',#6996,#807);
#580=LINE('',#7002,#808);
#581=LINE('',#7009,#809);
#582=LINE('',#7012,#810);
#583=LINE('',#7017,#811);
#584=LINE('',#7026,#812);
#585=LINE('',#7032,#813);
#586=LINE('',#7038,#814);
#587=LINE('',#7045,#815);
#588=LINE('',#7048,#816);
#589=LINE('',#7053,#817);
#590=LINE('',#7062,#818);
#591=LINE('',#7068,#819);
#592=LINE('',#7074,#820);
#593=LINE('',#7081,#821);
#594=LINE('',#7084,#822);
#595=LINE('',#7089,#823);
#596=LINE('',#7098,#824);
#597=LINE('',#7104,#825);
#598=LINE('',#7110,#826);
#599=LINE('',#7117,#827);
#600=LINE('',#7120,#828);
#601=LINE('',#7125,#829);
#602=LINE('',#7134,#830);
#603=LINE('',#7140,#831);
#604=LINE('',#7146,#832);
#605=LINE('',#7153,#833);
#606=LINE('',#7156,#834);
#607=LINE('',#7161,#835);
#608=LINE('',#7170,#836);
#609=LINE('',#7176,#837);
#610=LINE('',#7182,#838);
#611=LINE('',#7189,#839);
#612=LINE('',#7192,#840);
#613=LINE('',#7197,#841);
#614=LINE('',#7206,#842);
#615=LINE('',#7212,#843);
#616=LINE('',#7218,#844);
#617=LINE('',#7225,#845);
#618=LINE('',#7228,#846);
#619=LINE('',#7233,#847);
#620=LINE('',#7242,#848);
#621=LINE('',#7248,#849);
#622=LINE('',#7254,#850);
#623=LINE('',#7261,#851);
#624=LINE('',#7264,#852);
#625=LINE('',#7269,#853);
#626=LINE('',#7278,#854);
#627=LINE('',#7284,#855);
#628=LINE('',#7290,#856);
#629=LINE('',#7297,#857);
#630=LINE('',#7300,#858);
#631=LINE('',#7305,#859);
#632=LINE('',#7314,#860);
#633=LINE('',#7320,#861);
#634=LINE('',#7326,#862);
#635=LINE('',#7333,#863);
#636=LINE('',#7336,#864);
#637=LINE('',#7341,#865);
#638=LINE('',#7350,#866);
#639=LINE('',#7356,#867);
#640=LINE('',#7362,#868);
#641=LINE('',#7369,#869);
#642=LINE('',#7372,#870);
#643=LINE('',#7377,#871);
#644=LINE('',#7386,#872);
#645=LINE('',#7392,#873);
#646=LINE('',#7398,#874);
#647=LINE('',#7405,#875);
#648=LINE('',#7408,#876);
#649=LINE('',#7413,#877);
#650=LINE('',#7422,#878);
#651=LINE('',#7428,#879);
#652=LINE('',#7434,#880);
#653=LINE('',#7441,#881);
#654=LINE('',#7444,#882);
#655=LINE('',#7449,#883);
#656=LINE('',#7458,#884);
#657=LINE('',#7464,#885);
#658=LINE('',#7470,#886);
#659=LINE('',#7477,#887);
#660=LINE('',#7480,#888);
#661=LINE('',#7485,#889);
#662=LINE('',#7494,#890);
#663=LINE('',#7500,#891);
#664=LINE('',#7506,#892);
#665=LINE('',#7513,#893);
#666=LINE('',#7516,#894);
#667=LINE('',#7521,#895);
#668=LINE('',#7530,#896);
#669=LINE('',#7536,#897);
#670=LINE('',#7542,#898);
#671=LINE('',#7549,#899);
#672=LINE('',#7552,#900);
#673=LINE('',#7557,#901);
#674=LINE('',#7566,#902);
#675=LINE('',#7572,#903);
#676=LINE('',#7578,#904);
#677=LINE('',#7585,#905);
#678=LINE('',#7588,#906);
#679=LINE('',#7593,#907);
#680=LINE('',#7602,#908);
#681=LINE('',#7608,#909);
#682=LINE('',#7614,#910);
#683=LINE('',#7621,#911);
#684=LINE('',#7624,#912);
#685=LINE('',#7629,#913);
#686=LINE('',#7638,#914);
#687=LINE('',#7644,#915);
#688=LINE('',#7650,#916);
#689=LINE('',#7657,#917);
#690=LINE('',#7660,#918);
#691=LINE('',#7665,#919);
#692=LINE('',#7674,#920);
#693=LINE('',#7680,#921);
#694=LINE('',#7686,#922);
#695=LINE('',#7693,#923);
#696=LINE('',#7696,#924);
#697=LINE('',#7701,#925);
#698=LINE('',#7710,#926);
#699=LINE('',#7716,#927);
#700=LINE('',#7722,#928);
#701=LINE('',#7729,#929);
#702=LINE('',#7732,#930);
#703=LINE('',#7737,#931);
#704=LINE('',#7746,#932);
#705=LINE('',#7752,#933);
#706=LINE('',#7758,#934);
#707=LINE('',#7765,#935);
#708=LINE('',#7768,#936);
#709=LINE('',#7773,#937);
#710=LINE('',#7782,#938);
#711=LINE('',#7788,#939);
#712=LINE('',#7794,#940);
#713=LINE('',#7801,#941);
#714=LINE('',#7804,#942);
#715=LINE('',#7809,#943);
#716=LINE('',#7818,#944);
#717=LINE('',#7824,#945);
#718=LINE('',#7830,#946);
#719=LINE('',#7837,#947);
#720=LINE('',#7840,#948);
#721=LINE('',#7845,#949);
#722=LINE('',#7854,#950);
#723=LINE('',#7860,#951);
#724=LINE('',#7866,#952);
#725=LINE('',#7873,#953);
#726=LINE('',#7876,#954);
#727=LINE('',#7881,#955);
#728=LINE('',#7890,#956);
#729=LINE('',#7896,#957);
#730=LINE('',#7902,#958);
#731=LINE('',#7909,#959);
#732=LINE('',#7912,#960);
#733=LINE('',#7917,#961);
#734=LINE('',#7926,#962);
#735=LINE('',#7933,#963);
#736=LINE('',#7939,#964);
#737=LINE('',#7944,#965);
#738=LINE('',#7950,#966);
#739=LINE('',#7992,#967);
#740=LINE('',#8031,#968);
#741=LINE('',#8036,#969);
#742=LINE('',#8134,#970);
#743=LINE('',#8156,#971);
#744=LINE('',#8195,#972);
#745=LINE('',#8202,#973);
#746=LINE('',#8205,#974);
#747=LINE('',#8211,#975);
#748=LINE('',#8221,#976);
#749=LINE('',#8224,#977);
#750=LINE('',#8231,#978);
#751=VECTOR('',#5073,10.);
#752=VECTOR('',#5076,10.);
#753=VECTOR('',#5081,10.);
#754=VECTOR('',#5088,10.);
#755=VECTOR('',#5091,10.);
#756=VECTOR('',#5096,10.);
#757=VECTOR('',#5109,10.);
#758=VECTOR('',#5116,10.);
#759=VECTOR('',#5123,10.);
#760=VECTOR('',#5130,10.);
#761=VECTOR('',#5137,10.);
#762=VECTOR('',#5140,10.);
#763=VECTOR('',#5145,10.);
#764=VECTOR('',#5158,10.);
#765=VECTOR('',#5165,10.);
#766=VECTOR('',#5172,10.);
#767=VECTOR('',#5179,10.);
#768=VECTOR('',#5182,10.);
#769=VECTOR('',#5187,10.);
#770=VECTOR('',#5200,10.);
#771=VECTOR('',#5207,10.);
#772=VECTOR('',#5214,10.);
#773=VECTOR('',#5221,10.);
#774=VECTOR('',#5224,10.);
#775=VECTOR('',#5229,10.);
#776=VECTOR('',#5242,10.);
#777=VECTOR('',#5249,10.);
#778=VECTOR('',#5256,10.);
#779=VECTOR('',#5263,10.);
#780=VECTOR('',#5266,10.);
#781=VECTOR('',#5271,10.);
#782=VECTOR('',#5284,10.);
#783=VECTOR('',#5291,10.);
#784=VECTOR('',#5298,10.);
#785=VECTOR('',#5305,10.);
#786=VECTOR('',#5308,10.);
#787=VECTOR('',#5313,10.);
#788=VECTOR('',#5326,10.);
#789=VECTOR('',#5333,10.);
#790=VECTOR('',#5340,10.);
#791=VECTOR('',#5347,10.);
#792=VECTOR('',#5350,10.);
#793=VECTOR('',#5355,10.);
#794=VECTOR('',#5368,10.);
#795=VECTOR('',#5375,10.);
#796=VECTOR('',#5382,10.);
#797=VECTOR('',#5389,10.);
#798=VECTOR('',#5392,10.);
#799=VECTOR('',#5397,10.);
#800=VECTOR('',#5410,10.);
#801=VECTOR('',#5417,10.);
#802=VECTOR('',#5424,10.);
#803=VECTOR('',#5431,10.);
#804=VECTOR('',#5434,10.);
#805=VECTOR('',#5439,10.);
#806=VECTOR('',#5452,10.);
#807=VECTOR('',#5459,10.);
#808=VECTOR('',#5466,10.);
#809=VECTOR('',#5473,10.);
#810=VECTOR('',#5476,10.);
#811=VECTOR('',#5481,10.);
#812=VECTOR('',#5494,10.);
#813=VECTOR('',#5501,10.);
#814=VECTOR('',#5508,10.);
#815=VECTOR('',#5515,10.);
#816=VECTOR('',#5518,10.);
#817=VECTOR('',#5523,10.);
#818=VECTOR('',#5536,10.);
#819=VECTOR('',#5543,10.);
#820=VECTOR('',#5550,10.);
#821=VECTOR('',#5557,10.);
#822=VECTOR('',#5560,10.);
#823=VECTOR('',#5565,10.);
#824=VECTOR('',#5578,10.);
#825=VECTOR('',#5585,10.);
#826=VECTOR('',#5592,10.);
#827=VECTOR('',#5599,10.);
#828=VECTOR('',#5602,10.);
#829=VECTOR('',#5607,10.);
#830=VECTOR('',#5620,10.);
#831=VECTOR('',#5627,10.);
#832=VECTOR('',#5634,10.);
#833=VECTOR('',#5641,10.);
#834=VECTOR('',#5644,10.);
#835=VECTOR('',#5649,10.);
#836=VECTOR('',#5662,10.);
#837=VECTOR('',#5669,10.);
#838=VECTOR('',#5676,10.);
#839=VECTOR('',#5683,10.);
#840=VECTOR('',#5686,10.);
#841=VECTOR('',#5691,10.);
#842=VECTOR('',#5704,10.);
#843=VECTOR('',#5711,10.);
#844=VECTOR('',#5718,10.);
#845=VECTOR('',#5725,10.);
#846=VECTOR('',#5728,10.);
#847=VECTOR('',#5733,10.);
#848=VECTOR('',#5746,10.);
#849=VECTOR('',#5753,10.);
#850=VECTOR('',#5760,10.);
#851=VECTOR('',#5767,10.);
#852=VECTOR('',#5770,10.);
#853=VECTOR('',#5775,10.);
#854=VECTOR('',#5788,10.);
#855=VECTOR('',#5795,10.);
#856=VECTOR('',#5802,10.);
#857=VECTOR('',#5809,10.);
#858=VECTOR('',#5812,10.);
#859=VECTOR('',#5817,10.);
#860=VECTOR('',#5830,10.);
#861=VECTOR('',#5837,10.);
#862=VECTOR('',#5844,10.);
#863=VECTOR('',#5851,10.);
#864=VECTOR('',#5854,10.);
#865=VECTOR('',#5859,10.);
#866=VECTOR('',#5872,10.);
#867=VECTOR('',#5879,10.);
#868=VECTOR('',#5886,10.);
#869=VECTOR('',#5893,10.);
#870=VECTOR('',#5896,10.);
#871=VECTOR('',#5901,10.);
#872=VECTOR('',#5914,10.);
#873=VECTOR('',#5921,10.);
#874=VECTOR('',#5928,10.);
#875=VECTOR('',#5935,10.);
#876=VECTOR('',#5938,10.);
#877=VECTOR('',#5943,10.);
#878=VECTOR('',#5956,10.);
#879=VECTOR('',#5963,10.);
#880=VECTOR('',#5970,10.);
#881=VECTOR('',#5977,10.);
#882=VECTOR('',#5980,10.);
#883=VECTOR('',#5985,10.);
#884=VECTOR('',#5998,10.);
#885=VECTOR('',#6005,10.);
#886=VECTOR('',#6012,10.);
#887=VECTOR('',#6019,10.);
#888=VECTOR('',#6022,10.);
#889=VECTOR('',#6027,10.);
#890=VECTOR('',#6040,10.);
#891=VECTOR('',#6047,10.);
#892=VECTOR('',#6054,10.);
#893=VECTOR('',#6061,10.);
#894=VECTOR('',#6064,10.);
#895=VECTOR('',#6069,10.);
#896=VECTOR('',#6082,10.);
#897=VECTOR('',#6089,10.);
#898=VECTOR('',#6096,10.);
#899=VECTOR('',#6103,10.);
#900=VECTOR('',#6106,10.);
#901=VECTOR('',#6111,10.);
#902=VECTOR('',#6124,10.);
#903=VECTOR('',#6131,10.);
#904=VECTOR('',#6138,10.);
#905=VECTOR('',#6145,10.);
#906=VECTOR('',#6148,10.);
#907=VECTOR('',#6153,10.);
#908=VECTOR('',#6166,10.);
#909=VECTOR('',#6173,10.);
#910=VECTOR('',#6180,10.);
#911=VECTOR('',#6187,10.);
#912=VECTOR('',#6190,10.);
#913=VECTOR('',#6195,10.);
#914=VECTOR('',#6208,10.);
#915=VECTOR('',#6215,10.);
#916=VECTOR('',#6222,10.);
#917=VECTOR('',#6229,10.);
#918=VECTOR('',#6232,10.);
#919=VECTOR('',#6237,10.);
#920=VECTOR('',#6250,10.);
#921=VECTOR('',#6257,10.);
#922=VECTOR('',#6264,10.);
#923=VECTOR('',#6271,10.);
#924=VECTOR('',#6274,10.);
#925=VECTOR('',#6279,10.);
#926=VECTOR('',#6292,10.);
#927=VECTOR('',#6299,10.);
#928=VECTOR('',#6306,10.);
#929=VECTOR('',#6313,10.);
#930=VECTOR('',#6316,10.);
#931=VECTOR('',#6321,10.);
#932=VECTOR('',#6334,10.);
#933=VECTOR('',#6341,10.);
#934=VECTOR('',#6348,10.);
#935=VECTOR('',#6355,10.);
#936=VECTOR('',#6358,10.);
#937=VECTOR('',#6363,10.);
#938=VECTOR('',#6376,10.);
#939=VECTOR('',#6383,10.);
#940=VECTOR('',#6390,10.);
#941=VECTOR('',#6397,10.);
#942=VECTOR('',#6400,10.);
#943=VECTOR('',#6405,10.);
#944=VECTOR('',#6418,10.);
#945=VECTOR('',#6425,10.);
#946=VECTOR('',#6432,10.);
#947=VECTOR('',#6439,10.);
#948=VECTOR('',#6442,10.);
#949=VECTOR('',#6447,10.);
#950=VECTOR('',#6460,10.);
#951=VECTOR('',#6467,10.);
#952=VECTOR('',#6474,10.);
#953=VECTOR('',#6481,10.);
#954=VECTOR('',#6484,10.);
#955=VECTOR('',#6489,10.);
#956=VECTOR('',#6502,10.);
#957=VECTOR('',#6509,10.);
#958=VECTOR('',#6516,10.);
#959=VECTOR('',#6523,10.);
#960=VECTOR('',#6526,10.);
#961=VECTOR('',#6531,10.);
#962=VECTOR('',#6544,10.);
#963=VECTOR('',#6553,10.);
#964=VECTOR('',#6560,10.);
#965=VECTOR('',#6565,10.);
#966=VECTOR('',#6572,10.);
#967=VECTOR('',#6583,1.666);
#968=VECTOR('',#6588,4.15);
#969=VECTOR('',#6595,4.);
#970=VECTOR('',#6596,10.);
#971=VECTOR('',#6599,1.666);
#972=VECTOR('',#6604,7.85);
#973=VECTOR('',#6613,8.);
#974=VECTOR('',#6618,4.15);
#975=VECTOR('',#6625,12.5);
#976=VECTOR('',#6638,4.1);
#977=VECTOR('',#6643,4.);
#978=VECTOR('',#6652,12.5);
#979=CIRCLE('',#4386,0.15);
#980=CIRCLE('',#4387,0.15);
#981=CIRCLE('',#4389,1.);
#982=CIRCLE('',#4390,1.);
#983=CIRCLE('',#4392,0.15);
#984=CIRCLE('',#4393,0.15);
#985=CIRCLE('',#4395,1.);
#986=CIRCLE('',#4396,1.);
#987=CIRCLE('',#4398,0.555);
#988=CIRCLE('',#4399,0.555);
#989=CIRCLE('',#4401,11.2051655817596);
#990=CIRCLE('',#4402,11.2051655817596);
#991=CIRCLE('',#4404,11.2051655817596);
#992=CIRCLE('',#4405,11.2051655817596);
#993=CIRCLE('',#4407,0.15);
#994=CIRCLE('',#4408,0.15);
#995=CIRCLE('',#4410,1.);
#996=CIRCLE('',#4411,1.);
#997=CIRCLE('',#4413,0.15);
#998=CIRCLE('',#4414,0.15);
#999=CIRCLE('',#4416,1.);
#1000=CIRCLE('',#4417,1.);
#1001=CIRCLE('',#4419,0.555);
#1002=CIRCLE('',#4420,0.555);
#1003=CIRCLE('',#4422,11.2051655817596);
#1004=CIRCLE('',#4423,11.2051655817596);
#1005=CIRCLE('',#4425,0.15);
#1006=CIRCLE('',#4426,0.15);
#1007=CIRCLE('',#4428,1.);
#1008=CIRCLE('',#4429,1.);
#1009=CIRCLE('',#4431,0.15);
#1010=CIRCLE('',#4432,0.15);
#1011=CIRCLE('',#4434,1.);
#1012=CIRCLE('',#4435,1.);
#1013=CIRCLE('',#4437,0.555);
#1014=CIRCLE('',#4438,0.555);
#1015=CIRCLE('',#4440,11.2051655817596);
#1016=CIRCLE('',#4441,11.2051655817596);
#1017=CIRCLE('',#4443,0.15);
#1018=CIRCLE('',#4444,0.15);
#1019=CIRCLE('',#4446,1.);
#1020=CIRCLE('',#4447,1.);
#1021=CIRCLE('',#4449,0.15);
#1022=CIRCLE('',#4450,0.15);
#1023=CIRCLE('',#4452,1.);
#1024=CIRCLE('',#4453,1.);
#1025=CIRCLE('',#4455,0.555);
#1026=CIRCLE('',#4456,0.555);
#1027=CIRCLE('',#4458,11.2051655817596);
#1028=CIRCLE('',#4459,11.2051655817596);
#1029=CIRCLE('',#4461,0.15);
#1030=CIRCLE('',#4462,0.15);
#1031=CIRCLE('',#4464,1.);
#1032=CIRCLE('',#4465,1.);
#1033=CIRCLE('',#4467,0.15);
#1034=CIRCLE('',#4468,0.15);
#1035=CIRCLE('',#4470,1.);
#1036=CIRCLE('',#4471,1.);
#1037=CIRCLE('',#4473,0.555);
#1038=CIRCLE('',#4474,0.555);
#1039=CIRCLE('',#4476,11.2051655817596);
#1040=CIRCLE('',#4477,11.2051655817596);
#1041=CIRCLE('',#4479,0.15);
#1042=CIRCLE('',#4480,0.15);
#1043=CIRCLE('',#4482,1.);
#1044=CIRCLE('',#4483,1.);
#1045=CIRCLE('',#4485,0.15);
#1046=CIRCLE('',#4486,0.15);
#1047=CIRCLE('',#4488,1.);
#1048=CIRCLE('',#4489,1.);
#1049=CIRCLE('',#4491,0.555);
#1050=CIRCLE('',#4492,0.555);
#1051=CIRCLE('',#4494,11.2051655817596);
#1052=CIRCLE('',#4495,11.2051655817596);
#1053=CIRCLE('',#4497,0.15);
#1054=CIRCLE('',#4498,0.15);
#1055=CIRCLE('',#4500,1.);
#1056=CIRCLE('',#4501,1.);
#1057=CIRCLE('',#4503,0.15);
#1058=CIRCLE('',#4504,0.15);
#1059=CIRCLE('',#4506,1.);
#1060=CIRCLE('',#4507,1.);
#1061=CIRCLE('',#4509,0.555);
#1062=CIRCLE('',#4510,0.555);
#1063=CIRCLE('',#4512,11.2051655817596);
#1064=CIRCLE('',#4513,11.2051655817596);
#1065=CIRCLE('',#4515,0.15);
#1066=CIRCLE('',#4516,0.15);
#1067=CIRCLE('',#4518,1.);
#1068=CIRCLE('',#4519,1.);
#1069=CIRCLE('',#4521,0.15);
#1070=CIRCLE('',#4522,0.15);
#1071=CIRCLE('',#4524,1.);
#1072=CIRCLE('',#4525,1.);
#1073=CIRCLE('',#4527,0.555);
#1074=CIRCLE('',#4528,0.555);
#1075=CIRCLE('',#4530,11.2051655817596);
#1076=CIRCLE('',#4531,11.2051655817596);
#1077=CIRCLE('',#4533,0.15);
#1078=CIRCLE('',#4534,0.15);
#1079=CIRCLE('',#4536,1.);
#1080=CIRCLE('',#4537,1.);
#1081=CIRCLE('',#4539,0.15);
#1082=CIRCLE('',#4540,0.15);
#1083=CIRCLE('',#4542,1.);
#1084=CIRCLE('',#4543,1.);
#1085=CIRCLE('',#4545,0.555);
#1086=CIRCLE('',#4546,0.555);
#1087=CIRCLE('',#4548,11.2051655817596);
#1088=CIRCLE('',#4549,11.2051655817596);
#1089=CIRCLE('',#4551,0.15);
#1090=CIRCLE('',#4552,0.15);
#1091=CIRCLE('',#4554,1.);
#1092=CIRCLE('',#4555,1.);
#1093=CIRCLE('',#4557,0.15);
#1094=CIRCLE('',#4558,0.15);
#1095=CIRCLE('',#4560,1.);
#1096=CIRCLE('',#4561,1.);
#1097=CIRCLE('',#4563,0.555);
#1098=CIRCLE('',#4564,0.555);
#1099=CIRCLE('',#4566,11.2051655817596);
#1100=CIRCLE('',#4567,11.2051655817596);
#1101=CIRCLE('',#4569,0.15);
#1102=CIRCLE('',#4570,0.15);
#1103=CIRCLE('',#4572,1.);
#1104=CIRCLE('',#4573,1.);
#1105=CIRCLE('',#4575,0.15);
#1106=CIRCLE('',#4576,0.15);
#1107=CIRCLE('',#4578,1.);
#1108=CIRCLE('',#4579,1.);
#1109=CIRCLE('',#4581,0.555);
#1110=CIRCLE('',#4582,0.555);
#1111=CIRCLE('',#4584,11.2051655817596);
#1112=CIRCLE('',#4585,11.2051655817596);
#1113=CIRCLE('',#4587,0.15);
#1114=CIRCLE('',#4588,0.15);
#1115=CIRCLE('',#4590,1.);
#1116=CIRCLE('',#4591,1.);
#1117=CIRCLE('',#4593,0.15);
#1118=CIRCLE('',#4594,0.15);
#1119=CIRCLE('',#4596,1.);
#1120=CIRCLE('',#4597,1.);
#1121=CIRCLE('',#4599,0.555);
#1122=CIRCLE('',#4600,0.555);
#1123=CIRCLE('',#4602,11.2051655817596);
#1124=CIRCLE('',#4603,11.2051655817596);
#1125=CIRCLE('',#4605,0.15);
#1126=CIRCLE('',#4606,0.15);
#1127=CIRCLE('',#4608,1.);
#1128=CIRCLE('',#4609,1.);
#1129=CIRCLE('',#4611,0.15);
#1130=CIRCLE('',#4612,0.15);
#1131=CIRCLE('',#4614,1.);
#1132=CIRCLE('',#4615,1.);
#1133=CIRCLE('',#4617,0.555);
#1134=CIRCLE('',#4618,0.555);
#1135=CIRCLE('',#4620,11.2051655817596);
#1136=CIRCLE('',#4621,11.2051655817596);
#1137=CIRCLE('',#4623,0.15);
#1138=CIRCLE('',#4624,0.15);
#1139=CIRCLE('',#4626,1.);
#1140=CIRCLE('',#4627,1.);
#1141=CIRCLE('',#4629,0.15);
#1142=CIRCLE('',#4630,0.15);
#1143=CIRCLE('',#4632,1.);
#1144=CIRCLE('',#4633,1.);
#1145=CIRCLE('',#4635,0.555);
#1146=CIRCLE('',#4636,0.555);
#1147=CIRCLE('',#4638,11.2051655817596);
#1148=CIRCLE('',#4639,11.2051655817596);
#1149=CIRCLE('',#4641,0.15);
#1150=CIRCLE('',#4642,0.15);
#1151=CIRCLE('',#4644,1.);
#1152=CIRCLE('',#4645,1.);
#1153=CIRCLE('',#4647,0.15);
#1154=CIRCLE('',#4648,0.15);
#1155=CIRCLE('',#4650,1.);
#1156=CIRCLE('',#4651,1.);
#1157=CIRCLE('',#4653,0.555);
#1158=CIRCLE('',#4654,0.555);
#1159=CIRCLE('',#4656,11.2051655817596);
#1160=CIRCLE('',#4657,11.2051655817596);
#1161=CIRCLE('',#4659,0.15);
#1162=CIRCLE('',#4660,0.15);
#1163=CIRCLE('',#4662,1.);
#1164=CIRCLE('',#4663,1.);
#1165=CIRCLE('',#4665,0.15);
#1166=CIRCLE('',#4666,0.15);
#1167=CIRCLE('',#4668,1.);
#1168=CIRCLE('',#4669,1.);
#1169=CIRCLE('',#4671,0.555);
#1170=CIRCLE('',#4672,0.555);
#1171=CIRCLE('',#4674,11.2051655817596);
#1172=CIRCLE('',#4675,11.2051655817596);
#1173=CIRCLE('',#4677,0.15);
#1174=CIRCLE('',#4678,0.15);
#1175=CIRCLE('',#4680,1.);
#1176=CIRCLE('',#4681,1.);
#1177=CIRCLE('',#4683,0.15);
#1178=CIRCLE('',#4684,0.15);
#1179=CIRCLE('',#4686,1.);
#1180=CIRCLE('',#4687,1.);
#1181=CIRCLE('',#4689,0.555);
#1182=CIRCLE('',#4690,0.555);
#1183=CIRCLE('',#4692,11.2051655817596);
#1184=CIRCLE('',#4693,11.2051655817596);
#1185=CIRCLE('',#4695,0.15);
#1186=CIRCLE('',#4696,0.15);
#1187=CIRCLE('',#4698,1.);
#1188=CIRCLE('',#4699,1.);
#1189=CIRCLE('',#4701,0.15);
#1190=CIRCLE('',#4702,0.15);
#1191=CIRCLE('',#4704,1.);
#1192=CIRCLE('',#4705,1.);
#1193=CIRCLE('',#4707,0.555);
#1194=CIRCLE('',#4708,0.555);
#1195=CIRCLE('',#4710,11.2051655817596);
#1196=CIRCLE('',#4711,11.2051655817596);
#1197=CIRCLE('',#4713,0.15);
#1198=CIRCLE('',#4714,0.15);
#1199=CIRCLE('',#4716,1.);
#1200=CIRCLE('',#4717,1.);
#1201=CIRCLE('',#4719,0.15);
#1202=CIRCLE('',#4720,0.15);
#1203=CIRCLE('',#4722,1.);
#1204=CIRCLE('',#4723,1.);
#1205=CIRCLE('',#4725,0.555);
#1206=CIRCLE('',#4726,0.555);
#1207=CIRCLE('',#4728,11.2051655817596);
#1208=CIRCLE('',#4729,11.2051655817596);
#1209=CIRCLE('',#4731,0.15);
#1210=CIRCLE('',#4732,0.15);
#1211=CIRCLE('',#4734,1.);
#1212=CIRCLE('',#4735,1.);
#1213=CIRCLE('',#4737,0.15);
#1214=CIRCLE('',#4738,0.15);
#1215=CIRCLE('',#4740,1.);
#1216=CIRCLE('',#4741,1.);
#1217=CIRCLE('',#4743,0.555);
#1218=CIRCLE('',#4744,0.555);
#1219=CIRCLE('',#4746,11.2051655817596);
#1220=CIRCLE('',#4747,11.2051655817596);
#1221=CIRCLE('',#4749,0.15);
#1222=CIRCLE('',#4750,0.15);
#1223=CIRCLE('',#4752,1.);
#1224=CIRCLE('',#4753,1.);
#1225=CIRCLE('',#4755,0.15);
#1226=CIRCLE('',#4756,0.15);
#1227=CIRCLE('',#4758,1.);
#1228=CIRCLE('',#4759,1.);
#1229=CIRCLE('',#4761,0.555);
#1230=CIRCLE('',#4762,0.555);
#1231=CIRCLE('',#4764,11.2051655817596);
#1232=CIRCLE('',#4765,11.2051655817596);
#1233=CIRCLE('',#4767,0.15);
#1234=CIRCLE('',#4768,0.15);
#1235=CIRCLE('',#4770,1.);
#1236=CIRCLE('',#4771,1.);
#1237=CIRCLE('',#4773,0.15);
#1238=CIRCLE('',#4774,0.15);
#1239=CIRCLE('',#4776,1.);
#1240=CIRCLE('',#4777,1.);
#1241=CIRCLE('',#4779,0.555);
#1242=CIRCLE('',#4780,0.555);
#1243=CIRCLE('',#4782,11.2051655817596);
#1244=CIRCLE('',#4783,11.2051655817596);
#1245=CIRCLE('',#4785,0.15);
#1246=CIRCLE('',#4786,0.15);
#1247=CIRCLE('',#4788,1.);
#1248=CIRCLE('',#4789,1.);
#1249=CIRCLE('',#4791,0.15);
#1250=CIRCLE('',#4792,0.15);
#1251=CIRCLE('',#4794,1.);
#1252=CIRCLE('',#4795,1.);
#1253=CIRCLE('',#4797,0.555);
#1254=CIRCLE('',#4798,0.555);
#1255=CIRCLE('',#4800,11.2051655817596);
#1256=CIRCLE('',#4801,11.2051655817596);
#1257=CIRCLE('',#4803,0.15);
#1258=CIRCLE('',#4804,0.15);
#1259=CIRCLE('',#4806,1.);
#1260=CIRCLE('',#4807,1.);
#1261=CIRCLE('',#4809,0.15);
#1262=CIRCLE('',#4810,0.15);
#1263=CIRCLE('',#4812,1.);
#1264=CIRCLE('',#4813,1.);
#1265=CIRCLE('',#4815,0.555);
#1266=CIRCLE('',#4816,0.555);
#1267=CIRCLE('',#4818,11.2051655817596);
#1268=CIRCLE('',#4819,11.2051655817596);
#1269=CIRCLE('',#4821,0.15);
#1270=CIRCLE('',#4822,0.15);
#1271=CIRCLE('',#4824,1.);
#1272=CIRCLE('',#4825,1.);
#1273=CIRCLE('',#4827,0.15);
#1274=CIRCLE('',#4828,0.15);
#1275=CIRCLE('',#4830,1.);
#1276=CIRCLE('',#4831,1.);
#1277=CIRCLE('',#4833,0.555);
#1278=CIRCLE('',#4834,0.555);
#1279=CIRCLE('',#4836,11.2051655817596);
#1280=CIRCLE('',#4837,11.2051655817596);
#1281=CIRCLE('',#4839,0.15);
#1282=CIRCLE('',#4840,0.15);
#1283=CIRCLE('',#4842,1.);
#1284=CIRCLE('',#4843,1.);
#1285=CIRCLE('',#4845,0.15);
#1286=CIRCLE('',#4846,0.15);
#1287=CIRCLE('',#4848,1.);
#1288=CIRCLE('',#4849,1.);
#1289=CIRCLE('',#4851,0.555);
#1290=CIRCLE('',#4852,0.555);
#1291=CIRCLE('',#4854,11.2051655817596);
#1292=CIRCLE('',#4855,11.2051655817596);
#1293=CIRCLE('',#4857,0.15);
#1294=CIRCLE('',#4858,0.15);
#1295=CIRCLE('',#4860,1.);
#1296=CIRCLE('',#4861,1.);
#1297=CIRCLE('',#4863,0.15);
#1298=CIRCLE('',#4864,0.15);
#1299=CIRCLE('',#4866,1.);
#1300=CIRCLE('',#4867,1.);
#1301=CIRCLE('',#4869,0.555);
#1302=CIRCLE('',#4870,0.555);
#1303=CIRCLE('',#4872,11.2051655817596);
#1304=CIRCLE('',#4873,11.2051655817596);
#1305=CIRCLE('',#4875,0.15);
#1306=CIRCLE('',#4876,0.15);
#1307=CIRCLE('',#4878,1.);
#1308=CIRCLE('',#4879,1.);
#1309=CIRCLE('',#4881,0.15);
#1310=CIRCLE('',#4882,0.15);
#1311=CIRCLE('',#4884,1.);
#1312=CIRCLE('',#4885,1.);
#1313=CIRCLE('',#4887,0.555);
#1314=CIRCLE('',#4888,0.555);
#1315=CIRCLE('',#4890,11.2051655817596);
#1316=CIRCLE('',#4891,11.2051655817596);
#1317=CIRCLE('',#4893,0.15);
#1318=CIRCLE('',#4894,0.15);
#1319=CIRCLE('',#4896,1.);
#1320=CIRCLE('',#4897,1.);
#1321=CIRCLE('',#4899,0.15);
#1322=CIRCLE('',#4900,0.15);
#1323=CIRCLE('',#4902,1.);
#1324=CIRCLE('',#4903,1.);
#1325=CIRCLE('',#4905,0.555);
#1326=CIRCLE('',#4906,0.555);
#1327=CIRCLE('',#4908,11.2051655817596);
#1328=CIRCLE('',#4909,11.2051655817596);
#1329=CIRCLE('',#4911,0.15);
#1330=CIRCLE('',#4912,0.15);
#1331=CIRCLE('',#4914,1.);
#1332=CIRCLE('',#4915,1.);
#1333=CIRCLE('',#4917,0.15);
#1334=CIRCLE('',#4918,0.15);
#1335=CIRCLE('',#4920,1.);
#1336=CIRCLE('',#4921,1.);
#1337=CIRCLE('',#4923,0.555);
#1338=CIRCLE('',#4924,0.555);
#1339=CIRCLE('',#4926,11.2051655817596);
#1340=CIRCLE('',#4927,11.2051655817596);
#1341=CIRCLE('',#4929,0.15);
#1342=CIRCLE('',#4930,0.15);
#1343=CIRCLE('',#4932,1.);
#1344=CIRCLE('',#4933,1.);
#1345=CIRCLE('',#4935,0.15);
#1346=CIRCLE('',#4936,0.15);
#1347=CIRCLE('',#4938,1.);
#1348=CIRCLE('',#4939,1.);
#1349=CIRCLE('',#4941,0.555);
#1350=CIRCLE('',#4942,0.555);
#1351=CIRCLE('',#4944,11.2051655817596);
#1352=CIRCLE('',#4945,11.2051655817596);
#1353=CIRCLE('',#4947,0.15);
#1354=CIRCLE('',#4948,0.15);
#1355=CIRCLE('',#4950,1.);
#1356=CIRCLE('',#4951,1.);
#1357=CIRCLE('',#4953,0.15);
#1358=CIRCLE('',#4954,0.15);
#1359=CIRCLE('',#4956,1.);
#1360=CIRCLE('',#4957,1.);
#1361=CIRCLE('',#4959,0.555);
#1362=CIRCLE('',#4960,0.555);
#1363=CIRCLE('',#4962,11.2051655817596);
#1364=CIRCLE('',#4963,11.2051655817596);
#1365=CIRCLE('',#4965,0.15);
#1366=CIRCLE('',#4966,0.15);
#1367=CIRCLE('',#4968,1.);
#1368=CIRCLE('',#4969,1.);
#1369=CIRCLE('',#4971,0.15);
#1370=CIRCLE('',#4972,0.15);
#1371=CIRCLE('',#4974,1.);
#1372=CIRCLE('',#4975,1.);
#1373=CIRCLE('',#4977,0.555);
#1374=CIRCLE('',#4978,0.555);
#1375=CIRCLE('',#4980,11.2051655817596);
#1376=CIRCLE('',#4981,11.2051655817596);
#1377=CIRCLE('',#4983,0.15);
#1378=CIRCLE('',#4984,0.15);
#1379=CIRCLE('',#4986,1.);
#1380=CIRCLE('',#4987,1.);
#1381=CIRCLE('',#4989,0.15);
#1382=CIRCLE('',#4990,0.15);
#1383=CIRCLE('',#4992,1.);
#1384=CIRCLE('',#4993,1.);
#1385=CIRCLE('',#4995,0.555);
#1386=CIRCLE('',#4996,0.555);
#1387=CIRCLE('',#4998,11.2051655817596);
#1388=CIRCLE('',#4999,11.2051655817596);
#1389=CIRCLE('',#5001,0.15);
#1390=CIRCLE('',#5002,0.15);
#1391=CIRCLE('',#5004,1.);
#1392=CIRCLE('',#5005,1.);
#1393=CIRCLE('',#5007,0.15);
#1394=CIRCLE('',#5008,0.15);
#1395=CIRCLE('',#5010,1.);
#1396=CIRCLE('',#5011,1.);
#1397=CIRCLE('',#5013,0.555);
#1398=CIRCLE('',#5014,0.555);
#1399=CIRCLE('',#5016,11.2051655817596);
#1400=CIRCLE('',#5017,11.2051655817596);
#1401=CIRCLE('',#5019,0.15);
#1402=CIRCLE('',#5020,0.15);
#1403=CIRCLE('',#5022,0.15);
#1404=CIRCLE('',#5023,0.15);
#1405=CIRCLE('',#5025,1.);
#1406=CIRCLE('',#5026,1.);
#1407=CIRCLE('',#5028,1.);
#1408=CIRCLE('',#5029,1.);
#1409=CIRCLE('',#5031,0.555);
#1410=CIRCLE('',#5032,0.555);
#1411=CIRCLE('',#5035,4.);
#1412=CIRCLE('',#5036,4.3);
#1413=CIRCLE('',#5038,4.);
#1414=CIRCLE('',#5041,7.7);
#1415=CIRCLE('',#5042,8.);
#1416=CIRCLE('',#5044,4.3);
#1417=CIRCLE('',#5046,8.);
#1418=CIRCLE('',#5049,12.5);
#1419=CIRCLE('',#5051,12.5);
#1420=CIRCLE('',#5053,4.);
#1421=CIRCLE('',#5056,4.);
#1422=CIRCLE('',#5057,4.2);
#1423=CIRCLE('',#5060,12.5);
#1424=CIRCLE('',#5062,12.5);
#1425=VERTEX_POINT('',#6660);
#1426=VERTEX_POINT('',#6661);
#1427=VERTEX_POINT('',#6663);
#1428=VERTEX_POINT('',#6665);
#1429=VERTEX_POINT('',#6669);
#1430=VERTEX_POINT('',#6671);
#1431=VERTEX_POINT('',#6675);
#1432=VERTEX_POINT('',#6676);
#1433=VERTEX_POINT('',#6678);
#1434=VERTEX_POINT('',#6680);
#1435=VERTEX_POINT('',#6684);
#1436=VERTEX_POINT('',#6686);
#1437=VERTEX_POINT('',#6693);
#1438=VERTEX_POINT('',#6695);
#1439=VERTEX_POINT('',#6699);
#1440=VERTEX_POINT('',#6701);
#1441=VERTEX_POINT('',#6705);
#1442=VERTEX_POINT('',#6707);
#1443=VERTEX_POINT('',#6711);
#1444=VERTEX_POINT('',#6713);
#1445=VERTEX_POINT('',#6717);
#1446=VERTEX_POINT('',#6718);
#1447=VERTEX_POINT('',#6720);
#1448=VERTEX_POINT('',#6722);
#1449=VERTEX_POINT('',#6726);
#1450=VERTEX_POINT('',#6728);
#1451=VERTEX_POINT('',#6735);
#1452=VERTEX_POINT('',#6737);
#1453=VERTEX_POINT('',#6741);
#1454=VERTEX_POINT('',#6743);
#1455=VERTEX_POINT('',#6747);
#1456=VERTEX_POINT('',#6749);
#1457=VERTEX_POINT('',#6753);
#1458=VERTEX_POINT('',#6754);
#1459=VERTEX_POINT('',#6756);
#1460=VERTEX_POINT('',#6758);
#1461=VERTEX_POINT('',#6762);
#1462=VERTEX_POINT('',#6764);
#1463=VERTEX_POINT('',#6771);
#1464=VERTEX_POINT('',#6773);
#1465=VERTEX_POINT('',#6777);
#1466=VERTEX_POINT('',#6779);
#1467=VERTEX_POINT('',#6783);
#1468=VERTEX_POINT('',#6785);
#1469=VERTEX_POINT('',#6789);
#1470=VERTEX_POINT('',#6790);
#1471=VERTEX_POINT('',#6792);
#1472=VERTEX_POINT('',#6794);
#1473=VERTEX_POINT('',#6798);
#1474=VERTEX_POINT('',#6800);
#1475=VERTEX_POINT('',#6807);
#1476=VERTEX_POINT('',#6809);
#1477=VERTEX_POINT('',#6813);
#1478=VERTEX_POINT('',#6815);
#1479=VERTEX_POINT('',#6819);
#1480=VERTEX_POINT('',#6821);
#1481=VERTEX_POINT('',#6825);
#1482=VERTEX_POINT('',#6826);
#1483=VERTEX_POINT('',#6828);
#1484=VERTEX_POINT('',#6830);
#1485=VERTEX_POINT('',#6834);
#1486=VERTEX_POINT('',#6836);
#1487=VERTEX_POINT('',#6843);
#1488=VERTEX_POINT('',#6845);
#1489=VERTEX_POINT('',#6849);
#1490=VERTEX_POINT('',#6851);
#1491=VERTEX_POINT('',#6855);
#1492=VERTEX_POINT('',#6857);
#1493=VERTEX_POINT('',#6861);
#1494=VERTEX_POINT('',#6862);
#1495=VERTEX_POINT('',#6864);
#1496=VERTEX_POINT('',#6866);
#1497=VERTEX_POINT('',#6870);
#1498=VERTEX_POINT('',#6872);
#1499=VERTEX_POINT('',#6879);
#1500=VERTEX_POINT('',#6881);
#1501=VERTEX_POINT('',#6885);
#1502=VERTEX_POINT('',#6887);
#1503=VERTEX_POINT('',#6891);
#1504=VERTEX_POINT('',#6893);
#1505=VERTEX_POINT('',#6897);
#1506=VERTEX_POINT('',#6898);
#1507=VERTEX_POINT('',#6900);
#1508=VERTEX_POINT('',#6902);
#1509=VERTEX_POINT('',#6906);
#1510=VERTEX_POINT('',#6908);
#1511=VERTEX_POINT('',#6915);
#1512=VERTEX_POINT('',#6917);
#1513=VERTEX_POINT('',#6921);
#1514=VERTEX_POINT('',#6923);
#1515=VERTEX_POINT('',#6927);
#1516=VERTEX_POINT('',#6929);
#1517=VERTEX_POINT('',#6933);
#1518=VERTEX_POINT('',#6934);
#1519=VERTEX_POINT('',#6936);
#1520=VERTEX_POINT('',#6938);
#1521=VERTEX_POINT('',#6942);
#1522=VERTEX_POINT('',#6944);
#1523=VERTEX_POINT('',#6951);
#1524=VERTEX_POINT('',#6953);
#1525=VERTEX_POINT('',#6957);
#1526=VERTEX_POINT('',#6959);
#1527=VERTEX_POINT('',#6963);
#1528=VERTEX_POINT('',#6965);
#1529=VERTEX_POINT('',#6969);
#1530=VERTEX_POINT('',#6970);
#1531=VERTEX_POINT('',#6972);
#1532=VERTEX_POINT('',#6974);
#1533=VERTEX_POINT('',#6978);
#1534=VERTEX_POINT('',#6980);
#1535=VERTEX_POINT('',#6987);
#1536=VERTEX_POINT('',#6989);
#1537=VERTEX_POINT('',#6993);
#1538=VERTEX_POINT('',#6995);
#1539=VERTEX_POINT('',#6999);
#1540=VERTEX_POINT('',#7001);
#1541=VERTEX_POINT('',#7005);
#1542=VERTEX_POINT('',#7006);
#1543=VERTEX_POINT('',#7008);
#1544=VERTEX_POINT('',#7010);
#1545=VERTEX_POINT('',#7014);
#1546=VERTEX_POINT('',#7016);
#1547=VERTEX_POINT('',#7023);
#1548=VERTEX_POINT('',#7025);
#1549=VERTEX_POINT('',#7029);
#1550=VERTEX_POINT('',#7031);
#1551=VERTEX_POINT('',#7035);
#1552=VERTEX_POINT('',#7037);
#1553=VERTEX_POINT('',#7041);
#1554=VERTEX_POINT('',#7042);
#1555=VERTEX_POINT('',#7044);
#1556=VERTEX_POINT('',#7046);
#1557=VERTEX_POINT('',#7050);
#1558=VERTEX_POINT('',#7052);
#1559=VERTEX_POINT('',#7059);
#1560=VERTEX_POINT('',#7061);
#1561=VERTEX_POINT('',#7065);
#1562=VERTEX_POINT('',#7067);
#1563=VERTEX_POINT('',#7071);
#1564=VERTEX_POINT('',#7073);
#1565=VERTEX_POINT('',#7077);
#1566=VERTEX_POINT('',#7078);
#1567=VERTEX_POINT('',#7080);
#1568=VERTEX_POINT('',#7082);
#1569=VERTEX_POINT('',#7086);
#1570=VERTEX_POINT('',#7088);
#1571=VERTEX_POINT('',#7095);
#1572=VERTEX_POINT('',#7097);
#1573=VERTEX_POINT('',#7101);
#1574=VERTEX_POINT('',#7103);
#1575=VERTEX_POINT('',#7107);
#1576=VERTEX_POINT('',#7109);
#1577=VERTEX_POINT('',#7113);
#1578=VERTEX_POINT('',#7114);
#1579=VERTEX_POINT('',#7116);
#1580=VERTEX_POINT('',#7118);
#1581=VERTEX_POINT('',#7122);
#1582=VERTEX_POINT('',#7124);
#1583=VERTEX_POINT('',#7131);
#1584=VERTEX_POINT('',#7133);
#1585=VERTEX_POINT('',#7137);
#1586=VERTEX_POINT('',#7139);
#1587=VERTEX_POINT('',#7143);
#1588=VERTEX_POINT('',#7145);
#1589=VERTEX_POINT('',#7149);
#1590=VERTEX_POINT('',#7150);
#1591=VERTEX_POINT('',#7152);
#1592=VERTEX_POINT('',#7154);
#1593=VERTEX_POINT('',#7158);
#1594=VERTEX_POINT('',#7160);
#1595=VERTEX_POINT('',#7167);
#1596=VERTEX_POINT('',#7169);
#1597=VERTEX_POINT('',#7173);
#1598=VERTEX_POINT('',#7175);
#1599=VERTEX_POINT('',#7179);
#1600=VERTEX_POINT('',#7181);
#1601=VERTEX_POINT('',#7185);
#1602=VERTEX_POINT('',#7186);
#1603=VERTEX_POINT('',#7188);
#1604=VERTEX_POINT('',#7190);
#1605=VERTEX_POINT('',#7194);
#1606=VERTEX_POINT('',#7196);
#1607=VERTEX_POINT('',#7203);
#1608=VERTEX_POINT('',#7205);
#1609=VERTEX_POINT('',#7209);
#1610=VERTEX_POINT('',#7211);
#1611=VERTEX_POINT('',#7215);
#1612=VERTEX_POINT('',#7217);
#1613=VERTEX_POINT('',#7221);
#1614=VERTEX_POINT('',#7222);
#1615=VERTEX_POINT('',#7224);
#1616=VERTEX_POINT('',#7226);
#1617=VERTEX_POINT('',#7230);
#1618=VERTEX_POINT('',#7232);
#1619=VERTEX_POINT('',#7239);
#1620=VERTEX_POINT('',#7241);
#1621=VERTEX_POINT('',#7245);
#1622=VERTEX_POINT('',#7247);
#1623=VERTEX_POINT('',#7251);
#1624=VERTEX_POINT('',#7253);
#1625=VERTEX_POINT('',#7257);
#1626=VERTEX_POINT('',#7258);
#1627=VERTEX_POINT('',#7260);
#1628=VERTEX_POINT('',#7262);
#1629=VERTEX_POINT('',#7266);
#1630=VERTEX_POINT('',#7268);
#1631=VERTEX_POINT('',#7275);
#1632=VERTEX_POINT('',#7277);
#1633=VERTEX_POINT('',#7281);
#1634=VERTEX_POINT('',#7283);
#1635=VERTEX_POINT('',#7287);
#1636=VERTEX_POINT('',#7289);
#1637=VERTEX_POINT('',#7293);
#1638=VERTEX_POINT('',#7294);
#1639=VERTEX_POINT('',#7296);
#1640=VERTEX_POINT('',#7298);
#1641=VERTEX_POINT('',#7302);
#1642=VERTEX_POINT('',#7304);
#1643=VERTEX_POINT('',#7311);
#1644=VERTEX_POINT('',#7313);
#1645=VERTEX_POINT('',#7317);
#1646=VERTEX_POINT('',#7319);
#1647=VERTEX_POINT('',#7323);
#1648=VERTEX_POINT('',#7325);
#1649=VERTEX_POINT('',#7329);
#1650=VERTEX_POINT('',#7330);
#1651=VERTEX_POINT('',#7332);
#1652=VERTEX_POINT('',#7334);
#1653=VERTEX_POINT('',#7338);
#1654=VERTEX_POINT('',#7340);
#1655=VERTEX_POINT('',#7347);
#1656=VERTEX_POINT('',#7349);
#1657=VERTEX_POINT('',#7353);
#1658=VERTEX_POINT('',#7355);
#1659=VERTEX_POINT('',#7359);
#1660=VERTEX_POINT('',#7361);
#1661=VERTEX_POINT('',#7365);
#1662=VERTEX_POINT('',#7366);
#1663=VERTEX_POINT('',#7368);
#1664=VERTEX_POINT('',#7370);
#1665=VERTEX_POINT('',#7374);
#1666=VERTEX_POINT('',#7376);
#1667=VERTEX_POINT('',#7383);
#1668=VERTEX_POINT('',#7385);
#1669=VERTEX_POINT('',#7389);
#1670=VERTEX_POINT('',#7391);
#1671=VERTEX_POINT('',#7395);
#1672=VERTEX_POINT('',#7397);
#1673=VERTEX_POINT('',#7401);
#1674=VERTEX_POINT('',#7402);
#1675=VERTEX_POINT('',#7404);
#1676=VERTEX_POINT('',#7406);
#1677=VERTEX_POINT('',#7410);
#1678=VERTEX_POINT('',#7412);
#1679=VERTEX_POINT('',#7419);
#1680=VERTEX_POINT('',#7421);
#1681=VERTEX_POINT('',#7425);
#1682=VERTEX_POINT('',#7427);
#1683=VERTEX_POINT('',#7431);
#1684=VERTEX_POINT('',#7433);
#1685=VERTEX_POINT('',#7437);
#1686=VERTEX_POINT('',#7438);
#1687=VERTEX_POINT('',#7440);
#1688=VERTEX_POINT('',#7442);
#1689=VERTEX_POINT('',#7446);
#1690=VERTEX_POINT('',#7448);
#1691=VERTEX_POINT('',#7455);
#1692=VERTEX_POINT('',#7457);
#1693=VERTEX_POINT('',#7461);
#1694=VERTEX_POINT('',#7463);
#1695=VERTEX_POINT('',#7467);
#1696=VERTEX_POINT('',#7469);
#1697=VERTEX_POINT('',#7473);
#1698=VERTEX_POINT('',#7474);
#1699=VERTEX_POINT('',#7476);
#1700=VERTEX_POINT('',#7478);
#1701=VERTEX_POINT('',#7482);
#1702=VERTEX_POINT('',#7484);
#1703=VERTEX_POINT('',#7491);
#1704=VERTEX_POINT('',#7493);
#1705=VERTEX_POINT('',#7497);
#1706=VERTEX_POINT('',#7499);
#1707=VERTEX_POINT('',#7503);
#1708=VERTEX_POINT('',#7505);
#1709=VERTEX_POINT('',#7509);
#1710=VERTEX_POINT('',#7510);
#1711=VERTEX_POINT('',#7512);
#1712=VERTEX_POINT('',#7514);
#1713=VERTEX_POINT('',#7518);
#1714=VERTEX_POINT('',#7520);
#1715=VERTEX_POINT('',#7527);
#1716=VERTEX_POINT('',#7529);
#1717=VERTEX_POINT('',#7533);
#1718=VERTEX_POINT('',#7535);
#1719=VERTEX_POINT('',#7539);
#1720=VERTEX_POINT('',#7541);
#1721=VERTEX_POINT('',#7545);
#1722=VERTEX_POINT('',#7546);
#1723=VERTEX_POINT('',#7548);
#1724=VERTEX_POINT('',#7550);
#1725=VERTEX_POINT('',#7554);
#1726=VERTEX_POINT('',#7556);
#1727=VERTEX_POINT('',#7563);
#1728=VERTEX_POINT('',#7565);
#1729=VERTEX_POINT('',#7569);
#1730=VERTEX_POINT('',#7571);
#1731=VERTEX_POINT('',#7575);
#1732=VERTEX_POINT('',#7577);
#1733=VERTEX_POINT('',#7581);
#1734=VERTEX_POINT('',#7582);
#1735=VERTEX_POINT('',#7584);
#1736=VERTEX_POINT('',#7586);
#1737=VERTEX_POINT('',#7590);
#1738=VERTEX_POINT('',#7592);
#1739=VERTEX_POINT('',#7599);
#1740=VERTEX_POINT('',#7601);
#1741=VERTEX_POINT('',#7605);
#1742=VERTEX_POINT('',#7607);
#1743=VERTEX_POINT('',#7611);
#1744=VERTEX_POINT('',#7613);
#1745=VERTEX_POINT('',#7617);
#1746=VERTEX_POINT('',#7618);
#1747=VERTEX_POINT('',#7620);
#1748=VERTEX_POINT('',#7622);
#1749=VERTEX_POINT('',#7626);
#1750=VERTEX_POINT('',#7628);
#1751=VERTEX_POINT('',#7635);
#1752=VERTEX_POINT('',#7637);
#1753=VERTEX_POINT('',#7641);
#1754=VERTEX_POINT('',#7643);
#1755=VERTEX_POINT('',#7647);
#1756=VERTEX_POINT('',#7649);
#1757=VERTEX_POINT('',#7653);
#1758=VERTEX_POINT('',#7654);
#1759=VERTEX_POINT('',#7656);
#1760=VERTEX_POINT('',#7658);
#1761=VERTEX_POINT('',#7662);
#1762=VERTEX_POINT('',#7664);
#1763=VERTEX_POINT('',#7671);
#1764=VERTEX_POINT('',#7673);
#1765=VERTEX_POINT('',#7677);
#1766=VERTEX_POINT('',#7679);
#1767=VERTEX_POINT('',#7683);
#1768=VERTEX_POINT('',#7685);
#1769=VERTEX_POINT('',#7689);
#1770=VERTEX_POINT('',#7690);
#1771=VERTEX_POINT('',#7692);
#1772=VERTEX_POINT('',#7694);
#1773=VERTEX_POINT('',#7698);
#1774=VERTEX_POINT('',#7700);
#1775=VERTEX_POINT('',#7707);
#1776=VERTEX_POINT('',#7709);
#1777=VERTEX_POINT('',#7713);
#1778=VERTEX_POINT('',#7715);
#1779=VERTEX_POINT('',#7719);
#1780=VERTEX_POINT('',#7721);
#1781=VERTEX_POINT('',#7725);
#1782=VERTEX_POINT('',#7726);
#1783=VERTEX_POINT('',#7728);
#1784=VERTEX_POINT('',#7730);
#1785=VERTEX_POINT('',#7734);
#1786=VERTEX_POINT('',#7736);
#1787=VERTEX_POINT('',#7743);
#1788=VERTEX_POINT('',#7745);
#1789=VERTEX_POINT('',#7749);
#1790=VERTEX_POINT('',#7751);
#1791=VERTEX_POINT('',#7755);
#1792=VERTEX_POINT('',#7757);
#1793=VERTEX_POINT('',#7761);
#1794=VERTEX_POINT('',#7762);
#1795=VERTEX_POINT('',#7764);
#1796=VERTEX_POINT('',#7766);
#1797=VERTEX_POINT('',#7770);
#1798=VERTEX_POINT('',#7772);
#1799=VERTEX_POINT('',#7779);
#1800=VERTEX_POINT('',#7781);
#1801=VERTEX_POINT('',#7785);
#1802=VERTEX_POINT('',#7787);
#1803=VERTEX_POINT('',#7791);
#1804=VERTEX_POINT('',#7793);
#1805=VERTEX_POINT('',#7797);
#1806=VERTEX_POINT('',#7798);
#1807=VERTEX_POINT('',#7800);
#1808=VERTEX_POINT('',#7802);
#1809=VERTEX_POINT('',#7806);
#1810=VERTEX_POINT('',#7808);
#1811=VERTEX_POINT('',#7815);
#1812=VERTEX_POINT('',#7817);
#1813=VERTEX_POINT('',#7821);
#1814=VERTEX_POINT('',#7823);
#1815=VERTEX_POINT('',#7827);
#1816=VERTEX_POINT('',#7829);
#1817=VERTEX_POINT('',#7833);
#1818=VERTEX_POINT('',#7834);
#1819=VERTEX_POINT('',#7836);
#1820=VERTEX_POINT('',#7838);
#1821=VERTEX_POINT('',#7842);
#1822=VERTEX_POINT('',#7844);
#1823=VERTEX_POINT('',#7851);
#1824=VERTEX_POINT('',#7853);
#1825=VERTEX_POINT('',#7857);
#1826=VERTEX_POINT('',#7859);
#1827=VERTEX_POINT('',#7863);
#1828=VERTEX_POINT('',#7865);
#1829=VERTEX_POINT('',#7869);
#1830=VERTEX_POINT('',#7870);
#1831=VERTEX_POINT('',#7872);
#1832=VERTEX_POINT('',#7874);
#1833=VERTEX_POINT('',#7878);
#1834=VERTEX_POINT('',#7880);
#1835=VERTEX_POINT('',#7887);
#1836=VERTEX_POINT('',#7889);
#1837=VERTEX_POINT('',#7893);
#1838=VERTEX_POINT('',#7895);
#1839=VERTEX_POINT('',#7899);
#1840=VERTEX_POINT('',#7901);
#1841=VERTEX_POINT('',#7905);
#1842=VERTEX_POINT('',#7906);
#1843=VERTEX_POINT('',#7908);
#1844=VERTEX_POINT('',#7910);
#1845=VERTEX_POINT('',#7914);
#1846=VERTEX_POINT('',#7916);
#1847=VERTEX_POINT('',#7923);
#1848=VERTEX_POINT('',#7925);
#1849=VERTEX_POINT('',#7929);
#1850=VERTEX_POINT('',#7931);
#1851=VERTEX_POINT('',#7935);
#1852=VERTEX_POINT('',#7937);
#1853=VERTEX_POINT('',#7941);
#1854=VERTEX_POINT('',#7943);
#1855=VERTEX_POINT('',#7947);
#1856=VERTEX_POINT('',#7949);
#1857=VERTEX_POINT('',#7956);
#1858=VERTEX_POINT('',#7991);
#1859=VERTEX_POINT('',#8028);
#1860=VERTEX_POINT('',#8030);
#1861=VERTEX_POINT('',#8034);
#1862=VERTEX_POINT('',#8037);
#1863=VERTEX_POINT('',#8133);
#1864=VERTEX_POINT('',#8155);
#1865=VERTEX_POINT('',#8192);
#1866=VERTEX_POINT('',#8194);
#1867=VERTEX_POINT('',#8198);
#1868=VERTEX_POINT('',#8201);
#1869=VERTEX_POINT('',#8207);
#1870=VERTEX_POINT('',#8210);
#1871=VERTEX_POINT('',#8214);
#1872=VERTEX_POINT('',#8218);
#1873=VERTEX_POINT('',#8220);
#1874=VERTEX_POINT('',#8226);
#1875=VERTEX_POINT('',#8229);
#1876=EDGE_CURVE('',#1425,#1426,#979,.T.);
#1877=EDGE_CURVE('',#1425,#1427,#523,.T.);
#1878=EDGE_CURVE('',#1428,#1427,#980,.T.);
#1879=EDGE_CURVE('',#1428,#1426,#524,.T.);
#1880=EDGE_CURVE('',#1429,#1425,#981,.T.);
#1881=EDGE_CURVE('',#1429,#1430,#525,.T.);
#1882=EDGE_CURVE('',#1427,#1430,#982,.T.);
#1883=EDGE_CURVE('',#1431,#1432,#983,.T.);
#1884=EDGE_CURVE('',#1431,#1433,#526,.T.);
#1885=EDGE_CURVE('',#1434,#1433,#984,.T.);
#1886=EDGE_CURVE('',#1434,#1432,#527,.T.);
#1887=EDGE_CURVE('',#1435,#1431,#985,.T.);
#1888=EDGE_CURVE('',#1435,#1436,#528,.T.);
#1889=EDGE_CURVE('',#1433,#1436,#986,.T.);
#1890=EDGE_CURVE('',#1436,#1429,#987,.T.);
#1891=EDGE_CURVE('',#1430,#1435,#988,.T.);
#1892=EDGE_CURVE('',#1437,#1434,#989,.T.);
#1893=EDGE_CURVE('',#1438,#1437,#529,.T.);
#1894=EDGE_CURVE('',#1432,#1438,#990,.T.);
#1895=EDGE_CURVE('',#1439,#1428,#991,.T.);
#1896=EDGE_CURVE('',#1440,#1439,#530,.T.);
#1897=EDGE_CURVE('',#1426,#1440,#992,.T.);
#1898=EDGE_CURVE('',#1441,#1437,#993,.T.);
#1899=EDGE_CURVE('',#1441,#1442,#531,.T.);
#1900=EDGE_CURVE('',#1438,#1442,#994,.T.);
#1901=EDGE_CURVE('',#1443,#1441,#995,.T.);
#1902=EDGE_CURVE('',#1443,#1444,#532,.T.);
#1903=EDGE_CURVE('',#1442,#1444,#996,.T.);
#1904=EDGE_CURVE('',#1445,#1446,#997,.T.);
#1905=EDGE_CURVE('',#1445,#1447,#533,.T.);
#1906=EDGE_CURVE('',#1448,#1447,#998,.T.);
#1907=EDGE_CURVE('',#1448,#1446,#534,.T.);
#1908=EDGE_CURVE('',#1449,#1445,#999,.T.);
#1909=EDGE_CURVE('',#1449,#1450,#535,.T.);
#1910=EDGE_CURVE('',#1447,#1450,#1000,.T.);
#1911=EDGE_CURVE('',#1450,#1443,#1001,.T.);
#1912=EDGE_CURVE('',#1444,#1449,#1002,.T.);
#1913=EDGE_CURVE('',#1451,#1448,#1003,.T.);
#1914=EDGE_CURVE('',#1452,#1451,#536,.T.);
#1915=EDGE_CURVE('',#1446,#1452,#1004,.T.);
#1916=EDGE_CURVE('',#1453,#1451,#1005,.T.);
#1917=EDGE_CURVE('',#1453,#1454,#537,.T.);
#1918=EDGE_CURVE('',#1452,#1454,#1006,.T.);
#1919=EDGE_CURVE('',#1455,#1453,#1007,.T.);
#1920=EDGE_CURVE('',#1455,#1456,#538,.T.);
#1921=EDGE_CURVE('',#1454,#1456,#1008,.T.);
#1922=EDGE_CURVE('',#1457,#1458,#1009,.T.);
#1923=EDGE_CURVE('',#1457,#1459,#539,.T.);
#1924=EDGE_CURVE('',#1460,#1459,#1010,.T.);
#1925=EDGE_CURVE('',#1460,#1458,#540,.T.);
#1926=EDGE_CURVE('',#1461,#1457,#1011,.T.);
#1927=EDGE_CURVE('',#1461,#1462,#541,.T.);
#1928=EDGE_CURVE('',#1459,#1462,#1012,.T.);
#1929=EDGE_CURVE('',#1462,#1455,#1013,.T.);
#1930=EDGE_CURVE('',#1456,#1461,#1014,.T.);
#1931=EDGE_CURVE('',#1463,#1460,#1015,.T.);
#1932=EDGE_CURVE('',#1464,#1463,#542,.T.);
#1933=EDGE_CURVE('',#1458,#1464,#1016,.T.);
#1934=EDGE_CURVE('',#1465,#1463,#1017,.T.);
#1935=EDGE_CURVE('',#1465,#1466,#543,.T.);
#1936=EDGE_CURVE('',#1464,#1466,#1018,.T.);
#1937=EDGE_CURVE('',#1467,#1465,#1019,.T.);
#1938=EDGE_CURVE('',#1467,#1468,#544,.T.);
#1939=EDGE_CURVE('',#1466,#1468,#1020,.T.);
#1940=EDGE_CURVE('',#1469,#1470,#1021,.T.);
#1941=EDGE_CURVE('',#1469,#1471,#545,.T.);
#1942=EDGE_CURVE('',#1472,#1471,#1022,.T.);
#1943=EDGE_CURVE('',#1472,#1470,#546,.T.);
#1944=EDGE_CURVE('',#1473,#1469,#1023,.T.);
#1945=EDGE_CURVE('',#1473,#1474,#547,.T.);
#1946=EDGE_CURVE('',#1471,#1474,#1024,.T.);
#1947=EDGE_CURVE('',#1474,#1467,#1025,.T.);
#1948=EDGE_CURVE('',#1468,#1473,#1026,.T.);
#1949=EDGE_CURVE('',#1475,#1472,#1027,.T.);
#1950=EDGE_CURVE('',#1476,#1475,#548,.T.);
#1951=EDGE_CURVE('',#1470,#1476,#1028,.T.);
#1952=EDGE_CURVE('',#1477,#1475,#1029,.T.);
#1953=EDGE_CURVE('',#1477,#1478,#549,.T.);
#1954=EDGE_CURVE('',#1476,#1478,#1030,.T.);
#1955=EDGE_CURVE('',#1479,#1477,#1031,.T.);
#1956=EDGE_CURVE('',#1479,#1480,#550,.T.);
#1957=EDGE_CURVE('',#1478,#1480,#1032,.T.);
#1958=EDGE_CURVE('',#1481,#1482,#1033,.T.);
#1959=EDGE_CURVE('',#1481,#1483,#551,.T.);
#1960=EDGE_CURVE('',#1484,#1483,#1034,.T.);
#1961=EDGE_CURVE('',#1484,#1482,#552,.T.);
#1962=EDGE_CURVE('',#1485,#1481,#1035,.T.);
#1963=EDGE_CURVE('',#1485,#1486,#553,.T.);
#1964=EDGE_CURVE('',#1483,#1486,#1036,.T.);
#1965=EDGE_CURVE('',#1486,#1479,#1037,.T.);
#1966=EDGE_CURVE('',#1480,#1485,#1038,.T.);
#1967=EDGE_CURVE('',#1487,#1484,#1039,.T.);
#1968=EDGE_CURVE('',#1488,#1487,#554,.T.);
#1969=EDGE_CURVE('',#1482,#1488,#1040,.T.);
#1970=EDGE_CURVE('',#1489,#1487,#1041,.T.);
#1971=EDGE_CURVE('',#1489,#1490,#555,.T.);
#1972=EDGE_CURVE('',#1488,#1490,#1042,.T.);
#1973=EDGE_CURVE('',#1491,#1489,#1043,.T.);
#1974=EDGE_CURVE('',#1491,#1492,#556,.T.);
#1975=EDGE_CURVE('',#1490,#1492,#1044,.T.);
#1976=EDGE_CURVE('',#1493,#1494,#1045,.T.);
#1977=EDGE_CURVE('',#1493,#1495,#557,.T.);
#1978=EDGE_CURVE('',#1496,#1495,#1046,.T.);
#1979=EDGE_CURVE('',#1496,#1494,#558,.T.);
#1980=EDGE_CURVE('',#1497,#1493,#1047,.T.);
#1981=EDGE_CURVE('',#1497,#1498,#559,.T.);
#1982=EDGE_CURVE('',#1495,#1498,#1048,.T.);
#1983=EDGE_CURVE('',#1498,#1491,#1049,.T.);
#1984=EDGE_CURVE('',#1492,#1497,#1050,.T.);
#1985=EDGE_CURVE('',#1499,#1496,#1051,.T.);
#1986=EDGE_CURVE('',#1500,#1499,#560,.T.);
#1987=EDGE_CURVE('',#1494,#1500,#1052,.T.);
#1988=EDGE_CURVE('',#1501,#1499,#1053,.T.);
#1989=EDGE_CURVE('',#1501,#1502,#561,.T.);
#1990=EDGE_CURVE('',#1500,#1502,#1054,.T.);
#1991=EDGE_CURVE('',#1503,#1501,#1055,.T.);
#1992=EDGE_CURVE('',#1503,#1504,#562,.T.);
#1993=EDGE_CURVE('',#1502,#1504,#1056,.T.);
#1994=EDGE_CURVE('',#1505,#1506,#1057,.T.);
#1995=EDGE_CURVE('',#1505,#1507,#563,.T.);
#1996=EDGE_CURVE('',#1508,#1507,#1058,.T.);
#1997=EDGE_CURVE('',#1508,#1506,#564,.T.);
#1998=EDGE_CURVE('',#1509,#1505,#1059,.T.);
#1999=EDGE_CURVE('',#1509,#1510,#565,.T.);
#2000=EDGE_CURVE('',#1507,#1510,#1060,.T.);
#2001=EDGE_CURVE('',#1510,#1503,#1061,.T.);
#2002=EDGE_CURVE('',#1504,#1509,#1062,.T.);
#2003=EDGE_CURVE('',#1511,#1508,#1063,.T.);
#2004=EDGE_CURVE('',#1512,#1511,#566,.T.);
#2005=EDGE_CURVE('',#1506,#1512,#1064,.T.);
#2006=EDGE_CURVE('',#1513,#1511,#1065,.T.);
#2007=EDGE_CURVE('',#1513,#1514,#567,.T.);
#2008=EDGE_CURVE('',#1512,#1514,#1066,.T.);
#2009=EDGE_CURVE('',#1515,#1513,#1067,.T.);
#2010=EDGE_CURVE('',#1515,#1516,#568,.T.);
#2011=EDGE_CURVE('',#1514,#1516,#1068,.T.);
#2012=EDGE_CURVE('',#1517,#1518,#1069,.T.);
#2013=EDGE_CURVE('',#1517,#1519,#569,.T.);
#2014=EDGE_CURVE('',#1520,#1519,#1070,.T.);
#2015=EDGE_CURVE('',#1520,#1518,#570,.T.);
#2016=EDGE_CURVE('',#1521,#1517,#1071,.T.);
#2017=EDGE_CURVE('',#1521,#1522,#571,.T.);
#2018=EDGE_CURVE('',#1519,#1522,#1072,.T.);
#2019=EDGE_CURVE('',#1522,#1515,#1073,.T.);
#2020=EDGE_CURVE('',#1516,#1521,#1074,.T.);
#2021=EDGE_CURVE('',#1523,#1520,#1075,.T.);
#2022=EDGE_CURVE('',#1524,#1523,#572,.T.);
#2023=EDGE_CURVE('',#1518,#1524,#1076,.T.);
#2024=EDGE_CURVE('',#1525,#1523,#1077,.T.);
#2025=EDGE_CURVE('',#1525,#1526,#573,.T.);
#2026=EDGE_CURVE('',#1524,#1526,#1078,.T.);
#2027=EDGE_CURVE('',#1527,#1525,#1079,.T.);
#2028=EDGE_CURVE('',#1527,#1528,#574,.T.);
#2029=EDGE_CURVE('',#1526,#1528,#1080,.T.);
#2030=EDGE_CURVE('',#1529,#1530,#1081,.T.);
#2031=EDGE_CURVE('',#1529,#1531,#575,.T.);
#2032=EDGE_CURVE('',#1532,#1531,#1082,.T.);
#2033=EDGE_CURVE('',#1532,#1530,#576,.T.);
#2034=EDGE_CURVE('',#1533,#1529,#1083,.T.);
#2035=EDGE_CURVE('',#1533,#1534,#577,.T.);
#2036=EDGE_CURVE('',#1531,#1534,#1084,.T.);
#2037=EDGE_CURVE('',#1534,#1527,#1085,.T.);
#2038=EDGE_CURVE('',#1528,#1533,#1086,.T.);
#2039=EDGE_CURVE('',#1535,#1532,#1087,.T.);
#2040=EDGE_CURVE('',#1536,#1535,#578,.T.);
#2041=EDGE_CURVE('',#1530,#1536,#1088,.T.);
#2042=EDGE_CURVE('',#1537,#1535,#1089,.T.);
#2043=EDGE_CURVE('',#1537,#1538,#579,.T.);
#2044=EDGE_CURVE('',#1536,#1538,#1090,.T.);
#2045=EDGE_CURVE('',#1539,#1537,#1091,.T.);
#2046=EDGE_CURVE('',#1539,#1540,#580,.T.);
#2047=EDGE_CURVE('',#1538,#1540,#1092,.T.);
#2048=EDGE_CURVE('',#1541,#1542,#1093,.T.);
#2049=EDGE_CURVE('',#1541,#1543,#581,.T.);
#2050=EDGE_CURVE('',#1544,#1543,#1094,.T.);
#2051=EDGE_CURVE('',#1544,#1542,#582,.T.);
#2052=EDGE_CURVE('',#1545,#1541,#1095,.T.);
#2053=EDGE_CURVE('',#1545,#1546,#583,.T.);
#2054=EDGE_CURVE('',#1543,#1546,#1096,.T.);
#2055=EDGE_CURVE('',#1546,#1539,#1097,.T.);
#2056=EDGE_CURVE('',#1540,#1545,#1098,.T.);
#2057=EDGE_CURVE('',#1547,#1544,#1099,.T.);
#2058=EDGE_CURVE('',#1548,#1547,#584,.T.);
#2059=EDGE_CURVE('',#1542,#1548,#1100,.T.);
#2060=EDGE_CURVE('',#1549,#1547,#1101,.T.);
#2061=EDGE_CURVE('',#1549,#1550,#585,.T.);
#2062=EDGE_CURVE('',#1548,#1550,#1102,.T.);
#2063=EDGE_CURVE('',#1551,#1549,#1103,.T.);
#2064=EDGE_CURVE('',#1551,#1552,#586,.T.);
#2065=EDGE_CURVE('',#1550,#1552,#1104,.T.);
#2066=EDGE_CURVE('',#1553,#1554,#1105,.T.);
#2067=EDGE_CURVE('',#1553,#1555,#587,.T.);
#2068=EDGE_CURVE('',#1556,#1555,#1106,.T.);
#2069=EDGE_CURVE('',#1556,#1554,#588,.T.);
#2070=EDGE_CURVE('',#1557,#1553,#1107,.T.);
#2071=EDGE_CURVE('',#1557,#1558,#589,.T.);
#2072=EDGE_CURVE('',#1555,#1558,#1108,.T.);
#2073=EDGE_CURVE('',#1558,#1551,#1109,.T.);
#2074=EDGE_CURVE('',#1552,#1557,#1110,.T.);
#2075=EDGE_CURVE('',#1559,#1556,#1111,.T.);
#2076=EDGE_CURVE('',#1560,#1559,#590,.T.);
#2077=EDGE_CURVE('',#1554,#1560,#1112,.T.);
#2078=EDGE_CURVE('',#1561,#1559,#1113,.T.);
#2079=EDGE_CURVE('',#1561,#1562,#591,.T.);
#2080=EDGE_CURVE('',#1560,#1562,#1114,.T.);
#2081=EDGE_CURVE('',#1563,#1561,#1115,.T.);
#2082=EDGE_CURVE('',#1563,#1564,#592,.T.);
#2083=EDGE_CURVE('',#1562,#1564,#1116,.T.);
#2084=EDGE_CURVE('',#1565,#1566,#1117,.T.);
#2085=EDGE_CURVE('',#1565,#1567,#593,.T.);
#2086=EDGE_CURVE('',#1568,#1567,#1118,.T.);
#2087=EDGE_CURVE('',#1568,#1566,#594,.T.);
#2088=EDGE_CURVE('',#1569,#1565,#1119,.T.);
#2089=EDGE_CURVE('',#1569,#1570,#595,.T.);
#2090=EDGE_CURVE('',#1567,#1570,#1120,.T.);
#2091=EDGE_CURVE('',#1570,#1563,#1121,.T.);
#2092=EDGE_CURVE('',#1564,#1569,#1122,.T.);
#2093=EDGE_CURVE('',#1571,#1568,#1123,.T.);
#2094=EDGE_CURVE('',#1572,#1571,#596,.T.);
#2095=EDGE_CURVE('',#1566,#1572,#1124,.T.);
#2096=EDGE_CURVE('',#1573,#1571,#1125,.T.);
#2097=EDGE_CURVE('',#1573,#1574,#597,.T.);
#2098=EDGE_CURVE('',#1572,#1574,#1126,.T.);
#2099=EDGE_CURVE('',#1575,#1573,#1127,.T.);
#2100=EDGE_CURVE('',#1575,#1576,#598,.T.);
#2101=EDGE_CURVE('',#1574,#1576,#1128,.T.);
#2102=EDGE_CURVE('',#1577,#1578,#1129,.T.);
#2103=EDGE_CURVE('',#1577,#1579,#599,.T.);
#2104=EDGE_CURVE('',#1580,#1579,#1130,.T.);
#2105=EDGE_CURVE('',#1580,#1578,#600,.T.);
#2106=EDGE_CURVE('',#1581,#1577,#1131,.T.);
#2107=EDGE_CURVE('',#1581,#1582,#601,.T.);
#2108=EDGE_CURVE('',#1579,#1582,#1132,.T.);
#2109=EDGE_CURVE('',#1582,#1575,#1133,.T.);
#2110=EDGE_CURVE('',#1576,#1581,#1134,.T.);
#2111=EDGE_CURVE('',#1583,#1580,#1135,.T.);
#2112=EDGE_CURVE('',#1584,#1583,#602,.T.);
#2113=EDGE_CURVE('',#1578,#1584,#1136,.T.);
#2114=EDGE_CURVE('',#1585,#1583,#1137,.T.);
#2115=EDGE_CURVE('',#1585,#1586,#603,.T.);
#2116=EDGE_CURVE('',#1584,#1586,#1138,.T.);
#2117=EDGE_CURVE('',#1587,#1585,#1139,.T.);
#2118=EDGE_CURVE('',#1587,#1588,#604,.T.);
#2119=EDGE_CURVE('',#1586,#1588,#1140,.T.);
#2120=EDGE_CURVE('',#1589,#1590,#1141,.T.);
#2121=EDGE_CURVE('',#1589,#1591,#605,.T.);
#2122=EDGE_CURVE('',#1592,#1591,#1142,.T.);
#2123=EDGE_CURVE('',#1592,#1590,#606,.T.);
#2124=EDGE_CURVE('',#1593,#1589,#1143,.T.);
#2125=EDGE_CURVE('',#1593,#1594,#607,.T.);
#2126=EDGE_CURVE('',#1591,#1594,#1144,.T.);
#2127=EDGE_CURVE('',#1594,#1587,#1145,.T.);
#2128=EDGE_CURVE('',#1588,#1593,#1146,.T.);
#2129=EDGE_CURVE('',#1595,#1592,#1147,.T.);
#2130=EDGE_CURVE('',#1596,#1595,#608,.T.);
#2131=EDGE_CURVE('',#1590,#1596,#1148,.T.);
#2132=EDGE_CURVE('',#1597,#1595,#1149,.T.);
#2133=EDGE_CURVE('',#1597,#1598,#609,.T.);
#2134=EDGE_CURVE('',#1596,#1598,#1150,.T.);
#2135=EDGE_CURVE('',#1599,#1597,#1151,.T.);
#2136=EDGE_CURVE('',#1599,#1600,#610,.T.);
#2137=EDGE_CURVE('',#1598,#1600,#1152,.T.);
#2138=EDGE_CURVE('',#1601,#1602,#1153,.T.);
#2139=EDGE_CURVE('',#1601,#1603,#611,.T.);
#2140=EDGE_CURVE('',#1604,#1603,#1154,.T.);
#2141=EDGE_CURVE('',#1604,#1602,#612,.T.);
#2142=EDGE_CURVE('',#1605,#1601,#1155,.T.);
#2143=EDGE_CURVE('',#1605,#1606,#613,.T.);
#2144=EDGE_CURVE('',#1603,#1606,#1156,.T.);
#2145=EDGE_CURVE('',#1606,#1599,#1157,.T.);
#2146=EDGE_CURVE('',#1600,#1605,#1158,.T.);
#2147=EDGE_CURVE('',#1607,#1604,#1159,.T.);
#2148=EDGE_CURVE('',#1608,#1607,#614,.T.);
#2149=EDGE_CURVE('',#1602,#1608,#1160,.T.);
#2150=EDGE_CURVE('',#1609,#1607,#1161,.T.);
#2151=EDGE_CURVE('',#1609,#1610,#615,.T.);
#2152=EDGE_CURVE('',#1608,#1610,#1162,.T.);
#2153=EDGE_CURVE('',#1611,#1609,#1163,.T.);
#2154=EDGE_CURVE('',#1611,#1612,#616,.T.);
#2155=EDGE_CURVE('',#1610,#1612,#1164,.T.);
#2156=EDGE_CURVE('',#1613,#1614,#1165,.T.);
#2157=EDGE_CURVE('',#1613,#1615,#617,.T.);
#2158=EDGE_CURVE('',#1616,#1615,#1166,.T.);
#2159=EDGE_CURVE('',#1616,#1614,#618,.T.);
#2160=EDGE_CURVE('',#1617,#1613,#1167,.T.);
#2161=EDGE_CURVE('',#1617,#1618,#619,.T.);
#2162=EDGE_CURVE('',#1615,#1618,#1168,.T.);
#2163=EDGE_CURVE('',#1618,#1611,#1169,.T.);
#2164=EDGE_CURVE('',#1612,#1617,#1170,.T.);
#2165=EDGE_CURVE('',#1619,#1616,#1171,.T.);
#2166=EDGE_CURVE('',#1620,#1619,#620,.T.);
#2167=EDGE_CURVE('',#1614,#1620,#1172,.T.);
#2168=EDGE_CURVE('',#1621,#1619,#1173,.T.);
#2169=EDGE_CURVE('',#1621,#1622,#621,.T.);
#2170=EDGE_CURVE('',#1620,#1622,#1174,.T.);
#2171=EDGE_CURVE('',#1623,#1621,#1175,.T.);
#2172=EDGE_CURVE('',#1623,#1624,#622,.T.);
#2173=EDGE_CURVE('',#1622,#1624,#1176,.T.);
#2174=EDGE_CURVE('',#1625,#1626,#1177,.T.);
#2175=EDGE_CURVE('',#1625,#1627,#623,.T.);
#2176=EDGE_CURVE('',#1628,#1627,#1178,.T.);
#2177=EDGE_CURVE('',#1628,#1626,#624,.T.);
#2178=EDGE_CURVE('',#1629,#1625,#1179,.T.);
#2179=EDGE_CURVE('',#1629,#1630,#625,.T.);
#2180=EDGE_CURVE('',#1627,#1630,#1180,.T.);
#2181=EDGE_CURVE('',#1630,#1623,#1181,.T.);
#2182=EDGE_CURVE('',#1624,#1629,#1182,.T.);
#2183=EDGE_CURVE('',#1631,#1628,#1183,.T.);
#2184=EDGE_CURVE('',#1632,#1631,#626,.T.);
#2185=EDGE_CURVE('',#1626,#1632,#1184,.T.);
#2186=EDGE_CURVE('',#1633,#1631,#1185,.T.);
#2187=EDGE_CURVE('',#1633,#1634,#627,.T.);
#2188=EDGE_CURVE('',#1632,#1634,#1186,.T.);
#2189=EDGE_CURVE('',#1635,#1633,#1187,.T.);
#2190=EDGE_CURVE('',#1635,#1636,#628,.T.);
#2191=EDGE_CURVE('',#1634,#1636,#1188,.T.);
#2192=EDGE_CURVE('',#1637,#1638,#1189,.T.);
#2193=EDGE_CURVE('',#1637,#1639,#629,.T.);
#2194=EDGE_CURVE('',#1640,#1639,#1190,.T.);
#2195=EDGE_CURVE('',#1640,#1638,#630,.T.);
#2196=EDGE_CURVE('',#1641,#1637,#1191,.T.);
#2197=EDGE_CURVE('',#1641,#1642,#631,.T.);
#2198=EDGE_CURVE('',#1639,#1642,#1192,.T.);
#2199=EDGE_CURVE('',#1642,#1635,#1193,.T.);
#2200=EDGE_CURVE('',#1636,#1641,#1194,.T.);
#2201=EDGE_CURVE('',#1643,#1640,#1195,.T.);
#2202=EDGE_CURVE('',#1644,#1643,#632,.T.);
#2203=EDGE_CURVE('',#1638,#1644,#1196,.T.);
#2204=EDGE_CURVE('',#1645,#1643,#1197,.T.);
#2205=EDGE_CURVE('',#1645,#1646,#633,.T.);
#2206=EDGE_CURVE('',#1644,#1646,#1198,.T.);
#2207=EDGE_CURVE('',#1647,#1645,#1199,.T.);
#2208=EDGE_CURVE('',#1647,#1648,#634,.T.);
#2209=EDGE_CURVE('',#1646,#1648,#1200,.T.);
#2210=EDGE_CURVE('',#1649,#1650,#1201,.T.);
#2211=EDGE_CURVE('',#1649,#1651,#635,.T.);
#2212=EDGE_CURVE('',#1652,#1651,#1202,.T.);
#2213=EDGE_CURVE('',#1652,#1650,#636,.T.);
#2214=EDGE_CURVE('',#1653,#1649,#1203,.T.);
#2215=EDGE_CURVE('',#1653,#1654,#637,.T.);
#2216=EDGE_CURVE('',#1651,#1654,#1204,.T.);
#2217=EDGE_CURVE('',#1654,#1647,#1205,.T.);
#2218=EDGE_CURVE('',#1648,#1653,#1206,.T.);
#2219=EDGE_CURVE('',#1655,#1652,#1207,.T.);
#2220=EDGE_CURVE('',#1656,#1655,#638,.T.);
#2221=EDGE_CURVE('',#1650,#1656,#1208,.T.);
#2222=EDGE_CURVE('',#1657,#1655,#1209,.T.);
#2223=EDGE_CURVE('',#1657,#1658,#639,.T.);
#2224=EDGE_CURVE('',#1656,#1658,#1210,.T.);
#2225=EDGE_CURVE('',#1659,#1657,#1211,.T.);
#2226=EDGE_CURVE('',#1659,#1660,#640,.T.);
#2227=EDGE_CURVE('',#1658,#1660,#1212,.T.);
#2228=EDGE_CURVE('',#1661,#1662,#1213,.T.);
#2229=EDGE_CURVE('',#1661,#1663,#641,.T.);
#2230=EDGE_CURVE('',#1664,#1663,#1214,.T.);
#2231=EDGE_CURVE('',#1664,#1662,#642,.T.);
#2232=EDGE_CURVE('',#1665,#1661,#1215,.T.);
#2233=EDGE_CURVE('',#1665,#1666,#643,.T.);
#2234=EDGE_CURVE('',#1663,#1666,#1216,.T.);
#2235=EDGE_CURVE('',#1666,#1659,#1217,.T.);
#2236=EDGE_CURVE('',#1660,#1665,#1218,.T.);
#2237=EDGE_CURVE('',#1667,#1664,#1219,.T.);
#2238=EDGE_CURVE('',#1668,#1667,#644,.T.);
#2239=EDGE_CURVE('',#1662,#1668,#1220,.T.);
#2240=EDGE_CURVE('',#1669,#1667,#1221,.T.);
#2241=EDGE_CURVE('',#1669,#1670,#645,.T.);
#2242=EDGE_CURVE('',#1668,#1670,#1222,.T.);
#2243=EDGE_CURVE('',#1671,#1669,#1223,.T.);
#2244=EDGE_CURVE('',#1671,#1672,#646,.T.);
#2245=EDGE_CURVE('',#1670,#1672,#1224,.T.);
#2246=EDGE_CURVE('',#1673,#1674,#1225,.T.);
#2247=EDGE_CURVE('',#1673,#1675,#647,.T.);
#2248=EDGE_CURVE('',#1676,#1675,#1226,.T.);
#2249=EDGE_CURVE('',#1676,#1674,#648,.T.);
#2250=EDGE_CURVE('',#1677,#1673,#1227,.T.);
#2251=EDGE_CURVE('',#1677,#1678,#649,.T.);
#2252=EDGE_CURVE('',#1675,#1678,#1228,.T.);
#2253=EDGE_CURVE('',#1678,#1671,#1229,.T.);
#2254=EDGE_CURVE('',#1672,#1677,#1230,.T.);
#2255=EDGE_CURVE('',#1679,#1676,#1231,.T.);
#2256=EDGE_CURVE('',#1680,#1679,#650,.T.);
#2257=EDGE_CURVE('',#1674,#1680,#1232,.T.);
#2258=EDGE_CURVE('',#1681,#1679,#1233,.T.);
#2259=EDGE_CURVE('',#1681,#1682,#651,.T.);
#2260=EDGE_CURVE('',#1680,#1682,#1234,.T.);
#2261=EDGE_CURVE('',#1683,#1681,#1235,.T.);
#2262=EDGE_CURVE('',#1683,#1684,#652,.T.);
#2263=EDGE_CURVE('',#1682,#1684,#1236,.T.);
#2264=EDGE_CURVE('',#1685,#1686,#1237,.T.);
#2265=EDGE_CURVE('',#1685,#1687,#653,.T.);
#2266=EDGE_CURVE('',#1688,#1687,#1238,.T.);
#2267=EDGE_CURVE('',#1688,#1686,#654,.T.);
#2268=EDGE_CURVE('',#1689,#1685,#1239,.T.);
#2269=EDGE_CURVE('',#1689,#1690,#655,.T.);
#2270=EDGE_CURVE('',#1687,#1690,#1240,.T.);
#2271=EDGE_CURVE('',#1690,#1683,#1241,.T.);
#2272=EDGE_CURVE('',#1684,#1689,#1242,.T.);
#2273=EDGE_CURVE('',#1691,#1688,#1243,.T.);
#2274=EDGE_CURVE('',#1692,#1691,#656,.T.);
#2275=EDGE_CURVE('',#1686,#1692,#1244,.T.);
#2276=EDGE_CURVE('',#1693,#1691,#1245,.T.);
#2277=EDGE_CURVE('',#1693,#1694,#657,.T.);
#2278=EDGE_CURVE('',#1692,#1694,#1246,.T.);
#2279=EDGE_CURVE('',#1695,#1693,#1247,.T.);
#2280=EDGE_CURVE('',#1695,#1696,#658,.T.);
#2281=EDGE_CURVE('',#1694,#1696,#1248,.T.);
#2282=EDGE_CURVE('',#1697,#1698,#1249,.T.);
#2283=EDGE_CURVE('',#1697,#1699,#659,.T.);
#2284=EDGE_CURVE('',#1700,#1699,#1250,.T.);
#2285=EDGE_CURVE('',#1700,#1698,#660,.T.);
#2286=EDGE_CURVE('',#1701,#1697,#1251,.T.);
#2287=EDGE_CURVE('',#1701,#1702,#661,.T.);
#2288=EDGE_CURVE('',#1699,#1702,#1252,.T.);
#2289=EDGE_CURVE('',#1702,#1695,#1253,.T.);
#2290=EDGE_CURVE('',#1696,#1701,#1254,.T.);
#2291=EDGE_CURVE('',#1703,#1700,#1255,.T.);
#2292=EDGE_CURVE('',#1704,#1703,#662,.T.);
#2293=EDGE_CURVE('',#1698,#1704,#1256,.T.);
#2294=EDGE_CURVE('',#1705,#1703,#1257,.T.);
#2295=EDGE_CURVE('',#1705,#1706,#663,.T.);
#2296=EDGE_CURVE('',#1704,#1706,#1258,.T.);
#2297=EDGE_CURVE('',#1707,#1705,#1259,.T.);
#2298=EDGE_CURVE('',#1707,#1708,#664,.T.);
#2299=EDGE_CURVE('',#1706,#1708,#1260,.T.);
#2300=EDGE_CURVE('',#1709,#1710,#1261,.T.);
#2301=EDGE_CURVE('',#1709,#1711,#665,.T.);
#2302=EDGE_CURVE('',#1712,#1711,#1262,.T.);
#2303=EDGE_CURVE('',#1712,#1710,#666,.T.);
#2304=EDGE_CURVE('',#1713,#1709,#1263,.T.);
#2305=EDGE_CURVE('',#1713,#1714,#667,.T.);
#2306=EDGE_CURVE('',#1711,#1714,#1264,.T.);
#2307=EDGE_CURVE('',#1714,#1707,#1265,.T.);
#2308=EDGE_CURVE('',#1708,#1713,#1266,.T.);
#2309=EDGE_CURVE('',#1715,#1712,#1267,.T.);
#2310=EDGE_CURVE('',#1716,#1715,#668,.T.);
#2311=EDGE_CURVE('',#1710,#1716,#1268,.T.);
#2312=EDGE_CURVE('',#1717,#1715,#1269,.T.);
#2313=EDGE_CURVE('',#1717,#1718,#669,.T.);
#2314=EDGE_CURVE('',#1716,#1718,#1270,.T.);
#2315=EDGE_CURVE('',#1719,#1717,#1271,.T.);
#2316=EDGE_CURVE('',#1719,#1720,#670,.T.);
#2317=EDGE_CURVE('',#1718,#1720,#1272,.T.);
#2318=EDGE_CURVE('',#1721,#1722,#1273,.T.);
#2319=EDGE_CURVE('',#1721,#1723,#671,.T.);
#2320=EDGE_CURVE('',#1724,#1723,#1274,.T.);
#2321=EDGE_CURVE('',#1724,#1722,#672,.T.);
#2322=EDGE_CURVE('',#1725,#1721,#1275,.T.);
#2323=EDGE_CURVE('',#1725,#1726,#673,.T.);
#2324=EDGE_CURVE('',#1723,#1726,#1276,.T.);
#2325=EDGE_CURVE('',#1726,#1719,#1277,.T.);
#2326=EDGE_CURVE('',#1720,#1725,#1278,.T.);
#2327=EDGE_CURVE('',#1727,#1724,#1279,.T.);
#2328=EDGE_CURVE('',#1728,#1727,#674,.T.);
#2329=EDGE_CURVE('',#1722,#1728,#1280,.T.);
#2330=EDGE_CURVE('',#1729,#1727,#1281,.T.);
#2331=EDGE_CURVE('',#1729,#1730,#675,.T.);
#2332=EDGE_CURVE('',#1728,#1730,#1282,.T.);
#2333=EDGE_CURVE('',#1731,#1729,#1283,.T.);
#2334=EDGE_CURVE('',#1731,#1732,#676,.T.);
#2335=EDGE_CURVE('',#1730,#1732,#1284,.T.);
#2336=EDGE_CURVE('',#1733,#1734,#1285,.T.);
#2337=EDGE_CURVE('',#1733,#1735,#677,.T.);
#2338=EDGE_CURVE('',#1736,#1735,#1286,.T.);
#2339=EDGE_CURVE('',#1736,#1734,#678,.T.);
#2340=EDGE_CURVE('',#1737,#1733,#1287,.T.);
#2341=EDGE_CURVE('',#1737,#1738,#679,.T.);
#2342=EDGE_CURVE('',#1735,#1738,#1288,.T.);
#2343=EDGE_CURVE('',#1738,#1731,#1289,.T.);
#2344=EDGE_CURVE('',#1732,#1737,#1290,.T.);
#2345=EDGE_CURVE('',#1739,#1736,#1291,.T.);
#2346=EDGE_CURVE('',#1740,#1739,#680,.T.);
#2347=EDGE_CURVE('',#1734,#1740,#1292,.T.);
#2348=EDGE_CURVE('',#1741,#1739,#1293,.T.);
#2349=EDGE_CURVE('',#1741,#1742,#681,.T.);
#2350=EDGE_CURVE('',#1740,#1742,#1294,.T.);
#2351=EDGE_CURVE('',#1743,#1741,#1295,.T.);
#2352=EDGE_CURVE('',#1743,#1744,#682,.T.);
#2353=EDGE_CURVE('',#1742,#1744,#1296,.T.);
#2354=EDGE_CURVE('',#1745,#1746,#1297,.T.);
#2355=EDGE_CURVE('',#1745,#1747,#683,.T.);
#2356=EDGE_CURVE('',#1748,#1747,#1298,.T.);
#2357=EDGE_CURVE('',#1748,#1746,#684,.T.);
#2358=EDGE_CURVE('',#1749,#1745,#1299,.T.);
#2359=EDGE_CURVE('',#1749,#1750,#685,.T.);
#2360=EDGE_CURVE('',#1747,#1750,#1300,.T.);
#2361=EDGE_CURVE('',#1750,#1743,#1301,.T.);
#2362=EDGE_CURVE('',#1744,#1749,#1302,.T.);
#2363=EDGE_CURVE('',#1751,#1748,#1303,.T.);
#2364=EDGE_CURVE('',#1752,#1751,#686,.T.);
#2365=EDGE_CURVE('',#1746,#1752,#1304,.T.);
#2366=EDGE_CURVE('',#1753,#1751,#1305,.T.);
#2367=EDGE_CURVE('',#1753,#1754,#687,.T.);
#2368=EDGE_CURVE('',#1752,#1754,#1306,.T.);
#2369=EDGE_CURVE('',#1755,#1753,#1307,.T.);
#2370=EDGE_CURVE('',#1755,#1756,#688,.T.);
#2371=EDGE_CURVE('',#1754,#1756,#1308,.T.);
#2372=EDGE_CURVE('',#1757,#1758,#1309,.T.);
#2373=EDGE_CURVE('',#1757,#1759,#689,.T.);
#2374=EDGE_CURVE('',#1760,#1759,#1310,.T.);
#2375=EDGE_CURVE('',#1760,#1758,#690,.T.);
#2376=EDGE_CURVE('',#1761,#1757,#1311,.T.);
#2377=EDGE_CURVE('',#1761,#1762,#691,.T.);
#2378=EDGE_CURVE('',#1759,#1762,#1312,.T.);
#2379=EDGE_CURVE('',#1762,#1755,#1313,.T.);
#2380=EDGE_CURVE('',#1756,#1761,#1314,.T.);
#2381=EDGE_CURVE('',#1763,#1760,#1315,.T.);
#2382=EDGE_CURVE('',#1764,#1763,#692,.T.);
#2383=EDGE_CURVE('',#1758,#1764,#1316,.T.);
#2384=EDGE_CURVE('',#1765,#1763,#1317,.T.);
#2385=EDGE_CURVE('',#1765,#1766,#693,.T.);
#2386=EDGE_CURVE('',#1764,#1766,#1318,.T.);
#2387=EDGE_CURVE('',#1767,#1765,#1319,.T.);
#2388=EDGE_CURVE('',#1767,#1768,#694,.T.);
#2389=EDGE_CURVE('',#1766,#1768,#1320,.T.);
#2390=EDGE_CURVE('',#1769,#1770,#1321,.T.);
#2391=EDGE_CURVE('',#1769,#1771,#695,.T.);
#2392=EDGE_CURVE('',#1772,#1771,#1322,.T.);
#2393=EDGE_CURVE('',#1772,#1770,#696,.T.);
#2394=EDGE_CURVE('',#1773,#1769,#1323,.T.);
#2395=EDGE_CURVE('',#1773,#1774,#697,.T.);
#2396=EDGE_CURVE('',#1771,#1774,#1324,.T.);
#2397=EDGE_CURVE('',#1774,#1767,#1325,.T.);
#2398=EDGE_CURVE('',#1768,#1773,#1326,.T.);
#2399=EDGE_CURVE('',#1775,#1772,#1327,.T.);
#2400=EDGE_CURVE('',#1776,#1775,#698,.T.);
#2401=EDGE_CURVE('',#1770,#1776,#1328,.T.);
#2402=EDGE_CURVE('',#1777,#1775,#1329,.T.);
#2403=EDGE_CURVE('',#1777,#1778,#699,.T.);
#2404=EDGE_CURVE('',#1776,#1778,#1330,.T.);
#2405=EDGE_CURVE('',#1779,#1777,#1331,.T.);
#2406=EDGE_CURVE('',#1779,#1780,#700,.T.);
#2407=EDGE_CURVE('',#1778,#1780,#1332,.T.);
#2408=EDGE_CURVE('',#1781,#1782,#1333,.T.);
#2409=EDGE_CURVE('',#1781,#1783,#701,.T.);
#2410=EDGE_CURVE('',#1784,#1783,#1334,.T.);
#2411=EDGE_CURVE('',#1784,#1782,#702,.T.);
#2412=EDGE_CURVE('',#1785,#1781,#1335,.T.);
#2413=EDGE_CURVE('',#1785,#1786,#703,.T.);
#2414=EDGE_CURVE('',#1783,#1786,#1336,.T.);
#2415=EDGE_CURVE('',#1786,#1779,#1337,.T.);
#2416=EDGE_CURVE('',#1780,#1785,#1338,.T.);
#2417=EDGE_CURVE('',#1787,#1784,#1339,.T.);
#2418=EDGE_CURVE('',#1788,#1787,#704,.T.);
#2419=EDGE_CURVE('',#1782,#1788,#1340,.T.);
#2420=EDGE_CURVE('',#1789,#1787,#1341,.T.);
#2421=EDGE_CURVE('',#1789,#1790,#705,.T.);
#2422=EDGE_CURVE('',#1788,#1790,#1342,.T.);
#2423=EDGE_CURVE('',#1791,#1789,#1343,.T.);
#2424=EDGE_CURVE('',#1791,#1792,#706,.T.);
#2425=EDGE_CURVE('',#1790,#1792,#1344,.T.);
#2426=EDGE_CURVE('',#1793,#1794,#1345,.T.);
#2427=EDGE_CURVE('',#1793,#1795,#707,.T.);
#2428=EDGE_CURVE('',#1796,#1795,#1346,.T.);
#2429=EDGE_CURVE('',#1796,#1794,#708,.T.);
#2430=EDGE_CURVE('',#1797,#1793,#1347,.T.);
#2431=EDGE_CURVE('',#1797,#1798,#709,.T.);
#2432=EDGE_CURVE('',#1795,#1798,#1348,.T.);
#2433=EDGE_CURVE('',#1798,#1791,#1349,.T.);
#2434=EDGE_CURVE('',#1792,#1797,#1350,.T.);
#2435=EDGE_CURVE('',#1799,#1796,#1351,.T.);
#2436=EDGE_CURVE('',#1800,#1799,#710,.T.);
#2437=EDGE_CURVE('',#1794,#1800,#1352,.T.);
#2438=EDGE_CURVE('',#1801,#1799,#1353,.T.);
#2439=EDGE_CURVE('',#1801,#1802,#711,.T.);
#2440=EDGE_CURVE('',#1800,#1802,#1354,.T.);
#2441=EDGE_CURVE('',#1803,#1801,#1355,.T.);
#2442=EDGE_CURVE('',#1803,#1804,#712,.T.);
#2443=EDGE_CURVE('',#1802,#1804,#1356,.T.);
#2444=EDGE_CURVE('',#1805,#1806,#1357,.T.);
#2445=EDGE_CURVE('',#1805,#1807,#713,.T.);
#2446=EDGE_CURVE('',#1808,#1807,#1358,.T.);
#2447=EDGE_CURVE('',#1808,#1806,#714,.T.);
#2448=EDGE_CURVE('',#1809,#1805,#1359,.T.);
#2449=EDGE_CURVE('',#1809,#1810,#715,.T.);
#2450=EDGE_CURVE('',#1807,#1810,#1360,.T.);
#2451=EDGE_CURVE('',#1810,#1803,#1361,.T.);
#2452=EDGE_CURVE('',#1804,#1809,#1362,.T.);
#2453=EDGE_CURVE('',#1811,#1808,#1363,.T.);
#2454=EDGE_CURVE('',#1812,#1811,#716,.T.);
#2455=EDGE_CURVE('',#1806,#1812,#1364,.T.);
#2456=EDGE_CURVE('',#1813,#1811,#1365,.T.);
#2457=EDGE_CURVE('',#1813,#1814,#717,.T.);
#2458=EDGE_CURVE('',#1812,#1814,#1366,.T.);
#2459=EDGE_CURVE('',#1815,#1813,#1367,.T.);
#2460=EDGE_CURVE('',#1815,#1816,#718,.T.);
#2461=EDGE_CURVE('',#1814,#1816,#1368,.T.);
#2462=EDGE_CURVE('',#1817,#1818,#1369,.T.);
#2463=EDGE_CURVE('',#1817,#1819,#719,.T.);
#2464=EDGE_CURVE('',#1820,#1819,#1370,.T.);
#2465=EDGE_CURVE('',#1820,#1818,#720,.T.);
#2466=EDGE_CURVE('',#1821,#1817,#1371,.T.);
#2467=EDGE_CURVE('',#1821,#1822,#721,.T.);
#2468=EDGE_CURVE('',#1819,#1822,#1372,.T.);
#2469=EDGE_CURVE('',#1822,#1815,#1373,.T.);
#2470=EDGE_CURVE('',#1816,#1821,#1374,.T.);
#2471=EDGE_CURVE('',#1823,#1820,#1375,.T.);
#2472=EDGE_CURVE('',#1824,#1823,#722,.T.);
#2473=EDGE_CURVE('',#1818,#1824,#1376,.T.);
#2474=EDGE_CURVE('',#1825,#1823,#1377,.T.);
#2475=EDGE_CURVE('',#1825,#1826,#723,.T.);
#2476=EDGE_CURVE('',#1824,#1826,#1378,.T.);
#2477=EDGE_CURVE('',#1827,#1825,#1379,.T.);
#2478=EDGE_CURVE('',#1827,#1828,#724,.T.);
#2479=EDGE_CURVE('',#1826,#1828,#1380,.T.);
#2480=EDGE_CURVE('',#1829,#1830,#1381,.T.);
#2481=EDGE_CURVE('',#1829,#1831,#725,.T.);
#2482=EDGE_CURVE('',#1832,#1831,#1382,.T.);
#2483=EDGE_CURVE('',#1832,#1830,#726,.T.);
#2484=EDGE_CURVE('',#1833,#1829,#1383,.T.);
#2485=EDGE_CURVE('',#1833,#1834,#727,.T.);
#2486=EDGE_CURVE('',#1831,#1834,#1384,.T.);
#2487=EDGE_CURVE('',#1834,#1827,#1385,.T.);
#2488=EDGE_CURVE('',#1828,#1833,#1386,.T.);
#2489=EDGE_CURVE('',#1835,#1832,#1387,.T.);
#2490=EDGE_CURVE('',#1836,#1835,#728,.T.);
#2491=EDGE_CURVE('',#1830,#1836,#1388,.T.);
#2492=EDGE_CURVE('',#1837,#1835,#1389,.T.);
#2493=EDGE_CURVE('',#1837,#1838,#729,.T.);
#2494=EDGE_CURVE('',#1836,#1838,#1390,.T.);
#2495=EDGE_CURVE('',#1839,#1837,#1391,.T.);
#2496=EDGE_CURVE('',#1839,#1840,#730,.T.);
#2497=EDGE_CURVE('',#1838,#1840,#1392,.T.);
#2498=EDGE_CURVE('',#1841,#1842,#1393,.T.);
#2499=EDGE_CURVE('',#1841,#1843,#731,.T.);
#2500=EDGE_CURVE('',#1844,#1843,#1394,.T.);
#2501=EDGE_CURVE('',#1844,#1842,#732,.T.);
#2502=EDGE_CURVE('',#1845,#1841,#1395,.T.);
#2503=EDGE_CURVE('',#1845,#1846,#733,.T.);
#2504=EDGE_CURVE('',#1843,#1846,#1396,.T.);
#2505=EDGE_CURVE('',#1846,#1839,#1397,.T.);
#2506=EDGE_CURVE('',#1840,#1845,#1398,.T.);
#2507=EDGE_CURVE('',#1847,#1844,#1399,.T.);
#2508=EDGE_CURVE('',#1848,#1847,#734,.T.);
#2509=EDGE_CURVE('',#1842,#1848,#1400,.T.);
#2510=EDGE_CURVE('',#1440,#1849,#1401,.T.);
#2511=EDGE_CURVE('',#1850,#1439,#1402,.T.);
#2512=EDGE_CURVE('',#1850,#1849,#735,.T.);
#2513=EDGE_CURVE('',#1848,#1851,#1403,.T.);
#2514=EDGE_CURVE('',#1852,#1847,#1404,.T.);
#2515=EDGE_CURVE('',#1852,#1851,#736,.T.);
#2516=EDGE_CURVE('',#1853,#1852,#1405,.T.);
#2517=EDGE_CURVE('',#1853,#1854,#737,.T.);
#2518=EDGE_CURVE('',#1851,#1854,#1406,.T.);
#2519=EDGE_CURVE('',#1855,#1850,#1407,.T.);
#2520=EDGE_CURVE('',#1855,#1856,#738,.T.);
#2521=EDGE_CURVE('',#1849,#1856,#1408,.T.);
#2522=EDGE_CURVE('',#1856,#1853,#1409,.T.);
#2523=EDGE_CURVE('',#1854,#1855,#1410,.T.);
#2524=EDGE_CURVE('',#1857,#1857,#40,.T.);
#2525=EDGE_CURVE('',#1857,#1858,#739,.T.);
#2526=EDGE_CURVE('',#1858,#1858,#41,.T.);
#2527=EDGE_CURVE('',#1859,#1859,#1411,.T.);
#2528=EDGE_CURVE('',#1859,#1860,#740,.T.);
#2529=EDGE_CURVE('',#1860,#1860,#1412,.T.);
#2530=EDGE_CURVE('',#1861,#1861,#1413,.T.);
#2531=EDGE_CURVE('',#1861,#1859,#741,.T.);
#2532=EDGE_CURVE('',#1862,#1862,#42,.T.);
#2533=EDGE_CURVE('',#1862,#1863,#742,.T.);
#2534=EDGE_CURVE('',#1863,#1863,#43,.T.);
#2535=EDGE_CURVE('',#1863,#1864,#743,.T.);
#2536=EDGE_CURVE('',#1864,#1864,#44,.T.);
#2537=EDGE_CURVE('',#1865,#1865,#1414,.T.);
#2538=EDGE_CURVE('',#1865,#1866,#744,.T.);
#2539=EDGE_CURVE('',#1866,#1866,#1415,.T.);
#2540=EDGE_CURVE('',#1867,#1867,#1416,.T.);
#2541=EDGE_CURVE('',#1866,#1868,#745,.T.);
#2542=EDGE_CURVE('',#1868,#1868,#1417,.T.);
#2543=EDGE_CURVE('',#1867,#1861,#746,.T.);
#2544=EDGE_CURVE('',#1869,#1869,#1418,.T.);
#2545=EDGE_CURVE('',#1869,#1870,#747,.T.);
#2546=EDGE_CURVE('',#1870,#1870,#1419,.T.);
#2547=EDGE_CURVE('',#1871,#1871,#1420,.T.);
#2548=EDGE_CURVE('',#1872,#1872,#1421,.T.);
#2549=EDGE_CURVE('',#1872,#1873,#748,.T.);
#2550=EDGE_CURVE('',#1873,#1873,#1422,.T.);
#2551=EDGE_CURVE('',#1871,#1872,#749,.T.);
#2552=EDGE_CURVE('',#1874,#1874,#1423,.T.);
#2553=EDGE_CURVE('',#1875,#1875,#1424,.T.);
#2554=EDGE_CURVE('',#1875,#1874,#750,.T.);
#2555=ORIENTED_EDGE('',*,*,#1876,.F.);
#2556=ORIENTED_EDGE('',*,*,#1877,.T.);
#2557=ORIENTED_EDGE('',*,*,#1878,.F.);
#2558=ORIENTED_EDGE('',*,*,#1879,.T.);
#2559=ORIENTED_EDGE('',*,*,#1877,.F.);
#2560=ORIENTED_EDGE('',*,*,#1880,.F.);
#2561=ORIENTED_EDGE('',*,*,#1881,.T.);
#2562=ORIENTED_EDGE('',*,*,#1882,.F.);
#2563=ORIENTED_EDGE('',*,*,#1883,.F.);
#2564=ORIENTED_EDGE('',*,*,#1884,.T.);
#2565=ORIENTED_EDGE('',*,*,#1885,.F.);
#2566=ORIENTED_EDGE('',*,*,#1886,.T.);
#2567=ORIENTED_EDGE('',*,*,#1884,.F.);
#2568=ORIENTED_EDGE('',*,*,#1887,.F.);
#2569=ORIENTED_EDGE('',*,*,#1888,.T.);
#2570=ORIENTED_EDGE('',*,*,#1889,.F.);
#2571=ORIENTED_EDGE('',*,*,#1881,.F.);
#2572=ORIENTED_EDGE('',*,*,#1890,.F.);
#2573=ORIENTED_EDGE('',*,*,#1888,.F.);
#2574=ORIENTED_EDGE('',*,*,#1891,.F.);
#2575=ORIENTED_EDGE('',*,*,#1886,.F.);
#2576=ORIENTED_EDGE('',*,*,#1892,.F.);
#2577=ORIENTED_EDGE('',*,*,#1893,.F.);
#2578=ORIENTED_EDGE('',*,*,#1894,.F.);
#2579=ORIENTED_EDGE('',*,*,#1879,.F.);
#2580=ORIENTED_EDGE('',*,*,#1895,.F.);
#2581=ORIENTED_EDGE('',*,*,#1896,.F.);
#2582=ORIENTED_EDGE('',*,*,#1897,.F.);
#2583=ORIENTED_EDGE('',*,*,#1898,.F.);
#2584=ORIENTED_EDGE('',*,*,#1899,.T.);
#2585=ORIENTED_EDGE('',*,*,#1900,.F.);
#2586=ORIENTED_EDGE('',*,*,#1893,.T.);
#2587=ORIENTED_EDGE('',*,*,#1899,.F.);
#2588=ORIENTED_EDGE('',*,*,#1901,.F.);
#2589=ORIENTED_EDGE('',*,*,#1902,.T.);
#2590=ORIENTED_EDGE('',*,*,#1903,.F.);
#2591=ORIENTED_EDGE('',*,*,#1904,.F.);
#2592=ORIENTED_EDGE('',*,*,#1905,.T.);
#2593=ORIENTED_EDGE('',*,*,#1906,.F.);
#2594=ORIENTED_EDGE('',*,*,#1907,.T.);
#2595=ORIENTED_EDGE('',*,*,#1905,.F.);
#2596=ORIENTED_EDGE('',*,*,#1908,.F.);
#2597=ORIENTED_EDGE('',*,*,#1909,.T.);
#2598=ORIENTED_EDGE('',*,*,#1910,.F.);
#2599=ORIENTED_EDGE('',*,*,#1902,.F.);
#2600=ORIENTED_EDGE('',*,*,#1911,.F.);
#2601=ORIENTED_EDGE('',*,*,#1909,.F.);
#2602=ORIENTED_EDGE('',*,*,#1912,.F.);
#2603=ORIENTED_EDGE('',*,*,#1907,.F.);
#2604=ORIENTED_EDGE('',*,*,#1913,.F.);
#2605=ORIENTED_EDGE('',*,*,#1914,.F.);
#2606=ORIENTED_EDGE('',*,*,#1915,.F.);
#2607=ORIENTED_EDGE('',*,*,#1916,.F.);
#2608=ORIENTED_EDGE('',*,*,#1917,.T.);
#2609=ORIENTED_EDGE('',*,*,#1918,.F.);
#2610=ORIENTED_EDGE('',*,*,#1914,.T.);
#2611=ORIENTED_EDGE('',*,*,#1917,.F.);
#2612=ORIENTED_EDGE('',*,*,#1919,.F.);
#2613=ORIENTED_EDGE('',*,*,#1920,.T.);
#2614=ORIENTED_EDGE('',*,*,#1921,.F.);
#2615=ORIENTED_EDGE('',*,*,#1922,.F.);
#2616=ORIENTED_EDGE('',*,*,#1923,.T.);
#2617=ORIENTED_EDGE('',*,*,#1924,.F.);
#2618=ORIENTED_EDGE('',*,*,#1925,.T.);
#2619=ORIENTED_EDGE('',*,*,#1923,.F.);
#2620=ORIENTED_EDGE('',*,*,#1926,.F.);
#2621=ORIENTED_EDGE('',*,*,#1927,.T.);
#2622=ORIENTED_EDGE('',*,*,#1928,.F.);
#2623=ORIENTED_EDGE('',*,*,#1920,.F.);
#2624=ORIENTED_EDGE('',*,*,#1929,.F.);
#2625=ORIENTED_EDGE('',*,*,#1927,.F.);
#2626=ORIENTED_EDGE('',*,*,#1930,.F.);
#2627=ORIENTED_EDGE('',*,*,#1925,.F.);
#2628=ORIENTED_EDGE('',*,*,#1931,.F.);
#2629=ORIENTED_EDGE('',*,*,#1932,.F.);
#2630=ORIENTED_EDGE('',*,*,#1933,.F.);
#2631=ORIENTED_EDGE('',*,*,#1934,.F.);
#2632=ORIENTED_EDGE('',*,*,#1935,.T.);
#2633=ORIENTED_EDGE('',*,*,#1936,.F.);
#2634=ORIENTED_EDGE('',*,*,#1932,.T.);
#2635=ORIENTED_EDGE('',*,*,#1935,.F.);
#2636=ORIENTED_EDGE('',*,*,#1937,.F.);
#2637=ORIENTED_EDGE('',*,*,#1938,.T.);
#2638=ORIENTED_EDGE('',*,*,#1939,.F.);
#2639=ORIENTED_EDGE('',*,*,#1940,.F.);
#2640=ORIENTED_EDGE('',*,*,#1941,.T.);
#2641=ORIENTED_EDGE('',*,*,#1942,.F.);
#2642=ORIENTED_EDGE('',*,*,#1943,.T.);
#2643=ORIENTED_EDGE('',*,*,#1941,.F.);
#2644=ORIENTED_EDGE('',*,*,#1944,.F.);
#2645=ORIENTED_EDGE('',*,*,#1945,.T.);
#2646=ORIENTED_EDGE('',*,*,#1946,.F.);
#2647=ORIENTED_EDGE('',*,*,#1938,.F.);
#2648=ORIENTED_EDGE('',*,*,#1947,.F.);
#2649=ORIENTED_EDGE('',*,*,#1945,.F.);
#2650=ORIENTED_EDGE('',*,*,#1948,.F.);
#2651=ORIENTED_EDGE('',*,*,#1943,.F.);
#2652=ORIENTED_EDGE('',*,*,#1949,.F.);
#2653=ORIENTED_EDGE('',*,*,#1950,.F.);
#2654=ORIENTED_EDGE('',*,*,#1951,.F.);
#2655=ORIENTED_EDGE('',*,*,#1952,.F.);
#2656=ORIENTED_EDGE('',*,*,#1953,.T.);
#2657=ORIENTED_EDGE('',*,*,#1954,.F.);
#2658=ORIENTED_EDGE('',*,*,#1950,.T.);
#2659=ORIENTED_EDGE('',*,*,#1953,.F.);
#2660=ORIENTED_EDGE('',*,*,#1955,.F.);
#2661=ORIENTED_EDGE('',*,*,#1956,.T.);
#2662=ORIENTED_EDGE('',*,*,#1957,.F.);
#2663=ORIENTED_EDGE('',*,*,#1958,.F.);
#2664=ORIENTED_EDGE('',*,*,#1959,.T.);
#2665=ORIENTED_EDGE('',*,*,#1960,.F.);
#2666=ORIENTED_EDGE('',*,*,#1961,.T.);
#2667=ORIENTED_EDGE('',*,*,#1959,.F.);
#2668=ORIENTED_EDGE('',*,*,#1962,.F.);
#2669=ORIENTED_EDGE('',*,*,#1963,.T.);
#2670=ORIENTED_EDGE('',*,*,#1964,.F.);
#2671=ORIENTED_EDGE('',*,*,#1956,.F.);
#2672=ORIENTED_EDGE('',*,*,#1965,.F.);
#2673=ORIENTED_EDGE('',*,*,#1963,.F.);
#2674=ORIENTED_EDGE('',*,*,#1966,.F.);
#2675=ORIENTED_EDGE('',*,*,#1961,.F.);
#2676=ORIENTED_EDGE('',*,*,#1967,.F.);
#2677=ORIENTED_EDGE('',*,*,#1968,.F.);
#2678=ORIENTED_EDGE('',*,*,#1969,.F.);
#2679=ORIENTED_EDGE('',*,*,#1970,.F.);
#2680=ORIENTED_EDGE('',*,*,#1971,.T.);
#2681=ORIENTED_EDGE('',*,*,#1972,.F.);
#2682=ORIENTED_EDGE('',*,*,#1968,.T.);
#2683=ORIENTED_EDGE('',*,*,#1971,.F.);
#2684=ORIENTED_EDGE('',*,*,#1973,.F.);
#2685=ORIENTED_EDGE('',*,*,#1974,.T.);
#2686=ORIENTED_EDGE('',*,*,#1975,.F.);
#2687=ORIENTED_EDGE('',*,*,#1976,.F.);
#2688=ORIENTED_EDGE('',*,*,#1977,.T.);
#2689=ORIENTED_EDGE('',*,*,#1978,.F.);
#2690=ORIENTED_EDGE('',*,*,#1979,.T.);
#2691=ORIENTED_EDGE('',*,*,#1977,.F.);
#2692=ORIENTED_EDGE('',*,*,#1980,.F.);
#2693=ORIENTED_EDGE('',*,*,#1981,.T.);
#2694=ORIENTED_EDGE('',*,*,#1982,.F.);
#2695=ORIENTED_EDGE('',*,*,#1974,.F.);
#2696=ORIENTED_EDGE('',*,*,#1983,.F.);
#2697=ORIENTED_EDGE('',*,*,#1981,.F.);
#2698=ORIENTED_EDGE('',*,*,#1984,.F.);
#2699=ORIENTED_EDGE('',*,*,#1979,.F.);
#2700=ORIENTED_EDGE('',*,*,#1985,.F.);
#2701=ORIENTED_EDGE('',*,*,#1986,.F.);
#2702=ORIENTED_EDGE('',*,*,#1987,.F.);
#2703=ORIENTED_EDGE('',*,*,#1988,.F.);
#2704=ORIENTED_EDGE('',*,*,#1989,.T.);
#2705=ORIENTED_EDGE('',*,*,#1990,.F.);
#2706=ORIENTED_EDGE('',*,*,#1986,.T.);
#2707=ORIENTED_EDGE('',*,*,#1989,.F.);
#2708=ORIENTED_EDGE('',*,*,#1991,.F.);
#2709=ORIENTED_EDGE('',*,*,#1992,.T.);
#2710=ORIENTED_EDGE('',*,*,#1993,.F.);
#2711=ORIENTED_EDGE('',*,*,#1994,.F.);
#2712=ORIENTED_EDGE('',*,*,#1995,.T.);
#2713=ORIENTED_EDGE('',*,*,#1996,.F.);
#2714=ORIENTED_EDGE('',*,*,#1997,.T.);
#2715=ORIENTED_EDGE('',*,*,#1995,.F.);
#2716=ORIENTED_EDGE('',*,*,#1998,.F.);
#2717=ORIENTED_EDGE('',*,*,#1999,.T.);
#2718=ORIENTED_EDGE('',*,*,#2000,.F.);
#2719=ORIENTED_EDGE('',*,*,#1992,.F.);
#2720=ORIENTED_EDGE('',*,*,#2001,.F.);
#2721=ORIENTED_EDGE('',*,*,#1999,.F.);
#2722=ORIENTED_EDGE('',*,*,#2002,.F.);
#2723=ORIENTED_EDGE('',*,*,#1997,.F.);
#2724=ORIENTED_EDGE('',*,*,#2003,.F.);
#2725=ORIENTED_EDGE('',*,*,#2004,.F.);
#2726=ORIENTED_EDGE('',*,*,#2005,.F.);
#2727=ORIENTED_EDGE('',*,*,#2006,.F.);
#2728=ORIENTED_EDGE('',*,*,#2007,.T.);
#2729=ORIENTED_EDGE('',*,*,#2008,.F.);
#2730=ORIENTED_EDGE('',*,*,#2004,.T.);
#2731=ORIENTED_EDGE('',*,*,#2007,.F.);
#2732=ORIENTED_EDGE('',*,*,#2009,.F.);
#2733=ORIENTED_EDGE('',*,*,#2010,.T.);
#2734=ORIENTED_EDGE('',*,*,#2011,.F.);
#2735=ORIENTED_EDGE('',*,*,#2012,.F.);
#2736=ORIENTED_EDGE('',*,*,#2013,.T.);
#2737=ORIENTED_EDGE('',*,*,#2014,.F.);
#2738=ORIENTED_EDGE('',*,*,#2015,.T.);
#2739=ORIENTED_EDGE('',*,*,#2013,.F.);
#2740=ORIENTED_EDGE('',*,*,#2016,.F.);
#2741=ORIENTED_EDGE('',*,*,#2017,.T.);
#2742=ORIENTED_EDGE('',*,*,#2018,.F.);
#2743=ORIENTED_EDGE('',*,*,#2010,.F.);
#2744=ORIENTED_EDGE('',*,*,#2019,.F.);
#2745=ORIENTED_EDGE('',*,*,#2017,.F.);
#2746=ORIENTED_EDGE('',*,*,#2020,.F.);
#2747=ORIENTED_EDGE('',*,*,#2015,.F.);
#2748=ORIENTED_EDGE('',*,*,#2021,.F.);
#2749=ORIENTED_EDGE('',*,*,#2022,.F.);
#2750=ORIENTED_EDGE('',*,*,#2023,.F.);
#2751=ORIENTED_EDGE('',*,*,#2024,.F.);
#2752=ORIENTED_EDGE('',*,*,#2025,.T.);
#2753=ORIENTED_EDGE('',*,*,#2026,.F.);
#2754=ORIENTED_EDGE('',*,*,#2022,.T.);
#2755=ORIENTED_EDGE('',*,*,#2025,.F.);
#2756=ORIENTED_EDGE('',*,*,#2027,.F.);
#2757=ORIENTED_EDGE('',*,*,#2028,.T.);
#2758=ORIENTED_EDGE('',*,*,#2029,.F.);
#2759=ORIENTED_EDGE('',*,*,#2030,.F.);
#2760=ORIENTED_EDGE('',*,*,#2031,.T.);
#2761=ORIENTED_EDGE('',*,*,#2032,.F.);
#2762=ORIENTED_EDGE('',*,*,#2033,.T.);
#2763=ORIENTED_EDGE('',*,*,#2031,.F.);
#2764=ORIENTED_EDGE('',*,*,#2034,.F.);
#2765=ORIENTED_EDGE('',*,*,#2035,.T.);
#2766=ORIENTED_EDGE('',*,*,#2036,.F.);
#2767=ORIENTED_EDGE('',*,*,#2028,.F.);
#2768=ORIENTED_EDGE('',*,*,#2037,.F.);
#2769=ORIENTED_EDGE('',*,*,#2035,.F.);
#2770=ORIENTED_EDGE('',*,*,#2038,.F.);
#2771=ORIENTED_EDGE('',*,*,#2033,.F.);
#2772=ORIENTED_EDGE('',*,*,#2039,.F.);
#2773=ORIENTED_EDGE('',*,*,#2040,.F.);
#2774=ORIENTED_EDGE('',*,*,#2041,.F.);
#2775=ORIENTED_EDGE('',*,*,#2042,.F.);
#2776=ORIENTED_EDGE('',*,*,#2043,.T.);
#2777=ORIENTED_EDGE('',*,*,#2044,.F.);
#2778=ORIENTED_EDGE('',*,*,#2040,.T.);
#2779=ORIENTED_EDGE('',*,*,#2043,.F.);
#2780=ORIENTED_EDGE('',*,*,#2045,.F.);
#2781=ORIENTED_EDGE('',*,*,#2046,.T.);
#2782=ORIENTED_EDGE('',*,*,#2047,.F.);
#2783=ORIENTED_EDGE('',*,*,#2048,.F.);
#2784=ORIENTED_EDGE('',*,*,#2049,.T.);
#2785=ORIENTED_EDGE('',*,*,#2050,.F.);
#2786=ORIENTED_EDGE('',*,*,#2051,.T.);
#2787=ORIENTED_EDGE('',*,*,#2049,.F.);
#2788=ORIENTED_EDGE('',*,*,#2052,.F.);
#2789=ORIENTED_EDGE('',*,*,#2053,.T.);
#2790=ORIENTED_EDGE('',*,*,#2054,.F.);
#2791=ORIENTED_EDGE('',*,*,#2046,.F.);
#2792=ORIENTED_EDGE('',*,*,#2055,.F.);
#2793=ORIENTED_EDGE('',*,*,#2053,.F.);
#2794=ORIENTED_EDGE('',*,*,#2056,.F.);
#2795=ORIENTED_EDGE('',*,*,#2051,.F.);
#2796=ORIENTED_EDGE('',*,*,#2057,.F.);
#2797=ORIENTED_EDGE('',*,*,#2058,.F.);
#2798=ORIENTED_EDGE('',*,*,#2059,.F.);
#2799=ORIENTED_EDGE('',*,*,#2060,.F.);
#2800=ORIENTED_EDGE('',*,*,#2061,.T.);
#2801=ORIENTED_EDGE('',*,*,#2062,.F.);
#2802=ORIENTED_EDGE('',*,*,#2058,.T.);
#2803=ORIENTED_EDGE('',*,*,#2061,.F.);
#2804=ORIENTED_EDGE('',*,*,#2063,.F.);
#2805=ORIENTED_EDGE('',*,*,#2064,.T.);
#2806=ORIENTED_EDGE('',*,*,#2065,.F.);
#2807=ORIENTED_EDGE('',*,*,#2066,.F.);
#2808=ORIENTED_EDGE('',*,*,#2067,.T.);
#2809=ORIENTED_EDGE('',*,*,#2068,.F.);
#2810=ORIENTED_EDGE('',*,*,#2069,.T.);
#2811=ORIENTED_EDGE('',*,*,#2067,.F.);
#2812=ORIENTED_EDGE('',*,*,#2070,.F.);
#2813=ORIENTED_EDGE('',*,*,#2071,.T.);
#2814=ORIENTED_EDGE('',*,*,#2072,.F.);
#2815=ORIENTED_EDGE('',*,*,#2064,.F.);
#2816=ORIENTED_EDGE('',*,*,#2073,.F.);
#2817=ORIENTED_EDGE('',*,*,#2071,.F.);
#2818=ORIENTED_EDGE('',*,*,#2074,.F.);
#2819=ORIENTED_EDGE('',*,*,#2069,.F.);
#2820=ORIENTED_EDGE('',*,*,#2075,.F.);
#2821=ORIENTED_EDGE('',*,*,#2076,.F.);
#2822=ORIENTED_EDGE('',*,*,#2077,.F.);
#2823=ORIENTED_EDGE('',*,*,#2078,.F.);
#2824=ORIENTED_EDGE('',*,*,#2079,.T.);
#2825=ORIENTED_EDGE('',*,*,#2080,.F.);
#2826=ORIENTED_EDGE('',*,*,#2076,.T.);
#2827=ORIENTED_EDGE('',*,*,#2079,.F.);
#2828=ORIENTED_EDGE('',*,*,#2081,.F.);
#2829=ORIENTED_EDGE('',*,*,#2082,.T.);
#2830=ORIENTED_EDGE('',*,*,#2083,.F.);
#2831=ORIENTED_EDGE('',*,*,#2084,.F.);
#2832=ORIENTED_EDGE('',*,*,#2085,.T.);
#2833=ORIENTED_EDGE('',*,*,#2086,.F.);
#2834=ORIENTED_EDGE('',*,*,#2087,.T.);
#2835=ORIENTED_EDGE('',*,*,#2085,.F.);
#2836=ORIENTED_EDGE('',*,*,#2088,.F.);
#2837=ORIENTED_EDGE('',*,*,#2089,.T.);
#2838=ORIENTED_EDGE('',*,*,#2090,.F.);
#2839=ORIENTED_EDGE('',*,*,#2082,.F.);
#2840=ORIENTED_EDGE('',*,*,#2091,.F.);
#2841=ORIENTED_EDGE('',*,*,#2089,.F.);
#2842=ORIENTED_EDGE('',*,*,#2092,.F.);
#2843=ORIENTED_EDGE('',*,*,#2087,.F.);
#2844=ORIENTED_EDGE('',*,*,#2093,.F.);
#2845=ORIENTED_EDGE('',*,*,#2094,.F.);
#2846=ORIENTED_EDGE('',*,*,#2095,.F.);
#2847=ORIENTED_EDGE('',*,*,#2096,.F.);
#2848=ORIENTED_EDGE('',*,*,#2097,.T.);
#2849=ORIENTED_EDGE('',*,*,#2098,.F.);
#2850=ORIENTED_EDGE('',*,*,#2094,.T.);
#2851=ORIENTED_EDGE('',*,*,#2097,.F.);
#2852=ORIENTED_EDGE('',*,*,#2099,.F.);
#2853=ORIENTED_EDGE('',*,*,#2100,.T.);
#2854=ORIENTED_EDGE('',*,*,#2101,.F.);
#2855=ORIENTED_EDGE('',*,*,#2102,.F.);
#2856=ORIENTED_EDGE('',*,*,#2103,.T.);
#2857=ORIENTED_EDGE('',*,*,#2104,.F.);
#2858=ORIENTED_EDGE('',*,*,#2105,.T.);
#2859=ORIENTED_EDGE('',*,*,#2103,.F.);
#2860=ORIENTED_EDGE('',*,*,#2106,.F.);
#2861=ORIENTED_EDGE('',*,*,#2107,.T.);
#2862=ORIENTED_EDGE('',*,*,#2108,.F.);
#2863=ORIENTED_EDGE('',*,*,#2100,.F.);
#2864=ORIENTED_EDGE('',*,*,#2109,.F.);
#2865=ORIENTED_EDGE('',*,*,#2107,.F.);
#2866=ORIENTED_EDGE('',*,*,#2110,.F.);
#2867=ORIENTED_EDGE('',*,*,#2105,.F.);
#2868=ORIENTED_EDGE('',*,*,#2111,.F.);
#2869=ORIENTED_EDGE('',*,*,#2112,.F.);
#2870=ORIENTED_EDGE('',*,*,#2113,.F.);
#2871=ORIENTED_EDGE('',*,*,#2114,.F.);
#2872=ORIENTED_EDGE('',*,*,#2115,.T.);
#2873=ORIENTED_EDGE('',*,*,#2116,.F.);
#2874=ORIENTED_EDGE('',*,*,#2112,.T.);
#2875=ORIENTED_EDGE('',*,*,#2115,.F.);
#2876=ORIENTED_EDGE('',*,*,#2117,.F.);
#2877=ORIENTED_EDGE('',*,*,#2118,.T.);
#2878=ORIENTED_EDGE('',*,*,#2119,.F.);
#2879=ORIENTED_EDGE('',*,*,#2120,.F.);
#2880=ORIENTED_EDGE('',*,*,#2121,.T.);
#2881=ORIENTED_EDGE('',*,*,#2122,.F.);
#2882=ORIENTED_EDGE('',*,*,#2123,.T.);
#2883=ORIENTED_EDGE('',*,*,#2121,.F.);
#2884=ORIENTED_EDGE('',*,*,#2124,.F.);
#2885=ORIENTED_EDGE('',*,*,#2125,.T.);
#2886=ORIENTED_EDGE('',*,*,#2126,.F.);
#2887=ORIENTED_EDGE('',*,*,#2118,.F.);
#2888=ORIENTED_EDGE('',*,*,#2127,.F.);
#2889=ORIENTED_EDGE('',*,*,#2125,.F.);
#2890=ORIENTED_EDGE('',*,*,#2128,.F.);
#2891=ORIENTED_EDGE('',*,*,#2123,.F.);
#2892=ORIENTED_EDGE('',*,*,#2129,.F.);
#2893=ORIENTED_EDGE('',*,*,#2130,.F.);
#2894=ORIENTED_EDGE('',*,*,#2131,.F.);
#2895=ORIENTED_EDGE('',*,*,#2132,.F.);
#2896=ORIENTED_EDGE('',*,*,#2133,.T.);
#2897=ORIENTED_EDGE('',*,*,#2134,.F.);
#2898=ORIENTED_EDGE('',*,*,#2130,.T.);
#2899=ORIENTED_EDGE('',*,*,#2133,.F.);
#2900=ORIENTED_EDGE('',*,*,#2135,.F.);
#2901=ORIENTED_EDGE('',*,*,#2136,.T.);
#2902=ORIENTED_EDGE('',*,*,#2137,.F.);
#2903=ORIENTED_EDGE('',*,*,#2138,.F.);
#2904=ORIENTED_EDGE('',*,*,#2139,.T.);
#2905=ORIENTED_EDGE('',*,*,#2140,.F.);
#2906=ORIENTED_EDGE('',*,*,#2141,.T.);
#2907=ORIENTED_EDGE('',*,*,#2139,.F.);
#2908=ORIENTED_EDGE('',*,*,#2142,.F.);
#2909=ORIENTED_EDGE('',*,*,#2143,.T.);
#2910=ORIENTED_EDGE('',*,*,#2144,.F.);
#2911=ORIENTED_EDGE('',*,*,#2136,.F.);
#2912=ORIENTED_EDGE('',*,*,#2145,.F.);
#2913=ORIENTED_EDGE('',*,*,#2143,.F.);
#2914=ORIENTED_EDGE('',*,*,#2146,.F.);
#2915=ORIENTED_EDGE('',*,*,#2141,.F.);
#2916=ORIENTED_EDGE('',*,*,#2147,.F.);
#2917=ORIENTED_EDGE('',*,*,#2148,.F.);
#2918=ORIENTED_EDGE('',*,*,#2149,.F.);
#2919=ORIENTED_EDGE('',*,*,#2150,.F.);
#2920=ORIENTED_EDGE('',*,*,#2151,.T.);
#2921=ORIENTED_EDGE('',*,*,#2152,.F.);
#2922=ORIENTED_EDGE('',*,*,#2148,.T.);
#2923=ORIENTED_EDGE('',*,*,#2151,.F.);
#2924=ORIENTED_EDGE('',*,*,#2153,.F.);
#2925=ORIENTED_EDGE('',*,*,#2154,.T.);
#2926=ORIENTED_EDGE('',*,*,#2155,.F.);
#2927=ORIENTED_EDGE('',*,*,#2156,.F.);
#2928=ORIENTED_EDGE('',*,*,#2157,.T.);
#2929=ORIENTED_EDGE('',*,*,#2158,.F.);
#2930=ORIENTED_EDGE('',*,*,#2159,.T.);
#2931=ORIENTED_EDGE('',*,*,#2157,.F.);
#2932=ORIENTED_EDGE('',*,*,#2160,.F.);
#2933=ORIENTED_EDGE('',*,*,#2161,.T.);
#2934=ORIENTED_EDGE('',*,*,#2162,.F.);
#2935=ORIENTED_EDGE('',*,*,#2154,.F.);
#2936=ORIENTED_EDGE('',*,*,#2163,.F.);
#2937=ORIENTED_EDGE('',*,*,#2161,.F.);
#2938=ORIENTED_EDGE('',*,*,#2164,.F.);
#2939=ORIENTED_EDGE('',*,*,#2159,.F.);
#2940=ORIENTED_EDGE('',*,*,#2165,.F.);
#2941=ORIENTED_EDGE('',*,*,#2166,.F.);
#2942=ORIENTED_EDGE('',*,*,#2167,.F.);
#2943=ORIENTED_EDGE('',*,*,#2168,.F.);
#2944=ORIENTED_EDGE('',*,*,#2169,.T.);
#2945=ORIENTED_EDGE('',*,*,#2170,.F.);
#2946=ORIENTED_EDGE('',*,*,#2166,.T.);
#2947=ORIENTED_EDGE('',*,*,#2169,.F.);
#2948=ORIENTED_EDGE('',*,*,#2171,.F.);
#2949=ORIENTED_EDGE('',*,*,#2172,.T.);
#2950=ORIENTED_EDGE('',*,*,#2173,.F.);
#2951=ORIENTED_EDGE('',*,*,#2174,.F.);
#2952=ORIENTED_EDGE('',*,*,#2175,.T.);
#2953=ORIENTED_EDGE('',*,*,#2176,.F.);
#2954=ORIENTED_EDGE('',*,*,#2177,.T.);
#2955=ORIENTED_EDGE('',*,*,#2175,.F.);
#2956=ORIENTED_EDGE('',*,*,#2178,.F.);
#2957=ORIENTED_EDGE('',*,*,#2179,.T.);
#2958=ORIENTED_EDGE('',*,*,#2180,.F.);
#2959=ORIENTED_EDGE('',*,*,#2172,.F.);
#2960=ORIENTED_EDGE('',*,*,#2181,.F.);
#2961=ORIENTED_EDGE('',*,*,#2179,.F.);
#2962=ORIENTED_EDGE('',*,*,#2182,.F.);
#2963=ORIENTED_EDGE('',*,*,#2177,.F.);
#2964=ORIENTED_EDGE('',*,*,#2183,.F.);
#2965=ORIENTED_EDGE('',*,*,#2184,.F.);
#2966=ORIENTED_EDGE('',*,*,#2185,.F.);
#2967=ORIENTED_EDGE('',*,*,#2186,.F.);
#2968=ORIENTED_EDGE('',*,*,#2187,.T.);
#2969=ORIENTED_EDGE('',*,*,#2188,.F.);
#2970=ORIENTED_EDGE('',*,*,#2184,.T.);
#2971=ORIENTED_EDGE('',*,*,#2187,.F.);
#2972=ORIENTED_EDGE('',*,*,#2189,.F.);
#2973=ORIENTED_EDGE('',*,*,#2190,.T.);
#2974=ORIENTED_EDGE('',*,*,#2191,.F.);
#2975=ORIENTED_EDGE('',*,*,#2192,.F.);
#2976=ORIENTED_EDGE('',*,*,#2193,.T.);
#2977=ORIENTED_EDGE('',*,*,#2194,.F.);
#2978=ORIENTED_EDGE('',*,*,#2195,.T.);
#2979=ORIENTED_EDGE('',*,*,#2193,.F.);
#2980=ORIENTED_EDGE('',*,*,#2196,.F.);
#2981=ORIENTED_EDGE('',*,*,#2197,.T.);
#2982=ORIENTED_EDGE('',*,*,#2198,.F.);
#2983=ORIENTED_EDGE('',*,*,#2190,.F.);
#2984=ORIENTED_EDGE('',*,*,#2199,.F.);
#2985=ORIENTED_EDGE('',*,*,#2197,.F.);
#2986=ORIENTED_EDGE('',*,*,#2200,.F.);
#2987=ORIENTED_EDGE('',*,*,#2195,.F.);
#2988=ORIENTED_EDGE('',*,*,#2201,.F.);
#2989=ORIENTED_EDGE('',*,*,#2202,.F.);
#2990=ORIENTED_EDGE('',*,*,#2203,.F.);
#2991=ORIENTED_EDGE('',*,*,#2204,.F.);
#2992=ORIENTED_EDGE('',*,*,#2205,.T.);
#2993=ORIENTED_EDGE('',*,*,#2206,.F.);
#2994=ORIENTED_EDGE('',*,*,#2202,.T.);
#2995=ORIENTED_EDGE('',*,*,#2205,.F.);
#2996=ORIENTED_EDGE('',*,*,#2207,.F.);
#2997=ORIENTED_EDGE('',*,*,#2208,.T.);
#2998=ORIENTED_EDGE('',*,*,#2209,.F.);
#2999=ORIENTED_EDGE('',*,*,#2210,.F.);
#3000=ORIENTED_EDGE('',*,*,#2211,.T.);
#3001=ORIENTED_EDGE('',*,*,#2212,.F.);
#3002=ORIENTED_EDGE('',*,*,#2213,.T.);
#3003=ORIENTED_EDGE('',*,*,#2211,.F.);
#3004=ORIENTED_EDGE('',*,*,#2214,.F.);
#3005=ORIENTED_EDGE('',*,*,#2215,.T.);
#3006=ORIENTED_EDGE('',*,*,#2216,.F.);
#3007=ORIENTED_EDGE('',*,*,#2208,.F.);
#3008=ORIENTED_EDGE('',*,*,#2217,.F.);
#3009=ORIENTED_EDGE('',*,*,#2215,.F.);
#3010=ORIENTED_EDGE('',*,*,#2218,.F.);
#3011=ORIENTED_EDGE('',*,*,#2213,.F.);
#3012=ORIENTED_EDGE('',*,*,#2219,.F.);
#3013=ORIENTED_EDGE('',*,*,#2220,.F.);
#3014=ORIENTED_EDGE('',*,*,#2221,.F.);
#3015=ORIENTED_EDGE('',*,*,#2222,.F.);
#3016=ORIENTED_EDGE('',*,*,#2223,.T.);
#3017=ORIENTED_EDGE('',*,*,#2224,.F.);
#3018=ORIENTED_EDGE('',*,*,#2220,.T.);
#3019=ORIENTED_EDGE('',*,*,#2223,.F.);
#3020=ORIENTED_EDGE('',*,*,#2225,.F.);
#3021=ORIENTED_EDGE('',*,*,#2226,.T.);
#3022=ORIENTED_EDGE('',*,*,#2227,.F.);
#3023=ORIENTED_EDGE('',*,*,#2228,.F.);
#3024=ORIENTED_EDGE('',*,*,#2229,.T.);
#3025=ORIENTED_EDGE('',*,*,#2230,.F.);
#3026=ORIENTED_EDGE('',*,*,#2231,.T.);
#3027=ORIENTED_EDGE('',*,*,#2229,.F.);
#3028=ORIENTED_EDGE('',*,*,#2232,.F.);
#3029=ORIENTED_EDGE('',*,*,#2233,.T.);
#3030=ORIENTED_EDGE('',*,*,#2234,.F.);
#3031=ORIENTED_EDGE('',*,*,#2226,.F.);
#3032=ORIENTED_EDGE('',*,*,#2235,.F.);
#3033=ORIENTED_EDGE('',*,*,#2233,.F.);
#3034=ORIENTED_EDGE('',*,*,#2236,.F.);
#3035=ORIENTED_EDGE('',*,*,#2231,.F.);
#3036=ORIENTED_EDGE('',*,*,#2237,.F.);
#3037=ORIENTED_EDGE('',*,*,#2238,.F.);
#3038=ORIENTED_EDGE('',*,*,#2239,.F.);
#3039=ORIENTED_EDGE('',*,*,#2240,.F.);
#3040=ORIENTED_EDGE('',*,*,#2241,.T.);
#3041=ORIENTED_EDGE('',*,*,#2242,.F.);
#3042=ORIENTED_EDGE('',*,*,#2238,.T.);
#3043=ORIENTED_EDGE('',*,*,#2241,.F.);
#3044=ORIENTED_EDGE('',*,*,#2243,.F.);
#3045=ORIENTED_EDGE('',*,*,#2244,.T.);
#3046=ORIENTED_EDGE('',*,*,#2245,.F.);
#3047=ORIENTED_EDGE('',*,*,#2246,.F.);
#3048=ORIENTED_EDGE('',*,*,#2247,.T.);
#3049=ORIENTED_EDGE('',*,*,#2248,.F.);
#3050=ORIENTED_EDGE('',*,*,#2249,.T.);
#3051=ORIENTED_EDGE('',*,*,#2247,.F.);
#3052=ORIENTED_EDGE('',*,*,#2250,.F.);
#3053=ORIENTED_EDGE('',*,*,#2251,.T.);
#3054=ORIENTED_EDGE('',*,*,#2252,.F.);
#3055=ORIENTED_EDGE('',*,*,#2244,.F.);
#3056=ORIENTED_EDGE('',*,*,#2253,.F.);
#3057=ORIENTED_EDGE('',*,*,#2251,.F.);
#3058=ORIENTED_EDGE('',*,*,#2254,.F.);
#3059=ORIENTED_EDGE('',*,*,#2249,.F.);
#3060=ORIENTED_EDGE('',*,*,#2255,.F.);
#3061=ORIENTED_EDGE('',*,*,#2256,.F.);
#3062=ORIENTED_EDGE('',*,*,#2257,.F.);
#3063=ORIENTED_EDGE('',*,*,#2258,.F.);
#3064=ORIENTED_EDGE('',*,*,#2259,.T.);
#3065=ORIENTED_EDGE('',*,*,#2260,.F.);
#3066=ORIENTED_EDGE('',*,*,#2256,.T.);
#3067=ORIENTED_EDGE('',*,*,#2259,.F.);
#3068=ORIENTED_EDGE('',*,*,#2261,.F.);
#3069=ORIENTED_EDGE('',*,*,#2262,.T.);
#3070=ORIENTED_EDGE('',*,*,#2263,.F.);
#3071=ORIENTED_EDGE('',*,*,#2264,.F.);
#3072=ORIENTED_EDGE('',*,*,#2265,.T.);
#3073=ORIENTED_EDGE('',*,*,#2266,.F.);
#3074=ORIENTED_EDGE('',*,*,#2267,.T.);
#3075=ORIENTED_EDGE('',*,*,#2265,.F.);
#3076=ORIENTED_EDGE('',*,*,#2268,.F.);
#3077=ORIENTED_EDGE('',*,*,#2269,.T.);
#3078=ORIENTED_EDGE('',*,*,#2270,.F.);
#3079=ORIENTED_EDGE('',*,*,#2262,.F.);
#3080=ORIENTED_EDGE('',*,*,#2271,.F.);
#3081=ORIENTED_EDGE('',*,*,#2269,.F.);
#3082=ORIENTED_EDGE('',*,*,#2272,.F.);
#3083=ORIENTED_EDGE('',*,*,#2267,.F.);
#3084=ORIENTED_EDGE('',*,*,#2273,.F.);
#3085=ORIENTED_EDGE('',*,*,#2274,.F.);
#3086=ORIENTED_EDGE('',*,*,#2275,.F.);
#3087=ORIENTED_EDGE('',*,*,#2276,.F.);
#3088=ORIENTED_EDGE('',*,*,#2277,.T.);
#3089=ORIENTED_EDGE('',*,*,#2278,.F.);
#3090=ORIENTED_EDGE('',*,*,#2274,.T.);
#3091=ORIENTED_EDGE('',*,*,#2277,.F.);
#3092=ORIENTED_EDGE('',*,*,#2279,.F.);
#3093=ORIENTED_EDGE('',*,*,#2280,.T.);
#3094=ORIENTED_EDGE('',*,*,#2281,.F.);
#3095=ORIENTED_EDGE('',*,*,#2282,.F.);
#3096=ORIENTED_EDGE('',*,*,#2283,.T.);
#3097=ORIENTED_EDGE('',*,*,#2284,.F.);
#3098=ORIENTED_EDGE('',*,*,#2285,.T.);
#3099=ORIENTED_EDGE('',*,*,#2283,.F.);
#3100=ORIENTED_EDGE('',*,*,#2286,.F.);
#3101=ORIENTED_EDGE('',*,*,#2287,.T.);
#3102=ORIENTED_EDGE('',*,*,#2288,.F.);
#3103=ORIENTED_EDGE('',*,*,#2280,.F.);
#3104=ORIENTED_EDGE('',*,*,#2289,.F.);
#3105=ORIENTED_EDGE('',*,*,#2287,.F.);
#3106=ORIENTED_EDGE('',*,*,#2290,.F.);
#3107=ORIENTED_EDGE('',*,*,#2285,.F.);
#3108=ORIENTED_EDGE('',*,*,#2291,.F.);
#3109=ORIENTED_EDGE('',*,*,#2292,.F.);
#3110=ORIENTED_EDGE('',*,*,#2293,.F.);
#3111=ORIENTED_EDGE('',*,*,#2294,.F.);
#3112=ORIENTED_EDGE('',*,*,#2295,.T.);
#3113=ORIENTED_EDGE('',*,*,#2296,.F.);
#3114=ORIENTED_EDGE('',*,*,#2292,.T.);
#3115=ORIENTED_EDGE('',*,*,#2295,.F.);
#3116=ORIENTED_EDGE('',*,*,#2297,.F.);
#3117=ORIENTED_EDGE('',*,*,#2298,.T.);
#3118=ORIENTED_EDGE('',*,*,#2299,.F.);
#3119=ORIENTED_EDGE('',*,*,#2300,.F.);
#3120=ORIENTED_EDGE('',*,*,#2301,.T.);
#3121=ORIENTED_EDGE('',*,*,#2302,.F.);
#3122=ORIENTED_EDGE('',*,*,#2303,.T.);
#3123=ORIENTED_EDGE('',*,*,#2301,.F.);
#3124=ORIENTED_EDGE('',*,*,#2304,.F.);
#3125=ORIENTED_EDGE('',*,*,#2305,.T.);
#3126=ORIENTED_EDGE('',*,*,#2306,.F.);
#3127=ORIENTED_EDGE('',*,*,#2298,.F.);
#3128=ORIENTED_EDGE('',*,*,#2307,.F.);
#3129=ORIENTED_EDGE('',*,*,#2305,.F.);
#3130=ORIENTED_EDGE('',*,*,#2308,.F.);
#3131=ORIENTED_EDGE('',*,*,#2303,.F.);
#3132=ORIENTED_EDGE('',*,*,#2309,.F.);
#3133=ORIENTED_EDGE('',*,*,#2310,.F.);
#3134=ORIENTED_EDGE('',*,*,#2311,.F.);
#3135=ORIENTED_EDGE('',*,*,#2312,.F.);
#3136=ORIENTED_EDGE('',*,*,#2313,.T.);
#3137=ORIENTED_EDGE('',*,*,#2314,.F.);
#3138=ORIENTED_EDGE('',*,*,#2310,.T.);
#3139=ORIENTED_EDGE('',*,*,#2313,.F.);
#3140=ORIENTED_EDGE('',*,*,#2315,.F.);
#3141=ORIENTED_EDGE('',*,*,#2316,.T.);
#3142=ORIENTED_EDGE('',*,*,#2317,.F.);
#3143=ORIENTED_EDGE('',*,*,#2318,.F.);
#3144=ORIENTED_EDGE('',*,*,#2319,.T.);
#3145=ORIENTED_EDGE('',*,*,#2320,.F.);
#3146=ORIENTED_EDGE('',*,*,#2321,.T.);
#3147=ORIENTED_EDGE('',*,*,#2319,.F.);
#3148=ORIENTED_EDGE('',*,*,#2322,.F.);
#3149=ORIENTED_EDGE('',*,*,#2323,.T.);
#3150=ORIENTED_EDGE('',*,*,#2324,.F.);
#3151=ORIENTED_EDGE('',*,*,#2316,.F.);
#3152=ORIENTED_EDGE('',*,*,#2325,.F.);
#3153=ORIENTED_EDGE('',*,*,#2323,.F.);
#3154=ORIENTED_EDGE('',*,*,#2326,.F.);
#3155=ORIENTED_EDGE('',*,*,#2321,.F.);
#3156=ORIENTED_EDGE('',*,*,#2327,.F.);
#3157=ORIENTED_EDGE('',*,*,#2328,.F.);
#3158=ORIENTED_EDGE('',*,*,#2329,.F.);
#3159=ORIENTED_EDGE('',*,*,#2330,.F.);
#3160=ORIENTED_EDGE('',*,*,#2331,.T.);
#3161=ORIENTED_EDGE('',*,*,#2332,.F.);
#3162=ORIENTED_EDGE('',*,*,#2328,.T.);
#3163=ORIENTED_EDGE('',*,*,#2331,.F.);
#3164=ORIENTED_EDGE('',*,*,#2333,.F.);
#3165=ORIENTED_EDGE('',*,*,#2334,.T.);
#3166=ORIENTED_EDGE('',*,*,#2335,.F.);
#3167=ORIENTED_EDGE('',*,*,#2336,.F.);
#3168=ORIENTED_EDGE('',*,*,#2337,.T.);
#3169=ORIENTED_EDGE('',*,*,#2338,.F.);
#3170=ORIENTED_EDGE('',*,*,#2339,.T.);
#3171=ORIENTED_EDGE('',*,*,#2337,.F.);
#3172=ORIENTED_EDGE('',*,*,#2340,.F.);
#3173=ORIENTED_EDGE('',*,*,#2341,.T.);
#3174=ORIENTED_EDGE('',*,*,#2342,.F.);
#3175=ORIENTED_EDGE('',*,*,#2334,.F.);
#3176=ORIENTED_EDGE('',*,*,#2343,.F.);
#3177=ORIENTED_EDGE('',*,*,#2341,.F.);
#3178=ORIENTED_EDGE('',*,*,#2344,.F.);
#3179=ORIENTED_EDGE('',*,*,#2339,.F.);
#3180=ORIENTED_EDGE('',*,*,#2345,.F.);
#3181=ORIENTED_EDGE('',*,*,#2346,.F.);
#3182=ORIENTED_EDGE('',*,*,#2347,.F.);
#3183=ORIENTED_EDGE('',*,*,#2348,.F.);
#3184=ORIENTED_EDGE('',*,*,#2349,.T.);
#3185=ORIENTED_EDGE('',*,*,#2350,.F.);
#3186=ORIENTED_EDGE('',*,*,#2346,.T.);
#3187=ORIENTED_EDGE('',*,*,#2349,.F.);
#3188=ORIENTED_EDGE('',*,*,#2351,.F.);
#3189=ORIENTED_EDGE('',*,*,#2352,.T.);
#3190=ORIENTED_EDGE('',*,*,#2353,.F.);
#3191=ORIENTED_EDGE('',*,*,#2354,.F.);
#3192=ORIENTED_EDGE('',*,*,#2355,.T.);
#3193=ORIENTED_EDGE('',*,*,#2356,.F.);
#3194=ORIENTED_EDGE('',*,*,#2357,.T.);
#3195=ORIENTED_EDGE('',*,*,#2355,.F.);
#3196=ORIENTED_EDGE('',*,*,#2358,.F.);
#3197=ORIENTED_EDGE('',*,*,#2359,.T.);
#3198=ORIENTED_EDGE('',*,*,#2360,.F.);
#3199=ORIENTED_EDGE('',*,*,#2352,.F.);
#3200=ORIENTED_EDGE('',*,*,#2361,.F.);
#3201=ORIENTED_EDGE('',*,*,#2359,.F.);
#3202=ORIENTED_EDGE('',*,*,#2362,.F.);
#3203=ORIENTED_EDGE('',*,*,#2357,.F.);
#3204=ORIENTED_EDGE('',*,*,#2363,.F.);
#3205=ORIENTED_EDGE('',*,*,#2364,.F.);
#3206=ORIENTED_EDGE('',*,*,#2365,.F.);
#3207=ORIENTED_EDGE('',*,*,#2366,.F.);
#3208=ORIENTED_EDGE('',*,*,#2367,.T.);
#3209=ORIENTED_EDGE('',*,*,#2368,.F.);
#3210=ORIENTED_EDGE('',*,*,#2364,.T.);
#3211=ORIENTED_EDGE('',*,*,#2367,.F.);
#3212=ORIENTED_EDGE('',*,*,#2369,.F.);
#3213=ORIENTED_EDGE('',*,*,#2370,.T.);
#3214=ORIENTED_EDGE('',*,*,#2371,.F.);
#3215=ORIENTED_EDGE('',*,*,#2372,.F.);
#3216=ORIENTED_EDGE('',*,*,#2373,.T.);
#3217=ORIENTED_EDGE('',*,*,#2374,.F.);
#3218=ORIENTED_EDGE('',*,*,#2375,.T.);
#3219=ORIENTED_EDGE('',*,*,#2373,.F.);
#3220=ORIENTED_EDGE('',*,*,#2376,.F.);
#3221=ORIENTED_EDGE('',*,*,#2377,.T.);
#3222=ORIENTED_EDGE('',*,*,#2378,.F.);
#3223=ORIENTED_EDGE('',*,*,#2370,.F.);
#3224=ORIENTED_EDGE('',*,*,#2379,.F.);
#3225=ORIENTED_EDGE('',*,*,#2377,.F.);
#3226=ORIENTED_EDGE('',*,*,#2380,.F.);
#3227=ORIENTED_EDGE('',*,*,#2375,.F.);
#3228=ORIENTED_EDGE('',*,*,#2381,.F.);
#3229=ORIENTED_EDGE('',*,*,#2382,.F.);
#3230=ORIENTED_EDGE('',*,*,#2383,.F.);
#3231=ORIENTED_EDGE('',*,*,#2384,.F.);
#3232=ORIENTED_EDGE('',*,*,#2385,.T.);
#3233=ORIENTED_EDGE('',*,*,#2386,.F.);
#3234=ORIENTED_EDGE('',*,*,#2382,.T.);
#3235=ORIENTED_EDGE('',*,*,#2385,.F.);
#3236=ORIENTED_EDGE('',*,*,#2387,.F.);
#3237=ORIENTED_EDGE('',*,*,#2388,.T.);
#3238=ORIENTED_EDGE('',*,*,#2389,.F.);
#3239=ORIENTED_EDGE('',*,*,#2390,.F.);
#3240=ORIENTED_EDGE('',*,*,#2391,.T.);
#3241=ORIENTED_EDGE('',*,*,#2392,.F.);
#3242=ORIENTED_EDGE('',*,*,#2393,.T.);
#3243=ORIENTED_EDGE('',*,*,#2391,.F.);
#3244=ORIENTED_EDGE('',*,*,#2394,.F.);
#3245=ORIENTED_EDGE('',*,*,#2395,.T.);
#3246=ORIENTED_EDGE('',*,*,#2396,.F.);
#3247=ORIENTED_EDGE('',*,*,#2388,.F.);
#3248=ORIENTED_EDGE('',*,*,#2397,.F.);
#3249=ORIENTED_EDGE('',*,*,#2395,.F.);
#3250=ORIENTED_EDGE('',*,*,#2398,.F.);
#3251=ORIENTED_EDGE('',*,*,#2393,.F.);
#3252=ORIENTED_EDGE('',*,*,#2399,.F.);
#3253=ORIENTED_EDGE('',*,*,#2400,.F.);
#3254=ORIENTED_EDGE('',*,*,#2401,.F.);
#3255=ORIENTED_EDGE('',*,*,#2402,.F.);
#3256=ORIENTED_EDGE('',*,*,#2403,.T.);
#3257=ORIENTED_EDGE('',*,*,#2404,.F.);
#3258=ORIENTED_EDGE('',*,*,#2400,.T.);
#3259=ORIENTED_EDGE('',*,*,#2403,.F.);
#3260=ORIENTED_EDGE('',*,*,#2405,.F.);
#3261=ORIENTED_EDGE('',*,*,#2406,.T.);
#3262=ORIENTED_EDGE('',*,*,#2407,.F.);
#3263=ORIENTED_EDGE('',*,*,#2408,.F.);
#3264=ORIENTED_EDGE('',*,*,#2409,.T.);
#3265=ORIENTED_EDGE('',*,*,#2410,.F.);
#3266=ORIENTED_EDGE('',*,*,#2411,.T.);
#3267=ORIENTED_EDGE('',*,*,#2409,.F.);
#3268=ORIENTED_EDGE('',*,*,#2412,.F.);
#3269=ORIENTED_EDGE('',*,*,#2413,.T.);
#3270=ORIENTED_EDGE('',*,*,#2414,.F.);
#3271=ORIENTED_EDGE('',*,*,#2406,.F.);
#3272=ORIENTED_EDGE('',*,*,#2415,.F.);
#3273=ORIENTED_EDGE('',*,*,#2413,.F.);
#3274=ORIENTED_EDGE('',*,*,#2416,.F.);
#3275=ORIENTED_EDGE('',*,*,#2411,.F.);
#3276=ORIENTED_EDGE('',*,*,#2417,.F.);
#3277=ORIENTED_EDGE('',*,*,#2418,.F.);
#3278=ORIENTED_EDGE('',*,*,#2419,.F.);
#3279=ORIENTED_EDGE('',*,*,#2420,.F.);
#3280=ORIENTED_EDGE('',*,*,#2421,.T.);
#3281=ORIENTED_EDGE('',*,*,#2422,.F.);
#3282=ORIENTED_EDGE('',*,*,#2418,.T.);
#3283=ORIENTED_EDGE('',*,*,#2421,.F.);
#3284=ORIENTED_EDGE('',*,*,#2423,.F.);
#3285=ORIENTED_EDGE('',*,*,#2424,.T.);
#3286=ORIENTED_EDGE('',*,*,#2425,.F.);
#3287=ORIENTED_EDGE('',*,*,#2426,.F.);
#3288=ORIENTED_EDGE('',*,*,#2427,.T.);
#3289=ORIENTED_EDGE('',*,*,#2428,.F.);
#3290=ORIENTED_EDGE('',*,*,#2429,.T.);
#3291=ORIENTED_EDGE('',*,*,#2427,.F.);
#3292=ORIENTED_EDGE('',*,*,#2430,.F.);
#3293=ORIENTED_EDGE('',*,*,#2431,.T.);
#3294=ORIENTED_EDGE('',*,*,#2432,.F.);
#3295=ORIENTED_EDGE('',*,*,#2424,.F.);
#3296=ORIENTED_EDGE('',*,*,#2433,.F.);
#3297=ORIENTED_EDGE('',*,*,#2431,.F.);
#3298=ORIENTED_EDGE('',*,*,#2434,.F.);
#3299=ORIENTED_EDGE('',*,*,#2429,.F.);
#3300=ORIENTED_EDGE('',*,*,#2435,.F.);
#3301=ORIENTED_EDGE('',*,*,#2436,.F.);
#3302=ORIENTED_EDGE('',*,*,#2437,.F.);
#3303=ORIENTED_EDGE('',*,*,#2438,.F.);
#3304=ORIENTED_EDGE('',*,*,#2439,.T.);
#3305=ORIENTED_EDGE('',*,*,#2440,.F.);
#3306=ORIENTED_EDGE('',*,*,#2436,.T.);
#3307=ORIENTED_EDGE('',*,*,#2439,.F.);
#3308=ORIENTED_EDGE('',*,*,#2441,.F.);
#3309=ORIENTED_EDGE('',*,*,#2442,.T.);
#3310=ORIENTED_EDGE('',*,*,#2443,.F.);
#3311=ORIENTED_EDGE('',*,*,#2444,.F.);
#3312=ORIENTED_EDGE('',*,*,#2445,.T.);
#3313=ORIENTED_EDGE('',*,*,#2446,.F.);
#3314=ORIENTED_EDGE('',*,*,#2447,.T.);
#3315=ORIENTED_EDGE('',*,*,#2445,.F.);
#3316=ORIENTED_EDGE('',*,*,#2448,.F.);
#3317=ORIENTED_EDGE('',*,*,#2449,.T.);
#3318=ORIENTED_EDGE('',*,*,#2450,.F.);
#3319=ORIENTED_EDGE('',*,*,#2442,.F.);
#3320=ORIENTED_EDGE('',*,*,#2451,.F.);
#3321=ORIENTED_EDGE('',*,*,#2449,.F.);
#3322=ORIENTED_EDGE('',*,*,#2452,.F.);
#3323=ORIENTED_EDGE('',*,*,#2447,.F.);
#3324=ORIENTED_EDGE('',*,*,#2453,.F.);
#3325=ORIENTED_EDGE('',*,*,#2454,.F.);
#3326=ORIENTED_EDGE('',*,*,#2455,.F.);
#3327=ORIENTED_EDGE('',*,*,#2456,.F.);
#3328=ORIENTED_EDGE('',*,*,#2457,.T.);
#3329=ORIENTED_EDGE('',*,*,#2458,.F.);
#3330=ORIENTED_EDGE('',*,*,#2454,.T.);
#3331=ORIENTED_EDGE('',*,*,#2457,.F.);
#3332=ORIENTED_EDGE('',*,*,#2459,.F.);
#3333=ORIENTED_EDGE('',*,*,#2460,.T.);
#3334=ORIENTED_EDGE('',*,*,#2461,.F.);
#3335=ORIENTED_EDGE('',*,*,#2462,.F.);
#3336=ORIENTED_EDGE('',*,*,#2463,.T.);
#3337=ORIENTED_EDGE('',*,*,#2464,.F.);
#3338=ORIENTED_EDGE('',*,*,#2465,.T.);
#3339=ORIENTED_EDGE('',*,*,#2463,.F.);
#3340=ORIENTED_EDGE('',*,*,#2466,.F.);
#3341=ORIENTED_EDGE('',*,*,#2467,.T.);
#3342=ORIENTED_EDGE('',*,*,#2468,.F.);
#3343=ORIENTED_EDGE('',*,*,#2460,.F.);
#3344=ORIENTED_EDGE('',*,*,#2469,.F.);
#3345=ORIENTED_EDGE('',*,*,#2467,.F.);
#3346=ORIENTED_EDGE('',*,*,#2470,.F.);
#3347=ORIENTED_EDGE('',*,*,#2465,.F.);
#3348=ORIENTED_EDGE('',*,*,#2471,.F.);
#3349=ORIENTED_EDGE('',*,*,#2472,.F.);
#3350=ORIENTED_EDGE('',*,*,#2473,.F.);
#3351=ORIENTED_EDGE('',*,*,#2474,.F.);
#3352=ORIENTED_EDGE('',*,*,#2475,.T.);
#3353=ORIENTED_EDGE('',*,*,#2476,.F.);
#3354=ORIENTED_EDGE('',*,*,#2472,.T.);
#3355=ORIENTED_EDGE('',*,*,#2475,.F.);
#3356=ORIENTED_EDGE('',*,*,#2477,.F.);
#3357=ORIENTED_EDGE('',*,*,#2478,.T.);
#3358=ORIENTED_EDGE('',*,*,#2479,.F.);
#3359=ORIENTED_EDGE('',*,*,#2480,.F.);
#3360=ORIENTED_EDGE('',*,*,#2481,.T.);
#3361=ORIENTED_EDGE('',*,*,#2482,.F.);
#3362=ORIENTED_EDGE('',*,*,#2483,.T.);
#3363=ORIENTED_EDGE('',*,*,#2481,.F.);
#3364=ORIENTED_EDGE('',*,*,#2484,.F.);
#3365=ORIENTED_EDGE('',*,*,#2485,.T.);
#3366=ORIENTED_EDGE('',*,*,#2486,.F.);
#3367=ORIENTED_EDGE('',*,*,#2478,.F.);
#3368=ORIENTED_EDGE('',*,*,#2487,.F.);
#3369=ORIENTED_EDGE('',*,*,#2485,.F.);
#3370=ORIENTED_EDGE('',*,*,#2488,.F.);
#3371=ORIENTED_EDGE('',*,*,#2483,.F.);
#3372=ORIENTED_EDGE('',*,*,#2489,.F.);
#3373=ORIENTED_EDGE('',*,*,#2490,.F.);
#3374=ORIENTED_EDGE('',*,*,#2491,.F.);
#3375=ORIENTED_EDGE('',*,*,#2492,.F.);
#3376=ORIENTED_EDGE('',*,*,#2493,.T.);
#3377=ORIENTED_EDGE('',*,*,#2494,.F.);
#3378=ORIENTED_EDGE('',*,*,#2490,.T.);
#3379=ORIENTED_EDGE('',*,*,#2493,.F.);
#3380=ORIENTED_EDGE('',*,*,#2495,.F.);
#3381=ORIENTED_EDGE('',*,*,#2496,.T.);
#3382=ORIENTED_EDGE('',*,*,#2497,.F.);
#3383=ORIENTED_EDGE('',*,*,#2498,.F.);
#3384=ORIENTED_EDGE('',*,*,#2499,.T.);
#3385=ORIENTED_EDGE('',*,*,#2500,.F.);
#3386=ORIENTED_EDGE('',*,*,#2501,.T.);
#3387=ORIENTED_EDGE('',*,*,#2499,.F.);
#3388=ORIENTED_EDGE('',*,*,#2502,.F.);
#3389=ORIENTED_EDGE('',*,*,#2503,.T.);
#3390=ORIENTED_EDGE('',*,*,#2504,.F.);
#3391=ORIENTED_EDGE('',*,*,#2496,.F.);
#3392=ORIENTED_EDGE('',*,*,#2505,.F.);
#3393=ORIENTED_EDGE('',*,*,#2503,.F.);
#3394=ORIENTED_EDGE('',*,*,#2506,.F.);
#3395=ORIENTED_EDGE('',*,*,#2501,.F.);
#3396=ORIENTED_EDGE('',*,*,#2507,.F.);
#3397=ORIENTED_EDGE('',*,*,#2508,.F.);
#3398=ORIENTED_EDGE('',*,*,#2509,.F.);
#3399=ORIENTED_EDGE('',*,*,#2510,.F.);
#3400=ORIENTED_EDGE('',*,*,#1896,.T.);
#3401=ORIENTED_EDGE('',*,*,#2511,.F.);
#3402=ORIENTED_EDGE('',*,*,#2512,.T.);
#3403=ORIENTED_EDGE('',*,*,#2513,.F.);
#3404=ORIENTED_EDGE('',*,*,#2508,.T.);
#3405=ORIENTED_EDGE('',*,*,#2514,.F.);
#3406=ORIENTED_EDGE('',*,*,#2515,.T.);
#3407=ORIENTED_EDGE('',*,*,#2515,.F.);
#3408=ORIENTED_EDGE('',*,*,#2516,.F.);
#3409=ORIENTED_EDGE('',*,*,#2517,.T.);
#3410=ORIENTED_EDGE('',*,*,#2518,.F.);
#3411=ORIENTED_EDGE('',*,*,#2512,.F.);
#3412=ORIENTED_EDGE('',*,*,#2519,.F.);
#3413=ORIENTED_EDGE('',*,*,#2520,.T.);
#3414=ORIENTED_EDGE('',*,*,#2521,.F.);
#3415=ORIENTED_EDGE('',*,*,#2517,.F.);
#3416=ORIENTED_EDGE('',*,*,#2522,.F.);
#3417=ORIENTED_EDGE('',*,*,#2520,.F.);
#3418=ORIENTED_EDGE('',*,*,#2523,.F.);
#3419=ORIENTED_EDGE('',*,*,#2524,.F.);
#3420=ORIENTED_EDGE('',*,*,#2525,.T.);
#3421=ORIENTED_EDGE('',*,*,#2526,.F.);
#3422=ORIENTED_EDGE('',*,*,#2525,.F.);
#3423=ORIENTED_EDGE('',*,*,#2527,.T.);
#3424=ORIENTED_EDGE('',*,*,#2528,.T.);
#3425=ORIENTED_EDGE('',*,*,#2529,.F.);
#3426=ORIENTED_EDGE('',*,*,#2528,.F.);
#3427=ORIENTED_EDGE('',*,*,#2530,.F.);
#3428=ORIENTED_EDGE('',*,*,#2531,.T.);
#3429=ORIENTED_EDGE('',*,*,#2527,.F.);
#3430=ORIENTED_EDGE('',*,*,#2531,.F.);
#3431=ORIENTED_EDGE('',*,*,#2524,.T.);
#3432=ORIENTED_EDGE('',*,*,#2532,.F.);
#3433=ORIENTED_EDGE('',*,*,#2533,.T.);
#3434=ORIENTED_EDGE('',*,*,#2534,.T.);
#3435=ORIENTED_EDGE('',*,*,#2533,.F.);
#3436=ORIENTED_EDGE('',*,*,#2532,.T.);
#3437=ORIENTED_EDGE('',*,*,#2534,.F.);
#3438=ORIENTED_EDGE('',*,*,#2535,.T.);
#3439=ORIENTED_EDGE('',*,*,#2536,.F.);
#3440=ORIENTED_EDGE('',*,*,#2535,.F.);
#3441=ORIENTED_EDGE('',*,*,#2537,.T.);
#3442=ORIENTED_EDGE('',*,*,#2538,.T.);
#3443=ORIENTED_EDGE('',*,*,#2539,.T.);
#3444=ORIENTED_EDGE('',*,*,#2538,.F.);
#3445=ORIENTED_EDGE('',*,*,#2537,.F.);
#3446=ORIENTED_EDGE('',*,*,#2540,.F.);
#3447=ORIENTED_EDGE('',*,*,#2539,.F.);
#3448=ORIENTED_EDGE('',*,*,#2541,.T.);
#3449=ORIENTED_EDGE('',*,*,#2542,.F.);
#3450=ORIENTED_EDGE('',*,*,#2541,.F.);
#3451=ORIENTED_EDGE('',*,*,#2526,.T.);
#3452=ORIENTED_EDGE('',*,*,#2536,.T.);
#3453=ORIENTED_EDGE('',*,*,#2540,.T.);
#3454=ORIENTED_EDGE('',*,*,#2543,.T.);
#3455=ORIENTED_EDGE('',*,*,#2530,.T.);
#3456=ORIENTED_EDGE('',*,*,#2543,.F.);
#3457=ORIENTED_EDGE('',*,*,#2544,.T.);
#3458=ORIENTED_EDGE('',*,*,#2542,.T.);
#3459=ORIENTED_EDGE('',*,*,#2544,.F.);
#3460=ORIENTED_EDGE('',*,*,#2545,.T.);
#3461=ORIENTED_EDGE('',*,*,#2546,.T.);
#3462=ORIENTED_EDGE('',*,*,#2545,.F.);
#3463=ORIENTED_EDGE('',*,*,#2529,.T.);
#3464=ORIENTED_EDGE('',*,*,#2547,.T.);
#3465=ORIENTED_EDGE('',*,*,#2546,.F.);
#3466=ORIENTED_EDGE('',*,*,#2500,.T.);
#3467=ORIENTED_EDGE('',*,*,#2504,.T.);
#3468=ORIENTED_EDGE('',*,*,#2505,.T.);
#3469=ORIENTED_EDGE('',*,*,#2495,.T.);
#3470=ORIENTED_EDGE('',*,*,#2492,.T.);
#3471=ORIENTED_EDGE('',*,*,#2489,.T.);
#3472=ORIENTED_EDGE('',*,*,#2482,.T.);
#3473=ORIENTED_EDGE('',*,*,#2486,.T.);
#3474=ORIENTED_EDGE('',*,*,#2487,.T.);
#3475=ORIENTED_EDGE('',*,*,#2477,.T.);
#3476=ORIENTED_EDGE('',*,*,#2474,.T.);
#3477=ORIENTED_EDGE('',*,*,#2471,.T.);
#3478=ORIENTED_EDGE('',*,*,#2464,.T.);
#3479=ORIENTED_EDGE('',*,*,#2468,.T.);
#3480=ORIENTED_EDGE('',*,*,#2469,.T.);
#3481=ORIENTED_EDGE('',*,*,#2459,.T.);
#3482=ORIENTED_EDGE('',*,*,#2456,.T.);
#3483=ORIENTED_EDGE('',*,*,#2453,.T.);
#3484=ORIENTED_EDGE('',*,*,#2446,.T.);
#3485=ORIENTED_EDGE('',*,*,#2450,.T.);
#3486=ORIENTED_EDGE('',*,*,#2451,.T.);
#3487=ORIENTED_EDGE('',*,*,#2441,.T.);
#3488=ORIENTED_EDGE('',*,*,#2438,.T.);
#3489=ORIENTED_EDGE('',*,*,#2435,.T.);
#3490=ORIENTED_EDGE('',*,*,#2428,.T.);
#3491=ORIENTED_EDGE('',*,*,#2432,.T.);
#3492=ORIENTED_EDGE('',*,*,#2433,.T.);
#3493=ORIENTED_EDGE('',*,*,#2423,.T.);
#3494=ORIENTED_EDGE('',*,*,#2420,.T.);
#3495=ORIENTED_EDGE('',*,*,#2417,.T.);
#3496=ORIENTED_EDGE('',*,*,#2410,.T.);
#3497=ORIENTED_EDGE('',*,*,#2414,.T.);
#3498=ORIENTED_EDGE('',*,*,#2415,.T.);
#3499=ORIENTED_EDGE('',*,*,#2405,.T.);
#3500=ORIENTED_EDGE('',*,*,#2402,.T.);
#3501=ORIENTED_EDGE('',*,*,#2399,.T.);
#3502=ORIENTED_EDGE('',*,*,#2392,.T.);
#3503=ORIENTED_EDGE('',*,*,#2396,.T.);
#3504=ORIENTED_EDGE('',*,*,#2397,.T.);
#3505=ORIENTED_EDGE('',*,*,#2387,.T.);
#3506=ORIENTED_EDGE('',*,*,#2384,.T.);
#3507=ORIENTED_EDGE('',*,*,#2381,.T.);
#3508=ORIENTED_EDGE('',*,*,#2374,.T.);
#3509=ORIENTED_EDGE('',*,*,#2378,.T.);
#3510=ORIENTED_EDGE('',*,*,#2379,.T.);
#3511=ORIENTED_EDGE('',*,*,#2369,.T.);
#3512=ORIENTED_EDGE('',*,*,#2366,.T.);
#3513=ORIENTED_EDGE('',*,*,#2363,.T.);
#3514=ORIENTED_EDGE('',*,*,#2356,.T.);
#3515=ORIENTED_EDGE('',*,*,#2360,.T.);
#3516=ORIENTED_EDGE('',*,*,#2361,.T.);
#3517=ORIENTED_EDGE('',*,*,#2351,.T.);
#3518=ORIENTED_EDGE('',*,*,#2348,.T.);
#3519=ORIENTED_EDGE('',*,*,#2345,.T.);
#3520=ORIENTED_EDGE('',*,*,#2338,.T.);
#3521=ORIENTED_EDGE('',*,*,#2342,.T.);
#3522=ORIENTED_EDGE('',*,*,#2343,.T.);
#3523=ORIENTED_EDGE('',*,*,#2333,.T.);
#3524=ORIENTED_EDGE('',*,*,#2330,.T.);
#3525=ORIENTED_EDGE('',*,*,#2327,.T.);
#3526=ORIENTED_EDGE('',*,*,#2320,.T.);
#3527=ORIENTED_EDGE('',*,*,#2324,.T.);
#3528=ORIENTED_EDGE('',*,*,#2325,.T.);
#3529=ORIENTED_EDGE('',*,*,#2315,.T.);
#3530=ORIENTED_EDGE('',*,*,#2312,.T.);
#3531=ORIENTED_EDGE('',*,*,#2309,.T.);
#3532=ORIENTED_EDGE('',*,*,#2302,.T.);
#3533=ORIENTED_EDGE('',*,*,#2306,.T.);
#3534=ORIENTED_EDGE('',*,*,#2307,.T.);
#3535=ORIENTED_EDGE('',*,*,#2297,.T.);
#3536=ORIENTED_EDGE('',*,*,#2294,.T.);
#3537=ORIENTED_EDGE('',*,*,#2291,.T.);
#3538=ORIENTED_EDGE('',*,*,#2284,.T.);
#3539=ORIENTED_EDGE('',*,*,#2288,.T.);
#3540=ORIENTED_EDGE('',*,*,#2289,.T.);
#3541=ORIENTED_EDGE('',*,*,#2279,.T.);
#3542=ORIENTED_EDGE('',*,*,#2276,.T.);
#3543=ORIENTED_EDGE('',*,*,#2273,.T.);
#3544=ORIENTED_EDGE('',*,*,#2266,.T.);
#3545=ORIENTED_EDGE('',*,*,#2270,.T.);
#3546=ORIENTED_EDGE('',*,*,#2271,.T.);
#3547=ORIENTED_EDGE('',*,*,#2261,.T.);
#3548=ORIENTED_EDGE('',*,*,#2258,.T.);
#3549=ORIENTED_EDGE('',*,*,#2255,.T.);
#3550=ORIENTED_EDGE('',*,*,#2248,.T.);
#3551=ORIENTED_EDGE('',*,*,#2252,.T.);
#3552=ORIENTED_EDGE('',*,*,#2253,.T.);
#3553=ORIENTED_EDGE('',*,*,#2243,.T.);
#3554=ORIENTED_EDGE('',*,*,#2240,.T.);
#3555=ORIENTED_EDGE('',*,*,#2237,.T.);
#3556=ORIENTED_EDGE('',*,*,#2230,.T.);
#3557=ORIENTED_EDGE('',*,*,#2234,.T.);
#3558=ORIENTED_EDGE('',*,*,#2235,.T.);
#3559=ORIENTED_EDGE('',*,*,#2225,.T.);
#3560=ORIENTED_EDGE('',*,*,#2222,.T.);
#3561=ORIENTED_EDGE('',*,*,#2219,.T.);
#3562=ORIENTED_EDGE('',*,*,#2212,.T.);
#3563=ORIENTED_EDGE('',*,*,#2216,.T.);
#3564=ORIENTED_EDGE('',*,*,#2217,.T.);
#3565=ORIENTED_EDGE('',*,*,#2207,.T.);
#3566=ORIENTED_EDGE('',*,*,#2204,.T.);
#3567=ORIENTED_EDGE('',*,*,#2201,.T.);
#3568=ORIENTED_EDGE('',*,*,#2194,.T.);
#3569=ORIENTED_EDGE('',*,*,#2198,.T.);
#3570=ORIENTED_EDGE('',*,*,#2199,.T.);
#3571=ORIENTED_EDGE('',*,*,#2189,.T.);
#3572=ORIENTED_EDGE('',*,*,#2186,.T.);
#3573=ORIENTED_EDGE('',*,*,#2183,.T.);
#3574=ORIENTED_EDGE('',*,*,#2176,.T.);
#3575=ORIENTED_EDGE('',*,*,#2180,.T.);
#3576=ORIENTED_EDGE('',*,*,#2181,.T.);
#3577=ORIENTED_EDGE('',*,*,#2171,.T.);
#3578=ORIENTED_EDGE('',*,*,#2168,.T.);
#3579=ORIENTED_EDGE('',*,*,#2165,.T.);
#3580=ORIENTED_EDGE('',*,*,#2158,.T.);
#3581=ORIENTED_EDGE('',*,*,#2162,.T.);
#3582=ORIENTED_EDGE('',*,*,#2163,.T.);
#3583=ORIENTED_EDGE('',*,*,#2153,.T.);
#3584=ORIENTED_EDGE('',*,*,#2150,.T.);
#3585=ORIENTED_EDGE('',*,*,#2147,.T.);
#3586=ORIENTED_EDGE('',*,*,#2140,.T.);
#3587=ORIENTED_EDGE('',*,*,#2144,.T.);
#3588=ORIENTED_EDGE('',*,*,#2145,.T.);
#3589=ORIENTED_EDGE('',*,*,#2135,.T.);
#3590=ORIENTED_EDGE('',*,*,#2132,.T.);
#3591=ORIENTED_EDGE('',*,*,#2129,.T.);
#3592=ORIENTED_EDGE('',*,*,#2122,.T.);
#3593=ORIENTED_EDGE('',*,*,#2126,.T.);
#3594=ORIENTED_EDGE('',*,*,#2127,.T.);
#3595=ORIENTED_EDGE('',*,*,#2117,.T.);
#3596=ORIENTED_EDGE('',*,*,#2114,.T.);
#3597=ORIENTED_EDGE('',*,*,#2111,.T.);
#3598=ORIENTED_EDGE('',*,*,#2104,.T.);
#3599=ORIENTED_EDGE('',*,*,#2108,.T.);
#3600=ORIENTED_EDGE('',*,*,#2109,.T.);
#3601=ORIENTED_EDGE('',*,*,#2099,.T.);
#3602=ORIENTED_EDGE('',*,*,#2096,.T.);
#3603=ORIENTED_EDGE('',*,*,#2093,.T.);
#3604=ORIENTED_EDGE('',*,*,#2086,.T.);
#3605=ORIENTED_EDGE('',*,*,#2090,.T.);
#3606=ORIENTED_EDGE('',*,*,#2091,.T.);
#3607=ORIENTED_EDGE('',*,*,#2081,.T.);
#3608=ORIENTED_EDGE('',*,*,#2078,.T.);
#3609=ORIENTED_EDGE('',*,*,#2075,.T.);
#3610=ORIENTED_EDGE('',*,*,#2068,.T.);
#3611=ORIENTED_EDGE('',*,*,#2072,.T.);
#3612=ORIENTED_EDGE('',*,*,#2073,.T.);
#3613=ORIENTED_EDGE('',*,*,#2063,.T.);
#3614=ORIENTED_EDGE('',*,*,#2060,.T.);
#3615=ORIENTED_EDGE('',*,*,#2057,.T.);
#3616=ORIENTED_EDGE('',*,*,#2050,.T.);
#3617=ORIENTED_EDGE('',*,*,#2054,.T.);
#3618=ORIENTED_EDGE('',*,*,#2055,.T.);
#3619=ORIENTED_EDGE('',*,*,#2045,.T.);
#3620=ORIENTED_EDGE('',*,*,#2042,.T.);
#3621=ORIENTED_EDGE('',*,*,#2039,.T.);
#3622=ORIENTED_EDGE('',*,*,#2032,.T.);
#3623=ORIENTED_EDGE('',*,*,#2036,.T.);
#3624=ORIENTED_EDGE('',*,*,#2037,.T.);
#3625=ORIENTED_EDGE('',*,*,#2027,.T.);
#3626=ORIENTED_EDGE('',*,*,#2024,.T.);
#3627=ORIENTED_EDGE('',*,*,#2021,.T.);
#3628=ORIENTED_EDGE('',*,*,#2014,.T.);
#3629=ORIENTED_EDGE('',*,*,#2018,.T.);
#3630=ORIENTED_EDGE('',*,*,#2019,.T.);
#3631=ORIENTED_EDGE('',*,*,#2009,.T.);
#3632=ORIENTED_EDGE('',*,*,#2006,.T.);
#3633=ORIENTED_EDGE('',*,*,#2003,.T.);
#3634=ORIENTED_EDGE('',*,*,#1996,.T.);
#3635=ORIENTED_EDGE('',*,*,#2000,.T.);
#3636=ORIENTED_EDGE('',*,*,#2001,.T.);
#3637=ORIENTED_EDGE('',*,*,#1991,.T.);
#3638=ORIENTED_EDGE('',*,*,#1988,.T.);
#3639=ORIENTED_EDGE('',*,*,#1985,.T.);
#3640=ORIENTED_EDGE('',*,*,#1978,.T.);
#3641=ORIENTED_EDGE('',*,*,#1982,.T.);
#3642=ORIENTED_EDGE('',*,*,#1983,.T.);
#3643=ORIENTED_EDGE('',*,*,#1973,.T.);
#3644=ORIENTED_EDGE('',*,*,#1970,.T.);
#3645=ORIENTED_EDGE('',*,*,#1967,.T.);
#3646=ORIENTED_EDGE('',*,*,#1960,.T.);
#3647=ORIENTED_EDGE('',*,*,#1964,.T.);
#3648=ORIENTED_EDGE('',*,*,#1965,.T.);
#3649=ORIENTED_EDGE('',*,*,#1955,.T.);
#3650=ORIENTED_EDGE('',*,*,#1952,.T.);
#3651=ORIENTED_EDGE('',*,*,#1949,.T.);
#3652=ORIENTED_EDGE('',*,*,#1942,.T.);
#3653=ORIENTED_EDGE('',*,*,#1946,.T.);
#3654=ORIENTED_EDGE('',*,*,#1947,.T.);
#3655=ORIENTED_EDGE('',*,*,#1937,.T.);
#3656=ORIENTED_EDGE('',*,*,#1934,.T.);
#3657=ORIENTED_EDGE('',*,*,#1931,.T.);
#3658=ORIENTED_EDGE('',*,*,#1924,.T.);
#3659=ORIENTED_EDGE('',*,*,#1928,.T.);
#3660=ORIENTED_EDGE('',*,*,#1929,.T.);
#3661=ORIENTED_EDGE('',*,*,#1919,.T.);
#3662=ORIENTED_EDGE('',*,*,#1916,.T.);
#3663=ORIENTED_EDGE('',*,*,#1913,.T.);
#3664=ORIENTED_EDGE('',*,*,#1906,.T.);
#3665=ORIENTED_EDGE('',*,*,#1910,.T.);
#3666=ORIENTED_EDGE('',*,*,#1911,.T.);
#3667=ORIENTED_EDGE('',*,*,#1901,.T.);
#3668=ORIENTED_EDGE('',*,*,#1898,.T.);
#3669=ORIENTED_EDGE('',*,*,#1892,.T.);
#3670=ORIENTED_EDGE('',*,*,#1885,.T.);
#3671=ORIENTED_EDGE('',*,*,#1889,.T.);
#3672=ORIENTED_EDGE('',*,*,#1890,.T.);
#3673=ORIENTED_EDGE('',*,*,#1880,.T.);
#3674=ORIENTED_EDGE('',*,*,#1876,.T.);
#3675=ORIENTED_EDGE('',*,*,#1897,.T.);
#3676=ORIENTED_EDGE('',*,*,#2510,.T.);
#3677=ORIENTED_EDGE('',*,*,#2521,.T.);
#3678=ORIENTED_EDGE('',*,*,#2522,.T.);
#3679=ORIENTED_EDGE('',*,*,#2516,.T.);
#3680=ORIENTED_EDGE('',*,*,#2514,.T.);
#3681=ORIENTED_EDGE('',*,*,#2507,.T.);
#3682=ORIENTED_EDGE('',*,*,#2548,.T.);
#3683=ORIENTED_EDGE('',*,*,#2549,.T.);
#3684=ORIENTED_EDGE('',*,*,#2550,.T.);
#3685=ORIENTED_EDGE('',*,*,#2549,.F.);
#3686=ORIENTED_EDGE('',*,*,#2547,.F.);
#3687=ORIENTED_EDGE('',*,*,#2551,.T.);
#3688=ORIENTED_EDGE('',*,*,#2548,.F.);
#3689=ORIENTED_EDGE('',*,*,#2551,.F.);
#3690=ORIENTED_EDGE('',*,*,#2552,.F.);
#3691=ORIENTED_EDGE('',*,*,#2550,.F.);
#3692=ORIENTED_EDGE('',*,*,#2553,.F.);
#3693=ORIENTED_EDGE('',*,*,#2554,.T.);
#3694=ORIENTED_EDGE('',*,*,#2552,.T.);
#3695=ORIENTED_EDGE('',*,*,#2554,.F.);
#3696=ORIENTED_EDGE('',*,*,#2553,.T.);
#3697=ORIENTED_EDGE('',*,*,#2498,.T.);
#3698=ORIENTED_EDGE('',*,*,#2509,.T.);
#3699=ORIENTED_EDGE('',*,*,#2513,.T.);
#3700=ORIENTED_EDGE('',*,*,#2518,.T.);
#3701=ORIENTED_EDGE('',*,*,#2523,.T.);
#3702=ORIENTED_EDGE('',*,*,#2519,.T.);
#3703=ORIENTED_EDGE('',*,*,#2511,.T.);
#3704=ORIENTED_EDGE('',*,*,#1895,.T.);
#3705=ORIENTED_EDGE('',*,*,#1878,.T.);
#3706=ORIENTED_EDGE('',*,*,#1882,.T.);
#3707=ORIENTED_EDGE('',*,*,#1891,.T.);
#3708=ORIENTED_EDGE('',*,*,#1887,.T.);
#3709=ORIENTED_EDGE('',*,*,#1883,.T.);
#3710=ORIENTED_EDGE('',*,*,#1894,.T.);
#3711=ORIENTED_EDGE('',*,*,#1900,.T.);
#3712=ORIENTED_EDGE('',*,*,#1903,.T.);
#3713=ORIENTED_EDGE('',*,*,#1912,.T.);
#3714=ORIENTED_EDGE('',*,*,#1908,.T.);
#3715=ORIENTED_EDGE('',*,*,#1904,.T.);
#3716=ORIENTED_EDGE('',*,*,#1915,.T.);
#3717=ORIENTED_EDGE('',*,*,#1918,.T.);
#3718=ORIENTED_EDGE('',*,*,#1921,.T.);
#3719=ORIENTED_EDGE('',*,*,#1930,.T.);
#3720=ORIENTED_EDGE('',*,*,#1926,.T.);
#3721=ORIENTED_EDGE('',*,*,#1922,.T.);
#3722=ORIENTED_EDGE('',*,*,#1933,.T.);
#3723=ORIENTED_EDGE('',*,*,#1936,.T.);
#3724=ORIENTED_EDGE('',*,*,#1939,.T.);
#3725=ORIENTED_EDGE('',*,*,#1948,.T.);
#3726=ORIENTED_EDGE('',*,*,#1944,.T.);
#3727=ORIENTED_EDGE('',*,*,#1940,.T.);
#3728=ORIENTED_EDGE('',*,*,#1951,.T.);
#3729=ORIENTED_EDGE('',*,*,#1954,.T.);
#3730=ORIENTED_EDGE('',*,*,#1957,.T.);
#3731=ORIENTED_EDGE('',*,*,#1966,.T.);
#3732=ORIENTED_EDGE('',*,*,#1962,.T.);
#3733=ORIENTED_EDGE('',*,*,#1958,.T.);
#3734=ORIENTED_EDGE('',*,*,#1969,.T.);
#3735=ORIENTED_EDGE('',*,*,#1972,.T.);
#3736=ORIENTED_EDGE('',*,*,#1975,.T.);
#3737=ORIENTED_EDGE('',*,*,#1984,.T.);
#3738=ORIENTED_EDGE('',*,*,#1980,.T.);
#3739=ORIENTED_EDGE('',*,*,#1976,.T.);
#3740=ORIENTED_EDGE('',*,*,#1987,.T.);
#3741=ORIENTED_EDGE('',*,*,#1990,.T.);
#3742=ORIENTED_EDGE('',*,*,#1993,.T.);
#3743=ORIENTED_EDGE('',*,*,#2002,.T.);
#3744=ORIENTED_EDGE('',*,*,#1998,.T.);
#3745=ORIENTED_EDGE('',*,*,#1994,.T.);
#3746=ORIENTED_EDGE('',*,*,#2005,.T.);
#3747=ORIENTED_EDGE('',*,*,#2008,.T.);
#3748=ORIENTED_EDGE('',*,*,#2011,.T.);
#3749=ORIENTED_EDGE('',*,*,#2020,.T.);
#3750=ORIENTED_EDGE('',*,*,#2016,.T.);
#3751=ORIENTED_EDGE('',*,*,#2012,.T.);
#3752=ORIENTED_EDGE('',*,*,#2023,.T.);
#3753=ORIENTED_EDGE('',*,*,#2026,.T.);
#3754=ORIENTED_EDGE('',*,*,#2029,.T.);
#3755=ORIENTED_EDGE('',*,*,#2038,.T.);
#3756=ORIENTED_EDGE('',*,*,#2034,.T.);
#3757=ORIENTED_EDGE('',*,*,#2030,.T.);
#3758=ORIENTED_EDGE('',*,*,#2041,.T.);
#3759=ORIENTED_EDGE('',*,*,#2044,.T.);
#3760=ORIENTED_EDGE('',*,*,#2047,.T.);
#3761=ORIENTED_EDGE('',*,*,#2056,.T.);
#3762=ORIENTED_EDGE('',*,*,#2052,.T.);
#3763=ORIENTED_EDGE('',*,*,#2048,.T.);
#3764=ORIENTED_EDGE('',*,*,#2059,.T.);
#3765=ORIENTED_EDGE('',*,*,#2062,.T.);
#3766=ORIENTED_EDGE('',*,*,#2065,.T.);
#3767=ORIENTED_EDGE('',*,*,#2074,.T.);
#3768=ORIENTED_EDGE('',*,*,#2070,.T.);
#3769=ORIENTED_EDGE('',*,*,#2066,.T.);
#3770=ORIENTED_EDGE('',*,*,#2077,.T.);
#3771=ORIENTED_EDGE('',*,*,#2080,.T.);
#3772=ORIENTED_EDGE('',*,*,#2083,.T.);
#3773=ORIENTED_EDGE('',*,*,#2092,.T.);
#3774=ORIENTED_EDGE('',*,*,#2088,.T.);
#3775=ORIENTED_EDGE('',*,*,#2084,.T.);
#3776=ORIENTED_EDGE('',*,*,#2095,.T.);
#3777=ORIENTED_EDGE('',*,*,#2098,.T.);
#3778=ORIENTED_EDGE('',*,*,#2101,.T.);
#3779=ORIENTED_EDGE('',*,*,#2110,.T.);
#3780=ORIENTED_EDGE('',*,*,#2106,.T.);
#3781=ORIENTED_EDGE('',*,*,#2102,.T.);
#3782=ORIENTED_EDGE('',*,*,#2113,.T.);
#3783=ORIENTED_EDGE('',*,*,#2116,.T.);
#3784=ORIENTED_EDGE('',*,*,#2119,.T.);
#3785=ORIENTED_EDGE('',*,*,#2128,.T.);
#3786=ORIENTED_EDGE('',*,*,#2124,.T.);
#3787=ORIENTED_EDGE('',*,*,#2120,.T.);
#3788=ORIENTED_EDGE('',*,*,#2131,.T.);
#3789=ORIENTED_EDGE('',*,*,#2134,.T.);
#3790=ORIENTED_EDGE('',*,*,#2137,.T.);
#3791=ORIENTED_EDGE('',*,*,#2146,.T.);
#3792=ORIENTED_EDGE('',*,*,#2142,.T.);
#3793=ORIENTED_EDGE('',*,*,#2138,.T.);
#3794=ORIENTED_EDGE('',*,*,#2149,.T.);
#3795=ORIENTED_EDGE('',*,*,#2152,.T.);
#3796=ORIENTED_EDGE('',*,*,#2155,.T.);
#3797=ORIENTED_EDGE('',*,*,#2164,.T.);
#3798=ORIENTED_EDGE('',*,*,#2160,.T.);
#3799=ORIENTED_EDGE('',*,*,#2156,.T.);
#3800=ORIENTED_EDGE('',*,*,#2167,.T.);
#3801=ORIENTED_EDGE('',*,*,#2170,.T.);
#3802=ORIENTED_EDGE('',*,*,#2173,.T.);
#3803=ORIENTED_EDGE('',*,*,#2182,.T.);
#3804=ORIENTED_EDGE('',*,*,#2178,.T.);
#3805=ORIENTED_EDGE('',*,*,#2174,.T.);
#3806=ORIENTED_EDGE('',*,*,#2185,.T.);
#3807=ORIENTED_EDGE('',*,*,#2188,.T.);
#3808=ORIENTED_EDGE('',*,*,#2191,.T.);
#3809=ORIENTED_EDGE('',*,*,#2200,.T.);
#3810=ORIENTED_EDGE('',*,*,#2196,.T.);
#3811=ORIENTED_EDGE('',*,*,#2192,.T.);
#3812=ORIENTED_EDGE('',*,*,#2203,.T.);
#3813=ORIENTED_EDGE('',*,*,#2206,.T.);
#3814=ORIENTED_EDGE('',*,*,#2209,.T.);
#3815=ORIENTED_EDGE('',*,*,#2218,.T.);
#3816=ORIENTED_EDGE('',*,*,#2214,.T.);
#3817=ORIENTED_EDGE('',*,*,#2210,.T.);
#3818=ORIENTED_EDGE('',*,*,#2221,.T.);
#3819=ORIENTED_EDGE('',*,*,#2224,.T.);
#3820=ORIENTED_EDGE('',*,*,#2227,.T.);
#3821=ORIENTED_EDGE('',*,*,#2236,.T.);
#3822=ORIENTED_EDGE('',*,*,#2232,.T.);
#3823=ORIENTED_EDGE('',*,*,#2228,.T.);
#3824=ORIENTED_EDGE('',*,*,#2239,.T.);
#3825=ORIENTED_EDGE('',*,*,#2242,.T.);
#3826=ORIENTED_EDGE('',*,*,#2245,.T.);
#3827=ORIENTED_EDGE('',*,*,#2254,.T.);
#3828=ORIENTED_EDGE('',*,*,#2250,.T.);
#3829=ORIENTED_EDGE('',*,*,#2246,.T.);
#3830=ORIENTED_EDGE('',*,*,#2257,.T.);
#3831=ORIENTED_EDGE('',*,*,#2260,.T.);
#3832=ORIENTED_EDGE('',*,*,#2263,.T.);
#3833=ORIENTED_EDGE('',*,*,#2272,.T.);
#3834=ORIENTED_EDGE('',*,*,#2268,.T.);
#3835=ORIENTED_EDGE('',*,*,#2264,.T.);
#3836=ORIENTED_EDGE('',*,*,#2275,.T.);
#3837=ORIENTED_EDGE('',*,*,#2278,.T.);
#3838=ORIENTED_EDGE('',*,*,#2281,.T.);
#3839=ORIENTED_EDGE('',*,*,#2290,.T.);
#3840=ORIENTED_EDGE('',*,*,#2286,.T.);
#3841=ORIENTED_EDGE('',*,*,#2282,.T.);
#3842=ORIENTED_EDGE('',*,*,#2293,.T.);
#3843=ORIENTED_EDGE('',*,*,#2296,.T.);
#3844=ORIENTED_EDGE('',*,*,#2299,.T.);
#3845=ORIENTED_EDGE('',*,*,#2308,.T.);
#3846=ORIENTED_EDGE('',*,*,#2304,.T.);
#3847=ORIENTED_EDGE('',*,*,#2300,.T.);
#3848=ORIENTED_EDGE('',*,*,#2311,.T.);
#3849=ORIENTED_EDGE('',*,*,#2314,.T.);
#3850=ORIENTED_EDGE('',*,*,#2317,.T.);
#3851=ORIENTED_EDGE('',*,*,#2326,.T.);
#3852=ORIENTED_EDGE('',*,*,#2322,.T.);
#3853=ORIENTED_EDGE('',*,*,#2318,.T.);
#3854=ORIENTED_EDGE('',*,*,#2329,.T.);
#3855=ORIENTED_EDGE('',*,*,#2332,.T.);
#3856=ORIENTED_EDGE('',*,*,#2335,.T.);
#3857=ORIENTED_EDGE('',*,*,#2344,.T.);
#3858=ORIENTED_EDGE('',*,*,#2340,.T.);
#3859=ORIENTED_EDGE('',*,*,#2336,.T.);
#3860=ORIENTED_EDGE('',*,*,#2347,.T.);
#3861=ORIENTED_EDGE('',*,*,#2350,.T.);
#3862=ORIENTED_EDGE('',*,*,#2353,.T.);
#3863=ORIENTED_EDGE('',*,*,#2362,.T.);
#3864=ORIENTED_EDGE('',*,*,#2358,.T.);
#3865=ORIENTED_EDGE('',*,*,#2354,.T.);
#3866=ORIENTED_EDGE('',*,*,#2365,.T.);
#3867=ORIENTED_EDGE('',*,*,#2368,.T.);
#3868=ORIENTED_EDGE('',*,*,#2371,.T.);
#3869=ORIENTED_EDGE('',*,*,#2380,.T.);
#3870=ORIENTED_EDGE('',*,*,#2376,.T.);
#3871=ORIENTED_EDGE('',*,*,#2372,.T.);
#3872=ORIENTED_EDGE('',*,*,#2383,.T.);
#3873=ORIENTED_EDGE('',*,*,#2386,.T.);
#3874=ORIENTED_EDGE('',*,*,#2389,.T.);
#3875=ORIENTED_EDGE('',*,*,#2398,.T.);
#3876=ORIENTED_EDGE('',*,*,#2394,.T.);
#3877=ORIENTED_EDGE('',*,*,#2390,.T.);
#3878=ORIENTED_EDGE('',*,*,#2401,.T.);
#3879=ORIENTED_EDGE('',*,*,#2404,.T.);
#3880=ORIENTED_EDGE('',*,*,#2407,.T.);
#3881=ORIENTED_EDGE('',*,*,#2416,.T.);
#3882=ORIENTED_EDGE('',*,*,#2412,.T.);
#3883=ORIENTED_EDGE('',*,*,#2408,.T.);
#3884=ORIENTED_EDGE('',*,*,#2419,.T.);
#3885=ORIENTED_EDGE('',*,*,#2422,.T.);
#3886=ORIENTED_EDGE('',*,*,#2425,.T.);
#3887=ORIENTED_EDGE('',*,*,#2434,.T.);
#3888=ORIENTED_EDGE('',*,*,#2430,.T.);
#3889=ORIENTED_EDGE('',*,*,#2426,.T.);
#3890=ORIENTED_EDGE('',*,*,#2437,.T.);
#3891=ORIENTED_EDGE('',*,*,#2440,.T.);
#3892=ORIENTED_EDGE('',*,*,#2443,.T.);
#3893=ORIENTED_EDGE('',*,*,#2452,.T.);
#3894=ORIENTED_EDGE('',*,*,#2448,.T.);
#3895=ORIENTED_EDGE('',*,*,#2444,.T.);
#3896=ORIENTED_EDGE('',*,*,#2455,.T.);
#3897=ORIENTED_EDGE('',*,*,#2458,.T.);
#3898=ORIENTED_EDGE('',*,*,#2461,.T.);
#3899=ORIENTED_EDGE('',*,*,#2470,.T.);
#3900=ORIENTED_EDGE('',*,*,#2466,.T.);
#3901=ORIENTED_EDGE('',*,*,#2462,.T.);
#3902=ORIENTED_EDGE('',*,*,#2473,.T.);
#3903=ORIENTED_EDGE('',*,*,#2476,.T.);
#3904=ORIENTED_EDGE('',*,*,#2479,.T.);
#3905=ORIENTED_EDGE('',*,*,#2488,.T.);
#3906=ORIENTED_EDGE('',*,*,#2484,.T.);
#3907=ORIENTED_EDGE('',*,*,#2480,.T.);
#3908=ORIENTED_EDGE('',*,*,#2491,.T.);
#3909=ORIENTED_EDGE('',*,*,#2494,.T.);
#3910=ORIENTED_EDGE('',*,*,#2497,.T.);
#3911=ORIENTED_EDGE('',*,*,#2506,.T.);
#3912=ORIENTED_EDGE('',*,*,#2502,.T.);
#3913=CYLINDRICAL_SURFACE('',#4385,0.15);
#3914=CYLINDRICAL_SURFACE('',#4388,1.);
#3915=CYLINDRICAL_SURFACE('',#4391,0.15);
#3916=CYLINDRICAL_SURFACE('',#4394,1.);
#3917=CYLINDRICAL_SURFACE('',#4397,0.555);
#3918=CYLINDRICAL_SURFACE('',#4400,11.2051655817596);
#3919=CYLINDRICAL_SURFACE('',#4403,11.2051655817596);
#3920=CYLINDRICAL_SURFACE('',#4406,0.15);
#3921=CYLINDRICAL_SURFACE('',#4409,1.);
#3922=CYLINDRICAL_SURFACE('',#4412,0.15);
#3923=CYLINDRICAL_SURFACE('',#4415,1.);
#3924=CYLINDRICAL_SURFACE('',#4418,0.555);
#3925=CYLINDRICAL_SURFACE('',#4421,11.2051655817596);
#3926=CYLINDRICAL_SURFACE('',#4424,0.15);
#3927=CYLINDRICAL_SURFACE('',#4427,1.);
#3928=CYLINDRICAL_SURFACE('',#4430,0.15);
#3929=CYLINDRICAL_SURFACE('',#4433,1.);
#3930=CYLINDRICAL_SURFACE('',#4436,0.555);
#3931=CYLINDRICAL_SURFACE('',#4439,11.2051655817596);
#3932=CYLINDRICAL_SURFACE('',#4442,0.15);
#3933=CYLINDRICAL_SURFACE('',#4445,1.);
#3934=CYLINDRICAL_SURFACE('',#4448,0.15);
#3935=CYLINDRICAL_SURFACE('',#4451,1.);
#3936=CYLINDRICAL_SURFACE('',#4454,0.555);
#3937=CYLINDRICAL_SURFACE('',#4457,11.2051655817596);
#3938=CYLINDRICAL_SURFACE('',#4460,0.15);
#3939=CYLINDRICAL_SURFACE('',#4463,1.);
#3940=CYLINDRICAL_SURFACE('',#4466,0.15);
#3941=CYLINDRICAL_SURFACE('',#4469,1.);
#3942=CYLINDRICAL_SURFACE('',#4472,0.555);
#3943=CYLINDRICAL_SURFACE('',#4475,11.2051655817596);
#3944=CYLINDRICAL_SURFACE('',#4478,0.15);
#3945=CYLINDRICAL_SURFACE('',#4481,1.);
#3946=CYLINDRICAL_SURFACE('',#4484,0.15);
#3947=CYLINDRICAL_SURFACE('',#4487,1.);
#3948=CYLINDRICAL_SURFACE('',#4490,0.555);
#3949=CYLINDRICAL_SURFACE('',#4493,11.2051655817596);
#3950=CYLINDRICAL_SURFACE('',#4496,0.15);
#3951=CYLINDRICAL_SURFACE('',#4499,1.);
#3952=CYLINDRICAL_SURFACE('',#4502,0.15);
#3953=CYLINDRICAL_SURFACE('',#4505,1.);
#3954=CYLINDRICAL_SURFACE('',#4508,0.555);
#3955=CYLINDRICAL_SURFACE('',#4511,11.2051655817596);
#3956=CYLINDRICAL_SURFACE('',#4514,0.15);
#3957=CYLINDRICAL_SURFACE('',#4517,1.);
#3958=CYLINDRICAL_SURFACE('',#4520,0.15);
#3959=CYLINDRICAL_SURFACE('',#4523,1.);
#3960=CYLINDRICAL_SURFACE('',#4526,0.555);
#3961=CYLINDRICAL_SURFACE('',#4529,11.2051655817596);
#3962=CYLINDRICAL_SURFACE('',#4532,0.15);
#3963=CYLINDRICAL_SURFACE('',#4535,1.);
#3964=CYLINDRICAL_SURFACE('',#4538,0.15);
#3965=CYLINDRICAL_SURFACE('',#4541,1.);
#3966=CYLINDRICAL_SURFACE('',#4544,0.555);
#3967=CYLINDRICAL_SURFACE('',#4547,11.2051655817596);
#3968=CYLINDRICAL_SURFACE('',#4550,0.15);
#3969=CYLINDRICAL_SURFACE('',#4553,1.);
#3970=CYLINDRICAL_SURFACE('',#4556,0.15);
#3971=CYLINDRICAL_SURFACE('',#4559,1.);
#3972=CYLINDRICAL_SURFACE('',#4562,0.555);
#3973=CYLINDRICAL_SURFACE('',#4565,11.2051655817596);
#3974=CYLINDRICAL_SURFACE('',#4568,0.15);
#3975=CYLINDRICAL_SURFACE('',#4571,1.);
#3976=CYLINDRICAL_SURFACE('',#4574,0.15);
#3977=CYLINDRICAL_SURFACE('',#4577,1.);
#3978=CYLINDRICAL_SURFACE('',#4580,0.555);
#3979=CYLINDRICAL_SURFACE('',#4583,11.2051655817596);
#3980=CYLINDRICAL_SURFACE('',#4586,0.15);
#3981=CYLINDRICAL_SURFACE('',#4589,1.);
#3982=CYLINDRICAL_SURFACE('',#4592,0.15);
#3983=CYLINDRICAL_SURFACE('',#4595,1.);
#3984=CYLINDRICAL_SURFACE('',#4598,0.555);
#3985=CYLINDRICAL_SURFACE('',#4601,11.2051655817596);
#3986=CYLINDRICAL_SURFACE('',#4604,0.15);
#3987=CYLINDRICAL_SURFACE('',#4607,1.);
#3988=CYLINDRICAL_SURFACE('',#4610,0.15);
#3989=CYLINDRICAL_SURFACE('',#4613,1.);
#3990=CYLINDRICAL_SURFACE('',#4616,0.555);
#3991=CYLINDRICAL_SURFACE('',#4619,11.2051655817596);
#3992=CYLINDRICAL_SURFACE('',#4622,0.15);
#3993=CYLINDRICAL_SURFACE('',#4625,1.);
#3994=CYLINDRICAL_SURFACE('',#4628,0.15);
#3995=CYLINDRICAL_SURFACE('',#4631,1.);
#3996=CYLINDRICAL_SURFACE('',#4634,0.555);
#3997=CYLINDRICAL_SURFACE('',#4637,11.2051655817596);
#3998=CYLINDRICAL_SURFACE('',#4640,0.15);
#3999=CYLINDRICAL_SURFACE('',#4643,1.);
#4000=CYLINDRICAL_SURFACE('',#4646,0.15);
#4001=CYLINDRICAL_SURFACE('',#4649,1.);
#4002=CYLINDRICAL_SURFACE('',#4652,0.555);
#4003=CYLINDRICAL_SURFACE('',#4655,11.2051655817596);
#4004=CYLINDRICAL_SURFACE('',#4658,0.15);
#4005=CYLINDRICAL_SURFACE('',#4661,1.);
#4006=CYLINDRICAL_SURFACE('',#4664,0.15);
#4007=CYLINDRICAL_SURFACE('',#4667,1.);
#4008=CYLINDRICAL_SURFACE('',#4670,0.555);
#4009=CYLINDRICAL_SURFACE('',#4673,11.2051655817596);
#4010=CYLINDRICAL_SURFACE('',#4676,0.15);
#4011=CYLINDRICAL_SURFACE('',#4679,1.);
#4012=CYLINDRICAL_SURFACE('',#4682,0.15);
#4013=CYLINDRICAL_SURFACE('',#4685,1.);
#4014=CYLINDRICAL_SURFACE('',#4688,0.555);
#4015=CYLINDRICAL_SURFACE('',#4691,11.2051655817596);
#4016=CYLINDRICAL_SURFACE('',#4694,0.15);
#4017=CYLINDRICAL_SURFACE('',#4697,1.);
#4018=CYLINDRICAL_SURFACE('',#4700,0.15);
#4019=CYLINDRICAL_SURFACE('',#4703,1.);
#4020=CYLINDRICAL_SURFACE('',#4706,0.555);
#4021=CYLINDRICAL_SURFACE('',#4709,11.2051655817596);
#4022=CYLINDRICAL_SURFACE('',#4712,0.15);
#4023=CYLINDRICAL_SURFACE('',#4715,1.);
#4024=CYLINDRICAL_SURFACE('',#4718,0.15);
#4025=CYLINDRICAL_SURFACE('',#4721,1.);
#4026=CYLINDRICAL_SURFACE('',#4724,0.555);
#4027=CYLINDRICAL_SURFACE('',#4727,11.2051655817596);
#4028=CYLINDRICAL_SURFACE('',#4730,0.15);
#4029=CYLINDRICAL_SURFACE('',#4733,1.);
#4030=CYLINDRICAL_SURFACE('',#4736,0.15);
#4031=CYLINDRICAL_SURFACE('',#4739,1.);
#4032=CYLINDRICAL_SURFACE('',#4742,0.555);
#4033=CYLINDRICAL_SURFACE('',#4745,11.2051655817596);
#4034=CYLINDRICAL_SURFACE('',#4748,0.15);
#4035=CYLINDRICAL_SURFACE('',#4751,1.);
#4036=CYLINDRICAL_SURFACE('',#4754,0.15);
#4037=CYLINDRICAL_SURFACE('',#4757,1.);
#4038=CYLINDRICAL_SURFACE('',#4760,0.555);
#4039=CYLINDRICAL_SURFACE('',#4763,11.2051655817596);
#4040=CYLINDRICAL_SURFACE('',#4766,0.15);
#4041=CYLINDRICAL_SURFACE('',#4769,1.);
#4042=CYLINDRICAL_SURFACE('',#4772,0.15);
#4043=CYLINDRICAL_SURFACE('',#4775,1.);
#4044=CYLINDRICAL_SURFACE('',#4778,0.555);
#4045=CYLINDRICAL_SURFACE('',#4781,11.2051655817596);
#4046=CYLINDRICAL_SURFACE('',#4784,0.15);
#4047=CYLINDRICAL_SURFACE('',#4787,1.);
#4048=CYLINDRICAL_SURFACE('',#4790,0.15);
#4049=CYLINDRICAL_SURFACE('',#4793,1.);
#4050=CYLINDRICAL_SURFACE('',#4796,0.555);
#4051=CYLINDRICAL_SURFACE('',#4799,11.2051655817596);
#4052=CYLINDRICAL_SURFACE('',#4802,0.15);
#4053=CYLINDRICAL_SURFACE('',#4805,1.);
#4054=CYLINDRICAL_SURFACE('',#4808,0.15);
#4055=CYLINDRICAL_SURFACE('',#4811,1.);
#4056=CYLINDRICAL_SURFACE('',#4814,0.555);
#4057=CYLINDRICAL_SURFACE('',#4817,11.2051655817596);
#4058=CYLINDRICAL_SURFACE('',#4820,0.15);
#4059=CYLINDRICAL_SURFACE('',#4823,1.);
#4060=CYLINDRICAL_SURFACE('',#4826,0.15);
#4061=CYLINDRICAL_SURFACE('',#4829,1.);
#4062=CYLINDRICAL_SURFACE('',#4832,0.555);
#4063=CYLINDRICAL_SURFACE('',#4835,11.2051655817596);
#4064=CYLINDRICAL_SURFACE('',#4838,0.15);
#4065=CYLINDRICAL_SURFACE('',#4841,1.);
#4066=CYLINDRICAL_SURFACE('',#4844,0.15);
#4067=CYLINDRICAL_SURFACE('',#4847,1.);
#4068=CYLINDRICAL_SURFACE('',#4850,0.555);
#4069=CYLINDRICAL_SURFACE('',#4853,11.2051655817596);
#4070=CYLINDRICAL_SURFACE('',#4856,0.15);
#4071=CYLINDRICAL_SURFACE('',#4859,1.);
#4072=CYLINDRICAL_SURFACE('',#4862,0.15);
#4073=CYLINDRICAL_SURFACE('',#4865,1.);
#4074=CYLINDRICAL_SURFACE('',#4868,0.555);
#4075=CYLINDRICAL_SURFACE('',#4871,11.2051655817596);
#4076=CYLINDRICAL_SURFACE('',#4874,0.15);
#4077=CYLINDRICAL_SURFACE('',#4877,1.);
#4078=CYLINDRICAL_SURFACE('',#4880,0.15);
#4079=CYLINDRICAL_SURFACE('',#4883,1.);
#4080=CYLINDRICAL_SURFACE('',#4886,0.555);
#4081=CYLINDRICAL_SURFACE('',#4889,11.2051655817596);
#4082=CYLINDRICAL_SURFACE('',#4892,0.15);
#4083=CYLINDRICAL_SURFACE('',#4895,1.);
#4084=CYLINDRICAL_SURFACE('',#4898,0.15);
#4085=CYLINDRICAL_SURFACE('',#4901,1.);
#4086=CYLINDRICAL_SURFACE('',#4904,0.555);
#4087=CYLINDRICAL_SURFACE('',#4907,11.2051655817596);
#4088=CYLINDRICAL_SURFACE('',#4910,0.15);
#4089=CYLINDRICAL_SURFACE('',#4913,1.);
#4090=CYLINDRICAL_SURFACE('',#4916,0.15);
#4091=CYLINDRICAL_SURFACE('',#4919,1.);
#4092=CYLINDRICAL_SURFACE('',#4922,0.555);
#4093=CYLINDRICAL_SURFACE('',#4925,11.2051655817596);
#4094=CYLINDRICAL_SURFACE('',#4928,0.15);
#4095=CYLINDRICAL_SURFACE('',#4931,1.);
#4096=CYLINDRICAL_SURFACE('',#4934,0.15);
#4097=CYLINDRICAL_SURFACE('',#4937,1.);
#4098=CYLINDRICAL_SURFACE('',#4940,0.555);
#4099=CYLINDRICAL_SURFACE('',#4943,11.2051655817596);
#4100=CYLINDRICAL_SURFACE('',#4946,0.15);
#4101=CYLINDRICAL_SURFACE('',#4949,1.);
#4102=CYLINDRICAL_SURFACE('',#4952,0.15);
#4103=CYLINDRICAL_SURFACE('',#4955,1.);
#4104=CYLINDRICAL_SURFACE('',#4958,0.555);
#4105=CYLINDRICAL_SURFACE('',#4961,11.2051655817596);
#4106=CYLINDRICAL_SURFACE('',#4964,0.15);
#4107=CYLINDRICAL_SURFACE('',#4967,1.);
#4108=CYLINDRICAL_SURFACE('',#4970,0.15);
#4109=CYLINDRICAL_SURFACE('',#4973,1.);
#4110=CYLINDRICAL_SURFACE('',#4976,0.555);
#4111=CYLINDRICAL_SURFACE('',#4979,11.2051655817596);
#4112=CYLINDRICAL_SURFACE('',#4982,0.15);
#4113=CYLINDRICAL_SURFACE('',#4985,1.);
#4114=CYLINDRICAL_SURFACE('',#4988,0.15);
#4115=CYLINDRICAL_SURFACE('',#4991,1.);
#4116=CYLINDRICAL_SURFACE('',#4994,0.555);
#4117=CYLINDRICAL_SURFACE('',#4997,11.2051655817596);
#4118=CYLINDRICAL_SURFACE('',#5000,0.15);
#4119=CYLINDRICAL_SURFACE('',#5003,1.);
#4120=CYLINDRICAL_SURFACE('',#5006,0.15);
#4121=CYLINDRICAL_SURFACE('',#5009,1.);
#4122=CYLINDRICAL_SURFACE('',#5012,0.555);
#4123=CYLINDRICAL_SURFACE('',#5015,11.2051655817596);
#4124=CYLINDRICAL_SURFACE('',#5018,0.15);
#4125=CYLINDRICAL_SURFACE('',#5021,0.15);
#4126=CYLINDRICAL_SURFACE('',#5024,1.);
#4127=CYLINDRICAL_SURFACE('',#5027,1.);
#4128=CYLINDRICAL_SURFACE('',#5030,0.555);
#4129=CYLINDRICAL_SURFACE('',#5033,1.666);
#4130=CYLINDRICAL_SURFACE('',#5037,4.);
#4131=CYLINDRICAL_SURFACE('',#5039,1.666);
#4132=CYLINDRICAL_SURFACE('',#5045,8.);
#4133=CYLINDRICAL_SURFACE('',#5050,12.5);
#4134=CYLINDRICAL_SURFACE('',#5058,4.);
#4135=CYLINDRICAL_SURFACE('',#5061,12.5);
#4136=ADVANCED_FACE('',(#45),#3913,.T.);
#4137=ADVANCED_FACE('',(#46),#3914,.F.);
#4138=ADVANCED_FACE('',(#47),#3915,.T.);
#4139=ADVANCED_FACE('',(#48),#3916,.F.);
#4140=ADVANCED_FACE('',(#49),#3917,.F.);
#4141=ADVANCED_FACE('',(#50),#3918,.T.);
#4142=ADVANCED_FACE('',(#51),#3919,.T.);
#4143=ADVANCED_FACE('',(#52),#3920,.T.);
#4144=ADVANCED_FACE('',(#53),#3921,.F.);
#4145=ADVANCED_FACE('',(#54),#3922,.T.);
#4146=ADVANCED_FACE('',(#55),#3923,.F.);
#4147=ADVANCED_FACE('',(#56),#3924,.F.);
#4148=ADVANCED_FACE('',(#57),#3925,.T.);
#4149=ADVANCED_FACE('',(#58),#3926,.T.);
#4150=ADVANCED_FACE('',(#59),#3927,.F.);
#4151=ADVANCED_FACE('',(#60),#3928,.T.);
#4152=ADVANCED_FACE('',(#61),#3929,.F.);
#4153=ADVANCED_FACE('',(#62),#3930,.F.);
#4154=ADVANCED_FACE('',(#63),#3931,.T.);
#4155=ADVANCED_FACE('',(#64),#3932,.T.);
#4156=ADVANCED_FACE('',(#65),#3933,.F.);
#4157=ADVANCED_FACE('',(#66),#3934,.T.);
#4158=ADVANCED_FACE('',(#67),#3935,.F.);
#4159=ADVANCED_FACE('',(#68),#3936,.F.);
#4160=ADVANCED_FACE('',(#69),#3937,.T.);
#4161=ADVANCED_FACE('',(#70),#3938,.T.);
#4162=ADVANCED_FACE('',(#71),#3939,.F.);
#4163=ADVANCED_FACE('',(#72),#3940,.T.);
#4164=ADVANCED_FACE('',(#73),#3941,.F.);
#4165=ADVANCED_FACE('',(#74),#3942,.F.);
#4166=ADVANCED_FACE('',(#75),#3943,.T.);
#4167=ADVANCED_FACE('',(#76),#3944,.T.);
#4168=ADVANCED_FACE('',(#77),#3945,.F.);
#4169=ADVANCED_FACE('',(#78),#3946,.T.);
#4170=ADVANCED_FACE('',(#79),#3947,.F.);
#4171=ADVANCED_FACE('',(#80),#3948,.F.);
#4172=ADVANCED_FACE('',(#81),#3949,.T.);
#4173=ADVANCED_FACE('',(#82),#3950,.T.);
#4174=ADVANCED_FACE('',(#83),#3951,.F.);
#4175=ADVANCED_FACE('',(#84),#3952,.T.);
#4176=ADVANCED_FACE('',(#85),#3953,.F.);
#4177=ADVANCED_FACE('',(#86),#3954,.F.);
#4178=ADVANCED_FACE('',(#87),#3955,.T.);
#4179=ADVANCED_FACE('',(#88),#3956,.T.);
#4180=ADVANCED_FACE('',(#89),#3957,.F.);
#4181=ADVANCED_FACE('',(#90),#3958,.T.);
#4182=ADVANCED_FACE('',(#91),#3959,.F.);
#4183=ADVANCED_FACE('',(#92),#3960,.F.);
#4184=ADVANCED_FACE('',(#93),#3961,.T.);
#4185=ADVANCED_FACE('',(#94),#3962,.T.);
#4186=ADVANCED_FACE('',(#95),#3963,.F.);
#4187=ADVANCED_FACE('',(#96),#3964,.T.);
#4188=ADVANCED_FACE('',(#97),#3965,.F.);
#4189=ADVANCED_FACE('',(#98),#3966,.F.);
#4190=ADVANCED_FACE('',(#99),#3967,.T.);
#4191=ADVANCED_FACE('',(#100),#3968,.T.);
#4192=ADVANCED_FACE('',(#101),#3969,.F.);
#4193=ADVANCED_FACE('',(#102),#3970,.T.);
#4194=ADVANCED_FACE('',(#103),#3971,.F.);
#4195=ADVANCED_FACE('',(#104),#3972,.F.);
#4196=ADVANCED_FACE('',(#105),#3973,.T.);
#4197=ADVANCED_FACE('',(#106),#3974,.T.);
#4198=ADVANCED_FACE('',(#107),#3975,.F.);
#4199=ADVANCED_FACE('',(#108),#3976,.T.);
#4200=ADVANCED_FACE('',(#109),#3977,.F.);
#4201=ADVANCED_FACE('',(#110),#3978,.F.);
#4202=ADVANCED_FACE('',(#111),#3979,.T.);
#4203=ADVANCED_FACE('',(#112),#3980,.T.);
#4204=ADVANCED_FACE('',(#113),#3981,.F.);
#4205=ADVANCED_FACE('',(#114),#3982,.T.);
#4206=ADVANCED_FACE('',(#115),#3983,.F.);
#4207=ADVANCED_FACE('',(#116),#3984,.F.);
#4208=ADVANCED_FACE('',(#117),#3985,.T.);
#4209=ADVANCED_FACE('',(#118),#3986,.T.);
#4210=ADVANCED_FACE('',(#119),#3987,.F.);
#4211=ADVANCED_FACE('',(#120),#3988,.T.);
#4212=ADVANCED_FACE('',(#121),#3989,.F.);
#4213=ADVANCED_FACE('',(#122),#3990,.F.);
#4214=ADVANCED_FACE('',(#123),#3991,.T.);
#4215=ADVANCED_FACE('',(#124),#3992,.T.);
#4216=ADVANCED_FACE('',(#125),#3993,.F.);
#4217=ADVANCED_FACE('',(#126),#3994,.T.);
#4218=ADVANCED_FACE('',(#127),#3995,.F.);
#4219=ADVANCED_FACE('',(#128),#3996,.F.);
#4220=ADVANCED_FACE('',(#129),#3997,.T.);
#4221=ADVANCED_FACE('',(#130),#3998,.T.);
#4222=ADVANCED_FACE('',(#131),#3999,.F.);
#4223=ADVANCED_FACE('',(#132),#4000,.T.);
#4224=ADVANCED_FACE('',(#133),#4001,.F.);
#4225=ADVANCED_FACE('',(#134),#4002,.F.);
#4226=ADVANCED_FACE('',(#135),#4003,.T.);
#4227=ADVANCED_FACE('',(#136),#4004,.T.);
#4228=ADVANCED_FACE('',(#137),#4005,.F.);
#4229=ADVANCED_FACE('',(#138),#4006,.T.);
#4230=ADVANCED_FACE('',(#139),#4007,.F.);
#4231=ADVANCED_FACE('',(#140),#4008,.F.);
#4232=ADVANCED_FACE('',(#141),#4009,.T.);
#4233=ADVANCED_FACE('',(#142),#4010,.T.);
#4234=ADVANCED_FACE('',(#143),#4011,.F.);
#4235=ADVANCED_FACE('',(#144),#4012,.T.);
#4236=ADVANCED_FACE('',(#145),#4013,.F.);
#4237=ADVANCED_FACE('',(#146),#4014,.F.);
#4238=ADVANCED_FACE('',(#147),#4015,.T.);
#4239=ADVANCED_FACE('',(#148),#4016,.T.);
#4240=ADVANCED_FACE('',(#149),#4017,.F.);
#4241=ADVANCED_FACE('',(#150),#4018,.T.);
#4242=ADVANCED_FACE('',(#151),#4019,.F.);
#4243=ADVANCED_FACE('',(#152),#4020,.F.);
#4244=ADVANCED_FACE('',(#153),#4021,.T.);
#4245=ADVANCED_FACE('',(#154),#4022,.T.);
#4246=ADVANCED_FACE('',(#155),#4023,.F.);
#4247=ADVANCED_FACE('',(#156),#4024,.T.);
#4248=ADVANCED_FACE('',(#157),#4025,.F.);
#4249=ADVANCED_FACE('',(#158),#4026,.F.);
#4250=ADVANCED_FACE('',(#159),#4027,.T.);
#4251=ADVANCED_FACE('',(#160),#4028,.T.);
#4252=ADVANCED_FACE('',(#161),#4029,.F.);
#4253=ADVANCED_FACE('',(#162),#4030,.T.);
#4254=ADVANCED_FACE('',(#163),#4031,.F.);
#4255=ADVANCED_FACE('',(#164),#4032,.F.);
#4256=ADVANCED_FACE('',(#165),#4033,.T.);
#4257=ADVANCED_FACE('',(#166),#4034,.T.);
#4258=ADVANCED_FACE('',(#167),#4035,.F.);
#4259=ADVANCED_FACE('',(#168),#4036,.T.);
#4260=ADVANCED_FACE('',(#169),#4037,.F.);
#4261=ADVANCED_FACE('',(#170),#4038,.F.);
#4262=ADVANCED_FACE('',(#171),#4039,.T.);
#4263=ADVANCED_FACE('',(#172),#4040,.T.);
#4264=ADVANCED_FACE('',(#173),#4041,.F.);
#4265=ADVANCED_FACE('',(#174),#4042,.T.);
#4266=ADVANCED_FACE('',(#175),#4043,.F.);
#4267=ADVANCED_FACE('',(#176),#4044,.F.);
#4268=ADVANCED_FACE('',(#177),#4045,.T.);
#4269=ADVANCED_FACE('',(#178),#4046,.T.);
#4270=ADVANCED_FACE('',(#179),#4047,.F.);
#4271=ADVANCED_FACE('',(#180),#4048,.T.);
#4272=ADVANCED_FACE('',(#181),#4049,.F.);
#4273=ADVANCED_FACE('',(#182),#4050,.F.);
#4274=ADVANCED_FACE('',(#183),#4051,.T.);
#4275=ADVANCED_FACE('',(#184),#4052,.T.);
#4276=ADVANCED_FACE('',(#185),#4053,.F.);
#4277=ADVANCED_FACE('',(#186),#4054,.T.);
#4278=ADVANCED_FACE('',(#187),#4055,.F.);
#4279=ADVANCED_FACE('',(#188),#4056,.F.);
#4280=ADVANCED_FACE('',(#189),#4057,.T.);
#4281=ADVANCED_FACE('',(#190),#4058,.T.);
#4282=ADVANCED_FACE('',(#191),#4059,.F.);
#4283=ADVANCED_FACE('',(#192),#4060,.T.);
#4284=ADVANCED_FACE('',(#193),#4061,.F.);
#4285=ADVANCED_FACE('',(#194),#4062,.F.);
#4286=ADVANCED_FACE('',(#195),#4063,.T.);
#4287=ADVANCED_FACE('',(#196),#4064,.T.);
#4288=ADVANCED_FACE('',(#197),#4065,.F.);
#4289=ADVANCED_FACE('',(#198),#4066,.T.);
#4290=ADVANCED_FACE('',(#199),#4067,.F.);
#4291=ADVANCED_FACE('',(#200),#4068,.F.);
#4292=ADVANCED_FACE('',(#201),#4069,.T.);
#4293=ADVANCED_FACE('',(#202),#4070,.T.);
#4294=ADVANCED_FACE('',(#203),#4071,.F.);
#4295=ADVANCED_FACE('',(#204),#4072,.T.);
#4296=ADVANCED_FACE('',(#205),#4073,.F.);
#4297=ADVANCED_FACE('',(#206),#4074,.F.);
#4298=ADVANCED_FACE('',(#207),#4075,.T.);
#4299=ADVANCED_FACE('',(#208),#4076,.T.);
#4300=ADVANCED_FACE('',(#209),#4077,.F.);
#4301=ADVANCED_FACE('',(#210),#4078,.T.);
#4302=ADVANCED_FACE('',(#211),#4079,.F.);
#4303=ADVANCED_FACE('',(#212),#4080,.F.);
#4304=ADVANCED_FACE('',(#213),#4081,.T.);
#4305=ADVANCED_FACE('',(#214),#4082,.T.);
#4306=ADVANCED_FACE('',(#215),#4083,.F.);
#4307=ADVANCED_FACE('',(#216),#4084,.T.);
#4308=ADVANCED_FACE('',(#217),#4085,.F.);
#4309=ADVANCED_FACE('',(#218),#4086,.F.);
#4310=ADVANCED_FACE('',(#219),#4087,.T.);
#4311=ADVANCED_FACE('',(#220),#4088,.T.);
#4312=ADVANCED_FACE('',(#221),#4089,.F.);
#4313=ADVANCED_FACE('',(#222),#4090,.T.);
#4314=ADVANCED_FACE('',(#223),#4091,.F.);
#4315=ADVANCED_FACE('',(#224),#4092,.F.);
#4316=ADVANCED_FACE('',(#225),#4093,.T.);
#4317=ADVANCED_FACE('',(#226),#4094,.T.);
#4318=ADVANCED_FACE('',(#227),#4095,.F.);
#4319=ADVANCED_FACE('',(#228),#4096,.T.);
#4320=ADVANCED_FACE('',(#229),#4097,.F.);
#4321=ADVANCED_FACE('',(#230),#4098,.F.);
#4322=ADVANCED_FACE('',(#231),#4099,.T.);
#4323=ADVANCED_FACE('',(#232),#4100,.T.);
#4324=ADVANCED_FACE('',(#233),#4101,.F.);
#4325=ADVANCED_FACE('',(#234),#4102,.T.);
#4326=ADVANCED_FACE('',(#235),#4103,.F.);
#4327=ADVANCED_FACE('',(#236),#4104,.F.);
#4328=ADVANCED_FACE('',(#237),#4105,.T.);
#4329=ADVANCED_FACE('',(#238),#4106,.T.);
#4330=ADVANCED_FACE('',(#239),#4107,.F.);
#4331=ADVANCED_FACE('',(#240),#4108,.T.);
#4332=ADVANCED_FACE('',(#241),#4109,.F.);
#4333=ADVANCED_FACE('',(#242),#4110,.F.);
#4334=ADVANCED_FACE('',(#243),#4111,.T.);
#4335=ADVANCED_FACE('',(#244),#4112,.T.);
#4336=ADVANCED_FACE('',(#245),#4113,.F.);
#4337=ADVANCED_FACE('',(#246),#4114,.T.);
#4338=ADVANCED_FACE('',(#247),#4115,.F.);
#4339=ADVANCED_FACE('',(#248),#4116,.F.);
#4340=ADVANCED_FACE('',(#249),#4117,.T.);
#4341=ADVANCED_FACE('',(#250),#4118,.T.);
#4342=ADVANCED_FACE('',(#251),#4119,.F.);
#4343=ADVANCED_FACE('',(#252),#4120,.T.);
#4344=ADVANCED_FACE('',(#253),#4121,.F.);
#4345=ADVANCED_FACE('',(#254),#4122,.F.);
#4346=ADVANCED_FACE('',(#255),#4123,.T.);
#4347=ADVANCED_FACE('',(#256),#4124,.T.);
#4348=ADVANCED_FACE('',(#257),#4125,.T.);
#4349=ADVANCED_FACE('',(#258),#4126,.F.);
#4350=ADVANCED_FACE('',(#259),#4127,.F.);
#4351=ADVANCED_FACE('',(#260),#4128,.F.);
#4352=ADVANCED_FACE('',(#261),#4129,.F.);
#4353=ADVANCED_FACE('',(#262),#36,.F.);
#4354=ADVANCED_FACE('',(#263,#26,#27),#4130,.F.);
#4355=ADVANCED_FACE('',(#264),#25,.T.);
#4356=ADVANCED_FACE('',(#265),#4131,.F.);
#4357=ADVANCED_FACE('',(#266),#37,.T.);
#4358=ADVANCED_FACE('',(#267,#28),#19,.T.);
#4359=ADVANCED_FACE('',(#268,#29,#30),#4132,.T.);
#4360=ADVANCED_FACE('',(#269),#38,.F.);
#4361=ADVANCED_FACE('',(#270,#31),#20,.T.);
#4362=ADVANCED_FACE('',(#271),#4133,.T.);
#4363=ADVANCED_FACE('',(#272,#32),#21,.T.);
#4364=ADVANCED_FACE('',(#273,#33),#22,.F.);
#4365=ADVANCED_FACE('',(#274),#39,.F.);
#4366=ADVANCED_FACE('',(#275),#4134,.F.);
#4367=ADVANCED_FACE('',(#276,#34),#23,.F.);
#4368=ADVANCED_FACE('',(#277),#4135,.T.);
#4369=ADVANCED_FACE('',(#278,#35),#24,.T.);
#4370=CLOSED_SHELL('',(#4136,#4137,#4138,#4139,#4140,#4141,#4142,#4143,
#4144,#4145,#4146,#4147,#4148,#4149,#4150,#4151,#4152,#4153,#4154,#4155,
#4156,#4157,#4158,#4159,#4160,#4161,#4162,#4163,#4164,#4165,#4166,#4167,
#4168,#4169,#4170,#4171,#4172,#4173,#4174,#4175,#4176,#4177,#4178,#4179,
#4180,#4181,#4182,#4183,#4184,#4185,#4186,#4187,#4188,#4189,#4190,#4191,
#4192,#4193,#4194,#4195,#4196,#4197,#4198,#4199,#4200,#4201,#4202,#4203,
#4204,#4205,#4206,#4207,#4208,#4209,#4210,#4211,#4212,#4213,#4214,#4215,
#4216,#4217,#4218,#4219,#4220,#4221,#4222,#4223,#4224,#4225,#4226,#4227,
#4228,#4229,#4230,#4231,#4232,#4233,#4234,#4235,#4236,#4237,#4238,#4239,
#4240,#4241,#4242,#4243,#4244,#4245,#4246,#4247,#4248,#4249,#4250,#4251,
#4252,#4253,#4254,#4255,#4256,#4257,#4258,#4259,#4260,#4261,#4262,#4263,
#4264,#4265,#4266,#4267,#4268,#4269,#4270,#4271,#4272,#4273,#4274,#4275,
#4276,#4277,#4278,#4279,#4280,#4281,#4282,#4283,#4284,#4285,#4286,#4287,
#4288,#4289,#4290,#4291,#4292,#4293,#4294,#4295,#4296,#4297,#4298,#4299,
#4300,#4301,#4302,#4303,#4304,#4305,#4306,#4307,#4308,#4309,#4310,#4311,
#4312,#4313,#4314,#4315,#4316,#4317,#4318,#4319,#4320,#4321,#4322,#4323,
#4324,#4325,#4326,#4327,#4328,#4329,#4330,#4331,#4332,#4333,#4334,#4335,
#4336,#4337,#4338,#4339,#4340,#4341,#4342,#4343,#4344,#4345,#4346,#4347,
#4348,#4349,#4350,#4351,#4352,#4353,#4354,#4355,#4356,#4357,#4358,#4359,
#4360,#4361,#4362,#4363,#4364,#4365,#4366,#4367,#4368,#4369));
#4371=DERIVED_UNIT_ELEMENT(#4373,1.);
#4372=DERIVED_UNIT_ELEMENT(#8241,-3.);
#4373=(
MASS_UNIT()
NAMED_UNIT(*)
SI_UNIT(.KILO.,.GRAM.)
);
#4374=DERIVED_UNIT((#4371,#4372));
#4375=MEASURE_REPRESENTATION_ITEM('density measure',
POSITIVE_RATIO_MEASURE(7850.),#4374);
#4376=PROPERTY_DEFINITION_REPRESENTATION(#4381,#4378);
#4377=PROPERTY_DEFINITION_REPRESENTATION(#4382,#4379);
#4378=REPRESENTATION('material name',(#4380),#8238);
#4379=REPRESENTATION('density',(#4375),#8238);
#4380=DESCRIPTIVE_REPRESENTATION_ITEM('Steel','Steel');
#4381=PROPERTY_DEFINITION('material property','material name',#8253);
#4382=PROPERTY_DEFINITION('material property','density of part',#8253);
#4383=AXIS2_PLACEMENT_3D('',#6657,#5065,#5066);
#4384=AXIS2_PLACEMENT_3D('',#6658,#5067,#5068);
#4385=AXIS2_PLACEMENT_3D('',#6659,#5069,#5070);
#4386=AXIS2_PLACEMENT_3D('',#6662,#5071,#5072);
#4387=AXIS2_PLACEMENT_3D('',#6666,#5074,#5075);
#4388=AXIS2_PLACEMENT_3D('',#6668,#5077,#5078);
#4389=AXIS2_PLACEMENT_3D('',#6670,#5079,#5080);
#4390=AXIS2_PLACEMENT_3D('',#6673,#5082,#5083);
#4391=AXIS2_PLACEMENT_3D('',#6674,#5084,#5085);
#4392=AXIS2_PLACEMENT_3D('',#6677,#5086,#5087);
#4393=AXIS2_PLACEMENT_3D('',#6681,#5089,#5090);
#4394=AXIS2_PLACEMENT_3D('',#6683,#5092,#5093);
#4395=AXIS2_PLACEMENT_3D('',#6685,#5094,#5095);
#4396=AXIS2_PLACEMENT_3D('',#6688,#5097,#5098);
#4397=AXIS2_PLACEMENT_3D('',#6689,#5099,#5100);
#4398=AXIS2_PLACEMENT_3D('',#6690,#5101,#5102);
#4399=AXIS2_PLACEMENT_3D('',#6691,#5103,#5104);
#4400=AXIS2_PLACEMENT_3D('',#6692,#5105,#5106);
#4401=AXIS2_PLACEMENT_3D('',#6694,#5107,#5108);
#4402=AXIS2_PLACEMENT_3D('',#6697,#5110,#5111);
#4403=AXIS2_PLACEMENT_3D('',#6698,#5112,#5113);
#4404=AXIS2_PLACEMENT_3D('',#6700,#5114,#5115);
#4405=AXIS2_PLACEMENT_3D('',#6703,#5117,#5118);
#4406=AXIS2_PLACEMENT_3D('',#6704,#5119,#5120);
#4407=AXIS2_PLACEMENT_3D('',#6706,#5121,#5122);
#4408=AXIS2_PLACEMENT_3D('',#6709,#5124,#5125);
#4409=AXIS2_PLACEMENT_3D('',#6710,#5126,#5127);
#4410=AXIS2_PLACEMENT_3D('',#6712,#5128,#5129);
#4411=AXIS2_PLACEMENT_3D('',#6715,#5131,#5132);
#4412=AXIS2_PLACEMENT_3D('',#6716,#5133,#5134);
#4413=AXIS2_PLACEMENT_3D('',#6719,#5135,#5136);
#4414=AXIS2_PLACEMENT_3D('',#6723,#5138,#5139);
#4415=AXIS2_PLACEMENT_3D('',#6725,#5141,#5142);
#4416=AXIS2_PLACEMENT_3D('',#6727,#5143,#5144);
#4417=AXIS2_PLACEMENT_3D('',#6730,#5146,#5147);
#4418=AXIS2_PLACEMENT_3D('',#6731,#5148,#5149);
#4419=AXIS2_PLACEMENT_3D('',#6732,#5150,#5151);
#4420=AXIS2_PLACEMENT_3D('',#6733,#5152,#5153);
#4421=AXIS2_PLACEMENT_3D('',#6734,#5154,#5155);
#4422=AXIS2_PLACEMENT_3D('',#6736,#5156,#5157);
#4423=AXIS2_PLACEMENT_3D('',#6739,#5159,#5160);
#4424=AXIS2_PLACEMENT_3D('',#6740,#5161,#5162);
#4425=AXIS2_PLACEMENT_3D('',#6742,#5163,#5164);
#4426=AXIS2_PLACEMENT_3D('',#6745,#5166,#5167);
#4427=AXIS2_PLACEMENT_3D('',#6746,#5168,#5169);
#4428=AXIS2_PLACEMENT_3D('',#6748,#5170,#5171);
#4429=AXIS2_PLACEMENT_3D('',#6751,#5173,#5174);
#4430=AXIS2_PLACEMENT_3D('',#6752,#5175,#5176);
#4431=AXIS2_PLACEMENT_3D('',#6755,#5177,#5178);
#4432=AXIS2_PLACEMENT_3D('',#6759,#5180,#5181);
#4433=AXIS2_PLACEMENT_3D('',#6761,#5183,#5184);
#4434=AXIS2_PLACEMENT_3D('',#6763,#5185,#5186);
#4435=AXIS2_PLACEMENT_3D('',#6766,#5188,#5189);
#4436=AXIS2_PLACEMENT_3D('',#6767,#5190,#5191);
#4437=AXIS2_PLACEMENT_3D('',#6768,#5192,#5193);
#4438=AXIS2_PLACEMENT_3D('',#6769,#5194,#5195);
#4439=AXIS2_PLACEMENT_3D('',#6770,#5196,#5197);
#4440=AXIS2_PLACEMENT_3D('',#6772,#5198,#5199);
#4441=AXIS2_PLACEMENT_3D('',#6775,#5201,#5202);
#4442=AXIS2_PLACEMENT_3D('',#6776,#5203,#5204);
#4443=AXIS2_PLACEMENT_3D('',#6778,#5205,#5206);
#4444=AXIS2_PLACEMENT_3D('',#6781,#5208,#5209);
#4445=AXIS2_PLACEMENT_3D('',#6782,#5210,#5211);
#4446=AXIS2_PLACEMENT_3D('',#6784,#5212,#5213);
#4447=AXIS2_PLACEMENT_3D('',#6787,#5215,#5216);
#4448=AXIS2_PLACEMENT_3D('',#6788,#5217,#5218);
#4449=AXIS2_PLACEMENT_3D('',#6791,#5219,#5220);
#4450=AXIS2_PLACEMENT_3D('',#6795,#5222,#5223);
#4451=AXIS2_PLACEMENT_3D('',#6797,#5225,#5226);
#4452=AXIS2_PLACEMENT_3D('',#6799,#5227,#5228);
#4453=AXIS2_PLACEMENT_3D('',#6802,#5230,#5231);
#4454=AXIS2_PLACEMENT_3D('',#6803,#5232,#5233);
#4455=AXIS2_PLACEMENT_3D('',#6804,#5234,#5235);
#4456=AXIS2_PLACEMENT_3D('',#6805,#5236,#5237);
#4457=AXIS2_PLACEMENT_3D('',#6806,#5238,#5239);
#4458=AXIS2_PLACEMENT_3D('',#6808,#5240,#5241);
#4459=AXIS2_PLACEMENT_3D('',#6811,#5243,#5244);
#4460=AXIS2_PLACEMENT_3D('',#6812,#5245,#5246);
#4461=AXIS2_PLACEMENT_3D('',#6814,#5247,#5248);
#4462=AXIS2_PLACEMENT_3D('',#6817,#5250,#5251);
#4463=AXIS2_PLACEMENT_3D('',#6818,#5252,#5253);
#4464=AXIS2_PLACEMENT_3D('',#6820,#5254,#5255);
#4465=AXIS2_PLACEMENT_3D('',#6823,#5257,#5258);
#4466=AXIS2_PLACEMENT_3D('',#6824,#5259,#5260);
#4467=AXIS2_PLACEMENT_3D('',#6827,#5261,#5262);
#4468=AXIS2_PLACEMENT_3D('',#6831,#5264,#5265);
#4469=AXIS2_PLACEMENT_3D('',#6833,#5267,#5268);
#4470=AXIS2_PLACEMENT_3D('',#6835,#5269,#5270);
#4471=AXIS2_PLACEMENT_3D('',#6838,#5272,#5273);
#4472=AXIS2_PLACEMENT_3D('',#6839,#5274,#5275);
#4473=AXIS2_PLACEMENT_3D('',#6840,#5276,#5277);
#4474=AXIS2_PLACEMENT_3D('',#6841,#5278,#5279);
#4475=AXIS2_PLACEMENT_3D('',#6842,#5280,#5281);
#4476=AXIS2_PLACEMENT_3D('',#6844,#5282,#5283);
#4477=AXIS2_PLACEMENT_3D('',#6847,#5285,#5286);
#4478=AXIS2_PLACEMENT_3D('',#6848,#5287,#5288);
#4479=AXIS2_PLACEMENT_3D('',#6850,#5289,#5290);
#4480=AXIS2_PLACEMENT_3D('',#6853,#5292,#5293);
#4481=AXIS2_PLACEMENT_3D('',#6854,#5294,#5295);
#4482=AXIS2_PLACEMENT_3D('',#6856,#5296,#5297);
#4483=AXIS2_PLACEMENT_3D('',#6859,#5299,#5300);
#4484=AXIS2_PLACEMENT_3D('',#6860,#5301,#5302);
#4485=AXIS2_PLACEMENT_3D('',#6863,#5303,#5304);
#4486=AXIS2_PLACEMENT_3D('',#6867,#5306,#5307);
#4487=AXIS2_PLACEMENT_3D('',#6869,#5309,#5310);
#4488=AXIS2_PLACEMENT_3D('',#6871,#5311,#5312);
#4489=AXIS2_PLACEMENT_3D('',#6874,#5314,#5315);
#4490=AXIS2_PLACEMENT_3D('',#6875,#5316,#5317);
#4491=AXIS2_PLACEMENT_3D('',#6876,#5318,#5319);
#4492=AXIS2_PLACEMENT_3D('',#6877,#5320,#5321);
#4493=AXIS2_PLACEMENT_3D('',#6878,#5322,#5323);
#4494=AXIS2_PLACEMENT_3D('',#6880,#5324,#5325);
#4495=AXIS2_PLACEMENT_3D('',#6883,#5327,#5328);
#4496=AXIS2_PLACEMENT_3D('',#6884,#5329,#5330);
#4497=AXIS2_PLACEMENT_3D('',#6886,#5331,#5332);
#4498=AXIS2_PLACEMENT_3D('',#6889,#5334,#5335);
#4499=AXIS2_PLACEMENT_3D('',#6890,#5336,#5337);
#4500=AXIS2_PLACEMENT_3D('',#6892,#5338,#5339);
#4501=AXIS2_PLACEMENT_3D('',#6895,#5341,#5342);
#4502=AXIS2_PLACEMENT_3D('',#6896,#5343,#5344);
#4503=AXIS2_PLACEMENT_3D('',#6899,#5345,#5346);
#4504=AXIS2_PLACEMENT_3D('',#6903,#5348,#5349);
#4505=AXIS2_PLACEMENT_3D('',#6905,#5351,#5352);
#4506=AXIS2_PLACEMENT_3D('',#6907,#5353,#5354);
#4507=AXIS2_PLACEMENT_3D('',#6910,#5356,#5357);
#4508=AXIS2_PLACEMENT_3D('',#6911,#5358,#5359);
#4509=AXIS2_PLACEMENT_3D('',#6912,#5360,#5361);
#4510=AXIS2_PLACEMENT_3D('',#6913,#5362,#5363);
#4511=AXIS2_PLACEMENT_3D('',#6914,#5364,#5365);
#4512=AXIS2_PLACEMENT_3D('',#6916,#5366,#5367);
#4513=AXIS2_PLACEMENT_3D('',#6919,#5369,#5370);
#4514=AXIS2_PLACEMENT_3D('',#6920,#5371,#5372);
#4515=AXIS2_PLACEMENT_3D('',#6922,#5373,#5374);
#4516=AXIS2_PLACEMENT_3D('',#6925,#5376,#5377);
#4517=AXIS2_PLACEMENT_3D('',#6926,#5378,#5379);
#4518=AXIS2_PLACEMENT_3D('',#6928,#5380,#5381);
#4519=AXIS2_PLACEMENT_3D('',#6931,#5383,#5384);
#4520=AXIS2_PLACEMENT_3D('',#6932,#5385,#5386);
#4521=AXIS2_PLACEMENT_3D('',#6935,#5387,#5388);
#4522=AXIS2_PLACEMENT_3D('',#6939,#5390,#5391);
#4523=AXIS2_PLACEMENT_3D('',#6941,#5393,#5394);
#4524=AXIS2_PLACEMENT_3D('',#6943,#5395,#5396);
#4525=AXIS2_PLACEMENT_3D('',#6946,#5398,#5399);
#4526=AXIS2_PLACEMENT_3D('',#6947,#5400,#5401);
#4527=AXIS2_PLACEMENT_3D('',#6948,#5402,#5403);
#4528=AXIS2_PLACEMENT_3D('',#6949,#5404,#5405);
#4529=AXIS2_PLACEMENT_3D('',#6950,#5406,#5407);
#4530=AXIS2_PLACEMENT_3D('',#6952,#5408,#5409);
#4531=AXIS2_PLACEMENT_3D('',#6955,#5411,#5412);
#4532=AXIS2_PLACEMENT_3D('',#6956,#5413,#5414);
#4533=AXIS2_PLACEMENT_3D('',#6958,#5415,#5416);
#4534=AXIS2_PLACEMENT_3D('',#6961,#5418,#5419);
#4535=AXIS2_PLACEMENT_3D('',#6962,#5420,#5421);
#4536=AXIS2_PLACEMENT_3D('',#6964,#5422,#5423);
#4537=AXIS2_PLACEMENT_3D('',#6967,#5425,#5426);
#4538=AXIS2_PLACEMENT_3D('',#6968,#5427,#5428);
#4539=AXIS2_PLACEMENT_3D('',#6971,#5429,#5430);
#4540=AXIS2_PLACEMENT_3D('',#6975,#5432,#5433);
#4541=AXIS2_PLACEMENT_3D('',#6977,#5435,#5436);
#4542=AXIS2_PLACEMENT_3D('',#6979,#5437,#5438);
#4543=AXIS2_PLACEMENT_3D('',#6982,#5440,#5441);
#4544=AXIS2_PLACEMENT_3D('',#6983,#5442,#5443);
#4545=AXIS2_PLACEMENT_3D('',#6984,#5444,#5445);
#4546=AXIS2_PLACEMENT_3D('',#6985,#5446,#5447);
#4547=AXIS2_PLACEMENT_3D('',#6986,#5448,#5449);
#4548=AXIS2_PLACEMENT_3D('',#6988,#5450,#5451);
#4549=AXIS2_PLACEMENT_3D('',#6991,#5453,#5454);
#4550=AXIS2_PLACEMENT_3D('',#6992,#5455,#5456);
#4551=AXIS2_PLACEMENT_3D('',#6994,#5457,#5458);
#4552=AXIS2_PLACEMENT_3D('',#6997,#5460,#5461);
#4553=AXIS2_PLACEMENT_3D('',#6998,#5462,#5463);
#4554=AXIS2_PLACEMENT_3D('',#7000,#5464,#5465);
#4555=AXIS2_PLACEMENT_3D('',#7003,#5467,#5468);
#4556=AXIS2_PLACEMENT_3D('',#7004,#5469,#5470);
#4557=AXIS2_PLACEMENT_3D('',#7007,#5471,#5472);
#4558=AXIS2_PLACEMENT_3D('',#7011,#5474,#5475);
#4559=AXIS2_PLACEMENT_3D('',#7013,#5477,#5478);
#4560=AXIS2_PLACEMENT_3D('',#7015,#5479,#5480);
#4561=AXIS2_PLACEMENT_3D('',#7018,#5482,#5483);
#4562=AXIS2_PLACEMENT_3D('',#7019,#5484,#5485);
#4563=AXIS2_PLACEMENT_3D('',#7020,#5486,#5487);
#4564=AXIS2_PLACEMENT_3D('',#7021,#5488,#5489);
#4565=AXIS2_PLACEMENT_3D('',#7022,#5490,#5491);
#4566=AXIS2_PLACEMENT_3D('',#7024,#5492,#5493);
#4567=AXIS2_PLACEMENT_3D('',#7027,#5495,#5496);
#4568=AXIS2_PLACEMENT_3D('',#7028,#5497,#5498);
#4569=AXIS2_PLACEMENT_3D('',#7030,#5499,#5500);
#4570=AXIS2_PLACEMENT_3D('',#7033,#5502,#5503);
#4571=AXIS2_PLACEMENT_3D('',#7034,#5504,#5505);
#4572=AXIS2_PLACEMENT_3D('',#7036,#5506,#5507);
#4573=AXIS2_PLACEMENT_3D('',#7039,#5509,#5510);
#4574=AXIS2_PLACEMENT_3D('',#7040,#5511,#5512);
#4575=AXIS2_PLACEMENT_3D('',#7043,#5513,#5514);
#4576=AXIS2_PLACEMENT_3D('',#7047,#5516,#5517);
#4577=AXIS2_PLACEMENT_3D('',#7049,#5519,#5520);
#4578=AXIS2_PLACEMENT_3D('',#7051,#5521,#5522);
#4579=AXIS2_PLACEMENT_3D('',#7054,#5524,#5525);
#4580=AXIS2_PLACEMENT_3D('',#7055,#5526,#5527);
#4581=AXIS2_PLACEMENT_3D('',#7056,#5528,#5529);
#4582=AXIS2_PLACEMENT_3D('',#7057,#5530,#5531);
#4583=AXIS2_PLACEMENT_3D('',#7058,#5532,#5533);
#4584=AXIS2_PLACEMENT_3D('',#7060,#5534,#5535);
#4585=AXIS2_PLACEMENT_3D('',#7063,#5537,#5538);
#4586=AXIS2_PLACEMENT_3D('',#7064,#5539,#5540);
#4587=AXIS2_PLACEMENT_3D('',#7066,#5541,#5542);
#4588=AXIS2_PLACEMENT_3D('',#7069,#5544,#5545);
#4589=AXIS2_PLACEMENT_3D('',#7070,#5546,#5547);
#4590=AXIS2_PLACEMENT_3D('',#7072,#5548,#5549);
#4591=AXIS2_PLACEMENT_3D('',#7075,#5551,#5552);
#4592=AXIS2_PLACEMENT_3D('',#7076,#5553,#5554);
#4593=AXIS2_PLACEMENT_3D('',#7079,#5555,#5556);
#4594=AXIS2_PLACEMENT_3D('',#7083,#5558,#5559);
#4595=AXIS2_PLACEMENT_3D('',#7085,#5561,#5562);
#4596=AXIS2_PLACEMENT_3D('',#7087,#5563,#5564);
#4597=AXIS2_PLACEMENT_3D('',#7090,#5566,#5567);
#4598=AXIS2_PLACEMENT_3D('',#7091,#5568,#5569);
#4599=AXIS2_PLACEMENT_3D('',#7092,#5570,#5571);
#4600=AXIS2_PLACEMENT_3D('',#7093,#5572,#5573);
#4601=AXIS2_PLACEMENT_3D('',#7094,#5574,#5575);
#4602=AXIS2_PLACEMENT_3D('',#7096,#5576,#5577);
#4603=AXIS2_PLACEMENT_3D('',#7099,#5579,#5580);
#4604=AXIS2_PLACEMENT_3D('',#7100,#5581,#5582);
#4605=AXIS2_PLACEMENT_3D('',#7102,#5583,#5584);
#4606=AXIS2_PLACEMENT_3D('',#7105,#5586,#5587);
#4607=AXIS2_PLACEMENT_3D('',#7106,#5588,#5589);
#4608=AXIS2_PLACEMENT_3D('',#7108,#5590,#5591);
#4609=AXIS2_PLACEMENT_3D('',#7111,#5593,#5594);
#4610=AXIS2_PLACEMENT_3D('',#7112,#5595,#5596);
#4611=AXIS2_PLACEMENT_3D('',#7115,#5597,#5598);
#4612=AXIS2_PLACEMENT_3D('',#7119,#5600,#5601);
#4613=AXIS2_PLACEMENT_3D('',#7121,#5603,#5604);
#4614=AXIS2_PLACEMENT_3D('',#7123,#5605,#5606);
#4615=AXIS2_PLACEMENT_3D('',#7126,#5608,#5609);
#4616=AXIS2_PLACEMENT_3D('',#7127,#5610,#5611);
#4617=AXIS2_PLACEMENT_3D('',#7128,#5612,#5613);
#4618=AXIS2_PLACEMENT_3D('',#7129,#5614,#5615);
#4619=AXIS2_PLACEMENT_3D('',#7130,#5616,#5617);
#4620=AXIS2_PLACEMENT_3D('',#7132,#5618,#5619);
#4621=AXIS2_PLACEMENT_3D('',#7135,#5621,#5622);
#4622=AXIS2_PLACEMENT_3D('',#7136,#5623,#5624);
#4623=AXIS2_PLACEMENT_3D('',#7138,#5625,#5626);
#4624=AXIS2_PLACEMENT_3D('',#7141,#5628,#5629);
#4625=AXIS2_PLACEMENT_3D('',#7142,#5630,#5631);
#4626=AXIS2_PLACEMENT_3D('',#7144,#5632,#5633);
#4627=AXIS2_PLACEMENT_3D('',#7147,#5635,#5636);
#4628=AXIS2_PLACEMENT_3D('',#7148,#5637,#5638);
#4629=AXIS2_PLACEMENT_3D('',#7151,#5639,#5640);
#4630=AXIS2_PLACEMENT_3D('',#7155,#5642,#5643);
#4631=AXIS2_PLACEMENT_3D('',#7157,#5645,#5646);
#4632=AXIS2_PLACEMENT_3D('',#7159,#5647,#5648);
#4633=AXIS2_PLACEMENT_3D('',#7162,#5650,#5651);
#4634=AXIS2_PLACEMENT_3D('',#7163,#5652,#5653);
#4635=AXIS2_PLACEMENT_3D('',#7164,#5654,#5655);
#4636=AXIS2_PLACEMENT_3D('',#7165,#5656,#5657);
#4637=AXIS2_PLACEMENT_3D('',#7166,#5658,#5659);
#4638=AXIS2_PLACEMENT_3D('',#7168,#5660,#5661);
#4639=AXIS2_PLACEMENT_3D('',#7171,#5663,#5664);
#4640=AXIS2_PLACEMENT_3D('',#7172,#5665,#5666);
#4641=AXIS2_PLACEMENT_3D('',#7174,#5667,#5668);
#4642=AXIS2_PLACEMENT_3D('',#7177,#5670,#5671);
#4643=AXIS2_PLACEMENT_3D('',#7178,#5672,#5673);
#4644=AXIS2_PLACEMENT_3D('',#7180,#5674,#5675);
#4645=AXIS2_PLACEMENT_3D('',#7183,#5677,#5678);
#4646=AXIS2_PLACEMENT_3D('',#7184,#5679,#5680);
#4647=AXIS2_PLACEMENT_3D('',#7187,#5681,#5682);
#4648=AXIS2_PLACEMENT_3D('',#7191,#5684,#5685);
#4649=AXIS2_PLACEMENT_3D('',#7193,#5687,#5688);
#4650=AXIS2_PLACEMENT_3D('',#7195,#5689,#5690);
#4651=AXIS2_PLACEMENT_3D('',#7198,#5692,#5693);
#4652=AXIS2_PLACEMENT_3D('',#7199,#5694,#5695);
#4653=AXIS2_PLACEMENT_3D('',#7200,#5696,#5697);
#4654=AXIS2_PLACEMENT_3D('',#7201,#5698,#5699);
#4655=AXIS2_PLACEMENT_3D('',#7202,#5700,#5701);
#4656=AXIS2_PLACEMENT_3D('',#7204,#5702,#5703);
#4657=AXIS2_PLACEMENT_3D('',#7207,#5705,#5706);
#4658=AXIS2_PLACEMENT_3D('',#7208,#5707,#5708);
#4659=AXIS2_PLACEMENT_3D('',#7210,#5709,#5710);
#4660=AXIS2_PLACEMENT_3D('',#7213,#5712,#5713);
#4661=AXIS2_PLACEMENT_3D('',#7214,#5714,#5715);
#4662=AXIS2_PLACEMENT_3D('',#7216,#5716,#5717);
#4663=AXIS2_PLACEMENT_3D('',#7219,#5719,#5720);
#4664=AXIS2_PLACEMENT_3D('',#7220,#5721,#5722);
#4665=AXIS2_PLACEMENT_3D('',#7223,#5723,#5724);
#4666=AXIS2_PLACEMENT_3D('',#7227,#5726,#5727);
#4667=AXIS2_PLACEMENT_3D('',#7229,#5729,#5730);
#4668=AXIS2_PLACEMENT_3D('',#7231,#5731,#5732);
#4669=AXIS2_PLACEMENT_3D('',#7234,#5734,#5735);
#4670=AXIS2_PLACEMENT_3D('',#7235,#5736,#5737);
#4671=AXIS2_PLACEMENT_3D('',#7236,#5738,#5739);
#4672=AXIS2_PLACEMENT_3D('',#7237,#5740,#5741);
#4673=AXIS2_PLACEMENT_3D('',#7238,#5742,#5743);
#4674=AXIS2_PLACEMENT_3D('',#7240,#5744,#5745);
#4675=AXIS2_PLACEMENT_3D('',#7243,#5747,#5748);
#4676=AXIS2_PLACEMENT_3D('',#7244,#5749,#5750);
#4677=AXIS2_PLACEMENT_3D('',#7246,#5751,#5752);
#4678=AXIS2_PLACEMENT_3D('',#7249,#5754,#5755);
#4679=AXIS2_PLACEMENT_3D('',#7250,#5756,#5757);
#4680=AXIS2_PLACEMENT_3D('',#7252,#5758,#5759);
#4681=AXIS2_PLACEMENT_3D('',#7255,#5761,#5762);
#4682=AXIS2_PLACEMENT_3D('',#7256,#5763,#5764);
#4683=AXIS2_PLACEMENT_3D('',#7259,#5765,#5766);
#4684=AXIS2_PLACEMENT_3D('',#7263,#5768,#5769);
#4685=AXIS2_PLACEMENT_3D('',#7265,#5771,#5772);
#4686=AXIS2_PLACEMENT_3D('',#7267,#5773,#5774);
#4687=AXIS2_PLACEMENT_3D('',#7270,#5776,#5777);
#4688=AXIS2_PLACEMENT_3D('',#7271,#5778,#5779);
#4689=AXIS2_PLACEMENT_3D('',#7272,#5780,#5781);
#4690=AXIS2_PLACEMENT_3D('',#7273,#5782,#5783);
#4691=AXIS2_PLACEMENT_3D('',#7274,#5784,#5785);
#4692=AXIS2_PLACEMENT_3D('',#7276,#5786,#5787);
#4693=AXIS2_PLACEMENT_3D('',#7279,#5789,#5790);
#4694=AXIS2_PLACEMENT_3D('',#7280,#5791,#5792);
#4695=AXIS2_PLACEMENT_3D('',#7282,#5793,#5794);
#4696=AXIS2_PLACEMENT_3D('',#7285,#5796,#5797);
#4697=AXIS2_PLACEMENT_3D('',#7286,#5798,#5799);
#4698=AXIS2_PLACEMENT_3D('',#7288,#5800,#5801);
#4699=AXIS2_PLACEMENT_3D('',#7291,#5803,#5804);
#4700=AXIS2_PLACEMENT_3D('',#7292,#5805,#5806);
#4701=AXIS2_PLACEMENT_3D('',#7295,#5807,#5808);
#4702=AXIS2_PLACEMENT_3D('',#7299,#5810,#5811);
#4703=AXIS2_PLACEMENT_3D('',#7301,#5813,#5814);
#4704=AXIS2_PLACEMENT_3D('',#7303,#5815,#5816);
#4705=AXIS2_PLACEMENT_3D('',#7306,#5818,#5819);
#4706=AXIS2_PLACEMENT_3D('',#7307,#5820,#5821);
#4707=AXIS2_PLACEMENT_3D('',#7308,#5822,#5823);
#4708=AXIS2_PLACEMENT_3D('',#7309,#5824,#5825);
#4709=AXIS2_PLACEMENT_3D('',#7310,#5826,#5827);
#4710=AXIS2_PLACEMENT_3D('',#7312,#5828,#5829);
#4711=AXIS2_PLACEMENT_3D('',#7315,#5831,#5832);
#4712=AXIS2_PLACEMENT_3D('',#7316,#5833,#5834);
#4713=AXIS2_PLACEMENT_3D('',#7318,#5835,#5836);
#4714=AXIS2_PLACEMENT_3D('',#7321,#5838,#5839);
#4715=AXIS2_PLACEMENT_3D('',#7322,#5840,#5841);
#4716=AXIS2_PLACEMENT_3D('',#7324,#5842,#5843);
#4717=AXIS2_PLACEMENT_3D('',#7327,#5845,#5846);
#4718=AXIS2_PLACEMENT_3D('',#7328,#5847,#5848);
#4719=AXIS2_PLACEMENT_3D('',#7331,#5849,#5850);
#4720=AXIS2_PLACEMENT_3D('',#7335,#5852,#5853);
#4721=AXIS2_PLACEMENT_3D('',#7337,#5855,#5856);
#4722=AXIS2_PLACEMENT_3D('',#7339,#5857,#5858);
#4723=AXIS2_PLACEMENT_3D('',#7342,#5860,#5861);
#4724=AXIS2_PLACEMENT_3D('',#7343,#5862,#5863);
#4725=AXIS2_PLACEMENT_3D('',#7344,#5864,#5865);
#4726=AXIS2_PLACEMENT_3D('',#7345,#5866,#5867);
#4727=AXIS2_PLACEMENT_3D('',#7346,#5868,#5869);
#4728=AXIS2_PLACEMENT_3D('',#7348,#5870,#5871);
#4729=AXIS2_PLACEMENT_3D('',#7351,#5873,#5874);
#4730=AXIS2_PLACEMENT_3D('',#7352,#5875,#5876);
#4731=AXIS2_PLACEMENT_3D('',#7354,#5877,#5878);
#4732=AXIS2_PLACEMENT_3D('',#7357,#5880,#5881);
#4733=AXIS2_PLACEMENT_3D('',#7358,#5882,#5883);
#4734=AXIS2_PLACEMENT_3D('',#7360,#5884,#5885);
#4735=AXIS2_PLACEMENT_3D('',#7363,#5887,#5888);
#4736=AXIS2_PLACEMENT_3D('',#7364,#5889,#5890);
#4737=AXIS2_PLACEMENT_3D('',#7367,#5891,#5892);
#4738=AXIS2_PLACEMENT_3D('',#7371,#5894,#5895);
#4739=AXIS2_PLACEMENT_3D('',#7373,#5897,#5898);
#4740=AXIS2_PLACEMENT_3D('',#7375,#5899,#5900);
#4741=AXIS2_PLACEMENT_3D('',#7378,#5902,#5903);
#4742=AXIS2_PLACEMENT_3D('',#7379,#5904,#5905);
#4743=AXIS2_PLACEMENT_3D('',#7380,#5906,#5907);
#4744=AXIS2_PLACEMENT_3D('',#7381,#5908,#5909);
#4745=AXIS2_PLACEMENT_3D('',#7382,#5910,#5911);
#4746=AXIS2_PLACEMENT_3D('',#7384,#5912,#5913);
#4747=AXIS2_PLACEMENT_3D('',#7387,#5915,#5916);
#4748=AXIS2_PLACEMENT_3D('',#7388,#5917,#5918);
#4749=AXIS2_PLACEMENT_3D('',#7390,#5919,#5920);
#4750=AXIS2_PLACEMENT_3D('',#7393,#5922,#5923);
#4751=AXIS2_PLACEMENT_3D('',#7394,#5924,#5925);
#4752=AXIS2_PLACEMENT_3D('',#7396,#5926,#5927);
#4753=AXIS2_PLACEMENT_3D('',#7399,#5929,#5930);
#4754=AXIS2_PLACEMENT_3D('',#7400,#5931,#5932);
#4755=AXIS2_PLACEMENT_3D('',#7403,#5933,#5934);
#4756=AXIS2_PLACEMENT_3D('',#7407,#5936,#5937);
#4757=AXIS2_PLACEMENT_3D('',#7409,#5939,#5940);
#4758=AXIS2_PLACEMENT_3D('',#7411,#5941,#5942);
#4759=AXIS2_PLACEMENT_3D('',#7414,#5944,#5945);
#4760=AXIS2_PLACEMENT_3D('',#7415,#5946,#5947);
#4761=AXIS2_PLACEMENT_3D('',#7416,#5948,#5949);
#4762=AXIS2_PLACEMENT_3D('',#7417,#5950,#5951);
#4763=AXIS2_PLACEMENT_3D('',#7418,#5952,#5953);
#4764=AXIS2_PLACEMENT_3D('',#7420,#5954,#5955);
#4765=AXIS2_PLACEMENT_3D('',#7423,#5957,#5958);
#4766=AXIS2_PLACEMENT_3D('',#7424,#5959,#5960);
#4767=AXIS2_PLACEMENT_3D('',#7426,#5961,#5962);
#4768=AXIS2_PLACEMENT_3D('',#7429,#5964,#5965);
#4769=AXIS2_PLACEMENT_3D('',#7430,#5966,#5967);
#4770=AXIS2_PLACEMENT_3D('',#7432,#5968,#5969);
#4771=AXIS2_PLACEMENT_3D('',#7435,#5971,#5972);
#4772=AXIS2_PLACEMENT_3D('',#7436,#5973,#5974);
#4773=AXIS2_PLACEMENT_3D('',#7439,#5975,#5976);
#4774=AXIS2_PLACEMENT_3D('',#7443,#5978,#5979);
#4775=AXIS2_PLACEMENT_3D('',#7445,#5981,#5982);
#4776=AXIS2_PLACEMENT_3D('',#7447,#5983,#5984);
#4777=AXIS2_PLACEMENT_3D('',#7450,#5986,#5987);
#4778=AXIS2_PLACEMENT_3D('',#7451,#5988,#5989);
#4779=AXIS2_PLACEMENT_3D('',#7452,#5990,#5991);
#4780=AXIS2_PLACEMENT_3D('',#7453,#5992,#5993);
#4781=AXIS2_PLACEMENT_3D('',#7454,#5994,#5995);
#4782=AXIS2_PLACEMENT_3D('',#7456,#5996,#5997);
#4783=AXIS2_PLACEMENT_3D('',#7459,#5999,#6000);
#4784=AXIS2_PLACEMENT_3D('',#7460,#6001,#6002);
#4785=AXIS2_PLACEMENT_3D('',#7462,#6003,#6004);
#4786=AXIS2_PLACEMENT_3D('',#7465,#6006,#6007);
#4787=AXIS2_PLACEMENT_3D('',#7466,#6008,#6009);
#4788=AXIS2_PLACEMENT_3D('',#7468,#6010,#6011);
#4789=AXIS2_PLACEMENT_3D('',#7471,#6013,#6014);
#4790=AXIS2_PLACEMENT_3D('',#7472,#6015,#6016);
#4791=AXIS2_PLACEMENT_3D('',#7475,#6017,#6018);
#4792=AXIS2_PLACEMENT_3D('',#7479,#6020,#6021);
#4793=AXIS2_PLACEMENT_3D('',#7481,#6023,#6024);
#4794=AXIS2_PLACEMENT_3D('',#7483,#6025,#6026);
#4795=AXIS2_PLACEMENT_3D('',#7486,#6028,#6029);
#4796=AXIS2_PLACEMENT_3D('',#7487,#6030,#6031);
#4797=AXIS2_PLACEMENT_3D('',#7488,#6032,#6033);
#4798=AXIS2_PLACEMENT_3D('',#7489,#6034,#6035);
#4799=AXIS2_PLACEMENT_3D('',#7490,#6036,#6037);
#4800=AXIS2_PLACEMENT_3D('',#7492,#6038,#6039);
#4801=AXIS2_PLACEMENT_3D('',#7495,#6041,#6042);
#4802=AXIS2_PLACEMENT_3D('',#7496,#6043,#6044);
#4803=AXIS2_PLACEMENT_3D('',#7498,#6045,#6046);
#4804=AXIS2_PLACEMENT_3D('',#7501,#6048,#6049);
#4805=AXIS2_PLACEMENT_3D('',#7502,#6050,#6051);
#4806=AXIS2_PLACEMENT_3D('',#7504,#6052,#6053);
#4807=AXIS2_PLACEMENT_3D('',#7507,#6055,#6056);
#4808=AXIS2_PLACEMENT_3D('',#7508,#6057,#6058);
#4809=AXIS2_PLACEMENT_3D('',#7511,#6059,#6060);
#4810=AXIS2_PLACEMENT_3D('',#7515,#6062,#6063);
#4811=AXIS2_PLACEMENT_3D('',#7517,#6065,#6066);
#4812=AXIS2_PLACEMENT_3D('',#7519,#6067,#6068);
#4813=AXIS2_PLACEMENT_3D('',#7522,#6070,#6071);
#4814=AXIS2_PLACEMENT_3D('',#7523,#6072,#6073);
#4815=AXIS2_PLACEMENT_3D('',#7524,#6074,#6075);
#4816=AXIS2_PLACEMENT_3D('',#7525,#6076,#6077);
#4817=AXIS2_PLACEMENT_3D('',#7526,#6078,#6079);
#4818=AXIS2_PLACEMENT_3D('',#7528,#6080,#6081);
#4819=AXIS2_PLACEMENT_3D('',#7531,#6083,#6084);
#4820=AXIS2_PLACEMENT_3D('',#7532,#6085,#6086);
#4821=AXIS2_PLACEMENT_3D('',#7534,#6087,#6088);
#4822=AXIS2_PLACEMENT_3D('',#7537,#6090,#6091);
#4823=AXIS2_PLACEMENT_3D('',#7538,#6092,#6093);
#4824=AXIS2_PLACEMENT_3D('',#7540,#6094,#6095);
#4825=AXIS2_PLACEMENT_3D('',#7543,#6097,#6098);
#4826=AXIS2_PLACEMENT_3D('',#7544,#6099,#6100);
#4827=AXIS2_PLACEMENT_3D('',#7547,#6101,#6102);
#4828=AXIS2_PLACEMENT_3D('',#7551,#6104,#6105);
#4829=AXIS2_PLACEMENT_3D('',#7553,#6107,#6108);
#4830=AXIS2_PLACEMENT_3D('',#7555,#6109,#6110);
#4831=AXIS2_PLACEMENT_3D('',#7558,#6112,#6113);
#4832=AXIS2_PLACEMENT_3D('',#7559,#6114,#6115);
#4833=AXIS2_PLACEMENT_3D('',#7560,#6116,#6117);
#4834=AXIS2_PLACEMENT_3D('',#7561,#6118,#6119);
#4835=AXIS2_PLACEMENT_3D('',#7562,#6120,#6121);
#4836=AXIS2_PLACEMENT_3D('',#7564,#6122,#6123);
#4837=AXIS2_PLACEMENT_3D('',#7567,#6125,#6126);
#4838=AXIS2_PLACEMENT_3D('',#7568,#6127,#6128);
#4839=AXIS2_PLACEMENT_3D('',#7570,#6129,#6130);
#4840=AXIS2_PLACEMENT_3D('',#7573,#6132,#6133);
#4841=AXIS2_PLACEMENT_3D('',#7574,#6134,#6135);
#4842=AXIS2_PLACEMENT_3D('',#7576,#6136,#6137);
#4843=AXIS2_PLACEMENT_3D('',#7579,#6139,#6140);
#4844=AXIS2_PLACEMENT_3D('',#7580,#6141,#6142);
#4845=AXIS2_PLACEMENT_3D('',#7583,#6143,#6144);
#4846=AXIS2_PLACEMENT_3D('',#7587,#6146,#6147);
#4847=AXIS2_PLACEMENT_3D('',#7589,#6149,#6150);
#4848=AXIS2_PLACEMENT_3D('',#7591,#6151,#6152);
#4849=AXIS2_PLACEMENT_3D('',#7594,#6154,#6155);
#4850=AXIS2_PLACEMENT_3D('',#7595,#6156,#6157);
#4851=AXIS2_PLACEMENT_3D('',#7596,#6158,#6159);
#4852=AXIS2_PLACEMENT_3D('',#7597,#6160,#6161);
#4853=AXIS2_PLACEMENT_3D('',#7598,#6162,#6163);
#4854=AXIS2_PLACEMENT_3D('',#7600,#6164,#6165);
#4855=AXIS2_PLACEMENT_3D('',#7603,#6167,#6168);
#4856=AXIS2_PLACEMENT_3D('',#7604,#6169,#6170);
#4857=AXIS2_PLACEMENT_3D('',#7606,#6171,#6172);
#4858=AXIS2_PLACEMENT_3D('',#7609,#6174,#6175);
#4859=AXIS2_PLACEMENT_3D('',#7610,#6176,#6177);
#4860=AXIS2_PLACEMENT_3D('',#7612,#6178,#6179);
#4861=AXIS2_PLACEMENT_3D('',#7615,#6181,#6182);
#4862=AXIS2_PLACEMENT_3D('',#7616,#6183,#6184);
#4863=AXIS2_PLACEMENT_3D('',#7619,#6185,#6186);
#4864=AXIS2_PLACEMENT_3D('',#7623,#6188,#6189);
#4865=AXIS2_PLACEMENT_3D('',#7625,#6191,#6192);
#4866=AXIS2_PLACEMENT_3D('',#7627,#6193,#6194);
#4867=AXIS2_PLACEMENT_3D('',#7630,#6196,#6197);
#4868=AXIS2_PLACEMENT_3D('',#7631,#6198,#6199);
#4869=AXIS2_PLACEMENT_3D('',#7632,#6200,#6201);
#4870=AXIS2_PLACEMENT_3D('',#7633,#6202,#6203);
#4871=AXIS2_PLACEMENT_3D('',#7634,#6204,#6205);
#4872=AXIS2_PLACEMENT_3D('',#7636,#6206,#6207);
#4873=AXIS2_PLACEMENT_3D('',#7639,#6209,#6210);
#4874=AXIS2_PLACEMENT_3D('',#7640,#6211,#6212);
#4875=AXIS2_PLACEMENT_3D('',#7642,#6213,#6214);
#4876=AXIS2_PLACEMENT_3D('',#7645,#6216,#6217);
#4877=AXIS2_PLACEMENT_3D('',#7646,#6218,#6219);
#4878=AXIS2_PLACEMENT_3D('',#7648,#6220,#6221);
#4879=AXIS2_PLACEMENT_3D('',#7651,#6223,#6224);
#4880=AXIS2_PLACEMENT_3D('',#7652,#6225,#6226);
#4881=AXIS2_PLACEMENT_3D('',#7655,#6227,#6228);
#4882=AXIS2_PLACEMENT_3D('',#7659,#6230,#6231);
#4883=AXIS2_PLACEMENT_3D('',#7661,#6233,#6234);
#4884=AXIS2_PLACEMENT_3D('',#7663,#6235,#6236);
#4885=AXIS2_PLACEMENT_3D('',#7666,#6238,#6239);
#4886=AXIS2_PLACEMENT_3D('',#7667,#6240,#6241);
#4887=AXIS2_PLACEMENT_3D('',#7668,#6242,#6243);
#4888=AXIS2_PLACEMENT_3D('',#7669,#6244,#6245);
#4889=AXIS2_PLACEMENT_3D('',#7670,#6246,#6247);
#4890=AXIS2_PLACEMENT_3D('',#7672,#6248,#6249);
#4891=AXIS2_PLACEMENT_3D('',#7675,#6251,#6252);
#4892=AXIS2_PLACEMENT_3D('',#7676,#6253,#6254);
#4893=AXIS2_PLACEMENT_3D('',#7678,#6255,#6256);
#4894=AXIS2_PLACEMENT_3D('',#7681,#6258,#6259);
#4895=AXIS2_PLACEMENT_3D('',#7682,#6260,#6261);
#4896=AXIS2_PLACEMENT_3D('',#7684,#6262,#6263);
#4897=AXIS2_PLACEMENT_3D('',#7687,#6265,#6266);
#4898=AXIS2_PLACEMENT_3D('',#7688,#6267,#6268);
#4899=AXIS2_PLACEMENT_3D('',#7691,#6269,#6270);
#4900=AXIS2_PLACEMENT_3D('',#7695,#6272,#6273);
#4901=AXIS2_PLACEMENT_3D('',#7697,#6275,#6276);
#4902=AXIS2_PLACEMENT_3D('',#7699,#6277,#6278);
#4903=AXIS2_PLACEMENT_3D('',#7702,#6280,#6281);
#4904=AXIS2_PLACEMENT_3D('',#7703,#6282,#6283);
#4905=AXIS2_PLACEMENT_3D('',#7704,#6284,#6285);
#4906=AXIS2_PLACEMENT_3D('',#7705,#6286,#6287);
#4907=AXIS2_PLACEMENT_3D('',#7706,#6288,#6289);
#4908=AXIS2_PLACEMENT_3D('',#7708,#6290,#6291);
#4909=AXIS2_PLACEMENT_3D('',#7711,#6293,#6294);
#4910=AXIS2_PLACEMENT_3D('',#7712,#6295,#6296);
#4911=AXIS2_PLACEMENT_3D('',#7714,#6297,#6298);
#4912=AXIS2_PLACEMENT_3D('',#7717,#6300,#6301);
#4913=AXIS2_PLACEMENT_3D('',#7718,#6302,#6303);
#4914=AXIS2_PLACEMENT_3D('',#7720,#6304,#6305);
#4915=AXIS2_PLACEMENT_3D('',#7723,#6307,#6308);
#4916=AXIS2_PLACEMENT_3D('',#7724,#6309,#6310);
#4917=AXIS2_PLACEMENT_3D('',#7727,#6311,#6312);
#4918=AXIS2_PLACEMENT_3D('',#7731,#6314,#6315);
#4919=AXIS2_PLACEMENT_3D('',#7733,#6317,#6318);
#4920=AXIS2_PLACEMENT_3D('',#7735,#6319,#6320);
#4921=AXIS2_PLACEMENT_3D('',#7738,#6322,#6323);
#4922=AXIS2_PLACEMENT_3D('',#7739,#6324,#6325);
#4923=AXIS2_PLACEMENT_3D('',#7740,#6326,#6327);
#4924=AXIS2_PLACEMENT_3D('',#7741,#6328,#6329);
#4925=AXIS2_PLACEMENT_3D('',#7742,#6330,#6331);
#4926=AXIS2_PLACEMENT_3D('',#7744,#6332,#6333);
#4927=AXIS2_PLACEMENT_3D('',#7747,#6335,#6336);
#4928=AXIS2_PLACEMENT_3D('',#7748,#6337,#6338);
#4929=AXIS2_PLACEMENT_3D('',#7750,#6339,#6340);
#4930=AXIS2_PLACEMENT_3D('',#7753,#6342,#6343);
#4931=AXIS2_PLACEMENT_3D('',#7754,#6344,#6345);
#4932=AXIS2_PLACEMENT_3D('',#7756,#6346,#6347);
#4933=AXIS2_PLACEMENT_3D('',#7759,#6349,#6350);
#4934=AXIS2_PLACEMENT_3D('',#7760,#6351,#6352);
#4935=AXIS2_PLACEMENT_3D('',#7763,#6353,#6354);
#4936=AXIS2_PLACEMENT_3D('',#7767,#6356,#6357);
#4937=AXIS2_PLACEMENT_3D('',#7769,#6359,#6360);
#4938=AXIS2_PLACEMENT_3D('',#7771,#6361,#6362);
#4939=AXIS2_PLACEMENT_3D('',#7774,#6364,#6365);
#4940=AXIS2_PLACEMENT_3D('',#7775,#6366,#6367);
#4941=AXIS2_PLACEMENT_3D('',#7776,#6368,#6369);
#4942=AXIS2_PLACEMENT_3D('',#7777,#6370,#6371);
#4943=AXIS2_PLACEMENT_3D('',#7778,#6372,#6373);
#4944=AXIS2_PLACEMENT_3D('',#7780,#6374,#6375);
#4945=AXIS2_PLACEMENT_3D('',#7783,#6377,#6378);
#4946=AXIS2_PLACEMENT_3D('',#7784,#6379,#6380);
#4947=AXIS2_PLACEMENT_3D('',#7786,#6381,#6382);
#4948=AXIS2_PLACEMENT_3D('',#7789,#6384,#6385);
#4949=AXIS2_PLACEMENT_3D('',#7790,#6386,#6387);
#4950=AXIS2_PLACEMENT_3D('',#7792,#6388,#6389);
#4951=AXIS2_PLACEMENT_3D('',#7795,#6391,#6392);
#4952=AXIS2_PLACEMENT_3D('',#7796,#6393,#6394);
#4953=AXIS2_PLACEMENT_3D('',#7799,#6395,#6396);
#4954=AXIS2_PLACEMENT_3D('',#7803,#6398,#6399);
#4955=AXIS2_PLACEMENT_3D('',#7805,#6401,#6402);
#4956=AXIS2_PLACEMENT_3D('',#7807,#6403,#6404);
#4957=AXIS2_PLACEMENT_3D('',#7810,#6406,#6407);
#4958=AXIS2_PLACEMENT_3D('',#7811,#6408,#6409);
#4959=AXIS2_PLACEMENT_3D('',#7812,#6410,#6411);
#4960=AXIS2_PLACEMENT_3D('',#7813,#6412,#6413);
#4961=AXIS2_PLACEMENT_3D('',#7814,#6414,#6415);
#4962=AXIS2_PLACEMENT_3D('',#7816,#6416,#6417);
#4963=AXIS2_PLACEMENT_3D('',#7819,#6419,#6420);
#4964=AXIS2_PLACEMENT_3D('',#7820,#6421,#6422);
#4965=AXIS2_PLACEMENT_3D('',#7822,#6423,#6424);
#4966=AXIS2_PLACEMENT_3D('',#7825,#6426,#6427);
#4967=AXIS2_PLACEMENT_3D('',#7826,#6428,#6429);
#4968=AXIS2_PLACEMENT_3D('',#7828,#6430,#6431);
#4969=AXIS2_PLACEMENT_3D('',#7831,#6433,#6434);
#4970=AXIS2_PLACEMENT_3D('',#7832,#6435,#6436);
#4971=AXIS2_PLACEMENT_3D('',#7835,#6437,#6438);
#4972=AXIS2_PLACEMENT_3D('',#7839,#6440,#6441);
#4973=AXIS2_PLACEMENT_3D('',#7841,#6443,#6444);
#4974=AXIS2_PLACEMENT_3D('',#7843,#6445,#6446);
#4975=AXIS2_PLACEMENT_3D('',#7846,#6448,#6449);
#4976=AXIS2_PLACEMENT_3D('',#7847,#6450,#6451);
#4977=AXIS2_PLACEMENT_3D('',#7848,#6452,#6453);
#4978=AXIS2_PLACEMENT_3D('',#7849,#6454,#6455);
#4979=AXIS2_PLACEMENT_3D('',#7850,#6456,#6457);
#4980=AXIS2_PLACEMENT_3D('',#7852,#6458,#6459);
#4981=AXIS2_PLACEMENT_3D('',#7855,#6461,#6462);
#4982=AXIS2_PLACEMENT_3D('',#7856,#6463,#6464);
#4983=AXIS2_PLACEMENT_3D('',#7858,#6465,#6466);
#4984=AXIS2_PLACEMENT_3D('',#7861,#6468,#6469);
#4985=AXIS2_PLACEMENT_3D('',#7862,#6470,#6471);
#4986=AXIS2_PLACEMENT_3D('',#7864,#6472,#6473);
#4987=AXIS2_PLACEMENT_3D('',#7867,#6475,#6476);
#4988=AXIS2_PLACEMENT_3D('',#7868,#6477,#6478);
#4989=AXIS2_PLACEMENT_3D('',#7871,#6479,#6480);
#4990=AXIS2_PLACEMENT_3D('',#7875,#6482,#6483);
#4991=AXIS2_PLACEMENT_3D('',#7877,#6485,#6486);
#4992=AXIS2_PLACEMENT_3D('',#7879,#6487,#6488);
#4993=AXIS2_PLACEMENT_3D('',#7882,#6490,#6491);
#4994=AXIS2_PLACEMENT_3D('',#7883,#6492,#6493);
#4995=AXIS2_PLACEMENT_3D('',#7884,#6494,#6495);
#4996=AXIS2_PLACEMENT_3D('',#7885,#6496,#6497);
#4997=AXIS2_PLACEMENT_3D('',#7886,#6498,#6499);
#4998=AXIS2_PLACEMENT_3D('',#7888,#6500,#6501);
#4999=AXIS2_PLACEMENT_3D('',#7891,#6503,#6504);
#5000=AXIS2_PLACEMENT_3D('',#7892,#6505,#6506);
#5001=AXIS2_PLACEMENT_3D('',#7894,#6507,#6508);
#5002=AXIS2_PLACEMENT_3D('',#7897,#6510,#6511);
#5003=AXIS2_PLACEMENT_3D('',#7898,#6512,#6513);
#5004=AXIS2_PLACEMENT_3D('',#7900,#6514,#6515);
#5005=AXIS2_PLACEMENT_3D('',#7903,#6517,#6518);
#5006=AXIS2_PLACEMENT_3D('',#7904,#6519,#6520);
#5007=AXIS2_PLACEMENT_3D('',#7907,#6521,#6522);
#5008=AXIS2_PLACEMENT_3D('',#7911,#6524,#6525);
#5009=AXIS2_PLACEMENT_3D('',#7913,#6527,#6528);
#5010=AXIS2_PLACEMENT_3D('',#7915,#6529,#6530);
#5011=AXIS2_PLACEMENT_3D('',#7918,#6532,#6533);
#5012=AXIS2_PLACEMENT_3D('',#7919,#6534,#6535);
#5013=AXIS2_PLACEMENT_3D('',#7920,#6536,#6537);
#5014=AXIS2_PLACEMENT_3D('',#7921,#6538,#6539);
#5015=AXIS2_PLACEMENT_3D('',#7922,#6540,#6541);
#5016=AXIS2_PLACEMENT_3D('',#7924,#6542,#6543);
#5017=AXIS2_PLACEMENT_3D('',#7927,#6545,#6546);
#5018=AXIS2_PLACEMENT_3D('',#7928,#6547,#6548);
#5019=AXIS2_PLACEMENT_3D('',#7930,#6549,#6550);
#5020=AXIS2_PLACEMENT_3D('',#7932,#6551,#6552);
#5021=AXIS2_PLACEMENT_3D('',#7934,#6554,#6555);
#5022=AXIS2_PLACEMENT_3D('',#7936,#6556,#6557);
#5023=AXIS2_PLACEMENT_3D('',#7938,#6558,#6559);
#5024=AXIS2_PLACEMENT_3D('',#7940,#6561,#6562);
#5025=AXIS2_PLACEMENT_3D('',#7942,#6563,#6564);
#5026=AXIS2_PLACEMENT_3D('',#7945,#6566,#6567);
#5027=AXIS2_PLACEMENT_3D('',#7946,#6568,#6569);
#5028=AXIS2_PLACEMENT_3D('',#7948,#6570,#6571);
#5029=AXIS2_PLACEMENT_3D('',#7951,#6573,#6574);
#5030=AXIS2_PLACEMENT_3D('',#7952,#6575,#6576);
#5031=AXIS2_PLACEMENT_3D('',#7953,#6577,#6578);
#5032=AXIS2_PLACEMENT_3D('',#7954,#6579,#6580);
#5033=AXIS2_PLACEMENT_3D('',#7955,#6581,#6582);
#5034=AXIS2_PLACEMENT_3D('',#8027,#6584,#6585);
#5035=AXIS2_PLACEMENT_3D('',#8029,#6586,#6587);
#5036=AXIS2_PLACEMENT_3D('',#8032,#6589,#6590);
#5037=AXIS2_PLACEMENT_3D('',#8033,#6591,#6592);
#5038=AXIS2_PLACEMENT_3D('',#8035,#6593,#6594);
#5039=AXIS2_PLACEMENT_3D('',#8154,#6597,#6598);
#5040=AXIS2_PLACEMENT_3D('',#8191,#6600,#6601);
#5041=AXIS2_PLACEMENT_3D('',#8193,#6602,#6603);
#5042=AXIS2_PLACEMENT_3D('',#8196,#6605,#6606);
#5043=AXIS2_PLACEMENT_3D('',#8197,#6607,#6608);
#5044=AXIS2_PLACEMENT_3D('',#8199,#6609,#6610);
#5045=AXIS2_PLACEMENT_3D('',#8200,#6611,#6612);
#5046=AXIS2_PLACEMENT_3D('',#8203,#6614,#6615);
#5047=AXIS2_PLACEMENT_3D('',#8204,#6616,#6617);
#5048=AXIS2_PLACEMENT_3D('',#8206,#6619,#6620);
#5049=AXIS2_PLACEMENT_3D('',#8208,#6621,#6622);
#5050=AXIS2_PLACEMENT_3D('',#8209,#6623,#6624);
#5051=AXIS2_PLACEMENT_3D('',#8212,#6626,#6627);
#5052=AXIS2_PLACEMENT_3D('',#8213,#6628,#6629);
#5053=AXIS2_PLACEMENT_3D('',#8215,#6630,#6631);
#5054=AXIS2_PLACEMENT_3D('',#8216,#6632,#6633);
#5055=AXIS2_PLACEMENT_3D('',#8217,#6634,#6635);
#5056=AXIS2_PLACEMENT_3D('',#8219,#6636,#6637);
#5057=AXIS2_PLACEMENT_3D('',#8222,#6639,#6640);
#5058=AXIS2_PLACEMENT_3D('',#8223,#6641,#6642);
#5059=AXIS2_PLACEMENT_3D('',#8225,#6644,#6645);
#5060=AXIS2_PLACEMENT_3D('',#8227,#6646,#6647);
#5061=AXIS2_PLACEMENT_3D('',#8228,#6648,#6649);
#5062=AXIS2_PLACEMENT_3D('',#8230,#6650,#6651);
#5063=AXIS2_PLACEMENT_3D('',#8232,#6653,#6654);
#5064=AXIS2_PLACEMENT_3D('',#8233,#6655,#6656);
#5065=DIRECTION('axis',(0.,0.,1.));
#5066=DIRECTION('refdir',(1.,0.,0.));
#5067=DIRECTION('axis',(0.,0.,1.));
#5068=DIRECTION('refdir',(1.,0.,0.));
#5069=DIRECTION('center_axis',(0.,0.,1.));
#5070=DIRECTION('ref_axis',(0.753758413630758,0.657151621683187,0.));
#5071=DIRECTION('center_axis',(0.,0.,1.));
#5072=DIRECTION('ref_axis',(0.753758413630758,0.657151621683187,0.));
#5073=DIRECTION('',(0.,0.,-1.));
#5074=DIRECTION('center_axis',(0.,0.,-1.));
#5075=DIRECTION('ref_axis',(0.753758413630758,0.657151621683187,0.));
#5076=DIRECTION('',(0.,0.,1.));
#5077=DIRECTION('center_axis',(0.,0.,1.));
#5078=DIRECTION('ref_axis',(0.984807753012208,-0.17364817766693,0.));
#5079=DIRECTION('center_axis',(0.,0.,-1.));
#5080=DIRECTION('ref_axis',(0.984807753012208,-0.17364817766693,0.));
#5081=DIRECTION('',(0.,0.,-1.));
#5082=DIRECTION('center_axis',(0.,0.,1.));
#5083=DIRECTION('ref_axis',(0.984807753012208,-0.17364817766693,0.));
#5084=DIRECTION('center_axis',(0.,0.,-1.));
#5085=DIRECTION('ref_axis',(-0.483542127309332,0.875321090296107,0.));
#5086=DIRECTION('center_axis',(0.,0.,-1.));
#5087=DIRECTION('ref_axis',(-0.483542127309332,0.875321090296107,0.));
#5088=DIRECTION('',(0.,0.,1.));
#5089=DIRECTION('center_axis',(0.,0.,1.));
#5090=DIRECTION('ref_axis',(-0.483542127309332,0.875321090296107,0.));
#5091=DIRECTION('',(0.,0.,-1.));
#5092=DIRECTION('center_axis',(0.,0.,1.));
#5093=DIRECTION('ref_axis',(0.984807753012208,-0.17364817766693,0.));
#5094=DIRECTION('center_axis',(0.,0.,1.));
#5095=DIRECTION('ref_axis',(0.984807753012208,-0.17364817766693,0.));
#5096=DIRECTION('',(0.,0.,1.));
#5097=DIRECTION('center_axis',(0.,0.,-1.));
#5098=DIRECTION('ref_axis',(0.984807753012208,-0.17364817766693,0.));
#5099=DIRECTION('center_axis',(0.,0.,1.));
#5100=DIRECTION('ref_axis',(0.984807753012208,-0.17364817766693,0.));
#5101=DIRECTION('center_axis',(0.,0.,-1.));
#5102=DIRECTION('ref_axis',(0.984807753012208,-0.17364817766693,0.));
#5103=DIRECTION('center_axis',(0.,0.,1.));
#5104=DIRECTION('ref_axis',(0.984807753012208,-0.17364817766693,0.));
#5105=DIRECTION('center_axis',(0.,0.,1.));
#5106=DIRECTION('ref_axis',(1.,0.,0.));
#5107=DIRECTION('center_axis',(0.,0.,1.));
#5108=DIRECTION('ref_axis',(1.,0.,0.));
#5109=DIRECTION('',(0.,0.,1.));
#5110=DIRECTION('center_axis',(0.,0.,-1.));
#5111=DIRECTION('ref_axis',(1.,0.,0.));
#5112=DIRECTION('center_axis',(0.,0.,1.));
#5113=DIRECTION('ref_axis',(1.,0.,0.));
#5114=DIRECTION('center_axis',(0.,0.,-1.));
#5115=DIRECTION('ref_axis',(1.,0.,0.));
#5116=DIRECTION('',(0.,0.,-1.));
#5117=DIRECTION('center_axis',(0.,0.,1.));
#5118=DIRECTION('ref_axis',(1.,0.,0.));
#5119=DIRECTION('center_axis',(0.,0.,1.));
#5120=DIRECTION('ref_axis',(0.85642031119791,0.516279237010045,0.));
#5121=DIRECTION('center_axis',(0.,0.,1.));
#5122=DIRECTION('ref_axis',(0.85642031119791,0.516279237010045,0.));
#5123=DIRECTION('',(0.,0.,-1.));
#5124=DIRECTION('center_axis',(0.,0.,-1.));
#5125=DIRECTION('ref_axis',(0.85642031119791,0.516279237010045,0.));
#5126=DIRECTION('center_axis',(0.,0.,1.));
#5127=DIRECTION('ref_axis',(0.939692620785908,-0.342020143325669,0.));
#5128=DIRECTION('center_axis',(0.,0.,-1.));
#5129=DIRECTION('ref_axis',(0.939692620785908,-0.342020143325669,0.));
#5130=DIRECTION('',(0.,0.,-1.));
#5131=DIRECTION('center_axis',(0.,0.,1.));
#5132=DIRECTION('ref_axis',(0.939692620785908,-0.342020143325669,0.));
#5133=DIRECTION('center_axis',(0.,0.,-1.));
#5134=DIRECTION('ref_axis',(-0.324198123678904,0.945989205331159,0.));
#5135=DIRECTION('center_axis',(0.,0.,-1.));
#5136=DIRECTION('ref_axis',(-0.324198123678904,0.945989205331159,0.));
#5137=DIRECTION('',(0.,0.,1.));
#5138=DIRECTION('center_axis',(0.,0.,1.));
#5139=DIRECTION('ref_axis',(-0.324198123678904,0.945989205331159,0.));
#5140=DIRECTION('',(0.,0.,-1.));
#5141=DIRECTION('center_axis',(0.,0.,1.));
#5142=DIRECTION('ref_axis',(0.939692620785908,-0.342020143325669,0.));
#5143=DIRECTION('center_axis',(0.,0.,1.));
#5144=DIRECTION('ref_axis',(0.939692620785908,-0.342020143325669,0.));
#5145=DIRECTION('',(0.,0.,1.));
#5146=DIRECTION('center_axis',(0.,0.,-1.));
#5147=DIRECTION('ref_axis',(0.939692620785908,-0.342020143325669,0.));
#5148=DIRECTION('center_axis',(0.,0.,1.));
#5149=DIRECTION('ref_axis',(0.939692620785908,-0.342020143325669,0.));
#5150=DIRECTION('center_axis',(0.,0.,-1.));
#5151=DIRECTION('ref_axis',(0.939692620785908,-0.342020143325669,0.));
#5152=DIRECTION('center_axis',(0.,0.,1.));
#5153=DIRECTION('ref_axis',(0.939692620785908,-0.342020143325669,0.));
#5154=DIRECTION('center_axis',(0.,0.,1.));
#5155=DIRECTION('ref_axis',(1.,0.,0.));
#5156=DIRECTION('center_axis',(0.,0.,1.));
#5157=DIRECTION('ref_axis',(1.,0.,0.));
#5158=DIRECTION('',(0.,0.,1.));
#5159=DIRECTION('center_axis',(0.,0.,-1.));
#5160=DIRECTION('ref_axis',(1.,0.,0.));
#5161=DIRECTION('center_axis',(0.,0.,1.));
#5162=DIRECTION('ref_axis',(0.933060310978895,0.359719968970265,0.));
#5163=DIRECTION('center_axis',(0.,0.,1.));
#5164=DIRECTION('ref_axis',(0.933060310978895,0.359719968970265,0.));
#5165=DIRECTION('',(0.,0.,-1.));
#5166=DIRECTION('center_axis',(0.,0.,-1.));
#5167=DIRECTION('ref_axis',(0.933060310978895,0.359719968970265,0.));
#5168=DIRECTION('center_axis',(0.,0.,1.));
#5169=DIRECTION('ref_axis',(0.866025403784438,-0.5,0.));
#5170=DIRECTION('center_axis',(0.,0.,-1.));
#5171=DIRECTION('ref_axis',(0.866025403784438,-0.5,0.));
#5172=DIRECTION('',(0.,0.,-1.));
#5173=DIRECTION('center_axis',(0.,0.,1.));
#5174=DIRECTION('ref_axis',(0.866025403784438,-0.5,0.));
#5175=DIRECTION('center_axis',(0.,0.,-1.));
#5176=DIRECTION('ref_axis',(-0.155003524112646,0.987913917055864,0.));
#5177=DIRECTION('center_axis',(0.,0.,-1.));
#5178=DIRECTION('ref_axis',(-0.155003524112646,0.987913917055864,0.));
#5179=DIRECTION('',(0.,0.,1.));
#5180=DIRECTION('center_axis',(0.,0.,1.));
#5181=DIRECTION('ref_axis',(-0.155003524112646,0.987913917055864,0.));
#5182=DIRECTION('',(0.,0.,-1.));
#5183=DIRECTION('center_axis',(0.,0.,1.));
#5184=DIRECTION('ref_axis',(0.866025403784438,-0.5,0.));
#5185=DIRECTION('center_axis',(0.,0.,1.));
#5186=DIRECTION('ref_axis',(0.866025403784438,-0.5,0.));
#5187=DIRECTION('',(0.,0.,1.));
#5188=DIRECTION('center_axis',(0.,0.,-1.));
#5189=DIRECTION('ref_axis',(0.866025403784438,-0.5,0.));
#5190=DIRECTION('center_axis',(0.,0.,1.));
#5191=DIRECTION('ref_axis',(0.866025403784438,-0.5,0.));
#5192=DIRECTION('center_axis',(0.,0.,-1.));
#5193=DIRECTION('ref_axis',(0.866025403784438,-0.5,0.));
#5194=DIRECTION('center_axis',(0.,0.,1.));
#5195=DIRECTION('ref_axis',(0.866025403784438,-0.5,0.));
#5196=DIRECTION('center_axis',(0.,0.,1.));
#5197=DIRECTION('ref_axis',(1.,0.,0.));
#5198=DIRECTION('center_axis',(0.,0.,1.));
#5199=DIRECTION('ref_axis',(1.,0.,0.));
#5200=DIRECTION('',(0.,0.,1.));
#5201=DIRECTION('center_axis',(0.,0.,-1.));
#5202=DIRECTION('ref_axis',(1.,0.,0.));
#5203=DIRECTION('center_axis',(0.,0.,1.));
#5204=DIRECTION('ref_axis',(0.981349745362089,0.192230791700399,0.));
#5205=DIRECTION('center_axis',(0.,0.,1.));
#5206=DIRECTION('ref_axis',(0.981349745362089,0.192230791700399,0.));
#5207=DIRECTION('',(0.,0.,-1.));
#5208=DIRECTION('center_axis',(0.,0.,-1.));
#5209=DIRECTION('ref_axis',(0.981349745362089,0.192230791700399,0.));
#5210=DIRECTION('center_axis',(0.,0.,1.));
#5211=DIRECTION('ref_axis',(0.766044443118978,-0.64278760968654,0.));
#5212=DIRECTION('center_axis',(0.,0.,-1.));
#5213=DIRECTION('ref_axis',(0.766044443118978,-0.64278760968654,0.));
#5214=DIRECTION('',(0.,0.,-1.));
#5215=DIRECTION('center_axis',(0.,0.,1.));
#5216=DIRECTION('ref_axis',(0.766044443118978,-0.64278760968654,0.));
#5217=DIRECTION('center_axis',(0.,0.,-1.));
#5218=DIRECTION('ref_axis',(0.0189007790981938,0.999821364319388,0.));
#5219=DIRECTION('center_axis',(0.,0.,-1.));
#5220=DIRECTION('ref_axis',(0.0189007790981938,0.999821364319388,0.));
#5221=DIRECTION('',(0.,0.,1.));
#5222=DIRECTION('center_axis',(0.,0.,1.));
#5223=DIRECTION('ref_axis',(0.0189007790981938,0.999821364319388,0.));
#5224=DIRECTION('',(0.,0.,-1.));
#5225=DIRECTION('center_axis',(0.,0.,1.));
#5226=DIRECTION('ref_axis',(0.766044443118978,-0.64278760968654,0.));
#5227=DIRECTION('center_axis',(0.,0.,1.));
#5228=DIRECTION('ref_axis',(0.766044443118978,-0.64278760968654,0.));
#5229=DIRECTION('',(0.,0.,1.));
#5230=DIRECTION('center_axis',(0.,0.,-1.));
#5231=DIRECTION('ref_axis',(0.766044443118978,-0.64278760968654,0.));
#5232=DIRECTION('center_axis',(0.,0.,1.));
#5233=DIRECTION('ref_axis',(0.766044443118978,-0.64278760968654,0.));
#5234=DIRECTION('center_axis',(0.,0.,-1.));
#5235=DIRECTION('ref_axis',(0.766044443118978,-0.64278760968654,0.));
#5236=DIRECTION('center_axis',(0.,0.,1.));
#5237=DIRECTION('ref_axis',(0.766044443118978,-0.64278760968654,0.));
#5238=DIRECTION('center_axis',(0.,0.,1.));
#5239=DIRECTION('ref_axis',(1.,0.,0.));
#5240=DIRECTION('center_axis',(0.,0.,1.));
#5241=DIRECTION('ref_axis',(1.,0.,0.));
#5242=DIRECTION('',(0.,0.,1.));
#5243=DIRECTION('center_axis',(0.,0.,-1.));
#5244=DIRECTION('ref_axis',(1.,0.,0.));
#5245=DIRECTION('center_axis',(0.,0.,1.));
#5246=DIRECTION('ref_axis',(0.999821364319387,0.0189007790982039,0.));
#5247=DIRECTION('center_axis',(0.,0.,1.));
#5248=DIRECTION('ref_axis',(0.999821364319387,0.0189007790982039,0.));
#5249=DIRECTION('',(0.,0.,-1.));
#5250=DIRECTION('center_axis',(0.,0.,-1.));
#5251=DIRECTION('ref_axis',(0.999821364319387,0.0189007790982039,0.));
#5252=DIRECTION('center_axis',(0.,0.,1.));
#5253=DIRECTION('ref_axis',(0.642787609686539,-0.766044443118978,0.));
#5254=DIRECTION('center_axis',(0.,0.,-1.));
#5255=DIRECTION('ref_axis',(0.642787609686539,-0.766044443118978,0.));
#5256=DIRECTION('',(0.,0.,-1.));
#5257=DIRECTION('center_axis',(0.,0.,1.));
#5258=DIRECTION('ref_axis',(0.642787609686539,-0.766044443118978,0.));
#5259=DIRECTION('center_axis',(0.,0.,-1.));
#5260=DIRECTION('ref_axis',(0.192230791700409,0.981349745362088,0.));
#5261=DIRECTION('center_axis',(0.,0.,-1.));
#5262=DIRECTION('ref_axis',(0.192230791700409,0.981349745362088,0.));
#5263=DIRECTION('',(0.,0.,1.));
#5264=DIRECTION('center_axis',(0.,0.,1.));
#5265=DIRECTION('ref_axis',(0.192230791700409,0.981349745362088,0.));
#5266=DIRECTION('',(0.,0.,-1.));
#5267=DIRECTION('center_axis',(0.,0.,1.));
#5268=DIRECTION('ref_axis',(0.642787609686539,-0.766044443118978,0.));
#5269=DIRECTION('center_axis',(0.,0.,1.));
#5270=DIRECTION('ref_axis',(0.642787609686539,-0.766044443118978,0.));
#5271=DIRECTION('',(0.,0.,1.));
#5272=DIRECTION('center_axis',(0.,0.,-1.));
#5273=DIRECTION('ref_axis',(0.642787609686539,-0.766044443118978,0.));
#5274=DIRECTION('center_axis',(0.,0.,1.));
#5275=DIRECTION('ref_axis',(0.642787609686539,-0.766044443118978,0.));
#5276=DIRECTION('center_axis',(0.,0.,-1.));
#5277=DIRECTION('ref_axis',(0.642787609686539,-0.766044443118978,0.));
#5278=DIRECTION('center_axis',(0.,0.,1.));
#5279=DIRECTION('ref_axis',(0.642787609686539,-0.766044443118978,0.));
#5280=DIRECTION('center_axis',(0.,0.,1.));
#5281=DIRECTION('ref_axis',(1.,0.,0.));
#5282=DIRECTION('center_axis',(0.,0.,1.));
#5283=DIRECTION('ref_axis',(1.,0.,0.));
#5284=DIRECTION('',(0.,0.,1.));
#5285=DIRECTION('center_axis',(0.,0.,-1.));
#5286=DIRECTION('ref_axis',(1.,0.,0.));
#5287=DIRECTION('center_axis',(0.,0.,1.));
#5288=DIRECTION('ref_axis',(0.987913917055864,-0.155003524112645,0.));
#5289=DIRECTION('center_axis',(0.,0.,1.));
#5290=DIRECTION('ref_axis',(0.987913917055864,-0.155003524112645,0.));
#5291=DIRECTION('',(0.,0.,-1.));
#5292=DIRECTION('center_axis',(0.,0.,-1.));
#5293=DIRECTION('ref_axis',(0.987913917055864,-0.155003524112645,0.));
#5294=DIRECTION('center_axis',(0.,0.,1.));
#5295=DIRECTION('ref_axis',(0.5,-0.866025403784439,0.));
#5296=DIRECTION('center_axis',(0.,0.,-1.));
#5297=DIRECTION('ref_axis',(0.5,-0.866025403784439,0.));
#5298=DIRECTION('',(0.,0.,-1.));
#5299=DIRECTION('center_axis',(0.,0.,1.));
#5300=DIRECTION('ref_axis',(0.5,-0.866025403784439,0.));
#5301=DIRECTION('center_axis',(0.,0.,-1.));
#5302=DIRECTION('ref_axis',(0.359719968970263,0.933060310978895,0.));
#5303=DIRECTION('center_axis',(0.,0.,-1.));
#5304=DIRECTION('ref_axis',(0.359719968970263,0.933060310978895,0.));
#5305=DIRECTION('',(0.,0.,1.));
#5306=DIRECTION('center_axis',(0.,0.,1.));
#5307=DIRECTION('ref_axis',(0.359719968970263,0.933060310978895,0.));
#5308=DIRECTION('',(0.,0.,-1.));
#5309=DIRECTION('center_axis',(0.,0.,1.));
#5310=DIRECTION('ref_axis',(0.5,-0.866025403784439,0.));
#5311=DIRECTION('center_axis',(0.,0.,1.));
#5312=DIRECTION('ref_axis',(0.5,-0.866025403784439,0.));
#5313=DIRECTION('',(0.,0.,1.));
#5314=DIRECTION('center_axis',(0.,0.,-1.));
#5315=DIRECTION('ref_axis',(0.5,-0.866025403784439,0.));
#5316=DIRECTION('center_axis',(0.,0.,1.));
#5317=DIRECTION('ref_axis',(0.5,-0.866025403784438,0.));
#5318=DIRECTION('center_axis',(0.,0.,-1.));
#5319=DIRECTION('ref_axis',(0.5,-0.866025403784438,0.));
#5320=DIRECTION('center_axis',(0.,0.,1.));
#5321=DIRECTION('ref_axis',(0.5,-0.866025403784438,0.));
#5322=DIRECTION('center_axis',(0.,0.,1.));
#5323=DIRECTION('ref_axis',(1.,0.,0.));
#5324=DIRECTION('center_axis',(0.,0.,1.));
#5325=DIRECTION('ref_axis',(1.,0.,0.));
#5326=DIRECTION('',(0.,0.,1.));
#5327=DIRECTION('center_axis',(0.,0.,-1.));
#5328=DIRECTION('ref_axis',(1.,0.,0.));
#5329=DIRECTION('center_axis',(0.,0.,1.));
#5330=DIRECTION('ref_axis',(0.945989205331159,-0.324198123678904,0.));
#5331=DIRECTION('center_axis',(0.,0.,1.));
#5332=DIRECTION('ref_axis',(0.945989205331159,-0.324198123678904,0.));
#5333=DIRECTION('',(0.,0.,-1.));
#5334=DIRECTION('center_axis',(0.,0.,-1.));
#5335=DIRECTION('ref_axis',(0.945989205331159,-0.324198123678904,0.));
#5336=DIRECTION('center_axis',(0.,0.,1.));
#5337=DIRECTION('ref_axis',(0.342020143325668,-0.939692620785909,0.));
#5338=DIRECTION('center_axis',(0.,0.,-1.));
#5339=DIRECTION('ref_axis',(0.342020143325668,-0.939692620785909,0.));
#5340=DIRECTION('',(0.,0.,-1.));
#5341=DIRECTION('center_axis',(0.,0.,1.));
#5342=DIRECTION('ref_axis',(0.342020143325668,-0.939692620785909,0.));
#5343=DIRECTION('center_axis',(0.,0.,-1.));
#5344=DIRECTION('ref_axis',(0.516279237010045,0.85642031119791,0.));
#5345=DIRECTION('center_axis',(0.,0.,-1.));
#5346=DIRECTION('ref_axis',(0.516279237010045,0.85642031119791,0.));
#5347=DIRECTION('',(0.,0.,1.));
#5348=DIRECTION('center_axis',(0.,0.,1.));
#5349=DIRECTION('ref_axis',(0.516279237010045,0.85642031119791,0.));
#5350=DIRECTION('',(0.,0.,-1.));
#5351=DIRECTION('center_axis',(0.,0.,1.));
#5352=DIRECTION('ref_axis',(0.342020143325668,-0.939692620785909,0.));
#5353=DIRECTION('center_axis',(0.,0.,1.));
#5354=DIRECTION('ref_axis',(0.342020143325668,-0.939692620785909,0.));
#5355=DIRECTION('',(0.,0.,1.));
#5356=DIRECTION('center_axis',(0.,0.,-1.));
#5357=DIRECTION('ref_axis',(0.342020143325668,-0.939692620785909,0.));
#5358=DIRECTION('center_axis',(0.,0.,1.));
#5359=DIRECTION('ref_axis',(0.342020143325668,-0.939692620785908,0.));
#5360=DIRECTION('center_axis',(0.,0.,-1.));
#5361=DIRECTION('ref_axis',(0.342020143325668,-0.939692620785908,0.));
#5362=DIRECTION('center_axis',(0.,0.,1.));
#5363=DIRECTION('ref_axis',(0.342020143325668,-0.939692620785908,0.));
#5364=DIRECTION('center_axis',(0.,0.,1.));
#5365=DIRECTION('ref_axis',(1.,0.,0.));
#5366=DIRECTION('center_axis',(0.,0.,1.));
#5367=DIRECTION('ref_axis',(1.,0.,0.));
#5368=DIRECTION('',(0.,0.,1.));
#5369=DIRECTION('center_axis',(0.,0.,-1.));
#5370=DIRECTION('ref_axis',(1.,0.,0.));
#5371=DIRECTION('center_axis',(0.,0.,1.));
#5372=DIRECTION('ref_axis',(0.875321090296102,-0.483542127309341,0.));
#5373=DIRECTION('center_axis',(0.,0.,1.));
#5374=DIRECTION('ref_axis',(0.875321090296102,-0.483542127309341,0.));
#5375=DIRECTION('',(0.,0.,-1.));
#5376=DIRECTION('center_axis',(0.,0.,-1.));
#5377=DIRECTION('ref_axis',(0.875321090296102,-0.483542127309341,0.));
#5378=DIRECTION('center_axis',(0.,0.,1.));
#5379=DIRECTION('ref_axis',(0.17364817766693,-0.984807753012208,0.));
#5380=DIRECTION('center_axis',(0.,0.,-1.));
#5381=DIRECTION('ref_axis',(0.17364817766693,-0.984807753012208,0.));
#5382=DIRECTION('',(0.,0.,-1.));
#5383=DIRECTION('center_axis',(0.,0.,1.));
#5384=DIRECTION('ref_axis',(0.17364817766693,-0.984807753012208,0.));
#5385=DIRECTION('center_axis',(0.,0.,-1.));
#5386=DIRECTION('ref_axis',(0.657151621683187,0.753758413630759,0.));
#5387=DIRECTION('center_axis',(0.,0.,-1.));
#5388=DIRECTION('ref_axis',(0.657151621683187,0.753758413630759,0.));
#5389=DIRECTION('',(0.,0.,1.));
#5390=DIRECTION('center_axis',(0.,0.,1.));
#5391=DIRECTION('ref_axis',(0.657151621683187,0.753758413630759,0.));
#5392=DIRECTION('',(0.,0.,-1.));
#5393=DIRECTION('center_axis',(0.,0.,1.));
#5394=DIRECTION('ref_axis',(0.17364817766693,-0.984807753012208,0.));
#5395=DIRECTION('center_axis',(0.,0.,1.));
#5396=DIRECTION('ref_axis',(0.17364817766693,-0.984807753012208,0.));
#5397=DIRECTION('',(0.,0.,1.));
#5398=DIRECTION('center_axis',(0.,0.,-1.));
#5399=DIRECTION('ref_axis',(0.17364817766693,-0.984807753012208,0.));
#5400=DIRECTION('center_axis',(0.,0.,1.));
#5401=DIRECTION('ref_axis',(0.17364817766693,-0.984807753012208,0.));
#5402=DIRECTION('center_axis',(0.,0.,-1.));
#5403=DIRECTION('ref_axis',(0.17364817766693,-0.984807753012208,0.));
#5404=DIRECTION('center_axis',(0.,0.,1.));
#5405=DIRECTION('ref_axis',(0.17364817766693,-0.984807753012208,0.));
#5406=DIRECTION('center_axis',(0.,0.,1.));
#5407=DIRECTION('ref_axis',(1.,0.,0.));
#5408=DIRECTION('center_axis',(0.,0.,1.));
#5409=DIRECTION('ref_axis',(1.,0.,0.));
#5410=DIRECTION('',(0.,0.,1.));
#5411=DIRECTION('center_axis',(0.,0.,-1.));
#5412=DIRECTION('ref_axis',(1.,0.,0.));
#5413=DIRECTION('center_axis',(0.,0.,1.));
#5414=DIRECTION('ref_axis',(0.778056786866244,-0.628193948085602,0.));
#5415=DIRECTION('center_axis',(0.,0.,1.));
#5416=DIRECTION('ref_axis',(0.778056786866244,-0.628193948085602,0.));
#5417=DIRECTION('',(0.,0.,-1.));
#5418=DIRECTION('center_axis',(0.,0.,-1.));
#5419=DIRECTION('ref_axis',(0.778056786866244,-0.628193948085602,0.));
#5420=DIRECTION('center_axis',(0.,0.,1.));
#5421=DIRECTION('ref_axis',(-1.83697019872103E-16,-1.,0.));
#5422=DIRECTION('center_axis',(0.,0.,-1.));
#5423=DIRECTION('ref_axis',(-1.83697019872103E-16,-1.,0.));
#5424=DIRECTION('',(0.,0.,-1.));
#5425=DIRECTION('center_axis',(0.,0.,1.));
#5426=DIRECTION('ref_axis',(-1.83697019872103E-16,-1.,0.));
#5427=DIRECTION('center_axis',(0.,0.,-1.));
#5428=DIRECTION('ref_axis',(0.778056786866243,0.628193948085604,0.));
#5429=DIRECTION('center_axis',(0.,0.,-1.));
#5430=DIRECTION('ref_axis',(0.778056786866243,0.628193948085604,0.));
#5431=DIRECTION('',(0.,0.,1.));
#5432=DIRECTION('center_axis',(0.,0.,1.));
#5433=DIRECTION('ref_axis',(0.778056786866243,0.628193948085604,0.));
#5434=DIRECTION('',(0.,0.,-1.));
#5435=DIRECTION('center_axis',(0.,0.,1.));
#5436=DIRECTION('ref_axis',(-1.83697019872103E-16,-1.,0.));
#5437=DIRECTION('center_axis',(0.,0.,1.));
#5438=DIRECTION('ref_axis',(-1.83697019872103E-16,-1.,0.));
#5439=DIRECTION('',(0.,0.,1.));
#5440=DIRECTION('center_axis',(0.,0.,-1.));
#5441=DIRECTION('ref_axis',(-1.83697019872103E-16,-1.,0.));
#5442=DIRECTION('center_axis',(0.,0.,1.));
#5443=DIRECTION('ref_axis',(-1.83697019872103E-16,-1.,0.));
#5444=DIRECTION('center_axis',(0.,0.,-1.));
#5445=DIRECTION('ref_axis',(-1.83697019872103E-16,-1.,0.));
#5446=DIRECTION('center_axis',(0.,0.,1.));
#5447=DIRECTION('ref_axis',(-1.83697019872103E-16,-1.,0.));
#5448=DIRECTION('center_axis',(0.,0.,1.));
#5449=DIRECTION('ref_axis',(1.,0.,0.));
#5450=DIRECTION('center_axis',(0.,0.,1.));
#5451=DIRECTION('ref_axis',(1.,0.,0.));
#5452=DIRECTION('',(0.,0.,1.));
#5453=DIRECTION('center_axis',(0.,0.,-1.));
#5454=DIRECTION('ref_axis',(1.,0.,0.));
#5455=DIRECTION('center_axis',(0.,0.,1.));
#5456=DIRECTION('ref_axis',(0.657151621683187,-0.753758413630759,0.));
#5457=DIRECTION('center_axis',(0.,0.,1.));
#5458=DIRECTION('ref_axis',(0.657151621683187,-0.753758413630759,0.));
#5459=DIRECTION('',(0.,0.,-1.));
#5460=DIRECTION('center_axis',(0.,0.,-1.));
#5461=DIRECTION('ref_axis',(0.657151621683187,-0.753758413630759,0.));
#5462=DIRECTION('center_axis',(0.,0.,1.));
#5463=DIRECTION('ref_axis',(-0.17364817766693,-0.984807753012208,0.));
#5464=DIRECTION('center_axis',(0.,0.,-1.));
#5465=DIRECTION('ref_axis',(-0.17364817766693,-0.984807753012208,0.));
#5466=DIRECTION('',(0.,0.,-1.));
#5467=DIRECTION('center_axis',(0.,0.,1.));
#5468=DIRECTION('ref_axis',(-0.17364817766693,-0.984807753012208,0.));
#5469=DIRECTION('center_axis',(0.,0.,-1.));
#5470=DIRECTION('ref_axis',(0.875321090296109,0.483542127309328,0.));
#5471=DIRECTION('center_axis',(0.,0.,-1.));
#5472=DIRECTION('ref_axis',(0.875321090296109,0.483542127309328,0.));
#5473=DIRECTION('',(0.,0.,1.));
#5474=DIRECTION('center_axis',(0.,0.,1.));
#5475=DIRECTION('ref_axis',(0.875321090296109,0.483542127309328,0.));
#5476=DIRECTION('',(0.,0.,-1.));
#5477=DIRECTION('center_axis',(0.,0.,1.));
#5478=DIRECTION('ref_axis',(-0.17364817766693,-0.984807753012208,0.));
#5479=DIRECTION('center_axis',(0.,0.,1.));
#5480=DIRECTION('ref_axis',(-0.17364817766693,-0.984807753012208,0.));
#5481=DIRECTION('',(0.,0.,1.));
#5482=DIRECTION('center_axis',(0.,0.,-1.));
#5483=DIRECTION('ref_axis',(-0.17364817766693,-0.984807753012208,0.));
#5484=DIRECTION('center_axis',(0.,0.,1.));
#5485=DIRECTION('ref_axis',(-0.17364817766693,-0.984807753012208,0.));
#5486=DIRECTION('center_axis',(0.,0.,-1.));
#5487=DIRECTION('ref_axis',(-0.17364817766693,-0.984807753012208,0.));
#5488=DIRECTION('center_axis',(0.,0.,1.));
#5489=DIRECTION('ref_axis',(-0.17364817766693,-0.984807753012208,0.));
#5490=DIRECTION('center_axis',(0.,0.,1.));
#5491=DIRECTION('ref_axis',(1.,0.,0.));
#5492=DIRECTION('center_axis',(0.,0.,1.));
#5493=DIRECTION('ref_axis',(1.,0.,0.));
#5494=DIRECTION('',(0.,0.,1.));
#5495=DIRECTION('center_axis',(0.,0.,-1.));
#5496=DIRECTION('ref_axis',(1.,0.,0.));
#5497=DIRECTION('center_axis',(0.,0.,1.));
#5498=DIRECTION('ref_axis',(0.516279237010043,-0.856420311197912,0.));
#5499=DIRECTION('center_axis',(0.,0.,1.));
#5500=DIRECTION('ref_axis',(0.516279237010043,-0.856420311197912,0.));
#5501=DIRECTION('',(0.,0.,-1.));
#5502=DIRECTION('center_axis',(0.,0.,-1.));
#5503=DIRECTION('ref_axis',(0.516279237010043,-0.856420311197912,0.));
#5504=DIRECTION('center_axis',(0.,0.,1.));
#5505=DIRECTION('ref_axis',(-0.342020143325669,-0.939692620785908,0.));
#5506=DIRECTION('center_axis',(0.,0.,-1.));
#5507=DIRECTION('ref_axis',(-0.342020143325669,-0.939692620785908,0.));
#5508=DIRECTION('',(0.,0.,-1.));
#5509=DIRECTION('center_axis',(0.,0.,1.));
#5510=DIRECTION('ref_axis',(-0.342020143325669,-0.939692620785908,0.));
#5511=DIRECTION('center_axis',(0.,0.,-1.));
#5512=DIRECTION('ref_axis',(0.945989205331159,0.324198123678904,0.));
#5513=DIRECTION('center_axis',(0.,0.,-1.));
#5514=DIRECTION('ref_axis',(0.945989205331159,0.324198123678904,0.));
#5515=DIRECTION('',(0.,0.,1.));
#5516=DIRECTION('center_axis',(0.,0.,1.));
#5517=DIRECTION('ref_axis',(0.945989205331159,0.324198123678904,0.));
#5518=DIRECTION('',(0.,0.,-1.));
#5519=DIRECTION('center_axis',(0.,0.,1.));
#5520=DIRECTION('ref_axis',(-0.342020143325669,-0.939692620785908,0.));
#5521=DIRECTION('center_axis',(0.,0.,1.));
#5522=DIRECTION('ref_axis',(-0.342020143325669,-0.939692620785908,0.));
#5523=DIRECTION('',(0.,0.,1.));
#5524=DIRECTION('center_axis',(0.,0.,-1.));
#5525=DIRECTION('ref_axis',(-0.342020143325669,-0.939692620785908,0.));
#5526=DIRECTION('center_axis',(0.,0.,1.));
#5527=DIRECTION('ref_axis',(-0.342020143325669,-0.939692620785908,0.));
#5528=DIRECTION('center_axis',(0.,0.,-1.));
#5529=DIRECTION('ref_axis',(-0.342020143325669,-0.939692620785908,0.));
#5530=DIRECTION('center_axis',(0.,0.,1.));
#5531=DIRECTION('ref_axis',(-0.342020143325669,-0.939692620785908,0.));
#5532=DIRECTION('center_axis',(0.,0.,1.));
#5533=DIRECTION('ref_axis',(1.,0.,0.));
#5534=DIRECTION('center_axis',(0.,0.,1.));
#5535=DIRECTION('ref_axis',(1.,0.,0.));
#5536=DIRECTION('',(0.,0.,1.));
#5537=DIRECTION('center_axis',(0.,0.,-1.));
#5538=DIRECTION('ref_axis',(1.,0.,0.));
#5539=DIRECTION('center_axis',(0.,0.,1.));
#5540=DIRECTION('ref_axis',(0.359719968970265,-0.933060310978895,0.));
#5541=DIRECTION('center_axis',(0.,0.,1.));
#5542=DIRECTION('ref_axis',(0.359719968970265,-0.933060310978895,0.));
#5543=DIRECTION('',(0.,0.,-1.));
#5544=DIRECTION('center_axis',(0.,0.,-1.));
#5545=DIRECTION('ref_axis',(0.359719968970265,-0.933060310978895,0.));
#5546=DIRECTION('center_axis',(0.,0.,1.));
#5547=DIRECTION('ref_axis',(-0.5,-0.866025403784438,0.));
#5548=DIRECTION('center_axis',(0.,0.,-1.));
#5549=DIRECTION('ref_axis',(-0.5,-0.866025403784438,0.));
#5550=DIRECTION('',(0.,0.,-1.));
#5551=DIRECTION('center_axis',(0.,0.,1.));
#5552=DIRECTION('ref_axis',(-0.5,-0.866025403784438,0.));
#5553=DIRECTION('center_axis',(0.,0.,-1.));
#5554=DIRECTION('ref_axis',(0.987913917055864,0.155003524112645,0.));
#5555=DIRECTION('center_axis',(0.,0.,-1.));
#5556=DIRECTION('ref_axis',(0.987913917055864,0.155003524112645,0.));
#5557=DIRECTION('',(0.,0.,1.));
#5558=DIRECTION('center_axis',(0.,0.,1.));
#5559=DIRECTION('ref_axis',(0.987913917055864,0.155003524112645,0.));
#5560=DIRECTION('',(0.,0.,-1.));
#5561=DIRECTION('center_axis',(0.,0.,1.));
#5562=DIRECTION('ref_axis',(-0.5,-0.866025403784438,0.));
#5563=DIRECTION('center_axis',(0.,0.,1.));
#5564=DIRECTION('ref_axis',(-0.5,-0.866025403784438,0.));
#5565=DIRECTION('',(0.,0.,1.));
#5566=DIRECTION('center_axis',(0.,0.,-1.));
#5567=DIRECTION('ref_axis',(-0.5,-0.866025403784438,0.));
#5568=DIRECTION('center_axis',(0.,0.,1.));
#5569=DIRECTION('ref_axis',(-0.5,-0.866025403784438,0.));
#5570=DIRECTION('center_axis',(0.,0.,-1.));
#5571=DIRECTION('ref_axis',(-0.5,-0.866025403784438,0.));
#5572=DIRECTION('center_axis',(0.,0.,1.));
#5573=DIRECTION('ref_axis',(-0.5,-0.866025403784438,0.));
#5574=DIRECTION('center_axis',(0.,0.,1.));
#5575=DIRECTION('ref_axis',(1.,0.,0.));
#5576=DIRECTION('center_axis',(0.,0.,1.));
#5577=DIRECTION('ref_axis',(1.,0.,0.));
#5578=DIRECTION('',(0.,0.,1.));
#5579=DIRECTION('center_axis',(0.,0.,-1.));
#5580=DIRECTION('ref_axis',(1.,0.,0.));
#5581=DIRECTION('center_axis',(0.,0.,1.));
#5582=DIRECTION('ref_axis',(0.192230791700399,-0.981349745362089,0.));
#5583=DIRECTION('center_axis',(0.,0.,1.));
#5584=DIRECTION('ref_axis',(0.192230791700399,-0.981349745362089,0.));
#5585=DIRECTION('',(0.,0.,-1.));
#5586=DIRECTION('center_axis',(0.,0.,-1.));
#5587=DIRECTION('ref_axis',(0.192230791700399,-0.981349745362089,0.));
#5588=DIRECTION('center_axis',(0.,0.,1.));
#5589=DIRECTION('ref_axis',(-0.642787609686539,-0.766044443118978,0.));
#5590=DIRECTION('center_axis',(0.,0.,-1.));
#5591=DIRECTION('ref_axis',(-0.642787609686539,-0.766044443118978,0.));
#5592=DIRECTION('',(0.,0.,-1.));
#5593=DIRECTION('center_axis',(0.,0.,1.));
#5594=DIRECTION('ref_axis',(-0.642787609686539,-0.766044443118978,0.));
#5595=DIRECTION('center_axis',(0.,0.,-1.));
#5596=DIRECTION('ref_axis',(0.999821364319388,-0.0189007790981938,0.));
#5597=DIRECTION('center_axis',(0.,0.,-1.));
#5598=DIRECTION('ref_axis',(0.999821364319388,-0.0189007790981938,0.));
#5599=DIRECTION('',(0.,0.,1.));
#5600=DIRECTION('center_axis',(0.,0.,1.));
#5601=DIRECTION('ref_axis',(0.999821364319388,-0.0189007790981938,0.));
#5602=DIRECTION('',(0.,0.,-1.));
#5603=DIRECTION('center_axis',(0.,0.,1.));
#5604=DIRECTION('ref_axis',(-0.642787609686539,-0.766044443118978,0.));
#5605=DIRECTION('center_axis',(0.,0.,1.));
#5606=DIRECTION('ref_axis',(-0.642787609686539,-0.766044443118978,0.));
#5607=DIRECTION('',(0.,0.,1.));
#5608=DIRECTION('center_axis',(0.,0.,-1.));
#5609=DIRECTION('ref_axis',(-0.642787609686539,-0.766044443118978,0.));
#5610=DIRECTION('center_axis',(0.,0.,1.));
#5611=DIRECTION('ref_axis',(-0.642787609686539,-0.766044443118978,0.));
#5612=DIRECTION('center_axis',(0.,0.,-1.));
#5613=DIRECTION('ref_axis',(-0.642787609686539,-0.766044443118978,0.));
#5614=DIRECTION('center_axis',(0.,0.,1.));
#5615=DIRECTION('ref_axis',(-0.642787609686539,-0.766044443118978,0.));
#5616=DIRECTION('center_axis',(0.,0.,1.));
#5617=DIRECTION('ref_axis',(1.,0.,0.));
#5618=DIRECTION('center_axis',(0.,0.,1.));
#5619=DIRECTION('ref_axis',(1.,0.,0.));
#5620=DIRECTION('',(0.,0.,1.));
#5621=DIRECTION('center_axis',(0.,0.,-1.));
#5622=DIRECTION('ref_axis',(1.,0.,0.));
#5623=DIRECTION('center_axis',(0.,0.,1.));
#5624=DIRECTION('ref_axis',(0.0189007790981938,-0.999821364319388,0.));
#5625=DIRECTION('center_axis',(0.,0.,1.));
#5626=DIRECTION('ref_axis',(0.0189007790981938,-0.999821364319388,0.));
#5627=DIRECTION('',(0.,0.,-1.));
#5628=DIRECTION('center_axis',(0.,0.,-1.));
#5629=DIRECTION('ref_axis',(0.0189007790981938,-0.999821364319388,0.));
#5630=DIRECTION('center_axis',(0.,0.,1.));
#5631=DIRECTION('ref_axis',(-0.766044443118978,-0.642787609686539,0.));
#5632=DIRECTION('center_axis',(0.,0.,-1.));
#5633=DIRECTION('ref_axis',(-0.766044443118978,-0.642787609686539,0.));
#5634=DIRECTION('',(0.,0.,-1.));
#5635=DIRECTION('center_axis',(0.,0.,1.));
#5636=DIRECTION('ref_axis',(-0.766044443118978,-0.642787609686539,0.));
#5637=DIRECTION('center_axis',(0.,0.,-1.));
#5638=DIRECTION('ref_axis',(0.981349745362089,-0.192230791700399,0.));
#5639=DIRECTION('center_axis',(0.,0.,-1.));
#5640=DIRECTION('ref_axis',(0.981349745362089,-0.192230791700399,0.));
#5641=DIRECTION('',(0.,0.,1.));
#5642=DIRECTION('center_axis',(0.,0.,1.));
#5643=DIRECTION('ref_axis',(0.981349745362089,-0.192230791700399,0.));
#5644=DIRECTION('',(0.,0.,-1.));
#5645=DIRECTION('center_axis',(0.,0.,1.));
#5646=DIRECTION('ref_axis',(-0.766044443118978,-0.642787609686539,0.));
#5647=DIRECTION('center_axis',(0.,0.,1.));
#5648=DIRECTION('ref_axis',(-0.766044443118978,-0.642787609686539,0.));
#5649=DIRECTION('',(0.,0.,1.));
#5650=DIRECTION('center_axis',(0.,0.,-1.));
#5651=DIRECTION('ref_axis',(-0.766044443118978,-0.642787609686539,0.));
#5652=DIRECTION('center_axis',(0.,0.,1.));
#5653=DIRECTION('ref_axis',(-0.766044443118978,-0.642787609686539,0.));
#5654=DIRECTION('center_axis',(0.,0.,-1.));
#5655=DIRECTION('ref_axis',(-0.766044443118978,-0.642787609686539,0.));
#5656=DIRECTION('center_axis',(0.,0.,1.));
#5657=DIRECTION('ref_axis',(-0.766044443118978,-0.642787609686539,0.));
#5658=DIRECTION('center_axis',(0.,0.,1.));
#5659=DIRECTION('ref_axis',(1.,0.,0.));
#5660=DIRECTION('center_axis',(0.,0.,1.));
#5661=DIRECTION('ref_axis',(1.,0.,0.));
#5662=DIRECTION('',(0.,0.,1.));
#5663=DIRECTION('center_axis',(0.,0.,-1.));
#5664=DIRECTION('ref_axis',(1.,0.,0.));
#5665=DIRECTION('center_axis',(0.,0.,1.));
#5666=DIRECTION('ref_axis',(-0.155003524112645,-0.987913917055864,0.));
#5667=DIRECTION('center_axis',(0.,0.,1.));
#5668=DIRECTION('ref_axis',(-0.155003524112645,-0.987913917055864,0.));
#5669=DIRECTION('',(0.,0.,-1.));
#5670=DIRECTION('center_axis',(0.,0.,-1.));
#5671=DIRECTION('ref_axis',(-0.155003524112645,-0.987913917055864,0.));
#5672=DIRECTION('center_axis',(0.,0.,1.));
#5673=DIRECTION('ref_axis',(-0.866025403784439,-0.5,0.));
#5674=DIRECTION('center_axis',(0.,0.,-1.));
#5675=DIRECTION('ref_axis',(-0.866025403784439,-0.5,0.));
#5676=DIRECTION('',(0.,0.,-1.));
#5677=DIRECTION('center_axis',(0.,0.,1.));
#5678=DIRECTION('ref_axis',(-0.866025403784439,-0.5,0.));
#5679=DIRECTION('center_axis',(0.,0.,-1.));
#5680=DIRECTION('ref_axis',(0.933060310978895,-0.359719968970265,0.));
#5681=DIRECTION('center_axis',(0.,0.,-1.));
#5682=DIRECTION('ref_axis',(0.933060310978895,-0.359719968970265,0.));
#5683=DIRECTION('',(0.,0.,1.));
#5684=DIRECTION('center_axis',(0.,0.,1.));
#5685=DIRECTION('ref_axis',(0.933060310978895,-0.359719968970265,0.));
#5686=DIRECTION('',(0.,0.,-1.));
#5687=DIRECTION('center_axis',(0.,0.,1.));
#5688=DIRECTION('ref_axis',(-0.866025403784439,-0.5,0.));
#5689=DIRECTION('center_axis',(0.,0.,1.));
#5690=DIRECTION('ref_axis',(-0.866025403784439,-0.5,0.));
#5691=DIRECTION('',(0.,0.,1.));
#5692=DIRECTION('center_axis',(0.,0.,-1.));
#5693=DIRECTION('ref_axis',(-0.866025403784439,-0.5,0.));
#5694=DIRECTION('center_axis',(0.,0.,1.));
#5695=DIRECTION('ref_axis',(-0.866025403784439,-0.5,0.));
#5696=DIRECTION('center_axis',(0.,0.,-1.));
#5697=DIRECTION('ref_axis',(-0.866025403784439,-0.5,0.));
#5698=DIRECTION('center_axis',(0.,0.,1.));
#5699=DIRECTION('ref_axis',(-0.866025403784439,-0.5,0.));
#5700=DIRECTION('center_axis',(0.,0.,1.));
#5701=DIRECTION('ref_axis',(1.,0.,0.));
#5702=DIRECTION('center_axis',(0.,0.,1.));
#5703=DIRECTION('ref_axis',(1.,0.,0.));
#5704=DIRECTION('',(0.,0.,1.));
#5705=DIRECTION('center_axis',(0.,0.,-1.));
#5706=DIRECTION('ref_axis',(1.,0.,0.));
#5707=DIRECTION('center_axis',(0.,0.,1.));
#5708=DIRECTION('ref_axis',(-0.324198123678904,-0.945989205331159,0.));
#5709=DIRECTION('center_axis',(0.,0.,1.));
#5710=DIRECTION('ref_axis',(-0.324198123678904,-0.945989205331159,0.));
#5711=DIRECTION('',(0.,0.,-1.));
#5712=DIRECTION('center_axis',(0.,0.,-1.));
#5713=DIRECTION('ref_axis',(-0.324198123678904,-0.945989205331159,0.));
#5714=DIRECTION('center_axis',(0.,0.,1.));
#5715=DIRECTION('ref_axis',(-0.939692620785909,-0.342020143325669,0.));
#5716=DIRECTION('center_axis',(0.,0.,-1.));
#5717=DIRECTION('ref_axis',(-0.939692620785909,-0.342020143325669,0.));
#5718=DIRECTION('',(0.,0.,-1.));
#5719=DIRECTION('center_axis',(0.,0.,1.));
#5720=DIRECTION('ref_axis',(-0.939692620785909,-0.342020143325669,0.));
#5721=DIRECTION('center_axis',(0.,0.,-1.));
#5722=DIRECTION('ref_axis',(0.856420311197902,-0.51627923701006,0.));
#5723=DIRECTION('center_axis',(0.,0.,-1.));
#5724=DIRECTION('ref_axis',(0.856420311197902,-0.51627923701006,0.));
#5725=DIRECTION('',(0.,0.,1.));
#5726=DIRECTION('center_axis',(0.,0.,1.));
#5727=DIRECTION('ref_axis',(0.856420311197902,-0.51627923701006,0.));
#5728=DIRECTION('',(0.,0.,-1.));
#5729=DIRECTION('center_axis',(0.,0.,1.));
#5730=DIRECTION('ref_axis',(-0.939692620785909,-0.342020143325669,0.));
#5731=DIRECTION('center_axis',(0.,0.,1.));
#5732=DIRECTION('ref_axis',(-0.939692620785909,-0.342020143325669,0.));
#5733=DIRECTION('',(0.,0.,1.));
#5734=DIRECTION('center_axis',(0.,0.,-1.));
#5735=DIRECTION('ref_axis',(-0.939692620785909,-0.342020143325669,0.));
#5736=DIRECTION('center_axis',(0.,0.,1.));
#5737=DIRECTION('ref_axis',(-0.939692620785908,-0.342020143325669,0.));
#5738=DIRECTION('center_axis',(0.,0.,-1.));
#5739=DIRECTION('ref_axis',(-0.939692620785908,-0.342020143325669,0.));
#5740=DIRECTION('center_axis',(0.,0.,1.));
#5741=DIRECTION('ref_axis',(-0.939692620785908,-0.342020143325669,0.));
#5742=DIRECTION('center_axis',(0.,0.,1.));
#5743=DIRECTION('ref_axis',(1.,0.,0.));
#5744=DIRECTION('center_axis',(0.,0.,1.));
#5745=DIRECTION('ref_axis',(1.,0.,0.));
#5746=DIRECTION('',(0.,0.,1.));
#5747=DIRECTION('center_axis',(0.,0.,-1.));
#5748=DIRECTION('ref_axis',(1.,0.,0.));
#5749=DIRECTION('center_axis',(0.,0.,1.));
#5750=DIRECTION('ref_axis',(-0.483542127309341,-0.875321090296102,0.));
#5751=DIRECTION('center_axis',(0.,0.,1.));
#5752=DIRECTION('ref_axis',(-0.483542127309341,-0.875321090296102,0.));
#5753=DIRECTION('',(0.,0.,-1.));
#5754=DIRECTION('center_axis',(0.,0.,-1.));
#5755=DIRECTION('ref_axis',(-0.483542127309341,-0.875321090296102,0.));
#5756=DIRECTION('center_axis',(0.,0.,1.));
#5757=DIRECTION('ref_axis',(-0.984807753012208,-0.17364817766693,0.));
#5758=DIRECTION('center_axis',(0.,0.,-1.));
#5759=DIRECTION('ref_axis',(-0.984807753012208,-0.17364817766693,0.));
#5760=DIRECTION('',(0.,0.,-1.));
#5761=DIRECTION('center_axis',(0.,0.,1.));
#5762=DIRECTION('ref_axis',(-0.984807753012208,-0.17364817766693,0.));
#5763=DIRECTION('center_axis',(0.,0.,-1.));
#5764=DIRECTION('ref_axis',(0.753758413630759,-0.657151621683186,0.));
#5765=DIRECTION('center_axis',(0.,0.,-1.));
#5766=DIRECTION('ref_axis',(0.753758413630759,-0.657151621683186,0.));
#5767=DIRECTION('',(0.,0.,1.));
#5768=DIRECTION('center_axis',(0.,0.,1.));
#5769=DIRECTION('ref_axis',(0.753758413630759,-0.657151621683186,0.));
#5770=DIRECTION('',(0.,0.,-1.));
#5771=DIRECTION('center_axis',(0.,0.,1.));
#5772=DIRECTION('ref_axis',(-0.984807753012208,-0.17364817766693,0.));
#5773=DIRECTION('center_axis',(0.,0.,1.));
#5774=DIRECTION('ref_axis',(-0.984807753012208,-0.17364817766693,0.));
#5775=DIRECTION('',(0.,0.,1.));
#5776=DIRECTION('center_axis',(0.,0.,-1.));
#5777=DIRECTION('ref_axis',(-0.984807753012208,-0.17364817766693,0.));
#5778=DIRECTION('center_axis',(0.,0.,1.));
#5779=DIRECTION('ref_axis',(-0.984807753012208,-0.17364817766693,0.));
#5780=DIRECTION('center_axis',(0.,0.,-1.));
#5781=DIRECTION('ref_axis',(-0.984807753012208,-0.17364817766693,0.));
#5782=DIRECTION('center_axis',(0.,0.,1.));
#5783=DIRECTION('ref_axis',(-0.984807753012208,-0.17364817766693,0.));
#5784=DIRECTION('center_axis',(0.,0.,1.));
#5785=DIRECTION('ref_axis',(1.,0.,0.));
#5786=DIRECTION('center_axis',(0.,0.,1.));
#5787=DIRECTION('ref_axis',(1.,0.,0.));
#5788=DIRECTION('',(0.,0.,1.));
#5789=DIRECTION('center_axis',(0.,0.,-1.));
#5790=DIRECTION('ref_axis',(1.,0.,0.));
#5791=DIRECTION('center_axis',(0.,0.,1.));
#5792=DIRECTION('ref_axis',(-0.628193948085603,-0.778056786866243,0.));
#5793=DIRECTION('center_axis',(0.,0.,1.));
#5794=DIRECTION('ref_axis',(-0.628193948085603,-0.778056786866243,0.));
#5795=DIRECTION('',(0.,0.,-1.));
#5796=DIRECTION('center_axis',(0.,0.,-1.));
#5797=DIRECTION('ref_axis',(-0.628193948085603,-0.778056786866243,0.));
#5798=DIRECTION('center_axis',(0.,0.,1.));
#5799=DIRECTION('ref_axis',(-1.,1.22464679914735E-16,0.));
#5800=DIRECTION('center_axis',(0.,0.,-1.));
#5801=DIRECTION('ref_axis',(-1.,1.22464679914735E-16,0.));
#5802=DIRECTION('',(0.,0.,-1.));
#5803=DIRECTION('center_axis',(0.,0.,1.));
#5804=DIRECTION('ref_axis',(-1.,1.22464679914735E-16,0.));
#5805=DIRECTION('center_axis',(0.,0.,-1.));
#5806=DIRECTION('ref_axis',(0.628193948085603,-0.778056786866243,0.));
#5807=DIRECTION('center_axis',(0.,0.,-1.));
#5808=DIRECTION('ref_axis',(0.628193948085603,-0.778056786866243,0.));
#5809=DIRECTION('',(0.,0.,1.));
#5810=DIRECTION('center_axis',(0.,0.,1.));
#5811=DIRECTION('ref_axis',(0.628193948085603,-0.778056786866243,0.));
#5812=DIRECTION('',(0.,0.,-1.));
#5813=DIRECTION('center_axis',(0.,0.,1.));
#5814=DIRECTION('ref_axis',(-1.,1.22464679914735E-16,0.));
#5815=DIRECTION('center_axis',(0.,0.,1.));
#5816=DIRECTION('ref_axis',(-1.,1.22464679914735E-16,0.));
#5817=DIRECTION('',(0.,0.,1.));
#5818=DIRECTION('center_axis',(0.,0.,-1.));
#5819=DIRECTION('ref_axis',(-1.,1.22464679914735E-16,0.));
#5820=DIRECTION('center_axis',(0.,0.,1.));
#5821=DIRECTION('ref_axis',(-1.,1.22464679914735E-16,0.));
#5822=DIRECTION('center_axis',(0.,0.,-1.));
#5823=DIRECTION('ref_axis',(-1.,1.22464679914735E-16,0.));
#5824=DIRECTION('center_axis',(0.,0.,1.));
#5825=DIRECTION('ref_axis',(-1.,1.22464679914735E-16,0.));
#5826=DIRECTION('center_axis',(0.,0.,1.));
#5827=DIRECTION('ref_axis',(1.,0.,0.));
#5828=DIRECTION('center_axis',(0.,0.,1.));
#5829=DIRECTION('ref_axis',(1.,0.,0.));
#5830=DIRECTION('',(0.,0.,1.));
#5831=DIRECTION('center_axis',(0.,0.,-1.));
#5832=DIRECTION('ref_axis',(1.,0.,0.));
#5833=DIRECTION('center_axis',(0.,0.,1.));
#5834=DIRECTION('ref_axis',(-0.753758413630759,-0.657151621683186,0.));
#5835=DIRECTION('center_axis',(0.,0.,1.));
#5836=DIRECTION('ref_axis',(-0.753758413630759,-0.657151621683186,0.));
#5837=DIRECTION('',(0.,0.,-1.));
#5838=DIRECTION('center_axis',(0.,0.,-1.));
#5839=DIRECTION('ref_axis',(-0.753758413630759,-0.657151621683186,0.));
#5840=DIRECTION('center_axis',(0.,0.,1.));
#5841=DIRECTION('ref_axis',(-0.984807753012208,0.173648177666931,0.));
#5842=DIRECTION('center_axis',(0.,0.,-1.));
#5843=DIRECTION('ref_axis',(-0.984807753012208,0.173648177666931,0.));
#5844=DIRECTION('',(0.,0.,-1.));
#5845=DIRECTION('center_axis',(0.,0.,1.));
#5846=DIRECTION('ref_axis',(-0.984807753012208,0.173648177666931,0.));
#5847=DIRECTION('center_axis',(0.,0.,-1.));
#5848=DIRECTION('ref_axis',(0.483542127309332,-0.875321090296107,0.));
#5849=DIRECTION('center_axis',(0.,0.,-1.));
#5850=DIRECTION('ref_axis',(0.483542127309332,-0.875321090296107,0.));
#5851=DIRECTION('',(0.,0.,1.));
#5852=DIRECTION('center_axis',(0.,0.,1.));
#5853=DIRECTION('ref_axis',(0.483542127309332,-0.875321090296107,0.));
#5854=DIRECTION('',(0.,0.,-1.));
#5855=DIRECTION('center_axis',(0.,0.,1.));
#5856=DIRECTION('ref_axis',(-0.984807753012208,0.173648177666931,0.));
#5857=DIRECTION('center_axis',(0.,0.,1.));
#5858=DIRECTION('ref_axis',(-0.984807753012208,0.173648177666931,0.));
#5859=DIRECTION('',(0.,0.,1.));
#5860=DIRECTION('center_axis',(0.,0.,-1.));
#5861=DIRECTION('ref_axis',(-0.984807753012208,0.173648177666931,0.));
#5862=DIRECTION('center_axis',(0.,0.,1.));
#5863=DIRECTION('ref_axis',(-0.984807753012208,0.173648177666931,0.));
#5864=DIRECTION('center_axis',(0.,0.,-1.));
#5865=DIRECTION('ref_axis',(-0.984807753012208,0.173648177666931,0.));
#5866=DIRECTION('center_axis',(0.,0.,1.));
#5867=DIRECTION('ref_axis',(-0.984807753012208,0.173648177666931,0.));
#5868=DIRECTION('center_axis',(0.,0.,1.));
#5869=DIRECTION('ref_axis',(1.,0.,0.));
#5870=DIRECTION('center_axis',(0.,0.,1.));
#5871=DIRECTION('ref_axis',(1.,0.,0.));
#5872=DIRECTION('',(0.,0.,1.));
#5873=DIRECTION('center_axis',(0.,0.,-1.));
#5874=DIRECTION('ref_axis',(1.,0.,0.));
#5875=DIRECTION('center_axis',(0.,0.,1.));
#5876=DIRECTION('ref_axis',(-0.856420311197919,-0.51627923701003,0.));
#5877=DIRECTION('center_axis',(0.,0.,1.));
#5878=DIRECTION('ref_axis',(-0.856420311197919,-0.51627923701003,0.));
#5879=DIRECTION('',(0.,0.,-1.));
#5880=DIRECTION('center_axis',(0.,0.,-1.));
#5881=DIRECTION('ref_axis',(-0.856420311197919,-0.51627923701003,0.));
#5882=DIRECTION('center_axis',(0.,0.,1.));
#5883=DIRECTION('ref_axis',(-0.939692620785908,0.342020143325669,0.));
#5884=DIRECTION('center_axis',(0.,0.,-1.));
#5885=DIRECTION('ref_axis',(-0.939692620785908,0.342020143325669,0.));
#5886=DIRECTION('',(0.,0.,-1.));
#5887=DIRECTION('center_axis',(0.,0.,1.));
#5888=DIRECTION('ref_axis',(-0.939692620785908,0.342020143325669,0.));
#5889=DIRECTION('center_axis',(0.,0.,-1.));
#5890=DIRECTION('ref_axis',(0.324198123678909,-0.945989205331157,0.));
#5891=DIRECTION('center_axis',(0.,0.,-1.));
#5892=DIRECTION('ref_axis',(0.324198123678909,-0.945989205331157,0.));
#5893=DIRECTION('',(0.,0.,1.));
#5894=DIRECTION('center_axis',(0.,0.,1.));
#5895=DIRECTION('ref_axis',(0.324198123678909,-0.945989205331157,0.));
#5896=DIRECTION('',(0.,0.,-1.));
#5897=DIRECTION('center_axis',(0.,0.,1.));
#5898=DIRECTION('ref_axis',(-0.939692620785908,0.342020143325669,0.));
#5899=DIRECTION('center_axis',(0.,0.,1.));
#5900=DIRECTION('ref_axis',(-0.939692620785908,0.342020143325669,0.));
#5901=DIRECTION('',(0.,0.,1.));
#5902=DIRECTION('center_axis',(0.,0.,-1.));
#5903=DIRECTION('ref_axis',(-0.939692620785908,0.342020143325669,0.));
#5904=DIRECTION('center_axis',(0.,0.,1.));
#5905=DIRECTION('ref_axis',(-0.939692620785908,0.342020143325669,0.));
#5906=DIRECTION('center_axis',(0.,0.,-1.));
#5907=DIRECTION('ref_axis',(-0.939692620785908,0.342020143325669,0.));
#5908=DIRECTION('center_axis',(0.,0.,1.));
#5909=DIRECTION('ref_axis',(-0.939692620785908,0.342020143325669,0.));
#5910=DIRECTION('center_axis',(0.,0.,1.));
#5911=DIRECTION('ref_axis',(1.,0.,0.));
#5912=DIRECTION('center_axis',(0.,0.,1.));
#5913=DIRECTION('ref_axis',(1.,0.,0.));
#5914=DIRECTION('',(0.,0.,1.));
#5915=DIRECTION('center_axis',(0.,0.,-1.));
#5916=DIRECTION('ref_axis',(1.,0.,0.));
#5917=DIRECTION('center_axis',(0.,0.,1.));
#5918=DIRECTION('ref_axis',(-0.933060310978895,-0.359719968970265,0.));
#5919=DIRECTION('center_axis',(0.,0.,1.));
#5920=DIRECTION('ref_axis',(-0.933060310978895,-0.359719968970265,0.));
#5921=DIRECTION('',(0.,0.,-1.));
#5922=DIRECTION('center_axis',(0.,0.,-1.));
#5923=DIRECTION('ref_axis',(-0.933060310978895,-0.359719968970265,0.));
#5924=DIRECTION('center_axis',(0.,0.,1.));
#5925=DIRECTION('ref_axis',(-0.866025403784439,0.5,0.));
#5926=DIRECTION('center_axis',(0.,0.,-1.));
#5927=DIRECTION('ref_axis',(-0.866025403784439,0.5,0.));
#5928=DIRECTION('',(0.,0.,-1.));
#5929=DIRECTION('center_axis',(0.,0.,1.));
#5930=DIRECTION('ref_axis',(-0.866025403784439,0.5,0.));
#5931=DIRECTION('center_axis',(0.,0.,-1.));
#5932=DIRECTION('ref_axis',(0.155003524112646,-0.987913917055864,0.));
#5933=DIRECTION('center_axis',(0.,0.,-1.));
#5934=DIRECTION('ref_axis',(0.155003524112646,-0.987913917055864,0.));
#5935=DIRECTION('',(0.,0.,1.));
#5936=DIRECTION('center_axis',(0.,0.,1.));
#5937=DIRECTION('ref_axis',(0.155003524112646,-0.987913917055864,0.));
#5938=DIRECTION('',(0.,0.,-1.));
#5939=DIRECTION('center_axis',(0.,0.,1.));
#5940=DIRECTION('ref_axis',(-0.866025403784439,0.5,0.));
#5941=DIRECTION('center_axis',(0.,0.,1.));
#5942=DIRECTION('ref_axis',(-0.866025403784439,0.5,0.));
#5943=DIRECTION('',(0.,0.,1.));
#5944=DIRECTION('center_axis',(0.,0.,-1.));
#5945=DIRECTION('ref_axis',(-0.866025403784439,0.5,0.));
#5946=DIRECTION('center_axis',(0.,0.,1.));
#5947=DIRECTION('ref_axis',(-0.866025403784439,0.5,0.));
#5948=DIRECTION('center_axis',(0.,0.,-1.));
#5949=DIRECTION('ref_axis',(-0.866025403784439,0.5,0.));
#5950=DIRECTION('center_axis',(0.,0.,1.));
#5951=DIRECTION('ref_axis',(-0.866025403784439,0.5,0.));
#5952=DIRECTION('center_axis',(0.,0.,1.));
#5953=DIRECTION('ref_axis',(1.,0.,0.));
#5954=DIRECTION('center_axis',(0.,0.,1.));
#5955=DIRECTION('ref_axis',(1.,0.,0.));
#5956=DIRECTION('',(0.,0.,1.));
#5957=DIRECTION('center_axis',(0.,0.,-1.));
#5958=DIRECTION('ref_axis',(1.,0.,0.));
#5959=DIRECTION('center_axis',(0.,0.,1.));
#5960=DIRECTION('ref_axis',(-0.981349745362088,-0.192230791700409,0.));
#5961=DIRECTION('center_axis',(0.,0.,1.));
#5962=DIRECTION('ref_axis',(-0.981349745362088,-0.192230791700409,0.));
#5963=DIRECTION('',(0.,0.,-1.));
#5964=DIRECTION('center_axis',(0.,0.,-1.));
#5965=DIRECTION('ref_axis',(-0.981349745362088,-0.192230791700409,0.));
#5966=DIRECTION('center_axis',(0.,0.,1.));
#5967=DIRECTION('ref_axis',(-0.766044443118978,0.642787609686539,0.));
#5968=DIRECTION('center_axis',(0.,0.,-1.));
#5969=DIRECTION('ref_axis',(-0.766044443118978,0.642787609686539,0.));
#5970=DIRECTION('',(0.,0.,-1.));
#5971=DIRECTION('center_axis',(0.,0.,1.));
#5972=DIRECTION('ref_axis',(-0.766044443118978,0.642787609686539,0.));
#5973=DIRECTION('center_axis',(0.,0.,-1.));
#5974=DIRECTION('ref_axis',(-0.0189007790981938,-0.999821364319388,0.));
#5975=DIRECTION('center_axis',(0.,0.,-1.));
#5976=DIRECTION('ref_axis',(-0.0189007790981938,-0.999821364319388,0.));
#5977=DIRECTION('',(0.,0.,1.));
#5978=DIRECTION('center_axis',(0.,0.,1.));
#5979=DIRECTION('ref_axis',(-0.0189007790981938,-0.999821364319388,0.));
#5980=DIRECTION('',(0.,0.,-1.));
#5981=DIRECTION('center_axis',(0.,0.,1.));
#5982=DIRECTION('ref_axis',(-0.766044443118978,0.642787609686539,0.));
#5983=DIRECTION('center_axis',(0.,0.,1.));
#5984=DIRECTION('ref_axis',(-0.766044443118978,0.642787609686539,0.));
#5985=DIRECTION('',(0.,0.,1.));
#5986=DIRECTION('center_axis',(0.,0.,-1.));
#5987=DIRECTION('ref_axis',(-0.766044443118978,0.642787609686539,0.));
#5988=DIRECTION('center_axis',(0.,0.,1.));
#5989=DIRECTION('ref_axis',(-0.766044443118978,0.642787609686539,0.));
#5990=DIRECTION('center_axis',(0.,0.,-1.));
#5991=DIRECTION('ref_axis',(-0.766044443118978,0.642787609686539,0.));
#5992=DIRECTION('center_axis',(0.,0.,1.));
#5993=DIRECTION('ref_axis',(-0.766044443118978,0.642787609686539,0.));
#5994=DIRECTION('center_axis',(0.,0.,1.));
#5995=DIRECTION('ref_axis',(1.,0.,0.));
#5996=DIRECTION('center_axis',(0.,0.,1.));
#5997=DIRECTION('ref_axis',(1.,0.,0.));
#5998=DIRECTION('',(0.,0.,1.));
#5999=DIRECTION('center_axis',(0.,0.,-1.));
#6000=DIRECTION('ref_axis',(1.,0.,0.));
#6001=DIRECTION('center_axis',(0.,0.,1.));
#6002=DIRECTION('ref_axis',(-0.999821364319388,-0.0189007790981936,0.));
#6003=DIRECTION('center_axis',(0.,0.,1.));
#6004=DIRECTION('ref_axis',(-0.999821364319388,-0.0189007790981936,0.));
#6005=DIRECTION('',(0.,0.,-1.));
#6006=DIRECTION('center_axis',(0.,0.,-1.));
#6007=DIRECTION('ref_axis',(-0.999821364319388,-0.0189007790981936,0.));
#6008=DIRECTION('center_axis',(0.,0.,1.));
#6009=DIRECTION('ref_axis',(-0.642787609686539,0.766044443118978,0.));
#6010=DIRECTION('center_axis',(0.,0.,-1.));
#6011=DIRECTION('ref_axis',(-0.642787609686539,0.766044443118978,0.));
#6012=DIRECTION('',(0.,0.,-1.));
#6013=DIRECTION('center_axis',(0.,0.,1.));
#6014=DIRECTION('ref_axis',(-0.642787609686539,0.766044443118978,0.));
#6015=DIRECTION('center_axis',(0.,0.,-1.));
#6016=DIRECTION('ref_axis',(-0.192230791700399,-0.981349745362089,0.));
#6017=DIRECTION('center_axis',(0.,0.,-1.));
#6018=DIRECTION('ref_axis',(-0.192230791700399,-0.981349745362089,0.));
#6019=DIRECTION('',(0.,0.,1.));
#6020=DIRECTION('center_axis',(0.,0.,1.));
#6021=DIRECTION('ref_axis',(-0.192230791700399,-0.981349745362089,0.));
#6022=DIRECTION('',(0.,0.,-1.));
#6023=DIRECTION('center_axis',(0.,0.,1.));
#6024=DIRECTION('ref_axis',(-0.642787609686539,0.766044443118978,0.));
#6025=DIRECTION('center_axis',(0.,0.,1.));
#6026=DIRECTION('ref_axis',(-0.642787609686539,0.766044443118978,0.));
#6027=DIRECTION('',(0.,0.,1.));
#6028=DIRECTION('center_axis',(0.,0.,-1.));
#6029=DIRECTION('ref_axis',(-0.642787609686539,0.766044443118978,0.));
#6030=DIRECTION('center_axis',(0.,0.,1.));
#6031=DIRECTION('ref_axis',(-0.642787609686539,0.766044443118978,0.));
#6032=DIRECTION('center_axis',(0.,0.,-1.));
#6033=DIRECTION('ref_axis',(-0.642787609686539,0.766044443118978,0.));
#6034=DIRECTION('center_axis',(0.,0.,1.));
#6035=DIRECTION('ref_axis',(-0.642787609686539,0.766044443118978,0.));
#6036=DIRECTION('center_axis',(0.,0.,1.));
#6037=DIRECTION('ref_axis',(1.,0.,0.));
#6038=DIRECTION('center_axis',(0.,0.,1.));
#6039=DIRECTION('ref_axis',(1.,0.,0.));
#6040=DIRECTION('',(0.,0.,1.));
#6041=DIRECTION('center_axis',(0.,0.,-1.));
#6042=DIRECTION('ref_axis',(1.,0.,0.));
#6043=DIRECTION('center_axis',(0.,0.,1.));
#6044=DIRECTION('ref_axis',(-0.987913917055864,0.155003524112645,0.));
#6045=DIRECTION('center_axis',(0.,0.,1.));
#6046=DIRECTION('ref_axis',(-0.987913917055864,0.155003524112645,0.));
#6047=DIRECTION('',(0.,0.,-1.));
#6048=DIRECTION('center_axis',(0.,0.,-1.));
#6049=DIRECTION('ref_axis',(-0.987913917055864,0.155003524112645,0.));
#6050=DIRECTION('center_axis',(0.,0.,1.));
#6051=DIRECTION('ref_axis',(-0.5,0.866025403784439,0.));
#6052=DIRECTION('center_axis',(0.,0.,-1.));
#6053=DIRECTION('ref_axis',(-0.5,0.866025403784439,0.));
#6054=DIRECTION('',(0.,0.,-1.));
#6055=DIRECTION('center_axis',(0.,0.,1.));
#6056=DIRECTION('ref_axis',(-0.5,0.866025403784439,0.));
#6057=DIRECTION('center_axis',(0.,0.,-1.));
#6058=DIRECTION('ref_axis',(-0.359719968970267,-0.933060310978894,0.));
#6059=DIRECTION('center_axis',(0.,0.,-1.));
#6060=DIRECTION('ref_axis',(-0.359719968970267,-0.933060310978894,0.));
#6061=DIRECTION('',(0.,0.,1.));
#6062=DIRECTION('center_axis',(0.,0.,1.));
#6063=DIRECTION('ref_axis',(-0.359719968970267,-0.933060310978894,0.));
#6064=DIRECTION('',(0.,0.,-1.));
#6065=DIRECTION('center_axis',(0.,0.,1.));
#6066=DIRECTION('ref_axis',(-0.5,0.866025403784439,0.));
#6067=DIRECTION('center_axis',(0.,0.,1.));
#6068=DIRECTION('ref_axis',(-0.5,0.866025403784439,0.));
#6069=DIRECTION('',(0.,0.,1.));
#6070=DIRECTION('center_axis',(0.,0.,-1.));
#6071=DIRECTION('ref_axis',(-0.5,0.866025403784439,0.));
#6072=DIRECTION('center_axis',(0.,0.,1.));
#6073=DIRECTION('ref_axis',(-0.5,0.866025403784439,0.));
#6074=DIRECTION('center_axis',(0.,0.,-1.));
#6075=DIRECTION('ref_axis',(-0.5,0.866025403784439,0.));
#6076=DIRECTION('center_axis',(0.,0.,1.));
#6077=DIRECTION('ref_axis',(-0.5,0.866025403784439,0.));
#6078=DIRECTION('center_axis',(0.,0.,1.));
#6079=DIRECTION('ref_axis',(1.,0.,0.));
#6080=DIRECTION('center_axis',(0.,0.,1.));
#6081=DIRECTION('ref_axis',(1.,0.,0.));
#6082=DIRECTION('',(0.,0.,1.));
#6083=DIRECTION('center_axis',(0.,0.,-1.));
#6084=DIRECTION('ref_axis',(1.,0.,0.));
#6085=DIRECTION('center_axis',(0.,0.,1.));
#6086=DIRECTION('ref_axis',(-0.945989205331159,0.324198123678904,0.));
#6087=DIRECTION('center_axis',(0.,0.,1.));
#6088=DIRECTION('ref_axis',(-0.945989205331159,0.324198123678904,0.));
#6089=DIRECTION('',(0.,0.,-1.));
#6090=DIRECTION('center_axis',(0.,0.,-1.));
#6091=DIRECTION('ref_axis',(-0.945989205331159,0.324198123678904,0.));
#6092=DIRECTION('center_axis',(0.,0.,1.));
#6093=DIRECTION('ref_axis',(-0.342020143325669,0.939692620785909,0.));
#6094=DIRECTION('center_axis',(0.,0.,-1.));
#6095=DIRECTION('ref_axis',(-0.342020143325669,0.939692620785909,0.));
#6096=DIRECTION('',(0.,0.,-1.));
#6097=DIRECTION('center_axis',(0.,0.,1.));
#6098=DIRECTION('ref_axis',(-0.342020143325669,0.939692620785909,0.));
#6099=DIRECTION('center_axis',(0.,0.,-1.));
#6100=DIRECTION('ref_axis',(-0.516279237010058,-0.856420311197903,0.));
#6101=DIRECTION('center_axis',(0.,0.,-1.));
#6102=DIRECTION('ref_axis',(-0.516279237010058,-0.856420311197903,0.));
#6103=DIRECTION('',(0.,0.,1.));
#6104=DIRECTION('center_axis',(0.,0.,1.));
#6105=DIRECTION('ref_axis',(-0.516279237010058,-0.856420311197903,0.));
#6106=DIRECTION('',(0.,0.,-1.));
#6107=DIRECTION('center_axis',(0.,0.,1.));
#6108=DIRECTION('ref_axis',(-0.342020143325669,0.939692620785909,0.));
#6109=DIRECTION('center_axis',(0.,0.,1.));
#6110=DIRECTION('ref_axis',(-0.342020143325669,0.939692620785909,0.));
#6111=DIRECTION('',(0.,0.,1.));
#6112=DIRECTION('center_axis',(0.,0.,-1.));
#6113=DIRECTION('ref_axis',(-0.342020143325669,0.939692620785909,0.));
#6114=DIRECTION('center_axis',(0.,0.,1.));
#6115=DIRECTION('ref_axis',(-0.342020143325669,0.939692620785908,0.));
#6116=DIRECTION('center_axis',(0.,0.,-1.));
#6117=DIRECTION('ref_axis',(-0.342020143325669,0.939692620785908,0.));
#6118=DIRECTION('center_axis',(0.,0.,1.));
#6119=DIRECTION('ref_axis',(-0.342020143325669,0.939692620785908,0.));
#6120=DIRECTION('center_axis',(0.,0.,1.));
#6121=DIRECTION('ref_axis',(1.,0.,0.));
#6122=DIRECTION('center_axis',(0.,0.,1.));
#6123=DIRECTION('ref_axis',(1.,0.,0.));
#6124=DIRECTION('',(0.,0.,1.));
#6125=DIRECTION('center_axis',(0.,0.,-1.));
#6126=DIRECTION('ref_axis',(1.,0.,0.));
#6127=DIRECTION('center_axis',(0.,0.,1.));
#6128=DIRECTION('ref_axis',(-0.875321090296102,0.483542127309341,0.));
#6129=DIRECTION('center_axis',(0.,0.,1.));
#6130=DIRECTION('ref_axis',(-0.875321090296102,0.483542127309341,0.));
#6131=DIRECTION('',(0.,0.,-1.));
#6132=DIRECTION('center_axis',(0.,0.,-1.));
#6133=DIRECTION('ref_axis',(-0.875321090296102,0.483542127309341,0.));
#6134=DIRECTION('center_axis',(0.,0.,1.));
#6135=DIRECTION('ref_axis',(-0.17364817766693,0.984807753012208,0.));
#6136=DIRECTION('center_axis',(0.,0.,-1.));
#6137=DIRECTION('ref_axis',(-0.17364817766693,0.984807753012208,0.));
#6138=DIRECTION('',(0.,0.,-1.));
#6139=DIRECTION('center_axis',(0.,0.,1.));
#6140=DIRECTION('ref_axis',(-0.17364817766693,0.984807753012208,0.));
#6141=DIRECTION('center_axis',(0.,0.,-1.));
#6142=DIRECTION('ref_axis',(-0.657151621683185,-0.75375841363076,0.));
#6143=DIRECTION('center_axis',(0.,0.,-1.));
#6144=DIRECTION('ref_axis',(-0.657151621683185,-0.75375841363076,0.));
#6145=DIRECTION('',(0.,0.,1.));
#6146=DIRECTION('center_axis',(0.,0.,1.));
#6147=DIRECTION('ref_axis',(-0.657151621683185,-0.75375841363076,0.));
#6148=DIRECTION('',(0.,0.,-1.));
#6149=DIRECTION('center_axis',(0.,0.,1.));
#6150=DIRECTION('ref_axis',(-0.17364817766693,0.984807753012208,0.));
#6151=DIRECTION('center_axis',(0.,0.,1.));
#6152=DIRECTION('ref_axis',(-0.17364817766693,0.984807753012208,0.));
#6153=DIRECTION('',(0.,0.,1.));
#6154=DIRECTION('center_axis',(0.,0.,-1.));
#6155=DIRECTION('ref_axis',(-0.17364817766693,0.984807753012208,0.));
#6156=DIRECTION('center_axis',(0.,0.,1.));
#6157=DIRECTION('ref_axis',(-0.17364817766693,0.984807753012208,0.));
#6158=DIRECTION('center_axis',(0.,0.,-1.));
#6159=DIRECTION('ref_axis',(-0.17364817766693,0.984807753012208,0.));
#6160=DIRECTION('center_axis',(0.,0.,1.));
#6161=DIRECTION('ref_axis',(-0.17364817766693,0.984807753012208,0.));
#6162=DIRECTION('center_axis',(0.,0.,1.));
#6163=DIRECTION('ref_axis',(1.,0.,0.));
#6164=DIRECTION('center_axis',(0.,0.,1.));
#6165=DIRECTION('ref_axis',(1.,0.,0.));
#6166=DIRECTION('',(0.,0.,1.));
#6167=DIRECTION('center_axis',(0.,0.,-1.));
#6168=DIRECTION('ref_axis',(1.,0.,0.));
#6169=DIRECTION('center_axis',(0.,0.,1.));
#6170=DIRECTION('ref_axis',(-0.778056786866243,0.628193948085603,0.));
#6171=DIRECTION('center_axis',(0.,0.,1.));
#6172=DIRECTION('ref_axis',(-0.778056786866243,0.628193948085603,0.));
#6173=DIRECTION('',(0.,0.,-1.));
#6174=DIRECTION('center_axis',(0.,0.,-1.));
#6175=DIRECTION('ref_axis',(-0.778056786866243,0.628193948085603,0.));
#6176=DIRECTION('center_axis',(0.,0.,1.));
#6177=DIRECTION('ref_axis',(6.12323399573677E-17,1.,0.));
#6178=DIRECTION('center_axis',(0.,0.,-1.));
#6179=DIRECTION('ref_axis',(6.12323399573677E-17,1.,0.));
#6180=DIRECTION('',(0.,0.,-1.));
#6181=DIRECTION('center_axis',(0.,0.,1.));
#6182=DIRECTION('ref_axis',(6.12323399573677E-17,1.,0.));
#6183=DIRECTION('center_axis',(0.,0.,-1.));
#6184=DIRECTION('ref_axis',(-0.778056786866243,-0.628193948085603,0.));
#6185=DIRECTION('center_axis',(0.,0.,-1.));
#6186=DIRECTION('ref_axis',(-0.778056786866243,-0.628193948085603,0.));
#6187=DIRECTION('',(0.,0.,1.));
#6188=DIRECTION('center_axis',(0.,0.,1.));
#6189=DIRECTION('ref_axis',(-0.778056786866243,-0.628193948085603,0.));
#6190=DIRECTION('',(0.,0.,-1.));
#6191=DIRECTION('center_axis',(0.,0.,1.));
#6192=DIRECTION('ref_axis',(6.12323399573677E-17,1.,0.));
#6193=DIRECTION('center_axis',(0.,0.,1.));
#6194=DIRECTION('ref_axis',(6.12323399573677E-17,1.,0.));
#6195=DIRECTION('',(0.,0.,1.));
#6196=DIRECTION('center_axis',(0.,0.,-1.));
#6197=DIRECTION('ref_axis',(6.12323399573677E-17,1.,0.));
#6198=DIRECTION('center_axis',(0.,0.,1.));
#6199=DIRECTION('ref_axis',(6.12323399573677E-17,1.,0.));
#6200=DIRECTION('center_axis',(0.,0.,-1.));
#6201=DIRECTION('ref_axis',(6.12323399573677E-17,1.,0.));
#6202=DIRECTION('center_axis',(0.,0.,1.));
#6203=DIRECTION('ref_axis',(6.12323399573677E-17,1.,0.));
#6204=DIRECTION('center_axis',(0.,0.,1.));
#6205=DIRECTION('ref_axis',(1.,0.,0.));
#6206=DIRECTION('center_axis',(0.,0.,1.));
#6207=DIRECTION('ref_axis',(1.,0.,0.));
#6208=DIRECTION('',(0.,0.,1.));
#6209=DIRECTION('center_axis',(0.,0.,-1.));
#6210=DIRECTION('ref_axis',(1.,0.,0.));
#6211=DIRECTION('center_axis',(0.,0.,1.));
#6212=DIRECTION('ref_axis',(-0.657151621683186,0.753758413630759,0.));
#6213=DIRECTION('center_axis',(0.,0.,1.));
#6214=DIRECTION('ref_axis',(-0.657151621683186,0.753758413630759,0.));
#6215=DIRECTION('',(0.,0.,-1.));
#6216=DIRECTION('center_axis',(0.,0.,-1.));
#6217=DIRECTION('ref_axis',(-0.657151621683186,0.753758413630759,0.));
#6218=DIRECTION('center_axis',(0.,0.,1.));
#6219=DIRECTION('ref_axis',(0.17364817766693,0.984807753012208,0.));
#6220=DIRECTION('center_axis',(0.,0.,-1.));
#6221=DIRECTION('ref_axis',(0.17364817766693,0.984807753012208,0.));
#6222=DIRECTION('',(0.,0.,-1.));
#6223=DIRECTION('center_axis',(0.,0.,1.));
#6224=DIRECTION('ref_axis',(0.17364817766693,0.984807753012208,0.));
#6225=DIRECTION('center_axis',(0.,0.,-1.));
#6226=DIRECTION('ref_axis',(-0.875321090296109,-0.483542127309328,0.));
#6227=DIRECTION('center_axis',(0.,0.,-1.));
#6228=DIRECTION('ref_axis',(-0.875321090296109,-0.483542127309328,0.));
#6229=DIRECTION('',(0.,0.,1.));
#6230=DIRECTION('center_axis',(0.,0.,1.));
#6231=DIRECTION('ref_axis',(-0.875321090296109,-0.483542127309328,0.));
#6232=DIRECTION('',(0.,0.,-1.));
#6233=DIRECTION('center_axis',(0.,0.,1.));
#6234=DIRECTION('ref_axis',(0.17364817766693,0.984807753012208,0.));
#6235=DIRECTION('center_axis',(0.,0.,1.));
#6236=DIRECTION('ref_axis',(0.17364817766693,0.984807753012208,0.));
#6237=DIRECTION('',(0.,0.,1.));
#6238=DIRECTION('center_axis',(0.,0.,-1.));
#6239=DIRECTION('ref_axis',(0.17364817766693,0.984807753012208,0.));
#6240=DIRECTION('center_axis',(0.,0.,1.));
#6241=DIRECTION('ref_axis',(0.17364817766693,0.984807753012208,0.));
#6242=DIRECTION('center_axis',(0.,0.,-1.));
#6243=DIRECTION('ref_axis',(0.17364817766693,0.984807753012208,0.));
#6244=DIRECTION('center_axis',(0.,0.,1.));
#6245=DIRECTION('ref_axis',(0.17364817766693,0.984807753012208,0.));
#6246=DIRECTION('center_axis',(0.,0.,1.));
#6247=DIRECTION('ref_axis',(1.,0.,0.));
#6248=DIRECTION('center_axis',(0.,0.,1.));
#6249=DIRECTION('ref_axis',(1.,0.,0.));
#6250=DIRECTION('',(0.,0.,1.));
#6251=DIRECTION('center_axis',(0.,0.,-1.));
#6252=DIRECTION('ref_axis',(1.,0.,0.));
#6253=DIRECTION('center_axis',(0.,0.,1.));
#6254=DIRECTION('ref_axis',(-0.516279237010033,0.856420311197918,0.));
#6255=DIRECTION('center_axis',(0.,0.,1.));
#6256=DIRECTION('ref_axis',(-0.516279237010033,0.856420311197918,0.));
#6257=DIRECTION('',(0.,0.,-1.));
#6258=DIRECTION('center_axis',(0.,0.,-1.));
#6259=DIRECTION('ref_axis',(-0.516279237010033,0.856420311197918,0.));
#6260=DIRECTION('center_axis',(0.,0.,1.));
#6261=DIRECTION('ref_axis',(0.342020143325669,0.939692620785908,0.));
#6262=DIRECTION('center_axis',(0.,0.,-1.));
#6263=DIRECTION('ref_axis',(0.342020143325669,0.939692620785908,0.));
#6264=DIRECTION('',(0.,0.,-1.));
#6265=DIRECTION('center_axis',(0.,0.,1.));
#6266=DIRECTION('ref_axis',(0.342020143325669,0.939692620785908,0.));
#6267=DIRECTION('center_axis',(0.,0.,-1.));
#6268=DIRECTION('ref_axis',(-0.945989205331159,-0.324198123678904,0.));
#6269=DIRECTION('center_axis',(0.,0.,-1.));
#6270=DIRECTION('ref_axis',(-0.945989205331159,-0.324198123678904,0.));
#6271=DIRECTION('',(0.,0.,1.));
#6272=DIRECTION('center_axis',(0.,0.,1.));
#6273=DIRECTION('ref_axis',(-0.945989205331159,-0.324198123678904,0.));
#6274=DIRECTION('',(0.,0.,-1.));
#6275=DIRECTION('center_axis',(0.,0.,1.));
#6276=DIRECTION('ref_axis',(0.342020143325669,0.939692620785908,0.));
#6277=DIRECTION('center_axis',(0.,0.,1.));
#6278=DIRECTION('ref_axis',(0.342020143325669,0.939692620785908,0.));
#6279=DIRECTION('',(0.,0.,1.));
#6280=DIRECTION('center_axis',(0.,0.,-1.));
#6281=DIRECTION('ref_axis',(0.342020143325669,0.939692620785908,0.));
#6282=DIRECTION('center_axis',(0.,0.,1.));
#6283=DIRECTION('ref_axis',(0.342020143325669,0.939692620785908,0.));
#6284=DIRECTION('center_axis',(0.,0.,-1.));
#6285=DIRECTION('ref_axis',(0.342020143325669,0.939692620785908,0.));
#6286=DIRECTION('center_axis',(0.,0.,1.));
#6287=DIRECTION('ref_axis',(0.342020143325669,0.939692620785908,0.));
#6288=DIRECTION('center_axis',(0.,0.,1.));
#6289=DIRECTION('ref_axis',(1.,0.,0.));
#6290=DIRECTION('center_axis',(0.,0.,1.));
#6291=DIRECTION('ref_axis',(1.,0.,0.));
#6292=DIRECTION('',(0.,0.,1.));
#6293=DIRECTION('center_axis',(0.,0.,-1.));
#6294=DIRECTION('ref_axis',(1.,0.,0.));
#6295=DIRECTION('center_axis',(0.,0.,1.));
#6296=DIRECTION('ref_axis',(-0.359719968970263,0.933060310978895,0.));
#6297=DIRECTION('center_axis',(0.,0.,1.));
#6298=DIRECTION('ref_axis',(-0.359719968970263,0.933060310978895,0.));
#6299=DIRECTION('',(0.,0.,-1.));
#6300=DIRECTION('center_axis',(0.,0.,-1.));
#6301=DIRECTION('ref_axis',(-0.359719968970263,0.933060310978895,0.));
#6302=DIRECTION('center_axis',(0.,0.,1.));
#6303=DIRECTION('ref_axis',(0.5,0.866025403784439,0.));
#6304=DIRECTION('center_axis',(0.,0.,-1.));
#6305=DIRECTION('ref_axis',(0.5,0.866025403784439,0.));
#6306=DIRECTION('',(0.,0.,-1.));
#6307=DIRECTION('center_axis',(0.,0.,1.));
#6308=DIRECTION('ref_axis',(0.5,0.866025403784439,0.));
#6309=DIRECTION('center_axis',(0.,0.,-1.));
#6310=DIRECTION('ref_axis',(-0.987913917055864,-0.155003524112646,0.));
#6311=DIRECTION('center_axis',(0.,0.,-1.));
#6312=DIRECTION('ref_axis',(-0.987913917055864,-0.155003524112646,0.));
#6313=DIRECTION('',(0.,0.,1.));
#6314=DIRECTION('center_axis',(0.,0.,1.));
#6315=DIRECTION('ref_axis',(-0.987913917055864,-0.155003524112646,0.));
#6316=DIRECTION('',(0.,0.,-1.));
#6317=DIRECTION('center_axis',(0.,0.,1.));
#6318=DIRECTION('ref_axis',(0.5,0.866025403784439,0.));
#6319=DIRECTION('center_axis',(0.,0.,1.));
#6320=DIRECTION('ref_axis',(0.5,0.866025403784439,0.));
#6321=DIRECTION('',(0.,0.,1.));
#6322=DIRECTION('center_axis',(0.,0.,-1.));
#6323=DIRECTION('ref_axis',(0.5,0.866025403784439,0.));
#6324=DIRECTION('center_axis',(0.,0.,1.));
#6325=DIRECTION('ref_axis',(0.5,0.866025403784438,0.));
#6326=DIRECTION('center_axis',(0.,0.,-1.));
#6327=DIRECTION('ref_axis',(0.5,0.866025403784438,0.));
#6328=DIRECTION('center_axis',(0.,0.,1.));
#6329=DIRECTION('ref_axis',(0.5,0.866025403784438,0.));
#6330=DIRECTION('center_axis',(0.,0.,1.));
#6331=DIRECTION('ref_axis',(1.,0.,0.));
#6332=DIRECTION('center_axis',(0.,0.,1.));
#6333=DIRECTION('ref_axis',(1.,0.,0.));
#6334=DIRECTION('',(0.,0.,1.));
#6335=DIRECTION('center_axis',(0.,0.,-1.));
#6336=DIRECTION('ref_axis',(1.,0.,0.));
#6337=DIRECTION('center_axis',(0.,0.,1.));
#6338=DIRECTION('ref_axis',(-0.192230791700399,0.981349745362089,0.));
#6339=DIRECTION('center_axis',(0.,0.,1.));
#6340=DIRECTION('ref_axis',(-0.192230791700399,0.981349745362089,0.));
#6341=DIRECTION('',(0.,0.,-1.));
#6342=DIRECTION('center_axis',(0.,0.,-1.));
#6343=DIRECTION('ref_axis',(-0.192230791700399,0.981349745362089,0.));
#6344=DIRECTION('center_axis',(0.,0.,1.));
#6345=DIRECTION('ref_axis',(0.642787609686539,0.766044443118978,0.));
#6346=DIRECTION('center_axis',(0.,0.,-1.));
#6347=DIRECTION('ref_axis',(0.642787609686539,0.766044443118978,0.));
#6348=DIRECTION('',(0.,0.,-1.));
#6349=DIRECTION('center_axis',(0.,0.,1.));
#6350=DIRECTION('ref_axis',(0.642787609686539,0.766044443118978,0.));
#6351=DIRECTION('center_axis',(0.,0.,-1.));
#6352=DIRECTION('ref_axis',(-0.999821364319388,0.0189007790981936,0.));
#6353=DIRECTION('center_axis',(0.,0.,-1.));
#6354=DIRECTION('ref_axis',(-0.999821364319388,0.0189007790981936,0.));
#6355=DIRECTION('',(0.,0.,1.));
#6356=DIRECTION('center_axis',(0.,0.,1.));
#6357=DIRECTION('ref_axis',(-0.999821364319388,0.0189007790981936,0.));
#6358=DIRECTION('',(0.,0.,-1.));
#6359=DIRECTION('center_axis',(0.,0.,1.));
#6360=DIRECTION('ref_axis',(0.642787609686539,0.766044443118978,0.));
#6361=DIRECTION('center_axis',(0.,0.,1.));
#6362=DIRECTION('ref_axis',(0.642787609686539,0.766044443118978,0.));
#6363=DIRECTION('',(0.,0.,1.));
#6364=DIRECTION('center_axis',(0.,0.,-1.));
#6365=DIRECTION('ref_axis',(0.642787609686539,0.766044443118978,0.));
#6366=DIRECTION('center_axis',(0.,0.,1.));
#6367=DIRECTION('ref_axis',(0.642787609686539,0.766044443118978,0.));
#6368=DIRECTION('center_axis',(0.,0.,-1.));
#6369=DIRECTION('ref_axis',(0.642787609686539,0.766044443118978,0.));
#6370=DIRECTION('center_axis',(0.,0.,1.));
#6371=DIRECTION('ref_axis',(0.642787609686539,0.766044443118978,0.));
#6372=DIRECTION('center_axis',(0.,0.,1.));
#6373=DIRECTION('ref_axis',(1.,0.,0.));
#6374=DIRECTION('center_axis',(0.,0.,1.));
#6375=DIRECTION('ref_axis',(1.,0.,0.));
#6376=DIRECTION('',(0.,0.,1.));
#6377=DIRECTION('center_axis',(0.,0.,-1.));
#6378=DIRECTION('ref_axis',(1.,0.,0.));
#6379=DIRECTION('center_axis',(0.,0.,1.));
#6380=DIRECTION('ref_axis',(-0.0189007790981938,0.999821364319388,0.));
#6381=DIRECTION('center_axis',(0.,0.,1.));
#6382=DIRECTION('ref_axis',(-0.0189007790981938,0.999821364319388,0.));
#6383=DIRECTION('',(0.,0.,-1.));
#6384=DIRECTION('center_axis',(0.,0.,-1.));
#6385=DIRECTION('ref_axis',(-0.0189007790981938,0.999821364319388,0.));
#6386=DIRECTION('center_axis',(0.,0.,1.));
#6387=DIRECTION('ref_axis',(0.766044443118978,0.642787609686539,0.));
#6388=DIRECTION('center_axis',(0.,0.,-1.));
#6389=DIRECTION('ref_axis',(0.766044443118978,0.642787609686539,0.));
#6390=DIRECTION('',(0.,0.,-1.));
#6391=DIRECTION('center_axis',(0.,0.,1.));
#6392=DIRECTION('ref_axis',(0.766044443118978,0.642787609686539,0.));
#6393=DIRECTION('center_axis',(0.,0.,-1.));
#6394=DIRECTION('ref_axis',(-0.981349745362089,0.192230791700399,0.));
#6395=DIRECTION('center_axis',(0.,0.,-1.));
#6396=DIRECTION('ref_axis',(-0.981349745362089,0.192230791700399,0.));
#6397=DIRECTION('',(0.,0.,1.));
#6398=DIRECTION('center_axis',(0.,0.,1.));
#6399=DIRECTION('ref_axis',(-0.981349745362089,0.192230791700399,0.));
#6400=DIRECTION('',(0.,0.,-1.));
#6401=DIRECTION('center_axis',(0.,0.,1.));
#6402=DIRECTION('ref_axis',(0.766044443118978,0.642787609686539,0.));
#6403=DIRECTION('center_axis',(0.,0.,1.));
#6404=DIRECTION('ref_axis',(0.766044443118978,0.642787609686539,0.));
#6405=DIRECTION('',(0.,0.,1.));
#6406=DIRECTION('center_axis',(0.,0.,-1.));
#6407=DIRECTION('ref_axis',(0.766044443118978,0.642787609686539,0.));
#6408=DIRECTION('center_axis',(0.,0.,1.));
#6409=DIRECTION('ref_axis',(0.766044443118978,0.642787609686539,0.));
#6410=DIRECTION('center_axis',(0.,0.,-1.));
#6411=DIRECTION('ref_axis',(0.766044443118978,0.642787609686539,0.));
#6412=DIRECTION('center_axis',(0.,0.,1.));
#6413=DIRECTION('ref_axis',(0.766044443118978,0.642787609686539,0.));
#6414=DIRECTION('center_axis',(0.,0.,1.));
#6415=DIRECTION('ref_axis',(1.,0.,0.));
#6416=DIRECTION('center_axis',(0.,0.,1.));
#6417=DIRECTION('ref_axis',(1.,0.,0.));
#6418=DIRECTION('',(0.,0.,1.));
#6419=DIRECTION('center_axis',(0.,0.,-1.));
#6420=DIRECTION('ref_axis',(1.,0.,0.));
#6421=DIRECTION('center_axis',(0.,0.,1.));
#6422=DIRECTION('ref_axis',(0.155003524112646,0.987913917055864,0.));
#6423=DIRECTION('center_axis',(0.,0.,1.));
#6424=DIRECTION('ref_axis',(0.155003524112646,0.987913917055864,0.));
#6425=DIRECTION('',(0.,0.,-1.));
#6426=DIRECTION('center_axis',(0.,0.,-1.));
#6427=DIRECTION('ref_axis',(0.155003524112646,0.987913917055864,0.));
#6428=DIRECTION('center_axis',(0.,0.,1.));
#6429=DIRECTION('ref_axis',(0.866025403784439,0.5,0.));
#6430=DIRECTION('center_axis',(0.,0.,-1.));
#6431=DIRECTION('ref_axis',(0.866025403784439,0.5,0.));
#6432=DIRECTION('',(0.,0.,-1.));
#6433=DIRECTION('center_axis',(0.,0.,1.));
#6434=DIRECTION('ref_axis',(0.866025403784439,0.5,0.));
#6435=DIRECTION('center_axis',(0.,0.,-1.));
#6436=DIRECTION('ref_axis',(-0.933060310978895,0.359719968970265,0.));
#6437=DIRECTION('center_axis',(0.,0.,-1.));
#6438=DIRECTION('ref_axis',(-0.933060310978895,0.359719968970265,0.));
#6439=DIRECTION('',(0.,0.,1.));
#6440=DIRECTION('center_axis',(0.,0.,1.));
#6441=DIRECTION('ref_axis',(-0.933060310978895,0.359719968970265,0.));
#6442=DIRECTION('',(0.,0.,-1.));
#6443=DIRECTION('center_axis',(0.,0.,1.));
#6444=DIRECTION('ref_axis',(0.866025403784439,0.5,0.));
#6445=DIRECTION('center_axis',(0.,0.,1.));
#6446=DIRECTION('ref_axis',(0.866025403784439,0.5,0.));
#6447=DIRECTION('',(0.,0.,1.));
#6448=DIRECTION('center_axis',(0.,0.,-1.));
#6449=DIRECTION('ref_axis',(0.866025403784439,0.5,0.));
#6450=DIRECTION('center_axis',(0.,0.,1.));
#6451=DIRECTION('ref_axis',(0.866025403784439,0.5,0.));
#6452=DIRECTION('center_axis',(0.,0.,-1.));
#6453=DIRECTION('ref_axis',(0.866025403784439,0.5,0.));
#6454=DIRECTION('center_axis',(0.,0.,1.));
#6455=DIRECTION('ref_axis',(0.866025403784439,0.5,0.));
#6456=DIRECTION('center_axis',(0.,0.,1.));
#6457=DIRECTION('ref_axis',(1.,0.,0.));
#6458=DIRECTION('center_axis',(0.,0.,1.));
#6459=DIRECTION('ref_axis',(1.,0.,0.));
#6460=DIRECTION('',(0.,0.,1.));
#6461=DIRECTION('center_axis',(0.,0.,-1.));
#6462=DIRECTION('ref_axis',(1.,0.,0.));
#6463=DIRECTION('center_axis',(0.,0.,1.));
#6464=DIRECTION('ref_axis',(0.324198123678904,0.945989205331159,0.));
#6465=DIRECTION('center_axis',(0.,0.,1.));
#6466=DIRECTION('ref_axis',(0.324198123678904,0.945989205331159,0.));
#6467=DIRECTION('',(0.,0.,-1.));
#6468=DIRECTION('center_axis',(0.,0.,-1.));
#6469=DIRECTION('ref_axis',(0.324198123678904,0.945989205331159,0.));
#6470=DIRECTION('center_axis',(0.,0.,1.));
#6471=DIRECTION('ref_axis',(0.939692620785909,0.342020143325669,0.));
#6472=DIRECTION('center_axis',(0.,0.,-1.));
#6473=DIRECTION('ref_axis',(0.939692620785909,0.342020143325669,0.));
#6474=DIRECTION('',(0.,0.,-1.));
#6475=DIRECTION('center_axis',(0.,0.,1.));
#6476=DIRECTION('ref_axis',(0.939692620785909,0.342020143325669,0.));
#6477=DIRECTION('center_axis',(0.,0.,-1.));
#6478=DIRECTION('ref_axis',(-0.856420311197912,0.516279237010043,0.));
#6479=DIRECTION('center_axis',(0.,0.,-1.));
#6480=DIRECTION('ref_axis',(-0.856420311197912,0.516279237010043,0.));
#6481=DIRECTION('',(0.,0.,1.));
#6482=DIRECTION('center_axis',(0.,0.,1.));
#6483=DIRECTION('ref_axis',(-0.856420311197912,0.516279237010043,0.));
#6484=DIRECTION('',(0.,0.,-1.));
#6485=DIRECTION('center_axis',(0.,0.,1.));
#6486=DIRECTION('ref_axis',(0.939692620785909,0.342020143325669,0.));
#6487=DIRECTION('center_axis',(0.,0.,1.));
#6488=DIRECTION('ref_axis',(0.939692620785909,0.342020143325669,0.));
#6489=DIRECTION('',(0.,0.,1.));
#6490=DIRECTION('center_axis',(0.,0.,-1.));
#6491=DIRECTION('ref_axis',(0.939692620785909,0.342020143325669,0.));
#6492=DIRECTION('center_axis',(0.,0.,1.));
#6493=DIRECTION('ref_axis',(0.939692620785908,0.342020143325669,0.));
#6494=DIRECTION('center_axis',(0.,0.,-1.));
#6495=DIRECTION('ref_axis',(0.939692620785908,0.342020143325669,0.));
#6496=DIRECTION('center_axis',(0.,0.,1.));
#6497=DIRECTION('ref_axis',(0.939692620785908,0.342020143325669,0.));
#6498=DIRECTION('center_axis',(0.,0.,1.));
#6499=DIRECTION('ref_axis',(1.,0.,0.));
#6500=DIRECTION('center_axis',(0.,0.,1.));
#6501=DIRECTION('ref_axis',(1.,0.,0.));
#6502=DIRECTION('',(0.,0.,1.));
#6503=DIRECTION('center_axis',(0.,0.,-1.));
#6504=DIRECTION('ref_axis',(1.,0.,0.));
#6505=DIRECTION('center_axis',(0.,0.,1.));
#6506=DIRECTION('ref_axis',(0.483542127309336,0.875321090296105,0.));
#6507=DIRECTION('center_axis',(0.,0.,1.));
#6508=DIRECTION('ref_axis',(0.483542127309336,0.875321090296105,0.));
#6509=DIRECTION('',(0.,0.,-1.));
#6510=DIRECTION('center_axis',(0.,0.,-1.));
#6511=DIRECTION('ref_axis',(0.483542127309336,0.875321090296105,0.));
#6512=DIRECTION('center_axis',(0.,0.,1.));
#6513=DIRECTION('ref_axis',(0.984807753012208,0.17364817766693,0.));
#6514=DIRECTION('center_axis',(0.,0.,-1.));
#6515=DIRECTION('ref_axis',(0.984807753012208,0.17364817766693,0.));
#6516=DIRECTION('',(0.,0.,-1.));
#6517=DIRECTION('center_axis',(0.,0.,1.));
#6518=DIRECTION('ref_axis',(0.984807753012208,0.17364817766693,0.));
#6519=DIRECTION('center_axis',(0.,0.,-1.));
#6520=DIRECTION('ref_axis',(-0.753758413630759,0.657151621683187,0.));
#6521=DIRECTION('center_axis',(0.,0.,-1.));
#6522=DIRECTION('ref_axis',(-0.753758413630759,0.657151621683187,0.));
#6523=DIRECTION('',(0.,0.,1.));
#6524=DIRECTION('center_axis',(0.,0.,1.));
#6525=DIRECTION('ref_axis',(-0.753758413630759,0.657151621683187,0.));
#6526=DIRECTION('',(0.,0.,-1.));
#6527=DIRECTION('center_axis',(0.,0.,1.));
#6528=DIRECTION('ref_axis',(0.984807753012208,0.17364817766693,0.));
#6529=DIRECTION('center_axis',(0.,0.,1.));
#6530=DIRECTION('ref_axis',(0.984807753012208,0.17364817766693,0.));
#6531=DIRECTION('',(0.,0.,1.));
#6532=DIRECTION('center_axis',(0.,0.,-1.));
#6533=DIRECTION('ref_axis',(0.984807753012208,0.17364817766693,0.));
#6534=DIRECTION('center_axis',(0.,0.,1.));
#6535=DIRECTION('ref_axis',(0.984807753012208,0.17364817766693,0.));
#6536=DIRECTION('center_axis',(0.,0.,-1.));
#6537=DIRECTION('ref_axis',(0.984807753012208,0.17364817766693,0.));
#6538=DIRECTION('center_axis',(0.,0.,1.));
#6539=DIRECTION('ref_axis',(0.984807753012208,0.17364817766693,0.));
#6540=DIRECTION('center_axis',(0.,0.,1.));
#6541=DIRECTION('ref_axis',(1.,0.,0.));
#6542=DIRECTION('center_axis',(0.,0.,1.));
#6543=DIRECTION('ref_axis',(1.,0.,0.));
#6544=DIRECTION('',(0.,0.,1.));
#6545=DIRECTION('center_axis',(0.,0.,-1.));
#6546=DIRECTION('ref_axis',(1.,0.,0.));
#6547=DIRECTION('center_axis',(0.,0.,1.));
#6548=DIRECTION('ref_axis',(-0.628193948085603,0.778056786866243,0.));
#6549=DIRECTION('center_axis',(0.,0.,1.));
#6550=DIRECTION('ref_axis',(-0.628193948085603,0.778056786866243,0.));
#6551=DIRECTION('center_axis',(0.,0.,-1.));
#6552=DIRECTION('ref_axis',(-0.628193948085603,0.778056786866243,0.));
#6553=DIRECTION('',(0.,0.,1.));
#6554=DIRECTION('center_axis',(0.,0.,-1.));
#6555=DIRECTION('ref_axis',(0.628193948085606,0.778056786866241,0.));
#6556=DIRECTION('center_axis',(0.,0.,-1.));
#6557=DIRECTION('ref_axis',(0.628193948085606,0.778056786866241,0.));
#6558=DIRECTION('center_axis',(0.,0.,1.));
#6559=DIRECTION('ref_axis',(0.628193948085606,0.778056786866241,0.));
#6560=DIRECTION('',(0.,0.,-1.));
#6561=DIRECTION('center_axis',(0.,0.,1.));
#6562=DIRECTION('ref_axis',(1.,0.,0.));
#6563=DIRECTION('center_axis',(0.,0.,-1.));
#6564=DIRECTION('ref_axis',(1.,0.,0.));
#6565=DIRECTION('',(0.,0.,-1.));
#6566=DIRECTION('center_axis',(0.,0.,1.));
#6567=DIRECTION('ref_axis',(1.,0.,0.));
#6568=DIRECTION('center_axis',(0.,0.,1.));
#6569=DIRECTION('ref_axis',(1.,0.,0.));
#6570=DIRECTION('center_axis',(0.,0.,1.));
#6571=DIRECTION('ref_axis',(1.,0.,0.));
#6572=DIRECTION('',(0.,0.,1.));
#6573=DIRECTION('center_axis',(0.,0.,-1.));
#6574=DIRECTION('ref_axis',(1.,0.,0.));
#6575=DIRECTION('center_axis',(0.,0.,1.));
#6576=DIRECTION('ref_axis',(1.,0.,0.));
#6577=DIRECTION('center_axis',(0.,0.,-1.));
#6578=DIRECTION('ref_axis',(1.,0.,0.));
#6579=DIRECTION('center_axis',(0.,0.,1.));
#6580=DIRECTION('ref_axis',(1.,0.,0.));
#6581=DIRECTION('center_axis',(-6.12323399573677E-17,-1.,0.));
#6582=DIRECTION('ref_axis',(-1.,6.12323399573677E-17,0.));
#6583=DIRECTION('',(-6.12323399573677E-17,-1.,0.));
#6584=DIRECTION('center_axis',(0.,0.,-1.));
#6585=DIRECTION('ref_axis',(-1.,0.,0.));
#6586=DIRECTION('center_axis',(0.,0.,1.));
#6587=DIRECTION('ref_axis',(-1.,0.,0.));
#6588=DIRECTION('',(0.707106781186547,8.65956056235493E-17,-0.707106781186548));
#6589=DIRECTION('center_axis',(0.,0.,1.));
#6590=DIRECTION('ref_axis',(-1.,0.,0.));
#6591=DIRECTION('center_axis',(0.,0.,1.));
#6592=DIRECTION('ref_axis',(-1.,0.,0.));
#6593=DIRECTION('center_axis',(0.,0.,-1.));
#6594=DIRECTION('ref_axis',(-1.,0.,0.));
#6595=DIRECTION('',(0.,0.,-1.));
#6596=DIRECTION('',(-0.85155728954581,0.524261559358869,0.));
#6597=DIRECTION('center_axis',(-1.,0.,0.));
#6598=DIRECTION('ref_axis',(0.,1.,0.));
#6599=DIRECTION('',(-1.,0.,0.));
#6600=DIRECTION('center_axis',(0.,0.,-1.));
#6601=DIRECTION('ref_axis',(-1.,0.,0.));
#6602=DIRECTION('center_axis',(0.,0.,-1.));
#6603=DIRECTION('ref_axis',(-1.,0.,0.));
#6604=DIRECTION('',(0.707106781186547,8.65956056235493E-17,-0.707106781186547));
#6605=DIRECTION('center_axis',(0.,0.,1.));
#6606=DIRECTION('ref_axis',(-1.,0.,0.));
#6607=DIRECTION('center_axis',(0.,0.,1.));
#6608=DIRECTION('ref_axis',(-1.,0.,0.));
#6609=DIRECTION('center_axis',(0.,0.,1.));
#6610=DIRECTION('ref_axis',(-1.,0.,0.));
#6611=DIRECTION('center_axis',(0.,0.,1.));
#6612=DIRECTION('ref_axis',(-1.,0.,0.));
#6613=DIRECTION('',(0.,0.,-1.));
#6614=DIRECTION('center_axis',(0.,0.,-1.));
#6615=DIRECTION('ref_axis',(-1.,0.,0.));
#6616=DIRECTION('center_axis',(0.,0.,1.));
#6617=DIRECTION('ref_axis',(-1.,0.,0.));
#6618=DIRECTION('',(-0.707106781186547,-8.65956056235493E-17,-0.707106781186548));
#6619=DIRECTION('center_axis',(0.,0.,1.));
#6620=DIRECTION('ref_axis',(-1.,0.,0.));
#6621=DIRECTION('center_axis',(0.,0.,1.));
#6622=DIRECTION('ref_axis',(-1.,0.,0.));
#6623=DIRECTION('center_axis',(0.,0.,1.));
#6624=DIRECTION('ref_axis',(-1.,0.,0.));
#6625=DIRECTION('',(0.,0.,-1.));
#6626=DIRECTION('center_axis',(0.,0.,1.));
#6627=DIRECTION('ref_axis',(-1.,0.,0.));
#6628=DIRECTION('center_axis',(0.,0.,1.));
#6629=DIRECTION('ref_axis',(-1.,0.,0.));
#6630=DIRECTION('center_axis',(0.,0.,-1.));
#6631=DIRECTION('ref_axis',(-1.,0.,0.));
#6632=DIRECTION('center_axis',(0.,0.,1.));
#6633=DIRECTION('ref_axis',(-1.,0.,0.));
#6634=DIRECTION('center_axis',(0.,0.,-1.));
#6635=DIRECTION('ref_axis',(-0.17364817766693,0.984807753012208,0.));
#6636=DIRECTION('center_axis',(0.,0.,1.));
#6637=DIRECTION('ref_axis',(-0.17364817766693,0.984807753012208,0.));
#6638=DIRECTION('',(0.122787803968973,-0.696364240320019,-0.707106781186547));
#6639=DIRECTION('center_axis',(0.,0.,-1.));
#6640=DIRECTION('ref_axis',(-0.17364817766693,0.984807753012208,0.));
#6641=DIRECTION('center_axis',(0.,0.,1.));
#6642=DIRECTION('ref_axis',(-0.17364817766693,0.984807753012208,0.));
#6643=DIRECTION('',(0.,0.,-1.));
#6644=DIRECTION('center_axis',(0.,0.,1.));
#6645=DIRECTION('ref_axis',(-0.17364817766693,0.984807753012208,0.));
#6646=DIRECTION('center_axis',(0.,0.,1.));
#6647=DIRECTION('ref_axis',(-0.17364817766693,0.984807753012208,0.));
#6648=DIRECTION('center_axis',(0.,0.,1.));
#6649=DIRECTION('ref_axis',(-0.17364817766693,0.984807753012208,0.));
#6650=DIRECTION('center_axis',(0.,0.,1.));
#6651=DIRECTION('ref_axis',(-0.17364817766693,0.984807753012208,0.));
#6652=DIRECTION('',(0.,0.,-1.));
#6653=DIRECTION('center_axis',(0.,0.,1.));
#6654=DIRECTION('ref_axis',(-0.17364817766693,0.984807753012208,0.));
#6655=DIRECTION('',(0.,0.,1.));
#6656=DIRECTION('',(1.,0.,0.));
#6657=CARTESIAN_POINT('',(0.,0.,0.));
#6658=CARTESIAN_POINT('',(0.,0.,0.));
#6659=CARTESIAN_POINT('Origin',(1.19229914995031,10.9906828166929,0.));
#6660=CARTESIAN_POINT('',(1.34223751090328,10.986383059172,3.5));
#6661=CARTESIAN_POINT('',(1.20847664373545,11.1398078940435,3.5));
#6662=CARTESIAN_POINT('Origin',(1.19229914995031,10.9906828166929,3.5));
#6663=CARTESIAN_POINT('',(1.34223751090328,10.986383059172,-3.5));
#6664=CARTESIAN_POINT('',(1.34223751090328,10.986383059172,0.));
#6665=CARTESIAN_POINT('',(1.20847664373545,11.1398078940435,-3.5));
#6666=CARTESIAN_POINT('Origin',(1.19229914995031,10.9906828166929,-3.5));
#6667=CARTESIAN_POINT('',(1.20847664373545,11.1398078940435,0.));
#6668=CARTESIAN_POINT('Origin',(2.34182658392304,10.9577180090327,0.));
#6669=CARTESIAN_POINT('',(1.37568861799196,10.6996919816895,3.5));
#6670=CARTESIAN_POINT('Origin',(2.34182658392304,10.9577180090327,3.5));
#6671=CARTESIAN_POINT('',(1.37568861799196,10.6996919816895,-3.5));
#6672=CARTESIAN_POINT('',(1.37568861799196,10.6996919816895,0.));
#6673=CARTESIAN_POINT('Origin',(2.34182658392304,10.9577180090327,-3.5));
#6674=CARTESIAN_POINT('Origin',(2.63864019923465,10.7356538663979,0.));
#6675=CARTESIAN_POINT('',(2.49627362419086,10.7828953556875,-3.5));
#6676=CARTESIAN_POINT('',(2.67444210803087,10.8813186299014,-3.5));
#6677=CARTESIAN_POINT('Origin',(2.63864019923465,10.7356538663979,-3.5));
#6678=CARTESIAN_POINT('',(2.49627362419086,10.7828953556875,3.5));
#6679=CARTESIAN_POINT('',(2.49627362419086,10.7828953556875,0.));
#6680=CARTESIAN_POINT('',(2.67444210803087,10.8813186299014,3.5));
#6681=CARTESIAN_POINT('Origin',(2.63864019923465,10.7356538663979,3.5));
#6682=CARTESIAN_POINT('',(2.67444210803087,10.8813186299014,0.));
#6683=CARTESIAN_POINT('Origin',(1.54716312389888,11.0978386176181,0.));
#6684=CARTESIAN_POINT('',(2.36678574229173,10.5249348181728,-3.5));
#6685=CARTESIAN_POINT('Origin',(1.54716312389888,11.0978386176181,-3.5));
#6686=CARTESIAN_POINT('',(2.36678574229173,10.5249348181728,3.5));
#6687=CARTESIAN_POINT('',(2.36678574229173,10.5249348181728,0.));
#6688=CARTESIAN_POINT('Origin',(1.54716312389888,11.0978386176181,3.5));
#6689=CARTESIAN_POINT('Origin',(1.91189518908371,10.842896426865,0.));
#6690=CARTESIAN_POINT('Origin',(1.91189518908371,10.842896426865,3.5));
#6691=CARTESIAN_POINT('Origin',(1.91189518908371,10.842896426865,-3.5));
#6692=CARTESIAN_POINT('Origin',(0.,0.,0.));
#6693=CARTESIAN_POINT('',(3.1245245084452,10.760719414183,3.5));
#6694=CARTESIAN_POINT('Origin',(0.,0.,3.5));
#6695=CARTESIAN_POINT('',(3.1245245084452,10.760719414183,-3.5));
#6696=CARTESIAN_POINT('',(3.1245245084452,10.760719414183,0.));
#6697=CARTESIAN_POINT('Origin',(0.,0.,-3.5));
#6698=CARTESIAN_POINT('Origin',(0.,0.,0.));
#6699=CARTESIAN_POINT('',(0.744290172275505,11.1804189480584,-3.5));
#6700=CARTESIAN_POINT('Origin',(0.,0.,-3.5));
#6701=CARTESIAN_POINT('',(0.744290172275505,11.1804189480584,3.5));
#6702=CARTESIAN_POINT('',(0.744290172275505,11.1804189480584,0.));
#6703=CARTESIAN_POINT('Origin',(0.,0.,3.5));
#6704=CARTESIAN_POINT('Origin',(3.08269748921491,10.6166690741545,0.));
#6705=CARTESIAN_POINT('',(3.22961130449742,10.58639811647,3.5));
#6706=CARTESIAN_POINT('Origin',(3.08269748921491,10.6166690741545,3.5));
#6707=CARTESIAN_POINT('',(3.22961130449742,10.58639811647,-3.5));
#6708=CARTESIAN_POINT('',(3.22961130449742,10.58639811647,0.));
#6709=CARTESIAN_POINT('Origin',(3.08269748921491,10.6166690741545,-3.5));
#6710=CARTESIAN_POINT('Origin',(4.20903673971415,10.3845917319067,0.));
#6711=CARTESIAN_POINT('',(3.21277083094698,10.2982537968589,3.5));
#6712=CARTESIAN_POINT('Origin',(4.20903673971415,10.3845917319067,3.5));
#6713=CARTESIAN_POINT('',(3.21277083094698,10.2982537968589,-3.5));
#6714=CARTESIAN_POINT('',(3.21277083094698,10.2982537968589,0.));
#6715=CARTESIAN_POINT('Origin',(4.20903673971415,10.3845917319067,-3.5));
#6716=CARTESIAN_POINT('Origin',(4.4627800555789,10.1143600991683,0.));
#6717=CARTESIAN_POINT('',(4.33077974723139,10.1856055804016,-3.5));
#6718=CARTESIAN_POINT('',(4.52333247366672,10.2515949513879,-3.5));
#6719=CARTESIAN_POINT('Origin',(4.4627800555789,10.1143600991683,-3.5));
#6720=CARTESIAN_POINT('',(4.33077974723139,10.1856055804016,3.5));
#6721=CARTESIAN_POINT('',(4.33077974723139,10.1856055804016,0.));
#6722=CARTESIAN_POINT('',(4.52333247366672,10.2515949513879,3.5));
#6723=CARTESIAN_POINT('Origin',(4.4627800555789,10.1143600991683,3.5));
#6724=CARTESIAN_POINT('',(4.52333247366672,10.2515949513879,0.));
#6725=CARTESIAN_POINT('Origin',(3.45077769158129,10.6605754552901,0.));
#6726=CARTESIAN_POINT('',(4.1584646999666,9.95404937780772,-3.5));
#6727=CARTESIAN_POINT('Origin',(3.45077769158129,10.6605754552901,-3.5));
#6728=CARTESIAN_POINT('',(4.1584646999666,9.95404937780772,3.5));
#6729=CARTESIAN_POINT('',(4.1584646999666,9.95404937780772,0.));
#6730=CARTESIAN_POINT('Origin',(3.45077769158129,10.6605754552901,3.5));
#6731=CARTESIAN_POINT('Origin',(3.76569841031276,10.3461713508104,0.));
#6732=CARTESIAN_POINT('Origin',(3.76569841031276,10.3461713508104,3.5));
#6733=CARTESIAN_POINT('Origin',(3.76569841031276,10.3461713508104,-3.5));
#6734=CARTESIAN_POINT('Origin',(0.,0.,0.));
#6735=CARTESIAN_POINT('',(4.94563527705152,10.0546719201092,3.5));
#6736=CARTESIAN_POINT('Origin',(0.,0.,3.5));
#6737=CARTESIAN_POINT('',(4.94563527705152,10.0546719201092,-3.5));
#6738=CARTESIAN_POINT('',(4.94563527705152,10.0546719201092,0.));
#6739=CARTESIAN_POINT('Origin',(0.,0.,-3.5));
#6740=CARTESIAN_POINT('Origin',(4.8794296251899,9.92007321409173,0.));
#6741=CARTESIAN_POINT('',(5.01885499286657,9.86475082397503,3.5));
#6742=CARTESIAN_POINT('Origin',(4.8794296251899,9.92007321409173,3.5));
#6743=CARTESIAN_POINT('',(5.01885499286657,9.86475082397503,-3.5));
#6744=CARTESIAN_POINT('',(5.01885499286657,9.86475082397503,0.));
#6745=CARTESIAN_POINT('Origin',(4.8794296251899,9.92007321409173,-3.5));
#6746=CARTESIAN_POINT('Origin',(5.9483574440444,9.49593488986369,0.));
#6747=CARTESIAN_POINT('',(4.95223462794415,9.58390838157864,3.5));
#6748=CARTESIAN_POINT('Origin',(5.9483574440444,9.49593488986369,3.5));
#6749=CARTESIAN_POINT('',(4.95223462794415,9.58390838157864,-3.5));
#6750=CARTESIAN_POINT('',(4.95223462794415,9.58390838157864,0.));
#6751=CARTESIAN_POINT('Origin',(5.9483574440444,9.49593488986369,-3.5));
#6752=CARTESIAN_POINT('Origin',(6.15132059821004,9.1857466184387,0.));
#6753=CARTESIAN_POINT('',(6.03369731913257,9.27883133372033,-3.5));
#6754=CARTESIAN_POINT('',(6.23478367100688,9.3103817478337,-3.5));
#6755=CARTESIAN_POINT('Origin',(6.15132059821004,9.1857466184387,-3.5));
#6756=CARTESIAN_POINT('',(6.03369731913257,9.27883133372033,3.5));
#6757=CARTESIAN_POINT('',(6.03369731913257,9.27883133372033,0.));
#6758=CARTESIAN_POINT('',(6.23478367100688,9.3103817478337,3.5));
#6759=CARTESIAN_POINT('Origin',(6.15132059821004,9.1857466184387,3.5));
#6760=CARTESIAN_POINT('',(6.23478367100688,9.3103817478337,0.));
#6761=CARTESIAN_POINT('Origin',(5.24954212528275,9.89939610226456,0.));
#6762=CARTESIAN_POINT('',(5.82379081201764,9.08071518408993,-3.5));
#6763=CARTESIAN_POINT('Origin',(5.24954212528275,9.89939610226456,-3.5));
#6764=CARTESIAN_POINT('',(5.82379081201764,9.08071518408993,3.5));
#6765=CARTESIAN_POINT('',(5.82379081201764,9.08071518408993,0.));
#6766=CARTESIAN_POINT('Origin',(5.24954212528275,9.89939610226456,3.5));
#6767=CARTESIAN_POINT('Origin',(5.50508279087978,9.53508309367685,0.));
#6768=CARTESIAN_POINT('Origin',(5.50508279087978,9.53508309367685,3.5));
#6769=CARTESIAN_POINT('Origin',(5.50508279087978,9.53508309367685,-3.5));
#6770=CARTESIAN_POINT('Origin',(0.,0.,0.));
#6771=CARTESIAN_POINT('',(6.61647542037683,9.04311830765241,3.5));
#6772=CARTESIAN_POINT('Origin',(0.,0.,3.5));
#6773=CARTESIAN_POINT('',(6.61647542037683,9.04311830765241,-3.5));
#6774=CARTESIAN_POINT('',(6.61647542037683,9.04311830765241,0.));
#6775=CARTESIAN_POINT('Origin',(0.,0.,-3.5));
#6776=CARTESIAN_POINT('Origin',(6.52790276111402,8.92206094921801,0.));
#6777=CARTESIAN_POINT('',(6.65560331194064,8.84336806949832,3.5));
#6778=CARTESIAN_POINT('Origin',(6.52790276111402,8.92206094921801,3.5));
#6779=CARTESIAN_POINT('',(6.65560331194064,8.84336806949832,-3.5));
#6780=CARTESIAN_POINT('',(6.65560331194064,8.84336806949832,0.));
#6781=CARTESIAN_POINT('Origin',(6.52790276111402,8.92206094921801,-3.5));
#6782=CARTESIAN_POINT('Origin',(7.50694031745145,8.31874887136706,0.));
#6783=CARTESIAN_POINT('',(6.54122728172288,8.57836075981576,3.5));
#6784=CARTESIAN_POINT('Origin',(7.50694031745145,8.31874887136706,3.5));
#6785=CARTESIAN_POINT('',(6.54122728172288,8.57836075981576,-3.5));
#6786=CARTESIAN_POINT('',(6.54122728172288,8.57836075981576,0.));
#6787=CARTESIAN_POINT('Origin',(7.50694031745145,8.31874887136706,-3.5));
#6788=CARTESIAN_POINT('Origin',(7.65295637718299,7.97802887491988,0.));
#6789=CARTESIAN_POINT('',(7.55328405119008,8.09012449227918,-3.5));
#6790=CARTESIAN_POINT('',(7.75679412145626,8.0862773061521,-3.5));
#6791=CARTESIAN_POINT('Origin',(7.65295637718299,7.97802887491988,-3.5));
#6792=CARTESIAN_POINT('',(7.55328405119008,8.09012449227918,3.5));
#6793=CARTESIAN_POINT('',(7.55328405119008,8.09012449227918,0.));
#6794=CARTESIAN_POINT('',(7.75679412145626,8.0862773061521,3.5));
#6795=CARTESIAN_POINT('Origin',(7.65295637718299,7.97802887491988,3.5));
#6796=CARTESIAN_POINT('',(7.75679412145626,8.0862773061521,0.));
#6797=CARTESIAN_POINT('Origin',(6.88880187790399,8.83742860800784,0.));
#6798=CARTESIAN_POINT('',(7.31216398722588,7.93146805456717,-3.5));
#6799=CARTESIAN_POINT('Origin',(6.88880187790399,8.83742860800784,-3.5));
#6800=CARTESIAN_POINT('',(7.31216398722588,7.93146805456717,3.5));
#6801=CARTESIAN_POINT('',(7.31216398722588,7.93146805456717,0.));
#6802=CARTESIAN_POINT('Origin',(6.88880187790399,8.83742860800784,3.5));
#6803=CARTESIAN_POINT('Origin',(7.07719801655223,8.43427616172674,0.));
#6804=CARTESIAN_POINT('Origin',(7.07719801655223,8.43427616172674,3.5));
#6805=CARTESIAN_POINT('Origin',(7.07719801655223,8.43427616172674,-3.5));
#6806=CARTESIAN_POINT('Origin',(0.,0.,0.));
#6807=CARTESIAN_POINT('',(8.08627730615211,7.75679412145626,3.5));
#6808=CARTESIAN_POINT('Origin',(0.,0.,3.5));
#6809=CARTESIAN_POINT('',(8.08627730615211,7.75679412145626,-3.5));
#6810=CARTESIAN_POINT('',(8.0862773061521,7.75679412145626,0.));
#6811=CARTESIAN_POINT('Origin',(0.,0.,-3.5));
#6812=CARTESIAN_POINT('Origin',(7.97802887491988,7.65295637718299,0.));
#6813=CARTESIAN_POINT('',(8.09012449227918,7.55328405119007,3.5));
#6814=CARTESIAN_POINT('Origin',(7.97802887491988,7.65295637718299,3.5));
#6815=CARTESIAN_POINT('',(8.09012449227918,7.55328405119007,-3.5));
#6816=CARTESIAN_POINT('',(8.09012449227918,7.55328405119007,0.));
#6817=CARTESIAN_POINT('Origin',(7.97802887491988,7.65295637718299,-3.5));
#6818=CARTESIAN_POINT('Origin',(8.83742860800784,6.88880187790399,0.));
#6819=CARTESIAN_POINT('',(7.93146805456717,7.31216398722587,3.5));
#6820=CARTESIAN_POINT('Origin',(8.83742860800784,6.88880187790399,3.5));
#6821=CARTESIAN_POINT('',(7.93146805456717,7.31216398722587,-3.5));
#6822=CARTESIAN_POINT('',(7.93146805456717,7.31216398722587,0.));
#6823=CARTESIAN_POINT('Origin',(8.83742860800784,6.88880187790399,-3.5));
#6824=CARTESIAN_POINT('Origin',(8.92206094921802,6.52790276111402,0.));
#6825=CARTESIAN_POINT('',(8.84336806949833,6.65560331194064,-3.5));
#6826=CARTESIAN_POINT('',(9.04311830765241,6.61647542037683,-3.5));
#6827=CARTESIAN_POINT('Origin',(8.92206094921802,6.52790276111402,-3.5));
#6828=CARTESIAN_POINT('',(8.84336806949833,6.65560331194064,3.5));
#6829=CARTESIAN_POINT('',(8.84336806949833,6.65560331194064,0.));
#6830=CARTESIAN_POINT('',(9.04311830765241,6.61647542037683,3.5));
#6831=CARTESIAN_POINT('Origin',(8.92206094921802,6.52790276111402,3.5));
#6832=CARTESIAN_POINT('',(9.04311830765242,6.61647542037683,0.));
#6833=CARTESIAN_POINT('Origin',(8.31874887136707,7.50694031745145,0.));
#6834=CARTESIAN_POINT('',(8.57836075981576,6.54122728172288,-3.5));
#6835=CARTESIAN_POINT('Origin',(8.31874887136707,7.50694031745145,-3.5));
#6836=CARTESIAN_POINT('',(8.57836075981576,6.54122728172288,3.5));
#6837=CARTESIAN_POINT('',(8.57836075981576,6.54122728172288,0.));
#6838=CARTESIAN_POINT('Origin',(8.31874887136707,7.50694031745145,3.5));
#6839=CARTESIAN_POINT('Origin',(8.43427616172674,7.07719801655223,0.));
#6840=CARTESIAN_POINT('Origin',(8.43427616172674,7.07719801655223,3.5));
#6841=CARTESIAN_POINT('Origin',(8.43427616172674,7.07719801655223,-3.5));
#6842=CARTESIAN_POINT('Origin',(0.,0.,0.));
#6843=CARTESIAN_POINT('',(9.3103817478337,6.23478367100688,3.5));
#6844=CARTESIAN_POINT('Origin',(0.,0.,3.5));
#6845=CARTESIAN_POINT('',(9.3103817478337,6.23478367100688,-3.5));
#6846=CARTESIAN_POINT('',(9.3103817478337,6.23478367100688,0.));
#6847=CARTESIAN_POINT('Origin',(0.,0.,-3.5));
#6848=CARTESIAN_POINT('Origin',(9.1857466184387,6.15132059821004,0.));
#6849=CARTESIAN_POINT('',(9.27883133372033,6.03369731913257,3.5));
#6850=CARTESIAN_POINT('Origin',(9.1857466184387,6.15132059821004,3.5));
#6851=CARTESIAN_POINT('',(9.27883133372033,6.03369731913257,-3.5));
#6852=CARTESIAN_POINT('',(9.27883133372033,6.03369731913257,0.));
#6853=CARTESIAN_POINT('Origin',(9.1857466184387,6.15132059821004,-3.5));
#6854=CARTESIAN_POINT('Origin',(9.89939610226456,5.24954212528275,0.));
#6855=CARTESIAN_POINT('',(9.08071518408993,5.82379081201764,3.5));
#6856=CARTESIAN_POINT('Origin',(9.89939610226456,5.24954212528275,3.5));
#6857=CARTESIAN_POINT('',(9.08071518408993,5.82379081201764,-3.5));
#6858=CARTESIAN_POINT('',(9.08071518408993,5.82379081201764,0.));
#6859=CARTESIAN_POINT('Origin',(9.89939610226456,5.24954212528275,-3.5));
#6860=CARTESIAN_POINT('Origin',(9.92007321409173,4.8794296251899,0.));
#6861=CARTESIAN_POINT('',(9.86475082397503,5.01885499286657,-3.5));
#6862=CARTESIAN_POINT('',(10.0546719201092,4.94563527705151,-3.5));
#6863=CARTESIAN_POINT('Origin',(9.92007321409173,4.8794296251899,-3.5));
#6864=CARTESIAN_POINT('',(9.86475082397503,5.01885499286657,3.5));
#6865=CARTESIAN_POINT('',(9.86475082397503,5.01885499286657,0.));
#6866=CARTESIAN_POINT('',(10.0546719201092,4.94563527705151,3.5));
#6867=CARTESIAN_POINT('Origin',(9.92007321409173,4.8794296251899,3.5));
#6868=CARTESIAN_POINT('',(10.0546719201092,4.94563527705151,0.));
#6869=CARTESIAN_POINT('Origin',(9.49593488986369,5.94835744404439,0.));
#6870=CARTESIAN_POINT('',(9.58390838157865,4.95223462794415,-3.5));
#6871=CARTESIAN_POINT('Origin',(9.49593488986369,5.94835744404439,-3.5));
#6872=CARTESIAN_POINT('',(9.58390838157865,4.95223462794415,3.5));
#6873=CARTESIAN_POINT('',(9.58390838157865,4.95223462794415,0.));
#6874=CARTESIAN_POINT('Origin',(9.49593488986369,5.94835744404439,3.5));
#6875=CARTESIAN_POINT('Origin',(9.53508309367685,5.50508279087978,0.));
#6876=CARTESIAN_POINT('Origin',(9.53508309367685,5.50508279087978,3.5));
#6877=CARTESIAN_POINT('Origin',(9.53508309367685,5.50508279087978,-3.5));
#6878=CARTESIAN_POINT('Origin',(0.,0.,0.));
#6879=CARTESIAN_POINT('',(10.2515949513879,4.52333247366671,3.5));
#6880=CARTESIAN_POINT('Origin',(0.,0.,3.5));
#6881=CARTESIAN_POINT('',(10.2515949513879,4.52333247366671,-3.5));
#6882=CARTESIAN_POINT('',(10.2515949513879,4.52333247366671,0.));
#6883=CARTESIAN_POINT('Origin',(0.,0.,-3.5));
#6884=CARTESIAN_POINT('Origin',(10.1143600991683,4.46278005557889,0.));
#6885=CARTESIAN_POINT('',(10.1856055804016,4.33077974723137,3.5));
#6886=CARTESIAN_POINT('Origin',(10.1143600991683,4.46278005557889,3.5));
#6887=CARTESIAN_POINT('',(10.1856055804016,4.33077974723137,-3.5));
#6888=CARTESIAN_POINT('',(10.1856055804016,4.33077974723137,0.));
#6889=CARTESIAN_POINT('Origin',(10.1143600991683,4.46278005557889,-3.5));
#6890=CARTESIAN_POINT('Origin',(10.6605754552901,3.45077769158127,0.));
#6891=CARTESIAN_POINT('',(9.95404937780773,4.15846469996659,3.5));
#6892=CARTESIAN_POINT('Origin',(10.6605754552901,3.45077769158127,3.5));
#6893=CARTESIAN_POINT('',(9.95404937780773,4.15846469996659,-3.5));
#6894=CARTESIAN_POINT('',(9.95404937780773,4.15846469996659,0.));
#6895=CARTESIAN_POINT('Origin',(10.6605754552901,3.45077769158127,-3.5));
#6896=CARTESIAN_POINT('Origin',(10.6166690741545,3.0826974892149,0.));
#6897=CARTESIAN_POINT('',(10.58639811647,3.22961130449741,-3.5));
#6898=CARTESIAN_POINT('',(10.760719414183,3.12452450844518,-3.5));
#6899=CARTESIAN_POINT('Origin',(10.6166690741545,3.0826974892149,-3.5));
#6900=CARTESIAN_POINT('',(10.58639811647,3.22961130449741,3.5));
#6901=CARTESIAN_POINT('',(10.58639811647,3.22961130449741,0.));
#6902=CARTESIAN_POINT('',(10.760719414183,3.12452450844518,3.5));
#6903=CARTESIAN_POINT('Origin',(10.6166690741545,3.0826974892149,3.5));
#6904=CARTESIAN_POINT('',(10.760719414183,3.12452450844518,0.));
#6905=CARTESIAN_POINT('Origin',(10.3845917319067,4.20903673971414,0.));
#6906=CARTESIAN_POINT('',(10.2982537968589,3.21277083094697,-3.5));
#6907=CARTESIAN_POINT('Origin',(10.3845917319067,4.20903673971414,-3.5));
#6908=CARTESIAN_POINT('',(10.2982537968589,3.21277083094697,3.5));
#6909=CARTESIAN_POINT('',(10.2982537968589,3.21277083094697,0.));
#6910=CARTESIAN_POINT('Origin',(10.3845917319067,4.20903673971414,3.5));
#6911=CARTESIAN_POINT('Origin',(10.3461713508104,3.76569841031274,0.));
#6912=CARTESIAN_POINT('Origin',(10.3461713508104,3.76569841031274,3.5));
#6913=CARTESIAN_POINT('Origin',(10.3461713508104,3.76569841031274,-3.5));
#6914=CARTESIAN_POINT('Origin',(0.,0.,0.));
#6915=CARTESIAN_POINT('',(10.8813186299015,2.67444210803086,3.5));
#6916=CARTESIAN_POINT('Origin',(0.,0.,3.5));
#6917=CARTESIAN_POINT('',(10.8813186299015,2.67444210803086,-3.5));
#6918=CARTESIAN_POINT('',(10.8813186299015,2.67444210803086,0.));
#6919=CARTESIAN_POINT('Origin',(0.,0.,-3.5));
#6920=CARTESIAN_POINT('Origin',(10.7356538663979,2.63864019923465,0.));
#6921=CARTESIAN_POINT('',(10.7828953556875,2.49627362419085,3.5));
#6922=CARTESIAN_POINT('Origin',(10.7356538663979,2.63864019923465,3.5));
#6923=CARTESIAN_POINT('',(10.7828953556875,2.49627362419085,-3.5));
#6924=CARTESIAN_POINT('',(10.7828953556875,2.49627362419085,0.));
#6925=CARTESIAN_POINT('Origin',(10.7356538663979,2.63864019923465,-3.5));
#6926=CARTESIAN_POINT('Origin',(11.0978386176181,1.54716312389888,0.));
#6927=CARTESIAN_POINT('',(10.5249348181728,2.36678574229173,3.5));
#6928=CARTESIAN_POINT('Origin',(11.0978386176181,1.54716312389888,3.5));
#6929=CARTESIAN_POINT('',(10.5249348181728,2.36678574229173,-3.5));
#6930=CARTESIAN_POINT('',(10.5249348181728,2.36678574229173,0.));
#6931=CARTESIAN_POINT('Origin',(11.0978386176181,1.54716312389888,-3.5));
#6932=CARTESIAN_POINT('Origin',(10.9906828166929,1.19229914995031,0.));
#6933=CARTESIAN_POINT('',(10.986383059172,1.34223751090327,-3.5));
#6934=CARTESIAN_POINT('',(11.1398078940435,1.20847664373544,-3.5));
#6935=CARTESIAN_POINT('Origin',(10.9906828166929,1.19229914995031,-3.5));
#6936=CARTESIAN_POINT('',(10.986383059172,1.34223751090327,3.5));
#6937=CARTESIAN_POINT('',(10.986383059172,1.34223751090327,0.));
#6938=CARTESIAN_POINT('',(11.1398078940435,1.20847664373544,3.5));
#6939=CARTESIAN_POINT('Origin',(10.9906828166929,1.19229914995031,3.5));
#6940=CARTESIAN_POINT('',(11.1398078940435,1.20847664373544,0.));
#6941=CARTESIAN_POINT('Origin',(10.9577180090327,2.34182658392304,0.));
#6942=CARTESIAN_POINT('',(10.6996919816895,1.37568861799195,-3.5));
#6943=CARTESIAN_POINT('Origin',(10.9577180090327,2.34182658392304,-3.5));
#6944=CARTESIAN_POINT('',(10.6996919816895,1.37568861799195,3.5));
#6945=CARTESIAN_POINT('',(10.6996919816895,1.37568861799195,0.));
#6946=CARTESIAN_POINT('Origin',(10.9577180090327,2.34182658392304,3.5));
#6947=CARTESIAN_POINT('Origin',(10.842896426865,1.9118951890837,0.));
#6948=CARTESIAN_POINT('Origin',(10.842896426865,1.9118951890837,3.5));
#6949=CARTESIAN_POINT('Origin',(10.842896426865,1.9118951890837,-3.5));
#6950=CARTESIAN_POINT('Origin',(0.,0.,0.));
#6951=CARTESIAN_POINT('',(11.1804189480584,0.744290172275503,3.5));
#6952=CARTESIAN_POINT('Origin',(0.,0.,3.5));
#6953=CARTESIAN_POINT('',(11.1804189480584,0.744290172275503,-3.5));
#6954=CARTESIAN_POINT('',(11.1804189480584,0.744290172275503,0.));
#6955=CARTESIAN_POINT('Origin',(0.,0.,-3.5));
#6956=CARTESIAN_POINT('Origin',(11.0307502233999,0.734326595653033,0.));
#6957=CARTESIAN_POINT('',(11.0525523119991,0.585919490254698,3.5));
#6958=CARTESIAN_POINT('Origin',(11.0307502233999,0.734326595653033,3.5));
#6959=CARTESIAN_POINT('',(11.0525523119991,0.585919490254698,-3.5));
#6960=CARTESIAN_POINT('',(11.0525523119991,0.585919490254698,0.));
#6961=CARTESIAN_POINT('Origin',(11.0307502233999,0.734326595653033,-3.5));
#6962=CARTESIAN_POINT('Origin',(11.1978995693271,-0.403461212400871,0.));
#6963=CARTESIAN_POINT('',(10.7760254399618,0.503193197488711,3.5));
#6964=CARTESIAN_POINT('Origin',(11.1978995693271,-0.403461212400871,3.5));
#6965=CARTESIAN_POINT('',(10.7760254399618,0.503193197488711,-3.5));
#6966=CARTESIAN_POINT('',(10.7760254399618,0.503193197488711,0.));
#6967=CARTESIAN_POINT('Origin',(11.1978995693271,-0.403461212400871,-3.5));
#6968=CARTESIAN_POINT('Origin',(11.0307502233999,-0.734326595653038,0.));
#6969=CARTESIAN_POINT('',(11.0525523119991,-0.585919490254702,-3.5));
#6970=CARTESIAN_POINT('',(11.1804189480584,-0.744290172275508,-3.5));
#6971=CARTESIAN_POINT('Origin',(11.0307502233999,-0.734326595653038,-3.5));
#6972=CARTESIAN_POINT('',(11.0525523119991,-0.585919490254702,3.5));
#6973=CARTESIAN_POINT('',(11.0525523119991,-0.585919490254702,0.));
#6974=CARTESIAN_POINT('',(11.1804189480584,-0.744290172275508,3.5));
#6975=CARTESIAN_POINT('Origin',(11.0307502233999,-0.734326595653038,3.5));
#6976=CARTESIAN_POINT('',(11.1804189480584,-0.744290172275508,0.));
#6977=CARTESIAN_POINT('Origin',(11.1978995693271,0.403461212400866,0.));
#6978=CARTESIAN_POINT('',(10.7760254399618,-0.503193197488715,-3.5));
#6979=CARTESIAN_POINT('Origin',(11.1978995693271,0.403461212400866,-3.5));
#6980=CARTESIAN_POINT('',(10.7760254399618,-0.503193197488715,3.5));
#6981=CARTESIAN_POINT('',(10.7760254399618,-0.503193197488715,0.));
#6982=CARTESIAN_POINT('Origin',(11.1978995693271,0.403461212400866,3.5));
#6983=CARTESIAN_POINT('Origin',(11.0101655817596,-2.02253460566763E-15,
0.));
#6984=CARTESIAN_POINT('Origin',(11.0101655817596,-2.02253460566763E-15,
3.5));
#6985=CARTESIAN_POINT('Origin',(11.0101655817596,-2.02253460566763E-15,
-3.5));
#6986=CARTESIAN_POINT('Origin',(0.,0.,0.));
#6987=CARTESIAN_POINT('',(11.1398078940435,-1.20847664373545,3.5));
#6988=CARTESIAN_POINT('Origin',(0.,0.,3.5));
#6989=CARTESIAN_POINT('',(11.1398078940435,-1.20847664373545,-3.5));
#6990=CARTESIAN_POINT('',(11.1398078940435,-1.20847664373545,0.));
#6991=CARTESIAN_POINT('Origin',(0.,0.,-3.5));
#6992=CARTESIAN_POINT('Origin',(10.9906828166929,-1.19229914995031,0.));
#6993=CARTESIAN_POINT('',(10.986383059172,-1.34223751090328,3.5));
#6994=CARTESIAN_POINT('Origin',(10.9906828166929,-1.19229914995031,3.5));
#6995=CARTESIAN_POINT('',(10.986383059172,-1.34223751090328,-3.5));
#6996=CARTESIAN_POINT('',(10.986383059172,-1.34223751090328,0.));
#6997=CARTESIAN_POINT('Origin',(10.9906828166929,-1.19229914995031,-3.5));
#6998=CARTESIAN_POINT('Origin',(10.9577180090327,-2.34182658392304,0.));
#6999=CARTESIAN_POINT('',(10.6996919816895,-1.37568861799196,3.5));
#7000=CARTESIAN_POINT('Origin',(10.9577180090327,-2.34182658392304,3.5));
#7001=CARTESIAN_POINT('',(10.6996919816895,-1.37568861799196,-3.5));
#7002=CARTESIAN_POINT('',(10.6996919816895,-1.37568861799196,0.));
#7003=CARTESIAN_POINT('Origin',(10.9577180090327,-2.34182658392304,-3.5));
#7004=CARTESIAN_POINT('Origin',(10.7356538663979,-2.63864019923465,0.));
#7005=CARTESIAN_POINT('',(10.7828953556875,-2.49627362419086,-3.5));
#7006=CARTESIAN_POINT('',(10.8813186299014,-2.67444210803087,-3.5));
#7007=CARTESIAN_POINT('Origin',(10.7356538663979,-2.63864019923465,-3.5));
#7008=CARTESIAN_POINT('',(10.7828953556875,-2.49627362419086,3.5));
#7009=CARTESIAN_POINT('',(10.7828953556875,-2.49627362419086,0.));
#7010=CARTESIAN_POINT('',(10.8813186299014,-2.67444210803087,3.5));
#7011=CARTESIAN_POINT('Origin',(10.7356538663979,-2.63864019923465,3.5));
#7012=CARTESIAN_POINT('',(10.8813186299014,-2.67444210803087,0.));
#7013=CARTESIAN_POINT('Origin',(11.0978386176181,-1.54716312389888,0.));
#7014=CARTESIAN_POINT('',(10.5249348181728,-2.36678574229173,-3.5));
#7015=CARTESIAN_POINT('Origin',(11.0978386176181,-1.54716312389888,-3.5));
#7016=CARTESIAN_POINT('',(10.5249348181728,-2.36678574229173,3.5));
#7017=CARTESIAN_POINT('',(10.5249348181728,-2.36678574229173,0.));
#7018=CARTESIAN_POINT('Origin',(11.0978386176181,-1.54716312389888,3.5));
#7019=CARTESIAN_POINT('Origin',(10.842896426865,-1.91189518908371,0.));
#7020=CARTESIAN_POINT('Origin',(10.842896426865,-1.91189518908371,3.5));
#7021=CARTESIAN_POINT('Origin',(10.842896426865,-1.91189518908371,-3.5));
#7022=CARTESIAN_POINT('Origin',(0.,0.,0.));
#7023=CARTESIAN_POINT('',(10.760719414183,-3.12452450844519,3.5));
#7024=CARTESIAN_POINT('Origin',(0.,0.,3.5));
#7025=CARTESIAN_POINT('',(10.760719414183,-3.12452450844519,-3.5));
#7026=CARTESIAN_POINT('',(10.760719414183,-3.12452450844519,0.));
#7027=CARTESIAN_POINT('Origin',(0.,0.,-3.5));
#7028=CARTESIAN_POINT('Origin',(10.6166690741545,-3.08269748921491,0.));
#7029=CARTESIAN_POINT('',(10.58639811647,-3.22961130449742,3.5));
#7030=CARTESIAN_POINT('Origin',(10.6166690741545,-3.08269748921491,3.5));
#7031=CARTESIAN_POINT('',(10.58639811647,-3.22961130449742,-3.5));
#7032=CARTESIAN_POINT('',(10.58639811647,-3.22961130449742,0.));
#7033=CARTESIAN_POINT('Origin',(10.6166690741545,-3.08269748921491,-3.5));
#7034=CARTESIAN_POINT('Origin',(10.3845917319067,-4.20903673971415,0.));
#7035=CARTESIAN_POINT('',(10.2982537968589,-3.21277083094698,3.5));
#7036=CARTESIAN_POINT('Origin',(10.3845917319067,-4.20903673971415,3.5));
#7037=CARTESIAN_POINT('',(10.2982537968589,-3.21277083094698,-3.5));
#7038=CARTESIAN_POINT('',(10.2982537968589,-3.21277083094698,0.));
#7039=CARTESIAN_POINT('Origin',(10.3845917319067,-4.20903673971415,-3.5));
#7040=CARTESIAN_POINT('Origin',(10.1143600991683,-4.4627800555789,0.));
#7041=CARTESIAN_POINT('',(10.1856055804016,-4.33077974723139,-3.5));
#7042=CARTESIAN_POINT('',(10.2515949513879,-4.52333247366672,-3.5));
#7043=CARTESIAN_POINT('Origin',(10.1143600991683,-4.4627800555789,-3.5));
#7044=CARTESIAN_POINT('',(10.1856055804016,-4.33077974723139,3.5));
#7045=CARTESIAN_POINT('',(10.1856055804016,-4.33077974723139,0.));
#7046=CARTESIAN_POINT('',(10.2515949513879,-4.52333247366672,3.5));
#7047=CARTESIAN_POINT('Origin',(10.1143600991683,-4.4627800555789,3.5));
#7048=CARTESIAN_POINT('',(10.2515949513879,-4.52333247366672,0.));
#7049=CARTESIAN_POINT('Origin',(10.6605754552901,-3.45077769158129,0.));
#7050=CARTESIAN_POINT('',(9.95404937780772,-4.1584646999666,-3.5));
#7051=CARTESIAN_POINT('Origin',(10.6605754552901,-3.45077769158129,-3.5));
#7052=CARTESIAN_POINT('',(9.95404937780772,-4.1584646999666,3.5));
#7053=CARTESIAN_POINT('',(9.95404937780772,-4.1584646999666,0.));
#7054=CARTESIAN_POINT('Origin',(10.6605754552901,-3.45077769158129,3.5));
#7055=CARTESIAN_POINT('Origin',(10.3461713508104,-3.76569841031276,0.));
#7056=CARTESIAN_POINT('Origin',(10.3461713508104,-3.76569841031276,3.5));
#7057=CARTESIAN_POINT('Origin',(10.3461713508104,-3.76569841031276,-3.5));
#7058=CARTESIAN_POINT('Origin',(0.,0.,0.));
#7059=CARTESIAN_POINT('',(10.0546719201092,-4.94563527705152,3.5));
#7060=CARTESIAN_POINT('Origin',(0.,0.,3.5));
#7061=CARTESIAN_POINT('',(10.0546719201092,-4.94563527705152,-3.5));
#7062=CARTESIAN_POINT('',(10.0546719201092,-4.94563527705152,0.));
#7063=CARTESIAN_POINT('Origin',(0.,0.,-3.5));
#7064=CARTESIAN_POINT('Origin',(9.92007321409173,-4.8794296251899,0.));
#7065=CARTESIAN_POINT('',(9.86475082397503,-5.01885499286657,3.5));
#7066=CARTESIAN_POINT('Origin',(9.92007321409173,-4.8794296251899,3.5));
#7067=CARTESIAN_POINT('',(9.86475082397503,-5.01885499286657,-3.5));
#7068=CARTESIAN_POINT('',(9.86475082397503,-5.01885499286657,0.));
#7069=CARTESIAN_POINT('Origin',(9.92007321409173,-4.8794296251899,-3.5));
#7070=CARTESIAN_POINT('Origin',(9.49593488986369,-5.9483574440444,0.));
#7071=CARTESIAN_POINT('',(9.58390838157864,-4.95223462794415,3.5));
#7072=CARTESIAN_POINT('Origin',(9.49593488986369,-5.9483574440444,3.5));
#7073=CARTESIAN_POINT('',(9.58390838157864,-4.95223462794415,-3.5));
#7074=CARTESIAN_POINT('',(9.58390838157864,-4.95223462794415,0.));
#7075=CARTESIAN_POINT('Origin',(9.49593488986369,-5.9483574440444,-3.5));
#7076=CARTESIAN_POINT('Origin',(9.1857466184387,-6.15132059821004,0.));
#7077=CARTESIAN_POINT('',(9.27883133372033,-6.03369731913257,-3.5));
#7078=CARTESIAN_POINT('',(9.3103817478337,-6.23478367100688,-3.5));
#7079=CARTESIAN_POINT('Origin',(9.1857466184387,-6.15132059821004,-3.5));
#7080=CARTESIAN_POINT('',(9.27883133372033,-6.03369731913257,3.5));
#7081=CARTESIAN_POINT('',(9.27883133372033,-6.03369731913257,0.));
#7082=CARTESIAN_POINT('',(9.3103817478337,-6.23478367100688,3.5));
#7083=CARTESIAN_POINT('Origin',(9.1857466184387,-6.15132059821004,3.5));
#7084=CARTESIAN_POINT('',(9.3103817478337,-6.23478367100688,0.));
#7085=CARTESIAN_POINT('Origin',(9.89939610226456,-5.24954212528275,0.));
#7086=CARTESIAN_POINT('',(9.08071518408993,-5.82379081201764,-3.5));
#7087=CARTESIAN_POINT('Origin',(9.89939610226456,-5.24954212528275,-3.5));
#7088=CARTESIAN_POINT('',(9.08071518408993,-5.82379081201764,3.5));
#7089=CARTESIAN_POINT('',(9.08071518408993,-5.82379081201764,0.));
#7090=CARTESIAN_POINT('Origin',(9.89939610226456,-5.24954212528275,3.5));
#7091=CARTESIAN_POINT('Origin',(9.53508309367685,-5.50508279087978,0.));
#7092=CARTESIAN_POINT('Origin',(9.53508309367685,-5.50508279087978,3.5));
#7093=CARTESIAN_POINT('Origin',(9.53508309367685,-5.50508279087978,-3.5));
#7094=CARTESIAN_POINT('Origin',(0.,0.,0.));
#7095=CARTESIAN_POINT('',(9.04311830765241,-6.61647542037683,3.5));
#7096=CARTESIAN_POINT('Origin',(0.,0.,3.5));
#7097=CARTESIAN_POINT('',(9.04311830765241,-6.61647542037683,-3.5));
#7098=CARTESIAN_POINT('',(9.04311830765241,-6.61647542037683,0.));
#7099=CARTESIAN_POINT('Origin',(0.,0.,-3.5));
#7100=CARTESIAN_POINT('Origin',(8.92206094921801,-6.52790276111402,0.));
#7101=CARTESIAN_POINT('',(8.84336806949833,-6.65560331194064,3.5));
#7102=CARTESIAN_POINT('Origin',(8.92206094921801,-6.52790276111402,3.5));
#7103=CARTESIAN_POINT('',(8.84336806949833,-6.65560331194064,-3.5));
#7104=CARTESIAN_POINT('',(8.84336806949833,-6.65560331194064,0.));
#7105=CARTESIAN_POINT('Origin',(8.92206094921801,-6.52790276111402,-3.5));
#7106=CARTESIAN_POINT('Origin',(8.31874887136706,-7.50694031745145,0.));
#7107=CARTESIAN_POINT('',(8.57836075981576,-6.54122728172288,3.5));
#7108=CARTESIAN_POINT('Origin',(8.31874887136706,-7.50694031745145,3.5));
#7109=CARTESIAN_POINT('',(8.57836075981576,-6.54122728172288,-3.5));
#7110=CARTESIAN_POINT('',(8.57836075981576,-6.54122728172288,0.));
#7111=CARTESIAN_POINT('Origin',(8.31874887136706,-7.50694031745145,-3.5));
#7112=CARTESIAN_POINT('Origin',(7.97802887491988,-7.65295637718299,0.));
#7113=CARTESIAN_POINT('',(8.09012449227918,-7.55328405119008,-3.5));
#7114=CARTESIAN_POINT('',(8.0862773061521,-7.75679412145626,-3.5));
#7115=CARTESIAN_POINT('Origin',(7.97802887491988,-7.65295637718299,-3.5));
#7116=CARTESIAN_POINT('',(8.09012449227918,-7.55328405119008,3.5));
#7117=CARTESIAN_POINT('',(8.09012449227918,-7.55328405119008,0.));
#7118=CARTESIAN_POINT('',(8.0862773061521,-7.75679412145626,3.5));
#7119=CARTESIAN_POINT('Origin',(7.97802887491988,-7.65295637718299,3.5));
#7120=CARTESIAN_POINT('',(8.0862773061521,-7.75679412145626,0.));
#7121=CARTESIAN_POINT('Origin',(8.83742860800784,-6.88880187790399,0.));
#7122=CARTESIAN_POINT('',(7.93146805456717,-7.31216398722588,-3.5));
#7123=CARTESIAN_POINT('Origin',(8.83742860800784,-6.88880187790399,-3.5));
#7124=CARTESIAN_POINT('',(7.93146805456717,-7.31216398722588,3.5));
#7125=CARTESIAN_POINT('',(7.93146805456717,-7.31216398722588,0.));
#7126=CARTESIAN_POINT('Origin',(8.83742860800784,-6.88880187790399,3.5));
#7127=CARTESIAN_POINT('Origin',(8.43427616172674,-7.07719801655223,0.));
#7128=CARTESIAN_POINT('Origin',(8.43427616172674,-7.07719801655223,3.5));
#7129=CARTESIAN_POINT('Origin',(8.43427616172674,-7.07719801655223,-3.5));
#7130=CARTESIAN_POINT('Origin',(0.,0.,0.));
#7131=CARTESIAN_POINT('',(7.75679412145626,-8.0862773061521,3.5));
#7132=CARTESIAN_POINT('Origin',(0.,0.,3.5));
#7133=CARTESIAN_POINT('',(7.75679412145626,-8.0862773061521,-3.5));
#7134=CARTESIAN_POINT('',(7.75679412145626,-8.0862773061521,0.));
#7135=CARTESIAN_POINT('Origin',(0.,0.,-3.5));
#7136=CARTESIAN_POINT('Origin',(7.65295637718299,-7.97802887491988,0.));
#7137=CARTESIAN_POINT('',(7.55328405119008,-8.09012449227918,3.5));
#7138=CARTESIAN_POINT('Origin',(7.65295637718299,-7.97802887491988,3.5));
#7139=CARTESIAN_POINT('',(7.55328405119008,-8.09012449227918,-3.5));
#7140=CARTESIAN_POINT('',(7.55328405119008,-8.09012449227918,0.));
#7141=CARTESIAN_POINT('Origin',(7.65295637718299,-7.97802887491988,-3.5));
#7142=CARTESIAN_POINT('Origin',(6.88880187790399,-8.83742860800784,0.));
#7143=CARTESIAN_POINT('',(7.31216398722587,-7.93146805456717,3.5));
#7144=CARTESIAN_POINT('Origin',(6.88880187790399,-8.83742860800784,3.5));
#7145=CARTESIAN_POINT('',(7.31216398722587,-7.93146805456717,-3.5));
#7146=CARTESIAN_POINT('',(7.31216398722587,-7.93146805456717,0.));
#7147=CARTESIAN_POINT('Origin',(6.88880187790399,-8.83742860800784,-3.5));
#7148=CARTESIAN_POINT('Origin',(6.52790276111402,-8.92206094921802,0.));
#7149=CARTESIAN_POINT('',(6.65560331194064,-8.84336806949833,-3.5));
#7150=CARTESIAN_POINT('',(6.61647542037683,-9.04311830765241,-3.5));
#7151=CARTESIAN_POINT('Origin',(6.52790276111402,-8.92206094921802,-3.5));
#7152=CARTESIAN_POINT('',(6.65560331194064,-8.84336806949833,3.5));
#7153=CARTESIAN_POINT('',(6.65560331194064,-8.84336806949833,0.));
#7154=CARTESIAN_POINT('',(6.61647542037683,-9.04311830765241,3.5));
#7155=CARTESIAN_POINT('Origin',(6.52790276111402,-8.92206094921802,3.5));
#7156=CARTESIAN_POINT('',(6.61647542037683,-9.04311830765242,0.));
#7157=CARTESIAN_POINT('Origin',(7.50694031745145,-8.31874887136707,0.));
#7158=CARTESIAN_POINT('',(6.54122728172288,-8.57836075981576,-3.5));
#7159=CARTESIAN_POINT('Origin',(7.50694031745145,-8.31874887136707,-3.5));
#7160=CARTESIAN_POINT('',(6.54122728172288,-8.57836075981576,3.5));
#7161=CARTESIAN_POINT('',(6.54122728172288,-8.57836075981576,0.));
#7162=CARTESIAN_POINT('Origin',(7.50694031745145,-8.31874887136707,3.5));
#7163=CARTESIAN_POINT('Origin',(7.07719801655223,-8.43427616172674,0.));
#7164=CARTESIAN_POINT('Origin',(7.07719801655223,-8.43427616172674,3.5));
#7165=CARTESIAN_POINT('Origin',(7.07719801655223,-8.43427616172674,-3.5));
#7166=CARTESIAN_POINT('Origin',(0.,0.,0.));
#7167=CARTESIAN_POINT('',(6.23478367100688,-9.31038174783371,3.5));
#7168=CARTESIAN_POINT('Origin',(0.,0.,3.5));
#7169=CARTESIAN_POINT('',(6.23478367100688,-9.31038174783371,-3.5));
#7170=CARTESIAN_POINT('',(6.23478367100688,-9.3103817478337,0.));
#7171=CARTESIAN_POINT('Origin',(0.,0.,-3.5));
#7172=CARTESIAN_POINT('Origin',(6.15132059821004,-9.1857466184387,0.));
#7173=CARTESIAN_POINT('',(6.03369731913256,-9.27883133372033,3.5));
#7174=CARTESIAN_POINT('Origin',(6.15132059821004,-9.1857466184387,3.5));
#7175=CARTESIAN_POINT('',(6.03369731913256,-9.27883133372033,-3.5));
#7176=CARTESIAN_POINT('',(6.03369731913256,-9.27883133372033,0.));
#7177=CARTESIAN_POINT('Origin',(6.15132059821004,-9.1857466184387,-3.5));
#7178=CARTESIAN_POINT('Origin',(5.24954212528275,-9.89939610226456,0.));
#7179=CARTESIAN_POINT('',(5.82379081201764,-9.08071518408994,3.5));
#7180=CARTESIAN_POINT('Origin',(5.24954212528275,-9.89939610226456,3.5));
#7181=CARTESIAN_POINT('',(5.82379081201764,-9.08071518408994,-3.5));
#7182=CARTESIAN_POINT('',(5.82379081201764,-9.08071518408994,0.));
#7183=CARTESIAN_POINT('Origin',(5.24954212528275,-9.89939610226456,-3.5));
#7184=CARTESIAN_POINT('Origin',(4.87942962518989,-9.92007321409174,0.));
#7185=CARTESIAN_POINT('',(5.01885499286657,-9.86475082397503,-3.5));
#7186=CARTESIAN_POINT('',(4.94563527705151,-10.0546719201092,-3.5));
#7187=CARTESIAN_POINT('Origin',(4.87942962518989,-9.92007321409174,-3.5));
#7188=CARTESIAN_POINT('',(5.01885499286657,-9.86475082397503,3.5));
#7189=CARTESIAN_POINT('',(5.01885499286657,-9.86475082397503,0.));
#7190=CARTESIAN_POINT('',(4.94563527705151,-10.0546719201092,3.5));
#7191=CARTESIAN_POINT('Origin',(4.87942962518989,-9.92007321409174,3.5));
#7192=CARTESIAN_POINT('',(4.94563527705151,-10.0546719201092,0.));
#7193=CARTESIAN_POINT('Origin',(5.94835744404439,-9.4959348898637,0.));
#7194=CARTESIAN_POINT('',(4.95223462794414,-9.58390838157865,-3.5));
#7195=CARTESIAN_POINT('Origin',(5.94835744404439,-9.4959348898637,-3.5));
#7196=CARTESIAN_POINT('',(4.95223462794414,-9.58390838157865,3.5));
#7197=CARTESIAN_POINT('',(4.95223462794414,-9.58390838157865,0.));
#7198=CARTESIAN_POINT('Origin',(5.94835744404439,-9.4959348898637,3.5));
#7199=CARTESIAN_POINT('Origin',(5.50508279087977,-9.53508309367685,0.));
#7200=CARTESIAN_POINT('Origin',(5.50508279087977,-9.53508309367685,3.5));
#7201=CARTESIAN_POINT('Origin',(5.50508279087977,-9.53508309367685,-3.5));
#7202=CARTESIAN_POINT('Origin',(0.,0.,0.));
#7203=CARTESIAN_POINT('',(4.52333247366672,-10.2515949513879,3.5));
#7204=CARTESIAN_POINT('Origin',(0.,0.,3.5));
#7205=CARTESIAN_POINT('',(4.52333247366672,-10.2515949513879,-3.5));
#7206=CARTESIAN_POINT('',(4.52333247366672,-10.2515949513879,0.));
#7207=CARTESIAN_POINT('Origin',(0.,0.,-3.5));
#7208=CARTESIAN_POINT('Origin',(4.46278005557889,-10.1143600991683,0.));
#7209=CARTESIAN_POINT('',(4.33077974723138,-10.1856055804016,3.5));
#7210=CARTESIAN_POINT('Origin',(4.46278005557889,-10.1143600991683,3.5));
#7211=CARTESIAN_POINT('',(4.33077974723138,-10.1856055804016,-3.5));
#7212=CARTESIAN_POINT('',(4.33077974723138,-10.1856055804016,0.));
#7213=CARTESIAN_POINT('Origin',(4.46278005557889,-10.1143600991683,-3.5));
#7214=CARTESIAN_POINT('Origin',(3.45077769158128,-10.6605754552901,0.));
#7215=CARTESIAN_POINT('',(4.15846469996659,-9.95404937780772,3.5));
#7216=CARTESIAN_POINT('Origin',(3.45077769158128,-10.6605754552901,3.5));
#7217=CARTESIAN_POINT('',(4.15846469996659,-9.95404937780772,-3.5));
#7218=CARTESIAN_POINT('',(4.15846469996659,-9.95404937780772,0.));
#7219=CARTESIAN_POINT('Origin',(3.45077769158128,-10.6605754552901,-3.5));
#7220=CARTESIAN_POINT('Origin',(3.0826974892149,-10.6166690741545,0.));
#7221=CARTESIAN_POINT('',(3.22961130449741,-10.58639811647,-3.5));
#7222=CARTESIAN_POINT('',(3.12452450844519,-10.760719414183,-3.5));
#7223=CARTESIAN_POINT('Origin',(3.0826974892149,-10.6166690741545,-3.5));
#7224=CARTESIAN_POINT('',(3.22961130449741,-10.58639811647,3.5));
#7225=CARTESIAN_POINT('',(3.22961130449741,-10.58639811647,0.));
#7226=CARTESIAN_POINT('',(3.12452450844519,-10.760719414183,3.5));
#7227=CARTESIAN_POINT('Origin',(3.0826974892149,-10.6166690741545,3.5));
#7228=CARTESIAN_POINT('',(3.12452450844519,-10.760719414183,0.));
#7229=CARTESIAN_POINT('Origin',(4.20903673971414,-10.3845917319067,0.));
#7230=CARTESIAN_POINT('',(3.21277083094697,-10.2982537968589,-3.5));
#7231=CARTESIAN_POINT('Origin',(4.20903673971414,-10.3845917319067,-3.5));
#7232=CARTESIAN_POINT('',(3.21277083094697,-10.2982537968589,3.5));
#7233=CARTESIAN_POINT('',(3.21277083094697,-10.2982537968589,0.));
#7234=CARTESIAN_POINT('Origin',(4.20903673971414,-10.3845917319067,3.5));
#7235=CARTESIAN_POINT('Origin',(3.76569841031275,-10.3461713508104,0.));
#7236=CARTESIAN_POINT('Origin',(3.76569841031275,-10.3461713508104,3.5));
#7237=CARTESIAN_POINT('Origin',(3.76569841031275,-10.3461713508104,-3.5));
#7238=CARTESIAN_POINT('Origin',(0.,0.,0.));
#7239=CARTESIAN_POINT('',(2.67444210803086,-10.8813186299015,3.5));
#7240=CARTESIAN_POINT('Origin',(0.,0.,3.5));
#7241=CARTESIAN_POINT('',(2.67444210803086,-10.8813186299015,-3.5));
#7242=CARTESIAN_POINT('',(2.67444210803086,-10.8813186299015,0.));
#7243=CARTESIAN_POINT('Origin',(0.,0.,-3.5));
#7244=CARTESIAN_POINT('Origin',(2.63864019923465,-10.7356538663979,0.));
#7245=CARTESIAN_POINT('',(2.49627362419085,-10.7828953556875,3.5));
#7246=CARTESIAN_POINT('Origin',(2.63864019923465,-10.7356538663979,3.5));
#7247=CARTESIAN_POINT('',(2.49627362419085,-10.7828953556875,-3.5));
#7248=CARTESIAN_POINT('',(2.49627362419085,-10.7828953556875,0.));
#7249=CARTESIAN_POINT('Origin',(2.63864019923465,-10.7356538663979,-3.5));
#7250=CARTESIAN_POINT('Origin',(1.54716312389888,-11.0978386176181,0.));
#7251=CARTESIAN_POINT('',(2.36678574229173,-10.5249348181728,3.5));
#7252=CARTESIAN_POINT('Origin',(1.54716312389888,-11.0978386176181,3.5));
#7253=CARTESIAN_POINT('',(2.36678574229173,-10.5249348181728,-3.5));
#7254=CARTESIAN_POINT('',(2.36678574229173,-10.5249348181728,0.));
#7255=CARTESIAN_POINT('Origin',(1.54716312389888,-11.0978386176181,-3.5));
#7256=CARTESIAN_POINT('Origin',(1.19229914995031,-10.9906828166929,0.));
#7257=CARTESIAN_POINT('',(1.34223751090327,-10.986383059172,-3.5));
#7258=CARTESIAN_POINT('',(1.20847664373544,-11.1398078940435,-3.5));
#7259=CARTESIAN_POINT('Origin',(1.19229914995031,-10.9906828166929,-3.5));
#7260=CARTESIAN_POINT('',(1.34223751090327,-10.986383059172,3.5));
#7261=CARTESIAN_POINT('',(1.34223751090327,-10.986383059172,0.));
#7262=CARTESIAN_POINT('',(1.20847664373544,-11.1398078940435,3.5));
#7263=CARTESIAN_POINT('Origin',(1.19229914995031,-10.9906828166929,3.5));
#7264=CARTESIAN_POINT('',(1.20847664373544,-11.1398078940435,0.));
#7265=CARTESIAN_POINT('Origin',(2.34182658392304,-10.9577180090327,0.));
#7266=CARTESIAN_POINT('',(1.37568861799195,-10.6996919816895,-3.5));
#7267=CARTESIAN_POINT('Origin',(2.34182658392304,-10.9577180090327,-3.5));
#7268=CARTESIAN_POINT('',(1.37568861799195,-10.6996919816895,3.5));
#7269=CARTESIAN_POINT('',(1.37568861799195,-10.6996919816895,0.));
#7270=CARTESIAN_POINT('Origin',(2.34182658392304,-10.9577180090327,3.5));
#7271=CARTESIAN_POINT('Origin',(1.9118951890837,-10.842896426865,0.));
#7272=CARTESIAN_POINT('Origin',(1.9118951890837,-10.842896426865,3.5));
#7273=CARTESIAN_POINT('Origin',(1.9118951890837,-10.842896426865,-3.5));
#7274=CARTESIAN_POINT('Origin',(0.,0.,0.));
#7275=CARTESIAN_POINT('',(0.744290172275504,-11.1804189480584,3.5));
#7276=CARTESIAN_POINT('Origin',(0.,0.,3.5));
#7277=CARTESIAN_POINT('',(0.744290172275504,-11.1804189480584,-3.5));
#7278=CARTESIAN_POINT('',(0.744290172275504,-11.1804189480584,0.));
#7279=CARTESIAN_POINT('Origin',(0.,0.,-3.5));
#7280=CARTESIAN_POINT('Origin',(0.734326595653034,-11.0307502233999,0.));
#7281=CARTESIAN_POINT('',(0.585919490254698,-11.0525523119991,3.5));
#7282=CARTESIAN_POINT('Origin',(0.734326595653034,-11.0307502233999,3.5));
#7283=CARTESIAN_POINT('',(0.585919490254698,-11.0525523119991,-3.5));
#7284=CARTESIAN_POINT('',(0.585919490254699,-11.0525523119991,0.));
#7285=CARTESIAN_POINT('Origin',(0.734326595653034,-11.0307502233999,-3.5));
#7286=CARTESIAN_POINT('Origin',(-0.40346121240087,-11.1978995693271,0.));
#7287=CARTESIAN_POINT('',(0.503193197488712,-10.7760254399618,3.5));
#7288=CARTESIAN_POINT('Origin',(-0.40346121240087,-11.1978995693271,3.5));
#7289=CARTESIAN_POINT('',(0.503193197488712,-10.7760254399618,-3.5));
#7290=CARTESIAN_POINT('',(0.503193197488712,-10.7760254399618,0.));
#7291=CARTESIAN_POINT('Origin',(-0.40346121240087,-11.1978995693271,-3.5));
#7292=CARTESIAN_POINT('Origin',(-0.734326595653036,-11.0307502233999,0.));
#7293=CARTESIAN_POINT('',(-0.585919490254701,-11.0525523119991,-3.5));
#7294=CARTESIAN_POINT('',(-0.744290172275506,-11.1804189480584,-3.5));
#7295=CARTESIAN_POINT('Origin',(-0.734326595653036,-11.0307502233999,-3.5));
#7296=CARTESIAN_POINT('',(-0.585919490254701,-11.0525523119991,3.5));
#7297=CARTESIAN_POINT('',(-0.585919490254701,-11.0525523119991,0.));
#7298=CARTESIAN_POINT('',(-0.744290172275506,-11.1804189480584,3.5));
#7299=CARTESIAN_POINT('Origin',(-0.734326595653036,-11.0307502233999,3.5));
#7300=CARTESIAN_POINT('',(-0.744290172275506,-11.1804189480584,0.));
#7301=CARTESIAN_POINT('Origin',(0.403461212400867,-11.1978995693271,0.));
#7302=CARTESIAN_POINT('',(-0.503193197488714,-10.7760254399618,-3.5));
#7303=CARTESIAN_POINT('Origin',(0.403461212400867,-11.1978995693271,-3.5));
#7304=CARTESIAN_POINT('',(-0.503193197488714,-10.7760254399618,3.5));
#7305=CARTESIAN_POINT('',(-0.503193197488714,-10.7760254399618,0.));
#7306=CARTESIAN_POINT('Origin',(0.403461212400867,-11.1978995693271,3.5));
#7307=CARTESIAN_POINT('Origin',(-1.34835640377842E-15,-11.0101655817596,
0.));
#7308=CARTESIAN_POINT('Origin',(-1.34835640377842E-15,-11.0101655817596,
3.5));
#7309=CARTESIAN_POINT('Origin',(-1.34835640377842E-15,-11.0101655817596,
-3.5));
#7310=CARTESIAN_POINT('Origin',(0.,0.,0.));
#7311=CARTESIAN_POINT('',(-1.20847664373545,-11.1398078940435,3.5));
#7312=CARTESIAN_POINT('Origin',(0.,0.,3.5));
#7313=CARTESIAN_POINT('',(-1.20847664373545,-11.1398078940435,-3.5));
#7314=CARTESIAN_POINT('',(-1.20847664373545,-11.1398078940435,0.));
#7315=CARTESIAN_POINT('Origin',(0.,0.,-3.5));
#7316=CARTESIAN_POINT('Origin',(-1.19229914995032,-10.9906828166929,0.));
#7317=CARTESIAN_POINT('',(-1.34223751090328,-10.986383059172,3.5));
#7318=CARTESIAN_POINT('Origin',(-1.19229914995032,-10.9906828166929,3.5));
#7319=CARTESIAN_POINT('',(-1.34223751090328,-10.986383059172,-3.5));
#7320=CARTESIAN_POINT('',(-1.34223751090328,-10.986383059172,0.));
#7321=CARTESIAN_POINT('Origin',(-1.19229914995032,-10.9906828166929,-3.5));
#7322=CARTESIAN_POINT('Origin',(-2.34182658392305,-10.9577180090327,0.));
#7323=CARTESIAN_POINT('',(-1.37568861799196,-10.6996919816895,3.5));
#7324=CARTESIAN_POINT('Origin',(-2.34182658392305,-10.9577180090327,3.5));
#7325=CARTESIAN_POINT('',(-1.37568861799196,-10.6996919816895,-3.5));
#7326=CARTESIAN_POINT('',(-1.37568861799196,-10.6996919816895,0.));
#7327=CARTESIAN_POINT('Origin',(-2.34182658392305,-10.9577180090327,-3.5));
#7328=CARTESIAN_POINT('Origin',(-2.63864019923466,-10.7356538663979,0.));
#7329=CARTESIAN_POINT('',(-2.49627362419086,-10.7828953556875,-3.5));
#7330=CARTESIAN_POINT('',(-2.67444210803087,-10.8813186299014,-3.5));
#7331=CARTESIAN_POINT('Origin',(-2.63864019923466,-10.7356538663979,-3.5));
#7332=CARTESIAN_POINT('',(-2.49627362419086,-10.7828953556875,3.5));
#7333=CARTESIAN_POINT('',(-2.49627362419086,-10.7828953556875,0.));
#7334=CARTESIAN_POINT('',(-2.67444210803087,-10.8813186299014,3.5));
#7335=CARTESIAN_POINT('Origin',(-2.63864019923466,-10.7356538663979,3.5));
#7336=CARTESIAN_POINT('',(-2.67444210803087,-10.8813186299014,0.));
#7337=CARTESIAN_POINT('Origin',(-1.54716312389889,-11.0978386176181,0.));
#7338=CARTESIAN_POINT('',(-2.36678574229174,-10.5249348181728,-3.5));
#7339=CARTESIAN_POINT('Origin',(-1.54716312389889,-11.0978386176181,-3.5));
#7340=CARTESIAN_POINT('',(-2.36678574229174,-10.5249348181728,3.5));
#7341=CARTESIAN_POINT('',(-2.36678574229174,-10.5249348181728,0.));
#7342=CARTESIAN_POINT('Origin',(-1.54716312389889,-11.0978386176181,3.5));
#7343=CARTESIAN_POINT('Origin',(-1.91189518908371,-10.842896426865,0.));
#7344=CARTESIAN_POINT('Origin',(-1.91189518908371,-10.842896426865,3.5));
#7345=CARTESIAN_POINT('Origin',(-1.91189518908371,-10.842896426865,-3.5));
#7346=CARTESIAN_POINT('Origin',(0.,0.,0.));
#7347=CARTESIAN_POINT('',(-3.12452450844519,-10.760719414183,3.5));
#7348=CARTESIAN_POINT('Origin',(0.,0.,3.5));
#7349=CARTESIAN_POINT('',(-3.12452450844519,-10.760719414183,-3.5));
#7350=CARTESIAN_POINT('',(-3.12452450844519,-10.760719414183,0.));
#7351=CARTESIAN_POINT('Origin',(0.,0.,-3.5));
#7352=CARTESIAN_POINT('Origin',(-3.08269748921491,-10.6166690741545,0.));
#7353=CARTESIAN_POINT('',(-3.22961130449742,-10.58639811647,3.5));
#7354=CARTESIAN_POINT('Origin',(-3.08269748921491,-10.6166690741545,3.5));
#7355=CARTESIAN_POINT('',(-3.22961130449742,-10.58639811647,-3.5));
#7356=CARTESIAN_POINT('',(-3.22961130449742,-10.58639811647,0.));
#7357=CARTESIAN_POINT('Origin',(-3.08269748921491,-10.6166690741545,-3.5));
#7358=CARTESIAN_POINT('Origin',(-4.20903673971415,-10.3845917319067,0.));
#7359=CARTESIAN_POINT('',(-3.21277083094698,-10.2982537968589,3.5));
#7360=CARTESIAN_POINT('Origin',(-4.20903673971415,-10.3845917319067,3.5));
#7361=CARTESIAN_POINT('',(-3.21277083094698,-10.2982537968589,-3.5));
#7362=CARTESIAN_POINT('',(-3.21277083094698,-10.2982537968589,0.));
#7363=CARTESIAN_POINT('Origin',(-4.20903673971415,-10.3845917319067,-3.5));
#7364=CARTESIAN_POINT('Origin',(-4.4627800555789,-10.1143600991683,0.));
#7365=CARTESIAN_POINT('',(-4.33077974723138,-10.1856055804016,-3.5));
#7366=CARTESIAN_POINT('',(-4.52333247366672,-10.2515949513879,-3.5));
#7367=CARTESIAN_POINT('Origin',(-4.4627800555789,-10.1143600991683,-3.5));
#7368=CARTESIAN_POINT('',(-4.33077974723138,-10.1856055804016,3.5));
#7369=CARTESIAN_POINT('',(-4.33077974723138,-10.1856055804016,0.));
#7370=CARTESIAN_POINT('',(-4.52333247366672,-10.2515949513879,3.5));
#7371=CARTESIAN_POINT('Origin',(-4.4627800555789,-10.1143600991683,3.5));
#7372=CARTESIAN_POINT('',(-4.52333247366672,-10.2515949513879,0.));
#7373=CARTESIAN_POINT('Origin',(-3.45077769158128,-10.6605754552901,0.));
#7374=CARTESIAN_POINT('',(-4.15846469996659,-9.95404937780772,-3.5));
#7375=CARTESIAN_POINT('Origin',(-3.45077769158128,-10.6605754552901,-3.5));
#7376=CARTESIAN_POINT('',(-4.15846469996659,-9.95404937780772,3.5));
#7377=CARTESIAN_POINT('',(-4.15846469996659,-9.95404937780772,0.));
#7378=CARTESIAN_POINT('Origin',(-3.45077769158128,-10.6605754552901,3.5));
#7379=CARTESIAN_POINT('Origin',(-3.76569841031275,-10.3461713508104,0.));
#7380=CARTESIAN_POINT('Origin',(-3.76569841031275,-10.3461713508104,3.5));
#7381=CARTESIAN_POINT('Origin',(-3.76569841031275,-10.3461713508104,-3.5));
#7382=CARTESIAN_POINT('Origin',(0.,0.,0.));
#7383=CARTESIAN_POINT('',(-4.94563527705151,-10.0546719201092,3.5));
#7384=CARTESIAN_POINT('Origin',(0.,0.,3.5));
#7385=CARTESIAN_POINT('',(-4.94563527705151,-10.0546719201092,-3.5));
#7386=CARTESIAN_POINT('',(-4.94563527705151,-10.0546719201092,0.));
#7387=CARTESIAN_POINT('Origin',(0.,0.,-3.5));
#7388=CARTESIAN_POINT('Origin',(-4.87942962518989,-9.92007321409173,0.));
#7389=CARTESIAN_POINT('',(-5.01885499286657,-9.86475082397503,3.5));
#7390=CARTESIAN_POINT('Origin',(-4.87942962518989,-9.92007321409173,3.5));
#7391=CARTESIAN_POINT('',(-5.01885499286657,-9.86475082397503,-3.5));
#7392=CARTESIAN_POINT('',(-5.01885499286657,-9.86475082397503,0.));
#7393=CARTESIAN_POINT('Origin',(-4.87942962518989,-9.92007321409173,-3.5));
#7394=CARTESIAN_POINT('Origin',(-5.94835744404439,-9.4959348898637,0.));
#7395=CARTESIAN_POINT('',(-4.95223462794415,-9.58390838157865,3.5));
#7396=CARTESIAN_POINT('Origin',(-5.94835744404439,-9.4959348898637,3.5));
#7397=CARTESIAN_POINT('',(-4.95223462794415,-9.58390838157865,-3.5));
#7398=CARTESIAN_POINT('',(-4.95223462794415,-9.58390838157865,0.));
#7399=CARTESIAN_POINT('Origin',(-5.94835744404439,-9.4959348898637,-3.5));
#7400=CARTESIAN_POINT('Origin',(-6.15132059821004,-9.1857466184387,0.));
#7401=CARTESIAN_POINT('',(-6.03369731913257,-9.27883133372033,-3.5));
#7402=CARTESIAN_POINT('',(-6.23478367100688,-9.3103817478337,-3.5));
#7403=CARTESIAN_POINT('Origin',(-6.15132059821004,-9.1857466184387,-3.5));
#7404=CARTESIAN_POINT('',(-6.03369731913257,-9.27883133372033,3.5));
#7405=CARTESIAN_POINT('',(-6.03369731913257,-9.27883133372033,0.));
#7406=CARTESIAN_POINT('',(-6.23478367100688,-9.3103817478337,3.5));
#7407=CARTESIAN_POINT('Origin',(-6.15132059821004,-9.1857466184387,3.5));
#7408=CARTESIAN_POINT('',(-6.23478367100688,-9.3103817478337,0.));
#7409=CARTESIAN_POINT('Origin',(-5.24954212528275,-9.89939610226456,0.));
#7410=CARTESIAN_POINT('',(-5.82379081201764,-9.08071518408993,-3.5));
#7411=CARTESIAN_POINT('Origin',(-5.24954212528275,-9.89939610226456,-3.5));
#7412=CARTESIAN_POINT('',(-5.82379081201764,-9.08071518408993,3.5));
#7413=CARTESIAN_POINT('',(-5.82379081201764,-9.08071518408993,0.));
#7414=CARTESIAN_POINT('Origin',(-5.24954212528275,-9.89939610226456,3.5));
#7415=CARTESIAN_POINT('Origin',(-5.50508279087978,-9.53508309367685,0.));
#7416=CARTESIAN_POINT('Origin',(-5.50508279087978,-9.53508309367685,3.5));
#7417=CARTESIAN_POINT('Origin',(-5.50508279087978,-9.53508309367685,-3.5));
#7418=CARTESIAN_POINT('Origin',(0.,0.,0.));
#7419=CARTESIAN_POINT('',(-6.61647542037683,-9.04311830765241,3.5));
#7420=CARTESIAN_POINT('Origin',(0.,0.,3.5));
#7421=CARTESIAN_POINT('',(-6.61647542037683,-9.04311830765241,-3.5));
#7422=CARTESIAN_POINT('',(-6.61647542037683,-9.04311830765241,0.));
#7423=CARTESIAN_POINT('Origin',(0.,0.,-3.5));
#7424=CARTESIAN_POINT('Origin',(-6.52790276111402,-8.92206094921801,0.));
#7425=CARTESIAN_POINT('',(-6.65560331194064,-8.84336806949833,3.5));
#7426=CARTESIAN_POINT('Origin',(-6.52790276111402,-8.92206094921801,3.5));
#7427=CARTESIAN_POINT('',(-6.65560331194064,-8.84336806949833,-3.5));
#7428=CARTESIAN_POINT('',(-6.65560331194064,-8.84336806949833,0.));
#7429=CARTESIAN_POINT('Origin',(-6.52790276111402,-8.92206094921801,-3.5));
#7430=CARTESIAN_POINT('Origin',(-7.50694031745145,-8.31874887136706,0.));
#7431=CARTESIAN_POINT('',(-6.54122728172288,-8.57836075981576,3.5));
#7432=CARTESIAN_POINT('Origin',(-7.50694031745145,-8.31874887136706,3.5));
#7433=CARTESIAN_POINT('',(-6.54122728172288,-8.57836075981576,-3.5));
#7434=CARTESIAN_POINT('',(-6.54122728172288,-8.57836075981576,0.));
#7435=CARTESIAN_POINT('Origin',(-7.50694031745145,-8.31874887136706,-3.5));
#7436=CARTESIAN_POINT('Origin',(-7.65295637718299,-7.97802887491988,0.));
#7437=CARTESIAN_POINT('',(-7.55328405119008,-8.09012449227918,-3.5));
#7438=CARTESIAN_POINT('',(-7.75679412145626,-8.0862773061521,-3.5));
#7439=CARTESIAN_POINT('Origin',(-7.65295637718299,-7.97802887491988,-3.5));
#7440=CARTESIAN_POINT('',(-7.55328405119008,-8.09012449227918,3.5));
#7441=CARTESIAN_POINT('',(-7.55328405119008,-8.09012449227918,0.));
#7442=CARTESIAN_POINT('',(-7.75679412145626,-8.0862773061521,3.5));
#7443=CARTESIAN_POINT('Origin',(-7.65295637718299,-7.97802887491988,3.5));
#7444=CARTESIAN_POINT('',(-7.75679412145626,-8.0862773061521,0.));
#7445=CARTESIAN_POINT('Origin',(-6.88880187790399,-8.83742860800784,0.));
#7446=CARTESIAN_POINT('',(-7.31216398722588,-7.93146805456717,-3.5));
#7447=CARTESIAN_POINT('Origin',(-6.88880187790399,-8.83742860800784,-3.5));
#7448=CARTESIAN_POINT('',(-7.31216398722588,-7.93146805456717,3.5));
#7449=CARTESIAN_POINT('',(-7.31216398722588,-7.93146805456717,0.));
#7450=CARTESIAN_POINT('Origin',(-6.88880187790399,-8.83742860800784,3.5));
#7451=CARTESIAN_POINT('Origin',(-7.07719801655223,-8.43427616172674,0.));
#7452=CARTESIAN_POINT('Origin',(-7.07719801655223,-8.43427616172674,3.5));
#7453=CARTESIAN_POINT('Origin',(-7.07719801655223,-8.43427616172674,-3.5));
#7454=CARTESIAN_POINT('Origin',(0.,0.,0.));
#7455=CARTESIAN_POINT('',(-8.0862773061521,-7.75679412145626,3.5));
#7456=CARTESIAN_POINT('Origin',(0.,0.,3.5));
#7457=CARTESIAN_POINT('',(-8.0862773061521,-7.75679412145626,-3.5));
#7458=CARTESIAN_POINT('',(-8.0862773061521,-7.75679412145626,0.));
#7459=CARTESIAN_POINT('Origin',(0.,0.,-3.5));
#7460=CARTESIAN_POINT('Origin',(-7.97802887491988,-7.65295637718299,0.));
#7461=CARTESIAN_POINT('',(-8.09012449227918,-7.55328405119008,3.5));
#7462=CARTESIAN_POINT('Origin',(-7.97802887491988,-7.65295637718299,3.5));
#7463=CARTESIAN_POINT('',(-8.09012449227918,-7.55328405119008,-3.5));
#7464=CARTESIAN_POINT('',(-8.09012449227918,-7.55328405119008,0.));
#7465=CARTESIAN_POINT('Origin',(-7.97802887491988,-7.65295637718299,-3.5));
#7466=CARTESIAN_POINT('Origin',(-8.83742860800784,-6.88880187790399,0.));
#7467=CARTESIAN_POINT('',(-7.93146805456717,-7.31216398722587,3.5));
#7468=CARTESIAN_POINT('Origin',(-8.83742860800784,-6.88880187790399,3.5));
#7469=CARTESIAN_POINT('',(-7.93146805456717,-7.31216398722587,-3.5));
#7470=CARTESIAN_POINT('',(-7.93146805456717,-7.31216398722587,0.));
#7471=CARTESIAN_POINT('Origin',(-8.83742860800784,-6.88880187790399,-3.5));
#7472=CARTESIAN_POINT('Origin',(-8.92206094921801,-6.52790276111402,0.));
#7473=CARTESIAN_POINT('',(-8.84336806949833,-6.65560331194064,-3.5));
#7474=CARTESIAN_POINT('',(-9.04311830765241,-6.61647542037683,-3.5));
#7475=CARTESIAN_POINT('Origin',(-8.92206094921801,-6.52790276111402,-3.5));
#7476=CARTESIAN_POINT('',(-8.84336806949833,-6.65560331194064,3.5));
#7477=CARTESIAN_POINT('',(-8.84336806949833,-6.65560331194064,0.));
#7478=CARTESIAN_POINT('',(-9.04311830765241,-6.61647542037683,3.5));
#7479=CARTESIAN_POINT('Origin',(-8.92206094921801,-6.52790276111402,3.5));
#7480=CARTESIAN_POINT('',(-9.04311830765241,-6.61647542037683,0.));
#7481=CARTESIAN_POINT('Origin',(-8.31874887136707,-7.50694031745145,0.));
#7482=CARTESIAN_POINT('',(-8.57836075981576,-6.54122728172288,-3.5));
#7483=CARTESIAN_POINT('Origin',(-8.31874887136707,-7.50694031745145,-3.5));
#7484=CARTESIAN_POINT('',(-8.57836075981576,-6.54122728172288,3.5));
#7485=CARTESIAN_POINT('',(-8.57836075981576,-6.54122728172288,0.));
#7486=CARTESIAN_POINT('Origin',(-8.31874887136707,-7.50694031745145,3.5));
#7487=CARTESIAN_POINT('Origin',(-8.43427616172674,-7.07719801655223,0.));
#7488=CARTESIAN_POINT('Origin',(-8.43427616172674,-7.07719801655223,3.5));
#7489=CARTESIAN_POINT('Origin',(-8.43427616172674,-7.07719801655223,-3.5));
#7490=CARTESIAN_POINT('Origin',(0.,0.,0.));
#7491=CARTESIAN_POINT('',(-9.3103817478337,-6.23478367100688,3.5));
#7492=CARTESIAN_POINT('Origin',(0.,0.,3.5));
#7493=CARTESIAN_POINT('',(-9.3103817478337,-6.23478367100688,-3.5));
#7494=CARTESIAN_POINT('',(-9.3103817478337,-6.23478367100688,0.));
#7495=CARTESIAN_POINT('Origin',(0.,0.,-3.5));
#7496=CARTESIAN_POINT('Origin',(-9.1857466184387,-6.15132059821004,0.));
#7497=CARTESIAN_POINT('',(-9.27883133372033,-6.03369731913256,3.5));
#7498=CARTESIAN_POINT('Origin',(-9.1857466184387,-6.15132059821004,3.5));
#7499=CARTESIAN_POINT('',(-9.27883133372033,-6.03369731913256,-3.5));
#7500=CARTESIAN_POINT('',(-9.27883133372033,-6.03369731913256,0.));
#7501=CARTESIAN_POINT('Origin',(-9.1857466184387,-6.15132059821004,-3.5));
#7502=CARTESIAN_POINT('Origin',(-9.89939610226456,-5.24954212528275,0.));
#7503=CARTESIAN_POINT('',(-9.08071518408993,-5.82379081201764,3.5));
#7504=CARTESIAN_POINT('Origin',(-9.89939610226456,-5.24954212528275,3.5));
#7505=CARTESIAN_POINT('',(-9.08071518408993,-5.82379081201764,-3.5));
#7506=CARTESIAN_POINT('',(-9.08071518408993,-5.82379081201764,0.));
#7507=CARTESIAN_POINT('Origin',(-9.89939610226456,-5.24954212528275,-3.5));
#7508=CARTESIAN_POINT('Origin',(-9.92007321409173,-4.87942962518989,0.));
#7509=CARTESIAN_POINT('',(-9.86475082397503,-5.01885499286657,-3.5));
#7510=CARTESIAN_POINT('',(-10.0546719201092,-4.94563527705151,-3.5));
#7511=CARTESIAN_POINT('Origin',(-9.92007321409173,-4.87942962518989,-3.5));
#7512=CARTESIAN_POINT('',(-9.86475082397503,-5.01885499286657,3.5));
#7513=CARTESIAN_POINT('',(-9.86475082397503,-5.01885499286657,0.));
#7514=CARTESIAN_POINT('',(-10.0546719201092,-4.94563527705151,3.5));
#7515=CARTESIAN_POINT('Origin',(-9.92007321409173,-4.87942962518989,3.5));
#7516=CARTESIAN_POINT('',(-10.0546719201092,-4.94563527705151,0.));
#7517=CARTESIAN_POINT('Origin',(-9.4959348898637,-5.94835744404439,0.));
#7518=CARTESIAN_POINT('',(-9.58390838157865,-4.95223462794415,-3.5));
#7519=CARTESIAN_POINT('Origin',(-9.4959348898637,-5.94835744404439,-3.5));
#7520=CARTESIAN_POINT('',(-9.58390838157865,-4.95223462794415,3.5));
#7521=CARTESIAN_POINT('',(-9.58390838157865,-4.95223462794415,0.));
#7522=CARTESIAN_POINT('Origin',(-9.4959348898637,-5.94835744404439,3.5));
#7523=CARTESIAN_POINT('Origin',(-9.53508309367685,-5.50508279087978,0.));
#7524=CARTESIAN_POINT('Origin',(-9.53508309367685,-5.50508279087978,3.5));
#7525=CARTESIAN_POINT('Origin',(-9.53508309367685,-5.50508279087978,-3.5));
#7526=CARTESIAN_POINT('Origin',(0.,0.,0.));
#7527=CARTESIAN_POINT('',(-10.2515949513879,-4.52333247366672,3.5));
#7528=CARTESIAN_POINT('Origin',(0.,0.,3.5));
#7529=CARTESIAN_POINT('',(-10.2515949513879,-4.52333247366672,-3.5));
#7530=CARTESIAN_POINT('',(-10.2515949513879,-4.52333247366672,0.));
#7531=CARTESIAN_POINT('Origin',(0.,0.,-3.5));
#7532=CARTESIAN_POINT('Origin',(-10.1143600991683,-4.46278005557889,0.));
#7533=CARTESIAN_POINT('',(-10.1856055804016,-4.33077974723138,3.5));
#7534=CARTESIAN_POINT('Origin',(-10.1143600991683,-4.46278005557889,3.5));
#7535=CARTESIAN_POINT('',(-10.1856055804016,-4.33077974723138,-3.5));
#7536=CARTESIAN_POINT('',(-10.1856055804016,-4.33077974723138,0.));
#7537=CARTESIAN_POINT('Origin',(-10.1143600991683,-4.46278005557889,-3.5));
#7538=CARTESIAN_POINT('Origin',(-10.6605754552901,-3.45077769158128,0.));
#7539=CARTESIAN_POINT('',(-9.95404937780772,-4.15846469996659,3.5));
#7540=CARTESIAN_POINT('Origin',(-10.6605754552901,-3.45077769158128,3.5));
#7541=CARTESIAN_POINT('',(-9.95404937780772,-4.15846469996659,-3.5));
#7542=CARTESIAN_POINT('',(-9.95404937780772,-4.15846469996659,0.));
#7543=CARTESIAN_POINT('Origin',(-10.6605754552901,-3.45077769158128,-3.5));
#7544=CARTESIAN_POINT('Origin',(-10.6166690741545,-3.0826974892149,0.));
#7545=CARTESIAN_POINT('',(-10.58639811647,-3.22961130449741,-3.5));
#7546=CARTESIAN_POINT('',(-10.760719414183,-3.12452450844519,-3.5));
#7547=CARTESIAN_POINT('Origin',(-10.6166690741545,-3.0826974892149,-3.5));
#7548=CARTESIAN_POINT('',(-10.58639811647,-3.22961130449741,3.5));
#7549=CARTESIAN_POINT('',(-10.58639811647,-3.22961130449741,0.));
#7550=CARTESIAN_POINT('',(-10.760719414183,-3.12452450844519,3.5));
#7551=CARTESIAN_POINT('Origin',(-10.6166690741545,-3.0826974892149,3.5));
#7552=CARTESIAN_POINT('',(-10.760719414183,-3.12452450844519,0.));
#7553=CARTESIAN_POINT('Origin',(-10.3845917319067,-4.20903673971415,0.));
#7554=CARTESIAN_POINT('',(-10.2982537968589,-3.21277083094697,-3.5));
#7555=CARTESIAN_POINT('Origin',(-10.3845917319067,-4.20903673971415,-3.5));
#7556=CARTESIAN_POINT('',(-10.2982537968589,-3.21277083094697,3.5));
#7557=CARTESIAN_POINT('',(-10.2982537968589,-3.21277083094697,0.));
#7558=CARTESIAN_POINT('Origin',(-10.3845917319067,-4.20903673971415,3.5));
#7559=CARTESIAN_POINT('Origin',(-10.3461713508104,-3.76569841031275,0.));
#7560=CARTESIAN_POINT('Origin',(-10.3461713508104,-3.76569841031275,3.5));
#7561=CARTESIAN_POINT('Origin',(-10.3461713508104,-3.76569841031275,-3.5));
#7562=CARTESIAN_POINT('Origin',(0.,0.,0.));
#7563=CARTESIAN_POINT('',(-10.8813186299014,-2.67444210803087,3.5));
#7564=CARTESIAN_POINT('Origin',(0.,0.,3.5));
#7565=CARTESIAN_POINT('',(-10.8813186299014,-2.67444210803087,-3.5));
#7566=CARTESIAN_POINT('',(-10.8813186299014,-2.67444210803087,0.));
#7567=CARTESIAN_POINT('Origin',(0.,0.,-3.5));
#7568=CARTESIAN_POINT('Origin',(-10.7356538663979,-2.63864019923465,0.));
#7569=CARTESIAN_POINT('',(-10.7828953556875,-2.49627362419086,3.5));
#7570=CARTESIAN_POINT('Origin',(-10.7356538663979,-2.63864019923465,3.5));
#7571=CARTESIAN_POINT('',(-10.7828953556875,-2.49627362419086,-3.5));
#7572=CARTESIAN_POINT('',(-10.7828953556875,-2.49627362419086,0.));
#7573=CARTESIAN_POINT('Origin',(-10.7356538663979,-2.63864019923465,-3.5));
#7574=CARTESIAN_POINT('Origin',(-11.0978386176181,-1.54716312389888,0.));
#7575=CARTESIAN_POINT('',(-10.5249348181728,-2.36678574229173,3.5));
#7576=CARTESIAN_POINT('Origin',(-11.0978386176181,-1.54716312389888,3.5));
#7577=CARTESIAN_POINT('',(-10.5249348181728,-2.36678574229173,-3.5));
#7578=CARTESIAN_POINT('',(-10.5249348181728,-2.36678574229173,0.));
#7579=CARTESIAN_POINT('Origin',(-11.0978386176181,-1.54716312389888,-3.5));
#7580=CARTESIAN_POINT('Origin',(-10.9906828166929,-1.19229914995031,0.));
#7581=CARTESIAN_POINT('',(-10.986383059172,-1.34223751090328,-3.5));
#7582=CARTESIAN_POINT('',(-11.1398078940435,-1.20847664373545,-3.5));
#7583=CARTESIAN_POINT('Origin',(-10.9906828166929,-1.19229914995031,-3.5));
#7584=CARTESIAN_POINT('',(-10.986383059172,-1.34223751090328,3.5));
#7585=CARTESIAN_POINT('',(-10.986383059172,-1.34223751090328,0.));
#7586=CARTESIAN_POINT('',(-11.1398078940435,-1.20847664373545,3.5));
#7587=CARTESIAN_POINT('Origin',(-10.9906828166929,-1.19229914995031,3.5));
#7588=CARTESIAN_POINT('',(-11.1398078940435,-1.20847664373545,0.));
#7589=CARTESIAN_POINT('Origin',(-10.9577180090327,-2.34182658392304,0.));
#7590=CARTESIAN_POINT('',(-10.6996919816895,-1.37568861799196,-3.5));
#7591=CARTESIAN_POINT('Origin',(-10.9577180090327,-2.34182658392304,-3.5));
#7592=CARTESIAN_POINT('',(-10.6996919816895,-1.37568861799196,3.5));
#7593=CARTESIAN_POINT('',(-10.6996919816895,-1.37568861799196,0.));
#7594=CARTESIAN_POINT('Origin',(-10.9577180090327,-2.34182658392304,3.5));
#7595=CARTESIAN_POINT('Origin',(-10.842896426865,-1.91189518908371,0.));
#7596=CARTESIAN_POINT('Origin',(-10.842896426865,-1.91189518908371,3.5));
#7597=CARTESIAN_POINT('Origin',(-10.842896426865,-1.91189518908371,-3.5));
#7598=CARTESIAN_POINT('Origin',(0.,0.,0.));
#7599=CARTESIAN_POINT('',(-11.1804189480584,-0.744290172275505,3.5));
#7600=CARTESIAN_POINT('Origin',(0.,0.,3.5));
#7601=CARTESIAN_POINT('',(-11.1804189480584,-0.744290172275505,-3.5));
#7602=CARTESIAN_POINT('',(-11.1804189480584,-0.744290172275505,0.));
#7603=CARTESIAN_POINT('Origin',(0.,0.,-3.5));
#7604=CARTESIAN_POINT('Origin',(-11.0307502233999,-0.734326595653034,0.));
#7605=CARTESIAN_POINT('',(-11.0525523119991,-0.585919490254699,3.5));
#7606=CARTESIAN_POINT('Origin',(-11.0307502233999,-0.734326595653034,3.5));
#7607=CARTESIAN_POINT('',(-11.0525523119991,-0.585919490254699,-3.5));
#7608=CARTESIAN_POINT('',(-11.0525523119991,-0.585919490254699,0.));
#7609=CARTESIAN_POINT('Origin',(-11.0307502233999,-0.734326595653034,-3.5));
#7610=CARTESIAN_POINT('Origin',(-11.1978995693271,0.403461212400869,0.));
#7611=CARTESIAN_POINT('',(-10.7760254399618,-0.503193197488712,3.5));
#7612=CARTESIAN_POINT('Origin',(-11.1978995693271,0.403461212400869,3.5));
#7613=CARTESIAN_POINT('',(-10.7760254399618,-0.503193197488712,-3.5));
#7614=CARTESIAN_POINT('',(-10.7760254399618,-0.503193197488712,0.));
#7615=CARTESIAN_POINT('Origin',(-11.1978995693271,0.403461212400869,-3.5));
#7616=CARTESIAN_POINT('Origin',(-11.0307502233999,0.734326595653036,0.));
#7617=CARTESIAN_POINT('',(-11.0525523119991,0.585919490254701,-3.5));
#7618=CARTESIAN_POINT('',(-11.1804189480584,0.744290172275506,-3.5));
#7619=CARTESIAN_POINT('Origin',(-11.0307502233999,0.734326595653036,-3.5));
#7620=CARTESIAN_POINT('',(-11.0525523119991,0.585919490254701,3.5));
#7621=CARTESIAN_POINT('',(-11.0525523119991,0.585919490254701,0.));
#7622=CARTESIAN_POINT('',(-11.1804189480584,0.744290172275506,3.5));
#7623=CARTESIAN_POINT('Origin',(-11.0307502233999,0.734326595653036,3.5));
#7624=CARTESIAN_POINT('',(-11.1804189480584,0.744290172275506,0.));
#7625=CARTESIAN_POINT('Origin',(-11.1978995693271,-0.403461212400868,0.));
#7626=CARTESIAN_POINT('',(-10.7760254399618,0.503193197488713,-3.5));
#7627=CARTESIAN_POINT('Origin',(-11.1978995693271,-0.403461212400868,-3.5));
#7628=CARTESIAN_POINT('',(-10.7760254399618,0.503193197488713,3.5));
#7629=CARTESIAN_POINT('',(-10.7760254399618,0.503193197488713,0.));
#7630=CARTESIAN_POINT('Origin',(-11.1978995693271,-0.403461212400868,3.5));
#7631=CARTESIAN_POINT('Origin',(-11.0101655817596,6.7417820188921E-16,0.));
#7632=CARTESIAN_POINT('Origin',(-11.0101655817596,6.7417820188921E-16,3.5));
#7633=CARTESIAN_POINT('Origin',(-11.0101655817596,6.7417820188921E-16,-3.5));
#7634=CARTESIAN_POINT('Origin',(0.,0.,0.));
#7635=CARTESIAN_POINT('',(-11.1398078940435,1.20847664373545,3.5));
#7636=CARTESIAN_POINT('Origin',(0.,0.,3.5));
#7637=CARTESIAN_POINT('',(-11.1398078940435,1.20847664373545,-3.5));
#7638=CARTESIAN_POINT('',(-11.1398078940435,1.20847664373545,0.));
#7639=CARTESIAN_POINT('Origin',(0.,0.,-3.5));
#7640=CARTESIAN_POINT('Origin',(-10.9906828166929,1.19229914995031,0.));
#7641=CARTESIAN_POINT('',(-10.986383059172,1.34223751090328,3.5));
#7642=CARTESIAN_POINT('Origin',(-10.9906828166929,1.19229914995031,3.5));
#7643=CARTESIAN_POINT('',(-10.986383059172,1.34223751090328,-3.5));
#7644=CARTESIAN_POINT('',(-10.986383059172,1.34223751090328,0.));
#7645=CARTESIAN_POINT('Origin',(-10.9906828166929,1.19229914995031,-3.5));
#7646=CARTESIAN_POINT('Origin',(-10.9577180090327,2.34182658392304,0.));
#7647=CARTESIAN_POINT('',(-10.6996919816895,1.37568861799196,3.5));
#7648=CARTESIAN_POINT('Origin',(-10.9577180090327,2.34182658392304,3.5));
#7649=CARTESIAN_POINT('',(-10.6996919816895,1.37568861799196,-3.5));
#7650=CARTESIAN_POINT('',(-10.6996919816895,1.37568861799196,0.));
#7651=CARTESIAN_POINT('Origin',(-10.9577180090327,2.34182658392304,-3.5));
#7652=CARTESIAN_POINT('Origin',(-10.7356538663979,2.63864019923465,0.));
#7653=CARTESIAN_POINT('',(-10.7828953556875,2.49627362419086,-3.5));
#7654=CARTESIAN_POINT('',(-10.8813186299014,2.67444210803087,-3.5));
#7655=CARTESIAN_POINT('Origin',(-10.7356538663979,2.63864019923465,-3.5));
#7656=CARTESIAN_POINT('',(-10.7828953556875,2.49627362419086,3.5));
#7657=CARTESIAN_POINT('',(-10.7828953556875,2.49627362419086,0.));
#7658=CARTESIAN_POINT('',(-10.8813186299014,2.67444210803087,3.5));
#7659=CARTESIAN_POINT('Origin',(-10.7356538663979,2.63864019923465,3.5));
#7660=CARTESIAN_POINT('',(-10.8813186299014,2.67444210803087,0.));
#7661=CARTESIAN_POINT('Origin',(-11.0978386176181,1.54716312389888,0.));
#7662=CARTESIAN_POINT('',(-10.5249348181728,2.36678574229173,-3.5));
#7663=CARTESIAN_POINT('Origin',(-11.0978386176181,1.54716312389888,-3.5));
#7664=CARTESIAN_POINT('',(-10.5249348181728,2.36678574229173,3.5));
#7665=CARTESIAN_POINT('',(-10.5249348181728,2.36678574229173,0.));
#7666=CARTESIAN_POINT('Origin',(-11.0978386176181,1.54716312389888,3.5));
#7667=CARTESIAN_POINT('Origin',(-10.842896426865,1.91189518908371,0.));
#7668=CARTESIAN_POINT('Origin',(-10.842896426865,1.91189518908371,3.5));
#7669=CARTESIAN_POINT('Origin',(-10.842896426865,1.91189518908371,-3.5));
#7670=CARTESIAN_POINT('Origin',(0.,0.,0.));
#7671=CARTESIAN_POINT('',(-10.760719414183,3.12452450844519,3.5));
#7672=CARTESIAN_POINT('Origin',(0.,0.,3.5));
#7673=CARTESIAN_POINT('',(-10.760719414183,3.12452450844519,-3.5));
#7674=CARTESIAN_POINT('',(-10.760719414183,3.12452450844519,0.));
#7675=CARTESIAN_POINT('Origin',(0.,0.,-3.5));
#7676=CARTESIAN_POINT('Origin',(-10.6166690741545,3.08269748921491,0.));
#7677=CARTESIAN_POINT('',(-10.58639811647,3.22961130449742,3.5));
#7678=CARTESIAN_POINT('Origin',(-10.6166690741545,3.08269748921491,3.5));
#7679=CARTESIAN_POINT('',(-10.58639811647,3.22961130449742,-3.5));
#7680=CARTESIAN_POINT('',(-10.58639811647,3.22961130449742,0.));
#7681=CARTESIAN_POINT('Origin',(-10.6166690741545,3.08269748921491,-3.5));
#7682=CARTESIAN_POINT('Origin',(-10.3845917319067,4.20903673971415,0.));
#7683=CARTESIAN_POINT('',(-10.2982537968589,3.21277083094698,3.5));
#7684=CARTESIAN_POINT('Origin',(-10.3845917319067,4.20903673971415,3.5));
#7685=CARTESIAN_POINT('',(-10.2982537968589,3.21277083094698,-3.5));
#7686=CARTESIAN_POINT('',(-10.2982537968589,3.21277083094698,0.));
#7687=CARTESIAN_POINT('Origin',(-10.3845917319067,4.20903673971415,-3.5));
#7688=CARTESIAN_POINT('Origin',(-10.1143600991683,4.4627800555789,0.));
#7689=CARTESIAN_POINT('',(-10.1856055804016,4.33077974723138,-3.5));
#7690=CARTESIAN_POINT('',(-10.2515949513879,4.52333247366672,-3.5));
#7691=CARTESIAN_POINT('Origin',(-10.1143600991683,4.4627800555789,-3.5));
#7692=CARTESIAN_POINT('',(-10.1856055804016,4.33077974723138,3.5));
#7693=CARTESIAN_POINT('',(-10.1856055804016,4.33077974723138,0.));
#7694=CARTESIAN_POINT('',(-10.2515949513879,4.52333247366672,3.5));
#7695=CARTESIAN_POINT('Origin',(-10.1143600991683,4.4627800555789,3.5));
#7696=CARTESIAN_POINT('',(-10.2515949513879,4.52333247366672,0.));
#7697=CARTESIAN_POINT('Origin',(-10.6605754552901,3.45077769158128,0.));
#7698=CARTESIAN_POINT('',(-9.95404937780772,4.15846469996659,-3.5));
#7699=CARTESIAN_POINT('Origin',(-10.6605754552901,3.45077769158128,-3.5));
#7700=CARTESIAN_POINT('',(-9.95404937780772,4.15846469996659,3.5));
#7701=CARTESIAN_POINT('',(-9.95404937780772,4.15846469996659,0.));
#7702=CARTESIAN_POINT('Origin',(-10.6605754552901,3.45077769158128,3.5));
#7703=CARTESIAN_POINT('Origin',(-10.3461713508104,3.76569841031275,0.));
#7704=CARTESIAN_POINT('Origin',(-10.3461713508104,3.76569841031275,3.5));
#7705=CARTESIAN_POINT('Origin',(-10.3461713508104,3.76569841031275,-3.5));
#7706=CARTESIAN_POINT('Origin',(0.,0.,0.));
#7707=CARTESIAN_POINT('',(-10.0546719201092,4.94563527705151,3.5));
#7708=CARTESIAN_POINT('Origin',(0.,0.,3.5));
#7709=CARTESIAN_POINT('',(-10.0546719201092,4.94563527705151,-3.5));
#7710=CARTESIAN_POINT('',(-10.0546719201092,4.94563527705151,0.));
#7711=CARTESIAN_POINT('Origin',(0.,0.,-3.5));
#7712=CARTESIAN_POINT('Origin',(-9.92007321409173,4.8794296251899,0.));
#7713=CARTESIAN_POINT('',(-9.86475082397503,5.01885499286657,3.5));
#7714=CARTESIAN_POINT('Origin',(-9.92007321409173,4.8794296251899,3.5));
#7715=CARTESIAN_POINT('',(-9.86475082397503,5.01885499286657,-3.5));
#7716=CARTESIAN_POINT('',(-9.86475082397503,5.01885499286657,0.));
#7717=CARTESIAN_POINT('Origin',(-9.92007321409173,4.8794296251899,-3.5));
#7718=CARTESIAN_POINT('Origin',(-9.49593488986369,5.94835744404439,0.));
#7719=CARTESIAN_POINT('',(-9.58390838157865,4.95223462794415,3.5));
#7720=CARTESIAN_POINT('Origin',(-9.49593488986369,5.94835744404439,3.5));
#7721=CARTESIAN_POINT('',(-9.58390838157865,4.95223462794415,-3.5));
#7722=CARTESIAN_POINT('',(-9.58390838157865,4.95223462794415,0.));
#7723=CARTESIAN_POINT('Origin',(-9.49593488986369,5.94835744404439,-3.5));
#7724=CARTESIAN_POINT('Origin',(-9.1857466184387,6.15132059821004,0.));
#7725=CARTESIAN_POINT('',(-9.27883133372033,6.03369731913257,-3.5));
#7726=CARTESIAN_POINT('',(-9.3103817478337,6.23478367100688,-3.5));
#7727=CARTESIAN_POINT('Origin',(-9.1857466184387,6.15132059821004,-3.5));
#7728=CARTESIAN_POINT('',(-9.27883133372033,6.03369731913257,3.5));
#7729=CARTESIAN_POINT('',(-9.27883133372033,6.03369731913257,0.));
#7730=CARTESIAN_POINT('',(-9.3103817478337,6.23478367100688,3.5));
#7731=CARTESIAN_POINT('Origin',(-9.1857466184387,6.15132059821004,3.5));
#7732=CARTESIAN_POINT('',(-9.3103817478337,6.23478367100688,0.));
#7733=CARTESIAN_POINT('Origin',(-9.89939610226456,5.24954212528275,0.));
#7734=CARTESIAN_POINT('',(-9.08071518408993,5.82379081201764,-3.5));
#7735=CARTESIAN_POINT('Origin',(-9.89939610226456,5.24954212528275,-3.5));
#7736=CARTESIAN_POINT('',(-9.08071518408993,5.82379081201764,3.5));
#7737=CARTESIAN_POINT('',(-9.08071518408993,5.82379081201764,0.));
#7738=CARTESIAN_POINT('Origin',(-9.89939610226456,5.24954212528275,3.5));
#7739=CARTESIAN_POINT('Origin',(-9.53508309367685,5.50508279087978,0.));
#7740=CARTESIAN_POINT('Origin',(-9.53508309367685,5.50508279087978,3.5));
#7741=CARTESIAN_POINT('Origin',(-9.53508309367685,5.50508279087978,-3.5));
#7742=CARTESIAN_POINT('Origin',(0.,0.,0.));
#7743=CARTESIAN_POINT('',(-9.04311830765241,6.61647542037683,3.5));
#7744=CARTESIAN_POINT('Origin',(0.,0.,3.5));
#7745=CARTESIAN_POINT('',(-9.04311830765241,6.61647542037683,-3.5));
#7746=CARTESIAN_POINT('',(-9.04311830765241,6.61647542037683,0.));
#7747=CARTESIAN_POINT('Origin',(0.,0.,-3.5));
#7748=CARTESIAN_POINT('Origin',(-8.92206094921801,6.52790276111402,0.));
#7749=CARTESIAN_POINT('',(-8.84336806949833,6.65560331194064,3.5));
#7750=CARTESIAN_POINT('Origin',(-8.92206094921801,6.52790276111402,3.5));
#7751=CARTESIAN_POINT('',(-8.84336806949833,6.65560331194064,-3.5));
#7752=CARTESIAN_POINT('',(-8.84336806949833,6.65560331194064,0.));
#7753=CARTESIAN_POINT('Origin',(-8.92206094921801,6.52790276111402,-3.5));
#7754=CARTESIAN_POINT('Origin',(-8.31874887136707,7.50694031745145,0.));
#7755=CARTESIAN_POINT('',(-8.57836075981576,6.54122728172288,3.5));
#7756=CARTESIAN_POINT('Origin',(-8.31874887136707,7.50694031745145,3.5));
#7757=CARTESIAN_POINT('',(-8.57836075981576,6.54122728172288,-3.5));
#7758=CARTESIAN_POINT('',(-8.57836075981576,6.54122728172288,0.));
#7759=CARTESIAN_POINT('Origin',(-8.31874887136707,7.50694031745145,-3.5));
#7760=CARTESIAN_POINT('Origin',(-7.97802887491988,7.65295637718299,0.));
#7761=CARTESIAN_POINT('',(-8.09012449227918,7.55328405119008,-3.5));
#7762=CARTESIAN_POINT('',(-8.0862773061521,7.75679412145626,-3.5));
#7763=CARTESIAN_POINT('Origin',(-7.97802887491988,7.65295637718299,-3.5));
#7764=CARTESIAN_POINT('',(-8.09012449227918,7.55328405119008,3.5));
#7765=CARTESIAN_POINT('',(-8.09012449227918,7.55328405119008,0.));
#7766=CARTESIAN_POINT('',(-8.0862773061521,7.75679412145626,3.5));
#7767=CARTESIAN_POINT('Origin',(-7.97802887491988,7.65295637718299,3.5));
#7768=CARTESIAN_POINT('',(-8.0862773061521,7.75679412145626,0.));
#7769=CARTESIAN_POINT('Origin',(-8.83742860800784,6.88880187790399,0.));
#7770=CARTESIAN_POINT('',(-7.93146805456717,7.31216398722587,-3.5));
#7771=CARTESIAN_POINT('Origin',(-8.83742860800784,6.88880187790399,-3.5));
#7772=CARTESIAN_POINT('',(-7.93146805456717,7.31216398722587,3.5));
#7773=CARTESIAN_POINT('',(-7.93146805456717,7.31216398722587,0.));
#7774=CARTESIAN_POINT('Origin',(-8.83742860800784,6.88880187790399,3.5));
#7775=CARTESIAN_POINT('Origin',(-8.43427616172674,7.07719801655223,0.));
#7776=CARTESIAN_POINT('Origin',(-8.43427616172674,7.07719801655223,3.5));
#7777=CARTESIAN_POINT('Origin',(-8.43427616172674,7.07719801655223,-3.5));
#7778=CARTESIAN_POINT('Origin',(0.,0.,0.));
#7779=CARTESIAN_POINT('',(-7.75679412145626,8.0862773061521,3.5));
#7780=CARTESIAN_POINT('Origin',(0.,0.,3.5));
#7781=CARTESIAN_POINT('',(-7.75679412145626,8.0862773061521,-3.5));
#7782=CARTESIAN_POINT('',(-7.75679412145626,8.0862773061521,0.));
#7783=CARTESIAN_POINT('Origin',(0.,0.,-3.5));
#7784=CARTESIAN_POINT('Origin',(-7.65295637718299,7.97802887491988,0.));
#7785=CARTESIAN_POINT('',(-7.55328405119008,8.09012449227918,3.5));
#7786=CARTESIAN_POINT('Origin',(-7.65295637718299,7.97802887491988,3.5));
#7787=CARTESIAN_POINT('',(-7.55328405119008,8.09012449227918,-3.5));
#7788=CARTESIAN_POINT('',(-7.55328405119008,8.09012449227918,0.));
#7789=CARTESIAN_POINT('Origin',(-7.65295637718299,7.97802887491988,-3.5));
#7790=CARTESIAN_POINT('Origin',(-6.88880187790399,8.83742860800784,0.));
#7791=CARTESIAN_POINT('',(-7.31216398722587,7.93146805456717,3.5));
#7792=CARTESIAN_POINT('Origin',(-6.88880187790399,8.83742860800784,3.5));
#7793=CARTESIAN_POINT('',(-7.31216398722587,7.93146805456717,-3.5));
#7794=CARTESIAN_POINT('',(-7.31216398722587,7.93146805456717,0.));
#7795=CARTESIAN_POINT('Origin',(-6.88880187790399,8.83742860800784,-3.5));
#7796=CARTESIAN_POINT('Origin',(-6.52790276111402,8.92206094921802,0.));
#7797=CARTESIAN_POINT('',(-6.65560331194064,8.84336806949833,-3.5));
#7798=CARTESIAN_POINT('',(-6.61647542037683,9.04311830765241,-3.5));
#7799=CARTESIAN_POINT('Origin',(-6.52790276111402,8.92206094921802,-3.5));
#7800=CARTESIAN_POINT('',(-6.65560331194064,8.84336806949833,3.5));
#7801=CARTESIAN_POINT('',(-6.65560331194064,8.84336806949833,0.));
#7802=CARTESIAN_POINT('',(-6.61647542037683,9.04311830765241,3.5));
#7803=CARTESIAN_POINT('Origin',(-6.52790276111402,8.92206094921802,3.5));
#7804=CARTESIAN_POINT('',(-6.61647542037683,9.04311830765242,0.));
#7805=CARTESIAN_POINT('Origin',(-7.50694031745145,8.31874887136707,0.));
#7806=CARTESIAN_POINT('',(-6.54122728172288,8.57836075981576,-3.5));
#7807=CARTESIAN_POINT('Origin',(-7.50694031745145,8.31874887136707,-3.5));
#7808=CARTESIAN_POINT('',(-6.54122728172288,8.57836075981576,3.5));
#7809=CARTESIAN_POINT('',(-6.54122728172288,8.57836075981576,0.));
#7810=CARTESIAN_POINT('Origin',(-7.50694031745145,8.31874887136707,3.5));
#7811=CARTESIAN_POINT('Origin',(-7.07719801655223,8.43427616172674,0.));
#7812=CARTESIAN_POINT('Origin',(-7.07719801655223,8.43427616172674,3.5));
#7813=CARTESIAN_POINT('Origin',(-7.07719801655223,8.43427616172674,-3.5));
#7814=CARTESIAN_POINT('Origin',(0.,0.,0.));
#7815=CARTESIAN_POINT('',(-6.23478367100688,9.3103817478337,3.5));
#7816=CARTESIAN_POINT('Origin',(0.,0.,3.5));
#7817=CARTESIAN_POINT('',(-6.23478367100688,9.3103817478337,-3.5));
#7818=CARTESIAN_POINT('',(-6.23478367100688,9.3103817478337,0.));
#7819=CARTESIAN_POINT('Origin',(0.,0.,-3.5));
#7820=CARTESIAN_POINT('Origin',(-6.15132059821004,9.1857466184387,0.));
#7821=CARTESIAN_POINT('',(-6.03369731913257,9.27883133372033,3.5));
#7822=CARTESIAN_POINT('Origin',(-6.15132059821004,9.1857466184387,3.5));
#7823=CARTESIAN_POINT('',(-6.03369731913257,9.27883133372033,-3.5));
#7824=CARTESIAN_POINT('',(-6.03369731913257,9.27883133372033,0.));
#7825=CARTESIAN_POINT('Origin',(-6.15132059821004,9.1857466184387,-3.5));
#7826=CARTESIAN_POINT('Origin',(-5.24954212528275,9.89939610226456,0.));
#7827=CARTESIAN_POINT('',(-5.82379081201764,9.08071518408993,3.5));
#7828=CARTESIAN_POINT('Origin',(-5.24954212528275,9.89939610226456,3.5));
#7829=CARTESIAN_POINT('',(-5.82379081201764,9.08071518408993,-3.5));
#7830=CARTESIAN_POINT('',(-5.82379081201764,9.08071518408993,0.));
#7831=CARTESIAN_POINT('Origin',(-5.24954212528275,9.89939610226456,-3.5));
#7832=CARTESIAN_POINT('Origin',(-4.87942962518989,9.92007321409173,0.));
#7833=CARTESIAN_POINT('',(-5.01885499286657,9.86475082397503,-3.5));
#7834=CARTESIAN_POINT('',(-4.94563527705151,10.0546719201092,-3.5));
#7835=CARTESIAN_POINT('Origin',(-4.87942962518989,9.92007321409173,-3.5));
#7836=CARTESIAN_POINT('',(-5.01885499286657,9.86475082397503,3.5));
#7837=CARTESIAN_POINT('',(-5.01885499286657,9.86475082397503,0.));
#7838=CARTESIAN_POINT('',(-4.94563527705151,10.0546719201092,3.5));
#7839=CARTESIAN_POINT('Origin',(-4.87942962518989,9.92007321409173,3.5));
#7840=CARTESIAN_POINT('',(-4.94563527705151,10.0546719201092,0.));
#7841=CARTESIAN_POINT('Origin',(-5.94835744404439,9.4959348898637,0.));
#7842=CARTESIAN_POINT('',(-4.95223462794415,9.58390838157865,-3.5));
#7843=CARTESIAN_POINT('Origin',(-5.94835744404439,9.4959348898637,-3.5));
#7844=CARTESIAN_POINT('',(-4.95223462794415,9.58390838157865,3.5));
#7845=CARTESIAN_POINT('',(-4.95223462794415,9.58390838157865,0.));
#7846=CARTESIAN_POINT('Origin',(-5.94835744404439,9.4959348898637,3.5));
#7847=CARTESIAN_POINT('Origin',(-5.50508279087978,9.53508309367685,0.));
#7848=CARTESIAN_POINT('Origin',(-5.50508279087978,9.53508309367685,3.5));
#7849=CARTESIAN_POINT('Origin',(-5.50508279087978,9.53508309367685,-3.5));
#7850=CARTESIAN_POINT('Origin',(0.,0.,0.));
#7851=CARTESIAN_POINT('',(-4.52333247366672,10.2515949513879,3.5));
#7852=CARTESIAN_POINT('Origin',(0.,0.,3.5));
#7853=CARTESIAN_POINT('',(-4.52333247366672,10.2515949513879,-3.5));
#7854=CARTESIAN_POINT('',(-4.52333247366672,10.2515949513879,0.));
#7855=CARTESIAN_POINT('Origin',(0.,0.,-3.5));
#7856=CARTESIAN_POINT('Origin',(-4.46278005557889,10.1143600991683,0.));
#7857=CARTESIAN_POINT('',(-4.33077974723138,10.1856055804016,3.5));
#7858=CARTESIAN_POINT('Origin',(-4.46278005557889,10.1143600991683,3.5));
#7859=CARTESIAN_POINT('',(-4.33077974723138,10.1856055804016,-3.5));
#7860=CARTESIAN_POINT('',(-4.33077974723138,10.1856055804016,0.));
#7861=CARTESIAN_POINT('Origin',(-4.46278005557889,10.1143600991683,-3.5));
#7862=CARTESIAN_POINT('Origin',(-3.45077769158128,10.6605754552901,0.));
#7863=CARTESIAN_POINT('',(-4.15846469996659,9.95404937780772,3.5));
#7864=CARTESIAN_POINT('Origin',(-3.45077769158128,10.6605754552901,3.5));
#7865=CARTESIAN_POINT('',(-4.15846469996659,9.95404937780772,-3.5));
#7866=CARTESIAN_POINT('',(-4.15846469996659,9.95404937780772,0.));
#7867=CARTESIAN_POINT('Origin',(-3.45077769158128,10.6605754552901,-3.5));
#7868=CARTESIAN_POINT('Origin',(-3.0826974892149,10.6166690741545,0.));
#7869=CARTESIAN_POINT('',(-3.22961130449741,10.58639811647,-3.5));
#7870=CARTESIAN_POINT('',(-3.12452450844519,10.760719414183,-3.5));
#7871=CARTESIAN_POINT('Origin',(-3.0826974892149,10.6166690741545,-3.5));
#7872=CARTESIAN_POINT('',(-3.22961130449741,10.58639811647,3.5));
#7873=CARTESIAN_POINT('',(-3.22961130449741,10.58639811647,0.));
#7874=CARTESIAN_POINT('',(-3.12452450844519,10.760719414183,3.5));
#7875=CARTESIAN_POINT('Origin',(-3.0826974892149,10.6166690741545,3.5));
#7876=CARTESIAN_POINT('',(-3.12452450844519,10.760719414183,0.));
#7877=CARTESIAN_POINT('Origin',(-4.20903673971415,10.3845917319067,0.));
#7878=CARTESIAN_POINT('',(-3.21277083094697,10.2982537968589,-3.5));
#7879=CARTESIAN_POINT('Origin',(-4.20903673971415,10.3845917319067,-3.5));
#7880=CARTESIAN_POINT('',(-3.21277083094697,10.2982537968589,3.5));
#7881=CARTESIAN_POINT('',(-3.21277083094697,10.2982537968589,0.));
#7882=CARTESIAN_POINT('Origin',(-4.20903673971415,10.3845917319067,3.5));
#7883=CARTESIAN_POINT('Origin',(-3.76569841031275,10.3461713508104,0.));
#7884=CARTESIAN_POINT('Origin',(-3.76569841031275,10.3461713508104,3.5));
#7885=CARTESIAN_POINT('Origin',(-3.76569841031275,10.3461713508104,-3.5));
#7886=CARTESIAN_POINT('Origin',(0.,0.,0.));
#7887=CARTESIAN_POINT('',(-2.67444210803087,10.8813186299014,3.5));
#7888=CARTESIAN_POINT('Origin',(0.,0.,3.5));
#7889=CARTESIAN_POINT('',(-2.67444210803087,10.8813186299014,-3.5));
#7890=CARTESIAN_POINT('',(-2.67444210803087,10.8813186299014,0.));
#7891=CARTESIAN_POINT('Origin',(0.,0.,-3.5));
#7892=CARTESIAN_POINT('Origin',(-2.63864019923465,10.7356538663979,0.));
#7893=CARTESIAN_POINT('',(-2.49627362419086,10.7828953556875,3.5));
#7894=CARTESIAN_POINT('Origin',(-2.63864019923465,10.7356538663979,3.5));
#7895=CARTESIAN_POINT('',(-2.49627362419086,10.7828953556875,-3.5));
#7896=CARTESIAN_POINT('',(-2.49627362419086,10.7828953556875,0.));
#7897=CARTESIAN_POINT('Origin',(-2.63864019923465,10.7356538663979,-3.5));
#7898=CARTESIAN_POINT('Origin',(-1.54716312389888,11.0978386176181,0.));
#7899=CARTESIAN_POINT('',(-2.36678574229173,10.5249348181728,3.5));
#7900=CARTESIAN_POINT('Origin',(-1.54716312389888,11.0978386176181,3.5));
#7901=CARTESIAN_POINT('',(-2.36678574229173,10.5249348181728,-3.5));
#7902=CARTESIAN_POINT('',(-2.36678574229173,10.5249348181728,0.));
#7903=CARTESIAN_POINT('Origin',(-1.54716312389888,11.0978386176181,-3.5));
#7904=CARTESIAN_POINT('Origin',(-1.19229914995031,10.9906828166929,0.));
#7905=CARTESIAN_POINT('',(-1.34223751090328,10.986383059172,-3.5));
#7906=CARTESIAN_POINT('',(-1.20847664373545,11.1398078940435,-3.5));
#7907=CARTESIAN_POINT('Origin',(-1.19229914995031,10.9906828166929,-3.5));
#7908=CARTESIAN_POINT('',(-1.34223751090328,10.986383059172,3.5));
#7909=CARTESIAN_POINT('',(-1.34223751090328,10.986383059172,0.));
#7910=CARTESIAN_POINT('',(-1.20847664373545,11.1398078940435,3.5));
#7911=CARTESIAN_POINT('Origin',(-1.19229914995031,10.9906828166929,3.5));
#7912=CARTESIAN_POINT('',(-1.20847664373545,11.1398078940435,0.));
#7913=CARTESIAN_POINT('Origin',(-2.34182658392304,10.9577180090327,0.));
#7914=CARTESIAN_POINT('',(-1.37568861799196,10.6996919816895,-3.5));
#7915=CARTESIAN_POINT('Origin',(-2.34182658392304,10.9577180090327,-3.5));
#7916=CARTESIAN_POINT('',(-1.37568861799196,10.6996919816895,3.5));
#7917=CARTESIAN_POINT('',(-1.37568861799196,10.6996919816895,0.));
#7918=CARTESIAN_POINT('Origin',(-2.34182658392304,10.9577180090327,3.5));
#7919=CARTESIAN_POINT('Origin',(-1.91189518908371,10.842896426865,0.));
#7920=CARTESIAN_POINT('Origin',(-1.91189518908371,10.842896426865,3.5));
#7921=CARTESIAN_POINT('Origin',(-1.91189518908371,10.842896426865,-3.5));
#7922=CARTESIAN_POINT('Origin',(0.,0.,0.));
#7923=CARTESIAN_POINT('',(-0.744290172275506,11.1804189480584,3.5));
#7924=CARTESIAN_POINT('Origin',(0.,0.,3.5));
#7925=CARTESIAN_POINT('',(-0.744290172275506,11.1804189480584,-3.5));
#7926=CARTESIAN_POINT('',(-0.744290172275506,11.1804189480584,0.));
#7927=CARTESIAN_POINT('Origin',(0.,0.,-3.5));
#7928=CARTESIAN_POINT('Origin',(0.734326595653035,11.0307502233999,0.));
#7929=CARTESIAN_POINT('',(0.5859194902547,11.0525523119991,3.5));
#7930=CARTESIAN_POINT('Origin',(0.734326595653035,11.0307502233999,3.5));
#7931=CARTESIAN_POINT('',(0.5859194902547,11.0525523119991,-3.5));
#7932=CARTESIAN_POINT('Origin',(0.734326595653035,11.0307502233999,-3.5));
#7933=CARTESIAN_POINT('',(0.5859194902547,11.0525523119991,0.));
#7934=CARTESIAN_POINT('Origin',(-0.734326595653036,11.0307502233999,0.));
#7935=CARTESIAN_POINT('',(-0.5859194902547,11.0525523119991,-3.5));
#7936=CARTESIAN_POINT('Origin',(-0.734326595653036,11.0307502233999,-3.5));
#7937=CARTESIAN_POINT('',(-0.5859194902547,11.0525523119991,3.5));
#7938=CARTESIAN_POINT('Origin',(-0.734326595653036,11.0307502233999,3.5));
#7939=CARTESIAN_POINT('',(-0.5859194902547,11.0525523119991,0.));
#7940=CARTESIAN_POINT('Origin',(0.403461212400868,11.1978995693271,0.));
#7941=CARTESIAN_POINT('',(-0.503193197488713,10.7760254399618,3.5));
#7942=CARTESIAN_POINT('Origin',(0.403461212400868,11.1978995693271,3.5));
#7943=CARTESIAN_POINT('',(-0.503193197488713,10.7760254399618,-3.5));
#7944=CARTESIAN_POINT('',(-0.503193197488713,10.7760254399618,0.));
#7945=CARTESIAN_POINT('Origin',(0.403461212400868,11.1978995693271,-3.5));
#7946=CARTESIAN_POINT('Origin',(-0.403461212400868,11.1978995693271,0.));
#7947=CARTESIAN_POINT('',(0.503193197488713,10.7760254399618,-3.5));
#7948=CARTESIAN_POINT('Origin',(-0.403461212400868,11.1978995693271,-3.5));
#7949=CARTESIAN_POINT('',(0.503193197488713,10.7760254399618,3.5));
#7950=CARTESIAN_POINT('',(0.503193197488713,10.7760254399618,0.));
#7951=CARTESIAN_POINT('Origin',(-0.403461212400868,11.1978995693271,3.5));
#7952=CARTESIAN_POINT('Origin',(0.,11.0101655817596,0.));
#7953=CARTESIAN_POINT('Origin',(0.,11.0101655817596,3.5));
#7954=CARTESIAN_POINT('Origin',(0.,11.0101655817596,-3.5));
#7955=CARTESIAN_POINT('Origin',(-1.22464679914735E-16,-5.5,8.5));
#7956=CARTESIAN_POINT('',(1.666,-3.63654286376498,8.5));
#7957=CARTESIAN_POINT('Ctrl Pts',(1.666,-3.63654286376498,8.5));
#7958=CARTESIAN_POINT('Ctrl Pts',(1.666,-3.63654286376498,8.71215257425869));
#7959=CARTESIAN_POINT('Ctrl Pts',(1.62306969361665,-3.65707498068503,8.93636626303899));
#7960=CARTESIAN_POINT('Ctrl Pts',(1.45232491701002,-3.72817707926124,9.34588643784785));
#7961=CARTESIAN_POINT('Ctrl Pts',(1.32461459599392,-3.77742250014388,9.53146519891966));
#7962=CARTESIAN_POINT('Ctrl Pts',(1.03164201001145,-3.86771025481122,9.82443778490213));
#7963=CARTESIAN_POINT('Ctrl Pts',(0.845997344622554,-3.91501921913815,9.95228159626854));
#7964=CARTESIAN_POINT('Ctrl Pts',(0.436216177089197,-3.98155779148738,10.1231293494003));
#7965=CARTESIAN_POINT('Ctrl Pts',(0.211896657455487,-4.,10.166));
#7966=CARTESIAN_POINT('Ctrl Pts',(-0.211896657455487,-4.,10.166));
#7967=CARTESIAN_POINT('Ctrl Pts',(-0.436216177089197,-3.98155779148738,
10.1231293494003));
#7968=CARTESIAN_POINT('Ctrl Pts',(-0.845997344622554,-3.91501921913815,
9.95228159626854));
#7969=CARTESIAN_POINT('Ctrl Pts',(-1.03164201001145,-3.86771025481122,9.82443778490213));
#7970=CARTESIAN_POINT('Ctrl Pts',(-1.32461459599392,-3.77742250014388,9.53146519891966));
#7971=CARTESIAN_POINT('Ctrl Pts',(-1.45232491701002,-3.72817707926124,9.34588643784785));
#7972=CARTESIAN_POINT('Ctrl Pts',(-1.62306969361665,-3.65707498068503,8.93636626303899));
#7973=CARTESIAN_POINT('Ctrl Pts',(-1.666,-3.63654286376498,8.71215257425869));
#7974=CARTESIAN_POINT('Ctrl Pts',(-1.666,-3.63654286376498,8.28784742574131));
#7975=CARTESIAN_POINT('Ctrl Pts',(-1.62306969361665,-3.65707498068503,8.06363373696101));
#7976=CARTESIAN_POINT('Ctrl Pts',(-1.45232491701002,-3.72817707926124,7.65411356215215));
#7977=CARTESIAN_POINT('Ctrl Pts',(-1.32461459599392,-3.77742250014388,7.46853480108034));
#7978=CARTESIAN_POINT('Ctrl Pts',(-1.03164201001145,-3.86771025481122,7.17556221509787));
#7979=CARTESIAN_POINT('Ctrl Pts',(-0.845997344622554,-3.91501921913815,
7.04771840373146));
#7980=CARTESIAN_POINT('Ctrl Pts',(-0.436216177089197,-3.98155779148738,
6.87687065059971));
#7981=CARTESIAN_POINT('Ctrl Pts',(-0.211896657455487,-4.,6.834));
#7982=CARTESIAN_POINT('Ctrl Pts',(0.211896657455487,-4.,6.834));
#7983=CARTESIAN_POINT('Ctrl Pts',(0.436216177089197,-3.98155779148738,6.87687065059971));
#7984=CARTESIAN_POINT('Ctrl Pts',(0.845997344622554,-3.91501921913815,7.04771840373146));
#7985=CARTESIAN_POINT('Ctrl Pts',(1.03164201001145,-3.86771025481122,7.17556221509787));
#7986=CARTESIAN_POINT('Ctrl Pts',(1.32461459599392,-3.77742250014388,7.46853480108034));
#7987=CARTESIAN_POINT('Ctrl Pts',(1.45232491701002,-3.72817707926124,7.65411356215215));
#7988=CARTESIAN_POINT('Ctrl Pts',(1.62306969361665,-3.65707498068503,8.06363373696101));
#7989=CARTESIAN_POINT('Ctrl Pts',(1.666,-3.63654286376498,8.28784742574131));
#7990=CARTESIAN_POINT('Ctrl Pts',(1.666,-3.63654286376498,8.5));
#7991=CARTESIAN_POINT('',(1.666,-7.82460503795559,8.5));
#7992=CARTESIAN_POINT('',(1.666,-5.5,8.5));
#7993=CARTESIAN_POINT('Ctrl Pts',(1.666,-7.82460503795559,8.5));
#7994=CARTESIAN_POINT('Ctrl Pts',(1.666,-7.82460503795559,8.29014419484606));
#7995=CARTESIAN_POINT('Ctrl Pts',(1.6239341677316,-7.83392359630084,8.06673530048814));
#7996=CARTESIAN_POINT('Ctrl Pts',(1.45372553042545,-7.86728689150362,7.65645822148162));
#7997=CARTESIAN_POINT('Ctrl Pts',(1.32561487654328,-7.89081784630666,7.4695350816297));
#7998=CARTESIAN_POINT('Ctrl Pts',(1.03047467042895,-7.93475772132265,7.17439487551538));
#7999=CARTESIAN_POINT('Ctrl Pts',(0.843547401165121,-7.9580639777035,7.04627658782494));
#8000=CARTESIAN_POINT('Ctrl Pts',(0.43325592683094,-7.9909100727368,6.87606240718796));
#8001=CARTESIAN_POINT('Ctrl Pts',(0.209841937449985,-8.,6.834));
#8002=CARTESIAN_POINT('Ctrl Pts',(-0.209841937449986,-8.,6.834));
#8003=CARTESIAN_POINT('Ctrl Pts',(-0.433255926830941,-7.9909100727368,6.87606240718797));
#8004=CARTESIAN_POINT('Ctrl Pts',(-0.843547401165123,-7.9580639777035,7.04627658782494));
#8005=CARTESIAN_POINT('Ctrl Pts',(-1.03047467042895,-7.93475772132265,7.17439487551538));
#8006=CARTESIAN_POINT('Ctrl Pts',(-1.32561487654328,-7.89081784630666,7.4695350816297));
#8007=CARTESIAN_POINT('Ctrl Pts',(-1.45372553042545,-7.86728689150362,7.65645822148162));
#8008=CARTESIAN_POINT('Ctrl Pts',(-1.6239341677316,-7.83392359630084,8.06673530048814));
#8009=CARTESIAN_POINT('Ctrl Pts',(-1.666,-7.82460503795559,8.29014419484606));
#8010=CARTESIAN_POINT('Ctrl Pts',(-1.666,-7.82460503795559,8.70985580515394));
#8011=CARTESIAN_POINT('Ctrl Pts',(-1.6239341677316,-7.83392359630084,8.93326469951186));
#8012=CARTESIAN_POINT('Ctrl Pts',(-1.45372553042545,-7.86728689150362,9.34354177851838));
#8013=CARTESIAN_POINT('Ctrl Pts',(-1.32561487654328,-7.89081784630666,9.5304649183703));
#8014=CARTESIAN_POINT('Ctrl Pts',(-1.03047467042895,-7.93475772132265,9.82560512448462));
#8015=CARTESIAN_POINT('Ctrl Pts',(-0.843547401165121,-7.9580639777035,9.95372341217506));
#8016=CARTESIAN_POINT('Ctrl Pts',(-0.43325592683094,-7.9909100727368,10.123937592812));
#8017=CARTESIAN_POINT('Ctrl Pts',(-0.209841937449985,-8.,10.166));
#8018=CARTESIAN_POINT('Ctrl Pts',(0.209841937449986,-8.,10.166));
#8019=CARTESIAN_POINT('Ctrl Pts',(0.43325592683094,-7.9909100727368,10.123937592812));
#8020=CARTESIAN_POINT('Ctrl Pts',(0.843547401165122,-7.9580639777035,9.95372341217506));
#8021=CARTESIAN_POINT('Ctrl Pts',(1.03047467042895,-7.93475772132265,9.82560512448462));
#8022=CARTESIAN_POINT('Ctrl Pts',(1.32561487654328,-7.89081784630666,9.5304649183703));
#8023=CARTESIAN_POINT('Ctrl Pts',(1.45372553042545,-7.86728689150362,9.34354177851838));
#8024=CARTESIAN_POINT('Ctrl Pts',(1.6239341677316,-7.83392359630084,8.93326469951185));
#8025=CARTESIAN_POINT('Ctrl Pts',(1.666,-7.82460503795559,8.70985580515394));
#8026=CARTESIAN_POINT('Ctrl Pts',(1.666,-7.82460503795559,8.5));
#8027=CARTESIAN_POINT('Origin',(0.,0.,5.15));
#8028=CARTESIAN_POINT('',(4.,4.89858719658941E-16,5.3));
#8029=CARTESIAN_POINT('Origin',(0.,0.,5.3));
#8030=CARTESIAN_POINT('',(4.3,-5.26598123633362E-16,5.));
#8031=CARTESIAN_POINT('',(4.15,5.08228421646152E-16,5.15));
#8032=CARTESIAN_POINT('Origin',(0.,0.,5.));
#8033=CARTESIAN_POINT('Origin',(0.,0.,5.));
#8034=CARTESIAN_POINT('',(4.,-4.89858719658941E-16,11.7));
#8035=CARTESIAN_POINT('Origin',(0.,0.,11.7));
#8036=CARTESIAN_POINT('',(4.,4.89858719658941E-16,5.));
#8037=CARTESIAN_POINT('',(-3.50145297333782,-1.93386325150042,8.5));
#8038=CARTESIAN_POINT('Ctrl Pts',(-3.50145297333782,-1.93386325150042,8.5));
#8039=CARTESIAN_POINT('Ctrl Pts',(-3.50145297333782,-1.93386325150042,8.20972493661777));
#8040=CARTESIAN_POINT('Ctrl Pts',(-3.58315891097058,-1.78892186248232,7.58845616595457));
#8041=CARTESIAN_POINT('Ctrl Pts',(-3.81786885429537,-1.26925619482363,6.91850781272424));
#8042=CARTESIAN_POINT('Ctrl Pts',(-4.00740634241897,-0.449066120564584,
6.51710491617911));
#8043=CARTESIAN_POINT('Ctrl Pts',(-4.00985653761772,0.447363559673934,6.51330111970468));
#8044=CARTESIAN_POINT('Ctrl Pts',(-3.84679351220302,1.1387814413279,6.85813234043362));
#8045=CARTESIAN_POINT('Ctrl Pts',(-3.70277047445133,1.52068769390592,7.24978068863603));
#8046=CARTESIAN_POINT('Ctrl Pts',(-3.56057001719402,1.83325363012768,7.75620181076662));
#8047=CARTESIAN_POINT('Ctrl Pts',(-3.46117584219032,2.0034357743383,8.49655081731133));
#8048=CARTESIAN_POINT('Ctrl Pts',(-3.58220834728447,1.79139785590263,9.404459004529));
#8049=CARTESIAN_POINT('Ctrl Pts',(-3.81726323667484,1.2712379471875,10.0826916095355));
#8050=CARTESIAN_POINT('Ctrl Pts',(-4.00629941184307,0.44916558076302,10.4796361019801));
#8051=CARTESIAN_POINT('Ctrl Pts',(-4.0085008887768,-0.294689455425155,10.4835094908975));
#8052=CARTESIAN_POINT('Ctrl Pts',(-3.91212582069847,-0.865047002727072,
10.2826767600672));
#8053=CARTESIAN_POINT('Ctrl Pts',(-3.7783842910774,-1.35105116127961,9.9677655702442));
#8054=CARTESIAN_POINT('Ctrl Pts',(-3.58296124351547,-1.79283778522741,9.41218172163081));
#8055=CARTESIAN_POINT('Ctrl Pts',(-3.50145297333782,-1.93386325150042,8.79027506338223));
#8056=CARTESIAN_POINT('Ctrl Pts',(-3.50145297333782,-1.93386325150042,8.5));
#8057=CARTESIAN_POINT('Ctrl Pts',(-3.50145297333782,-1.93386325150042,8.5));
#8058=CARTESIAN_POINT('Ctrl Pts',(-3.50145297333782,-1.93386325150042,8.79027506338223));
#8059=CARTESIAN_POINT('Ctrl Pts',(-3.58296124351547,-1.79283778522741,9.41218172163081));
#8060=CARTESIAN_POINT('Ctrl Pts',(-3.7783842910774,-1.35105116127961,9.9677655702442));
#8061=CARTESIAN_POINT('Ctrl Pts',(-3.91212582069847,-0.865047002727072,
10.2826767600672));
#8062=CARTESIAN_POINT('Ctrl Pts',(-4.0085008887768,-0.294689455425155,10.4835094908975));
#8063=CARTESIAN_POINT('Ctrl Pts',(-4.00629941184307,0.44916558076302,10.4796361019801));
#8064=CARTESIAN_POINT('Ctrl Pts',(-3.81726323667484,1.2712379471875,10.0826916095355));
#8065=CARTESIAN_POINT('Ctrl Pts',(-3.58220834728447,1.79139785590263,9.404459004529));
#8066=CARTESIAN_POINT('Ctrl Pts',(-3.46117584219032,2.0034357743383,8.49655081731133));
#8067=CARTESIAN_POINT('Ctrl Pts',(-3.56057001719402,1.83325363012768,7.75620181076662));
#8068=CARTESIAN_POINT('Ctrl Pts',(-3.70277047445133,1.52068769390592,7.24978068863603));
#8069=CARTESIAN_POINT('Ctrl Pts',(-3.84679351220302,1.1387814413279,6.85813234043362));
#8070=CARTESIAN_POINT('Ctrl Pts',(-4.00985653761772,0.447363559673934,6.51330111970468));
#8071=CARTESIAN_POINT('Ctrl Pts',(-4.00740634241897,-0.449066120564584,
6.51710491617911));
#8072=CARTESIAN_POINT('Ctrl Pts',(-3.81786885429537,-1.26925619482363,6.91850781272424));
#8073=CARTESIAN_POINT('Ctrl Pts',(-3.58315891097058,-1.78892186248232,7.58845616595457));
#8074=CARTESIAN_POINT('Ctrl Pts',(-3.50145297333782,-1.93386325150042,8.20972493661777));
#8075=CARTESIAN_POINT('Ctrl Pts',(-3.50145297333782,-1.93386325150042,8.5));
#8076=CARTESIAN_POINT('Ctrl Pts',(-3.64648293681354,-1.84457550100028,8.5));
#8077=CARTESIAN_POINT('Ctrl Pts',(-3.64648293681354,-1.84457550100028,8.76762468878643));
#8078=CARTESIAN_POINT('Ctrl Pts',(-3.71847464633396,-1.71716401787256,9.34270512831988));
#8079=CARTESIAN_POINT('Ctrl Pts',(-3.89588920712639,-1.30335570378436,9.8764309906384));
#8080=CARTESIAN_POINT('Ctrl Pts',(-4.01890325718728,-0.837626318886887,
10.1844859447784));
#8081=CARTESIAN_POINT('Ctrl Pts',(-4.10779918570405,-0.286650500501587,
10.3833100649548));
#8082=CARTESIAN_POINT('Ctrl Pts',(-4.10590165376796,0.436629560182491,10.3793976606342));
#8083=CARTESIAN_POINT('Ctrl Pts',(-3.93123494677715,1.22885893546606,9.98673112408697));
#8084=CARTESIAN_POINT('Ctrl Pts',(-3.7178020534221,1.71562539627254,9.3351480156559));
#8085=CARTESIAN_POINT('Ctrl Pts',(-3.61092316624893,1.90741118165153,8.49665697226292));
#8086=CARTESIAN_POINT('Ctrl Pts',(-3.69869345004352,1.75378903461978,7.81371032437599));
#8087=CARTESIAN_POINT('Ctrl Pts',(-3.82716947717632,1.46225782127746,7.33248122188904));
#8088=CARTESIAN_POINT('Ctrl Pts',(-3.95861525048825,1.10104074727541,6.95468026539391));
#8089=CARTESIAN_POINT('Ctrl Pts',(-4.10903597789317,0.435291023178963,6.61361596053369));
#8090=CARTESIAN_POINT('Ctrl Pts',(-4.10686702236095,-0.436794114950095,
6.61743297323589));
#8091=CARTESIAN_POINT('Ctrl Pts',(-3.93176748189873,-1.22695828235699,7.01439954431691));
#8092=CARTESIAN_POINT('Ctrl Pts',(-3.71862573152185,-1.7133663532224,7.65786409823178));
#8093=CARTESIAN_POINT('Ctrl Pts',(-3.64648293681354,-1.84457550100028,8.23237531121357));
#8094=CARTESIAN_POINT('Ctrl Pts',(-3.64648293681354,-1.84457550100028,8.5));
#8095=CARTESIAN_POINT('Ctrl Pts',(-3.79151290028926,-1.75528775050014,8.5));
#8096=CARTESIAN_POINT('Ctrl Pts',(-3.79151290028926,-1.75528775050014,8.74497431419064));
#8097=CARTESIAN_POINT('Ctrl Pts',(-3.85398804915245,-1.64149025051772,9.27322853500895));
#8098=CARTESIAN_POINT('Ctrl Pts',(-4.01339412317538,-1.25566024628911,9.7850964110326));
#8099=CARTESIAN_POINT('Ctrl Pts',(-4.12568069367609,-0.810205635046701,
10.0862951294897));
#8100=CARTESIAN_POINT('Ctrl Pts',(-4.20709748263131,-0.278611545578019,
10.2831106390121));
#8101=CARTESIAN_POINT('Ctrl Pts',(-4.20550389569284,0.424093539601962,10.2791592192884));
#8102=CARTESIAN_POINT('Ctrl Pts',(-4.04520665687946,1.18647992374461,9.89077063863841));
#8103=CARTESIAN_POINT('Ctrl Pts',(-3.85339575955972,1.63985293664244,9.2658370267828));
#8104=CARTESIAN_POINT('Ctrl Pts',(-3.76067049030754,1.81138658896475,8.4967631272145));
#8105=CARTESIAN_POINT('Ctrl Pts',(-3.83681688289303,1.67432443911189,7.87121883798535));
#8106=CARTESIAN_POINT('Ctrl Pts',(-3.95156847990131,1.403827948649,7.41518175514206));
#8107=CARTESIAN_POINT('Ctrl Pts',(-4.07043698877349,1.06330005322292,7.05122819035419));
#8108=CARTESIAN_POINT('Ctrl Pts',(-4.20821541816862,0.423218486683991,6.71393080136269));
#8109=CARTESIAN_POINT('Ctrl Pts',(-4.20632770230293,-0.424522109335605,
6.71776103029266));
#8110=CARTESIAN_POINT('Ctrl Pts',(-4.04566610950208,-1.18466036989036,7.11029127590957));
#8111=CARTESIAN_POINT('Ctrl Pts',(-3.85409255207311,-1.63781084396247,7.72727203050899));
#8112=CARTESIAN_POINT('Ctrl Pts',(-3.79151290028926,-1.75528775050014,8.25502568580936));
#8113=CARTESIAN_POINT('Ctrl Pts',(-3.79151290028926,-1.75528775050014,8.5));
#8114=CARTESIAN_POINT('Ctrl Pts',(-3.93654286376498,-1.666,8.5));
#8115=CARTESIAN_POINT('Ctrl Pts',(-3.93654286376498,-1.666,8.72232393959484));
#8116=CARTESIAN_POINT('Ctrl Pts',(-3.98950145197094,-1.56581648316288,9.20375194169802));
#8117=CARTESIAN_POINT('Ctrl Pts',(-4.13089903922437,-1.20796478879386,9.69376183142681));
#8118=CARTESIAN_POINT('Ctrl Pts',(-4.2324581301649,-0.782784951206515,9.98810431420095));
#8119=CARTESIAN_POINT('Ctrl Pts',(-4.30639577955856,-0.270572590654452,
10.1829112130694));
#8120=CARTESIAN_POINT('Ctrl Pts',(-4.30510613761772,0.411557519021433,10.1789207779425));
#8121=CARTESIAN_POINT('Ctrl Pts',(-4.15917836698177,1.14410091202317,9.79481015318984));
#8122=CARTESIAN_POINT('Ctrl Pts',(-3.98898946569734,1.56408047701234,9.19652603790971));
#8123=CARTESIAN_POINT('Ctrl Pts',(-3.91041781436616,1.71536199627797,8.49686928216609));
#8124=CARTESIAN_POINT('Ctrl Pts',(-3.97494031574253,1.594859843604,7.92872735159472));
#8125=CARTESIAN_POINT('Ctrl Pts',(-4.0759674826263,1.34539807602055,7.49788228839507));
#8126=CARTESIAN_POINT('Ctrl Pts',(-4.18225872705872,1.02555935917042,7.14777611531448));
#8127=CARTESIAN_POINT('Ctrl Pts',(-4.30739485844406,0.411145950189019,6.8142456421917));
#8128=CARTESIAN_POINT('Ctrl Pts',(-4.30578838224491,-0.412250103721116,
6.81808908734944));
#8129=CARTESIAN_POINT('Ctrl Pts',(-4.15956473710543,-1.14236245742373,7.20618300750224));
#8130=CARTESIAN_POINT('Ctrl Pts',(-3.98955937262438,-1.56225533470255,7.7966799627862));
#8131=CARTESIAN_POINT('Ctrl Pts',(-3.93654286376498,-1.666,8.27767606040516));
#8132=CARTESIAN_POINT('Ctrl Pts',(-3.93654286376498,-1.666,8.5));
#8133=CARTESIAN_POINT('',(-3.93654286376498,-1.666,8.5));
#8134=CARTESIAN_POINT('',(-3.50145297333782,-1.93386325150042,8.5));
#8135=CARTESIAN_POINT('Ctrl Pts',(-3.93654286376498,-1.666,8.5));
#8136=CARTESIAN_POINT('Ctrl Pts',(-3.93654286376498,-1.666,8.72232393959484));
#8137=CARTESIAN_POINT('Ctrl Pts',(-3.98950145197094,-1.56581648316288,9.20375194169802));
#8138=CARTESIAN_POINT('Ctrl Pts',(-4.13089903922437,-1.20796478879386,9.69376183142681));
#8139=CARTESIAN_POINT('Ctrl Pts',(-4.2324581301649,-0.782784951206515,9.98810431420095));
#8140=CARTESIAN_POINT('Ctrl Pts',(-4.30639577955856,-0.270572590654452,
10.1829112130694));
#8141=CARTESIAN_POINT('Ctrl Pts',(-4.30510613761772,0.411557519021433,10.1789207779425));
#8142=CARTESIAN_POINT('Ctrl Pts',(-4.15917836698177,1.14410091202317,9.79481015318984));
#8143=CARTESIAN_POINT('Ctrl Pts',(-3.98898946569734,1.56408047701234,9.19652603790971));
#8144=CARTESIAN_POINT('Ctrl Pts',(-3.91041781436616,1.71536199627797,8.49686928216609));
#8145=CARTESIAN_POINT('Ctrl Pts',(-3.97494031574253,1.594859843604,7.92872735159472));
#8146=CARTESIAN_POINT('Ctrl Pts',(-4.0759674826263,1.34539807602055,7.49788228839507));
#8147=CARTESIAN_POINT('Ctrl Pts',(-4.18225872705872,1.02555935917042,7.14777611531448));
#8148=CARTESIAN_POINT('Ctrl Pts',(-4.30739485844406,0.411145950189019,6.8142456421917));
#8149=CARTESIAN_POINT('Ctrl Pts',(-4.30578838224491,-0.412250103721116,
6.81808908734944));
#8150=CARTESIAN_POINT('Ctrl Pts',(-4.15956473710543,-1.14236245742373,7.20618300750224));
#8151=CARTESIAN_POINT('Ctrl Pts',(-3.98955937262438,-1.56225533470255,7.7966799627862));
#8152=CARTESIAN_POINT('Ctrl Pts',(-3.93654286376498,-1.666,8.27767606040516));
#8153=CARTESIAN_POINT('Ctrl Pts',(-3.93654286376498,-1.666,8.5));
#8154=CARTESIAN_POINT('Origin',(-5.5,-2.14313189850787E-16,8.5));
#8155=CARTESIAN_POINT('',(-7.82460503795559,-1.666,8.5));
#8156=CARTESIAN_POINT('',(-5.5,-1.666,8.5));
#8157=CARTESIAN_POINT('Ctrl Pts',(-7.82460503795559,-1.666,8.5));
#8158=CARTESIAN_POINT('Ctrl Pts',(-7.82460503795559,-1.666,8.29014419484606));
#8159=CARTESIAN_POINT('Ctrl Pts',(-7.83392359630084,-1.6239341677316,8.06673530048814));
#8160=CARTESIAN_POINT('Ctrl Pts',(-7.86728689150362,-1.45372553042545,7.65645822148162));
#8161=CARTESIAN_POINT('Ctrl Pts',(-7.89081784630666,-1.32561487654328,7.4695350816297));
#8162=CARTESIAN_POINT('Ctrl Pts',(-7.93475772132265,-1.03047467042895,7.17439487551538));
#8163=CARTESIAN_POINT('Ctrl Pts',(-7.9580639777035,-0.843547401165121,7.04627658782494));
#8164=CARTESIAN_POINT('Ctrl Pts',(-7.9909100727368,-0.43325592683094,6.87606240718796));
#8165=CARTESIAN_POINT('Ctrl Pts',(-8.,-0.209841937449985,6.834));
#8166=CARTESIAN_POINT('Ctrl Pts',(-8.,0.209841937449986,6.834));
#8167=CARTESIAN_POINT('Ctrl Pts',(-7.9909100727368,0.433255926830941,6.87606240718797));
#8168=CARTESIAN_POINT('Ctrl Pts',(-7.9580639777035,0.843547401165123,7.04627658782494));
#8169=CARTESIAN_POINT('Ctrl Pts',(-7.93475772132265,1.03047467042896,7.17439487551538));
#8170=CARTESIAN_POINT('Ctrl Pts',(-7.89081784630666,1.32561487654328,7.4695350816297));
#8171=CARTESIAN_POINT('Ctrl Pts',(-7.86728689150362,1.45372553042545,7.65645822148162));
#8172=CARTESIAN_POINT('Ctrl Pts',(-7.83392359630084,1.6239341677316,8.06673530048814));
#8173=CARTESIAN_POINT('Ctrl Pts',(-7.82460503795559,1.666,8.29014419484606));
#8174=CARTESIAN_POINT('Ctrl Pts',(-7.82460503795559,1.666,8.70985580515394));
#8175=CARTESIAN_POINT('Ctrl Pts',(-7.83392359630084,1.6239341677316,8.93326469951186));
#8176=CARTESIAN_POINT('Ctrl Pts',(-7.86728689150362,1.45372553042545,9.34354177851838));
#8177=CARTESIAN_POINT('Ctrl Pts',(-7.89081784630666,1.32561487654328,9.5304649183703));
#8178=CARTESIAN_POINT('Ctrl Pts',(-7.93475772132265,1.03047467042895,9.82560512448462));
#8179=CARTESIAN_POINT('Ctrl Pts',(-7.9580639777035,0.843547401165121,9.95372341217506));
#8180=CARTESIAN_POINT('Ctrl Pts',(-7.9909100727368,0.433255926830939,10.123937592812));
#8181=CARTESIAN_POINT('Ctrl Pts',(-8.,0.209841937449985,10.166));
#8182=CARTESIAN_POINT('Ctrl Pts',(-8.,-0.209841937449986,10.166));
#8183=CARTESIAN_POINT('Ctrl Pts',(-7.9909100727368,-0.433255926830941,10.123937592812));
#8184=CARTESIAN_POINT('Ctrl Pts',(-7.9580639777035,-0.843547401165122,9.95372341217506));
#8185=CARTESIAN_POINT('Ctrl Pts',(-7.93475772132265,-1.03047467042895,9.82560512448462));
#8186=CARTESIAN_POINT('Ctrl Pts',(-7.89081784630666,-1.32561487654328,9.5304649183703));
#8187=CARTESIAN_POINT('Ctrl Pts',(-7.86728689150362,-1.45372553042545,9.34354177851838));
#8188=CARTESIAN_POINT('Ctrl Pts',(-7.83392359630083,-1.6239341677316,8.93326469951185));
#8189=CARTESIAN_POINT('Ctrl Pts',(-7.82460503795559,-1.666,8.70985580515394));
#8190=CARTESIAN_POINT('Ctrl Pts',(-7.82460503795559,-1.666,8.5));
#8191=CARTESIAN_POINT('Origin',(0.,0.,11.85));
#8192=CARTESIAN_POINT('',(7.7,-9.42978035343462E-16,12.));
#8193=CARTESIAN_POINT('Origin',(0.,0.,12.));
#8194=CARTESIAN_POINT('',(8.,9.79717439317883E-16,11.7));
#8195=CARTESIAN_POINT('',(7.85,9.61347737330672E-16,11.85));
#8196=CARTESIAN_POINT('Origin',(0.,0.,11.7));
#8197=CARTESIAN_POINT('Origin',(0.,0.,12.));
#8198=CARTESIAN_POINT('',(4.3,5.26598123633362E-16,12.));
#8199=CARTESIAN_POINT('Origin',(0.,0.,12.));
#8200=CARTESIAN_POINT('Origin',(0.,0.,5.));
#8201=CARTESIAN_POINT('',(8.,9.79717439317883E-16,5.));
#8202=CARTESIAN_POINT('',(8.,9.79717439317883E-16,5.));
#8203=CARTESIAN_POINT('Origin',(0.,0.,5.));
#8204=CARTESIAN_POINT('Origin',(0.,0.,11.85));
#8205=CARTESIAN_POINT('',(4.15,5.08228421646152E-16,11.85));
#8206=CARTESIAN_POINT('Origin',(0.,0.,5.));
#8207=CARTESIAN_POINT('',(12.5,1.53080849893419E-15,5.));
#8208=CARTESIAN_POINT('Origin',(0.,0.,5.));
#8209=CARTESIAN_POINT('Origin',(0.,0.,3.5));
#8210=CARTESIAN_POINT('',(12.5,1.53080849893419E-15,3.5));
#8211=CARTESIAN_POINT('',(12.5,1.53080849893419E-15,3.5));
#8212=CARTESIAN_POINT('Origin',(0.,0.,3.5));
#8213=CARTESIAN_POINT('Origin',(0.,0.,5.));
#8214=CARTESIAN_POINT('',(0.694592710667721,-3.93923101204883,5.));
#8215=CARTESIAN_POINT('Origin',(0.,0.,5.));
#8216=CARTESIAN_POINT('Origin',(0.,0.,3.5));
#8217=CARTESIAN_POINT('Origin',(0.,0.,-4.9));
#8218=CARTESIAN_POINT('',(0.694592710667721,-3.93923101204883,-4.8));
#8219=CARTESIAN_POINT('Origin',(0.,0.,-4.8));
#8220=CARTESIAN_POINT('',(0.729322346201106,-4.13619256265128,-5.));
#8221=CARTESIAN_POINT('',(0.711957528434414,-4.03771178735005,-4.9));
#8222=CARTESIAN_POINT('Origin',(0.,0.,-5.));
#8223=CARTESIAN_POINT('Origin',(0.,0.,-5.));
#8224=CARTESIAN_POINT('',(0.694592710667721,-3.93923101204883,-5.));
#8225=CARTESIAN_POINT('Origin',(0.,0.,-5.));
#8226=CARTESIAN_POINT('',(2.17060222083663,-12.3100969126526,-5.));
#8227=CARTESIAN_POINT('Origin',(0.,0.,-5.));
#8228=CARTESIAN_POINT('Origin',(0.,0.,-5.));
#8229=CARTESIAN_POINT('',(2.17060222083663,-12.3100969126526,-3.5));
#8230=CARTESIAN_POINT('Origin',(0.,0.,-3.5));
#8231=CARTESIAN_POINT('',(2.17060222083663,-12.3100969126526,-5.));
#8232=CARTESIAN_POINT('Origin',(0.,0.,-3.5));
#8233=CARTESIAN_POINT('',(0.,0.,0.));
#8234=UNCERTAINTY_MEASURE_WITH_UNIT(LENGTH_MEASURE(0.01),#8240,
'DISTANCE_ACCURACY_VALUE',
'Maximum model space distance between geometric entities at asserted c
onnectivities');
#8235=UNCERTAINTY_MEASURE_WITH_UNIT(LENGTH_MEASURE(0.01),#8240,
'DISTANCE_ACCURACY_VALUE',
'Maximum model space distance between geometric entities at asserted c
onnectivities');
#8236=UNCERTAINTY_MEASURE_WITH_UNIT(LENGTH_MEASURE(0.01),#8240,
'DISTANCE_ACCURACY_VALUE',
'Maximum model space distance between geometric entities at asserted c
onnectivities');
#8237=(
GEOMETRIC_REPRESENTATION_CONTEXT(3)
GLOBAL_UNCERTAINTY_ASSIGNED_CONTEXT((#8234))
GLOBAL_UNIT_ASSIGNED_CONTEXT((#8240,#8242,#8243))
REPRESENTATION_CONTEXT('','3D')
);
#8238=(
GEOMETRIC_REPRESENTATION_CONTEXT(3)
GLOBAL_UNCERTAINTY_ASSIGNED_CONTEXT((#8235))
GLOBAL_UNIT_ASSIGNED_CONTEXT((#8240,#8242,#8243))
REPRESENTATION_CONTEXT('','3D')
);
#8239=(
GEOMETRIC_REPRESENTATION_CONTEXT(3)
GLOBAL_UNCERTAINTY_ASSIGNED_CONTEXT((#8236))
GLOBAL_UNIT_ASSIGNED_CONTEXT((#8240,#8242,#8243))
REPRESENTATION_CONTEXT('','3D')
);
#8240=(
LENGTH_UNIT()
NAMED_UNIT(*)
SI_UNIT(.MILLI.,.METRE.)
);
#8241=(
LENGTH_UNIT()
NAMED_UNIT(*)
SI_UNIT($,.METRE.)
);
#8242=(
NAMED_UNIT(*)
PLANE_ANGLE_UNIT()
SI_UNIT($,.RADIAN.)
);
#8243=(
NAMED_UNIT(*)
SI_UNIT($,.STERADIAN.)
SOLID_ANGLE_UNIT()
);
#8244=SHAPE_DEFINITION_REPRESENTATION(#8246,#8249);
#8245=SHAPE_DEFINITION_REPRESENTATION(#8247,#8250);
#8246=PRODUCT_DEFINITION_SHAPE('',$,#8252);
#8247=PRODUCT_DEFINITION_SHAPE('',$,#8253);
#8248=PRODUCT_DEFINITION_SHAPE($,$,#16);
#8249=SHAPE_REPRESENTATION('',(#4383,#5064),#8237);
#8250=SHAPE_REPRESENTATION('',(#4384),#8238);
#8251=PRODUCT_DEFINITION_CONTEXT('part definition',#8259,'design');
#8252=PRODUCT_DEFINITION('GT2_36T_8mm-Bore_6mm-Belt',
'GT2_36T_8mm-Bore_6mm-Belt v2',#8254,#8251);
#8253=PRODUCT_DEFINITION('GT2 Timing Pulley v2 v1',
'GT2 Timing Pulley v2 v1',#8255,#8251);
#8254=PRODUCT_DEFINITION_FORMATION('',$,#8261);
#8255=PRODUCT_DEFINITION_FORMATION('',$,#8262);
#8256=PRODUCT_RELATED_PRODUCT_CATEGORY('GT2_36T_8mm-Bore_6mm-Belt v2',
'GT2_36T_8mm-Bore_6mm-Belt v2',(#8261));
#8257=PRODUCT_RELATED_PRODUCT_CATEGORY('GT2 Timing Pulley v2 v1',
'GT2 Timing Pulley v2 v1',(#8262));
#8258=APPLICATION_PROTOCOL_DEFINITION('international standard',
'ap242_managed_model_based_3d_engineering',2011,#8259);
#8259=APPLICATION_CONTEXT('Managed model based 3d engineering');
#8260=PRODUCT_CONTEXT('part definition',#8259,'mechanical');
#8261=PRODUCT('GT2_36T_8mm-Bore_6mm-Belt',
'GT2_36T_8mm-Bore_6mm-Belt v2',$,(#8260));
#8262=PRODUCT('GT2 Timing Pulley v2 v1','GT2 Timing Pulley v2 v1',$,(#8260));
#8263=PRESENTATION_STYLE_ASSIGNMENT((#8265));
#8264=PRESENTATION_STYLE_ASSIGNMENT((#8266));
#8265=SURFACE_STYLE_USAGE(.BOTH.,#8267);
#8266=SURFACE_STYLE_USAGE(.BOTH.,#8268);
#8267=SURFACE_SIDE_STYLE('',(#8269));
#8268=SURFACE_SIDE_STYLE('',(#8270));
#8269=SURFACE_STYLE_FILL_AREA(#8271);
#8270=SURFACE_STYLE_FILL_AREA(#8272);
#8271=FILL_AREA_STYLE('Steel - Satin',(#8273));
#8272=FILL_AREA_STYLE('Plastic - Matte (Gray)',(#8274));
#8273=FILL_AREA_STYLE_COLOUR('Steel - Satin',#8275);
#8274=FILL_AREA_STYLE_COLOUR('Plastic - Matte (Gray)',#8276);
#8275=COLOUR_RGB('Steel - Satin',0.627450980392157,0.627450980392157,0.627450980392157);
#8276=COLOUR_RGB('Plastic - Matte (Gray)',0.701960784313725,0.701960784313725,
0.701960784313725);
ENDSEC;
END-ISO-10303-21;
